imo_number,vessel_name,asset_class,port_locode,portname,arrival_date,departure_date,transit_days,distance_nm,lat,lon,voyage_leg_id
IMO1017646,Hd Hyundai Ulsan 3441,LNG,KRUSN,Ulsan,2023-05-23,2023-05-26,0,0.0,35.5,129.38,1
IMO1017646,Hd Hyundai Ulsan 3441,LNG,KRUSN,Ulsan,2023-06-09,2023-06-12,14,0.0,35.5,129.38,2
IMO1017658,Hd Hyundai Ulsan 3442,LNG,KRUSN,Ulsan,2023-05-23,2023-05-26,0,0.0,35.5,129.38,1
IMO1017658,Hd Hyundai Ulsan 3442,LNG,KRUSN,Ulsan,2023-06-09,2023-06-12,14,0.0,35.5,129.38,2
IMO1017660,Hd Hyundai Ulsan 3443,LNG,KRUSN,Ulsan,2023-05-23,2023-05-26,0,0.0,35.5,129.38,1
IMO1017660,Hd Hyundai Ulsan 3443,LNG,KRUSN,Ulsan,2023-06-09,2023-06-12,14,0.0,35.5,129.38,2
IMO1017672,Hd Hyundai Ulsan 3444,LNG,KRUSN,Ulsan,2023-05-23,2023-05-26,0,0.0,35.5,129.38,1
IMO1017672,Hd Hyundai Ulsan 3444,LNG,KRUSN,Ulsan,2023-06-09,2023-06-12,14,0.0,35.5,129.38,2
IMO1020409,Minerva Kalliope,Tankers,DZAZW,Arzew,2026-06-15,2026-06-18,0,0.0,35.85,-0.31,1
IMO1020409,Minerva Kalliope,Tankers,SAYNB,Yanbu,2026-08-25,2026-08-28,68,2101.2,24.09,38.06,2
IMO1022251,Samsung 2668,LNG,KRUSN,Ulsan,2023-07-12,2023-07-15,0,0.0,35.5,129.38,1
IMO1022251,Samsung 2668,LNG,KRUSN,Ulsan,2023-07-29,2023-08-01,14,0.0,35.5,129.38,2
IMO1022263,Samsung 2669,LNG,KRUSN,Ulsan,2023-07-12,2023-07-15,0,0.0,35.5,129.38,1
IMO1022263,Samsung 2669,LNG,KRUSN,Ulsan,2023-07-29,2023-08-01,14,0.0,35.5,129.38,2
IMO1023425,Advantage Solo,Tankers,AEFJR,Fujairah,2026-03-03,2026-03-06,0,0.0,25.13,56.34,1
IMO1023425,Advantage Solo,Tankers,AEFJR,Fujairah,2026-04-09,2026-04-12,34,0.0,25.13,56.34,2
IMO1028384,Sea Pollux,Tankers,NLRTM,Rotterdam,2026-04-07,2026-04-10,14,0.0,51.92,4.47,1
IMO1028683,Advantage Smart,Tankers,DZAZW,Arzew,2026-04-14,2026-04-17,0,0.0,35.85,-0.31,1
IMO1028736,Fearless Warrior,Tankers,DZAZW,Arzew,2025-04-24,2025-04-27,0,0.0,35.85,-0.31,1
IMO1028736,Fearless Warrior,Tankers,INSIK,Sikka / Jamnagar,2025-05-11,2025-05-14,14,3689.7,22.43,69.84,2
IMO1028736,Fearless Warrior,Tankers,AEFJR,Fujairah,2026-09-03,2026-09-06,477,758.9,25.13,56.34,3
IMO1028762,Stoic Warrior,Tankers,CNNGB,Ningbo-Zhoushan,2026-07-24,2026-07-27,14,0.0,29.87,121.55,1
IMO1029869,Atrebates,Tankers,CNNGB,Ningbo-Zhoushan,2026-03-30,2026-04-02,14,0.0,29.87,121.55,1
IMO1029869,Atrebates,Tankers,AEFJR,Fujairah,2026-09-01,2026-09-04,152,3438.5,25.13,56.34,2
IMO1031032,Mercury Moon,Tankers,ZASDB,Saldanha Bay,2026-02-16,2026-02-19,14,0.0,-33.02,17.95,1
IMO1034137,Delos ,Tankers,SGSIN,Singapore,2026-02-19,2026-02-22,14,0.0,1.28,103.85,1
IMO1034187,Silverstone*,Tankers,KWMFA,Mina Al Ahmadi,2025-09-02,2025-09-05,0,0.0,29.07,48.15,1
IMO1037048,Atokos,Tankers,AEFJR,Fujairah,2026-06-09,2026-06-12,0,0.0,25.13,56.34,1
IMO1037933,Ionic Semeli,Tankers,SGSIN,Singapore,2026-07-10,2026-07-13,14,0.0,1.28,103.85,1
IMO1038884,Aliakmon I,Tankers,KWMFA,Mina Al Ahmadi,2025-07-14,2025-07-17,0,0.0,29.07,48.15,1
IMO1038884,Aliakmon I,Tankers,SAYNB,Yanbu,2026-06-25,2026-06-28,343,618.4,24.09,38.06,2
IMO1042524,Aegean Winner,Tankers,CNNGB,Ningbo-Zhoushan,2026-09-14,2026-09-17,14,0.0,29.87,121.55,1
IMO1055155,Dht Gazelle,Tankers,SAYNB,Yanbu,2026-07-07,2026-07-10,0,0.0,24.09,38.06,1
IMO1055179,Dht Antelope,Tankers,SAYNB,Yanbu,2026-03-12,2026-03-15,0,0.0,24.09,38.06,1
IMO1055179,Dht Antelope,Tankers,KRUSN,Ulsan,2026-03-29,2026-04-01,14,4640.9,35.5,129.38,2
IMO1058092,Bold Warrior,Tankers,ZASDB,Saldanha Bay,2025-11-04,2025-11-07,14,0.0,-33.02,17.95,1
IMO1064388,Cape Armathia,Tankers,AEFJR,Fujairah,2026-08-05,2026-08-08,0,0.0,25.13,56.34,1
IMO1068877,Ocean Lily,Tankers,AEFJR,Fujairah,2026-07-28,2026-07-31,0,0.0,25.13,56.34,1
IMO1081116,Morning Star,Tankers,NGBON,Bonny,2026-07-06,2026-07-09,0,0.0,4.45,7.16,1
IMO1085473,Bidbid (ATC)*,Tankers,AEFJR,Fujairah,2026-06-15,2026-06-18,0,0.0,25.13,56.34,1
IMO1090777,New Explorer,Tankers,AEFJR,Fujairah,2026-04-30,2026-05-03,0,0.0,25.13,56.34,1
IMO1097775,Aristotelis Ii,Tankers,SARRT,Ras Tanura,2026-02-27,2026-03-02,0,0.0,26.65,50.16,1
IMO1097775,Aristotelis Ii,Tankers,AEFJR,Fujairah,2026-07-10,2026-07-13,130,346.0,25.13,56.34,2
IMO1097775,Aristotelis Ii,Tankers,AEFJR,Fujairah,2026-08-17,2026-08-20,35,0.0,25.13,56.34,3
IMO1100716,Empire Hope,Tankers,AEFJR,Fujairah,2026-08-24,2026-08-27,0,0.0,25.13,56.34,1
IMO6714172,Stallion,Tankers,AEFJR,Fujairah,2025-11-18,2025-11-21,0,0.0,25.13,56.34,1
IMO7005114,Finesse,Tankers,SGSIN,Singapore,2018-09-28,2018-10-01,14,0.0,1.28,103.85,1
IMO7005114,Finesse,Tankers,SGSIN,Singapore,2018-10-15,2018-10-18,14,0.0,1.28,103.85,2
IMO7013563,Alexander The Great,Tankers,CNNGB,Ningbo-Zhoushan,2021-02-02,2021-02-05,14,0.0,29.87,121.55,1
IMO7119680,Arion,Tankers,INSIK,Sikka / Jamnagar,2020-01-01,2020-01-04,14,0.0,22.43,69.84,1
IMO7225075,Arctic,Tankers,SGSIN,Singapore,2018-12-11,2018-12-14,14,0.0,1.28,103.85,1
IMO7225075,Arctic,Tankers,DZAZW,Arzew,2019-03-07,2019-03-10,83,6044.3,35.85,-0.31,2
IMO7225075,Arctic,Tankers,INSIK,Sikka / Jamnagar,2019-03-24,2019-03-27,14,3689.7,22.43,69.84,3
IMO7225075,Arctic,Tankers,SGSIN,Singapore,2019-04-10,2019-04-13,14,2355.7,1.28,103.85,4
IMO7225075,Arctic,Tankers,SGSIN,Singapore,2019-04-27,2019-04-30,14,0.0,1.28,103.85,5
IMO7225075,Arctic,Tankers,DZAZW,Arzew,2020-06-26,2020-06-29,423,6044.3,35.85,-0.31,6
IMO7225075,Arctic,Tankers,DZAZW,Arzew,2022-05-20,2022-05-23,690,0.0,35.85,-0.31,7
IMO7225075,Arctic,Tankers,SGSIN,Singapore,2022-06-06,2022-06-09,14,6044.3,1.28,103.85,8
IMO7310040,Chryssi,Tankers,SGSIN,Singapore,2020-04-09,2020-04-12,14,0.0,1.28,103.85,1
IMO7347744,Alsace,Tankers,KRUSN,Ulsan,2020-02-04,2020-02-07,14,0.0,35.5,129.38,1
IMO7347744,Alsace,Tankers,SARRT,Ras Tanura,2020-03-11,2020-03-14,33,4000.9,26.65,50.16,2
IMO7347744,Alsace,Tankers,SGSIN,Singapore,2021-04-30,2021-05-03,412,3444.8,1.28,103.85,3
IMO7372232,Seadancer,Tankers,SGSIN,Singapore,2018-12-03,2018-12-06,14,0.0,1.28,103.85,1
IMO7372232,Seadancer,Tankers,KWMFA,Mina Al Ahmadi,2019-01-21,2019-01-24,46,3589.4,29.07,48.15,2
IMO7372232,Seadancer,Tankers,NLRTM,Rotterdam,2019-07-18,2019-07-21,175,2367.9,51.92,4.47,3
IMO7372232,Seadancer,Tankers,SGSIN,Singapore,2019-08-04,2019-08-07,14,5689.2,1.28,103.85,4
IMO7372232,Seadancer,Tankers,SGSIN,Singapore,2019-08-21,2019-08-24,14,0.0,1.28,103.85,5
IMO7372232,Seadancer,Tankers,SARRT,Ras Tanura,2020-10-23,2020-10-26,426,3444.8,26.65,50.16,6
IMO7372232,Seadancer,Tankers,SGSIN,Singapore,2020-11-09,2020-11-12,14,3444.8,1.28,103.85,7
IMO7372232,Seadancer,Tankers,SGSIN,Singapore,2020-11-26,2020-11-29,14,0.0,1.28,103.85,8
IMO7372232,Seadancer,Tankers,SAYNB,Yanbu,2021-05-26,2021-05-29,178,4050.1,24.09,38.06,9
IMO7372232,Seadancer,Tankers,DZAZW,Arzew,2023-08-02,2023-08-05,795,2101.2,35.85,-0.31,10
IMO7372232,Seadancer,Tankers,SGSIN,Singapore,2023-08-19,2023-08-22,14,6044.3,1.28,103.85,11
IMO7373183,Delos,Tankers,INSIK,Sikka / Jamnagar,2020-11-23,2020-11-26,14,0.0,22.43,69.84,1
IMO7373183,Delos,Tankers,SARRT,Ras Tanura,2022-04-04,2022-04-07,494,1103.0,26.65,50.16,2
IMO7373183,Delos,Tankers,SARRT,Ras Tanura,2025-02-12,2025-02-15,1042,0.0,26.65,50.16,3
IMO7373183,Delos,Tankers,SARRT,Ras Tanura,2026-07-02,2026-07-05,502,0.0,26.65,50.16,4
IMO7374175,Searacer,Tankers,SGSIN,Singapore,2018-07-27,2018-07-30,14,0.0,1.28,103.85,1
IMO7374175,Searacer,Tankers,SAYNB,Yanbu,2018-12-04,2018-12-07,127,4050.1,24.09,38.06,2
IMO7374175,Searacer,Tankers,CNNGB,Ningbo-Zhoushan,2018-12-21,2018-12-24,14,4380.6,29.87,121.55,3
IMO7374175,Searacer,Tankers,DZAZW,Arzew,2019-07-05,2019-07-08,193,5676.8,35.85,-0.31,4
IMO7374175,Searacer,Tankers,SGSIN,Singapore,2019-07-22,2019-07-25,14,6044.3,1.28,103.85,5
IMO7374175,Searacer,Tankers,SGSIN,Singapore,2019-08-08,2019-08-11,14,0.0,1.28,103.85,6
IMO7374175,Searacer,Tankers,INSIK,Sikka / Jamnagar,2019-08-25,2019-08-28,14,2355.7,22.43,69.84,7
IMO7374175,Searacer,Tankers,SARRT,Ras Tanura,2020-12-17,2020-12-20,477,1103.0,26.65,50.16,8
IMO7374175,Searacer,Tankers,INSIK,Sikka / Jamnagar,2021-01-03,2021-01-06,14,1103.0,22.43,69.84,9
IMO7374175,Searacer,Tankers,SGSIN,Singapore,2021-01-20,2021-01-23,14,2355.7,1.28,103.85,10
IMO7374175,Searacer,Tankers,KWMFA,Mina Al Ahmadi,2021-06-21,2021-06-24,149,3589.4,29.07,48.15,11
IMO7374175,Searacer,Tankers,SARRT,Ras Tanura,2022-11-04,2022-11-07,498,180.3,26.65,50.16,12
IMO7374175,Searacer,Tankers,SARRT,Ras Tanura,2024-10-29,2024-11-01,722,0.0,26.65,50.16,13
IMO7374175,Searacer,Tankers,SARRT,Ras Tanura,2025-05-02,2025-05-05,182,0.0,26.65,50.16,14
IMO7379735,Astra,Tankers,SARRT,Ras Tanura,2018-05-15,2018-05-18,0,0.0,26.65,50.16,1
IMO7379735,Astra,Tankers,SGSIN,Singapore,2018-06-01,2018-06-04,14,3444.8,1.28,103.85,2
IMO7379735,Astra,Tankers,AEFJR,Fujairah,2018-06-18,2018-06-21,14,3099.3,25.13,56.34,3
IMO7379735,Astra,Tankers,SARRT,Ras Tanura,2021-09-09,2021-09-12,1176,346.0,26.65,50.16,4
IMO7379735,Astra,Tankers,KWMFA,Mina Al Ahmadi,2021-09-30,2021-10-03,18,180.3,29.07,48.15,5
IMO7379735,Astra,Tankers,SARRT,Ras Tanura,2021-10-22,2021-10-25,19,180.3,26.65,50.16,6
IMO7379838,Leonidas,Tankers,CNNGB,Ningbo-Zhoushan,2021-05-11,2021-05-14,14,0.0,29.87,121.55,1
IMO7379838,Leonidas,Tankers,KWMFA,Mina Al Ahmadi,2022-03-30,2022-04-02,320,3765.1,29.07,48.15,2
IMO7379840,Tai San,Tankers,SARRT,Ras Tanura,2019-04-23,2019-04-26,0,0.0,26.65,50.16,1
IMO7381116,Skopelos,Tankers,INSIK,Sikka / Jamnagar,2020-04-07,2020-04-10,14,0.0,22.43,69.84,1
IMO7381116,Skopelos,Tankers,KRUSN,Ulsan,2020-04-24,2020-04-27,14,3176.8,35.5,129.38,2
IMO7381116,Skopelos,Tankers,SARRT,Ras Tanura,2024-01-19,2024-01-22,1362,4000.9,26.65,50.16,3
IMO7381116,Skopelos,Tankers,SARRT,Ras Tanura,2025-11-21,2025-11-24,669,0.0,26.65,50.16,4
IMO7388774,Malibu,Tankers,SGSIN,Singapore,2020-01-02,2020-01-05,14,0.0,1.28,103.85,1
IMO7388774,Malibu,Tankers,CNNGB,Ningbo-Zhoushan,2020-01-19,2020-01-22,14,1991.7,29.87,121.55,2
IMO7388774,Malibu,Tankers,AEFJR,Fujairah,2020-02-05,2020-02-08,14,3438.5,25.13,56.34,3
IMO7388774,Malibu,Tankers,INSIK,Sikka / Jamnagar,2020-02-22,2020-02-25,14,758.9,22.43,69.84,4
IMO7388774,Malibu,Tankers,INSIK,Sikka / Jamnagar,2020-03-10,2020-03-13,14,0.0,22.43,69.84,5
IMO7388774,Malibu,Tankers,CNNGB,Ningbo-Zhoushan,2020-03-27,2020-03-30,14,2799.7,29.87,121.55,6
IMO7388906,Sea Splendour,Tankers,SARRT,Ras Tanura,2019-07-18,2019-07-21,0,0.0,26.65,50.16,1
IMO7390143,Gulf Energy,LNG,SGSIN,Singapore,2013-01-25,2013-01-28,0,0.0,1.28,103.85,1
IMO7390143,Gulf Energy,LNG,SGSIN,Singapore,2013-02-11,2013-02-14,14,0.0,1.28,103.85,2
IMO7390167,Lng Taurus,LNG,SGSIN,Singapore,2012-05-29,2012-06-01,0,0.0,1.28,103.85,1
IMO7390167,Lng Taurus,LNG,SGSIN,Singapore,2012-06-15,2012-06-18,14,0.0,1.28,103.85,2
IMO7390167,Lng Taurus,LNG,SGSIN,Singapore,2013-03-04,2013-03-07,259,0.0,1.28,103.85,3
IMO7390167,Lng Taurus,LNG,SGSIN,Singapore,2013-03-21,2013-03-24,14,0.0,1.28,103.85,4
IMO7390181,LNG Aquarius,LNG,SGSIN,Singapore,2013-02-14,2013-02-17,0,0.0,1.28,103.85,1
IMO7390181,LNG Aquarius,LNG,SGSIN,Singapore,2013-03-03,2013-03-06,14,0.0,1.28,103.85,2
IMO7413232,Gc,LNG,SGSIN,Singapore,2012-02-02,2012-02-05,0,0.0,1.28,103.85,1
IMO7413232,Gc,LNG,AEFJR,Fujairah,2012-02-02,2012-02-05,1,3099.3,25.13,56.34,3
IMO7413232,Gc,LNG,SGSIN,Singapore,2012-02-19,2012-02-22,14,0.0,1.28,103.85,2
IMO7413232,Gc,LNG,AEFJR,Fujairah,2012-02-19,2012-02-22,14,0.0,25.13,56.34,4
IMO7413232,Gc,LNG,SGSIN,Singapore,2012-04-02,2012-04-05,40,3099.3,1.28,103.85,5
IMO7413232,Gc,LNG,SGSIN,Singapore,2012-04-19,2012-04-22,14,0.0,1.28,103.85,6
IMO8013950,Baltic Energy,LNG,SGSIN,Singapore,2012-02-02,2012-02-05,0,0.0,1.28,103.85,1
IMO8013950,Baltic Energy,LNG,SGSIN,Singapore,2012-02-19,2012-02-22,14,0.0,1.28,103.85,2
IMO8014409,North Energy,LNG,SGSIN,Singapore,2012-01-28,2012-01-31,0,0.0,1.28,103.85,1
IMO8014409,North Energy,LNG,SGSIN,Singapore,2012-02-02,2012-02-05,1,0.0,1.28,103.85,3
IMO8014409,North Energy,LNG,SGSIN,Singapore,2012-02-14,2012-02-17,14,0.0,1.28,103.85,2
IMO8014409,North Energy,LNG,SGSIN,Singapore,2012-02-19,2012-02-22,14,0.0,1.28,103.85,4
IMO8014409,North Energy,LNG,AUDAM,Dampier,2013-03-15,2013-03-18,387,1518.3,-20.65,116.71,5
IMO8014409,North Energy,LNG,AUDAM,Dampier,2013-04-01,2013-04-04,14,0.0,-20.65,116.71,6
IMO8014409,North Energy,LNG,QARLF,Ras Laffan,2013-07-10,2013-07-13,97,4714.0,25.92,51.53,7
IMO8014409,North Energy,LNG,QARLF,Ras Laffan,2013-07-27,2013-07-30,14,0.0,25.92,51.53,8
IMO8014409,North Energy,LNG,MYBTU,Bintulu,2013-10-01,2013-10-04,63,3787.3,3.2,113.04,9
IMO8014409,North Energy,LNG,MYBTU,Bintulu,2013-10-18,2013-10-21,14,0.0,3.2,113.04,10
IMO8125832,Mediterranean Energy,LNG,QARLF,Ras Laffan,2012-02-02,2012-02-05,0,0.0,25.92,51.53,1
IMO8125832,Mediterranean Energy,LNG,QARLF,Ras Laffan,2012-02-19,2012-02-22,14,0.0,25.92,51.53,2
IMO8125868,Armada Lng Mediterrana,LNG,AEFJR,Fujairah,2012-06-20,2012-06-23,0,0.0,25.13,56.34,1
IMO8125868,Armada Lng Mediterrana,LNG,AEFJR,Fujairah,2012-07-07,2012-07-10,14,0.0,25.13,56.34,2
IMO8536263,He Chang Hai,Tankers,SAYNB,Yanbu,2026-03-13,2026-03-16,0,0.0,24.09,38.06,1
IMO8701791,Lng Maleo,LNG,AUDAM,Dampier,2015-02-13,2015-02-16,0,0.0,-20.65,116.71,1
IMO8701791,Lng Maleo,LNG,AUDAM,Dampier,2015-03-02,2015-03-05,14,0.0,-20.65,116.71,2
IMO8701791,Lng Maleo,LNG,AUDAM,Dampier,2015-03-16,2015-03-19,11,0.0,-20.65,116.71,3
IMO8701791,Lng Maleo,LNG,AUDAM,Dampier,2015-04-02,2015-04-05,14,0.0,-20.65,116.71,4
IMO8702941,Grace Energy,LNG,SGSIN,Singapore,2012-01-03,2012-01-06,0,0.0,1.28,103.85,1
IMO8702941,Grace Energy,LNG,SGSIN,Singapore,2012-01-20,2012-01-23,14,0.0,1.28,103.85,2
IMO8702941,Grace Energy,LNG,NGBON,Bonny,2012-07-02,2012-07-05,161,5798.0,4.45,7.16,3
IMO8702941,Grace Energy,LNG,NGBON,Bonny,2012-07-19,2012-07-22,14,0.0,4.45,7.16,4
IMO8902668,Voyager,Tankers,DZAZW,Arzew,2018-02-21,2018-02-24,0,0.0,35.85,-0.31,1
IMO8902668,Voyager,Tankers,AEFJR,Fujairah,2018-03-10,2018-03-13,14,2959.8,25.13,56.34,2
IMO8902668,Voyager,Tankers,SGSIN,Singapore,2018-03-27,2018-03-30,14,3099.3,1.28,103.85,3
IMO8902668,Voyager,Tankers,CNNGB,Ningbo-Zhoushan,2018-04-13,2018-04-16,14,1991.7,29.87,121.55,4
IMO8902668,Voyager,Tankers,SGSIN,Singapore,2018-04-30,2018-05-03,14,1991.7,1.28,103.85,5
IMO8902668,VOYAGER,Tankers,SARRT,Ras Tanura,2020-11-09,2020-11-12,0,0.0,26.65,50.16,1
IMO8902668,VOYAGER,Tankers,INSIK,Sikka / Jamnagar,2020-11-26,2020-11-29,14,1103.0,22.43,69.84,2
IMO8902668,Voyager,Tankers,KWMFA,Mina Al Ahmadi,2021-04-20,2021-04-23,1083,3589.4,29.07,48.15,6
IMO8902668,Voyager,Tankers,SARRT,Ras Tanura,2021-05-14,2021-05-17,21,180.3,26.65,50.16,7
IMO8902668,Voyager,Tankers,SARRT,Ras Tanura,2021-10-07,2021-10-10,143,0.0,26.65,50.16,8
IMO8902668,Voyager,Tankers,SARRT,Ras Tanura,2021-10-29,2021-11-01,19,0.0,26.65,50.16,9
IMO8919271,New Valor,Tankers,CNNGB,Ningbo-Zhoushan,2022-12-23,2022-12-26,14,0.0,29.87,121.55,1
IMO8919271,New Valor,Tankers,AEFJR,Fujairah,2026-08-21,2026-08-24,1334,3438.5,25.13,56.34,2
IMO9000498,BW Mindoro,LPG,USHOU,Houston,2023-12-01,2023-12-04,0,0.0,29.74,-95.27,1
IMO9000498,BW Mindoro,LPG,USHOU,Houston,2023-12-13,2023-12-16,9,0.0,29.74,-95.27,2
IMO9001784,Artica,LNG,MYBTU,Bintulu,2017-05-16,2017-05-19,0,0.0,3.2,113.04,1
IMO9001784,Artica,LNG,MYBTU,Bintulu,2017-06-02,2017-06-05,14,0.0,3.2,113.04,2
IMO9007811,KMAX LEADER,Dry Bulk,SGSIN,Singapore,2025-01-23,2025-01-26,0,0.0,1.28,103.85,1
IMO9008417,Gas Husky,LPG,SGSIN,Singapore,2021-11-18,2021-11-21,0,0.0,1.28,103.85,1
IMO9009479,Motivator,LPG,USHOU,Houston,2022-11-04,2022-11-07,0,0.0,29.74,-95.27,1
IMO9009479,Motivator,LPG,USHOU,Houston,2022-12-22,2022-12-25,45,0.0,29.74,-95.27,2
IMO9011497,Ridgeb Lessley B,Tankers,AEFJR,Fujairah,2018-08-27,2018-08-30,0,0.0,25.13,56.34,1
IMO9011497,Ridgeb Lessley B,Tankers,SGSIN,Singapore,2018-09-13,2018-09-16,14,3099.3,1.28,103.85,2
IMO9013986,BW Messina,LPG,USHOU,Houston,2022-10-27,2022-10-30,0,0.0,29.74,-95.27,1
IMO9013986,BW Messina,LPG,USHOU,Houston,2022-12-16,2022-12-19,47,0.0,29.74,-95.27,2
IMO9013986,BW Messina,LPG,USHOU,Houston,2023-02-02,2023-02-05,45,0.0,29.74,-95.27,3
IMO9014418,New Victory,Tankers,CNNGB,Ningbo-Zhoushan,2020-05-18,2020-05-21,14,0.0,29.87,121.55,1
IMO9014418,New Victory,Tankers,SARRT,Ras Tanura,2023-10-17,2023-10-20,1244,3717.6,26.65,50.16,2
IMO9014418,New Victory,Tankers,SARRT,Ras Tanura,2024-07-08,2024-07-11,262,0.0,26.65,50.16,3
IMO9014470,New Vitality,Tankers,CNNGB,Ningbo-Zhoushan,2021-03-01,2021-03-04,14,0.0,29.87,121.55,1
IMO9014470,New Vitality,Tankers,SARRT,Ras Tanura,2021-06-08,2021-06-11,96,3717.6,26.65,50.16,2
IMO9016002,Pacific Qingdao,LPG,SAYNB,Yanbu,2019-08-01,2019-08-04,0,0.0,24.09,38.06,1
IMO9016492,Lucia Ambition,LNG,MYBTU,Bintulu,2017-10-29,2017-11-01,0,0.0,3.2,113.04,1
IMO9016492,Lucia Ambition,LNG,MYBTU,Bintulu,2017-11-15,2017-11-18,14,0.0,3.2,113.04,2
IMO9016969,Corvette OOS,LPG,USHOU,Houston,2022-03-31,2022-04-03,0,0.0,29.74,-95.27,1
IMO9017921,Kalolimnos,LPG,USHOU,Houston,2021-09-30,2021-10-03,0,0.0,29.74,-95.27,1
IMO9017921,Kalolimnos,LPG,USHOU,Houston,2022-04-07,2022-04-10,186,0.0,29.74,-95.27,2
IMO9017921,Kalolimnos,LPG,USHOU,Houston,2022-05-27,2022-05-30,47,0.0,29.74,-95.27,3
IMO9018617,Sinndar,LPG,AUDAM,Dampier,2020-08-20,2020-08-23,0,0.0,-20.65,116.71,1
IMO9018617,Sinndar,LPG,USHOU,Houston,2022-02-10,2022-02-13,536,8993.1,29.74,-95.27,2
IMO9018617,Sinndar,LPG,USHOU,Houston,2022-04-07,2022-04-10,53,0.0,29.74,-95.27,3
IMO9018617,Sinndar,LPG,USHOU,Houston,2022-05-05,2022-05-08,25,0.0,29.74,-95.27,4
IMO9018617,Sinndar,LPG,USHOU,Houston,2022-06-16,2022-06-19,39,0.0,29.74,-95.27,5
IMO9018617,Sinndar,LPG,USHOU,Houston,2022-08-19,2022-08-22,61,0.0,29.74,-95.27,6
IMO9019267,MARATHOS,Dry Bulk,CNJGT,Tangshan (Jingtang),2025-01-21,2025-01-24,0,0.0,39.2,119.01,1
IMO9020785,Paros,LPG,USHOU,Houston,2020-11-12,2020-11-15,0,0.0,29.74,-95.27,1
IMO9020785,Paros,LPG,USHOU,Houston,2021-06-17,2021-06-20,214,0.0,29.74,-95.27,2
IMO9020785,Paros,LPG,USHOU,Houston,2021-10-07,2021-10-10,109,0.0,29.74,-95.27,3
IMO9021404,Globe Iris,LPG,USHOU,Houston,2022-03-31,2022-04-03,0,0.0,29.74,-95.27,1
IMO9026194,Al Wukir,LPG,USHOU,Houston,2023-01-26,2023-01-29,0,0.0,29.74,-95.27,1
IMO9029318,Weisshorn Explorer (Pmax),LPG,USHOU,Houston,2023-12-01,2023-12-04,0,0.0,29.74,-95.27,1
IMO9030840,Teri F,LNG,SGSIN,Singapore,2010-01-01,2010-01-04,0,0.0,1.28,103.85,1
IMO9030840,Teri F,LNG,SGSIN,Singapore,2010-01-18,2010-01-21,14,0.0,1.28,103.85,2
IMO9030929,Africa,Tankers,CNNGB,Ningbo-Zhoushan,2022-05-06,2022-05-09,14,0.0,29.87,121.55,1
IMO9030929,Africa,Tankers,USCRP,Corpus Christi,2022-09-29,2022-10-02,143,6686.1,27.81,-97.39,2
IMO9030929,Africa,Tankers,USCRP,Corpus Christi,2022-10-21,2022-10-24,19,0.0,27.81,-97.39,3
IMO9030929,Africa,Tankers,DZAZW,Arzew,2022-11-28,2022-12-01,35,4764.0,35.85,-0.31,4
IMO9030929,Africa,Tankers,AEFJR,Fujairah,2022-12-15,2022-12-18,14,2959.8,25.13,56.34,5
IMO9032051,Captain Markos,LPG,USHOU,Houston,2023-03-30,2023-04-02,0,0.0,29.74,-95.27,1
IMO9032051,Captain Markos,LPG,USHOU,Houston,2023-06-22,2023-06-25,81,0.0,29.74,-95.27,2
IMO9032051,Captain Markos,LPG,USHOU,Houston,2023-08-17,2023-08-20,53,0.0,29.74,-95.27,3
IMO9034429,Gaschem Adriatic,LPG,USHOU,Houston,2020-05-21,2020-05-24,0,0.0,29.74,-95.27,1
IMO9034429,Gaschem Adriatic,LPG,USHOU,Houston,2020-07-23,2020-07-26,60,0.0,29.74,-95.27,2
IMO9034429,GasChem Adriatic,LPG,USHOU,Houston,2021-09-09,2021-09-12,0,0.0,29.74,-95.27,1
IMO9034429,GasChem Adriatic,LPG,USHOU,Houston,2021-10-14,2021-10-17,32,0.0,29.74,-95.27,2
IMO9034429,GasChem Adriatic,LPG,USHOU,Houston,2022-02-24,2022-02-27,130,0.0,29.74,-95.27,3
IMO9035852,Shahamah,LNG,MYBTU,Bintulu,2023-07-19,2023-07-22,0,0.0,3.2,113.04,1
IMO9035852,Shahamah,LNG,MYBTU,Bintulu,2023-08-05,2023-08-08,14,0.0,3.2,113.04,2
IMO9039855,Aquamarine Progress,LPG,QARLF,Ras Laffan,2021-01-14,2021-01-17,0,0.0,25.92,51.53,1
IMO9039855,Aquamarine Progress,LPG,AUDRW,Darwin,2021-08-12,2021-08-15,207,5167.5,-12.46,130.84,2
IMO9039949,Shergar,LPG,AUDRW,Darwin,2021-01-28,2021-01-31,0,0.0,-12.46,130.84,1
IMO9039949,Shergar,LPG,AUDRW,Darwin,2021-02-18,2021-02-21,18,0.0,-12.46,130.84,2
IMO9042355,GasChem Dollart,LPG,USHOU,Houston,2022-02-24,2022-02-27,0,0.0,29.74,-95.27,1
IMO9042355,GasChem Dollart,LPG,USHOU,Houston,2022-04-28,2022-05-01,60,0.0,29.74,-95.27,2
IMO9047593,GIANNIS,Tankers,INSIK,Sikka / Jamnagar,2019-12-26,2019-12-29,14,0.0,22.43,69.84,1
IMO9048283,FLAG LAMA,Dry Bulk,BRSSZ,Santos,2025-01-28,2025-01-31,0,0.0,-23.96,-46.33,1
IMO9051095,Hellas Sparta,LPG,USHOU,Houston,2022-03-03,2022-03-06,0,0.0,29.74,-95.27,1
IMO9051814,AMCL TBN,Tankers,AEFJR,Fujairah,2026-07-08,2026-07-11,0,0.0,25.13,56.34,1
IMO9053173,Plata West*,Tankers,KWMFA,Mina Al Ahmadi,2024-03-25,2024-03-28,0,0.0,29.07,48.15,1
IMO9053604,Summit River,LPG,USHOU,Houston,2022-08-04,2022-08-07,0,0.0,29.74,-95.27,1
IMO9053604,Summit River,LPG,USHOU,Houston,2022-09-22,2022-09-25,46,0.0,29.74,-95.27,2
IMO9053604,Summit River,LPG,USHOU,Houston,2023-07-27,2023-07-30,305,0.0,29.74,-95.27,3
IMO9053660,Constitution,LPG,QARLF,Ras Laffan,2020-07-09,2020-07-12,0,0.0,25.92,51.53,1
IMO9053660,Constitution,LPG,SAYNB,Yanbu,2021-09-02,2021-09-05,417,740.8,24.09,38.06,2
IMO9053660,Constitution,LPG,NGBON,Bonny,2021-10-28,2021-10-31,53,2140.2,4.45,7.16,3
IMO9053660,Constitution,LPG,USHOU,Houston,2022-01-13,2022-01-16,74,5914.1,29.74,-95.27,4
IMO9053660,Constitution,LPG,USHOU,Houston,2022-03-24,2022-03-27,67,0.0,29.74,-95.27,5
IMO9053660,Constitution,LPG,USHOU,Houston,2022-07-01,2022-07-04,96,0.0,29.74,-95.27,6
IMO9053660,Constitution,LPG,USHOU,Houston,2023-08-10,2023-08-13,402,0.0,29.74,-95.27,7
IMO9055482,BW Princess,LPG,SAYNB,Yanbu,2023-08-10,2023-08-13,0,0.0,24.09,38.06,1
IMO9056937,GREAT OCEAN,Dry Bulk,KRUSN,Ulsan,2025-01-22,2025-01-25,0,0.0,35.5,129.38,1
IMO9058313,Stena Suprise,Tankers,DZAZW,Arzew,2020-02-13,2020-02-16,0,0.0,35.85,-0.31,1
IMO9060196,Shirayuki*,Tankers,INSIK,Sikka / Jamnagar,2025-09-04,2025-09-07,14,0.0,22.43,69.84,1
IMO9061374,Nikolas D,Dry Bulk,BRSSZ,Santos,2025-01-24,2025-01-27,0,0.0,-23.96,-46.33,1
IMO9061374,Nikolas D,Dry Bulk,BRSSZ,Santos,2025-01-30,2025-02-02,3,0.0,-23.96,-46.33,2
IMO9061374,Nikolas D,Dry Bulk,BRSSZ,Santos,2025-02-05,2025-02-08,3,0.0,-23.96,-46.33,3
IMO9061928,Hl Pyeongtaek,LNG,SGSIN,Singapore,2012-05-24,2012-05-27,0,0.0,1.28,103.85,1
IMO9061928,Hl Pyeongtaek,LNG,SGSIN,Singapore,2012-06-10,2012-06-13,14,0.0,1.28,103.85,2
IMO9064085,Lerici,LNG,MYBTU,Bintulu,2019-01-01,2019-01-04,0,0.0,3.2,113.04,1
IMO9064085,Lerici,LNG,MYBTU,Bintulu,2019-01-18,2019-01-21,14,0.0,3.2,113.04,2
IMO9067396,Kappagas,LPG,NLRTM,Rotterdam,2021-11-11,2021-11-14,14,0.0,51.92,4.47,1
IMO9070149,Maharaja Agrasen,Tankers,AEFJR,Fujairah,2018-11-20,2018-11-23,0,0.0,25.13,56.34,1
IMO9070149,Maharaja Agrasen,Tankers,SARRT,Ras Tanura,2019-01-09,2019-01-12,47,346.0,26.65,50.16,2
IMO9070631,HEIDMAR TBN,Tankers,AEFJR,Fujairah,2019-06-24,2019-06-27,0,0.0,25.13,56.34,1
IMO9070778,AGRI KINSALE,Dry Bulk,SGSIN,Singapore,2025-02-06,2025-02-09,0,0.0,1.28,103.85,1
IMO9072630,GUO YUAN 16,Dry Bulk,SGSIN,Singapore,2025-01-28,2025-01-31,0,0.0,1.28,103.85,1
IMO9072630,GUO YUAN 16,Dry Bulk,BRSSZ,Santos,2025-02-06,2025-02-09,6,8603.4,-23.96,-46.33,2
IMO9074626,Mubaraz,LNG,QARLF,Ras Laffan,1995-10-03,1995-10-06,0,0.0,25.92,51.53,1
IMO9074626,Mubaraz,LNG,QARLF,Ras Laffan,1995-10-20,1995-10-23,14,0.0,25.92,51.53,2
IMO9074638,Mraweh,LNG,QARLF,Ras Laffan,1996-03-05,1996-03-08,0,0.0,25.92,51.53,1
IMO9074638,Mraweh,LNG,QARLF,Ras Laffan,1996-03-22,1996-03-25,14,0.0,25.92,51.53,2
IMO9074860,Ankleshwar,Tankers,INSIK,Sikka / Jamnagar,2019-01-22,2019-01-25,14,0.0,22.43,69.84,1
IMO9078172,Swisschem TBN,LPG,USHOU,Houston,2022-11-10,2022-11-13,0,0.0,29.74,-95.27,1
IMO9083014,Gas Venus,LPG,USHOU,Houston,2023-01-12,2023-01-15,0,0.0,29.74,-95.27,1
IMO9083124,CE-BERMUDA,Tankers,DZAZW,Arzew,2019-06-14,2019-06-17,0,0.0,35.85,-0.31,1
IMO9085256,Epic Susak,LPG,USHOU,Houston,2021-10-14,2021-10-17,0,0.0,29.74,-95.27,1
IMO9085256,Epic Susak,LPG,USHOU,Houston,2022-10-13,2022-10-16,361,0.0,29.74,-95.27,2
IMO9085613,Al Khor,LNG,QARLF,Ras Laffan,2014-07-01,2014-07-04,0,0.0,25.92,51.53,1
IMO9085613,Al Khor,LNG,QARLF,Ras Laffan,2014-07-18,2014-07-21,14,0.0,25.92,51.53,2
IMO9085625,Al Wajbah,LNG,QARLF,Ras Laffan,2014-07-01,2014-07-04,0,0.0,25.92,51.53,1
IMO9085625,Al Wajbah,LNG,QARLF,Ras Laffan,2014-07-18,2014-07-21,14,0.0,25.92,51.53,2
IMO9085637,Doha,LNG,QARLF,Ras Laffan,1999-03-05,1999-03-08,0,0.0,25.92,51.53,1
IMO9085637,Doha,LNG,QARLF,Ras Laffan,1999-03-22,1999-03-25,14,0.0,25.92,51.53,2
IMO9085649,Al Zubarah,LNG,QARLF,Ras Laffan,2014-07-01,2014-07-04,0,0.0,25.92,51.53,1
IMO9085649,Al Zubarah,LNG,QARLF,Ras Laffan,2014-07-18,2014-07-21,14,0.0,25.92,51.53,2
IMO9085651,Broog,LNG,QARLF,Ras Laffan,1998-02-01,1998-02-04,0,0.0,25.92,51.53,1
IMO9085651,Broog,LNG,QARLF,Ras Laffan,1998-02-18,1998-02-21,14,0.0,25.92,51.53,2
IMO9086734,Al Rayyan,LNG,QARLF,Ras Laffan,2014-07-01,2014-07-04,0,0.0,25.92,51.53,1
IMO9086734,Al Rayyan,LNG,QARLF,Ras Laffan,2014-07-18,2014-07-21,14,0.0,25.92,51.53,2
IMO9089443,Zita Schulte,LPG,USHOU,Houston,2020-01-23,2020-01-26,0,0.0,29.74,-95.27,1
IMO9089939,Ronald N,LPG,SAYNB,Yanbu,2019-07-18,2019-07-21,0,0.0,24.09,38.06,1
IMO9089939,Ronald N,LPG,USHOU,Houston,2021-10-21,2021-10-24,823,6602.3,29.74,-95.27,2
IMO9091137,LILA SHANGHAI,Dry Bulk,CNRZH,Rizhao,2025-01-29,2025-02-01,0,0.0,35.42,119.53,1
IMO9093636,Pampero,LPG,NGBON,Bonny,2019-04-11,2019-04-14,0,0.0,4.45,7.16,1
IMO9093636,Pampero,LPG,USHOU,Houston,2021-11-04,2021-11-07,935,5914.1,29.74,-95.27,2
IMO9093636,Pampero,LPG,USHOU,Houston,2023-03-16,2023-03-19,494,0.0,29.74,-95.27,3
IMO9095462,BW Gemini,LPG,USPOA,Port Arthur / Nederland,2019-08-01,2019-08-04,0,0.0,29.87,-93.93,1
IMO9100396,Stena Sunshine,Tankers,SAYNB,Yanbu,2023-09-15,2023-09-18,0,0.0,24.09,38.06,1
IMO9101449,Pinza,LPG,USPOA,Port Arthur / Nederland,2021-08-05,2021-08-08,0,0.0,29.87,-93.93,1
IMO9101449,Pinza,LPG,USHOU,Houston,2022-03-24,2022-03-27,228,70.2,29.74,-95.27,2
IMO9101449,Pinza,LPG,SAYNB,Yanbu,2022-08-19,2022-08-22,145,6602.3,24.09,38.06,3
IMO9101449,Pinza,LPG,USHOU,Houston,2022-10-13,2022-10-16,52,6602.3,29.74,-95.27,4
IMO9104208,Hisui,LPG,USHOU,Houston,2019-03-28,2019-03-31,0,0.0,29.74,-95.27,1
IMO9104208,Hisui,LPG,AUDRW,Darwin,2019-12-05,2019-12-08,249,8046.2,-12.46,130.84,2
IMO9104496,Gas Aries,LPG,SAYNB,Yanbu,2019-12-19,2019-12-22,0,0.0,24.09,38.06,1
IMO9104496,Gas Aries,LPG,USHOU,Houston,2021-11-11,2021-11-14,690,6602.3,29.74,-95.27,2
IMO9104496,Gas Aries,LPG,USHOU,Houston,2022-02-03,2022-02-06,81,0.0,29.74,-95.27,3
IMO9104966,Gas Myth,LPG,NLRTM,Rotterdam,2019-04-25,2019-04-28,0,0.0,51.92,4.47,1
IMO9106331,KOCH TBN,Tankers,CNNGB,Ningbo-Zhoushan,2019-12-25,2019-12-28,14,0.0,29.87,121.55,1
IMO9107131,LAVAILS,Tankers,INSIK,Sikka / Jamnagar,2020-11-19,2020-11-22,14,0.0,22.43,69.84,1
IMO9108258,Ataraktos,Tankers,AEFJR,Fujairah,2026-04-22,2026-04-25,0,0.0,25.13,56.34,1
IMO9112106,E1 TBN,LPG,USHOU,Houston,2020-10-01,2020-10-04,0,0.0,29.74,-95.27,1
IMO9112382,Hellas Gladiator,LPG,AUDRW,Darwin,2021-11-11,2021-11-14,0,0.0,-12.46,130.84,1
IMO9116159,BW Tokyo,LPG,NGBON,Bonny,2019-09-12,2019-09-15,0,0.0,4.45,7.16,1
IMO9116159,BW Tokyo,LPG,QARLF,Ras Laffan,2020-02-13,2020-02-16,151,2855.1,25.92,51.53,2
IMO9116159,BW Tokyo,LPG,QARLF,Ras Laffan,2021-02-04,2021-02-07,354,0.0,25.92,51.53,3
IMO9116159,BW Tokyo,LPG,QARLF,Ras Laffan,2021-07-08,2021-07-11,151,0.0,25.92,51.53,4
IMO9117050,Navigator Europa,LPG,USHOU,Houston,2022-03-17,2022-03-20,0,0.0,29.74,-95.27,1
IMO9123075,Kamari,Tankers,SGSIN,Singapore,2018-03-29,2018-04-01,14,0.0,1.28,103.85,1
IMO9123075,Kamari,Tankers,SGSIN,Singapore,2018-04-15,2018-04-18,14,0.0,1.28,103.85,2
IMO9123075,Kamari,Tankers,SGSIN,Singapore,2018-05-02,2018-05-05,14,0.0,1.28,103.85,3
IMO9123361,Suezmax Chart,Tankers,SGSIN,Singapore,2018-05-31,2018-06-03,0,0.0,1.28,103.85,1
IMO9124258,Gaschem Atlantic,LPG,USHOU,Houston,2020-05-21,2020-05-24,0,0.0,29.74,-95.27,1
IMO9124258,Gaschem Atlantic,LPG,USHOU,Houston,2021-08-05,2021-08-08,438,0.0,29.74,-95.27,2
IMO9124258,Gaschem Atlantic,LPG,USHOU,Houston,2021-08-22,2021-08-25,14,0.0,29.74,-95.27,3
IMO9124258,Gaschem Atlantic ,LPG,USHOU,Houston,2021-11-18,2021-11-21,0,0.0,29.74,-95.27,1
IMO9125151,PU AN TONG,Dry Bulk,CNNGB,Ningbo-Zhoushan,2025-02-10,2025-02-13,0,0.0,29.87,121.55,1
IMO9125151,PU AN TONG,Dry Bulk,CNNGB,Ningbo-Zhoushan,2025-02-12,2025-02-15,1,0.0,29.87,121.55,2
IMO9125667,Gas Virgo,LPG,USHOU,Houston,2023-02-02,2023-02-05,0,0.0,29.74,-95.27,1
IMO9125667,Gas Virgo,LPG,USHOU,Houston,2023-04-21,2023-04-24,75,0.0,29.74,-95.27,2
IMO9131137,Nordic Harrier,Tankers,INSIK,Sikka / Jamnagar,2018-02-08,2018-02-11,14,0.0,22.43,69.84,1
IMO9131137,Nordic Harrier,Tankers,KWMFA,Mina Al Ahmadi,2018-02-13,2018-02-16,2,1236.5,29.07,48.15,2
IMO9131137,Nordic Harrier,Tankers,INSIK,Sikka / Jamnagar,2018-03-02,2018-03-05,14,1236.5,22.43,69.84,3
IMO9131137,Nordic Harrier,Tankers,SARRT,Ras Tanura,2018-05-25,2018-05-28,81,1103.0,26.65,50.16,4
IMO9131137,Nordic Harrier,Tankers,CNNGB,Ningbo-Zhoushan,2018-06-11,2018-06-14,14,3717.6,29.87,121.55,5
IMO9131137,Nordic Harrier,Tankers,SARRT,Ras Tanura,2025-11-28,2025-12-01,2724,3717.6,26.65,50.16,6
IMO9131149,Nordic Hawk,Tankers,SARRT,Ras Tanura,2018-03-07,2018-03-10,0,0.0,26.65,50.16,1
IMO9131149,NORDIC SPRITE,Tankers,SGSIN,Singapore,2018-05-15,2018-05-18,14,0.0,1.28,103.85,1
IMO9131149,Nordic Hawk,Tankers,DZAZW,Arzew,2023-12-18,2023-12-21,2109,2619.7,35.85,-0.31,2
IMO9131149,Nordic Hawk,Tankers,DZAZW,Arzew,2025-02-06,2025-02-09,413,0.0,35.85,-0.31,3
IMO9131149,Nordic Hawk,Tankers,DZAZW,Arzew,2025-02-07,2025-02-10,1,0.0,35.85,-0.31,4
IMO9131149,Nordic Hawk,Tankers,DZAZW,Arzew,2025-02-10,2025-02-13,1,0.0,35.85,-0.31,5
IMO9131151,Nordic Hunter,Tankers,SARRT,Ras Tanura,2018-04-05,2018-04-08,0,0.0,26.65,50.16,1
IMO9131151,Nordic Hunter,Tankers,INSIK,Sikka / Jamnagar,2018-04-22,2018-04-25,14,1103.0,22.43,69.84,2
IMO9131151,Nordic Hunter,Tankers,SARRT,Ras Tanura,2018-06-08,2018-06-11,44,1103.0,26.65,50.16,3
IMO9131151,Nordic Hunter,Tankers,SAYNB,Yanbu,2022-08-30,2022-09-02,1541,673.9,24.09,38.06,4
IMO9131151,Nordic Hunter,Tankers,USCRP,Corpus Christi,2024-10-08,2024-10-11,767,6763.2,27.81,-97.39,5
IMO9132741,Al Bidda,LNG,QARLF,Ras Laffan,2020-01-07,2020-01-10,0,0.0,25.92,51.53,1
IMO9132741,Al Bidda,LNG,QARLF,Ras Laffan,2020-01-24,2020-01-27,14,0.0,25.92,51.53,2
IMO9133228,Pacific Saturn,LPG,USHOU,Houston,2020-02-27,2020-03-01,0,0.0,29.74,-95.27,1
IMO9133228,Pacific Saturn,LPG,USHOU,Houston,2020-05-07,2020-05-10,67,0.0,29.74,-95.27,2
IMO9133228,Pacific Saturn,LPG,USHOU,Houston,2020-07-23,2020-07-26,74,0.0,29.74,-95.27,3
IMO9133228,Pacific Saturn,LPG,USHOU,Houston,2022-02-24,2022-02-27,578,0.0,29.74,-95.27,4
IMO9134883,Navigator Nova,LPG,USHOU,Houston,2020-03-19,2020-03-22,0,0.0,29.74,-95.27,1
IMO9135070,BW Volans,LPG,USHOU,Houston,2022-03-03,2022-03-06,0,0.0,29.74,-95.27,1
IMO9135070,BW Volans,LPG,USHOU,Houston,2023-01-05,2023-01-08,305,0.0,29.74,-95.27,2
IMO9135639,FRIO,Tankers,SGSIN,Singapore,2021-08-18,2021-08-21,14,0.0,1.28,103.85,1
IMO9135816,Gust,LPG,NLRTM,Rotterdam,2023-12-07,2023-12-10,14,0.0,51.92,4.47,1
IMO9137648,Crimson,Tankers,SARRT,Ras Tanura,2018-03-12,2018-03-15,0,0.0,26.65,50.16,1
IMO9137648,Crimson,Tankers,SARRT,Ras Tanura,2018-03-19,2018-03-22,4,0.0,26.65,50.16,2
IMO9137648,Crimson,Tankers,SARRT,Ras Tanura,2018-04-09,2018-04-12,18,0.0,26.65,50.16,3
IMO9137648,Crimson,Tankers,SARRT,Ras Tanura,2018-05-03,2018-05-06,21,0.0,26.65,50.16,4
IMO9137648,Crimson,Tankers,INSIK,Sikka / Jamnagar,2018-05-20,2018-05-23,14,1103.0,22.43,69.84,5
IMO9137648,Crimson,Tankers,SARRT,Ras Tanura,2018-05-21,2018-05-24,1,1103.0,26.65,50.16,6
IMO9137648,Crimson,Tankers,SARRT,Ras Tanura,2018-06-27,2018-06-30,34,0.0,26.65,50.16,7
IMO9137648,Crimson,Tankers,SARRT,Ras Tanura,2018-09-17,2018-09-20,79,0.0,26.65,50.16,8
IMO9137648,Crimson,Tankers,SARRT,Ras Tanura,2018-10-17,2018-10-20,27,0.0,26.65,50.16,9
IMO9137648,Crimson,Tankers,SARRT,Ras Tanura,2018-10-18,2018-10-21,1,0.0,26.65,50.16,10
IMO9137648,Crimson,Tankers,SARRT,Ras Tanura,2018-10-23,2018-10-26,2,0.0,26.65,50.16,11
IMO9137648,Crimson,Tankers,SARRT,Ras Tanura,2018-11-05,2018-11-08,10,0.0,26.65,50.16,12
IMO9137648,Crimson,Tankers,SARRT,Ras Tanura,2019-01-28,2019-01-31,81,0.0,26.65,50.16,13
IMO9137648,Crimson,Tankers,SARRT,Ras Tanura,2019-02-22,2019-02-25,22,0.0,26.65,50.16,14
IMO9137648,Crimson,Tankers,SARRT,Ras Tanura,2019-03-08,2019-03-11,11,0.0,26.65,50.16,15
IMO9137648,Crimson,Tankers,SARRT,Ras Tanura,2019-03-29,2019-04-01,18,0.0,26.65,50.16,16
IMO9137648,Crimson,Tankers,SARRT,Ras Tanura,2019-06-17,2019-06-20,77,0.0,26.65,50.16,17
IMO9137648,Crimson,Tankers,SARRT,Ras Tanura,2019-07-30,2019-08-02,40,0.0,26.65,50.16,18
IMO9137648,Crimson,Tankers,SARRT,Ras Tanura,2019-08-26,2019-08-29,24,0.0,26.65,50.16,19
IMO9137648,Crimson,Tankers,SARRT,Ras Tanura,2019-09-23,2019-09-26,25,0.0,26.65,50.16,20
IMO9137648,Crimson,Tankers,AEFJR,Fujairah,2019-10-15,2019-10-18,19,346.0,25.13,56.34,21
IMO9137648,Crimson,Tankers,SARRT,Ras Tanura,2019-11-18,2019-11-21,31,346.0,26.65,50.16,22
IMO9137648,Crimson,Tankers,SARRT,Ras Tanura,2019-12-05,2019-12-08,14,0.0,26.65,50.16,23
IMO9137648,Crimson,Tankers,SARRT,Ras Tanura,2020-01-17,2020-01-20,40,0.0,26.65,50.16,24
IMO9139571,Hampshire,LPG,SGSIN,Singapore,2019-08-22,2019-08-25,0,0.0,1.28,103.85,1
IMO9139571,Hampshire,LPG,AEFJR,Fujairah,2020-04-23,2020-04-26,242,3099.3,25.13,56.34,2
IMO9139571,Hampshire,LPG,SGSIN,Singapore,2020-07-16,2020-07-19,81,3099.3,1.28,103.85,3
IMO9139571,Hampshire,LPG,QARLF,Ras Laffan,2021-03-04,2021-03-07,228,3361.5,25.92,51.53,4
IMO9139571,Hampshire,LPG,SARRT,Ras Tanura,2021-03-25,2021-03-28,18,85.8,26.65,50.16,5
IMO9139571,Hampshire,LPG,SAYNB,Yanbu,2021-07-22,2021-07-25,116,673.9,24.09,38.06,6
IMO9139571,Hampshire,LPG,QARLF,Ras Laffan,2021-09-02,2021-09-05,39,740.8,25.92,51.53,7
IMO9139571,Hampshire,LPG,SAYNB,Yanbu,2022-04-28,2022-05-01,235,740.8,24.09,38.06,8
IMO9139898,Lucky TBN,Tankers,INSIK,Sikka / Jamnagar,2025-06-04,2025-06-07,14,0.0,22.43,69.84,1
IMO9139898,Lucky TBN,Tankers,CNNGB,Ningbo-Zhoushan,2025-06-21,2025-06-24,14,2799.7,29.87,121.55,2
IMO9139898,Lucky tbn ,Tankers,INSIK,Sikka / Jamnagar,2025-09-03,2025-09-06,14,0.0,22.43,69.84,1
IMO9139906,Chinese Tbn,Tankers,KWMFA,Mina Al Ahmadi,2020-10-13,2020-10-16,0,0.0,29.07,48.15,1
IMO9140715,Eclipse,LPG,USHOU,Houston,2023-01-05,2023-01-08,0,0.0,29.74,-95.27,1
IMO9142298,Anwaar Trabus,Tankers,DZAZW,Arzew,2022-11-20,2022-11-23,0,0.0,35.85,-0.31,1
IMO9144179,NAT TBN,Tankers,INSIK,Sikka / Jamnagar,2018-03-21,2018-03-24,14,0.0,22.43,69.84,1
IMO9144179,NAT TBN,Tankers,KWMFA,Mina Al Ahmadi,2021-07-13,2021-07-16,1207,1236.5,29.07,48.15,2
IMO9144179,NAT TBN,Tankers,INSIK,Sikka / Jamnagar,2021-07-30,2021-08-02,14,1236.5,22.43,69.84,3
IMO9145706,Clermont,LPG,USPOA,Port Arthur / Nederland,2020-04-09,2020-04-12,0,0.0,29.87,-93.93,1
IMO9146971,R'bury Lindy B,Tankers,KWMFA,Mina Al Ahmadi,2018-12-10,2018-12-13,0,0.0,29.07,48.15,1
IMO9150377,Nautic,Tankers,SGSIN,Singapore,2018-05-14,2018-05-17,14,0.0,1.28,103.85,1
IMO9150377,Nautic,Tankers,SARRT,Ras Tanura,2018-05-31,2018-06-03,14,3444.8,26.65,50.16,2
IMO9150377,Nautic,Tankers,SARRT,Ras Tanura,2018-12-12,2018-12-15,192,0.0,26.65,50.16,3
IMO9150377,Nautic,Tankers,INSIK,Sikka / Jamnagar,2018-12-29,2019-01-01,14,1103.0,22.43,69.84,4
IMO9150377,Nautic,Tankers,SARRT,Ras Tanura,2019-06-26,2019-06-29,176,1103.0,26.65,50.16,5
IMO9150768,Bellavista Explorer,LPG,USHOU,Houston,2022-05-19,2022-05-22,0,0.0,29.74,-95.27,1
IMO9150768,Bellavista Explorer,LPG,USHOU,Houston,2022-10-13,2022-10-16,144,0.0,29.74,-95.27,2
IMO9150768,Bellavista Explorer,LPG,USHOU,Houston,2023-03-09,2023-03-12,144,0.0,29.74,-95.27,3
IMO9150768,Bellavista Explorer,LPG,USHOU,Houston,2023-08-17,2023-08-20,158,0.0,29.74,-95.27,4
IMO9150768,Bellavista Explorer,LPG,USHOU,Houston,2023-10-26,2023-10-29,67,0.0,29.74,-95.27,5
IMO9153734,BW Freyja OOS,LPG,USHOU,Houston,2022-03-03,2022-03-06,0,0.0,29.74,-95.27,1
IMO9155201,BW Carina,LPG,USHOU,Houston,2019-03-21,2019-03-24,0,0.0,29.74,-95.27,1
IMO9155201,BW Carina,LPG,USHOU,Houston,2022-05-19,2022-05-22,1152,0.0,29.74,-95.27,2
IMO9155201,BW Carina,LPG,USHOU,Houston,2023-01-26,2023-01-29,249,0.0,29.74,-95.27,3
IMO9157636,K. Acacia,LNG,AUDRW,Darwin,2015-04-17,2015-04-20,0,0.0,-12.46,130.84,1
IMO9157636,K. Acacia,LNG,AUDRW,Darwin,2015-05-04,2015-05-07,14,0.0,-12.46,130.84,2
IMO9157715,Nordic SPRITE,Tankers,SARRT,Ras Tanura,2018-02-05,2018-02-08,0,0.0,26.65,50.16,1
IMO9157715,Nordic Fighter,Tankers,SGSIN,Singapore,2018-04-18,2018-04-21,14,0.0,1.28,103.85,1
IMO9157727,Nordic Discovery,Tankers,SARRT,Ras Tanura,2018-03-01,2018-03-04,0,0.0,26.65,50.16,1
IMO9157727,Nordic Discovery,Tankers,SARRT,Ras Tanura,2018-05-31,2018-06-03,88,0.0,26.65,50.16,2
IMO9158266,Navigator Centauri,LPG,USHOU,Houston,2019-05-16,2019-05-19,14,0.0,29.74,-95.27,1
IMO9158266,Navigator Centauri,LPG,USHOU,Houston,2019-06-20,2019-06-23,32,0.0,29.74,-95.27,2
IMO9158348,Gaschem TBN,LPG,USHOU,Houston,2020-04-23,2020-04-26,0,0.0,29.74,-95.27,1
IMO9159660,La Mer,Tankers,SGSIN,Singapore,2019-02-12,2019-02-15,14,0.0,1.28,103.85,1
IMO9159672,Nordic Aurora,Tankers,SARRT,Ras Tanura,2018-04-26,2018-04-29,0,0.0,26.65,50.16,1
IMO9159672,Spyros K,Tankers,INSIK,Sikka / Jamnagar,2018-06-25,2018-06-28,14,0.0,22.43,69.84,1
IMO9159672,Spyros K,Tankers,SARRT,Ras Tanura,2018-07-25,2018-07-28,27,1103.0,26.65,50.16,2
IMO9159672,Spyros K,Tankers,DZAZW,Arzew,2019-12-27,2019-12-30,517,2619.7,35.85,-0.31,3
IMO9159672,Spyros K,Tankers,DZAZW,Arzew,2020-02-13,2020-02-16,45,0.0,35.85,-0.31,4
IMO9159672,Spyros K,Tankers,SGSIN,Singapore,2020-03-01,2020-03-04,14,6044.3,1.28,103.85,5
IMO9159672,Spyros K,Tankers,SARRT,Ras Tanura,2020-09-14,2020-09-17,194,3444.8,26.65,50.16,6
IMO9159672,Spyros K,Tankers,SARRT,Ras Tanura,2020-09-17,2020-09-20,1,1103.0,26.65,50.16,8
IMO9159672,Spyros K,Tankers,INSIK,Sikka / Jamnagar,2020-10-01,2020-10-04,14,1103.0,22.43,69.84,7
IMO9159672,Spyros K,Tankers,INSIK,Sikka / Jamnagar,2020-10-04,2020-10-07,14,1103.0,22.43,69.84,9
IMO9159672,Spyros K,Tankers,INSIK,Sikka / Jamnagar,2020-10-21,2020-10-24,14,0.0,22.43,69.84,10
IMO9159672,Spyros K,Tankers,INSIK,Sikka / Jamnagar,2020-11-07,2020-11-10,14,0.0,22.43,69.84,11
IMO9159672,Spyros K,Tankers,INSIK,Sikka / Jamnagar,2020-11-24,2020-11-27,14,0.0,22.43,69.84,12
IMO9159672,Spyros K,Tankers,AEFJR,Fujairah,2021-08-25,2021-08-28,271,758.9,25.13,56.34,13
IMO9159672,Spyros K,Tankers,SGSIN,Singapore,2021-09-11,2021-09-14,14,3099.3,1.28,103.85,14
IMO9159672,Spyros K,Tankers,SARRT,Ras Tanura,2022-05-16,2022-05-19,244,3444.8,26.65,50.16,15
IMO9159684,Nordic Sprite,Tankers,SGSIN,Singapore,2018-01-19,2018-01-22,14,0.0,1.28,103.85,1
IMO9160190,Kymolos,Tankers,SARRT,Ras Tanura,2018-01-05,2018-01-08,0,0.0,26.65,50.16,1
IMO9160205,Nordic Jupiter,Tankers,SGSIN,Singapore,2018-05-10,2018-05-13,14,0.0,1.28,103.85,1
IMO9160205,Nordic Jupiter,Tankers,SGSIN,Singapore,2018-05-27,2018-05-30,14,0.0,1.28,103.85,2
IMO9160217,Saffron,Tankers,AEFJR,Fujairah,2018-01-03,2018-01-06,0,0.0,25.13,56.34,1
IMO9160217,Saffron Oo,Tankers,SARRT,Ras Tanura,2018-01-17,2018-01-20,0,0.0,26.65,50.16,1
IMO9160217,Saffron,Tankers,KWMFA,Mina Al Ahmadi,2018-02-07,2018-02-10,32,497.4,29.07,48.15,2
IMO9160217,Saffron,Tankers,SARRT,Ras Tanura,2018-02-16,2018-02-19,1,1103.0,26.65,50.16,4
IMO9160217,Saffron,Tankers,INSIK,Sikka / Jamnagar,2018-02-24,2018-02-27,14,1236.5,22.43,69.84,3
IMO9160217,Saffron,Tankers,KWMFA,Mina Al Ahmadi,2018-03-15,2018-03-18,24,180.3,29.07,48.15,5
IMO9160217,Saffron,Tankers,INSIK,Sikka / Jamnagar,2018-04-01,2018-04-04,14,1236.5,22.43,69.84,6
IMO9160217,Saffron,Tankers,AEFJR,Fujairah,2018-05-03,2018-05-06,29,758.9,25.13,56.34,7
IMO9160217,Saffron,Tankers,QARLF,Ras Laffan,2018-06-27,2018-06-30,52,264.9,25.92,51.53,8
IMO9160217,Saffron,Tankers,SARRT,Ras Tanura,2018-06-28,2018-07-01,1,85.8,26.65,50.16,9
IMO9160217,Saffron,Tankers,SARRT,Ras Tanura,2018-09-19,2018-09-22,80,0.0,26.65,50.16,10
IMO9160229,Cap Romuald,Tankers,SGSIN,Singapore,2018-06-26,2018-06-29,14,0.0,1.28,103.85,1
IMO9161043,G Dolce,LPG,USHOU,Houston,2024-01-04,2024-01-07,0,0.0,29.74,-95.27,1
IMO9161510,Pelita Energy,LNG,MYBTU,Bintulu,1998-08-28,1998-08-31,0,0.0,3.2,113.04,1
IMO9161510,Pelita Energy,LNG,MYBTU,Bintulu,1998-09-14,1998-09-17,14,0.0,3.2,113.04,2
IMO9161694,B Gas Mariner,LPG,NLRTM,Rotterdam,2020-09-03,2020-09-06,0,0.0,51.92,4.47,1
IMO9162567,Syn Altair,LPG,DZAZW,Arzew,2023-07-13,2023-07-16,0,0.0,35.85,-0.31,1
IMO9166904,Phoenix Gaia,LPG,QARLF,Ras Laffan,2021-12-16,2021-12-19,0,0.0,25.92,51.53,1
IMO9166904,Phoenix Gaia,LPG,USHOU,Houston,2023-02-02,2023-02-05,410,6958.0,29.74,-95.27,2
IMO9166904,Phoenix Gaia,LPG,USHOU,Houston,2023-08-31,2023-09-03,207,0.0,29.74,-95.27,3
IMO9166904,Phoenix Gaia,LPG,USHOU,Houston,2023-12-07,2023-12-10,95,0.0,29.74,-95.27,4
IMO9166904,Phoenix Gaia,LPG,USHOU,Houston,2023-12-13,2023-12-16,3,0.0,29.74,-95.27,5
IMO9167198,Nordic Saturn,Tankers,AEFJR,Fujairah,2018-02-07,2018-02-10,14,0.0,25.13,56.34,1
IMO9169235,NS Dream,LPG,USHOU,Houston,2021-03-11,2021-03-14,0,0.0,29.74,-95.27,1
IMO9169235,NS Dream,LPG,SAYNB,Yanbu,2022-05-27,2022-05-30,439,6602.3,24.09,38.06,2
IMO9169689,Ds Warrior,Tankers,SGSIN,Singapore,2018-01-25,2018-01-28,14,0.0,1.28,103.85,1
IMO9169812,CK VENTURE,Dry Bulk,BRSSZ,Santos,2025-02-06,2025-02-09,0,0.0,-23.96,-46.33,1
IMO9172900,Red Marauder,LPG,USHOU,Houston,2022-09-15,2022-09-18,0,0.0,29.74,-95.27,1
IMO9172900,Red Marauder,LPG,USHOU,Houston,2023-09-28,2023-10-01,375,0.0,29.74,-95.27,2
IMO9173745,Eurohope,Tankers,SGSIN,Singapore,2018-09-04,2018-09-07,14,0.0,1.28,103.85,1
IMO9173745,Eurohope,Tankers,SGSIN,Singapore,2018-09-21,2018-09-24,14,0.0,1.28,103.85,2
IMO9173745,Eurohope,Tankers,SGSIN,Singapore,2018-10-08,2018-10-11,14,0.0,1.28,103.85,3
IMO9173745,Eurohope,Tankers,SGSIN,Singapore,2018-10-25,2018-10-28,14,0.0,1.28,103.85,4
IMO9173745,Eurohope,Tankers,SARRT,Ras Tanura,2018-12-03,2018-12-06,36,3444.8,26.65,50.16,5
IMO9173745,Eurohope,Tankers,SARRT,Ras Tanura,2021-09-01,2021-09-04,1000,0.0,26.65,50.16,6
IMO9173745,Eurohope,Tankers,KWMFA,Mina Al Ahmadi,2023-09-11,2023-09-14,737,180.3,29.07,48.15,7
IMO9174218,Maran Gemini,Tankers,SARRT,Ras Tanura,2019-08-09,2019-08-12,0,0.0,26.65,50.16,1
IMO9174218,Maran Gemini,Tankers,INSIK,Sikka / Jamnagar,2019-08-26,2019-08-29,14,1103.0,22.43,69.84,2
IMO9174220,Maran Regulus,Tankers,INSIK,Sikka / Jamnagar,2019-11-08,2019-11-11,14,0.0,22.43,69.84,1
IMO9174246,Chinook,LPG,NGBON,Bonny,2019-10-10,2019-10-13,0,0.0,4.45,7.16,1
IMO9174246,Chinook,LPG,USPOA,Port Arthur / Nederland,2020-11-12,2020-11-15,396,5844.0,29.87,-93.93,2
IMO9174660,Maran Capella,Tankers,SARRT,Ras Tanura,2018-03-16,2018-03-19,0,0.0,26.65,50.16,1
IMO9174660,Maran Capella,Tankers,INSIK,Sikka / Jamnagar,2018-04-02,2018-04-05,14,1103.0,22.43,69.84,2
IMO9174660,Maran Capella,Tankers,SGSIN,Singapore,2018-04-19,2018-04-22,14,2355.7,1.28,103.85,3
IMO9175078,New Trust,Tankers,SGSIN,Singapore,2018-03-22,2018-03-25,14,0.0,1.28,103.85,1
IMO9175078,New Trust,Tankers,SARRT,Ras Tanura,2018-06-04,2018-06-07,71,3444.8,26.65,50.16,2
IMO9175078,New Trust,Tankers,SARRT,Ras Tanura,2018-09-27,2018-09-30,112,0.0,26.65,50.16,3
IMO9175078,New Trust,Tankers,SARRT,Ras Tanura,2018-10-23,2018-10-26,23,0.0,26.65,50.16,4
IMO9175078,New Trust,Tankers,KWMFA,Mina Al Ahmadi,2018-10-24,2018-10-27,1,180.3,29.07,48.15,5
IMO9175078,New Trust,Tankers,SARRT,Ras Tanura,2018-11-01,2018-11-04,5,180.3,26.65,50.16,6
IMO9175078,New Trust,Tankers,SARRT,Ras Tanura,2018-11-26,2018-11-29,22,0.0,26.65,50.16,7
IMO9175078,New Trust,Tankers,SARRT,Ras Tanura,2018-12-11,2018-12-14,12,0.0,26.65,50.16,8
IMO9175078,New Trust,Tankers,INSIK,Sikka / Jamnagar,2018-12-28,2018-12-31,14,1103.0,22.43,69.84,9
IMO9175078,New Trust,Tankers,SGSIN,Singapore,2019-01-14,2019-01-17,14,2355.7,1.28,103.85,10
IMO9175078,New Trust,Tankers,AEFJR,Fujairah,2020-04-03,2020-04-06,442,3099.3,25.13,56.34,11
IMO9175078,New Trust,Tankers,AEFJR,Fujairah,2025-09-26,2025-09-29,1999,0.0,25.13,56.34,12
IMO9175270,Pacific Weihai,LPG,SAYNB,Yanbu,2023-03-16,2023-03-19,0,0.0,24.09,38.06,1
IMO9175425,BW Trader,LPG,SAYNB,Yanbu,2020-11-05,2020-11-08,0,0.0,24.09,38.06,1
IMO9176993,Commodore,Tankers,INSIK,Sikka / Jamnagar,2020-07-23,2020-07-26,14,0.0,22.43,69.84,1
IMO9177312,Navigator Pegasus,LPG,USHOU,Houston,2020-06-11,2020-06-14,0,0.0,29.74,-95.27,1
IMO9177312,Navigator Pegasus,LPG,USHOU,Houston,2020-10-22,2020-10-25,130,0.0,29.74,-95.27,2
IMO9177312,Navigator Pegasus ,LPG,USHOU,Houston,2021-02-11,2021-02-14,0,0.0,29.74,-95.27,1
IMO9179701,Maroon,Tankers,SARRT,Ras Tanura,2019-12-20,2019-12-23,0,0.0,26.65,50.16,1
IMO9179701,Maroon,Tankers,INSIK,Sikka / Jamnagar,2020-01-06,2020-01-09,14,1103.0,22.43,69.84,2
IMO9180152,Ridgebury Progress,Tankers,SARRT,Ras Tanura,2019-06-03,2019-06-06,0,0.0,26.65,50.16,1
IMO9180243,SK Stellar,LNG,SGSIN,Singapore,2012-06-14,2012-06-17,0,0.0,1.28,103.85,1
IMO9180243,SK Stellar,LNG,SGSIN,Singapore,2012-07-01,2012-07-04,14,0.0,1.28,103.85,2
IMO9180255,Ridgebury Pride,Tankers,NGBON,Bonny,2019-03-13,2019-03-16,0,0.0,4.45,7.16,1
IMO9180255,Ridgebury Pride,Tankers,NLRTM,Rotterdam,2019-07-26,2019-07-29,132,2853.3,51.92,4.47,2
IMO9180255,Ridgebury Pride,Tankers,SGSIN,Singapore,2019-08-12,2019-08-15,14,5689.2,1.28,103.85,3
IMO9180255,Ridgebury Pride,Tankers,KWMFA,Mina Al Ahmadi,2020-01-06,2020-01-09,144,3589.4,29.07,48.15,4
IMO9181194,Marina M,Tankers,SARRT,Ras Tanura,2019-08-28,2019-08-31,0,0.0,26.65,50.16,1
IMO9181194,Marina M,Tankers,SARRT,Ras Tanura,2019-12-31,2020-01-03,122,0.0,26.65,50.16,2
IMO9181194,Marina M,Tankers,INSIK,Sikka / Jamnagar,2020-01-17,2020-01-20,14,1103.0,22.43,69.84,3
IMO9181649,Lavails,Tankers,SARRT,Ras Tanura,2019-11-28,2019-12-01,0,0.0,26.65,50.16,1
IMO9181649,Lavails,Tankers,SARRT,Ras Tanura,2019-12-18,2019-12-21,17,0.0,26.65,50.16,2
IMO9182291,New Karpathos,Tankers,SARRT,Ras Tanura,2019-08-09,2019-08-12,0,0.0,26.65,50.16,1
IMO9182291,New Karpathos,Tankers,INSIK,Sikka / Jamnagar,2019-08-26,2019-08-29,14,1103.0,22.43,69.84,2
IMO9182291,New Karpathos,Tankers,INSIK,Sikka / Jamnagar,2019-09-12,2019-09-15,14,0.0,22.43,69.84,3
IMO9182291,New Karpathos,Tankers,SGSIN,Singapore,2019-09-29,2019-10-02,14,2355.7,1.28,103.85,4
IMO9182306,Lucky Trader,Tankers,KWMFA,Mina Al Ahmadi,2020-02-28,2020-03-02,0,0.0,29.07,48.15,1
IMO9182735,Eiger Explorer,LPG,USPOA,Port Arthur / Nederland,2019-07-11,2019-07-14,0,0.0,29.87,-93.93,1
IMO9182735,Eiger Explorer,LPG,USHOU,Houston,2023-06-15,2023-06-18,1432,70.2,29.74,-95.27,2
IMO9182735,Eiger Explorer,LPG,USHOU,Houston,2023-08-24,2023-08-27,67,0.0,29.74,-95.27,3
IMO9182735,Eiger Explorer,LPG,USHOU,Houston,2023-11-09,2023-11-12,74,0.0,29.74,-95.27,4
IMO9183481,Seacon Vancouver,Dry Bulk,CNJGT,Tangshan (Jingtang),2025-01-22,2025-01-25,0,0.0,39.2,119.01,1
IMO9183766,Katagalan Wisdom 3,Dry Bulk,JPYOK,Yokohama,2025-02-03,2025-02-06,0,0.0,35.45,139.65,1
IMO9183766,Katagalan Wisdom 3,Dry Bulk,JPYOK,Yokohama,2025-02-05,2025-02-08,1,0.0,35.45,139.65,2
IMO9185528,Kriti Island,Tankers,DZAZW,Arzew,2018-06-18,2018-06-21,0,0.0,35.85,-0.31,1
IMO9185528,Kriti Island,Tankers,SGSIN,Singapore,2018-07-05,2018-07-08,14,6044.3,1.28,103.85,2
IMO9185528,Kriti Island,Tankers,AEFJR,Fujairah,2019-01-15,2019-01-18,191,3099.3,25.13,56.34,3
IMO9185528,Kriti Island,Tankers,SARRT,Ras Tanura,2019-04-23,2019-04-26,95,346.0,26.65,50.16,4
IMO9185528,Kriti Island,Tankers,SGSIN,Singapore,2019-05-10,2019-05-13,14,3444.8,1.28,103.85,5
IMO9185528,Kriti Island,Tankers,AEFJR,Fujairah,2019-07-09,2019-07-12,57,3099.3,25.13,56.34,6
IMO9185528,Kriti Island,Tankers,AEFJR,Fujairah,2019-10-16,2019-10-19,96,0.0,25.13,56.34,7
IMO9185528,Kriti Island,Tankers,AEFJR,Fujairah,2019-11-20,2019-11-23,32,0.0,25.13,56.34,8
IMO9185528,Kriti Island,Tankers,KWMFA,Mina Al Ahmadi,2019-11-28,2019-12-01,1,1236.5,29.07,48.15,10
IMO9185528,Kriti Island,Tankers,INSIK,Sikka / Jamnagar,2019-12-07,2019-12-10,14,758.9,22.43,69.84,9
IMO9185528,Kriti Island,Tankers,SARRT,Ras Tanura,2019-12-16,2019-12-19,15,180.3,26.65,50.16,11
IMO9185528,Kriti Island,Tankers,SGSIN,Singapore,2020-01-02,2020-01-05,14,3444.8,1.28,103.85,12
IMO9185530,Lion King,Tankers,SGSIN,Singapore,2018-02-12,2018-02-15,14,0.0,1.28,103.85,1
IMO9185530,Lion King,Tankers,AEFJR,Fujairah,2018-06-25,2018-06-28,130,3099.3,25.13,56.34,2
IMO9185530,Lion King,Tankers,AEFJR,Fujairah,2018-07-20,2018-07-23,22,0.0,25.13,56.34,3
IMO9185530,Lion King,Tankers,SARRT,Ras Tanura,2018-09-25,2018-09-28,64,346.0,26.65,50.16,4
IMO9187227,Kriti Sfakia,Tankers,SGSIN,Singapore,2018-04-12,2018-04-15,14,0.0,1.28,103.85,1
IMO9187227,Kriti Sfakia,Tankers,SGSIN,Singapore,2018-04-29,2018-05-02,14,0.0,1.28,103.85,2
IMO9187227,Kriti Sfakia,Tankers,DZAZW,Arzew,2019-01-09,2019-01-12,252,6044.3,35.85,-0.31,3
IMO9187227,Kriti Sfakia,Tankers,INSIK,Sikka / Jamnagar,2019-01-26,2019-01-29,14,3689.7,22.43,69.84,4
IMO9187227,Kriti Sfakia,Tankers,SGSIN,Singapore,2019-02-12,2019-02-15,14,2355.7,1.28,103.85,5
IMO9187227,Kriti Sfakia,Tankers,SGSIN,Singapore,2019-03-01,2019-03-04,14,0.0,1.28,103.85,6
IMO9187239,Cape Balder Oo,Tankers,SARRT,Ras Tanura,2018-04-11,2018-04-14,0,0.0,26.65,50.16,1
IMO9187239,Cap Balder,Tankers,AEFJR,Fujairah,2018-09-25,2018-09-28,0,0.0,25.13,56.34,1
IMO9187239,Cape Balder,Tankers,AEFJR,Fujairah,2018-10-18,2018-10-21,0,0.0,25.13,56.34,1
IMO9187239,Cape Balder,Tankers,AEFJR,Fujairah,2018-11-22,2018-11-25,32,0.0,25.13,56.34,2
IMO9187239,Cape Balder,Tankers,SARRT,Ras Tanura,2018-12-17,2018-12-20,22,346.0,26.65,50.16,3
IMO9187239,Cape Balder,Tankers,SGSIN,Singapore,2019-01-03,2019-01-06,14,3444.8,1.28,103.85,4
IMO9187239,Cape Balder,Tankers,SARRT,Ras Tanura,2019-05-03,2019-05-06,117,3444.8,26.65,50.16,5
IMO9187239,Cape Balder,Tankers,KWMFA,Mina Al Ahmadi,2019-08-09,2019-08-12,95,180.3,29.07,48.15,6
IMO9187239,Cape Balder,Tankers,INSIK,Sikka / Jamnagar,2019-08-26,2019-08-29,14,1236.5,22.43,69.84,7
IMO9187239,Cape Balder,Tankers,SARRT,Ras Tanura,2019-10-01,2019-10-04,33,1103.0,26.65,50.16,8
IMO9188017,Legend Prestige,LPG,USHOU,Houston,2019-06-06,2019-06-09,0,0.0,29.74,-95.27,1
IMO9188017,Legend Prestige,LPG,USHOU,Houston,2022-09-08,2022-09-11,1187,0.0,29.74,-95.27,2
IMO9188017,Legend Prestige,LPG,AUDRW,Darwin,2023-12-13,2023-12-16,458,8046.2,-12.46,130.84,3
IMO9188788,Max Jacob,Tankers,DZAZW,Arzew,2018-02-02,2018-02-05,0,0.0,35.85,-0.31,1
IMO9188788,Max Jacob,Tankers,NLRTM,Rotterdam,2018-04-09,2018-04-12,63,986.2,51.92,4.47,2
IMO9188788,Max Jacob,Tankers,NLRTM,Rotterdam,2018-04-23,2018-04-26,11,0.0,51.92,4.47,3
IMO9188788,Max Jacob,Tankers,NLRTM,Rotterdam,2018-09-27,2018-09-30,154,0.0,51.92,4.47,5
IMO9188788,Max Jacob,Tankers,NLRTM,Rotterdam,2018-10-02,2018-10-05,1,5689.2,51.92,4.47,7
IMO9188788,Max Jacob,Tankers,SGSIN,Singapore,2018-10-14,2018-10-17,14,5689.2,1.28,103.85,6
IMO9188788,Max Jacob,Tankers,SGSIN,Singapore,2018-10-19,2018-10-22,14,5689.2,1.28,103.85,8
IMO9188788,Max Jacob,Tankers,DZAZW,Arzew,2019-01-21,2019-01-24,91,6044.3,35.85,-0.31,9
IMO9189146,Four Smile,Tankers,SARRT,Ras Tanura,2018-01-02,2018-01-05,0,0.0,26.65,50.16,1
IMO9189146,Four Smile,Tankers,KWMFA,Mina Al Ahmadi,2018-01-25,2018-01-28,20,180.3,29.07,48.15,2
IMO9189146,Four Smile,Tankers,SARRT,Ras Tanura,2018-01-31,2018-02-03,3,180.3,26.65,50.16,3
IMO9189146,Four Smile,Tankers,SGSIN,Singapore,2018-02-17,2018-02-20,14,3444.8,1.28,103.85,4
IMO9189146,Four Smile,Tankers,SGSIN,Singapore,2018-03-06,2018-03-09,14,0.0,1.28,103.85,5
IMO9189146,Four Smile,Tankers,AEFJR,Fujairah,2018-07-20,2018-07-23,133,3099.3,25.13,56.34,6
IMO9189146,Four Smile,Tankers,SARRT,Ras Tanura,2018-09-18,2018-09-21,57,346.0,26.65,50.16,7
IMO9189146,Four Smile,Tankers,SARRT,Ras Tanura,2018-09-19,2018-09-22,1,346.0,26.65,50.16,9
IMO9189146,Four Smile,Tankers,AEFJR,Fujairah,2018-10-05,2018-10-08,14,346.0,25.13,56.34,8
IMO9189146,Four Smile,Tankers,AEFJR,Fujairah,2018-10-06,2018-10-09,14,346.0,25.13,56.34,10
IMO9189146,Four Smile,Tankers,SGSIN,Singapore,2018-10-23,2018-10-26,14,3099.3,1.28,103.85,11
IMO9189146,Four Smile,Tankers,CNNGB,Ningbo-Zhoushan,2018-11-09,2018-11-12,14,1991.7,29.87,121.55,12
IMO9190608,Sea Carron,Tankers,INSIK,Sikka / Jamnagar,2026-08-20,2026-08-23,0,0.0,22.43,69.84,1
IMO9191400,Kelly,Tankers,SARRT,Ras Tanura,2019-03-28,2019-03-31,0,0.0,26.65,50.16,1
IMO9191424,New Diamond,Tankers,AEFJR,Fujairah,2019-05-20,2019-05-23,0,0.0,25.13,56.34,1
IMO9191424,New Diamond,Tankers,AEFJR,Fujairah,2019-06-06,2019-06-09,14,0.0,25.13,56.34,2
IMO9191424,New Diamond,Tankers,SARRT,Ras Tanura,2019-07-30,2019-08-02,51,346.0,26.65,50.16,3
IMO9191424,New Diamond,Tankers,INSIK,Sikka / Jamnagar,2019-08-16,2019-08-19,14,1103.0,22.43,69.84,4
IMO9191424,New Diamond,Tankers,SARRT,Ras Tanura,2020-01-15,2020-01-18,149,1103.0,26.65,50.16,5
IMO9191424,New Diamond,Tankers,SARRT,Ras Tanura,2020-02-18,2020-02-21,31,0.0,26.65,50.16,6
IMO9191424,New Diamond,Tankers,KWMFA,Mina Al Ahmadi,2020-07-31,2020-08-03,161,180.3,29.07,48.15,7
IMO9191424,New Diamond o/o,Tankers,INSIK,Sikka / Jamnagar,2020-09-04,2020-09-07,14,0.0,22.43,69.84,1
IMO9191723,Mogra,Tankers,SARRT,Ras Tanura,2018-07-09,2018-07-12,0,0.0,26.65,50.16,1
IMO9191723,DS MELODY,Tankers,SARRT,Ras Tanura,2018-08-17,2018-08-20,0,0.0,26.65,50.16,1
IMO9191723,Mogra,Tankers,KWMFA,Mina Al Ahmadi,2018-08-21,2018-08-24,40,180.3,29.07,48.15,2
IMO9191723,Mogra,Tankers,CNNGB,Ningbo-Zhoushan,2018-09-07,2018-09-10,14,3765.1,29.87,121.55,3
IMO9191723,Mogra,Tankers,INSIK,Sikka / Jamnagar,2018-09-24,2018-09-27,14,2799.7,22.43,69.84,4
IMO9191723,Mogra,Tankers,SARRT,Ras Tanura,2019-10-17,2019-10-20,385,1103.0,26.65,50.16,5
IMO9191723,Mogra,Tankers,SARRT,Ras Tanura,2019-11-20,2019-11-23,31,0.0,26.65,50.16,6
IMO9191723,Mogra,Tankers,INSIK,Sikka / Jamnagar,2019-12-07,2019-12-10,14,1103.0,22.43,69.84,7
IMO9191723,Mogra,Tankers,SARRT,Ras Tanura,2020-02-17,2020-02-20,69,1103.0,26.65,50.16,8
IMO9191723,Mogra,Tankers,SARRT,Ras Tanura,2020-09-16,2020-09-19,209,0.0,26.65,50.16,9
IMO9191723,Mogra,Tankers,SARRT,Ras Tanura,2020-10-08,2020-10-11,19,0.0,26.65,50.16,10
IMO9191723,Mogra,Tankers,SARRT,Ras Tanura,2021-01-21,2021-01-24,102,0.0,26.65,50.16,11
IMO9191723,Mogra,Tankers,SARRT,Ras Tanura,2021-02-16,2021-02-19,23,0.0,26.65,50.16,12
IMO9191723,Mogra,Tankers,SARRT,Ras Tanura,2021-03-17,2021-03-20,26,0.0,26.65,50.16,13
IMO9191723,Mogra,Tankers,SARRT,Ras Tanura,2021-04-09,2021-04-12,20,0.0,26.65,50.16,14
IMO9191879,Passat,LPG,USHOU,Houston,2019-04-04,2019-04-07,0,0.0,29.74,-95.27,1
IMO9191879,Passat,LPG,USPOA,Port Arthur / Nederland,2019-08-08,2019-08-11,123,70.2,29.87,-93.93,2
IMO9191879,Passat,LPG,SAYNB,Yanbu,2022-07-21,2022-07-24,1075,6547.1,24.09,38.06,3
IMO9191879,Passat,LPG,USHOU,Houston,2022-10-06,2022-10-09,74,6602.3,29.74,-95.27,4
IMO9191879,Passat,LPG,USHOU,Houston,2023-08-24,2023-08-27,319,0.0,29.74,-95.27,5
IMO9192984,Maran Myrto,Tankers,SGSIN,Singapore,2026-06-11,2026-06-14,0,0.0,1.28,103.85,1
IMO9193115,Taugas,LPG,USHOU,Houston,2020-11-05,2020-11-08,14,0.0,29.74,-95.27,1
IMO9194127,Maran Castor,Tankers,INSIK,Sikka / Jamnagar,2020-01-02,2020-01-05,14,0.0,22.43,69.84,1
IMO9194127,Maran Castor,Tankers,KWMFA,Mina Al Ahmadi,2020-11-18,2020-11-21,318,1236.5,29.07,48.15,2
IMO9194253,Alphagas,LPG,NLRTM,Rotterdam,2020-11-26,2020-11-29,14,0.0,51.92,4.47,1
IMO9194983,Jag Laadki Oo,Tankers,KWMFA,Mina Al Ahmadi,2018-02-13,2018-02-16,0,0.0,29.07,48.15,1
IMO9194983,Jag Laadki,Tankers,INSIK,Sikka / Jamnagar,2018-11-14,2018-11-17,14,0.0,22.43,69.84,1
IMO9194983,Jag Laadki,Tankers,SARRT,Ras Tanura,2019-01-31,2019-02-03,75,1103.0,26.65,50.16,2
IMO9194983,Jag Laadki,Tankers,KWMFA,Mina Al Ahmadi,2019-04-17,2019-04-20,73,180.3,29.07,48.15,3
IMO9194983,Jag Laadki,Tankers,INSIK,Sikka / Jamnagar,2019-05-04,2019-05-07,14,1236.5,22.43,69.84,4
IMO9194983,Jag Laadki,Tankers,INSIK,Sikka / Jamnagar,2019-05-21,2019-05-24,14,0.0,22.43,69.84,5
IMO9194983,Jag Laadki,Tankers,AEFJR,Fujairah,2020-02-24,2020-02-27,276,758.9,25.13,56.34,6
IMO9194983,Jag Laadki,Tankers,SGSIN,Singapore,2020-07-22,2020-07-25,146,3099.3,1.28,103.85,7
IMO9194995,Nordic Sirius,Tankers,SGSIN,Singapore,2018-10-24,2018-10-27,14,0.0,1.28,103.85,1
IMO9194995,Nordic Sirius,Tankers,QARLF,Ras Laffan,2018-11-22,2018-11-25,26,3361.5,25.92,51.53,2
IMO9194995,Nordic Sirius,Tankers,SGSIN,Singapore,2018-12-09,2018-12-12,14,3361.5,1.28,103.85,3
IMO9196565,Stina Kosan,LPG,USHOU,Houston,2019-05-30,2019-06-02,0,0.0,29.74,-95.27,1
IMO9196565,Stina Kosan,LPG,USHOU,Houston,2020-02-27,2020-03-01,270,0.0,29.74,-95.27,3
IMO9196565,Stina Kosan,LPG,USHOU,Houston,2020-03-05,2020-03-08,4,0.0,29.74,-95.27,4
IMO9196565,Stina Kosan,LPG,DZAZW,Arzew,2021-01-07,2021-01-10,305,4606.4,35.85,-0.31,5
IMO9196632,Seaways Tanabe,Tankers,SGSIN,Singapore,2019-11-19,2019-11-22,14,0.0,1.28,103.85,1
IMO9196644,Front Hakata,Tankers,NGBON,Bonny,2019-06-21,2019-06-24,0,0.0,4.45,7.16,1
IMO9196644,Front Hakata,Tankers,KWMFA,Mina Al Ahmadi,2019-12-17,2019-12-20,176,2758.1,29.07,48.15,2
IMO9197109,Gas Star,LPG,USPOA,Port Arthur / Nederland,2020-02-20,2020-02-23,0,0.0,29.87,-93.93,1
IMO9197109,Gas Star,LPG,AUDRW,Darwin,2022-03-03,2022-03-06,739,8112.7,-12.46,130.84,2
IMO9197109,Gas Star,LPG,USHOU,Houston,2023-06-29,2023-07-02,480,8046.2,29.74,-95.27,3
IMO9197593,Laurel Prime,LPG,USHOU,Houston,2022-09-15,2022-09-18,0,0.0,29.74,-95.27,1
IMO9197593,Laurel Prime,LPG,USHOU,Houston,2023-08-10,2023-08-13,326,0.0,29.74,-95.27,2
IMO9197844,New Kassos,Tankers,SARRT,Ras Tanura,2019-07-09,2019-07-12,0,0.0,26.65,50.16,1
IMO9197844,New Kassos,Tankers,SARRT,Ras Tanura,2019-08-01,2019-08-04,20,0.0,26.65,50.16,2
IMO9197844,New Kassos,Tankers,INSIK,Sikka / Jamnagar,2019-08-18,2019-08-21,14,1103.0,22.43,69.84,3
IMO9197844,New Kassos o/o New Diamond,Tankers,INSIK,Sikka / Jamnagar,2020-03-03,2020-03-06,14,0.0,22.43,69.84,1
IMO9198666,Sri Vishnu,Tankers,SARRT,Ras Tanura,2019-01-11,2019-01-14,0,0.0,26.65,50.16,1
IMO9198666,Sri Vishnu,Tankers,KWMFA,Mina Al Ahmadi,2019-01-30,2019-02-02,16,180.3,29.07,48.15,2
IMO9198666,Sri Vishnu,Tankers,INSIK,Sikka / Jamnagar,2019-02-16,2019-02-19,14,1236.5,22.43,69.84,3
IMO9198666,Sri Vishnu,Tankers,SARRT,Ras Tanura,2019-02-18,2019-02-21,1,1103.0,26.65,50.16,4
IMO9198666,Sri Vishnu,Tankers,SARRT,Ras Tanura,2019-03-05,2019-03-08,1,1103.0,26.65,50.16,6
IMO9198666,Sri Vishnu,Tankers,INSIK,Sikka / Jamnagar,2019-03-07,2019-03-10,14,1103.0,22.43,69.84,5
IMO9198666,Sri Vishnu,Tankers,KWMFA,Mina Al Ahmadi,2019-03-13,2019-03-16,1,1236.5,29.07,48.15,8
IMO9198666,Sri Vishnu,Tankers,INSIK,Sikka / Jamnagar,2019-03-22,2019-03-25,14,1103.0,22.43,69.84,7
IMO9198666,Sri Vishnu,Tankers,SARRT,Ras Tanura,2019-04-22,2019-04-25,37,180.3,26.65,50.16,9
IMO9198666,Sri Vishnu,Tankers,KWMFA,Mina Al Ahmadi,2019-04-29,2019-05-02,4,180.3,29.07,48.15,10
IMO9198666,Sri Vishnu,Tankers,INSIK,Sikka / Jamnagar,2019-05-16,2019-05-19,14,1236.5,22.43,69.84,11
IMO9198666,Sri Vishnu,Tankers,INSIK,Sikka / Jamnagar,2019-06-02,2019-06-05,14,0.0,22.43,69.84,12
IMO9198666,Sri Vishnu,Tankers,KWMFA,Mina Al Ahmadi,2019-07-08,2019-07-11,33,1236.5,29.07,48.15,13
IMO9198666,Sri Vishnu,Tankers,INSIK,Sikka / Jamnagar,2019-07-25,2019-07-28,14,1236.5,22.43,69.84,14
IMO9198666,Sri Vishnu,Tankers,SARRT,Ras Tanura,2019-08-28,2019-08-31,31,1103.0,26.65,50.16,15
IMO9198666,Sri Vishnu,Tankers,AEFJR,Fujairah,2019-09-18,2019-09-21,18,346.0,25.13,56.34,16
IMO9198666,Sri Vishnu,Tankers,INSIK,Sikka / Jamnagar,2019-10-05,2019-10-08,14,758.9,22.43,69.84,17
IMO9198666,Sri Vishnu,Tankers,AEFJR,Fujairah,2020-01-07,2020-01-10,91,758.9,25.13,56.34,18
IMO9198666,Sri Vishnu,Tankers,SARRT,Ras Tanura,2020-02-05,2020-02-08,26,346.0,26.65,50.16,19
IMO9198666,Sri Vishnu,Tankers,SARRT,Ras Tanura,2020-02-18,2020-02-21,1,1103.0,26.65,50.16,21
IMO9198666,Sri Vishnu,Tankers,INSIK,Sikka / Jamnagar,2020-02-22,2020-02-25,14,1103.0,22.43,69.84,20
IMO9198666,Sri Vishnu,Tankers,SARRT,Ras Tanura,2020-03-05,2020-03-08,13,0.0,26.65,50.16,22
IMO9198666,Sri Vishnu,Tankers,SARRT,Ras Tanura,2020-06-18,2020-06-21,102,0.0,26.65,50.16,23
IMO9198666,Sri Vishnu,Tankers,KWMFA,Mina Al Ahmadi,2020-09-10,2020-09-13,81,180.3,29.07,48.15,24
IMO9198666,Sri Vishnu,Tankers,KWMFA,Mina Al Ahmadi,2020-10-06,2020-10-09,23,0.0,29.07,48.15,25
IMO9198666,Sri Vishnu,Tankers,SARRT,Ras Tanura,2020-10-27,2020-10-30,18,180.3,26.65,50.16,26
IMO9198666,Sri Vishnu,Tankers,KWMFA,Mina Al Ahmadi,2020-11-04,2020-11-07,1,1236.5,29.07,48.15,28
IMO9198666,Sri Vishnu,Tankers,INSIK,Sikka / Jamnagar,2020-11-13,2020-11-16,14,1103.0,22.43,69.84,27
IMO9198666,Sri Vishnu,Tankers,SARRT,Ras Tanura,2020-11-17,2020-11-20,10,180.3,26.65,50.16,29
IMO9203497,Arctic Gas,LPG,USHOU,Houston,2019-05-30,2019-06-02,0,0.0,29.74,-95.27,1
IMO9203497,Arctic Gas,LPG,USHOU,Houston,2019-07-11,2019-07-14,39,0.0,29.74,-95.27,2
IMO9203497,Arctic Gas,LPG,USHOU,Houston,2019-09-19,2019-09-22,67,0.0,29.74,-95.27,3
IMO9203497,Arctic Gas,LPG,USHOU,Houston,2019-12-19,2019-12-22,88,0.0,29.74,-95.27,4
IMO9203772,Sonangol Kizomba,Tankers,CNNGB,Ningbo-Zhoushan,2018-04-27,2018-04-30,14,0.0,29.87,121.55,1
IMO9203772,Sonangol Kizomba,Tankers,DZAZW,Arzew,2018-05-14,2018-05-17,14,5676.8,35.85,-0.31,2
IMO9203772,Sonangol Kizomba,Tankers,AEFJR,Fujairah,2018-08-22,2018-08-25,97,2959.8,25.13,56.34,3
IMO9203772,Sonangol Kizomba,Tankers,SGSIN,Singapore,2018-09-08,2018-09-11,14,3099.3,1.28,103.85,4
IMO9203772,Sonangol Kizomba,Tankers,SARRT,Ras Tanura,2018-12-18,2018-12-21,98,3444.8,26.65,50.16,5
IMO9203772,Sonangol Kizomba,Tankers,CNNGB,Ningbo-Zhoushan,2019-01-04,2019-01-07,14,3717.6,29.87,121.55,6
IMO9203772,Sonangol Kizomba,Tankers,NGBON,Bonny,2020-02-13,2020-02-16,402,6518.2,4.45,7.16,7
IMO9203784,Eurospirit,Tankers,QARLF,Ras Laffan,2018-01-18,2018-01-21,0,0.0,25.92,51.53,1
IMO9203784,Eurospirit,Tankers,CNNGB,Ningbo-Zhoushan,2018-02-04,2018-02-07,14,3664.9,29.87,121.55,2
IMO9203784,Eurospirit,Tankers,SGSIN,Singapore,2018-02-21,2018-02-24,14,1991.7,1.28,103.85,3
IMO9203784,Eurospirit Oo,Tankers,SARRT,Ras Tanura,2018-11-01,2018-11-04,0,0.0,26.65,50.16,1
IMO9203784,Eurospirit,Tankers,KWMFA,Mina Al Ahmadi,2021-06-04,2021-06-07,1196,3589.4,29.07,48.15,4
IMO9203784,Eurospirit,Tankers,INSIK,Sikka / Jamnagar,2021-06-21,2021-06-24,14,1236.5,22.43,69.84,5
IMO9203784,Eurospirit,Tankers,INSIK,Sikka / Jamnagar,2021-07-08,2021-07-11,14,0.0,22.43,69.84,6
IMO9203784,Eurospirit,Tankers,KWMFA,Mina Al Ahmadi,2023-06-19,2023-06-22,708,1236.5,29.07,48.15,7
IMO9203784,Eurospirit,Tankers,AEFJR,Fujairah,2023-06-30,2023-07-03,8,497.4,25.13,56.34,8
IMO9203784,Eurospirit,Tankers,AEFJR,Fujairah,2026-04-01,2026-04-04,1003,0.0,25.13,56.34,9
IMO9203784,Eurospirit,Tankers,SAYNB,Yanbu,2026-04-29,2026-05-02,25,999.0,24.09,38.06,10
IMO9205067,Episkopi,Tankers,SGSIN,Singapore,2018-04-30,2018-05-03,14,0.0,1.28,103.85,1
IMO9205067,Episkopi,Tankers,SGSIN,Singapore,2018-05-17,2018-05-20,14,0.0,1.28,103.85,2
IMO9205067,Episkopi,Tankers,SARRT,Ras Tanura,2018-10-01,2018-10-04,134,3444.8,26.65,50.16,3
IMO9205067,Episkopi,Tankers,SGSIN,Singapore,2018-10-18,2018-10-21,14,3444.8,1.28,103.85,4
IMO9205494,Militiadis jr.,Tankers,SARRT,Ras Tanura,2019-06-18,2019-06-21,0,0.0,26.65,50.16,1
IMO9207027,Kriti Spirit,Tankers,SGSIN,Singapore,2018-01-19,2018-01-22,14,0.0,1.28,103.85,1
IMO9207027,Kriti Spirit,Tankers,SGSIN,Singapore,2018-02-05,2018-02-08,14,0.0,1.28,103.85,2
IMO9207027,Kriti Spirit,Tankers,CNNGB,Ningbo-Zhoushan,2018-02-22,2018-02-25,14,1991.7,29.87,121.55,3
IMO9207027,Kriti Spirit Oo,Tankers,SGSIN,Singapore,2019-05-09,2019-05-12,14,0.0,1.28,103.85,1
IMO9207027,Kriti Spirit,Tankers,SARRT,Ras Tanura,2019-10-30,2019-11-02,612,3717.6,26.65,50.16,4
IMO9207027,Kriti Spirit,Tankers,SARRT,Ras Tanura,2020-05-12,2020-05-15,192,0.0,26.65,50.16,5
IMO9208057,Jag Lakshita,Tankers,KWMFA,Mina Al Ahmadi,2018-01-22,2018-01-25,0,0.0,29.07,48.15,1
IMO9208057,Jag Lakshita,Tankers,SARRT,Ras Tanura,2018-03-06,2018-03-09,40,180.3,26.65,50.16,2
IMO9208057,Jag Lakshita,Tankers,AEFJR,Fujairah,2018-08-16,2018-08-19,160,346.0,25.13,56.34,3
IMO9208057,Jag Lakshita,Tankers,SGSIN,Singapore,2018-09-02,2018-09-05,14,3099.3,1.28,103.85,4
IMO9208057,Jag Lakshita,Tankers,SARRT,Ras Tanura,2018-09-07,2018-09-10,2,3444.8,26.65,50.16,5
IMO9208057,Jag Lakshita,Tankers,SARRT,Ras Tanura,2018-12-19,2018-12-22,100,0.0,26.65,50.16,6
IMO9208057,Jag Lakshita,Tankers,SARRT,Ras Tanura,2019-01-10,2019-01-13,19,0.0,26.65,50.16,7
IMO9208057,Jag Lakshita,Tankers,SARRT,Ras Tanura,2019-01-24,2019-01-27,11,0.0,26.65,50.16,8
IMO9208057,Jag Lakshita,Tankers,SARRT,Ras Tanura,2019-01-28,2019-01-31,1,0.0,26.65,50.16,9
IMO9208057,Jag Lakshita,Tankers,SARRT,Ras Tanura,2019-02-06,2019-02-09,6,0.0,26.65,50.16,10
IMO9208057,Jag Lakshita,Tankers,SARRT,Ras Tanura,2019-04-09,2019-04-12,59,0.0,26.65,50.16,11
IMO9208057,Jag Lakshita,Tankers,INSIK,Sikka / Jamnagar,2019-04-26,2019-04-29,14,1103.0,22.43,69.84,12
IMO9208057,Jag Lakshita,Tankers,SARRT,Ras Tanura,2019-05-13,2019-05-16,14,1103.0,26.65,50.16,13
IMO9208057,Jag Lakshita,Tankers,AEFJR,Fujairah,2019-07-25,2019-07-28,70,346.0,25.13,56.34,14
IMO9208057,Jag Lakshita,Tankers,KWMFA,Mina Al Ahmadi,2019-09-20,2019-09-23,54,497.4,29.07,48.15,15
IMO9208057,Jag Lakshita,Tankers,SARRT,Ras Tanura,2019-09-30,2019-10-03,1,1103.0,26.65,50.16,17
IMO9208057,Jag Lakshita,Tankers,INSIK,Sikka / Jamnagar,2019-10-07,2019-10-10,14,1236.5,22.43,69.84,16
IMO9208069,Jag Lateef,Tankers,SARRT,Ras Tanura,2019-01-07,2019-01-10,0,0.0,26.65,50.16,1
IMO9208069,Jag Lateef,Tankers,SARRT,Ras Tanura,2019-04-26,2019-04-29,106,0.0,26.65,50.16,2
IMO9208069,Jag Lateef,Tankers,SARRT,Ras Tanura,2019-09-09,2019-09-12,133,0.0,26.65,50.16,3
IMO9208069,Jag Lateef,Tankers,NGBON,Bonny,2019-10-11,2019-10-14,29,2800.7,4.45,7.16,4
IMO9208069,Jag Lateef,Tankers,AEFJR,Fujairah,2019-12-30,2020-01-02,77,3090.0,25.13,56.34,5
IMO9208069,Jag Lateef,Tankers,SARRT,Ras Tanura,2020-03-17,2020-03-20,75,346.0,26.65,50.16,6
IMO9210816,Sohar Lng,LNG,SGSIN,Singapore,2014-11-25,2014-11-28,0,0.0,1.28,103.85,1
IMO9210816,Sohar Lng,LNG,AUDAM,Dampier,2014-12-10,2014-12-13,1,1518.3,-20.65,116.71,3
IMO9210816,Sohar Lng,LNG,SGSIN,Singapore,2014-12-12,2014-12-15,14,0.0,1.28,103.85,2
IMO9210816,Sohar Lng,LNG,AUDAM,Dampier,2014-12-27,2014-12-30,14,0.0,-20.65,116.71,4
IMO9212280,Dorothea Schulte,LPG,USHOU,Houston,2019-05-02,2019-05-05,0,0.0,29.74,-95.27,1
IMO9212375,Berge Ningbo,LPG,USHOU,Houston,2022-05-19,2022-05-22,0,0.0,29.74,-95.27,1
IMO9212375,Berge Ningbo,LPG,USHOU,Houston,2022-09-15,2022-09-18,116,0.0,29.74,-95.27,2
IMO9212759,Ultimate Freedom,Tankers,SGSIN,Singapore,2018-03-06,2018-03-09,14,0.0,1.28,103.85,1
IMO9212759,Ultimate Freedom,Tankers,CNNGB,Ningbo-Zhoushan,2018-03-23,2018-03-26,14,1991.7,29.87,121.55,2
IMO9212759,Ultimate Freedom,Tankers,AEFJR,Fujairah,2018-04-09,2018-04-12,14,3438.5,25.13,56.34,3
IMO9212759,Lady Ava,Tankers,KWMFA,Mina Al Ahmadi,2020-07-20,2020-07-23,0,0.0,29.07,48.15,1
IMO9212759,Lady Ava,Tankers,SARRT,Ras Tanura,2020-11-02,2020-11-05,102,180.3,26.65,50.16,2
IMO9212759,Lady Ava,Tankers,SARRT,Ras Tanura,2020-12-18,2020-12-21,43,0.0,26.65,50.16,3
IMO9213585,ECO WEST COAST,Tankers,SARRT,Ras Tanura,2021-08-04,2021-08-07,0,0.0,26.65,50.16,1
IMO9215036,Chafa,Tankers,SARRT,Ras Tanura,2018-02-16,2018-02-19,0,0.0,26.65,50.16,1
IMO9215036,Chafa,Tankers,DZAZW,Arzew,2018-05-04,2018-05-07,74,2619.7,35.85,-0.31,2
IMO9215036,Chafa,Tankers,CNNGB,Ningbo-Zhoushan,2018-05-21,2018-05-24,14,5676.8,29.87,121.55,3
IMO9215036,Chafa,Tankers,CNNGB,Ningbo-Zhoushan,2018-06-07,2018-06-10,14,0.0,29.87,121.55,4
IMO9215036,Chafa,Tankers,KWMFA,Mina Al Ahmadi,2019-02-01,2019-02-04,236,3765.1,29.07,48.15,5
IMO9215036,Chafa,Tankers,SARRT,Ras Tanura,2019-04-16,2019-04-19,71,180.3,26.65,50.16,6
IMO9215036,Chafa,Tankers,SARRT,Ras Tanura,2019-12-19,2019-12-22,244,0.0,26.65,50.16,7
IMO9215036,Chafa,Tankers,SARRT,Ras Tanura,2020-02-06,2020-02-09,46,0.0,26.65,50.16,8
IMO9215036,Chafa,Tankers,QARLF,Ras Laffan,2020-06-03,2020-06-06,115,85.8,25.92,51.53,9
IMO9215036,Chafa,Tankers,KWMFA,Mina Al Ahmadi,2020-06-25,2020-06-28,19,261.1,29.07,48.15,10
IMO9215036,Chafa,Tankers,INSIK,Sikka / Jamnagar,2020-07-12,2020-07-15,14,1236.5,22.43,69.84,11
IMO9215036,Chafa,Tankers,SARRT,Ras Tanura,2020-10-22,2020-10-25,99,1103.0,26.65,50.16,12
IMO9215036,Chafa,Tankers,KWMFA,Mina Al Ahmadi,2020-11-19,2020-11-22,25,180.3,29.07,48.15,13
IMO9215036,Chafa,Tankers,SARRT,Ras Tanura,2020-12-16,2020-12-19,24,180.3,26.65,50.16,14
IMO9215036,Chafa,Tankers,QARLF,Ras Laffan,2021-03-01,2021-03-04,72,85.8,25.92,51.53,15
IMO9215036,Chafa,Tankers,KWMFA,Mina Al Ahmadi,2021-03-23,2021-03-26,19,261.1,29.07,48.15,16
IMO9215036,Chafa,Tankers,SARRT,Ras Tanura,2021-06-08,2021-06-11,74,180.3,26.65,50.16,17
IMO9215036,Chafa,Tankers,SARRT,Ras Tanura,2021-06-17,2021-06-20,1,1103.0,26.65,50.16,19
IMO9215036,Chafa,Tankers,INSIK,Sikka / Jamnagar,2021-06-25,2021-06-28,14,1103.0,22.43,69.84,18
IMO9215036,Chafa,Tankers,SARRT,Ras Tanura,2021-07-19,2021-07-22,29,0.0,26.65,50.16,20
IMO9215036,Chafa,Tankers,SARRT,Ras Tanura,2021-08-23,2021-08-26,32,0.0,26.65,50.16,21
IMO9215036,Chafa,Tankers,SARRT,Ras Tanura,2021-09-16,2021-09-19,21,0.0,26.65,50.16,22
IMO9215036,Chafa,Tankers,SARRT,Ras Tanura,2021-10-01,2021-10-04,12,0.0,26.65,50.16,23
IMO9215036,Chafa,Tankers,SARRT,Ras Tanura,2021-10-18,2021-10-21,14,0.0,26.65,50.16,24
IMO9215036,Chafa,Tankers,INSIK,Sikka / Jamnagar,2021-11-04,2021-11-07,14,1103.0,22.43,69.84,25
IMO9215036,Chafa,Tankers,SARRT,Ras Tanura,2021-11-23,2021-11-26,16,1103.0,26.65,50.16,26
IMO9215036,Chafa,Tankers,SARRT,Ras Tanura,2021-12-17,2021-12-20,21,0.0,26.65,50.16,27
IMO9215036,Chafa,Tankers,SARRT,Ras Tanura,2022-01-12,2022-01-15,23,0.0,26.65,50.16,28
IMO9215036,Chafa,Tankers,SARRT,Ras Tanura,2022-01-28,2022-01-31,13,0.0,26.65,50.16,29
IMO9215036,Chafa,Tankers,SARRT,Ras Tanura,2022-02-21,2022-02-24,21,0.0,26.65,50.16,30
IMO9215036,Chafa,Tankers,SARRT,Ras Tanura,2022-03-08,2022-03-11,12,0.0,26.65,50.16,31
IMO9215036,Chafa,Tankers,SARRT,Ras Tanura,2022-04-01,2022-04-04,21,0.0,26.65,50.16,32
IMO9215036,Chafa,Tankers,SARRT,Ras Tanura,2022-04-19,2022-04-22,15,0.0,26.65,50.16,33
IMO9215036,Chafa,Tankers,SARRT,Ras Tanura,2022-05-19,2022-05-22,27,0.0,26.65,50.16,34
IMO9215036,Chafa,Tankers,SARRT,Ras Tanura,2022-05-31,2022-06-03,1,1103.0,26.65,50.16,36
IMO9215036,Chafa,Tankers,SARRT,Ras Tanura,2022-06-03,2022-06-06,1,0.0,26.65,50.16,37
IMO9215036,Chafa,Tankers,INSIK,Sikka / Jamnagar,2022-06-05,2022-06-08,14,1103.0,22.43,69.84,35
IMO9215036,Chafa,Tankers,SARRT,Ras Tanura,2022-06-17,2022-06-20,1,1103.0,26.65,50.16,39
IMO9215036,Chafa,Tankers,INSIK,Sikka / Jamnagar,2022-06-20,2022-06-23,14,1103.0,22.43,69.84,38
IMO9215036,Chafa,Tankers,INSIK,Sikka / Jamnagar,2022-07-04,2022-07-07,14,1103.0,22.43,69.84,40
IMO9215036,Chafa,Tankers,SAYNB,Yanbu,2022-07-04,2022-07-07,1,1752.1,24.09,38.06,41
IMO9215036,Chafa,Tankers,SARRT,Ras Tanura,2022-07-27,2022-07-30,20,673.9,26.65,50.16,42
IMO9215036,Chafa,Tankers,SAYNB,Yanbu,2022-08-25,2022-08-28,26,673.9,24.09,38.06,43
IMO9215036,Chafa,Tankers,SARRT,Ras Tanura,2022-09-29,2022-10-02,32,673.9,26.65,50.16,44
IMO9215036,Chafa,Tankers,SARRT,Ras Tanura,2022-10-11,2022-10-14,9,0.0,26.65,50.16,45
IMO9215036,Chafa,Tankers,SARRT,Ras Tanura,2022-11-17,2022-11-20,34,0.0,26.65,50.16,46
IMO9215036,Chafa,Tankers,INSIK,Sikka / Jamnagar,2022-12-04,2022-12-07,14,1103.0,22.43,69.84,47
IMO9215036,Chafa,Tankers,SARRT,Ras Tanura,2022-12-09,2022-12-12,2,1103.0,26.65,50.16,48
IMO9215036,Chafa,Tankers,SARRT,Ras Tanura,2022-12-19,2022-12-22,7,0.0,26.65,50.16,49
IMO9215036,Chafa,Tankers,SARRT,Ras Tanura,2023-01-06,2023-01-09,15,0.0,26.65,50.16,50
IMO9215036,Chafa,Tankers,SARRT,Ras Tanura,2023-01-25,2023-01-28,16,0.0,26.65,50.16,51
IMO9215036,Chafa,Tankers,SAYNB,Yanbu,2023-02-07,2023-02-10,10,673.9,24.09,38.06,52
IMO9215036,Chafa,Tankers,SARRT,Ras Tanura,2023-03-03,2023-03-06,21,673.9,26.65,50.16,53
IMO9215036,Chafa,Tankers,SARRT,Ras Tanura,2023-04-13,2023-04-16,38,0.0,26.65,50.16,54
IMO9215036,Chafa,Tankers,SARRT,Ras Tanura,2023-05-30,2023-06-02,44,0.0,26.65,50.16,55
IMO9215036,Chafa,Tankers,SARRT,Ras Tanura,2023-06-19,2023-06-22,17,0.0,26.65,50.16,56
IMO9215036,Chafa,Tankers,SARRT,Ras Tanura,2023-07-18,2023-07-21,26,0.0,26.65,50.16,57
IMO9215036,Chafa,Tankers,SARRT,Ras Tanura,2023-08-18,2023-08-21,28,0.0,26.65,50.16,58
IMO9215036,Chafa,Tankers,SARRT,Ras Tanura,2023-09-19,2023-09-22,29,0.0,26.65,50.16,59
IMO9215036,Chafa,Tankers,SARRT,Ras Tanura,2023-10-16,2023-10-19,24,0.0,26.65,50.16,60
IMO9215036,Chafa,Tankers,SARRT,Ras Tanura,2023-11-27,2023-11-30,39,0.0,26.65,50.16,61
IMO9215036,Chafa,Tankers,SARRT,Ras Tanura,2023-12-05,2023-12-08,5,0.0,26.65,50.16,62
IMO9215036,Chafa,Tankers,SARRT,Ras Tanura,2023-12-20,2023-12-23,12,0.0,26.65,50.16,63
IMO9215036,Chafa,Tankers,SARRT,Ras Tanura,2024-01-23,2024-01-26,31,0.0,26.65,50.16,64
IMO9215036,Chafa,Tankers,INSIK,Sikka / Jamnagar,2024-02-09,2024-02-12,14,1103.0,22.43,69.84,65
IMO9215036,Chafa,Tankers,SARRT,Ras Tanura,2024-02-13,2024-02-16,1,1103.0,26.65,50.16,66
IMO9215036,Chafa,Tankers,SARRT,Ras Tanura,2024-03-04,2024-03-07,17,0.0,26.65,50.16,67
IMO9215036,Chafa,Tankers,SARRT,Ras Tanura,2024-05-03,2024-05-06,57,0.0,26.65,50.16,68
IMO9215036,Chafa,Tankers,SARRT,Ras Tanura,2024-05-17,2024-05-20,11,0.0,26.65,50.16,69
IMO9215036,Chafa,Tankers,SARRT,Ras Tanura,2024-07-17,2024-07-20,58,0.0,26.65,50.16,70
IMO9215036,Chafa,Tankers,SARRT,Ras Tanura,2024-08-09,2024-08-12,20,0.0,26.65,50.16,71
IMO9215036,Chafa,Tankers,SARRT,Ras Tanura,2024-09-05,2024-09-08,24,0.0,26.65,50.16,72
IMO9215036,Chafa,Tankers,SARRT,Ras Tanura,2024-10-23,2024-10-26,45,0.0,26.65,50.16,73
IMO9215036,Chafa,Tankers,INSIK,Sikka / Jamnagar,2024-11-09,2024-11-12,14,1103.0,22.43,69.84,74
IMO9215036,Chafa,Tankers,SARRT,Ras Tanura,2024-12-26,2024-12-29,44,1103.0,26.65,50.16,75
IMO9215036,Chafa,Tankers,SARRT,Ras Tanura,2025-01-17,2025-01-20,19,0.0,26.65,50.16,76
IMO9215036,Chafa,Tankers,SARRT,Ras Tanura,2025-02-21,2025-02-24,32,0.0,26.65,50.16,77
IMO9215036,Chafa,Tankers,SARRT,Ras Tanura,2025-03-19,2025-03-22,23,0.0,26.65,50.16,78
IMO9215036,Chafa,Tankers,SARRT,Ras Tanura,2025-04-17,2025-04-20,26,0.0,26.65,50.16,79
IMO9215036,Chafa,Tankers,AEFJR,Fujairah,2025-07-31,2025-08-03,102,346.0,25.13,56.34,80
IMO9215036,Chafa,Tankers,SARRT,Ras Tanura,2025-09-17,2025-09-20,45,346.0,26.65,50.16,81
IMO9215036,Chafa,Tankers,SARRT,Ras Tanura,2025-10-08,2025-10-11,18,0.0,26.65,50.16,82
IMO9215036,Chafa,Tankers,SARRT,Ras Tanura,2025-10-28,2025-10-31,17,0.0,26.65,50.16,83
IMO9216298,Trader IV,LNG,NGBON,Bonny,2002-03-12,2002-03-15,0,0.0,4.45,7.16,1
IMO9216298,Trader IV,LNG,NGBON,Bonny,2002-03-29,2002-04-01,14,0.0,4.45,7.16,2
IMO9216385,Pacific Venus,LPG,USHOU,Houston,2021-05-27,2021-05-30,0,0.0,29.74,-95.27,1
IMO9216385,Pacific Venus,LPG,USHOU,Houston,2021-07-01,2021-07-04,32,0.0,29.74,-95.27,2
IMO9216385,Pacific Venus,LPG,USHOU,Houston,2022-04-21,2022-04-24,291,0.0,29.74,-95.27,3
IMO9216385,Pacific Venus,LPG,USHOU,Houston,2022-11-10,2022-11-13,200,0.0,29.74,-95.27,4
IMO9216385,Pacific Venus,LPG,USHOU,Houston,2022-12-21,2022-12-24,38,0.0,29.74,-95.27,5
IMO9216705,Maria A. Angelicoussis,Tankers,INSIK,Sikka / Jamnagar,2019-09-18,2019-09-21,14,0.0,22.43,69.84,1
IMO9216705,Maria A. Angelicoussis,Tankers,INSIK,Sikka / Jamnagar,2019-10-05,2019-10-08,14,0.0,22.43,69.84,2
IMO9216717,Antonis I. Angelicoussis,Tankers,INSIK,Sikka / Jamnagar,2019-12-13,2019-12-16,14,0.0,22.43,69.84,1
IMO9216717,Antonis I. Angelicoussis o/o Maria A. Angelicoussis (00),Tankers,KWMFA,Mina Al Ahmadi,2020-06-04,2020-06-07,0,0.0,29.07,48.15,1
IMO9219056,R’bury Alina L,Tankers,SARRT,Ras Tanura,2018-10-10,2018-10-13,0,0.0,26.65,50.16,1
IMO9219056,Ridgebury Alina L,Tankers,SGSIN,Singapore,2018-11-26,2018-11-29,14,0.0,1.28,103.85,1
IMO9219056,Ridgebury Alina L,Tankers,INSIK,Sikka / Jamnagar,2018-12-13,2018-12-16,14,2355.7,22.43,69.84,2
IMO9219056,Ridgebury Alina L,Tankers,SGSIN,Singapore,2018-12-30,2019-01-02,14,2355.7,1.28,103.85,3
IMO9219056,Ridgebury Alina L,Tankers,DZAZW,Arzew,2019-08-06,2019-08-09,216,6044.3,35.85,-0.31,4
IMO9219056,Ridgebury Alina L,Tankers,QARLF,Ras Laffan,2019-09-09,2019-09-12,31,2705.1,25.92,51.53,5
IMO9219056,Ridgebury Alina L,Tankers,DZAZW,Arzew,2019-11-19,2019-11-22,68,2705.1,35.85,-0.31,6
IMO9219056,Ridgebury Alina L,Tankers,CNNGB,Ningbo-Zhoushan,2019-12-06,2019-12-09,14,5676.8,29.87,121.55,7
IMO9220720,Astipalaia,Tankers,SARRT,Ras Tanura,2019-11-26,2019-11-29,0,0.0,26.65,50.16,1
IMO9221918,Trident Tenacity,Tankers,SARRT,Ras Tanura,2020-08-18,2020-08-21,0,0.0,26.65,50.16,1
IMO9221970,Hs Alcina,Tankers,SGSIN,Singapore,2018-03-19,2018-03-22,14,0.0,1.28,103.85,1
IMO9222455,Marbella,Tankers,SARRT,Ras Tanura,2019-04-01,2019-04-04,0,0.0,26.65,50.16,1
IMO9222455,Marbella,Tankers,KWMFA,Mina Al Ahmadi,2019-06-20,2019-06-23,77,180.3,29.07,48.15,2
IMO9222455,Marbella,Tankers,SARRT,Ras Tanura,2019-08-22,2019-08-25,60,180.3,26.65,50.16,3
IMO9222455,Marbella,Tankers,INSIK,Sikka / Jamnagar,2019-09-08,2019-09-11,14,1103.0,22.43,69.84,4
IMO9222455,Marbella,Tankers,SARRT,Ras Tanura,2019-09-20,2019-09-23,9,1103.0,26.65,50.16,5
IMO9222455,Marbella,Tankers,SARRT,Ras Tanura,2019-10-09,2019-10-12,16,0.0,26.65,50.16,6
IMO9222583,DYANCOM TBN,Tankers,SARRT,Ras Tanura,2022-11-21,2022-11-24,0,0.0,26.65,50.16,1
IMO9222828,BW Yushi,LPG,USHOU,Houston,2022-02-10,2022-02-13,0,0.0,29.74,-95.27,1
IMO9222828,BW Yushi,LPG,USHOU,Houston,2022-09-15,2022-09-18,214,0.0,29.74,-95.27,2
IMO9222828,BW Yushi,LPG,USHOU,Houston,2023-03-16,2023-03-19,179,0.0,29.74,-95.27,3
IMO9224271,Maria Grace,Tankers,SARRT,Ras Tanura,2018-06-19,2018-06-22,0,0.0,26.65,50.16,1
IMO9224271,Maria Grace,Tankers,DZAZW,Arzew,2019-04-11,2019-04-14,293,2619.7,35.85,-0.31,2
IMO9224271,Maria Grace,Tankers,SARRT,Ras Tanura,2019-10-14,2019-10-17,183,2619.7,26.65,50.16,3
IMO9224271,Maria Grace,Tankers,SARRT,Ras Tanura,2019-11-07,2019-11-10,21,0.0,26.65,50.16,4
IMO9224271,Maria Grace,Tankers,SARRT,Ras Tanura,2021-01-31,2021-02-03,448,0.0,26.65,50.16,5
IMO9224271,Maria Grace,Tankers,SARRT,Ras Tanura,2021-03-02,2021-03-05,27,0.0,26.65,50.16,6
IMO9224283,Nordic Moon,Tankers,DZAZW,Arzew,2018-06-15,2018-06-18,0,0.0,35.85,-0.31,1
IMO9224283,Nordic Moon,Tankers,SGSIN,Singapore,2018-07-02,2018-07-05,14,6044.3,1.28,103.85,2
IMO9224283,Nordic Moon,Tankers,SARRT,Ras Tanura,2019-01-23,2019-01-26,202,3444.8,26.65,50.16,3
IMO9224283,Nordic Moon,Tankers,SGSIN,Singapore,2019-02-09,2019-02-12,14,3444.8,1.28,103.85,4
IMO9224283,Nordic Moon,Tankers,NGBON,Bonny,2020-01-05,2020-01-08,327,5798.0,4.45,7.16,5
IMO9224283,Nordic Moon,Tankers,SARRT,Ras Tanura,2020-02-27,2020-03-01,50,2800.7,26.65,50.16,6
IMO9224283,Nordic Moon,Tankers,SGSIN,Singapore,2021-03-25,2021-03-28,389,3444.8,1.28,103.85,7
IMO9224283,Nordic Moon,Tankers,KWMFA,Mina Al Ahmadi,2021-05-06,2021-05-09,39,3589.4,29.07,48.15,8
IMO9224283,Nordic Moon,Tankers,INSIK,Sikka / Jamnagar,2021-05-23,2021-05-26,14,1236.5,22.43,69.84,9
IMO9224283,Nordic Moon,Tankers,SARRT,Ras Tanura,2021-11-02,2021-11-05,160,1103.0,26.65,50.16,10
IMO9224283,Nordic Moon,Tankers,INSIK,Sikka / Jamnagar,2021-11-19,2021-11-22,14,1103.0,22.43,69.84,11
IMO9224283,Nordic Moon,Tankers,SARRT,Ras Tanura,2021-12-22,2021-12-25,30,1103.0,26.65,50.16,12
IMO9224283,Nordic Moon,Tankers,SARRT,Ras Tanura,2022-03-04,2022-03-07,69,0.0,26.65,50.16,13
IMO9224283,Nordic Moon,Tankers,SARRT,Ras Tanura,2022-03-28,2022-03-31,21,0.0,26.65,50.16,14
IMO9224283,Nordic Moon,Tankers,NLRTM,Rotterdam,2026-01-29,2026-02-01,1400,2547.4,51.92,4.47,15
IMO9224439,Scf Altai,Tankers,NLRTM,Rotterdam,2018-04-18,2018-04-21,0,0.0,51.92,4.47,1
IMO9224439,Scf Altai,Tankers,SGSIN,Singapore,2018-05-05,2018-05-08,14,5689.2,1.28,103.85,2
IMO9224439,Scf Altai,Tankers,SGSIN,Singapore,2018-05-22,2018-05-25,14,0.0,1.28,103.85,3
IMO9224439,Scf Altai,Tankers,SAYNB,Yanbu,2018-10-11,2018-10-14,139,4050.1,24.09,38.06,4
IMO9224439,Scf Altai,Tankers,SAYNB,Yanbu,2019-04-10,2019-04-13,178,0.0,24.09,38.06,5
IMO9224439,Scf Altai,Tankers,SAYNB,Yanbu,2019-06-04,2019-06-07,52,0.0,24.09,38.06,6
IMO9224439,Scf Altai,Tankers,SGSIN,Singapore,2019-06-21,2019-06-24,14,4050.1,1.28,103.85,7
IMO9224439,Scf Altai,Tankers,NLRTM,Rotterdam,2019-07-08,2019-07-11,14,5689.2,51.92,4.47,8
IMO9224441,Scf Caucasus,Tankers,DZAZW,Arzew,2018-04-10,2018-04-13,0,0.0,35.85,-0.31,1
IMO9224441,Scf Caucasus,Tankers,SAYNB,Yanbu,2018-11-12,2018-11-15,213,2101.2,24.09,38.06,2
IMO9224441,Scf Caucasus,Tankers,SGSIN,Singapore,2018-11-29,2018-12-02,14,4050.1,1.28,103.85,3
IMO9224441,Scf Caucasus,Tankers,DZAZW,Arzew,2019-07-08,2019-07-11,218,6044.3,35.85,-0.31,4
IMO9224441,Scf Caucasus,Tankers,SGSIN,Singapore,2020-03-27,2020-03-30,260,6044.3,1.28,103.85,5
IMO9224441,Bear Alcor,Tankers,INSIK,Sikka / Jamnagar,2023-04-27,2023-04-30,14,0.0,22.43,69.84,1
IMO9224453,Scf Khibiny,Tankers,NLRTM,Rotterdam,2018-02-20,2018-02-23,14,0.0,51.92,4.47,1
IMO9224453,Scf Khibiny,Tankers,DZAZW,Arzew,2018-07-05,2018-07-08,132,986.2,35.85,-0.31,2
IMO9224453,Scf Khibiny,Tankers,SGSIN,Singapore,2018-07-22,2018-07-25,14,6044.3,1.28,103.85,3
IMO9224453,Scf Khibiny,Tankers,KWMFA,Mina Al Ahmadi,2019-01-09,2019-01-12,168,3589.4,29.07,48.15,4
IMO9224453,Scf Khibiny,Tankers,NGBON,Bonny,2019-02-27,2019-03-02,46,2758.1,4.45,7.16,5
IMO9224453,Scf Khibiny,Tankers,DZAZW,Arzew,2019-08-05,2019-08-08,156,1930.1,35.85,-0.31,6
IMO9224465,Scf Sayan,Tankers,SGSIN,Singapore,2018-10-29,2018-11-01,14,0.0,1.28,103.85,1
IMO9224465,Scf Sayan,Tankers,SGSIN,Singapore,2018-11-15,2018-11-18,14,0.0,1.28,103.85,2
IMO9224465,Scf Sayan,Tankers,SGSIN,Singapore,2018-12-02,2018-12-05,14,0.0,1.28,103.85,3
IMO9224465,Scf Sayan,Tankers,CNNGB,Ningbo-Zhoushan,2018-12-19,2018-12-22,14,1991.7,29.87,121.55,4
IMO9224465,Scf Sayan,Tankers,SGSIN,Singapore,2019-01-05,2019-01-08,14,1991.7,1.28,103.85,5
IMO9224805,Kos,Tankers,SARRT,Ras Tanura,2019-07-30,2019-08-02,0,0.0,26.65,50.16,1
IMO9224805,Kos,Tankers,INSIK,Sikka / Jamnagar,2019-08-16,2019-08-19,14,1103.0,22.43,69.84,2
IMO9224805,Kos,Tankers,INSIK,Sikka / Jamnagar,2019-09-02,2019-09-05,14,0.0,22.43,69.84,3
IMO9224805,Kos,Tankers,SGSIN,Singapore,2019-09-19,2019-09-22,14,2355.7,1.28,103.85,4
IMO9226774,Bahri TBN,Tankers,INSIK,Sikka / Jamnagar,2019-10-09,2019-10-12,14,0.0,22.43,69.84,1
IMO9226774,Bahri TBN,Tankers,SGSIN,Singapore,2019-10-26,2019-10-29,14,2355.7,1.28,103.85,2
IMO9226774,BAHRI TBN,Tankers,SARRT,Ras Tanura,2019-12-13,2019-12-16,0,0.0,26.65,50.16,1
IMO9226774,BAHRI TBN,Tankers,CNNGB,Ningbo-Zhoushan,2019-12-30,2020-01-02,14,3717.6,29.87,121.55,2
IMO9226774,BAHRI TBN,Tankers,INSIK,Sikka / Jamnagar,2020-01-16,2020-01-19,14,2799.7,22.43,69.84,3
IMO9226774,Bahri TBN,Tankers,SARRT,Ras Tanura,2024-08-12,2024-08-15,1749,3444.8,26.65,50.16,3
IMO9226968,Amore Mio Ii,Tankers,CNNGB,Ningbo-Zhoushan,2018-06-25,2018-06-28,14,0.0,29.87,121.55,1
IMO9227479,Maran Cygnus,Tankers,INSIK,Sikka / Jamnagar,2019-06-20,2019-06-23,14,0.0,22.43,69.84,1
IMO9227615,Contango,Dry Bulk,AUNCL,Newcastle,2025-01-23,2025-01-26,0,0.0,-32.92,151.78,1
IMO9228655,Tonos O/O,Tankers,AEFJR,Fujairah,2018-02-06,2018-02-09,0,0.0,25.13,56.34,1
IMO9228655,Tonos,Tankers,AEFJR,Fujairah,2018-02-08,2018-02-11,0,0.0,25.13,56.34,1
IMO9228655,Tonos O/O,Tankers,SGSIN,Singapore,2018-02-23,2018-02-26,14,3099.3,1.28,103.85,2
IMO9228655,Tonos,Tankers,SGSIN,Singapore,2018-02-25,2018-02-28,14,3099.3,1.28,103.85,2
IMO9228655,Tonos,Tankers,DZAZW,Arzew,2019-09-05,2019-09-08,554,6044.3,35.85,-0.31,3
IMO9228655,Tonos,Tankers,SARRT,Ras Tanura,2019-11-21,2019-11-24,74,2619.7,26.65,50.16,4
IMO9228655,Tonos,Tankers,INSIK,Sikka / Jamnagar,2019-12-08,2019-12-11,14,1103.0,22.43,69.84,5
IMO9229295,Cap Diamant,Tankers,AEFJR,Fujairah,2019-11-11,2019-11-14,0,0.0,25.13,56.34,1
IMO9229295,Cap Diamant,Tankers,SGSIN,Singapore,2019-11-28,2019-12-01,14,3099.3,1.28,103.85,2
IMO9229295,Cap Diamant,Tankers,SGSIN,Singapore,2019-12-15,2019-12-18,14,0.0,1.28,103.85,3
IMO9229374,Silia T,Tankers,DZAZW,Arzew,2018-02-28,2018-03-03,0,0.0,35.85,-0.31,1
IMO9229374,Simba,Tankers,INSIK,Sikka / Jamnagar,2023-01-15,2023-01-18,14,0.0,22.43,69.84,1
IMO9229374,Simba,Tankers,RUPRI,Primorsk,2023-03-30,2023-04-02,71,2852.7,60.36,28.61,2
IMO9229374,Simba,Tankers,RUPRI,Primorsk,2023-05-09,2023-05-12,37,0.0,60.36,28.61,3
IMO9229386,Nordic Passat,Tankers,DZAZW,Arzew,2018-03-27,2018-03-30,0,0.0,35.85,-0.31,1
IMO9229386,Nordic Passat,Tankers,INSIK,Sikka / Jamnagar,2018-04-13,2018-04-16,14,3689.7,22.43,69.84,2
IMO9229386,Nordic Passat,Tankers,SARRT,Ras Tanura,2020-05-15,2020-05-18,760,1103.0,26.65,50.16,3
IMO9229386,Nordic Passat,Tankers,AEFJR,Fujairah,2020-06-01,2020-06-04,14,346.0,25.13,56.34,4
IMO9229823,Mygas,LPG,USHOU,Houston,2021-01-14,2021-01-17,0,0.0,29.74,-95.27,1
IMO9229823,Mygas,LPG,USHOU,Houston,2021-04-22,2021-04-25,95,0.0,29.74,-95.27,2
IMO9230048,Seapeak Hispania,LNG,SGSIN,Singapore,2010-12-31,2011-01-03,0,0.0,1.28,103.85,1
IMO9230048,Seapeak Hispania,LNG,SGSIN,Singapore,2011-01-17,2011-01-20,14,0.0,1.28,103.85,2
IMO9230048,Seapeak Hispania,LNG,NLRTM,Rotterdam,2022-10-21,2022-10-24,4292,5689.2,51.92,4.47,3
IMO9230048,Seapeak Hispania,LNG,NLRTM,Rotterdam,2022-11-07,2022-11-10,14,0.0,51.92,4.47,4
IMO9230050,Excalibur,LNG,SGSIN,Singapore,2010-12-31,2011-01-03,0,0.0,1.28,103.85,1
IMO9230050,Excalibur,LNG,SGSIN,Singapore,2011-01-17,2011-01-20,14,0.0,1.28,103.85,2
IMO9230050,Excalibur,LNG,DZAZW,Arzew,2020-06-04,2020-06-07,3423,6044.3,35.85,-0.31,3
IMO9230050,Excalibur,LNG,DZAZW,Arzew,2020-06-21,2020-06-24,14,0.0,35.85,-0.31,4
IMO9230050,Excalibur,LNG,SGSIN,Singapore,2020-12-17,2020-12-20,176,6044.3,1.28,103.85,5
IMO9230050,Excalibur,LNG,SGSIN,Singapore,2021-01-03,2021-01-06,14,0.0,1.28,103.85,6
IMO9230050,Excalibur,LNG,USSPG,Sabine Pass,2021-04-01,2021-04-04,85,8686.4,29.73,-93.87,7
IMO9230050,Excalibur,LNG,USSPG,Sabine Pass,2021-04-18,2021-04-21,14,0.0,29.73,-93.87,8
IMO9230505,New Legend,Tankers,SARRT,Ras Tanura,2018-03-27,2018-03-30,0,0.0,26.65,50.16,1
IMO9230505,New Legend,Tankers,INSIK,Sikka / Jamnagar,2018-04-13,2018-04-16,14,1103.0,22.43,69.84,2
IMO9230505,New Legend,Tankers,SARRT,Ras Tanura,2018-07-05,2018-07-08,80,1103.0,26.65,50.16,3
IMO9230505,New Legend,Tankers,SARRT,Ras Tanura,2018-07-27,2018-07-30,19,0.0,26.65,50.16,4
IMO9230505,New Legend,Tankers,SARRT,Ras Tanura,2018-07-30,2018-08-02,1,0.0,26.65,50.16,5
IMO9230505,New Legend,Tankers,SARRT,Ras Tanura,2018-10-10,2018-10-13,69,0.0,26.65,50.16,6
IMO9230505,New Legend,Tankers,SARRT,Ras Tanura,2018-10-30,2018-11-02,17,0.0,26.65,50.16,7
IMO9230505,New Legend,Tankers,SARRT,Ras Tanura,2018-11-02,2018-11-05,1,0.0,26.65,50.16,8
IMO9230505,New Legend,Tankers,INSIK,Sikka / Jamnagar,2018-11-19,2018-11-22,14,1103.0,22.43,69.84,9
IMO9230505,New Legend,Tankers,SARRT,Ras Tanura,2018-12-03,2018-12-06,11,1103.0,26.65,50.16,10
IMO9230505,New Legend,Tankers,INSIK,Sikka / Jamnagar,2018-12-20,2018-12-23,14,1103.0,22.43,69.84,11
IMO9230505,New Legend,Tankers,AEFJR,Fujairah,2019-03-06,2019-03-09,73,758.9,25.13,56.34,12
IMO9230505,New Legend,Tankers,SGSIN,Singapore,2019-03-23,2019-03-26,14,3099.3,1.28,103.85,13
IMO9230505,New Legend,Tankers,SARRT,Ras Tanura,2019-07-18,2019-07-21,114,3444.8,26.65,50.16,14
IMO9230505,New Legend,Tankers,CNNGB,Ningbo-Zhoushan,2019-08-04,2019-08-07,14,3717.6,29.87,121.55,15
IMO9230505,New Legend,Tankers,KWMFA,Mina Al Ahmadi,2020-02-07,2020-02-10,184,3765.1,29.07,48.15,16
IMO9230505,New Legend,Tankers,AEFJR,Fujairah,2020-03-03,2020-03-06,22,497.4,25.13,56.34,17
IMO9230505,New Legend,Tankers,SARRT,Ras Tanura,2020-04-28,2020-05-01,53,346.0,26.65,50.16,18
IMO9230505,New Legend,Tankers,SARRT,Ras Tanura,2020-05-06,2020-05-09,5,0.0,26.65,50.16,19
IMO9230505,New Legend,Tankers,SARRT,Ras Tanura,2020-05-22,2020-05-25,13,0.0,26.65,50.16,20
IMO9230505,New Legend,Tankers,SARRT,Ras Tanura,2020-07-27,2020-07-30,63,0.0,26.65,50.16,21
IMO9230505,New Legend,Tankers,AEFJR,Fujairah,2020-09-01,2020-09-04,33,346.0,25.13,56.34,22
IMO9230505,New Legend,Tankers,SARRT,Ras Tanura,2020-09-03,2020-09-06,1,3444.8,26.65,50.16,24
IMO9230505,New Legend,Tankers,SGSIN,Singapore,2020-09-18,2020-09-21,14,3099.3,1.28,103.85,23
IMO9230505,New Legend,Tankers,INSIK,Sikka / Jamnagar,2020-09-20,2020-09-23,14,1103.0,22.43,69.84,25
IMO9230505,New Legend,Tankers,AEFJR,Fujairah,2020-10-26,2020-10-29,33,758.9,25.13,56.34,26
IMO9230505,New Legend,Tankers,KWMFA,Mina Al Ahmadi,2020-11-09,2020-11-12,1,3589.4,29.07,48.15,28
IMO9230505,New Legend,Tankers,SGSIN,Singapore,2020-11-12,2020-11-15,14,3099.3,1.28,103.85,27
IMO9230505,New Legend,Tankers,SARRT,Ras Tanura,2020-12-04,2020-12-07,22,180.3,26.65,50.16,29
IMO9230505,New Legend,Tankers,KWMFA,Mina Al Ahmadi,2020-12-23,2020-12-26,16,180.3,29.07,48.15,30
IMO9230505,New Legend,Tankers,KWMFA,Mina Al Ahmadi,2021-03-31,2021-04-03,95,0.0,29.07,48.15,31
IMO9230505,New Legend,Tankers,SARRT,Ras Tanura,2021-07-19,2021-07-22,107,180.3,26.65,50.16,32
IMO9230505,New Legend,Tankers,KWMFA,Mina Al Ahmadi,2021-09-06,2021-09-09,46,180.3,29.07,48.15,33
IMO9230505,New Legend,Tankers,SARRT,Ras Tanura,2021-10-05,2021-10-08,26,180.3,26.65,50.16,34
IMO9230505,New Legend,Tankers,SARRT,Ras Tanura,2021-10-08,2021-10-11,1,0.0,26.65,50.16,35
IMO9230505,New Legend,Tankers,SARRT,Ras Tanura,2022-02-16,2022-02-19,128,0.0,26.65,50.16,36
IMO9230505,New Legend,Tankers,SARRT,Ras Tanura,2022-02-28,2022-03-03,9,0.0,26.65,50.16,37
IMO9230517,New Pride,Tankers,KWMFA,Mina Al Ahmadi,2018-02-01,2018-02-04,0,0.0,29.07,48.15,1
IMO9230517,New Pride,Tankers,SARRT,Ras Tanura,2018-02-27,2018-03-02,23,180.3,26.65,50.16,2
IMO9230517,New Pride,Tankers,INSIK,Sikka / Jamnagar,2018-03-16,2018-03-19,14,1103.0,22.43,69.84,3
IMO9230517,New Pride,Tankers,SARRT,Ras Tanura,2018-06-11,2018-06-14,84,1103.0,26.65,50.16,4
IMO9230517,New Pride,Tankers,KWMFA,Mina Al Ahmadi,2018-11-06,2018-11-09,145,180.3,29.07,48.15,5
IMO9230517,New Pride,Tankers,INSIK,Sikka / Jamnagar,2018-11-23,2018-11-26,14,1236.5,22.43,69.84,6
IMO9230517,New Pride,Tankers,SGSIN,Singapore,2018-12-10,2018-12-13,14,2355.7,1.28,103.85,7
IMO9230517,New Pride,Tankers,SARRT,Ras Tanura,2019-05-20,2019-05-23,158,3444.8,26.65,50.16,8
IMO9230517,New Pride,Tankers,SARRT,Ras Tanura,2019-06-28,2019-07-01,36,0.0,26.65,50.16,9
IMO9230517,New Pride,Tankers,SARRT,Ras Tanura,2019-08-28,2019-08-31,58,0.0,26.65,50.16,10
IMO9230517,New Pride,Tankers,SARRT,Ras Tanura,2020-01-30,2020-02-02,152,0.0,26.65,50.16,11
IMO9230517,New Pride,Tankers,SARRT,Ras Tanura,2020-04-15,2020-04-18,73,0.0,26.65,50.16,12
IMO9230517,New Pride,Tankers,KWMFA,Mina Al Ahmadi,2020-07-01,2020-07-04,74,180.3,29.07,48.15,13
IMO9230517,New Pride,Tankers,SARRT,Ras Tanura,2020-10-19,2020-10-22,107,180.3,26.65,50.16,14
IMO9230517,New Pride,Tankers,SARRT,Ras Tanura,2020-11-05,2020-11-08,14,0.0,26.65,50.16,15
IMO9230517,New Pride,Tankers,INSIK,Sikka / Jamnagar,2020-11-22,2020-11-25,14,1103.0,22.43,69.84,16
IMO9230517,New Pride,Tankers,AEFJR,Fujairah,2021-02-10,2021-02-13,77,758.9,25.13,56.34,17
IMO9230517,New Pride,Tankers,SGSIN,Singapore,2021-02-27,2021-03-02,14,3099.3,1.28,103.85,18
IMO9230517,New Pride,Tankers,AEFJR,Fujairah,2021-03-24,2021-03-27,22,3099.3,25.13,56.34,19
IMO9230517,New Pride,Tankers,SARRT,Ras Tanura,2021-09-13,2021-09-16,170,346.0,26.65,50.16,20
IMO9230517,New Pride,Tankers,SARRT,Ras Tanura,2021-11-09,2021-11-12,54,0.0,26.65,50.16,21
IMO9230517,New Pride,Tankers,SARRT,Ras Tanura,2021-11-26,2021-11-29,14,0.0,26.65,50.16,22
IMO9230517,New Pride,Tankers,SARRT,Ras Tanura,2021-12-20,2021-12-23,21,0.0,26.65,50.16,23
IMO9230517,New Pride,Tankers,AEFJR,Fujairah,2022-06-26,2022-06-29,185,346.0,25.13,56.34,24
IMO9230517,New Pride,Tankers,SARRT,Ras Tanura,2022-10-07,2022-10-10,100,346.0,26.65,50.16,25
IMO9230517,New Pride,Tankers,SARRT,Ras Tanura,2022-10-20,2022-10-23,10,0.0,26.65,50.16,26
IMO9230798,Vega Star,LPG,USHOU,Houston,2020-09-17,2020-09-20,0,0.0,29.74,-95.27,1
IMO9230798,Vega Star,LPG,USHOU,Houston,2022-01-13,2022-01-16,480,0.0,29.74,-95.27,2
IMO9230798,Vega Star,LPG,USHOU,Houston,2022-03-31,2022-04-03,74,0.0,29.74,-95.27,3
IMO9230798,Vega Star,LPG,USHOU,Houston,2022-12-16,2022-12-19,257,0.0,29.74,-95.27,4
IMO9230798,Vega Star,LPG,USHOU,Houston,2023-02-23,2023-02-26,66,0.0,29.74,-95.27,5
IMO9230798,Vega Star,LPG,USHOU,Houston,2023-07-06,2023-07-09,130,0.0,29.74,-95.27,6
IMO9230878,Eagle Virginia,Tankers,INSIK,Sikka / Jamnagar,2020-09-17,2020-09-20,14,0.0,22.43,69.84,1
IMO9230892,Nordic Grace,Tankers,NGBON,Bonny,2018-02-26,2018-03-01,0,0.0,4.45,7.16,1
IMO9230892,Nordic Grace,Tankers,QARLF,Ras Laffan,2018-04-24,2018-04-27,54,2855.1,25.92,51.53,2
IMO9230892,Nordic Grace,Tankers,QARLF,Ras Laffan,2018-07-03,2018-07-06,67,0.0,25.92,51.53,3
IMO9230892,Nordic Grace,Tankers,AEFJR,Fujairah,2019-11-01,2019-11-04,483,264.9,25.13,56.34,4
IMO9230892,Nordic Grace,Tankers,SGSIN,Singapore,2019-11-18,2019-11-21,14,3099.3,1.28,103.85,5
IMO9230892,Nordic Grace,Tankers,SARRT,Ras Tanura,2021-03-17,2021-03-20,482,3444.8,26.65,50.16,6
IMO9230907,Good News,Tankers,INSIK,Sikka / Jamnagar,2019-12-26,2019-12-29,14,0.0,22.43,69.84,1
IMO9230907,Good News,Tankers,SARRT,Ras Tanura,2021-11-22,2021-11-25,694,1103.0,26.65,50.16,2
IMO9230969,Ridgebury Artois,Tankers,KWMFA,Mina Al Ahmadi,2019-07-24,2019-07-27,0,0.0,29.07,48.15,1
IMO9231509,Scf Ural,Tankers,NLRTM,Rotterdam,2018-10-08,2018-10-11,0,0.0,51.92,4.47,1
IMO9231509,Scf Ural,Tankers,SGSIN,Singapore,2018-10-25,2018-10-28,14,5689.2,1.28,103.85,2
IMO9231509,Scf Ural,Tankers,CNNGB,Ningbo-Zhoushan,2018-11-11,2018-11-14,14,1991.7,29.87,121.55,3
IMO9231509,Scf Ural,Tankers,SGSIN,Singapore,2018-11-28,2018-12-01,14,1991.7,1.28,103.85,4
IMO9231509,Scf Ural,Tankers,NLRTM,Rotterdam,2018-12-15,2018-12-18,14,5689.2,51.92,4.47,5
IMO9231509,Scf Ural,Tankers,SARRT,Ras Tanura,2020-03-31,2020-04-03,469,2547.4,26.65,50.16,6
IMO9231509,Scf Ural,Tankers,SAYNB,Yanbu,2020-05-07,2020-05-10,34,673.9,24.09,38.06,7
IMO9231509,Scf Ural,Tankers,SGSIN,Singapore,2020-05-24,2020-05-27,14,4050.1,1.28,103.85,8
IMO9231509,Scf Ural,Tankers,SARRT,Ras Tanura,2021-02-17,2021-02-20,266,3444.8,26.65,50.16,9
IMO9231509,Scf Ural,Tankers,SARRT,Ras Tanura,2021-09-27,2021-09-30,219,0.0,26.65,50.16,10
IMO9231509,Scf Ural,Tankers,SGSIN,Singapore,2021-10-12,2021-10-15,12,3444.8,1.28,103.85,11
IMO9231509,Scf Ural,Tankers,AEFJR,Fujairah,2021-12-15,2021-12-18,61,3099.3,25.13,56.34,12
IMO9231767,Supreme,Tankers,AEFJR,Fujairah,2018-10-17,2018-10-20,0,0.0,25.13,56.34,1
IMO9231767,Supreme,Tankers,SGSIN,Singapore,2018-11-03,2018-11-06,14,3099.3,1.28,103.85,2
IMO9231767,Supreme,Tankers,SAYNB,Yanbu,2019-05-10,2019-05-13,185,4050.1,24.09,38.06,3
IMO9231767,Supreme,Tankers,DZAZW,Arzew,2020-11-04,2020-11-07,541,2101.2,35.85,-0.31,4
IMO9231767,Supreme,Tankers,SGSIN,Singapore,2020-11-21,2020-11-24,14,6044.3,1.28,103.85,5
IMO9232759,Chaparral,LPG,SARRT,Ras Tanura,2020-10-08,2020-10-11,0,0.0,26.65,50.16,1
IMO9232759,Chaparral,LPG,QARLF,Ras Laffan,2020-12-03,2020-12-06,53,85.8,25.92,51.53,2
IMO9232759,Chaparral,LPG,SAYNB,Yanbu,2021-07-22,2021-07-25,228,740.8,24.09,38.06,3
IMO9232759,Chaparral,LPG,USHOU,Houston,2022-02-10,2022-02-13,200,6602.3,29.74,-95.27,4
IMO9232759,Chaparral,LPG,USHOU,Houston,2023-01-12,2023-01-15,333,0.0,29.74,-95.27,5
IMO9232864,Mabrouk,Tankers,DZAZW,Arzew,2022-07-19,2022-07-22,0,0.0,35.85,-0.31,1
IMO9232929,Cape Bellavista,Tankers,USHOU,Houston,2018-11-13,2018-11-16,14,0.0,29.74,-95.27,1
IMO9232931,Okeanos,Tankers,SGSIN,Singapore,2021-03-01,2021-03-04,14,0.0,1.28,103.85,1
IMO9232931,Okeanos,Tankers,KWMFA,Mina Al Ahmadi,2022-10-03,2022-10-06,578,3589.4,29.07,48.15,2
IMO9233210,Nordic Mistral,Tankers,SGSIN,Singapore,2018-08-03,2018-08-06,14,0.0,1.28,103.85,1
IMO9233210,Nordic Mistral,Tankers,SARRT,Ras Tanura,2020-05-28,2020-05-31,661,3444.8,26.65,50.16,2
IMO9233210,Nordic Mistral,Tankers,INSIK,Sikka / Jamnagar,2020-06-14,2020-06-17,14,1103.0,22.43,69.84,3
IMO9233210,Nordic Mistral,Tankers,SARRT,Ras Tanura,2021-07-14,2021-07-17,392,1103.0,26.65,50.16,4
IMO9233210,Nordic Mistral,Tankers,SARRT,Ras Tanura,2021-11-30,2021-12-03,136,0.0,26.65,50.16,5
IMO9233222,Triathlon,Tankers,DZAZW,Arzew,2019-06-12,2019-06-15,0,0.0,35.85,-0.31,1
IMO9233222,Triathlon,Tankers,SGSIN,Singapore,2019-06-29,2019-07-02,14,6044.3,1.28,103.85,2
IMO9233222,Triathlon,Tankers,SGSIN,Singapore,2019-07-16,2019-07-19,14,0.0,1.28,103.85,3
IMO9233741,Nell Jacob,Tankers,CNNGB,Ningbo-Zhoushan,2020-10-16,2020-10-19,14,0.0,29.87,121.55,1
IMO9233741,Nell Jacob,Tankers,SARRT,Ras Tanura,2021-01-25,2021-01-28,98,3717.6,26.65,50.16,2
IMO9233741,Nell Jacob,Tankers,INSIK,Sikka / Jamnagar,2021-02-11,2021-02-14,14,1103.0,22.43,69.84,3
IMO9233741,Nell Jacob,Tankers,INSIK,Sikka / Jamnagar,2021-02-28,2021-03-03,14,0.0,22.43,69.84,4
IMO9233741,Hali,Tankers,RUPRI,Primorsk,2023-05-10,2023-05-13,0,0.0,60.36,28.61,1
IMO9233753,Eagle,Tankers,KWMFA,Mina Al Ahmadi,2019-09-05,2019-09-08,0,0.0,29.07,48.15,1
IMO9233753,Eagle,Tankers,SARRT,Ras Tanura,2019-12-03,2019-12-06,86,180.3,26.65,50.16,2
IMO9233753,Eagle,Tankers,KWMFA,Mina Al Ahmadi,2020-08-07,2020-08-10,245,180.3,29.07,48.15,3
IMO9233765,Nordic Cosmos,Tankers,SARRT,Ras Tanura,2018-10-17,2018-10-20,0,0.0,26.65,50.16,1
IMO9233765,Nordic Cosmos,Tankers,SGSIN,Singapore,2018-11-03,2018-11-06,14,3444.8,1.28,103.85,2
IMO9233765,Nordic Cosmos,Tankers,AEFJR,Fujairah,2018-11-20,2018-11-23,14,3099.3,25.13,56.34,3
IMO9233765,Nordic Cosmos,Tankers,SGSIN,Singapore,2018-12-07,2018-12-10,14,3099.3,1.28,103.85,4
IMO9233777,Bacaliaros,Tankers,SGSIN,Singapore,2018-08-22,2018-08-25,14,0.0,1.28,103.85,1
IMO9233777,Bacaliaros,Tankers,SGSIN,Singapore,2018-09-08,2018-09-11,14,0.0,1.28,103.85,2
IMO9233777,Bacaliaros,Tankers,SAYNB,Yanbu,2019-08-28,2019-08-31,351,4050.1,24.09,38.06,3
IMO9233777,Bacaliaros,Tankers,CNNGB,Ningbo-Zhoushan,2019-09-14,2019-09-17,14,4380.6,29.87,121.55,4
IMO9233791,Olympic Liberty,Tankers,KWMFA,Mina Al Ahmadi,2020-09-30,2020-10-03,0,0.0,29.07,48.15,1
IMO9234533,Yamabuki,LPG,QARLF,Ras Laffan,2019-04-25,2019-04-28,0,0.0,25.92,51.53,1
IMO9234533,Yamabuki,LPG,AUDRW,Darwin,2023-02-09,2023-02-12,1383,5167.5,-12.46,130.84,2
IMO9234533,Yamabuki,LPG,QARLF,Ras Laffan,2023-04-13,2023-04-16,60,5167.5,25.92,51.53,3
IMO9234533,Yamabuki,LPG,AUDRW,Darwin,2023-08-10,2023-08-13,116,5167.5,-12.46,130.84,4
IMO9234533,Yamabuki,LPG,SAYNB,Yanbu,2023-12-13,2023-12-16,122,5856.6,24.09,38.06,5
IMO9234628,Apollo,Tankers,SARRT,Ras Tanura,2018-01-08,2018-01-11,0,0.0,26.65,50.16,1
IMO9234642,Zarifa Aliyeva,Tankers,DZAZW,Arzew,2018-07-10,2018-07-13,0,0.0,35.85,-0.31,1
IMO9234654,Eagle Vermont,Tankers,INSIK,Sikka / Jamnagar,2020-09-17,2020-09-20,14,0.0,22.43,69.84,1
IMO9236004,Filikon,Tankers,SGSIN,Singapore,2018-05-11,2018-05-14,14,0.0,1.28,103.85,1
IMO9236004,Filikon,Tankers,SGSIN,Singapore,2018-05-28,2018-05-31,14,0.0,1.28,103.85,2
IMO9236004,Filikon,Tankers,SAYNB,Yanbu,2019-11-05,2019-11-08,523,4050.1,24.09,38.06,3
IMO9236004,Filikon,Tankers,CNNGB,Ningbo-Zhoushan,2019-11-22,2019-11-25,14,4380.6,29.87,121.55,4
IMO9236004,Filikon,Tankers,DZAZW,Arzew,2020-01-27,2020-01-30,63,5676.8,35.85,-0.31,5
IMO9236004,Filikon,Tankers,DZAZW,Arzew,2020-02-05,2020-02-08,1,986.2,35.85,-0.31,8
IMO9236004,Filikon,Tankers,CNNGB,Ningbo-Zhoushan,2020-02-13,2020-02-16,14,5676.8,29.87,121.55,6
IMO9236004,Filikon,Tankers,NLRTM,Rotterdam,2020-02-22,2020-02-25,14,986.2,51.92,4.47,9
IMO9236004,Filikon,Tankers,NLRTM,Rotterdam,2020-03-01,2020-03-04,14,4890.7,51.92,4.47,7
IMO9236016,Aldus,Tankers,SARRT,Ras Tanura,2020-05-27,2020-05-30,0,0.0,26.65,50.16,1
IMO9236016,Aldus,Tankers,CNNGB,Ningbo-Zhoushan,2020-06-13,2020-06-16,14,3717.6,29.87,121.55,2
IMO9236250,Poseidon I,Tankers,SGSIN,Singapore,2019-06-28,2019-07-01,14,0.0,1.28,103.85,1
IMO9236250,Poseidon I,Tankers,INSIK,Sikka / Jamnagar,2019-07-15,2019-07-18,14,2355.7,22.43,69.84,2
IMO9236250,Poseidon I,Tankers,SARRT,Ras Tanura,2019-08-05,2019-08-08,18,1103.0,26.65,50.16,3
IMO9236250,Poseidon I,Tankers,INSIK,Sikka / Jamnagar,2019-08-22,2019-08-25,14,1103.0,22.43,69.84,4
IMO9236250,Poseidon I,Tankers,SARRT,Ras Tanura,2019-10-09,2019-10-12,45,1103.0,26.65,50.16,5
IMO9236250,Poseidon I,Tankers,INSIK,Sikka / Jamnagar,2019-10-26,2019-10-29,14,1103.0,22.43,69.84,6
IMO9236353,Iskmati Spirit,Tankers,SARRT,Ras Tanura,2018-10-30,2018-11-02,0,0.0,26.65,50.16,1
IMO9236353,Iskmati Spirit,Tankers,NLRTM,Rotterdam,2018-12-03,2018-12-06,31,2547.4,51.92,4.47,2
IMO9236353,Iskmati Spirit,Tankers,SGSIN,Singapore,2018-12-20,2018-12-23,14,5689.2,1.28,103.85,3
IMO9236432,Bilbao Knutsen,LNG,QARLF,Ras Laffan,2020-08-24,2020-08-27,0,0.0,25.92,51.53,1
IMO9236432,Bilbao Knutsen,LNG,QARLF,Ras Laffan,2020-08-28,2020-08-31,1,0.0,25.92,51.53,3
IMO9236432,Bilbao Knutsen,LNG,QARLF,Ras Laffan,2020-09-10,2020-09-13,14,0.0,25.92,51.53,2
IMO9236432,Bilbao Knutsen,LNG,QARLF,Ras Laffan,2020-09-14,2020-09-17,14,0.0,25.92,51.53,4
IMO9236614,Etyfa Prometheas,LNG,SGSIN,Singapore,2010-01-01,2010-01-04,0,0.0,1.28,103.85,1
IMO9236614,Etyfa Prometheas,LNG,SGSIN,Singapore,2010-01-18,2010-01-21,14,0.0,1.28,103.85,2
IMO9236626,Bw Tatiana,LNG,SGSIN,Singapore,2010-01-01,2010-01-04,0,0.0,1.28,103.85,1
IMO9236626,Bw Tatiana,LNG,SGSIN,Singapore,2010-01-18,2010-01-21,14,0.0,1.28,103.85,2
IMO9236626,Bw Tatiana,LNG,QARLF,Ras Laffan,2020-04-09,2020-04-12,3731,3361.5,25.92,51.53,3
IMO9236626,Bw Tatiana,LNG,QARLF,Ras Laffan,2020-04-26,2020-04-29,14,0.0,25.92,51.53,4
IMO9236626,Bw Tatiana,LNG,QARLF,Ras Laffan,2020-05-04,2020-05-07,5,0.0,25.92,51.53,5
IMO9236626,Bw Tatiana,LNG,QARLF,Ras Laffan,2020-05-21,2020-05-24,14,0.0,25.92,51.53,6
IMO9237527,New Inspiration,Tankers,SARRT,Ras Tanura,2019-07-14,2019-07-17,0,0.0,26.65,50.16,1
IMO9237527,New Inspiration,Tankers,INSIK,Sikka / Jamnagar,2019-07-31,2019-08-03,14,1103.0,22.43,69.84,2
IMO9237527,New Inspiration,Tankers,INSIK,Sikka / Jamnagar,2019-08-17,2019-08-20,14,0.0,22.43,69.84,3
IMO9237527,New Inspiration,Tankers,INSIK,Sikka / Jamnagar,2019-09-03,2019-09-06,14,0.0,22.43,69.84,4
IMO9237527,New Inspiration,Tankers,SARRT,Ras Tanura,2020-02-20,2020-02-23,167,1103.0,26.65,50.16,5
IMO9237527,New Inspiration,Tankers,KWMFA,Mina Al Ahmadi,2020-05-27,2020-05-30,94,180.3,29.07,48.15,6
IMO9237527,New Inspiration,Tankers,SARRT,Ras Tanura,2020-11-30,2020-12-03,184,180.3,26.65,50.16,7
IMO9237527,New Inspiration,Tankers,SARRT,Ras Tanura,2020-12-29,2021-01-01,26,0.0,26.65,50.16,8
IMO9237527,New Inspiration,Tankers,SARRT,Ras Tanura,2021-12-17,2021-12-20,350,0.0,26.65,50.16,9
IMO9237620,Sea Lion,Tankers,SGSIN,Singapore,2019-07-29,2019-08-01,14,0.0,1.28,103.85,1
IMO9237620,Sea Lion,Tankers,SGSIN,Singapore,2019-08-15,2019-08-18,14,0.0,1.28,103.85,2
IMO9237620,Sea Lion,Tankers,KWMFA,Mina Al Ahmadi,2020-10-27,2020-10-30,436,3589.4,29.07,48.15,3
IMO9237620,Sea Lion,Tankers,CNNGB,Ningbo-Zhoushan,2020-11-13,2020-11-16,14,3765.1,29.87,121.55,4
IMO9237620,Sea Lion,Tankers,CNNGB,Ningbo-Zhoushan,2020-11-30,2020-12-03,14,0.0,29.87,121.55,5
IMO9238038,Trader Ii,LNG,MYBTU,Bintulu,2017-12-04,2017-12-07,0,0.0,3.2,113.04,1
IMO9238038,Trader Ii,LNG,MYBTU,Bintulu,2017-12-21,2017-12-24,14,0.0,3.2,113.04,2
IMO9238038,Trader Ii,LNG,SGSIN,Singapore,2021-06-03,2021-06-06,1257,563.2,1.28,103.85,3
IMO9238038,Trader Ii,LNG,SGSIN,Singapore,2021-06-20,2021-06-23,14,0.0,1.28,103.85,4
IMO9238038,Trader Ii,LNG,SGSIN,Singapore,2023-09-25,2023-09-28,824,0.0,1.28,103.85,5
IMO9238038,Trader Ii,LNG,SGSIN,Singapore,2023-10-12,2023-10-15,14,0.0,1.28,103.85,6
IMO9238040,Singapore Energy,LNG,MYBTU,Bintulu,2018-09-14,2018-09-17,0,0.0,3.2,113.04,1
IMO9238040,Singapore Energy,LNG,MYBTU,Bintulu,2018-10-01,2018-10-04,14,0.0,3.2,113.04,2
IMO9238040,Singapore Energy,LNG,MYBTU,Bintulu,2020-11-02,2020-11-05,760,0.0,3.2,113.04,3
IMO9238040,Singapore Energy,LNG,MYBTU,Bintulu,2020-11-19,2020-11-22,14,0.0,3.2,113.04,4
IMO9238672,NISSOS TINOS,Tankers,SGSIN,Singapore,2021-06-28,2021-07-01,14,0.0,1.28,103.85,1
IMO9238672,NISSOS TINOS,Tankers,AEFJR,Fujairah,2021-08-19,2021-08-22,49,3099.3,25.13,56.34,2
IMO9238672,NISSOS TINOS,Tankers,SGSIN,Singapore,2021-09-05,2021-09-08,14,3099.3,1.28,103.85,3
IMO9238868,Olympic Legend,Tankers,KWMFA,Mina Al Ahmadi,2021-04-19,2021-04-22,0,0.0,29.07,48.15,1
IMO9239484,Ashkini Spirit,Tankers,DZAZW,Arzew,2018-06-26,2018-06-29,0,0.0,35.85,-0.31,1
IMO9239484,Ashkini Spirit,Tankers,SGSIN,Singapore,2018-07-13,2018-07-16,14,6044.3,1.28,103.85,2
IMO9239484,Ashkini Spirit,Tankers,CNNGB,Ningbo-Zhoushan,2018-07-30,2018-08-02,14,1991.7,29.87,121.55,3
IMO9239484,Ashkini Spirit,Tankers,NLRTM,Rotterdam,2019-01-10,2019-01-13,161,4890.7,51.92,4.47,4
IMO9239484,Ashkini Spirit,Tankers,SGSIN,Singapore,2019-01-27,2019-01-30,14,5689.2,1.28,103.85,5
IMO9239484,Ashkini Spirit,Tankers,CNNGB,Ningbo-Zhoushan,2019-02-13,2019-02-16,14,1991.7,29.87,121.55,6
IMO9239484,Ashkini Spirit,Tankers,SARRT,Ras Tanura,2019-10-31,2019-11-03,257,3717.6,26.65,50.16,7
IMO9239484,Evagoras,Tankers,SARRT,Ras Tanura,2020-10-13,2020-10-16,0,0.0,26.65,50.16,1
IMO9239484,Evagoras,Tankers,SGSIN,Singapore,2020-10-30,2020-11-02,14,3444.8,1.28,103.85,2
IMO9239484,Evagoras,Tankers,SGSIN,Singapore,2020-11-16,2020-11-19,14,0.0,1.28,103.85,3
IMO9239484,Evagoras,Tankers,DZAZW,Arzew,2021-07-14,2021-07-17,237,6044.3,35.85,-0.31,4
IMO9239484,Evagoras,Tankers,SARRT,Ras Tanura,2021-08-18,2021-08-21,32,2619.7,26.65,50.16,5
IMO9239484,Evagoras,Tankers,DZAZW,Arzew,2022-05-02,2022-05-05,254,2619.7,35.85,-0.31,6
IMO9239484,Evagoras,Tankers,AEFJR,Fujairah,2024-10-31,2024-11-03,910,2959.8,25.13,56.34,7
IMO9239616,Excelsior,LNG,SGSIN,Singapore,2010-12-31,2011-01-03,0,0.0,1.28,103.85,1
IMO9239616,Excelsior,LNG,SGSIN,Singapore,2011-01-17,2011-01-20,14,0.0,1.28,103.85,2
IMO9239774,BW Leo,LPG,USHOU,Houston,2019-03-21,2019-03-24,0,0.0,29.74,-95.27,1
IMO9239774,BW Leo,LPG,SARRT,Ras Tanura,2020-03-19,2020-03-22,361,6881.5,26.65,50.16,2
IMO9239774,BW Leo,LPG,USHOU,Houston,2022-01-13,2022-01-16,662,6881.5,29.74,-95.27,3
IMO9239774,BW Leo,LPG,USHOU,Houston,2022-05-19,2022-05-22,123,0.0,29.74,-95.27,4
IMO9239774,BW Leo,LPG,USHOU,Houston,2022-07-01,2022-07-04,40,0.0,29.74,-95.27,5
IMO9239774,BW Leo,LPG,USHOU,Houston,2023-08-31,2023-09-03,423,0.0,29.74,-95.27,6
IMO9239774,BW Leo,LPG,USHOU,Houston,2023-12-13,2023-12-16,101,0.0,29.74,-95.27,7
IMO9239848,Nordic Pollux,Tankers,SGSIN,Singapore,2018-10-09,2018-10-12,14,0.0,1.28,103.85,1
IMO9239848,Nordic Pollux,Tankers,SGSIN,Singapore,2018-10-26,2018-10-29,14,0.0,1.28,103.85,2
IMO9239848,Nordic Pollux,Tankers,SARRT,Ras Tanura,2019-05-21,2019-05-24,204,3444.8,26.65,50.16,3
IMO9239848,Nordic Pollux,Tankers,AEFJR,Fujairah,2019-10-03,2019-10-06,132,346.0,25.13,56.34,4
IMO9239848,Nordic Pollux,Tankers,SARRT,Ras Tanura,2020-04-22,2020-04-25,199,346.0,26.65,50.16,5
IMO9239848,Nordic Pollux,Tankers,SARRT,Ras Tanura,2021-08-02,2021-08-05,464,0.0,26.65,50.16,6
IMO9239848,Nordic Pollux,Tankers,AEFJR,Fujairah,2021-08-19,2021-08-22,14,346.0,25.13,56.34,7
IMO9239848,Nordic Pollux,Tankers,KWMFA,Mina Al Ahmadi,2021-10-20,2021-10-23,59,497.4,29.07,48.15,8
IMO9239848,Nordic Pollux,Tankers,SGSIN,Singapore,2023-02-19,2023-02-22,484,3589.4,1.28,103.85,9
IMO9239848,Nordic Pollux,Tankers,AEFJR,Fujairah,2024-09-16,2024-09-19,572,3099.3,25.13,56.34,10
IMO9239848,Oba,Tankers,NGBON,Bonny,2026-08-17,2026-08-20,0,0.0,4.45,7.16,1
IMO9240512,Maran Carina,Tankers,INSIK,Sikka / Jamnagar,2019-10-03,2019-10-06,14,0.0,22.43,69.84,1
IMO9240512,Maran Carina,Tankers,SARRT,Ras Tanura,2019-10-08,2019-10-11,2,1103.0,26.65,50.16,2
IMO9240512,Maran Carina,Tankers,INSIK,Sikka / Jamnagar,2019-10-25,2019-10-28,14,1103.0,22.43,69.84,3
IMO9240757,Kithira,LPG,USHOU,Houston,2021-12-16,2021-12-19,0,0.0,29.74,-95.27,1
IMO9240886,Bow Gallant,LPG,USHOU,Houston,2019-05-09,2019-05-12,0,0.0,29.74,-95.27,1
IMO9241199,Gas Honour,LPG,DZAZW,Arzew,2021-11-11,2021-11-14,0,0.0,35.85,-0.31,1
IMO9241607,Seaprince,Tankers,SGSIN,Singapore,2018-02-05,2018-02-08,14,0.0,1.28,103.85,1
IMO9241607,Seaprince,Tankers,QARLF,Ras Laffan,2018-05-29,2018-06-01,110,3361.5,25.92,51.53,2
IMO9241607,Seaprince,Tankers,DZAZW,Arzew,2018-09-28,2018-10-01,119,2705.1,35.85,-0.31,3
IMO9241607,Seaprince,Tankers,SGSIN,Singapore,2018-10-15,2018-10-18,14,6044.3,1.28,103.85,4
IMO9241607,Seaprince,Tankers,CNNGB,Ningbo-Zhoushan,2018-11-01,2018-11-04,14,1991.7,29.87,121.55,5
IMO9241607,Seaprince,Tankers,CNNGB,Ningbo-Zhoushan,2018-11-18,2018-11-21,14,0.0,29.87,121.55,6
IMO9241607,Seaprince,Tankers,SARRT,Ras Tanura,2019-07-26,2019-07-29,247,3717.6,26.65,50.16,7
IMO9241607,Seaprince,Tankers,SARRT,Ras Tanura,2019-09-24,2019-09-27,57,0.0,26.65,50.16,8
IMO9241607,Seaprince,Tankers,DZAZW,Arzew,2019-11-06,2019-11-09,40,2619.7,35.85,-0.31,9
IMO9241607,Seaprince,Tankers,DZAZW,Arzew,2020-07-20,2020-07-23,254,0.0,35.85,-0.31,10
IMO9241683,Ridgebury Astari,Tankers,SGSIN,Singapore,2018-03-27,2018-03-30,14,0.0,1.28,103.85,1
IMO9241683,Ridgebury Astari,Tankers,DZAZW,Arzew,2019-06-18,2019-06-21,445,6044.3,35.85,-0.31,2
IMO9241683,Ridgebury Astari,Tankers,SGSIN,Singapore,2019-07-05,2019-07-08,14,6044.3,1.28,103.85,3
IMO9241683,Ridgebury Astari,Tankers,SARRT,Ras Tanura,2019-09-03,2019-09-06,57,3444.8,26.65,50.16,4
IMO9241683,Ridgebury Astari,Tankers,SARRT,Ras Tanura,2019-09-30,2019-10-03,24,0.0,26.65,50.16,5
IMO9241683,Ridgebury Astari,Tankers,SARRT,Ras Tanura,2019-10-03,2019-10-06,1,0.0,26.65,50.16,6
IMO9241683,Ridgebury Astari,Tankers,SARRT,Ras Tanura,2019-10-23,2019-10-26,17,0.0,26.65,50.16,7
IMO9241683,Ridgebury Astari,Tankers,SARRT,Ras Tanura,2019-11-06,2019-11-09,1,1103.0,26.65,50.16,9
IMO9241683,Ridgebury Astari,Tankers,INSIK,Sikka / Jamnagar,2019-11-09,2019-11-12,14,1103.0,22.43,69.84,8
IMO9241683,Ridgebury Astari,Tankers,SGSIN,Singapore,2019-11-23,2019-11-26,14,3444.8,1.28,103.85,10
IMO9241683,Ridgebury Astari,Tankers,SGSIN,Singapore,2019-12-10,2019-12-13,14,0.0,1.28,103.85,11
IMO9241683,Ridgebury Astari,Tankers,SGSIN,Singapore,2019-12-27,2019-12-30,14,0.0,1.28,103.85,12
IMO9241683,Ridgebury Astari,Tankers,SARRT,Ras Tanura,2022-04-26,2022-04-29,848,3444.8,26.65,50.16,13
IMO9243153,RB Mya,Dry Bulk,BRSSZ,Santos,2025-02-03,2025-02-06,0,0.0,-23.96,-46.33,1
IMO9243995,Gas Coral,LPG,SARRT,Ras Tanura,2020-04-02,2020-04-05,0,0.0,26.65,50.16,1
IMO9244158,Zouzuo n ,Tankers,AEFJR,Fujairah,2024-11-20,2024-11-23,0,0.0,25.13,56.34,1
IMO9244445,Clipper Jupiter,LPG,USHOU,Houston,2022-03-03,2022-03-06,0,0.0,29.74,-95.27,1
IMO9244635,Dragon,Tankers,SARRT,Ras Tanura,2020-01-07,2020-01-10,0,0.0,26.65,50.16,1
IMO9244635,Dragon,Tankers,SARRT,Ras Tanura,2020-01-13,2020-01-16,3,0.0,26.65,50.16,2
IMO9244635,Dragon,Tankers,INSIK,Sikka / Jamnagar,2020-01-30,2020-02-02,14,1103.0,22.43,69.84,3
IMO9245031,Puteri Zamrud Satu,LNG,MYBTU,Bintulu,2003-10-17,2003-10-20,0,0.0,3.2,113.04,1
IMO9245031,Puteri Zamrud Satu,LNG,MYBTU,Bintulu,2003-11-03,2003-11-06,14,0.0,3.2,113.04,2
IMO9245782,Cosglory Lake,Tankers,SGSIN,Singapore,2020-09-08,2020-09-11,0,0.0,1.28,103.85,1
IMO9245794,Nave Neutrino,Tankers,KWMFA,Mina Al Ahmadi,2019-07-26,2019-07-29,0,0.0,29.07,48.15,1
IMO9245794,Nave Neutrino,Tankers,AEFJR,Fujairah,2019-09-26,2019-09-29,59,497.4,25.13,56.34,2
IMO9246281,Tsurusaki,Tankers,SARRT,Ras Tanura,2022-03-21,2022-03-24,0,0.0,26.65,50.16,1
IMO9246578,Cadiz Knutsen,LNG,AUDAM,Dampier,2013-04-15,2013-04-18,0,0.0,-20.65,116.71,1
IMO9246578,Cadiz Knutsen,LNG,AUDAM,Dampier,2013-05-02,2013-05-05,14,0.0,-20.65,116.71,2
IMO9246578,Cadiz Knutsen,LNG,QARLF,Ras Laffan,2013-05-14,2013-05-17,9,4714.0,25.92,51.53,3
IMO9246578,Cadiz Knutsen,LNG,QARLF,Ras Laffan,2013-05-31,2013-06-03,14,0.0,25.92,51.53,4
IMO9246578,Cadiz Knutsen,LNG,QARLF,Ras Laffan,2017-07-10,2017-07-13,1498,0.0,25.92,51.53,5
IMO9246578,Cadiz Knutsen,LNG,QARLF,Ras Laffan,2017-07-27,2017-07-30,14,0.0,25.92,51.53,6
IMO9246578,Cadiz Knutsen,LNG,QARLF,Ras Laffan,2018-09-22,2018-09-25,419,0.0,25.92,51.53,7
IMO9246578,Cadiz Knutsen,LNG,QARLF,Ras Laffan,2018-10-09,2018-10-12,14,0.0,25.92,51.53,8
IMO9246578,Cadiz Knutsen,LNG,QARLF,Ras Laffan,2020-02-24,2020-02-27,500,0.0,25.92,51.53,9
IMO9246578,Cadiz Knutsen,LNG,QARLF,Ras Laffan,2020-03-03,2020-03-06,1,0.0,25.92,51.53,11
IMO9246578,Cadiz Knutsen,LNG,QARLF,Ras Laffan,2020-03-12,2020-03-15,14,0.0,25.92,51.53,10
IMO9246578,Cadiz Knutsen,LNG,QARLF,Ras Laffan,2020-03-20,2020-03-23,14,0.0,25.92,51.53,12
IMO9246578,Cadiz Knutsen,LNG,USSPG,Sabine Pass,2020-08-14,2020-08-17,144,6917.9,29.73,-93.87,13
IMO9246578,Cadiz Knutsen,LNG,USSPG,Sabine Pass,2020-08-31,2020-09-03,14,0.0,29.73,-93.87,14
IMO9246621,Portovyy,LNG,AEFJR,Fujairah,2019-10-09,2019-10-12,0,0.0,25.13,56.34,1
IMO9246621,Portovyy,LNG,AEFJR,Fujairah,2019-10-26,2019-10-29,14,0.0,25.13,56.34,2
IMO9246645,Hawk,Tankers,KWMFA,Mina Al Ahmadi,2019-10-18,2019-10-21,0,0.0,29.07,48.15,1
IMO9246645,Hawk,Tankers,KWMFA,Mina Al Ahmadi,2020-01-15,2020-01-18,86,0.0,29.07,48.15,2
IMO9247364,Seapeak Galicia,LNG,QARLF,Ras Laffan,2017-03-09,2017-03-12,0,0.0,25.92,51.53,1
IMO9247364,Seapeak Galicia,LNG,QARLF,Ras Laffan,2017-03-26,2017-03-29,14,0.0,25.92,51.53,2
IMO9247364,Seapeak Galicia,LNG,QARLF,Ras Laffan,2019-05-20,2019-05-23,782,0.0,25.92,51.53,3
IMO9247364,Seapeak Galicia,LNG,QARLF,Ras Laffan,2019-06-06,2019-06-09,14,0.0,25.92,51.53,4
IMO9247364,Seapeak Galicia,LNG,NGBON,Bonny,2020-10-14,2020-10-17,493,2855.1,4.45,7.16,5
IMO9247364,Seapeak Galicia,LNG,NGBON,Bonny,2020-10-31,2020-11-03,14,0.0,4.45,7.16,6
IMO9247376,Alterego Ii,Tankers,NLRTM,Rotterdam,2020-04-07,2020-04-10,14,0.0,51.92,4.47,1
IMO9247429,European Spirit,Tankers,SARRT,Ras Tanura,2018-11-12,2018-11-15,0,0.0,26.65,50.16,1
IMO9247429,European Spirit,Tankers,INSIK,Sikka / Jamnagar,2018-11-29,2018-12-02,14,1103.0,22.43,69.84,2
IMO9247429,Zeno,Tankers,NLRTM,Rotterdam,2019-04-17,2019-04-20,14,0.0,51.92,4.47,1
IMO9247429,Zeno,Tankers,NLRTM,Rotterdam,2019-05-04,2019-05-07,14,0.0,51.92,4.47,2
IMO9247429,Zeno,Tankers,SGSIN,Singapore,2019-05-21,2019-05-24,14,5689.2,1.28,103.85,3
IMO9247429,cape bellavista,Tankers,SAYNB,Yanbu,2019-10-18,2019-10-21,0,0.0,24.09,38.06,1
IMO9247431,Eurofaith,Tankers,CNNGB,Ningbo-Zhoushan,2018-05-09,2018-05-12,14,0.0,29.87,121.55,1
IMO9247431,Eurofaith,Tankers,SGSIN,Singapore,2018-05-26,2018-05-29,14,1991.7,1.28,103.85,2
IMO9247431,Eurofaith,Tankers,AEFJR,Fujairah,2018-10-10,2018-10-13,134,3099.3,25.13,56.34,3
IMO9247431,Eurofaith,Tankers,SGSIN,Singapore,2018-10-27,2018-10-30,14,3099.3,1.28,103.85,4
IMO9247431,Eurofaith,Tankers,SGSIN,Singapore,2018-11-13,2018-11-16,14,0.0,1.28,103.85,5
IMO9247431,Eurofaith,Tankers,CNNGB,Ningbo-Zhoushan,2018-11-30,2018-12-03,14,1991.7,29.87,121.55,6
IMO9247431,Eurofaith,Tankers,SARRT,Ras Tanura,2021-04-01,2021-04-04,850,3717.6,26.65,50.16,7
IMO9248409,Seoul Spirit,Tankers,SGSIN,Singapore,2018-03-28,2018-03-31,14,0.0,1.28,103.85,1
IMO9248409,Seoul Spirit,Tankers,SGSIN,Singapore,2018-04-14,2018-04-17,14,0.0,1.28,103.85,2
IMO9248409,Seoul Spirit,Tankers,DZAZW,Arzew,2019-10-18,2019-10-21,549,6044.3,35.85,-0.31,3
IMO9248409,Seoul Spirit,Tankers,ZASDB,Saldanha Bay,2019-11-04,2019-11-07,14,4260.3,-33.02,17.95,4
IMO9248409,Seoul Spirit,Tankers,CNQDG,Qingdao,2019-11-21,2019-11-24,14,7071.6,36.08,120.32,5
IMO9248409,Seoul Spirit,Tankers,SARRT,Ras Tanura,2021-08-10,2021-08-13,625,3565.3,26.65,50.16,6
IMO9248409,Seoul Spirit,Tankers,CNNGB,Ningbo-Zhoushan,2021-08-27,2021-08-30,14,3717.6,29.87,121.55,7
IMO9248409,Seoul Spirit,Tankers,SGSIN,Singapore,2021-09-13,2021-09-16,14,1991.7,1.28,103.85,8
IMO9248423,Nordic Apollo,Tankers,SGSIN,Singapore,2018-05-17,2018-05-20,14,0.0,1.28,103.85,1
IMO9248423,Nordic Apollo,Tankers,AEFJR,Fujairah,2019-12-10,2019-12-13,569,3099.3,25.13,56.34,2
IMO9248423,Nordic Apollo,Tankers,SGSIN,Singapore,2019-12-27,2019-12-30,14,3099.3,1.28,103.85,3
IMO9248423,Nordic Apollo,Tankers,SARRT,Ras Tanura,2022-01-04,2022-01-07,736,3444.8,26.65,50.16,4
IMO9248423,Nordic Apollo,Tankers,SARRT,Ras Tanura,2022-01-25,2022-01-28,18,0.0,26.65,50.16,5
IMO9248423,Nordic Apollo,Tankers,SARRT,Ras Tanura,2022-05-20,2022-05-23,112,0.0,26.65,50.16,6
IMO9248423,Nordic Apollo,Tankers,SARRT,Ras Tanura,2022-07-18,2022-07-21,56,0.0,26.65,50.16,7
IMO9248423,Nordic Apollo,Tankers,SARRT,Ras Tanura,2022-08-16,2022-08-19,26,0.0,26.65,50.16,8
IMO9248423,Nordic Apollo,Tankers,KWMFA,Mina Al Ahmadi,2022-10-30,2022-11-02,72,180.3,29.07,48.15,9
IMO9248423,Nordic Apollo,Tankers,KWMFA,Mina Al Ahmadi,2022-11-07,2022-11-10,5,0.0,29.07,48.15,10
IMO9248423,Nordic Apollo,Tankers,SGSIN,Singapore,2023-01-19,2023-01-22,70,3589.4,1.28,103.85,11
IMO9248423,Nordic Apollo,Tankers,AEFJR,Fujairah,2023-06-08,2023-06-11,137,3099.3,25.13,56.34,12
IMO9248423,Nordic Apollo,Tankers,SARRT,Ras Tanura,2023-06-26,2023-06-29,15,346.0,26.65,50.16,13
IMO9248447,Blue Lagoon I,Tankers,RUPRI,Primorsk,2023-03-27,2023-03-30,0,0.0,60.36,28.61,1
IMO9248473,Ads Serenade,Tankers,NLRTM,Rotterdam,2019-05-09,2019-05-12,0,0.0,51.92,4.47,1
IMO9248473,Ads Serenade,Tankers,SGSIN,Singapore,2019-05-26,2019-05-29,14,5689.2,1.28,103.85,2
IMO9248473,Ads Serenade,Tankers,KWMFA,Mina Al Ahmadi,2020-02-18,2020-02-21,265,3589.4,29.07,48.15,3
IMO9248497,Ads Page o/o Serenade,Tankers,KWMFA,Mina Al Ahmadi,2020-09-28,2020-10-01,0,0.0,29.07,48.15,1
IMO9248813,Sks Saluda,Tankers,AEFJR,Fujairah,2018-09-27,2018-09-30,0,0.0,25.13,56.34,1
IMO9248813,Sks Saluda,Tankers,CNNGB,Ningbo-Zhoushan,2018-10-14,2018-10-17,14,3438.5,29.87,121.55,2
IMO9248813,Sks Saluda,Tankers,SGSIN,Singapore,2018-10-31,2018-11-03,14,1991.7,1.28,103.85,3
IMO9248813,Sks Saluda,Tankers,SGSIN,Singapore,2018-11-17,2018-11-20,14,0.0,1.28,103.85,4
IMO9248813,Sks Saluda,Tankers,SGSIN,Singapore,2018-12-04,2018-12-07,14,0.0,1.28,103.85,5
IMO9248813,Sks Saluda,Tankers,SAYNB,Yanbu,2019-09-25,2019-09-28,292,4050.1,24.09,38.06,6
IMO9248813,Sks Saluda,Tankers,CNNGB,Ningbo-Zhoushan,2019-10-12,2019-10-15,14,4380.6,29.87,121.55,7
IMO9248825,Cape Baxley,Tankers,CNNGB,Ningbo-Zhoushan,2018-03-14,2018-03-17,14,0.0,29.87,121.55,1
IMO9248825,Cape Baxley,Tankers,NGBON,Bonny,2019-11-08,2019-11-11,601,6518.2,4.45,7.16,2
IMO9248825,Cape Baxley,Tankers,NLRTM,Rotterdam,2019-11-25,2019-11-28,14,2853.3,51.92,4.47,3
IMO9249075,Kriti Diamond,Tankers,AEFJR,Fujairah,2022-02-08,2022-02-11,0,0.0,25.13,56.34,1
IMO9249075,Kriti Diamond,Tankers,SGSIN,Singapore,2022-02-25,2022-02-28,14,3099.3,1.28,103.85,2
IMO9249087,Euroglory,Tankers,CNNGB,Ningbo-Zhoushan,2018-04-09,2018-04-12,14,0.0,29.87,121.55,1
IMO9249087,Euroglory,Tankers,INSIK,Sikka / Jamnagar,2018-04-26,2018-04-29,14,2799.7,22.43,69.84,2
IMO9249087,Euroglory,Tankers,DZAZW,Arzew,2018-10-30,2018-11-02,184,3689.7,35.85,-0.31,3
IMO9249087,Euroglory,Tankers,DZAZW,Arzew,2018-11-01,2018-11-04,1,0.0,35.85,-0.31,4
IMO9249087,Euroglory,Tankers,CNQDG,Qingdao,2018-11-18,2018-11-21,14,5365.3,36.08,120.32,5
IMO9249087,Euroglory,Tankers,SGSIN,Singapore,2019-08-13,2019-08-16,265,2281.6,1.28,103.85,6
IMO9249087,Euroglory,Tankers,INSIK,Sikka / Jamnagar,2019-08-30,2019-09-02,14,2355.7,22.43,69.84,7
IMO9249087,Euroglory,Tankers,AEFJR,Fujairah,2021-01-11,2021-01-14,497,758.9,25.13,56.34,8
IMO9249087,Euroglory,Tankers,SGSIN,Singapore,2021-01-28,2021-01-31,14,3099.3,1.28,103.85,9
IMO9249087,Euroglory,Tankers,CNQDG,Qingdao,2021-02-14,2021-02-17,14,2281.6,36.08,120.32,10
IMO9249087,Euroglory,Tankers,SARRT,Ras Tanura,2021-10-12,2021-10-15,237,3565.3,26.65,50.16,11
IMO9249087,Euroglory,Tankers,KWMFA,Mina Al Ahmadi,2021-11-09,2021-11-12,25,180.3,29.07,48.15,12
IMO9249087,Euroglory,Tankers,SARRT,Ras Tanura,2022-01-04,2022-01-07,53,180.3,26.65,50.16,13
IMO9249087,Euroglory,Tankers,KWMFA,Mina Al Ahmadi,2022-01-20,2022-01-23,13,180.3,29.07,48.15,14
IMO9249312,Ds Melody,Tankers,INSIK,Sikka / Jamnagar,2018-02-20,2018-02-23,14,0.0,22.43,69.84,1
IMO9249312,Ds Melody,Tankers,SARRT,Ras Tanura,2018-04-18,2018-04-21,54,1103.0,26.65,50.16,2
IMO9249324,Ds Symphony,Tankers,INSIK,Sikka / Jamnagar,2018-08-31,2018-09-03,14,0.0,22.43,69.84,1
IMO9249324,Ds Symphony,Tankers,AEFJR,Fujairah,2018-10-18,2018-10-21,45,758.9,25.13,56.34,2
IMO9249324,Ds Symphony,Tankers,CNNGB,Ningbo-Zhoushan,2018-11-04,2018-11-07,14,3438.5,29.87,121.55,3
IMO9249324,Ds Symphony,Tankers,SARRT,Ras Tanura,2019-02-18,2019-02-21,103,3717.6,26.65,50.16,4
IMO9249525,Morston,LPG,AUDAM,Dampier,2022-05-27,2022-05-30,0,0.0,-20.65,116.71,1
IMO9249525,Morston,LPG,SAYNB,Yanbu,2023-09-21,2023-09-24,479,5320.5,24.09,38.06,2
IMO9250191,Merchant,LNG,NGBON,Bonny,2020-09-08,2020-09-11,0,0.0,4.45,7.16,1
IMO9250191,Merchant,LNG,NGBON,Bonny,2020-09-25,2020-09-28,14,0.0,4.45,7.16,2
IMO9250622,Rene,Tankers,SARRT,Ras Tanura,2019-03-18,2019-03-21,0,0.0,26.65,50.16,1
IMO9250622,Rene,Tankers,KWMFA,Mina Al Ahmadi,2019-08-02,2019-08-05,134,180.3,29.07,48.15,2
IMO9250622,Rene,Tankers,SARRT,Ras Tanura,2019-11-22,2019-11-25,109,180.3,26.65,50.16,3
IMO9250725,Hongkong Energy,LNG,MYBTU,Bintulu,2022-09-20,2022-09-23,0,0.0,3.2,113.04,1
IMO9250725,Hongkong Energy,LNG,MYBTU,Bintulu,2022-10-07,2022-10-10,14,0.0,3.2,113.04,2
IMO9250725,Hongkong Energy,LNG,SGSIN,Singapore,2022-10-14,2022-10-17,4,563.2,1.28,103.85,3
IMO9250725,Hongkong Energy,LNG,SGSIN,Singapore,2022-10-31,2022-11-03,14,0.0,1.28,103.85,4
IMO9250725,Hongkong Energy,LNG,SGSIN,Singapore,2023-07-26,2023-07-29,265,0.0,1.28,103.85,5
IMO9250725,Hongkong Energy,LNG,SGSIN,Singapore,2023-08-12,2023-08-15,14,0.0,1.28,103.85,6
IMO9250737,African Spirit,Tankers,SAYNB,Yanbu,2018-05-04,2018-05-07,0,0.0,24.09,38.06,1
IMO9250737,Kriti Breeze,Tankers,CNNGB,Ningbo-Zhoushan,2018-11-09,2018-11-12,14,0.0,29.87,121.55,1
IMO9250737,Kriti Breeze,Tankers,SGSIN,Singapore,2018-11-26,2018-11-29,14,1991.7,1.28,103.85,2
IMO9250737,Kriti Breeze,Tankers,SGSIN,Singapore,2018-12-13,2018-12-16,14,0.0,1.28,103.85,3
IMO9250737,Kriti Breeze,Tankers,CNNGB,Ningbo-Zhoushan,2018-12-30,2019-01-02,14,1991.7,29.87,121.55,4
IMO9250737,Kriti Breeze,Tankers,KWMFA,Mina Al Ahmadi,2019-12-13,2019-12-16,345,3765.1,29.07,48.15,5
IMO9250737,Kriti Breeze,Tankers,SARRT,Ras Tanura,2019-12-23,2019-12-26,1,1103.0,26.65,50.16,7
IMO9250737,Kriti Breeze,Tankers,INSIK,Sikka / Jamnagar,2019-12-30,2020-01-02,14,1236.5,22.43,69.84,6
IMO9250737,Kriti Breeze,Tankers,SGSIN,Singapore,2020-01-09,2020-01-12,14,3444.8,1.28,103.85,8
IMO9250737,Kriti Breeze,Tankers,SARRT,Ras Tanura,2020-12-17,2020-12-20,340,3444.8,26.65,50.16,9
IMO9250737,Kriti Breeze,Tankers,MYBTU,Bintulu,2021-08-10,2021-08-13,233,3867.6,3.2,113.04,10
IMO9250737,Kriti Breeze,Tankers,SGSIN,Singapore,2021-09-03,2021-09-06,21,563.2,1.28,103.85,11
IMO9250737,Kriti Breeze,Tankers,SARRT,Ras Tanura,2021-11-05,2021-11-08,60,3444.8,26.65,50.16,12
IMO9250737,Ijemo,Tankers,RUPRI,Primorsk,2023-03-13,2023-03-16,0,0.0,60.36,28.61,1
IMO9250737,Ijemo,Tankers,CNRZH,Rizhao,2023-03-30,2023-04-02,14,3613.3,35.42,119.53,2
IMO9251222,Continental,LPG,USHOU,Houston,2022-02-10,2022-02-13,0,0.0,29.74,-95.27,1
IMO9251222,Continental,LPG,USHOU,Houston,2022-03-10,2022-03-13,25,0.0,29.74,-95.27,2
IMO9251222,Continental,LPG,USHOU,Houston,2022-09-15,2022-09-18,186,0.0,29.74,-95.27,3
IMO9251597,New Dynasty,Tankers,SARRT,Ras Tanura,2019-10-01,2019-10-04,0,0.0,26.65,50.16,1
IMO9251597,New Dynasty,Tankers,INSIK,Sikka / Jamnagar,2019-10-18,2019-10-21,14,1103.0,22.43,69.84,2
IMO9251597,New Dynasty,Tankers,KWMFA,Mina Al Ahmadi,2022-06-20,2022-06-23,973,1236.5,29.07,48.15,3
IMO9251597,New Dynasty,Tankers,SARRT,Ras Tanura,2022-07-05,2022-07-08,1,1103.0,26.65,50.16,5
IMO9251597,New Dynasty,Tankers,INSIK,Sikka / Jamnagar,2022-07-07,2022-07-10,14,1236.5,22.43,69.84,4
IMO9252333,Maran Corona,Tankers,SARRT,Ras Tanura,2019-08-12,2019-08-15,0,0.0,26.65,50.16,1
IMO9252333,Maran Corona o/o,Tankers,KWMFA,Mina Al Ahmadi,2020-09-21,2020-09-24,0,0.0,29.07,48.15,1
IMO9253105,Golar Arctic,LNG,SGSIN,Singapore,2012-03-26,2012-03-29,0,0.0,1.28,103.85,1
IMO9253105,Golar Arctic,LNG,SGSIN,Singapore,2012-04-12,2012-04-15,14,0.0,1.28,103.85,2
IMO9253105,Golar Arctic,LNG,SGSIN,Singapore,2012-11-16,2012-11-19,215,0.0,1.28,103.85,3
IMO9253105,Golar Arctic,LNG,SGSIN,Singapore,2012-12-03,2012-12-06,14,0.0,1.28,103.85,4
IMO9253105,Golar Arctic,LNG,QARLF,Ras Laffan,2016-05-31,2016-06-03,1272,3361.5,25.92,51.53,5
IMO9253105,Golar Arctic,LNG,QARLF,Ras Laffan,2016-06-17,2016-06-20,14,0.0,25.92,51.53,6
IMO9253105,Golar Arctic,LNG,AUGLT,Gladstone,2022-09-12,2022-09-15,2275,6508.6,-23.84,151.26,7
IMO9253105,Golar Arctic,LNG,AUGLT,Gladstone,2022-09-29,2022-10-02,14,0.0,-23.84,151.26,8
IMO9253105,Golar Arctic,LNG,QARLF,Ras Laffan,2024-01-05,2024-01-08,460,6508.6,25.92,51.53,9
IMO9253222,Shandong Juniper,LNG,SGSIN,Singapore,2010-01-01,2010-01-04,0,0.0,1.28,103.85,1
IMO9253222,Shandong Juniper,LNG,SGSIN,Singapore,2010-01-18,2010-01-21,14,0.0,1.28,103.85,2
IMO9253222,Shandong Juniper,LNG,NGBON,Bonny,2012-04-20,2012-04-23,820,5798.0,4.45,7.16,3
IMO9253222,Shandong Juniper,LNG,NGBON,Bonny,2012-05-07,2012-05-10,14,0.0,4.45,7.16,4
IMO9253222,Shandong Juniper,LNG,AUDAM,Dampier,2013-05-30,2013-06-02,385,6595.4,-20.65,116.71,5
IMO9253222,Shandong Juniper,LNG,AUDAM,Dampier,2013-06-16,2013-06-19,14,0.0,-20.65,116.71,6
IMO9254384,Gas Jupiter,LPG,USHOU,Houston,2023-08-10,2023-08-13,0,0.0,29.74,-95.27,1
IMO9254384,Gas Jupiter,LPG,USHOU,Houston,2023-10-26,2023-10-29,74,0.0,29.74,-95.27,2
IMO9255854,Milaha Ras Laffan,LNG,QARLF,Ras Laffan,2021-12-09,2021-12-12,0,0.0,25.92,51.53,1
IMO9255854,Milaha Ras Laffan,LNG,QARLF,Ras Laffan,2021-12-26,2021-12-29,14,0.0,25.92,51.53,2
IMO9256602,Pioneer Spirit,LNG,SGSIN,Singapore,2011-04-02,2011-04-05,0,0.0,1.28,103.85,1
IMO9256602,Pioneer Spirit,LNG,SGSIN,Singapore,2011-04-19,2011-04-22,14,0.0,1.28,103.85,2
IMO9256602,Pioneer Spirit,LNG,AEFJR,Fujairah,2012-05-30,2012-06-02,404,3099.3,25.13,56.34,3
IMO9256602,Pioneer Spirit,LNG,AEFJR,Fujairah,2012-06-16,2012-06-19,14,0.0,25.13,56.34,4
IMO9256767,Lng Croatia,LNG,QARLF,Ras Laffan,2011-01-01,2011-01-04,0,0.0,25.92,51.53,1
IMO9256767,Lng Croatia,LNG,QARLF,Ras Laffan,2011-01-18,2011-01-21,14,0.0,25.92,51.53,2
IMO9256767,Lng Croatia,LNG,QARLF,Ras Laffan,2013-02-28,2013-03-03,769,0.0,25.92,51.53,3
IMO9256767,Lng Croatia,LNG,QARLF,Ras Laffan,2013-03-17,2013-03-20,14,0.0,25.92,51.53,4
IMO9256793,Prima Concord,LNG,SGSIN,Singapore,2014-07-01,2014-07-04,0,0.0,1.28,103.85,1
IMO9256793,Prima Concord,LNG,SGSIN,Singapore,2014-07-18,2014-07-21,14,0.0,1.28,103.85,2
IMO9256793,Prima Concord,LNG,NGBON,Bonny,2020-04-28,2020-05-01,2108,5798.0,4.45,7.16,3
IMO9256793,Prima Concord,LNG,NGBON,Bonny,2020-05-15,2020-05-18,14,0.0,4.45,7.16,4
IMO9257137,Maran Cassiopeia,Tankers,SGSIN,Singapore,2018-09-12,2018-09-15,14,0.0,1.28,103.85,1
IMO9257137,Maran Cassiopeia,Tankers,CNNGB,Ningbo-Zhoushan,2018-09-29,2018-10-02,14,1991.7,29.87,121.55,2
IMO9257137,Maran Cassiopeia,Tankers,SGSIN,Singapore,2018-10-16,2018-10-19,14,1991.7,1.28,103.85,3
IMO9257137,Maran Cassiopeia,Tankers,AEFJR,Fujairah,2018-11-02,2018-11-05,14,3099.3,25.13,56.34,4
IMO9257137,Maran Cassiopeia,Tankers,KWMFA,Mina Al Ahmadi,2020-05-14,2020-05-17,556,497.4,29.07,48.15,5
IMO9257137,Maran Cassiopeia,Tankers,KWMFA,Mina Al Ahmadi,2020-07-13,2020-07-16,57,0.0,29.07,48.15,6
IMO9257137,Maran Cassiopeia,Tankers,SGSIN,Singapore,2020-07-30,2020-08-02,14,3589.4,1.28,103.85,7
IMO9257137,Maran Cassiopeia,Tankers,AEFJR,Fujairah,2020-08-16,2020-08-19,14,3099.3,25.13,56.34,8
IMO9257137,Maran Cassiopeia,Tankers,CNQDG,Qingdao,2020-09-02,2020-09-05,14,3312.7,36.08,120.32,9
IMO9257149,Elizabeth I.A.,Tankers,SGSIN,Singapore,2020-03-19,2020-03-22,14,0.0,1.28,103.85,1
IMO9257149,Elizabeth I.A.,Tankers,KWMFA,Mina Al Ahmadi,2021-08-31,2021-09-03,527,3589.4,29.07,48.15,2
IMO9257149,Elizabeth I.A.,Tankers,KWMFA,Mina Al Ahmadi,2021-10-19,2021-10-22,46,0.0,29.07,48.15,3
IMO9257149,Maran Arete ,Tankers,SGSIN,Singapore,2021-12-24,2021-12-27,14,0.0,1.28,103.85,1
IMO9257149,Elizabeth I.A.,Tankers,KWMFA,Mina Al Ahmadi,2022-08-02,2022-08-05,284,0.0,29.07,48.15,4
IMO9257485,Breeze,LPG,USHOU,Houston,2021-10-07,2021-10-10,0,0.0,29.74,-95.27,1
IMO9257485,Breeze,LPG,AUDRW,Darwin,2022-02-24,2022-02-27,137,8046.2,-12.46,130.84,2
IMO9257485,Breeze,LPG,USHOU,Houston,2022-10-20,2022-10-23,235,8046.2,29.74,-95.27,3
IMO9257485,Breeze,LPG,USHOU,Houston,2023-03-09,2023-03-12,137,0.0,29.74,-95.27,4
IMO9257485,Breeze,LPG,USHOU,Houston,2023-08-24,2023-08-27,165,0.0,29.74,-95.27,5
IMO9257485,Breeze,LPG,USHOU,Houston,2023-12-01,2023-12-04,96,0.0,29.74,-95.27,6
IMO9258056,MANZANILLO,Dry Bulk,CNNGB,Ningbo-Zhoushan,2025-01-23,2025-01-26,0,0.0,29.87,121.55,1
IMO9258519,Dht Raven,Tankers,INSIK,Sikka / Jamnagar,2019-11-07,2019-11-10,14,0.0,22.43,69.84,1
IMO9258519,Dht Raven,Tankers,KWMFA,Mina Al Ahmadi,2019-11-07,2019-11-10,1,1236.5,29.07,48.15,2
IMO9258519,Magnolia,Tankers,AEFJR,Fujairah,2024-03-13,2024-03-16,0,0.0,25.13,56.34,1
IMO9259331,Eurodestiny,Tankers,INSIK,Sikka / Jamnagar,2019-07-16,2019-07-19,14,0.0,22.43,69.84,1
IMO9259331,Eurodestiny,Tankers,SARRT,Ras Tanura,2019-12-04,2019-12-07,138,1103.0,26.65,50.16,2
IMO9259343,New Naxos,Tankers,SGSIN,Singapore,2019-04-24,2019-04-27,14,0.0,1.28,103.85,1
IMO9259343,New Naxos,Tankers,INSIK,Sikka / Jamnagar,2019-05-11,2019-05-14,14,2355.7,22.43,69.84,2
IMO9259343,New Naxos,Tankers,SARRT,Ras Tanura,2019-07-04,2019-07-07,51,1103.0,26.65,50.16,3
IMO9259343,New Naxos,Tankers,INSIK,Sikka / Jamnagar,2019-07-21,2019-07-24,14,1103.0,22.43,69.84,4
IMO9259343,New Naxos,Tankers,SARRT,Ras Tanura,2020-04-14,2020-04-17,265,1103.0,26.65,50.16,5
IMO9259343,New Naxos o/o,Tankers,SARRT,Ras Tanura,2020-09-21,2020-09-24,0,0.0,26.65,50.16,1
IMO9259343,New Naxos o/o,Tankers,INSIK,Sikka / Jamnagar,2020-10-08,2020-10-11,14,1103.0,22.43,69.84,2
IMO9259343,New Naxos,Tankers,SARRT,Ras Tanura,2022-09-30,2022-10-03,896,0.0,26.65,50.16,6
IMO9259343,New Naxos,Tankers,INSIK,Sikka / Jamnagar,2022-10-17,2022-10-20,14,1103.0,22.43,69.84,7
IMO9259343,New Naxos,Tankers,SARRT,Ras Tanura,2022-10-20,2022-10-23,1,1103.0,26.65,50.16,8
IMO9259343,New Naxos,Tankers,SARRT,Ras Tanura,2022-11-03,2022-11-06,1,1103.0,26.65,50.16,10
IMO9259343,New Naxos,Tankers,INSIK,Sikka / Jamnagar,2022-11-06,2022-11-09,14,1103.0,22.43,69.84,9
IMO9259343,New Naxos,Tankers,SARRT,Ras Tanura,2022-12-29,2023-01-01,53,0.0,26.65,50.16,11
IMO9259343,New Naxos,Tankers,INSIK,Sikka / Jamnagar,2023-01-15,2023-01-18,14,1103.0,22.43,69.84,12
IMO9259343,New Naxos,Tankers,KWMFA,Mina Al Ahmadi,2023-03-03,2023-03-06,44,1236.5,29.07,48.15,13
IMO9259343,New Naxos,Tankers,SARRT,Ras Tanura,2023-03-17,2023-03-20,11,180.3,26.65,50.16,14
IMO9259721,Da Ming Hu,Tankers,SGSIN,Singapore,2018-02-05,2018-02-08,14,0.0,1.28,103.85,1
IMO9259721,Da Ming Hu,Tankers,SGSIN,Singapore,2018-02-22,2018-02-25,14,0.0,1.28,103.85,2
IMO9259721,Da Ming Hu,Tankers,KWMFA,Mina Al Ahmadi,2020-02-19,2020-02-22,724,3589.4,29.07,48.15,3
IMO9259721,Da Ming Hu,Tankers,AEFJR,Fujairah,2020-03-07,2020-03-10,14,497.4,25.13,56.34,4
IMO9259721,Da Ming Hu,Tankers,SARRT,Ras Tanura,2020-04-10,2020-04-13,31,346.0,26.65,50.16,5
IMO9259721,Da Ming Hu,Tankers,SGSIN,Singapore,2020-04-27,2020-04-30,14,3444.8,1.28,103.85,6
IMO9259721,Da Ming Hu,Tankers,KWMFA,Mina Al Ahmadi,2021-12-30,2022-01-02,609,3589.4,29.07,48.15,7
IMO9259733,Da Yuan Hu,Tankers,SGSIN,Singapore,2018-11-14,2018-11-17,14,0.0,1.28,103.85,1
IMO9259733,Da Yuan Hu,Tankers,INSIK,Sikka / Jamnagar,2018-12-01,2018-12-04,14,2355.7,22.43,69.84,2
IMO9259733,Da Yuan Hu,Tankers,SARRT,Ras Tanura,2020-03-12,2020-03-15,464,1103.0,26.65,50.16,3
IMO9259733,Da Yuan Hu,Tankers,SARRT,Ras Tanura,2020-06-08,2020-06-11,85,0.0,26.65,50.16,4
IMO9259733,Da Yuan Hu,Tankers,SAYNB,Yanbu,2020-10-14,2020-10-17,125,673.9,24.09,38.06,5
IMO9259733,Da Yuan Hu,Tankers,SGSIN,Singapore,2020-10-31,2020-11-03,14,4050.1,1.28,103.85,6
IMO9259733,Da Yuan Hu,Tankers,CNNGB,Ningbo-Zhoushan,2020-11-17,2020-11-20,14,1991.7,29.87,121.55,7
IMO9259733,Da Yuan Hu,Tankers,SARRT,Ras Tanura,2021-08-03,2021-08-06,256,3717.6,26.65,50.16,8
IMO9259733,Da Yuan Hu,Tankers,SARRT,Ras Tanura,2021-08-17,2021-08-20,11,0.0,26.65,50.16,9
IMO9259733,Da Yuan Hu,Tankers,SARRT,Ras Tanura,2021-12-15,2021-12-18,117,0.0,26.65,50.16,10
IMO9259733,Da Yuan Hu,Tankers,KWMFA,Mina Al Ahmadi,2022-01-28,2022-01-31,41,180.3,29.07,48.15,11
IMO9259733,Snow Lotus,Tankers,INSIK,Sikka / Jamnagar,2023-04-13,2023-04-16,14,0.0,22.43,69.84,1
IMO9259745,Da Li Hu,Tankers,NLRTM,Rotterdam,2018-04-18,2018-04-21,14,0.0,51.92,4.47,1
IMO9259745,Da Li Hu,Tankers,CNNGB,Ningbo-Zhoushan,2018-05-05,2018-05-08,14,4890.7,29.87,121.55,2
IMO9259745,Da Li Hu,Tankers,SGSIN,Singapore,2018-05-22,2018-05-25,14,1991.7,1.28,103.85,3
IMO9259745,Da Li Hu,Tankers,DZAZW,Arzew,2019-07-12,2019-07-15,413,6044.3,35.85,-0.31,4
IMO9259745,Da Li Hu,Tankers,SARRT,Ras Tanura,2020-04-24,2020-04-27,284,2619.7,26.65,50.16,5
IMO9259745,Da Li Hu,Tankers,SARRT,Ras Tanura,2020-05-28,2020-05-31,31,0.0,26.65,50.16,6
IMO9259745,Da Li Hu,Tankers,SARRT,Ras Tanura,2020-10-20,2020-10-23,142,0.0,26.65,50.16,7
IMO9259979,Red Rum,LPG,SARRT,Ras Tanura,2021-11-25,2021-11-28,0,0.0,26.65,50.16,1
IMO9259979,Red Rum,LPG,USHOU,Houston,2021-12-02,2021-12-05,4,6881.5,29.74,-95.27,2
IMO9261052,Epic Shikoku,LPG,USCRP,Corpus Christi,2022-10-27,2022-10-30,0,0.0,27.81,-97.39,1
IMO9261205,Puteri Mutiara Satu,LNG,MYBTU,Bintulu,2005-01-22,2005-01-25,0,0.0,3.2,113.04,1
IMO9261205,Puteri Mutiara Satu,LNG,MYBTU,Bintulu,2005-02-08,2005-02-11,14,0.0,3.2,113.04,2
IMO9262168,Folegandros I,Tankers,INSIK,Sikka / Jamnagar,2019-10-28,2019-10-31,14,0.0,22.43,69.84,1
IMO9262168,Folegandros I,Tankers,INSIK,Sikka / Jamnagar,2019-11-14,2019-11-17,14,0.0,22.43,69.84,2
IMO9262209,Lng Akwa Ibom,LNG,NGBON,Bonny,2004-08-18,2004-08-21,0,0.0,4.45,7.16,1
IMO9262209,Lng Akwa Ibom,LNG,NGBON,Bonny,2004-09-04,2004-09-07,14,0.0,4.45,7.16,2
IMO9262211,Lng Adamawa,LNG,NGBON,Bonny,2021-12-08,2021-12-11,0,0.0,4.45,7.16,1
IMO9262211,Lng Adamawa,LNG,NGBON,Bonny,2021-12-25,2021-12-28,14,0.0,4.45,7.16,2
IMO9262754,Iwatesan,Tankers,KWMFA,Mina Al Ahmadi,2020-06-10,2020-06-13,0,0.0,29.07,48.15,1
IMO9262754,Iwatesan (RIL),Tankers,INSIK,Sikka / Jamnagar,2020-12-31,2021-01-03,14,0.0,22.43,69.84,1
IMO9262766,Selene Trader (RIL),Tankers,SARRT,Ras Tanura,2020-08-07,2020-08-10,0,0.0,26.65,50.16,1
IMO9263095,Bum Shin,Tankers,INSIK,Sikka / Jamnagar,2020-01-09,2020-01-12,0,0.0,22.43,69.84,1
IMO9263215,Cosgreat Lake,Tankers,SARRT,Ras Tanura,2019-09-11,2019-09-14,0,0.0,26.65,50.16,1
IMO9263215,Cosgreat Lake,Tankers,SGSIN,Singapore,2020-09-08,2020-09-11,360,3444.8,1.28,103.85,2
IMO9263215,Cosgreat Lake,Tankers,SARRT,Ras Tanura,2021-08-09,2021-08-12,332,3444.8,26.65,50.16,3
IMO9263227,Cosbright Lake,Tankers,SARRT,Ras Tanura,2020-12-01,2020-12-04,0,0.0,26.65,50.16,1
IMO9263734,Desh Shakti,Tankers,AEFJR,Fujairah,2019-11-20,2019-11-23,0,0.0,25.13,56.34,1
IMO9263734,Desh Shakti,Tankers,KWMFA,Mina Al Ahmadi,2021-04-15,2021-04-18,509,497.4,29.07,48.15,2
IMO9263734,Desh Shakti,Tankers,KWMFA,Mina Al Ahmadi,2024-01-02,2024-01-05,989,0.0,29.07,48.15,3
IMO9263734,Desh Shakti,Tankers,AEFJR,Fujairah,2024-01-24,2024-01-27,19,497.4,25.13,56.34,4
IMO9263746,Desh Shanti,Tankers,KWMFA,Mina Al Ahmadi,2018-06-11,2018-06-14,0,0.0,29.07,48.15,1
IMO9263746,Desh Shanti,Tankers,INSIK,Sikka / Jamnagar,2018-06-28,2018-07-01,14,1236.5,22.43,69.84,2
IMO9263746,Desh Shanti,Tankers,SARRT,Ras Tanura,2018-06-29,2018-07-02,1,1103.0,26.65,50.16,3
IMO9263746,Desh Shanti,Tankers,KWMFA,Mina Al Ahmadi,2018-10-16,2018-10-19,106,180.3,29.07,48.15,4
IMO9263746,Desh Shanti,Tankers,SARRT,Ras Tanura,2019-09-30,2019-10-03,346,180.3,26.65,50.16,5
IMO9263746,Desh Shanti,Tankers,QARLF,Ras Laffan,2020-10-30,2020-11-02,393,85.8,25.92,51.53,6
IMO9263746,Desh Shanti,Tankers,INSIK,Sikka / Jamnagar,2020-11-16,2020-11-19,14,1023.6,22.43,69.84,7
IMO9263746,Desh Shanti,Tankers,KWMFA,Mina Al Ahmadi,2021-02-15,2021-02-18,88,1236.5,29.07,48.15,8
IMO9263746,Desh Shanti,Tankers,INSIK,Sikka / Jamnagar,2021-03-04,2021-03-07,14,1236.5,22.43,69.84,9
IMO9263746,Desh Shanti,Tankers,KWMFA,Mina Al Ahmadi,2021-03-22,2021-03-25,15,1236.5,29.07,48.15,10
IMO9263746,Desh Shanti,Tankers,KWMFA,Mina Al Ahmadi,2022-04-12,2022-04-15,383,0.0,29.07,48.15,11
IMO9263746,Desh Shanti,Tankers,AEFJR,Fujairah,2023-01-30,2023-02-02,290,497.4,25.13,56.34,12
IMO9263746,Desh Shanti,Tankers,AEFJR,Fujairah,2023-02-21,2023-02-24,19,0.0,25.13,56.34,13
IMO9263746,Desh Shanti,Tankers,AEFJR,Fujairah,2023-05-09,2023-05-12,74,0.0,25.13,56.34,14
IMO9263746,Desh Shanti,Tankers,KWMFA,Mina Al Ahmadi,2023-06-08,2023-06-11,27,497.4,29.07,48.15,15
IMO9263746,Desh Shanti,Tankers,INSIK,Sikka / Jamnagar,2023-06-25,2023-06-28,14,1236.5,22.43,69.84,16
IMO9263746,Desh Shanti,Tankers,INSIK,Sikka / Jamnagar,2023-07-12,2023-07-15,14,0.0,22.43,69.84,17
IMO9263746,Desh Shanti,Tankers,KWMFA,Mina Al Ahmadi,2023-08-07,2023-08-10,23,1236.5,29.07,48.15,18
IMO9263746,Desh Shanti,Tankers,AEFJR,Fujairah,2023-11-07,2023-11-10,89,497.4,25.13,56.34,19
IMO9264476,BW Kizoku,LPG,USHOU,Houston,2021-02-04,2021-02-07,0,0.0,29.74,-95.27,1
IMO9264476,BW Kizoku,LPG,USHOU,Houston,2021-10-07,2021-10-10,242,0.0,29.74,-95.27,2
IMO9264476,BW Kizoku,LPG,USHOU,Houston,2022-05-12,2022-05-15,214,0.0,29.74,-95.27,3
IMO9264476,BW Kizoku,LPG,USHOU,Houston,2022-06-23,2022-06-26,39,0.0,29.74,-95.27,4
IMO9264476,BW Kizoku,LPG,USHOU,Houston,2022-12-16,2022-12-19,173,0.0,29.74,-95.27,5
IMO9264476,BW Kizoku,LPG,USHOU,Houston,2023-08-17,2023-08-20,241,0.0,29.74,-95.27,6
IMO9264476,BW Kizoku,LPG,USHOU,Houston,2023-10-26,2023-10-29,67,0.0,29.74,-95.27,7
IMO9264476,BW Kizoku,LPG,USHOU,Houston,2023-11-09,2023-11-12,11,0.0,29.74,-95.27,8
IMO9264848,Seagas Loyalty,LPG,NLRTM,Rotterdam,2023-03-16,2023-03-19,0,0.0,51.92,4.47,1
IMO9264848,Seagas Loyalty,LPG,NLRTM,Rotterdam,2024-01-04,2024-01-07,291,0.0,51.92,4.47,2
IMO9264881,Nereides,Tankers,INSIK,Sikka / Jamnagar,2022-11-17,2022-11-20,14,0.0,22.43,69.84,1
IMO9264881,Nereides,Tankers,INSIK,Sikka / Jamnagar,2022-12-04,2022-12-07,14,0.0,22.43,69.84,2
IMO9265384,TI TBN,Tankers,CNNGB,Ningbo-Zhoushan,2023-02-17,2023-02-20,14,0.0,29.87,121.55,1
IMO9266390,Gas al Kuwait II,LPG,QARLF,Ras Laffan,2023-08-24,2023-08-27,0,0.0,25.92,51.53,1
IMO9266729,JBU Schelde ,LPG,USHOU,Houston,2020-05-28,2020-05-31,0,0.0,29.74,-95.27,1
IMO9266947,Tejas* ,Tankers,SAYNB,Yanbu,2026-03-06,2026-03-09,0,0.0,24.09,38.06,1
IMO9267118,City Of Tokyo,Tankers,INSIK,Sikka / Jamnagar,2020-11-30,2020-12-03,14,0.0,22.43,69.84,1
IMO9267118,City Of Tokyo,Tankers,SARRT,Ras Tanura,2023-09-07,2023-09-10,1008,1103.0,26.65,50.16,2
IMO9267118,City Of Tokyo,Tankers,SARRT,Ras Tanura,2023-12-28,2023-12-31,109,0.0,26.65,50.16,3
IMO9268260,Denver,LPG,USHOU,Houston,2022-09-22,2022-09-25,0,0.0,29.74,-95.27,1
IMO9269075,Narmada Spirit,Tankers,DZAZW,Arzew,2019-01-04,2019-01-07,0,0.0,35.85,-0.31,1
IMO9269075,Narmada Spirit,Tankers,NLRTM,Rotterdam,2019-01-28,2019-01-31,21,986.2,51.92,4.47,2
IMO9269075,Narmada Spirit,Tankers,SGSIN,Singapore,2019-02-14,2019-02-17,14,5689.2,1.28,103.85,3
IMO9269075,Narmada Spirit,Tankers,AEFJR,Fujairah,2019-11-13,2019-11-16,269,3099.3,25.13,56.34,4
IMO9269075,New Discovery,Tankers,KWMFA,Mina Al Ahmadi,2020-02-19,2020-02-22,0,0.0,29.07,48.15,1
IMO9269075,New Discovery,Tankers,AEFJR,Fujairah,2020-03-07,2020-03-10,14,497.4,25.13,56.34,2
IMO9269075,New Discovery,Tankers,SARRT,Ras Tanura,2020-12-22,2020-12-25,287,346.0,26.65,50.16,3
IMO9269075,New Discovery,Tankers,INSIK,Sikka / Jamnagar,2021-01-08,2021-01-11,14,1103.0,22.43,69.84,4
IMO9269075,New Discovery,Tankers,AEFJR,Fujairah,2021-01-25,2021-01-28,14,758.9,25.13,56.34,5
IMO9269075,New Discovery,Tankers,AEFJR,Fujairah,2021-02-16,2021-02-19,19,0.0,25.13,56.34,6
IMO9269075,New Discovery,Tankers,INSIK,Sikka / Jamnagar,2021-03-05,2021-03-08,14,758.9,22.43,69.84,7
IMO9269075,New Discovery,Tankers,CNNGB,Ningbo-Zhoushan,2021-03-22,2021-03-25,14,2799.7,29.87,121.55,8
IMO9269075,New Discovery,Tankers,SARRT,Ras Tanura,2022-05-23,2022-05-26,424,3717.6,26.65,50.16,9
IMO9269075,New Discovery,Tankers,SARRT,Ras Tanura,2022-07-07,2022-07-10,42,0.0,26.65,50.16,10
IMO9269075,New Discovery,Tankers,INSIK,Sikka / Jamnagar,2022-07-24,2022-07-27,14,1103.0,22.43,69.84,11
IMO9269207,Energy Spirit,LNG,DZAZW,Arzew,2020-07-01,2020-07-04,0,0.0,35.85,-0.31,1
IMO9269207,Energy Spirit,LNG,DZAZW,Arzew,2020-07-18,2020-07-21,14,0.0,35.85,-0.31,2
IMO9269594,Gas Taurus,LPG,SARRT,Ras Tanura,2020-02-27,2020-03-01,0,0.0,26.65,50.16,1
IMO9269594,Gas Taurus,LPG,USHOU,Houston,2021-11-11,2021-11-14,620,6881.5,29.74,-95.27,2
IMO9269594,Gas Taurus,LPG,USHOU,Houston,2022-03-03,2022-03-06,109,0.0,29.74,-95.27,3
IMO9269594,Gas Taurus,LPG,USHOU,Houston,2023-06-15,2023-06-18,466,0.0,29.74,-95.27,4
IMO9270077,Cristobal,LPG,USHOU,Houston,2023-06-29,2023-07-02,0,0.0,29.74,-95.27,1
IMO9271248,Arctic Princess,LNG,QARLF,Ras Laffan,2021-07-27,2021-07-30,0,0.0,25.92,51.53,1
IMO9271248,Arctic Princess,LNG,QARLF,Ras Laffan,2021-08-13,2021-08-16,14,0.0,25.92,51.53,2
IMO9271341,Olympic Flag,Tankers,SGSIN,Singapore,2019-07-01,2019-07-04,14,0.0,1.28,103.85,1
IMO9271341,Olympic Flag,Tankers,SARRT,Ras Tanura,2019-09-23,2019-09-26,81,3444.8,26.65,50.16,2
IMO9271341,Olympic Flag,Tankers,QARLF,Ras Laffan,2020-11-02,2020-11-05,403,85.8,25.92,51.53,3
IMO9271341,Olympic Flag,Tankers,INSIK,Sikka / Jamnagar,2020-11-19,2020-11-22,14,1023.6,22.43,69.84,4
IMO9271341,Olympic Flag,Tankers,CNNGB,Ningbo-Zhoushan,2020-12-06,2020-12-09,14,2799.7,29.87,121.55,5
IMO9271341,Olympic Flag,Tankers,AEFJR,Fujairah,2021-09-12,2021-09-15,277,3438.5,25.13,56.34,6
IMO9271341,Olympic Flag,Tankers,AEFJR,Fujairah,2021-12-13,2021-12-16,89,0.0,25.13,56.34,7
IMO9271341,Olympic Flag,Tankers,AEFJR,Fujairah,2022-03-06,2022-03-09,80,0.0,25.13,56.34,8
IMO9271341,Olympic Flag,Tankers,INSIK,Sikka / Jamnagar,2022-03-23,2022-03-26,14,758.9,22.43,69.84,9
IMO9271341,Olympic Flag,Tankers,USCRP,Corpus Christi,2023-03-08,2023-03-11,347,7701.3,27.81,-97.39,10
IMO9271341,Olympic Flag,Tankers,SARRT,Ras Tanura,2023-07-27,2023-07-30,138,7039.6,26.65,50.16,11
IMO9271341,Olympic Flag,Tankers,AEFJR,Fujairah,2024-10-11,2024-10-14,439,346.0,25.13,56.34,12
IMO9271353,Olympic Future,Tankers,CNNGB,Ningbo-Zhoushan,2018-09-19,2018-09-22,14,0.0,29.87,121.55,1
IMO9271353,Olympic Future,Tankers,CNNGB,Ningbo-Zhoushan,2018-10-06,2018-10-09,14,0.0,29.87,121.55,2
IMO9271353,Olympic Future,Tankers,AEFJR,Fujairah,2018-10-23,2018-10-26,14,3438.5,25.13,56.34,3
IMO9271353,Olympic Future,Tankers,SGSIN,Singapore,2018-11-09,2018-11-12,14,3099.3,1.28,103.85,4
IMO9271353,Olympic Future,Tankers,SGSIN,Singapore,2018-11-26,2018-11-29,14,0.0,1.28,103.85,5
IMO9271353,Olympic Future,Tankers,INSIK,Sikka / Jamnagar,2018-12-13,2018-12-16,14,2355.7,22.43,69.84,6
IMO9271353,Olympic Future,Tankers,QARLF,Ras Laffan,2022-09-14,2022-09-17,1368,1023.6,25.92,51.53,7
IMO9271353,Olympic Future,Tankers,AEFJR,Fujairah,2022-10-24,2022-10-27,37,264.9,25.13,56.34,8
IMO9271353,Olympic Future,Tankers,SGSIN,Singapore,2022-11-10,2022-11-13,14,3099.3,1.28,103.85,9
IMO9271353,Olympic Future,Tankers,KWMFA,Mina Al Ahmadi,2023-04-17,2023-04-20,155,3589.4,29.07,48.15,10
IMO9271353,Olympic Future,Tankers,DZAZW,Arzew,2024-08-01,2024-08-04,469,2463.5,35.85,-0.31,11
IMO9271353,Olympic Future,Tankers,SGSIN,Singapore,2024-12-24,2024-12-27,142,6044.3,1.28,103.85,12
IMO9271353,Olympic Future,Tankers,INSIK,Sikka / Jamnagar,2025-01-10,2025-01-13,14,2355.7,22.43,69.84,13
IMO9271573,Monte Toledo,Tankers,SGSIN,Singapore,2018-03-30,2018-04-02,14,0.0,1.28,103.85,1
IMO9271573,Monte Toledo,Tankers,CNNGB,Ningbo-Zhoushan,2018-04-16,2018-04-19,14,1991.7,29.87,121.55,2
IMO9271573,Monte Toledo,Tankers,CNNGB,Ningbo-Zhoushan,2018-05-03,2018-05-06,14,0.0,29.87,121.55,3
IMO9271573,Monte Toledo,Tankers,NLRTM,Rotterdam,2020-01-10,2020-01-13,614,4890.7,51.92,4.47,4
IMO9271573,Monte Toledo,Tankers,SGSIN,Singapore,2020-01-27,2020-01-30,14,5689.2,1.28,103.85,5
IMO9271573,Monte Toledo,Tankers,SARRT,Ras Tanura,2020-03-17,2020-03-20,47,3444.8,26.65,50.16,6
IMO9271573,Monte Toledo,Tankers,SARRT,Ras Tanura,2020-10-09,2020-10-12,203,0.0,26.65,50.16,7
IMO9271573,Monte Toledo,Tankers,DZAZW,Arzew,2023-06-15,2023-06-18,976,2619.7,35.85,-0.31,8
IMO9271573,Monte Toledo,Tankers,NLRTM,Rotterdam,2023-07-02,2023-07-05,14,986.2,51.92,4.47,9
IMO9271573,Monte Toledo,Tankers,NLRTM,Rotterdam,2023-07-03,2023-07-06,1,0.0,51.92,4.47,10
IMO9271573,Monte Toledo,Tankers,SGSIN,Singapore,2023-07-20,2023-07-23,14,5689.2,1.28,103.85,11
IMO9271585,Cresent Moon,Tankers,CNNGB,Ningbo-Zhoushan,2018-01-17,2018-01-20,14,0.0,29.87,121.55,1
IMO9271585,Crescent Moon,Tankers,CNNGB,Ningbo-Zhoushan,2018-04-18,2018-04-21,14,0.0,29.87,121.55,1
IMO9271585,Crescent Moon,Tankers,SGSIN,Singapore,2018-05-05,2018-05-08,14,1991.7,1.28,103.85,2
IMO9271585,Crescent Moon,Tankers,CNNGB,Ningbo-Zhoushan,2018-05-22,2018-05-25,14,1991.7,29.87,121.55,3
IMO9271585,Crescent Moon,Tankers,CNNGB,Ningbo-Zhoushan,2018-06-08,2018-06-11,14,0.0,29.87,121.55,4
IMO9271585,Crescent Moon,Tankers,SGSIN,Singapore,2018-06-25,2018-06-28,14,1991.7,1.28,103.85,5
IMO9271585,Crescent Moon,Tankers,SGSIN,Singapore,2018-07-12,2018-07-15,14,0.0,1.28,103.85,6
IMO9271585,TRAFIGURA TBN,Tankers,SGSIN,Singapore,2018-11-07,2018-11-10,14,0.0,1.28,103.85,1
IMO9271585,TRAFIGURA TBN,Tankers,DZAZW,Arzew,2019-06-04,2019-06-07,206,6044.3,35.85,-0.31,2
IMO9271585,TRAFIGURA TBN,Tankers,SGSIN,Singapore,2019-06-21,2019-06-24,14,6044.3,1.28,103.85,3
IMO9271585,Crescent Moon,Tankers,AEFJR,Fujairah,2022-03-09,2022-03-12,1333,3099.3,25.13,56.34,7
IMO9272984,B-Gas Master,LPG,NLRTM,Rotterdam,2021-03-04,2021-03-07,0,0.0,51.92,4.47,1
IMO9273337,Bunga Kasturi,Tankers,AEFJR,Fujairah,2019-08-13,2019-08-16,0,0.0,25.13,56.34,1
IMO9273337,Bunga Kasturi,Tankers,INSIK,Sikka / Jamnagar,2019-08-30,2019-09-02,14,758.9,22.43,69.84,2
IMO9273337,Bunga Kasturi,Tankers,SGSIN,Singapore,2019-09-16,2019-09-19,14,2355.7,1.28,103.85,3
IMO9273646,KRITI HERO,Tankers,SGSIN,Singapore,2021-08-31,2021-09-03,14,0.0,1.28,103.85,1
IMO9273946,Pyxis Pioneer,LPG,QARLF,Ras Laffan,2020-07-30,2020-08-02,0,0.0,25.92,51.53,1
IMO9273946,Pyxis Pioneer,LPG,USHOU,Houston,2022-04-07,2022-04-10,613,6958.0,29.74,-95.27,2
IMO9273946,Pyxis Pioneer,LPG,USHOU,Houston,2022-11-04,2022-11-07,208,0.0,29.74,-95.27,3
IMO9273946,Pyxis Pioneer,LPG,USHOU,Houston,2023-07-13,2023-07-16,248,0.0,29.74,-95.27,4
IMO9274434,Cap Leon,Tankers,AEFJR,Fujairah,2019-09-13,2019-09-16,14,0.0,25.13,56.34,1
IMO9274434,Cap Leon,Tankers,SGSIN,Singapore,2019-09-30,2019-10-03,14,3099.3,1.28,103.85,2
IMO9274434,Cap Leon,Tankers,SGSIN,Singapore,2019-10-17,2019-10-20,14,0.0,1.28,103.85,3
IMO9274434,Cap Leon,Tankers,SARRT,Ras Tanura,2021-11-18,2021-11-21,760,3444.8,26.65,50.16,4
IMO9274446,Cap Pierre,Tankers,NLRTM,Rotterdam,2018-01-24,2018-01-27,0,0.0,51.92,4.47,1
IMO9274446,Cap Pierre,Tankers,SARRT,Ras Tanura,2021-02-15,2021-02-18,1115,2547.4,26.65,50.16,2
IMO9274446,Hs Star,Tankers,INSIK,Sikka / Jamnagar,2023-03-28,2023-03-31,14,0.0,22.43,69.84,1
IMO9274513,Nordic Brasilia,Tankers,SGSIN,Singapore,2018-04-19,2018-04-22,14,0.0,1.28,103.85,1
IMO9274513,Nordic Brasilia,Tankers,DZAZW,Arzew,2018-08-27,2018-08-30,127,6044.3,35.85,-0.31,2
IMO9274513,Nordic Brasilia,Tankers,AEFJR,Fujairah,2018-09-13,2018-09-16,14,2959.8,25.13,56.34,3
IMO9274513,Nordic Brasilia,Tankers,ZASDB,Saldanha Bay,2018-09-30,2018-10-03,14,4123.6,-33.02,17.95,4
IMO9274513,Nordic Brasilia,Tankers,CNNGB,Ningbo-Zhoushan,2018-10-17,2018-10-20,14,6980.0,29.87,121.55,5
IMO9274513,Nordic Brasilia,Tankers,AEFJR,Fujairah,2019-03-07,2019-03-10,138,3438.5,25.13,56.34,6
IMO9274513,Nordic Brasilia,Tankers,NGBON,Bonny,2020-03-13,2020-03-16,369,3090.0,4.45,7.16,7
IMO9274513,Nordic Brasilia,Tankers,SGSIN,Singapore,2020-03-30,2020-04-02,14,5798.0,1.28,103.85,8
IMO9274525,Nordic Rio,Tankers,SGSIN,Singapore,2018-08-06,2018-08-09,14,0.0,1.28,103.85,1
IMO9274525,Nordic Rio,Tankers,SGSIN,Singapore,2018-08-23,2018-08-26,14,0.0,1.28,103.85,2
IMO9274525,Nordic Rio,Tankers,AEFJR,Fujairah,2019-07-02,2019-07-05,310,3099.3,25.13,56.34,3
IMO9274525,Nordic Rio,Tankers,AEFJR,Fujairah,2019-11-19,2019-11-22,137,0.0,25.13,56.34,4
IMO9274525,Nordic Rio,Tankers,SGSIN,Singapore,2019-12-06,2019-12-09,14,3099.3,1.28,103.85,5
IMO9274525,Nordic Rio,Tankers,SGSIN,Singapore,2019-12-23,2019-12-26,14,0.0,1.28,103.85,6
IMO9274525,Nordic Rio,Tankers,DZAZW,Arzew,2021-06-23,2021-06-26,545,6044.3,35.85,-0.31,7
IMO9274525,Nordic Rio,Tankers,NLRTM,Rotterdam,2021-07-10,2021-07-13,14,986.2,51.92,4.47,8
IMO9274525,Nordic Rio,Tankers,NLRTM,Rotterdam,2021-08-11,2021-08-14,29,0.0,51.92,4.47,9
IMO9274525,Nordic Rio,Tankers,SGSIN,Singapore,2021-08-28,2021-08-31,14,5689.2,1.28,103.85,10
IMO9274525,Nordic Rio,Tankers,USCRP,Corpus Christi,2022-09-27,2022-09-30,392,8673.9,27.81,-97.39,11
IMO9274812,Erviken,Tankers,DZAZW,Arzew,2018-03-02,2018-03-05,0,0.0,35.85,-0.31,1
IMO9274812,Erviken,Tankers,CNNGB,Ningbo-Zhoushan,2018-03-19,2018-03-22,14,5676.8,29.87,121.55,2
IMO9275074,Pioneer Knutsen,LNG,NLRTM,Rotterdam,2019-01-01,2019-01-04,0,0.0,51.92,4.47,1
IMO9275074,Pioneer Knutsen,LNG,NLRTM,Rotterdam,2019-01-18,2019-01-21,14,0.0,51.92,4.47,2
IMO9275335,Arctic Voyager,LNG,NGBON,Bonny,2017-05-25,2017-05-28,0,0.0,4.45,7.16,1
IMO9275335,Arctic Voyager,LNG,NGBON,Bonny,2017-06-11,2017-06-14,14,0.0,4.45,7.16,2
IMO9275335,Arctic Voyager,LNG,NGBON,Bonny,2020-10-06,2020-10-09,1210,0.0,4.45,7.16,3
IMO9275335,Arctic Voyager,LNG,NGBON,Bonny,2020-10-23,2020-10-26,14,0.0,4.45,7.16,4
IMO9275359,Fuji LNG,LNG,AUGLT,Gladstone,2016-06-06,2016-06-09,0,0.0,-23.84,151.26,1
IMO9275359,Fuji LNG,LNG,AUGLT,Gladstone,2016-06-23,2016-06-26,14,0.0,-23.84,151.26,2
IMO9275359,Fuji LNG,LNG,QARLF,Ras Laffan,2019-03-04,2019-03-07,981,6508.6,25.92,51.53,3
IMO9275359,Fuji LNG,LNG,QARLF,Ras Laffan,2019-03-21,2019-03-24,14,0.0,25.92,51.53,4
IMO9275359,Fuji LNG,LNG,AUDRW,Darwin,2019-11-01,2019-11-04,222,5167.5,-12.46,130.84,5
IMO9275359,Fuji LNG,LNG,AUDRW,Darwin,2019-11-18,2019-11-21,14,0.0,-12.46,130.84,6
IMO9276704,Capt Markos NL,LPG,USPOA,Port Arthur / Nederland,2020-04-09,2020-04-12,0,0.0,29.87,-93.93,1
IMO9277232,Dht Amazon (CSSSA),Tankers,SARRT,Ras Tanura,2019-08-07,2019-08-10,0,0.0,26.65,50.16,1
IMO9277571,Lila Kochi*,Tankers,SARRT,Ras Tanura,2025-07-14,2025-07-17,0,0.0,26.65,50.16,1
IMO9278090,Gas Cerberus,LPG,NLRTM,Rotterdam,2022-04-28,2022-05-01,0,0.0,51.92,4.47,1
IMO9280873,Astro Perseus,Tankers,SGSIN,Singapore,2018-07-25,2018-07-28,14,0.0,1.28,103.85,1
IMO9280873,Astro Perseus,Tankers,AEFJR,Fujairah,2018-09-19,2018-09-22,53,3099.3,25.13,56.34,2
IMO9280873,Astro Perseus,Tankers,SGSIN,Singapore,2018-10-06,2018-10-09,14,3099.3,1.28,103.85,3
IMO9280873,Astro Perseus,Tankers,SARRT,Ras Tanura,2019-04-30,2019-05-03,203,3444.8,26.65,50.16,4
IMO9280873,Astro Perseus,Tankers,SARRT,Ras Tanura,2019-05-15,2019-05-18,12,0.0,26.65,50.16,5
IMO9280873,Astro Perseus,Tankers,SARRT,Ras Tanura,2019-06-20,2019-06-23,33,0.0,26.65,50.16,6
IMO9280873,Astro Perseus,Tankers,NLRTM,Rotterdam,2019-07-07,2019-07-10,14,2547.4,51.92,4.47,7
IMO9280873,Astro Perseus,Tankers,SGSIN,Singapore,2019-07-24,2019-07-27,14,5689.2,1.28,103.85,8
IMO9280873,Astro Perseus,Tankers,SGSIN,Singapore,2019-08-10,2019-08-13,14,0.0,1.28,103.85,9
IMO9280873,Astro Perseus,Tankers,SGSIN,Singapore,2019-08-27,2019-08-30,14,0.0,1.28,103.85,10
IMO9280873,Astro Perseus,Tankers,AEFJR,Fujairah,2021-04-11,2021-04-14,590,3099.3,25.13,56.34,11
IMO9280873,Astro Perseus,Tankers,AEFJR,Fujairah,2021-10-20,2021-10-23,189,0.0,25.13,56.34,12
IMO9280885,Astro Phoenix,Tankers,SGSIN,Singapore,2020-04-23,2020-04-26,14,0.0,1.28,103.85,1
IMO9280885,Astro Phoenix,Tankers,SARRT,Ras Tanura,2021-03-16,2021-03-19,324,3444.8,26.65,50.16,2
IMO9280885,Astro Phoenix,Tankers,SARRT,Ras Tanura,2021-06-30,2021-07-03,103,0.0,26.65,50.16,3
IMO9280885,Astro Phoenix,Tankers,SARRT,Ras Tanura,2021-08-02,2021-08-05,30,0.0,26.65,50.16,4
IMO9280885,Astro Phoenix,Tankers,SARRT,Ras Tanura,2022-01-10,2022-01-13,158,0.0,26.65,50.16,5
IMO9280885,Astro Phoenix,Tankers,SARRT,Ras Tanura,2022-03-24,2022-03-27,70,0.0,26.65,50.16,6
IMO9280885,Astro Phoenix,Tankers,SARRT,Ras Tanura,2022-04-08,2022-04-11,12,0.0,26.65,50.16,7
IMO9280885,Astro Phoenix,Tankers,SARRT,Ras Tanura,2022-04-21,2022-04-24,10,0.0,26.65,50.16,8
IMO9281118,Aeolian Pearl,LPG,USHOU,Houston,2023-07-27,2023-07-30,0,0.0,29.74,-95.27,1
IMO9281152,Astro Polaris,Tankers,SGSIN,Singapore,2018-02-20,2018-02-23,14,0.0,1.28,103.85,1
IMO9281152,Astro Polaris,Tankers,DZAZW,Arzew,2018-10-22,2018-10-25,241,6044.3,35.85,-0.31,2
IMO9281152,Astro Polaris,Tankers,DZAZW,Arzew,2018-11-07,2018-11-10,13,0.0,35.85,-0.31,3
IMO9281152,Astro Polaris,Tankers,SARRT,Ras Tanura,2019-10-01,2019-10-04,325,2619.7,26.65,50.16,4
IMO9281152,Astro Polaris,Tankers,SARRT,Ras Tanura,2020-01-21,2020-01-24,109,0.0,26.65,50.16,5
IMO9281152,Astro Polaris,Tankers,SARRT,Ras Tanura,2020-01-28,2020-01-31,4,0.0,26.65,50.16,6
IMO9281152,Astro Polaris,Tankers,SGSIN,Singapore,2020-02-14,2020-02-17,14,3444.8,1.28,103.85,7
IMO9281152,Astro Polaris,Tankers,SARRT,Ras Tanura,2021-06-04,2021-06-07,473,3444.8,26.65,50.16,8
IMO9281152,Astro Polaris,Tankers,INSIK,Sikka / Jamnagar,2021-06-21,2021-06-24,14,1103.0,22.43,69.84,9
IMO9281152,Astro Polaris,Tankers,SARRT,Ras Tanura,2021-08-23,2021-08-26,60,1103.0,26.65,50.16,10
IMO9281152,Astro Polaris,Tankers,AEFJR,Fujairah,2021-11-15,2021-11-18,81,346.0,25.13,56.34,11
IMO9281152,Astro Polaris,Tankers,SARRT,Ras Tanura,2022-02-17,2022-02-20,91,346.0,26.65,50.16,12
IMO9281152,Astro Polaris,Tankers,SARRT,Ras Tanura,2022-05-04,2022-05-07,73,0.0,26.65,50.16,13
IMO9281152,Astro Polaris,Tankers,AEFJR,Fujairah,2022-06-08,2022-06-11,32,346.0,25.13,56.34,14
IMO9281683,Tbn,Tankers,SARRT,Ras Tanura,2019-04-01,2019-04-04,0,0.0,26.65,50.16,1
IMO9281683,Smiti,Tankers,SARRT,Ras Tanura,2019-04-09,2019-04-12,0,0.0,26.65,50.16,1
IMO9281683,Tbn,Tankers,NLRTM,Rotterdam,2019-04-18,2019-04-21,14,2547.4,51.92,4.47,2
IMO9281683,Smiti,Tankers,KWMFA,Mina Al Ahmadi,2019-05-16,2019-05-19,34,180.3,29.07,48.15,3
IMO9281683,Smiti,Tankers,SARRT,Ras Tanura,2019-06-26,2019-06-29,38,180.3,26.65,50.16,4
IMO9281683,Smiti,Tankers,SARRT,Ras Tanura,2019-07-25,2019-07-28,26,0.0,26.65,50.16,5
IMO9281683,Tbn,Tankers,SARRT,Ras Tanura,2020-04-21,2020-04-24,366,2547.4,26.65,50.16,3
IMO9281683,Smiti,Tankers,KWMFA,Mina Al Ahmadi,2020-06-09,2020-06-12,317,180.3,29.07,48.15,6
IMO9281683,Smiti,Tankers,SARRT,Ras Tanura,2020-08-19,2020-08-22,68,180.3,26.65,50.16,7
IMO9281683,Smiti,Tankers,KWMFA,Mina Al Ahmadi,2020-09-01,2020-09-04,10,180.3,29.07,48.15,8
IMO9281683,Smiti,Tankers,KWMFA,Mina Al Ahmadi,2021-04-28,2021-05-01,236,0.0,29.07,48.15,9
IMO9281683,Smiti,Tankers,AEFJR,Fujairah,2021-05-25,2021-05-28,24,497.4,25.13,56.34,10
IMO9281683,Smiti,Tankers,SARRT,Ras Tanura,2021-06-17,2021-06-20,20,346.0,26.65,50.16,11
IMO9281683,Tbn,Tankers,AEFJR,Fujairah,2026-07-10,2026-07-13,2268,346.0,25.13,56.34,4
IMO9281695,Asia Dawn,Tankers,SARRT,Ras Tanura,2020-03-11,2020-03-14,0,0.0,26.65,50.16,1
IMO9281695,Asia Dawn,Tankers,SARRT,Ras Tanura,2021-09-01,2021-09-04,536,0.0,26.65,50.16,2
IMO9281729,Globe Atlas,LPG,USHOU,Houston,2021-11-11,2021-11-14,0,0.0,29.74,-95.27,1
IMO9281729,Globe Atlas,LPG,USHOU,Houston,2022-05-12,2022-05-15,179,0.0,29.74,-95.27,2
IMO9283241,Eurodignity,Tankers,SGSIN,Singapore,2018-02-26,2018-03-01,14,0.0,1.28,103.85,1
IMO9283241,Eurodignity,Tankers,INSIK,Sikka / Jamnagar,2018-03-15,2018-03-18,14,2355.7,22.43,69.84,2
IMO9283241,Eurodignity,Tankers,SARRT,Ras Tanura,2022-01-24,2022-01-27,1408,1103.0,26.65,50.16,3
IMO9283241,Eurodignity,Tankers,AEFJR,Fujairah,2022-05-09,2022-05-12,102,346.0,25.13,56.34,4
IMO9283801,Amorgos,Tankers,INSIK,Sikka / Jamnagar,2021-03-23,2021-03-26,14,0.0,22.43,69.84,1
IMO9283801,Amorgos,Tankers,SARRT,Ras Tanura,2021-06-17,2021-06-20,83,1103.0,26.65,50.16,2
IMO9284192,Arctic Lady,LNG,NGBON,Bonny,2012-12-31,2013-01-03,0,0.0,4.45,7.16,1
IMO9284192,Arctic Lady,LNG,NGBON,Bonny,2013-01-17,2013-01-20,14,0.0,4.45,7.16,2
IMO9284842,Navigator TBN ,LPG,USHOU,Houston,2020-10-22,2020-10-25,14,0.0,29.74,-95.27,1
IMO9285462,Gas Al Ahmadia,LPG,QARLF,Ras Laffan,2020-12-03,2020-12-06,0,0.0,25.92,51.53,1
IMO9285462,Gas al Ahmadia,LPG,SAYNB,Yanbu,2023-10-19,2023-10-22,0,0.0,24.09,38.06,1
IMO9285823,Gilos,Tankers,KWMFA,Mina Al Ahmadi,2021-01-25,2021-01-28,0,0.0,29.07,48.15,1
IMO9285823,Gilos,Tankers,INSIK,Sikka / Jamnagar,2021-02-11,2021-02-14,14,1236.5,22.43,69.84,2
IMO9285952,Lusail,LNG,QARLF,Ras Laffan,2005-03-26,2005-03-29,0,0.0,25.92,51.53,1
IMO9285952,Lusail,LNG,QARLF,Ras Laffan,2005-04-12,2005-04-15,14,0.0,25.92,51.53,2
IMO9285952,Lusail,LNG,QARLF,Ras Laffan,2019-12-02,2019-12-05,5344,0.0,25.92,51.53,3
IMO9285952,Lusail,LNG,QARLF,Ras Laffan,2019-12-19,2019-12-22,14,0.0,25.92,51.53,4
IMO9286073,Adventure,Tankers,KWMFA,Mina Al Ahmadi,2021-02-18,2021-02-21,0,0.0,29.07,48.15,1
IMO9286073,Adventure,Tankers,KWMFA,Mina Al Ahmadi,2021-03-18,2021-03-21,25,0.0,29.07,48.15,2
IMO9286073,Adventure,Tankers,AEFJR,Fujairah,2021-07-06,2021-07-09,107,497.4,25.13,56.34,3
IMO9286073,Adventure,Tankers,SAYNB,Yanbu,2022-06-23,2022-06-26,349,999.0,24.09,38.06,4
IMO9286073,Adventure,Tankers,CNNGB,Ningbo-Zhoushan,2022-07-10,2022-07-13,14,4380.6,29.87,121.55,5
IMO9286089,Constellation,LPG,SAYNB,Yanbu,2020-09-10,2020-09-13,0,0.0,24.09,38.06,1
IMO9286089,Constellation,LPG,USPOA,Port Arthur / Nederland,2020-11-19,2020-11-22,67,6547.1,29.87,-93.93,2
IMO9286089,Constellation,LPG,NGBON,Bonny,2021-02-11,2021-02-14,81,5844.0,4.45,7.16,3
IMO9286089,Constellation,LPG,USHOU,Houston,2022-10-13,2022-10-16,606,5914.1,29.74,-95.27,4
IMO9286089,Constellation,LPG,USHOU,Houston,2023-01-05,2023-01-08,81,0.0,29.74,-95.27,5
IMO9286138,Great Lady,Tankers,SARRT,Ras Tanura,2019-10-10,2019-10-13,0,0.0,26.65,50.16,1
IMO9286138,Great Lady,Tankers,SARRT,Ras Tanura,2019-10-18,2019-10-21,1,1103.0,26.65,50.16,3
IMO9286138,Great Lady,Tankers,INSIK,Sikka / Jamnagar,2019-10-27,2019-10-30,14,1103.0,22.43,69.84,2
IMO9286138,Great Lady,Tankers,INSIK,Sikka / Jamnagar,2019-11-04,2019-11-07,14,1103.0,22.43,69.84,4
IMO9286138,Great Lady,Tankers,SARRT,Ras Tanura,2020-12-17,2020-12-20,406,1103.0,26.65,50.16,5
IMO9286138,Great Lady,Tankers,SGSIN,Singapore,2021-01-03,2021-01-06,14,3444.8,1.28,103.85,6
IMO9286138,Great Lady,Tankers,CNNGB,Ningbo-Zhoushan,2021-01-20,2021-01-23,14,1991.7,29.87,121.55,7
IMO9286138,Great Lady,Tankers,KWMFA,Mina Al Ahmadi,2022-02-10,2022-02-13,383,3765.1,29.07,48.15,8
IMO9286138,Great Lady,Tankers,INSIK,Sikka / Jamnagar,2022-02-27,2022-03-02,14,1236.5,22.43,69.84,9
IMO9286138,Great Lady,Tankers,CNNGB,Ningbo-Zhoushan,2022-03-16,2022-03-19,14,2799.7,29.87,121.55,10
IMO9286138,Great Lady,Tankers,SGSIN,Singapore,2022-04-02,2022-04-05,14,1991.7,1.28,103.85,11
IMO9286138,Great Lady,Tankers,USCRP,Corpus Christi,2024-01-09,2024-01-12,644,8673.9,27.81,-97.39,12
IMO9286138,Great Lady,Tankers,CNNGB,Ningbo-Zhoushan,2024-01-26,2024-01-29,14,6686.1,29.87,121.55,13
IMO9286138,Great Lady,Tankers,INSIK,Sikka / Jamnagar,2024-02-12,2024-02-15,14,2799.7,22.43,69.84,14
IMO9286281,Kaveri Spirit,Tankers,USCRP,Corpus Christi,2019-08-26,2019-08-29,0,0.0,27.81,-97.39,1
IMO9286281,Kaveri Spirit,Tankers,INSIK,Sikka / Jamnagar,2019-09-12,2019-09-15,14,7701.3,22.43,69.84,2
IMO9286281,Kaveri Spirit,Tankers,NLRTM,Rotterdam,2019-09-29,2019-10-02,14,3449.7,51.92,4.47,3
IMO9286281,Onisilos,Tankers,AEFJR,Fujairah,2022-04-06,2022-04-09,0,0.0,25.13,56.34,1
IMO9286281,Onisilos,Tankers,RUPRI,Primorsk,2023-05-31,2023-06-03,417,2405.0,60.36,28.61,2
IMO9286657,South Sea,Tankers,NLRTM,Rotterdam,2018-10-02,2018-10-05,0,0.0,51.92,4.47,1
IMO9286657,South Sea,Tankers,SGSIN,Singapore,2018-10-19,2018-10-22,14,5689.2,1.28,103.85,2
IMO9286657,South Sea,Tankers,QARLF,Ras Laffan,2018-12-07,2018-12-10,46,3361.5,25.92,51.53,3
IMO9286657,South Sea,Tankers,SARRT,Ras Tanura,2019-08-06,2019-08-09,239,85.8,26.65,50.16,4
IMO9286657,South Sea,Tankers,SARRT,Ras Tanura,2019-08-19,2019-08-22,10,0.0,26.65,50.16,5
IMO9286657,South Sea,Tankers,SARRT,Ras Tanura,2020-07-23,2020-07-26,336,0.0,26.65,50.16,6
IMO9286657,South Sea,Tankers,QARLF,Ras Laffan,2020-11-25,2020-11-28,122,85.8,25.92,51.53,7
IMO9286657,South Sea,Tankers,SARRT,Ras Tanura,2021-01-08,2021-01-11,41,85.8,26.65,50.16,8
IMO9286657,South Sea,Tankers,INSIK,Sikka / Jamnagar,2021-01-25,2021-01-28,14,1103.0,22.43,69.84,9
IMO9286657,South Sea,Tankers,AEFJR,Fujairah,2021-02-11,2021-02-14,14,758.9,25.13,56.34,10
IMO9286657,South Sea,Tankers,SARRT,Ras Tanura,2021-04-20,2021-04-23,65,346.0,26.65,50.16,11
IMO9286657,South Sea,Tankers,SARRT,Ras Tanura,2021-05-13,2021-05-16,20,0.0,26.65,50.16,12
IMO9286657,South Sea,Tankers,SARRT,Ras Tanura,2021-06-07,2021-06-10,22,0.0,26.65,50.16,13
IMO9286657,South Sea,Tankers,SARRT,Ras Tanura,2021-07-26,2021-07-29,46,0.0,26.65,50.16,14
IMO9286657,South Sea,Tankers,SARRT,Ras Tanura,2022-02-23,2022-02-26,209,0.0,26.65,50.16,15
IMO9286657,South Sea,Tankers,SARRT,Ras Tanura,2023-02-21,2023-02-24,360,0.0,26.65,50.16,16
IMO9286657,Dynamik Trader,Tankers,INSIK,Sikka / Jamnagar,2023-05-04,2023-05-07,14,0.0,22.43,69.84,1
IMO9288083,New Century,Tankers,SARRT,Ras Tanura,2019-07-15,2019-07-18,0,0.0,26.65,50.16,1
IMO9288083,New Century,Tankers,SARRT,Ras Tanura,2019-10-29,2019-11-01,103,0.0,26.65,50.16,2
IMO9288095,New Spirit,Tankers,SARRT,Ras Tanura,2021-09-06,2021-09-09,0,0.0,26.65,50.16,1
IMO9288104,GC Baltic,LPG,USHOU,Houston,2020-06-04,2020-06-07,0,0.0,29.74,-95.27,1
IMO9288104,GC Baltic,LPG,USHOU,Houston,2020-06-21,2020-06-24,14,0.0,29.74,-95.27,2
IMO9288875,Maran Andromeda o/o,Tankers,CNNGB,Ningbo-Zhoushan,2019-10-18,2019-10-21,14,0.0,29.87,121.55,1
IMO9288875,Maran Andromeda,Tankers,INSIK,Sikka / Jamnagar,2020-10-12,2020-10-15,14,0.0,22.43,69.84,1
IMO9288875,Pratika,Tankers,SARRT,Ras Tanura,2023-01-11,2023-01-14,0,0.0,26.65,50.16,1
IMO9288875,Mur,Tankers,SARRT,Ras Tanura,2024-05-20,2024-05-23,0,0.0,26.65,50.16,1
IMO9288875,Mur,Tankers,INSIK,Sikka / Jamnagar,2024-06-06,2024-06-09,14,1103.0,22.43,69.84,2
IMO9288887,Nordic Freedom,Tankers,SARRT,Ras Tanura,2018-07-13,2018-07-16,0,0.0,26.65,50.16,1
IMO9288887,Nordic Freedom,Tankers,CNNGB,Ningbo-Zhoushan,2018-07-30,2018-08-02,14,3717.6,29.87,121.55,2
IMO9288887,Nordic Freedom,Tankers,QARLF,Ras Laffan,2019-05-31,2019-06-03,302,3664.9,25.92,51.53,3
IMO9288887,Nordic Freedom,Tankers,SGSIN,Singapore,2019-06-17,2019-06-20,14,3361.5,1.28,103.85,4
IMO9288887,Nordic Freedom,Tankers,DZAZW,Arzew,2020-01-07,2020-01-10,201,6044.3,35.85,-0.31,5
IMO9288887,Nordic Freedom,Tankers,AEFJR,Fujairah,2020-01-24,2020-01-27,14,2959.8,25.13,56.34,6
IMO9288887,Nordic Freedom,Tankers,CNNGB,Ningbo-Zhoushan,2020-02-10,2020-02-13,14,3438.5,29.87,121.55,7
IMO9288887,Nordic Freedom,Tankers,AEFJR,Fujairah,2022-11-09,2022-11-12,1000,3438.5,25.13,56.34,8
IMO9288887,Nordic Freedom,Tankers,KWMFA,Mina Al Ahmadi,2022-12-22,2022-12-25,40,497.4,29.07,48.15,9
IMO9288887,Nordic Freedom,Tankers,KWMFA,Mina Al Ahmadi,2023-02-02,2023-02-05,39,0.0,29.07,48.15,10
IMO9288887,Nordic Freedom,Tankers,KWMFA,Mina Al Ahmadi,2023-03-21,2023-03-24,44,0.0,29.07,48.15,11
IMO9288887,Nordic Freedom,Tankers,SGSIN,Singapore,2023-04-07,2023-04-10,14,3589.4,1.28,103.85,12
IMO9288887,Nordic Freedom,Tankers,SARRT,Ras Tanura,2023-06-22,2023-06-25,73,3444.8,26.65,50.16,13
IMO9288887,Nordic Freedom,Tankers,QARLF,Ras Laffan,2023-08-24,2023-08-27,60,85.8,25.92,51.53,14
IMO9288887,Nordic Freedom,Tankers,KWMFA,Mina Al Ahmadi,2024-01-04,2024-01-07,130,261.1,29.07,48.15,15
IMO9288887,Nordic Freedom,Tankers,AEFJR,Fujairah,2026-01-06,2026-01-09,730,497.4,25.13,56.34,16
IMO9288899,Eurovoyager,Tankers,SGSIN,Singapore,2019-08-05,2019-08-08,0,0.0,1.28,103.85,1
IMO9288899,Eurovoyager,Tankers,INSIK,Sikka / Jamnagar,2019-08-22,2019-08-25,14,2355.7,22.43,69.84,2
IMO9288899,Eurovoyager,Tankers,SARRT,Ras Tanura,2022-02-04,2022-02-07,894,1103.0,26.65,50.16,3
IMO9289477,Dht Condor,Tankers,KRUSN,Ulsan,2020-12-14,2020-12-17,14,0.0,35.5,129.38,1
IMO9289491,Maran Aquarius,Tankers,SARRT,Ras Tanura,2019-11-06,2019-11-09,0,0.0,26.65,50.16,1
IMO9289491,Maran Aquarius,Tankers,KWMFA,Mina Al Ahmadi,2020-11-11,2020-11-14,368,180.3,29.07,48.15,2
IMO9289491,Maran Aquarius,Tankers,KWMFA,Mina Al Ahmadi,2021-03-09,2021-03-12,115,0.0,29.07,48.15,3
IMO9289491,Maran Aquarius,Tankers,CNNGB,Ningbo-Zhoushan,2021-03-26,2021-03-29,14,3765.1,29.87,121.55,4
IMO9289726,Argenta,Tankers,SARRT,Ras Tanura,2020-02-27,2020-03-01,0,0.0,26.65,50.16,1
IMO9289726,Argenta,Tankers,KWMFA,Mina Al Ahmadi,2021-02-25,2021-02-28,361,180.3,29.07,48.15,2
IMO9289726,Madesta,Tankers,SARRT,Ras Tanura,2024-05-22,2024-05-25,0,0.0,26.65,50.16,1
IMO9289726,Madesta,Tankers,INSIK,Sikka / Jamnagar,2024-06-08,2024-06-11,14,1103.0,22.43,69.84,2
IMO9289726,Madesta,Tankers,INSIK,Sikka / Jamnagar,2024-06-25,2024-06-28,14,0.0,22.43,69.84,3
IMO9289726,Madesta,Tankers,INSIK,Sikka / Jamnagar,2024-07-12,2024-07-15,14,0.0,22.43,69.84,4
IMO9290086,Ti Hellas,Tankers,SARRT,Ras Tanura,2019-12-05,2019-12-08,0,0.0,26.65,50.16,1
IMO9290086,Carmen,Tankers,KWMFA,Mina Al Ahmadi,2021-04-12,2021-04-15,0,0.0,29.07,48.15,1
IMO9290086,Carmen,Tankers,INSIK,Sikka / Jamnagar,2021-04-29,2021-05-02,14,1236.5,22.43,69.84,2
IMO9290086,Carmen,Tankers,SARRT,Ras Tanura,2022-01-31,2022-02-03,274,1103.0,26.65,50.16,3
IMO9290086,Carmen,Tankers,INSIK,Sikka / Jamnagar,2022-02-17,2022-02-20,14,1103.0,22.43,69.84,4
IMO9290086,Carmen,Tankers,INSIK,Sikka / Jamnagar,2022-03-06,2022-03-09,14,0.0,22.43,69.84,5
IMO9290086,Carmen,Tankers,INSIK,Sikka / Jamnagar,2022-03-23,2022-03-26,14,0.0,22.43,69.84,6
IMO9290086,Carmen,Tankers,INSIK,Sikka / Jamnagar,2022-04-09,2022-04-12,14,0.0,22.43,69.84,7
IMO9290086,Carmen,Tankers,KWMFA,Mina Al Ahmadi,2023-01-04,2023-01-07,267,1236.5,29.07,48.15,8
IMO9290086,Carmen,Tankers,KWMFA,Mina Al Ahmadi,2023-06-28,2023-07-01,172,0.0,29.07,48.15,9
IMO9290086,Carmen,Tankers,INSIK,Sikka / Jamnagar,2023-07-15,2023-07-18,14,1236.5,22.43,69.84,10
IMO9290086,Carmen,Tankers,INSIK,Sikka / Jamnagar,2023-08-01,2023-08-04,14,0.0,22.43,69.84,11
IMO9290086,Carmen,Tankers,SARRT,Ras Tanura,2024-01-02,2024-01-05,151,1103.0,26.65,50.16,12
IMO9290086,Carmen,Tankers,INSIK,Sikka / Jamnagar,2024-01-19,2024-01-22,14,1103.0,22.43,69.84,13
IMO9290323,Aegean Angel,Tankers,SGSIN,Singapore,2018-07-11,2018-07-14,14,0.0,1.28,103.85,1
IMO9290323,Aegean Angel,Tankers,CNNGB,Ningbo-Zhoushan,2018-07-28,2018-07-31,14,1991.7,29.87,121.55,2
IMO9290323,Aegean Angel,Tankers,DZAZW,Arzew,2019-10-03,2019-10-06,429,5676.8,35.85,-0.31,3
IMO9290323,Aegean Angel,Tankers,SARRT,Ras Tanura,2021-02-16,2021-02-19,499,2619.7,26.65,50.16,4
IMO9290323,Aegean Angel,Tankers,KWMFA,Mina Al Ahmadi,2022-02-17,2022-02-20,363,180.3,29.07,48.15,5
IMO9290323,Aegean Angel,Tankers,SARRT,Ras Tanura,2022-07-19,2022-07-22,149,180.3,26.65,50.16,6
IMO9290323,Aegean Angel,Tankers,SARRT,Ras Tanura,2022-08-16,2022-08-19,25,0.0,26.65,50.16,7
IMO9290323,Aegean Angel,Tankers,SARRT,Ras Tanura,2023-06-16,2023-06-19,301,0.0,26.65,50.16,8
IMO9290335,Aegean Dignity,Tankers,SGSIN,Singapore,2018-08-14,2018-08-17,14,0.0,1.28,103.85,1
IMO9290335,Aegean Dignity,Tankers,SGSIN,Singapore,2018-08-31,2018-09-03,14,0.0,1.28,103.85,2
IMO9290335,Aegean Dignity,Tankers,CNNGB,Ningbo-Zhoushan,2018-09-17,2018-09-20,14,1991.7,29.87,121.55,3
IMO9290335,Aegean Dignity,Tankers,SGSIN,Singapore,2018-10-04,2018-10-07,14,1991.7,1.28,103.85,4
IMO9290335,Aegean Dignity,Tankers,SGSIN,Singapore,2018-10-21,2018-10-24,14,0.0,1.28,103.85,5
IMO9290335,Aegean Dignity,Tankers,DZAZW,Arzew,2022-01-13,2022-01-16,1177,6044.3,35.85,-0.31,6
IMO9290335,Aegean Dignity,Tankers,KWMFA,Mina Al Ahmadi,2022-04-26,2022-04-29,100,2463.5,29.07,48.15,7
IMO9290335,Aegean Dignity,Tankers,KWMFA,Mina Al Ahmadi,2022-05-03,2022-05-06,4,0.0,29.07,48.15,8
IMO9290335,Aegean Dignity,Tankers,SARRT,Ras Tanura,2022-09-01,2022-09-04,118,180.3,26.65,50.16,9
IMO9290347,Ivonne,Tankers,SARRT,Ras Tanura,2019-07-05,2019-07-08,0,0.0,26.65,50.16,1
IMO9290347,Ivonne,Tankers,KWMFA,Mina Al Ahmadi,2019-12-20,2019-12-23,165,180.3,29.07,48.15,2
IMO9290347,Ivonne,Tankers,SARRT,Ras Tanura,2020-11-24,2020-11-27,337,180.3,26.65,50.16,3
IMO9290347,Ivonne,Tankers,SARRT,Ras Tanura,2021-01-28,2021-01-31,62,0.0,26.65,50.16,4
IMO9290347,Ivonne,Tankers,KWMFA,Mina Al Ahmadi,2021-03-05,2021-03-08,33,180.3,29.07,48.15,5
IMO9290347,Ivonne,Tankers,SARRT,Ras Tanura,2021-04-06,2021-04-09,29,180.3,26.65,50.16,6
IMO9290347,Ivonne o/o,Tankers,SARRT,Ras Tanura,2021-07-16,2021-07-19,0,0.0,26.65,50.16,1
IMO9290347,Ivonne o/o,Tankers,INSIK,Sikka / Jamnagar,2021-08-02,2021-08-05,14,1103.0,22.43,69.84,2
IMO9290347,Ivonne,Tankers,SARRT,Ras Tanura,2021-08-20,2021-08-23,133,0.0,26.65,50.16,7
IMO9290347,Ivonne,Tankers,KWMFA,Mina Al Ahmadi,2021-09-27,2021-09-30,35,180.3,29.07,48.15,8
IMO9290347,Ivonne,Tankers,SARRT,Ras Tanura,2022-11-29,2022-12-02,425,180.3,26.65,50.16,9
IMO9290347,Ivonne,Tankers,INSIK,Sikka / Jamnagar,2022-12-16,2022-12-19,14,1103.0,22.43,69.84,10
IMO9290347,Ivonne,Tankers,SARRT,Ras Tanura,2023-01-26,2023-01-29,38,1103.0,26.65,50.16,11
IMO9290347,Ivonne,Tankers,SARRT,Ras Tanura,2023-01-27,2023-01-30,1,0.0,26.65,50.16,12
IMO9290347,Ivonne,Tankers,SARRT,Ras Tanura,2023-02-17,2023-02-20,18,0.0,26.65,50.16,13
IMO9290347,Ivonne,Tankers,INSIK,Sikka / Jamnagar,2023-03-06,2023-03-09,14,1103.0,22.43,69.84,14
IMO9290359,Ottoman Nobility,Tankers,CNNGB,Ningbo-Zhoushan,2018-02-19,2018-02-22,14,0.0,29.87,121.55,1
IMO9290359,Ottoman Nobility,Tankers,NLRTM,Rotterdam,2018-03-09,2018-03-12,15,4890.7,51.92,4.47,2
IMO9290359,Ottoman Nobility,Tankers,SGSIN,Singapore,2018-03-26,2018-03-29,14,5689.2,1.28,103.85,3
IMO9290359,Ottoman Nobility,Tankers,KWMFA,Mina Al Ahmadi,2019-10-01,2019-10-04,551,3589.4,29.07,48.15,4
IMO9290359,Ottoman Nobility,Tankers,DZAZW,Arzew,2020-08-17,2020-08-20,318,2463.5,35.85,-0.31,5
IMO9290359,Ottoman Nobility,Tankers,NLRTM,Rotterdam,2021-11-17,2021-11-20,454,986.2,51.92,4.47,6
IMO9290373,Besiktas Bosphorus,Tankers,SGSIN,Singapore,2020-12-14,2020-12-17,14,0.0,1.28,103.85,1
IMO9290373,Besiktas Bosphorus,Tankers,DZAZW,Arzew,2021-09-14,2021-09-17,271,6044.3,35.85,-0.31,2
IMO9290373,Besiktas Bosphorus,Tankers,INSIK,Sikka / Jamnagar,2021-10-01,2021-10-04,14,3689.7,22.43,69.84,3
IMO9290385,Utd Leadership,Tankers,INSIK,Sikka / Jamnagar,2018-07-03,2018-07-06,14,0.0,22.43,69.84,1
IMO9290385,Euroleader,Tankers,SARRT,Ras Tanura,2018-11-19,2018-11-22,0,0.0,26.65,50.16,1
IMO9290385,Euroleader,Tankers,DZAZW,Arzew,2019-08-27,2019-08-30,278,2619.7,35.85,-0.31,2
IMO9290385,Euroleader,Tankers,AEFJR,Fujairah,2020-10-28,2020-10-31,425,2959.8,25.13,56.34,3
IMO9290385,Euroleader,Tankers,SGSIN,Singapore,2020-11-14,2020-11-17,14,3099.3,1.28,103.85,4
IMO9290385,Euroleader,Tankers,SARRT,Ras Tanura,2021-12-08,2021-12-11,386,3444.8,26.65,50.16,5
IMO9290385,Euroleader,Tankers,INSIK,Sikka / Jamnagar,2021-12-25,2021-12-28,14,1103.0,22.43,69.84,6
IMO9290397,Kriti Vigor,Tankers,SGSIN,Singapore,2018-09-03,2018-09-06,14,0.0,1.28,103.85,1
IMO9290397,Kriti Vigor,Tankers,DZAZW,Arzew,2018-11-01,2018-11-04,56,6044.3,35.85,-0.31,2
IMO9290397,Kriti Vigor,Tankers,CNNGB,Ningbo-Zhoushan,2018-11-18,2018-11-21,14,5676.8,29.87,121.55,3
IMO9290397,Kriti Vigor,Tankers,DZAZW,Arzew,2020-07-29,2020-08-01,616,5676.8,35.85,-0.31,4
IMO9290397,Kriti Vigor,Tankers,SGSIN,Singapore,2020-08-15,2020-08-18,14,6044.3,1.28,103.85,5
IMO9290397,Kriti Vigor,Tankers,SGSIN,Singapore,2020-09-01,2020-09-04,14,0.0,1.28,103.85,6
IMO9290397,Kriti Vigor,Tankers,SGSIN,Singapore,2020-09-18,2020-09-21,14,0.0,1.28,103.85,7
IMO9290397,Kriti Vigor,Tankers,AEFJR,Fujairah,2021-12-13,2021-12-16,448,3099.3,25.13,56.34,8
IMO9290397,Kriti King,Tankers,CNNGB,Ningbo-Zhoushan,2022-05-09,2022-05-12,14,0.0,29.87,121.55,1
IMO9290397,Kriti Vigor,Tankers,DZAZW,Arzew,2023-03-22,2023-03-25,461,2959.8,35.85,-0.31,9
IMO9290397,Kriti King,Tankers,DZAZW,Arzew,2023-04-24,2023-04-27,347,5676.8,35.85,-0.31,2
IMO9290397,Kriti King,Tankers,DZAZW,Arzew,2023-05-17,2023-05-20,20,0.0,35.85,-0.31,3
IMO9290397,Kriti Vigor,Tankers,DZAZW,Arzew,2024-01-23,2024-01-26,304,0.0,35.85,-0.31,10
IMO9290397,Kriti King,Tankers,DZAZW,Arzew,2025-06-18,2025-06-21,760,0.0,35.85,-0.31,4
IMO9290775,Sea Lynx,Tankers,SARRT,Ras Tanura,2019-10-02,2019-10-05,0,0.0,26.65,50.16,1
IMO9290775,Sea Lynx,Tankers,KWMFA,Mina Al Ahmadi,2020-09-10,2020-09-13,341,180.3,29.07,48.15,2
IMO9290775,Sea Lynx,Tankers,KRUSN,Ulsan,2020-09-27,2020-09-30,14,4023.0,35.5,129.38,3
IMO9290775,Sea Lynx,Tankers,SARRT,Ras Tanura,2021-05-19,2021-05-22,231,4000.9,26.65,50.16,4
IMO9290778,Venus Glory,LPG,USHOU,Houston,2020-09-17,2020-09-20,0,0.0,29.74,-95.27,1
IMO9290933,Nordic Luna,Tankers,SGSIN,Singapore,2018-05-18,2018-05-21,14,0.0,1.28,103.85,1
IMO9290933,Nordic Luna,Tankers,CNNGB,Ningbo-Zhoushan,2018-06-04,2018-06-07,14,1991.7,29.87,121.55,2
IMO9290933,Nordic Luna,Tankers,QARLF,Ras Laffan,2018-10-03,2018-10-06,118,3664.9,25.92,51.53,3
IMO9290933,Nordic Luna,Tankers,QARLF,Ras Laffan,2019-06-12,2019-06-15,249,0.0,25.92,51.53,4
IMO9290933,Nordic Luna,Tankers,CNNGB,Ningbo-Zhoushan,2019-06-29,2019-07-02,14,3664.9,29.87,121.55,5
IMO9290933,Nordic Luna,Tankers,SARRT,Ras Tanura,2019-10-08,2019-10-11,98,3717.6,26.65,50.16,6
IMO9290933,Nordic Luna,Tankers,KWMFA,Mina Al Ahmadi,2020-02-13,2020-02-16,125,180.3,29.07,48.15,7
IMO9290933,Nordic Luna,Tankers,SGSIN,Singapore,2020-03-01,2020-03-04,14,3589.4,1.28,103.85,8
IMO9290933,Nordic Luna,Tankers,SARRT,Ras Tanura,2021-08-10,2021-08-13,524,3444.8,26.65,50.16,9
IMO9290933,Nordic Luna,Tankers,DZAZW,Arzew,2022-03-08,2022-03-11,207,2619.7,35.85,-0.31,10
IMO9290933,Nordic Luna,Tankers,SARRT,Ras Tanura,2023-04-18,2023-04-21,403,2619.7,26.65,50.16,11
IMO9290933,Nordic Luna,Tankers,KWMFA,Mina Al Ahmadi,2023-05-16,2023-05-19,25,180.3,29.07,48.15,12
IMO9290933,Nordic Luna,Tankers,SGSIN,Singapore,2023-06-02,2023-06-05,14,3589.4,1.28,103.85,13
IMO9291078,Navigator Umbrio,LPG,USHOU,Houston,2019-06-20,2019-06-23,0,0.0,29.74,-95.27,1
IMO9291078,Navigator Umbrio,LPG,USHOU,Houston,2020-05-14,2020-05-17,326,0.0,29.74,-95.27,2
IMO9291286,Athina Ii,Tankers,SARRT,Ras Tanura,2020-11-19,2020-11-22,0,0.0,26.65,50.16,1
IMO9291286,Athina Ii,Tankers,SARRT,Ras Tanura,2021-04-26,2021-04-29,155,0.0,26.65,50.16,2
IMO9291286,Athina Ii,Tankers,KWMFA,Mina Al Ahmadi,2022-03-07,2022-03-10,312,180.3,29.07,48.15,3
IMO9291286,Athina Ii,Tankers,CNNGB,Ningbo-Zhoushan,2022-03-24,2022-03-27,14,3765.1,29.87,121.55,4
IMO9291286,Athina Ii,Tankers,INSIK,Sikka / Jamnagar,2022-04-10,2022-04-13,14,2799.7,22.43,69.84,5
IMO9291612,ICE Transporter,Tankers,SAYNB,Yanbu,2020-02-26,2020-02-29,0,0.0,24.09,38.06,1
IMO9292163,Front Force,Tankers,KWMFA,Mina Al Ahmadi,2019-07-04,2019-07-07,0,0.0,29.07,48.15,1
IMO9292187,Seaking,Tankers,SGSIN,Singapore,2021-06-08,2021-06-11,14,0.0,1.28,103.85,1
IMO9292187,Seaking,Tankers,KWMFA,Mina Al Ahmadi,2021-08-20,2021-08-23,70,3589.4,29.07,48.15,2
IMO9292187,Gold Pearl*,Tankers,SARRT,Ras Tanura,2024-04-22,2024-04-25,0,0.0,26.65,50.16,1
IMO9292187,Seaking,Tankers,AEFJR,Fujairah,2025-10-21,2025-10-24,1520,497.4,25.13,56.34,3
IMO9292187,Seaking,Tankers,AEFJR,Fujairah,2026-06-03,2026-06-06,222,0.0,25.13,56.34,4
IMO9292199,Besiktas Dardanelles,Tankers,NLRTM,Rotterdam,2020-01-17,2020-01-20,14,0.0,51.92,4.47,1
IMO9292199,Besiktas Dardanelles,Tankers,SARRT,Ras Tanura,2020-06-05,2020-06-08,137,2547.4,26.65,50.16,2
IMO9292199,Besiktas Dardanelles,Tankers,SARRT,Ras Tanura,2020-11-29,2020-12-02,174,0.0,26.65,50.16,3
IMO9292199,Besiktas Dardanelles,Tankers,SGSIN,Singapore,2022-06-14,2022-06-17,559,3444.8,1.28,103.85,4
IMO9292199,Besiktas Dardanelles,Tankers,DZAZW,Arzew,2022-09-20,2022-09-23,95,6044.3,35.85,-0.31,5
IMO9292199,Besiktas Dardanelles,Tankers,RUPRI,Primorsk,2022-10-06,2022-10-09,13,1842.9,60.36,28.61,6
IMO9292199,Besiktas Dardanelles,Tankers,INSIK,Sikka / Jamnagar,2022-10-23,2022-10-26,14,2852.7,22.43,69.84,7
IMO9292199,Besiktas Dardanelles,Tankers,RUPRI,Primorsk,2023-05-04,2023-05-07,190,2852.7,60.36,28.61,8
IMO9292228,Front Energy,Tankers,KWMFA,Mina Al Ahmadi,2020-11-17,2020-11-20,0,0.0,29.07,48.15,1
IMO9292228,Front Energy,Tankers,KWMFA,Mina Al Ahmadi,2021-11-22,2021-11-25,367,0.0,29.07,48.15,2
IMO9292486,Olympic Loyalty Ii,Tankers,SARRT,Ras Tanura,2019-04-07,2019-04-10,0,0.0,26.65,50.16,1
IMO9292486,Olympic Loyalty Ii,Tankers,SGSIN,Singapore,2019-04-24,2019-04-27,14,3444.8,1.28,103.85,2
IMO9292486,Olympic Loyalty II,Tankers,KWMFA,Mina Al Ahmadi,2019-06-20,2019-06-23,0,0.0,29.07,48.15,1
IMO9292486,Olympic Loyalty Ii,Tankers,KWMFA,Mina Al Ahmadi,2020-04-07,2020-04-10,346,3589.4,29.07,48.15,3
IMO9292486,Olympic Loyalty Ii,Tankers,KWMFA,Mina Al Ahmadi,2021-11-09,2021-11-12,578,0.0,29.07,48.15,4
IMO9292486,Olympic Loyalty Ii,Tankers,KWMFA,Mina Al Ahmadi,2022-01-10,2022-01-13,59,0.0,29.07,48.15,5
IMO9292498,Niovi,Tankers,SARRT,Ras Tanura,2021-04-21,2021-04-24,0,0.0,26.65,50.16,1
IMO9292498,Niovi,Tankers,SARRT,Ras Tanura,2021-06-02,2021-06-05,39,0.0,26.65,50.16,2
IMO9292498,Niovi,Tankers,SARRT,Ras Tanura,2021-10-19,2021-10-22,136,0.0,26.65,50.16,3
IMO9292498,Niovi,Tankers,SARRT,Ras Tanura,2021-11-30,2021-12-03,39,0.0,26.65,50.16,4
IMO9292498,Niovi,Tankers,INSIK,Sikka / Jamnagar,2021-12-17,2021-12-20,14,1103.0,22.43,69.84,5
IMO9292498,Niovi,Tankers,SARRT,Ras Tanura,2021-12-21,2021-12-24,1,1103.0,26.65,50.16,6
IMO9292498,Niovi,Tankers,INSIK,Sikka / Jamnagar,2022-01-07,2022-01-10,14,1103.0,22.43,69.84,7
IMO9292498,Niovi,Tankers,SARRT,Ras Tanura,2022-01-18,2022-01-21,8,1103.0,26.65,50.16,8
IMO9292498,Niovi,Tankers,SARRT,Ras Tanura,2023-03-13,2023-03-16,416,0.0,26.65,50.16,9
IMO9293117,Bari,Tankers,SARRT,Ras Tanura,2020-05-06,2020-05-09,0,0.0,26.65,50.16,1
IMO9293117,Bari,Tankers,AEFJR,Fujairah,2020-07-06,2020-07-09,58,346.0,25.13,56.34,2
IMO9293117,Bari,Tankers,INSIK,Sikka / Jamnagar,2020-07-23,2020-07-26,14,758.9,22.43,69.84,3
IMO9293117,Bari,Tankers,SARRT,Ras Tanura,2022-01-07,2022-01-10,530,1103.0,26.65,50.16,4
IMO9293129,Bastia,Tankers,AEFJR,Fujairah,2020-09-08,2020-09-11,0,0.0,25.13,56.34,1
IMO9293129,Bastia,Tankers,SGSIN,Singapore,2020-09-25,2020-09-28,14,3099.3,1.28,103.85,2
IMO9293129,Concord,Tankers,SARRT,Ras Tanura,2023-02-03,2023-02-06,0,0.0,26.65,50.16,1
IMO9293129,Concord,Tankers,AEFJR,Fujairah,2023-04-25,2023-04-28,78,346.0,25.13,56.34,2
IMO9293129,Concord,Tankers,INSIK,Sikka / Jamnagar,2023-05-12,2023-05-15,14,758.9,22.43,69.84,3
IMO9293129,Concord,Tankers,SARRT,Ras Tanura,2024-04-03,2024-04-06,324,1103.0,26.65,50.16,4
IMO9293129,Concord,Tankers,AEFJR,Fujairah,2024-06-10,2024-06-13,65,346.0,25.13,56.34,5
IMO9293129,Concord,Tankers,SARRT,Ras Tanura,2024-06-21,2024-06-24,8,346.0,26.65,50.16,6
IMO9293129,Concord,Tankers,KWMFA,Mina Al Ahmadi,2024-09-18,2024-09-21,86,180.3,29.07,48.15,7
IMO9293129,Concord,Tankers,SARRT,Ras Tanura,2025-04-04,2025-04-07,195,180.3,26.65,50.16,8
IMO9293129,Concord,Tankers,SARRT,Ras Tanura,2025-04-07,2025-04-10,1,0.0,26.65,50.16,9
IMO9293131,Bonny,Tankers,DZAZW,Arzew,2020-05-27,2020-05-30,0,0.0,35.85,-0.31,1
IMO9293131,Bonny,Tankers,SGSIN,Singapore,2020-06-13,2020-06-16,14,6044.3,1.28,103.85,2
IMO9293131,Century,Tankers,QARLF,Ras Laffan,2024-01-18,2024-01-21,0,0.0,25.92,51.53,1
IMO9293131,Century,Tankers,SARRT,Ras Tanura,2024-04-24,2024-04-27,94,85.8,26.65,50.16,2
IMO9293131,Century,Tankers,SARRT,Ras Tanura,2025-09-29,2025-10-02,520,0.0,26.65,50.16,3
IMO9293143,Cape Brindisi,Tankers,NLRTM,Rotterdam,2018-10-01,2018-10-04,0,0.0,51.92,4.47,1
IMO9293143,Cape Brindisi,Tankers,SGSIN,Singapore,2018-10-18,2018-10-21,14,5689.2,1.28,103.85,2
IMO9293143,Cape Brindisi,Tankers,NGBON,Bonny,2019-06-01,2019-06-04,223,5798.0,4.45,7.16,3
IMO9293143,Ridgebury Pallas,Tankers,SAYNB,Yanbu,2020-07-23,2020-07-26,0,0.0,24.09,38.06,1
IMO9293143,Classic,Tankers,KWMFA,Mina Al Ahmadi,2021-12-14,2021-12-17,0,0.0,29.07,48.15,1
IMO9293143,Classic,Tankers,INSIK,Sikka / Jamnagar,2021-12-31,2022-01-03,14,1236.5,22.43,69.84,2
IMO9293143,Classic,Tankers,SARRT,Ras Tanura,2023-06-01,2023-06-04,514,1103.0,26.65,50.16,3
IMO9293143,Classic,Tankers,INSIK,Sikka / Jamnagar,2023-06-18,2023-06-21,14,1103.0,22.43,69.84,4
IMO9293507,Jag Lok,Tankers,SARRT,Ras Tanura,2018-02-19,2018-02-22,0,0.0,26.65,50.16,1
IMO9293507,Jag Lok,Tankers,SARRT,Ras Tanura,2018-03-01,2018-03-04,7,0.0,26.65,50.16,2
IMO9293507,Jag Lok,Tankers,INSIK,Sikka / Jamnagar,2018-03-18,2018-03-21,14,1103.0,22.43,69.84,3
IMO9293507,Jag Lok,Tankers,CNQDG,Qingdao,2018-04-04,2018-04-07,14,2735.8,36.08,120.32,4
IMO9293507,Jag Lok,Tankers,SARRT,Ras Tanura,2020-04-24,2020-04-27,748,3565.3,26.65,50.16,5
IMO9293507,Jag Lok,Tankers,USCRP,Corpus Christi,2021-12-12,2021-12-15,594,7039.6,27.81,-97.39,6
IMO9293507,Jag Lok,Tankers,AEFJR,Fujairah,2021-12-29,2022-01-01,14,7284.6,25.13,56.34,7
IMO9293507,Jag Lok,Tankers,SGSIN,Singapore,2023-04-19,2023-04-22,473,3099.3,1.28,103.85,8
IMO9293507,Jag Lok,Tankers,SARRT,Ras Tanura,2024-05-02,2024-05-05,376,3444.8,26.65,50.16,9
IMO9293507,Jag Lok,Tankers,SARRT,Ras Tanura,2024-07-01,2024-07-04,57,0.0,26.65,50.16,10
IMO9293507,Jag Lok,Tankers,INSIK,Sikka / Jamnagar,2024-07-18,2024-07-21,14,1103.0,22.43,69.84,11
IMO9293507,Jag Lok,Tankers,SARRT,Ras Tanura,2024-07-30,2024-08-02,9,1103.0,26.65,50.16,12
IMO9293507,Jag Lok,Tankers,KWMFA,Mina Al Ahmadi,2024-09-24,2024-09-27,53,180.3,29.07,48.15,13
IMO9293507,Jag Lok,Tankers,SARRT,Ras Tanura,2024-11-25,2024-11-28,59,180.3,26.65,50.16,14
IMO9293507,Jag Lok,Tankers,INSIK,Sikka / Jamnagar,2024-12-12,2024-12-15,14,1103.0,22.43,69.84,15
IMO9293507,Jag Lok,Tankers,SARRT,Ras Tanura,2025-02-20,2025-02-23,67,1103.0,26.65,50.16,16
IMO9293507,Jag Lok,Tankers,SARRT,Ras Tanura,2025-03-07,2025-03-10,12,0.0,26.65,50.16,17
IMO9293507,Jag Lok,Tankers,SARRT,Ras Tanura,2025-07-09,2025-07-12,121,0.0,26.65,50.16,18
IMO9293507,Jag Lok,Tankers,INSIK,Sikka / Jamnagar,2025-07-26,2025-07-29,14,1103.0,22.43,69.84,19
IMO9293507,Jag Lok,Tankers,SARRT,Ras Tanura,2025-10-17,2025-10-20,80,1103.0,26.65,50.16,20
IMO9293507,Jag Lok,Tankers,INSIK,Sikka / Jamnagar,2025-11-03,2025-11-06,14,1103.0,22.43,69.84,21
IMO9293507,Jag Lok,Tankers,SARRT,Ras Tanura,2025-11-18,2025-11-21,12,1103.0,26.65,50.16,22
IMO9294068,Xin Jin Yang,Tankers,SARRT,Ras Tanura,2020-05-14,2020-05-17,0,0.0,26.65,50.16,1
IMO9294240,Katsuragisan (PETRAMINA),Tankers,SARRT,Ras Tanura,2020-09-09,2020-09-12,0,0.0,26.65,50.16,1
IMO9294240,Katsuragisan (PETRAMINA),Tankers,INSIK,Sikka / Jamnagar,2020-09-26,2020-09-29,14,1103.0,22.43,69.84,2
IMO9294252,New Andros,Tankers,SARRT,Ras Tanura,2021-11-01,2021-11-04,0,0.0,26.65,50.16,1
IMO9294252,New Andros,Tankers,SARRT,Ras Tanura,2022-02-02,2022-02-05,90,0.0,26.65,50.16,2
IMO9294252,New Andros,Tankers,SARRT,Ras Tanura,2022-10-07,2022-10-10,244,0.0,26.65,50.16,3
IMO9294252,New Andros,Tankers,SARRT,Ras Tanura,2022-12-14,2022-12-17,65,0.0,26.65,50.16,4
IMO9294252,New Andros,Tankers,SARRT,Ras Tanura,2023-01-02,2023-01-05,16,0.0,26.65,50.16,5
IMO9294252,New Andros,Tankers,INSIK,Sikka / Jamnagar,2023-01-19,2023-01-22,14,1103.0,22.43,69.84,6
IMO9294252,New Andros,Tankers,SARRT,Ras Tanura,2023-03-17,2023-03-20,54,1103.0,26.65,50.16,7
IMO9294252,New Andros,Tankers,KWMFA,Mina Al Ahmadi,2023-12-28,2023-12-31,283,180.3,29.07,48.15,8
IMO9294252,New Andros,Tankers,INSIK,Sikka / Jamnagar,2024-01-14,2024-01-17,14,1236.5,22.43,69.84,9
IMO9294252,New Andros,Tankers,AEFJR,Fujairah,2024-12-02,2024-12-05,320,758.9,25.13,56.34,10
IMO9294252,New Andros,Tankers,SARRT,Ras Tanura,2025-02-26,2025-03-01,83,346.0,26.65,50.16,12
IMO9294252,New Andros,Tankers,SARRT,Ras Tanura,2025-05-23,2025-05-26,83,0.0,26.65,50.16,13
IMO9294264,Nizwa LNG,LNG,QARLF,Ras Laffan,2020-06-29,2020-07-02,0,0.0,25.92,51.53,1
IMO9294264,Nizwa LNG,LNG,QARLF,Ras Laffan,2020-07-16,2020-07-19,14,0.0,25.92,51.53,2
IMO9294290,Asian Progress Iii,Tankers,KWMFA,Mina Al Ahmadi,2019-08-13,2019-08-16,0,0.0,29.07,48.15,1
IMO9294290,Asian Progress Iii,Tankers,SARRT,Ras Tanura,2020-11-27,2020-11-30,469,180.3,26.65,50.16,2
IMO9294290,Asian Progress Iii,Tankers,SARRT,Ras Tanura,2021-01-18,2021-01-21,49,0.0,26.65,50.16,3
IMO9294290,Asian Progress Iii,Tankers,KWMFA,Mina Al Ahmadi,2021-10-05,2021-10-08,257,180.3,29.07,48.15,4
IMO9294290,Asian Progress Iii,Tankers,SARRT,Ras Tanura,2021-11-29,2021-12-02,52,180.3,26.65,50.16,5
IMO9294290,Asian Progress Iii,Tankers,SARRT,Ras Tanura,2022-01-26,2022-01-29,55,0.0,26.65,50.16,6
IMO9294305,Princess Alexia,Tankers,SARRT,Ras Tanura,2020-03-20,2020-03-23,0,0.0,26.65,50.16,1
IMO9294305,Princess Alexia,Tankers,SARRT,Ras Tanura,2020-04-09,2020-04-12,17,0.0,26.65,50.16,2
IMO9294305,Princess Alexia,Tankers,INSIK,Sikka / Jamnagar,2020-04-26,2020-04-29,14,1103.0,22.43,69.84,3
IMO9294305,Princess Alexia,Tankers,INSIK,Sikka / Jamnagar,2020-05-13,2020-05-16,14,0.0,22.43,69.84,4
IMO9294305,Princess Alexia,Tankers,INSIK,Sikka / Jamnagar,2020-05-30,2020-06-02,14,0.0,22.43,69.84,5
IMO9294305,Princess Mary o/o,Tankers,INSIK,Sikka / Jamnagar,2020-12-16,2020-12-19,14,0.0,22.43,69.84,1
IMO9294305,Princess Alexia,Tankers,SARRT,Ras Tanura,2022-07-19,2022-07-22,777,1103.0,26.65,50.16,6
IMO9294305,Princess Alexia,Tankers,INSIK,Sikka / Jamnagar,2022-08-05,2022-08-08,14,1103.0,22.43,69.84,7
IMO9294305,Princess Alexia,Tankers,KWMFA,Mina Al Ahmadi,2022-08-25,2022-08-28,17,1236.5,29.07,48.15,8
IMO9294305,Princess Alexia,Tankers,SARRT,Ras Tanura,2023-07-11,2023-07-14,317,180.3,26.65,50.16,9
IMO9294305,Princess Alexia,Tankers,SARRT,Ras Tanura,2023-10-26,2023-10-29,104,0.0,26.65,50.16,10
IMO9294305,Princess Alexia,Tankers,SARRT,Ras Tanura,2024-03-22,2024-03-25,145,0.0,26.65,50.16,11
IMO9294305,Princess Alexia,Tankers,INSIK,Sikka / Jamnagar,2024-04-08,2024-04-11,14,1103.0,22.43,69.84,12
IMO9294305,Princess Alexia,Tankers,INSIK,Sikka / Jamnagar,2024-04-25,2024-04-28,14,0.0,22.43,69.84,13
IMO9294331,Phoebe,Tankers,SARRT,Ras Tanura,2022-10-18,2022-10-21,0,0.0,26.65,50.16,1
IMO9294331,Phoebe,Tankers,AEFJR,Fujairah,2022-12-14,2022-12-17,54,346.0,25.13,56.34,2
IMO9294331,Phoebe,Tankers,INSIK,Sikka / Jamnagar,2022-12-31,2023-01-03,14,758.9,22.43,69.84,4
IMO9294331,Phoebe,Tankers,INSIK,Sikka / Jamnagar,2023-01-17,2023-01-20,14,0.0,22.43,69.84,5
IMO9294331,Phoebe,Tankers,SARRT,Ras Tanura,2023-12-11,2023-12-14,325,1103.0,26.65,50.16,6
IMO9294331,Phoebe,Tankers,SARRT,Ras Tanura,2024-01-02,2024-01-05,19,0.0,26.65,50.16,7
IMO9294563,Pis Pioneer,Tankers,KWMFA,Mina Al Ahmadi,2019-06-19,2019-06-22,0,0.0,29.07,48.15,1
IMO9294563,Pis Pioneer,Tankers,SARRT,Ras Tanura,2019-06-25,2019-06-28,3,180.3,26.65,50.16,2
IMO9294563,Pis Pioneer,Tankers,SARRT,Ras Tanura,2019-07-02,2019-07-05,4,0.0,26.65,50.16,3
IMO9294563,Pis Pioneer,Tankers,SARRT,Ras Tanura,2019-07-25,2019-07-28,20,0.0,26.65,50.16,4
IMO9294563,Pis Pioneer,Tankers,SARRT,Ras Tanura,2023-01-18,2023-01-21,1270,0.0,26.65,50.16,5
IMO9294563,Pis Pioneer,Tankers,SARRT,Ras Tanura,2023-09-25,2023-09-28,247,0.0,26.65,50.16,6
IMO9294563,Pis Pioneer,Tankers,SARRT,Ras Tanura,2023-10-12,2023-10-15,14,0.0,26.65,50.16,7
IMO9294563,Pis Pioneer,Tankers,INSIK,Sikka / Jamnagar,2023-10-29,2023-11-01,14,1103.0,22.43,69.84,8
IMO9294563,Pis Pioneer,Tankers,INSIK,Sikka / Jamnagar,2023-11-15,2023-11-18,14,0.0,22.43,69.84,11
IMO9294575,Cosgrand Lake,Tankers,SARRT,Ras Tanura,2020-02-12,2020-02-15,0,0.0,26.65,50.16,1
IMO9294575,Cosgrand Lake,Tankers,KWMFA,Mina Al Ahmadi,2021-10-04,2021-10-07,597,180.3,29.07,48.15,2
IMO9294575,Lila Jamnagar,Tankers,SAYNB,Yanbu,2026-03-27,2026-03-30,0,0.0,24.09,38.06,1
IMO9294575,Lila Jamnagar,Tankers,SAYNB,Yanbu,2026-04-21,2026-04-24,22,0.0,24.09,38.06,2
IMO9294575,Lila Jamnagar,Tankers,SAYNB,Yanbu,2026-05-14,2026-05-17,20,0.0,24.09,38.06,3
IMO9294587,Cosgrace Lake,Tankers,CNNGB,Ningbo-Zhoushan,2020-11-05,2020-11-08,14,0.0,29.87,121.55,1
IMO9294668,FANTASEA,Dry Bulk,NLRTM,Rotterdam,2025-01-23,2025-01-26,0,0.0,51.92,4.47,1
IMO9294668,FANTASEA,Dry Bulk,NLRTM,Rotterdam,2025-02-03,2025-02-06,8,0.0,51.92,4.47,2
IMO9294779,New Shipping tbn,Tankers,INSIK,Sikka / Jamnagar,2020-01-29,2020-02-01,14,0.0,22.43,69.84,1
IMO9294779,NEW SHIPPING TBN,Tankers,INSIK,Sikka / Jamnagar,2020-02-05,2020-02-08,14,0.0,22.43,69.84,1
IMO9294779,New Shipping TBN,Tankers,INSIK,Sikka / Jamnagar,2020-03-12,2020-03-15,14,0.0,22.43,69.84,1
IMO9294779,New Shipping TBN,Tankers,SARRT,Ras Tanura,2021-07-21,2021-07-24,493,1103.0,26.65,50.16,2
IMO9295000,Maran Aries,Tankers,INSIK,Sikka / Jamnagar,2020-01-21,2020-01-24,14,0.0,22.43,69.84,1
IMO9295000,Maran Aries,Tankers,SARRT,Ras Tanura,2020-04-07,2020-04-10,74,1103.0,26.65,50.16,2
IMO9295000,Maran Aries,Tankers,INSIK,Sikka / Jamnagar,2020-04-24,2020-04-27,14,1103.0,22.43,69.84,3
IMO9295000,Maran Lupus,Tankers,KWMFA,Mina Al Ahmadi,2020-12-07,2020-12-10,0,0.0,29.07,48.15,1
IMO9295000,Maran Lupus,Tankers,KWMFA,Mina Al Ahmadi,2020-12-15,2020-12-18,5,0.0,29.07,48.15,2
IMO9295000,Maran Aries,Tankers,SARRT,Ras Tanura,2021-02-09,2021-02-12,288,1103.0,26.65,50.16,4
IMO9295000,Maran Lupus,Tankers,SARRT,Ras Tanura,2021-04-16,2021-04-19,119,180.3,26.65,50.16,3
IMO9295000,Maran Lupus,Tankers,CNNGB,Ningbo-Zhoushan,2021-05-03,2021-05-06,14,3717.6,29.87,121.55,4
IMO9295000,Maran Aries,Tankers,KWMFA,Mina Al Ahmadi,2021-07-26,2021-07-29,164,180.3,29.07,48.15,5
IMO9295000,Maran Aries o/o,Tankers,INSIK,Sikka / Jamnagar,2021-09-29,2021-10-02,14,0.0,22.43,69.84,1
IMO9295000,Maran Aries,Tankers,KWMFA,Mina Al Ahmadi,2021-12-08,2021-12-11,132,0.0,29.07,48.15,6
IMO9295000,Maran Aries,Tankers,KWMFA,Mina Al Ahmadi,2022-03-07,2022-03-10,86,0.0,29.07,48.15,7
IMO9295000,Maran Aries,Tankers,DZAZW,Arzew,2024-03-15,2024-03-18,736,2463.5,35.85,-0.31,8
IMO9295024,Xin Ning Yang,Tankers,SGSIN,Singapore,2023-08-01,2023-08-04,14,0.0,1.28,103.85,1
IMO9295593,Princess Mary,Tankers,INSIK,Sikka / Jamnagar,2020-03-27,2020-03-30,14,0.0,22.43,69.84,1
IMO9295593,Princess Mary,Tankers,INSIK,Sikka / Jamnagar,2020-04-13,2020-04-16,14,0.0,22.43,69.84,2
IMO9295593,Princess Mary,Tankers,INSIK,Sikka / Jamnagar,2020-04-30,2020-05-03,14,0.0,22.43,69.84,3
IMO9295593,Princess Mary,Tankers,SARRT,Ras Tanura,2023-01-19,2023-01-22,991,1103.0,26.65,50.16,4
IMO9295593,Princess Mary,Tankers,SARRT,Ras Tanura,2023-02-07,2023-02-10,16,0.0,26.65,50.16,5
IMO9295593,Princess Mary,Tankers,INSIK,Sikka / Jamnagar,2023-02-24,2023-02-27,14,1103.0,22.43,69.84,7
IMO9295593,Princess Mary,Tankers,SARRT,Ras Tanura,2023-03-16,2023-03-19,17,1103.0,26.65,50.16,8
IMO9295593,Princess Mary,Tankers,SARRT,Ras Tanura,2023-04-18,2023-04-21,30,0.0,26.65,50.16,9
IMO9295593,Princess Mary,Tankers,INSIK,Sikka / Jamnagar,2023-05-05,2023-05-08,14,1103.0,22.43,69.84,10
IMO9296377,Tokyo Spirit,Tankers,CNNGB,Ningbo-Zhoushan,2018-08-28,2018-08-31,14,0.0,29.87,121.55,1
IMO9296377,Tokyo Spirit,Tankers,NLRTM,Rotterdam,2021-03-01,2021-03-04,913,4890.7,51.92,4.47,2
IMO9296377,Tokyo Spirit,Tankers,SGSIN,Singapore,2021-03-18,2021-03-21,14,5689.2,1.28,103.85,3
IMO9296389,Montreal Spirit,Tankers,SGSIN,Singapore,2018-02-23,2018-02-26,14,0.0,1.28,103.85,1
IMO9296389,Montreal Spirit,Tankers,SGSIN,Singapore,2018-03-12,2018-03-15,14,0.0,1.28,103.85,2
IMO9296389,Montreal Spirit,Tankers,SGSIN,Singapore,2018-03-29,2018-04-01,14,0.0,1.28,103.85,3
IMO9296389,Montreal Spirit,Tankers,KRUSN,Ulsan,2018-04-15,2018-04-18,14,2499.7,35.5,129.38,4
IMO9296389,Montreal Spirit,Tankers,NLRTM,Rotterdam,2018-05-02,2018-05-05,14,4816.9,51.92,4.47,5
IMO9296389,Montreal Spirit,Tankers,NLRTM,Rotterdam,2022-06-22,2022-06-25,1509,0.0,51.92,4.47,6
IMO9296389,Montreal Spirit,Tankers,USCRP,Corpus Christi,2023-05-02,2023-05-05,311,4516.2,27.81,-97.39,7
IMO9296389,Montreal Spirit,Tankers,SARRT,Ras Tanura,2025-02-24,2025-02-27,661,7039.6,26.65,50.16,8
IMO9296389,Montreal Spirit,Tankers,NGBON,Bonny,2025-06-24,2025-06-27,117,2800.7,4.45,7.16,9
IMO9296391,Ridgebury Mary Selena,Tankers,SGSIN,Singapore,2019-08-23,2019-08-26,0,0.0,1.28,103.85,1
IMO9296391,Ridgebury Mary Selena,Tankers,CNNGB,Ningbo-Zhoushan,2019-09-09,2019-09-12,14,1991.7,29.87,121.55,2
IMO9296391,Ridgebury Mary Selena,Tankers,KRUSN,Ulsan,2019-09-26,2019-09-29,14,520.1,35.5,129.38,3
IMO9296391,Ridgebury Mary Selena,Tankers,NLRTM,Rotterdam,2019-10-13,2019-10-16,14,4816.9,51.92,4.47,4
IMO9296391,Ridgebury Mary Selena,Tankers,DZAZW,Arzew,2021-08-19,2021-08-22,673,986.2,35.85,-0.31,5
IMO9296406,Ice Transporter,Tankers,QARLF,Ras Laffan,2019-07-11,2019-07-14,0,0.0,25.92,51.53,1
IMO9296406,Ice Transporter,Tankers,SARRT,Ras Tanura,2020-06-04,2020-06-07,326,85.8,26.65,50.16,2
IMO9296406,Ice Transporter,Tankers,INSIK,Sikka / Jamnagar,2020-06-21,2020-06-24,14,1103.0,22.43,69.84,3
IMO9296406,Ice Transporter,Tankers,SARRT,Ras Tanura,2020-12-21,2020-12-24,180,1103.0,26.65,50.16,4
IMO9296406,Ice Transporter,Tankers,CNNGB,Ningbo-Zhoushan,2021-01-07,2021-01-10,14,3717.6,29.87,121.55,5
IMO9296406,Ice Transporter,Tankers,SARRT,Ras Tanura,2021-09-23,2021-09-26,256,3717.6,26.65,50.16,6
IMO9296406,Ice Transporter,Tankers,SARRT,Ras Tanura,2022-06-27,2022-06-30,274,0.0,26.65,50.16,7
IMO9296406,Ice Transporter,Tankers,SARRT,Ras Tanura,2022-11-10,2022-11-13,133,0.0,26.65,50.16,8
IMO9296406,Ice Transporter,Tankers,SARRT,Ras Tanura,2022-12-20,2022-12-23,37,0.0,26.65,50.16,9
IMO9296406,Pagos,Tankers,RUPRI,Primorsk,2023-05-05,2023-05-08,0,0.0,60.36,28.61,1
IMO9296418,R’bury Lindy B,Tankers,CNNGB,Ningbo-Zhoushan,2018-07-03,2018-07-06,14,0.0,29.87,121.55,1
IMO9296418,Ridgebury Lindy B,Tankers,SGSIN,Singapore,2019-05-15,2019-05-18,14,0.0,1.28,103.85,1
IMO9296418,Ridgebury Lindy B,Tankers,CNNGB,Ningbo-Zhoushan,2019-06-01,2019-06-04,14,1991.7,29.87,121.55,2
IMO9296418,Ridgebury Lindy B,Tankers,DZAZW,Arzew,2021-06-01,2021-06-04,728,5676.8,35.85,-0.31,3
IMO9296418,Ridgebury Lindy B,Tankers,ZASDB,Saldanha Bay,2021-07-28,2021-07-31,54,4260.3,-33.02,17.95,4
IMO9296418,Ridgebury Lindy B,Tankers,NLRTM,Rotterdam,2021-08-14,2021-08-17,14,5149.0,51.92,4.47,5
IMO9296418,Suez Ice Supreme,Tankers,INSIK,Sikka / Jamnagar,2023-07-14,2023-07-17,14,0.0,22.43,69.84,1
IMO9297486,Desh Ujaala,Tankers,KWMFA,Mina Al Ahmadi,2021-06-11,2021-06-14,0,0.0,29.07,48.15,1
IMO9297486,Desh Ujaala,Tankers,INSIK,Sikka / Jamnagar,2021-06-28,2021-07-01,14,1236.5,22.43,69.84,2
IMO9297486,Desh Ujaala,Tankers,SARRT,Ras Tanura,2021-07-26,2021-07-29,25,1103.0,26.65,50.16,3
IMO9297486,Desh Ujaala,Tankers,SARRT,Ras Tanura,2021-12-16,2021-12-19,140,0.0,26.65,50.16,4
IMO9297486,Desh Ujaala,Tankers,INSIK,Sikka / Jamnagar,2022-01-02,2022-01-05,14,1103.0,22.43,69.84,5
IMO9297486,Desh Ujaala,Tankers,INSIK,Sikka / Jamnagar,2022-01-19,2022-01-22,14,0.0,22.43,69.84,6
IMO9297486,Desh Ujaala,Tankers,KWMFA,Mina Al Ahmadi,2022-08-09,2022-08-12,199,1236.5,29.07,48.15,7
IMO9297486,Desh Ujaala,Tankers,INSIK,Sikka / Jamnagar,2022-08-26,2022-08-29,14,1236.5,22.43,69.84,8
IMO9297486,Desh Ujaala,Tankers,KWMFA,Mina Al Ahmadi,2022-12-14,2022-12-17,107,1236.5,29.07,48.15,9
IMO9297486,Desh Ujaala,Tankers,AEFJR,Fujairah,2024-02-22,2024-02-25,432,497.4,25.13,56.34,10
IMO9297486,Desh Ujaala,Tankers,SAYNB,Yanbu,2026-04-09,2026-04-12,774,999.0,24.09,38.06,11
IMO9297486,Desh Ujaala,Tankers,SAYNB,Yanbu,2026-04-22,2026-04-25,10,0.0,24.09,38.06,12
IMO9297486,Desh Ujaala,Tankers,INSIK,Sikka / Jamnagar,2026-05-09,2026-05-12,14,1752.1,22.43,69.84,13
IMO9297498,Desh Vaibhav,Tankers,SARRT,Ras Tanura,2019-10-10,2019-10-13,0,0.0,26.65,50.16,1
IMO9297498,Desh Vaibhav,Tankers,SARRT,Ras Tanura,2019-10-22,2019-10-25,9,0.0,26.65,50.16,2
IMO9297498,Desh Vaibhav,Tankers,INSIK,Sikka / Jamnagar,2019-11-08,2019-11-11,14,1103.0,22.43,69.84,3
IMO9297498,Desh Vaibhav,Tankers,SARRT,Ras Tanura,2020-02-10,2020-02-13,91,1103.0,26.65,50.16,4
IMO9297498,Desh Vaibhav,Tankers,SARRT,Ras Tanura,2020-04-07,2020-04-10,54,0.0,26.65,50.16,5
IMO9297498,Desh Vaibhav,Tankers,SARRT,Ras Tanura,2020-06-23,2020-06-26,74,0.0,26.65,50.16,6
IMO9297498,Desh Vaibhav,Tankers,INSIK,Sikka / Jamnagar,2020-07-10,2020-07-13,14,1103.0,22.43,69.84,7
IMO9297498,Desh Vaibhav,Tankers,INSIK,Sikka / Jamnagar,2020-07-27,2020-07-30,14,0.0,22.43,69.84,8
IMO9297498,Desh Vaibhav,Tankers,INSIK,Sikka / Jamnagar,2020-08-13,2020-08-16,14,0.0,22.43,69.84,9
IMO9297498,Desh Vaibhav,Tankers,INSIK,Sikka / Jamnagar,2020-08-30,2020-09-02,14,0.0,22.43,69.84,10
IMO9297498,Desh Vaibhav,Tankers,INSIK,Sikka / Jamnagar,2020-09-16,2020-09-19,14,0.0,22.43,69.84,11
IMO9297498,Desh Vaibhav,Tankers,SARRT,Ras Tanura,2022-02-28,2022-03-03,527,1103.0,26.65,50.16,12
IMO9297498,Desh Vaibhav,Tankers,INSIK,Sikka / Jamnagar,2022-03-17,2022-03-20,14,1103.0,22.43,69.84,13
IMO9297498,Desh Vaibhav,Tankers,INSIK,Sikka / Jamnagar,2022-04-03,2022-04-06,14,0.0,22.43,69.84,14
IMO9297498,Desh Vaibhav,Tankers,SARRT,Ras Tanura,2022-07-12,2022-07-15,97,1103.0,26.65,50.16,15
IMO9297498,Desh Vaibhav,Tankers,SARRT,Ras Tanura,2022-09-08,2022-09-11,55,0.0,26.65,50.16,16
IMO9297498,Desh Vaibhav,Tankers,SARRT,Ras Tanura,2023-01-02,2023-01-05,113,0.0,26.65,50.16,17
IMO9297498,Desh Vaibhav,Tankers,KWMFA,Mina Al Ahmadi,2023-01-04,2023-01-07,1,180.3,29.07,48.15,18
IMO9297498,Desh Vaibhav,Tankers,INSIK,Sikka / Jamnagar,2023-01-21,2023-01-24,14,1236.5,22.43,69.84,20
IMO9297498,Desh Vaibhav,Tankers,SARRT,Ras Tanura,2024-04-23,2024-04-26,455,1103.0,26.65,50.16,21
IMO9297498,Desh Vaibhav,Tankers,INSIK,Sikka / Jamnagar,2024-05-10,2024-05-13,14,1103.0,22.43,69.84,22
IMO9297498,Desh Vaibhav O/O,Tankers,SARRT,Ras Tanura,2026-01-07,2026-01-10,0,0.0,26.65,50.16,1
IMO9297498,Desh Vaibhav,Tankers,SAYNB,Yanbu,2026-07-02,2026-07-05,780,1752.1,24.09,38.06,23
IMO9297498,Desh Vaibhav,Tankers,INSIK,Sikka / Jamnagar,2026-07-19,2026-07-22,14,1752.1,22.43,69.84,24
IMO9297498,Desh Vaibhav,Tankers,INSIK,Sikka / Jamnagar,2026-08-05,2026-08-08,14,0.0,22.43,69.84,25
IMO9297503,Nordic Sprinter,Tankers,KWMFA,Mina Al Ahmadi,2018-04-05,2018-04-08,0,0.0,29.07,48.15,1
IMO9297503,Nordic Sprinter,Tankers,NLRTM,Rotterdam,2018-09-14,2018-09-17,159,2367.9,51.92,4.47,2
IMO9297503,Nordic Sprinter,Tankers,SGSIN,Singapore,2018-10-01,2018-10-04,14,5689.2,1.28,103.85,3
IMO9297503,Nordic Sprinter,Tankers,SARRT,Ras Tanura,2020-05-05,2020-05-08,579,3444.8,26.65,50.16,4
IMO9297503,Nordic Sprinter,Tankers,SARRT,Ras Tanura,2020-10-07,2020-10-10,152,0.0,26.65,50.16,5
IMO9297503,Nordic Sprinter,Tankers,SARRT,Ras Tanura,2020-12-01,2020-12-04,52,0.0,26.65,50.16,6
IMO9297503,Nordic Sprinter,Tankers,KWMFA,Mina Al Ahmadi,2021-03-18,2021-03-21,104,180.3,29.07,48.15,7
IMO9297503,Nordic Sprinter,Tankers,AEFJR,Fujairah,2021-07-06,2021-07-09,107,497.4,25.13,56.34,8
IMO9297503,Nordic Sprinter,Tankers,SARRT,Ras Tanura,2021-07-27,2021-07-30,18,346.0,26.65,50.16,9
IMO9297503,Nordic Sprinter,Tankers,AEFJR,Fujairah,2021-09-29,2021-10-02,61,346.0,25.13,56.34,10
IMO9297503,Nordic Sprinter,Tankers,AEFJR,Fujairah,2021-11-15,2021-11-18,44,0.0,25.13,56.34,11
IMO9297503,Nordic Sprinter,Tankers,AEFJR,Fujairah,2022-03-03,2022-03-06,105,0.0,25.13,56.34,12
IMO9297503,Nordic Sprinter,Tankers,AEFJR,Fujairah,2022-04-24,2022-04-27,49,0.0,25.13,56.34,13
IMO9297503,Nordic Sprinter,Tankers,AEFJR,Fujairah,2022-11-10,2022-11-13,197,0.0,25.13,56.34,14
IMO9297503,Nordic Sprinter,Tankers,AEFJR,Fujairah,2022-12-25,2022-12-28,42,0.0,25.13,56.34,15
IMO9297503,Nordic Sprinter,Tankers,SARRT,Ras Tanura,2023-07-19,2023-07-22,203,346.0,26.65,50.16,16
IMO9297503,Nordic Sprinter,Tankers,SARRT,Ras Tanura,2023-08-11,2023-08-14,20,0.0,26.65,50.16,17
IMO9297503,Nordic Sprinter,Tankers,KWMFA,Mina Al Ahmadi,2023-10-06,2023-10-09,53,180.3,29.07,48.15,18
IMO9297503,Nordic Sprinter,Tankers,SGSIN,Singapore,2025-10-28,2025-10-31,750,3589.4,1.28,103.85,19
IMO9297515,Nordic Skier,Tankers,CNNGB,Ningbo-Zhoushan,2019-02-11,2019-02-14,14,0.0,29.87,121.55,1
IMO9297515,Nordic Skier,Tankers,CNNGB,Ningbo-Zhoushan,2019-02-28,2019-03-03,14,0.0,29.87,121.55,2
IMO9297515,Nordic Skier,Tankers,SARRT,Ras Tanura,2020-11-19,2020-11-22,627,3717.6,26.65,50.16,3
IMO9297515,Nordic Skier,Tankers,SARRT,Ras Tanura,2021-08-17,2021-08-20,268,0.0,26.65,50.16,4
IMO9297515,Nordic Skier,Tankers,SGSIN,Singapore,2021-09-03,2021-09-06,14,3444.8,1.28,103.85,5
IMO9297515,Nordic Skier,Tankers,AEFJR,Fujairah,2021-09-30,2021-10-03,24,3099.3,25.13,56.34,6
IMO9297515,Nordic Skier,Tankers,AEFJR,Fujairah,2022-06-15,2022-06-18,255,0.0,25.13,56.34,7
IMO9297515,Nordic Skier,Tankers,USCRP,Corpus Christi,2022-12-01,2022-12-04,166,7284.6,27.81,-97.39,8
IMO9297539,Starlight Venture,Tankers,SGSIN,Singapore,2021-04-22,2021-04-25,14,0.0,1.28,103.85,1
IMO9297539,Starlight Venture,Tankers,SGSIN,Singapore,2021-05-09,2021-05-12,14,0.0,1.28,103.85,2
IMO9297890,Seacross,Tankers,CNNGB,Ningbo-Zhoushan,2018-05-03,2018-05-06,14,0.0,29.87,121.55,1
IMO9297890,Seacross,Tankers,CNNGB,Ningbo-Zhoushan,2018-05-20,2018-05-23,14,0.0,29.87,121.55,2
IMO9297890,Seacross,Tankers,NLRTM,Rotterdam,2018-06-06,2018-06-09,14,4890.7,51.92,4.47,3
IMO9297890,Seacross,Tankers,USCRP,Corpus Christi,2023-09-21,2023-09-24,1930,4516.2,27.81,-97.39,4
IMO9297890,Seacross,Tankers,DZAZW,Arzew,2024-08-06,2024-08-09,317,4764.0,35.85,-0.31,5
IMO9297890,Seacross,Tankers,DZAZW,Arzew,2026-01-09,2026-01-12,518,0.0,35.85,-0.31,6
IMO9297905,GESCO TBN,Tankers,SARRT,Ras Tanura,2018-12-21,2018-12-24,0,0.0,26.65,50.16,1
IMO9297905,GESCO TBN,Tankers,INSIK,Sikka / Jamnagar,2019-01-07,2019-01-10,14,1103.0,22.43,69.84,2
IMO9297905,Jag Lalit,Tankers,SARRT,Ras Tanura,2019-01-31,2019-02-03,0,0.0,26.65,50.16,1
IMO9297905,Jag Lalit,Tankers,INSIK,Sikka / Jamnagar,2019-02-17,2019-02-20,14,1103.0,22.43,69.84,2
IMO9297905,Jag Lalit,Tankers,SARRT,Ras Tanura,2019-05-24,2019-05-27,93,1103.0,26.65,50.16,3
IMO9297905,GESCO TBN,Tankers,SARRT,Ras Tanura,2019-06-04,2019-06-07,145,1103.0,26.65,50.16,3
IMO9297905,Jag Lalit,Tankers,KWMFA,Mina Al Ahmadi,2020-02-24,2020-02-27,273,180.3,29.07,48.15,4
IMO9297905,Jag Lalit,Tankers,CNNGB,Ningbo-Zhoushan,2020-03-12,2020-03-15,14,3765.1,29.87,121.55,5
IMO9297905,Jag Lalit,Tankers,AEFJR,Fujairah,2020-08-10,2020-08-13,148,3438.5,25.13,56.34,6
IMO9297905,Jag Lalit,Tankers,SARRT,Ras Tanura,2021-03-10,2021-03-13,209,346.0,26.65,50.16,7
IMO9297905,Jag Lalit,Tankers,SARRT,Ras Tanura,2022-01-05,2022-01-08,298,0.0,26.65,50.16,8
IMO9297905,Jag Lalit,Tankers,KWMFA,Mina Al Ahmadi,2022-02-16,2022-02-19,39,180.3,29.07,48.15,9
IMO9297905,Jag Lalit,Tankers,SARRT,Ras Tanura,2022-03-02,2022-03-05,11,180.3,26.65,50.16,10
IMO9297905,Jag Lalit,Tankers,SARRT,Ras Tanura,2022-03-17,2022-03-20,12,0.0,26.65,50.16,11
IMO9297905,Jag Lalit,Tankers,SARRT,Ras Tanura,2022-10-19,2022-10-22,213,0.0,26.65,50.16,12
IMO9297905,Jag Lalit,Tankers,SARRT,Ras Tanura,2022-10-21,2022-10-24,1,0.0,26.65,50.16,13
IMO9297905,Jag Lalit,Tankers,SAYNB,Yanbu,2023-10-24,2023-10-27,365,673.9,24.09,38.06,14
IMO9297905,Jag Lalit,Tankers,SARRT,Ras Tanura,2023-11-23,2023-11-26,27,673.9,26.65,50.16,15
IMO9297905,Jag Lalit,Tankers,KWMFA,Mina Al Ahmadi,2024-02-01,2024-02-04,67,180.3,29.07,48.15,16
IMO9297905,Jag Lalit,Tankers,SARRT,Ras Tanura,2024-03-19,2024-03-22,44,180.3,26.65,50.16,17
IMO9297905,Jag Lalit,Tankers,INSIK,Sikka / Jamnagar,2024-04-05,2024-04-08,14,1103.0,22.43,69.84,18
IMO9297905,Jag Lalit,Tankers,SARRT,Ras Tanura,2024-05-30,2024-06-02,52,1103.0,26.65,50.16,19
IMO9297905,Jag Lalit,Tankers,SARRT,Ras Tanura,2024-08-28,2024-08-31,87,0.0,26.65,50.16,20
IMO9297905,Jag Lalit,Tankers,SARRT,Ras Tanura,2024-09-18,2024-09-21,18,0.0,26.65,50.16,21
IMO9297905,Jag Lalit,Tankers,INSIK,Sikka / Jamnagar,2024-10-05,2024-10-08,14,1103.0,22.43,69.84,22
IMO9298399,Al Thakhira,LNG,QARLF,Ras Laffan,2020-07-20,2020-07-23,0,0.0,25.92,51.53,1
IMO9298399,Al Thakhira,LNG,QARLF,Ras Laffan,2020-08-06,2020-08-09,14,0.0,25.92,51.53,2
IMO9298741,Meltemi,Tankers,DZAZW,Arzew,2020-05-15,2020-05-18,0,0.0,35.85,-0.31,1
IMO9298741,Meltemi,Tankers,NLRTM,Rotterdam,2020-06-01,2020-06-04,14,986.2,51.92,4.47,2
IMO9298741,Meltemi,Tankers,SGSIN,Singapore,2020-06-18,2020-06-21,14,5689.2,1.28,103.85,3
IMO9298741,Meltemi,Tankers,SGSIN,Singapore,2020-07-05,2020-07-08,14,0.0,1.28,103.85,4
IMO9298741,Meltemi,Tankers,RUPRI,Primorsk,2022-07-20,2022-07-23,742,4901.7,60.36,28.61,5
IMO9298741,Meltemi,Tankers,DZAZW,Arzew,2023-08-24,2023-08-27,397,1842.9,35.85,-0.31,6
IMO9298741,Meltemi,Tankers,CNNGB,Ningbo-Zhoushan,2023-09-10,2023-09-13,14,5676.8,29.87,121.55,7
IMO9298753,Bouboulina,Tankers,NLRTM,Rotterdam,2018-06-28,2018-07-01,0,0.0,51.92,4.47,1
IMO9298753,Bouboulina,Tankers,SGSIN,Singapore,2018-07-15,2018-07-18,14,5689.2,1.28,103.85,2
IMO9298753,Bouboulina,Tankers,DZAZW,Arzew,2018-10-11,2018-10-14,85,6044.3,35.85,-0.31,3
IMO9298753,Bouboulina,Tankers,SGSIN,Singapore,2018-10-28,2018-10-31,14,6044.3,1.28,103.85,4
IMO9298753,Bouboulina,Tankers,KWMFA,Mina Al Ahmadi,2019-01-10,2019-01-13,71,3589.4,29.07,48.15,5
IMO9298753,Bouboulina,Tankers,USHOU,Houston,2019-06-04,2019-06-07,142,6701.5,29.74,-95.27,6
IMO9298753,Bouboulina,Tankers,NGBON,Bonny,2019-10-08,2019-10-11,123,5914.1,4.45,7.16,7
IMO9298753,Bouboulina,Tankers,SGSIN,Singapore,2019-10-25,2019-10-28,14,5798.0,1.28,103.85,8
IMO9298753,Bouboulina,Tankers,CNNGB,Ningbo-Zhoushan,2019-11-11,2019-11-14,14,1991.7,29.87,121.55,9
IMO9298753,Bouboulina,Tankers,KRUSN,Ulsan,2019-11-28,2019-12-01,14,520.1,35.5,129.38,10
IMO9298753,Bouboulina,Tankers,NLRTM,Rotterdam,2019-12-15,2019-12-18,14,4816.9,51.92,4.47,11
IMO9298753,Bouboulina,Tankers,DZAZW,Arzew,2025-05-05,2025-05-08,1965,986.2,35.85,-0.31,12
IMO9298765,Nautilus,Tankers,SARRT,Ras Tanura,2019-05-01,2019-05-04,0,0.0,26.65,50.16,1
IMO9298765,Nautilus,Tankers,SGSIN,Singapore,2019-05-18,2019-05-21,14,3444.8,1.28,103.85,2
IMO9298765,Nautilus,Tankers,NGBON,Bonny,2021-03-09,2021-03-12,658,5798.0,4.45,7.16,3
IMO9298765,Nautilus,Tankers,CNNGB,Ningbo-Zhoushan,2021-03-26,2021-03-29,14,6518.2,29.87,121.55,4
IMO9298765,Nautilus,Tankers,CNNGB,Ningbo-Zhoushan,2021-04-12,2021-04-15,14,0.0,29.87,121.55,5
IMO9298765,Nautilus,Tankers,INSIK,Sikka / Jamnagar,2021-04-29,2021-05-02,14,2799.7,22.43,69.84,6
IMO9298765,Nautilus,Tankers,SGSIN,Singapore,2021-05-16,2021-05-19,14,2355.7,1.28,103.85,7
IMO9299666,Eurochampion,Tankers,NLRTM,Rotterdam,2018-05-15,2018-05-18,0,0.0,51.92,4.47,1
IMO9299666,Eurochampion,Tankers,SGSIN,Singapore,2018-06-01,2018-06-04,14,5689.2,1.28,103.85,2
IMO9299666,Eurochampion,Tankers,SARRT,Ras Tanura,2018-07-17,2018-07-20,43,3444.8,26.65,50.16,3
IMO9299666,Eurochampion 2004,Tankers,DZAZW,Arzew,2019-01-21,2019-01-24,0,0.0,35.85,-0.31,1
IMO9299666,Eurochampion 2004,Tankers,DZAZW,Arzew,2019-10-18,2019-10-21,267,0.0,35.85,-0.31,2
IMO9299666,Eurochampion 2004,Tankers,NLRTM,Rotterdam,2019-10-23,2019-10-26,2,986.2,51.92,4.47,3
IMO9299666,Eurochampion 2004,Tankers,SGSIN,Singapore,2019-11-09,2019-11-12,14,5689.2,1.28,103.85,4
IMO9299666,Eurochampion 2004,Tankers,CNNGB,Ningbo-Zhoushan,2019-11-26,2019-11-29,14,1991.7,29.87,121.55,5
IMO9299666,Eurochampion 2004,Tankers,NLRTM,Rotterdam,2019-12-13,2019-12-16,14,4890.7,51.92,4.47,6
IMO9299666,Eurochampion 2004,Tankers,USHOU,Houston,2022-03-03,2022-03-06,808,4355.9,29.74,-95.27,7
IMO9299666,Eurochampion 2004,Tankers,NLRTM,Rotterdam,2022-03-20,2022-03-23,14,4355.9,51.92,4.47,8
IMO9299678,Euronike,Tankers,SGSIN,Singapore,2018-03-22,2018-03-25,0,0.0,1.28,103.85,1
IMO9299678,Euronike,Tankers,SGSIN,Singapore,2018-04-08,2018-04-11,14,0.0,1.28,103.85,2
IMO9299678,Euronike,Tankers,NLRTM,Rotterdam,2018-07-27,2018-07-30,107,5689.2,51.92,4.47,3
IMO9299678,Euronike,Tankers,SGSIN,Singapore,2018-08-13,2018-08-16,14,5689.2,1.28,103.85,4
IMO9299678,Euronike,Tankers,CNNGB,Ningbo-Zhoushan,2018-08-30,2018-09-02,14,1991.7,29.87,121.55,5
IMO9299678,Euronike,Tankers,SARRT,Ras Tanura,2019-01-30,2019-02-02,150,3717.6,26.65,50.16,6
IMO9299678,Euronike,Tankers,NLRTM,Rotterdam,2019-05-07,2019-05-10,94,2547.4,51.92,4.47,7
IMO9299678,Euronike,Tankers,SGSIN,Singapore,2019-05-24,2019-05-27,14,5689.2,1.28,103.85,8
IMO9299678,Euronike,Tankers,AEFJR,Fujairah,2019-06-10,2019-06-13,14,3099.3,25.13,56.34,9
IMO9299678,Euronike,Tankers,DZAZW,Arzew,2021-09-02,2021-09-05,812,2959.8,35.85,-0.31,10
IMO9299678,Euronike,Tankers,NLRTM,Rotterdam,2021-09-19,2021-09-22,14,986.2,51.92,4.47,11
IMO9299678,Euronike,Tankers,USCRP,Corpus Christi,2022-09-14,2022-09-17,357,4516.2,27.81,-97.39,12
IMO9299678,Euronike,Tankers,NLRTM,Rotterdam,2022-10-01,2022-10-04,14,4516.2,51.92,4.47,13
IMO9300615,BW Orion,LPG,USHOU,Houston,2021-11-11,2021-11-14,0,0.0,29.74,-95.27,1
IMO9300615,BW Orion,LPG,USHOU,Houston,2022-03-17,2022-03-20,123,0.0,29.74,-95.27,2
IMO9300615,BW Orion,LPG,USHOU,Houston,2022-05-27,2022-05-30,68,0.0,29.74,-95.27,3
IMO9300615,BW Orion,LPG,USHOU,Houston,2022-09-22,2022-09-25,115,0.0,29.74,-95.27,4
IMO9300615,BW Orion,LPG,USHOU,Houston,2022-11-04,2022-11-07,40,0.0,29.74,-95.27,5
IMO9301524,Sks Satilla,Tankers,SGSIN,Singapore,2019-10-17,2019-10-20,14,0.0,1.28,103.85,1
IMO9301524,Sks Satilla,Tankers,DZAZW,Arzew,2020-10-08,2020-10-11,354,6044.3,35.85,-0.31,2
IMO9301524,Sks Satilla,Tankers,SGSIN,Singapore,2020-10-25,2020-10-28,14,6044.3,1.28,103.85,3
IMO9301524,Sks Satilla,Tankers,AEFJR,Fujairah,2021-05-03,2021-05-06,187,3099.3,25.13,56.34,4
IMO9301524,Sks Satilla,Tankers,SGSIN,Singapore,2021-05-20,2021-05-23,14,3099.3,1.28,103.85,5
IMO9301536,Sks Skeena,Tankers,CNNGB,Ningbo-Zhoushan,2018-05-17,2018-05-20,14,0.0,29.87,121.55,1
IMO9301536,Sks Skeena,Tankers,AEFJR,Fujairah,2019-08-08,2019-08-11,445,3438.5,25.13,56.34,2
IMO9301536,Sks Skeena,Tankers,CNNGB,Ningbo-Zhoushan,2019-08-25,2019-08-28,14,3438.5,29.87,121.55,3
IMO9301536,Sks Skeena,Tankers,SGSIN,Singapore,2019-09-11,2019-09-14,14,1991.7,1.28,103.85,4
IMO9301536,Suez Fury,Tankers,SGSIN,Singapore,2022-10-25,2022-10-28,0,0.0,1.28,103.85,1
IMO9301536,Suez Fury,Tankers,RUPRI,Primorsk,2023-05-12,2023-05-15,196,4901.7,60.36,28.61,2
IMO9302023,Admiral,Tankers,CNNGB,Ningbo-Zhoushan,2020-04-16,2020-04-19,14,0.0,29.87,121.55,1
IMO9302592,Archangel,Tankers,SGSIN,Singapore,2018-08-17,2018-08-20,14,0.0,1.28,103.85,1
IMO9302592,Archangel,Tankers,SGSIN,Singapore,2018-09-03,2018-09-06,14,0.0,1.28,103.85,2
IMO9302592,Archangel,Tankers,USHOU,Houston,2022-09-08,2022-09-11,1463,8646.3,29.74,-95.27,3
IMO9302592,Archangel,Tankers,DZAZW,Arzew,2024-06-13,2024-06-16,641,4606.4,35.85,-0.31,4
IMO9302592,Archangel,Tankers,SGSIN,Singapore,2024-06-30,2024-07-03,14,6044.3,1.28,103.85,5
IMO9302592,Archangel,Tankers,CNNGB,Ningbo-Zhoushan,2024-07-17,2024-07-20,14,1991.7,29.87,121.55,6
IMO9302607,Alaska,Tankers,CNNGB,Ningbo-Zhoushan,2018-07-06,2018-07-09,14,0.0,29.87,121.55,1
IMO9302607,Alaska,Tankers,NLRTM,Rotterdam,2018-10-18,2018-10-21,101,4890.7,51.92,4.47,2
IMO9302607,Alaska,Tankers,SGSIN,Singapore,2018-11-04,2018-11-07,14,5689.2,1.28,103.85,3
IMO9302607,Alaska,Tankers,SGSIN,Singapore,2018-11-21,2018-11-24,14,0.0,1.28,103.85,4
IMO9302607,Alaska,Tankers,SGSIN,Singapore,2018-12-08,2018-12-11,14,0.0,1.28,103.85,5
IMO9302607,Alaska,Tankers,NGBON,Bonny,2019-10-16,2019-10-19,309,5798.0,4.45,7.16,6
IMO9302607,Alaska,Tankers,SGSIN,Singapore,2019-11-02,2019-11-05,14,5798.0,1.28,103.85,7
IMO9302607,Alaska,Tankers,NLRTM,Rotterdam,2019-11-19,2019-11-22,14,5689.2,51.92,4.47,8
IMO9302607,Alaska,Tankers,SGSIN,Singapore,2019-12-06,2019-12-09,14,5689.2,1.28,103.85,9
IMO9302607,Alaska,Tankers,USCRP,Corpus Christi,2022-12-18,2022-12-21,1105,8673.9,27.81,-97.39,10
IMO9302607,Alaska,Tankers,DZAZW,Arzew,2025-04-24,2025-04-27,855,4764.0,35.85,-0.31,11
IMO9302607,Alaska,Tankers,NLRTM,Rotterdam,2025-05-11,2025-05-14,14,986.2,51.92,4.47,12
IMO9302968,Pns Serena,Tankers,INSIK,Sikka / Jamnagar,2021-03-16,2021-03-19,14,0.0,22.43,69.84,1
IMO9302982,Gener8 Harriet G,Tankers,SGSIN,Singapore,2018-06-05,2018-06-08,14,0.0,1.28,103.85,1
IMO9302982,Statia,Tankers,SARRT,Ras Tanura,2018-12-06,2018-12-09,0,0.0,26.65,50.16,1
IMO9302982,Statia,Tankers,AEFJR,Fujairah,2018-12-23,2018-12-26,14,346.0,25.13,56.34,2
IMO9302982,Statia,Tankers,SGSIN,Singapore,2019-01-09,2019-01-12,14,3099.3,1.28,103.85,3
IMO9302982,Statia,Tankers,QARLF,Ras Laffan,2020-11-22,2020-11-25,680,3361.5,25.92,51.53,4
IMO9302982,Statia,Tankers,DZAZW,Arzew,2021-12-30,2022-01-02,400,2705.1,35.85,-0.31,5
IMO9302982,Statia,Tankers,DZAZW,Arzew,2022-01-16,2022-01-19,14,0.0,35.85,-0.31,6
IMO9302982,Statia,Tankers,USCRP,Corpus Christi,2022-09-01,2022-09-04,225,4764.0,27.81,-97.39,7
IMO9302982,Statia,Tankers,NLRTM,Rotterdam,2023-09-20,2023-09-23,381,4516.2,51.92,4.47,8
IMO9302982,Statia,Tankers,AEFJR,Fujairah,2024-01-18,2024-01-21,117,2835.7,25.13,56.34,9
IMO9302994,Gener8 Kara G,Tankers,USCRP,Corpus Christi,2018-04-11,2018-04-14,0,0.0,27.81,-97.39,1
IMO9302994,Gener8 Kara G,Tankers,KRUSN,Ulsan,2018-04-28,2018-05-01,14,6174.8,35.5,129.38,2
IMO9302994,Selena,Tankers,SARRT,Ras Tanura,2018-12-20,2018-12-23,0,0.0,26.65,50.16,1
IMO9302994,Orinocco,Tankers,DZAZW,Arzew,2025-03-20,2025-03-23,0,0.0,35.85,-0.31,1
IMO9302994,Orinocco,Tankers,AEFJR,Fujairah,2025-09-10,2025-09-13,171,2959.8,25.13,56.34,2
IMO9302994,Orinocco,Tankers,SARRT,Ras Tanura,2026-02-18,2026-02-21,158,346.0,26.65,50.16,3
IMO9302994,Orinocco,Tankers,SARRT,Ras Tanura,2026-08-03,2026-08-06,163,0.0,26.65,50.16,4
IMO9303140,BW Kyoto,LPG,USHOU,Houston,2022-02-03,2022-02-06,0,0.0,29.74,-95.27,1
IMO9303140,BW Kyoto,LPG,USHOU,Houston,2022-02-10,2022-02-13,4,0.0,29.74,-95.27,2
IMO9303140,BW Kyoto,LPG,USHOU,Houston,2023-07-21,2023-07-24,523,0.0,29.74,-95.27,3
IMO9303140,BW Kyoto,LPG,USHOU,Houston,2023-11-23,2023-11-26,122,0.0,29.74,-95.27,4
IMO9303247,Nordic Castor,Tankers,SGSIN,Singapore,2019-08-06,2019-08-09,0,0.0,1.28,103.85,1
IMO9303247,Nordic Castor,Tankers,INSIK,Sikka / Jamnagar,2019-08-23,2019-08-26,14,2355.7,22.43,69.84,2
IMO9303247,Nordic Castor,Tankers,SARRT,Ras Tanura,2020-06-19,2020-06-22,298,1103.0,26.65,50.16,3
IMO9303247,Nordic Castor,Tankers,INSIK,Sikka / Jamnagar,2020-07-06,2020-07-09,14,1103.0,22.43,69.84,4
IMO9303247,Nordic Castor,Tankers,SARRT,Ras Tanura,2020-12-14,2020-12-17,158,1103.0,26.65,50.16,5
IMO9303247,Nordic Castor,Tankers,SARRT,Ras Tanura,2021-01-18,2021-01-21,32,0.0,26.65,50.16,6
IMO9303247,Nordic Castor,Tankers,SARRT,Ras Tanura,2021-05-18,2021-05-21,117,0.0,26.65,50.16,7
IMO9303247,Nordic Castor,Tankers,AEFJR,Fujairah,2022-02-28,2022-03-03,283,346.0,25.13,56.34,8
IMO9303247,Nordic Castor,Tankers,SGSIN,Singapore,2022-03-17,2022-03-20,14,3099.3,1.28,103.85,9
IMO9303560,Energos Grand,LNG,AUDRW,Darwin,2017-03-19,2017-03-22,0,0.0,-12.46,130.84,1
IMO9303560,Energos Grand,LNG,AUDRW,Darwin,2017-04-05,2017-04-08,14,0.0,-12.46,130.84,2
IMO9303560,Energos Grand,LNG,QARLF,Ras Laffan,2021-05-31,2021-06-03,1514,5167.5,25.92,51.53,3
IMO9303560,Energos Grand,LNG,QARLF,Ras Laffan,2021-06-17,2021-06-20,14,0.0,25.92,51.53,4
IMO9304320,Celsius Miami,Tankers,INSIK,Sikka / Jamnagar,2019-08-13,2019-08-16,0,0.0,22.43,69.84,1
IMO9304605,Minerva Symphony,Tankers,SGSIN,Singapore,2018-04-24,2018-04-27,14,0.0,1.28,103.85,1
IMO9304605,Minerva Symphony,Tankers,INSIK,Sikka / Jamnagar,2018-05-11,2018-05-14,14,2355.7,22.43,69.84,2
IMO9304605,Minerva Symphony,Tankers,CNNGB,Ningbo-Zhoushan,2018-05-28,2018-05-31,14,2799.7,29.87,121.55,3
IMO9304605,Minerva Symphony,Tankers,DZAZW,Arzew,2019-10-30,2019-11-02,517,5676.8,35.85,-0.31,4
IMO9304605,Minerva Symphony,Tankers,SGSIN,Singapore,2019-11-16,2019-11-19,14,6044.3,1.28,103.85,5
IMO9304605,Minerva Symphony,Tankers,AEFJR,Fujairah,2019-12-03,2019-12-06,14,3099.3,25.13,56.34,6
IMO9304605,Minerva Symphony,Tankers,QARLF,Ras Laffan,2020-10-02,2020-10-05,301,264.9,25.92,51.53,7
IMO9304605,Minerva Symphony,Tankers,DZAZW,Arzew,2021-01-13,2021-01-16,100,2705.1,35.85,-0.31,8
IMO9304605,Minerva Symphony,Tankers,SGSIN,Singapore,2021-01-30,2021-02-02,14,6044.3,1.28,103.85,9
IMO9304605,Minerva Symphony,Tankers,SGSIN,Singapore,2021-02-16,2021-02-19,14,0.0,1.28,103.85,10
IMO9304605,Minerva Symphony,Tankers,CNNGB,Ningbo-Zhoushan,2021-03-05,2021-03-08,14,1991.7,29.87,121.55,11
IMO9304605,Minerva Symphony,Tankers,CNNGB,Ningbo-Zhoushan,2021-03-22,2021-03-25,14,0.0,29.87,121.55,12
IMO9304605,Minerva Symphony,Tankers,SARRT,Ras Tanura,2022-05-30,2022-06-02,431,3717.6,26.65,50.16,13
IMO9304605,Minerva Symphony,Tankers,SARRT,Ras Tanura,2022-06-20,2022-06-23,18,0.0,26.65,50.16,14
IMO9304605,Minerva Symphony,Tankers,SARRT,Ras Tanura,2023-07-20,2023-07-23,392,0.0,26.65,50.16,15
IMO9304605,Minerva Symphony,Tankers,RUPRI,Primorsk,2025-07-14,2025-07-17,722,2208.2,60.36,28.61,16
IMO9304605,Minerva Symphony,Tankers,KWMFA,Mina Al Ahmadi,2025-08-25,2025-08-28,39,2037.6,29.07,48.15,17
IMO9304605,Minerva Symphony,Tankers,KWMFA,Mina Al Ahmadi,2025-10-24,2025-10-27,57,0.0,29.07,48.15,18
IMO9304605,Minerva Symphony,Tankers,SARRT,Ras Tanura,2026-02-25,2026-02-28,121,180.3,26.65,50.16,19
IMO9304605,Minerva Symphony,Tankers,AEFJR,Fujairah,2026-04-15,2026-04-18,46,346.0,25.13,56.34,20
IMO9304605,Minerva Symphony,Tankers,AEFJR,Fujairah,2026-05-11,2026-05-14,23,0.0,25.13,56.34,21
IMO9304617,Minerva Doxa,Tankers,SARRT,Ras Tanura,2019-07-23,2019-07-26,0,0.0,26.65,50.16,1
IMO9304617,Minerva Doxa,Tankers,DZAZW,Arzew,2019-09-12,2019-09-15,48,2619.7,35.85,-0.31,2
IMO9304617,Minerva Doxa,Tankers,SGSIN,Singapore,2019-09-29,2019-10-02,14,6044.3,1.28,103.85,3
IMO9304617,Minerva Doxa,Tankers,SGSIN,Singapore,2019-10-16,2019-10-19,14,0.0,1.28,103.85,4
IMO9304617,Minerva Doxa,Tankers,SARRT,Ras Tanura,2020-04-15,2020-04-18,179,3444.8,26.65,50.16,5
IMO9304617,Minerva Doxa,Tankers,SGSIN,Singapore,2020-05-02,2020-05-05,14,3444.8,1.28,103.85,6
IMO9304617,Minerva Doxa,Tankers,INSIK,Sikka / Jamnagar,2020-05-19,2020-05-22,14,2355.7,22.43,69.84,7
IMO9304617,Minerva Doxa,Tankers,SARRT,Ras Tanura,2021-04-16,2021-04-19,329,1103.0,26.65,50.16,8
IMO9304617,Minerva Doxa,Tankers,CNNGB,Ningbo-Zhoushan,2021-05-03,2021-05-06,14,3717.6,29.87,121.55,9
IMO9304617,Minerva Doxa,Tankers,SARRT,Ras Tanura,2021-09-01,2021-09-04,118,3717.6,26.65,50.16,10
IMO9304617,Minerva Doxa,Tankers,SARRT,Ras Tanura,2025-04-16,2025-04-19,1320,0.0,26.65,50.16,11
IMO9304617,Minerva Doxa,Tankers,RUPRI,Primorsk,2025-05-27,2025-05-30,38,2208.2,60.36,28.61,12
IMO9304617,Minerva Doxa,Tankers,SARRT,Ras Tanura,2025-12-05,2025-12-08,189,2208.2,26.65,50.16,13
IMO9304617,Minerva Doxa,Tankers,SARRT,Ras Tanura,2025-12-18,2025-12-21,1,1103.0,26.65,50.16,15
IMO9304617,Minerva Doxa,Tankers,INSIK,Sikka / Jamnagar,2025-12-22,2025-12-25,14,1103.0,22.43,69.84,14
IMO9304617,Minerva Doxa,Tankers,SAYNB,Yanbu,2026-06-05,2026-06-08,166,673.9,24.09,38.06,16
IMO9304617,Minerva Doxa,Tankers,SAYNB,Yanbu,2026-06-09,2026-06-12,1,0.0,24.09,38.06,17
IMO9304629,R’bury Nich A,Tankers,DZAZW,Arzew,2018-07-19,2018-07-22,0,0.0,35.85,-0.31,1
IMO9304629,Ridgebury Nicholas A,Tankers,DZAZW,Arzew,2019-11-01,2019-11-04,0,0.0,35.85,-0.31,1
IMO9304629,Ridgebury Nicholas A,Tankers,ZASDB,Saldanha Bay,2019-11-18,2019-11-21,14,4260.3,-33.02,17.95,2
IMO9304629,Ridgebury Nicholas A,Tankers,SAYNB,Yanbu,2020-09-17,2020-09-20,301,3616.9,24.09,38.06,3
IMO9304629,Ridgebury Nicholas A,Tankers,KWMFA,Mina Al Ahmadi,2022-11-21,2022-11-24,792,618.4,29.07,48.15,4
IMO9304655,Toba,Tankers,SAYNB,Yanbu,2020-11-16,2020-11-19,0,0.0,24.09,38.06,1
IMO9304667,Maera,Tankers,SGSIN,Singapore,2020-05-15,2020-05-18,0,0.0,1.28,103.85,1
IMO9304667,Maera,Tankers,KWMFA,Mina Al Ahmadi,2020-07-15,2020-07-18,58,3589.4,29.07,48.15,2
IMO9304667,Maera,Tankers,KWMFA,Mina Al Ahmadi,2020-09-09,2020-09-12,53,0.0,29.07,48.15,3
IMO9304667,Maera,Tankers,SARRT,Ras Tanura,2020-11-25,2020-11-28,74,180.3,26.65,50.16,4
IMO9304667,Maera,Tankers,SARRT,Ras Tanura,2021-01-20,2021-01-23,53,0.0,26.65,50.16,5
IMO9304667,Maera,Tankers,INSIK,Sikka / Jamnagar,2021-02-06,2021-02-09,14,1103.0,22.43,69.84,6
IMO9306587,JS Ineos TBN,LPG,USHOU,Houston,2019-06-20,2019-06-23,0,0.0,29.74,-95.27,1
IMO9307176,Al Deebel,LNG,QARLF,Ras Laffan,2017-09-11,2017-09-14,0,0.0,25.92,51.53,1
IMO9307176,Al Deebel,LNG,QARLF,Ras Laffan,2017-09-28,2017-10-01,14,0.0,25.92,51.53,2
IMO9307188,Methane Rita Andrea,LNG,QARLF,Ras Laffan,2020-04-19,2020-04-22,0,0.0,25.92,51.53,1
IMO9307188,Methane Rita Andrea,LNG,QARLF,Ras Laffan,2020-05-06,2020-05-09,14,0.0,25.92,51.53,2
IMO9307188,Methane Rita Andrea,LNG,QARLF,Ras Laffan,2023-08-30,2023-09-02,1208,0.0,25.92,51.53,3
IMO9307188,Methane Rita Andrea,LNG,QARLF,Ras Laffan,2023-09-16,2023-09-19,14,0.0,25.92,51.53,4
IMO9307190,Methane Jane Elizabeth,LNG,USCVP,Cove Point,2019-03-07,2019-03-10,0,0.0,38.39,-76.38,1
IMO9307190,Methane Jane Elizabeth,LNG,USCVP,Cove Point,2019-03-24,2019-03-27,14,0.0,38.39,-76.38,2
IMO9307190,Methane Jane Elizabeth,LNG,USSPG,Sabine Pass,2020-11-06,2020-11-09,590,1010.9,29.73,-93.87,3
IMO9307190,Methane Jane Elizabeth,LNG,USSPG,Sabine Pass,2020-11-23,2020-11-26,14,0.0,29.73,-93.87,4
IMO9307205,Condor Lng,LNG,NGBON,Bonny,2021-02-04,2021-02-07,0,0.0,4.45,7.16,1
IMO9307205,Condor Lng,LNG,NGBON,Bonny,2021-02-21,2021-02-24,14,0.0,4.45,7.16,2
IMO9307205,Condor Lng,LNG,NGBON,Bonny,2022-06-02,2022-06-05,463,0.0,4.45,7.16,3
IMO9307205,Condor Lng,LNG,NGBON,Bonny,2022-06-19,2022-06-22,14,0.0,4.45,7.16,4
IMO9307633,Baltic Sunrise,Tankers,KWMFA,Mina Al Ahmadi,2021-02-15,2021-02-18,0,0.0,29.07,48.15,1
IMO9307633,Baltic Sunrise,Tankers,KWMFA,Mina Al Ahmadi,2022-06-07,2022-06-10,474,0.0,29.07,48.15,2
IMO9307701,CBC FUYI,Dry Bulk,BRSSZ,Santos,2025-02-03,2025-02-06,0,0.0,-23.96,-46.33,1
IMO9308065,Storviken,Tankers,SARRT,Ras Tanura,2020-10-06,2020-10-09,0,0.0,26.65,50.16,1
IMO9308065,Storviken,Tankers,AEFJR,Fujairah,2020-10-23,2020-10-26,14,346.0,25.13,56.34,2
IMO9308065,Storviken,Tankers,NLRTM,Rotterdam,2020-11-09,2020-11-12,14,2835.7,51.92,4.47,3
IMO9308065,Charvi,Tankers,CNNGB,Ningbo-Zhoushan,2022-11-03,2022-11-06,14,0.0,29.87,121.55,1
IMO9308065,Charvi,Tankers,INSIK,Sikka / Jamnagar,2022-11-20,2022-11-23,14,2799.7,22.43,69.84,2
IMO9308065,Charvi,Tankers,SARRT,Ras Tanura,2024-04-26,2024-04-29,520,1103.0,26.65,50.16,3
IMO9308077,Tyche 1,Tankers,INSIK,Sikka / Jamnagar,2022-12-12,2022-12-15,14,0.0,22.43,69.84,1
IMO9308077,Tyche 1,Tankers,SARRT,Ras Tanura,2023-08-02,2023-08-05,230,1103.0,26.65,50.16,2
IMO9308077,Tyche 1,Tankers,INSIK,Sikka / Jamnagar,2023-08-19,2023-08-22,14,1103.0,22.43,69.84,3
IMO9308077,Tyche 1,Tankers,KWMFA,Mina Al Ahmadi,2023-09-29,2023-10-02,38,1236.5,29.07,48.15,4
IMO9308077,Tyche 1,Tankers,SARRT,Ras Tanura,2023-10-27,2023-10-30,25,180.3,26.65,50.16,5
IMO9310159,Dht Hawk,Tankers,SGSIN,Singapore,2020-05-14,2020-05-17,0,0.0,1.28,103.85,1
IMO9310159,Dht Hawk,Tankers,KRUSN,Ulsan,2020-05-31,2020-06-03,14,2499.7,35.5,129.38,2
IMO9310654,Maridaki,Tankers,KWMFA,Mina Al Ahmadi,2021-10-05,2021-10-08,0,0.0,29.07,48.15,1
IMO9311270,Tokio,Tankers,SAYNB,Yanbu,2019-05-23,2019-05-26,0,0.0,24.09,38.06,1
IMO9311270,Tokio,Tankers,SARRT,Ras Tanura,2020-04-30,2020-05-03,340,673.9,26.65,50.16,2
IMO9311270,Tokio,Tankers,SAYNB,Yanbu,2021-02-03,2021-02-06,276,673.9,24.09,38.06,3
IMO9311610,Miltiadis M Ii,Tankers,SGSIN,Singapore,2018-04-24,2018-04-27,14,0.0,1.28,103.85,1
IMO9311610,Miltiadis M Ii,Tankers,DZAZW,Arzew,2018-12-13,2018-12-16,230,6044.3,35.85,-0.31,2
IMO9311610,Miltiadis M Ii,Tankers,DZAZW,Arzew,2019-11-25,2019-11-28,344,0.0,35.85,-0.31,3
IMO9311610,Miltiadis M Ii,Tankers,NGBON,Bonny,2019-12-03,2019-12-06,1,3090.0,4.45,7.16,5
IMO9311610,Miltiadis M Ii,Tankers,AEFJR,Fujairah,2019-12-12,2019-12-15,14,2959.8,25.13,56.34,4
IMO9311610,Miltiadis M Ii,Tankers,RUPRI,Primorsk,2020-01-10,2020-01-13,35,3496.8,60.36,28.61,6
IMO9311610,Miltiadis M Ii,Tankers,CNNGB,Ningbo-Zhoushan,2020-01-27,2020-01-30,14,3947.1,29.87,121.55,7
IMO9311610,Miltiadis M Ii,Tankers,CNQDG,Qingdao,2020-02-13,2020-02-16,14,378.0,36.08,120.32,8
IMO9311610,Miltiadis M Ii,Tankers,CNNGB,Ningbo-Zhoushan,2020-03-01,2020-03-04,14,378.0,29.87,121.55,9
IMO9311622,Vladimir Tikhonov,Tankers,CNNGB,Ningbo-Zhoushan,2020-05-28,2020-05-31,14,0.0,29.87,121.55,1
IMO9311622,Vladimir Tikhonov,Tankers,SGSIN,Singapore,2020-06-14,2020-06-17,14,1991.7,1.28,103.85,2
IMO9311622,Vladimir Tikhonov,Tankers,DZAZW,Arzew,2021-04-21,2021-04-24,308,6044.3,35.85,-0.31,3
IMO9311622,Vladimir Tikhonov,Tankers,NLRTM,Rotterdam,2021-05-08,2021-05-11,14,986.2,51.92,4.47,4
IMO9312133,DELTA TBN,Tankers,INSIK,Sikka / Jamnagar,2019-07-10,2019-07-13,14,0.0,22.43,69.84,1
IMO9312133,DELTA TBN,Tankers,SARRT,Ras Tanura,2019-10-31,2019-11-03,110,1103.0,26.65,50.16,2
IMO9312133,DELTA TBN,Tankers,QARLF,Ras Laffan,2021-01-29,2021-02-01,453,85.8,25.92,51.53,3
IMO9312145,Sounion,Tankers,CNNGB,Ningbo-Zhoushan,2020-05-22,2020-05-25,14,0.0,29.87,121.55,1
IMO9312145,Sounion,Tankers,INSIK,Sikka / Jamnagar,2020-06-08,2020-06-11,14,2799.7,22.43,69.84,2
IMO9312145,Sounion,Tankers,SGSIN,Singapore,2020-06-25,2020-06-28,14,2355.7,1.28,103.85,3
IMO9312145,Sounion,Tankers,SGSIN,Singapore,2020-07-12,2020-07-15,14,0.0,1.28,103.85,4
IMO9312494,Nautilus P/C,Tankers,NLRTM,Rotterdam,2018-12-28,2018-12-31,14,0.0,51.92,4.47,1
IMO9312509,Navarin,Tankers,KWMFA,Mina Al Ahmadi,2019-07-24,2019-07-27,0,0.0,29.07,48.15,1
IMO9312509,Atlantic Loyalty,Tankers,SARRT,Ras Tanura,2024-07-11,2024-07-14,0,0.0,26.65,50.16,1
IMO9312509,Atlantic Loyalty,Tankers,SARRT,Ras Tanura,2024-11-05,2024-11-08,114,0.0,26.65,50.16,2
IMO9312509,Atlantic Loyalty,Tankers,KWMFA,Mina Al Ahmadi,2025-02-26,2025-03-01,110,180.3,29.07,48.15,3
IMO9312511,Neptun,Tankers,KRUSN,Ulsan,2019-12-30,2020-01-02,14,0.0,35.5,129.38,1
IMO9312511,Neptun,Tankers,CNNGB,Ningbo-Zhoushan,2020-01-16,2020-01-19,14,520.1,29.87,121.55,2
IMO9312511,Neptun,Tankers,SGSIN,Singapore,2020-02-02,2020-02-05,14,1991.7,1.28,103.85,3
IMO9312511,Neptun (VITOL),Tankers,CNNGB,Ningbo-Zhoushan,2020-06-16,2020-06-19,14,0.0,29.87,121.55,1
IMO9312807,PINNACLE SPIRIT,Tankers,DZAZW,Arzew,2021-03-11,2021-03-14,0,0.0,35.85,-0.31,1
IMO9312901,Sikonos,Tankers,CNNGB,Ningbo-Zhoushan,2019-03-04,2019-03-07,14,0.0,29.87,121.55,1
IMO9312901,Sikonos,Tankers,KWMFA,Mina Al Ahmadi,2019-04-22,2019-04-25,46,3765.1,29.07,48.15,2
IMO9312901,Sikonos,Tankers,INSIK,Sikka / Jamnagar,2019-05-09,2019-05-12,14,1236.5,22.43,69.84,3
IMO9313149,Indigo Nova,Tankers,SARRT,Ras Tanura,2019-05-21,2019-05-24,0,0.0,26.65,50.16,1
IMO9313258,Navigator Trition,LPG,USHOU,Houston,2020-06-04,2020-06-07,0,0.0,29.74,-95.27,1
IMO9315070,Captain John NP,LPG,USHOU,Houston,2021-10-28,2021-10-31,0,0.0,29.74,-95.27,1
IMO9315070,Dht Bauhinia,Tankers,SGSIN,Singapore,2021-12-28,2021-12-31,14,0.0,1.28,103.85,1
IMO9315070,Captain John NP,LPG,USHOU,Houston,2022-01-13,2022-01-16,74,0.0,29.74,-95.27,2
IMO9315070,Captain John NP,LPG,USHOU,Houston,2022-03-31,2022-04-03,74,0.0,29.74,-95.27,3
IMO9315070,Captain John NP,LPG,USHOU,Houston,2022-09-01,2022-09-04,151,0.0,29.74,-95.27,4
IMO9315070,Captain John NP,LPG,USHOU,Houston,2022-12-01,2022-12-04,88,0.0,29.74,-95.27,5
IMO9315070,Dht Bauhinia,Tankers,KWMFA,Mina Al Ahmadi,2024-03-18,2024-03-21,808,3589.4,29.07,48.15,2
IMO9315070,Dht Bauhinia,Tankers,KWMFA,Mina Al Ahmadi,2024-08-22,2024-08-25,154,0.0,29.07,48.15,3
IMO9315070,Dht Bauhinia,Tankers,KWMFA,Mina Al Ahmadi,2025-03-06,2025-03-09,193,0.0,29.07,48.15,4
IMO9315070,Dht Bauhinia,Tankers,AEFJR,Fujairah,2026-05-27,2026-05-30,444,497.4,25.13,56.34,5
IMO9315070,Dht Bauhinia,Tankers,SGSIN,Singapore,2026-06-13,2026-06-16,14,3099.3,1.28,103.85,6
IMO9315082,Erecter*,Tankers,SAYNB,Yanbu,2026-04-21,2026-04-24,0,0.0,24.09,38.06,1
IMO9315082,Erecter,Tankers,SAYNB,Yanbu,2026-06-23,2026-06-26,0,0.0,24.09,38.06,1
IMO9315147,Dht Scandinavia,Tankers,SGSIN,Singapore,2020-02-19,2020-02-22,14,0.0,1.28,103.85,1
IMO9315147,Dht Scandinavia,Tankers,KWMFA,Mina Al Ahmadi,2022-09-14,2022-09-17,935,3589.4,29.07,48.15,2
IMO9315147,Dht Scandinavia,Tankers,KWMFA,Mina Al Ahmadi,2024-04-24,2024-04-27,585,0.0,29.07,48.15,3
IMO9315147,Dht Scandinavia,Tankers,KWMFA,Mina Al Ahmadi,2024-12-02,2024-12-05,219,0.0,29.07,48.15,4
IMO9315159,Dht Europe (TRAFIGURA),Tankers,SARRT,Ras Tanura,2020-09-16,2020-09-19,0,0.0,26.65,50.16,1
IMO9315159,Dht Europe,Tankers,SARRT,Ras Tanura,2024-03-12,2024-03-15,0,0.0,26.65,50.16,1
IMO9315159,Dht Europe,Tankers,INSIK,Sikka / Jamnagar,2024-03-29,2024-04-01,14,1103.0,22.43,69.84,2
IMO9315159,Dht Europe (Essar),Tankers,INSIK,Sikka / Jamnagar,2024-07-31,2024-08-03,14,0.0,22.43,69.84,1
IMO9315159,DHT Europe,Tankers,KWMFA,Mina Al Ahmadi,2025-07-07,2025-07-10,0,0.0,29.07,48.15,1
IMO9315161,Dht China (EXXON),Tankers,CNNGB,Ningbo-Zhoushan,2020-09-09,2020-09-12,14,0.0,29.87,121.55,1
IMO9315161,Dht China,Tankers,KWMFA,Mina Al Ahmadi,2023-03-06,2023-03-09,0,0.0,29.07,48.15,1
IMO9315161,Dht China,Tankers,KWMFA,Mina Al Ahmadi,2024-09-30,2024-10-03,571,0.0,29.07,48.15,2
IMO9315161,Dht China,Tankers,SGSIN,Singapore,2025-12-01,2025-12-04,424,3589.4,1.28,103.85,3
IMO9315185,Antarctic,Tankers,NLRTM,Rotterdam,2018-04-04,2018-04-07,0,0.0,51.92,4.47,1
IMO9315185,Antarctic,Tankers,SGSIN,Singapore,2018-04-21,2018-04-24,14,5689.2,1.28,103.85,2
IMO9315185,Antarctic,Tankers,SGSIN,Singapore,2018-05-08,2018-05-11,14,0.0,1.28,103.85,3
IMO9315185,Antarctic,Tankers,DZAZW,Arzew,2019-08-01,2019-08-04,447,6044.3,35.85,-0.31,4
IMO9315185,Antarctic,Tankers,NLRTM,Rotterdam,2019-08-18,2019-08-21,14,986.2,51.92,4.47,5
IMO9315185,Antarctic,Tankers,ZASDB,Saldanha Bay,2019-09-04,2019-09-07,14,5149.0,-33.02,17.95,6
IMO9315185,Antarctic,Tankers,USHOU,Houston,2021-05-12,2021-05-15,613,7437.4,29.74,-95.27,7
IMO9315185,Antarctic,Tankers,DZAZW,Arzew,2022-07-07,2022-07-10,418,4606.4,35.85,-0.31,8
IMO9315185,Antarctic,Tankers,USCRP,Corpus Christi,2023-09-15,2023-09-18,432,4764.0,27.81,-97.39,9
IMO9315185,Antarctic,Tankers,SGSIN,Singapore,2025-09-08,2025-09-11,721,8673.9,1.28,103.85,10
IMO9315185,Antarctic,Tankers,CNNGB,Ningbo-Zhoushan,2025-09-25,2025-09-28,14,1991.7,29.87,121.55,11
IMO9315367,Kassos I,Tankers,SGSIN,Singapore,2019-11-21,2019-11-24,14,0.0,1.28,103.85,1
IMO9315367,Kassos I,Tankers,ZASDB,Saldanha Bay,2020-09-04,2020-09-07,285,5239.3,-33.02,17.95,2
IMO9315367,Kassos I,Tankers,INSIK,Sikka / Jamnagar,2020-09-21,2020-09-24,14,4461.7,22.43,69.84,3
IMO9315367,Kassos I,Tankers,CNNGB,Ningbo-Zhoushan,2020-10-08,2020-10-11,14,2799.7,29.87,121.55,4
IMO9315367,Kassos I,Tankers,CNNGB,Ningbo-Zhoushan,2020-10-25,2020-10-28,14,0.0,29.87,121.55,5
IMO9315367,Kassos I,Tankers,SARRT,Ras Tanura,2023-02-21,2023-02-24,846,3717.6,26.65,50.16,6
IMO9315393,Stena Blue Sky,LNG,NOHFT,Hammerfest,2013-06-14,2013-06-17,0,0.0,70.66,23.68,1
IMO9315393,Stena Blue Sky,LNG,NOHFT,Hammerfest,2013-07-01,2013-07-04,14,0.0,70.66,23.68,2
IMO9315393,Stena Blue Sky,LNG,SGSIN,Singapore,2018-01-16,2018-01-19,1657,5136.4,1.28,103.85,3
IMO9315393,Stena Blue Sky,LNG,SGSIN,Singapore,2018-02-02,2018-02-05,14,0.0,1.28,103.85,4
IMO9315393,Stena Blue Sky,LNG,QARLF,Ras Laffan,2018-03-12,2018-03-15,35,3361.5,25.92,51.53,5
IMO9315393,Stena Blue Sky,LNG,QARLF,Ras Laffan,2018-03-29,2018-04-01,14,0.0,25.92,51.53,6
IMO9315393,Stena Blue Sky,LNG,AEFJR,Fujairah,2018-07-10,2018-07-13,100,264.9,25.13,56.34,7
IMO9315393,Stena Blue Sky,LNG,AEFJR,Fujairah,2018-07-27,2018-07-30,14,0.0,25.13,56.34,8
IMO9315393,Stena Blue Sky,LNG,QARLF,Ras Laffan,2018-08-20,2018-08-23,21,264.9,25.92,51.53,9
IMO9315393,Stena Blue Sky,LNG,QARLF,Ras Laffan,2018-09-06,2018-09-09,14,0.0,25.92,51.53,10
IMO9315393,Stena Blue Sky,LNG,QARLF,Ras Laffan,2018-10-12,2018-10-15,33,0.0,25.92,51.53,11
IMO9315393,Stena Blue Sky,LNG,QARLF,Ras Laffan,2018-10-29,2018-11-01,14,0.0,25.92,51.53,12
IMO9315393,Stena Blue Sky,LNG,DZAZW,Arzew,2019-04-12,2019-04-15,162,2705.1,35.85,-0.31,13
IMO9315393,Stena Blue Sky,LNG,DZAZW,Arzew,2019-04-29,2019-05-02,14,0.0,35.85,-0.31,14
IMO9315393,Stena Blue Sky,LNG,AUGLT,Gladstone,2020-11-18,2020-11-21,566,9168.8,-23.84,151.26,15
IMO9315393,Stena Blue Sky,LNG,AUGLT,Gladstone,2020-12-05,2020-12-08,14,0.0,-23.84,151.26,16
IMO9315393,Stena Blue Sky,LNG,SGSIN,Singapore,2021-04-21,2021-04-24,134,3147.5,1.28,103.85,17
IMO9315393,Stena Blue Sky,LNG,SGSIN,Singapore,2021-05-08,2021-05-11,14,0.0,1.28,103.85,18
IMO9315642,Seahero,Tankers,KWMFA,Mina Al Ahmadi,2021-05-17,2021-05-20,0,0.0,29.07,48.15,1
IMO9315642,Seahero,Tankers,CNNGB,Ningbo-Zhoushan,2021-06-03,2021-06-06,14,3765.1,29.87,121.55,2
IMO9315642,Seahero,Tankers,SARRT,Ras Tanura,2022-06-13,2022-06-16,372,3717.6,26.65,50.16,3
IMO9315654,Sonangol Kassanje,Tankers,SGSIN,Singapore,2019-07-12,2019-07-15,14,0.0,1.28,103.85,1
IMO9315654,Sonangol Kassanje,Tankers,ZASDB,Saldanha Bay,2019-07-29,2019-08-01,14,5239.3,-33.02,17.95,2
IMO9315654,Sonangol Kassanje,Tankers,DZAZW,Arzew,2020-08-10,2020-08-13,375,4260.3,35.85,-0.31,3
IMO9315654,Sonangol Kassanje,Tankers,SGSIN,Singapore,2020-08-27,2020-08-30,14,6044.3,1.28,103.85,4
IMO9315654,Sonangol Kassanje,Tankers,NLRTM,Rotterdam,2020-09-13,2020-09-16,14,5689.2,51.92,4.47,5
IMO9315654,Sonangol Kassanje,Tankers,NLRTM,Rotterdam,2021-04-14,2021-04-17,210,0.0,51.92,4.47,6
IMO9315654,Sonangol Kassanje,Tankers,SARRT,Ras Tanura,2022-05-29,2022-06-01,407,2547.4,26.65,50.16,7
IMO9315692,Ob River,LNG,SGSIN,Singapore,2011-08-26,2011-08-29,0,0.0,1.28,103.85,1
IMO9315692,Ob River,LNG,SGSIN,Singapore,2011-09-12,2011-09-15,14,0.0,1.28,103.85,2
IMO9315692,Ob River,LNG,SGSIN,Singapore,2012-09-09,2012-09-12,360,0.0,1.28,103.85,3
IMO9315692,Ob River,LNG,SGSIN,Singapore,2012-09-26,2012-09-29,14,0.0,1.28,103.85,4
IMO9315692,Ob River,LNG,AEFJR,Fujairah,2013-01-16,2013-01-19,109,3099.3,25.13,56.34,5
IMO9315692,Ob River,LNG,AEFJR,Fujairah,2013-02-02,2013-02-05,14,0.0,25.13,56.34,6
IMO9315707,Grace Acacia,LNG,SGSIN,Singapore,2006-11-15,2006-11-18,0,0.0,1.28,103.85,1
IMO9315707,Grace Acacia,LNG,SGSIN,Singapore,2006-12-02,2006-12-05,14,0.0,1.28,103.85,2
IMO9315707,Grace Acacia,LNG,SGSIN,Singapore,2017-07-15,2017-07-18,3875,0.0,1.28,103.85,3
IMO9315707,Grace Acacia,LNG,SGSIN,Singapore,2017-08-01,2017-08-04,14,0.0,1.28,103.85,4
IMO9315707,Grace Acacia,LNG,AUGLT,Gladstone,2018-11-12,2018-11-15,465,3147.5,-23.84,151.26,5
IMO9315707,Grace Acacia,LNG,AUGLT,Gladstone,2018-11-29,2018-12-02,14,0.0,-23.84,151.26,6
IMO9315719,Grace Barleria,LNG,SGSIN,Singapore,2017-08-03,2017-08-06,0,0.0,1.28,103.85,1
IMO9315719,Grace Barleria,LNG,SGSIN,Singapore,2017-08-20,2017-08-23,14,0.0,1.28,103.85,2
IMO9315719,Grace Barleria,LNG,SGSIN,Singapore,2017-12-06,2017-12-09,105,0.0,1.28,103.85,3
IMO9315719,Grace Barleria,LNG,SGSIN,Singapore,2017-12-23,2017-12-26,14,0.0,1.28,103.85,4
IMO9315786,Berge Nantong,LPG,USHOU,Houston,2019-04-04,2019-04-07,0,0.0,29.74,-95.27,1
IMO9315786,Berge Nantong,LPG,USHOU,Houston,2022-09-15,2022-09-18,1257,0.0,29.74,-95.27,2
IMO9316127,Aleksey Kosygin,Tankers,NGBON,Bonny,2019-06-05,2019-06-08,0,0.0,4.45,7.16,1
IMO9316127,Aleksey Kosygin,Tankers,NLRTM,Rotterdam,2019-06-22,2019-06-25,14,2853.3,51.92,4.47,2
IMO9316127,Aleksey Kosygin,Tankers,AEFJR,Fujairah,2019-07-09,2019-07-12,14,2835.7,25.13,56.34,3
IMO9316127,Aleksey Kosygin,Tankers,NGBON,Bonny,2020-05-21,2020-05-24,314,3090.0,4.45,7.16,4
IMO9316701,Asian Progress V,Tankers,SARRT,Ras Tanura,2020-12-29,2021-01-01,0,0.0,26.65,50.16,1
IMO9317315,Ibri LNG,LNG,AUDAM,Dampier,2012-07-20,2012-07-23,0,0.0,-20.65,116.71,1
IMO9317315,Ibri LNG,LNG,AUDAM,Dampier,2012-08-06,2012-08-09,14,0.0,-20.65,116.71,2
IMO9317315,Ibri LNG,LNG,USCMR,Cameron / Lake Charles,2021-04-13,2021-04-16,3169,9092.0,30.22,-93.22,3
IMO9317315,Ibri LNG,LNG,USCMR,Cameron / Lake Charles,2021-04-30,2021-05-03,14,0.0,30.22,-93.22,4
IMO9317315,Ibri LNG,LNG,SGSIN,Singapore,2021-11-26,2021-11-29,207,8678.6,1.28,103.85,5
IMO9317315,Ibri LNG,LNG,SGSIN,Singapore,2021-12-13,2021-12-16,14,0.0,1.28,103.85,6
IMO9317999,Amur River,LNG,SGSIN,Singapore,2012-07-27,2012-07-30,0,0.0,1.28,103.85,1
IMO9317999,Amur River,LNG,SGSIN,Singapore,2012-08-13,2012-08-16,14,0.0,1.28,103.85,2
IMO9318072,Los Angeles Spirit,Tankers,KRUSN,Ulsan,2021-04-02,2021-04-05,14,0.0,35.5,129.38,1
IMO9318072,Los Angeles Spirit,Tankers,SARRT,Ras Tanura,2022-08-16,2022-08-19,498,4000.9,26.65,50.16,2
IMO9318084,Libya,Tankers,SGSIN,Singapore,2019-07-23,2019-07-26,14,0.0,1.28,103.85,1
IMO9318084,Libya,Tankers,SARRT,Ras Tanura,2020-11-03,2020-11-06,466,3444.8,26.65,50.16,2
IMO9318084,Libya,Tankers,CNNGB,Ningbo-Zhoushan,2020-11-20,2020-11-23,14,3717.6,29.87,121.55,3
IMO9318084,Suez Enchanted,Tankers,INSIK,Sikka / Jamnagar,2023-01-04,2023-01-07,14,0.0,22.43,69.84,1
IMO9318084,Suez Enchanted,Tankers,SARRT,Ras Tanura,2024-08-20,2024-08-23,591,1103.0,26.65,50.16,2
IMO9318084,Suez Enchanted,Tankers,INSIK,Sikka / Jamnagar,2024-09-06,2024-09-09,14,1103.0,22.43,69.84,3
IMO9318096,Seavoyager,Tankers,SGSIN,Singapore,2018-11-14,2018-11-17,14,0.0,1.28,103.85,1
IMO9318096,Seavoyager,Tankers,CNQDG,Qingdao,2018-12-01,2018-12-04,14,2281.6,36.08,120.32,2
IMO9318096,Seavoyager,Tankers,SARRT,Ras Tanura,2020-03-17,2020-03-20,469,3565.3,26.65,50.16,3
IMO9318096,Seavoyager,Tankers,SARRT,Ras Tanura,2020-07-24,2020-07-27,126,0.0,26.65,50.16,4
IMO9318096,Seavoyager,Tankers,SARRT,Ras Tanura,2020-07-31,2020-08-03,4,0.0,26.65,50.16,5
IMO9318096,Seavoyager,Tankers,INSIK,Sikka / Jamnagar,2020-08-17,2020-08-20,14,1103.0,22.43,69.84,6
IMO9318096,Seavoyager,Tankers,SARRT,Ras Tanura,2020-08-24,2020-08-27,4,1103.0,26.65,50.16,7
IMO9318096,Seavoyager,Tankers,NGBON,Bonny,2020-09-15,2020-09-18,19,2800.7,4.45,7.16,8
IMO9318096,Seavoyager,Tankers,NLRTM,Rotterdam,2020-10-02,2020-10-05,14,2853.3,51.92,4.47,9
IMO9318096,Seavoyager,Tankers,NLRTM,Rotterdam,2020-10-19,2020-10-22,14,0.0,51.92,4.47,10
IMO9318096,Seavoyager,Tankers,INSIK,Sikka / Jamnagar,2020-11-05,2020-11-08,14,3449.7,22.43,69.84,11
IMO9318096,Seavoyager,Tankers,NLRTM,Rotterdam,2020-11-22,2020-11-25,14,3449.7,51.92,4.47,12
IMO9318137,Evridiki,Tankers,SARRT,Ras Tanura,2018-01-24,2018-01-27,0,0.0,26.65,50.16,1
IMO9318137,Evridiki,Tankers,SGSIN,Singapore,2018-02-10,2018-02-13,14,3444.8,1.28,103.85,2
IMO9318137,Evridiki,Tankers,CNNGB,Ningbo-Zhoushan,2018-02-27,2018-03-02,14,1991.7,29.87,121.55,3
IMO9318137,Evridiki,Tankers,SARRT,Ras Tanura,2020-05-18,2020-05-21,808,3717.6,26.65,50.16,4
IMO9318137,Evridiki,Tankers,NLRTM,Rotterdam,2020-10-25,2020-10-28,157,2547.4,51.92,4.47,5
IMO9318137,Evridiki,Tankers,SGSIN,Singapore,2020-11-11,2020-11-14,14,5689.2,1.28,103.85,6
IMO9318137,Evridiki,Tankers,SGSIN,Singapore,2020-11-28,2020-12-01,14,0.0,1.28,103.85,7
IMO9318137,Evridiki,Tankers,DZAZW,Arzew,2021-06-07,2021-06-10,188,6044.3,35.85,-0.31,8
IMO9318137,Evridiki,Tankers,SGSIN,Singapore,2021-06-24,2021-06-27,14,6044.3,1.28,103.85,9
IMO9318137,Evridiki,Tankers,AEFJR,Fujairah,2021-07-11,2021-07-14,14,3099.3,25.13,56.34,10
IMO9318137,Evridiki,Tankers,SARRT,Ras Tanura,2023-03-31,2023-04-03,625,346.0,26.65,50.16,11
IMO9318137,Evridiki,Tankers,RUPRI,Primorsk,2025-12-29,2026-01-01,1001,2208.2,60.36,28.61,12
IMO9318149,Orpheas,Tankers,SGSIN,Singapore,2018-02-05,2018-02-08,14,0.0,1.28,103.85,1
IMO9318149,Orpheas,Tankers,DZAZW,Arzew,2019-03-15,2019-03-18,400,6044.3,35.85,-0.31,2
IMO9318149,Orpheas,Tankers,INSIK,Sikka / Jamnagar,2019-04-01,2019-04-04,14,3689.7,22.43,69.84,3
IMO9318149,Orpheas,Tankers,DZAZW,Arzew,2019-05-24,2019-05-27,50,3689.7,35.85,-0.31,4
IMO9318149,Orpheas,Tankers,SGSIN,Singapore,2019-06-10,2019-06-13,14,6044.3,1.28,103.85,5
IMO9318149,Orpheas,Tankers,SGSIN,Singapore,2019-06-27,2019-06-30,14,0.0,1.28,103.85,6
IMO9318149,Orpheas,Tankers,DZAZW,Arzew,2021-01-31,2021-02-03,581,6044.3,35.85,-0.31,7
IMO9318149,Orpheas,Tankers,SAYNB,Yanbu,2021-03-18,2021-03-21,43,2101.2,24.09,38.06,8
IMO9318149,Orpheas,Tankers,SGSIN,Singapore,2021-04-04,2021-04-07,14,4050.1,1.28,103.85,9
IMO9318149,Orpheas,Tankers,CNNGB,Ningbo-Zhoushan,2021-04-21,2021-04-24,14,1991.7,29.87,121.55,10
IMO9318149,Orpheas,Tankers,DZAZW,Arzew,2025-09-02,2025-09-05,1592,5676.8,35.85,-0.31,11
IMO9318149,Orpheas,Tankers,NLRTM,Rotterdam,2025-09-19,2025-09-22,14,986.2,51.92,4.47,12
IMO9318246,JY HAMBURG,Dry Bulk,JPCHB,Chiba,2025-02-10,2025-02-13,0,0.0,35.6,140.1,1
IMO9318539,Donat,Tankers,SGSIN,Singapore,2018-06-29,2018-07-02,14,0.0,1.28,103.85,1
IMO9318539,Donat,Tankers,SGSIN,Singapore,2018-07-16,2018-07-19,14,0.0,1.28,103.85,2
IMO9318539,Donat,Tankers,DZAZW,Arzew,2023-05-19,2023-05-22,1765,6044.3,35.85,-0.31,3
IMO9318711,Clipper Eris,LPG,USHOU,Houston,2020-03-12,2020-03-15,0,0.0,29.74,-95.27,1
IMO9318711,Clipper Eris,LPG,USHOU,Houston,2020-06-25,2020-06-28,102,0.0,29.74,-95.27,2
IMO9318711,Clipper Eris ,LPG,USHOU,Houston,2021-01-21,2021-01-24,0,0.0,29.74,-95.27,1
IMO9318711,Clipper Eris,LPG,USHOU,Houston,2022-04-01,2022-04-04,642,0.0,29.74,-95.27,3
IMO9319404,Arrow Spirit,LNG,QARLF,Ras Laffan,2012-09-01,2012-09-04,0,0.0,25.92,51.53,1
IMO9319404,Arrow Spirit,LNG,QARLF,Ras Laffan,2012-09-18,2012-09-21,14,0.0,25.92,51.53,2
IMO9319404,Arrow Spirit,LNG,SGSIN,Singapore,2015-02-03,2015-02-06,865,3361.5,1.28,103.85,3
IMO9319404,Arrow Spirit,LNG,SGSIN,Singapore,2015-02-20,2015-02-23,14,0.0,1.28,103.85,4
IMO9319404,Arrow Spirit,LNG,MYBTU,Bintulu,2017-11-06,2017-11-09,987,563.2,3.2,113.04,5
IMO9319404,Arrow Spirit,LNG,MYBTU,Bintulu,2017-11-23,2017-11-26,14,0.0,3.2,113.04,6
IMO9319404,Arrow Spirit,LNG,QARLF,Ras Laffan,2018-05-21,2018-05-24,176,3787.3,25.92,51.53,7
IMO9319404,Arrow Spirit,LNG,QARLF,Ras Laffan,2018-06-07,2018-06-10,14,0.0,25.92,51.53,8
IMO9319404,Arrow Spirit,LNG,SGSIN,Singapore,2019-07-30,2019-08-02,415,3361.5,1.28,103.85,9
IMO9319404,Arrow Spirit,LNG,SGSIN,Singapore,2019-08-16,2019-08-19,14,0.0,1.28,103.85,10
IMO9319404,Arrow Spirit,LNG,AEFJR,Fujairah,2019-08-21,2019-08-24,2,3099.3,25.13,56.34,11
IMO9319404,Arrow Spirit,LNG,AEFJR,Fujairah,2019-09-07,2019-09-10,14,0.0,25.13,56.34,12
IMO9319404,Arrow Spirit,LNG,KWMFA,Mina Al Ahmadi,2021-03-12,2021-03-15,549,497.4,29.07,48.15,13
IMO9319404,Arrow Spirit,LNG,KWMFA,Mina Al Ahmadi,2021-03-29,2021-04-01,14,0.0,29.07,48.15,14
IMO9319404,Arrow Spirit,LNG,QARLF,Ras Laffan,2021-08-04,2021-08-07,125,261.1,25.92,51.53,15
IMO9319404,Arrow Spirit,LNG,QARLF,Ras Laffan,2021-08-21,2021-08-24,14,0.0,25.92,51.53,16
IMO9320374,Energos Maria,LNG,AEFJR,Fujairah,2012-04-18,2012-04-21,0,0.0,25.13,56.34,1
IMO9320374,Energos Maria,LNG,AEFJR,Fujairah,2012-05-05,2012-05-08,14,0.0,25.13,56.34,2
IMO9320374,Energos Maria,LNG,AEFJR,Fujairah,2012-09-26,2012-09-29,141,0.0,25.13,56.34,3
IMO9320374,Energos Maria,LNG,AEFJR,Fujairah,2012-10-13,2012-10-16,14,0.0,25.13,56.34,4
IMO9320374,Energos Maria,LNG,USSPG,Sabine Pass,2018-07-06,2018-07-09,2089,7093.4,29.73,-93.87,5
IMO9320374,Energos Maria,LNG,USSPG,Sabine Pass,2018-07-23,2018-07-26,14,0.0,29.73,-93.87,6
IMO9320374,Energos Maria,LNG,QARLF,Ras Laffan,2018-10-05,2018-10-08,71,6917.9,25.92,51.53,7
IMO9320374,Energos Maria,LNG,QARLF,Ras Laffan,2018-10-22,2018-10-25,14,0.0,25.92,51.53,8
IMO9320374,Energos Maria,LNG,QARLF,Ras Laffan,2019-02-11,2019-02-14,109,0.0,25.92,51.53,9
IMO9320374,Energos Maria,LNG,QARLF,Ras Laffan,2019-02-28,2019-03-03,14,0.0,25.92,51.53,10
IMO9320374,Energos Maria,LNG,QARLF,Ras Laffan,2019-05-17,2019-05-20,75,0.0,25.92,51.53,11
IMO9320374,Energos Maria,LNG,QARLF,Ras Laffan,2019-06-03,2019-06-06,14,0.0,25.92,51.53,12
IMO9320374,Energos Maria,LNG,USCMR,Cameron / Lake Charles,2019-06-17,2019-06-20,11,6874.5,30.22,-93.22,13
IMO9320374,Energos Maria,LNG,USCMR,Cameron / Lake Charles,2019-07-04,2019-07-07,14,0.0,30.22,-93.22,14
IMO9320374,Energos Maria,LNG,USSPG,Sabine Pass,2019-12-02,2019-12-05,148,44.8,29.73,-93.87,15
IMO9320374,Energos Maria,LNG,USSPG,Sabine Pass,2019-12-19,2019-12-22,14,0.0,29.73,-93.87,16
IMO9320374,Energos Maria,LNG,QARLF,Ras Laffan,2020-06-04,2020-06-07,165,6917.9,25.92,51.53,17
IMO9320374,Energos Maria,LNG,QARLF,Ras Laffan,2020-06-21,2020-06-24,14,0.0,25.92,51.53,18
IMO9320374,Energos Maria,LNG,DZAZW,Arzew,2021-10-25,2021-10-28,488,2705.1,35.85,-0.31,19
IMO9320374,Energos Maria,LNG,DZAZW,Arzew,2021-11-11,2021-11-14,14,0.0,35.85,-0.31,20
IMO9320386,Simaisma,LNG,QARLF,Ras Laffan,2017-09-11,2017-09-14,0,0.0,25.92,51.53,1
IMO9320386,Simaisma,LNG,QARLF,Ras Laffan,2017-09-28,2017-10-01,14,0.0,25.92,51.53,2
IMO9320386,Simaisma,LNG,QARLF,Ras Laffan,2020-12-15,2020-12-18,1171,0.0,25.92,51.53,7
IMO9320386,Simaisma,LNG,QARLF,Ras Laffan,2021-01-01,2021-01-04,14,0.0,25.92,51.53,8
IMO9320714,Ridgebury Captain Drogin,Tankers,SGSIN,Singapore,2019-02-05,2019-02-08,14,0.0,1.28,103.85,1
IMO9320714,Ridgebury Captain Drogin,Tankers,CNNGB,Ningbo-Zhoushan,2019-02-22,2019-02-25,14,1991.7,29.87,121.55,2
IMO9320714,Ridgebury Captain Drogin,Tankers,SAYNB,Yanbu,2019-09-03,2019-09-06,190,4380.6,24.09,38.06,3
IMO9320714,Ridgebury Captain Drogin,Tankers,NLRTM,Rotterdam,2020-10-13,2020-10-16,403,2268.6,51.92,4.47,4
IMO9320714,Ridgebury Captain Drogin,Tankers,DZAZW,Arzew,2020-10-29,2020-11-01,1,6044.3,35.85,-0.31,6
IMO9320714,Ridgebury Captain Drogin,Tankers,SGSIN,Singapore,2020-10-30,2020-11-02,14,5689.2,1.28,103.85,5
IMO9320714,Ridgebury Captain Drogin,Tankers,INSIK,Sikka / Jamnagar,2020-11-15,2020-11-18,14,3689.7,22.43,69.84,7
IMO9320714,Ridgebury Captain Drogin,Tankers,KWMFA,Mina Al Ahmadi,2021-10-21,2021-10-24,337,1236.5,29.07,48.15,8
IMO9320714,Ridgebury Captain Drogin,Tankers,CNNGB,Ningbo-Zhoushan,2021-11-07,2021-11-10,14,3765.1,29.87,121.55,9
IMO9320831,Sake,Tankers,INSIK,Sikka / Jamnagar,2020-10-15,2020-10-18,14,0.0,22.43,69.84,1
IMO9320831,Sake,Tankers,INSIK,Sikka / Jamnagar,2020-11-01,2020-11-04,14,0.0,22.43,69.84,2
IMO9320831,Sake,Tankers,INSIK,Sikka / Jamnagar,2020-11-18,2020-11-21,14,0.0,22.43,69.84,3
IMO9320831,Sake,Tankers,SAYNB,Yanbu,2022-05-17,2022-05-20,542,1752.1,24.09,38.06,4
IMO9320831,Sake,Tankers,SARRT,Ras Tanura,2022-07-20,2022-07-23,61,673.9,26.65,50.16,5
IMO9320831,Sake,Tankers,KWMFA,Mina Al Ahmadi,2022-09-13,2022-09-16,52,180.3,29.07,48.15,6
IMO9320831,Sake,Tankers,SGSIN,Singapore,2022-09-30,2022-10-03,14,3589.4,1.28,103.85,7
IMO9320831,Sake,Tankers,SARRT,Ras Tanura,2023-03-07,2023-03-10,155,3444.8,26.65,50.16,8
IMO9320831,Sake,Tankers,SARRT,Ras Tanura,2023-10-25,2023-10-28,229,0.0,26.65,50.16,9
IMO9320831,Sake,Tankers,SARRT,Ras Tanura,2024-08-15,2024-08-18,292,0.0,26.65,50.16,10
IMO9320831,Alraya,Tankers,AEFJR,Fujairah,2026-09-07,2026-09-10,14,0.0,25.13,56.34,1
IMO9321299,Tenki,Tankers,SARRT,Ras Tanura,2021-03-05,2021-03-08,0,0.0,26.65,50.16,1
IMO9321549,Global Glory,Tankers,MYBTU,Bintulu,2019-06-19,2019-06-22,0,0.0,3.2,113.04,1
IMO9321653,Seri Anggun,LNG,SGSIN,Singapore,2011-01-10,2011-01-13,0,0.0,1.28,103.85,1
IMO9321653,Seri Anggun,LNG,SGSIN,Singapore,2011-01-27,2011-01-30,14,0.0,1.28,103.85,2
IMO9321653,Seri Anggun,LNG,AUDAM,Dampier,2015-04-06,2015-04-09,1527,1518.3,-20.65,116.71,3
IMO9321653,Seri Anggun,LNG,AUDAM,Dampier,2015-04-23,2015-04-26,14,0.0,-20.65,116.71,4
IMO9321653,Seri Anggun,LNG,MYBTU,Bintulu,2023-04-26,2023-04-29,2922,1448.2,3.2,113.04,5
IMO9321653,Seri Anggun,LNG,MYBTU,Bintulu,2023-05-13,2023-05-16,14,0.0,3.2,113.04,6
IMO9321691,Cap Guillaume,Tankers,SGSIN,Singapore,2019-02-15,2019-02-18,14,0.0,1.28,103.85,1
IMO9321691,Cap Guillaume,Tankers,SARRT,Ras Tanura,2022-02-16,2022-02-19,1094,3444.8,26.65,50.16,2
IMO9321718,Cap Philippe,Tankers,KRUSN,Ulsan,2021-10-27,2021-10-30,14,0.0,35.5,129.38,1
IMO9321718,Cap Philippe,Tankers,USCRP,Corpus Christi,2022-04-06,2022-04-09,158,6174.8,27.81,-97.39,2
IMO9321720,Cap Victor,Tankers,SGSIN,Singapore,2018-09-21,2018-09-24,0,0.0,1.28,103.85,1
IMO9321720,Cap Victor,Tankers,SGSIN,Singapore,2018-10-08,2018-10-11,14,0.0,1.28,103.85,2
IMO9321720,Cap Victor,Tankers,USCRP,Corpus Christi,2021-01-31,2021-02-03,843,8673.9,27.81,-97.39,3
IMO9321720,Cap Victor,Tankers,KWMFA,Mina Al Ahmadi,2021-12-23,2021-12-26,323,6859.7,29.07,48.15,4
IMO9321720,Cap Victor,Tankers,SGSIN,Singapore,2022-01-09,2022-01-12,14,3589.4,1.28,103.85,5
IMO9321732,Milaha Qatar,LNG,QARLF,Ras Laffan,2019-03-27,2019-03-30,0,0.0,25.92,51.53,1
IMO9321732,Milaha Qatar,LNG,QARLF,Ras Laffan,2019-04-03,2019-04-06,1,0.0,25.92,51.53,3
IMO9321732,Milaha Qatar,LNG,QARLF,Ras Laffan,2019-04-13,2019-04-16,14,0.0,25.92,51.53,2
IMO9321732,Milaha Qatar,LNG,QARLF,Ras Laffan,2019-04-20,2019-04-23,14,0.0,25.92,51.53,4
IMO9321732,Milaha Qatar,LNG,QARLF,Ras Laffan,2019-06-10,2019-06-13,48,0.0,25.92,51.53,5
IMO9321732,Milaha Qatar,LNG,QARLF,Ras Laffan,2019-06-27,2019-06-30,14,0.0,25.92,51.53,6
IMO9321744,Methane Heather Sally,LNG,USSPG,Sabine Pass,2022-08-23,2022-08-26,0,0.0,29.73,-93.87,1
IMO9321744,Methane Heather Sally,LNG,USSPG,Sabine Pass,2022-09-09,2022-09-12,14,0.0,29.73,-93.87,2
IMO9321768,Methane Alison Victoria,LNG,SGSIN,Singapore,2021-04-14,2021-04-17,0,0.0,1.28,103.85,1
IMO9321768,Methane Alison Victoria,LNG,SGSIN,Singapore,2021-05-01,2021-05-04,14,0.0,1.28,103.85,2
IMO9321768,Methane Alison Victoria,LNG,MYBTU,Bintulu,2021-06-04,2021-06-07,31,563.2,3.2,113.04,3
IMO9321768,Methane Alison Victoria,LNG,MYBTU,Bintulu,2021-06-21,2021-06-24,14,0.0,3.2,113.04,4
IMO9321768,Methane Alison Victoria,LNG,AUDAM,Dampier,2022-03-03,2022-03-06,252,1448.2,-20.65,116.71,5
IMO9321768,Methane Alison Victoria,LNG,AUDAM,Dampier,2022-03-20,2022-03-23,14,0.0,-20.65,116.71,6
IMO9322255,Summit LNG,LNG,AEFJR,Fujairah,2012-04-10,2012-04-13,0,0.0,25.13,56.34,1
IMO9322255,Summit LNG,LNG,AEFJR,Fujairah,2012-04-27,2012-04-30,14,0.0,25.13,56.34,2
IMO9322255,Summit LNG,LNG,QARLF,Ras Laffan,2013-08-31,2013-09-03,488,264.9,25.92,51.53,3
IMO9322255,Summit LNG,LNG,QARLF,Ras Laffan,2013-09-17,2013-09-20,14,0.0,25.92,51.53,4
IMO9322255,Summit LNG,LNG,QARLF,Ras Laffan,2015-11-23,2015-11-26,794,0.0,25.92,51.53,5
IMO9322255,Summit LNG,LNG,QARLF,Ras Laffan,2015-12-10,2015-12-13,14,0.0,25.92,51.53,6
IMO9322267,Ellinis,Tankers,CNNGB,Ningbo-Zhoushan,2020-02-04,2020-02-07,14,0.0,29.87,121.55,1
IMO9322267,Ellinis,Tankers,SARRT,Ras Tanura,2020-05-04,2020-05-07,87,3717.6,26.65,50.16,2
IMO9322267,Ellinis,Tankers,CNNGB,Ningbo-Zhoushan,2020-05-21,2020-05-24,14,3717.6,29.87,121.55,3
IMO9322267,Ellinis,Tankers,CNNGB,Ningbo-Zhoushan,2020-06-07,2020-06-10,14,0.0,29.87,121.55,4
IMO9322279,Dalma,Tankers,SARRT,Ras Tanura,2020-03-11,2020-03-14,0,0.0,26.65,50.16,1
IMO9322279,Dalma,Tankers,SARRT,Ras Tanura,2020-09-08,2020-09-11,178,0.0,26.65,50.16,2
IMO9322279,Dalma,Tankers,CNNGB,Ningbo-Zhoushan,2020-09-25,2020-09-28,14,3717.6,29.87,121.55,3
IMO9322279,Dalma,Tankers,CNNGB,Ningbo-Zhoushan,2020-10-12,2020-10-15,14,0.0,29.87,121.55,4
IMO9322279,Dalma,Tankers,INSIK,Sikka / Jamnagar,2020-10-29,2020-11-01,14,2799.7,22.43,69.84,5
IMO9322279,Dalma,Tankers,SGSIN,Singapore,2020-11-15,2020-11-18,14,2355.7,1.28,103.85,6
IMO9322279,Dalma,Tankers,SARRT,Ras Tanura,2025-06-02,2025-06-05,1657,3444.8,26.65,50.16,7
IMO9322279,Dalma,Tankers,SARRT,Ras Tanura,2025-08-04,2025-08-07,60,0.0,26.65,50.16,8
IMO9322293,Nucleus,Tankers,SARRT,Ras Tanura,2021-07-06,2021-07-09,0,0.0,26.65,50.16,1
IMO9322293,Singapore Loyalty,Tankers,KWMFA,Mina Al Ahmadi,2023-02-08,2023-02-11,0,0.0,29.07,48.15,1
IMO9322293,Singapore Loyalty,Tankers,QARLF,Ras Laffan,2025-07-10,2025-07-13,880,261.1,25.92,51.53,2
IMO9322803,Lng Borno,LNG,QARLF,Ras Laffan,2020-08-13,2020-08-16,0,0.0,25.92,51.53,1
IMO9322803,Lng Borno,LNG,QARLF,Ras Laffan,2020-08-30,2020-09-02,14,0.0,25.92,51.53,2
IMO9322803,Lng Borno,LNG,NGBON,Bonny,2023-08-17,2023-08-20,1079,2855.1,4.45,7.16,3
IMO9322803,Lng Borno,LNG,NGBON,Bonny,2023-09-03,2023-09-06,14,0.0,4.45,7.16,4
IMO9322815,LNG Ogun,LNG,DZAZW,Arzew,2021-11-08,2021-11-11,0,0.0,35.85,-0.31,1
IMO9322815,LNG Ogun,LNG,DZAZW,Arzew,2021-11-25,2021-11-28,14,0.0,35.85,-0.31,2
IMO9323429,Khk Vision,Tankers,QARLF,Ras Laffan,2020-06-04,2020-06-07,0,0.0,25.92,51.53,1
IMO9323675,Grace Cosmos,LNG,QARLF,Ras Laffan,2017-09-11,2017-09-14,0,0.0,25.92,51.53,1
IMO9323675,Grace Cosmos,LNG,QARLF,Ras Laffan,2017-09-28,2017-10-01,14,0.0,25.92,51.53,2
IMO9323675,Grace Cosmos,LNG,AUDAM,Dampier,2018-09-12,2018-09-15,346,4714.0,-20.65,116.71,3
IMO9323675,Grace Cosmos,LNG,AUDAM,Dampier,2018-09-29,2018-10-02,14,0.0,-20.65,116.71,4
IMO9323675,Grace Cosmos,LNG,AUDAM,Dampier,2020-02-27,2020-03-01,513,0.0,-20.65,116.71,5
IMO9323675,Grace Cosmos,LNG,AUDAM,Dampier,2020-03-15,2020-03-18,14,0.0,-20.65,116.71,6
IMO9323675,Grace Cosmos,LNG,MYBTU,Bintulu,2021-03-31,2021-04-03,378,1448.2,3.2,113.04,7
IMO9323675,Grace Cosmos,LNG,MYBTU,Bintulu,2021-04-17,2021-04-20,14,0.0,3.2,113.04,8
IMO9323936,Nectar,Tankers,KRUSN,Ulsan,2020-03-09,2020-03-12,14,0.0,35.5,129.38,1
IMO9323936,Nectar,Tankers,SARRT,Ras Tanura,2020-04-16,2020-04-19,35,4000.9,26.65,50.16,2
IMO9323936,Nectar,Tankers,KRUSN,Ulsan,2020-05-03,2020-05-06,14,4000.9,35.5,129.38,3
IMO9323936,Plata Singapore,Tankers,SARRT,Ras Tanura,2024-10-25,2024-10-28,0,0.0,26.65,50.16,1
IMO9323936,Plata Singapore,Tankers,KWMFA,Mina Al Ahmadi,2024-12-06,2024-12-09,39,180.3,29.07,48.15,2
IMO9323936,Plata Singapore,Tankers,SARRT,Ras Tanura,2025-04-25,2025-04-28,137,180.3,26.65,50.16,3
IMO9324100,Kasagisan,Tankers,KRUSN,Ulsan,2019-11-12,2019-11-15,14,0.0,35.5,129.38,1
IMO9324100,Kasagisan,Tankers,SGSIN,Singapore,2019-11-29,2019-12-02,14,2499.7,1.28,103.85,2
IMO9324100,Vadin,Tankers,AEFJR,Fujairah,2026-09-08,2026-09-11,14,0.0,25.13,56.34,1
IMO9324277,Neo Energy,LNG,USCMR,Cameron / Lake Charles,2020-04-28,2020-05-01,0,0.0,30.22,-93.22,1
IMO9324277,Neo Energy,LNG,USCMR,Cameron / Lake Charles,2020-05-15,2020-05-18,14,0.0,30.22,-93.22,2
IMO9324277,Neo Energy,LNG,USCVP,Cove Point,2022-02-03,2022-02-06,626,966.3,38.39,-76.38,3
IMO9324277,Neo Energy,LNG,QARLF,Ras Laffan,2022-02-07,2022-02-10,1,5962.3,25.92,51.53,5
IMO9324277,Neo Energy,LNG,USCVP,Cove Point,2022-02-20,2022-02-23,14,0.0,38.39,-76.38,4
IMO9324277,Neo Energy,LNG,QARLF,Ras Laffan,2022-02-24,2022-02-27,14,0.0,25.92,51.53,6
IMO9324277,Neo Energy,LNG,QARLF,Ras Laffan,2023-07-19,2023-07-22,507,0.0,25.92,51.53,7
IMO9324277,Neo Energy,LNG,QARLF,Ras Laffan,2023-08-05,2023-08-08,14,0.0,25.92,51.53,8
IMO9324277,Neo Energy,LNG,USCMR,Cameron / Lake Charles,2023-08-15,2023-08-18,7,6874.5,30.22,-93.22,9
IMO9324277,Neo Energy,LNG,USCMR,Cameron / Lake Charles,2023-09-01,2023-09-04,14,0.0,30.22,-93.22,10
IMO9324332,Cheikh El Mokrani,LNG,DZAZW,Arzew,2019-01-01,2019-01-04,0,0.0,35.85,-0.31,1
IMO9324332,Cheikh El Mokrani,LNG,DZAZW,Arzew,2019-01-18,2019-01-21,14,0.0,35.85,-0.31,2
IMO9324435,Al Jassasiya,LNG,QARLF,Ras Laffan,2019-11-26,2019-11-29,0,0.0,25.92,51.53,1
IMO9324435,Al Jassasiya,LNG,QARLF,Ras Laffan,2019-12-13,2019-12-16,14,0.0,25.92,51.53,2
IMO9324959,Navigator Scorpio,LPG,USHOU,Houston,2021-03-25,2021-03-28,14,0.0,29.74,-95.27,1
IMO9325037,Cosmerry Lake,Tankers,SAYNB,Yanbu,2026-03-03,2026-03-06,0,0.0,24.09,38.06,1
IMO9325037,Cosmerry Lake,Tankers,AEFJR,Fujairah,2026-05-27,2026-05-30,82,999.0,25.13,56.34,2
IMO9325049,Sonangol Namibe,Tankers,USCRP,Corpus Christi,2018-06-26,2018-06-29,0,0.0,27.81,-97.39,1
IMO9325049,Sonangol Namibe,Tankers,SGSIN,Singapore,2018-07-13,2018-07-16,14,8673.9,1.28,103.85,2
IMO9325049,Sonangol Namibe,Tankers,SGSIN,Singapore,2018-07-30,2018-08-02,14,0.0,1.28,103.85,3
IMO9325049,Sonangol Namibe,Tankers,SARRT,Ras Tanura,2019-09-02,2019-09-05,396,3444.8,26.65,50.16,4
IMO9325049,Sonangol Namibe,Tankers,USHOU,Houston,2019-11-14,2019-11-17,70,6881.5,29.74,-95.27,5
IMO9325049,Sonangol Namibe,Tankers,NLRTM,Rotterdam,2020-10-14,2020-10-17,332,4355.9,51.92,4.47,6
IMO9325049,Sonangol Namibe,Tankers,SGSIN,Singapore,2020-10-31,2020-11-03,14,5689.2,1.28,103.85,7
IMO9325049,Sonangol Namibe,Tankers,SGSIN,Singapore,2020-11-17,2020-11-20,14,0.0,1.28,103.85,8
IMO9325685,Al Marrouna,LNG,QARLF,Ras Laffan,2019-11-26,2019-11-29,0,0.0,25.92,51.53,1
IMO9325685,Al Marrouna,LNG,QARLF,Ras Laffan,2019-12-13,2019-12-16,14,0.0,25.92,51.53,2
IMO9325685,Al Marrouna,LNG,QARLF,Ras Laffan,2020-02-24,2020-02-27,70,0.0,25.92,51.53,3
IMO9325685,Al Marrouna,LNG,QARLF,Ras Laffan,2020-03-12,2020-03-15,14,0.0,25.92,51.53,4
IMO9325697,Al Areesh,LNG,QARLF,Ras Laffan,2020-07-08,2020-07-11,0,0.0,25.92,51.53,1
IMO9325697,Al Areesh,LNG,QARLF,Ras Laffan,2020-07-25,2020-07-28,14,0.0,25.92,51.53,2
IMO9325697,Al Areesh,LNG,QARLF,Ras Laffan,2022-08-25,2022-08-28,758,0.0,25.92,51.53,3
IMO9325697,Al Areesh,LNG,QARLF,Ras Laffan,2022-09-11,2022-09-14,14,0.0,25.92,51.53,4
IMO9325702,Al Daayen,LNG,DZAZW,Arzew,2019-11-07,2019-11-10,0,0.0,35.85,-0.31,1
IMO9325702,Al Daayen,LNG,DZAZW,Arzew,2019-11-24,2019-11-27,14,0.0,35.85,-0.31,2
IMO9325892,Pacific Shanghai,LPG,QARLF,Ras Laffan,2020-01-09,2020-01-12,0,0.0,25.92,51.53,1
IMO9325892,Pacific Shanghai,LPG,AUDRW,Darwin,2020-05-07,2020-05-10,116,5167.5,-12.46,130.84,2
IMO9325893,Tangguh Towuti,LNG,MYBTU,Bintulu,2018-08-08,2018-08-11,0,0.0,3.2,113.04,1
IMO9325893,Tangguh Towuti,LNG,MYBTU,Bintulu,2018-08-25,2018-08-28,14,0.0,3.2,113.04,2
IMO9326055,White Nova,Tankers,KRUSN,Ulsan,2019-07-15,2019-07-18,14,0.0,35.5,129.38,1
IMO9326055,White Nova,Tankers,SGSIN,Singapore,2019-08-01,2019-08-04,14,2499.7,1.28,103.85,2
IMO9326067,Syfnos,Tankers,KWMFA,Mina Al Ahmadi,2019-03-27,2019-03-30,0,0.0,29.07,48.15,1
IMO9326067,Syfnos,Tankers,CNNGB,Ningbo-Zhoushan,2019-04-13,2019-04-16,14,3765.1,29.87,121.55,2
IMO9326067,Syfnos,Tankers,CNNGB,Ningbo-Zhoushan,2019-04-30,2019-05-03,14,0.0,29.87,121.55,3
IMO9326067,Syfnos,Tankers,SARRT,Ras Tanura,2022-06-22,2022-06-25,1146,3717.6,26.65,50.16,4
IMO9326067,Syfnos,Tankers,KWMFA,Mina Al Ahmadi,2022-09-05,2022-09-08,72,180.3,29.07,48.15,5
IMO9326067,Syfnos,Tankers,SAYNB,Yanbu,2022-12-20,2022-12-23,103,618.4,24.09,38.06,6
IMO9326067,Vatika,Tankers,SARRT,Ras Tanura,2023-03-23,2023-03-26,0,0.0,26.65,50.16,1
IMO9326067,Hansika,Tankers,SARRT,Ras Tanura,2023-09-20,2023-09-23,0,0.0,26.65,50.16,1
IMO9326067,Hansika,Tankers,SARRT,Ras Tanura,2023-10-25,2023-10-28,32,0.0,26.65,50.16,3
IMO9326067,Hansika,Tankers,INSIK,Sikka / Jamnagar,2023-11-11,2023-11-14,14,1103.0,22.43,69.84,4
IMO9326067,Hansika,Tankers,INSIK,Sikka / Jamnagar,2023-11-28,2023-12-01,14,0.0,22.43,69.84,5
IMO9326067,Hansika,Tankers,INSIK,Sikka / Jamnagar,2023-12-15,2023-12-18,14,0.0,22.43,69.84,6
IMO9326067,Hansika,Tankers,INSIK,Sikka / Jamnagar,2024-01-01,2024-01-04,14,0.0,22.43,69.84,7
IMO9326067,Hansika,Tankers,INSIK,Sikka / Jamnagar,2024-01-18,2024-01-21,14,0.0,22.43,69.84,8
IMO9326067,Hansika,Tankers,INSIK,Sikka / Jamnagar,2024-02-04,2024-02-07,14,0.0,22.43,69.84,9
IMO9326067,Hansika,Tankers,INSIK,Sikka / Jamnagar,2024-02-21,2024-02-24,14,0.0,22.43,69.84,10
IMO9326067,Hansika,Tankers,INSIK,Sikka / Jamnagar,2024-03-09,2024-03-12,14,0.0,22.43,69.84,11
IMO9326067,HANSIKA,Tankers,INSIK,Sikka / Jamnagar,2025-01-28,2025-01-31,14,0.0,22.43,69.84,1
IMO9326067,HANSIKA,Tankers,INSIK,Sikka / Jamnagar,2025-02-14,2025-02-17,14,0.0,22.43,69.84,2
IMO9326689,Ibra Lng,LNG,QARLF,Ras Laffan,2020-06-10,2020-06-13,0,0.0,25.92,51.53,1
IMO9326689,Ibra Lng,LNG,QARLF,Ras Laffan,2020-06-27,2020-06-30,14,0.0,25.92,51.53,2
IMO9326718,Sks Segura,Tankers,SGSIN,Singapore,2020-10-28,2020-10-31,14,0.0,1.28,103.85,1
IMO9326718,Sks Segura,Tankers,CNQDG,Qingdao,2020-11-14,2020-11-17,14,2281.6,36.08,120.32,2
IMO9326718,Sks Segura,Tankers,SGSIN,Singapore,2021-03-01,2021-03-04,104,2281.6,1.28,103.85,3
IMO9326809,Desh Abhimaan,Tankers,SARRT,Ras Tanura,2018-05-08,2018-05-11,0,0.0,26.65,50.16,1
IMO9326809,Desh Abhimaan,Tankers,SARRT,Ras Tanura,2019-09-16,2019-09-19,493,0.0,26.65,50.16,2
IMO9326809,Desh Abhimaan,Tankers,SARRT,Ras Tanura,2019-12-09,2019-12-12,81,0.0,26.65,50.16,3
IMO9326809,Desh Abhimaan,Tankers,SARRT,Ras Tanura,2020-03-11,2020-03-14,90,0.0,26.65,50.16,4
IMO9326809,Desh Abhimaan,Tankers,SARRT,Ras Tanura,2020-11-02,2020-11-05,233,0.0,26.65,50.16,5
IMO9326809,Desh Abhimaan,Tankers,INSIK,Sikka / Jamnagar,2020-11-19,2020-11-22,14,1103.0,22.43,69.84,6
IMO9326809,Desh Abhimaan,Tankers,SARRT,Ras Tanura,2021-03-18,2021-03-21,116,1103.0,26.65,50.16,7
IMO9326809,Desh Abhimaan,Tankers,SARRT,Ras Tanura,2021-08-18,2021-08-21,150,0.0,26.65,50.16,8
IMO9326809,Desh Abhimaan,Tankers,SARRT,Ras Tanura,2021-10-25,2021-10-28,65,0.0,26.65,50.16,9
IMO9326809,Desh Abhimaan,Tankers,KWMFA,Mina Al Ahmadi,2021-12-14,2021-12-17,47,180.3,29.07,48.15,10
IMO9326809,Desh Abhimaan,Tankers,SARRT,Ras Tanura,2022-03-04,2022-03-07,77,180.3,26.65,50.16,11
IMO9326809,Desh Abhimaan,Tankers,KWMFA,Mina Al Ahmadi,2022-04-11,2022-04-14,35,180.3,29.07,48.15,12
IMO9326809,Desh Abhimaan,Tankers,KWMFA,Mina Al Ahmadi,2022-06-10,2022-06-13,57,0.0,29.07,48.15,13
IMO9326809,Desh Abhimaan,Tankers,SARRT,Ras Tanura,2022-08-10,2022-08-13,58,180.3,26.65,50.16,14
IMO9326809,Desh Abhimaan,Tankers,SARRT,Ras Tanura,2023-08-21,2023-08-24,373,0.0,26.65,50.16,15
IMO9326809,Desh Abhimaan,Tankers,SARRT,Ras Tanura,2023-08-28,2023-08-31,4,0.0,26.65,50.16,16
IMO9326809,Desh Abhimaan,Tankers,SARRT,Ras Tanura,2024-02-20,2024-02-23,173,0.0,26.65,50.16,17
IMO9326809,Desh Abhimaan,Tankers,KWMFA,Mina Al Ahmadi,2024-03-21,2024-03-24,27,180.3,29.07,48.15,18
IMO9326809,Desh Abhimaan,Tankers,AEFJR,Fujairah,2024-09-20,2024-09-23,180,497.4,25.13,56.34,19
IMO9326809,Desh Abhimaan,Tankers,INSIK,Sikka / Jamnagar,2024-10-07,2024-10-10,14,758.9,22.43,69.84,20
IMO9326809,Desh Abhimaan,Tankers,KWMFA,Mina Al Ahmadi,2024-11-26,2024-11-29,47,1236.5,29.07,48.15,21
IMO9326809,Desh Abhimaan,Tankers,SARRT,Ras Tanura,2024-12-26,2024-12-29,27,180.3,26.65,50.16,22
IMO9326809,Desh Abhimaan,Tankers,KWMFA,Mina Al Ahmadi,2025-03-07,2025-03-10,68,180.3,29.07,48.15,23
IMO9326809,Desh Abhimaan,Tankers,AEFJR,Fujairah,2025-05-08,2025-05-11,59,497.4,25.13,56.34,24
IMO9326809,Desh Abhimaan,Tankers,SARRT,Ras Tanura,2025-10-03,2025-10-06,145,346.0,26.65,50.16,25
IMO9326809,Desh Abhimaan,Tankers,AEFJR,Fujairah,2026-01-20,2026-01-23,106,346.0,25.13,56.34,26
IMO9326809,Desh Abhimaan,Tankers,SARRT,Ras Tanura,2026-01-27,2026-01-30,4,346.0,26.65,50.16,27
IMO9326809,Desh Abhimaan,Tankers,INSIK,Sikka / Jamnagar,2026-02-13,2026-02-16,14,1103.0,22.43,69.84,28
IMO9326809,Desh Abhimaan,Tankers,AEFJR,Fujairah,2026-03-23,2026-03-26,35,758.9,25.13,56.34,29
IMO9326809,Desh Abhimaan,Tankers,SAYNB,Yanbu,2026-04-30,2026-05-03,35,999.0,24.09,38.06,30
IMO9326809,Desh Abhimaan,Tankers,AEFJR,Fujairah,2026-06-04,2026-06-07,32,999.0,25.13,56.34,31
IMO9326809,Desh Abhimaan,Tankers,SAYNB,Yanbu,2026-07-02,2026-07-05,25,999.0,24.09,38.06,32
IMO9326809,Desh Abhimaan,Tankers,AEFJR,Fujairah,2026-07-10,2026-07-13,5,999.0,25.13,56.34,33
IMO9326811,Aegean Horizon,Tankers,DZAZW,Arzew,2019-11-14,2019-11-17,0,0.0,35.85,-0.31,1
IMO9326811,Aegean Horizon,Tankers,SGSIN,Singapore,2019-12-01,2019-12-04,14,6044.3,1.28,103.85,2
IMO9326811,Aegean Horizon,Tankers,SARRT,Ras Tanura,2019-12-30,2020-01-02,26,3444.8,26.65,50.16,3
IMO9326811,Aegean Horizon,Tankers,SGSIN,Singapore,2020-01-16,2020-01-19,14,3444.8,1.28,103.85,4
IMO9326811,Aegean Horizon,Tankers,KWMFA,Mina Al Ahmadi,2020-06-08,2020-06-11,141,3589.4,29.07,48.15,5
IMO9326811,Aegean Horizon,Tankers,KWMFA,Mina Al Ahmadi,2020-07-14,2020-07-17,33,0.0,29.07,48.15,6
IMO9326811,Aegean Horizon,Tankers,SARRT,Ras Tanura,2022-04-22,2022-04-25,644,180.3,26.65,50.16,7
IMO9326811,Aegean Horizon,Tankers,DZAZW,Arzew,2024-06-19,2024-06-22,786,2619.7,35.85,-0.31,8
IMO9326811,Aegean Horizon,Tankers,NLRTM,Rotterdam,2024-07-06,2024-07-09,14,986.2,51.92,4.47,9
IMO9326811,Aegean Horizon,Tankers,INSIK,Sikka / Jamnagar,2024-07-23,2024-07-26,14,3449.7,22.43,69.84,10
IMO9326811,Aegean Horizon,Tankers,KWMFA,Mina Al Ahmadi,2025-06-26,2025-06-29,335,1236.5,29.07,48.15,11
IMO9326811,Aegean Horizon,Tankers,SARRT,Ras Tanura,2025-07-21,2025-07-24,22,180.3,26.65,50.16,12
IMO9326811,Aegean Horizon,Tankers,SARRT,Ras Tanura,2025-08-21,2025-08-24,28,0.0,26.65,50.16,13
IMO9327114,Bunga Kasturi Lima,Tankers,KWMFA,Mina Al Ahmadi,2022-10-17,2022-10-20,0,0.0,29.07,48.15,1
IMO9327114,Bunga Kasturi Lima,Tankers,SARRT,Ras Tanura,2024-08-05,2024-08-08,655,180.3,26.65,50.16,2
IMO9327554,Bunga Kasturi Enam,Tankers,CNNGB,Ningbo-Zhoushan,2020-03-31,2020-04-03,14,0.0,29.87,121.55,1
IMO9327836,YASA PEARL,Dry Bulk,AEFJR,Fujairah,2025-01-27,2025-01-30,0,0.0,25.13,56.34,1
IMO9328682,Gas Al Mubarakiah,LPG,QARLF,Ras Laffan,2020-08-20,2020-08-23,0,0.0,25.92,51.53,1
IMO9328682,Gas al Mubarakiah,LPG,QARLF,Ras Laffan,2020-10-01,2020-10-04,0,0.0,25.92,51.53,1
IMO9328682,Gas Al Mubarakiah,LPG,SAYNB,Yanbu,2021-05-27,2021-05-30,277,740.8,24.09,38.06,2
IMO9328682,Gas Al Mubarakiah,LPG,SAYNB,Yanbu,2022-07-01,2022-07-04,397,0.0,24.09,38.06,3
IMO9328682,Gas Al Mubarakiah,LPG,AUDRW,Darwin,2022-09-22,2022-09-25,80,5856.6,-12.46,130.84,4
IMO9328716,Yio,Tankers,SGSIN,Singapore,2020-05-25,2020-05-28,0,0.0,1.28,103.85,1
IMO9328716,Yio,Tankers,INSIK,Sikka / Jamnagar,2020-06-11,2020-06-14,14,2355.7,22.43,69.84,2
IMO9328716,Yio,Tankers,SARRT,Ras Tanura,2021-04-23,2021-04-26,313,1103.0,26.65,50.16,3
IMO9328716,Yio,Tankers,INSIK,Sikka / Jamnagar,2021-05-10,2021-05-13,14,1103.0,22.43,69.84,4
IMO9328716,Yio,Tankers,SARRT,Ras Tanura,2021-06-07,2021-06-10,25,1103.0,26.65,50.16,5
IMO9328716,Yio,Tankers,SARRT,Ras Tanura,2021-07-06,2021-07-09,26,0.0,26.65,50.16,6
IMO9328716,Yio,Tankers,INSIK,Sikka / Jamnagar,2021-07-23,2021-07-26,14,1103.0,22.43,69.84,7
IMO9328716,Yio,Tankers,SARRT,Ras Tanura,2021-12-22,2021-12-25,149,1103.0,26.65,50.16,8
IMO9328716,Yio,Tankers,KWMFA,Mina Al Ahmadi,2022-01-04,2022-01-07,10,180.3,29.07,48.15,9
IMO9328716,Yio,Tankers,INSIK,Sikka / Jamnagar,2022-01-21,2022-01-24,14,1236.5,22.43,69.84,10
IMO9328716,Yio,Tankers,KWMFA,Mina Al Ahmadi,2022-11-07,2022-11-10,287,1236.5,29.07,48.15,11
IMO9328716,Yio,Tankers,KWMFA,Mina Al Ahmadi,2023-01-05,2023-01-08,56,0.0,29.07,48.15,12
IMO9328716,Yio,Tankers,SGSIN,Singapore,2023-01-22,2023-01-25,14,3589.4,1.28,103.85,13
IMO9329291,LNG Ebisu,LNG,AUDRW,Darwin,2023-08-11,2023-08-14,0,0.0,-12.46,130.84,1
IMO9329291,LNG Ebisu,LNG,AUDRW,Darwin,2023-08-28,2023-08-31,14,0.0,-12.46,130.84,2
IMO9329693,Kazimah Iii,Tankers,INSIK,Sikka / Jamnagar,2023-10-17,2023-10-20,14,0.0,22.43,69.84,1
IMO9329708,Al Jabriyah Ii,Tankers,INSIK,Sikka / Jamnagar,2019-09-17,2019-09-20,14,0.0,22.43,69.84,1
IMO9329708,Al Jabriyah Ii,Tankers,AEFJR,Fujairah,2024-07-15,2024-07-18,1760,758.9,25.13,56.34,2
IMO9329708,Al Jabriyah Ii,Tankers,KRUSN,Ulsan,2024-08-01,2024-08-04,14,3753.1,35.5,129.38,3
IMO9329708,Al Jabriyah Ii,Tankers,KWMFA,Mina Al Ahmadi,2024-09-19,2024-09-22,46,4023.0,29.07,48.15,4
IMO9330327,BW Var OOS,LPG,USHOU,Houston,2021-10-07,2021-10-10,0,0.0,29.74,-95.27,1
IMO9330563,Maran Canopus,Tankers,NLRTM,Rotterdam,2019-08-14,2019-08-17,14,0.0,51.92,4.47,1
IMO9330563,Maran Canopus,Tankers,KWMFA,Mina Al Ahmadi,2019-12-06,2019-12-09,111,2367.9,29.07,48.15,2
IMO9330563,Maran Canopus,Tankers,SARRT,Ras Tanura,2020-03-10,2020-03-13,92,180.3,26.65,50.16,3
IMO9330563,Maran Canopus,Tankers,KWMFA,Mina Al Ahmadi,2022-03-24,2022-03-27,741,180.3,29.07,48.15,4
IMO9330563,Maran Canopus,Tankers,INSIK,Sikka / Jamnagar,2022-04-10,2022-04-13,14,1236.5,22.43,69.84,5
IMO9330563,Sanmar Herald,Tankers,SARRT,Ras Tanura,2025-09-02,2025-09-05,0,0.0,26.65,50.16,1
IMO9330563,Sanmar Herald,Tankers,INSIK,Sikka / Jamnagar,2025-09-19,2025-09-22,14,1103.0,22.43,69.84,2
IMO9330563,Sanmar Herald,Tankers,INSIK,Sikka / Jamnagar,2025-10-06,2025-10-09,14,0.0,22.43,69.84,3
IMO9330745,Symphonic Breeze,LNG,MYBTU,Bintulu,2019-10-17,2019-10-20,0,0.0,3.2,113.04,1
IMO9330745,Symphonic Breeze,LNG,MYBTU,Bintulu,2019-11-03,2019-11-06,14,0.0,3.2,113.04,2
IMO9330745,Symphonic Breeze,LNG,AUDRW,Darwin,2021-04-22,2021-04-25,533,1418.3,-12.46,130.84,3
IMO9330745,Symphonic Breeze,LNG,AUDRW,Darwin,2021-05-09,2021-05-12,14,0.0,-12.46,130.84,4
IMO9330874,Cap Lara,Tankers,SARRT,Ras Tanura,2021-01-11,2021-01-14,0,0.0,26.65,50.16,1
IMO9330874,Cap Lara,Tankers,AEFJR,Fujairah,2022-06-28,2022-07-01,530,346.0,25.13,56.34,2
IMO9330874,Astra Maris,Tankers,SARRT,Ras Tanura,2025-09-17,2025-09-20,0,0.0,26.65,50.16,1
IMO9330874,Astra Maris,Tankers,AEFJR,Fujairah,2026-01-12,2026-01-15,114,346.0,25.13,56.34,2
IMO9330874,Astra Maris,Tankers,SARRT,Ras Tanura,2026-02-26,2026-03-01,42,346.0,26.65,50.16,3
IMO9330874,Astra Maris,Tankers,SAYNB,Yanbu,2026-05-12,2026-05-15,72,673.9,24.09,38.06,4
IMO9330874,Astra Maris,Tankers,INSIK,Sikka / Jamnagar,2026-05-29,2026-06-01,14,1752.1,22.43,69.84,5
IMO9331048,Maran Gas Coronis,LNG,QARLF,Ras Laffan,2019-07-05,2019-07-08,0,0.0,25.92,51.53,1
IMO9331048,Maran Gas Coronis,LNG,QARLF,Ras Laffan,2019-07-22,2019-07-25,14,0.0,25.92,51.53,2
IMO9331048,Maran Gas Coronis,LNG,QARLF,Ras Laffan,2019-08-20,2019-08-23,26,0.0,25.92,51.53,3
IMO9331048,Maran Gas Coronis,LNG,QARLF,Ras Laffan,2019-09-06,2019-09-09,14,0.0,25.92,51.53,4
IMO9331581,Equinor TBN,LPG,NLRTM,Rotterdam,2021-08-19,2021-08-22,0,0.0,51.92,4.47,1
IMO9331634,Seri Bakti,LNG,NGBON,Bonny,2013-11-15,2013-11-18,0,0.0,4.45,7.16,1
IMO9331634,Seri Bakti,LNG,NGBON,Bonny,2013-12-02,2013-12-05,14,0.0,4.45,7.16,2
IMO9331634,Seri Bakti,LNG,SGSIN,Singapore,2014-09-04,2014-09-07,273,5798.0,1.28,103.85,3
IMO9331634,Seri Bakti,LNG,SGSIN,Singapore,2014-09-21,2014-09-24,14,0.0,1.28,103.85,4
IMO9331634,Seri Bakti,LNG,AUGLT,Gladstone,2017-04-24,2017-04-27,943,3147.5,-23.84,151.26,5
IMO9331634,Seri Bakti,LNG,AUGLT,Gladstone,2017-05-11,2017-05-14,14,0.0,-23.84,151.26,6
IMO9331634,Seri Bakti,LNG,SGSIN,Singapore,2017-11-15,2017-11-18,185,3147.5,1.28,103.85,7
IMO9331634,Seri Bakti,LNG,SGSIN,Singapore,2017-12-02,2017-12-05,14,0.0,1.28,103.85,8
IMO9331634,Seri Bakti,LNG,AUGLT,Gladstone,2017-12-12,2017-12-15,7,3147.5,-23.84,151.26,9
IMO9331634,Seri Bakti,LNG,AUGLT,Gladstone,2017-12-29,2018-01-01,14,0.0,-23.84,151.26,10
IMO9331634,Seri Bakti,LNG,QARLF,Ras Laffan,2018-05-31,2018-06-03,150,6508.6,25.92,51.53,11
IMO9331634,Seri Bakti,LNG,QARLF,Ras Laffan,2018-06-17,2018-06-20,14,0.0,25.92,51.53,12
IMO9331634,Seri Bakti,LNG,SGSIN,Singapore,2019-07-10,2019-07-13,385,3361.5,1.28,103.85,13
IMO9331634,Seri Bakti,LNG,SGSIN,Singapore,2019-07-27,2019-07-30,14,0.0,1.28,103.85,14
IMO9331658,Seri Bijaksana,LNG,MYBTU,Bintulu,2011-01-01,2011-01-04,0,0.0,3.2,113.04,1
IMO9331658,Seri Bijaksana,LNG,MYBTU,Bintulu,2011-01-18,2011-01-21,14,0.0,3.2,113.04,2
IMO9331660,Seri Balhaf,LNG,USCMR,Cameron / Lake Charles,2020-11-04,2020-11-07,0,0.0,30.22,-93.22,1
IMO9331660,Seri Balhaf,LNG,USCMR,Cameron / Lake Charles,2020-11-21,2020-11-24,14,0.0,30.22,-93.22,2
IMO9331660,Seri Balhaf,LNG,USCMR,Cameron / Lake Charles,2021-12-09,2021-12-12,380,0.0,30.22,-93.22,3
IMO9331660,Seri Balhaf,LNG,USCMR,Cameron / Lake Charles,2021-12-26,2021-12-29,14,0.0,30.22,-93.22,4
IMO9331672,Seri Balqis,LNG,NGBON,Bonny,2015-04-21,2015-04-24,0,0.0,4.45,7.16,1
IMO9331672,Seri Balqis,LNG,NGBON,Bonny,2015-05-08,2015-05-11,14,0.0,4.45,7.16,2
IMO9331672,Seri Balqis,LNG,SGSIN,Singapore,2018-11-07,2018-11-10,1276,5798.0,1.28,103.85,3
IMO9331672,Seri Balqis,LNG,SGSIN,Singapore,2018-11-24,2018-11-27,14,0.0,1.28,103.85,4
IMO9331672,Seri Balqis,LNG,QARLF,Ras Laffan,2020-03-20,2020-03-23,479,3361.5,25.92,51.53,5
IMO9331672,Seri Balqis,LNG,QARLF,Ras Laffan,2020-04-06,2020-04-09,14,0.0,25.92,51.53,6
IMO9331672,Seri Balqis,LNG,USCVP,Cove Point,2020-04-22,2020-04-25,13,5962.3,38.39,-76.38,7
IMO9331672,Seri Balqis,LNG,USCVP,Cove Point,2020-05-09,2020-05-12,14,0.0,38.39,-76.38,8
IMO9332054,Grand Elena,LNG,MYBTU,Bintulu,2012-07-15,2012-07-18,0,0.0,3.2,113.04,1
IMO9332054,Grand Elena,LNG,MYBTU,Bintulu,2012-08-01,2012-08-04,14,0.0,3.2,113.04,2
IMO9332054,Grand Elena,LNG,MYBTU,Bintulu,2013-01-15,2013-01-18,164,0.0,3.2,113.04,3
IMO9332054,Grand Elena,LNG,MYBTU,Bintulu,2013-02-01,2013-02-04,14,0.0,3.2,113.04,4
IMO9332157,Minerva Georgia,Tankers,SGSIN,Singapore,2019-01-18,2019-01-21,14,0.0,1.28,103.85,1
IMO9332157,Minerva Georgia,Tankers,SARRT,Ras Tanura,2019-07-08,2019-07-11,168,3444.8,26.65,50.16,2
IMO9332157,Minerva Georgia,Tankers,SGSIN,Singapore,2019-07-25,2019-07-28,14,3444.8,1.28,103.85,3
IMO9332157,Minerva Georgia,Tankers,SGSIN,Singapore,2019-08-11,2019-08-14,14,0.0,1.28,103.85,4
IMO9332157,Minerva Georgia,Tankers,NLRTM,Rotterdam,2022-07-31,2022-08-03,1082,5689.2,51.92,4.47,5
IMO9332157,Minerva Georgia,Tankers,DZAZW,Arzew,2026-04-30,2026-05-03,1366,986.2,35.85,-0.31,6
IMO9332534,Eurotankers Tbn,Tankers,KWMFA,Mina Al Ahmadi,2022-01-27,2022-01-30,0,0.0,29.07,48.15,1
IMO9333591,Cool Rider,LNG,KRUSN,Ulsan,2016-10-10,2016-10-13,0,0.0,35.5,129.38,1
IMO9333591,Cool Rider,LNG,KRUSN,Ulsan,2016-10-27,2016-10-30,14,0.0,35.5,129.38,2
IMO9333591,Cool Rider,LNG,USSPG,Sabine Pass,2023-10-12,2023-10-15,2538,6191.2,29.73,-93.87,3
IMO9333591,Cool Rider,LNG,USSPG,Sabine Pass,2023-10-29,2023-11-01,14,0.0,29.73,-93.87,4
IMO9333606,Cool Ranger,LNG,NOHFT,Hammerfest,2012-05-18,2012-05-21,0,0.0,70.66,23.68,1
IMO9333606,Cool Ranger,LNG,NOHFT,Hammerfest,2012-06-04,2012-06-07,14,0.0,70.66,23.68,2
IMO9333618,Cool Rover,LNG,USSPG,Sabine Pass,2016-10-13,2016-10-16,0,0.0,29.73,-93.87,1
IMO9333618,Cool Rover,LNG,USSPG,Sabine Pass,2016-10-30,2016-11-02,14,0.0,29.73,-93.87,2
IMO9333618,Cool Rover,LNG,USSPG,Sabine Pass,2023-10-20,2023-10-23,2543,0.0,29.73,-93.87,3
IMO9333618,Cool Rover,LNG,USSPG,Sabine Pass,2023-11-06,2023-11-09,14,0.0,29.73,-93.87,4
IMO9333632,Tangguh Hiri,LNG,AUDAM,Dampier,2013-02-05,2013-02-08,0,0.0,-20.65,116.71,1
IMO9333632,Tangguh Hiri,LNG,AUDAM,Dampier,2013-02-11,2013-02-14,1,0.0,-20.65,116.71,3
IMO9333632,Tangguh Hiri,LNG,AUDAM,Dampier,2013-02-22,2013-02-25,14,0.0,-20.65,116.71,2
IMO9333632,Tangguh Hiri,LNG,AUDAM,Dampier,2013-02-28,2013-03-03,14,0.0,-20.65,116.71,4
IMO9333632,Tangguh Hiri,LNG,AUGLT,Gladstone,2019-11-26,2019-11-29,2459,1924.9,-23.84,151.26,5
IMO9333632,Tangguh Hiri,LNG,AUGLT,Gladstone,2019-12-13,2019-12-16,14,0.0,-23.84,151.26,6
IMO9333632,Tangguh Hiri,LNG,SGSIN,Singapore,2021-04-21,2021-04-24,492,3147.5,1.28,103.85,7
IMO9333632,Tangguh Hiri,LNG,SGSIN,Singapore,2021-05-08,2021-05-11,14,0.0,1.28,103.85,8
IMO9334076,Ejnan,LNG,QARLF,Ras Laffan,2020-11-17,2020-11-20,0,0.0,25.92,51.53,1
IMO9334076,Ejnan,LNG,QARLF,Ras Laffan,2020-12-04,2020-12-07,14,0.0,25.92,51.53,2
IMO9334284,Tangguh Batur,LNG,AUDAM,Dampier,2014-12-10,2014-12-13,0,0.0,-20.65,116.71,1
IMO9334284,Tangguh Batur,LNG,AUDAM,Dampier,2014-12-27,2014-12-30,14,0.0,-20.65,116.71,2
IMO9336737,Seapeak Methane,LNG,AUGLT,Gladstone,2015-05-15,2015-05-18,0,0.0,-23.84,151.26,1
IMO9336737,Seapeak Methane,LNG,AUGLT,Gladstone,2015-06-01,2015-06-04,14,0.0,-23.84,151.26,2
IMO9336737,Seapeak Methane,LNG,SGSIN,Singapore,2017-11-08,2017-11-11,888,3147.5,1.28,103.85,3
IMO9336737,Seapeak Methane,LNG,SGSIN,Singapore,2017-11-25,2017-11-28,14,0.0,1.28,103.85,4
IMO9336737,Seapeak Methane,LNG,AUGLT,Gladstone,2020-05-19,2020-05-22,903,3147.5,-23.84,151.26,5
IMO9336737,Seapeak Methane,LNG,AUGLT,Gladstone,2020-06-05,2020-06-08,14,0.0,-23.84,151.26,6
IMO9336737,Seapeak Methane,LNG,DZAZW,Arzew,2023-10-12,2023-10-15,1221,9168.8,35.85,-0.31,7
IMO9336737,Seapeak Methane,LNG,USSPG,Sabine Pass,2023-10-20,2023-10-23,1,4546.0,29.73,-93.87,9
IMO9336737,Seapeak Methane,LNG,DZAZW,Arzew,2023-10-29,2023-11-01,14,0.0,35.85,-0.31,8
IMO9336737,Seapeak Methane,LNG,USSPG,Sabine Pass,2023-11-06,2023-11-09,14,0.0,29.73,-93.87,10
IMO9336749,Seapeak Marib,LNG,QARLF,Ras Laffan,2015-12-09,2015-12-12,0,0.0,25.92,51.53,1
IMO9336749,Seapeak Marib,LNG,QARLF,Ras Laffan,2015-12-26,2015-12-29,14,0.0,25.92,51.53,2
IMO9336749,Seapeak Marib,LNG,AUGLT,Gladstone,2017-01-20,2017-01-23,388,6508.6,-23.84,151.26,3
IMO9336749,Seapeak Marib,LNG,AUGLT,Gladstone,2017-02-06,2017-02-09,14,0.0,-23.84,151.26,4
IMO9336749,Seapeak Marib,LNG,NGBON,Bonny,2017-09-29,2017-10-02,232,8427.2,4.45,7.16,5
IMO9336749,Seapeak Marib,LNG,NGBON,Bonny,2017-10-16,2017-10-19,14,0.0,4.45,7.16,6
IMO9336749,Seapeak Marib,LNG,QARLF,Ras Laffan,2018-10-26,2018-10-29,372,2855.1,25.92,51.53,7
IMO9336749,Seapeak Marib,LNG,QARLF,Ras Laffan,2018-11-12,2018-11-15,14,0.0,25.92,51.53,8
IMO9336749,Seapeak Marib,LNG,USSPG,Sabine Pass,2019-05-20,2019-05-23,186,6917.9,29.73,-93.87,9
IMO9336749,Seapeak Marib,LNG,USSPG,Sabine Pass,2019-06-06,2019-06-09,14,0.0,29.73,-93.87,10
IMO9336749,Seapeak Marib,LNG,USSPG,Sabine Pass,2019-10-31,2019-11-03,144,0.0,29.73,-93.87,11
IMO9336749,Seapeak Marib,LNG,USSPG,Sabine Pass,2019-11-17,2019-11-20,14,0.0,29.73,-93.87,12
IMO9336749,Seapeak Marib,LNG,QARLF,Ras Laffan,2021-08-04,2021-08-07,623,6917.9,25.92,51.53,13
IMO9336749,Seapeak Marib,LNG,QARLF,Ras Laffan,2021-08-21,2021-08-24,14,0.0,25.92,51.53,14
IMO9336749,Seapeak Marib,LNG,MYBTU,Bintulu,2022-04-12,2022-04-15,231,3787.3,3.2,113.04,15
IMO9336749,Seapeak Marib,LNG,MYBTU,Bintulu,2022-04-29,2022-05-02,14,0.0,3.2,113.04,16
IMO9336749,Seapeak Marib,LNG,QARLF,Ras Laffan,2022-05-31,2022-06-03,29,3787.3,25.92,51.53,17
IMO9336749,Seapeak Marib,LNG,QARLF,Ras Laffan,2022-06-17,2022-06-20,14,0.0,25.92,51.53,18
IMO9336971,Sienna,Tankers,NLRTM,Rotterdam,2019-10-30,2019-11-02,14,0.0,51.92,4.47,1
IMO9336971,Sienna,Tankers,NLRTM,Rotterdam,2020-02-04,2020-02-07,94,0.0,51.92,4.47,2
IMO9336971,Sienna,Tankers,SGSIN,Singapore,2020-02-21,2020-02-24,14,5689.2,1.28,103.85,3
IMO9336983,G8 St Nikolas,Tankers,AEFJR,Fujairah,2018-06-19,2018-06-22,0,0.0,25.13,56.34,1
IMO9336983,Sapphira,Tankers,SGSIN,Singapore,2018-10-16,2018-10-19,14,0.0,1.28,103.85,1
IMO9336983,Sapphira,Tankers,SGSIN,Singapore,2018-11-02,2018-11-05,14,0.0,1.28,103.85,2
IMO9336983,Sapphira,Tankers,SGSIN,Singapore,2018-11-19,2018-11-22,14,0.0,1.28,103.85,3
IMO9336983,Sapphira,Tankers,SARRT,Ras Tanura,2022-06-05,2022-06-08,1291,3444.8,26.65,50.16,4
IMO9336983,Sapphira,Tankers,AEFJR,Fujairah,2022-06-22,2022-06-25,14,346.0,25.13,56.34,5
IMO9337004,Aias,Tankers,NGBON,Bonny,2018-08-01,2018-08-04,0,0.0,4.45,7.16,1
IMO9337004,Aias,Tankers,SGSIN,Singapore,2018-08-18,2018-08-21,14,5798.0,1.28,103.85,2
IMO9337004,Aias,Tankers,CNRZH,Rizhao,2018-09-04,2018-09-07,14,2228.8,35.42,119.53,3
IMO9337004,Aias,Tankers,CNNGB,Ningbo-Zhoushan,2018-09-21,2018-09-24,14,348.5,29.87,121.55,4
IMO9337004,Ridgebury Judith,Tankers,SGSIN,Singapore,2021-02-23,2021-02-26,14,0.0,1.28,103.85,1
IMO9337004,Ridgebury Judith,Tankers,SGSIN,Singapore,2021-03-12,2021-03-15,14,0.0,1.28,103.85,2
IMO9337004,Ridgebury Judith,Tankers,SGSIN,Singapore,2021-03-29,2021-04-01,14,0.0,1.28,103.85,3
IMO9337004,RIDGEBURY JUDITH,Tankers,NGBON,Bonny,2023-04-27,2023-04-30,0,0.0,4.45,7.16,1
IMO9337016,Amoureux,Tankers,SGSIN,Singapore,2018-08-28,2018-08-31,14,0.0,1.28,103.85,1
IMO9337016,Amoureux,Tankers,CNNGB,Ningbo-Zhoushan,2018-09-14,2018-09-17,14,1991.7,29.87,121.55,2
IMO9337016,Amoureux,Tankers,SARRT,Ras Tanura,2020-01-21,2020-01-24,491,3717.6,26.65,50.16,3
IMO9337016,Amoureux,Tankers,SARRT,Ras Tanura,2020-02-13,2020-02-16,20,0.0,26.65,50.16,4
IMO9337016,Ridgebury Mary Jane,Tankers,CNNGB,Ningbo-Zhoushan,2021-06-29,2021-07-02,14,0.0,29.87,121.55,1
IMO9337016,Ridgebury Mary Jane,Tankers,DZAZW,Arzew,2022-06-19,2022-06-22,352,5676.8,35.85,-0.31,2
IMO9337016,Ridgebury Mary Jane,Tankers,DZAZW,Arzew,2022-10-21,2022-10-24,121,0.0,35.85,-0.31,3
IMO9337133,Bunga Kasturi Empat,Tankers,CNNGB,Ningbo-Zhoushan,2019-09-12,2019-09-15,14,0.0,29.87,121.55,1
IMO9337133,Bunga Kasturi Empat,Tankers,CNNGB,Ningbo-Zhoushan,2019-09-29,2019-10-02,14,0.0,29.87,121.55,2
IMO9337133,Bunga Kasturi Empat,Tankers,CNNGB,Ningbo-Zhoushan,2019-10-16,2019-10-19,14,0.0,29.87,121.55,3
IMO9337133,Bunga Kasturi Empat,Tankers,SARRT,Ras Tanura,2021-05-06,2021-05-09,565,3717.6,26.65,50.16,4
IMO9337157,Kokkari,Tankers,KWMFA,Mina Al Ahmadi,2021-03-03,2021-03-06,0,0.0,29.07,48.15,1
IMO9337157,Kokkari,Tankers,SGSIN,Singapore,2021-03-20,2021-03-23,14,3589.4,1.28,103.85,2
IMO9337157,Kokkari,Tankers,AEFJR,Fujairah,2023-06-30,2023-07-03,829,3099.3,25.13,56.34,3
IMO9337157,Kokkari,Tankers,SGSIN,Singapore,2023-07-17,2023-07-20,14,3099.3,1.28,103.85,4
IMO9337157,Kokkari,Tankers,KWMFA,Mina Al Ahmadi,2025-08-05,2025-08-08,747,3589.4,29.07,48.15,5
IMO9337157,Kokkari*,Tankers,INSIK,Sikka / Jamnagar,2025-08-25,2025-08-28,14,0.0,22.43,69.84,1
IMO9337171,Cospearl Lake,Tankers,SARRT,Ras Tanura,2019-06-28,2019-07-01,0,0.0,26.65,50.16,1
IMO9337171,Cospearl Lake,Tankers,KWMFA,Mina Al Ahmadi,2020-10-13,2020-10-16,470,180.3,29.07,48.15,2
IMO9337171,Cospearl Lake,Tankers,SARRT,Ras Tanura,2021-12-30,2022-01-02,440,180.3,26.65,50.16,3
IMO9337183,Cosjade Lake,Tankers,SARRT,Ras Tanura,2020-05-13,2020-05-16,0,0.0,26.65,50.16,1
IMO9337183,Cosjade Lake,Tankers,SAYNB,Yanbu,2026-04-13,2026-04-16,2158,673.9,24.09,38.06,2
IMO9337183,Cosjade Lake,Tankers,AEFJR,Fujairah,2026-06-11,2026-06-14,56,999.0,25.13,56.34,3
IMO9337183,Cosjade Lake,Tankers,AEFJR,Fujairah,2026-08-14,2026-08-17,61,0.0,25.13,56.34,4
IMO9337705,Al Gattara,LNG,QARLF,Ras Laffan,2019-06-24,2019-06-27,0,0.0,25.92,51.53,1
IMO9337705,Al Gattara,LNG,QARLF,Ras Laffan,2019-07-11,2019-07-14,14,0.0,25.92,51.53,2
IMO9337717,Al Gharrafa,LNG,USSPG,Sabine Pass,2019-11-11,2019-11-14,0,0.0,29.73,-93.87,1
IMO9337717,Al Gharrafa,LNG,USSPG,Sabine Pass,2019-11-28,2019-12-01,14,0.0,29.73,-93.87,2
IMO9337963,Al Safliya,LNG,USSPG,Sabine Pass,2019-05-20,2019-05-23,0,0.0,29.73,-93.87,1
IMO9337963,Al Safliya,LNG,USSPG,Sabine Pass,2019-06-06,2019-06-09,14,0.0,29.73,-93.87,2
IMO9338731,Matterhorn Explorer,LPG,USPOA,Port Arthur / Nederland,2019-05-23,2019-05-26,0,0.0,29.87,-93.93,1
IMO9338731,Matterhorn Explorer,LPG,USPOA,Port Arthur / Nederland,2019-09-19,2019-09-22,116,0.0,29.87,-93.93,2
IMO9338731,Matterhorn Explorer,LPG,USHOU,Houston,2023-01-12,2023-01-15,1208,70.2,29.74,-95.27,3
IMO9339123,Dom Explorer,LPG,AUDAM,Dampier,2020-11-05,2020-11-08,0,0.0,-20.65,116.71,1
IMO9339134,Beteigeuze,Dry Bulk,BRSSZ,Santos,2025-02-10,2025-02-13,0,0.0,-23.96,-46.33,1
IMO9339260,Seapeak Arwa,LNG,SGSIN,Singapore,2010-12-31,2011-01-03,0,0.0,1.28,103.85,1
IMO9339260,Seapeak Arwa,LNG,SGSIN,Singapore,2011-01-17,2011-01-20,14,0.0,1.28,103.85,2
IMO9339260,Seapeak Arwa,LNG,QARLF,Ras Laffan,2016-06-14,2016-06-17,1972,3361.5,25.92,51.53,3
IMO9339260,Seapeak Arwa,LNG,QARLF,Ras Laffan,2016-07-01,2016-07-04,14,0.0,25.92,51.53,4
IMO9339260,Seapeak Arwa,LNG,USSPG,Sabine Pass,2020-03-10,2020-03-13,1345,6917.9,29.73,-93.87,5
IMO9339260,Seapeak Arwa,LNG,USSPG,Sabine Pass,2020-03-27,2020-03-30,14,0.0,29.73,-93.87,6
IMO9339636,Tanker Spirit,Tankers,SGSIN,Singapore,2019-01-30,2019-02-02,14,0.0,1.28,103.85,1
IMO9339973,Taiga (UNIPEC),Tankers,SARRT,Ras Tanura,2021-06-07,2021-06-10,0,0.0,26.65,50.16,1
IMO9339973,Taiga,Tankers,SARRT,Ras Tanura,2021-09-15,2021-09-18,0,0.0,26.65,50.16,1
IMO9339973,Taiga,Tankers,CNJGT,Tangshan (Jingtang),2021-10-02,2021-10-05,14,3468.2,39.2,119.01,2
IMO9339997,Shizukisan,Tankers,SARRT,Ras Tanura,2020-07-27,2020-07-30,0,0.0,26.65,50.16,1
IMO9340921,Coral Orinda,LPG,USHOU,Houston,2021-12-09,2021-12-12,0,0.0,29.74,-95.27,1
IMO9341289,BW TBN,LPG,USHOU,Houston,2019-05-16,2019-05-19,0,0.0,29.74,-95.27,1
IMO9341289,BW TBN,LPG,NGBON,Bonny,2019-08-15,2019-08-18,88,5914.1,4.45,7.16,2
IMO9341289,BW Tbn,LPG,USHOU,Houston,2021-03-11,2021-03-14,0,0.0,29.74,-95.27,1
IMO9341289,BW TBN,LPG,USHOU,Houston,2021-10-21,2021-10-24,795,5914.1,29.74,-95.27,3
IMO9341289,BW TBN,LPG,USHOU,Houston,2021-10-28,2021-10-31,4,0.0,29.74,-95.27,4
IMO9341289,BW TBN,LPG,USHOU,Houston,2021-12-02,2021-12-05,32,0.0,29.74,-95.27,5
IMO9341289,BW TBN,LPG,USHOU,Houston,2022-07-07,2022-07-10,214,0.0,29.74,-95.27,6
IMO9341289,BW TBN,LPG,USHOU,Houston,2022-09-15,2022-09-18,67,0.0,29.74,-95.27,7
IMO9341289,BW TBN,LPG,USHOU,Houston,2022-11-10,2022-11-13,53,0.0,29.74,-95.27,8
IMO9341289,BW TBN,LPG,USHOU,Houston,2023-08-31,2023-09-03,291,0.0,29.74,-95.27,9
IMO9341289,BW TBN,LPG,USHOU,Houston,2023-09-21,2023-09-24,18,0.0,29.74,-95.27,10
IMO9341689,Lng Jupiter,LNG,SGSIN,Singapore,2013-05-14,2013-05-17,0,0.0,1.28,103.85,1
IMO9341689,Lng Jupiter,LNG,NOHFT,Hammerfest,2013-05-19,2013-05-22,1,5136.4,70.66,23.68,3
IMO9341689,Lng Jupiter,LNG,SGSIN,Singapore,2013-05-31,2013-06-03,14,0.0,1.28,103.85,2
IMO9341689,Lng Jupiter,LNG,NOHFT,Hammerfest,2013-06-05,2013-06-08,14,0.0,70.66,23.68,4
IMO9342487,Seapeak Magellan,LNG,QARLF,Ras Laffan,2010-12-31,2011-01-03,0,0.0,25.92,51.53,1
IMO9342487,Seapeak Magellan,LNG,QARLF,Ras Laffan,2011-01-17,2011-01-20,14,0.0,25.92,51.53,2
IMO9342487,Seapeak Magellan,LNG,AUGLT,Gladstone,2015-05-15,2015-05-18,1576,6508.6,-23.84,151.26,3
IMO9342487,Seapeak Magellan,LNG,AUGLT,Gladstone,2015-06-01,2015-06-04,14,0.0,-23.84,151.26,4
IMO9342487,Seapeak Magellan,LNG,AUGLT,Gladstone,2016-10-27,2016-10-30,511,0.0,-23.84,151.26,5
IMO9342487,Seapeak Magellan,LNG,AUGLT,Gladstone,2016-11-13,2016-11-16,14,0.0,-23.84,151.26,6
IMO9342487,Seapeak Magellan,LNG,NGBON,Bonny,2019-04-11,2019-04-14,876,8427.2,4.45,7.16,7
IMO9342487,Seapeak Magellan,LNG,NGBON,Bonny,2019-04-28,2019-05-01,14,0.0,4.45,7.16,8
IMO9342511,BW Balder,LPG,NGBON,Bonny,2019-07-18,2019-07-21,0,0.0,4.45,7.16,1
IMO9342511,BW Balder,LPG,NGBON,Bonny,2021-08-12,2021-08-15,753,0.0,4.45,7.16,2
IMO9342511,BW Balder,LPG,USHOU,Houston,2021-10-28,2021-10-31,74,5914.1,29.74,-95.27,3
IMO9342511,BW Balder,LPG,USHOU,Houston,2022-04-28,2022-05-01,179,0.0,29.74,-95.27,4
IMO9342511,BW Balder,LPG,USHOU,Houston,2022-07-07,2022-07-10,67,0.0,29.74,-95.27,5
IMO9342511,BW Balder,LPG,USHOU,Houston,2022-11-04,2022-11-07,117,0.0,29.74,-95.27,6
IMO9343390,Tenjun,Tankers,SAYNB,Yanbu,2020-01-20,2020-01-23,0,0.0,24.09,38.06,1
IMO9343390,Tenjun,Tankers,KWMFA,Mina Al Ahmadi,2020-09-21,2020-09-24,242,618.4,29.07,48.15,2
IMO9343390,Tenjun,Tankers,SARRT,Ras Tanura,2024-10-22,2024-10-25,1489,180.3,26.65,50.16,3
IMO9346167,RIDGEBURY MARY JANE,Tankers,SGSIN,Singapore,2021-02-26,2021-03-01,14,0.0,1.28,103.85,1
IMO9346952,Hakata,Tankers,CNNGB,Ningbo-Zhoushan,2022-01-27,2022-01-30,14,0.0,29.87,121.55,1
IMO9346952,Hakata,Tankers,JPCHB,Chiba,2022-02-13,2022-02-16,14,996.1,35.6,140.1,2
IMO9346952,Hakata,Tankers,AEFJR,Fujairah,2022-09-12,2022-09-15,208,4256.8,25.13,56.34,3
IMO9346952,Hakata,Tankers,JPCHB,Chiba,2022-09-29,2022-10-02,14,4256.8,35.6,140.1,4
IMO9346952,Ashoka*,Tankers,INSIK,Sikka / Jamnagar,2025-09-29,2025-10-02,14,0.0,22.43,69.84,1
IMO9346952,Ashoka,Tankers,INSIK,Sikka / Jamnagar,2025-11-10,2025-11-13,14,0.0,22.43,69.84,1
IMO9346952,Ashoka,Tankers,SAYNB,Yanbu,2026-06-02,2026-06-05,201,1752.1,24.09,38.06,2
IMO9347907,Astomos Earth,LPG,USHOU,Houston,2022-03-17,2022-03-20,0,0.0,29.74,-95.27,1
IMO9347907,Astomos Earth,LPG,USHOU,Houston,2022-03-24,2022-03-27,4,0.0,29.74,-95.27,2
IMO9347907,Astomos Earth,LPG,USHOU,Houston,2022-08-19,2022-08-22,145,0.0,29.74,-95.27,3
IMO9347907,Astomos Earth,LPG,USHOU,Houston,2023-11-16,2023-11-19,451,0.0,29.74,-95.27,4
IMO9349007,Tangguh Foja,LNG,SGSIN,Singapore,2012-11-20,2012-11-23,0,0.0,1.28,103.85,1
IMO9349007,Tangguh Foja,LNG,SGSIN,Singapore,2012-12-07,2012-12-10,14,0.0,1.28,103.85,2
IMO9349007,Tangguh Foja,LNG,AUGLT,Gladstone,2016-11-22,2016-11-25,1443,3147.5,-23.84,151.26,3
IMO9349007,Tangguh Foja,LNG,AUGLT,Gladstone,2016-12-09,2016-12-12,14,0.0,-23.84,151.26,4
IMO9350290,BW Loyalty,LPG,SARRT,Ras Tanura,2022-07-01,2022-07-04,0,0.0,26.65,50.16,1
IMO9350290,BW Loyalty,LPG,SARRT,Ras Tanura,2023-08-03,2023-08-06,395,0.0,26.65,50.16,2
IMO9350290,BW Loyalty,LPG,QARLF,Ras Laffan,2023-11-09,2023-11-12,95,85.8,25.92,51.53,3
IMO9350290,BW Loyalty,LPG,QARLF,Ras Laffan,2023-12-21,2023-12-24,39,0.0,25.92,51.53,4
IMO9352559,Eurovictory,Tankers,KWMFA,Mina Al Ahmadi,2021-09-01,2021-09-04,0,0.0,29.07,48.15,1
IMO9352559,Eurovictory,Tankers,SARRT,Ras Tanura,2023-01-19,2023-01-22,502,180.3,26.65,50.16,2
IMO9352559,Eurovictory,Tankers,INSIK,Sikka / Jamnagar,2023-02-05,2023-02-08,14,1103.0,22.43,69.84,3
IMO9352559,Eurovictory,Tankers,SAYNB,Yanbu,2024-03-04,2024-03-07,390,1752.1,24.09,38.06,4
IMO9352559,Eurovictory,Tankers,SAYNB,Yanbu,2024-07-02,2024-07-05,117,0.0,24.09,38.06,5
IMO9352860,Gaslog Savannah,LNG,AUGLT,Gladstone,2017-04-28,2017-05-01,0,0.0,-23.84,151.26,1
IMO9352860,Gaslog Savannah,LNG,AUGLT,Gladstone,2017-05-15,2017-05-18,14,0.0,-23.84,151.26,2
IMO9352860,Gaslog Savannah,LNG,QARLF,Ras Laffan,2017-09-11,2017-09-14,116,6508.6,25.92,51.53,3
IMO9352860,Gaslog Savannah,LNG,USSPG,Sabine Pass,2017-09-22,2017-09-25,1,6917.9,29.73,-93.87,5
IMO9352860,Gaslog Savannah,LNG,QARLF,Ras Laffan,2017-09-28,2017-10-01,14,0.0,25.92,51.53,4
IMO9352860,Gaslog Savannah,LNG,USSPG,Sabine Pass,2017-10-09,2017-10-12,14,0.0,29.73,-93.87,6
IMO9352860,Gaslog Savannah,LNG,SGSIN,Singapore,2018-01-10,2018-01-13,90,8686.4,1.28,103.85,7
IMO9352860,Gaslog Savannah,LNG,SGSIN,Singapore,2018-01-27,2018-01-30,14,0.0,1.28,103.85,8
IMO9352860,Gaslog Savannah,LNG,AUGLT,Gladstone,2019-01-08,2019-01-11,343,3147.5,-23.84,151.26,9
IMO9352860,Gaslog Savannah,LNG,AUGLT,Gladstone,2019-01-25,2019-01-28,14,0.0,-23.84,151.26,10
IMO9352860,Gaslog Savannah,LNG,SGSIN,Singapore,2019-08-13,2019-08-16,197,3147.5,1.28,103.85,11
IMO9352860,Gaslog Savannah,LNG,SGSIN,Singapore,2019-08-30,2019-09-02,14,0.0,1.28,103.85,12
IMO9352860,Gaslog Savannah,LNG,USCMR,Cameron / Lake Charles,2019-12-05,2019-12-08,94,8678.6,30.22,-93.22,13
IMO9352860,Gaslog Savannah,LNG,USCMR,Cameron / Lake Charles,2019-12-22,2019-12-25,14,0.0,30.22,-93.22,14
IMO9352860,Gaslog Savannah,LNG,SGSIN,Singapore,2020-08-24,2020-08-27,243,8678.6,1.28,103.85,15
IMO9352860,Gaslog Savannah,LNG,SGSIN,Singapore,2020-09-10,2020-09-13,14,0.0,1.28,103.85,16
IMO9352860,Gaslog Savannah,LNG,QARLF,Ras Laffan,2021-03-16,2021-03-19,184,3361.5,25.92,51.53,17
IMO9352860,Gaslog Savannah,LNG,QARLF,Ras Laffan,2021-04-02,2021-04-05,14,0.0,25.92,51.53,18
IMO9352860,Gaslog Savannah,LNG,SGSIN,Singapore,2023-02-23,2023-02-26,689,3361.5,1.28,103.85,19
IMO9352860,Gaslog Savannah,LNG,SGSIN,Singapore,2023-03-12,2023-03-15,14,0.0,1.28,103.85,20
IMO9352860,Gaslog Savannah,LNG,AUDRW,Darwin,2023-05-16,2023-05-19,62,1807.8,-12.46,130.84,21
IMO9352860,Gaslog Savannah,LNG,AUDRW,Darwin,2023-06-02,2023-06-05,14,0.0,-12.46,130.84,22
IMO9353797,Front Endurance,Tankers,SARRT,Ras Tanura,2020-03-04,2020-03-07,0,0.0,26.65,50.16,1
IMO9353797,Front Endurance o/o,Tankers,SGSIN,Singapore,2021-09-15,2021-09-18,14,0.0,1.28,103.85,1
IMO9355356,Coral Sticho,LPG,NLRTM,Rotterdam,2023-10-12,2023-10-15,0,0.0,51.92,4.47,1
IMO9355379,Tangguh Palung,LNG,SGSIN,Singapore,2023-01-31,2023-02-03,0,0.0,1.28,103.85,1
IMO9355379,Tangguh Palung,LNG,SGSIN,Singapore,2023-02-17,2023-02-20,14,0.0,1.28,103.85,2
IMO9355379,Tangguh Palung,LNG,QARLF,Ras Laffan,2023-09-11,2023-09-14,203,3361.5,25.92,51.53,3
IMO9355379,Tangguh Palung,LNG,QARLF,Ras Laffan,2023-09-28,2023-10-01,14,0.0,25.92,51.53,4
IMO9355532,YASA EAGLE,Dry Bulk,BRSSZ,Santos,2025-02-04,2025-02-07,0,0.0,-23.96,-46.33,1
IMO9355604,Gaslog Singapore,LNG,AUGLT,Gladstone,2019-07-10,2019-07-13,0,0.0,-23.84,151.26,1
IMO9355604,Gaslog Singapore,LNG,AUGLT,Gladstone,2019-07-27,2019-07-30,14,0.0,-23.84,151.26,2
IMO9355604,Gaslog Singapore,LNG,MYBTU,Bintulu,2019-09-20,2019-09-23,52,2760.6,3.2,113.04,3
IMO9355604,Gaslog Singapore,LNG,MYBTU,Bintulu,2019-10-07,2019-10-10,14,0.0,3.2,113.04,4
IMO9355604,Gaslog Singapore,LNG,QARLF,Ras Laffan,2020-05-29,2020-06-01,232,3787.3,25.92,51.53,5
IMO9355604,Gaslog Singapore,LNG,QARLF,Ras Laffan,2020-06-15,2020-06-18,14,0.0,25.92,51.53,6
IMO9355604,Gaslog Singapore,LNG,NGBON,Bonny,2020-07-24,2020-07-27,36,2855.1,4.45,7.16,7
IMO9355604,Gaslog Singapore,LNG,NGBON,Bonny,2020-08-10,2020-08-13,14,0.0,4.45,7.16,8
IMO9355604,Gaslog Singapore,LNG,SGSIN,Singapore,2021-06-09,2021-06-12,300,5798.0,1.28,103.85,9
IMO9355604,Gaslog Singapore,LNG,SGSIN,Singapore,2021-06-26,2021-06-29,14,0.0,1.28,103.85,10
IMO9355604,Gaslog Singapore,LNG,SGSIN,Singapore,2022-03-10,2022-03-13,254,0.0,1.28,103.85,11
IMO9355604,Gaslog Singapore,LNG,SGSIN,Singapore,2022-03-27,2022-03-30,14,0.0,1.28,103.85,12
IMO9355604,Gaslog Singapore,LNG,SGSIN,Singapore,2023-03-28,2023-03-31,363,0.0,1.28,103.85,13
IMO9355604,Gaslog Singapore,LNG,SGSIN,Singapore,2023-04-14,2023-04-17,14,0.0,1.28,103.85,14
IMO9357127,BHARI TBN,Tankers,INSIK,Sikka / Jamnagar,2021-04-20,2021-04-23,14,0.0,22.43,69.84,1
IMO9358280,Noble,Tankers,CNNGB,Ningbo-Zhoushan,2020-08-28,2020-08-31,14,0.0,29.87,121.55,1
IMO9358280,Noble,Tankers,SARRT,Ras Tanura,2021-09-14,2021-09-17,379,3717.6,26.65,50.16,2
IMO9358280,Plata Carrier,Tankers,SARRT,Ras Tanura,2024-08-20,2024-08-23,0,0.0,26.65,50.16,1
IMO9358280,Plata Carrier o/o,Tankers,SARRT,Ras Tanura,2024-09-24,2024-09-27,0,0.0,26.65,50.16,1
IMO9358280,Plata Carrier o/o,Tankers,INSIK,Sikka / Jamnagar,2024-10-11,2024-10-14,14,1103.0,22.43,69.84,2
IMO9358280,Plata Carrier,Tankers,SARRT,Ras Tanura,2026-02-25,2026-02-28,551,0.0,26.65,50.16,2
IMO9358280,Noble,Tankers,SAYNB,Yanbu,2026-04-22,2026-04-25,1678,673.9,24.09,38.06,3
IMO9358280,Noble,Tankers,AEFJR,Fujairah,2026-06-25,2026-06-28,61,999.0,25.13,56.34,4
IMO9358292,Newton,Tankers,SARRT,Ras Tanura,2020-03-11,2020-03-14,0,0.0,26.65,50.16,1
IMO9358292,Newton,Tankers,CNNGB,Ningbo-Zhoushan,2020-03-28,2020-03-31,14,3717.6,29.87,121.55,2
IMO9359478,Lubara,LPG,AUDAM,Dampier,2021-11-04,2021-11-07,0,0.0,-20.65,116.71,1
IMO9359478,Lubara,LPG,USHOU,Houston,2022-01-07,2022-01-10,61,8993.1,29.74,-95.27,2
IMO9359478,Lubara,LPG,USHOU,Houston,2023-10-12,2023-10-15,640,0.0,29.74,-95.27,3
IMO9359478,Lubara,LPG,SAYNB,Yanbu,2024-01-04,2024-01-07,81,6602.3,24.09,38.06,4
IMO9360855,Al Sahla,LNG,QARLF,Ras Laffan,2019-12-02,2019-12-05,0,0.0,25.92,51.53,1
IMO9360855,Al Sahla,LNG,QARLF,Ras Laffan,2019-12-19,2019-12-22,14,0.0,25.92,51.53,2
IMO9360893,Al Shamal,LNG,SGSIN,Singapore,2010-12-31,2011-01-03,0,0.0,1.28,103.85,1
IMO9360893,Al Shamal,LNG,SGSIN,Singapore,2011-01-17,2011-01-20,14,0.0,1.28,103.85,2
IMO9360908,Al Khuwair,LNG,SGSIN,Singapore,2010-12-31,2011-01-03,0,0.0,1.28,103.85,1
IMO9360908,Al Khuwair,LNG,SGSIN,Singapore,2011-01-17,2011-01-20,14,0.0,1.28,103.85,2
IMO9361079,Explorer,LNG,QARLF,Ras Laffan,2012-11-15,2012-11-18,0,0.0,25.92,51.53,1
IMO9361079,Explorer,LNG,QARLF,Ras Laffan,2012-12-02,2012-12-05,14,0.0,25.92,51.53,2
IMO9361079,Explorer,LNG,SGSIN,Singapore,2012-12-19,2012-12-22,14,3361.5,1.28,103.85,3
IMO9361079,Explorer,LNG,SARRT,Ras Tanura,2018-05-15,2018-05-18,1970,3444.8,26.65,50.16,4
IMO9361079,Explorer,LNG,SGSIN,Singapore,2018-06-01,2018-06-04,14,3444.8,1.28,103.85,5
IMO9361079,Explorer,LNG,NLRTM,Rotterdam,2018-06-18,2018-06-21,14,5689.2,51.92,4.47,6
IMO9361079,Explorer,LNG,SGSIN,Singapore,2018-07-05,2018-07-08,14,5689.2,1.28,103.85,7
IMO9361079,Explorer,LNG,SGSIN,Singapore,2018-07-22,2018-07-25,14,0.0,1.28,103.85,8
IMO9361079,Explorer,LNG,CNNGB,Ningbo-Zhoushan,2018-08-08,2018-08-11,14,1991.7,29.87,121.55,9
IMO9361079,Explorer,LNG,DZAZW,Arzew,2022-07-22,2022-07-25,1441,5676.8,35.85,-0.31,10
IMO9361079,Explorer,LNG,SGSIN,Singapore,2022-08-08,2022-08-11,14,6044.3,1.28,103.85,11
IMO9361079,Explorer,LNG,CNNGB,Ningbo-Zhoushan,2022-08-25,2022-08-28,14,1991.7,29.87,121.55,12
IMO9361079,Explorer,LNG,CNNGB,Ningbo-Zhoushan,2022-09-11,2022-09-14,14,0.0,29.87,121.55,13
IMO9361079,Explorer,LNG,DZAZW,Arzew,2024-10-16,2024-10-19,763,5676.8,35.85,-0.31,14
IMO9361445,Express,LNG,QARLF,Ras Laffan,2017-07-27,2017-07-30,0,0.0,25.92,51.53,1
IMO9361445,Express,LNG,QARLF,Ras Laffan,2017-08-13,2017-08-16,14,0.0,25.92,51.53,2
IMO9361445,Express,LNG,QARLF,Ras Laffan,2017-10-04,2017-10-07,49,0.0,25.92,51.53,3
IMO9361445,Express,LNG,QARLF,Ras Laffan,2017-10-21,2017-10-24,14,0.0,25.92,51.53,4
IMO9361445,Express,LNG,QARLF,Ras Laffan,2018-05-21,2018-05-24,209,0.0,25.92,51.53,5
IMO9361445,Express,LNG,QARLF,Ras Laffan,2018-05-30,2018-06-02,1,0.0,25.92,51.53,7
IMO9361445,Express,LNG,QARLF,Ras Laffan,2018-06-07,2018-06-10,14,0.0,25.92,51.53,6
IMO9361445,Express,LNG,QARLF,Ras Laffan,2018-06-16,2018-06-19,14,0.0,25.92,51.53,8
IMO9361639,Spirit Of Hela,LNG,SGSIN,Singapore,2010-08-16,2010-08-19,0,0.0,1.28,103.85,1
IMO9361639,Spirit Of Hela,LNG,SGSIN,Singapore,2010-09-02,2010-09-05,14,0.0,1.28,103.85,2
IMO9361639,Spirit Of Hela,LNG,AEFJR,Fujairah,2012-09-12,2012-09-15,738,3099.3,25.13,56.34,3
IMO9361639,Spirit Of Hela,LNG,AEFJR,Fujairah,2012-09-29,2012-10-02,14,0.0,25.13,56.34,4
IMO9361639,Spirit Of Hela,LNG,CNQDG,Qingdao,2021-11-05,2021-11-08,3321,3312.7,36.08,120.32,5
IMO9361639,Spirit Of Hela,LNG,CNQDG,Qingdao,2021-11-22,2021-11-25,14,0.0,36.08,120.32,6
IMO9361903,Navigator Eclipse,LPG,USHOU,Houston,2019-08-15,2019-08-18,0,0.0,29.74,-95.27,1
IMO9361903,Navigator Eclipse,LPG,INSIK,Sikka / Jamnagar,2019-09-01,2019-09-04,14,7559.1,22.43,69.84,2
IMO9361990,Tangguh Sago,LNG,AUDRW,Darwin,2016-11-21,2016-11-24,0,0.0,-12.46,130.84,1
IMO9361990,Tangguh Sago,LNG,AUDRW,Darwin,2016-12-08,2016-12-11,14,0.0,-12.46,130.84,2
IMO9361990,Tangguh Sago,LNG,AUGLT,Gladstone,2021-11-23,2021-11-26,1808,1347.9,-23.84,151.26,3
IMO9361990,Tangguh Sago,LNG,AUGLT,Gladstone,2021-12-10,2021-12-13,14,0.0,-23.84,151.26,4
IMO9361990,Tangguh Sago,LNG,AUGLT,Gladstone,2023-05-09,2023-05-12,512,0.0,-23.84,151.26,5
IMO9361990,Tangguh Sago,LNG,AUGLT,Gladstone,2023-05-26,2023-05-29,14,0.0,-23.84,151.26,6
IMO9362877,Yakumosan (KOCH),Tankers,SARRT,Ras Tanura,2021-05-11,2021-05-14,0,0.0,26.65,50.16,1
IMO9365752,Marbat,Tankers,SARRT,Ras Tanura,2021-01-04,2021-01-07,0,0.0,26.65,50.16,1
IMO9365752,Marbat (SHELL),Tankers,CNNGB,Ningbo-Zhoushan,2021-02-19,2021-02-22,14,0.0,29.87,121.55,1
IMO9365752,Marbat,Tankers,SARRT,Ras Tanura,2021-05-18,2021-05-21,131,0.0,26.65,50.16,2
IMO9365764,Manah,Tankers,SARRT,Ras Tanura,2020-06-11,2020-06-14,0,0.0,26.65,50.16,1
IMO9365764,Manah,Tankers,CNNGB,Ningbo-Zhoushan,2020-06-28,2020-07-01,14,3717.6,29.87,121.55,2
IMO9365764,Manah,Tankers,SARRT,Ras Tanura,2022-08-24,2022-08-27,784,3717.6,26.65,50.16,3
IMO9365776,Mazyonah,Tankers,SARRT,Ras Tanura,2022-02-18,2022-02-21,0,0.0,26.65,50.16,1
IMO9367321,ULTRA LEOPARD,Dry Bulk,AEFJR,Fujairah,2025-02-05,2025-02-08,0,0.0,25.13,56.34,1
IMO9368302,Bw Batangas,LNG,NGBON,Bonny,2017-06-05,2017-06-08,0,0.0,4.45,7.16,1
IMO9368302,Bw Batangas,LNG,NGBON,Bonny,2017-06-22,2017-06-25,14,0.0,4.45,7.16,2
IMO9368302,Bw Batangas,LNG,QARLF,Ras Laffan,2017-09-11,2017-09-14,78,2855.1,25.92,51.53,3
IMO9368302,Bw Batangas,LNG,QARLF,Ras Laffan,2017-09-28,2017-10-01,14,0.0,25.92,51.53,4
IMO9368302,Bw Batangas,LNG,QARLF,Ras Laffan,2020-01-24,2020-01-27,845,0.0,25.92,51.53,7
IMO9368302,Bw Batangas,LNG,QARLF,Ras Laffan,2020-02-10,2020-02-13,14,0.0,25.92,51.53,8
IMO9368302,Bw Batangas,LNG,AUGLT,Gladstone,2020-11-12,2020-11-15,273,6508.6,-23.84,151.26,9
IMO9368302,Bw Batangas,LNG,AUGLT,Gladstone,2020-11-29,2020-12-02,14,0.0,-23.84,151.26,10
IMO9368302,Bw Batangas,LNG,NGBON,Bonny,2021-03-15,2021-03-18,103,8427.2,4.45,7.16,11
IMO9368302,Bw Batangas,LNG,NGBON,Bonny,2021-04-01,2021-04-04,14,0.0,4.45,7.16,12
IMO9368302,Bw Batangas,LNG,USCMR,Cameron / Lake Charles,2021-04-14,2021-04-17,10,5804.2,30.22,-93.22,13
IMO9368302,Bw Batangas,LNG,USCMR,Cameron / Lake Charles,2021-05-01,2021-05-04,14,0.0,30.22,-93.22,14
IMO9368302,Bw Batangas,LNG,QARLF,Ras Laffan,2022-04-12,2022-04-15,343,6874.5,25.92,51.53,15
IMO9368302,Bw Batangas,LNG,QARLF,Ras Laffan,2022-04-29,2022-05-02,14,0.0,25.92,51.53,16
IMO9368314,BW Brussels,LNG,QARLF,Ras Laffan,2017-09-11,2017-09-14,0,0.0,25.92,51.53,1
IMO9368314,BW Brussels,LNG,QARLF,Ras Laffan,2017-09-28,2017-10-01,14,0.0,25.92,51.53,2
IMO9368314,BW Brussels,LNG,QARLF,Ras Laffan,2019-04-24,2019-04-27,570,0.0,25.92,51.53,3
IMO9368314,BW Brussels,LNG,QARLF,Ras Laffan,2019-05-11,2019-05-14,14,0.0,25.92,51.53,4
IMO9368314,BW Brussels,LNG,SGSIN,Singapore,2019-06-13,2019-06-16,30,3361.5,1.28,103.85,5
IMO9368314,BW Brussels,LNG,SGSIN,Singapore,2019-06-30,2019-07-03,14,0.0,1.28,103.85,6
IMO9369899,Woodside Donaldson,LNG,SGSIN,Singapore,2010-12-31,2011-01-03,0,0.0,1.28,103.85,1
IMO9369899,Woodside Donaldson,LNG,SGSIN,Singapore,2011-01-17,2011-01-20,14,0.0,1.28,103.85,2
IMO9369904,Seapeak Meridian,LNG,NOHFT,Hammerfest,2010-12-31,2011-01-03,0,0.0,70.66,23.68,1
IMO9369904,Seapeak Meridian,LNG,NOHFT,Hammerfest,2011-01-17,2011-01-20,14,0.0,70.66,23.68,2
IMO9369904,Seapeak Meridian,LNG,NLRTM,Rotterdam,2016-07-12,2016-07-15,2000,1241.2,51.92,4.47,3
IMO9369904,Seapeak Meridian,LNG,NLRTM,Rotterdam,2016-07-29,2016-08-01,14,0.0,51.92,4.47,4
IMO9369904,Seapeak Meridian,LNG,USSPG,Sabine Pass,2017-08-25,2017-08-28,389,4309.7,29.73,-93.87,5
IMO9369904,Seapeak Meridian,LNG,USSPG,Sabine Pass,2017-09-11,2017-09-14,14,0.0,29.73,-93.87,6
IMO9369904,Seapeak Meridian,LNG,USSPG,Sabine Pass,2020-12-17,2020-12-20,1190,0.0,29.73,-93.87,7
IMO9369904,Seapeak Meridian,LNG,USSPG,Sabine Pass,2021-01-03,2021-01-06,14,0.0,29.73,-93.87,8
IMO9371593,Desh Viraat,Tankers,SARRT,Ras Tanura,2020-03-16,2020-03-19,0,0.0,26.65,50.16,1
IMO9371593,Desh Viraat,Tankers,SARRT,Ras Tanura,2020-04-08,2020-04-11,20,0.0,26.65,50.16,2
IMO9371593,Desh Viraat,Tankers,SARRT,Ras Tanura,2020-11-25,2020-11-28,228,0.0,26.65,50.16,3
IMO9371593,Desh Viraat,Tankers,SARRT,Ras Tanura,2024-02-27,2024-03-01,1186,0.0,26.65,50.16,4
IMO9371593,Desh Viraat,Tankers,KWMFA,Mina Al Ahmadi,2024-06-18,2024-06-21,109,180.3,29.07,48.15,5
IMO9371593,Desh Viraat O/O,Tankers,INSIK,Sikka / Jamnagar,2024-10-11,2024-10-14,14,0.0,22.43,69.84,1
IMO9371593,Desh Viraat,Tankers,KWMFA,Mina Al Ahmadi,2025-08-11,2025-08-14,416,0.0,29.07,48.15,6
IMO9371608,Nave Photon,Tankers,KRUSN,Ulsan,2019-04-16,2019-04-19,14,0.0,35.5,129.38,1
IMO9371608,Nave Photon,Tankers,AEFJR,Fujairah,2022-12-02,2022-12-05,1323,3753.1,25.13,56.34,2
IMO9371749,Desh Vishal,Tankers,SARRT,Ras Tanura,2020-01-02,2020-01-05,0,0.0,26.65,50.16,1
IMO9371749,Desh Vishal,Tankers,KWMFA,Mina Al Ahmadi,2020-03-10,2020-03-13,65,180.3,29.07,48.15,2
IMO9371749,Desh Vishal,Tankers,KWMFA,Mina Al Ahmadi,2020-05-06,2020-05-09,54,0.0,29.07,48.15,3
IMO9371749,Desh Vishal,Tankers,SARRT,Ras Tanura,2020-08-19,2020-08-22,102,180.3,26.65,50.16,4
IMO9371749,Desh Vishal,Tankers,SARRT,Ras Tanura,2020-08-28,2020-08-31,6,0.0,26.65,50.16,5
IMO9371749,Desh Vishal,Tankers,INSIK,Sikka / Jamnagar,2020-09-14,2020-09-17,14,1103.0,22.43,69.84,6
IMO9371749,Desh Vishal,Tankers,KWMFA,Mina Al Ahmadi,2020-10-09,2020-10-12,22,1236.5,29.07,48.15,7
IMO9371749,Desh Vishal,Tankers,KWMFA,Mina Al Ahmadi,2020-11-12,2020-11-15,31,0.0,29.07,48.15,8
IMO9371749,Desh Vishal,Tankers,INSIK,Sikka / Jamnagar,2020-11-29,2020-12-02,14,1236.5,22.43,69.84,9
IMO9371749,Desh Vishal,Tankers,INSIK,Sikka / Jamnagar,2020-12-16,2020-12-19,14,0.0,22.43,69.84,10
IMO9371749,Desh Vishal,Tankers,INSIK,Sikka / Jamnagar,2021-01-02,2021-01-05,14,0.0,22.43,69.84,11
IMO9371749,Desh Vishal,Tankers,INSIK,Sikka / Jamnagar,2021-01-19,2021-01-22,14,0.0,22.43,69.84,12
IMO9371749,Desh Vishal o/o,Tankers,SARRT,Ras Tanura,2021-07-19,2021-07-22,0,0.0,26.65,50.16,1
IMO9371749,Desh Vishal,Tankers,SARRT,Ras Tanura,2021-09-17,2021-09-20,238,1103.0,26.65,50.16,13
IMO9371749,Desh Vishal,Tankers,INSIK,Sikka / Jamnagar,2021-10-04,2021-10-07,14,1103.0,22.43,69.84,14
IMO9371749,Desh Vishal,Tankers,KWMFA,Mina Al Ahmadi,2021-10-14,2021-10-17,7,1236.5,29.07,48.15,15
IMO9371749,Desh Vishal,Tankers,INSIK,Sikka / Jamnagar,2021-10-31,2021-11-03,14,1236.5,22.43,69.84,16
IMO9371749,Desh Vishal,Tankers,INSIK,Sikka / Jamnagar,2021-11-17,2021-11-20,14,0.0,22.43,69.84,17
IMO9371749,Desh Vishal,Tankers,KWMFA,Mina Al Ahmadi,2021-12-22,2021-12-25,32,1236.5,29.07,48.15,18
IMO9371749,Desh Vishal,Tankers,INSIK,Sikka / Jamnagar,2022-01-08,2022-01-11,14,1236.5,22.43,69.84,19
IMO9371749,Desh Vishal,Tankers,KWMFA,Mina Al Ahmadi,2022-05-13,2022-05-16,122,1236.5,29.07,48.15,20
IMO9371749,Desh Vishal,Tankers,KWMFA,Mina Al Ahmadi,2022-07-11,2022-07-14,56,0.0,29.07,48.15,21
IMO9371749,Desh Vishal,Tankers,INSIK,Sikka / Jamnagar,2022-07-28,2022-07-31,14,1236.5,22.43,69.84,22
IMO9371749,Desh Vishal,Tankers,INSIK,Sikka / Jamnagar,2022-08-14,2022-08-17,14,0.0,22.43,69.84,23
IMO9371749,Desh Vishal,Tankers,SARRT,Ras Tanura,2022-08-18,2022-08-21,1,1103.0,26.65,50.16,24
IMO9371749,Desh Vishal,Tankers,INSIK,Sikka / Jamnagar,2022-09-04,2022-09-07,14,1103.0,22.43,69.84,25
IMO9371749,Desh Vishal,Tankers,INSIK,Sikka / Jamnagar,2022-09-21,2022-09-24,14,0.0,22.43,69.84,26
IMO9371749,Desh Vishal,Tankers,KWMFA,Mina Al Ahmadi,2023-09-28,2023-10-01,369,1236.5,29.07,48.15,27
IMO9371749,Desh Vishal,Tankers,INSIK,Sikka / Jamnagar,2023-10-15,2023-10-18,14,1236.5,22.43,69.84,28
IMO9371749,Desh Vishal,Tankers,INSIK,Sikka / Jamnagar,2023-11-01,2023-11-04,14,0.0,22.43,69.84,29
IMO9371749,Desh Vishal,Tankers,SARRT,Ras Tanura,2026-01-07,2026-01-10,795,1103.0,26.65,50.16,30
IMO9371749,Desh Vishal,Tankers,SAYNB,Yanbu,2026-05-29,2026-06-01,139,673.9,24.09,38.06,31
IMO9371749,Desh Vishal,Tankers,AEFJR,Fujairah,2026-07-10,2026-07-13,39,999.0,25.13,56.34,32
IMO9371752,Karoline N,LPG,USPOA,Port Arthur / Nederland,2019-08-08,2019-08-11,0,0.0,29.87,-93.93,1
IMO9372999,Hyundai Ecopia,LNG,AEFJR,Fujairah,2012-05-14,2012-05-17,0,0.0,25.13,56.34,1
IMO9372999,Hyundai Ecopia,LNG,AEFJR,Fujairah,2012-05-31,2012-06-03,14,0.0,25.13,56.34,2
IMO9373010,K. Mugungwha,LNG,USSPG,Sabine Pass,2019-05-13,2019-05-16,0,0.0,29.73,-93.87,1
IMO9373010,K. Mugungwha,LNG,USSPG,Sabine Pass,2019-05-30,2019-06-02,14,0.0,29.73,-93.87,2
IMO9375238,Ocean Loyalty,Tankers,SARRT,Ras Tanura,2024-05-22,2024-05-25,0,0.0,26.65,50.16,1
IMO9375721,Point Fortin,LNG,NGBON,Bonny,2017-09-11,2017-09-14,0,0.0,4.45,7.16,1
IMO9375721,Point Fortin,LNG,NGBON,Bonny,2017-09-28,2017-10-01,14,0.0,4.45,7.16,2
IMO9376102,Front Tweed O/o,Tankers,AEFJR,Fujairah,2026-08-21,2026-08-24,0,0.0,25.13,56.34,1
IMO9376751,Nave Spherical,Tankers,KRUSN,Ulsan,2019-08-06,2019-08-09,14,0.0,35.5,129.38,1
IMO9376751,Nave Spherical,Tankers,KRUSN,Ulsan,2019-08-23,2019-08-26,14,0.0,35.5,129.38,2
IMO9376751,Nave Spherical,Tankers,SARRT,Ras Tanura,2020-08-27,2020-08-30,367,4000.9,26.65,50.16,3
IMO9376751,Nave Spherical,Tankers,SARRT,Ras Tanura,2023-05-30,2023-06-02,1003,0.0,26.65,50.16,4
IMO9376751,Asian Lion,Tankers,AEFJR,Fujairah,2026-03-25,2026-03-28,0,0.0,25.13,56.34,1
IMO9376751,Asian Lion,Tankers,SGSIN,Singapore,2026-04-11,2026-04-14,14,3099.3,1.28,103.85,2
IMO9376878,Hakkaisan,Tankers,INSIK,Sikka / Jamnagar,2026-06-23,2026-06-26,14,0.0,22.43,69.84,1
IMO9377418,Felix,Tankers,KWMFA,Mina Al Ahmadi,2024-01-24,2024-01-27,0,0.0,29.07,48.15,1
IMO9377420,Hirado,Tankers,SARRT,Ras Tanura,2023-11-14,2023-11-17,0,0.0,26.65,50.16,1
IMO9377664,Dancing Brave,LPG,SAYNB,Yanbu,2019-06-13,2019-06-16,14,0.0,24.09,38.06,1
IMO9378278,Coral Fraseri,LNG,SGSIN,Singapore,2019-07-25,2019-07-28,0,0.0,1.28,103.85,1
IMO9378278,Coral Fraseri,LNG,SGSIN,Singapore,2019-08-11,2019-08-14,14,0.0,1.28,103.85,2
IMO9378280,Coral Favia,LNG,MYBTU,Bintulu,2015-08-31,2015-09-03,0,0.0,3.2,113.04,1
IMO9378280,Coral Favia,LNG,MYBTU,Bintulu,2015-09-17,2015-09-20,14,0.0,3.2,113.04,2
IMO9378369,Tianlong Spirit,Tankers,SGSIN,Singapore,2018-02-12,2018-02-15,14,0.0,1.28,103.85,1
IMO9378369,Tianlong Spirit,Tankers,NLRTM,Rotterdam,2018-03-01,2018-03-04,14,5689.2,51.92,4.47,2
IMO9378369,Tianlong Spirit,Tankers,ZASDB,Saldanha Bay,2018-03-18,2018-03-21,14,5149.0,-33.02,17.95,3
IMO9378369,Tianlong Spirit,Tankers,NLRTM,Rotterdam,2018-04-04,2018-04-07,14,5149.0,51.92,4.47,4
IMO9378369,Tianlong Spirit,Tankers,SARRT,Ras Tanura,2021-11-18,2021-11-21,1321,2547.4,26.65,50.16,5
IMO9378369,Tianlong Spirit,Tankers,DZAZW,Arzew,2022-03-17,2022-03-20,116,2619.7,35.85,-0.31,6
IMO9378369,Tianlong Spirit,Tankers,SAYNB,Yanbu,2023-04-17,2023-04-20,393,2101.2,24.09,38.06,7
IMO9378369,Tianlong Spirit,Tankers,CNNGB,Ningbo-Zhoushan,2023-05-04,2023-05-07,14,4380.6,29.87,121.55,8
IMO9378369,Tianlong,Tankers,AEFJR,Fujairah,2026-02-25,2026-02-28,0,0.0,25.13,56.34,1
IMO9378369,Tianlong,Tankers,AEFJR,Fujairah,2026-08-18,2026-08-21,171,0.0,25.13,56.34,2
IMO9378541,Jaham,Tankers,CNNGB,Ningbo-Zhoushan,2021-09-30,2021-10-03,14,0.0,29.87,121.55,1
IMO9378864,Gladiator,Tankers,ZASDB,Saldanha Bay,2018-06-13,2018-06-16,14,0.0,-33.02,17.95,1
IMO9378864,Gladiator,Tankers,SARRT,Ras Tanura,2020-08-18,2020-08-21,794,4026.8,26.65,50.16,2
IMO9378864,Gladiator,Tankers,CNNGB,Ningbo-Zhoushan,2020-09-04,2020-09-07,14,3717.6,29.87,121.55,3
IMO9378864,Gladiator,Tankers,INSIK,Sikka / Jamnagar,2020-09-21,2020-09-24,14,2799.7,22.43,69.84,4
IMO9378864,Gladiator,Tankers,SARRT,Ras Tanura,2022-02-15,2022-02-18,509,1103.0,26.65,50.16,5
IMO9378864,Gladiator,Tankers,SARRT,Ras Tanura,2025-11-21,2025-11-24,1372,0.0,26.65,50.16,6
IMO9378864,Gladiator,Tankers,INSIK,Sikka / Jamnagar,2025-12-08,2025-12-11,14,1103.0,22.43,69.84,7
IMO9378876,Samurai,Tankers,QARLF,Ras Laffan,2018-07-24,2018-07-27,0,0.0,25.92,51.53,1
IMO9378876,Samurai Oo,Tankers,SGSIN,Singapore,2018-11-02,2018-11-05,0,0.0,1.28,103.85,1
IMO9378876,Samurai,Tankers,SARRT,Ras Tanura,2020-02-11,2020-02-14,564,85.8,26.65,50.16,2
IMO9378876,Samurai,Tankers,CNNGB,Ningbo-Zhoushan,2020-02-28,2020-03-02,14,3717.6,29.87,121.55,3
IMO9378876,Samurai,Tankers,SGSIN,Singapore,2022-08-18,2022-08-21,899,1991.7,1.28,103.85,4
IMO9378876,Samurai,Tankers,AEFJR,Fujairah,2022-10-19,2022-10-22,59,3099.3,25.13,56.34,5
IMO9378876,Samurai,Tankers,CNQDG,Qingdao,2022-11-05,2022-11-08,14,3312.7,36.08,120.32,6
IMO9378876,Samurai,Tankers,KWMFA,Mina Al Ahmadi,2023-05-22,2023-05-25,195,3592.8,29.07,48.15,7
IMO9378876,Samurai,Tankers,SARRT,Ras Tanura,2024-01-18,2024-01-21,238,180.3,26.65,50.16,8
IMO9378876,Samurai,Tankers,SARRT,Ras Tanura,2024-01-23,2024-01-26,2,0.0,26.65,50.16,9
IMO9379208,Jiaolong Spirit,Tankers,NLRTM,Rotterdam,2018-08-06,2018-08-09,0,0.0,51.92,4.47,1
IMO9379208,Jiaolong Spirit,Tankers,SGSIN,Singapore,2018-08-23,2018-08-26,14,5689.2,1.28,103.85,2
IMO9379208,Jiaolong Spirit,Tankers,SGSIN,Singapore,2018-09-09,2018-09-12,14,0.0,1.28,103.85,3
IMO9379208,Jiaolong Spirit,Tankers,USBPT,Beaumont,2020-03-25,2020-03-28,560,8662.2,30.08,-94.1,4
IMO9379208,Jiaolong Spirit,Tankers,SARRT,Ras Tanura,2020-11-05,2020-11-08,222,6830.3,26.65,50.16,5
IMO9379208,Jiaolong Spirit,Tankers,USCRP,Corpus Christi,2023-02-08,2023-02-11,822,7039.6,27.81,-97.39,6
IMO9379210,Shenlong Spirit,Tankers,SGSIN,Singapore,2018-10-03,2018-10-06,14,0.0,1.28,103.85,1
IMO9379210,Shenlong Spirit,Tankers,ZASDB,Saldanha Bay,2018-10-20,2018-10-23,14,5239.3,-33.02,17.95,2
IMO9379210,Shenlong Spirit,Tankers,USCRP,Corpus Christi,2021-08-09,2021-08-12,1021,7497.0,27.81,-97.39,3
IMO9379210,Shenlong Spirit,Tankers,CNNGB,Ningbo-Zhoushan,2021-08-26,2021-08-29,14,6686.1,29.87,121.55,4
IMO9379210,Shenlong Spirit,Tankers,DZAZW,Arzew,2024-04-25,2024-04-28,970,5676.8,35.85,-0.31,5
IMO9379210,Shenlong Spirit,Tankers,SARRT,Ras Tanura,2024-08-23,2024-08-26,117,2619.7,26.65,50.16,6
IMO9379698,Advantage Virtue (SHELL),Tankers,CNNGB,Ningbo-Zhoushan,2020-09-18,2020-09-21,14,0.0,29.87,121.55,1
IMO9379698,Advantage Virtue,Tankers,SARRT,Ras Tanura,2022-12-12,2022-12-15,0,0.0,26.65,50.16,1
IMO9379703,New Talisman,Tankers,SARRT,Ras Tanura,2020-12-02,2020-12-05,0,0.0,26.65,50.16,1
IMO9379715,New Dragon,Tankers,AEFJR,Fujairah,2026-07-15,2026-07-18,0,0.0,25.13,56.34,1
IMO9379715,New Dragon,Tankers,AEFJR,Fujairah,2026-08-12,2026-08-15,25,0.0,25.13,56.34,2
IMO9380349,Navigator Oberon ,LPG,USHOU,Houston,2020-11-19,2020-11-22,0,0.0,29.74,-95.27,1
IMO9380349,Navigator Oberon,LPG,USHOU,Houston,2022-10-20,2022-10-23,0,0.0,29.74,-95.27,1
IMO9380675,Levant,LPG,QARLF,Ras Laffan,2020-06-04,2020-06-07,0,0.0,25.92,51.53,1
IMO9380675,Levant,LPG,QARLF,Ras Laffan,2020-07-16,2020-07-19,39,0.0,25.92,51.53,2
IMO9380675,Levant,LPG,USHOU,Houston,2021-10-14,2021-10-17,452,6958.0,29.74,-95.27,3
IMO9380675,Levant,LPG,USHOU,Houston,2022-01-07,2022-01-10,82,0.0,29.74,-95.27,4
IMO9380675,Levant,LPG,USHOU,Houston,2022-03-31,2022-04-03,80,0.0,29.74,-95.27,5
IMO9380738,Cap Felix Pc,Tankers,SGSIN,Singapore,2018-11-09,2018-11-12,14,0.0,1.28,103.85,1
IMO9380738,Cap Felix,Tankers,CNNGB,Ningbo-Zhoushan,2020-05-06,2020-05-09,14,0.0,29.87,121.55,1
IMO9380740,Cap Theodora,Tankers,NLRTM,Rotterdam,2020-04-14,2020-04-17,0,0.0,51.92,4.47,1
IMO9380740,Cap Theodora,Tankers,SGSIN,Singapore,2020-05-01,2020-05-04,14,5689.2,1.28,103.85,2
IMO9380740,Cap Theodora,Tankers,CNQDG,Qingdao,2020-05-18,2020-05-21,14,2281.6,36.08,120.32,3
IMO9380740,Cap Theodora,Tankers,SARRT,Ras Tanura,2021-05-04,2021-05-07,348,3565.3,26.65,50.16,4
IMO9380740,Cap Theodora,Tankers,SGSIN,Singapore,2023-12-11,2023-12-14,948,3444.8,1.28,103.85,5
IMO9380740,Cap Theodora,Tankers,DZAZW,Arzew,2024-10-21,2024-10-24,312,6044.3,35.85,-0.31,6
IMO9380740,Cap Theodora,Tankers,SGSIN,Singapore,2024-11-07,2024-11-10,14,6044.3,1.28,103.85,7
IMO9380893,17 February,Tankers,SGSIN,Singapore,2018-02-07,2018-02-10,14,0.0,1.28,103.85,1
IMO9380893,17 February,Tankers,SARRT,Ras Tanura,2018-10-24,2018-10-27,256,3444.8,26.65,50.16,2
IMO9380893,17 February,Tankers,QARLF,Ras Laffan,2020-04-01,2020-04-04,522,85.8,25.92,51.53,3
IMO9380893,17 February,Tankers,KWMFA,Mina Al Ahmadi,2020-04-22,2020-04-25,18,261.1,29.07,48.15,4
IMO9380893,17 February,Tankers,CNQDG,Qingdao,2020-05-09,2020-05-12,14,3592.8,36.08,120.32,5
IMO9380893,17 February,Tankers,SGSIN,Singapore,2020-05-26,2020-05-29,14,2281.6,1.28,103.85,6
IMO9380893,17 February,Tankers,USCRP,Corpus Christi,2021-09-01,2021-09-04,460,8673.9,27.81,-97.39,7
IMO9380893,Suez Protopia,Tankers,RUPRI,Primorsk,2023-05-08,2023-05-11,0,0.0,60.36,28.61,1
IMO9380893,Suez Protopia,Tankers,RUPRI,Primorsk,2025-07-15,2025-07-18,796,0.0,60.36,28.61,2
IMO9380893,Suez Protopia,Tankers,INSIK,Sikka / Jamnagar,2025-08-01,2025-08-04,14,2852.7,22.43,69.84,3
IMO9381134,Exquisite,LNG,AEFJR,Fujairah,2012-02-23,2012-02-26,0,0.0,25.13,56.34,1
IMO9381134,Exquisite,LNG,AEFJR,Fujairah,2012-03-11,2012-03-14,14,0.0,25.13,56.34,2
IMO9381134,Exquisite,LNG,QARLF,Ras Laffan,2012-11-15,2012-11-18,246,264.9,25.92,51.53,3
IMO9381134,Exquisite,LNG,QARLF,Ras Laffan,2012-12-02,2012-12-05,14,0.0,25.92,51.53,4
IMO9381134,Exquisite,LNG,QARLF,Ras Laffan,2014-07-30,2014-08-02,602,0.0,25.92,51.53,5
IMO9381134,Exquisite,LNG,QARLF,Ras Laffan,2014-08-16,2014-08-19,14,0.0,25.92,51.53,6
IMO9381720,New Coral,Tankers,SARRT,Ras Tanura,2019-10-21,2019-10-24,0,0.0,26.65,50.16,1
IMO9381720,Skopelos*,Tankers,QARLF,Ras Laffan,2025-03-27,2025-03-30,0,0.0,25.92,51.53,1
IMO9382251,Gas Leo,LPG,USHOU,Houston,2023-02-09,2023-02-12,0,0.0,29.74,-95.27,1
IMO9383900,Stena Crystal Sky,LNG,QARLF,Ras Laffan,2015-11-12,2015-11-15,0,0.0,25.92,51.53,1
IMO9383900,Stena Crystal Sky,LNG,AUGLT,Gladstone,2015-11-23,2015-11-26,1,6508.6,-23.84,151.26,3
IMO9383900,Stena Crystal Sky,LNG,QARLF,Ras Laffan,2015-11-29,2015-12-02,14,0.0,25.92,51.53,2
IMO9383900,Stena Crystal Sky,LNG,AUGLT,Gladstone,2015-12-10,2015-12-13,14,0.0,-23.84,151.26,4
IMO9383900,Stena Crystal Sky,LNG,QARLF,Ras Laffan,2016-04-26,2016-04-29,135,6508.6,25.92,51.53,5
IMO9383900,Stena Crystal Sky,LNG,QARLF,Ras Laffan,2016-05-13,2016-05-16,14,0.0,25.92,51.53,6
IMO9383900,Stena Crystal Sky,LNG,USSPG,Sabine Pass,2018-10-02,2018-10-05,869,6917.9,29.73,-93.87,7
IMO9383900,Stena Crystal Sky,LNG,USSPG,Sabine Pass,2018-10-19,2018-10-22,14,0.0,29.73,-93.87,8
IMO9384198,Manifa,Tankers,SARRT,Ras Tanura,2019-09-16,2019-09-19,0,0.0,26.65,50.16,1
IMO9384203,Shaybah,Tankers,CNNGB,Ningbo-Zhoushan,2020-05-25,2020-05-28,14,0.0,29.87,121.55,1
IMO9384203,Shaybah,Tankers,CNNGB,Ningbo-Zhoushan,2020-06-11,2020-06-14,14,0.0,29.87,121.55,2
IMO9384203,Shaybah,Tankers,CNNGB,Ningbo-Zhoushan,2020-06-28,2020-07-01,14,0.0,29.87,121.55,3
IMO9384203,Rain Cubic*,Tankers,SAYNB,Yanbu,2026-07-22,2026-07-25,0,0.0,24.09,38.06,1
IMO9384215,Khuzama,Tankers,CNNGB,Ningbo-Zhoushan,2020-02-11,2020-02-14,14,0.0,29.87,121.55,1
IMO9384215,Khuzama,Tankers,CNNGB,Ningbo-Zhoushan,2020-02-28,2020-03-02,14,0.0,29.87,121.55,2
IMO9384215,Khuzama,Tankers,CNNGB,Ningbo-Zhoushan,2020-03-16,2020-03-19,14,0.0,29.87,121.55,3
IMO9384215,Khuzama,Tankers,CNNGB,Ningbo-Zhoushan,2020-04-02,2020-04-05,14,0.0,29.87,121.55,4
IMO9384227,Jaladi,Tankers,CNNGB,Ningbo-Zhoushan,2022-12-21,2022-12-24,14,0.0,29.87,121.55,1
IMO9384590,Front Kathrine,Tankers,SARRT,Ras Tanura,2020-03-10,2020-03-13,0,0.0,26.65,50.16,1
IMO9384590,Front Kathrine,Tankers,INSIK,Sikka / Jamnagar,2020-03-27,2020-03-30,14,1103.0,22.43,69.84,2
IMO9384590,Front Kathrine,Tankers,KWMFA,Mina Al Ahmadi,2021-12-23,2021-12-26,633,1236.5,29.07,48.15,3
IMO9384590,Plata Glory,Tankers,CNNGB,Ningbo-Zhoushan,2024-08-20,2024-08-23,14,0.0,29.87,121.55,1
IMO9384605,Front Queen,Tankers,NLRTM,Rotterdam,2022-08-04,2022-08-07,14,0.0,51.92,4.47,1
IMO9384605,Front Queen,Tankers,CNNGB,Ningbo-Zhoushan,2022-08-21,2022-08-24,14,4890.7,29.87,121.55,2
IMO9384605,Front Queen,Tankers,INSIK,Sikka / Jamnagar,2022-09-07,2022-09-10,14,2799.7,22.43,69.84,3
IMO9384617,Nave Galactic,Tankers,CNNGB,Ningbo-Zhoushan,2020-05-20,2020-05-23,14,0.0,29.87,121.55,1
IMO9384617,Nave Galactic,Tankers,CNNGB,Ningbo-Zhoushan,2020-06-06,2020-06-09,14,0.0,29.87,121.55,2
IMO9384617,Nave Galactic,Tankers,SGSIN,Singapore,2020-06-23,2020-06-26,14,1991.7,1.28,103.85,3
IMO9384617,Nave Galactic,Tankers,CNNGB,Ningbo-Zhoushan,2020-07-10,2020-07-13,14,1991.7,29.87,121.55,4
IMO9384617,Nave Galactic,Tankers,SARRT,Ras Tanura,2024-04-12,2024-04-15,1369,3717.6,26.65,50.16,5
IMO9384617,Nave Galactic*,Tankers,KWMFA,Mina Al Ahmadi,2024-10-28,2024-10-31,0,0.0,29.07,48.15,1
IMO9384617,Nave Galactic,Tankers,SARRT,Ras Tanura,2025-02-21,2025-02-24,312,0.0,26.65,50.16,6
IMO9384617,Nave Galactic,Tankers,SGSIN,Singapore,2025-03-10,2025-03-13,14,3444.8,1.28,103.85,7
IMO9384617,Nave Galactic,Tankers,AEFJR,Fujairah,2026-05-12,2026-05-15,425,3099.3,25.13,56.34,8
IMO9384617,Nave Galactic,Tankers,SGSIN,Singapore,2026-05-29,2026-06-01,14,3099.3,1.28,103.85,9
IMO9385037,Dht Lotus,Tankers,KRUSN,Ulsan,2019-10-09,2019-10-12,14,0.0,35.5,129.38,1
IMO9385037,Dht Lotus,Tankers,CNNGB,Ningbo-Zhoushan,2019-10-26,2019-10-29,14,520.1,29.87,121.55,2
IMO9385037,Dht Lotus,Tankers,AEFJR,Fujairah,2022-07-28,2022-07-31,1003,3438.5,25.13,56.34,3
IMO9385037,Long Wind,Tankers,KWMFA,Mina Al Ahmadi,2025-11-03,2025-11-06,0,0.0,29.07,48.15,1
IMO9385037,Long Wind*,Tankers,SARRT,Ras Tanura,2026-02-11,2026-02-14,0,0.0,26.65,50.16,1
IMO9385192,Pinnacle Spirit,Tankers,DZAZW,Arzew,2022-11-17,2022-11-20,0,0.0,35.85,-0.31,1
IMO9385192,Pinnacle Spirit,Tankers,NLRTM,Rotterdam,2022-12-04,2022-12-07,14,986.2,51.92,4.47,2
IMO9385673,Neptune,LNG,QARLF,Ras Laffan,2020-02-16,2020-02-19,0,0.0,25.92,51.53,1
IMO9385673,Neptune,LNG,QARLF,Ras Laffan,2020-03-04,2020-03-07,14,0.0,25.92,51.53,2
IMO9385685,Gas Alkhaleej,LPG,SAYNB,Yanbu,2022-12-16,2022-12-19,0,0.0,24.09,38.06,1
IMO9385685,Gas Alkhaleej,LPG,SAYNB,Yanbu,2023-04-21,2023-04-24,123,0.0,24.09,38.06,2
IMO9385685,Gas Alkhaleej,LPG,SAYNB,Yanbu,2023-12-21,2023-12-24,241,0.0,24.09,38.06,3
IMO9385843,Dht Peony (TRAFIGURA),Tankers,CNNGB,Ningbo-Zhoushan,2021-04-27,2021-04-30,14,0.0,29.87,121.55,1
IMO9385843,Dht Peony,Tankers,SAYNB,Yanbu,2022-03-28,2022-03-31,0,0.0,24.09,38.06,1
IMO9385843,Dht Peony,Tankers,INSIK,Sikka / Jamnagar,2022-04-14,2022-04-17,14,1752.1,22.43,69.84,2
IMO9386938,Kassab,Tankers,CNNGB,Ningbo-Zhoushan,2019-08-05,2019-08-08,14,0.0,29.87,121.55,1
IMO9386938,Kassab,Tankers,SARRT,Ras Tanura,2019-10-10,2019-10-13,63,3717.6,26.65,50.16,2
IMO9386938,Kassab,Tankers,CNNGB,Ningbo-Zhoushan,2019-10-27,2019-10-30,14,3717.6,29.87,121.55,3
IMO9386938,Kassab,Tankers,CNNGB,Ningbo-Zhoushan,2019-11-13,2019-11-16,14,0.0,29.87,121.55,4
IMO9386938,Kassab,Tankers,KRUSN,Ulsan,2019-11-30,2019-12-03,14,520.1,35.5,129.38,5
IMO9386938,Kassab,Tankers,SARRT,Ras Tanura,2025-07-24,2025-07-27,2060,4000.9,26.65,50.16,6
IMO9386938,Kassab,Tankers,CNQDG,Qingdao,2025-08-10,2025-08-13,14,3565.3,36.08,120.32,7
IMO9387267,Tsushima,Tankers,CNNGB,Ningbo-Zhoushan,2022-02-15,2022-02-18,14,0.0,29.87,121.55,1
IMO9387267,Eurotrader,Tankers,KWMFA,Mina Al Ahmadi,2022-12-02,2022-12-05,0,0.0,29.07,48.15,1
IMO9387267,Eurotrader,Tankers,AEFJR,Fujairah,2024-10-16,2024-10-19,681,497.4,25.13,56.34,2
IMO9387267,Eurotrader,Tankers,AEFJR,Fujairah,2025-05-13,2025-05-16,206,0.0,25.13,56.34,3
IMO9387566,Ioanna,Tankers,SGSIN,Singapore,2020-05-14,2020-05-17,0,0.0,1.28,103.85,1
IMO9387566,Ioanna,Tankers,SARRT,Ras Tanura,2020-06-01,2020-06-04,15,3444.8,26.65,50.16,2
IMO9387566,Ioanna,Tankers,KWMFA,Mina Al Ahmadi,2020-07-22,2020-07-25,48,180.3,29.07,48.15,3
IMO9387566,Ioanna,Tankers,KWMFA,Mina Al Ahmadi,2021-03-17,2021-03-20,235,0.0,29.07,48.15,4
IMO9387566,Ioanna,Tankers,INSIK,Sikka / Jamnagar,2021-04-03,2021-04-06,14,1236.5,22.43,69.84,5
IMO9387566,Ioanna,Tankers,SARRT,Ras Tanura,2023-12-19,2023-12-22,987,1103.0,26.65,50.16,6
IMO9387566,Ioanna,Tankers,SARRT,Ras Tanura,2024-05-24,2024-05-27,154,0.0,26.65,50.16,7
IMO9387566,Ioanna,Tankers,INSIK,Sikka / Jamnagar,2024-06-10,2024-06-13,14,1103.0,22.43,69.84,8
IMO9387566,Ioanna,Tankers,INSIK,Sikka / Jamnagar,2024-06-27,2024-06-30,14,0.0,22.43,69.84,9
IMO9387566,Ioanna,Tankers,KWMFA,Mina Al Ahmadi,2025-11-20,2025-11-23,508,1236.5,29.07,48.15,10
IMO9387566,Ioanna,Tankers,SGSIN,Singapore,2025-12-07,2025-12-10,14,3589.4,1.28,103.85,11
IMO9387566,Ioanna O/O,Tankers,INSIK,Sikka / Jamnagar,2026-01-13,2026-01-16,14,0.0,22.43,69.84,1
IMO9387578,Eliza,Tankers,SGSIN,Singapore,2020-09-18,2020-09-21,14,0.0,1.28,103.85,1
IMO9387578,Eliza,Tankers,SARRT,Ras Tanura,2021-07-29,2021-08-01,311,3444.8,26.65,50.16,2
IMO9387578,Eliza,Tankers,INSIK,Sikka / Jamnagar,2021-08-15,2021-08-18,14,1103.0,22.43,69.84,3
IMO9387578,Eliza,Tankers,INSIK,Sikka / Jamnagar,2021-09-01,2021-09-04,14,0.0,22.43,69.84,4
IMO9387578,Eliza,Tankers,INSIK,Sikka / Jamnagar,2021-09-18,2021-09-21,14,0.0,22.43,69.84,5
IMO9387578,Eliza,Tankers,SGSIN,Singapore,2021-10-05,2021-10-08,14,2355.7,1.28,103.85,6
IMO9387578,Eliza,Tankers,SARRT,Ras Tanura,2024-03-01,2024-03-04,875,3444.8,26.65,50.16,7
IMO9387578,Eliza,Tankers,INSIK,Sikka / Jamnagar,2024-03-18,2024-03-21,14,1103.0,22.43,69.84,8
IMO9387578,Eliza,Tankers,SGSIN,Singapore,2024-04-04,2024-04-07,14,2355.7,1.28,103.85,9
IMO9387578,Eliza,Tankers,SGSIN,Singapore,2024-04-21,2024-04-24,14,0.0,1.28,103.85,10
IMO9387578,Eliza,Tankers,SARRT,Ras Tanura,2025-08-25,2025-08-28,488,3444.8,26.65,50.16,11
IMO9387578,Eliza,Tankers,KWMFA,Mina Al Ahmadi,2025-09-11,2025-09-14,14,180.3,29.07,48.15,12
IMO9387828,E1 relet,LPG,USHOU,Houston,2021-07-01,2021-07-04,0,0.0,29.74,-95.27,1
IMO9388109,Gas al Negeh,LPG,QARLF,Ras Laffan,2021-07-22,2021-07-25,0,0.0,25.92,51.53,1
IMO9388109,Gas Al Negeh,LPG,SAYNB,Yanbu,2022-09-01,2022-09-04,0,0.0,24.09,38.06,1
IMO9388109,Gas al Negeh,LPG,SAYNB,Yanbu,2023-12-01,2023-12-04,859,740.8,24.09,38.06,2
IMO9389019,Maran Capricorn,Tankers,INSIK,Sikka / Jamnagar,2019-06-07,2019-06-10,14,0.0,22.43,69.84,1
IMO9389019,Maran Capricorn,Tankers,SARRT,Ras Tanura,2019-09-26,2019-09-29,108,1103.0,26.65,50.16,2
IMO9389019,Maran Capricorn,Tankers,NLRTM,Rotterdam,2019-10-13,2019-10-16,14,2547.4,51.92,4.47,3
IMO9389019,Maran Capricorn,Tankers,INSIK,Sikka / Jamnagar,2019-10-30,2019-11-02,14,3449.7,22.43,69.84,4
IMO9389019,Maran Capricorn,Tankers,KWMFA,Mina Al Ahmadi,2021-10-11,2021-10-14,709,1236.5,29.07,48.15,5
IMO9389019,Maran Capricorn,Tankers,SARRT,Ras Tanura,2024-03-12,2024-03-15,880,180.3,26.65,50.16,6
IMO9389019,Maran Capricorn,Tankers,CNNGB,Ningbo-Zhoushan,2024-03-29,2024-04-01,14,3717.6,29.87,121.55,7
IMO9389021,Marina,Tankers,NGBON,Bonny,2019-08-07,2019-08-10,0,0.0,4.45,7.16,1
IMO9389021,Marina,Tankers,KWMFA,Mina Al Ahmadi,2019-10-18,2019-10-21,69,2758.1,29.07,48.15,2
IMO9389021,Marina,Tankers,AEFJR,Fujairah,2019-11-19,2019-11-22,29,497.4,25.13,56.34,3
IMO9389021,Marina,Tankers,SARRT,Ras Tanura,2021-07-13,2021-07-16,599,346.0,26.65,50.16,4
IMO9389021,Marina,Tankers,SARRT,Ras Tanura,2021-12-13,2021-12-16,150,0.0,26.65,50.16,5
IMO9389021,Marina,Tankers,KWMFA,Mina Al Ahmadi,2022-05-19,2022-05-22,154,180.3,29.07,48.15,6
IMO9389021,Marina,Tankers,INSIK,Sikka / Jamnagar,2022-06-05,2022-06-08,14,1236.5,22.43,69.84,7
IMO9389021,Marina,Tankers,INSIK,Sikka / Jamnagar,2022-06-22,2022-06-25,14,0.0,22.43,69.84,8
IMO9389021,Marina,Tankers,SARRT,Ras Tanura,2022-12-12,2022-12-15,170,1103.0,26.65,50.16,9
IMO9389021,Marina,Tankers,KWMFA,Mina Al Ahmadi,2023-01-09,2023-01-12,25,180.3,29.07,48.15,10
IMO9389021,Marina,Tankers,SGSIN,Singapore,2023-01-26,2023-01-29,14,3589.4,1.28,103.85,11
IMO9389021,Marina,Tankers,SARRT,Ras Tanura,2024-05-27,2024-05-30,484,3444.8,26.65,50.16,12
IMO9389021,Marina,Tankers,AEFJR,Fujairah,2024-06-13,2024-06-16,14,346.0,25.13,56.34,14
IMO9389021,Marina,Tankers,KWMFA,Mina Al Ahmadi,2024-12-16,2024-12-19,183,497.4,29.07,48.15,15
IMO9389021,Marina,Tankers,KWMFA,Mina Al Ahmadi,2025-11-06,2025-11-09,322,0.0,29.07,48.15,16
IMO9389021,Marina,Tankers,SARRT,Ras Tanura,2025-12-18,2025-12-21,39,180.3,26.65,50.16,17
IMO9389021,Marina,Tankers,INSIK,Sikka / Jamnagar,2026-01-04,2026-01-07,14,1103.0,22.43,69.84,18
IMO9389033,Georgios,Tankers,INSIK,Sikka / Jamnagar,2020-03-09,2020-03-12,14,0.0,22.43,69.84,1
IMO9389033,Georgios,Tankers,SARRT,Ras Tanura,2020-03-11,2020-03-14,1,1103.0,26.65,50.16,2
IMO9389033,Georgios,Tankers,CNNGB,Ningbo-Zhoushan,2020-03-28,2020-03-31,14,3717.6,29.87,121.55,3
IMO9389033,Georgios,Tankers,SGSIN,Singapore,2020-04-14,2020-04-17,14,1991.7,1.28,103.85,4
IMO9389033,Georgios (SHELL),Tankers,CNNGB,Ningbo-Zhoushan,2021-07-02,2021-07-05,14,0.0,29.87,121.55,1
IMO9389033,Georgios,Tankers,KWMFA,Mina Al Ahmadi,2022-09-05,2022-09-08,871,3589.4,29.07,48.15,5
IMO9389033,Georgios,Tankers,SGSIN,Singapore,2022-09-22,2022-09-25,14,3589.4,1.28,103.85,6
IMO9389033,Georgios,Tankers,SGSIN,Singapore,2024-06-28,2024-07-01,642,0.0,1.28,103.85,7
IMO9389033,Georgios,Tankers,KWMFA,Mina Al Ahmadi,2025-10-29,2025-11-01,485,3589.4,29.07,48.15,8
IMO9389033,Georgios,Tankers,KWMFA,Mina Al Ahmadi,2025-12-10,2025-12-13,39,0.0,29.07,48.15,9
IMO9389100,Myrtos,Tankers,INSIK,Sikka / Jamnagar,2023-07-17,2023-07-20,14,0.0,22.43,69.84,1
IMO9389253,Astro Chloe,Tankers,CNNGB,Ningbo-Zhoushan,2021-10-18,2021-10-21,14,0.0,29.87,121.55,1
IMO9389253,Astro Chloe,Tankers,SGSIN,Singapore,2021-11-04,2021-11-07,14,1991.7,1.28,103.85,2
IMO9389265,Caesar,Tankers,SGSIN,Singapore,2019-04-21,2019-04-24,14,0.0,1.28,103.85,1
IMO9389265,Caesar,Tankers,SGSIN,Singapore,2019-05-08,2019-05-11,14,0.0,1.28,103.85,2
IMO9389265,Caesar,Tankers,CNNGB,Ningbo-Zhoushan,2019-05-25,2019-05-28,14,1991.7,29.87,121.55,3
IMO9389265,Caesar,Tankers,CNNGB,Ningbo-Zhoushan,2019-06-11,2019-06-14,14,0.0,29.87,121.55,4
IMO9389265,Caesar,Tankers,CNNGB,Ningbo-Zhoushan,2019-06-28,2019-07-01,14,0.0,29.87,121.55,5
IMO9389265,Caesar,Tankers,CNNGB,Ningbo-Zhoushan,2019-07-15,2019-07-18,14,0.0,29.87,121.55,6
IMO9389265,Caesar,Tankers,KRUSN,Ulsan,2019-08-01,2019-08-04,14,520.1,35.5,129.38,7
IMO9389265,Caesar,Tankers,SGSIN,Singapore,2019-08-18,2019-08-21,14,2499.7,1.28,103.85,8
IMO9389265,Caesar,Tankers,KWMFA,Mina Al Ahmadi,2022-10-25,2022-10-28,1161,3589.4,29.07,48.15,9
IMO9389265,Caesar,Tankers,SGSIN,Singapore,2022-11-11,2022-11-14,14,3589.4,1.28,103.85,10
IMO9389265,Caesar,Tankers,SARRT,Ras Tanura,2025-06-17,2025-06-20,946,3444.8,26.65,50.16,11
IMO9389265,Ivory Coast Prosperity,Tankers,SAYNB,Yanbu,2026-06-30,2026-07-03,0,0.0,24.09,38.06,1
IMO9389265,Ivory Coast Prosperity,Tankers,AEFJR,Fujairah,2026-08-25,2026-08-28,53,999.0,25.13,56.34,2
IMO9389643,Expedient,LNG,SGSIN,Singapore,2012-09-18,2012-09-21,0,0.0,1.28,103.85,1
IMO9389643,Expedient,LNG,SGSIN,Singapore,2012-10-05,2012-10-08,14,0.0,1.28,103.85,2
IMO9389643,Expedient,LNG,QARLF,Ras Laffan,2012-11-15,2012-11-18,38,3361.5,25.92,51.53,3
IMO9389643,Expedient,LNG,QARLF,Ras Laffan,2012-12-02,2012-12-05,14,0.0,25.92,51.53,4
IMO9389643,Expedient,LNG,QARLF,Ras Laffan,2013-01-23,2013-01-26,49,0.0,25.92,51.53,5
IMO9389643,Expedient,LNG,QARLF,Ras Laffan,2013-02-09,2013-02-12,14,0.0,25.92,51.53,6
IMO9389758,Xin Tong Yang,Tankers,SAYNB,Yanbu,2026-07-08,2026-07-11,0,0.0,24.09,38.06,1
IMO9389760,Xin Run Yang,Tankers,SARRT,Ras Tanura,2019-09-16,2019-09-19,0,0.0,26.65,50.16,1
IMO9389760,Xin Run Yang,Tankers,AEFJR,Fujairah,2026-08-07,2026-08-10,2514,346.0,25.13,56.34,2
IMO9389784,Xin Han Yang,Tankers,SARRT,Ras Tanura,2021-02-03,2021-02-06,0,0.0,26.65,50.16,1
IMO9389784,Xin Han Yang,Tankers,SARRT,Ras Tanura,2024-11-26,2024-11-29,1389,0.0,26.65,50.16,2
IMO9389899,Basra,Tankers,CNNGB,Ningbo-Zhoushan,2019-10-01,2019-10-04,14,0.0,29.87,121.55,1
IMO9389899,Atlantas,Tankers,CNQDG,Qingdao,2020-06-17,2020-06-20,14,0.0,36.08,120.32,1
IMO9389899,Atlantas,Tankers,CNNGB,Ningbo-Zhoushan,2020-07-04,2020-07-07,14,378.0,29.87,121.55,2
IMO9389899,Atlantas,Tankers,CNNGB,Ningbo-Zhoushan,2020-07-21,2020-07-24,14,0.0,29.87,121.55,3
IMO9389899,Atlantas,Tankers,CNNGB,Ningbo-Zhoushan,2020-08-07,2020-08-10,14,0.0,29.87,121.55,4
IMO9389899,Atlantas,Tankers,CNNGB,Ningbo-Zhoushan,2020-08-24,2020-08-27,14,0.0,29.87,121.55,5
IMO9390126,Global Scorpio,LPG,SAYNB,Yanbu,2021-07-29,2021-08-01,0,0.0,24.09,38.06,1
IMO9390185,Alexandroupoli,LNG,QARLF,Ras Laffan,2016-12-20,2016-12-23,0,0.0,25.92,51.53,1
IMO9390185,Alexandroupoli,LNG,QARLF,Ras Laffan,2017-01-06,2017-01-09,14,0.0,25.92,51.53,2
IMO9390185,Alexandroupoli,LNG,USSPG,Sabine Pass,2017-04-18,2017-04-21,99,6917.9,29.73,-93.87,3
IMO9390185,Alexandroupoli,LNG,USSPG,Sabine Pass,2017-05-05,2017-05-08,14,0.0,29.73,-93.87,4
IMO9390185,Alexandroupoli,LNG,MYBTU,Bintulu,2019-12-30,2020-01-02,966,8297.5,3.2,113.04,5
IMO9390185,Alexandroupoli,LNG,MYBTU,Bintulu,2020-01-16,2020-01-19,14,0.0,3.2,113.04,6
IMO9390185,Alexandroupoli,LNG,QARLF,Ras Laffan,2020-02-10,2020-02-13,22,3787.3,25.92,51.53,7
IMO9390185,Alexandroupoli,LNG,QARLF,Ras Laffan,2020-02-27,2020-03-01,14,0.0,25.92,51.53,8
IMO9390185,Alexandroupoli,LNG,DZAZW,Arzew,2020-03-16,2020-03-19,15,2705.1,35.85,-0.31,9
IMO9390185,Alexandroupoli,LNG,QARLF,Ras Laffan,2020-03-25,2020-03-28,1,2705.1,25.92,51.53,11
IMO9390185,Alexandroupoli,LNG,DZAZW,Arzew,2020-04-02,2020-04-05,14,0.0,35.85,-0.31,10
IMO9390185,Alexandroupoli,LNG,QARLF,Ras Laffan,2020-04-11,2020-04-14,14,0.0,25.92,51.53,12
IMO9390185,Alexandroupoli,LNG,NGBON,Bonny,2021-02-05,2021-02-08,297,2855.1,4.45,7.16,13
IMO9390185,Alexandroupoli,LNG,NGBON,Bonny,2021-02-22,2021-02-25,14,0.0,4.45,7.16,14
IMO9390185,Alexandroupoli,LNG,QARLF,Ras Laffan,2022-02-01,2022-02-04,341,2855.1,25.92,51.53,15
IMO9390185,Alexandroupoli,LNG,QARLF,Ras Laffan,2022-02-18,2022-02-21,14,0.0,25.92,51.53,16
IMO9390628,Dilong Spirit,Tankers,CNNGB,Ningbo-Zhoushan,2018-09-26,2018-09-29,14,0.0,29.87,121.55,1
IMO9390628,Dilong Spirit,Tankers,SARRT,Ras Tanura,2018-11-26,2018-11-29,58,3717.6,26.65,50.16,2
IMO9390628,Dilong Spirit,Tankers,NLRTM,Rotterdam,2018-12-13,2018-12-16,14,2547.4,51.92,4.47,3
IMO9390680,Cape Ann,LNG,SGSIN,Singapore,2019-05-13,2019-05-16,0,0.0,1.28,103.85,1
IMO9390680,Cape Ann,LNG,SGSIN,Singapore,2019-05-30,2019-06-02,14,0.0,1.28,103.85,2
IMO9390680,Cape Ann,LNG,NGBON,Bonny,2021-01-21,2021-01-24,599,5798.0,4.45,7.16,3
IMO9390680,Cape Ann,LNG,NGBON,Bonny,2021-02-07,2021-02-10,14,0.0,4.45,7.16,4
IMO9391292,Coral Alameda,LPG,SGSIN,Singapore,2021-07-22,2021-07-25,0,0.0,1.28,103.85,1
IMO9391292,Coral Alameda,LPG,USHOU,Houston,2022-04-05,2022-04-08,254,8646.3,29.74,-95.27,2
IMO9391775,Cape Aspro,Tankers,KWMFA,Mina Al Ahmadi,2025-08-06,2025-08-09,0,0.0,29.07,48.15,1
IMO9394100,Panasiatic,Dry Bulk,ZARCB,Richards Bay,2025-01-31,2025-02-03,0,0.0,-28.8,32.08,1
IMO9394507,Spring Splendor,Tankers,CNNGB,Ningbo-Zhoushan,2020-03-26,2020-03-29,14,0.0,29.87,121.55,1
IMO9394507,Spring Splendor,Tankers,SAYNB,Yanbu,2026-05-04,2026-05-07,2227,4380.6,24.09,38.06,2
IMO9395290,Mercury Hope,Tankers,SARRT,Ras Tanura,2019-07-23,2019-07-26,0,0.0,26.65,50.16,1
IMO9395290,Oceanis,Tankers,SARRT,Ras Tanura,2019-09-10,2019-09-13,0,0.0,26.65,50.16,1
IMO9395290,Mercury Hope,Tankers,SARRT,Ras Tanura,2019-11-18,2019-11-21,115,0.0,26.65,50.16,2
IMO9395290,Oceanis,Tankers,SAYNB,Yanbu,2020-03-13,2020-03-16,182,673.9,24.09,38.06,2
IMO9395290,Oceanis,Tankers,SARRT,Ras Tanura,2025-06-04,2025-06-07,1906,673.9,26.65,50.16,3
IMO9395305,Desimi,Tankers,SGSIN,Singapore,2020-04-10,2020-04-13,14,0.0,1.28,103.85,1
IMO9395305,Desimi,Tankers,CNNGB,Ningbo-Zhoushan,2020-04-27,2020-04-30,14,1991.7,29.87,121.55,2
IMO9395317,Solana,Tankers,CNNGB,Ningbo-Zhoushan,2020-12-24,2020-12-27,14,0.0,29.87,121.55,1
IMO9395364,Sunny Bright,LPG,USHOU,Houston,2022-06-23,2022-06-26,0,0.0,29.74,-95.27,1
IMO9395364,Sunny Bright,LPG,USHOU,Houston,2023-02-17,2023-02-20,236,0.0,29.74,-95.27,2
IMO9395496,Mermaid Hope (CLEARLAKE),Tankers,CNNGB,Ningbo-Zhoushan,2020-12-21,2020-12-24,14,0.0,29.87,121.55,1
IMO9395496,Mermaid Hope,Tankers,CNNGB,Ningbo-Zhoushan,2021-12-29,2022-01-01,14,0.0,29.87,121.55,1
IMO9395496,Mermaid Hope,Tankers,SARRT,Ras Tanura,2023-06-01,2023-06-04,516,3717.6,26.65,50.16,2
IMO9395496,Mermaid Hope,Tankers,CNQDG,Qingdao,2023-06-18,2023-06-21,14,3565.3,36.08,120.32,3
IMO9395511,JAPANESE TBN,Tankers,INSIK,Sikka / Jamnagar,2020-06-10,2020-06-13,14,0.0,22.43,69.84,1
IMO9397145,Atlantic Pioneer,Tankers,SARRT,Ras Tanura,2022-12-19,2022-12-22,0,0.0,26.65,50.16,1
IMO9397145,Atlantic Pioneer,Tankers,INSIK,Sikka / Jamnagar,2023-01-05,2023-01-08,14,1103.0,22.43,69.84,2
IMO9397145,Atlantic Pioneer,Tankers,SARRT,Ras Tanura,2025-06-20,2025-06-23,894,1103.0,26.65,50.16,3
IMO9397145,Atlantic Pioneer,Tankers,INSIK,Sikka / Jamnagar,2025-07-07,2025-07-10,14,1103.0,22.43,69.84,4
IMO9397157,Azumasan,Tankers,KRUSN,Ulsan,2025-12-30,2026-01-02,14,0.0,35.5,129.38,1
IMO9397157,Azumasan,Tankers,KRUSN,Ulsan,2026-01-16,2026-01-19,14,0.0,35.5,129.38,2
IMO9397341,Al Sadd,LNG,QARLF,Ras Laffan,2019-06-10,2019-06-13,0,0.0,25.92,51.53,1
IMO9397341,Al Sadd,LNG,QARLF,Ras Laffan,2019-06-27,2019-06-30,14,0.0,25.92,51.53,2
IMO9397711,Dorset,LPG,KWMFA,Mina Al Ahmadi,2019-07-18,2019-07-21,0,0.0,29.07,48.15,1
IMO9397711,Dorset,LPG,AUDAM,Dampier,2020-01-09,2020-01-12,172,4963.5,-20.65,116.71,2
IMO9397711,Dorset,LPG,KWMFA,Mina Al Ahmadi,2020-02-20,2020-02-23,39,4963.5,29.07,48.15,3
IMO9397711,Dorset,LPG,USHOU,Houston,2022-09-29,2022-10-02,949,6701.5,29.74,-95.27,4
IMO9397711,Dorset,LPG,USHOU,Houston,2022-11-10,2022-11-13,39,0.0,29.74,-95.27,5
IMO9397779,Fpmc C Intelligence,Tankers,SAYNB,Yanbu,2026-04-10,2026-04-13,0,0.0,24.09,38.06,1
IMO9398058,New Prospect,Tankers,KRUSN,Ulsan,2020-05-25,2020-05-28,14,0.0,35.5,129.38,1
IMO9398058,New Prospect,Tankers,KRUSN,Ulsan,2020-06-11,2020-06-14,14,0.0,35.5,129.38,2
IMO9398058,New Prospect (SKE),Tankers,KWMFA,Mina Al Ahmadi,2020-11-06,2020-11-09,0,0.0,29.07,48.15,1
IMO9398058,New Prospect,Tankers,SARRT,Ras Tanura,2022-02-28,2022-03-03,624,4000.9,26.65,50.16,3
IMO9398058,New Prospect,Tankers,SAYNB,Yanbu,2026-06-10,2026-06-13,1560,673.9,24.09,38.06,4
IMO9398060,New Paradise,Tankers,AEFJR,Fujairah,2026-09-01,2026-09-04,0,0.0,25.13,56.34,1
IMO9398072,Achilleas*,Tankers,SGSIN,Singapore,2025-08-04,2025-08-07,0,0.0,1.28,103.85,1
IMO9398084,Hakone,Tankers,SARRT,Ras Tanura,2021-01-21,2021-01-24,0,0.0,26.65,50.16,1
IMO9398084,Hakone,Tankers,SGSIN,Singapore,2021-02-07,2021-02-10,14,3444.8,1.28,103.85,2
IMO9398084,Shirayuki,Tankers,INSIK,Sikka / Jamnagar,2025-10-28,2025-10-31,14,0.0,22.43,69.84,1
IMO9398486,Vivit Thuban,LPG,USHOU,Houston,2021-03-18,2021-03-21,0,0.0,29.74,-95.27,1
IMO9398486,Vivit Thuban,LPG,USHOU,Houston,2021-11-04,2021-11-07,228,0.0,29.74,-95.27,2
IMO9398486,Vivit Thuban,LPG,USHOU,Houston,2023-06-22,2023-06-25,592,0.0,29.74,-95.27,3
IMO9398943,Yuan Yang Hu,Tankers,SARRT,Ras Tanura,2019-07-15,2019-07-18,0,0.0,26.65,50.16,1
IMO9398943,Yuan Yang Hu,Tankers,SARRT,Ras Tanura,2019-09-11,2019-09-14,55,0.0,26.65,50.16,2
IMO9398943,Yuan Yang Hu,Tankers,AEFJR,Fujairah,2026-07-14,2026-07-17,2495,346.0,25.13,56.34,3
IMO9399478,Vail Spirit,Tankers,CNNGB,Ningbo-Zhoushan,2018-04-02,2018-04-05,14,0.0,29.87,121.55,1
IMO9399478,Vail Spirit,Tankers,SGSIN,Singapore,2018-04-19,2018-04-22,14,1991.7,1.28,103.85,2
IMO9399478,Vail Spirit,Tankers,KRUSN,Ulsan,2018-05-06,2018-05-09,14,2499.7,35.5,129.38,3
IMO9399478,Vail Spirit,Tankers,USCRP,Corpus Christi,2022-08-18,2022-08-21,1562,6174.8,27.81,-97.39,4
IMO9399478,Vail Spirit,Tankers,SAYNB,Yanbu,2022-11-18,2022-11-21,89,6763.2,24.09,38.06,5
IMO9399478,Vail Spirit,Tankers,DZAZW,Arzew,2024-02-09,2024-02-12,445,2101.2,35.85,-0.31,6
IMO9399478,Vail Spirit,Tankers,DZAZW,Arzew,2024-11-26,2024-11-29,288,0.0,35.85,-0.31,7
IMO9399478,Vail Spirit,Tankers,NLRTM,Rotterdam,2024-12-13,2024-12-16,14,986.2,51.92,4.47,8
IMO9399480,Front Thor,Tankers,DZAZW,Arzew,2018-06-08,2018-06-11,0,0.0,35.85,-0.31,1
IMO9399480,Front Thor,Tankers,INSIK,Sikka / Jamnagar,2018-06-25,2018-06-28,14,3689.7,22.43,69.84,2
IMO9399480,Front Thor,Tankers,SARRT,Ras Tanura,2018-11-21,2018-11-24,146,1103.0,26.65,50.16,3
IMO9399480,Front Thor,Tankers,DZAZW,Arzew,2019-11-27,2019-11-30,368,2619.7,35.85,-0.31,4
IMO9399480,Front Thor,Tankers,KWMFA,Mina Al Ahmadi,2020-04-14,2020-04-17,136,2463.5,29.07,48.15,5
IMO9399480,Front Thor,Tankers,NGBON,Bonny,2020-12-16,2020-12-19,243,2758.1,4.45,7.16,6
IMO9399480,Front Thor,Tankers,DZAZW,Arzew,2022-07-29,2022-08-01,587,1930.1,35.85,-0.31,7
IMO9399480,Front Thor,Tankers,CNNGB,Ningbo-Zhoushan,2022-08-15,2022-08-18,14,5676.8,29.87,121.55,8
IMO9399492,Cascade Spirit,Tankers,SGSIN,Singapore,2018-11-08,2018-11-11,14,0.0,1.28,103.85,1
IMO9399492,Cascade Spirit,Tankers,SARRT,Ras Tanura,2020-11-11,2020-11-14,731,3444.8,26.65,50.16,2
IMO9399492,Cascade Spirit,Tankers,INSIK,Sikka / Jamnagar,2020-11-28,2020-12-01,14,1103.0,22.43,69.84,3
IMO9399492,Cascade Spirit,Tankers,AEFJR,Fujairah,2024-05-03,2024-05-06,1249,758.9,25.13,56.34,4
IMO9399492,Cascade Spirit,Tankers,NGBON,Bonny,2025-06-02,2025-06-05,392,3090.0,4.45,7.16,5
IMO9399492,Motele Ola,Tankers,DZAZW,Arzew,2025-09-15,2025-09-18,0,0.0,35.85,-0.31,1
IMO9399492,Motele Ola,Tankers,AEFJR,Fujairah,2026-07-16,2026-07-19,301,2959.8,25.13,56.34,2
IMO9399507,Maran Plato O/O,Tankers,KRUSN,Ulsan,2018-02-20,2018-02-23,14,0.0,35.5,129.38,1
IMO9399507,Maran Plato,Tankers,CNNGB,Ningbo-Zhoushan,2018-08-29,2018-09-01,14,0.0,29.87,121.55,1
IMO9399507,Maran Plato,Tankers,SAYNB,Yanbu,2019-01-14,2019-01-17,135,4380.6,24.09,38.06,2
IMO9399507,Maran Plato,Tankers,CNNGB,Ningbo-Zhoushan,2019-01-31,2019-02-03,14,4380.6,29.87,121.55,3
IMO9399507,Maran Plato,Tankers,SGSIN,Singapore,2019-02-17,2019-02-20,14,1991.7,1.28,103.85,4
IMO9399507,Maran Plato,Tankers,SGSIN,Singapore,2019-03-06,2019-03-09,14,0.0,1.28,103.85,5
IMO9399507,Maran Plato,Tankers,SGSIN,Singapore,2019-03-23,2019-03-26,14,0.0,1.28,103.85,6
IMO9399507,Maran Plato,Tankers,CNNGB,Ningbo-Zhoushan,2019-04-09,2019-04-12,14,1991.7,29.87,121.55,7
IMO9400679,Seaways Everest,Tankers,KRUSN,Ulsan,2019-08-30,2019-09-02,14,0.0,35.5,129.38,1
IMO9400679,Seaways Everest,Tankers,CNNGB,Ningbo-Zhoushan,2019-09-16,2019-09-19,14,520.1,29.87,121.55,2
IMO9400679,Seaways Everest,Tankers,KWMFA,Mina Al Ahmadi,2024-04-17,2024-04-20,1672,3765.1,29.07,48.15,3
IMO9400679,Seaways Everest,Tankers,SARRT,Ras Tanura,2024-10-14,2024-10-17,177,180.3,26.65,50.16,4
IMO9400681,Front Cecilie,Tankers,KWMFA,Mina Al Ahmadi,2019-06-03,2019-06-06,0,0.0,29.07,48.15,1
IMO9400681,Front Cecilie,Tankers,SARRT,Ras Tanura,2020-03-03,2020-03-06,271,180.3,26.65,50.16,2
IMO9400681,Front Cecilie,Tankers,INSIK,Sikka / Jamnagar,2020-03-20,2020-03-23,14,1103.0,22.43,69.84,3
IMO9400681,Front Cecilie,Tankers,INSIK,Sikka / Jamnagar,2020-04-06,2020-04-09,14,0.0,22.43,69.84,4
IMO9400681,Plata West,Tankers,SARRT,Ras Tanura,2024-06-14,2024-06-17,0,0.0,26.65,50.16,1
IMO9400681,Plata West,Tankers,SARRT,Ras Tanura,2025-02-24,2025-02-27,252,0.0,26.65,50.16,2
IMO9400681,Plata West,Tankers,SARRT,Ras Tanura,2025-08-21,2025-08-24,175,0.0,26.65,50.16,3
IMO9400681,Plata West,Tankers,SAYNB,Yanbu,2026-08-12,2026-08-15,353,673.9,24.09,38.06,4
IMO9400925,Maran Triton,Tankers,SARRT,Ras Tanura,2020-03-05,2020-03-08,0,0.0,26.65,50.16,1
IMO9402902,Maran Pythia,Tankers,AEFJR,Fujairah,2018-03-07,2018-03-10,14,0.0,25.13,56.34,1
IMO9402902,Maran Pythia,Tankers,INSIK,Sikka / Jamnagar,2018-03-24,2018-03-27,14,758.9,22.43,69.84,2
IMO9402902,Maran Pythia,Tankers,SGSIN,Singapore,2018-04-10,2018-04-13,14,2355.7,1.28,103.85,3
IMO9402902,Maran Pythia,Tankers,SGSIN,Singapore,2018-04-27,2018-04-30,14,0.0,1.28,103.85,4
IMO9402902,Maran Pythia,Tankers,SARRT,Ras Tanura,2019-05-28,2019-05-31,393,3444.8,26.65,50.16,5
IMO9402902,Maran Pythia,Tankers,INSIK,Sikka / Jamnagar,2019-06-14,2019-06-17,14,1103.0,22.43,69.84,6
IMO9402902,Maran Pythia,Tankers,SARRT,Ras Tanura,2021-09-13,2021-09-16,819,1103.0,26.65,50.16,7
IMO9402902,Maran Pythia,Tankers,KWMFA,Mina Al Ahmadi,2021-10-21,2021-10-24,35,180.3,29.07,48.15,8
IMO9402902,Maran Pythia,Tankers,INSIK,Sikka / Jamnagar,2021-11-07,2021-11-10,14,1236.5,22.43,69.84,9
IMO9402902,Maran Pythia,Tankers,DZAZW,Arzew,2022-05-25,2022-05-28,196,3689.7,35.85,-0.31,10
IMO9402914,Maran Penelope,Tankers,INSIK,Sikka / Jamnagar,2019-11-25,2019-11-28,14,0.0,22.43,69.84,1
IMO9402914,Maran Penelope,Tankers,CNQDG,Qingdao,2019-12-12,2019-12-15,14,2735.8,36.08,120.32,2
IMO9402914,Maran Penelope,Tankers,SGSIN,Singapore,2019-12-29,2020-01-01,14,2281.6,1.28,103.85,3
IMO9402914,Maran Penelope,Tankers,SARRT,Ras Tanura,2023-07-20,2023-07-23,1296,3444.8,26.65,50.16,4
IMO9402926,Maran Poseidon,Tankers,AEFJR,Fujairah,2019-02-22,2019-02-25,14,0.0,25.13,56.34,1
IMO9402926,Maran Poseidon,Tankers,SARRT,Ras Tanura,2019-06-27,2019-06-30,122,346.0,26.65,50.16,2
IMO9402926,Maran Poseidon,Tankers,AEFJR,Fujairah,2019-07-14,2019-07-17,14,346.0,25.13,56.34,3
IMO9402926,Maran Poseidon,Tankers,SARRT,Ras Tanura,2020-03-03,2020-03-06,230,346.0,26.65,50.16,4
IMO9402926,Maran Poseidon,Tankers,AEFJR,Fujairah,2020-03-20,2020-03-23,14,346.0,25.13,56.34,5
IMO9402926,Maran Poseidon,Tankers,DZAZW,Arzew,2021-09-23,2021-09-26,549,2959.8,35.85,-0.31,6
IMO9402926,Maran Poseidon,Tankers,SARRT,Ras Tanura,2023-04-10,2023-04-13,561,2619.7,26.65,50.16,7
IMO9402990,C. Majesty,Tankers,SARRT,Ras Tanura,2019-10-07,2019-10-10,0,0.0,26.65,50.16,1
IMO9402990,C. Majesty,Tankers,KRUSN,Ulsan,2019-10-24,2019-10-27,14,4000.9,35.5,129.38,2
IMO9402990,C. Majesty,Tankers,KRUSN,Ulsan,2019-11-10,2019-11-13,14,0.0,35.5,129.38,3
IMO9402990,C. Majesty,Tankers,KRUSN,Ulsan,2019-11-27,2019-11-30,14,0.0,35.5,129.38,4
IMO9402990,C. Majesty,Tankers,KRUSN,Ulsan,2019-12-14,2019-12-17,14,0.0,35.5,129.38,5
IMO9402990,C. Majesty,Tankers,AEFJR,Fujairah,2026-03-24,2026-03-27,2289,3753.1,25.13,56.34,6
IMO9402990,C. Majesty,Tankers,KRUSN,Ulsan,2026-04-10,2026-04-13,14,3753.1,35.5,129.38,7
IMO9402990,C. Majesty,Tankers,AEFJR,Fujairah,2026-05-12,2026-05-15,29,3753.1,25.13,56.34,8
IMO9402990,C. Majesty,Tankers,KRUSN,Ulsan,2026-05-29,2026-06-01,14,3753.1,35.5,129.38,9
IMO9402990,C. Majesty,Tankers,AEFJR,Fujairah,2026-07-21,2026-07-24,50,3753.1,25.13,56.34,10
IMO9402990,C. Majesty,Tankers,KRUSN,Ulsan,2026-08-07,2026-08-10,14,3753.1,35.5,129.38,11
IMO9404833,Summit Spirit,Tankers,SGSIN,Singapore,2018-06-05,2018-06-08,14,0.0,1.28,103.85,1
IMO9404833,Summit Spirit,Tankers,NLRTM,Rotterdam,2019-02-15,2019-02-18,252,5689.2,51.92,4.47,2
IMO9404833,Summit Spirit,Tankers,DZAZW,Arzew,2021-10-19,2021-10-22,974,986.2,35.85,-0.31,3
IMO9404845,Zenith Spirit,Tankers,SGSIN,Singapore,2018-10-24,2018-10-27,14,0.0,1.28,103.85,1
IMO9404845,Zenith Spirit,Tankers,CNNGB,Ningbo-Zhoushan,2018-11-10,2018-11-13,14,1991.7,29.87,121.55,2
IMO9404845,Zenith Spirit,Tankers,KWMFA,Mina Al Ahmadi,2022-02-01,2022-02-04,1176,3765.1,29.07,48.15,3
IMO9404845,Zenith Spirit,Tankers,NLRTM,Rotterdam,2022-02-18,2022-02-21,14,2367.9,51.92,4.47,4
IMO9404845,Zenith Spirit,Tankers,DZAZW,Arzew,2023-02-15,2023-02-18,359,986.2,35.85,-0.31,5
IMO9404845,Zenith Spirit,Tankers,DZAZW,Arzew,2023-06-20,2023-06-23,122,0.0,35.85,-0.31,6
IMO9404845,Zenith Spirit,Tankers,CNNGB,Ningbo-Zhoushan,2023-07-07,2023-07-10,14,5676.8,29.87,121.55,7
IMO9404845,Zenith Spirit,Tankers,SARRT,Ras Tanura,2023-09-27,2023-09-30,79,3717.6,26.65,50.16,8
IMO9404845,Zenith Spirit,Tankers,SGSIN,Singapore,2023-10-14,2023-10-17,14,3444.8,1.28,103.85,9
IMO9404924,C. Galaxy,Tankers,KRUSN,Ulsan,2023-01-06,2023-01-09,14,0.0,35.5,129.38,1
IMO9404924,C. Galaxy,Tankers,KRUSN,Ulsan,2023-01-23,2023-01-26,14,0.0,35.5,129.38,2
IMO9404924,C. Galaxy,Tankers,KRUSN,Ulsan,2023-02-09,2023-02-12,14,0.0,35.5,129.38,3
IMO9404924,C. Galaxy,Tankers,KRUSN,Ulsan,2023-02-26,2023-03-01,14,0.0,35.5,129.38,4
IMO9404924,C. Galaxy,Tankers,KRUSN,Ulsan,2023-03-15,2023-03-18,14,0.0,35.5,129.38,5
IMO9404924,C. Galaxy,Tankers,KRUSN,Ulsan,2023-04-01,2023-04-04,14,0.0,35.5,129.38,6
IMO9404950,Ottoman Equity,Tankers,CNNGB,Ningbo-Zhoushan,2018-10-16,2018-10-19,14,0.0,29.87,121.55,1
IMO9404950,Ottoman Equity,Tankers,INSIK,Sikka / Jamnagar,2018-11-02,2018-11-05,14,2799.7,22.43,69.84,2
IMO9404950,Ottoman Equity,Tankers,INSIK,Sikka / Jamnagar,2018-11-19,2018-11-22,14,0.0,22.43,69.84,3
IMO9404950,Ottoman Equity,Tankers,INSIK,Sikka / Jamnagar,2018-12-06,2018-12-09,14,0.0,22.43,69.84,4
IMO9404950,Ottoman Equity,Tankers,DZAZW,Arzew,2024-05-03,2024-05-06,1972,3689.7,35.85,-0.31,5
IMO9404950,Ottoman Equity,Tankers,INSIK,Sikka / Jamnagar,2024-05-20,2024-05-23,14,3689.7,22.43,69.84,6
IMO9405227,New Enterprise,Tankers,INSIK,Sikka / Jamnagar,2021-04-13,2021-04-16,14,0.0,22.43,69.84,1
IMO9405227,New Enterprise,Tankers,AEFJR,Fujairah,2026-07-02,2026-07-05,1903,758.9,25.13,56.34,2
IMO9405227,New Enterprise,Tankers,AEFJR,Fujairah,2026-07-27,2026-07-30,22,0.0,25.13,56.34,3
IMO9405423,Serenea,Tankers,SGSIN,Singapore,2018-10-24,2018-10-27,14,0.0,1.28,103.85,1
IMO9405423,Serenea,Tankers,NLRTM,Rotterdam,2018-11-10,2018-11-13,14,5689.2,51.92,4.47,2
IMO9405423,Serenea,Tankers,NLRTM,Rotterdam,2018-11-27,2018-11-30,14,0.0,51.92,4.47,3
IMO9405423,Serenea,Tankers,SGSIN,Singapore,2018-12-14,2018-12-17,14,5689.2,1.28,103.85,4
IMO9405423,Serenea,Tankers,DZAZW,Arzew,2021-07-20,2021-07-23,946,6044.3,35.85,-0.31,5
IMO9405423,Serenea,Tankers,SARRT,Ras Tanura,2021-11-30,2021-12-03,130,2619.7,26.65,50.16,6
IMO9405423,Serenea,Tankers,KWMFA,Mina Al Ahmadi,2023-02-20,2023-02-23,444,180.3,29.07,48.15,7
IMO9405423,Serenea,Tankers,AEFJR,Fujairah,2023-03-09,2023-03-12,14,497.4,25.13,56.34,8
IMO9405423,Siren,Tankers,AEFJR,Fujairah,2024-09-27,2024-09-30,0,0.0,25.13,56.34,1
IMO9405691,BW Pine,LPG,QARLF,Ras Laffan,2020-03-05,2020-03-08,0,0.0,25.92,51.53,1
IMO9406001,Front Odin,Tankers,SGSIN,Singapore,2018-06-26,2018-06-29,14,0.0,1.28,103.85,1
IMO9406001,Front Odin,Tankers,SAYNB,Yanbu,2023-06-16,2023-06-19,1813,4050.1,24.09,38.06,2
IMO9406001,Gem,Tankers,NGBON,Bonny,2026-05-01,2026-05-04,0,0.0,4.45,7.16,1
IMO9406013,Front Loki Oo,Tankers,NLRTM,Rotterdam,2018-04-17,2018-04-20,14,0.0,51.92,4.47,1
IMO9406013,Front Loki,Tankers,SGSIN,Singapore,2018-05-28,2018-05-31,14,0.0,1.28,103.85,1
IMO9406013,Front Loki,Tankers,DZAZW,Arzew,2018-05-29,2018-06-01,1,6044.3,35.85,-0.31,2
IMO9406013,Front Loki,Tankers,SAYNB,Yanbu,2022-08-02,2022-08-05,1523,2101.2,24.09,38.06,3
IMO9406013,Front Loki,Tankers,DZAZW,Arzew,2023-03-17,2023-03-20,224,2101.2,35.85,-0.31,4
IMO9406013,Cape Benat,Tankers,SARRT,Ras Tanura,2025-04-29,2025-05-02,0,0.0,26.65,50.16,1
IMO9406013,Cape Benat,Tankers,SARRT,Ras Tanura,2025-08-26,2025-08-29,116,0.0,26.65,50.16,2
IMO9406178,Fpmc C Melody (CEPSA),Tankers,KWMFA,Mina Al Ahmadi,2020-07-24,2020-07-27,0,0.0,29.07,48.15,1
IMO9406647,NORDIC SANNGIJUK,Dry Bulk,CNJGT,Tangshan (Jingtang),2025-02-03,2025-02-06,0,0.0,39.2,119.01,1
IMO9406647,NORDIC SANNGIJUK,Dry Bulk,CNJGT,Tangshan (Jingtang),2025-02-04,2025-02-07,1,0.0,39.2,119.01,2
IMO9406659,Sestrea,Tankers,SARRT,Ras Tanura,2025-03-11,2025-03-14,0,0.0,26.65,50.16,1
IMO9406659,Sestrea,Tankers,AEFJR,Fujairah,2026-07-21,2026-07-24,494,346.0,25.13,56.34,2
IMO9406673,Delta Hellas,Tankers,INSIK,Sikka / Jamnagar,2018-03-26,2018-03-29,14,0.0,22.43,69.84,1
IMO9406673,Delta Hellas,Tankers,NLRTM,Rotterdam,2018-04-12,2018-04-15,14,3449.7,51.92,4.47,2
IMO9406673,Delta Hellas,Tankers,SGSIN,Singapore,2018-04-29,2018-05-02,14,5689.2,1.28,103.85,3
IMO9406673,Delta Hellas,Tankers,CNNGB,Ningbo-Zhoushan,2018-05-16,2018-05-19,14,1991.7,29.87,121.55,4
IMO9406673,Delta Hellas,Tankers,NLRTM,Rotterdam,2018-06-02,2018-06-05,14,4890.7,51.92,4.47,5
IMO9406673,Delta Hellas,Tankers,CNNGB,Ningbo-Zhoushan,2018-06-19,2018-06-22,14,4890.7,29.87,121.55,6
IMO9406673,Delta Hellas,Tankers,CNNGB,Ningbo-Zhoushan,2018-07-06,2018-07-09,14,0.0,29.87,121.55,7
IMO9406685,Delta Ios,Tankers,SGSIN,Singapore,2018-03-30,2018-04-02,14,0.0,1.28,103.85,1
IMO9406685,Delta Ios,Tankers,SGSIN,Singapore,2018-04-16,2018-04-19,14,0.0,1.28,103.85,2
IMO9406685,Delta Ios,Tankers,CNNGB,Ningbo-Zhoushan,2018-05-03,2018-05-06,14,1991.7,29.87,121.55,3
IMO9406685,Delta Ios,Tankers,SARRT,Ras Tanura,2021-01-27,2021-01-30,997,3717.6,26.65,50.16,4
IMO9406685,Delta Ios,Tankers,DZAZW,Arzew,2021-03-25,2021-03-28,54,2619.7,35.85,-0.31,5
IMO9406685,Delta Ios,Tankers,SARRT,Ras Tanura,2022-03-23,2022-03-26,360,2619.7,26.65,50.16,6
IMO9406685,Delta Ios,Tankers,CNNGB,Ningbo-Zhoushan,2022-04-09,2022-04-12,14,3717.6,29.87,121.55,7
IMO9406685,Genesis River,LPG,AUDAM,Dampier,2022-06-02,2022-06-05,0,0.0,-20.65,116.71,1
IMO9406685,Genesis River,LPG,USHOU,Houston,2022-06-23,2022-06-26,18,8993.1,29.74,-95.27,2
IMO9406685,Genesis River,LPG,USHOU,Houston,2023-02-23,2023-02-26,242,0.0,29.74,-95.27,3
IMO9406685,Delta Ios,Tankers,DZAZW,Arzew,2025-12-19,2025-12-22,1347,5676.8,35.85,-0.31,8
IMO9407213,Navigator Ceto ,LPG,USHOU,Houston,2019-06-20,2019-06-23,0,0.0,29.74,-95.27,1
IMO9407316,Fpmc C Jade,Tankers,SARRT,Ras Tanura,2020-03-02,2020-03-05,0,0.0,26.65,50.16,1
IMO9407316,Fpmc C Jade,Tankers,SAYNB,Yanbu,2026-06-12,2026-06-15,2290,673.9,24.09,38.06,2
IMO9408073,Baker Spirit,Tankers,SGSIN,Singapore,2018-04-17,2018-04-20,14,0.0,1.28,103.85,1
IMO9408073,Baker Spirit,Tankers,SARRT,Ras Tanura,2019-06-19,2019-06-22,425,3444.8,26.65,50.16,2
IMO9408073,Baker Spirit,Tankers,SGSIN,Singapore,2019-07-06,2019-07-09,14,3444.8,1.28,103.85,3
IMO9408073,Baker Spirit,Tankers,CNQDG,Qingdao,2019-07-23,2019-07-26,14,2281.6,36.08,120.32,4
IMO9408073,Baker Spirit,Tankers,DZAZW,Arzew,2021-01-25,2021-01-28,549,5365.3,35.85,-0.31,5
IMO9408073,Baker Spirit,Tankers,ZASDB,Saldanha Bay,2021-04-05,2021-04-08,67,4260.3,-33.02,17.95,6
IMO9408073,Baker Spirit,Tankers,SGSIN,Singapore,2021-04-22,2021-04-25,14,5239.3,1.28,103.85,7
IMO9408073,Baker Spirit,Tankers,SARRT,Ras Tanura,2021-06-23,2021-06-26,59,3444.8,26.65,50.16,8
IMO9408073,Baker Spirit,Tankers,DZAZW,Arzew,2021-10-05,2021-10-08,101,2619.7,35.85,-0.31,9
IMO9408073,Baker Spirit,Tankers,SARRT,Ras Tanura,2022-05-30,2022-06-02,234,2619.7,26.65,50.16,10
IMO9408073,Baker Spirit,Tankers,SGSIN,Singapore,2022-06-16,2022-06-19,14,3444.8,1.28,103.85,11
IMO9408073,Baker Spirit,Tankers,NGBON,Bonny,2024-10-14,2024-10-17,848,5798.0,4.45,7.16,12
IMO9408190,Glorycrown,Tankers,SGSIN,Singapore,2018-02-12,2018-02-15,14,0.0,1.28,103.85,1
IMO9408190,Glorycrown,Tankers,CNNGB,Ningbo-Zhoushan,2018-03-01,2018-03-04,14,1991.7,29.87,121.55,2
IMO9408190,Glorycrown,Tankers,CNQDG,Qingdao,2018-03-18,2018-03-21,14,378.0,36.08,120.32,3
IMO9408190,Glorycrown,Tankers,CNNGB,Ningbo-Zhoushan,2018-04-04,2018-04-07,14,378.0,29.87,121.55,4
IMO9408190,Glorycrown,Tankers,DZAZW,Arzew,2021-11-15,2021-11-18,1318,5676.8,35.85,-0.31,5
IMO9408205,Front Njord,Tankers,SGSIN,Singapore,2019-04-16,2019-04-19,14,0.0,1.28,103.85,1
IMO9408205,Front Njord,Tankers,CNQDG,Qingdao,2019-05-03,2019-05-06,14,2281.6,36.08,120.32,2
IMO9408205,Front Njord,Tankers,DZAZW,Arzew,2021-08-24,2021-08-27,841,5365.3,35.85,-0.31,3
IMO9408205,Front Njord,Tankers,SARRT,Ras Tanura,2021-12-01,2021-12-04,96,2619.7,26.65,50.16,4
IMO9408217,Everbright,Tankers,SARRT,Ras Tanura,2019-04-10,2019-04-13,1,3292.8,26.65,50.16,2
IMO9408217,Everbright,Tankers,CNZHA,Zhanjiang,2019-04-15,2019-04-18,14,0.0,21.2,110.4,1
IMO9408217,Everbright,Tankers,DZAZW,Arzew,2019-12-27,2019-12-30,258,2619.7,35.85,-0.31,3
IMO9408217,Everbright,Tankers,CNNGB,Ningbo-Zhoushan,2020-01-13,2020-01-16,14,5676.8,29.87,121.55,4
IMO9408217,Everbright,Tankers,SARRT,Ras Tanura,2020-09-06,2020-09-09,234,3717.6,26.65,50.16,5
IMO9408217,Everbright,Tankers,SGSIN,Singapore,2020-09-23,2020-09-26,14,3444.8,1.28,103.85,6
IMO9408217,Everbright,Tankers,SARRT,Ras Tanura,2021-03-03,2021-03-06,158,3444.8,26.65,50.16,7
IMO9408217,Otis,Tankers,AEFJR,Fujairah,2025-01-10,2025-01-13,0,0.0,25.13,56.34,1
IMO9408217,Otis,Tankers,SGSIN,Singapore,2025-01-27,2025-01-30,14,3099.3,1.28,103.85,2
IMO9408217,Otis,Tankers,DZAZW,Arzew,2025-05-13,2025-05-16,103,6044.3,35.85,-0.31,3
IMO9408463,Delta Harmony,Tankers,SGSIN,Singapore,2018-05-14,2018-05-17,14,0.0,1.28,103.85,1
IMO9408463,Delta Harmony,Tankers,DZAZW,Arzew,2018-12-19,2018-12-22,216,6044.3,35.85,-0.31,2
IMO9408463,Delta Harmony,Tankers,DZAZW,Arzew,2020-11-13,2020-11-16,692,0.0,35.85,-0.31,3
IMO9408463,Delta Harmony,Tankers,CNNGB,Ningbo-Zhoushan,2020-11-30,2020-12-03,14,5676.8,29.87,121.55,4
IMO9408463,Delta Harmony,Tankers,RUPRI,Primorsk,2022-10-25,2022-10-28,691,3947.1,60.36,28.61,5
IMO9408463,Delta Harmony,Tankers,INSIK,Sikka / Jamnagar,2022-11-11,2022-11-14,14,2852.7,22.43,69.84,6
IMO9408463,Delta Harmony,Tankers,CNNGB,Ningbo-Zhoushan,2022-11-28,2022-12-01,14,2799.7,29.87,121.55,7
IMO9408475,Delta Ocean,Tankers,NGBON,Bonny,2018-04-27,2018-04-30,0,0.0,4.45,7.16,1
IMO9408475,Delta Ocean,Tankers,ZASDB,Saldanha Bay,2018-05-14,2018-05-17,14,2332.0,-33.02,17.95,2
IMO9408475,Delta Ocean,Tankers,SGSIN,Singapore,2018-05-31,2018-06-03,14,5239.3,1.28,103.85,3
IMO9408475,Delta Ocean,Tankers,QARLF,Ras Laffan,2020-03-27,2020-03-30,663,3361.5,25.92,51.53,4
IMO9408475,Delta Ocean,Tankers,SGSIN,Singapore,2020-04-13,2020-04-16,14,3361.5,1.28,103.85,5
IMO9408475,Delta Ocean,Tankers,CNNGB,Ningbo-Zhoushan,2020-04-30,2020-05-03,14,1991.7,29.87,121.55,6
IMO9408475,Delta Ocean,Tankers,CNNGB,Ningbo-Zhoushan,2020-05-17,2020-05-20,14,0.0,29.87,121.55,7
IMO9408475,Delta Ocean,Tankers,INSIK,Sikka / Jamnagar,2020-06-03,2020-06-06,14,2799.7,22.43,69.84,8
IMO9408475,Delta Ocean,Tankers,RUPRI,Primorsk,2022-10-24,2022-10-27,870,2852.7,60.36,28.61,9
IMO9408475,Delta Ocean,Tankers,INSIK,Sikka / Jamnagar,2022-11-10,2022-11-13,14,2852.7,22.43,69.84,10
IMO9408475,Delta Ocean,Tankers,CNNGB,Ningbo-Zhoushan,2022-11-27,2022-11-30,14,2799.7,29.87,121.55,11
IMO9408475,Delta Ocean,Tankers,CNNGB,Ningbo-Zhoushan,2022-12-14,2022-12-17,14,0.0,29.87,121.55,12
IMO9408695,Front Balder,Tankers,CNQDG,Qingdao,2019-07-12,2019-07-15,14,0.0,36.08,120.32,1
IMO9408695,Front Balder,Tankers,DZAZW,Arzew,2022-02-07,2022-02-10,938,5365.3,35.85,-0.31,2
IMO9408695,Front Balder,Tankers,INSIK,Sikka / Jamnagar,2022-02-24,2022-02-27,14,3689.7,22.43,69.84,3
IMO9409247,Athenian Victory,Tankers,SARRT,Ras Tanura,2019-08-21,2019-08-24,0,0.0,26.65,50.16,1
IMO9409247,Athenian Victory,Tankers,ZASDB,Saldanha Bay,2020-11-25,2020-11-28,459,4026.8,-33.02,17.95,2
IMO9409831,Voyager I,Tankers,INSIK,Sikka / Jamnagar,2020-06-29,2020-07-02,14,0.0,22.43,69.84,1
IMO9410131,Nilufer Sultan,Tankers,INSIK,Sikka / Jamnagar,2019-01-09,2019-01-12,0,0.0,22.43,69.84,1
IMO9410181,Delta Sky,Tankers,NLRTM,Rotterdam,2018-11-26,2018-11-29,0,0.0,51.92,4.47,1
IMO9410181,Delta Sky,Tankers,SGSIN,Singapore,2018-12-13,2018-12-16,14,5689.2,1.28,103.85,2
IMO9410181,Delta Sky,Tankers,CNNGB,Ningbo-Zhoushan,2018-12-30,2019-01-02,14,1991.7,29.87,121.55,3
IMO9410181,Delta Sky,Tankers,SARRT,Ras Tanura,2019-10-02,2019-10-05,273,3717.6,26.65,50.16,4
IMO9410181,Delta Sky,Tankers,INSIK,Sikka / Jamnagar,2019-10-19,2019-10-22,14,1103.0,22.43,69.84,5
IMO9410181,Delta Sky,Tankers,CNNGB,Ningbo-Zhoushan,2019-11-05,2019-11-08,14,2799.7,29.87,121.55,6
IMO9410181,Delta Sky,Tankers,CNNGB,Ningbo-Zhoushan,2019-11-22,2019-11-25,14,0.0,29.87,121.55,7
IMO9410181,Delta Sky,Tankers,CNNGB,Ningbo-Zhoushan,2019-12-09,2019-12-12,14,0.0,29.87,121.55,8
IMO9410208,Karolos,Tankers,QARLF,Ras Laffan,2019-04-02,2019-04-05,0,0.0,25.92,51.53,1
IMO9410208,Karolos,Tankers,SARRT,Ras Tanura,2019-05-15,2019-05-18,40,85.8,26.65,50.16,2
IMO9410208,Karolos,Tankers,INSIK,Sikka / Jamnagar,2019-06-01,2019-06-04,14,1103.0,22.43,69.84,3
IMO9410208,Karolos,Tankers,CNNGB,Ningbo-Zhoushan,2019-06-18,2019-06-21,14,2799.7,29.87,121.55,4
IMO9410208,Karolos,Tankers,QARLF,Ras Laffan,2020-04-20,2020-04-23,304,3664.9,25.92,51.53,5
IMO9410208,Karolos,Tankers,SARRT,Ras Tanura,2020-09-03,2020-09-06,133,85.8,26.65,50.16,6
IMO9410208,Karolos,Tankers,SARRT,Ras Tanura,2021-09-07,2021-09-10,366,0.0,26.65,50.16,7
IMO9410208,Karolos,Tankers,QARLF,Ras Laffan,2021-11-05,2021-11-08,56,85.8,25.92,51.53,8
IMO9410208,Karolos,Tankers,KWMFA,Mina Al Ahmadi,2022-09-08,2022-09-11,304,261.1,29.07,48.15,9
IMO9410208,Karolos,Tankers,INSIK,Sikka / Jamnagar,2022-09-25,2022-09-28,14,1236.5,22.43,69.84,10
IMO9410208,Karolos,Tankers,KWMFA,Mina Al Ahmadi,2022-10-31,2022-11-03,33,1236.5,29.07,48.15,11
IMO9410208,Karolos,Tankers,DZAZW,Arzew,2023-10-31,2023-11-03,362,2463.5,35.85,-0.31,12
IMO9410208,Karolos,Tankers,SARRT,Ras Tanura,2023-12-01,2023-12-04,28,2619.7,26.65,50.16,13
IMO9410208,Karolos,Tankers,INSIK,Sikka / Jamnagar,2023-12-18,2023-12-21,14,1103.0,22.43,69.84,14
IMO9410210,Tataki,Tankers,SARRT,Ras Tanura,2018-08-27,2018-08-30,0,0.0,26.65,50.16,1
IMO9410210,Tataki,Tankers,DZAZW,Arzew,2019-10-30,2019-11-02,426,2619.7,35.85,-0.31,2
IMO9410210,Tataki,Tankers,SGSIN,Singapore,2019-11-16,2019-11-19,14,6044.3,1.28,103.85,3
IMO9410210,Tataki,Tankers,INSIK,Sikka / Jamnagar,2019-12-03,2019-12-06,14,2355.7,22.43,69.84,4
IMO9410210,Tataki,Tankers,KWMFA,Mina Al Ahmadi,2020-04-01,2020-04-04,117,1236.5,29.07,48.15,5
IMO9410210,Tataki,Tankers,AEFJR,Fujairah,2020-04-18,2020-04-21,14,497.4,25.13,56.34,6
IMO9410210,Tataki,Tankers,QARLF,Ras Laffan,2020-09-06,2020-09-09,138,264.9,25.92,51.53,7
IMO9410210,Tataki,Tankers,SGSIN,Singapore,2020-09-23,2020-09-26,14,3361.5,1.28,103.85,8
IMO9410210,Tataki,Tankers,SARRT,Ras Tanura,2021-05-07,2021-05-10,223,3444.8,26.65,50.16,9
IMO9410210,Tataki,Tankers,SARRT,Ras Tanura,2022-10-06,2022-10-09,514,0.0,26.65,50.16,10
IMO9410210,Tataki,Tankers,AEFJR,Fujairah,2022-10-23,2022-10-26,14,346.0,25.13,56.34,11
IMO9410222,Zouzou N,Tankers,SGSIN,Singapore,2018-02-28,2018-03-03,14,0.0,1.28,103.85,1
IMO9410222,Zouzou N O/O,Tankers,QARLF,Ras Laffan,2018-04-04,2018-04-07,0,0.0,25.92,51.53,1
IMO9410222,Zouzou N,Tankers,NGBON,Bonny,2018-05-31,2018-06-03,89,5798.0,4.45,7.16,2
IMO9410222,Zouzou N,Tankers,SGSIN,Singapore,2018-06-17,2018-06-20,14,5798.0,1.28,103.85,3
IMO9410222,Zouzou N,Tankers,INSIK,Sikka / Jamnagar,2018-07-04,2018-07-07,14,2355.7,22.43,69.84,4
IMO9410222,Zouzou N,Tankers,CNNGB,Ningbo-Zhoushan,2018-07-21,2018-07-24,14,2799.7,29.87,121.55,5
IMO9410222,Zouzou N,Tankers,QARLF,Ras Laffan,2019-06-06,2019-06-09,317,3664.9,25.92,51.53,6
IMO9410222,Zouzou N.,Tankers,CNQDG,Qingdao,2019-10-24,2019-10-27,14,0.0,36.08,120.32,1
IMO9410222,Zouzou N.,Tankers,SARRT,Ras Tanura,2020-01-06,2020-01-09,71,3565.3,26.65,50.16,2
IMO9410222,Zouzou N.,Tankers,INSIK,Sikka / Jamnagar,2020-01-23,2020-01-26,14,1103.0,22.43,69.84,3
IMO9410222,Zouzou N.,Tankers,INSIK,Sikka / Jamnagar,2020-02-09,2020-02-12,14,0.0,22.43,69.84,4
IMO9410222,Zouzou N.,Tankers,SARRT,Ras Tanura,2022-10-19,2022-10-22,980,1103.0,26.65,50.16,5
IMO9410222,Zouzou N.,Tankers,SARRT,Ras Tanura,2023-01-11,2023-01-14,81,0.0,26.65,50.16,6
IMO9410222,Zouzou N.,Tankers,AEFJR,Fujairah,2023-01-28,2023-01-31,14,346.0,25.13,56.34,7
IMO9410222,Zouzou N.,Tankers,AEFJR,Fujairah,2024-09-03,2024-09-06,581,0.0,25.13,56.34,8
IMO9410222,Zouzou N.,Tankers,SGSIN,Singapore,2024-09-20,2024-09-23,14,3099.3,1.28,103.85,9
IMO9410234,Carina I,Tankers,SARRT,Ras Tanura,2024-09-06,2024-09-09,0,0.0,26.65,50.16,1
IMO9410234,Carina I,Tankers,INSIK,Sikka / Jamnagar,2024-09-23,2024-09-26,14,1103.0,22.43,69.84,2
IMO9410387,Duqm,Tankers,SARRT,Ras Tanura,2022-04-11,2022-04-14,0,0.0,26.65,50.16,1
IMO9410387,Duqm,Tankers,KWMFA,Mina Al Ahmadi,2022-07-28,2022-07-31,105,180.3,29.07,48.15,2
IMO9410387,Jaya,Tankers,SARRT,Ras Tanura,2024-01-19,2024-01-22,0,0.0,26.65,50.16,1
IMO9410399,Serifos,Tankers,INSIK,Sikka / Jamnagar,2020-10-15,2020-10-18,14,0.0,22.43,69.84,1
IMO9410399,Serifos,Tankers,KRUSN,Ulsan,2020-11-01,2020-11-04,14,3176.8,35.5,129.38,2
IMO9410399,Serifos,Tankers,SGSIN,Singapore,2020-11-18,2020-11-21,14,2499.7,1.28,103.85,3
IMO9410399,Serifos,Tankers,SARRT,Ras Tanura,2023-12-27,2023-12-30,1131,3444.8,26.65,50.16,4
IMO9410399,Serifos,Tankers,SGSIN,Singapore,2024-01-13,2024-01-16,14,3444.8,1.28,103.85,5
IMO9410399,Serifos,Tankers,SARRT,Ras Tanura,2024-10-21,2024-10-24,279,3444.8,26.65,50.16,6
IMO9410399,Serifos,Tankers,SARRT,Ras Tanura,2024-12-13,2024-12-16,50,0.0,26.65,50.16,7
IMO9410399,Serifos,Tankers,SARRT,Ras Tanura,2025-04-08,2025-04-11,113,0.0,26.65,50.16,8
IMO9410399,Serifos,Tankers,SGSIN,Singapore,2025-04-25,2025-04-28,14,3444.8,1.28,103.85,9
IMO9410399,Serifos,Tankers,SARRT,Ras Tanura,2026-07-02,2026-07-05,430,3444.8,26.65,50.16,10
IMO9410399,Serifos,Tankers,AEFJR,Fujairah,2026-08-06,2026-08-09,32,346.0,25.13,56.34,11
IMO9410973,Navigare Tolero,Tankers,SAYNB,Yanbu,2020-01-28,2020-01-31,0,0.0,24.09,38.06,1
IMO9410973,Navigare Tolero,Tankers,ZASDB,Saldanha Bay,2020-02-14,2020-02-17,14,3616.9,-33.02,17.95,2
IMO9410973,Navigare Tolero,Tankers,CNNGB,Ningbo-Zhoushan,2020-03-02,2020-03-05,14,6980.0,29.87,121.55,3
IMO9410997,Front Signe,Tankers,KWMFA,Mina Al Ahmadi,2019-04-10,2019-04-13,0,0.0,29.07,48.15,1
IMO9410997,Front Signe,Tankers,SGSIN,Singapore,2020-09-11,2020-09-14,517,3589.4,1.28,103.85,2
IMO9410997,Front Signe,Tankers,SARRT,Ras Tanura,2023-06-13,2023-06-16,1002,3444.8,26.65,50.16,3
IMO9411020,Ns Burgas,Tankers,CNNGB,Ningbo-Zhoushan,2019-07-01,2019-07-04,14,0.0,29.87,121.55,1
IMO9411020,Ns Burgas,Tankers,USCRP,Corpus Christi,2020-01-07,2020-01-10,187,6686.1,27.81,-97.39,2
IMO9411020,Ns Burgas,Tankers,SGSIN,Singapore,2020-01-24,2020-01-27,14,8673.9,1.28,103.85,3
IMO9411020,Ns Burgas,Tankers,SGSIN,Singapore,2020-02-10,2020-02-13,14,0.0,1.28,103.85,4
IMO9411020,Ns Burgas,Tankers,DZAZW,Arzew,2021-11-30,2021-12-03,656,6044.3,35.85,-0.31,5
IMO9411020,Ns Burgas,Tankers,CNNGB,Ningbo-Zhoushan,2021-12-17,2021-12-20,14,5676.8,29.87,121.55,6
IMO9411032,Seaways Raffles,Tankers,CNNGB,Ningbo-Zhoushan,2019-06-28,2019-07-01,14,0.0,29.87,121.55,1
IMO9411032,Seaways Raffles,Tankers,CNQDG,Qingdao,2019-07-15,2019-07-18,14,378.0,36.08,120.32,2
IMO9411032,Seaways Raffles,Tankers,KWMFA,Mina Al Ahmadi,2025-07-10,2025-07-13,2184,3592.8,29.07,48.15,3
IMO9411032,Seaways Raffles,Tankers,INSIK,Sikka / Jamnagar,2025-07-27,2025-07-30,14,1236.5,22.43,69.84,4
IMO9411082,Nobleway,Tankers,DZAZW,Arzew,2018-06-08,2018-06-11,0,0.0,35.85,-0.31,1
IMO9411082,Nobleway,Tankers,SGSIN,Singapore,2018-06-25,2018-06-28,14,6044.3,1.28,103.85,2
IMO9411082,Nobleway,Tankers,SARRT,Ras Tanura,2019-10-01,2019-10-04,460,3444.8,26.65,50.16,3
IMO9411082,Nobleway,Tankers,DZAZW,Arzew,2019-11-28,2019-12-01,55,2619.7,35.85,-0.31,4
IMO9411082,Nobleway,Tankers,INSIK,Sikka / Jamnagar,2019-12-15,2019-12-18,14,3689.7,22.43,69.84,5
IMO9411082,Nobleway,Tankers,SGSIN,Singapore,2020-01-01,2020-01-04,14,2355.7,1.28,103.85,6
IMO9411082,Nobleway,Tankers,DZAZW,Arzew,2021-10-21,2021-10-24,656,6044.3,35.85,-0.31,7
IMO9411082,Nobleway,Tankers,NLRTM,Rotterdam,2022-07-29,2022-08-01,278,986.2,51.92,4.47,8
IMO9411082,Nobleway,Tankers,USCRP,Corpus Christi,2023-06-09,2023-06-12,312,4516.2,27.81,-97.39,9
IMO9411082,Nobleway,Tankers,DZAZW,Arzew,2023-09-13,2023-09-16,93,4764.0,35.85,-0.31,10
IMO9411226,Ce-Bermuda,Tankers,SARRT,Ras Tanura,2018-12-10,2018-12-13,0,0.0,26.65,50.16,1
IMO9411226,Ce-bermuda,Tankers,RUPRI,Primorsk,2023-06-06,2023-06-09,0,0.0,60.36,28.61,1
IMO9411226,Ce-bermuda,Tankers,SARRT,Ras Tanura,2024-03-19,2024-03-22,284,2208.2,26.65,50.16,2
IMO9411226,Ce-bermuda,Tankers,SARRT,Ras Tanura,2024-04-05,2024-04-08,14,0.0,26.65,50.16,3
IMO9411226,Ce-bermuda,Tankers,INSIK,Sikka / Jamnagar,2024-04-22,2024-04-25,14,1103.0,22.43,69.84,4
IMO9411226,Ce-bermuda,Tankers,SARRT,Ras Tanura,2025-05-20,2025-05-23,390,1103.0,26.65,50.16,5
IMO9411226,Ce-bermuda,Tankers,AEFJR,Fujairah,2025-06-11,2025-06-14,19,346.0,25.13,56.34,6
IMO9411226,Ce-bermuda,Tankers,KWMFA,Mina Al Ahmadi,2025-11-17,2025-11-20,156,497.4,29.07,48.15,7
IMO9411226,Ce-bermuda,Tankers,INSIK,Sikka / Jamnagar,2025-12-04,2025-12-07,14,1236.5,22.43,69.84,8
IMO9411226,Ce-bermuda,Tankers,CNNGB,Ningbo-Zhoushan,2025-12-21,2025-12-24,14,2799.7,29.87,121.55,9
IMO9411226,Ce-bermuda,Tankers,CNNGB,Ningbo-Zhoushan,2026-01-07,2026-01-10,14,0.0,29.87,121.55,10
IMO9411226,Ce-bermuda,Tankers,AEFJR,Fujairah,2026-06-30,2026-07-03,171,3438.5,25.13,56.34,11
IMO9411238,Ce-Hamilton,Tankers,SGSIN,Singapore,2018-03-30,2018-04-02,14,0.0,1.28,103.85,1
IMO9411238,Ce-Hamilton,Tankers,DZAZW,Arzew,2018-09-14,2018-09-17,165,6044.3,35.85,-0.31,2
IMO9411238,Ce-Hamilton,Tankers,SARRT,Ras Tanura,2019-01-04,2019-01-07,109,2619.7,26.65,50.16,3
IMO9411238,Ce-Hamilton,Tankers,DZAZW,Arzew,2019-04-04,2019-04-07,87,2619.7,35.85,-0.31,4
IMO9411238,Ce-hamilton,Tankers,AEFJR,Fujairah,2022-09-18,2022-09-21,0,0.0,25.13,56.34,1
IMO9411238,Ce-hamilton,Tankers,RUPRI,Primorsk,2022-10-23,2022-10-26,32,2405.0,60.36,28.61,2
IMO9411238,Ce-hamilton,Tankers,INSIK,Sikka / Jamnagar,2022-11-09,2022-11-12,14,2852.7,22.43,69.84,3
IMO9411238,Ce-hamilton,Tankers,INSIK,Sikka / Jamnagar,2022-11-26,2022-11-29,14,0.0,22.43,69.84,4
IMO9411238,Ce-hamilton,Tankers,AEFJR,Fujairah,2024-01-12,2024-01-15,409,758.9,25.13,56.34,5
IMO9411238,Ce-hamilton,Tankers,SGSIN,Singapore,2024-01-29,2024-02-01,14,3099.3,1.28,103.85,6
IMO9411238,Ce-hamilton,Tankers,SARRT,Ras Tanura,2025-01-27,2025-01-30,361,3444.8,26.65,50.16,7
IMO9411238,Ce-hamilton,Tankers,USHOU,Houston,2025-04-22,2025-04-25,82,6881.5,29.74,-95.27,8
IMO9411238,Ce-hamilton,Tankers,CNNGB,Ningbo-Zhoushan,2025-05-09,2025-05-12,14,6654.6,29.87,121.55,9
IMO9411238,Ce-hamilton,Tankers,AEFJR,Fujairah,2025-05-26,2025-05-29,14,3438.5,25.13,56.34,10
IMO9411331,George S,Tankers,CNNGB,Ningbo-Zhoushan,2018-02-22,2018-02-25,14,0.0,29.87,121.55,1
IMO9411331,George S.,Tankers,USCRP,Corpus Christi,2019-06-11,2019-06-14,0,0.0,27.81,-97.39,1
IMO9411331,George S.,Tankers,DZAZW,Arzew,2019-09-16,2019-09-19,94,4764.0,35.85,-0.31,2
IMO9411331,George S.,Tankers,DZAZW,Arzew,2020-02-05,2020-02-08,139,0.0,35.85,-0.31,3
IMO9411331,George S.,Tankers,NLRTM,Rotterdam,2020-02-22,2020-02-25,14,986.2,51.92,4.47,4
IMO9411331,George S.,Tankers,SARRT,Ras Tanura,2021-03-18,2021-03-21,387,2547.4,26.65,50.16,5
IMO9411343,Yannis P.,Tankers,CNNGB,Ningbo-Zhoushan,2021-02-03,2021-02-06,14,0.0,29.87,121.55,1
IMO9411343,Yannis P.,Tankers,DZAZW,Arzew,2022-01-11,2022-01-14,339,5676.8,35.85,-0.31,2
IMO9411343,Yannis P.,Tankers,DZAZW,Arzew,2022-01-28,2022-01-31,14,0.0,35.85,-0.31,3
IMO9411343,Yannis P.,Tankers,RUPRI,Primorsk,2023-07-07,2023-07-10,522,1842.9,60.36,28.61,4
IMO9411343,Yannis P.,Tankers,KWMFA,Mina Al Ahmadi,2025-01-09,2025-01-12,549,2037.6,29.07,48.15,5
IMO9411343,Yannis P.,Tankers,INSIK,Sikka / Jamnagar,2025-01-26,2025-01-29,14,1236.5,22.43,69.84,6
IMO9411343,Yannis P.,Tankers,AEFJR,Fujairah,2025-05-15,2025-05-18,106,758.9,25.13,56.34,7
IMO9411343,Yannis P.,Tankers,AEFJR,Fujairah,2026-04-21,2026-04-24,338,0.0,25.13,56.34,8
IMO9411343,Yannis P.,Tankers,SAYNB,Yanbu,2026-04-22,2026-04-25,1,999.0,24.09,38.06,9
IMO9411343,Yannis P.,Tankers,AEFJR,Fujairah,2026-06-08,2026-06-11,44,999.0,25.13,56.34,10
IMO9411343,Yannis P.,Tankers,DZAZW,Arzew,2026-06-30,2026-07-03,19,2959.8,35.85,-0.31,11
IMO9411939,Minerva Marina,Tankers,SGSIN,Singapore,2019-03-14,2019-03-17,14,0.0,1.28,103.85,1
IMO9411939,Minerva Marina,Tankers,SARRT,Ras Tanura,2019-07-26,2019-07-29,131,3444.8,26.65,50.16,2
IMO9411939,Minerva Marina,Tankers,SGSIN,Singapore,2019-08-12,2019-08-15,14,3444.8,1.28,103.85,3
IMO9411939,Minerva Marina,Tankers,DZAZW,Arzew,2019-11-28,2019-12-01,105,6044.3,35.85,-0.31,4
IMO9411939,Minerva Marina,Tankers,SGSIN,Singapore,2019-12-15,2019-12-18,14,6044.3,1.28,103.85,5
IMO9411939,Minerva Marina,Tankers,SGSIN,Singapore,2020-01-01,2020-01-04,14,0.0,1.28,103.85,6
IMO9411939,Minerva Marina,Tankers,SGSIN,Singapore,2020-01-18,2020-01-21,14,0.0,1.28,103.85,7
IMO9411939,Minerva Marina,Tankers,SGSIN,Singapore,2021-03-29,2021-04-01,433,0.0,1.28,103.85,8
IMO9411939,Minerva Marina,Tankers,CNNGB,Ningbo-Zhoushan,2021-04-15,2021-04-18,14,1991.7,29.87,121.55,9
IMO9411939,Minerva Marina,Tankers,AEFJR,Fujairah,2022-05-11,2022-05-14,388,3438.5,25.13,56.34,10
IMO9411939,Minerva Marina,Tankers,INSIK,Sikka / Jamnagar,2022-05-28,2022-05-31,14,758.9,22.43,69.84,11
IMO9411939,Minerva Marina,Tankers,SARRT,Ras Tanura,2022-09-22,2022-09-25,114,1103.0,26.65,50.16,12
IMO9411939,Minerva Marina,Tankers,SARRT,Ras Tanura,2022-10-11,2022-10-14,16,0.0,26.65,50.16,13
IMO9411939,Minerva Marina,Tankers,SARRT,Ras Tanura,2025-06-19,2025-06-22,979,0.0,26.65,50.16,14
IMO9411941,Minerva Vera,Tankers,SGSIN,Singapore,2018-10-15,2018-10-18,14,0.0,1.28,103.85,1
IMO9411941,Minerva Vera,Tankers,SGSIN,Singapore,2018-11-01,2018-11-04,14,0.0,1.28,103.85,2
IMO9411941,Minerva Vera,Tankers,DZAZW,Arzew,2018-12-11,2018-12-14,37,6044.3,35.85,-0.31,3
IMO9411941,Minerva Vera,Tankers,SGSIN,Singapore,2018-12-28,2018-12-31,14,6044.3,1.28,103.85,4
IMO9411941,Minerva Vera,Tankers,SARRT,Ras Tanura,2020-04-15,2020-04-18,471,3444.8,26.65,50.16,5
IMO9411941,Minerva Vera,Tankers,KRUSN,Ulsan,2020-05-02,2020-05-05,14,4000.9,35.5,129.38,6
IMO9411941,Minerva Vera,Tankers,AEFJR,Fujairah,2021-01-18,2021-01-21,258,3753.1,25.13,56.34,7
IMO9411941,Minerva Vera,Tankers,SGSIN,Singapore,2021-02-04,2021-02-07,14,3099.3,1.28,103.85,8
IMO9411941,Minerva Vera,Tankers,AEFJR,Fujairah,2021-02-21,2021-02-24,14,3099.3,25.13,56.34,9
IMO9411941,Minerva Vera,Tankers,SARRT,Ras Tanura,2021-10-20,2021-10-23,238,346.0,26.65,50.16,10
IMO9411941,Minerva Vera,Tankers,SARRT,Ras Tanura,2022-07-27,2022-07-30,277,0.0,26.65,50.16,11
IMO9411941,Minerva Vera,Tankers,SARRT,Ras Tanura,2022-11-17,2022-11-20,110,0.0,26.65,50.16,12
IMO9411941,Minerva Vera,Tankers,KWMFA,Mina Al Ahmadi,2023-03-24,2023-03-27,124,180.3,29.07,48.15,13
IMO9411941,Minerva Vera,Tankers,SARRT,Ras Tanura,2023-06-01,2023-06-04,66,180.3,26.65,50.16,14
IMO9411941,Minerva Vera,Tankers,SARRT,Ras Tanura,2023-07-05,2023-07-08,31,0.0,26.65,50.16,15
IMO9411941,Minerva Vera,Tankers,SARRT,Ras Tanura,2023-09-22,2023-09-25,76,0.0,26.65,50.16,16
IMO9411941,Minerva Vera,Tankers,SARRT,Ras Tanura,2023-10-04,2023-10-07,9,0.0,26.65,50.16,17
IMO9411941,Minerva Vera,Tankers,AEFJR,Fujairah,2024-01-18,2024-01-21,103,346.0,25.13,56.34,18
IMO9411941,Minerva Vera,Tankers,NLRTM,Rotterdam,2024-09-10,2024-09-13,233,2835.7,51.92,4.47,19
IMO9411941,Minerva Vera,Tankers,SARRT,Ras Tanura,2024-11-21,2024-11-24,69,2547.4,26.65,50.16,20
IMO9411941,Minerva Vera,Tankers,AEFJR,Fujairah,2025-01-14,2025-01-17,51,346.0,25.13,56.34,21
IMO9411941,Minerva Vera,Tankers,SARRT,Ras Tanura,2025-08-20,2025-08-23,215,346.0,26.65,50.16,22
IMO9411953,Athenian Success,Tankers,SARRT,Ras Tanura,2020-03-19,2020-03-22,0,0.0,26.65,50.16,1
IMO9411953,Baltic Loyalty,Tankers,SARRT,Ras Tanura,2025-10-17,2025-10-20,0,0.0,26.65,50.16,1
IMO9411965,Athenian Harmony,Tankers,NGBON,Bonny,2019-06-26,2019-06-29,0,0.0,4.45,7.16,1
IMO9411965,Athenian Harmony,Tankers,KRUSN,Ulsan,2019-07-13,2019-07-16,14,6773.2,35.5,129.38,2
IMO9411965,Kallista,Tankers,INSIK,Sikka / Jamnagar,2022-04-06,2022-04-09,14,0.0,22.43,69.84,1
IMO9411965,Kallista,Tankers,SARRT,Ras Tanura,2022-05-12,2022-05-15,33,1103.0,26.65,50.16,2
IMO9411965,Kallista,Tankers,KRUSN,Ulsan,2022-05-29,2022-06-01,14,4000.9,35.5,129.38,3
IMO9411965,Kallista,Tankers,KRUSN,Ulsan,2022-06-15,2022-06-18,14,0.0,35.5,129.38,4
IMO9411965,Kallista,Tankers,SARRT,Ras Tanura,2024-01-19,2024-01-22,580,4000.9,26.65,50.16,5
IMO9411965,Kallista,Tankers,INSIK,Sikka / Jamnagar,2024-02-05,2024-02-08,14,1103.0,22.43,69.84,6
IMO9411965,Kallista,Tankers,SARRT,Ras Tanura,2024-11-20,2024-11-23,286,1103.0,26.65,50.16,7
IMO9411965,Kallista,Tankers,SAYNB,Yanbu,2026-03-10,2026-03-13,472,673.9,24.09,38.06,8
IMO9411965,Kallista,Tankers,AEFJR,Fujairah,2026-04-09,2026-04-12,27,999.0,25.13,56.34,9
IMO9412098,Phaethon,Tankers,DZAZW,Arzew,2018-07-16,2018-07-19,0,0.0,35.85,-0.31,1
IMO9412098,Phaethon,Tankers,CNNGB,Ningbo-Zhoushan,2018-08-02,2018-08-05,14,5676.8,29.87,121.55,2
IMO9412098,Phaethon,Tankers,CNNGB,Ningbo-Zhoushan,2018-08-19,2018-08-22,14,0.0,29.87,121.55,3
IMO9412098,Phaethon,Tankers,NLRTM,Rotterdam,2019-03-07,2019-03-10,197,4890.7,51.92,4.47,4
IMO9412098,Phaethon,Tankers,SGSIN,Singapore,2019-03-24,2019-03-27,14,5689.2,1.28,103.85,5
IMO9412098,Phaethon,Tankers,SARRT,Ras Tanura,2019-12-05,2019-12-08,253,3444.8,26.65,50.16,6
IMO9412098,Phaethon,Tankers,SARRT,Ras Tanura,2019-12-19,2019-12-22,11,0.0,26.65,50.16,7
IMO9412098,Phaethon,Tankers,SGSIN,Singapore,2020-01-05,2020-01-08,14,3444.8,1.28,103.85,8
IMO9412098,Phaethon,Tankers,AEFJR,Fujairah,2020-02-18,2020-02-21,41,3099.3,25.13,56.34,9
IMO9412098,Phaethon,Tankers,SGSIN,Singapore,2020-03-06,2020-03-09,14,3099.3,1.28,103.85,10
IMO9412098,Phaethon,Tankers,SAYNB,Yanbu,2020-03-10,2020-03-13,1,4050.1,24.09,38.06,11
IMO9412098,Phaethon,Tankers,CNRZH,Rizhao,2020-03-27,2020-03-30,14,4184.9,35.42,119.53,12
IMO9412098,Phaethon,Tankers,CNNGB,Ningbo-Zhoushan,2020-04-13,2020-04-16,14,348.5,29.87,121.55,13
IMO9412098,Phaethon,Tankers,NLRTM,Rotterdam,2023-04-18,2023-04-21,1097,4890.7,51.92,4.47,14
IMO9412098,Phaethon,Tankers,AEFJR,Fujairah,2023-06-14,2023-06-17,54,2835.7,25.13,56.34,15
IMO9412098,Phaethon,Tankers,SGSIN,Singapore,2023-07-01,2023-07-04,14,3099.3,1.28,103.85,16
IMO9412098,Phaethon,Tankers,AEFJR,Fujairah,2023-07-25,2023-07-28,21,3099.3,25.13,56.34,17
IMO9412098,Phaethon,Tankers,SGSIN,Singapore,2024-06-17,2024-06-20,325,3099.3,1.28,103.85,18
IMO9412098,Phaethon,Tankers,CNNGB,Ningbo-Zhoushan,2024-07-04,2024-07-07,14,1991.7,29.87,121.55,19
IMO9412098,Phaethon,Tankers,DZAZW,Arzew,2025-10-16,2025-10-19,466,5676.8,35.85,-0.31,20
IMO9412103,Pegasus,Tankers,SGSIN,Singapore,2019-10-29,2019-11-01,14,0.0,1.28,103.85,1
IMO9412103,Pegasus,Tankers,SGSIN,Singapore,2019-11-15,2019-11-18,14,0.0,1.28,103.85,2
IMO9412103,Pegasus,Tankers,SARRT,Ras Tanura,2020-05-26,2020-05-29,190,3444.8,26.65,50.16,3
IMO9412103,Pegasus,Tankers,SAYNB,Yanbu,2021-10-19,2021-10-22,508,673.9,24.09,38.06,4
IMO9412103,Pegasus,Tankers,AEFJR,Fujairah,2022-03-10,2022-03-13,139,999.0,25.13,56.34,5
IMO9412103,Pegasus,Tankers,SARRT,Ras Tanura,2023-07-19,2023-07-22,493,346.0,26.65,50.16,6
IMO9412103,Pegasus,Tankers,SARRT,Ras Tanura,2024-03-05,2024-03-08,227,0.0,26.65,50.16,7
IMO9412103,Pegasus,Tankers,SARRT,Ras Tanura,2025-05-30,2025-06-02,448,0.0,26.65,50.16,8
IMO9412103,Pegasus,Tankers,INSIK,Sikka / Jamnagar,2025-06-16,2025-06-19,14,1103.0,22.43,69.84,9
IMO9412103,Pegasus,Tankers,AEFJR,Fujairah,2025-07-03,2025-07-06,14,758.9,25.13,56.34,10
IMO9412103,Pegasus,Tankers,SARRT,Ras Tanura,2025-11-04,2025-11-07,121,346.0,26.65,50.16,11
IMO9412103,Pegasus,Tankers,INSIK,Sikka / Jamnagar,2025-11-21,2025-11-24,14,1103.0,22.43,69.84,12
IMO9412103,Pegasus,Tankers,SARRT,Ras Tanura,2025-12-17,2025-12-20,23,1103.0,26.65,50.16,13
IMO9412103,Pegasus,Tankers,SAYNB,Yanbu,2026-03-12,2026-03-15,82,673.9,24.09,38.06,14
IMO9412309,Delta TBN,Tankers,SGSIN,Singapore,2019-08-29,2019-09-01,14,0.0,1.28,103.85,1
IMO9412309,Delta TBN,Tankers,SGSIN,Singapore,2019-09-15,2019-09-18,14,0.0,1.28,103.85,2
IMO9412309,Delta Med,Tankers,KWMFA,Mina Al Ahmadi,2019-11-05,2019-11-08,0,0.0,29.07,48.15,1
IMO9412309,Delta Med,Tankers,KWMFA,Mina Al Ahmadi,2019-11-08,2019-11-11,1,0.0,29.07,48.15,2
IMO9412309,Delta Med,Tankers,SGSIN,Singapore,2019-11-25,2019-11-28,14,3589.4,1.28,103.85,3
IMO9412335,Ns Bora,Tankers,NLRTM,Rotterdam,2019-07-25,2019-07-28,14,0.0,51.92,4.47,1
IMO9412347,Leonid Loza,Tankers,SGSIN,Singapore,2018-06-21,2018-06-24,14,0.0,1.28,103.85,1
IMO9412347,Leonid Loza,Tankers,NLRTM,Rotterdam,2018-07-08,2018-07-11,14,5689.2,51.92,4.47,2
IMO9412347,Leonid Loza,Tankers,SARRT,Ras Tanura,2021-11-24,2021-11-27,1232,2547.4,26.65,50.16,3
IMO9412359,Ns Bravo,Tankers,NLRTM,Rotterdam,2018-08-29,2018-09-01,14,0.0,51.92,4.47,1
IMO9412359,Ns Bravo,Tankers,NLRTM,Rotterdam,2019-03-14,2019-03-17,194,0.0,51.92,4.47,2
IMO9412359,Ns Bravo,Tankers,SGSIN,Singapore,2019-03-31,2019-04-03,14,5689.2,1.28,103.85,3
IMO9412359,Ns Bravo,Tankers,SGSIN,Singapore,2019-04-17,2019-04-20,14,0.0,1.28,103.85,4
IMO9412359,Ns Bravo,Tankers,SGSIN,Singapore,2019-05-04,2019-05-07,14,0.0,1.28,103.85,5
IMO9412359,Ns Bravo,Tankers,AEFJR,Fujairah,2022-02-14,2022-02-17,1014,3099.3,25.13,56.34,6
IMO9412359,Ns Bravo,Tankers,CNRZH,Rizhao,2022-03-03,2022-03-06,14,3279.8,35.42,119.53,7
IMO9412359,Ns Bravo,Tankers,CNNGB,Ningbo-Zhoushan,2022-03-20,2022-03-23,14,348.5,29.87,121.55,8
IMO9412581,Nordic Vega,Tankers,USHOU,Houston,2020-02-27,2020-03-01,0,0.0,29.74,-95.27,1
IMO9412581,Nordic Vega,Tankers,SGSIN,Singapore,2020-03-15,2020-03-18,14,8646.3,1.28,103.85,2
IMO9412581,Nordic Vega,Tankers,SGSIN,Singapore,2020-04-01,2020-04-04,14,0.0,1.28,103.85,3
IMO9412581,Nordic Vega,Tankers,AEFJR,Fujairah,2026-07-15,2026-07-18,2293,3099.3,25.13,56.34,4
IMO9413327,Stena Clear Sky,LNG,QARLF,Ras Laffan,2015-11-23,2015-11-26,0,0.0,25.92,51.53,1
IMO9413327,Stena Clear Sky,LNG,QARLF,Ras Laffan,2015-12-10,2015-12-13,14,0.0,25.92,51.53,2
IMO9413327,Stena Clear Sky,LNG,USSPG,Sabine Pass,2017-09-15,2017-09-18,642,6917.9,29.73,-93.87,3
IMO9413327,Stena Clear Sky,LNG,USSPG,Sabine Pass,2017-10-02,2017-10-05,14,0.0,29.73,-93.87,4
IMO9413327,Stena Clear Sky,LNG,USSPG,Sabine Pass,2018-06-11,2018-06-14,249,0.0,29.73,-93.87,5
IMO9413327,Stena Clear Sky,LNG,USSPG,Sabine Pass,2018-06-28,2018-07-01,14,0.0,29.73,-93.87,6
IMO9413327,Stena Clear Sky,LNG,SGSIN,Singapore,2019-07-23,2019-07-26,387,8686.4,1.28,103.85,7
IMO9413327,Stena Clear Sky,LNG,SGSIN,Singapore,2019-08-09,2019-08-12,14,0.0,1.28,103.85,8
IMO9413834,Patroclus,Tankers,SARRT,Ras Tanura,2018-10-31,2018-11-03,0,0.0,26.65,50.16,1
IMO9413834,Patroclus,Tankers,KWMFA,Mina Al Ahmadi,2018-11-19,2018-11-22,16,180.3,29.07,48.15,2
IMO9413834,Patroclus,Tankers,INSIK,Sikka / Jamnagar,2018-12-06,2018-12-09,14,1236.5,22.43,69.84,3
IMO9413834,Patroclus,Tankers,NLRTM,Rotterdam,2018-12-23,2018-12-26,14,3449.7,51.92,4.47,4
IMO9413834,Patroclus,Tankers,SARRT,Ras Tanura,2020-03-17,2020-03-20,447,2547.4,26.65,50.16,5
IMO9413834,Patroclus,Tankers,SARRT,Ras Tanura,2020-06-18,2020-06-21,90,0.0,26.65,50.16,6
IMO9413834,Patroclus,Tankers,SGSIN,Singapore,2020-07-05,2020-07-08,14,3444.8,1.28,103.85,7
IMO9413834,Patroclus,Tankers,DZAZW,Arzew,2022-11-29,2022-12-02,874,6044.3,35.85,-0.31,8
IMO9413834,Patroclus,Tankers,AEFJR,Fujairah,2023-11-15,2023-11-18,348,2959.8,25.13,56.34,9
IMO9413834,Patroclus,Tankers,DZAZW,Arzew,2026-01-30,2026-02-02,804,2959.8,35.85,-0.31,10
IMO9413834,Patroclus,Tankers,SGSIN,Singapore,2026-02-16,2026-02-19,14,6044.3,1.28,103.85,11
IMO9413834,Patroclus,Tankers,SAYNB,Yanbu,2026-05-28,2026-05-31,98,4050.1,24.09,38.06,12
IMO9414530,Sumire Gas,LPG,USHOU,Houston,2022-05-12,2022-05-15,0,0.0,29.74,-95.27,1
IMO9414530,Sumire Gas,LPG,USHOU,Houston,2022-08-19,2022-08-22,96,0.0,29.74,-95.27,2
IMO9414530,Sumire Gas,LPG,USHOU,Houston,2022-12-01,2022-12-04,101,0.0,29.74,-95.27,3
IMO9414931,Yiangos,Tankers,SARRT,Ras Tanura,2019-12-06,2019-12-09,0,0.0,26.65,50.16,1
IMO9414931,Yiangos,Tankers,SGSIN,Singapore,2019-12-23,2019-12-26,14,3444.8,1.28,103.85,2
IMO9414931,Yiangos o/o,Tankers,SARRT,Ras Tanura,2020-08-24,2020-08-27,0,0.0,26.65,50.16,1
IMO9414931,Yiangos o/o,Tankers,INSIK,Sikka / Jamnagar,2020-09-10,2020-09-13,14,1103.0,22.43,69.84,2
IMO9414931,Yiangos,Tankers,SARRT,Ras Tanura,2023-03-07,2023-03-10,1167,3444.8,26.65,50.16,3
IMO9414931,Yiangos,Tankers,AEFJR,Fujairah,2023-05-19,2023-05-22,70,346.0,25.13,56.34,4
IMO9414931,Yiangos,Tankers,INSIK,Sikka / Jamnagar,2023-06-05,2023-06-08,14,758.9,22.43,69.84,5
IMO9414931,Yiangos,Tankers,SGSIN,Singapore,2023-06-22,2023-06-25,14,2355.7,1.28,103.85,6
IMO9414931,Yiangos,Tankers,KWMFA,Mina Al Ahmadi,2025-06-19,2025-06-22,725,3589.4,29.07,48.15,7
IMO9415399,Barbarosa,Tankers,SARRT,Ras Tanura,2018-01-17,2018-01-20,0,0.0,26.65,50.16,1
IMO9415399,Barbarosa,Tankers,SGSIN,Singapore,2018-02-03,2018-02-06,14,3444.8,1.28,103.85,2
IMO9415399,Barbarosa,Tankers,SGSIN,Singapore,2018-02-20,2018-02-23,14,0.0,1.28,103.85,3
IMO9415399,Barbarosa,Tankers,NLRTM,Rotterdam,2018-04-04,2018-04-07,40,5689.2,51.92,4.47,4
IMO9415399,Barbarosa,Tankers,SGSIN,Singapore,2018-04-21,2018-04-24,14,5689.2,1.28,103.85,5
IMO9415399,Barbarosa,Tankers,CNNGB,Ningbo-Zhoushan,2018-05-08,2018-05-11,14,1991.7,29.87,121.55,6
IMO9415399,Barbarosa,Tankers,NLRTM,Rotterdam,2018-05-25,2018-05-28,14,4890.7,51.92,4.47,7
IMO9415399,RISE GLORY,Tankers,SGSIN,Singapore,2018-07-26,2018-07-29,14,0.0,1.28,103.85,1
IMO9415399,Barbarosa,Tankers,DZAZW,Arzew,2020-02-07,2020-02-10,620,986.2,35.85,-0.31,8
IMO9415399,Barbarosa,Tankers,CNNGB,Ningbo-Zhoushan,2020-02-24,2020-02-27,14,5676.8,29.87,121.55,9
IMO9415399,Barbarosa,Tankers,AEFJR,Fujairah,2020-04-09,2020-04-12,42,3438.5,25.13,56.34,10
IMO9415399,Barbarosa,Tankers,SARRT,Ras Tanura,2020-06-08,2020-06-11,57,346.0,26.65,50.16,11
IMO9415399,Barbarosa,Tankers,INSIK,Sikka / Jamnagar,2020-06-25,2020-06-28,14,1103.0,22.43,69.84,12
IMO9415399,Barbarosa,Tankers,INSIK,Sikka / Jamnagar,2020-07-12,2020-07-15,14,0.0,22.43,69.84,13
IMO9415399,Barbarosa,Tankers,KWMFA,Mina Al Ahmadi,2022-12-15,2022-12-18,883,1236.5,29.07,48.15,14
IMO9415399,Barbarosa,Tankers,INSIK,Sikka / Jamnagar,2023-01-01,2023-01-04,14,1236.5,22.43,69.84,15
IMO9415404,Al Agaila,Tankers,QARLF,Ras Laffan,2018-08-30,2018-09-02,0,0.0,25.92,51.53,1
IMO9415404,Al Agaila,Tankers,SARRT,Ras Tanura,2018-09-24,2018-09-27,22,85.8,26.65,50.16,2
IMO9415404,Al Agaila,Tankers,AEFJR,Fujairah,2018-10-11,2018-10-14,14,346.0,25.13,56.34,3
IMO9415404,Al Agaila,Tankers,INSIK,Sikka / Jamnagar,2018-10-28,2018-10-31,14,758.9,22.43,69.84,4
IMO9415404,Al Agaila,Tankers,INSIK,Sikka / Jamnagar,2018-11-14,2018-11-17,14,0.0,22.43,69.84,5
IMO9415404,Al Agaila,Tankers,INSIK,Sikka / Jamnagar,2018-12-01,2018-12-04,14,0.0,22.43,69.84,6
IMO9415404,Al Agaila,Tankers,KWMFA,Mina Al Ahmadi,2020-11-18,2020-11-21,715,1236.5,29.07,48.15,7
IMO9415404,Al Agaila,Tankers,CNNGB,Ningbo-Zhoushan,2020-12-05,2020-12-08,14,3765.1,29.87,121.55,8
IMO9415404,Al Agaila,Tankers,NLRTM,Rotterdam,2022-01-26,2022-01-29,414,4890.7,51.92,4.47,9
IMO9415404,Al Agaila,Tankers,SGSIN,Singapore,2022-02-12,2022-02-15,14,5689.2,1.28,103.85,10
IMO9415404,Al Agaila,Tankers,DZAZW,Arzew,2023-07-25,2023-07-28,525,6044.3,35.85,-0.31,11
IMO9415404,Al Agaila,Tankers,INSIK,Sikka / Jamnagar,2023-08-11,2023-08-14,14,3689.7,22.43,69.84,12
IMO9415404,Al Agaila,Tankers,KWMFA,Mina Al Ahmadi,2025-02-26,2025-03-01,562,1236.5,29.07,48.15,13
IMO9415404,Al Agaila,Tankers,SGSIN,Singapore,2025-03-15,2025-03-18,14,3589.4,1.28,103.85,14
IMO9415404,Al Agaila,Tankers,SARRT,Ras Tanura,2025-04-28,2025-05-01,41,3444.8,26.65,50.16,15
IMO9415404,Al Agaila,Tankers,INSIK,Sikka / Jamnagar,2025-05-15,2025-05-18,14,1103.0,22.43,69.84,16
IMO9415404,Al Agaila,Tankers,SGSIN,Singapore,2025-06-01,2025-06-04,14,2355.7,1.28,103.85,17
IMO9416056,Trf Miami,Tankers,INSIK,Sikka / Jamnagar,2018-12-13,2018-12-16,0,0.0,22.43,69.84,1
IMO9416082,Shamrock,Tankers,SGSIN,Singapore,2018-08-17,2018-08-20,14,0.0,1.28,103.85,1
IMO9416082,Shamrock,Tankers,SGSIN,Singapore,2018-09-03,2018-09-06,14,0.0,1.28,103.85,2
IMO9416422,Ridgebury John Zipser,Tankers,SGSIN,Singapore,2018-02-07,2018-02-10,14,0.0,1.28,103.85,1
IMO9416422,Ridgebury John Zipser,Tankers,NLRTM,Rotterdam,2018-02-24,2018-02-27,14,5689.2,51.92,4.47,2
IMO9416422,Ridgebury John Zipser,Tankers,NLRTM,Rotterdam,2021-06-25,2021-06-28,1214,0.0,51.92,4.47,3
IMO9416422,Ridgebury John Zipser,Tankers,SGSIN,Singapore,2021-07-12,2021-07-15,14,5689.2,1.28,103.85,4
IMO9416422,Ridgebury John Zipser,Tankers,NLRTM,Rotterdam,2023-01-23,2023-01-26,557,5689.2,51.92,4.47,5
IMO9416422,Ridgebury John Zipser,Tankers,KWMFA,Mina Al Ahmadi,2023-03-17,2023-03-20,50,2367.9,29.07,48.15,6
IMO9416422,Ocean Thunder,Tankers,CNNGB,Ningbo-Zhoushan,2024-07-04,2024-07-07,14,0.0,29.87,121.55,1
IMO9416422,Ocean Thunder,Tankers,AEFJR,Fujairah,2024-08-14,2024-08-17,38,3438.5,25.13,56.34,2
IMO9416422,Ocean Thunder,Tankers,SARRT,Ras Tanura,2024-09-25,2024-09-28,39,346.0,26.65,50.16,3
IMO9416422,Ocean Thunder,Tankers,SARRT,Ras Tanura,2024-10-18,2024-10-21,20,0.0,26.65,50.16,4
IMO9416422,Ocean Thunder,Tankers,SARRT,Ras Tanura,2024-11-19,2024-11-22,29,0.0,26.65,50.16,5
IMO9416422,Ocean Thunder,Tankers,SARRT,Ras Tanura,2024-12-24,2024-12-27,32,0.0,26.65,50.16,6
IMO9416422,Ocean Thunder,Tankers,KWMFA,Mina Al Ahmadi,2025-02-24,2025-02-27,59,180.3,29.07,48.15,7
IMO9416422,Ocean Thunder,Tankers,INSIK,Sikka / Jamnagar,2025-03-13,2025-03-16,14,1236.5,22.43,69.84,8
IMO9416422,Ocean Thunder,Tankers,AEFJR,Fujairah,2025-04-07,2025-04-10,22,758.9,25.13,56.34,9
IMO9416422,Ocean Thunder,Tankers,SGSIN,Singapore,2025-04-24,2025-04-27,14,3099.3,1.28,103.85,10
IMO9416422,Ocean Thunder,Tankers,AEFJR,Fujairah,2025-04-30,2025-05-03,3,3099.3,25.13,56.34,11
IMO9416422,Ocean Thunder,Tankers,INSIK,Sikka / Jamnagar,2025-05-17,2025-05-20,14,758.9,22.43,69.84,12
IMO9416422,Ocean Thunder,Tankers,SARRT,Ras Tanura,2025-05-23,2025-05-26,1,1103.0,26.65,50.16,14
IMO9416422,Ocean Thunder,Tankers,INSIK,Sikka / Jamnagar,2025-06-03,2025-06-06,14,0.0,22.43,69.84,13
IMO9416422,Ocean Thunder,Tankers,SARRT,Ras Tanura,2025-07-23,2025-07-26,58,0.0,26.65,50.16,15
IMO9416422,Ocean Thunder,Tankers,SARRT,Ras Tanura,2025-09-18,2025-09-21,54,0.0,26.65,50.16,16
IMO9416422,Ocean Thunder,Tankers,SARRT,Ras Tanura,2026-01-14,2026-01-17,115,0.0,26.65,50.16,17
IMO9416422,Ocean Thunder,Tankers,SARRT,Ras Tanura,2026-01-30,2026-02-02,13,0.0,26.65,50.16,18
IMO9416422,Ocean Thunder,Tankers,SGSIN,Singapore,2026-08-05,2026-08-08,184,3444.8,1.28,103.85,19
IMO9416628,Xin Pu Yang,Tankers,SARRT,Ras Tanura,2023-01-30,2023-02-02,0,0.0,26.65,50.16,1
IMO9416628,Xin Pu Yang,Tankers,SAYNB,Yanbu,2026-03-10,2026-03-13,1132,673.9,24.09,38.06,2
IMO9416630,Xin Xia Yang,Tankers,SARRT,Ras Tanura,2021-02-03,2021-02-06,0,0.0,26.65,50.16,1
IMO9416630,Xin Xia Yang,Tankers,KRUSN,Ulsan,2021-02-20,2021-02-23,14,4000.9,35.5,129.38,2
IMO9416630,Xin Xia Yang*,Tankers,SAYNB,Yanbu,2026-03-24,2026-03-27,0,0.0,24.09,38.06,1
IMO9416630,Xin Xia Yang,Tankers,AEFJR,Fujairah,2026-07-24,2026-07-27,1977,3753.1,25.13,56.34,3
IMO9416642,Xin Yong Yang,Tankers,SARRT,Ras Tanura,2020-11-24,2020-11-27,0,0.0,26.65,50.16,1
IMO9416642,Xin Yong Yang,Tankers,SAYNB,Yanbu,2026-06-12,2026-06-15,2023,673.9,24.09,38.06,2
IMO9416642,Xin Yong Yang,Tankers,AEFJR,Fujairah,2026-07-17,2026-07-20,32,999.0,25.13,56.34,3
IMO9416654,Xin Shen Yang,Tankers,SAYNB,Yanbu,2026-03-13,2026-03-16,0,0.0,24.09,38.06,1
IMO9416654,Xin Shen Yang,Tankers,CNQDG,Qingdao,2026-03-30,2026-04-02,14,4211.2,36.08,120.32,2
IMO9416733,Fraternity,Tankers,AEFJR,Fujairah,2019-09-13,2019-09-16,0,0.0,25.13,56.34,1
IMO9416733,Fraternity,Tankers,CNQDG,Qingdao,2019-09-30,2019-10-03,14,3312.7,36.08,120.32,2
IMO9416733,Fraternity,Tankers,CNNGB,Ningbo-Zhoushan,2019-10-17,2019-10-20,14,378.0,29.87,121.55,3
IMO9416733,Fraternity,Tankers,USHOU,Houston,2022-07-04,2022-07-07,988,6654.6,29.74,-95.27,4
IMO9416959,Clipper Hermod ,LPG,USHOU,Houston,2021-10-07,2021-10-10,14,0.0,29.74,-95.27,1
IMO9416959,Clipper Hermod,LPG,USHOU,Houston,2021-10-28,2021-10-31,0,0.0,29.74,-95.27,1
IMO9416959,Clipper Hermod,LPG,USHOU,Houston,2022-11-25,2022-11-28,390,0.0,29.74,-95.27,2
IMO9417189,Yuan Shan Hu,Tankers,KWMFA,Mina Al Ahmadi,2020-09-04,2020-09-07,0,0.0,29.07,48.15,1
IMO9417189,Yuan Shan Hu,Tankers,KWMFA,Mina Al Ahmadi,2020-11-02,2020-11-05,56,0.0,29.07,48.15,2
IMO9417189,Yuan Shan Hu,Tankers,SARRT,Ras Tanura,2021-04-27,2021-04-30,173,180.3,26.65,50.16,3
IMO9417189,Yuan Shan Hu,Tankers,SARRT,Ras Tanura,2024-03-04,2024-03-07,1039,0.0,26.65,50.16,4
IMO9418054,Lu San,Tankers,SGSIN,Singapore,2019-03-25,2019-03-28,14,0.0,1.28,103.85,1
IMO9418054,Lu San,Tankers,SARRT,Ras Tanura,2019-04-23,2019-04-26,26,3444.8,26.65,50.16,2
IMO9418054,Quantum Harmony,Tankers,SARRT,Ras Tanura,2025-12-08,2025-12-11,0,0.0,26.65,50.16,1
IMO9418054,Quantum Harmony,Tankers,SARRT,Ras Tanura,2025-12-23,2025-12-26,12,0.0,26.65,50.16,2
IMO9418054,Quantum Harmony,Tankers,AEFJR,Fujairah,2026-04-23,2026-04-26,118,346.0,25.13,56.34,3
IMO9418054,Quantum Harmony,Tankers,SAYNB,Yanbu,2026-06-16,2026-06-19,51,999.0,24.09,38.06,4
IMO9418054,Quantum Harmony,Tankers,SAYNB,Yanbu,2026-08-10,2026-08-13,52,0.0,24.09,38.06,5
IMO9418066,Peru Prosperity,Tankers,AEFJR,Fujairah,2026-05-12,2026-05-15,0,0.0,25.13,56.34,1
IMO9418066,Peru Prosperity,Tankers,SAYNB,Yanbu,2026-05-12,2026-05-15,1,999.0,24.09,38.06,2
IMO9418140,Pacific Mercury ,LPG,USHOU,Houston,2020-05-21,2020-05-24,0,0.0,29.74,-95.27,1
IMO9418140,Pacific Mercury,LPG,USHOU,Houston,2020-09-10,2020-09-13,0,0.0,29.74,-95.27,1
IMO9418140,Pacific Mercury,LPG,USHOU,Houston,2021-06-10,2021-06-13,270,0.0,29.74,-95.27,2
IMO9418140,Pacific Mercury,LPG,USHOU,Houston,2021-10-14,2021-10-17,123,0.0,29.74,-95.27,3
IMO9418140,Pacific Mercury,LPG,USHOU,Houston,2022-11-10,2022-11-13,389,0.0,29.74,-95.27,4
IMO9418157,Delta Commander,Tankers,NLRTM,Rotterdam,2018-03-21,2018-03-24,14,0.0,51.92,4.47,1
IMO9418157,Delta Commander,Tankers,NGBON,Bonny,2018-09-14,2018-09-17,174,2853.3,4.45,7.16,2
IMO9418157,Delta Commander,Tankers,SGSIN,Singapore,2018-10-01,2018-10-04,14,5798.0,1.28,103.85,3
IMO9418157,Delta Commander,Tankers,NLRTM,Rotterdam,2018-10-18,2018-10-21,14,5689.2,51.92,4.47,4
IMO9418157,Delta Commander,Tankers,INSIK,Sikka / Jamnagar,2018-11-04,2018-11-07,14,3449.7,22.43,69.84,5
IMO9418157,Delta Commander,Tankers,NLRTM,Rotterdam,2018-11-21,2018-11-24,14,3449.7,51.92,4.47,6
IMO9418157,Delta Commander,Tankers,CNNGB,Ningbo-Zhoushan,2018-12-08,2018-12-11,14,4890.7,29.87,121.55,7
IMO9418597,Beijing Spirit,Tankers,SARRT,Ras Tanura,2021-02-01,2021-02-04,0,0.0,26.65,50.16,1
IMO9418597,Beijing Spirit,Tankers,DZAZW,Arzew,2022-02-02,2022-02-05,363,2619.7,35.85,-0.31,2
IMO9418597,Beijing Spirit,Tankers,NLRTM,Rotterdam,2022-10-11,2022-10-14,248,986.2,51.92,4.47,3
IMO9418597,Beijing Spirit,Tankers,CNNGB,Ningbo-Zhoushan,2022-10-28,2022-10-31,14,4890.7,29.87,121.55,4
IMO9418597,Beijing Spirit,Tankers,NLRTM,Rotterdam,2022-11-14,2022-11-17,14,4890.7,51.92,4.47,5
IMO9418597,Beijing Spirit,Tankers,SGSIN,Singapore,2022-12-01,2022-12-04,14,5689.2,1.28,103.85,6
IMO9418597,Beijing Spirit,Tankers,SGSIN,Singapore,2025-10-24,2025-10-27,1055,0.0,1.28,103.85,7
IMO9418602,Moscow Spirit,Tankers,CNNGB,Ningbo-Zhoushan,2018-06-07,2018-06-10,14,0.0,29.87,121.55,1
IMO9418602,Moscow Spirit,Tankers,SGSIN,Singapore,2018-06-24,2018-06-27,14,1991.7,1.28,103.85,2
IMO9418602,Moscow Spirit,Tankers,NLRTM,Rotterdam,2018-07-11,2018-07-14,14,5689.2,51.92,4.47,3
IMO9418602,Moscow Spirit,Tankers,CNNGB,Ningbo-Zhoushan,2018-07-28,2018-07-31,14,4890.7,29.87,121.55,4
IMO9418602,Moscow Spirit,Tankers,CNNGB,Ningbo-Zhoushan,2018-08-14,2018-08-17,14,0.0,29.87,121.55,5
IMO9418602,Moscow Spirit,Tankers,DZAZW,Arzew,2023-01-16,2023-01-19,1613,5676.8,35.85,-0.31,6
IMO9418602,Moscow Spirit,Tankers,SGSIN,Singapore,2025-04-09,2025-04-12,811,6044.3,1.28,103.85,7
IMO9418602,Moscow Spirit,Tankers,SARRT,Ras Tanura,2025-06-09,2025-06-12,58,3444.8,26.65,50.16,8
IMO9418602,Moscow Spirit,Tankers,SARRT,Ras Tanura,2025-07-17,2025-07-20,35,0.0,26.65,50.16,9
IMO9418602,Moscow Spirit,Tankers,AEFJR,Fujairah,2025-08-12,2025-08-15,23,346.0,25.13,56.34,10
IMO9418614,Front Brage,Tankers,NLRTM,Rotterdam,2018-05-17,2018-05-20,14,0.0,51.92,4.47,1
IMO9418614,Front Brage,Tankers,DZAZW,Arzew,2020-05-04,2020-05-07,715,986.2,35.85,-0.31,2
IMO9418614,Front Brage,Tankers,DZAZW,Arzew,2023-04-11,2023-04-14,1069,0.0,35.85,-0.31,3
IMO9418614,Lila Marseille,Tankers,DZAZW,Arzew,2026-02-13,2026-02-16,0,0.0,35.85,-0.31,1
IMO9418614,Lila Marseille,Tankers,DZAZW,Arzew,2026-04-16,2026-04-19,59,0.0,35.85,-0.31,2
IMO9418614,Lila Marseille,Tankers,SAYNB,Yanbu,2026-08-26,2026-08-29,129,2101.2,24.09,38.06,3
IMO9418668,Gas Young,LPG,QARLF,Ras Laffan,2021-01-28,2021-01-31,0,0.0,25.92,51.53,1
IMO9418668,Gas Young,LPG,QARLF,Ras Laffan,2021-09-16,2021-09-19,228,0.0,25.92,51.53,2
IMO9418668,Gas Young,LPG,SAYNB,Yanbu,2022-09-22,2022-09-25,368,740.8,24.09,38.06,3
IMO9419096,Delta Spirit,Tankers,INSIK,Sikka / Jamnagar,2021-01-19,2021-01-22,14,0.0,22.43,69.84,1
IMO9419096,Delta Spirit,Tankers,CNNGB,Ningbo-Zhoushan,2021-02-05,2021-02-08,14,2799.7,29.87,121.55,2
IMO9419096,Delta Spirit,Tankers,CNNGB,Ningbo-Zhoushan,2021-02-22,2021-02-25,14,0.0,29.87,121.55,3
IMO9419096,Delta Spirit,Tankers,INSIK,Sikka / Jamnagar,2021-03-11,2021-03-14,14,2799.7,22.43,69.84,4
IMO9419096,Delta Spirit,Tankers,INSIK,Sikka / Jamnagar,2021-03-28,2021-03-31,14,0.0,22.43,69.84,5
IMO9419096,Delta Spirit,Tankers,INSIK,Sikka / Jamnagar,2021-04-14,2021-04-17,14,0.0,22.43,69.84,6
IMO9419096,Delta Spirit,Tankers,CNNGB,Ningbo-Zhoushan,2021-05-01,2021-05-04,14,2799.7,29.87,121.55,7
IMO9419096,Delta Spirit,Tankers,CNNGB,Ningbo-Zhoushan,2021-05-18,2021-05-21,14,0.0,29.87,121.55,8
IMO9419101,Delta Atlantica,Tankers,SGSIN,Singapore,2021-03-02,2021-03-05,14,0.0,1.28,103.85,1
IMO9419101,Delta Atlantica,Tankers,INSIK,Sikka / Jamnagar,2021-03-19,2021-03-22,14,2355.7,22.43,69.84,2
IMO9419101,Delta Atlantica,Tankers,CNNGB,Ningbo-Zhoushan,2021-04-05,2021-04-08,14,2799.7,29.87,121.55,3
IMO9419307,Empry ,LPG,USHOU,Houston,2021-09-23,2021-09-26,0,0.0,29.74,-95.27,1
IMO9419474,Apolytares,Tankers,SARRT,Ras Tanura,2019-06-26,2019-06-29,0,0.0,26.65,50.16,1
IMO9419474,Apolytares,Tankers,SARRT,Ras Tanura,2021-10-19,2021-10-22,843,0.0,26.65,50.16,2
IMO9419474,Apolytares,Tankers,SGSIN,Singapore,2021-11-05,2021-11-08,14,3444.8,1.28,103.85,3
IMO9419474,Apolytares,Tankers,AEFJR,Fujairah,2022-05-25,2022-05-28,198,3099.3,25.13,56.34,4
IMO9419474,Apolytares,Tankers,CNNGB,Ningbo-Zhoushan,2022-06-11,2022-06-14,14,3438.5,29.87,121.55,5
IMO9419474,Apolytares,Tankers,DZAZW,Arzew,2025-01-23,2025-01-26,954,5676.8,35.85,-0.31,6
IMO9419474,Apolytares,Tankers,USCRP,Corpus Christi,2026-05-21,2026-05-24,480,4764.0,27.81,-97.39,7
IMO9419565,Rio Spirit,Tankers,NGBON,Bonny,2018-10-17,2018-10-20,0,0.0,4.45,7.16,1
IMO9419618,C. Prosperity,Tankers,SGSIN,Singapore,2020-04-09,2020-04-12,14,0.0,1.28,103.85,1
IMO9419618,C. Prosperity,Tankers,KRUSN,Ulsan,2020-04-26,2020-04-29,14,2499.7,35.5,129.38,2
IMO9419618,C. Prosperity,Tankers,KRUSN,Ulsan,2020-05-13,2020-05-16,14,0.0,35.5,129.38,3
IMO9419618,C. Prosperity,Tankers,KRUSN,Ulsan,2020-05-30,2020-06-02,14,0.0,35.5,129.38,4
IMO9419618,Nissos Heraclea,Tankers,CNNGB,Ningbo-Zhoushan,2025-08-20,2025-08-23,14,0.0,29.87,121.55,1
IMO9419620,C. Glory,Tankers,KRUSN,Ulsan,2024-03-20,2024-03-23,14,0.0,35.5,129.38,1
IMO9419620,C. Glory,Tankers,KRUSN,Ulsan,2024-04-06,2024-04-09,14,0.0,35.5,129.38,2
IMO9419620,C. Glory,Tankers,KRUSN,Ulsan,2024-04-23,2024-04-26,14,0.0,35.5,129.38,3
IMO9419888,Advantage Sky,Tankers,SGSIN,Singapore,2018-05-08,2018-05-11,14,0.0,1.28,103.85,1
IMO9419888,Advantage Spice,Tankers,NLRTM,Rotterdam,2020-11-26,2020-11-29,14,0.0,51.92,4.47,1
IMO9419888,Advantage Spice,Tankers,SARRT,Ras Tanura,2024-01-02,2024-01-05,1129,2547.4,26.65,50.16,2
IMO9419890,Advantage Summer,Tankers,CNNGB,Ningbo-Zhoushan,2019-04-30,2019-05-03,14,0.0,29.87,121.55,1
IMO9419890,Advantage Summer,Tankers,SARRT,Ras Tanura,2019-06-11,2019-06-14,39,3717.6,26.65,50.16,2
IMO9419890,Advantage Summer,Tankers,SGSIN,Singapore,2019-06-28,2019-07-01,14,3444.8,1.28,103.85,3
IMO9421415,Arsan,Tankers,CNNGB,Ningbo-Zhoushan,2019-10-03,2019-10-06,14,0.0,29.87,121.55,1
IMO9421415,Arsan,Tankers,CNNGB,Ningbo-Zhoushan,2019-10-20,2019-10-23,14,0.0,29.87,121.55,2
IMO9421415,Arsan,Tankers,CNNGB,Ningbo-Zhoushan,2019-11-06,2019-11-09,14,0.0,29.87,121.55,3
IMO9421427,Maran Thetis,Tankers,SGSIN,Singapore,2019-06-05,2019-06-08,14,0.0,1.28,103.85,1
IMO9421427,Maran Thetis,Tankers,SARRT,Ras Tanura,2019-08-07,2019-08-10,60,3444.8,26.65,50.16,2
IMO9421427,Maran Thetis,Tankers,SARRT,Ras Tanura,2021-10-25,2021-10-28,807,0.0,26.65,50.16,3
IMO9421427,Maran Thetis,Tankers,SAYNB,Yanbu,2026-04-22,2026-04-25,1637,673.9,24.09,38.06,4
IMO9421960,Scf Primorye,Tankers,SGSIN,Singapore,2018-01-19,2018-01-22,14,0.0,1.28,103.85,1
IMO9421960,Scf Primorye,Tankers,SGSIN,Singapore,2018-02-05,2018-02-08,14,0.0,1.28,103.85,2
IMO9421960,Scf Primorye,Tankers,AEFJR,Fujairah,2018-02-22,2018-02-25,14,3099.3,25.13,56.34,3
IMO9421972,Scf Samotlor,Tankers,SGSIN,Singapore,2018-08-23,2018-08-26,14,0.0,1.28,103.85,1
IMO9421972,Scf Samotlor,Tankers,NLRTM,Rotterdam,2018-09-09,2018-09-12,14,5689.2,51.92,4.47,2
IMO9421972,Scf Samotlor,Tankers,USCRP,Corpus Christi,2020-11-22,2020-11-25,802,4516.2,27.81,-97.39,3
IMO9421972,Scf Samotlor,Tankers,CNZHA,Zhanjiang,2020-12-09,2020-12-12,14,7451.8,21.2,110.4,4
IMO9421984,C. Dignity,Tankers,KRUSN,Ulsan,2022-01-12,2022-01-15,14,0.0,35.5,129.38,1
IMO9421984,C. Dignity,Tankers,KRUSN,Ulsan,2022-01-29,2022-02-01,14,0.0,35.5,129.38,2
IMO9421984,C. Dignity,Tankers,KRUSN,Ulsan,2022-02-15,2022-02-18,14,0.0,35.5,129.38,3
IMO9421984,C. Dignity,Tankers,KRUSN,Ulsan,2022-03-04,2022-03-07,14,0.0,35.5,129.38,4
IMO9421984,C. Dignity,Tankers,AEFJR,Fujairah,2026-06-23,2026-06-26,1569,3753.1,25.13,56.34,5
IMO9421984,C. Dignity,Tankers,KRUSN,Ulsan,2026-07-10,2026-07-13,14,3753.1,35.5,129.38,6
IMO9422146,C. Eternity,Tankers,CNNGB,Ningbo-Zhoushan,2023-09-13,2023-09-16,14,0.0,29.87,121.55,1
IMO9422146,C. Eternity,Tankers,KRUSN,Ulsan,2023-09-30,2023-10-03,14,520.1,35.5,129.38,2
IMO9422146,C. Eternity,Tankers,KRUSN,Ulsan,2023-10-17,2023-10-20,14,0.0,35.5,129.38,3
IMO9422146,C. Eternity,Tankers,KRUSN,Ulsan,2023-11-03,2023-11-06,14,0.0,35.5,129.38,4
IMO9422158,C. Mighty,Tankers,KRUSN,Ulsan,2024-02-23,2024-02-26,14,0.0,35.5,129.38,1
IMO9422158,C. Mighty,Tankers,KRUSN,Ulsan,2024-03-11,2024-03-14,14,0.0,35.5,129.38,2
IMO9422158,C. Mighty,Tankers,KRUSN,Ulsan,2024-03-28,2024-03-31,14,0.0,35.5,129.38,3
IMO9422158,C. Mighty,Tankers,KRUSN,Ulsan,2024-04-14,2024-04-17,14,0.0,35.5,129.38,4
IMO9422158,C. Mighty,Tankers,KRUSN,Ulsan,2024-05-01,2024-05-04,14,0.0,35.5,129.38,5
IMO9422158,C. Mighty,Tankers,AEFJR,Fujairah,2026-07-14,2026-07-17,801,3753.1,25.13,56.34,6
IMO9422158,C. Mighty,Tankers,KRUSN,Ulsan,2026-07-31,2026-08-03,14,3753.1,35.5,129.38,7
IMO9422160,C. Primacy,Tankers,KRUSN,Ulsan,2021-11-24,2021-11-27,14,0.0,35.5,129.38,1
IMO9422160,C. Primacy,Tankers,KRUSN,Ulsan,2021-12-11,2021-12-14,14,0.0,35.5,129.38,2
IMO9422160,C. Primacy,Tankers,KRUSN,Ulsan,2021-12-28,2021-12-31,14,0.0,35.5,129.38,3
IMO9422160,C. Primacy,Tankers,SGSIN,Singapore,2022-01-14,2022-01-17,14,2499.7,1.28,103.85,4
IMO9422366,Daryabord,Tankers,SGSIN,Singapore,2018-03-01,2018-03-04,14,0.0,1.28,103.85,1
IMO9422366,Aegean Star,Tankers,SGSIN,Singapore,2018-04-12,2018-04-15,14,0.0,1.28,103.85,1
IMO9422366,Aegean Star,Tankers,SGSIN,Singapore,2018-04-29,2018-05-02,14,0.0,1.28,103.85,2
IMO9422366,Aegean Star,Tankers,NLRTM,Rotterdam,2018-05-16,2018-05-19,14,5689.2,51.92,4.47,3
IMO9422366,Marvin Star,Tankers,KRUSN,Ulsan,2019-12-09,2019-12-12,14,0.0,35.5,129.38,1
IMO9422366,Marvin Star,Tankers,SGSIN,Singapore,2019-12-26,2019-12-29,14,2499.7,1.28,103.85,2
IMO9422366,Marvin Star,Tankers,SGSIN,Singapore,2020-01-12,2020-01-15,14,0.0,1.28,103.85,3
IMO9422366,Constantios,Tankers,SGSIN,Singapore,2025-05-22,2025-05-25,14,0.0,1.28,103.85,1
IMO9422366,Compass,Tankers,SARRT,Ras Tanura,2026-01-23,2026-01-26,0,0.0,26.65,50.16,1
IMO9422445,Scf Surgut,Tankers,DZAZW,Arzew,2019-04-02,2019-04-05,0,0.0,35.85,-0.31,1
IMO9422445,Scf Surgut,Tankers,DZAZW,Arzew,2019-11-04,2019-11-07,213,0.0,35.85,-0.31,2
IMO9422445,Scf Surgut,Tankers,INSIK,Sikka / Jamnagar,2019-11-21,2019-11-24,14,3689.7,22.43,69.84,3
IMO9422457,Scf Baikal,Tankers,CNNGB,Ningbo-Zhoushan,2018-05-02,2018-05-05,14,0.0,29.87,121.55,1
IMO9422615,Sea Leopard,Tankers,AEFJR,Fujairah,2019-09-16,2019-09-19,0,0.0,25.13,56.34,1
IMO9422615,Sea Leopard,Tankers,SGSIN,Singapore,2019-10-03,2019-10-06,14,3099.3,1.28,103.85,2
IMO9422615,Sea Leopard,Tankers,SARRT,Ras Tanura,2020-11-20,2020-11-23,411,3444.8,26.65,50.16,3
IMO9422615,Sea Leopard,Tankers,KRUSN,Ulsan,2020-12-07,2020-12-10,14,4000.9,35.5,129.38,4
IMO9422615,Sea Leopard,Tankers,SGSIN,Singapore,2020-12-24,2020-12-27,14,2499.7,1.28,103.85,5
IMO9422615,Sea Leopard,Tankers,SAYNB,Yanbu,2026-03-23,2026-03-26,1912,4050.1,24.09,38.06,6
IMO9422615,Sea Leopard*,Tankers,AEFJR,Fujairah,2026-07-14,2026-07-17,0,0.0,25.13,56.34,1
IMO9422615,Sea Leopard O/O,Tankers,SAYNB,Yanbu,2026-08-20,2026-08-23,0,0.0,24.09,38.06,1
IMO9424209,Madison Orca,Tankers,SGSIN,Singapore,2019-05-28,2019-05-31,14,0.0,1.28,103.85,1
IMO9424209,Cosmo Ace,Tankers,CNNGB,Ningbo-Zhoushan,2020-12-10,2020-12-13,14,0.0,29.87,121.55,1
IMO9424209,Oceanic Fortune,Tankers,SGSIN,Singapore,2025-01-27,2025-01-30,14,0.0,1.28,103.85,1
IMO9424209,Oceanic Fortune,Tankers,SGSIN,Singapore,2025-07-30,2025-08-02,181,0.0,1.28,103.85,2
IMO9424209,Oriental Ark,Tankers,SAYNB,Yanbu,2026-03-09,2026-03-12,0,0.0,24.09,38.06,1
IMO9424209,Oriental Ark,Tankers,SAYNB,Yanbu,2026-04-21,2026-04-24,40,0.0,24.09,38.06,2
IMO9424209,Oriental Ark,Tankers,SAYNB,Yanbu,2026-06-23,2026-06-26,60,0.0,24.09,38.06,3
IMO9424211,Olympic Luck,Tankers,CNNGB,Ningbo-Zhoushan,2020-08-06,2020-08-09,14,0.0,29.87,121.55,1
IMO9424211,Olympic Luck,Tankers,SAYNB,Yanbu,2026-04-01,2026-04-04,2061,4380.6,24.09,38.06,2
IMO9424211,Olympic Luck (Exxon),Tankers,SAYNB,Yanbu,2026-07-21,2026-07-24,0,0.0,24.09,38.06,1
IMO9424211,Olympic Luck (Mercuria),Tankers,NLRTM,Rotterdam,2026-07-27,2026-07-30,14,0.0,51.92,4.47,1
IMO9424261,Pantanassa,Tankers,CNNGB,Ningbo-Zhoushan,2023-02-28,2023-03-03,14,0.0,29.87,121.55,1
IMO9424261,Pantanassa,Tankers,INSIK,Sikka / Jamnagar,2023-03-17,2023-03-20,14,2799.7,22.43,69.84,2
IMO9424261,Pantanassa,Tankers,SARRT,Ras Tanura,2025-11-07,2025-11-10,963,1103.0,26.65,50.16,3
IMO9424261,Pantanassa,Tankers,SAYNB,Yanbu,2026-03-03,2026-03-06,113,673.9,24.09,38.06,4
IMO9424261,Pantanassa,Tankers,SAYNB,Yanbu,2026-08-04,2026-08-07,151,0.0,24.09,38.06,5
IMO9424273,Olympic Light,Tankers,SGSIN,Singapore,2022-03-22,2022-03-25,14,0.0,1.28,103.85,1
IMO9424273,Olympic Light,Tankers,SARRT,Ras Tanura,2023-03-06,2023-03-09,346,3444.8,26.65,50.16,2
IMO9424273,Olympic Light,Tankers,CNQDG,Qingdao,2023-03-23,2023-03-26,14,3565.3,36.08,120.32,3
IMO9425779,Eneos Explorer,LPG,USHOU,Houston,2022-09-01,2022-09-04,0,0.0,29.74,-95.27,1
IMO9425779,Eneos Explorer,LPG,USHOU,Houston,2022-11-04,2022-11-07,61,0.0,29.74,-95.27,2
IMO9425779,Eneos Explorer,LPG,USHOU,Houston,2023-02-02,2023-02-05,87,0.0,29.74,-95.27,3
IMO9425779,Eneos Explorer,LPG,USHOU,Houston,2023-09-28,2023-10-01,235,0.0,29.74,-95.27,4
IMO9427627,Aspen Spirit,Tankers,NLRTM,Rotterdam,2018-02-01,2018-02-04,0,0.0,51.92,4.47,1
IMO9427627,Aspen Spirit,Tankers,SGSIN,Singapore,2018-02-18,2018-02-21,14,5689.2,1.28,103.85,2
IMO9427627,Aspen Spirit,Tankers,CNNGB,Ningbo-Zhoushan,2018-03-07,2018-03-10,14,1991.7,29.87,121.55,3
IMO9427627,Aspen Spirit,Tankers,KWMFA,Mina Al Ahmadi,2020-06-08,2020-06-11,821,3765.1,29.07,48.15,4
IMO9427627,Aspen Spirit,Tankers,SARRT,Ras Tanura,2021-03-23,2021-03-26,285,180.3,26.65,50.16,5
IMO9427627,Aspen Spirit,Tankers,NLRTM,Rotterdam,2021-09-20,2021-09-23,178,2547.4,51.92,4.47,6
IMO9427627,Aspen Spirit,Tankers,DZAZW,Arzew,2021-09-22,2021-09-25,1,986.2,35.85,-0.31,7
IMO9427627,Aspen Spirit,Tankers,SARRT,Ras Tanura,2022-02-02,2022-02-05,130,2619.7,26.65,50.16,8
IMO9427627,Aspen Spirit,Tankers,CNNGB,Ningbo-Zhoushan,2022-02-19,2022-02-22,14,3717.6,29.87,121.55,9
IMO9427627,Aspen Spirit,Tankers,USHOU,Houston,2025-02-26,2025-03-01,1100,6654.6,29.74,-95.27,10
IMO9427627,Aspen Spirit,Tankers,USCRP,Corpus Christi,2025-03-15,2025-03-18,14,160.8,27.81,-97.39,11
IMO9427627,Adebola Adeline,Tankers,AEFJR,Fujairah,2026-02-05,2026-02-08,0,0.0,25.13,56.34,1
IMO9427627,Adebola Adeline,Tankers,SAYNB,Yanbu,2026-03-04,2026-03-07,24,999.0,24.09,38.06,2
IMO9427627,Adebola Adeline,Tankers,AEFJR,Fujairah,2026-05-20,2026-05-23,74,999.0,25.13,56.34,3
IMO9427627,Adebola Adeline,Tankers,AEFJR,Fujairah,2026-06-10,2026-06-13,18,0.0,25.13,56.34,4
IMO9427627,Adebola Adeline,Tankers,SAYNB,Yanbu,2026-07-07,2026-07-10,24,999.0,24.09,38.06,5
IMO9427639,Copper Spirit,Tankers,SARRT,Ras Tanura,2018-01-26,2018-01-29,0,0.0,26.65,50.16,1
IMO9427639,Copper Spirit,Tankers,SAYNB,Yanbu,2020-08-20,2020-08-23,934,673.9,24.09,38.06,2
IMO9427639,Copper Spirit,Tankers,USCRP,Corpus Christi,2023-08-03,2023-08-06,1075,6763.2,27.81,-97.39,3
IMO9427639,Copper Spirit,Tankers,DZAZW,Arzew,2024-02-23,2024-02-26,201,4764.0,35.85,-0.31,4
IMO9427639,Copper Spirit,Tankers,INSIK,Sikka / Jamnagar,2025-05-12,2025-05-15,441,3689.7,22.43,69.84,5
IMO9427641,Tahoe Spirit,Tankers,NLRTM,Rotterdam,2018-05-21,2018-05-24,0,0.0,51.92,4.47,1
IMO9427641,Tahoe Spirit,Tankers,NGBON,Bonny,2019-04-25,2019-04-28,336,2853.3,4.45,7.16,2
IMO9427641,Tahoe Spirit,Tankers,CNNGB,Ningbo-Zhoushan,2019-05-12,2019-05-15,14,6518.2,29.87,121.55,3
IMO9427641,Tahoe Spirit,Tankers,NLRTM,Rotterdam,2019-05-29,2019-06-01,14,4890.7,51.92,4.47,4
IMO9427641,Tahoe Spirit,Tankers,NLRTM,Rotterdam,2022-06-09,2022-06-12,1104,0.0,51.92,4.47,5
IMO9427641,Tahoe Spirit,Tankers,CNNGB,Ningbo-Zhoushan,2022-06-26,2022-06-29,14,4890.7,29.87,121.55,6
IMO9427641,Tahoe Spirit,Tankers,AEFJR,Fujairah,2023-05-22,2023-05-25,327,3438.5,25.13,56.34,7
IMO9427641,Tahoe Spirit,Tankers,DZAZW,Arzew,2024-03-13,2024-03-16,293,2959.8,35.85,-0.31,8
IMO9427641,Tahoe Spirit,Tankers,USHOU,Houston,2024-08-13,2024-08-16,150,4606.4,29.74,-95.27,9
IMO9427641,Tahoe Spirit,Tankers,SGSIN,Singapore,2025-07-21,2025-07-24,339,8646.3,1.28,103.85,10
IMO9429015,Delta Kanaris,Tankers,CNNGB,Ningbo-Zhoushan,2018-10-05,2018-10-08,14,0.0,29.87,121.55,1
IMO9429015,Delta Kanaris,Tankers,INSIK,Sikka / Jamnagar,2018-10-22,2018-10-25,14,2799.7,22.43,69.84,2
IMO9429015,Delta Kanaris,Tankers,DZAZW,Arzew,2022-07-03,2022-07-06,1347,3689.7,35.85,-0.31,3
IMO9429015,Delta Kanaris,Tankers,CNNGB,Ningbo-Zhoushan,2022-07-20,2022-07-23,14,5676.8,29.87,121.55,4
IMO9429015,Delta Kanaris,Tankers,CNNGB,Ningbo-Zhoushan,2022-08-06,2022-08-09,14,0.0,29.87,121.55,5
IMO9429015,Delta Kanaris,Tankers,CNNGB,Ningbo-Zhoushan,2022-08-23,2022-08-26,14,0.0,29.87,121.55,6
IMO9429015,Delta Kanaris,Tankers,DZAZW,Arzew,2026-08-21,2026-08-24,1456,5676.8,35.85,-0.31,7
IMO9429027,Delta Tolmi,Tankers,SGSIN,Singapore,2018-10-08,2018-10-11,14,0.0,1.28,103.85,1
IMO9429027,Delta Tolmi,Tankers,SGSIN,Singapore,2018-10-25,2018-10-28,14,0.0,1.28,103.85,2
IMO9429027,Delta Tolmi,Tankers,SARRT,Ras Tanura,2022-03-29,2022-04-01,1248,3444.8,26.65,50.16,3
IMO9429027,Delta Tolmi,Tankers,INSIK,Sikka / Jamnagar,2022-04-15,2022-04-18,14,1103.0,22.43,69.84,4
IMO9429027,Delta Tolmi,Tankers,CNNGB,Ningbo-Zhoushan,2022-05-02,2022-05-05,14,2799.7,29.87,121.55,5
IMO9429027,Delta Tolmi,Tankers,KRUSN,Ulsan,2022-05-19,2022-05-22,14,520.1,35.5,129.38,6
IMO9429027,Delta Tolmi,Tankers,CNNGB,Ningbo-Zhoushan,2022-06-05,2022-06-08,14,520.1,29.87,121.55,7
IMO9429285,Violando,Tankers,CNNGB,Ningbo-Zhoushan,2020-03-03,2020-03-06,14,0.0,29.87,121.55,1
IMO9429285,Violando,Tankers,KRUSN,Ulsan,2020-03-20,2020-03-23,14,520.1,35.5,129.38,2
IMO9429285,Violando,Tankers,KRUSN,Ulsan,2020-04-06,2020-04-09,14,0.0,35.5,129.38,3
IMO9429285,Violando,Tankers,NLRTM,Rotterdam,2020-04-23,2020-04-26,14,4816.9,51.92,4.47,4
IMO9429297,Nicolaos,Tankers,SGSIN,Singapore,2018-07-10,2018-07-13,14,0.0,1.28,103.85,1
IMO9429297,Nicolaos,Tankers,NLRTM,Rotterdam,2018-07-10,2018-07-13,1,5689.2,51.92,4.47,2
IMO9429297,Nicolaos,Tankers,NLRTM,Rotterdam,2018-07-27,2018-07-30,14,0.0,51.92,4.47,3
IMO9429297,Nicolaos,Tankers,NLRTM,Rotterdam,2018-10-04,2018-10-07,66,0.0,51.92,4.47,4
IMO9429297,Nicolaos,Tankers,NLRTM,Rotterdam,2018-10-10,2018-10-13,1,5689.2,51.92,4.47,6
IMO9429297,Nicolaos,Tankers,SGSIN,Singapore,2018-10-21,2018-10-24,14,5689.2,1.28,103.85,5
IMO9429297,Nicolaos,Tankers,SGSIN,Singapore,2018-10-27,2018-10-30,14,5689.2,1.28,103.85,7
IMO9429297,Nicolaos,Tankers,NLRTM,Rotterdam,2022-10-13,2022-10-16,1444,5689.2,51.92,4.47,8
IMO9429297,Nicolaos,Tankers,CNNGB,Ningbo-Zhoushan,2022-10-30,2022-11-02,14,4890.7,29.87,121.55,9
IMO9429302,Athenian Glory,Tankers,CNNGB,Ningbo-Zhoushan,2020-07-09,2020-07-12,14,0.0,29.87,121.55,1
IMO9429302,Athenian Glory,Tankers,CNNGB,Ningbo-Zhoushan,2020-07-26,2020-07-29,14,0.0,29.87,121.55,2
IMO9429302,Athenian Glory o/o,Tankers,ZASDB,Saldanha Bay,2021-03-30,2021-04-02,0,0.0,-33.02,17.95,1
IMO9429302,Athenian Glory,Tankers,KWMFA,Mina Al Ahmadi,2022-09-27,2022-09-30,790,3765.1,29.07,48.15,3
IMO9429302,Athenian Glory (Vitol),Tankers,CNNGB,Ningbo-Zhoushan,2023-03-21,2023-03-24,14,0.0,29.87,121.55,1
IMO9431297,BW Var,LPG,USHOU,Houston,2022-03-31,2022-04-03,0,0.0,29.74,-95.27,1
IMO9431297,BW Var,LPG,USHOU,Houston,2022-09-01,2022-09-04,151,0.0,29.74,-95.27,2
IMO9431297,BW Var,LPG,USHOU,Houston,2022-10-27,2022-10-30,53,0.0,29.74,-95.27,3
IMO9431297,BW Var,LPG,USHOU,Houston,2023-12-21,2023-12-24,417,0.0,29.74,-95.27,4
IMO9432036,Tony,Tankers,INSIK,Sikka / Jamnagar,2018-02-09,2018-02-12,14,0.0,22.43,69.84,1
IMO9432036,Tony,Tankers,SARRT,Ras Tanura,2018-10-15,2018-10-18,245,1103.0,26.65,50.16,2
IMO9432036,Tony,Tankers,INSIK,Sikka / Jamnagar,2018-11-01,2018-11-04,14,1103.0,22.43,69.84,3
IMO9432036,Tony,Tankers,SARRT,Ras Tanura,2020-05-19,2020-05-22,562,1103.0,26.65,50.16,4
IMO9432036,Tony,Tankers,INSIK,Sikka / Jamnagar,2020-06-05,2020-06-08,14,1103.0,22.43,69.84,5
IMO9432036,Tony,Tankers,CNNGB,Ningbo-Zhoushan,2020-06-22,2020-06-25,14,2799.7,29.87,121.55,6
IMO9432036,Tony,Tankers,KWMFA,Mina Al Ahmadi,2024-11-25,2024-11-28,1614,3765.1,29.07,48.15,7
IMO9432036,tony,Tankers,AEFJR,Fujairah,2025-08-12,2025-08-15,0,0.0,25.13,56.34,1
IMO9432036,Tony,Tankers,AEFJR,Fujairah,2026-09-03,2026-09-06,644,497.4,25.13,56.34,8
IMO9432048,Demetrios,Tankers,SARRT,Ras Tanura,2018-10-31,2018-11-03,0,0.0,26.65,50.16,1
IMO9432048,Demetrios,Tankers,INSIK,Sikka / Jamnagar,2018-11-17,2018-11-20,14,1103.0,22.43,69.84,2
IMO9432048,Demetrios,Tankers,KWMFA,Mina Al Ahmadi,2020-08-24,2020-08-27,643,1236.5,29.07,48.15,3
IMO9432048,Demetrios,Tankers,QARLF,Ras Laffan,2020-11-11,2020-11-14,76,261.1,25.92,51.53,4
IMO9432048,Demetrios,Tankers,QARLF,Ras Laffan,2021-10-07,2021-10-10,327,0.0,25.92,51.53,5
IMO9432048,Demetrios,Tankers,AEFJR,Fujairah,2022-03-31,2022-04-03,172,264.9,25.13,56.34,6
IMO9432048,Demetrios,Tankers,RUPRI,Primorsk,2023-02-26,2023-03-01,329,2405.0,60.36,28.61,7
IMO9432050,Giannis,Tankers,SGSIN,Singapore,2018-11-22,2018-11-25,14,0.0,1.28,103.85,1
IMO9432050,Giannis,Tankers,DZAZW,Arzew,2019-04-15,2019-04-18,141,6044.3,35.85,-0.31,2
IMO9432050,Giannis,Tankers,INSIK,Sikka / Jamnagar,2019-05-02,2019-05-05,14,3689.7,22.43,69.84,3
IMO9432050,Giannis,Tankers,SARRT,Ras Tanura,2019-12-04,2019-12-07,213,1103.0,26.65,50.16,4
IMO9432050,Giannis,Tankers,QARLF,Ras Laffan,2020-09-03,2020-09-06,271,85.8,25.92,51.53,5
IMO9432050,Giannis,Tankers,QARLF,Ras Laffan,2023-03-13,2023-03-16,918,0.0,25.92,51.53,6
IMO9432050,Giannis,Tankers,QARLF,Ras Laffan,2023-07-06,2023-07-09,112,0.0,25.92,51.53,7
IMO9432062,Eleni,Tankers,SARRT,Ras Tanura,2018-01-19,2018-01-22,0,0.0,26.65,50.16,1
IMO9432062,Eleni Oo,Tankers,ZASDB,Saldanha Bay,2019-01-24,2019-01-27,14,0.0,-33.02,17.95,1
IMO9432062,Eleni,Tankers,SARRT,Ras Tanura,2020-01-20,2020-01-23,728,0.0,26.65,50.16,2
IMO9432062,Eleni,Tankers,KWMFA,Mina Al Ahmadi,2020-10-01,2020-10-04,252,180.3,29.07,48.15,3
IMO9432062,Eleni,Tankers,QARLF,Ras Laffan,2021-03-30,2021-04-02,177,261.1,25.92,51.53,4
IMO9432062,Eleni,Tankers,QARLF,Ras Laffan,2021-05-28,2021-05-31,56,0.0,25.92,51.53,5
IMO9432062,Eleni,Tankers,QARLF,Ras Laffan,2021-11-30,2021-12-03,183,0.0,25.92,51.53,6
IMO9432062,Eleni,Tankers,AEFJR,Fujairah,2023-08-02,2023-08-05,607,264.9,25.13,56.34,7
IMO9432062,Eleni,Tankers,INSIK,Sikka / Jamnagar,2023-08-19,2023-08-22,14,758.9,22.43,69.84,8
IMO9432062,Eleni,Tankers,NLRTM,Rotterdam,2023-09-05,2023-09-08,14,3449.7,51.92,4.47,9
IMO9432062,Eleni,Tankers,SAYNB,Yanbu,2026-03-05,2026-03-08,909,2268.6,24.09,38.06,10
IMO9433710,Reference Point,LPG,USHOU,Houston,2021-10-07,2021-10-10,0,0.0,29.74,-95.27,1
IMO9433710,Reference Point,LPG,USHOU,Houston,2023-02-23,2023-02-26,501,0.0,29.74,-95.27,2
IMO9433710,Reference Point,LPG,USHOU,Houston,2023-08-17,2023-08-20,172,0.0,29.74,-95.27,3
IMO9433710,Reference Point,LPG,USHOU,Houston,2023-12-13,2023-12-16,115,0.0,29.74,-95.27,4
IMO9433884,Shinju Maru No. 2,LNG,JPCHB,Chiba,2019-01-01,2019-01-04,0,0.0,35.6,140.1,1
IMO9433884,Shinju Maru No. 2,LNG,JPCHB,Chiba,2019-01-18,2019-01-21,14,0.0,35.6,140.1,2
IMO9434620,New Resource,Tankers,AEFJR,Fujairah,2026-08-12,2026-08-15,0,0.0,25.13,56.34,1
IMO9434632,New Success,Tankers,AEFJR,Fujairah,2026-03-23,2026-03-26,0,0.0,25.13,56.34,1
IMO9434632,New Success,Tankers,SAYNB,Yanbu,2026-04-16,2026-04-19,21,999.0,24.09,38.06,2
IMO9436446,Nordic Light,Tankers,ZASDB,Saldanha Bay,2019-08-27,2019-08-30,14,0.0,-33.02,17.95,1
IMO9436446,Nordic Light,Tankers,QARLF,Ras Laffan,2020-07-31,2020-08-03,336,4025.1,25.92,51.53,2
IMO9436446,Nordic Light,Tankers,SGSIN,Singapore,2020-08-17,2020-08-20,14,3361.5,1.28,103.85,3
IMO9436446,Nordic Light,Tankers,AEFJR,Fujairah,2023-02-10,2023-02-13,904,3099.3,25.13,56.34,4
IMO9437064,Coral Monactis,LPG,NLRTM,Rotterdam,2020-09-24,2020-09-27,14,0.0,51.92,4.47,1
IMO9437177,Olympic Trust,Tankers,KRUSN,Ulsan,2019-12-26,2019-12-29,14,0.0,35.5,129.38,1
IMO9437177,Olympic Trust,Tankers,SGSIN,Singapore,2020-01-12,2020-01-15,14,2499.7,1.28,103.85,2
IMO9437177,Olympic Trust,Tankers,SAYNB,Yanbu,2026-03-06,2026-03-09,2242,4050.1,24.09,38.06,3
IMO9437177,Olympic Trust,Tankers,SAYNB,Yanbu,2026-07-03,2026-07-06,116,0.0,24.09,38.06,4
IMO9438280,BW Freyja,LPG,USHOU,Houston,2022-04-21,2022-04-24,0,0.0,29.74,-95.27,1
IMO9438280,BW Freyja,LPG,USHOU,Houston,2022-12-01,2022-12-04,221,0.0,29.74,-95.27,2
IMO9438280,BW Freyja,LPG,USHOU,Houston,2023-07-27,2023-07-30,235,0.0,29.74,-95.27,3
IMO9438280,BW Freyja,LPG,USHOU,Houston,2023-12-01,2023-12-04,124,0.0,29.74,-95.27,4
IMO9438406,Pentathlon,Tankers,USCRP,Corpus Christi,2018-05-10,2018-05-13,0,0.0,27.81,-97.39,1
IMO9438406,Pentathlon,Tankers,DZAZW,Arzew,2019-03-01,2019-03-04,292,4764.0,35.85,-0.31,2
IMO9438406,Pentathlon,Tankers,USHOU,Houston,2019-07-12,2019-07-15,130,4606.4,29.74,-95.27,3
IMO9438406,Pentathlon,Tankers,USCRP,Corpus Christi,2020-01-17,2020-01-20,186,160.8,27.81,-97.39,4
IMO9438406,Pentathlon,Tankers,NLRTM,Rotterdam,2020-02-03,2020-02-06,14,4516.2,51.92,4.47,5
IMO9438418,Nordic Cross,Tankers,SGSIN,Singapore,2020-09-28,2020-10-01,14,0.0,1.28,103.85,1
IMO9438418,Nordic Cross,Tankers,DZAZW,Arzew,2021-03-04,2021-03-07,154,6044.3,35.85,-0.31,2
IMO9438418,Nordic Cross,Tankers,KWMFA,Mina Al Ahmadi,2023-02-27,2023-03-02,722,2463.5,29.07,48.15,3
IMO9438418,Nordic Cross,Tankers,NLRTM,Rotterdam,2024-11-28,2024-12-01,637,2367.9,51.92,4.47,4
IMO9439404,Avance Levant,LPG,USHOU,Houston,2022-09-08,2022-09-11,0,0.0,29.74,-95.27,1
IMO9439905,EVER GRAND,Dry Bulk,SGSIN,Singapore,2025-02-06,2025-02-09,0,0.0,1.28,103.85,1
IMO9440077,MAGNUS,Tankers,DZAZW,Arzew,2021-01-06,2021-01-09,0,0.0,35.85,-0.31,1
IMO9440382,Mikela P,Tankers,NLRTM,Rotterdam,2018-01-31,2018-02-03,1,5689.2,51.92,4.47,2
IMO9440382,Mikela P,Tankers,SGSIN,Singapore,2018-02-07,2018-02-10,14,0.0,1.28,103.85,1
IMO9440382,Mikela P,Tankers,SGSIN,Singapore,2018-02-17,2018-02-20,14,5689.2,1.28,103.85,3
IMO9440382,Mikela P,Tankers,SGSIN,Singapore,2018-03-06,2018-03-09,14,0.0,1.28,103.85,4
IMO9440382,Mikela P,Tankers,DZAZW,Arzew,2018-07-19,2018-07-22,132,6044.3,35.85,-0.31,5
IMO9440382,Mikela P.,Tankers,SARRT,Ras Tanura,2018-10-15,2018-10-18,0,0.0,26.65,50.16,1
IMO9440382,Mikela P,Tankers,SARRT,Ras Tanura,2019-02-19,2019-02-22,212,2619.7,26.65,50.16,6
IMO9440382,Mikela P,Tankers,ZASDB,Saldanha Bay,2019-03-08,2019-03-11,14,4026.8,-33.02,17.95,7
IMO9440382,Mikela P.,Tankers,DZAZW,Arzew,2021-04-18,2021-04-21,913,2619.7,35.85,-0.31,2
IMO9440382,Mikela P.,Tankers,NLRTM,Rotterdam,2021-05-05,2021-05-08,14,986.2,51.92,4.47,3
IMO9440382,Mikela P.,Tankers,DZAZW,Arzew,2021-10-04,2021-10-07,149,986.2,35.85,-0.31,4
IMO9440382,Mikela P.,Tankers,NLRTM,Rotterdam,2022-01-06,2022-01-09,91,986.2,51.92,4.47,5
IMO9441061,L kosan TBN,LPG,USHOU,Houston,2020-03-19,2020-03-22,14,0.0,29.74,-95.27,1
IMO9441245,Sifa,Tankers,KRUSN,Ulsan,2019-04-16,2019-04-19,14,0.0,35.5,129.38,1
IMO9441245,Gulf Loyalty O/O,Tankers,CNNGB,Ningbo-Zhoushan,2025-12-02,2025-12-05,14,0.0,29.87,121.55,1
IMO9444649,Exemplar,LNG,QARLF,Ras Laffan,2019-06-03,2019-06-06,0,0.0,25.92,51.53,1
IMO9444649,Exemplar,LNG,QARLF,Ras Laffan,2019-06-20,2019-06-23,14,0.0,25.92,51.53,2
IMO9444649,Exemplar,LNG,DZAZW,Arzew,2019-09-23,2019-09-26,92,2705.1,35.85,-0.31,3
IMO9444649,Exemplar,LNG,DZAZW,Arzew,2019-10-10,2019-10-13,14,0.0,35.85,-0.31,4
IMO9444649,Exemplar,LNG,QARLF,Ras Laffan,2019-11-07,2019-11-10,25,2705.1,25.92,51.53,5
IMO9444649,Exemplar,LNG,QARLF,Ras Laffan,2019-11-24,2019-11-27,14,0.0,25.92,51.53,6
IMO9444649,Exemplar,LNG,USSPG,Sabine Pass,2020-05-05,2020-05-08,160,6917.9,29.73,-93.87,7
IMO9444649,Exemplar,LNG,USSPG,Sabine Pass,2020-05-22,2020-05-25,14,0.0,29.73,-93.87,8
IMO9444649,Exemplar,LNG,QARLF,Ras Laffan,2020-12-14,2020-12-17,203,6917.9,25.92,51.53,9
IMO9444649,Exemplar,LNG,QARLF,Ras Laffan,2020-12-31,2021-01-03,14,0.0,25.92,51.53,10
IMO9444649,Exemplar,LNG,QARLF,Ras Laffan,2021-04-08,2021-04-11,95,0.0,25.92,51.53,11
IMO9444649,Exemplar,LNG,QARLF,Ras Laffan,2021-04-25,2021-04-28,14,0.0,25.92,51.53,12
IMO9445459,Olympic Lion,Tankers,CNNGB,Ningbo-Zhoushan,2020-09-02,2020-09-05,14,0.0,29.87,121.55,1
IMO9445459,Olympic Lion,Tankers,CNNGB,Ningbo-Zhoushan,2020-09-19,2020-09-22,14,0.0,29.87,121.55,2
IMO9445459,Olympic Lion,Tankers,SGSIN,Singapore,2020-10-06,2020-10-09,14,1991.7,1.28,103.85,3
IMO9445459,Olympic Lion,Tankers,SGSIN,Singapore,2020-10-23,2020-10-26,14,0.0,1.28,103.85,4
IMO9445459,Olympic Lion (CORE PET),Tankers,CNNGB,Ningbo-Zhoushan,2021-04-29,2021-05-02,14,0.0,29.87,121.55,1
IMO9445459,Olympic Lion (CORE PET),Tankers,CNNGB,Ningbo-Zhoushan,2021-05-16,2021-05-19,14,0.0,29.87,121.55,2
IMO9445461,Olympic Trophy,Tankers,SGSIN,Singapore,2023-11-29,2023-12-02,14,0.0,1.28,103.85,1
IMO9445461,Olympic Trophy,Tankers,INSIK,Sikka / Jamnagar,2023-12-16,2023-12-19,14,2355.7,22.43,69.84,2
IMO9445461,Olympic Trophy*,Tankers,SGSIN,Singapore,2024-10-10,2024-10-13,14,0.0,1.28,103.85,1
IMO9445473,Atherina,Tankers,SGSIN,Singapore,2020-02-27,2020-03-01,14,0.0,1.28,103.85,1
IMO9445473,Atherina,Tankers,CNNGB,Ningbo-Zhoushan,2020-03-15,2020-03-18,14,1991.7,29.87,121.55,2
IMO9445473,Atherina,Tankers,CNNGB,Ningbo-Zhoushan,2020-04-01,2020-04-04,14,0.0,29.87,121.55,3
IMO9445473,Atherina o/o,Tankers,KWMFA,Mina Al Ahmadi,2021-04-27,2021-04-30,0,0.0,29.07,48.15,1
IMO9445473,Atherina,Tankers,SARRT,Ras Tanura,2023-04-06,2023-04-09,1097,3717.6,26.65,50.16,4
IMO9445473,Atherina,Tankers,AEFJR,Fujairah,2024-07-15,2024-07-18,463,346.0,25.13,56.34,5
IMO9445473,Atherina,Tankers,SARRT,Ras Tanura,2026-01-21,2026-01-24,552,346.0,26.65,50.16,6
IMO9445473,Atherina,Tankers,SARRT,Ras Tanura,2026-02-18,2026-02-21,25,0.0,26.65,50.16,7
IMO9445631,New Vanguard*,Tankers,SAYNB,Yanbu,2026-07-14,2026-07-17,0,0.0,24.09,38.06,1
IMO9445631,New Vanguard,Tankers,AEFJR,Fujairah,2026-08-24,2026-08-27,0,0.0,25.13,56.34,1
IMO9445823,Luke,LPG,NLRTM,Rotterdam,2019-08-15,2019-08-18,0,0.0,51.92,4.47,1
IMO9445823,Luke,LPG,NLRTM,Rotterdam,2020-05-14,2020-05-17,270,0.0,51.92,4.47,2
IMO9445823,Luke,LPG,NLRTM,Rotterdam,2020-06-18,2020-06-21,32,0.0,51.92,4.47,3
IMO9445823,Luke,LPG,NLRTM,Rotterdam,2020-08-06,2020-08-09,46,0.0,51.92,4.47,4
IMO9445823,Luke,LPG,NLRTM,Rotterdam,2020-08-23,2020-08-26,14,0.0,51.92,4.47,5
IMO9445823,Luke,LPG,NLRTM,Rotterdam,2020-10-08,2020-10-11,43,0.0,51.92,4.47,6
IMO9445823,Luke,LPG,NLRTM,Rotterdam,2021-02-04,2021-02-07,116,0.0,51.92,4.47,7
IMO9446374,Mare Doricum,Tankers,NGBON,Bonny,2018-10-10,2018-10-13,0,0.0,4.45,7.16,1
IMO9446607,G. Swan,LPG,SARRT,Ras Tanura,2020-03-12,2020-03-15,0,0.0,26.65,50.16,1
IMO9446932,Sirocco,LPG,SAYNB,Yanbu,2019-07-25,2019-07-28,0,0.0,24.09,38.06,1
IMO9446932,Sirocco,LPG,AUDAM,Dampier,2019-09-19,2019-09-22,53,5320.5,-20.65,116.71,2
IMO9446932,Sirocco,LPG,USHOU,Houston,2021-03-25,2021-03-28,550,8993.1,29.74,-95.27,3
IMO9446932,Sirocco,LPG,USHOU,Houston,2021-10-28,2021-10-31,214,0.0,29.74,-95.27,4
IMO9446932,Sirocco,LPG,USHOU,Houston,2022-02-03,2022-02-06,95,0.0,29.74,-95.27,5
IMO9446932,Sirocco,LPG,USHOU,Houston,2022-08-19,2022-08-22,194,0.0,29.74,-95.27,6
IMO9446932,Sirocco,LPG,USHOU,Houston,2023-07-13,2023-07-16,325,0.0,29.74,-95.27,7
IMO9448700,Dilam,Tankers,CNNGB,Ningbo-Zhoushan,2023-06-16,2023-06-19,14,0.0,29.87,121.55,1
IMO9449388,Vega Song,LPG,QARLF,Ras Laffan,2020-08-27,2020-08-30,0,0.0,25.92,51.53,1
IMO9449388,Vega Song,LPG,USHOU,Houston,2022-01-27,2022-01-30,515,6958.0,29.74,-95.27,2
IMO9449405,Mare Picenum,Tankers,SGSIN,Singapore,2018-05-24,2018-05-27,14,0.0,1.28,103.85,1
IMO9449405,Mare Picenum,Tankers,AEFJR,Fujairah,2020-05-19,2020-05-22,723,3099.3,25.13,56.34,2
IMO9449405,Mare Picenum,Tankers,SGSIN,Singapore,2020-06-05,2020-06-08,14,3099.3,1.28,103.85,3
IMO9449405,Mare Picenum,Tankers,NLRTM,Rotterdam,2020-06-22,2020-06-25,14,5689.2,51.92,4.47,4
IMO9449405,Mare Picenum,Tankers,DZAZW,Arzew,2022-12-16,2022-12-19,904,986.2,35.85,-0.31,5
IMO9449405,Mare Picenum,Tankers,SGSIN,Singapore,2023-01-02,2023-01-05,14,6044.3,1.28,103.85,6
IMO9449405,Mare Picenum,Tankers,DZAZW,Arzew,2023-09-01,2023-09-04,239,6044.3,35.85,-0.31,7
IMO9449405,Mare Picenum,Tankers,NGBON,Bonny,2024-07-24,2024-07-27,324,1930.1,4.45,7.16,8
IMO9451056,Doraji Gas,LPG,USHOU,Houston,2022-09-22,2022-09-25,0,0.0,29.74,-95.27,1
IMO9451056,Doraji Gas,LPG,USHOU,Houston,2022-10-06,2022-10-09,11,0.0,29.74,-95.27,2
IMO9452672,Mesdar,Tankers,KWMFA,Mina Al Ahmadi,2020-04-20,2020-04-23,0,0.0,29.07,48.15,1
IMO9452672,Mesdar,Tankers,INSIK,Sikka / Jamnagar,2020-05-07,2020-05-10,14,1236.5,22.43,69.84,2
IMO9452672,Mesdar,Tankers,AEFJR,Fujairah,2026-08-21,2026-08-24,2294,758.9,25.13,56.34,3
IMO9452880,Afroditi,Tankers,SGSIN,Singapore,2018-06-20,2018-06-23,14,0.0,1.28,103.85,1
IMO9452880,Afroditi,Tankers,INSIK,Sikka / Jamnagar,2018-07-07,2018-07-10,14,2355.7,22.43,69.84,2
IMO9452880,Afroditi,Tankers,DZAZW,Arzew,2019-05-01,2019-05-04,295,3689.7,35.85,-0.31,3
IMO9452880,Afroditi,Tankers,NLRTM,Rotterdam,2019-05-18,2019-05-21,14,986.2,51.92,4.47,4
IMO9452880,Afroditi,Tankers,INSIK,Sikka / Jamnagar,2019-06-04,2019-06-07,14,3449.7,22.43,69.84,5
IMO9452880,Afroditi,Tankers,SGSIN,Singapore,2019-06-21,2019-06-24,14,2355.7,1.28,103.85,6
IMO9452880,Afroditi,Tankers,USCRP,Corpus Christi,2023-04-17,2023-04-20,1393,8673.9,27.81,-97.39,7
IMO9452880,Afroditi,Tankers,RUPRI,Primorsk,2025-04-28,2025-05-01,739,4891.3,60.36,28.61,8
IMO9453822,Dragao Do Mar,Tankers,SARRT,Ras Tanura,2022-10-31,2022-11-03,0,0.0,26.65,50.16,1
IMO9455662,Dht Opal,Tankers,KWMFA,Mina Al Ahmadi,2021-11-30,2021-12-03,0,0.0,29.07,48.15,1
IMO9455662,Dht Opal,Tankers,SARRT,Ras Tanura,2022-04-07,2022-04-10,125,180.3,26.65,50.16,2
IMO9455662,Dht Opal,Tankers,SARRT,Ras Tanura,2025-04-18,2025-04-21,1104,0.0,26.65,50.16,3
IMO9455662,Dht Opal,Tankers,KWMFA,Mina Al Ahmadi,2025-08-06,2025-08-09,107,180.3,29.07,48.15,4
IMO9455662,Dht Opal,Tankers,SAYNB,Yanbu,2026-03-16,2026-03-19,219,618.4,24.09,38.06,5
IMO9455662,Dht Opal (Koch),Tankers,AEFJR,Fujairah,2026-06-10,2026-06-13,0,0.0,25.13,56.34,1
IMO9455662,Dht Opal,Tankers,AEFJR,Fujairah,2026-06-26,2026-06-29,99,999.0,25.13,56.34,6
IMO9455973,Amphitrite,Tankers,SARRT,Ras Tanura,2021-11-17,2021-11-20,0,0.0,26.65,50.16,1
IMO9455973,Amphitrite,Tankers,CNQDG,Qingdao,2021-12-04,2021-12-07,14,3565.3,36.08,120.32,2
IMO9455973,Amphitrite,Tankers,CNQDG,Qingdao,2021-12-21,2021-12-24,14,0.0,36.08,120.32,3
IMO9455973,Amphitrite,Tankers,SGSIN,Singapore,2022-01-07,2022-01-10,14,2281.6,1.28,103.85,4
IMO9455973,Amphitrite,Tankers,SAYNB,Yanbu,2026-05-01,2026-05-04,1572,4050.1,24.09,38.06,5
IMO9455973,Amphitrite,Tankers,AEFJR,Fujairah,2026-06-26,2026-06-29,53,999.0,25.13,56.34,6
IMO9456483,Reimei,LPG,QARLF,Ras Laffan,2020-07-30,2020-08-02,0,0.0,25.92,51.53,1
IMO9457452,Chloe V,Tankers,SARRT,Ras Tanura,2020-12-30,2021-01-02,0,0.0,26.65,50.16,1
IMO9457452,Princess Natalie,Tankers,SARRT,Ras Tanura,2022-03-31,2022-04-03,0,0.0,26.65,50.16,1
IMO9457452,Princess Natalie,Tankers,KRUSN,Ulsan,2022-04-17,2022-04-20,14,4000.9,35.5,129.38,2
IMO9457452,Princess Natalie,Tankers,KWMFA,Mina Al Ahmadi,2022-10-31,2022-11-03,194,4023.0,29.07,48.15,3
IMO9457452,Princess Natalie,Tankers,KWMFA,Mina Al Ahmadi,2023-03-22,2023-03-25,139,0.0,29.07,48.15,4
IMO9457452,Princess Natalie,Tankers,AEFJR,Fujairah,2024-11-11,2024-11-14,597,497.4,25.13,56.34,5
IMO9457452,Princess Natalie,Tankers,CNQDG,Qingdao,2024-11-28,2024-12-01,14,3312.7,36.08,120.32,6
IMO9457531,Fpmc C Orient,Tankers,SARRT,Ras Tanura,2021-02-09,2021-02-12,0,0.0,26.65,50.16,1
IMO9457531,Fpmc C Orient,Tankers,SAYNB,Yanbu,2026-05-19,2026-05-22,1922,673.9,24.09,38.06,2
IMO9457531,Fpmc C Orient,Tankers,SAYNB,Yanbu,2026-06-30,2026-07-03,39,0.0,24.09,38.06,3
IMO9457543,Hojo,Tankers,CNNGB,Ningbo-Zhoushan,2019-08-09,2019-08-12,14,0.0,29.87,121.55,1
IMO9457543,Hojo,Tankers,SARRT,Ras Tanura,2019-10-09,2019-10-12,58,3717.6,26.65,50.16,2
IMO9457543,Hojo,Tankers,NLRTM,Rotterdam,2019-10-26,2019-10-29,14,2547.4,51.92,4.47,3
IMO9457543,Hojo,Tankers,SARRT,Ras Tanura,2020-03-11,2020-03-14,134,2547.4,26.65,50.16,4
IMO9457543,Hojo,Tankers,CNNGB,Ningbo-Zhoushan,2020-03-28,2020-03-31,14,3717.6,29.87,121.55,5
IMO9457543,Hojo,Tankers,SARRT,Ras Tanura,2021-08-31,2021-09-03,518,3717.6,26.65,50.16,6
IMO9457543,Hojo,Tankers,SARRT,Ras Tanura,2022-01-18,2022-01-21,137,0.0,26.65,50.16,7
IMO9457892,Mare Siculum,Tankers,CNNGB,Ningbo-Zhoushan,2019-09-24,2019-09-27,14,0.0,29.87,121.55,1
IMO9457892,Mare Siculum,Tankers,NLRTM,Rotterdam,2020-01-30,2020-02-02,125,4890.7,51.92,4.47,2
IMO9457892,Mare Siculum,Tankers,SGSIN,Singapore,2020-02-16,2020-02-19,14,5689.2,1.28,103.85,3
IMO9457892,Mare Siculum,Tankers,SARRT,Ras Tanura,2021-11-26,2021-11-29,646,3444.8,26.65,50.16,4
IMO9457892,Mare Siculum,Tankers,SAYNB,Yanbu,2022-08-04,2022-08-07,248,673.9,24.09,38.06,5
IMO9457892,Mare Siculum,Tankers,SGSIN,Singapore,2022-08-21,2022-08-24,14,4050.1,1.28,103.85,6
IMO9457892,Mare Siculum,Tankers,NGBON,Bonny,2026-06-16,2026-06-19,1392,5798.0,4.45,7.16,7
IMO9457907,R’bury Lessley B,Tankers,NLRTM,Rotterdam,2018-06-28,2018-07-01,0,0.0,51.92,4.47,1
IMO9457907,R’bury Lessley B,Tankers,SGSIN,Singapore,2018-07-15,2018-07-18,14,5689.2,1.28,103.85,2
IMO9457907,R’bury Lessley B,Tankers,DZAZW,Arzew,2018-07-19,2018-07-22,1,6044.3,35.85,-0.31,3
IMO9457907,R’bury Lessley B,Tankers,SARRT,Ras Tanura,2018-09-03,2018-09-06,43,2619.7,26.65,50.16,4
IMO9457907,Ridgebury Lessley B,Tankers,DZAZW,Arzew,2019-02-06,2019-02-09,0,0.0,35.85,-0.31,1
IMO9457907,Ridgebury Lessley B,Tankers,DZAZW,Arzew,2020-04-14,2020-04-17,430,0.0,35.85,-0.31,2
IMO9457907,Ridgebury Lessley B,Tankers,SARRT,Ras Tanura,2020-06-17,2020-06-20,61,2619.7,26.65,50.16,3
IMO9457907,Ridgebury Lessley B,Tankers,AEFJR,Fujairah,2020-07-04,2020-07-07,14,346.0,25.13,56.34,4
IMO9457907,Ridgebury Lessley B,Tankers,SGSIN,Singapore,2020-07-21,2020-07-24,14,3099.3,1.28,103.85,5
IMO9457907,Ridgebury Lessley B,Tankers,AEFJR,Fujairah,2020-08-07,2020-08-10,14,3099.3,25.13,56.34,6
IMO9457907,Ridgebury Lessley B,Tankers,SARRT,Ras Tanura,2023-05-03,2023-05-06,996,346.0,26.65,50.16,7
IMO9457907,Jenggala Nassim,Tankers,DZAZW,Arzew,2024-04-17,2024-04-20,0,0.0,35.85,-0.31,1
IMO9457907,Jenggala Nassim,Tankers,DZAZW,Arzew,2024-08-13,2024-08-16,115,0.0,35.85,-0.31,2
IMO9457907,Jenggala Nassim,Tankers,SGSIN,Singapore,2026-01-02,2026-01-05,504,6044.3,1.28,103.85,3
IMO9457907,Jenggala Nassim,Tankers,SGSIN,Singapore,2026-01-20,2026-01-23,15,0.0,1.28,103.85,4
IMO9457907,Jenggala Nassim,Tankers,SGSIN,Singapore,2026-05-19,2026-05-22,116,0.0,1.28,103.85,5
IMO9458494,Achilleas,Tankers,AEFJR,Fujairah,2018-11-12,2018-11-15,14,0.0,25.13,56.34,1
IMO9458494,Achilleas,Tankers,SARRT,Ras Tanura,2019-08-05,2019-08-08,263,346.0,26.65,50.16,2
IMO9458494,Achilleas,Tankers,SGSIN,Singapore,2019-08-22,2019-08-25,14,3444.8,1.28,103.85,3
IMO9458494,Achilleas,Tankers,INSIK,Sikka / Jamnagar,2019-09-08,2019-09-11,14,2355.7,22.43,69.84,4
IMO9458494,Achilleas,Tankers,SGSIN,Singapore,2019-09-25,2019-09-28,14,2355.7,1.28,103.85,5
IMO9458494,Achilleas,Tankers,DZAZW,Arzew,2023-04-25,2023-04-28,1305,6044.3,35.85,-0.31,6
IMO9458494,Achilleas,Tankers,SARRT,Ras Tanura,2023-06-22,2023-06-25,55,2619.7,26.65,50.16,7
IMO9458494,Achilleas,Tankers,DZAZW,Arzew,2024-02-15,2024-02-18,235,2619.7,35.85,-0.31,8
IMO9458494,Achilleas,Tankers,NLRTM,Rotterdam,2024-03-03,2024-03-06,14,986.2,51.92,4.47,9
IMO9458614,New Vista,Tankers,AEFJR,Fujairah,2026-08-14,2026-08-17,0,0.0,25.13,56.34,1
IMO9459046,Desh Shoba,Tankers,SARRT,Ras Tanura,2018-04-24,2018-04-27,0,0.0,26.65,50.16,1
IMO9459046,Desh Shobha Oo,Tankers,SARRT,Ras Tanura,2018-11-19,2018-11-22,0,0.0,26.65,50.16,1
IMO9459046,Desh Shobha,Tankers,INSIK,Sikka / Jamnagar,2020-02-05,2020-02-08,14,0.0,22.43,69.84,1
IMO9459046,Desh Shobha,Tankers,KWMFA,Mina Al Ahmadi,2020-03-17,2020-03-20,38,1236.5,29.07,48.15,2
IMO9459046,Desh Shobha,Tankers,INSIK,Sikka / Jamnagar,2020-04-03,2020-04-06,14,1236.5,22.43,69.84,3
IMO9459046,Desh Shobha,Tankers,SARRT,Ras Tanura,2020-11-30,2020-12-03,238,1103.0,26.65,50.16,4
IMO9459046,Desh Shobha,Tankers,INSIK,Sikka / Jamnagar,2020-12-17,2020-12-20,14,1103.0,22.43,69.84,5
IMO9459046,Desh Shobha,Tankers,KWMFA,Mina Al Ahmadi,2021-02-09,2021-02-12,51,1236.5,29.07,48.15,6
IMO9459046,Desh Shobha,Tankers,KWMFA,Mina Al Ahmadi,2021-12-29,2022-01-01,320,0.0,29.07,48.15,7
IMO9459046,Desh Shobha,Tankers,SARRT,Ras Tanura,2022-02-16,2022-02-19,46,180.3,26.65,50.16,8
IMO9459046,Desh Shobha,Tankers,AEFJR,Fujairah,2022-04-25,2022-04-28,65,346.0,25.13,56.34,9
IMO9459046,Desh Shobha,Tankers,INSIK,Sikka / Jamnagar,2022-05-12,2022-05-15,14,758.9,22.43,69.84,10
IMO9459046,Desh Shobha,Tankers,AEFJR,Fujairah,2022-08-10,2022-08-13,87,758.9,25.13,56.34,11
IMO9459046,Desh Shobha,Tankers,AEFJR,Fujairah,2023-11-23,2023-11-26,467,0.0,25.13,56.34,12
IMO9459046,Desh Shobha,Tankers,SARRT,Ras Tanura,2024-02-20,2024-02-23,86,346.0,26.65,50.16,13
IMO9459046,Desh Shobha,Tankers,AEFJR,Fujairah,2024-03-11,2024-03-14,17,346.0,25.13,56.34,14
IMO9459046,Desh Shobha,Tankers,SARRT,Ras Tanura,2024-05-20,2024-05-23,67,346.0,26.65,50.16,15
IMO9459046,Desh Shobha,Tankers,SARRT,Ras Tanura,2024-06-12,2024-06-15,20,0.0,26.65,50.16,16
IMO9459046,Desh Shobha,Tankers,AEFJR,Fujairah,2024-07-22,2024-07-25,37,346.0,25.13,56.34,17
IMO9459046,Desh Shobha,Tankers,SARRT,Ras Tanura,2024-08-16,2024-08-19,22,346.0,26.65,50.16,18
IMO9459046,Desh Shobha,Tankers,AEFJR,Fujairah,2024-10-30,2024-11-02,72,346.0,25.13,56.34,19
IMO9459046,Desh Shobha,Tankers,KWMFA,Mina Al Ahmadi,2025-04-01,2025-04-04,150,497.4,29.07,48.15,20
IMO9459046,Desh Shobha,Tankers,SARRT,Ras Tanura,2025-04-23,2025-04-26,19,180.3,26.65,50.16,21
IMO9459046,Desh Shobha,Tankers,KWMFA,Mina Al Ahmadi,2025-08-22,2025-08-25,118,180.3,29.07,48.15,22
IMO9459046,Desh Shobha,Tankers,SAYNB,Yanbu,2026-04-02,2026-04-05,220,618.4,24.09,38.06,23
IMO9459046,Desh Shobha,Tankers,INSIK,Sikka / Jamnagar,2026-04-19,2026-04-22,14,1752.1,22.43,69.84,24
IMO9459046,Desh Shobha,Tankers,AEFJR,Fujairah,2026-06-11,2026-06-14,50,758.9,25.13,56.34,25
IMO9459046,Desh Shobha,Tankers,AEFJR,Fujairah,2026-08-25,2026-08-28,72,0.0,25.13,56.34,26
IMO9461001,Gas Zenith,LPG,QARLF,Ras Laffan,2020-01-30,2020-02-02,0,0.0,25.92,51.53,1
IMO9461001,Gas Zenith,LPG,SAYNB,Yanbu,2023-01-12,2023-01-15,1075,740.8,24.09,38.06,2
IMO9461764,Sofia,Tankers,SARRT,Ras Tanura,2020-08-13,2020-08-16,0,0.0,26.65,50.16,1
IMO9461764,Sofia,Tankers,NLRTM,Rotterdam,2020-08-30,2020-09-02,14,2547.4,51.92,4.47,2
IMO9461764,Sofia,Tankers,CNNGB,Ningbo-Zhoushan,2020-09-16,2020-09-19,14,4890.7,29.87,121.55,3
IMO9461764,Sofia,Tankers,SGSIN,Singapore,2023-01-08,2023-01-11,841,1991.7,1.28,103.85,4
IMO9461764,Sofia,Tankers,DZAZW,Arzew,2024-09-02,2024-09-05,600,6044.3,35.85,-0.31,5
IMO9461764,Sofia,Tankers,DZAZW,Arzew,2024-09-17,2024-09-20,12,0.0,35.85,-0.31,6
IMO9461764,Sofia,Tankers,DZAZW,Arzew,2024-09-30,2024-10-03,10,0.0,35.85,-0.31,7
IMO9461776,Stella,Tankers,CNNGB,Ningbo-Zhoushan,2019-12-06,2019-12-09,14,0.0,29.87,121.55,1
IMO9461776,Stella,Tankers,NLRTM,Rotterdam,2019-12-23,2019-12-26,14,4890.7,51.92,4.47,2
IMO9461776,Stella,Tankers,USHOU,Houston,2025-01-28,2025-01-31,1860,4355.9,29.74,-95.27,3
IMO9461776,Stella,Tankers,AEFJR,Fujairah,2026-08-27,2026-08-30,573,7129.4,25.13,56.34,4
IMO9462926,Decathlon,Tankers,NLRTM,Rotterdam,2021-04-18,2021-04-21,14,0.0,51.92,4.47,1
IMO9462926,Decathlon,Tankers,DZAZW,Arzew,2023-01-16,2023-01-19,635,986.2,35.85,-0.31,2
IMO9464079,Lilac Promenade,LPG,KWMFA,Mina Al Ahmadi,2020-02-06,2020-02-09,0,0.0,29.07,48.15,1
IMO9464079,Lilac Promenade,LPG,SARRT,Ras Tanura,2021-11-18,2021-11-21,648,180.3,26.65,50.16,2
IMO9464818,Oriental Jubilee,LPG,SAYNB,Yanbu,2019-07-11,2019-07-14,0,0.0,24.09,38.06,1
IMO9464818,Oriental Jubilee,LPG,AUDRW,Darwin,2021-10-07,2021-10-10,816,5856.6,-12.46,130.84,2
IMO9466570,Advantage Start,Tankers,NGBON,Bonny,2021-02-16,2021-02-19,0,0.0,4.45,7.16,1
IMO9466570,Advantage Start,Tankers,DZAZW,Arzew,2022-03-22,2022-03-25,396,1930.1,35.85,-0.31,2
IMO9466570,Advantage Start,Tankers,NLRTM,Rotterdam,2022-04-08,2022-04-11,14,986.2,51.92,4.47,3
IMO9466570,Advantage Start,Tankers,DZAZW,Arzew,2026-02-11,2026-02-14,1402,986.2,35.85,-0.31,4
IMO9466582,Advantage Spring,Tankers,DZAZW,Arzew,2022-06-17,2022-06-20,0,0.0,35.85,-0.31,1
IMO9466582,Advantage Spring,Tankers,AEFJR,Fujairah,2022-07-04,2022-07-07,14,2959.8,25.13,56.34,2
IMO9466582,Advantage Spring,Tankers,CNQDG,Qingdao,2022-07-21,2022-07-24,14,3312.7,36.08,120.32,3
IMO9467032,Matthew,LPG,NLRTM,Rotterdam,2020-07-16,2020-07-19,0,0.0,51.92,4.47,1
IMO9467032,Matthew,LPG,NLRTM,Rotterdam,2020-07-23,2020-07-26,4,0.0,51.92,4.47,2
IMO9467468,Mistral,LPG,USHOU,Houston,2019-05-23,2019-05-26,0,0.0,29.74,-95.27,1
IMO9467468,Mistral,LPG,USHOU,Houston,2022-02-10,2022-02-13,991,0.0,29.74,-95.27,2
IMO9467468,Mistral,LPG,USHOU,Houston,2022-11-24,2022-11-27,284,0.0,29.74,-95.27,3
IMO9467468,Mistral,LPG,USHOU,Houston,2023-11-16,2023-11-19,354,0.0,29.74,-95.27,4
IMO9467988,BW Retrofit DF TBN,LPG,USHOU,Houston,2021-05-27,2021-05-30,0,0.0,29.74,-95.27,1
IMO9468193,Fionan,Dry Bulk,SGSIN,Singapore,2025-02-05,2025-02-08,0,0.0,1.28,103.85,1
IMO9468322,New Pearl,Tankers,CNNGB,Ningbo-Zhoushan,2020-03-10,2020-03-13,14,0.0,29.87,121.55,1
IMO9468671,Delta Poseidon,Tankers,SGSIN,Singapore,2018-02-14,2018-02-17,14,0.0,1.28,103.85,1
IMO9468671,Delta Poseidon Oo,Tankers,DZAZW,Arzew,2019-02-05,2019-02-08,0,0.0,35.85,-0.31,1
IMO9468671,Delta Poseidon,Tankers,DZAZW,Arzew,2021-01-27,2021-01-30,1075,6044.3,35.85,-0.31,2
IMO9468671,Delta Poseidon,Tankers,CNNGB,Ningbo-Zhoushan,2021-02-13,2021-02-16,14,5676.8,29.87,121.55,3
IMO9468671,Delta Poseidon,Tankers,DZAZW,Arzew,2025-07-17,2025-07-20,1612,5676.8,35.85,-0.31,4
IMO9468671,Delta Poseidon,Tankers,DZAZW,Arzew,2025-08-06,2025-08-09,17,0.0,35.85,-0.31,5
IMO9468853,Olympic Target,Tankers,SARRT,Ras Tanura,2019-08-02,2019-08-05,0,0.0,26.65,50.16,1
IMO9468853,Olympic Target,Tankers,CNNGB,Ningbo-Zhoushan,2019-08-19,2019-08-22,14,3717.6,29.87,121.55,2
IMO9468853,Olympic Target,Tankers,SARRT,Ras Tanura,2022-05-17,2022-05-20,999,3717.6,26.65,50.16,3
IMO9468853,Olympic Target,Tankers,CNNGB,Ningbo-Zhoushan,2022-06-03,2022-06-06,14,3717.6,29.87,121.55,4
IMO9469235,Kakurei Maru,LNG,JPCHB,Chiba,2019-01-01,2019-01-04,0,0.0,35.6,140.1,1
IMO9469235,Kakurei Maru,LNG,JPCHB,Chiba,2019-01-18,2019-01-21,14,0.0,35.6,140.1,2
IMO9470040,Olympic Leopard,Tankers,CNNGB,Ningbo-Zhoushan,2021-05-21,2021-05-24,14,0.0,29.87,121.55,1
IMO9470040,Olympic Leopard,Tankers,INSIK,Sikka / Jamnagar,2021-06-07,2021-06-10,14,2799.7,22.43,69.84,2
IMO9470254,Gas Gabriella,LPG,USPOA,Port Arthur / Nederland,2021-03-11,2021-03-14,0,0.0,29.87,-93.93,1
IMO9470254,Gas Gabriella,LPG,USHOU,Houston,2021-12-09,2021-12-12,270,70.2,29.74,-95.27,2
IMO9472529,Bodil Knutsen,Tankers,NLRTM,Rotterdam,2023-06-08,2023-06-11,14,0.0,51.92,4.47,1
IMO9473133,Agios Sostis,Tankers,CNNGB,Ningbo-Zhoushan,2024-02-23,2024-02-26,14,0.0,29.87,121.55,1
IMO9473142,Navigator Copernico,LPG,USHOU,Houston,2021-06-03,2021-06-06,14,0.0,29.74,-95.27,1
IMO9473389,Xin An Yang,Tankers,SARRT,Ras Tanura,2020-11-06,2020-11-09,0,0.0,26.65,50.16,1
IMO9473389,Xin An Yang,Tankers,SARRT,Ras Tanura,2026-01-19,2026-01-22,1897,0.0,26.65,50.16,2
IMO9473389,Xin An Yang,Tankers,SAYNB,Yanbu,2026-03-04,2026-03-07,41,673.9,24.09,38.06,3
IMO9473389,Xin An Yang,Tankers,AEFJR,Fujairah,2026-06-23,2026-06-26,108,999.0,25.13,56.34,4
IMO9473558,Smiti ,Tankers,KWMFA,Mina Al Ahmadi,2021-06-16,2021-06-19,0,0.0,29.07,48.15,1
IMO9475208,Soyo,LNG,SGSIN,Singapore,2010-12-31,2011-01-03,0,0.0,1.28,103.85,1
IMO9475208,Soyo,LNG,SGSIN,Singapore,2011-01-17,2011-01-20,14,0.0,1.28,103.85,2
IMO9475208,Soyo,LNG,NGBON,Bonny,2013-05-23,2013-05-26,854,5798.0,4.45,7.16,3
IMO9475208,Soyo,LNG,NGBON,Bonny,2013-06-09,2013-06-12,14,0.0,4.45,7.16,4
IMO9475208,Soyo,LNG,NOHFT,Hammerfest,2014-08-08,2014-08-11,422,4026.4,70.66,23.68,5
IMO9475208,Soyo,LNG,NOHFT,Hammerfest,2014-08-25,2014-08-28,14,0.0,70.66,23.68,6
IMO9475208,Soyo,LNG,SGSIN,Singapore,2014-10-21,2014-10-24,54,5136.4,1.28,103.85,7
IMO9475208,Soyo,LNG,SGSIN,Singapore,2014-11-07,2014-11-10,14,0.0,1.28,103.85,8
IMO9475208,Soyo,LNG,NGBON,Bonny,2015-02-19,2015-02-22,101,5798.0,4.45,7.16,9
IMO9475208,Soyo,LNG,NGBON,Bonny,2015-03-08,2015-03-11,14,0.0,4.45,7.16,10
IMO9475208,Soyo,LNG,NGBON,Bonny,2015-09-21,2015-09-24,194,0.0,4.45,7.16,11
IMO9475208,Soyo,LNG,NGBON,Bonny,2015-10-08,2015-10-11,14,0.0,4.45,7.16,12
IMO9475600,Sonangol Sambizanga,LNG,SGSIN,Singapore,2012-02-02,2012-02-05,0,0.0,1.28,103.85,1
IMO9475600,Sonangol Sambizanga,LNG,SGSIN,Singapore,2012-02-19,2012-02-22,14,0.0,1.28,103.85,2
IMO9475600,Sonangol Sambizanga,LNG,NGBON,Bonny,2013-07-27,2013-07-30,521,5798.0,4.45,7.16,3
IMO9475600,Sonangol Sambizanga,LNG,NGBON,Bonny,2013-08-13,2013-08-16,14,0.0,4.45,7.16,4
IMO9475600,Sonangol Sambizanga,LNG,NGBON,Bonny,2014-09-02,2014-09-05,382,0.0,4.45,7.16,5
IMO9475600,Sonangol Sambizanga,LNG,NGBON,Bonny,2014-09-19,2014-09-22,14,0.0,4.45,7.16,6
IMO9475856,Fpmc C Melody,Tankers,NLRTM,Rotterdam,2019-07-03,2019-07-06,0,0.0,51.92,4.47,1
IMO9475856,Fpmc C Melody,Tankers,SGSIN,Singapore,2019-07-20,2019-07-23,14,5689.2,1.28,103.85,2
IMO9476074,Maingas,LPG,NLRTM,Rotterdam,2019-12-12,2019-12-15,0,0.0,51.92,4.47,1
IMO9476074,Maingas,LPG,NLRTM,Rotterdam,2020-01-30,2020-02-02,46,0.0,51.92,4.47,2
IMO9476074,Maingas,LPG,NLRTM,Rotterdam,2020-02-16,2020-02-19,14,0.0,51.92,4.47,3
IMO9476654,Amazon,Tankers,NLRTM,Rotterdam,2018-02-08,2018-02-11,0,0.0,51.92,4.47,1
IMO9476654,Amazon,Tankers,SGSIN,Singapore,2018-02-25,2018-02-28,14,5689.2,1.28,103.85,2
IMO9476654,Amazon,Tankers,QARLF,Ras Laffan,2018-09-06,2018-09-09,190,3361.5,25.92,51.53,3
IMO9476654,Amazon,Tankers,SARRT,Ras Tanura,2020-01-02,2020-01-05,480,85.8,26.65,50.16,4
IMO9476654,Amazon,Tankers,INSIK,Sikka / Jamnagar,2020-01-19,2020-01-22,14,1103.0,22.43,69.84,5
IMO9476654,Amazon,Tankers,INSIK,Sikka / Jamnagar,2020-02-05,2020-02-08,14,0.0,22.43,69.84,6
IMO9476654,Amazon,Tankers,INSIK,Sikka / Jamnagar,2020-02-22,2020-02-25,14,0.0,22.43,69.84,7
IMO9476654,Amazon,Tankers,SARRT,Ras Tanura,2020-12-03,2020-12-06,282,1103.0,26.65,50.16,8
IMO9476654,Amazon,Tankers,SGSIN,Singapore,2020-12-20,2020-12-23,14,3444.8,1.28,103.85,9
IMO9476654,Amazon,Tankers,AEFJR,Fujairah,2021-01-06,2021-01-09,14,3099.3,25.13,56.34,10
IMO9476654,Amazon,Tankers,INSIK,Sikka / Jamnagar,2021-01-23,2021-01-26,14,758.9,22.43,69.84,11
IMO9476654,Amazon,Tankers,INSIK,Sikka / Jamnagar,2021-02-09,2021-02-12,14,0.0,22.43,69.84,12
IMO9476654,Amazon,Tankers,SARRT,Ras Tanura,2023-01-26,2023-01-29,713,1103.0,26.65,50.16,13
IMO9476654,Amazon,Tankers,INSIK,Sikka / Jamnagar,2023-02-12,2023-02-15,14,1103.0,22.43,69.84,14
IMO9476654,Amazon,Tankers,SARRT,Ras Tanura,2023-09-21,2023-09-24,218,1103.0,26.65,50.16,15
IMO9476654,Amazon,Tankers,SARRT,Ras Tanura,2024-05-03,2024-05-06,222,0.0,26.65,50.16,16
IMO9476654,Amazon,Tankers,SAYNB,Yanbu,2026-07-09,2026-07-12,794,673.9,24.09,38.06,17
IMO9476824,Happy Avocet ,LPG,USHOU,Houston,2019-06-20,2019-06-23,0,0.0,29.74,-95.27,1
IMO9477450,Epic Bali,LPG,NLRTM,Rotterdam,2023-08-17,2023-08-20,0,0.0,51.92,4.47,1
IMO9477450,Epic Bali,LPG,NLRTM,Rotterdam,2023-08-24,2023-08-27,4,0.0,51.92,4.47,2
IMO9477593,Ribera Del Duero Knutsen,LNG,USSPG,Sabine Pass,2017-03-13,2017-03-16,0,0.0,29.73,-93.87,1
IMO9477593,Ribera Del Duero Knutsen,LNG,USSPG,Sabine Pass,2017-03-30,2017-04-02,14,0.0,29.73,-93.87,2
IMO9477655,Solvang tbn (Clipper Eris OOS),LPG,USHOU,Houston,2021-05-20,2021-05-23,0,0.0,29.74,-95.27,1
IMO9478195,Durham,LPG,USHOU,Houston,2022-03-31,2022-04-03,0,0.0,29.74,-95.27,1
IMO9478195,Durham,LPG,USHOU,Houston,2022-06-17,2022-06-20,75,0.0,29.74,-95.27,2
IMO9478195,Durham,LPG,USHOU,Houston,2023-08-24,2023-08-27,430,0.0,29.74,-95.27,3
IMO9480434,Corsair,LPG,AUDRW,Darwin,2021-11-11,2021-11-14,0,0.0,-12.46,130.84,1
IMO9480434,Corsair,LPG,AUDRW,Darwin,2021-12-02,2021-12-05,18,0.0,-12.46,130.84,2
IMO9480434,Corsair,LPG,USHOU,Houston,2022-07-28,2022-07-31,235,8046.2,29.74,-95.27,3
IMO9480837,Eurospririt,Tankers,AEFJR,Fujairah,2020-08-27,2020-08-30,0,0.0,25.13,56.34,1
IMO9482299,Sonangol Etosha,LNG,SGSIN,Singapore,2012-06-13,2012-06-16,0,0.0,1.28,103.85,1
IMO9482299,Sonangol Etosha,LNG,SGSIN,Singapore,2012-06-30,2012-07-03,14,0.0,1.28,103.85,2
IMO9482620,SM HARMONY 1,Dry Bulk,CNNGB,Ningbo-Zhoushan,2025-02-03,2025-02-06,0,0.0,29.87,121.55,1
IMO9483292,Maersk Crete,Tankers,CNNGB,Ningbo-Zhoushan,2019-07-18,2019-07-21,0,0.0,29.87,121.55,1
IMO9483557,Continental (Relet),LPG,USHOU,Houston,2019-04-04,2019-04-07,0,0.0,29.74,-95.27,1
IMO9484716,Niban,Tankers,KWMFA,Mina Al Ahmadi,2021-01-26,2021-01-29,0,0.0,29.07,48.15,1
IMO9484728,Ghinah,Tankers,CNNGB,Ningbo-Zhoushan,2020-09-17,2020-09-20,14,0.0,29.87,121.55,1
IMO9484730,Nisalah,Tankers,CNNGB,Ningbo-Zhoushan,2021-03-16,2021-03-19,14,0.0,29.87,121.55,1
IMO9484742,Farhah,Tankers,CNNGB,Ningbo-Zhoushan,2019-12-30,2020-01-02,14,0.0,29.87,121.55,1
IMO9486466,wanming1,Dry Bulk,CNNGB,Ningbo-Zhoushan,2025-01-22,2025-01-25,0,0.0,29.87,121.55,1
IMO9486466,wanming1,Dry Bulk,CNNGB,Ningbo-Zhoushan,2025-01-31,2025-02-03,6,0.0,29.87,121.55,2
IMO9486466,wanming1,Dry Bulk,CNNGB,Ningbo-Zhoushan,2025-02-04,2025-02-07,1,0.0,29.87,121.55,3
IMO9486491,New Joviality,Tankers,AEFJR,Fujairah,2025-01-23,2025-01-26,0,0.0,25.13,56.34,1
IMO9486506,New Wisdom,Tankers,SARRT,Ras Tanura,2023-01-30,2023-02-02,0,0.0,26.65,50.16,1
IMO9486506,New Wisdom,Tankers,AEFJR,Fujairah,2026-05-20,2026-05-23,1203,346.0,25.13,56.34,2
IMO9486506,New Wisdom,Tankers,AEFJR,Fujairah,2026-08-12,2026-08-15,81,0.0,25.13,56.34,3
IMO9486520,New Horizon,Tankers,SARRT,Ras Tanura,2020-11-02,2020-11-05,0,0.0,26.65,50.16,1
IMO9486520,New Horizon,Tankers,SAYNB,Yanbu,2026-03-10,2026-03-13,1951,673.9,24.09,38.06,2
IMO9486532,New Pioneer,Tankers,CNNGB,Ningbo-Zhoushan,2021-03-12,2021-03-15,14,0.0,29.87,121.55,1
IMO9486532,New Pioneer,Tankers,SARRT,Ras Tanura,2021-10-25,2021-10-28,224,3717.6,26.65,50.16,2
IMO9486532,New Pioneer,Tankers,KRUSN,Ulsan,2021-11-11,2021-11-14,14,4000.9,35.5,129.38,3
IMO9486544,New Aspire,Tankers,SARRT,Ras Tanura,2021-01-21,2021-01-24,0,0.0,26.65,50.16,1
IMO9486544,New Aspire,Tankers,SARRT,Ras Tanura,2021-12-13,2021-12-16,323,0.0,26.65,50.16,2
IMO9486544,New Aspire,Tankers,CNNGB,Ningbo-Zhoushan,2021-12-30,2022-01-02,14,3717.6,29.87,121.55,3
IMO9486544,New Aspire*,Tankers,SAYNB,Yanbu,2026-05-06,2026-05-09,0,0.0,24.09,38.06,1
IMO9486544,New Aspire,Tankers,SAYNB,Yanbu,2026-06-22,2026-06-25,1632,4380.6,24.09,38.06,4
IMO9489337,Kanaris 21,Tankers,SGSIN,Singapore,2021-05-03,2021-05-06,14,0.0,1.28,103.85,1
IMO9489337,Kanaris 21,Tankers,SAYNB,Yanbu,2021-11-10,2021-11-13,188,4050.1,24.09,38.06,2
IMO9489337,Kanaris 21,Tankers,SGSIN,Singapore,2021-11-27,2021-11-30,14,4050.1,1.28,103.85,3
IMO9489875,ATHANASIA C,Dry Bulk,SGSIN,Singapore,2025-01-28,2025-01-31,0,0.0,1.28,103.85,1
IMO9490959,Malanje,LNG,SGSIN,Singapore,2010-12-31,2011-01-03,0,0.0,1.28,103.85,1
IMO9490959,Malanje,LNG,SGSIN,Singapore,2011-01-17,2011-01-20,14,0.0,1.28,103.85,2
IMO9490959,Malanje,LNG,SGSIN,Singapore,2011-08-01,2011-08-04,193,0.0,1.28,103.85,3
IMO9490959,Malanje,LNG,SGSIN,Singapore,2011-08-18,2011-08-21,14,0.0,1.28,103.85,4
IMO9490959,Malanje,LNG,NGBON,Bonny,2012-06-21,2012-06-24,305,5798.0,4.45,7.16,5
IMO9490959,Malanje,LNG,NGBON,Bonny,2012-07-08,2012-07-11,14,0.0,4.45,7.16,6
IMO9490959,Malanje,LNG,SGSIN,Singapore,2015-01-28,2015-01-31,931,5798.0,1.28,103.85,7
IMO9490959,Malanje,LNG,SGSIN,Singapore,2015-02-14,2015-02-17,14,0.0,1.28,103.85,8
IMO9490961,Lobito,LNG,SGSIN,Singapore,2012-02-02,2012-02-05,0,0.0,1.28,103.85,1
IMO9490961,Lobito,LNG,SGSIN,Singapore,2012-02-19,2012-02-22,14,0.0,1.28,103.85,2
IMO9490961,Lobito,LNG,QARLF,Ras Laffan,2014-08-29,2014-09-01,919,3361.5,25.92,51.53,3
IMO9490961,Lobito,LNG,QARLF,Ras Laffan,2014-09-15,2014-09-18,14,0.0,25.92,51.53,4
IMO9490961,Lobito,LNG,NGBON,Bonny,2014-11-28,2014-12-01,71,2855.1,4.45,7.16,5
IMO9490961,Lobito,LNG,NGBON,Bonny,2014-12-15,2014-12-18,14,0.0,4.45,7.16,6
IMO9490961,Lobito,LNG,NGBON,Bonny,2015-09-21,2015-09-24,277,0.0,4.45,7.16,7
IMO9490961,Lobito,LNG,NGBON,Bonny,2015-10-08,2015-10-11,14,0.0,4.45,7.16,8
IMO9491219,HLS Amber,LPG,USHOU,Houston,2022-01-07,2022-01-10,0,0.0,29.74,-95.27,1
IMO9491219,HLS Amber,LPG,USHOU,Houston,2022-03-10,2022-03-13,59,0.0,29.74,-95.27,2
IMO9491219,HLS Amber,LPG,USHOU,Houston,2022-05-19,2022-05-22,67,0.0,29.74,-95.27,3
IMO9491223,Clipper Eirene,LPG,USHOU,Houston,2022-03-31,2022-04-03,0,0.0,29.74,-95.27,1
IMO9491428,Cresques,LPG,USHOU,Houston,2019-03-28,2019-03-31,0,0.0,29.74,-95.27,1
IMO9491428,Cresques,LPG,USHOU,Houston,2023-04-13,2023-04-16,1474,0.0,29.74,-95.27,2
IMO9491812,Cubal,LNG,NGBON,Bonny,2012-12-22,2012-12-25,0,0.0,4.45,7.16,1
IMO9491812,Cubal,LNG,NGBON,Bonny,2013-01-08,2013-01-11,14,0.0,4.45,7.16,2
IMO9491812,Cubal,LNG,NGBON,Bonny,2019-01-04,2019-01-07,2184,0.0,4.45,7.16,3
IMO9491812,Cubal,LNG,NGBON,Bonny,2019-01-21,2019-01-24,14,0.0,4.45,7.16,4
IMO9493692,Nissos Sifnos,Tankers,DZAZW,Arzew,2021-03-31,2021-04-03,0,0.0,35.85,-0.31,1
IMO9493767,Pola,Tankers,SARRT,Ras Tanura,2018-10-09,2018-10-12,0,0.0,26.65,50.16,1
IMO9493767,Pola,Tankers,SARRT,Ras Tanura,2019-01-08,2019-01-11,88,0.0,26.65,50.16,2
IMO9493767,Pola,Tankers,INSIK,Sikka / Jamnagar,2019-01-25,2019-01-28,14,1103.0,22.43,69.84,3
IMO9493767,Pola,Tankers,SARRT,Ras Tanura,2019-05-14,2019-05-17,106,1103.0,26.65,50.16,4
IMO9493767,Pola,Tankers,SARRT,Ras Tanura,2019-07-10,2019-07-13,54,0.0,26.65,50.16,5
IMO9493767,Pola,Tankers,SARRT,Ras Tanura,2019-07-31,2019-08-03,18,0.0,26.65,50.16,6
IMO9493767,Pola,Tankers,INSIK,Sikka / Jamnagar,2019-08-17,2019-08-20,14,1103.0,22.43,69.84,7
IMO9493767,Pola,Tankers,SGSIN,Singapore,2020-07-14,2020-07-17,329,2355.7,1.28,103.85,8
IMO9493767,Pola,Tankers,KWMFA,Mina Al Ahmadi,2021-12-17,2021-12-20,518,3589.4,29.07,48.15,9
IMO9493767,Pola,Tankers,DZAZW,Arzew,2022-11-16,2022-11-19,331,2463.5,35.85,-0.31,10
IMO9493767,Pola,Tankers,SARRT,Ras Tanura,2023-02-02,2023-02-05,75,2619.7,26.65,50.16,11
IMO9493767,Pola,Tankers,INSIK,Sikka / Jamnagar,2023-02-19,2023-02-22,14,1103.0,22.43,69.84,12
IMO9493767,Pola,Tankers,SARRT,Ras Tanura,2023-11-16,2023-11-19,267,1103.0,26.65,50.16,13
IMO9493779,Smyrni,Tankers,CNNGB,Ningbo-Zhoushan,2019-03-21,2019-03-24,14,0.0,29.87,121.55,1
IMO9493779,Smyrni,Tankers,AEFJR,Fujairah,2020-03-27,2020-03-30,369,3438.5,25.13,56.34,2
IMO9493779,Smyrni,Tankers,ZASDB,Saldanha Bay,2020-04-13,2020-04-16,14,4123.6,-33.02,17.95,3
IMO9493779,Smyrni,Tankers,AEFJR,Fujairah,2020-04-30,2020-05-03,14,4123.6,25.13,56.34,4
IMO9493779,Smyrni,Tankers,AEFJR,Fujairah,2020-05-17,2020-05-20,14,0.0,25.13,56.34,5
IMO9493779,Smyrni,Tankers,INSIK,Sikka / Jamnagar,2020-06-03,2020-06-06,14,758.9,22.43,69.84,6
IMO9493779,Smyrni,Tankers,SARRT,Ras Tanura,2022-02-13,2022-02-16,617,1103.0,26.65,50.16,7
IMO9493779,Smyrni,Tankers,INSIK,Sikka / Jamnagar,2022-03-02,2022-03-05,14,1103.0,22.43,69.84,8
IMO9493779,Smyrni,Tankers,USHOU,Houston,2023-04-20,2023-04-23,411,7559.1,29.74,-95.27,9
IMO9493779,Smyrni,Tankers,RUPRI,Primorsk,2023-05-15,2023-05-18,22,4739.8,60.36,28.61,10
IMO9493779,Smyrni,Tankers,INSIK,Sikka / Jamnagar,2023-06-01,2023-06-04,14,2852.7,22.43,69.84,11
IMO9493779,Smyrni,Tankers,SARRT,Ras Tanura,2023-09-21,2023-09-24,109,1103.0,26.65,50.16,12
IMO9493779,Smyrni,Tankers,INSIK,Sikka / Jamnagar,2023-10-08,2023-10-11,14,1103.0,22.43,69.84,13
IMO9493779,Smyrni,Tankers,SARRT,Ras Tanura,2023-11-08,2023-11-11,28,1103.0,26.65,50.16,14
IMO9493779,Smyrni,Tankers,SARRT,Ras Tanura,2025-09-01,2025-09-04,660,0.0,26.65,50.16,15
IMO9494180,Eco Galaxy,LPG,SGSIN,Singapore,2021-11-18,2021-11-21,0,0.0,1.28,103.85,1
IMO9498151,Future Diamond,LPG,USHOU,Houston,2020-06-11,2020-06-14,0,0.0,29.74,-95.27,1
IMO9498151,Future Diamond,LPG,USHOU,Houston,2021-10-21,2021-10-24,494,0.0,29.74,-95.27,2
IMO9498151,Future Diamond,LPG,USHOU,Houston,2022-03-10,2022-03-13,137,0.0,29.74,-95.27,3
IMO9498151,Future Diamond,LPG,USHOU,Houston,2022-05-19,2022-05-22,67,0.0,29.74,-95.27,4
IMO9498151,Future Diamond,LPG,USHOU,Houston,2023-06-15,2023-06-18,389,0.0,29.74,-95.27,5
IMO9498151,Future Diamond,LPG,USHOU,Houston,2023-11-02,2023-11-05,137,0.0,29.74,-95.27,6
IMO9499553,AKAKI,Dry Bulk,SGSIN,Singapore,2025-02-07,2025-02-10,0,0.0,1.28,103.85,1
IMO9500716,Seeb,Tankers,CNNGB,Ningbo-Zhoushan,2019-06-13,2019-06-16,14,0.0,29.87,121.55,1
IMO9500716,Seeb,Tankers,CNNGB,Ningbo-Zhoushan,2019-06-30,2019-07-03,14,0.0,29.87,121.55,2
IMO9500716,Seeb,Tankers,SARRT,Ras Tanura,2024-11-07,2024-11-10,1954,3717.6,26.65,50.16,3
IMO9500716,Seeb,Tankers,SAYNB,Yanbu,2026-05-08,2026-05-11,544,673.9,24.09,38.06,4
IMO9500716,Seeb,Tankers,SARRT,Ras Tanura,2026-07-02,2026-07-05,52,673.9,26.65,50.16,5
IMO9500728,As Suwayq,Tankers,SARRT,Ras Tanura,2021-04-13,2021-04-16,0,0.0,26.65,50.16,1
IMO9500728,As Suwayq,Tankers,SARRT,Ras Tanura,2023-03-06,2023-03-09,689,0.0,26.65,50.16,2
IMO9500728,As Suwayq,Tankers,CNNGB,Ningbo-Zhoushan,2023-03-23,2023-03-26,14,3717.6,29.87,121.55,3
IMO9500730,Habrut,Tankers,CNNGB,Ningbo-Zhoushan,2019-09-13,2019-09-16,14,0.0,29.87,121.55,1
IMO9500730,Habrut,Tankers,SARRT,Ras Tanura,2020-10-26,2020-10-29,406,3717.6,26.65,50.16,2
IMO9500730,Habrut,Tankers,INSIK,Sikka / Jamnagar,2020-11-12,2020-11-15,14,1103.0,22.43,69.84,3
IMO9500730,Habrut,Tankers,SARRT,Ras Tanura,2021-06-22,2021-06-25,219,1103.0,26.65,50.16,4
IMO9500730,Habrut,Tankers,SARRT,Ras Tanura,2021-12-23,2021-12-26,181,0.0,26.65,50.16,5
IMO9500730,Habrut,Tankers,CNNGB,Ningbo-Zhoushan,2022-01-09,2022-01-12,14,3717.6,29.87,121.55,6
IMO9500730,Habrut,Tankers,CNNGB,Ningbo-Zhoushan,2022-01-26,2022-01-29,14,0.0,29.87,121.55,7
IMO9500730,Habrut,Tankers,CNNGB,Ningbo-Zhoushan,2022-02-12,2022-02-15,14,0.0,29.87,121.55,8
IMO9500730,Habrut,Tankers,CNNGB,Ningbo-Zhoushan,2022-03-01,2022-03-04,14,0.0,29.87,121.55,9
IMO9500730,Habrut,Tankers,AEFJR,Fujairah,2026-08-18,2026-08-21,1628,3438.5,25.13,56.34,10
IMO9500924,Izki,Tankers,SGSIN,Singapore,2020-06-30,2020-07-03,0,0.0,1.28,103.85,1
IMO9500924,Izki,Tankers,CNNGB,Ningbo-Zhoushan,2020-07-17,2020-07-20,14,1991.7,29.87,121.55,2
IMO9500936,Bukha,Tankers,SARRT,Ras Tanura,2021-11-03,2021-11-06,0,0.0,26.65,50.16,1
IMO9500936,Bukha,Tankers,SARRT,Ras Tanura,2023-08-18,2023-08-21,650,0.0,26.65,50.16,2
IMO9500936,Bukha,Tankers,INSIK,Sikka / Jamnagar,2023-09-04,2023-09-07,14,1103.0,22.43,69.84,3
IMO9500936,Bukha,Tankers,KWMFA,Mina Al Ahmadi,2023-09-26,2023-09-29,19,1236.5,29.07,48.15,4
IMO9500936,Bukha,Tankers,KWMFA,Mina Al Ahmadi,2023-11-15,2023-11-18,47,0.0,29.07,48.15,5
IMO9500936,Bukha,Tankers,CNQDG,Qingdao,2023-12-02,2023-12-05,14,3592.8,36.08,120.32,6
IMO9500936,Bukha,Tankers,KWMFA,Mina Al Ahmadi,2026-02-25,2026-02-28,813,3592.8,29.07,48.15,7
IMO9501150,Caribbean Loyalty,Tankers,SAYNB,Yanbu,2026-03-17,2026-03-20,0,0.0,24.09,38.06,1
IMO9501162,Daba,Tankers,CNNGB,Ningbo-Zhoushan,2020-10-01,2020-10-04,14,0.0,29.87,121.55,1
IMO9501162,Daba,Tankers,CNNGB,Ningbo-Zhoushan,2020-10-18,2020-10-21,14,0.0,29.87,121.55,2
IMO9501162,Daba,Tankers,SARRT,Ras Tanura,2021-01-05,2021-01-08,76,3717.6,26.65,50.16,3
IMO9501162,Daba,Tankers,SARRT,Ras Tanura,2023-09-01,2023-09-04,966,0.0,26.65,50.16,4
IMO9501162,Daba,Tankers,SARRT,Ras Tanura,2026-07-01,2026-07-04,1031,0.0,26.65,50.16,5
IMO9501174,Taqah,Tankers,SARRT,Ras Tanura,2020-10-07,2020-10-10,0,0.0,26.65,50.16,1
IMO9501174,Taqah,Tankers,KWMFA,Mina Al Ahmadi,2023-07-31,2023-08-03,1024,180.3,29.07,48.15,2
IMO9501174,Taqah,Tankers,SARRT,Ras Tanura,2024-07-19,2024-07-22,351,180.3,26.65,50.16,3
IMO9501174,Taqah,Tankers,INSIK,Sikka / Jamnagar,2024-08-05,2024-08-08,14,1103.0,22.43,69.84,4
IMO9501186,Adam Lng,LNG,SGSIN,Singapore,2014-07-31,2014-08-03,0,0.0,1.28,103.85,1
IMO9501186,Adam Lng,LNG,SGSIN,Singapore,2014-08-17,2014-08-20,14,0.0,1.28,103.85,2
IMO9501186,Adam Lng,LNG,QARLF,Ras Laffan,2016-05-05,2016-05-08,624,3361.5,25.92,51.53,3
IMO9501186,Adam Lng,LNG,QARLF,Ras Laffan,2016-05-22,2016-05-25,14,0.0,25.92,51.53,4
IMO9501186,Adam Lng,LNG,AUDRW,Darwin,2016-08-29,2016-09-01,96,5167.5,-12.46,130.84,5
IMO9501186,Adam Lng,LNG,AUDRW,Darwin,2016-09-15,2016-09-18,14,0.0,-12.46,130.84,6
IMO9501186,Adam Lng,LNG,AEFJR,Fujairah,2016-10-10,2016-10-13,22,4904.4,25.13,56.34,7
IMO9501186,Adam Lng,LNG,AEFJR,Fujairah,2016-10-27,2016-10-30,14,0.0,25.13,56.34,8
IMO9501186,Adam Lng,LNG,SGSIN,Singapore,2021-02-14,2021-02-17,1568,3099.3,1.28,103.85,9
IMO9501186,Adam Lng,LNG,SGSIN,Singapore,2021-03-03,2021-03-06,14,0.0,1.28,103.85,10
IMO9503859,BW Frigg,LPG,USPOA,Port Arthur / Nederland,2019-05-16,2019-05-19,0,0.0,29.87,-93.93,1
IMO9503859,BW Frigg,LPG,USHOU,Houston,2022-03-24,2022-03-27,1040,70.2,29.74,-95.27,2
IMO9503859,BW Frigg,LPG,USHOU,Houston,2023-01-26,2023-01-29,305,0.0,29.74,-95.27,3
IMO9503859,BW Frigg,LPG,QARLF,Ras Laffan,2023-07-27,2023-07-30,179,6958.0,25.92,51.53,4
IMO9503938,Helios TBN,LPG,USHOU,Houston,2019-04-11,2019-04-14,0,0.0,29.74,-95.27,1
IMO9503938,Helios TBN,LPG,USHOU,Houston,2021-03-18,2021-03-21,704,0.0,29.74,-95.27,2
IMO9503938,Helios TBN,LPG,USHOU,Houston,2021-04-08,2021-04-11,18,0.0,29.74,-95.27,4
IMO9503938,Helios TBN,LPG,USHOU,Houston,2022-06-17,2022-06-20,432,0.0,29.74,-95.27,5
IMO9503938,Helios TBN,LPG,USHOU,Houston,2022-06-23,2022-06-26,3,0.0,29.74,-95.27,6
IMO9503938,Helios TBN,LPG,USHOU,Houston,2022-09-22,2022-09-25,88,0.0,29.74,-95.27,7
IMO9503938,Helios TBN,LPG,USHOU,Houston,2022-11-04,2022-11-07,40,0.0,29.74,-95.27,8
IMO9503938,Helios TBN,LPG,USHOU,Houston,2023-03-31,2023-04-03,144,0.0,29.74,-95.27,9
IMO9503938,Helios TBN,LPG,USHOU,Houston,2023-08-03,2023-08-06,122,0.0,29.74,-95.27,11
IMO9503938,Helios TBN,LPG,USHOU,Houston,2023-10-26,2023-10-29,81,0.0,29.74,-95.27,12
IMO9503938,Helios TBN,LPG,USHOU,Houston,2023-11-02,2023-11-05,4,0.0,29.74,-95.27,13
IMO9504686,Gas Stella,LPG,SAYNB,Yanbu,2020-01-30,2020-02-02,0,0.0,24.09,38.06,1
IMO9504686,Gas Stella,LPG,USHOU,Houston,2021-10-28,2021-10-31,634,6602.3,29.74,-95.27,2
IMO9504686,Gas Stella,LPG,USHOU,Houston,2022-02-10,2022-02-13,102,0.0,29.74,-95.27,3
IMO9504686,Gas Stella,LPG,USHOU,Houston,2022-08-19,2022-08-22,187,0.0,29.74,-95.27,4
IMO9504686,Gas Stella,LPG,USHOU,Houston,2022-12-09,2022-12-12,109,0.0,29.74,-95.27,5
IMO9504686,Gas Stella,LPG,AUDRW,Darwin,2023-04-21,2023-04-24,130,8046.2,-12.46,130.84,6
IMO9504686,Gas Stella,LPG,USHOU,Houston,2023-12-13,2023-12-16,233,8046.2,29.74,-95.27,7
IMO9505131,Front Spay,Tankers,SARRT,Ras Tanura,2024-05-30,2024-06-02,0,0.0,26.65,50.16,1
IMO9507271,Eternal Glory,LPG,AUDRW,Darwin,2022-02-17,2022-02-20,0,0.0,-12.46,130.84,1
IMO9508252,Miaoulis 21,Tankers,SARRT,Ras Tanura,2022-08-24,2022-08-27,0,0.0,26.65,50.16,1
IMO9508859,Kalliopi,Tankers,SARRT,Ras Tanura,2019-06-04,2019-06-07,0,0.0,26.65,50.16,1
IMO9508859,Kalliopi o/o,Tankers,INSIK,Sikka / Jamnagar,2021-04-05,2021-04-08,14,0.0,22.43,69.84,1
IMO9508859,Kalliopi,Tankers,SARRT,Ras Tanura,2021-05-11,2021-05-14,704,0.0,26.65,50.16,2
IMO9508859,Kalliopi,Tankers,INSIK,Sikka / Jamnagar,2021-05-28,2021-05-31,14,1103.0,22.43,69.84,3
IMO9508859,Kalliopi,Tankers,KWMFA,Mina Al Ahmadi,2023-03-16,2023-03-19,654,1236.5,29.07,48.15,4
IMO9508859,Kalliopi,Tankers,SARRT,Ras Tanura,2023-05-17,2023-05-20,59,180.3,26.65,50.16,5
IMO9508859,Kalliopi,Tankers,KWMFA,Mina Al Ahmadi,2024-05-02,2024-05-05,348,180.3,29.07,48.15,6
IMO9508859,Kalliopi,Tankers,SARRT,Ras Tanura,2024-12-27,2024-12-30,236,180.3,26.65,50.16,7
IMO9508861,Island Splendor,Tankers,SARRT,Ras Tanura,2022-08-23,2022-08-26,1,4000.9,26.65,50.16,2
IMO9508861,Island Splendor,Tankers,KRUSN,Ulsan,2022-09-02,2022-09-05,14,0.0,35.5,129.38,1
IMO9508861,Island Splendor,Tankers,AEFJR,Fujairah,2026-03-24,2026-03-27,1306,346.0,25.13,56.34,3
IMO9508861,Island Splendor,Tankers,SAYNB,Yanbu,2026-04-14,2026-04-17,18,999.0,24.09,38.06,4
IMO9508861,Island Splendor*,Tankers,AEFJR,Fujairah,2026-07-20,2026-07-23,0,0.0,25.13,56.34,1
IMO9509011,Mount Fuji,Tankers,QARLF,Ras Laffan,2019-10-30,2019-11-02,0,0.0,25.92,51.53,1
IMO9509011,Mount Fuji,Tankers,SARRT,Ras Tanura,2019-11-22,2019-11-25,20,85.8,26.65,50.16,2
IMO9509011,Mount Fuji,Tankers,QARLF,Ras Laffan,2020-01-17,2020-01-20,53,85.8,25.92,51.53,3
IMO9509011,Mount Fuji,Tankers,INSIK,Sikka / Jamnagar,2020-02-03,2020-02-06,14,1023.6,22.43,69.84,4
IMO9509011,Mount Fuji,Tankers,SARRT,Ras Tanura,2024-07-23,2024-07-26,1629,1103.0,26.65,50.16,5
IMO9509011,Mount Fuji,Tankers,INSIK,Sikka / Jamnagar,2024-08-09,2024-08-12,14,1103.0,22.43,69.84,6
IMO9509011,Mount Fuji,Tankers,SAYNB,Yanbu,2026-03-09,2026-03-12,574,1752.1,24.09,38.06,7
IMO9509023,Pissiotis,Tankers,SARRT,Ras Tanura,2018-10-30,2018-11-02,0,0.0,26.65,50.16,1
IMO9509023,Pissiotis,Tankers,INSIK,Sikka / Jamnagar,2018-11-16,2018-11-19,14,1103.0,22.43,69.84,2
IMO9509023,Pissiotis,Tankers,SGSIN,Singapore,2018-12-03,2018-12-06,14,2355.7,1.28,103.85,3
IMO9509023,Pissiotis,Tankers,NGBON,Bonny,2019-06-24,2019-06-27,200,5798.0,4.45,7.16,4
IMO9509023,Pissiotis,Tankers,CNQDG,Qingdao,2019-07-11,2019-07-14,14,6348.5,36.08,120.32,5
IMO9509023,Pissiotis,Tankers,INSIK,Sikka / Jamnagar,2019-07-28,2019-07-31,14,2735.8,22.43,69.84,6
IMO9509023,Pissiotis,Tankers,INSIK,Sikka / Jamnagar,2019-08-14,2019-08-17,14,0.0,22.43,69.84,7
IMO9509023,Pissiotis,Tankers,KWMFA,Mina Al Ahmadi,2020-08-05,2020-08-08,354,1236.5,29.07,48.15,8
IMO9509023,Pissiotis,Tankers,QARLF,Ras Laffan,2021-05-04,2021-05-07,269,261.1,25.92,51.53,9
IMO9509023,Pissiotis,Tankers,AEFJR,Fujairah,2025-06-27,2025-06-30,1512,264.9,25.13,56.34,10
IMO9510308,Caravelle,LPG,USHOU,Houston,2023-03-30,2023-04-02,0,0.0,29.74,-95.27,1
IMO9511514,Tara,Tankers,INSIK,Sikka / Jamnagar,2026-04-13,2026-04-16,14,0.0,22.43,69.84,1
IMO9511856,Gaz Liberty,LPG,USHOU,Houston,2023-02-23,2023-02-26,0,0.0,29.74,-95.27,1
IMO9512135,Sea Crystal,Tankers,MYBTU,Bintulu,2019-09-06,2019-09-09,0,0.0,3.2,113.04,1
IMO9513115,Aragona,Tankers,SGSIN,Singapore,2019-04-24,2019-04-27,14,0.0,1.28,103.85,1
IMO9513115,Aragona,Tankers,SARRT,Ras Tanura,2019-05-28,2019-05-31,31,3444.8,26.65,50.16,2
IMO9513115,Aragona,Tankers,NGBON,Bonny,2019-12-04,2019-12-07,187,2800.7,4.45,7.16,3
IMO9513115,Aragona (PETROBRAS),Tankers,SARRT,Ras Tanura,2020-07-30,2020-08-02,0,0.0,26.65,50.16,1
IMO9513115,Aragona,Tankers,SARRT,Ras Tanura,2022-09-06,2022-09-09,1004,2800.7,26.65,50.16,4
IMO9513115,Aragona,Tankers,SARRT,Ras Tanura,2023-12-18,2023-12-21,465,0.0,26.65,50.16,5
IMO9513115,Aragona,Tankers,NLRTM,Rotterdam,2024-01-04,2024-01-07,14,2547.4,51.92,4.47,6
IMO9513115,Aragona,Tankers,AEFJR,Fujairah,2026-06-26,2026-06-29,901,2835.7,25.13,56.34,7
IMO9513115,Aragona,Tankers,AEFJR,Fujairah,2026-08-04,2026-08-07,36,0.0,25.13,56.34,8
IMO9513139,Suez George,Tankers,DZAZW,Arzew,2019-09-16,2019-09-19,0,0.0,35.85,-0.31,1
IMO9513139,Suez George,Tankers,NLRTM,Rotterdam,2019-10-03,2019-10-06,14,986.2,51.92,4.47,2
IMO9513139,Suez George,Tankers,CNQDG,Qingdao,2019-10-20,2019-10-23,14,4547.8,36.08,120.32,3
IMO9513139,Suez George,Tankers,SGSIN,Singapore,2019-11-06,2019-11-09,14,2281.6,1.28,103.85,4
IMO9513139,Fjord Seal,Tankers,INSIK,Sikka / Jamnagar,2023-01-23,2023-01-26,14,0.0,22.43,69.84,1
IMO9513141,Advantage Sun,Tankers,SGSIN,Singapore,2020-01-17,2020-01-20,14,0.0,1.28,103.85,1
IMO9513141,Advantage Sun,Tankers,NLRTM,Rotterdam,2020-02-03,2020-02-06,14,5689.2,51.92,4.47,2
IMO9513141,Advantage Sun,Tankers,DZAZW,Arzew,2025-04-15,2025-04-18,1895,986.2,35.85,-0.31,3
IMO9513751,Phoenix Vigor,Tankers,SARRT,Ras Tanura,2023-05-17,2023-05-20,0,0.0,26.65,50.16,1
IMO9513751,Phoenix Vigor,Tankers,INSIK,Sikka / Jamnagar,2023-06-03,2023-06-06,14,1103.0,22.43,69.84,2
IMO9513751,Phoenix Vigor,Tankers,INSIK,Sikka / Jamnagar,2023-06-20,2023-06-23,14,0.0,22.43,69.84,3
IMO9513751,Phoenix Vigor,Tankers,INSIK,Sikka / Jamnagar,2023-07-07,2023-07-10,14,0.0,22.43,69.84,4
IMO9513763,Nave Synergy,Tankers,KRUSN,Ulsan,2022-09-29,2022-10-02,14,0.0,35.5,129.38,1
IMO9513763,Nave Synergy,Tankers,KRUSN,Ulsan,2022-10-16,2022-10-19,14,0.0,35.5,129.38,2
IMO9513763,Nave Synergy,Tankers,KRUSN,Ulsan,2022-11-02,2022-11-05,14,0.0,35.5,129.38,3
IMO9513763,Nave Synergy,Tankers,KWMFA,Mina Al Ahmadi,2023-06-12,2023-06-15,219,4023.0,29.07,48.15,4
IMO9513763,Nave Synergy,Tankers,AEFJR,Fujairah,2026-04-15,2026-04-18,1035,497.4,25.13,56.34,5
IMO9513763,Nave Synergy,Tankers,AEFJR,Fujairah,2026-07-07,2026-07-10,80,0.0,25.13,56.34,6
IMO9514046,Progress,LPG,SARRT,Ras Tanura,2021-11-04,2021-11-07,0,0.0,26.65,50.16,1
IMO9514559,Nave Quasar,Tankers,SARRT,Ras Tanura,2019-11-25,2019-11-28,0,0.0,26.65,50.16,1
IMO9514559,Nave Quasar,Tankers,KWMFA,Mina Al Ahmadi,2020-12-18,2020-12-21,386,180.3,29.07,48.15,2
IMO9514559,Nave Quasar,Tankers,SARRT,Ras Tanura,2021-04-28,2021-05-01,128,180.3,26.65,50.16,3
IMO9514561,Nave Buena Suerte,Tankers,SGSIN,Singapore,2021-11-09,2021-11-12,14,0.0,1.28,103.85,1
IMO9514561,Nave Buena Suerte,Tankers,CNQDG,Qingdao,2021-11-26,2021-11-29,14,2281.6,36.08,120.32,2
IMO9515073,Judith,Dry Bulk,CNNGB,Ningbo-Zhoushan,2025-01-28,2025-01-31,0,0.0,29.87,121.55,1
IMO9515436,M. Star,Tankers,KWMFA,Mina Al Ahmadi,2020-09-30,2020-10-03,0,0.0,29.07,48.15,1
IMO9515436,M. Star,Tankers,KWMFA,Mina Al Ahmadi,2022-03-30,2022-04-02,543,0.0,29.07,48.15,2
IMO9515436,M. Star,Tankers,KRUSN,Ulsan,2022-04-16,2022-04-19,14,4023.0,35.5,129.38,3
IMO9515436,M. Star,Tankers,KRUSN,Ulsan,2022-05-03,2022-05-06,14,0.0,35.5,129.38,4
IMO9515436,Lila Kochi,Tankers,AEFJR,Fujairah,2026-03-26,2026-03-29,0,0.0,25.13,56.34,1
IMO9515436,Lila Kochi,Tankers,SAYNB,Yanbu,2026-06-22,2026-06-25,85,999.0,24.09,38.06,2
IMO9515929,Nave Constellation,Tankers,CNNGB,Ningbo-Zhoushan,2020-06-03,2020-06-06,14,0.0,29.87,121.55,1
IMO9515929,Nave Constellation,Tankers,KWMFA,Mina Al Ahmadi,2022-11-30,2022-12-03,907,3765.1,29.07,48.15,2
IMO9515929,New Strength,Tankers,AEFJR,Fujairah,2026-03-23,2026-03-26,0,0.0,25.13,56.34,1
IMO9515931,Nave Universe,Tankers,SARRT,Ras Tanura,2020-01-02,2020-01-05,0,0.0,26.65,50.16,1
IMO9515931,Nave Universe,Tankers,KWMFA,Mina Al Ahmadi,2022-07-19,2022-07-22,926,180.3,29.07,48.15,2
IMO9515931,Nave Universe,Tankers,AEFJR,Fujairah,2024-07-08,2024-07-11,717,497.4,25.13,56.34,3
IMO9516105,Jag Leena,Tankers,INSIK,Sikka / Jamnagar,2018-11-13,2018-11-16,14,0.0,22.43,69.84,1
IMO9516105,Jag Leena,Tankers,SARRT,Ras Tanura,2019-03-22,2019-03-25,126,1103.0,26.65,50.16,2
IMO9516105,Jag Leena,Tankers,SGSIN,Singapore,2019-04-08,2019-04-11,14,3444.8,1.28,103.85,3
IMO9516105,Jag Leena,Tankers,CNQDG,Qingdao,2019-04-25,2019-04-28,14,2281.6,36.08,120.32,4
IMO9516105,Jag Leena,Tankers,DZAZW,Arzew,2021-08-17,2021-08-20,842,5365.3,35.85,-0.31,5
IMO9516105,Jag Leena,Tankers,SARRT,Ras Tanura,2021-09-21,2021-09-24,32,2619.7,26.65,50.16,6
IMO9516105,Jag Leena,Tankers,SARRT,Ras Tanura,2023-02-03,2023-02-06,497,0.0,26.65,50.16,7
IMO9516105,Jag Leena,Tankers,SARRT,Ras Tanura,2024-01-03,2024-01-06,331,0.0,26.65,50.16,8
IMO9516105,Jag Leena,Tankers,DZAZW,Arzew,2024-07-10,2024-07-13,186,2619.7,35.85,-0.31,9
IMO9516105,Jag Leena,Tankers,KWMFA,Mina Al Ahmadi,2025-03-18,2025-03-21,248,2463.5,29.07,48.15,10
IMO9516105,Jag Leena,Tankers,AEFJR,Fujairah,2025-09-15,2025-09-18,178,497.4,25.13,56.34,11
IMO9516105,Jag Leena,Tankers,KWMFA,Mina Al Ahmadi,2025-12-03,2025-12-06,76,497.4,29.07,48.15,12
IMO9516117,Jag Lakshya,Tankers,DZAZW,Arzew,2018-05-16,2018-05-19,0,0.0,35.85,-0.31,1
IMO9516117,Jag Lakshya,Tankers,DZAZW,Arzew,2019-04-17,2019-04-20,333,0.0,35.85,-0.31,2
IMO9516117,Jag Lakshya,Tankers,SARRT,Ras Tanura,2019-07-23,2019-07-26,94,2619.7,26.65,50.16,3
IMO9516117,Jag Lakshya,Tankers,DZAZW,Arzew,2019-11-26,2019-11-29,123,2619.7,35.85,-0.31,4
IMO9516117,Jag Lakshya,Tankers,SARRT,Ras Tanura,2019-11-28,2019-12-01,1,3444.8,26.65,50.16,6
IMO9516117,Jag Lakshya,Tankers,SGSIN,Singapore,2019-12-13,2019-12-16,14,6044.3,1.28,103.85,5
IMO9516117,Jag Lakshya,Tankers,KWMFA,Mina Al Ahmadi,2020-04-02,2020-04-05,123,180.3,29.07,48.15,7
IMO9516117,Jag Lakshya,Tankers,KWMFA,Mina Al Ahmadi,2021-04-01,2021-04-04,361,0.0,29.07,48.15,8
IMO9516117,Jag Lakshya,Tankers,INSIK,Sikka / Jamnagar,2021-04-18,2021-04-21,14,1236.5,22.43,69.84,9
IMO9516117,Jag Lakshya,Tankers,DZAZW,Arzew,2021-11-16,2021-11-19,209,3689.7,35.85,-0.31,10
IMO9516117,Jag Lakshya,Tankers,SARRT,Ras Tanura,2024-05-17,2024-05-20,910,2619.7,26.65,50.16,11
IMO9516117,Jag Lakshya,Tankers,SARRT,Ras Tanura,2024-06-17,2024-06-20,28,0.0,26.65,50.16,12
IMO9516117,Jag Lakshya,Tankers,INSIK,Sikka / Jamnagar,2024-07-04,2024-07-07,14,1103.0,22.43,69.84,13
IMO9516117,Jag Lakshya,Tankers,SGSIN,Singapore,2025-01-21,2025-01-24,198,2355.7,1.28,103.85,14
IMO9516117,Jag Lakshya,Tankers,USCRP,Corpus Christi,2025-06-19,2025-06-22,146,8673.9,27.81,-97.39,15
IMO9516117,Jag Lakshya,Tankers,INSIK,Sikka / Jamnagar,2025-07-06,2025-07-09,14,7701.3,22.43,69.84,16
IMO9516117,Jag Lakshya,Tankers,AEFJR,Fujairah,2025-09-23,2025-09-26,76,758.9,25.13,56.34,17
IMO9516636,NORDIC DISCOVERY,Tankers,SARRT,Ras Tanura,2018-05-10,2018-05-13,0,0.0,26.65,50.16,1
IMO9516923,Delta Aigaion,Tankers,CNNGB,Ningbo-Zhoushan,2020-11-20,2020-11-23,14,0.0,29.87,121.55,1
IMO9516923,Delta Aigaion,Tankers,SARRT,Ras Tanura,2024-07-17,2024-07-20,1332,3717.6,26.65,50.16,2
IMO9516923,Delta Aigaion,Tankers,SARRT,Ras Tanura,2025-01-03,2025-01-06,167,0.0,26.65,50.16,3
IMO9516923,Delta Aigaion,Tankers,KRUSN,Ulsan,2025-01-20,2025-01-23,14,4000.9,35.5,129.38,4
IMO9516935,Delta Apollonia,Tankers,KWMFA,Mina Al Ahmadi,2020-10-21,2020-10-24,0,0.0,29.07,48.15,1
IMO9516935,Delta Apollonia,Tankers,INSIK,Sikka / Jamnagar,2020-11-07,2020-11-10,14,1236.5,22.43,69.84,2
IMO9516935,Delta Apollonia,Tankers,SARRT,Ras Tanura,2021-03-18,2021-03-21,128,1103.0,26.65,50.16,3
IMO9516935,Delta Apollonia,Tankers,SARRT,Ras Tanura,2022-06-15,2022-06-18,451,0.0,26.65,50.16,4
IMO9516935,Delta Apollonia,Tankers,KWMFA,Mina Al Ahmadi,2024-07-25,2024-07-28,768,180.3,29.07,48.15,5
IMO9516935,Delta Apollonia,Tankers,CNQDG,Qingdao,2024-08-11,2024-08-14,14,3592.8,36.08,120.32,6
IMO9516935,Delta Apollonia o/o,Tankers,SARRT,Ras Tanura,2024-12-18,2024-12-21,0,0.0,26.65,50.16,1
IMO9516947,New Giant,Tankers,KRUSN,Ulsan,2019-04-15,2019-04-18,14,0.0,35.5,129.38,1
IMO9516947,New Giant,Tankers,KRUSN,Ulsan,2019-05-02,2019-05-05,14,0.0,35.5,129.38,2
IMO9516947,New Giant,Tankers,SARRT,Ras Tanura,2020-01-06,2020-01-09,246,4000.9,26.65,50.16,3
IMO9516947,New Giant,Tankers,SGSIN,Singapore,2020-07-01,2020-07-04,174,3444.8,1.28,103.85,4
IMO9516947,New Giant,Tankers,SGSIN,Singapore,2020-08-13,2020-08-16,40,0.0,1.28,103.85,5
IMO9516947,New Giant,Tankers,SARRT,Ras Tanura,2020-11-18,2020-11-21,94,3444.8,26.65,50.16,6
IMO9516947,New Giant,Tankers,KRUSN,Ulsan,2020-12-05,2020-12-08,14,4000.9,35.5,129.38,7
IMO9516947,New Giant,Tankers,SARRT,Ras Tanura,2022-01-19,2022-01-22,407,4000.9,26.65,50.16,8
IMO9516947,New Giant,Tankers,KWMFA,Mina Al Ahmadi,2022-06-30,2022-07-03,159,180.3,29.07,48.15,9
IMO9516947,New Giant,Tankers,INSIK,Sikka / Jamnagar,2022-07-17,2022-07-20,14,1236.5,22.43,69.84,10
IMO9516947,New Giant,Tankers,INSIK,Sikka / Jamnagar,2022-08-03,2022-08-06,14,0.0,22.43,69.84,11
IMO9516947,New Giant,Tankers,AEFJR,Fujairah,2024-10-10,2024-10-13,796,758.9,25.13,56.34,12
IMO9516947,New Giant,Tankers,AEFJR,Fujairah,2026-05-11,2026-05-14,575,0.0,25.13,56.34,13
IMO9516947,New Giant,Tankers,SAYNB,Yanbu,2026-05-21,2026-05-24,7,999.0,24.09,38.06,14
IMO9517344,Oriental Ark*,Tankers,SARRT,Ras Tanura,2026-01-08,2026-01-11,0,0.0,26.65,50.16,1
IMO9518076,Cratis,LPG,NGBON,Bonny,2021-04-08,2021-04-11,0,0.0,4.45,7.16,1
IMO9518076,Cratis,LPG,USHOU,Houston,2022-09-01,2022-09-04,508,5914.1,29.74,-95.27,2
IMO9518076,Cratis,LPG,USHOU,Houston,2023-02-23,2023-02-26,172,0.0,29.74,-95.27,3
IMO9518076,Cratis,LPG,USHOU,Houston,2023-10-26,2023-10-29,242,0.0,29.74,-95.27,4
IMO9519482,Kidan,Tankers,CNNGB,Ningbo-Zhoushan,2020-12-17,2020-12-20,14,0.0,29.87,121.55,1
IMO9519494,Maran Taurus,Tankers,SAYNB,Yanbu,2026-05-08,2026-05-11,0,0.0,24.09,38.06,1
IMO9520815,Kingston,LPG,USCRP,Corpus Christi,2022-11-10,2022-11-13,0,0.0,27.81,-97.39,1
IMO9521198,ELIZABETH MAERSK,Tankers,DZAZW,Arzew,2020-02-11,2020-02-14,0,0.0,35.85,-0.31,1
IMO9521198,ELIZABETH MAERSK,Tankers,SGSIN,Singapore,2020-02-28,2020-03-02,14,6044.3,1.28,103.85,2
IMO9521473,Aquila,Tankers,INSIK,Sikka / Jamnagar,2019-08-13,2019-08-16,14,0.0,22.43,69.84,1
IMO9521473,Aquila,Tankers,SGSIN,Singapore,2019-08-30,2019-09-02,14,2355.7,1.28,103.85,2
IMO9521473,Aquila,Tankers,SARRT,Ras Tanura,2024-11-22,2024-11-25,1908,3444.8,26.65,50.16,3
IMO9521473,Aquila,Tankers,SARRT,Ras Tanura,2025-08-27,2025-08-30,275,0.0,26.65,50.16,4
IMO9522178,Ds Vision,Tankers,SARRT,Ras Tanura,2020-06-09,2020-06-12,0,0.0,26.65,50.16,1
IMO9522180,Ds Venture,Tankers,SARRT,Ras Tanura,2019-06-10,2019-06-13,0,0.0,26.65,50.16,1
IMO9522530,Tanja Kosan,LPG,USHOU,Houston,2019-09-05,2019-09-08,14,0.0,29.74,-95.27,1
IMO9522530,Tanja Kosan,LPG,DZAZW,Arzew,2020-06-11,2020-06-14,277,4606.4,35.85,-0.31,2
IMO9522981,Pacific Mars,LPG,USHOU,Houston,2020-07-16,2020-07-19,0,0.0,29.74,-95.27,1
IMO9522981,Pacific Mars,LPG,USHOU,Houston,2020-11-05,2020-11-08,109,0.0,29.74,-95.27,2
IMO9524003,Msc Magali,Dry Bulk,AUPHE,Port Hedland,2025-01-22,2025-01-25,0,0.0,-20.31,118.57,1
IMO9524043,Crystal Asteria,LPG,USHOU,Houston,2022-09-08,2022-09-11,0,0.0,29.74,-95.27,1
IMO9524043,Crystal Asteria,LPG,AUDRW,Darwin,2023-01-26,2023-01-29,137,8046.2,-12.46,130.84,2
IMO9524449,Suez Fuzeyya,Tankers,USHOU,Houston,2018-06-13,2018-06-16,0,0.0,29.74,-95.27,1
IMO9524449,Suez Fuzeyya,Tankers,SGSIN,Singapore,2018-06-30,2018-07-03,14,8646.3,1.28,103.85,2
IMO9524449,Ridgebury Elizabeth B,Tankers,KWMFA,Mina Al Ahmadi,2022-12-15,2022-12-18,0,0.0,29.07,48.15,1
IMO9524449,Safeen Elizabeth,Tankers,NLRTM,Rotterdam,2023-05-16,2023-05-19,0,0.0,51.92,4.47,1
IMO9524449,Safeen Elizabeth,Tankers,SAYNB,Yanbu,2026-08-12,2026-08-15,1181,2268.6,24.09,38.06,2
IMO9524451,Suez Vasilis,Tankers,SARRT,Ras Tanura,2018-03-15,2018-03-18,0,0.0,26.65,50.16,1
IMO9524451,Suez Vasilis,Tankers,CNNGB,Ningbo-Zhoushan,2018-04-01,2018-04-04,14,3717.6,29.87,121.55,2
IMO9524451,Suez Vasilis,Tankers,SGSIN,Singapore,2018-04-18,2018-04-21,14,1991.7,1.28,103.85,3
IMO9524451,Suez Vasilis,Tankers,CNRZH,Rizhao,2018-05-05,2018-05-08,14,2228.8,35.42,119.53,4
IMO9524451,Suez Vasilis,Tankers,SGSIN,Singapore,2018-05-22,2018-05-25,14,2228.8,1.28,103.85,5
IMO9524451,Nautilus I,Tankers,DZAZW,Arzew,2021-08-25,2021-08-28,0,0.0,35.85,-0.31,1
IMO9524451,Nautilus I,Tankers,DZAZW,Arzew,2025-04-14,2025-04-17,1325,0.0,35.85,-0.31,2
IMO9524451,Nautilus I,Tankers,NGBON,Bonny,2025-05-14,2025-05-17,27,1930.1,4.45,7.16,3
IMO9524451,Nautilus I,Tankers,DZAZW,Arzew,2026-02-13,2026-02-16,272,1930.1,35.85,-0.31,4
IMO9524463,Suez Hans,Tankers,SGSIN,Singapore,2018-12-19,2018-12-22,14,0.0,1.28,103.85,1
IMO9524463,Suez Hans,Tankers,DZAZW,Arzew,2020-01-02,2020-01-05,376,6044.3,35.85,-0.31,2
IMO9524463,Suez Hans,Tankers,SGSIN,Singapore,2020-01-19,2020-01-22,14,6044.3,1.28,103.85,3
IMO9524463,Suez Hans,Tankers,SGSIN,Singapore,2020-02-05,2020-02-08,14,0.0,1.28,103.85,4
IMO9524475,Suez Rajan,Tankers,SGSIN,Singapore,2018-06-28,2018-07-01,14,0.0,1.28,103.85,1
IMO9524475,Suez Rajan,Tankers,SAYNB,Yanbu,2021-06-28,2021-07-01,1093,4050.1,24.09,38.06,2
IMO9524544,Queena,Dry Bulk,NLRTM,Rotterdam,2025-01-27,2025-01-30,0,0.0,51.92,4.47,1
IMO9524544,Queena,Dry Bulk,USSPG,Sabine Pass,2025-02-03,2025-02-06,4,4309.7,29.73,-93.87,2
IMO9524970,Wedyan,Tankers,CNNGB,Ningbo-Zhoushan,2020-02-03,2020-02-06,14,0.0,29.87,121.55,1
IMO9525306,GC Pacific OS,LPG,USHOU,Houston,2021-09-09,2021-09-12,14,0.0,29.74,-95.27,1
IMO9526461,Ithaki,Tankers,SARRT,Ras Tanura,2019-09-04,2019-09-07,0,0.0,26.65,50.16,1
IMO9526461,Ithaki,Tankers,KWMFA,Mina Al Ahmadi,2020-04-08,2020-04-11,214,180.3,29.07,48.15,2
IMO9526461,Ithaki,Tankers,KWMFA,Mina Al Ahmadi,2020-11-18,2020-11-21,221,0.0,29.07,48.15,3
IMO9526461,Ithaki,Tankers,KWMFA,Mina Al Ahmadi,2021-10-25,2021-10-28,338,0.0,29.07,48.15,4
IMO9526461,Ithaki,Tankers,INSIK,Sikka / Jamnagar,2021-11-11,2021-11-14,14,1236.5,22.43,69.84,5
IMO9526461,Ithaki,Tankers,SARRT,Ras Tanura,2022-05-24,2022-05-27,191,1103.0,26.65,50.16,6
IMO9526461,Ithaki,Tankers,KWMFA,Mina Al Ahmadi,2023-04-03,2023-04-06,311,180.3,29.07,48.15,7
IMO9526461,Ithaki,Tankers,SGSIN,Singapore,2023-04-20,2023-04-23,14,3589.4,1.28,103.85,8
IMO9526660,Clipper Wilma,LPG,USHOU,Houston,2023-04-13,2023-04-16,0,0.0,29.74,-95.27,1
IMO9526660,Clipper Wilma,LPG,USHOU,Houston,2023-06-22,2023-06-25,67,0.0,29.74,-95.27,2
IMO9527295,Maran Thaleia,Tankers,SGSIN,Singapore,2020-02-25,2020-02-28,14,0.0,1.28,103.85,1
IMO9527295,Maran Thaleia,Tankers,CNNGB,Ningbo-Zhoushan,2020-03-13,2020-03-16,14,1991.7,29.87,121.55,2
IMO9527295,Maran Thaleia,Tankers,SAYNB,Yanbu,2026-03-05,2026-03-08,2180,4380.6,24.09,38.06,3
IMO9527295,Maran Thaleia,Tankers,AEFJR,Fujairah,2026-08-12,2026-08-15,157,999.0,25.13,56.34,4
IMO9528794,Dht Amazon*,Tankers,AEFJR,Fujairah,2026-06-30,2026-07-03,0,0.0,25.13,56.34,1
IMO9528794,Dht Amazon,Tankers,AEFJR,Fujairah,2026-08-24,2026-08-27,0,0.0,25.13,56.34,1
IMO9528940,Dht Redwood,Tankers,CNQDG,Qingdao,2026-01-20,2026-01-23,14,0.0,36.08,120.32,1
IMO9528940,Dht Redwood,Tankers,AEFJR,Fujairah,2026-04-22,2026-04-25,89,3312.7,25.13,56.34,2
IMO9528940,Dht Redwood,Tankers,AEFJR,Fujairah,2026-05-19,2026-05-22,24,0.0,25.13,56.34,3
IMO9528940,Dht Redwood,Tankers,AEFJR,Fujairah,2026-07-01,2026-07-04,40,0.0,25.13,56.34,4
IMO9529293,Vilamoura,Tankers,NLRTM,Rotterdam,2018-01-29,2018-02-01,14,0.0,51.92,4.47,1
IMO9529293,Vilamoura,Tankers,USHOU,Houston,2019-09-12,2019-09-15,588,4355.9,29.74,-95.27,2
IMO9529293,Vilamoura,Tankers,SGSIN,Singapore,2019-09-29,2019-10-02,14,8646.3,1.28,103.85,3
IMO9529293,Vilamoura,Tankers,CNQDG,Qingdao,2019-10-16,2019-10-19,14,2281.6,36.08,120.32,4
IMO9529475,Petalidi,Tankers,DZAZW,Arzew,2018-12-13,2018-12-16,0,0.0,35.85,-0.31,1
IMO9529475,Petalidi,Tankers,NLRTM,Rotterdam,2018-12-30,2019-01-02,14,986.2,51.92,4.47,2
IMO9529475,CARDIFF TBN,Tankers,KRUSN,Ulsan,2021-02-04,2021-02-07,14,0.0,35.5,129.38,1
IMO9529475,CARDIFF TBN,Tankers,AEFJR,Fujairah,2021-02-21,2021-02-24,14,3753.1,25.13,56.34,2
IMO9529475,Petalidi,Tankers,RUPRI,Primorsk,2023-06-05,2023-06-08,1615,945.1,60.36,28.61,3
IMO9529475,CARDIFF TBN,Tankers,NLRTM,Rotterdam,2024-06-27,2024-06-30,1219,2835.7,51.92,4.47,3
IMO9529475,CARDIFF TBN,Tankers,AEFJR,Fujairah,2024-07-14,2024-07-17,14,2835.7,25.13,56.34,4
IMO9529475,Petalidi,Tankers,NGBON,Bonny,2026-07-17,2026-07-20,1135,3496.8,4.45,7.16,4
IMO9529487,Lipari,Tankers,NLRTM,Rotterdam,2018-07-02,2018-07-05,14,0.0,51.92,4.47,1
IMO9529487,Lipari,Tankers,SGSIN,Singapore,2018-07-19,2018-07-22,14,5689.2,1.28,103.85,2
IMO9529487,Lipari,Tankers,USHOU,Houston,2021-11-04,2021-11-07,1201,8646.3,29.74,-95.27,3
IMO9529499,Bordeira,Tankers,DZAZW,Arzew,2018-09-17,2018-09-20,0,0.0,35.85,-0.31,1
IMO9529499,Bordeira,Tankers,SAYNB,Yanbu,2021-07-30,2021-08-02,1044,2101.2,24.09,38.06,2
IMO9529499,Bordeira,Tankers,INSIK,Sikka / Jamnagar,2021-08-16,2021-08-19,14,1752.1,22.43,69.84,3
IMO9529499,Bordeira,Tankers,NLRTM,Rotterdam,2021-09-02,2021-09-05,14,3449.7,51.92,4.47,4
IMO9529956,Ingrid,Tankers,SARRT,Ras Tanura,2020-03-03,2020-03-06,0,0.0,26.65,50.16,1
IMO9529956,Ingrid,Tankers,DZAZW,Arzew,2020-03-31,2020-04-03,25,2619.7,35.85,-0.31,2
IMO9529956,Ingrid,Tankers,CNNGB,Ningbo-Zhoushan,2020-04-17,2020-04-20,14,5676.8,29.87,121.55,3
IMO9529956,Ingrid,Tankers,KRUSN,Ulsan,2020-05-04,2020-05-07,14,520.1,35.5,129.38,4
IMO9529968,Iris,Tankers,CNNGB,Ningbo-Zhoushan,2020-08-03,2020-08-06,14,0.0,29.87,121.55,1
IMO9529968,Iris,Tankers,NLRTM,Rotterdam,2020-08-20,2020-08-23,14,4890.7,51.92,4.47,2
IMO9529968,Iris,Tankers,CNNGB,Ningbo-Zhoushan,2020-09-06,2020-09-09,14,4890.7,29.87,121.55,3
IMO9529968,Iris,Tankers,CNQDG,Qingdao,2020-09-23,2020-09-26,14,378.0,36.08,120.32,4
IMO9530147,AMAZON,Tankers,SARRT,Ras Tanura,2023-02-24,2023-02-27,0,0.0,26.65,50.16,1
IMO9530228,Seaways Mckinley,Tankers,KWMFA,Mina Al Ahmadi,2020-11-05,2020-11-08,0,0.0,29.07,48.15,1
IMO9530228,Seaways Mckinley,Tankers,KRUSN,Ulsan,2020-11-22,2020-11-25,14,4023.0,35.5,129.38,2
IMO9530228,Seaways Mckinley,Tankers,SGSIN,Singapore,2020-12-09,2020-12-12,14,2499.7,1.28,103.85,3
IMO9530618,TBN,Tankers,SGSIN,Singapore,2018-02-12,2018-02-15,14,0.0,1.28,103.85,1
IMO9530618,TBN,Tankers,SGSIN,Singapore,2018-03-01,2018-03-04,14,0.0,1.28,103.85,2
IMO9530618,TBN,Tankers,SGSIN,Singapore,2018-03-18,2018-03-21,14,0.0,1.28,103.85,3
IMO9530618,TBN,Tankers,INSIK,Sikka / Jamnagar,2018-04-04,2018-04-07,14,2355.7,22.43,69.84,4
IMO9530618,TBN,Tankers,SARRT,Ras Tanura,2018-11-02,2018-11-05,209,1103.0,26.65,50.16,5
IMO9530618,TBN,Tankers,INSIK,Sikka / Jamnagar,2018-11-19,2018-11-22,14,1103.0,22.43,69.84,6
IMO9530618,TBN,Tankers,USHOU,Houston,2019-05-01,2019-05-04,160,7559.1,29.74,-95.27,7
IMO9530618,TBN,Tankers,INSIK,Sikka / Jamnagar,2019-05-18,2019-05-21,14,7559.1,22.43,69.84,8
IMO9530618,TBN,Tankers,SGSIN,Singapore,2019-06-04,2019-06-07,14,2355.7,1.28,103.85,9
IMO9530618,TBN,Tankers,SARRT,Ras Tanura,2019-08-09,2019-08-12,63,3444.8,26.65,50.16,10
IMO9530618,TBN,Tankers,INSIK,Sikka / Jamnagar,2019-08-26,2019-08-29,14,1103.0,22.43,69.84,11
IMO9530618,Ottoman Integrity,Tankers,CNNGB,Ningbo-Zhoushan,2019-10-23,2019-10-26,14,0.0,29.87,121.55,1
IMO9530618,TBN,Tankers,SARRT,Ras Tanura,2019-12-31,2020-01-03,124,1103.0,26.65,50.16,12
IMO9530618,TBN,Tankers,KRUSN,Ulsan,2020-01-17,2020-01-20,14,4000.9,35.5,129.38,13
IMO9530618,TBN,Tankers,INSIK,Sikka / Jamnagar,2020-02-03,2020-02-06,14,3176.8,22.43,69.84,14
IMO9530618,TBN,Tankers,SGSIN,Singapore,2020-02-20,2020-02-23,14,2355.7,1.28,103.85,15
IMO9530618,TBN,Tankers,SARRT,Ras Tanura,2020-03-24,2020-03-27,30,3444.8,26.65,50.16,16
IMO9530618,TBN,Tankers,CNNGB,Ningbo-Zhoushan,2020-04-10,2020-04-13,14,3717.6,29.87,121.55,17
IMO9530618,Ottoman Integrity,Tankers,SARRT,Ras Tanura,2020-04-22,2020-04-25,179,3717.6,26.65,50.16,2
IMO9530618,TBN,Tankers,SARRT,Ras Tanura,2020-05-05,2020-05-08,22,3717.6,26.65,50.16,18
IMO9530618,TBN,Tankers,INSIK,Sikka / Jamnagar,2020-05-22,2020-05-25,14,1103.0,22.43,69.84,19
IMO9530618,TBN,Tankers,INSIK,Sikka / Jamnagar,2020-06-08,2020-06-11,14,0.0,22.43,69.84,20
IMO9530618,TBN,Tankers,AEFJR,Fujairah,2020-07-08,2020-07-11,27,758.9,25.13,56.34,21
IMO9530618,TBN,Tankers,KWMFA,Mina Al Ahmadi,2020-07-28,2020-07-31,17,497.4,29.07,48.15,22
IMO9530618,TBN,Tankers,INSIK,Sikka / Jamnagar,2020-08-14,2020-08-17,14,1236.5,22.43,69.84,23
IMO9530618,TBN,Tankers,KRUSN,Ulsan,2020-08-31,2020-09-03,14,3176.8,35.5,129.38,24
IMO9530618,Ottoman Integrity,Tankers,NLRTM,Rotterdam,2021-01-13,2021-01-16,263,2547.4,51.92,4.47,3
IMO9530618,TBN,Tankers,KWMFA,Mina Al Ahmadi,2021-01-22,2021-01-25,141,4023.0,29.07,48.15,25
IMO9530618,Ottoman Integrity,Tankers,INSIK,Sikka / Jamnagar,2021-01-30,2021-02-02,14,3449.7,22.43,69.84,4
IMO9530618,TBN,Tankers,INSIK,Sikka / Jamnagar,2021-02-08,2021-02-11,14,1236.5,22.43,69.84,26
IMO9530618,TBN,Tankers,JPCHB,Chiba,2021-02-25,2021-02-28,14,3697.2,35.6,140.1,27
IMO9530618,TBN,Tankers,CNNGB,Ningbo-Zhoushan,2021-03-14,2021-03-17,14,996.1,29.87,121.55,28
IMO9530618,TBN,Tankers,KWMFA,Mina Al Ahmadi,2021-12-10,2021-12-13,268,3765.1,29.07,48.15,29
IMO9530618,TBN,Tankers,INSIK,Sikka / Jamnagar,2021-12-27,2021-12-30,14,1236.5,22.43,69.84,30
IMO9530618,TBN,Tankers,KWMFA,Mina Al Ahmadi,2022-09-27,2022-09-30,271,1236.5,29.07,48.15,31
IMO9530618,TBN,Tankers,AEFJR,Fujairah,2023-05-16,2023-05-19,228,497.4,25.13,56.34,32
IMO9530618,TBN,Tankers,SARRT,Ras Tanura,2023-07-11,2023-07-14,53,346.0,26.65,50.16,33
IMO9530618,TBN,Tankers,KRUSN,Ulsan,2023-07-28,2023-07-31,14,4000.9,35.5,129.38,34
IMO9530618,TBN,Tankers,CNNGB,Ningbo-Zhoushan,2023-08-14,2023-08-17,14,520.1,29.87,121.55,35
IMO9530618,TBN,Tankers,INSIK,Sikka / Jamnagar,2023-08-31,2023-09-03,14,2799.7,22.43,69.84,36
IMO9530618,TBN,Tankers,AEFJR,Fujairah,2024-07-26,2024-07-29,327,758.9,25.13,56.34,37
IMO9530618,TBN,Tankers,AEFJR,Fujairah,2024-08-14,2024-08-17,16,0.0,25.13,56.34,38
IMO9530618,TBN,Tankers,INSIK,Sikka / Jamnagar,2024-08-31,2024-09-03,14,758.9,22.43,69.84,39
IMO9530618,TBN,Tankers,KRUSN,Ulsan,2024-09-17,2024-09-20,14,3176.8,35.5,129.38,40
IMO9530618,TBN,Tankers,AEFJR,Fujairah,2025-09-03,2025-09-06,348,3753.1,25.13,56.34,41
IMO9530618,Ottoman Integrity,Tankers,NGBON,Bonny,2025-10-06,2025-10-09,1707,3788.1,4.45,7.16,5
IMO9530618,TBN,Tankers,SARRT,Ras Tanura,2025-10-17,2025-10-20,41,346.0,26.65,50.16,42
IMO9530618,TBN,Tankers,INSIK,Sikka / Jamnagar,2025-11-03,2025-11-06,14,1103.0,22.43,69.84,43
IMO9530618,TBN,Tankers,INSIK,Sikka / Jamnagar,2025-11-20,2025-11-23,14,0.0,22.43,69.84,44
IMO9530618,TBN,Tankers,DZAZW,Arzew,2026-01-13,2026-01-16,51,3689.7,35.85,-0.31,45
IMO9530618,TBN,Tankers,NGBON,Bonny,2026-01-15,2026-01-18,1,1930.1,4.45,7.16,46
IMO9530618,TBN,Tankers,INSIK,Sikka / Jamnagar,2026-02-01,2026-02-04,14,3788.1,22.43,69.84,47
IMO9530618,TBN,Tankers,SGSIN,Singapore,2026-02-18,2026-02-21,14,2355.7,1.28,103.85,48
IMO9530618,TBN,Tankers,SAYNB,Yanbu,2026-03-04,2026-03-07,11,4050.1,24.09,38.06,49
IMO9530618,TBN,Tankers,AEFJR,Fujairah,2026-04-01,2026-04-04,25,999.0,25.13,56.34,50
IMO9530618,TBN,Tankers,SAYNB,Yanbu,2026-05-28,2026-05-31,54,999.0,24.09,38.06,51
IMO9530618,TBN,Tankers,SAYNB,Yanbu,2026-06-01,2026-06-04,1,0.0,24.09,38.06,52
IMO9530618,TBN,Tankers,AEFJR,Fujairah,2026-07-31,2026-08-03,57,999.0,25.13,56.34,53
IMO9530890,Maria,Tankers,SGSIN,Singapore,2018-07-11,2018-07-14,14,0.0,1.28,103.85,1
IMO9530890,Maria,Tankers,SGSIN,Singapore,2019-01-14,2019-01-17,184,0.0,1.28,103.85,2
IMO9530890,Maria,Tankers,SGSIN,Singapore,2019-01-31,2019-02-03,14,0.0,1.28,103.85,3
IMO9530890,Maria,Tankers,AEFJR,Fujairah,2019-02-17,2019-02-20,14,3099.3,25.13,56.34,4
IMO9530890,Maria,Tankers,INSIK,Sikka / Jamnagar,2019-03-06,2019-03-09,14,758.9,22.43,69.84,5
IMO9530917,Kimolos Warrior,Tankers,AEFJR,Fujairah,2018-08-01,2018-08-04,0,0.0,25.13,56.34,1
IMO9530917,Kimolos Warrior,Tankers,SGSIN,Singapore,2018-08-18,2018-08-21,14,3099.3,1.28,103.85,2
IMO9530917,Kimolos Warrior,Tankers,SARRT,Ras Tanura,2018-09-18,2018-09-21,28,3444.8,26.65,50.16,3
IMO9530917,Kimolos Warrior,Tankers,ZASDB,Saldanha Bay,2018-10-05,2018-10-08,14,4026.8,-33.02,17.95,4
IMO9530917,Kimolos Warrior,Tankers,SARRT,Ras Tanura,2021-02-05,2021-02-08,851,4026.8,26.65,50.16,5
IMO9530917,Kimolos Warrior,Tankers,SARRT,Ras Tanura,2021-03-12,2021-03-15,32,0.0,26.65,50.16,6
IMO9530917,Kimolos Warrior,Tankers,QARLF,Ras Laffan,2021-06-07,2021-06-10,84,85.8,25.92,51.53,7
IMO9530917,Kimolos Warrior,Tankers,SARRT,Ras Tanura,2021-06-28,2021-07-01,18,85.8,26.65,50.16,8
IMO9530917,Kimolos Warrior,Tankers,INSIK,Sikka / Jamnagar,2021-07-15,2021-07-18,14,1103.0,22.43,69.84,9
IMO9530917,Kimolos Warrior,Tankers,INSIK,Sikka / Jamnagar,2021-08-01,2021-08-04,14,0.0,22.43,69.84,10
IMO9530917,Kimolos Warrior,Tankers,SARRT,Ras Tanura,2021-09-15,2021-09-18,42,1103.0,26.65,50.16,11
IMO9530917,Kimolos Warrior,Tankers,NLRTM,Rotterdam,2021-11-02,2021-11-05,45,2547.4,51.92,4.47,12
IMO9533995,Stena Surprise,Tankers,SGSIN,Singapore,2018-03-26,2018-03-29,14,0.0,1.28,103.85,1
IMO9533995,Stena Surprise,Tankers,SARRT,Ras Tanura,2018-06-28,2018-07-01,91,3444.8,26.65,50.16,2
IMO9533995,Stena Surprise,Tankers,SARRT,Ras Tanura,2019-02-20,2019-02-23,234,0.0,26.65,50.16,3
IMO9533995,Stena Surprise,Tankers,SGSIN,Singapore,2019-03-09,2019-03-12,14,3444.8,1.28,103.85,4
IMO9533995,Stena Surprise,Tankers,SGSIN,Singapore,2019-03-26,2019-03-29,14,0.0,1.28,103.85,5
IMO9533995,Stena Surprise,Tankers,SGSIN,Singapore,2019-04-12,2019-04-15,14,0.0,1.28,103.85,6
IMO9533995,Stena Surprise,Tankers,SARRT,Ras Tanura,2022-12-29,2023-01-01,1354,3444.8,26.65,50.16,7
IMO9533995,Stena Surprise,Tankers,DZAZW,Arzew,2023-08-11,2023-08-14,222,2619.7,35.85,-0.31,8
IMO9533995,Stena Surprise,Tankers,USHOU,Houston,2023-10-04,2023-10-07,51,4606.4,29.74,-95.27,9
IMO9533995,Stena Surprise,Tankers,DZAZW,Arzew,2023-11-07,2023-11-10,31,4606.4,35.85,-0.31,10
IMO9533995,Stena Surprise,Tankers,NLRTM,Rotterdam,2026-01-19,2026-01-22,801,986.2,51.92,4.47,11
IMO9534004,Wu Tai San,Tankers,SGSIN,Singapore,2019-04-30,2019-05-03,14,0.0,1.28,103.85,1
IMO9534004,Cyan Nova,Tankers,SARRT,Ras Tanura,2021-07-01,2021-07-04,0,0.0,26.65,50.16,1
IMO9534004,Cyan Nova,Tankers,AEFJR,Fujairah,2021-07-18,2021-07-21,14,346.0,25.13,56.34,2
IMO9534004,Cyan Nova,Tankers,SARRT,Ras Tanura,2021-07-26,2021-07-29,5,346.0,26.65,50.16,3
IMO9534004,Cyan Nova,Tankers,ZASDB,Saldanha Bay,2021-08-12,2021-08-15,14,4026.8,-33.02,17.95,4
IMO9534016,Maran Lynx,Tankers,CNNGB,Ningbo-Zhoushan,2022-08-31,2022-09-03,14,0.0,29.87,121.55,1
IMO9534028,Cobalt Nova,Tankers,INSIK,Sikka / Jamnagar,2020-12-17,2020-12-20,14,0.0,22.43,69.84,1
IMO9534028,Cobalt Nova,Tankers,INSIK,Sikka / Jamnagar,2021-01-03,2021-01-06,14,0.0,22.43,69.84,2
IMO9534028,Cobalt Nova,Tankers,SGSIN,Singapore,2021-01-20,2021-01-23,14,2355.7,1.28,103.85,3
IMO9534030,Yasa Southern Cross,Tankers,CNNGB,Ningbo-Zhoushan,2025-06-18,2025-06-21,14,0.0,29.87,121.55,1
IMO9534030,Yasa Southern Cross,Tankers,AEFJR,Fujairah,2026-03-17,2026-03-20,269,3438.5,25.13,56.34,2
IMO9534042,Vlcc Stephanie,Tankers,KWMFA,Mina Al Ahmadi,2022-11-22,2022-11-25,0,0.0,29.07,48.15,1
IMO9534042,Vlcc Stephanie,Tankers,KWMFA,Mina Al Ahmadi,2023-06-01,2023-06-04,188,0.0,29.07,48.15,2
IMO9534042,Vlcc Stephanie,Tankers,KWMFA,Mina Al Ahmadi,2023-11-28,2023-12-01,177,0.0,29.07,48.15,3
IMO9534042,Vlcc Stephanie,Tankers,SARRT,Ras Tanura,2024-04-29,2024-05-02,150,180.3,26.65,50.16,4
IMO9534042,Vlcc Stephanie,Tankers,KRUSN,Ulsan,2024-05-16,2024-05-19,14,4000.9,35.5,129.38,5
IMO9534042,Vlcc Stephanie,Tankers,KWMFA,Mina Al Ahmadi,2024-07-16,2024-07-19,58,4023.0,29.07,48.15,6
IMO9534042,Vlcc Stephanie,Tankers,SARRT,Ras Tanura,2025-04-10,2025-04-13,265,180.3,26.65,50.16,7
IMO9534054,Celeste Nova,Tankers,INSIK,Sikka / Jamnagar,2021-02-17,2021-02-20,14,0.0,22.43,69.84,1
IMO9534054,Celeste Nova,Tankers,INSIK,Sikka / Jamnagar,2021-03-06,2021-03-09,14,0.0,22.43,69.84,2
IMO9534054,Celeste Nova,Tankers,SGSIN,Singapore,2021-03-23,2021-03-26,14,2355.7,1.28,103.85,3
IMO9534054,Celeste Nova,Tankers,KRUSN,Ulsan,2021-04-09,2021-04-12,14,2499.7,35.5,129.38,4
IMO9534054,Celeste Nova,Tankers,CNNGB,Ningbo-Zhoushan,2021-04-26,2021-04-29,14,520.1,29.87,121.55,5
IMO9534781,Umm Al Aish,Tankers,KWMFA,Mina Al Ahmadi,2020-05-12,2020-05-15,0,0.0,29.07,48.15,1
IMO9534793,Al Salmi,Tankers,SARRT,Ras Tanura,2019-07-16,2019-07-19,0,0.0,26.65,50.16,1
IMO9534793,Al Salmi (KPC),Tankers,KWMFA,Mina Al Ahmadi,2019-08-21,2019-08-24,0,0.0,29.07,48.15,1
IMO9534793,Al Salmi,Tankers,KWMFA,Mina Al Ahmadi,2025-11-18,2025-11-21,2314,180.3,29.07,48.15,2
IMO9534808,Al Riqqa,Tankers,SGSIN,Singapore,2026-02-05,2026-02-08,14,0.0,1.28,103.85,1
IMO9534846,Blue Nova,Tankers,NLRTM,Rotterdam,2022-05-20,2022-05-23,14,0.0,51.92,4.47,1
IMO9534846,Blue Nova,Tankers,NLRTM,Rotterdam,2022-06-06,2022-06-09,14,0.0,51.92,4.47,2
IMO9534846,Blue Nova,Tankers,SGSIN,Singapore,2022-06-23,2022-06-26,14,5689.2,1.28,103.85,3
IMO9534858,Trikwong Venture,Tankers,CNNGB,Ningbo-Zhoushan,2019-08-07,2019-08-10,14,0.0,29.87,121.55,1
IMO9534858,Trikwong Venture,Tankers,SARRT,Ras Tanura,2022-07-25,2022-07-28,1080,3717.6,26.65,50.16,2
IMO9534858,Costa Rica Prosperity,Tankers,SAYNB,Yanbu,2026-06-26,2026-06-29,0,0.0,24.09,38.06,1
IMO9535058,Hakusan (Shell),Tankers,CNNGB,Ningbo-Zhoushan,2026-09-16,2026-09-19,14,0.0,29.87,121.55,1
IMO9535797,New Peace O/O,Tankers,AEFJR,Fujairah,2026-06-18,2026-06-21,0,0.0,25.13,56.34,1
IMO9535797,New Peace,Tankers,AEFJR,Fujairah,2026-06-30,2026-07-03,0,0.0,25.13,56.34,1
IMO9536063,Clipper Enyo ,LPG,USHOU,Houston,2019-10-01,2019-10-04,0,0.0,29.74,-95.27,1
IMO9536063,Clipper Enyo,LPG,USHOU,Houston,2019-11-28,2019-12-01,0,0.0,29.74,-95.27,1
IMO9536063,Clipper Enyo  ,LPG,USHOU,Houston,2020-11-19,2020-11-22,0,0.0,29.74,-95.27,1
IMO9536063,Clipper Enyo,LPG,USHOU,Houston,2021-04-08,2021-04-11,494,0.0,29.74,-95.27,2
IMO9536063,Clipper Enyo,LPG,USHOU,Houston,2022-01-07,2022-01-10,271,0.0,29.74,-95.27,3
IMO9536063,Clipper Enyo,LPG,USHOU,Houston,2022-04-21,2022-04-24,101,0.0,29.74,-95.27,4
IMO9536063,Clipper Enyo,LPG,USHOU,Houston,2022-06-23,2022-06-26,60,0.0,29.74,-95.27,5
IMO9537745,Sara,Tankers,CNRZH,Rizhao,2019-06-05,2019-06-08,14,0.0,35.42,119.53,1
IMO9537745,Sara,Tankers,SARRT,Ras Tanura,2019-10-23,2019-10-26,137,3536.2,26.65,50.16,2
IMO9537745,Sara,Tankers,SGSIN,Singapore,2019-11-09,2019-11-12,14,3444.8,1.28,103.85,3
IMO9537745,Sara,Tankers,CNNGB,Ningbo-Zhoushan,2019-11-26,2019-11-29,14,1991.7,29.87,121.55,4
IMO9537745,East Loyalty,Tankers,KWMFA,Mina Al Ahmadi,2023-02-28,2023-03-03,0,0.0,29.07,48.15,1
IMO9537745,East Loyalty,Tankers,KWMFA,Mina Al Ahmadi,2024-01-26,2024-01-29,329,0.0,29.07,48.15,2
IMO9537757,West Loyalty,Tankers,SARRT,Ras Tanura,2024-10-03,2024-10-06,0,0.0,26.65,50.16,1
IMO9537769,Simone,Tankers,CNNGB,Ningbo-Zhoushan,2020-05-27,2020-05-30,14,0.0,29.87,121.55,1
IMO9537769,South Loyalty,Tankers,SARRT,Ras Tanura,2024-05-29,2024-06-01,0,0.0,26.65,50.16,1
IMO9537769,South loyalty,Tankers,QARLF,Ras Laffan,2025-03-28,2025-03-31,0,0.0,25.92,51.53,1
IMO9537771,Sonia,Tankers,SGSIN,Singapore,2020-02-25,2020-02-28,14,0.0,1.28,103.85,1
IMO9539016,Golden Brilliant,Tankers,MYBTU,Bintulu,2019-07-25,2019-07-28,0,0.0,3.2,113.04,1
IMO9539935,Gabon Prosperity,Tankers,SAYNB,Yanbu,2026-03-11,2026-03-14,0,0.0,24.09,38.06,1
IMO9540089,Energy Fidelity,LNG,KRUSN,Ulsan,2023-02-13,2023-02-16,0,0.0,35.5,129.38,1
IMO9540089,Energy Fidelity,LNG,KRUSN,Ulsan,2023-03-02,2023-03-05,14,0.0,35.5,129.38,2
IMO9540091,Avance Rigel,LPG,USHOU,Houston,2023-02-17,2023-02-20,0,0.0,29.74,-95.27,1
IMO9540091,Avance Rigel,LPG,USHOU,Houston,2023-12-21,2023-12-24,304,0.0,29.74,-95.27,2
IMO9540716,Grace Dahlia,LNG,DZAZW,Arzew,2014-06-13,2014-06-16,0,0.0,35.85,-0.31,1
IMO9540716,Grace Dahlia,LNG,DZAZW,Arzew,2014-06-30,2014-07-03,14,0.0,35.85,-0.31,2
IMO9540716,Grace Dahlia,LNG,SGSIN,Singapore,2014-08-18,2014-08-21,46,6044.3,1.28,103.85,3
IMO9540716,Grace Dahlia,LNG,SGSIN,Singapore,2014-09-04,2014-09-07,14,0.0,1.28,103.85,4
IMO9540716,Grace Dahlia,LNG,NGBON,Bonny,2016-03-02,2016-03-05,542,5798.0,4.45,7.16,5
IMO9540716,Grace Dahlia,LNG,NGBON,Bonny,2016-03-19,2016-03-22,14,0.0,4.45,7.16,6
IMO9540716,Grace Dahlia,LNG,AUGLT,Gladstone,2016-09-30,2016-10-03,192,8427.2,-23.84,151.26,7
IMO9540716,Grace Dahlia,LNG,AUGLT,Gladstone,2016-10-17,2016-10-20,14,0.0,-23.84,151.26,8
IMO9540716,Grace Dahlia,LNG,SGSIN,Singapore,2018-04-19,2018-04-22,546,3147.5,1.28,103.85,9
IMO9540716,Grace Dahlia,LNG,SGSIN,Singapore,2018-05-06,2018-05-09,14,0.0,1.28,103.85,10
IMO9540716,Grace Dahlia,LNG,USSPG,Sabine Pass,2018-06-19,2018-06-22,41,8686.4,29.73,-93.87,11
IMO9540716,Grace Dahlia,LNG,USSPG,Sabine Pass,2018-07-06,2018-07-09,14,0.0,29.73,-93.87,12
IMO9540828,Navigator Gemini,LPG,SAYNB,Yanbu,2019-05-09,2019-05-12,14,0.0,24.09,38.06,1
IMO9540828,Navigator Gemini,LPG,USHOU,Houston,2019-05-26,2019-05-29,14,6602.3,29.74,-95.27,2
IMO9540828,Navigator Gemini ,LPG,USHOU,Houston,2021-09-09,2021-09-12,14,0.0,29.74,-95.27,1
IMO9540828,Navigator Gemini ,LPG,USHOU,Houston,2021-09-26,2021-09-29,14,0.0,29.74,-95.27,2
IMO9541989,Musanah,LPG,USHOU,Houston,2022-02-17,2022-02-20,0,0.0,29.74,-95.27,1
IMO9541989,Musanah,LPG,USHOU,Houston,2022-04-28,2022-05-01,67,0.0,29.74,-95.27,2
IMO9541989,Musanah,LPG,USHOU,Houston,2023-01-12,2023-01-15,256,0.0,29.74,-95.27,3
IMO9541989,Musanah,LPG,USHOU,Houston,2023-08-17,2023-08-20,214,0.0,29.74,-95.27,4
IMO9542599,SCI TBN,Tankers,KWMFA,Mina Al Ahmadi,2020-10-16,2020-10-19,0,0.0,29.07,48.15,1
IMO9542599,SCI TBN,Tankers,KWMFA,Mina Al Ahmadi,2020-12-22,2020-12-25,64,0.0,29.07,48.15,2
IMO9544178,Contantios,Tankers,AEFJR,Fujairah,2023-09-19,2023-09-22,0,0.0,25.13,56.34,1
IMO9544431,Gas Beryl,LPG,AEFJR,Fujairah,2021-04-15,2021-04-18,0,0.0,25.13,56.34,1
IMO9544431,Gas Beryl,LPG,SAYNB,Yanbu,2023-06-22,2023-06-25,795,999.0,24.09,38.06,2
IMO9545281,Kikyo,LPG,INSIK,Sikka / Jamnagar,2019-08-15,2019-08-18,14,0.0,22.43,69.84,1
IMO9545281,Kikyo,LPG,SAYNB,Yanbu,2021-04-29,2021-05-02,620,1752.1,24.09,38.06,2
IMO9545281,Kikyo,LPG,USHOU,Houston,2021-06-24,2021-06-27,53,6602.3,29.74,-95.27,3
IMO9545281,Kikyo,LPG,USHOU,Houston,2023-02-02,2023-02-05,585,0.0,29.74,-95.27,4
IMO9545369,Eagle Ford Lady ,LPG,USHOU,Houston,2019-05-09,2019-05-12,0,0.0,29.74,-95.27,1
IMO9548472,Epic Borinquen,LPG,NLRTM,Rotterdam,2021-01-21,2021-01-24,0,0.0,51.92,4.47,1
IMO9548472,Epic Borinquen,LPG,NLRTM,Rotterdam,2023-08-03,2023-08-06,921,0.0,51.92,4.47,2
IMO9548821,Silvio,LPG,USHOU,Houston,2023-06-29,2023-07-02,0,0.0,29.74,-95.27,1
IMO9550603,Gas Scorpio,LPG,USHOU,Houston,2019-03-28,2019-03-31,0,0.0,29.74,-95.27,1
IMO9550603,Gas Scorpio,LPG,USHOU,Houston,2021-06-24,2021-06-27,816,0.0,29.74,-95.27,2
IMO9550603,Gas Scorpio,LPG,AUDAM,Dampier,2022-03-03,2022-03-06,249,8993.1,-20.65,116.71,3
IMO9550603,Gas Scorpio,LPG,USHOU,Houston,2022-08-04,2022-08-07,151,8993.1,29.74,-95.27,4
IMO9550603,Gas Scorpio,LPG,USHOU,Houston,2022-12-22,2022-12-25,137,0.0,29.74,-95.27,5
IMO9550983,Kodaijisan,LPG,QARLF,Ras Laffan,2021-05-06,2021-05-09,0,0.0,25.92,51.53,1
IMO9550983,Kodaijisan,LPG,QARLF,Ras Laffan,2022-08-19,2022-08-22,467,0.0,25.92,51.53,2
IMO9553101,Pacific Gas,LPG,USHOU,Houston,2021-01-08,2021-01-11,0,0.0,29.74,-95.27,1
IMO9553980,Legend Prosperity,LPG,AUDRW,Darwin,2019-09-19,2019-09-22,0,0.0,-12.46,130.84,1
IMO9553980,Legend Prosperity,LPG,USHOU,Houston,2020-10-08,2020-10-11,382,8046.2,29.74,-95.27,2
IMO9553980,Legend Prosperity,LPG,USHOU,Houston,2022-09-01,2022-09-04,690,0.0,29.74,-95.27,3
IMO9554729,Akebono Maru,LNG,JPCHB,Chiba,2019-01-01,2019-01-04,0,0.0,35.6,140.1,1
IMO9554729,Akebono Maru,LNG,JPCHB,Chiba,2019-01-18,2019-01-21,14,0.0,35.6,140.1,2
IMO9557083,Vivit Fornax,LPG,USHOU,Houston,2022-08-11,2022-08-14,0,0.0,29.74,-95.27,1
IMO9557083,Vivit Fornax,LPG,USHOU,Houston,2023-03-24,2023-03-27,222,0.0,29.74,-95.27,2
IMO9557083,Vivit Fornax,LPG,USHOU,Houston,2023-12-21,2023-12-24,269,0.0,29.74,-95.27,3
IMO9560766,E Mei San,Tankers,KWMFA,Mina Al Ahmadi,2021-04-28,2021-05-01,0,0.0,29.07,48.15,1
IMO9560766,Kalamos,Tankers,INSIK,Sikka / Jamnagar,2022-04-20,2022-04-23,14,0.0,22.43,69.84,1
IMO9560766,KALAMOS,Tankers,SARRT,Ras Tanura,2022-07-28,2022-07-31,0,0.0,26.65,50.16,1
IMO9560766,Kalamos,Tankers,SARRT,Ras Tanura,2023-10-11,2023-10-14,437,0.0,26.65,50.16,3
IMO9560766,Kalamos,Tankers,CNQDG,Qingdao,2023-10-28,2023-10-31,14,3565.3,36.08,120.32,4
IMO9560766,KALAMOS,Tankers,SARRT,Ras Tanura,2025-01-20,2025-01-23,904,0.0,26.65,50.16,2
IMO9560766,KALAMOS,Tankers,INSIK,Sikka / Jamnagar,2025-02-06,2025-02-09,14,1103.0,22.43,69.84,3
IMO9560766,Kalamos,Tankers,SARRT,Ras Tanura,2025-10-21,2025-10-24,721,3565.3,26.65,50.16,5
IMO9560766,Kalamos,Tankers,SARRT,Ras Tanura,2025-11-18,2025-11-21,25,0.0,26.65,50.16,6
IMO9560766,Kalamos,Tankers,INSIK,Sikka / Jamnagar,2025-12-05,2025-12-08,14,1103.0,22.43,69.84,7
IMO9560766,Kalamos,Tankers,SARRT,Ras Tanura,2026-02-05,2026-02-08,59,1103.0,26.65,50.16,8
IMO9560766,Kalamos,Tankers,SAYNB,Yanbu,2026-03-05,2026-03-08,25,673.9,24.09,38.06,9
IMO9560766,Kalamos,Tankers,INSIK,Sikka / Jamnagar,2026-03-22,2026-03-25,14,1752.1,22.43,69.84,10
IMO9560766,Kalamos,Tankers,SAYNB,Yanbu,2026-04-14,2026-04-17,20,1752.1,24.09,38.06,11
IMO9560766,Kalamos,Tankers,INSIK,Sikka / Jamnagar,2026-05-01,2026-05-04,14,1752.1,22.43,69.84,12
IMO9562673,Libra Trader,Tankers,KWMFA,Mina Al Ahmadi,2026-01-07,2026-01-10,0,0.0,29.07,48.15,1
IMO9562673,Libra Trader,Tankers,INSIK,Sikka / Jamnagar,2026-01-24,2026-01-27,14,1236.5,22.43,69.84,2
IMO9562697,Idemitsu TBN,Tankers,SARRT,Ras Tanura,2025-08-29,2025-09-01,0,0.0,26.65,50.16,1
IMO9562697,Gassan,Tankers,CNQDG,Qingdao,2026-03-26,2026-03-29,14,0.0,36.08,120.32,1
IMO9563237,Seaways Kilimanjaro,Tankers,NLRTM,Rotterdam,2026-01-19,2026-01-22,14,0.0,51.92,4.47,1
IMO9563237,Roberta B,Tankers,SAYNB,Yanbu,2026-08-12,2026-08-15,0,0.0,24.09,38.06,1
IMO9564341,Ithacki,LPG,SGSIN,Singapore,2019-07-11,2019-07-14,0,0.0,1.28,103.85,1
IMO9564341,Ithacki,LPG,USHOU,Houston,2023-10-12,2023-10-15,1551,8646.3,29.74,-95.27,2
IMO9565307,Celtic Gas,LPG,USHOU,Houston,2021-09-09,2021-09-12,14,0.0,29.74,-95.27,1
IMO9565307,Celtic Gas,LPG,USHOU,Houston,2021-09-26,2021-09-29,14,0.0,29.74,-95.27,2
IMO9565950,Dimitris P,Tankers,SGSIN,Singapore,2019-02-13,2019-02-16,14,0.0,1.28,103.85,1
IMO9565950,Dimitris P,Tankers,SARRT,Ras Tanura,2019-04-30,2019-05-03,73,3444.8,26.65,50.16,2
IMO9565950,Dimitris P,Tankers,DZAZW,Arzew,2020-01-16,2020-01-19,258,2619.7,35.85,-0.31,3
IMO9565950,Dimitris P,Tankers,SGSIN,Singapore,2020-02-02,2020-02-05,14,6044.3,1.28,103.85,4
IMO9565950,Dimitris P,Tankers,AEFJR,Fujairah,2021-01-11,2021-01-14,341,3099.3,25.13,56.34,5
IMO9565950,Dimitris P,Tankers,DZAZW,Arzew,2024-05-08,2024-05-11,1210,2959.8,35.85,-0.31,6
IMO9565950,Dimitris P,Tankers,USCRP,Corpus Christi,2024-11-14,2024-11-17,187,4764.0,27.81,-97.39,7
IMO9567375,Epic Bird,LPG,NLRTM,Rotterdam,2021-03-11,2021-03-14,0,0.0,51.92,4.47,1
IMO9567697,Eurovision,Tankers,AEFJR,Fujairah,2020-08-17,2020-08-20,14,0.0,25.13,56.34,1
IMO9567697,Eurovision,Tankers,USHOU,Houston,2025-06-18,2025-06-21,1763,7129.4,29.74,-95.27,2
IMO9567697,Eurovision,Tankers,USCRP,Corpus Christi,2026-02-02,2026-02-05,226,160.8,27.81,-97.39,3
IMO9567702,Euro,Tankers,DZAZW,Arzew,2020-04-28,2020-05-01,0,0.0,35.85,-0.31,1
IMO9567702,Euro,Tankers,DZAZW,Arzew,2020-10-26,2020-10-29,178,0.0,35.85,-0.31,2
IMO9567702,Euro,Tankers,NLRTM,Rotterdam,2020-11-12,2020-11-15,14,986.2,51.92,4.47,3
IMO9568317,Pericles,Tankers,SARRT,Ras Tanura,2020-11-18,2020-11-21,0,0.0,26.65,50.16,1
IMO9568809,Kitsos,Tankers,SARRT,Ras Tanura,2020-12-09,2020-12-12,0,0.0,26.65,50.16,1
IMO9568809,Kitsos,Tankers,INSIK,Sikka / Jamnagar,2020-12-26,2020-12-29,14,1103.0,22.43,69.84,2
IMO9568809,Kitsos,Tankers,KWMFA,Mina Al Ahmadi,2024-01-08,2024-01-11,1105,1236.5,29.07,48.15,3
IMO9568809,Kitsos,Tankers,INSIK,Sikka / Jamnagar,2024-01-25,2024-01-28,14,1236.5,22.43,69.84,4
IMO9570521,Pansolar,Dry Bulk,BRSSZ,Santos,2025-01-27,2025-01-30,0,0.0,-23.96,-46.33,1
IMO9570521,Pansolar,Dry Bulk,BRSSZ,Santos,2025-01-28,2025-01-31,1,0.0,-23.96,-46.33,2
IMO9570521,Pansolar,Dry Bulk,BRSSZ,Santos,2025-02-11,2025-02-14,11,0.0,-23.96,-46.33,3
IMO9570626,DOMINICA,Tankers,CNNGB,Ningbo-Zhoushan,2019-08-22,2019-08-25,14,0.0,29.87,121.55,1
IMO9573019,Padific Loyalty o/o,Tankers,KWMFA,Mina Al Ahmadi,2024-11-15,2024-11-18,0,0.0,29.07,48.15,1
IMO9574882,Oriental King,LPG,AUDRW,Darwin,2020-09-24,2020-09-27,0,0.0,-12.46,130.84,1
IMO9574882,Oriental King,LPG,USHOU,Houston,2022-07-01,2022-07-04,642,8046.2,29.74,-95.27,2
IMO9574882,Oriental King,LPG,USHOU,Houston,2023-02-23,2023-02-26,234,0.0,29.74,-95.27,3
IMO9574882,Oriental King,LPG,USHOU,Houston,2023-08-31,2023-09-03,186,0.0,29.74,-95.27,4
IMO9575096,Harbour Splendor,Tankers,SARRT,Ras Tanura,2020-09-29,2020-10-02,0,0.0,26.65,50.16,1
IMO9575096,Harbour Splendor,Tankers,AEFJR,Fujairah,2026-08-13,2026-08-16,2141,346.0,25.13,56.34,2
IMO9575553,Sonangol Kalandula,Tankers,NLRTM,Rotterdam,2018-01-25,2018-01-28,14,0.0,51.92,4.47,1
IMO9575553,Sonangol Kalandula,Tankers,SGSIN,Singapore,2018-02-11,2018-02-14,14,5689.2,1.28,103.85,2
IMO9575553,Sonangol Kalandula,Tankers,SGSIN,Singapore,2018-02-28,2018-03-03,14,0.0,1.28,103.85,3
IMO9575553,Sonangol Kalandula,Tankers,NLRTM,Rotterdam,2018-03-17,2018-03-20,14,5689.2,51.92,4.47,4
IMO9575553,Sonangol Kalandula,Tankers,DZAZW,Arzew,2025-08-22,2025-08-25,2712,986.2,35.85,-0.31,5
IMO9575565,Sonangol Huila,Tankers,SARRT,Ras Tanura,2018-04-09,2018-04-12,0,0.0,26.65,50.16,1
IMO9575565,Sonangol Huila,Tankers,SARRT,Ras Tanura,2018-04-11,2018-04-14,1,0.0,26.65,50.16,2
IMO9575565,Sonangol Huila,Tankers,SARRT,Ras Tanura,2018-08-22,2018-08-25,130,0.0,26.65,50.16,3
IMO9575565,Sonangol Huila,Tankers,SGSIN,Singapore,2018-09-08,2018-09-11,14,3444.8,1.28,103.85,4
IMO9575565,Sonangol Huila,Tankers,SGSIN,Singapore,2018-09-25,2018-09-28,14,0.0,1.28,103.85,5
IMO9575565,Sonangol Huila,Tankers,SGSIN,Singapore,2018-10-12,2018-10-15,14,0.0,1.28,103.85,6
IMO9575565,Sonangol Huila,Tankers,SARRT,Ras Tanura,2023-10-19,2023-10-22,1830,3444.8,26.65,50.16,7
IMO9575565,Sonangol Huila,Tankers,SGSIN,Singapore,2023-11-05,2023-11-08,14,3444.8,1.28,103.85,8
IMO9575565,Sonangol Huila,Tankers,AEFJR,Fujairah,2023-11-22,2023-11-25,14,3099.3,25.13,56.34,9
IMO9575565,Sonangol Huila,Tankers,DZAZW,Arzew,2026-06-18,2026-06-21,936,2959.8,35.85,-0.31,10
IMO9575577,Sonangol Porto Amboim,Tankers,SARRT,Ras Tanura,2019-01-30,2019-02-02,0,0.0,26.65,50.16,1
IMO9575577,Sonangol Porto Amboim,Tankers,SGSIN,Singapore,2019-02-16,2019-02-19,14,3444.8,1.28,103.85,2
IMO9575577,Sonangol Porto Amboim,Tankers,KRUSN,Ulsan,2019-03-05,2019-03-08,14,2499.7,35.5,129.38,3
IMO9575577,Sonangol Porto Amboim,Tankers,SGSIN,Singapore,2019-03-22,2019-03-25,14,2499.7,1.28,103.85,4
IMO9575577,Sonangol Porto Amboim,Tankers,SGSIN,Singapore,2019-04-08,2019-04-11,14,0.0,1.28,103.85,5
IMO9575577,Sonangol Porto Amboim,Tankers,NLRTM,Rotterdam,2021-03-26,2021-03-29,715,5689.2,51.92,4.47,6
IMO9575577,Sonangol Porto Amboim,Tankers,SGSIN,Singapore,2021-04-12,2021-04-15,14,5689.2,1.28,103.85,7
IMO9575577,Sonangol Porto Amboim,Tankers,SARRT,Ras Tanura,2021-10-15,2021-10-18,183,3444.8,26.65,50.16,8
IMO9575577,Sonangol Porto Amboim,Tankers,NGBON,Bonny,2023-03-15,2023-03-18,513,2800.7,4.45,7.16,9
IMO9575577,Sonangol Porto Amboim,Tankers,SGSIN,Singapore,2023-04-01,2023-04-04,14,5798.0,1.28,103.85,10
IMO9575577,Sonangol Porto Amboim,Tankers,ZASDB,Saldanha Bay,2023-04-18,2023-04-21,14,5239.3,-33.02,17.95,11
IMO9575589,Sonangol Cabinda,Tankers,SGSIN,Singapore,2018-04-10,2018-04-13,14,0.0,1.28,103.85,1
IMO9575589,Sonangol Cabinda,Tankers,SGSIN,Singapore,2018-04-27,2018-04-30,14,0.0,1.28,103.85,2
IMO9575589,Sonangol Cabinda,Tankers,ZASDB,Saldanha Bay,2018-05-14,2018-05-17,14,5239.3,-33.02,17.95,3
IMO9575589,Sonangol Cabinda,Tankers,SARRT,Ras Tanura,2020-06-19,2020-06-22,764,4026.8,26.65,50.16,4
IMO9575589,Sonangol Cabinda,Tankers,CNNGB,Ningbo-Zhoushan,2020-07-06,2020-07-09,14,3717.6,29.87,121.55,5
IMO9575589,Sonangol Cabinda,Tankers,AEFJR,Fujairah,2022-03-02,2022-03-05,601,3438.5,25.13,56.34,6
IMO9575589,Sonangol Cabinda,Tankers,NLRTM,Rotterdam,2025-09-29,2025-10-02,1304,2835.7,51.92,4.47,7
IMO9575943,Evgenia I,Tankers,SARRT,Ras Tanura,2019-10-21,2019-10-24,0,0.0,26.65,50.16,1
IMO9575943,Evgenia I,Tankers,SARRT,Ras Tanura,2019-11-22,2019-11-25,29,0.0,26.65,50.16,2
IMO9575943,Evgenia I,Tankers,INSIK,Sikka / Jamnagar,2019-12-09,2019-12-12,14,1103.0,22.43,69.84,3
IMO9575943,Evgenia I,Tankers,SARRT,Ras Tanura,2023-01-18,2023-01-21,1133,1103.0,26.65,50.16,4
IMO9575943,Evgenia I,Tankers,QARLF,Ras Laffan,2025-04-01,2025-04-04,801,85.8,25.92,51.53,5
IMO9575943,Evgenia I,Tankers,SARRT,Ras Tanura,2025-08-01,2025-08-04,119,85.8,26.65,50.16,6
IMO9575943,Sri Lanka Prosperity,Tankers,SAYNB,Yanbu,2026-07-02,2026-07-05,14,0.0,24.09,38.06,1
IMO9575955,Polymnia I,Tankers,INSIK,Sikka / Jamnagar,2020-02-06,2020-02-09,14,0.0,22.43,69.84,1
IMO9575955,Polymnia I,Tankers,AEFJR,Fujairah,2020-02-17,2020-02-20,8,758.9,25.13,56.34,2
IMO9575955,Polymnia I,Tankers,SGSIN,Singapore,2020-03-05,2020-03-08,14,3099.3,1.28,103.85,3
IMO9575955,Polymnia I,Tankers,INSIK,Sikka / Jamnagar,2020-03-22,2020-03-25,14,2355.7,22.43,69.84,4
IMO9575955,Polymnia I,Tankers,SARRT,Ras Tanura,2020-04-09,2020-04-12,15,1103.0,26.65,50.16,5
IMO9575955,Polymnia I,Tankers,INSIK,Sikka / Jamnagar,2020-04-26,2020-04-29,14,1103.0,22.43,69.84,6
IMO9576451,B Gas Master,LPG,NLRTM,Rotterdam,2021-09-16,2021-09-19,0,0.0,51.92,4.47,1
IMO9578634,Barcelona Spirit,Tankers,USCRP,Corpus Christi,2020-02-10,2020-02-13,0,0.0,27.81,-97.39,1
IMO9578634,Barcelona Spirit,Tankers,NGBON,Bonny,2020-03-11,2020-03-14,27,6044.9,4.45,7.16,2
IMO9578634,Barcelona Spirit,Tankers,SARRT,Ras Tanura,2020-11-01,2020-11-04,232,2800.7,26.65,50.16,3
IMO9578634,Barcelona Spirit,Tankers,SGSIN,Singapore,2020-11-18,2020-11-21,14,3444.8,1.28,103.85,4
IMO9578634,Barcelona Spirit,Tankers,SARRT,Ras Tanura,2021-09-28,2021-10-01,311,3444.8,26.65,50.16,5
IMO9578634,Barcelona Spirit,Tankers,SARRT,Ras Tanura,2021-11-04,2021-11-07,34,0.0,26.65,50.16,6
IMO9578634,Barcelona Spirit,Tankers,SAYNB,Yanbu,2022-07-06,2022-07-09,241,673.9,24.09,38.06,7
IMO9578646,Atlanta Spirit,Tankers,CNNGB,Ningbo-Zhoushan,2018-11-09,2018-11-12,14,0.0,29.87,121.55,1
IMO9578646,Atlanta Spirit,Tankers,KWMFA,Mina Al Ahmadi,2018-12-13,2018-12-16,31,3765.1,29.07,48.15,2
IMO9578646,Atlanta Spirit,Tankers,DZAZW,Arzew,2019-03-18,2019-03-21,92,2463.5,35.85,-0.31,3
IMO9578646,Atlanta Spirit,Tankers,SGSIN,Singapore,2019-04-04,2019-04-07,14,6044.3,1.28,103.85,4
IMO9578646,Atlanta Spirit,Tankers,NLRTM,Rotterdam,2019-04-21,2019-04-24,14,5689.2,51.92,4.47,5
IMO9578646,Atlanta Spirit,Tankers,NLRTM,Rotterdam,2019-05-08,2019-05-11,14,0.0,51.92,4.47,6
IMO9578646,Atlanta Spirit,Tankers,NLRTM,Rotterdam,2021-06-25,2021-06-28,776,0.0,51.92,4.47,7
IMO9578646,Atlanta Spirit,Tankers,NGBON,Bonny,2021-08-11,2021-08-14,44,2853.3,4.45,7.16,8
IMO9578646,Atlanta Spirit,Tankers,USCRP,Corpus Christi,2022-01-13,2022-01-16,152,6044.9,27.81,-97.39,9
IMO9578646,Atlanta Spirit,Tankers,CNNGB,Ningbo-Zhoushan,2022-01-30,2022-02-02,14,6686.1,29.87,121.55,10
IMO9578646,Atlanta Spirit,Tankers,CNNGB,Ningbo-Zhoushan,2022-02-16,2022-02-19,14,0.0,29.87,121.55,11
IMO9578646,Atlanta Spirit,Tankers,DZAZW,Arzew,2022-08-09,2022-08-12,171,5676.8,35.85,-0.31,12
IMO9578646,Atlanta Spirit,Tankers,CNNGB,Ningbo-Zhoushan,2022-08-26,2022-08-29,14,5676.8,29.87,121.55,13
IMO9578646,Atlanta Spirit,Tankers,SAYNB,Yanbu,2023-01-12,2023-01-15,136,4380.6,24.09,38.06,14
IMO9578646,Atlanta Spirit,Tankers,CNNGB,Ningbo-Zhoushan,2023-01-29,2023-02-01,14,4380.6,29.87,121.55,15
IMO9578646,Atlanta Spirit,Tankers,USHOU,Houston,2026-02-03,2026-02-06,1098,6654.6,29.74,-95.27,16
IMO9578658,Pserimos,Tankers,CNNGB,Ningbo-Zhoushan,2019-10-11,2019-10-14,14,0.0,29.87,121.55,1
IMO9578658,Pserimos,Tankers,SARRT,Ras Tanura,2020-03-02,2020-03-05,140,3717.6,26.65,50.16,2
IMO9578658,Pserimos,Tankers,SARRT,Ras Tanura,2020-03-13,2020-03-16,8,0.0,26.65,50.16,3
IMO9578658,Pserimos,Tankers,CNNGB,Ningbo-Zhoushan,2020-03-30,2020-04-02,14,3717.6,29.87,121.55,4
IMO9578658,Pserimos,Tankers,INSIK,Sikka / Jamnagar,2020-04-16,2020-04-19,14,2799.7,22.43,69.84,5
IMO9578658,Pserimos,Tankers,RUPRI,Primorsk,2022-11-06,2022-11-09,931,2852.7,60.36,28.61,6
IMO9578658,Pserimos,Tankers,INSIK,Sikka / Jamnagar,2022-11-23,2022-11-26,14,2852.7,22.43,69.84,7
IMO9578658,Pserimos,Tankers,RUPRI,Primorsk,2023-05-25,2023-05-28,180,2852.7,60.36,28.61,8
IMO9578658,Pserimos,Tankers,SARRT,Ras Tanura,2023-11-28,2023-12-01,184,2208.2,26.65,50.16,9
IMO9578658,Pserimos,Tankers,SARRT,Ras Tanura,2024-09-09,2024-09-12,283,0.0,26.65,50.16,10
IMO9579030,Stena Superior,Tankers,SGSIN,Singapore,2018-08-02,2018-08-05,14,0.0,1.28,103.85,1
IMO9579030,Stena Superior,Tankers,NLRTM,Rotterdam,2018-08-19,2018-08-22,14,5689.2,51.92,4.47,2
IMO9579030,Stena Superior,Tankers,NLRTM,Rotterdam,2018-12-05,2018-12-08,105,0.0,51.92,4.47,3
IMO9579030,Stena Superior,Tankers,SGSIN,Singapore,2018-12-22,2018-12-25,14,5689.2,1.28,103.85,4
IMO9579030,Stena Superior,Tankers,SGSIN,Singapore,2019-01-08,2019-01-11,14,0.0,1.28,103.85,5
IMO9579030,Stena Superior,Tankers,CNQDG,Qingdao,2019-01-25,2019-01-28,14,2281.6,36.08,120.32,6
IMO9579030,Stena Superior,Tankers,SAYNB,Yanbu,2019-12-09,2019-12-12,315,4211.2,24.09,38.06,7
IMO9579030,Stena Superior,Tankers,CNNGB,Ningbo-Zhoushan,2019-12-26,2019-12-29,14,4380.6,29.87,121.55,8
IMO9579030,Stena Superior,Tankers,USHOU,Houston,2020-12-15,2020-12-18,352,6654.6,29.74,-95.27,9
IMO9579030,Stena Superior,Tankers,SGSIN,Singapore,2021-01-01,2021-01-04,14,8646.3,1.28,103.85,10
IMO9579030,Stena Superior,Tankers,USCRP,Corpus Christi,2023-04-17,2023-04-20,833,8673.9,27.81,-97.39,11
IMO9579030,Stena Superior,Tankers,SARRT,Ras Tanura,2023-07-27,2023-07-30,98,7039.6,26.65,50.16,12
IMO9579030,Stena Superior,Tankers,NLRTM,Rotterdam,2023-08-13,2023-08-16,14,2547.4,51.92,4.47,13
IMO9579030,Stena Superior,Tankers,SGSIN,Singapore,2023-08-30,2023-09-02,14,5689.2,1.28,103.85,14
IMO9579042,Stena Suede,Tankers,SGSIN,Singapore,2019-06-06,2019-06-09,14,0.0,1.28,103.85,1
IMO9579042,Stena Suede,Tankers,SGSIN,Singapore,2019-09-04,2019-09-07,87,0.0,1.28,103.85,2
IMO9579042,Stena Suede,Tankers,SGSIN,Singapore,2019-09-21,2019-09-24,14,0.0,1.28,103.85,3
IMO9579042,Stena Suede,Tankers,CNNGB,Ningbo-Zhoushan,2019-10-08,2019-10-11,14,1991.7,29.87,121.55,4
IMO9579042,Stena Suede,Tankers,NLRTM,Rotterdam,2019-10-25,2019-10-28,14,4890.7,51.92,4.47,5
IMO9579042,Stena Suede,Tankers,USHOU,Houston,2020-12-22,2020-12-25,421,4355.9,29.74,-95.27,6
IMO9579042,Stena Suede,Tankers,SGSIN,Singapore,2021-01-08,2021-01-11,14,8646.3,1.28,103.85,7
IMO9579042,Stena Suede,Tankers,SAYNB,Yanbu,2021-09-16,2021-09-19,248,4050.1,24.09,38.06,8
IMO9579042,Stena Suede,Tankers,NLRTM,Rotterdam,2021-12-07,2021-12-10,79,2268.6,51.92,4.47,9
IMO9579042,Stena Suede,Tankers,SARRT,Ras Tanura,2024-03-08,2024-03-11,819,2547.4,26.65,50.16,10
IMO9579042,Stena Suede,Tankers,ZASDB,Saldanha Bay,2024-03-25,2024-03-28,14,4026.8,-33.02,17.95,11
IMO9579042,Stena Suede,Tankers,AEFJR,Fujairah,2026-08-20,2026-08-23,875,4123.6,25.13,56.34,12
IMO9579494,Almi Horizon,Tankers,DZAZW,Arzew,2018-03-21,2018-03-24,0,0.0,35.85,-0.31,1
IMO9579494,Almi Horizon,Tankers,ZASDB,Saldanha Bay,2018-04-07,2018-04-10,14,4260.3,-33.02,17.95,2
IMO9579494,Almi Horizon,Tankers,SAYNB,Yanbu,2020-02-05,2020-02-08,666,3616.9,24.09,38.06,3
IMO9579494,Almi Horizon,Tankers,SAYNB,Yanbu,2020-04-07,2020-04-10,59,0.0,24.09,38.06,4
IMO9579494,Almi Horizon,Tankers,AEFJR,Fujairah,2021-11-03,2021-11-06,572,999.0,25.13,56.34,5
IMO9579494,Almi Horizon,Tankers,DZAZW,Arzew,2022-04-06,2022-04-09,151,2959.8,35.85,-0.31,6
IMO9579494,Almi Horizon,Tankers,SGSIN,Singapore,2025-01-21,2025-01-24,1018,6044.3,1.28,103.85,7
IMO9579494,Almi Horizon,Tankers,SARRT,Ras Tanura,2025-01-28,2025-01-31,4,3444.8,26.65,50.16,8
IMO9579494,Almi Horizon,Tankers,AEFJR,Fujairah,2025-03-13,2025-03-16,41,346.0,25.13,56.34,9
IMO9579494,Almi Horizon,Tankers,SARRT,Ras Tanura,2025-03-21,2025-03-24,5,346.0,26.65,50.16,10
IMO9579494,Almi Horizon,Tankers,SARRT,Ras Tanura,2025-04-29,2025-05-02,36,0.0,26.65,50.16,11
IMO9579509,Almi Galaxy,Tankers,AEFJR,Fujairah,2018-05-08,2018-05-11,14,0.0,25.13,56.34,1
IMO9579509,Almi Galaxy,Tankers,NLRTM,Rotterdam,2018-07-04,2018-07-07,54,2835.7,51.92,4.47,2
IMO9579509,Almi Galaxy,Tankers,SGSIN,Singapore,2018-07-21,2018-07-24,14,5689.2,1.28,103.85,3
IMO9579509,Almi Galaxy,Tankers,CNNGB,Ningbo-Zhoushan,2018-08-07,2018-08-10,14,1991.7,29.87,121.55,4
IMO9579509,Almi Galaxy,Tankers,SARRT,Ras Tanura,2018-11-08,2018-11-11,90,3717.6,26.65,50.16,5
IMO9579509,Almi Galaxy,Tankers,SGSIN,Singapore,2018-11-25,2018-11-28,14,3444.8,1.28,103.85,6
IMO9579509,Almi Galaxy,Tankers,INSIK,Sikka / Jamnagar,2018-12-12,2018-12-15,14,2355.7,22.43,69.84,7
IMO9579509,Almi Galaxy,Tankers,DZAZW,Arzew,2020-09-10,2020-09-13,635,3689.7,35.85,-0.31,8
IMO9579509,Almi Galaxy,Tankers,SGSIN,Singapore,2020-09-27,2020-09-30,14,6044.3,1.28,103.85,9
IMO9579509,Almi Galaxy,Tankers,SGSIN,Singapore,2020-10-14,2020-10-17,14,0.0,1.28,103.85,10
IMO9579509,Almi Galaxy,Tankers,SARRT,Ras Tanura,2022-12-29,2023-01-01,803,3444.8,26.65,50.16,11
IMO9579509,Almi Galaxy,Tankers,AEFJR,Fujairah,2024-11-19,2024-11-22,688,346.0,25.13,56.34,12
IMO9579509,Almi Galaxy,Tankers,SGSIN,Singapore,2024-12-06,2024-12-09,14,3099.3,1.28,103.85,13
IMO9579509,Almi Galaxy,Tankers,SARRT,Ras Tanura,2025-03-19,2025-03-22,100,3444.8,26.65,50.16,14
IMO9579511,Almi Globe,Tankers,INSIK,Sikka / Jamnagar,2018-01-26,2018-01-29,14,0.0,22.43,69.84,1
IMO9579511,Almi Globe,Tankers,AEFJR,Fujairah,2018-02-27,2018-03-02,29,758.9,25.13,56.34,2
IMO9579511,Almi Globe,Tankers,DZAZW,Arzew,2019-02-07,2019-02-10,342,2959.8,35.85,-0.31,3
IMO9579511,Almi Globe,Tankers,SGSIN,Singapore,2019-11-29,2019-12-02,292,6044.3,1.28,103.85,4
IMO9579511,Almi Globe,Tankers,SARRT,Ras Tanura,2021-11-08,2021-11-11,707,3444.8,26.65,50.16,5
IMO9579511,Almi Globe,Tankers,INSIK,Sikka / Jamnagar,2021-11-25,2021-11-28,14,1103.0,22.43,69.84,6
IMO9579511,Almi Globe,Tankers,SGSIN,Singapore,2021-12-12,2021-12-15,14,2355.7,1.28,103.85,7
IMO9579511,Almi Globe,Tankers,DZAZW,Arzew,2024-05-24,2024-05-27,891,6044.3,35.85,-0.31,8
IMO9579511,Almi Globe,Tankers,AEFJR,Fujairah,2024-07-29,2024-08-01,63,2959.8,25.13,56.34,9
IMO9579511,Almi Globe,Tankers,AEFJR,Fujairah,2025-02-06,2025-02-09,189,0.0,25.13,56.34,10
IMO9579523,Almi Sky,Tankers,SGSIN,Singapore,2018-01-22,2018-01-25,14,0.0,1.28,103.85,1
IMO9579523,Almi Sky,Tankers,INSIK,Sikka / Jamnagar,2018-02-08,2018-02-11,14,2355.7,22.43,69.84,2
IMO9579523,Almi Sky,Tankers,NLRTM,Rotterdam,2018-02-25,2018-02-28,14,3449.7,51.92,4.47,3
IMO9579523,Almi Sky,Tankers,SGSIN,Singapore,2018-03-14,2018-03-17,14,5689.2,1.28,103.85,4
IMO9579523,Almi Sky,Tankers,SGSIN,Singapore,2018-03-31,2018-04-03,14,0.0,1.28,103.85,5
IMO9579523,Almi Sky,Tankers,NLRTM,Rotterdam,2022-02-10,2022-02-13,1409,5689.2,51.92,4.47,6
IMO9579523,Almi Sky,Tankers,USCRP,Corpus Christi,2022-04-28,2022-05-01,74,4516.2,27.81,-97.39,7
IMO9579523,Almi Sky,Tankers,AEFJR,Fujairah,2022-12-20,2022-12-23,233,7284.6,25.13,56.34,8
IMO9579523,Almi Sky,Tankers,SAYNB,Yanbu,2023-06-09,2023-06-12,168,999.0,24.09,38.06,9
IMO9579523,Almi Sky,Tankers,NLRTM,Rotterdam,2023-11-16,2023-11-19,157,2268.6,51.92,4.47,10
IMO9579523,Almi Sky,Tankers,AEFJR,Fujairah,2024-12-27,2024-12-30,404,2835.7,25.13,56.34,11
IMO9579523,Almi Sky,Tankers,SGSIN,Singapore,2025-01-13,2025-01-16,14,3099.3,1.28,103.85,12
IMO9579523,Almi Sky,Tankers,SARRT,Ras Tanura,2025-01-29,2025-02-01,13,3444.8,26.65,50.16,13
IMO9579523,Almi Sky,Tankers,SGSIN,Singapore,2025-02-15,2025-02-18,14,3444.8,1.28,103.85,14
IMO9579523,Almi Sky,Tankers,AEFJR,Fujairah,2025-03-04,2025-03-07,14,3099.3,25.13,56.34,15
IMO9579523,Almi Sky,Tankers,INSIK,Sikka / Jamnagar,2025-03-21,2025-03-24,14,758.9,22.43,69.84,16
IMO9579535,Almi Sun,Tankers,KWMFA,Mina Al Ahmadi,2018-01-17,2018-01-20,0,0.0,29.07,48.15,1
IMO9579535,Almi Sun,Tankers,SGSIN,Singapore,2018-02-03,2018-02-06,14,3589.4,1.28,103.85,2
IMO9579535,Almi Sun,Tankers,SGSIN,Singapore,2018-02-20,2018-02-23,14,0.0,1.28,103.85,3
IMO9579535,Almi Sun,Tankers,DZAZW,Arzew,2022-01-25,2022-01-28,1432,6044.3,35.85,-0.31,4
IMO9579535,Almi Sun,Tankers,NGBON,Bonny,2025-03-04,2025-03-07,1131,1930.1,4.45,7.16,5
IMO9579535,Almi Sun,Tankers,SARRT,Ras Tanura,2025-12-02,2025-12-05,270,2800.7,26.65,50.16,6
IMO9579535,Almi Sun,Tankers,INSIK,Sikka / Jamnagar,2025-12-19,2025-12-22,14,1103.0,22.43,69.84,7
IMO9579547,Almi Explorer,Tankers,SARRT,Ras Tanura,2018-11-08,2018-11-11,0,0.0,26.65,50.16,1
IMO9579547,Almi Explorer,Tankers,SGSIN,Singapore,2019-02-21,2019-02-24,102,3444.8,1.28,103.85,2
IMO9579547,Almi Explorer,Tankers,SGSIN,Singapore,2019-03-10,2019-03-13,14,0.0,1.28,103.85,3
IMO9579547,Almi Explorer,Tankers,NLRTM,Rotterdam,2019-03-27,2019-03-30,14,5689.2,51.92,4.47,4
IMO9579547,Almi Explorer,Tankers,SGSIN,Singapore,2019-04-13,2019-04-16,14,5689.2,1.28,103.85,5
IMO9579547,Almi Explorer,Tankers,SGSIN,Singapore,2019-04-30,2019-05-03,14,0.0,1.28,103.85,6
IMO9579547,Almi Explorer,Tankers,KWMFA,Mina Al Ahmadi,2023-01-27,2023-01-30,1365,3589.4,29.07,48.15,7
IMO9579547,Almi Explorer,Tankers,AEFJR,Fujairah,2023-03-29,2023-04-01,58,497.4,25.13,56.34,8
IMO9579547,Almi Explorer,Tankers,KWMFA,Mina Al Ahmadi,2023-04-17,2023-04-20,16,497.4,29.07,48.15,9
IMO9579547,Almi Explorer,Tankers,SARRT,Ras Tanura,2023-05-02,2023-05-05,1,1103.0,26.65,50.16,11
IMO9579547,Almi Explorer,Tankers,INSIK,Sikka / Jamnagar,2023-05-04,2023-05-07,14,1236.5,22.43,69.84,10
IMO9579547,Almi Explorer,Tankers,KWMFA,Mina Al Ahmadi,2023-05-25,2023-05-28,20,180.3,29.07,48.15,12
IMO9579547,Almi Explorer,Tankers,DZAZW,Arzew,2024-12-27,2024-12-30,579,2463.5,35.85,-0.31,13
IMO9579547,Almi Explorer,Tankers,NLRTM,Rotterdam,2025-07-11,2025-07-14,193,986.2,51.92,4.47,14
IMO9579559,Almi Odyssey,Tankers,USHOU,Houston,2020-07-20,2020-07-23,0,0.0,29.74,-95.27,1
IMO9579559,Almi Odyssey,Tankers,NLRTM,Rotterdam,2020-08-06,2020-08-09,14,4355.9,51.92,4.47,2
IMO9579559,Almi Odyssey,Tankers,NLRTM,Rotterdam,2021-02-02,2021-02-05,177,0.0,51.92,4.47,3
IMO9579559,Almi Odyssey,Tankers,SGSIN,Singapore,2021-02-19,2021-02-22,14,5689.2,1.28,103.85,4
IMO9579559,Almi Odyssey,Tankers,SARRT,Ras Tanura,2022-08-11,2022-08-14,535,3444.8,26.65,50.16,5
IMO9579561,Almi Navigator,Tankers,NGBON,Bonny,2018-03-28,2018-03-31,0,0.0,4.45,7.16,1
IMO9579561,Almi Navigator,Tankers,NLRTM,Rotterdam,2018-04-14,2018-04-17,14,2853.3,51.92,4.47,2
IMO9579561,Almi Navigator 00,Tankers,NLRTM,Rotterdam,2019-05-13,2019-05-16,14,0.0,51.92,4.47,1
IMO9579561,Almi Navigator,Tankers,NGBON,Bonny,2019-06-03,2019-06-06,412,2853.3,4.45,7.16,3
IMO9579561,Almi Navigator,Tankers,ZASDB,Saldanha Bay,2019-06-20,2019-06-23,14,2332.0,-33.02,17.95,4
IMO9579561,Almi Navigator,Tankers,SGSIN,Singapore,2019-07-07,2019-07-10,14,5239.3,1.28,103.85,5
IMO9579561,Almi Navigator,Tankers,ZASDB,Saldanha Bay,2019-07-24,2019-07-27,14,5239.3,-33.02,17.95,6
IMO9579561,Almi Navigator,Tankers,NLRTM,Rotterdam,2019-08-10,2019-08-13,14,5149.0,51.92,4.47,7
IMO9579561,Almi Navigator,Tankers,NLRTM,Rotterdam,2021-09-21,2021-09-24,770,0.0,51.92,4.47,8
IMO9579561,Almi Navigator,Tankers,NLRTM,Rotterdam,2021-09-22,2021-09-25,1,0.0,51.92,4.47,9
IMO9579561,Almi Navigator,Tankers,QARLF,Ras Laffan,2021-11-25,2021-11-28,61,2628.7,25.92,51.53,10
IMO9579561,Almi Navigator,Tankers,NLRTM,Rotterdam,2021-12-12,2021-12-15,14,2628.7,51.92,4.47,11
IMO9579561,Almi Navigator,Tankers,AEFJR,Fujairah,2023-10-18,2023-10-21,672,2835.7,25.13,56.34,12
IMO9579561,Almi Navigator,Tankers,SGSIN,Singapore,2024-08-20,2024-08-23,304,3099.3,1.28,103.85,13
IMO9579561,Almi Navigator,Tankers,SARRT,Ras Tanura,2024-09-25,2024-09-28,33,3444.8,26.65,50.16,14
IMO9579561,Almi Navigator,Tankers,SARRT,Ras Tanura,2024-10-16,2024-10-19,18,0.0,26.65,50.16,15
IMO9579573,Delta Mariner,Tankers,KRUSN,Ulsan,2018-07-16,2018-07-19,14,0.0,35.5,129.38,1
IMO9579573,Delta Mariner,Tankers,CNNGB,Ningbo-Zhoushan,2018-08-02,2018-08-05,14,520.1,29.87,121.55,2
IMO9579573,Delta Mariner,Tankers,SGSIN,Singapore,2018-08-19,2018-08-22,14,1991.7,1.28,103.85,3
IMO9579573,Delta Mariner,Tankers,SGSIN,Singapore,2018-09-05,2018-09-08,14,0.0,1.28,103.85,4
IMO9579573,Delta Mariner,Tankers,SARRT,Ras Tanura,2021-06-10,2021-06-13,1006,3444.8,26.65,50.16,5
IMO9579573,Delta Mariner,Tankers,INSIK,Sikka / Jamnagar,2021-06-27,2021-06-30,14,1103.0,22.43,69.84,6
IMO9579585,Almi Voyager,Tankers,SGSIN,Singapore,2018-03-09,2018-03-12,14,0.0,1.28,103.85,1
IMO9579585,Almi Voyager,Tankers,INSIK,Sikka / Jamnagar,2018-03-26,2018-03-29,14,2355.7,22.43,69.84,2
IMO9579585,Almi Voyager,Tankers,SGSIN,Singapore,2018-04-12,2018-04-15,14,2355.7,1.28,103.85,3
IMO9579585,Almi Voyager,Tankers,SARRT,Ras Tanura,2020-01-20,2020-01-23,645,3444.8,26.65,50.16,4
IMO9579585,Almi Voyager,Tankers,USCRP,Corpus Christi,2023-04-02,2023-04-05,1165,7039.6,27.81,-97.39,5
IMO9579585,Almi Voyager,Tankers,NLRTM,Rotterdam,2023-04-24,2023-04-27,19,4516.2,51.92,4.47,6
IMO9579585,Almi Voyager,Tankers,SARRT,Ras Tanura,2023-06-15,2023-06-18,49,2547.4,26.65,50.16,7
IMO9579585,Almi Voyager,Tankers,USCRP,Corpus Christi,2025-05-15,2025-05-18,697,7039.6,27.81,-97.39,8
IMO9579585,Almi Voyager,Tankers,DZAZW,Arzew,2025-06-25,2025-06-28,38,4764.0,35.85,-0.31,9
IMO9579585,Almi Voyager,Tankers,NLRTM,Rotterdam,2025-09-11,2025-09-14,75,986.2,51.92,4.47,10
IMO9581203,Maran Antares,Tankers,SARRT,Ras Tanura,2019-12-16,2019-12-19,0,0.0,26.65,50.16,1
IMO9581203,Maran Antares,Tankers,SARRT,Ras Tanura,2020-05-04,2020-05-07,137,0.0,26.65,50.16,2
IMO9582795,HLS Citrine,LPG,USHOU,Houston,2023-01-26,2023-01-29,0,0.0,29.74,-95.27,1
IMO9582795,HLS Citrine,LPG,USHOU,Houston,2023-06-22,2023-06-25,144,0.0,29.74,-95.27,2
IMO9583192,Marie,LPG,USHOU,Houston,2022-01-27,2022-01-30,14,0.0,29.74,-95.27,1
IMO9583720,Almi Hydra,Tankers,CNNGB,Ningbo-Zhoushan,2021-05-27,2021-05-30,14,0.0,29.87,121.55,1
IMO9583720,Almi Hydra,Tankers,CNNGB,Ningbo-Zhoushan,2021-06-13,2021-06-16,14,0.0,29.87,121.55,2
IMO9583732,Almi Hercules,Tankers,INSIK,Sikka / Jamnagar,2021-05-13,2021-05-16,14,0.0,22.43,69.84,1
IMO9583732,Almi Hercules,Tankers,SAYNB,Yanbu,2021-05-18,2021-05-21,2,1752.1,24.09,38.06,2
IMO9583732,Almi Hercules,Tankers,KRUSN,Ulsan,2021-06-04,2021-06-07,14,4640.9,35.5,129.38,3
IMO9583732,Almi Hercules,Tankers,KRUSN,Ulsan,2021-06-21,2021-06-24,14,0.0,35.5,129.38,4
IMO9583732,Almi Hercules (C'lake),Tankers,KWMFA,Mina Al Ahmadi,2025-08-21,2025-08-24,0,0.0,29.07,48.15,1
IMO9584155,Challenger,LPG,USHOU,Houston,2022-12-09,2022-12-12,0,0.0,29.74,-95.27,1
IMO9584366,Jotagas,LPG,USHOU,Houston,2019-04-11,2019-04-14,0,0.0,29.74,-95.27,1
IMO9585194,Cosgold Lake,Tankers,KWMFA,Mina Al Ahmadi,2019-08-01,2019-08-04,0,0.0,29.07,48.15,1
IMO9585194,Cosgold Lake,Tankers,KRUSN,Ulsan,2019-08-18,2019-08-21,14,4023.0,35.5,129.38,2
IMO9585194,Cosgold Lake,Tankers,SARRT,Ras Tanura,2021-10-12,2021-10-15,783,4000.9,26.65,50.16,3
IMO9585871,Montesperanza,Tankers,SARRT,Ras Tanura,2020-09-18,2020-09-21,0,0.0,26.65,50.16,1
IMO9585871,Montesperanza,Tankers,CNQDG,Qingdao,2020-10-05,2020-10-08,14,3565.3,36.08,120.32,2
IMO9585871,Montesperanza,Tankers,DZAZW,Arzew,2021-10-13,2021-10-16,370,5365.3,35.85,-0.31,3
IMO9585871,Montesperanza,Tankers,DZAZW,Arzew,2023-09-21,2023-09-24,705,0.0,35.85,-0.31,4
IMO9585871,Montesperanza,Tankers,DZAZW,Arzew,2024-02-16,2024-02-19,145,0.0,35.85,-0.31,5
IMO9585871,Montesperanza,Tankers,USHOU,Houston,2024-03-06,2024-03-09,16,4606.4,29.74,-95.27,6
IMO9585871,Montesperanza,Tankers,AEFJR,Fujairah,2026-07-21,2026-07-24,864,7129.4,25.13,56.34,7
IMO9585883,Montestena,Tankers,SGSIN,Singapore,2018-07-11,2018-07-14,14,0.0,1.28,103.85,1
IMO9585883,Montestena,Tankers,SGSIN,Singapore,2018-07-28,2018-07-31,14,0.0,1.28,103.85,2
IMO9585883,Montestena Oo,Tankers,CNNGB,Ningbo-Zhoushan,2019-02-06,2019-02-09,14,0.0,29.87,121.55,1
IMO9585883,Montestena Oo,Tankers,CNNGB,Ningbo-Zhoushan,2019-02-23,2019-02-26,14,0.0,29.87,121.55,2
IMO9585883,Montestena,Tankers,DZAZW,Arzew,2020-07-06,2020-07-09,706,6044.3,35.85,-0.31,3
IMO9585883,Montestena,Tankers,NGBON,Bonny,2021-03-03,2021-03-06,237,1930.1,4.45,7.16,4
IMO9585883,Montestena,Tankers,DZAZW,Arzew,2022-01-16,2022-01-19,316,1930.1,35.85,-0.31,5
IMO9585883,Montestena,Tankers,DZAZW,Arzew,2022-09-07,2022-09-10,231,0.0,35.85,-0.31,6
IMO9585883,Montestena,Tankers,DZAZW,Arzew,2022-11-07,2022-11-10,58,0.0,35.85,-0.31,7
IMO9585895,Stena Supreme,Tankers,SGSIN,Singapore,2019-09-27,2019-09-30,14,0.0,1.28,103.85,1
IMO9585895,Stena Supreme,Tankers,SGSIN,Singapore,2019-10-14,2019-10-17,14,0.0,1.28,103.85,2
IMO9585895,Stena Supreme,Tankers,KRUSN,Ulsan,2019-10-31,2019-11-03,14,2499.7,35.5,129.38,3
IMO9585895,Stena Supreme,Tankers,SARRT,Ras Tanura,2020-10-12,2020-10-15,344,4000.9,26.65,50.16,4
IMO9585895,Stena Supreme,Tankers,NLRTM,Rotterdam,2021-08-20,2021-08-23,309,2547.4,51.92,4.47,5
IMO9585895,Stena Supreme,Tankers,SGSIN,Singapore,2021-09-06,2021-09-09,14,5689.2,1.28,103.85,6
IMO9585895,Stena Supreme,Tankers,DZAZW,Arzew,2022-01-30,2022-02-02,143,6044.3,35.85,-0.31,7
IMO9585895,Delta Supreme,Tankers,KRUSN,Ulsan,2022-07-27,2022-07-30,14,0.0,35.5,129.38,1
IMO9585895,Delta Supreme,Tankers,CNNGB,Ningbo-Zhoushan,2022-08-13,2022-08-16,14,520.1,29.87,121.55,2
IMO9585895,Delta Supreme,Tankers,CNNGB,Ningbo-Zhoushan,2022-08-30,2022-09-02,14,0.0,29.87,121.55,3
IMO9585900,Ast Sunshine,Tankers,CNNGB,Ningbo-Zhoushan,2018-03-06,2018-03-09,14,0.0,29.87,121.55,1
IMO9585900,Ast Sunshine,Tankers,AEFJR,Fujairah,2018-03-23,2018-03-26,14,3438.5,25.13,56.34,2
IMO9585900,Ast Sunshine,Tankers,SARRT,Ras Tanura,2021-05-04,2021-05-07,1135,346.0,26.65,50.16,3
IMO9587192,Dolviken,Tankers,QARLF,Ras Laffan,2020-09-17,2020-09-20,0,0.0,25.92,51.53,1
IMO9587192,Dolviken,Tankers,NLRTM,Rotterdam,2020-10-04,2020-10-07,14,2628.7,51.92,4.47,2
IMO9587192,Dolviken,Tankers,NLRTM,Rotterdam,2021-11-26,2021-11-29,415,0.0,51.92,4.47,3
IMO9587192,Advantage Sweet,Tankers,INSIK,Sikka / Jamnagar,2025-05-21,2025-05-24,0,0.0,22.43,69.84,1
IMO9587192,Advantage Sweet,Tankers,NLRTM,Rotterdam,2025-06-07,2025-06-10,14,3449.7,51.92,4.47,2
IMO9587207,Vinga,Tankers,CNNGB,Ningbo-Zhoushan,2018-11-30,2018-12-03,14,0.0,29.87,121.55,1
IMO9587207,Vinga,Tankers,SGSIN,Singapore,2018-12-17,2018-12-20,14,1991.7,1.28,103.85,2
IMO9587207,Seabliss,Tankers,RUPRI,Primorsk,2023-07-07,2023-07-10,0,0.0,60.36,28.61,1
IMO9587207,Seabliss,Tankers,INSIK,Sikka / Jamnagar,2023-07-24,2023-07-27,14,2852.7,22.43,69.84,2
IMO9587207,Seabliss,Tankers,SARRT,Ras Tanura,2024-03-27,2024-03-30,244,1103.0,26.65,50.16,3
IMO9587312,Kapsali,Tankers,NLRTM,Rotterdam,2018-01-30,2018-02-02,0,0.0,51.92,4.47,1
IMO9587312,Kapsali,Tankers,NLRTM,Rotterdam,2018-01-31,2018-02-03,1,5689.2,51.92,4.47,3
IMO9587312,Kapsali,Tankers,SGSIN,Singapore,2018-02-16,2018-02-19,14,5689.2,1.28,103.85,2
IMO9587312,Kapsali,Tankers,SGSIN,Singapore,2018-02-17,2018-02-20,14,5689.2,1.28,103.85,4
IMO9587312,Ce Bermuda,Tankers,DZAZW,Arzew,2018-09-28,2018-10-01,0,0.0,35.85,-0.31,1
IMO9587312,Ce Bermuda,Tankers,KWMFA,Mina Al Ahmadi,2018-11-01,2018-11-04,31,2463.5,29.07,48.15,2
IMO9587312,Kapsali,Tankers,DZAZW,Arzew,2019-05-22,2019-05-25,456,6044.3,35.85,-0.31,5
IMO9587312,Kapsali,Tankers,NLRTM,Rotterdam,2019-06-08,2019-06-11,14,986.2,51.92,4.47,6
IMO9587312,Ce Bermuda,Tankers,DZAZW,Arzew,2021-04-06,2021-04-09,884,2463.5,35.85,-0.31,3
IMO9587312,Kapsali,Tankers,SARRT,Ras Tanura,2022-09-08,2022-09-11,1185,2547.4,26.65,50.16,7
IMO9587312,Kapsali,Tankers,INSIK,Sikka / Jamnagar,2022-09-25,2022-09-28,14,1103.0,22.43,69.84,8
IMO9587312,Kapsali,Tankers,INSIK,Sikka / Jamnagar,2022-10-12,2022-10-15,14,0.0,22.43,69.84,9
IMO9587312,Kapsali,Tankers,SARRT,Ras Tanura,2023-11-22,2023-11-25,403,1103.0,26.65,50.16,10
IMO9587312,Kapsali,Tankers,SARRT,Ras Tanura,2024-11-20,2024-11-23,361,0.0,26.65,50.16,11
IMO9587312,Kapsali,Tankers,INSIK,Sikka / Jamnagar,2024-12-07,2024-12-10,14,1103.0,22.43,69.84,12
IMO9587312,Kapsali,Tankers,SARRT,Ras Tanura,2024-12-11,2024-12-14,1,1103.0,26.65,50.16,13
IMO9587312,Kapsali,Tankers,QARLF,Ras Laffan,2026-01-30,2026-02-02,412,85.8,25.92,51.53,14
IMO9588146,Brightway,Tankers,INSIK,Sikka / Jamnagar,2018-06-22,2018-06-25,14,0.0,22.43,69.84,1
IMO9588146,Brightway,Tankers,NLRTM,Rotterdam,2020-10-15,2020-10-18,843,3449.7,51.92,4.47,2
IMO9588146,Brightway,Tankers,SGSIN,Singapore,2020-11-01,2020-11-04,14,5689.2,1.28,103.85,3
IMO9588146,Brightway,Tankers,AEFJR,Fujairah,2020-12-04,2020-12-07,30,3099.3,25.13,56.34,4
IMO9588146,Brightway,Tankers,SARRT,Ras Tanura,2020-12-29,2021-01-01,22,346.0,26.65,50.16,5
IMO9588146,Brightway,Tankers,SARRT,Ras Tanura,2021-01-21,2021-01-24,20,0.0,26.65,50.16,6
IMO9588146,Brightway,Tankers,QARLF,Ras Laffan,2021-03-03,2021-03-06,38,85.8,25.92,51.53,7
IMO9588146,Brightway,Tankers,INSIK,Sikka / Jamnagar,2021-03-20,2021-03-23,14,1023.6,22.43,69.84,8
IMO9588146,Brightway,Tankers,DZAZW,Arzew,2022-09-16,2022-09-19,542,3689.7,35.85,-0.31,9
IMO9588146,Brightway,Tankers,DZAZW,Arzew,2023-01-18,2023-01-21,121,0.0,35.85,-0.31,10
IMO9588146,Brightway,Tankers,DZAZW,Arzew,2025-01-01,2025-01-04,711,0.0,35.85,-0.31,11
IMO9588146,Brightway,Tankers,USHOU,Houston,2025-05-27,2025-05-30,143,4606.4,29.74,-95.27,12
IMO9588158,White Moon,Tankers,SGSIN,Singapore,2018-08-20,2018-08-23,14,0.0,1.28,103.85,1
IMO9588158,White Moon,Tankers,NLRTM,Rotterdam,2018-09-06,2018-09-09,14,5689.2,51.92,4.47,2
IMO9588158,White Moon,Tankers,SARRT,Ras Tanura,2019-07-30,2019-08-02,324,2547.4,26.65,50.16,3
IMO9588158,White Moon,Tankers,DZAZW,Arzew,2019-10-03,2019-10-06,62,2619.7,35.85,-0.31,4
IMO9588158,White Moon,Tankers,CNNGB,Ningbo-Zhoushan,2019-10-20,2019-10-23,14,5676.8,29.87,121.55,5
IMO9588158,White Moon,Tankers,SGSIN,Singapore,2019-11-06,2019-11-09,14,1991.7,1.28,103.85,6
IMO9588158,White Moon,Tankers,USHOU,Houston,2020-03-30,2020-04-02,142,8646.3,29.74,-95.27,7
IMO9588158,White Moon,Tankers,NLRTM,Rotterdam,2020-04-16,2020-04-19,14,4355.9,51.92,4.47,8
IMO9588158,White Moon,Tankers,SGSIN,Singapore,2022-08-16,2022-08-19,849,5689.2,1.28,103.85,9
IMO9588158,White Moon,Tankers,ZASDB,Saldanha Bay,2022-09-02,2022-09-05,14,5239.3,-33.02,17.95,10
IMO9588158,White Moon,Tankers,DZAZW,Arzew,2026-03-17,2026-03-20,1289,4260.3,35.85,-0.31,11
IMO9588158,White Moon,Tankers,USHOU,Houston,2026-05-04,2026-05-07,45,4606.4,29.74,-95.27,12
IMO9588299,Maran Arcturus,Tankers,SARRT,Ras Tanura,2020-05-01,2020-05-04,0,0.0,26.65,50.16,1
IMO9588299,Maran Arcturus,Tankers,KWMFA,Mina Al Ahmadi,2021-02-03,2021-02-06,275,180.3,29.07,48.15,2
IMO9588299,Maran Arcturus*,Tankers,KWMFA,Mina Al Ahmadi,2025-07-31,2025-08-03,0,0.0,29.07,48.15,1
IMO9588299,Maran Arcturus (Trafi),Tankers,AEFJR,Fujairah,2026-07-07,2026-07-10,0,0.0,25.13,56.34,1
IMO9588392,Ilma,Tankers,NLRTM,Rotterdam,2022-03-03,2022-03-06,14,0.0,51.92,4.47,1
IMO9588392,Ilma,Tankers,KRUSN,Ulsan,2022-03-20,2022-03-23,14,4816.9,35.5,129.38,2
IMO9588445,Nordic Breeze,Tankers,DZAZW,Arzew,2018-01-30,2018-02-02,0,0.0,35.85,-0.31,1
IMO9588445,Nordic Breeze,Tankers,DZAZW,Arzew,2019-08-14,2019-08-17,558,0.0,35.85,-0.31,2
IMO9588445,Nordic Breeze,Tankers,SGSIN,Singapore,2019-08-31,2019-09-03,14,6044.3,1.28,103.85,3
IMO9588445,Nordic Breeze,Tankers,RUPRI,Primorsk,2020-04-24,2020-04-27,234,4901.7,60.36,28.61,4
IMO9588445,Nordic Breeze,Tankers,DZAZW,Arzew,2021-10-05,2021-10-08,526,1842.9,35.85,-0.31,5
IMO9588445,Nordic Breeze,Tankers,CNNGB,Ningbo-Zhoushan,2021-10-22,2021-10-25,14,5676.8,29.87,121.55,6
IMO9588445,Nordic Breeze,Tankers,USHOU,Houston,2023-06-15,2023-06-18,598,6654.6,29.74,-95.27,7
IMO9588445,Nordic Breeze,Tankers,DZAZW,Arzew,2023-08-16,2023-08-19,59,4606.4,35.85,-0.31,8
IMO9588469,Nordic Zenith,Tankers,ZASDB,Saldanha Bay,2020-06-29,2020-07-02,14,0.0,-33.02,17.95,1
IMO9588469,Nordic Zenith,Tankers,SGSIN,Singapore,2020-07-16,2020-07-19,14,5239.3,1.28,103.85,2
IMO9588469,Nordic Zenith,Tankers,SGSIN,Singapore,2020-08-02,2020-08-05,14,0.0,1.28,103.85,3
IMO9588469,Nordic Zenith,Tankers,SGSIN,Singapore,2021-11-22,2021-11-25,474,0.0,1.28,103.85,4
IMO9588469,Nordic Zenith,Tankers,SGSIN,Singapore,2021-12-09,2021-12-12,14,0.0,1.28,103.85,5
IMO9588469,Nordic Zenith,Tankers,DZAZW,Arzew,2025-02-20,2025-02-23,1166,6044.3,35.85,-0.31,6
IMO9589750,Melodia,Tankers,CNNGB,Ningbo-Zhoushan,2019-11-12,2019-11-15,14,0.0,29.87,121.55,1
IMO9589750,Melodia,Tankers,AEFJR,Fujairah,2019-11-29,2019-12-02,14,3438.5,25.13,56.34,2
IMO9589750,Melodia,Tankers,QARLF,Ras Laffan,2020-09-15,2020-09-18,288,264.9,25.92,51.53,3
IMO9589750,Melodia,Tankers,SARRT,Ras Tanura,2020-10-01,2020-10-04,13,85.8,26.65,50.16,4
IMO9589750,Melodia,Tankers,AEFJR,Fujairah,2020-10-18,2020-10-21,14,346.0,25.13,56.34,5
IMO9589750,Melodia,Tankers,SGSIN,Singapore,2020-11-04,2020-11-07,14,3099.3,1.28,103.85,6
IMO9589750,Melodia,Tankers,INSIK,Sikka / Jamnagar,2020-11-21,2020-11-24,14,2355.7,22.43,69.84,7
IMO9589750,Melodia,Tankers,QARLF,Ras Laffan,2020-11-24,2020-11-27,1,1023.6,25.92,51.53,8
IMO9589750,Melodia,Tankers,KRUSN,Ulsan,2020-12-11,2020-12-14,14,3958.1,35.5,129.38,9
IMO9589750,Melodia,Tankers,DZAZW,Arzew,2021-06-15,2021-06-18,183,5683.7,35.85,-0.31,10
IMO9589750,Melodia,Tankers,DZAZW,Arzew,2021-08-19,2021-08-22,62,0.0,35.85,-0.31,11
IMO9589750,Melodia,Tankers,DZAZW,Arzew,2021-09-24,2021-09-27,33,0.0,35.85,-0.31,12
IMO9589750,Melodia,Tankers,DZAZW,Arzew,2021-10-07,2021-10-10,10,0.0,35.85,-0.31,13
IMO9589750,Melodia,Tankers,KWMFA,Mina Al Ahmadi,2023-02-09,2023-02-12,487,2463.5,29.07,48.15,14
IMO9589750,Melodia,Tankers,AEFJR,Fujairah,2023-02-26,2023-03-01,14,497.4,25.13,56.34,15
IMO9590307,Red Moon,Tankers,SGSIN,Singapore,2018-07-06,2018-07-09,14,0.0,1.28,103.85,1
IMO9590307,Red Moon,Tankers,CNNGB,Ningbo-Zhoushan,2018-07-23,2018-07-26,14,1991.7,29.87,121.55,2
IMO9590307,Red Moon,Tankers,CNNGB,Ningbo-Zhoushan,2018-08-09,2018-08-12,14,0.0,29.87,121.55,3
IMO9590307,Red Moon,Tankers,NLRTM,Rotterdam,2020-09-17,2020-09-20,767,4890.7,51.92,4.47,4
IMO9590307,Red Moon,Tankers,SGSIN,Singapore,2020-10-04,2020-10-07,14,5689.2,1.28,103.85,5
IMO9590319,Fairway,Tankers,DZAZW,Arzew,2018-07-26,2018-07-29,0,0.0,35.85,-0.31,1
IMO9590319,Fairway,Tankers,CNNGB,Ningbo-Zhoushan,2018-08-12,2018-08-15,14,5676.8,29.87,121.55,2
IMO9590319,Fairway,Tankers,KWMFA,Mina Al Ahmadi,2020-01-16,2020-01-19,519,3765.1,29.07,48.15,3
IMO9590319,Fairway,Tankers,SGSIN,Singapore,2020-02-02,2020-02-05,14,3589.4,1.28,103.85,4
IMO9590319,Fairway,Tankers,DZAZW,Arzew,2020-06-09,2020-06-12,125,6044.3,35.85,-0.31,5
IMO9590319,Fairway,Tankers,SGSIN,Singapore,2020-06-26,2020-06-29,14,6044.3,1.28,103.85,6
IMO9590319,Fairway,Tankers,SARRT,Ras Tanura,2021-03-02,2021-03-05,246,3444.8,26.65,50.16,7
IMO9590319,Fairway,Tankers,NLRTM,Rotterdam,2021-05-07,2021-05-10,63,2547.4,51.92,4.47,8
IMO9590319,Fairway,Tankers,SGSIN,Singapore,2021-05-24,2021-05-27,14,5689.2,1.28,103.85,9
IMO9590319,Fairway,Tankers,INSIK,Sikka / Jamnagar,2021-06-10,2021-06-13,14,2355.7,22.43,69.84,10
IMO9590319,Fairway,Tankers,SGSIN,Singapore,2023-03-16,2023-03-19,641,2355.7,1.28,103.85,11
IMO9590319,Fairway,Tankers,DZAZW,Arzew,2025-04-30,2025-05-03,773,6044.3,35.85,-0.31,12
IMO9590319,Fairway,Tankers,DZAZW,Arzew,2025-08-18,2025-08-21,107,0.0,35.85,-0.31,13
IMO9590666,Eurospirit (11) o/o Eurohope (07),Tankers,INSIK,Sikka / Jamnagar,2021-10-06,2021-10-09,14,0.0,22.43,69.84,1
IMO9590682,Ottoman Tenacity,Tankers,CNNGB,Ningbo-Zhoushan,2018-09-17,2018-09-20,14,0.0,29.87,121.55,1
IMO9590682,Ottoman Tenacity,Tankers,INSIK,Sikka / Jamnagar,2018-10-04,2018-10-07,14,2799.7,22.43,69.84,2
IMO9590682,Ottoman Tenacity,Tankers,USCRP,Corpus Christi,2019-08-23,2019-08-26,320,7701.3,27.81,-97.39,3
IMO9590682,Ottoman Tenacity,Tankers,CNNGB,Ningbo-Zhoushan,2019-09-09,2019-09-12,14,6686.1,29.87,121.55,4
IMO9590682,Ottoman Tenacity,Tankers,SARRT,Ras Tanura,2024-03-14,2024-03-17,1645,3717.6,26.65,50.16,5
IMO9590682,Ottoman Tenacity,Tankers,DZAZW,Arzew,2024-06-11,2024-06-14,86,2619.7,35.85,-0.31,6
IMO9590682,Ottoman Tenacity,Tankers,ZASDB,Saldanha Bay,2024-06-28,2024-07-01,14,4260.3,-33.02,17.95,7
IMO9590856,Clipper Posh,LPG,USHOU,Houston,2022-02-10,2022-02-13,0,0.0,29.74,-95.27,1
IMO9590876,Maran Arethe,Tankers,KRUSN,Ulsan,2019-09-05,2019-09-08,14,0.0,35.5,129.38,1
IMO9590888,Dht Taiga,Tankers,SARRT,Ras Tanura,2020-07-07,2020-07-10,0,0.0,26.65,50.16,1
IMO9590888,Dht Taiga,Tankers,KWMFA,Mina Al Ahmadi,2022-12-12,2022-12-15,885,180.3,29.07,48.15,2
IMO9590888,Dht Taiga,Tankers,CNNGB,Ningbo-Zhoushan,2022-12-29,2023-01-01,14,3765.1,29.87,121.55,3
IMO9590888,Dht Taiga,Tankers,AEFJR,Fujairah,2026-04-23,2026-04-26,1208,3438.5,25.13,56.34,4
IMO9591284,Cosglad Lake,Tankers,SARRT,Ras Tanura,2021-06-08,2021-06-11,0,0.0,26.65,50.16,1
IMO9591284,Cosglad Lake,Tankers,SARRT,Ras Tanura,2024-02-13,2024-02-16,977,0.0,26.65,50.16,2
IMO9592214,Stena Sunrise,Tankers,CNNGB,Ningbo-Zhoushan,2018-04-20,2018-04-23,14,0.0,29.87,121.55,1
IMO9592214,Stena Sunrise,Tankers,NLRTM,Rotterdam,2018-10-17,2018-10-20,177,4890.7,51.92,4.47,2
IMO9592214,Stena Sunrise,Tankers,NLRTM,Rotterdam,2018-10-22,2018-10-25,1,5689.2,51.92,4.47,4
IMO9592214,Stena Sunrise,Tankers,SGSIN,Singapore,2018-11-03,2018-11-06,14,5689.2,1.28,103.85,3
IMO9592214,Stena Sunrise,Tankers,SGSIN,Singapore,2018-11-08,2018-11-11,14,5689.2,1.28,103.85,5
IMO9592214,Stena Sunrise,Tankers,SGSIN,Singapore,2018-11-25,2018-11-28,14,0.0,1.28,103.85,6
IMO9592214,Stena Sunrise,Tankers,CNNGB,Ningbo-Zhoushan,2018-12-12,2018-12-15,14,1991.7,29.87,121.55,7
IMO9592214,Stena Sunrise,Tankers,DZAZW,Arzew,2021-08-18,2021-08-21,977,5676.8,35.85,-0.31,8
IMO9592214,Stena Sunrise,Tankers,DZAZW,Arzew,2022-08-21,2022-08-24,365,0.0,35.85,-0.31,9
IMO9592214,Stena Sunrise,Tankers,SARRT,Ras Tanura,2023-07-10,2023-07-13,320,2619.7,26.65,50.16,10
IMO9593000,Atina,Tankers,SGSIN,Singapore,2018-04-17,2018-04-20,14,0.0,1.28,103.85,1
IMO9593000,Atina,Tankers,CNNGB,Ningbo-Zhoushan,2018-05-04,2018-05-07,14,1991.7,29.87,121.55,2
IMO9593000,Atina,Tankers,CNNGB,Ningbo-Zhoushan,2018-05-21,2018-05-24,14,0.0,29.87,121.55,3
IMO9593000,Atina,Tankers,SARRT,Ras Tanura,2019-10-18,2019-10-21,512,3717.6,26.65,50.16,4
IMO9593000,Atina,Tankers,NLRTM,Rotterdam,2019-12-02,2019-12-05,42,2547.4,51.92,4.47,5
IMO9593000,Atina,Tankers,SGSIN,Singapore,2019-12-19,2019-12-22,14,5689.2,1.28,103.85,6
IMO9593000,Atina,Tankers,SAYNB,Yanbu,2020-04-15,2020-04-18,115,4050.1,24.09,38.06,7
IMO9593000,Atina,Tankers,SGSIN,Singapore,2020-05-02,2020-05-05,14,4050.1,1.28,103.85,8
IMO9593000,Atina,Tankers,CNNGB,Ningbo-Zhoushan,2020-05-19,2020-05-22,14,1991.7,29.87,121.55,9
IMO9593000,Atina,Tankers,NLRTM,Rotterdam,2021-05-24,2021-05-27,367,4890.7,51.92,4.47,10
IMO9593000,Atina,Tankers,SGSIN,Singapore,2021-06-10,2021-06-13,14,5689.2,1.28,103.85,11
IMO9593000,Atina,Tankers,DZAZW,Arzew,2021-11-08,2021-11-11,148,6044.3,35.85,-0.31,12
IMO9593000,Sfl Thelon,Tankers,SAYNB,Yanbu,2023-01-29,2023-02-01,0,0.0,24.09,38.06,1
IMO9593000,Sfl Thelon,Tankers,NGBON,Bonny,2023-05-11,2023-05-14,99,2140.2,4.45,7.16,2
IMO9593000,Sfl Thelon,Tankers,NLRTM,Rotterdam,2023-05-28,2023-05-31,14,2853.3,51.92,4.47,3
IMO9593012,Istanbul,Tankers,SGSIN,Singapore,2019-06-07,2019-06-10,14,0.0,1.28,103.85,1
IMO9593012,Istanbul,Tankers,KRUSN,Ulsan,2019-06-24,2019-06-27,14,2499.7,35.5,129.38,2
IMO9593012,Istanbul,Tankers,NLRTM,Rotterdam,2019-07-11,2019-07-14,14,4816.9,51.92,4.47,3
IMO9593012,Istanbul,Tankers,SGSIN,Singapore,2019-07-28,2019-07-31,14,5689.2,1.28,103.85,4
IMO9593012,Istanbul,Tankers,SAYNB,Yanbu,2021-07-20,2021-07-23,720,4050.1,24.09,38.06,5
IMO9593012,Istanbul,Tankers,SAYNB,Yanbu,2022-01-13,2022-01-16,174,0.0,24.09,38.06,6
IMO9593012,Sfl Ottawa,Tankers,NGBON,Bonny,2022-11-22,2022-11-25,0,0.0,4.45,7.16,1
IMO9593191,Maran Cleo,Tankers,CNNGB,Ningbo-Zhoushan,2020-10-30,2020-11-02,14,0.0,29.87,121.55,1
IMO9593191,Maran Cleo,Tankers,SARRT,Ras Tanura,2025-06-23,2025-06-26,1694,3717.6,26.65,50.16,2
IMO9593206,Maran Libra o/o,Tankers,CNQDG,Qingdao,2019-08-30,2019-09-02,14,0.0,36.08,120.32,1
IMO9593206,Maran Libra,Tankers,INSIK,Sikka / Jamnagar,2019-10-28,2019-10-31,14,0.0,22.43,69.84,1
IMO9593206,Maran Libra,Tankers,KWMFA,Mina Al Ahmadi,2024-08-28,2024-08-31,1763,1236.5,29.07,48.15,2
IMO9593426,San Saba,Tankers,DZAZW,Arzew,2018-01-30,2018-02-02,0,0.0,35.85,-0.31,1
IMO9593426,San Saba,Tankers,CNNGB,Ningbo-Zhoushan,2018-02-16,2018-02-19,14,5676.8,29.87,121.55,2
IMO9593426,San Saba,Tankers,SAYNB,Yanbu,2019-11-01,2019-11-04,620,4380.6,24.09,38.06,3
IMO9593426,San Saba,Tankers,SGSIN,Singapore,2019-11-18,2019-11-21,14,4050.1,1.28,103.85,4
IMO9593426,San Saba,Tankers,SGSIN,Singapore,2019-12-05,2019-12-08,14,0.0,1.28,103.85,5
IMO9593426,San Saba,Tankers,ZASDB,Saldanha Bay,2020-09-06,2020-09-09,273,5239.3,-33.02,17.95,6
IMO9593426,Seaways San Saba,Tankers,USHOU,Houston,2022-10-13,2022-10-16,0,0.0,29.74,-95.27,1
IMO9593426,Seaways San Saba,Tankers,DZAZW,Arzew,2023-01-06,2023-01-09,82,4606.4,35.85,-0.31,2
IMO9593426,Seaways San Saba,Tankers,NGBON,Bonny,2023-02-05,2023-02-08,27,1930.1,4.45,7.16,3
IMO9593426,Seaways San Saba,Tankers,DZAZW,Arzew,2023-12-21,2023-12-24,316,1930.1,35.85,-0.31,4
IMO9593426,Seaways San Saba,Tankers,DZAZW,Arzew,2024-03-19,2024-03-22,86,0.0,35.85,-0.31,5
IMO9593426,Seaways San Saba,Tankers,DZAZW,Arzew,2024-04-04,2024-04-07,13,0.0,35.85,-0.31,6
IMO9593426,Seaways San Saba,Tankers,USHOU,Houston,2024-10-01,2024-10-04,177,4606.4,29.74,-95.27,7
IMO9593426,Seaways San Saba,Tankers,DZAZW,Arzew,2025-06-12,2025-06-15,251,4606.4,35.85,-0.31,8
IMO9593438,Rio Grande,Tankers,CNNGB,Ningbo-Zhoushan,2019-08-16,2019-08-19,14,0.0,29.87,121.55,1
IMO9593438,Rio Grande,Tankers,SARRT,Ras Tanura,2019-09-25,2019-09-28,37,3717.6,26.65,50.16,2
IMO9593438,Rio Grande,Tankers,SARRT,Ras Tanura,2021-03-17,2021-03-20,536,0.0,26.65,50.16,3
IMO9593438,Rio Grande,Tankers,SAYNB,Yanbu,2022-05-06,2022-05-09,412,673.9,24.09,38.06,4
IMO9593438,Seaways Rio Grande,Tankers,DZAZW,Arzew,2024-04-12,2024-04-15,0,0.0,35.85,-0.31,1
IMO9594133,Leni P,Tankers,DZAZW,Arzew,2018-03-21,2018-03-24,0,0.0,35.85,-0.31,1
IMO9594133,Leni P,Tankers,SARRT,Ras Tanura,2018-10-09,2018-10-12,199,2619.7,26.65,50.16,2
IMO9594133,Leni P,Tankers,SARRT,Ras Tanura,2018-10-17,2018-10-20,5,0.0,26.65,50.16,3
IMO9594133,Leni P.,Tankers,SARRT,Ras Tanura,2022-06-22,2022-06-25,0,0.0,26.65,50.16,1
IMO9594133,Leni P.,Tankers,RUPRI,Primorsk,2023-05-03,2023-05-06,312,2208.2,60.36,28.61,2
IMO9594133,Leni P.,Tankers,DZAZW,Arzew,2023-07-17,2023-07-20,72,1842.9,35.85,-0.31,3
IMO9594133,Leni P.,Tankers,NLRTM,Rotterdam,2024-04-10,2024-04-13,265,986.2,51.92,4.47,4
IMO9594133,Leni P.,Tankers,SARRT,Ras Tanura,2024-06-20,2024-06-23,68,2547.4,26.65,50.16,5
IMO9594133,Leni P.,Tankers,AEFJR,Fujairah,2024-07-07,2024-07-10,14,346.0,25.13,56.34,6
IMO9594133,Leni P.,Tankers,SAYNB,Yanbu,2024-07-24,2024-07-27,14,999.0,24.09,38.06,7
IMO9594133,Leni P.,Tankers,SAYNB,Yanbu,2024-08-10,2024-08-13,14,0.0,24.09,38.06,8
IMO9594133,Leni P.,Tankers,SAYNB,Yanbu,2026-01-26,2026-01-29,531,0.0,24.09,38.06,9
IMO9594731,Brazos,Tankers,INSIK,Sikka / Jamnagar,2019-08-02,2019-08-05,14,0.0,22.43,69.84,1
IMO9594731,Brazos,Tankers,SARRT,Ras Tanura,2019-08-20,2019-08-23,15,1103.0,26.65,50.16,2
IMO9594731,Brazos,Tankers,SARRT,Ras Tanura,2019-11-07,2019-11-10,76,0.0,26.65,50.16,3
IMO9594731,Brazos,Tankers,SARRT,Ras Tanura,2020-01-10,2020-01-13,61,0.0,26.65,50.16,4
IMO9594731,Brazos,Tankers,NLRTM,Rotterdam,2020-01-27,2020-01-30,14,2547.4,51.92,4.47,5
IMO9594731,Brazos,Tankers,CNQDG,Qingdao,2020-02-13,2020-02-16,14,4547.8,36.08,120.32,6
IMO9594731,Seaways Brazos,Tankers,USHOU,Houston,2023-11-20,2023-11-23,0,0.0,29.74,-95.27,1
IMO9594743,Pecos,Tankers,NLRTM,Rotterdam,2018-05-16,2018-05-19,0,0.0,51.92,4.47,1
IMO9594743,Pecos,Tankers,SGSIN,Singapore,2018-06-02,2018-06-05,14,5689.2,1.28,103.85,2
IMO9594743,Pecos,Tankers,SGSIN,Singapore,2018-06-19,2018-06-22,14,0.0,1.28,103.85,3
IMO9594743,Pecos,Tankers,DZAZW,Arzew,2021-01-27,2021-01-30,950,6044.3,35.85,-0.31,4
IMO9594743,Pecos,Tankers,DZAZW,Arzew,2021-02-02,2021-02-05,3,0.0,35.85,-0.31,5
IMO9594743,Pecos,Tankers,DZAZW,Arzew,2021-10-05,2021-10-08,242,0.0,35.85,-0.31,6
IMO9594743,Seaways Pecos,Tankers,USCRP,Corpus Christi,2022-09-14,2022-09-17,0,0.0,27.81,-97.39,1
IMO9594743,Seaways Pecos,Tankers,NLRTM,Rotterdam,2022-12-11,2022-12-14,85,4516.2,51.92,4.47,2
IMO9594743,Seaways Pecos,Tankers,USCRP,Corpus Christi,2022-12-28,2022-12-31,14,4516.2,27.81,-97.39,3
IMO9594743,Seaways Pecos,Tankers,USHOU,Houston,2023-01-16,2023-01-19,16,160.8,29.74,-95.27,4
IMO9594743,Seaways Pecos,Tankers,DZAZW,Arzew,2024-01-18,2024-01-21,364,4606.4,35.85,-0.31,5
IMO9594743,Seaways Pecos,Tankers,SGSIN,Singapore,2024-02-04,2024-02-07,14,6044.3,1.28,103.85,6
IMO9594755,Sabine,Tankers,SGSIN,Singapore,2018-08-23,2018-08-26,14,0.0,1.28,103.85,1
IMO9594755,Sabine,Tankers,DZAZW,Arzew,2019-08-02,2019-08-05,341,6044.3,35.85,-0.31,2
IMO9594755,Sabine,Tankers,SGSIN,Singapore,2019-08-19,2019-08-22,14,6044.3,1.28,103.85,3
IMO9594755,Seaways Sabine,Tankers,AEFJR,Fujairah,2022-09-06,2022-09-09,0,0.0,25.13,56.34,1
IMO9594755,Seaways Sabine,Tankers,NLRTM,Rotterdam,2023-01-10,2023-01-13,123,2835.7,51.92,4.47,2
IMO9594755,Seaways Sabine,Tankers,DZAZW,Arzew,2023-01-11,2023-01-14,1,986.2,35.85,-0.31,3
IMO9594755,Seaways Sabine,Tankers,DZAZW,Arzew,2023-02-17,2023-02-20,34,0.0,35.85,-0.31,4
IMO9594755,Seaways Sabine,Tankers,USCRP,Corpus Christi,2023-07-20,2023-07-23,150,4764.0,27.81,-97.39,5
IMO9594755,Seaways Sabine,Tankers,DZAZW,Arzew,2024-08-13,2024-08-16,387,4764.0,35.85,-0.31,6
IMO9594767,Colorado,Tankers,SGSIN,Singapore,2018-12-10,2018-12-13,14,0.0,1.28,103.85,1
IMO9594767,Colorado,Tankers,DZAZW,Arzew,2019-05-21,2019-05-24,159,6044.3,35.85,-0.31,2
IMO9594767,Colorado,Tankers,DZAZW,Arzew,2019-08-27,2019-08-30,95,0.0,35.85,-0.31,3
IMO9594767,Colorado,Tankers,DZAZW,Arzew,2019-09-10,2019-09-13,11,0.0,35.85,-0.31,4
IMO9594767,Colorado,Tankers,SGSIN,Singapore,2019-09-27,2019-09-30,14,6044.3,1.28,103.85,5
IMO9594767,Colorado,Tankers,USHOU,Houston,2020-05-08,2020-05-11,221,8646.3,29.74,-95.27,6
IMO9594767,Colorado,Tankers,NLRTM,Rotterdam,2020-05-25,2020-05-28,14,4355.9,51.92,4.47,7
IMO9594767,Colorado,Tankers,DZAZW,Arzew,2022-08-04,2022-08-07,798,986.2,35.85,-0.31,8
IMO9594767,Seaways Colorado,Tankers,DZAZW,Arzew,2025-01-06,2025-01-09,0,0.0,35.85,-0.31,1
IMO9594779,London Spirit,Tankers,DZAZW,Arzew,2018-08-14,2018-08-17,0,0.0,35.85,-0.31,1
IMO9594779,London Spirit,Tankers,SARRT,Ras Tanura,2019-10-09,2019-10-12,418,2619.7,26.65,50.16,2
IMO9594779,London Spirit,Tankers,SAYNB,Yanbu,2023-03-21,2023-03-24,1256,673.9,24.09,38.06,3
IMO9594779,London Spirit,Tankers,USCRP,Corpus Christi,2025-02-26,2025-03-01,705,6763.2,27.81,-97.39,4
IMO9594779,LONDON SPIRIT,Tankers,ZASDB,Saldanha Bay,2025-05-13,2025-05-16,14,0.0,-33.02,17.95,1
IMO9594781,Sydney Spirit,Tankers,ZASDB,Saldanha Bay,2018-11-22,2018-11-25,14,0.0,-33.02,17.95,1
IMO9594781,Sydney Spirit,Tankers,ZASDB,Saldanha Bay,2018-12-09,2018-12-12,14,0.0,-33.02,17.95,2
IMO9594781,Sydney Spirit,Tankers,NGBON,Bonny,2019-07-23,2019-07-26,223,2332.0,4.45,7.16,3
IMO9594781,Sydney Spirit,Tankers,NLRTM,Rotterdam,2019-08-26,2019-08-29,31,2853.3,51.92,4.47,4
IMO9594781,Sydney Spirit,Tankers,SAYNB,Yanbu,2022-05-04,2022-05-07,979,2268.6,24.09,38.06,5
IMO9594781,Sydney Spirit,Tankers,USCRP,Corpus Christi,2023-03-12,2023-03-15,309,6763.2,27.81,-97.39,6
IMO9594781,Sydney Spirit,Tankers,NLRTM,Rotterdam,2023-03-29,2023-04-01,14,4516.2,51.92,4.47,7
IMO9594781,Sydney Spirit,Tankers,NLRTM,Rotterdam,2023-04-15,2023-04-18,14,0.0,51.92,4.47,8
IMO9594781,Sydney Spirit,Tankers,SARRT,Ras Tanura,2025-10-07,2025-10-10,903,2547.4,26.65,50.16,9
IMO9594793,Athens Spirit,Tankers,ZASDB,Saldanha Bay,2019-01-02,2019-01-05,14,0.0,-33.02,17.95,1
IMO9594793,Athens Spirit,Tankers,SGSIN,Singapore,2019-01-19,2019-01-22,14,5239.3,1.28,103.85,2
IMO9594793,Athens Spirit,Tankers,SARRT,Ras Tanura,2020-09-24,2020-09-27,611,3444.8,26.65,50.16,3
IMO9594793,Athens Spirit,Tankers,AEFJR,Fujairah,2020-10-29,2020-11-01,32,346.0,25.13,56.34,4
IMO9594793,Athens Spirit,Tankers,KRUSN,Ulsan,2020-11-15,2020-11-18,14,3753.1,35.5,129.38,5
IMO9594793,Athens Spirit,Tankers,SARRT,Ras Tanura,2021-11-12,2021-11-15,359,4000.9,26.65,50.16,6
IMO9594793,Athens Spirit,Tankers,NLRTM,Rotterdam,2022-01-06,2022-01-09,52,2547.4,51.92,4.47,7
IMO9594793,Athens Spirit,Tankers,SARRT,Ras Tanura,2022-08-15,2022-08-18,218,2547.4,26.65,50.16,8
IMO9594793,Athens Spirit,Tankers,SAYNB,Yanbu,2022-09-07,2022-09-10,20,673.9,24.09,38.06,9
IMO9594793,Athens Spirit,Tankers,SARRT,Ras Tanura,2022-09-13,2022-09-16,3,673.9,26.65,50.16,10
IMO9594793,Athens Spirit,Tankers,CNNGB,Ningbo-Zhoushan,2022-09-30,2022-10-03,14,3717.6,29.87,121.55,11
IMO9594822,Eagle San Antonio,Tankers,DZAZW,Arzew,2019-01-16,2019-01-19,0,0.0,35.85,-0.31,1
IMO9594822,Eagle San Antonio,Tankers,SGSIN,Singapore,2019-02-02,2019-02-05,14,6044.3,1.28,103.85,2
IMO9594822,Eagle San Antonio,Tankers,AEFJR,Fujairah,2022-02-16,2022-02-19,1107,3099.3,25.13,56.34,3
IMO9594822,Eagle San Antonio,Tankers,NLRTM,Rotterdam,2022-03-05,2022-03-08,14,2835.7,51.92,4.47,4
IMO9594834,Eagle San Diego,Tankers,USHOU,Houston,2019-09-06,2019-09-09,0,0.0,29.74,-95.27,1
IMO9594834,Eagle San Diego,Tankers,DZAZW,Arzew,2025-11-14,2025-11-17,2258,4606.4,35.85,-0.31,2
IMO9594846,Eagle San Juan,Tankers,USCRP,Corpus Christi,2023-03-13,2023-03-16,0,0.0,27.81,-97.39,1
IMO9594858,Eagle San Pedro,Tankers,CNNGB,Ningbo-Zhoushan,2019-01-22,2019-01-25,14,0.0,29.87,121.55,1
IMO9594858,Eagle San Pedro,Tankers,CNNGB,Ningbo-Zhoushan,2019-02-08,2019-02-11,14,0.0,29.87,121.55,2
IMO9594858,Eagle San Pedro,Tankers,USHOU,Houston,2019-06-24,2019-06-27,133,6654.6,29.74,-95.27,3
IMO9594858,Eagle San Pedro,Tankers,NLRTM,Rotterdam,2019-07-11,2019-07-14,14,4355.9,51.92,4.47,4
IMO9594858,Eagle San Pedro,Tankers,SGSIN,Singapore,2019-07-28,2019-07-31,14,5689.2,1.28,103.85,5
IMO9594858,Eagle San Pedro,Tankers,DZAZW,Arzew,2022-04-01,2022-04-04,975,6044.3,35.85,-0.31,6
IMO9594858,Eagle San Pedro,Tankers,USHOU,Houston,2022-09-29,2022-10-02,178,4606.4,29.74,-95.27,7
IMO9594858,Eagle San Pedro,Tankers,USHOU,Houston,2022-10-06,2022-10-09,4,0.0,29.74,-95.27,8
IMO9594858,Eagle San Pedro,Tankers,USHOU,Houston,2025-10-02,2025-10-05,1089,0.0,29.74,-95.27,9
IMO9595011,Ayame,LPG,QARLF,Ras Laffan,2019-09-05,2019-09-08,0,0.0,25.92,51.53,1
IMO9595011,Ayame,LPG,SARRT,Ras Tanura,2020-07-09,2020-07-12,305,85.8,26.65,50.16,2
IMO9595011,Ayame,LPG,QARLF,Ras Laffan,2021-01-07,2021-01-10,179,85.8,25.92,51.53,3
IMO9595011,Ayame,LPG,KWMFA,Mina Al Ahmadi,2021-10-14,2021-10-17,277,261.1,29.07,48.15,4
IMO9595011,Ayame,LPG,QARLF,Ras Laffan,2021-11-25,2021-11-28,39,261.1,25.92,51.53,5
IMO9595011,Ayame,LPG,USHOU,Houston,2022-03-31,2022-04-03,123,6958.0,29.74,-95.27,6
IMO9595216,Boston,Tankers,KWMFA,Mina Al Ahmadi,2020-02-19,2020-02-22,0,0.0,29.07,48.15,1
IMO9595216,Boston,Tankers,SARRT,Ras Tanura,2020-03-10,2020-03-13,17,180.3,26.65,50.16,2
IMO9595216,Boston,Tankers,INSIK,Sikka / Jamnagar,2020-03-27,2020-03-30,14,1103.0,22.43,69.84,3
IMO9595216,Boston,Tankers,INSIK,Sikka / Jamnagar,2020-04-13,2020-04-16,14,0.0,22.43,69.84,4
IMO9595216,Boston o/o,Tankers,SARRT,Ras Tanura,2020-09-09,2020-09-12,0,0.0,26.65,50.16,1
IMO9595216,Boston o/o,Tankers,KWMFA,Mina Al Ahmadi,2020-10-07,2020-10-10,25,180.3,29.07,48.15,2
IMO9595216,Boston,Tankers,SARRT,Ras Tanura,2023-02-17,2023-02-20,1037,1103.0,26.65,50.16,5
IMO9595216,Boston,Tankers,SGSIN,Singapore,2023-03-06,2023-03-09,14,3444.8,1.28,103.85,6
IMO9595216,Boston,Tankers,SARRT,Ras Tanura,2025-03-03,2025-03-06,725,3444.8,26.65,50.16,7
IMO9595216,Boston,Tankers,INSIK,Sikka / Jamnagar,2025-03-20,2025-03-23,14,1103.0,22.43,69.84,8
IMO9595228,Dalian,Tankers,SARRT,Ras Tanura,2020-03-10,2020-03-13,0,0.0,26.65,50.16,1
IMO9595228,Dalian,Tankers,CNNGB,Ningbo-Zhoushan,2020-03-27,2020-03-30,14,3717.6,29.87,121.55,2
IMO9595228,Dalian,Tankers,CNNGB,Ningbo-Zhoushan,2020-04-13,2020-04-16,14,0.0,29.87,121.55,3
IMO9595228,Dalian,Tankers,SAYNB,Yanbu,2024-07-31,2024-08-03,1567,4380.6,24.09,38.06,4
IMO9595228,Dalian,Tankers,SARRT,Ras Tanura,2025-09-23,2025-09-26,416,673.9,26.65,50.16,5
IMO9595333,Aura M,Tankers,USCRP,Corpus Christi,2022-05-16,2022-05-19,0,0.0,27.81,-97.39,1
IMO9595618,C. Innovator,Tankers,KRUSN,Ulsan,2025-04-02,2025-04-05,14,0.0,35.5,129.38,1
IMO9595620,C. Challenger,Tankers,SARRT,Ras Tanura,2023-02-23,2023-02-26,0,0.0,26.65,50.16,1
IMO9595620,C. Challenger,Tankers,KWMFA,Mina Al Ahmadi,2023-12-13,2023-12-16,290,180.3,29.07,48.15,2
IMO9595620,C. Challenger,Tankers,CNQDG,Qingdao,2023-12-30,2024-01-02,14,3592.8,36.08,120.32,3
IMO9595620,C. Challenger,Tankers,KRUSN,Ulsan,2024-01-16,2024-01-19,14,442.5,35.5,129.38,4
IMO9595620,C. Challenger,Tankers,KRUSN,Ulsan,2024-02-02,2024-02-05,14,0.0,35.5,129.38,5
IMO9595620,C. Challenger,Tankers,KRUSN,Ulsan,2024-02-19,2024-02-22,14,0.0,35.5,129.38,6
IMO9595620,C. Challenger,Tankers,KRUSN,Ulsan,2024-03-07,2024-03-10,14,0.0,35.5,129.38,7
IMO9595620,C. Challenger,Tankers,KRUSN,Ulsan,2024-03-24,2024-03-27,14,0.0,35.5,129.38,8
IMO9595620,C. Challenger,Tankers,KRUSN,Ulsan,2024-04-10,2024-04-13,14,0.0,35.5,129.38,9
IMO9595620,C. Challenger,Tankers,AEFJR,Fujairah,2026-07-14,2026-07-17,822,3753.1,25.13,56.34,10
IMO9595620,C. Challenger,Tankers,KRUSN,Ulsan,2026-07-31,2026-08-03,14,3753.1,35.5,129.38,11
IMO9596374,SOPHIA,Dry Bulk,CNRZH,Rizhao,2025-02-04,2025-02-07,0,0.0,35.42,119.53,1
IMO9596374,SOPHIA,Dry Bulk,CNRZH,Rizhao,2025-02-11,2025-02-14,4,0.0,35.42,119.53,2
IMO9596947,Houston,Tankers,SARRT,Ras Tanura,2019-10-17,2019-10-20,0,0.0,26.65,50.16,1
IMO9596947,Dynacom TBN,Tankers,KWMFA,Mina Al Ahmadi,2019-11-13,2019-11-16,0,0.0,29.07,48.15,1
IMO9596947,Houston,Tankers,SARRT,Ras Tanura,2019-11-20,2019-11-23,31,0.0,26.65,50.16,2
IMO9596947,Dynacom TBN,Tankers,QARLF,Ras Laffan,2019-11-29,2019-12-02,13,261.1,25.92,51.53,2
IMO9596947,Dynacom TBN,Tankers,SARRT,Ras Tanura,2019-12-24,2019-12-27,22,85.8,26.65,50.16,3
IMO9596947,Dynacom TBN,Tankers,INSIK,Sikka / Jamnagar,2020-01-10,2020-01-13,14,1103.0,22.43,69.84,4
IMO9596947,Dynacom TBN,Tankers,INSIK,Sikka / Jamnagar,2020-01-27,2020-01-30,14,0.0,22.43,69.84,5
IMO9596947,Dynacom TBN,Tankers,INSIK,Sikka / Jamnagar,2020-02-13,2020-02-16,14,0.0,22.43,69.84,6
IMO9596947,Dynacom TBN,Tankers,INSIK,Sikka / Jamnagar,2020-03-01,2020-03-04,14,0.0,22.43,69.84,7
IMO9596947,Houston,Tankers,SGSIN,Singapore,2020-05-14,2020-05-17,173,3444.8,1.28,103.85,3
IMO9596947,Houston,Tankers,NGBON,Bonny,2020-10-06,2020-10-09,142,5798.0,4.45,7.16,4
IMO9596947,Houston,Tankers,NGBON,Bonny,2020-12-31,2021-01-03,83,0.0,4.45,7.16,5
IMO9596947,Houston,Tankers,SGSIN,Singapore,2021-01-17,2021-01-20,14,5798.0,1.28,103.85,6
IMO9596947,Dynacom TBN,Tankers,SARRT,Ras Tanura,2023-05-26,2023-05-29,1178,1103.0,26.65,50.16,8
IMO9596947,Dynacom TBN,Tankers,AEFJR,Fujairah,2023-06-12,2023-06-15,14,346.0,25.13,56.34,9
IMO9596947,Dynacom TBN,Tankers,SARRT,Ras Tanura,2024-05-22,2024-05-25,342,346.0,26.65,50.16,10
IMO9596947,Dynacom TBN,Tankers,INSIK,Sikka / Jamnagar,2024-06-08,2024-06-11,14,1103.0,22.43,69.84,11
IMO9596947,Houston,Tankers,AEFJR,Fujairah,2025-11-20,2025-11-23,1765,3099.3,25.13,56.34,7
IMO9596947,Houston,Tankers,SARRT,Ras Tanura,2026-01-23,2026-01-26,61,346.0,26.65,50.16,8
IMO9596973,Red,Tankers,SGSIN,Singapore,2018-07-25,2018-07-28,14,0.0,1.28,103.85,1
IMO9596973,Red,Tankers,SGSIN,Singapore,2018-08-11,2018-08-14,14,0.0,1.28,103.85,2
IMO9596973,Red,Tankers,SGSIN,Singapore,2018-08-28,2018-08-31,14,0.0,1.28,103.85,3
IMO9596973,Red,Tankers,NLRTM,Rotterdam,2021-08-05,2021-08-08,1070,5689.2,51.92,4.47,4
IMO9596973,Red,Tankers,DZAZW,Arzew,2021-10-13,2021-10-16,66,986.2,35.85,-0.31,5
IMO9596973,Seaways Red,Tankers,SARRT,Ras Tanura,2023-02-23,2023-02-26,0,0.0,26.65,50.16,1
IMO9596973,Seaways Red,Tankers,SGSIN,Singapore,2023-03-12,2023-03-15,14,3444.8,1.28,103.85,2
IMO9596973,Seaways Red,Tankers,DZAZW,Arzew,2023-08-03,2023-08-06,141,6044.3,35.85,-0.31,3
IMO9596985,Frio,Tankers,SGSIN,Singapore,2018-02-14,2018-02-17,14,0.0,1.28,103.85,1
IMO9596985,Frio,Tankers,SGSIN,Singapore,2018-03-03,2018-03-06,14,0.0,1.28,103.85,2
IMO9596985,Frio,Tankers,SGSIN,Singapore,2018-03-20,2018-03-23,14,0.0,1.28,103.85,3
IMO9596985,Frio,Tankers,NLRTM,Rotterdam,2018-10-16,2018-10-19,207,5689.2,51.92,4.47,4
IMO9596985,Frio,Tankers,NLRTM,Rotterdam,2018-10-30,2018-11-02,1,5689.2,51.92,4.47,6
IMO9596985,Frio,Tankers,SGSIN,Singapore,2018-11-02,2018-11-05,14,5689.2,1.28,103.85,5
IMO9596985,Frio,Tankers,SGSIN,Singapore,2018-11-16,2018-11-19,14,5689.2,1.28,103.85,7
IMO9596985,Frio,Tankers,USCRP,Corpus Christi,2019-07-08,2019-07-11,231,8673.9,27.81,-97.39,8
IMO9596985,Frio,Tankers,SARRT,Ras Tanura,2021-01-29,2021-02-01,568,7039.6,26.65,50.16,9
IMO9596985,Frio,Tankers,INSIK,Sikka / Jamnagar,2021-02-15,2021-02-18,14,1103.0,22.43,69.84,10
IMO9596985,Seaways Frio,Tankers,DZAZW,Arzew,2023-04-12,2023-04-15,0,0.0,35.85,-0.31,1
IMO9596985,Seaways Frio,Tankers,DZAZW,Arzew,2023-06-02,2023-06-05,48,0.0,35.85,-0.31,2
IMO9596985,Seaways Frio,Tankers,NLRTM,Rotterdam,2023-06-19,2023-06-22,14,986.2,51.92,4.47,3
IMO9597006,Fleves Oo Pola,Tankers,AEFJR,Fujairah,2018-11-28,2018-12-01,14,0.0,25.13,56.34,1
IMO9597006,Fleves O/O,Tankers,SARRT,Ras Tanura,2019-01-02,2019-01-05,0,0.0,26.65,50.16,1
IMO9597006,Fleves,Tankers,SARRT,Ras Tanura,2019-01-22,2019-01-25,0,0.0,26.65,50.16,1
IMO9597006,Fleves,Tankers,ZASDB,Saldanha Bay,2019-02-08,2019-02-11,14,4026.8,-33.02,17.95,2
IMO9597006,Fleves,Tankers,INSIK,Sikka / Jamnagar,2019-02-25,2019-02-28,14,4461.7,22.43,69.84,3
IMO9597006,Fleves,Tankers,INSIK,Sikka / Jamnagar,2019-03-14,2019-03-17,14,0.0,22.43,69.84,4
IMO9597006,Fleves,Tankers,AEFJR,Fujairah,2021-05-12,2021-05-15,787,758.9,25.13,56.34,5
IMO9597006,Fleves,Tankers,KWMFA,Mina Al Ahmadi,2023-02-13,2023-02-16,639,497.4,29.07,48.15,6
IMO9597006,Fleves,Tankers,RUPRI,Primorsk,2023-07-17,2023-07-20,151,2037.6,60.36,28.61,7
IMO9597006,Fleves,Tankers,SARRT,Ras Tanura,2023-11-28,2023-12-01,131,2208.2,26.65,50.16,8
IMO9597006,Fleves,Tankers,INSIK,Sikka / Jamnagar,2023-12-15,2023-12-18,14,1103.0,22.43,69.84,9
IMO9597006,Fleves,Tankers,AEFJR,Fujairah,2024-01-01,2024-01-04,14,758.9,25.13,56.34,10
IMO9597006,Fleves,Tankers,SARRT,Ras Tanura,2024-08-07,2024-08-10,216,346.0,26.65,50.16,11
IMO9597006,Fleves,Tankers,SARRT,Ras Tanura,2024-09-11,2024-09-14,32,0.0,26.65,50.16,12
IMO9597006,Fleves,Tankers,SARRT,Ras Tanura,2025-09-01,2025-09-04,352,0.0,26.65,50.16,13
IMO9597018,Agistri,Tankers,SARRT,Ras Tanura,2018-05-07,2018-05-10,0,0.0,26.65,50.16,1
IMO9597018,Agistri,Tankers,SARRT,Ras Tanura,2019-06-19,2019-06-22,405,0.0,26.65,50.16,2
IMO9597018,Agistri,Tankers,CNNGB,Ningbo-Zhoushan,2019-07-06,2019-07-09,14,3717.6,29.87,121.55,3
IMO9597018,Agistri,Tankers,QARLF,Ras Laffan,2020-06-16,2020-06-19,343,3664.9,25.92,51.53,4
IMO9597018,Agistri,Tankers,SARRT,Ras Tanura,2020-08-31,2020-09-03,73,85.8,26.65,50.16,5
IMO9597018,Agistri,Tankers,SARRT,Ras Tanura,2020-09-29,2020-10-02,26,0.0,26.65,50.16,6
IMO9597018,Agistri,Tankers,SARRT,Ras Tanura,2021-06-21,2021-06-24,262,0.0,26.65,50.16,7
IMO9597018,Agistri,Tankers,SARRT,Ras Tanura,2021-07-05,2021-07-08,11,0.0,26.65,50.16,8
IMO9597018,Agistri,Tankers,CNQDG,Qingdao,2021-07-22,2021-07-25,14,3565.3,36.08,120.32,9
IMO9597018,Agistri,Tankers,SARRT,Ras Tanura,2023-02-21,2023-02-24,576,3565.3,26.65,50.16,10
IMO9597018,Agistri,Tankers,SGSIN,Singapore,2023-09-12,2023-09-15,200,3444.8,1.28,103.85,11
IMO9597240,Eagle Vancouver,Tankers,SGSIN,Singapore,2023-06-16,2023-06-19,14,0.0,1.28,103.85,1
IMO9597252,Eagle Varna,Tankers,JPCHB,Chiba,2025-03-10,2025-03-13,14,0.0,35.6,140.1,1
IMO9597264,Eagle Verona,Tankers,KRUSN,Ulsan,2019-12-26,2019-12-29,14,0.0,35.5,129.38,1
IMO9597264,Eagle Verona,Tankers,CNNGB,Ningbo-Zhoushan,2020-01-12,2020-01-15,14,520.1,29.87,121.55,2
IMO9597264,Eagle Verona,Tankers,SARRT,Ras Tanura,2020-12-29,2021-01-01,349,3717.6,26.65,50.16,3
IMO9597264,Eagle Verona,Tankers,SARRT,Ras Tanura,2021-05-10,2021-05-13,129,0.0,26.65,50.16,4
IMO9597264,Eagle Verona,Tankers,SARRT,Ras Tanura,2021-07-02,2021-07-05,50,0.0,26.65,50.16,5
IMO9597264,Eagle Verona,Tankers,KWMFA,Mina Al Ahmadi,2022-03-14,2022-03-17,252,180.3,29.07,48.15,6
IMO9597270,Chinagas Legend,LPG,USHOU,Houston,2023-07-13,2023-07-16,0,0.0,29.74,-95.27,1
IMO9597276,Eagle Versailles (P66),Tankers,SGSIN,Singapore,2019-08-20,2019-08-23,14,0.0,1.28,103.85,1
IMO9597276,Eagle Versailles,Tankers,SARRT,Ras Tanura,2021-12-31,2022-01-03,0,0.0,26.65,50.16,1
IMO9599630,Linda Kosan,LPG,NLRTM,Rotterdam,2022-11-17,2022-11-20,14,0.0,51.92,4.47,1
IMO9600528,Gaslog Shanghai,LNG,QARLF,Ras Laffan,2019-04-30,2019-05-03,0,0.0,25.92,51.53,1
IMO9600528,Gaslog Shanghai,LNG,QARLF,Ras Laffan,2019-05-17,2019-05-20,14,0.0,25.92,51.53,2
IMO9600528,Gaslog Shanghai,LNG,QARLF,Ras Laffan,2020-09-22,2020-09-25,491,0.0,25.92,51.53,3
IMO9600528,Gaslog Shanghai,LNG,QARLF,Ras Laffan,2020-10-09,2020-10-12,14,0.0,25.92,51.53,4
IMO9600530,Gaslog Santiago,LNG,AEFJR,Fujairah,2022-07-19,2022-07-22,0,0.0,25.13,56.34,1
IMO9600530,Gaslog Santiago,LNG,AEFJR,Fujairah,2022-08-05,2022-08-08,14,0.0,25.13,56.34,2
IMO9600530,Gaslog Santiago,LNG,DZAZW,Arzew,2023-11-10,2023-11-13,459,2959.8,35.85,-0.31,3
IMO9600530,Gaslog Santiago,LNG,DZAZW,Arzew,2023-11-27,2023-11-30,14,0.0,35.85,-0.31,4
IMO9600865,Nantucket,Tankers,NLRTM,Rotterdam,2018-06-25,2018-06-28,14,0.0,51.92,4.47,1
IMO9600865,Nantucket,Tankers,NLRTM,Rotterdam,2018-10-10,2018-10-13,104,0.0,51.92,4.47,2
IMO9600865,Nantucket,Tankers,SGSIN,Singapore,2018-10-27,2018-10-30,14,5689.2,1.28,103.85,3
IMO9600865,Nantucket,Tankers,CNNGB,Ningbo-Zhoushan,2018-11-13,2018-11-16,14,1991.7,29.87,121.55,4
IMO9600865,Nantucket,Tankers,INSIK,Sikka / Jamnagar,2018-11-30,2018-12-03,14,2799.7,22.43,69.84,5
IMO9600865,Nantucket,Tankers,INSIK,Sikka / Jamnagar,2018-12-17,2018-12-20,14,0.0,22.43,69.84,6
IMO9600865,Nantucket,Tankers,INSIK,Sikka / Jamnagar,2019-01-03,2019-01-06,14,0.0,22.43,69.84,7
IMO9600877,Tahiti,Tankers,SARRT,Ras Tanura,2019-11-22,2019-11-25,0,0.0,26.65,50.16,1
IMO9600877,Tahiti,Tankers,SGSIN,Singapore,2019-12-09,2019-12-12,14,3444.8,1.28,103.85,2
IMO9600877,Tahiti,Tankers,SARRT,Ras Tanura,2022-11-02,2022-11-05,1056,3444.8,26.65,50.16,3
IMO9600877,Tahiti,Tankers,INSIK,Sikka / Jamnagar,2022-11-19,2022-11-22,14,1103.0,22.43,69.84,4
IMO9600884,Future Energy,LPG,QARLF,Ras Laffan,2020-07-02,2020-07-05,0,0.0,25.92,51.53,1
IMO9600884,Future Energy,LPG,QARLF,Ras Laffan,2020-12-17,2020-12-20,165,0.0,25.92,51.53,2
IMO9600884,Future Energy,LPG,AEFJR,Fujairah,2021-02-18,2021-02-21,60,264.9,25.13,56.34,3
IMO9600884,Future Energy,LPG,SARRT,Ras Tanura,2021-05-20,2021-05-23,88,346.0,26.65,50.16,4
IMO9600884,Future Energy,LPG,SAYNB,Yanbu,2021-07-01,2021-07-04,39,673.9,24.09,38.06,5
IMO9600884,Future Energy,LPG,SAYNB,Yanbu,2021-08-19,2021-08-22,46,0.0,24.09,38.06,6
IMO9600884,Future Energy,LPG,QARLF,Ras Laffan,2021-09-23,2021-09-26,32,740.8,25.92,51.53,7
IMO9600884,Future Energy,LPG,KWMFA,Mina Al Ahmadi,2021-12-02,2021-12-05,67,261.1,29.07,48.15,8
IMO9600884,Future Energy ,LPG,USHOU,Houston,2022-05-12,2022-05-15,0,0.0,29.74,-95.27,1
IMO9600884,Future Energy ,LPG,USHOU,Houston,2022-08-04,2022-08-07,81,0.0,29.74,-95.27,2
IMO9600884,Future Energy,LPG,QARLF,Ras Laffan,2023-06-08,2023-06-11,550,261.1,25.92,51.53,9
IMO9600884,Future Energy,LPG,SAYNB,Yanbu,2023-10-19,2023-10-22,130,740.8,24.09,38.06,10
IMO9600889,Tamara,Tankers,SGSIN,Singapore,2020-04-20,2020-04-23,14,0.0,1.28,103.85,1
IMO9600889,Tamara,Tankers,NLRTM,Rotterdam,2021-11-18,2021-11-21,574,5689.2,51.92,4.47,2
IMO9600932,Front Ull,Tankers,SAYNB,Yanbu,2022-06-16,2022-06-19,0,0.0,24.09,38.06,1
IMO9600944,Front Idun,Tankers,NGBON,Bonny,2018-07-23,2018-07-26,0,0.0,4.45,7.16,1
IMO9600944,Front Idun,Tankers,INSIK,Sikka / Jamnagar,2018-08-09,2018-08-12,14,3788.1,22.43,69.84,2
IMO9600944,Front Idun,Tankers,NGBON,Bonny,2020-10-26,2020-10-29,806,3788.1,4.45,7.16,3
IMO9600944,Front Idun,Tankers,USCRP,Corpus Christi,2025-05-13,2025-05-16,1657,6044.9,27.81,-97.39,4
IMO9600944,Front Idun,Tankers,DZAZW,Arzew,2025-12-15,2025-12-18,213,4764.0,35.85,-0.31,5
IMO9601223,Densa Whale,Tankers,SARRT,Ras Tanura,2020-06-23,2020-06-26,0,0.0,26.65,50.16,1
IMO9601223,Densa Whale,Tankers,NLRTM,Rotterdam,2020-07-30,2020-08-02,34,2547.4,51.92,4.47,2
IMO9601223,Densa Whale,Tankers,SGSIN,Singapore,2020-08-16,2020-08-19,14,5689.2,1.28,103.85,3
IMO9601223,Densa Whale,Tankers,INSIK,Sikka / Jamnagar,2020-09-02,2020-09-05,14,2355.7,22.43,69.84,4
IMO9601223,Densa Whale,Tankers,NLRTM,Rotterdam,2021-07-06,2021-07-09,304,3449.7,51.92,4.47,5
IMO9601223,Densa Whale,Tankers,SGSIN,Singapore,2021-07-23,2021-07-26,14,5689.2,1.28,103.85,6
IMO9601223,Densa Whale,Tankers,DZAZW,Arzew,2021-11-16,2021-11-19,113,6044.3,35.85,-0.31,7
IMO9601223,Seamajesty,Tankers,KWMFA,Mina Al Ahmadi,2022-04-12,2022-04-15,0,0.0,29.07,48.15,1
IMO9601223,Seamajesty,Tankers,SAYNB,Yanbu,2022-10-28,2022-10-31,196,618.4,24.09,38.06,2
IMO9601223,Seamajesty,Tankers,SGSIN,Singapore,2022-11-14,2022-11-17,14,4050.1,1.28,103.85,3
IMO9601235,Densa Orca,Tankers,SGSIN,Singapore,2018-02-27,2018-03-02,14,0.0,1.28,103.85,1
IMO9601235,Densa Orca,Tankers,AEFJR,Fujairah,2018-03-16,2018-03-19,14,3099.3,25.13,56.34,2
IMO9601235,Densa Orca,Tankers,CNNGB,Ningbo-Zhoushan,2018-04-02,2018-04-05,14,3438.5,29.87,121.55,3
IMO9601235,Densa Orca,Tankers,SARRT,Ras Tanura,2020-01-30,2020-02-02,665,3717.6,26.65,50.16,4
IMO9601235,Densa Orca,Tankers,DZAZW,Arzew,2020-02-07,2020-02-10,5,2619.7,35.85,-0.31,5
IMO9601235,Delta Blue,Tankers,AEFJR,Fujairah,2022-07-07,2022-07-10,0,0.0,25.13,56.34,1
IMO9601235,Delta Blue,Tankers,SAYNB,Yanbu,2022-12-19,2022-12-22,162,999.0,24.09,38.06,2
IMO9601235,Delta Blue,Tankers,DZAZW,Arzew,2023-11-22,2023-11-25,335,2101.2,35.85,-0.31,3
IMO9602289,Hong Kong Spirit,Tankers,SGSIN,Singapore,2020-03-04,2020-03-07,14,0.0,1.28,103.85,1
IMO9602289,Hong Kong Spirit,Tankers,SARRT,Ras Tanura,2020-03-10,2020-03-13,3,3444.8,26.65,50.16,2
IMO9602289,Hong Kong Spirit,Tankers,CNNGB,Ningbo-Zhoushan,2020-03-27,2020-03-30,14,3717.6,29.87,121.55,3
IMO9602289,Hong Kong Spirit,Tankers,CNQDG,Qingdao,2020-04-13,2020-04-16,14,378.0,36.08,120.32,4
IMO9602289,Hong Kong Spirit,Tankers,CNNGB,Ningbo-Zhoushan,2020-04-30,2020-05-03,14,378.0,29.87,121.55,5
IMO9602473,Maran Leo,Tankers,DZAZW,Arzew,2025-05-12,2025-05-15,0,0.0,35.85,-0.31,1
IMO9602473,Maran Leo,Tankers,AEFJR,Fujairah,2026-06-23,2026-06-26,404,2959.8,25.13,56.34,2
IMO9602473,Maran Leo,Tankers,SAYNB,Yanbu,2026-08-10,2026-08-13,45,999.0,24.09,38.06,3
IMO9602617,Delta Glory,Tankers,KWMFA,Mina Al Ahmadi,2021-04-29,2021-05-02,0,0.0,29.07,48.15,1
IMO9602617,Delta Glory,Tankers,NGBON,Bonny,2021-06-21,2021-06-24,50,2758.1,4.45,7.16,2
IMO9602617,Delta Glory,Tankers,KWMFA,Mina Al Ahmadi,2023-04-13,2023-04-16,658,2758.1,29.07,48.15,3
IMO9602617,Delta Glory,Tankers,SARRT,Ras Tanura,2025-02-21,2025-02-24,677,180.3,26.65,50.16,4
IMO9602629,Delta Angelica,Tankers,CNNGB,Ningbo-Zhoushan,2022-11-28,2022-12-01,14,0.0,29.87,121.55,1
IMO9602629,Delta Angelica,Tankers,KRUSN,Ulsan,2022-12-15,2022-12-18,14,520.1,35.5,129.38,2
IMO9602631,Azure Nova,Tankers,CNNGB,Ningbo-Zhoushan,2020-06-19,2020-06-22,14,0.0,29.87,121.55,1
IMO9602631,Azure Nova,Tankers,KRUSN,Ulsan,2020-07-06,2020-07-09,14,520.1,35.5,129.38,2
IMO9602631,Azure Nova,Tankers,INSIK,Sikka / Jamnagar,2020-07-23,2020-07-26,14,3176.8,22.43,69.84,3
IMO9602631,Azure Nova,Tankers,INSIK,Sikka / Jamnagar,2020-08-09,2020-08-12,14,0.0,22.43,69.84,4
IMO9602631,Azure Nova,Tankers,INSIK,Sikka / Jamnagar,2020-08-26,2020-08-29,14,0.0,22.43,69.84,5
IMO9602631,Azure Nova,Tankers,INSIK,Sikka / Jamnagar,2020-09-12,2020-09-15,14,0.0,22.43,69.84,6
IMO9602631,Azure Nova,Tankers,SARRT,Ras Tanura,2022-03-22,2022-03-25,553,1103.0,26.65,50.16,7
IMO9602631,Azure Nova,Tankers,INSIK,Sikka / Jamnagar,2022-04-08,2022-04-11,14,1103.0,22.43,69.84,8
IMO9602643,Red Nova,Tankers,CNNGB,Ningbo-Zhoushan,2020-08-17,2020-08-20,14,0.0,29.87,121.55,1
IMO9602643,Red Nova,Tankers,ZASDB,Saldanha Bay,2020-11-26,2020-11-29,98,6980.0,-33.02,17.95,2
IMO9602643,Red Nova,Tankers,INSIK,Sikka / Jamnagar,2020-12-13,2020-12-16,14,4461.7,22.43,69.84,3
IMO9602643,Red Nova,Tankers,NLRTM,Rotterdam,2021-11-25,2021-11-28,344,3449.7,51.92,4.47,4
IMO9602643,Red Nova,Tankers,SGSIN,Singapore,2021-12-12,2021-12-15,14,5689.2,1.28,103.85,5
IMO9602643,Red Nova,Tankers,KRUSN,Ulsan,2021-12-29,2022-01-01,14,2499.7,35.5,129.38,6
IMO9602655,Sea Gem,Tankers,SARRT,Ras Tanura,2019-12-10,2019-12-13,0,0.0,26.65,50.16,1
IMO9602655,Sea Gem,Tankers,SGSIN,Singapore,2019-12-27,2019-12-30,14,3444.8,1.28,103.85,2
IMO9602655,Sea Gem,Tankers,ZASDB,Saldanha Bay,2021-03-17,2021-03-20,443,5239.3,-33.02,17.95,3
IMO9602655,Sea Gem,Tankers,SARRT,Ras Tanura,2021-04-29,2021-05-02,40,4026.8,26.65,50.16,4
IMO9602655,Sea Gem,Tankers,CNNGB,Ningbo-Zhoushan,2021-05-16,2021-05-19,14,3717.6,29.87,121.55,5
IMO9602655,Sea Gem,Tankers,SARRT,Ras Tanura,2025-01-21,2025-01-24,1343,3717.6,26.65,50.16,6
IMO9602741,Sunny Vista,LPG,USHOU,Houston,2022-06-16,2022-06-19,0,0.0,29.74,-95.27,1
IMO9602741,Sunny Vista,LPG,AUDRW,Darwin,2023-12-14,2023-12-17,543,8046.2,-12.46,130.84,2
IMO9602916,Athenian Freedom o/o,Tankers,ZASDB,Saldanha Bay,2021-03-10,2021-03-13,0,0.0,-33.02,17.95,1
IMO9602916,Athenian Freedom,Tankers,SARRT,Ras Tanura,2022-03-09,2022-03-12,0,0.0,26.65,50.16,1
IMO9602928,Captain X Kyriakou,Tankers,CNNGB,Ningbo-Zhoushan,2019-04-24,2019-04-27,14,0.0,29.87,121.55,1
IMO9602928,Captain X Kyriakou,Tankers,SGSIN,Singapore,2019-05-11,2019-05-14,14,1991.7,1.28,103.85,2
IMO9602928,Captain X Kyriakou,Tankers,ZASDB,Saldanha Bay,2021-02-11,2021-02-14,639,5239.3,-33.02,17.95,3
IMO9602928,Captain X Kyriakou,Tankers,SARRT,Ras Tanura,2022-10-06,2022-10-09,599,4026.8,26.65,50.16,4
IMO9602928,Captain X Kyriakou,Tankers,AEFJR,Fujairah,2024-10-18,2024-10-21,740,346.0,25.13,56.34,5
IMO9603192,He Rong Hai,Tankers,SAYNB,Yanbu,2026-05-06,2026-05-09,0,0.0,24.09,38.06,1
IMO9603192,He Rong Hai,Tankers,AEFJR,Fujairah,2026-06-25,2026-06-28,47,999.0,25.13,56.34,2
IMO9603192,He Rong Hai,Tankers,AEFJR,Fujairah,2026-08-04,2026-08-07,37,0.0,25.13,56.34,3
IMO9603192,He Rong Hai,Tankers,AEFJR,Fujairah,2026-08-26,2026-08-29,19,0.0,25.13,56.34,4
IMO9603207,New Harmony,Tankers,SGSIN,Singapore,2024-06-28,2024-07-01,0,0.0,1.28,103.85,1
IMO9603207,He An Hai,Tankers,SAYNB,Yanbu,2026-04-07,2026-04-10,0,0.0,24.09,38.06,1
IMO9603207,He An Hai,Tankers,SAYNB,Yanbu,2026-05-29,2026-06-01,49,0.0,24.09,38.06,2
IMO9603207,He An Hai,Tankers,AEFJR,Fujairah,2026-07-07,2026-07-10,36,999.0,25.13,56.34,3
IMO9603443,BW Confidence (relet),LPG,AUDAM,Dampier,2019-04-04,2019-04-07,0,0.0,-20.65,116.71,1
IMO9604079,Maxim,Tankers,KRUSN,Ulsan,2019-10-16,2019-10-19,14,0.0,35.5,129.38,1
IMO9604079,Maxim,Tankers,KRUSN,Ulsan,2019-11-02,2019-11-05,14,0.0,35.5,129.38,2
IMO9604079,Maxim,Tankers,DZAZW,Arzew,2025-03-11,2025-03-14,1953,5683.7,35.85,-0.31,3
IMO9605190,C. Infinity,Tankers,KRUSN,Ulsan,2021-04-20,2021-04-23,14,0.0,35.5,129.38,1
IMO9605190,C. Infinity,Tankers,SARRT,Ras Tanura,2022-08-23,2022-08-26,487,4000.9,26.65,50.16,2
IMO9605190,C. Infinity,Tankers,KRUSN,Ulsan,2022-09-09,2022-09-12,14,4000.9,35.5,129.38,3
IMO9605190,C. Infinity,Tankers,KRUSN,Ulsan,2022-09-26,2022-09-29,14,0.0,35.5,129.38,4
IMO9605190,C. Infinity,Tankers,SGSIN,Singapore,2022-10-13,2022-10-16,14,2499.7,1.28,103.85,5
IMO9605190,C. Infinity,Tankers,KRUSN,Ulsan,2022-10-30,2022-11-02,14,2499.7,35.5,129.38,6
IMO9605190,C. Infinity,Tankers,KRUSN,Ulsan,2022-11-16,2022-11-19,14,0.0,35.5,129.38,7
IMO9605190,C. Infinity*,Tankers,AEFJR,Fujairah,2026-08-24,2026-08-27,0,0.0,25.13,56.34,1
IMO9605205,C. Progress,Tankers,KWMFA,Mina Al Ahmadi,2023-04-20,2023-04-23,0,0.0,29.07,48.15,1
IMO9605205,C. Progress O/O,Tankers,KWMFA,Mina Al Ahmadi,2024-10-08,2024-10-11,0,0.0,29.07,48.15,1
IMO9605205,C. Progress,Tankers,SARRT,Ras Tanura,2025-11-19,2025-11-22,941,180.3,26.65,50.16,2
IMO9605237,BW Birch,LPG,KWMFA,Mina Al Ahmadi,2021-11-25,2021-11-28,0,0.0,29.07,48.15,1
IMO9606861,Coral Furcata,LPG,USHOU,Houston,2020-06-04,2020-06-07,0,0.0,29.74,-95.27,1
IMO9606948,Asia Vision,LNG,SGSIN,Singapore,2014-09-25,2014-09-28,0,0.0,1.28,103.85,1
IMO9606948,Asia Vision,LNG,SGSIN,Singapore,2014-10-12,2014-10-15,14,0.0,1.28,103.85,2
IMO9606948,Asia Vision,LNG,SGSIN,Singapore,2014-11-14,2014-11-17,30,0.0,1.28,103.85,3
IMO9606948,Asia Vision,LNG,SGSIN,Singapore,2014-12-01,2014-12-04,14,0.0,1.28,103.85,4
IMO9606948,Asia Vision,LNG,NGBON,Bonny,2015-06-02,2015-06-05,180,5798.0,4.45,7.16,5
IMO9606948,Asia Vision,LNG,NGBON,Bonny,2015-06-19,2015-06-22,14,0.0,4.45,7.16,6
IMO9606948,Asia Vision,LNG,QARLF,Ras Laffan,2016-05-27,2016-05-30,340,2855.1,25.92,51.53,7
IMO9606948,Asia Vision,LNG,NLRTM,Rotterdam,2016-06-03,2016-06-06,1,2628.7,51.92,4.47,9
IMO9606948,Asia Vision,LNG,QARLF,Ras Laffan,2016-06-13,2016-06-16,14,0.0,25.92,51.53,8
IMO9606948,Asia Vision,LNG,DZAZW,Arzew,2016-06-17,2016-06-20,1,986.2,35.85,-0.31,11
IMO9606948,Asia Vision,LNG,NLRTM,Rotterdam,2016-06-20,2016-06-23,14,0.0,51.92,4.47,10
IMO9606948,Asia Vision,LNG,DZAZW,Arzew,2016-07-04,2016-07-07,14,0.0,35.85,-0.31,12
IMO9606950,Asia Energy,LNG,AUDAM,Dampier,2014-12-10,2014-12-13,0,0.0,-20.65,116.71,1
IMO9606950,Asia Energy,LNG,AUDAM,Dampier,2014-12-27,2014-12-30,14,0.0,-20.65,116.71,2
IMO9606950,Asia Energy,LNG,QARLF,Ras Laffan,2015-07-23,2015-07-26,205,4714.0,25.92,51.53,3
IMO9606950,Asia Energy,LNG,QARLF,Ras Laffan,2015-08-09,2015-08-12,14,0.0,25.92,51.53,4
IMO9606950,Asia Energy,LNG,QARLF,Ras Laffan,2015-12-29,2016-01-01,139,0.0,25.92,51.53,5
IMO9606950,Asia Energy,LNG,QARLF,Ras Laffan,2016-01-15,2016-01-18,14,0.0,25.92,51.53,6
IMO9606950,Asia Energy,LNG,AUGLT,Gladstone,2016-10-19,2016-10-22,275,6508.6,-23.84,151.26,7
IMO9606950,Asia Energy,LNG,AUGLT,Gladstone,2016-11-05,2016-11-08,14,0.0,-23.84,151.26,8
IMO9607423,Ephesos,Tankers,NLRTM,Rotterdam,2018-09-24,2018-09-27,1,5689.2,51.92,4.47,2
IMO9607423,Ephesos,Tankers,SGSIN,Singapore,2018-10-08,2018-10-11,14,0.0,1.28,103.85,1
IMO9607423,Ephesos,Tankers,SGSIN,Singapore,2018-10-11,2018-10-14,14,5689.2,1.28,103.85,3
IMO9607423,Ephesos,Tankers,SGSIN,Singapore,2018-10-28,2018-10-31,14,0.0,1.28,103.85,4
IMO9607423,Ephesos,Tankers,DZAZW,Arzew,2021-06-21,2021-06-24,964,6044.3,35.85,-0.31,5
IMO9607423,Ephesos,Tankers,SARRT,Ras Tanura,2022-05-13,2022-05-16,323,2619.7,26.65,50.16,6
IMO9607423,Ephesos,Tankers,NLRTM,Rotterdam,2023-08-30,2023-09-02,471,2547.4,51.92,4.47,7
IMO9607435,Militos O/O,Tankers,CNNGB,Ningbo-Zhoushan,2018-03-19,2018-03-22,14,0.0,29.87,121.55,1
IMO9607435,Militos,Tankers,NGBON,Bonny,2018-05-21,2018-05-24,0,0.0,4.45,7.16,1
IMO9607435,Militos,Tankers,SGSIN,Singapore,2018-06-07,2018-06-10,14,5798.0,1.28,103.85,2
IMO9607435,Militos,Tankers,NLRTM,Rotterdam,2019-08-05,2019-08-08,421,5689.2,51.92,4.47,3
IMO9607435,Militos,Tankers,SGSIN,Singapore,2019-08-22,2019-08-25,14,5689.2,1.28,103.85,4
IMO9607435,Militos,Tankers,AEFJR,Fujairah,2022-08-24,2022-08-27,1095,3099.3,25.13,56.34,5
IMO9608090,Bashundhara LPG Challenger,LPG,SAYNB,Yanbu,2022-04-21,2022-04-24,0,0.0,24.09,38.06,1
IMO9609942,HLS Citrine (Pmax),LPG,USHOU,Houston,2023-12-01,2023-12-04,0,0.0,29.74,-95.27,1
IMO9610250,Kondor,Tankers,SGSIN,Singapore,2023-11-29,2023-12-02,14,0.0,1.28,103.85,1
IMO9610298,Desh Vibhor,Tankers,SARRT,Ras Tanura,2019-05-28,2019-05-31,0,0.0,26.65,50.16,1
IMO9610298,Desh Vibhor,Tankers,INSIK,Sikka / Jamnagar,2019-06-14,2019-06-17,14,1103.0,22.43,69.84,2
IMO9610298,Desh Vibhor,Tankers,INSIK,Sikka / Jamnagar,2019-07-01,2019-07-04,14,0.0,22.43,69.84,3
IMO9610298,Desh Vibhor,Tankers,KWMFA,Mina Al Ahmadi,2021-01-29,2021-02-01,575,1236.5,29.07,48.15,4
IMO9610298,Desh Vibhor,Tankers,SARRT,Ras Tanura,2021-02-24,2021-02-27,23,180.3,26.65,50.16,5
IMO9610298,Desh Vibhor,Tankers,INSIK,Sikka / Jamnagar,2021-03-13,2021-03-16,14,1103.0,22.43,69.84,6
IMO9610298,Desh Vibhor,Tankers,SARRT,Ras Tanura,2021-08-24,2021-08-27,161,1103.0,26.65,50.16,7
IMO9610298,Desh Vibhor,Tankers,INSIK,Sikka / Jamnagar,2021-09-10,2021-09-13,14,1103.0,22.43,69.84,8
IMO9610298,Desh Vibhor,Tankers,KWMFA,Mina Al Ahmadi,2021-10-04,2021-10-07,21,1236.5,29.07,48.15,9
IMO9610298,Desh Vibhor,Tankers,SARRT,Ras Tanura,2021-10-28,2021-10-31,21,180.3,26.65,50.16,10
IMO9610298,Desh Vibhor,Tankers,SARRT,Ras Tanura,2021-12-06,2021-12-09,36,0.0,26.65,50.16,11
IMO9610298,Desh Vibhor,Tankers,SARRT,Ras Tanura,2021-12-14,2021-12-17,5,0.0,26.65,50.16,12
IMO9610298,Desh Vibhor,Tankers,SARRT,Ras Tanura,2021-12-17,2021-12-20,1,0.0,26.65,50.16,13
IMO9610298,Desh Vibhor,Tankers,INSIK,Sikka / Jamnagar,2022-01-03,2022-01-06,14,1103.0,22.43,69.84,14
IMO9610298,Desh Vibhor,Tankers,SARRT,Ras Tanura,2022-04-19,2022-04-22,103,1103.0,26.65,50.16,15
IMO9610298,Desh Vibhor,Tankers,INSIK,Sikka / Jamnagar,2022-05-06,2022-05-09,14,1103.0,22.43,69.84,16
IMO9610298,Desh Vibhor,Tankers,SARRT,Ras Tanura,2022-08-09,2022-08-12,92,1103.0,26.65,50.16,17
IMO9610298,Desh Vibhor,Tankers,INSIK,Sikka / Jamnagar,2022-08-26,2022-08-29,14,1103.0,22.43,69.84,18
IMO9610298,Desh Vibhor,Tankers,SARRT,Ras Tanura,2022-08-30,2022-09-02,1,1103.0,26.65,50.16,19
IMO9610298,Desh Vibhor,Tankers,INSIK,Sikka / Jamnagar,2022-09-16,2022-09-19,14,1103.0,22.43,69.84,20
IMO9610298,Desh Vibhor,Tankers,SARRT,Ras Tanura,2022-11-04,2022-11-07,46,1103.0,26.65,50.16,21
IMO9610298,Desh Vibhor,Tankers,KWMFA,Mina Al Ahmadi,2023-01-31,2023-02-03,85,180.3,29.07,48.15,22
IMO9610298,Desh Vibhor,Tankers,INSIK,Sikka / Jamnagar,2023-02-17,2023-02-20,14,1236.5,22.43,69.84,23
IMO9610298,Desh Vibhor,Tankers,INSIK,Sikka / Jamnagar,2023-03-06,2023-03-09,14,0.0,22.43,69.84,24
IMO9610298,Desh Vibhor,Tankers,INSIK,Sikka / Jamnagar,2023-03-23,2023-03-26,14,0.0,22.43,69.84,25
IMO9610298,Desh Vibhor,Tankers,SARRT,Ras Tanura,2023-10-18,2023-10-21,206,1103.0,26.65,50.16,26
IMO9610298,Desh Vibhor,Tankers,SARRT,Ras Tanura,2023-12-18,2023-12-21,58,0.0,26.65,50.16,27
IMO9610298,Desh Vibhor,Tankers,INSIK,Sikka / Jamnagar,2024-01-04,2024-01-07,14,1103.0,22.43,69.84,28
IMO9610298,Desh Vibhor,Tankers,SARRT,Ras Tanura,2024-03-20,2024-03-23,73,1103.0,26.65,50.16,29
IMO9610298,Desh Vibhor,Tankers,INSIK,Sikka / Jamnagar,2024-04-06,2024-04-09,14,1103.0,22.43,69.84,30
IMO9610298,Desh Vibhor,Tankers,INSIK,Sikka / Jamnagar,2024-04-23,2024-04-26,14,0.0,22.43,69.84,31
IMO9610298,Desh Vibhor,Tankers,INSIK,Sikka / Jamnagar,2024-05-10,2024-05-13,14,0.0,22.43,69.84,32
IMO9610298,Desh Vibhor,Tankers,KWMFA,Mina Al Ahmadi,2025-05-23,2025-05-26,375,1236.5,29.07,48.15,33
IMO9610298,Desh Vibhor,Tankers,INSIK,Sikka / Jamnagar,2025-06-09,2025-06-12,14,1236.5,22.43,69.84,34
IMO9610298,Desh Vibhor*,Tankers,SARRT,Ras Tanura,2025-08-21,2025-08-24,0,0.0,26.65,50.16,1
IMO9610298,Desh Vibhor O/O,Tankers,KWMFA,Mina Al Ahmadi,2025-11-19,2025-11-22,0,0.0,29.07,48.15,1
IMO9610298,Desh Vibhor,Tankers,AEFJR,Fujairah,2026-08-26,2026-08-29,440,758.9,25.13,56.34,35
IMO9610767,Asia Excellence,LNG,AUDRW,Darwin,2016-04-21,2016-04-24,0,0.0,-12.46,130.84,1
IMO9610767,Asia Excellence,LNG,AUDRW,Darwin,2016-05-08,2016-05-11,14,0.0,-12.46,130.84,2
IMO9610767,Asia Excellence,LNG,AUGLT,Gladstone,2016-09-01,2016-09-04,113,1347.9,-23.84,151.26,3
IMO9610767,Asia Excellence,LNG,AUGLT,Gladstone,2016-09-18,2016-09-21,14,0.0,-23.84,151.26,4
IMO9610779,Asia Endeavour,LNG,SGSIN,Singapore,2020-12-04,2020-12-07,0,0.0,1.28,103.85,1
IMO9610779,Asia Endeavour,LNG,SGSIN,Singapore,2020-12-21,2020-12-24,14,0.0,1.28,103.85,2
IMO9610779,Asia Endeavour,LNG,SGSIN,Singapore,2020-12-28,2020-12-31,4,0.0,1.28,103.85,3
IMO9610779,Asia Endeavour,LNG,SGSIN,Singapore,2021-01-14,2021-01-17,14,0.0,1.28,103.85,4
IMO9612045,DYNACOM TBN,Tankers,SARRT,Ras Tanura,2018-02-27,2018-03-02,0,0.0,26.65,50.16,1
IMO9612045,DYNACOM TBN,Tankers,SGSIN,Singapore,2018-03-16,2018-03-19,14,3444.8,1.28,103.85,2
IMO9612045,DYNACOM TBN,Tankers,SARRT,Ras Tanura,2018-12-03,2018-12-06,259,3444.8,26.65,50.16,3
IMO9612045,DYNACOM TBN,Tankers,INSIK,Sikka / Jamnagar,2018-12-20,2018-12-23,14,1103.0,22.43,69.84,4
IMO9612045,DYNACOM TBN,Tankers,SARRT,Ras Tanura,2019-12-06,2019-12-09,348,1103.0,26.65,50.16,5
IMO9612045,DYNACOM TBN,Tankers,INSIK,Sikka / Jamnagar,2019-12-23,2019-12-26,14,1103.0,22.43,69.84,6
IMO9612045,DYNACOM TBN,Tankers,INSIK,Sikka / Jamnagar,2020-01-09,2020-01-12,14,0.0,22.43,69.84,7
IMO9612045,DYNACOM TBN,Tankers,INSIK,Sikka / Jamnagar,2020-01-26,2020-01-29,14,0.0,22.43,69.84,8
IMO9612045,DYNACOM TBN,Tankers,SGSIN,Singapore,2020-07-15,2020-07-18,168,2355.7,1.28,103.85,9
IMO9612045,DYNACOM TBN,Tankers,SARRT,Ras Tanura,2020-07-15,2020-07-18,1,3444.8,26.65,50.16,10
IMO9612045,DYNACOM TBN,Tankers,QARLF,Ras Laffan,2020-11-05,2020-11-08,110,85.8,25.92,51.53,11
IMO9612045,DYNACOM TBN,Tankers,INSIK,Sikka / Jamnagar,2020-11-22,2020-11-25,14,1023.6,22.43,69.84,12
IMO9612045,DYNACOM TBN,Tankers,INSIK,Sikka / Jamnagar,2020-12-09,2020-12-12,14,0.0,22.43,69.84,13
IMO9612045,DYNACOM TBN,Tankers,INSIK,Sikka / Jamnagar,2020-12-26,2020-12-29,14,0.0,22.43,69.84,14
IMO9612045,DYNACOM TBN,Tankers,AEFJR,Fujairah,2023-09-20,2023-09-23,995,758.9,25.13,56.34,15
IMO9612045,DYNACOM TBN,Tankers,SGSIN,Singapore,2023-10-07,2023-10-10,14,3099.3,1.28,103.85,16
IMO9612045,DYNACOM TBN,Tankers,INSIK,Sikka / Jamnagar,2023-10-24,2023-10-27,14,2355.7,22.43,69.84,17
IMO9612045,dynacom tbn,Tankers,SGSIN,Singapore,2024-02-07,2024-02-10,0,0.0,1.28,103.85,1
IMO9612052,Karvounis,Tankers,DZAZW,Arzew,2018-04-03,2018-04-06,0,0.0,35.85,-0.31,1
IMO9612052,Karvounis,Tankers,SGSIN,Singapore,2018-04-20,2018-04-23,14,6044.3,1.28,103.85,2
IMO9612052,Karvounis,Tankers,CNNGB,Ningbo-Zhoushan,2018-05-07,2018-05-10,14,1991.7,29.87,121.55,3
IMO9612052,Karvounis,Tankers,KWMFA,Mina Al Ahmadi,2020-11-18,2020-11-21,923,3765.1,29.07,48.15,4
IMO9612052,Karvounis,Tankers,NLRTM,Rotterdam,2020-12-05,2020-12-08,14,2367.9,51.92,4.47,5
IMO9612052,Karvounis,Tankers,AEFJR,Fujairah,2023-08-02,2023-08-05,967,2835.7,25.13,56.34,6
IMO9612052,Karvounis,Tankers,SARRT,Ras Tanura,2023-09-18,2023-09-21,44,346.0,26.65,50.16,7
IMO9613159,Beidou Star,LNG,AUGLT,Gladstone,2017-10-26,2017-10-29,0,0.0,-23.84,151.26,1
IMO9613159,Beidou Star,LNG,AUGLT,Gladstone,2017-11-12,2017-11-15,14,0.0,-23.84,151.26,2
IMO9613159,Beidou Star,LNG,SGSIN,Singapore,2021-01-19,2021-01-22,1161,3147.5,1.28,103.85,3
IMO9613159,Beidou Star,LNG,SGSIN,Singapore,2021-02-05,2021-02-08,14,0.0,1.28,103.85,4
IMO9614048,Xin Dan Yang,Tankers,SARRT,Ras Tanura,2023-11-27,2023-11-30,0,0.0,26.65,50.16,1
IMO9614048,He Ping Hai,Tankers,SAYNB,Yanbu,2026-03-11,2026-03-14,0,0.0,24.09,38.06,1
IMO9614048,He Ping Hai,Tankers,AEFJR,Fujairah,2026-06-02,2026-06-05,80,999.0,25.13,56.34,2
IMO9614048,He Ping Hai,Tankers,AEFJR,Fujairah,2026-07-28,2026-07-31,53,0.0,25.13,56.34,3
IMO9614050,Xin Lian Yang,Tankers,KWMFA,Mina Al Ahmadi,2024-04-29,2024-05-02,0,0.0,29.07,48.15,1
IMO9621209,Spread Eagle,LPG,USHOU,Houston,2022-09-08,2022-09-11,0,0.0,29.74,-95.27,1
IMO9621209,Spread Eagle,LPG,USHOU,Houston,2023-06-15,2023-06-18,277,0.0,29.74,-95.27,2
IMO9621209,Spread Eagle,LPG,USHOU,Houston,2023-08-31,2023-09-03,74,0.0,29.74,-95.27,3
IMO9621397,Captain Nicholas ML,LPG,SGSIN,Singapore,2019-12-19,2019-12-22,0,0.0,1.28,103.85,1
IMO9622233,Navigator Venus ,LPG,USHOU,Houston,2021-04-08,2021-04-11,14,0.0,29.74,-95.27,1
IMO9622233,Navigator Venus,LPG,USHOU,Houston,2021-07-08,2021-07-11,0,0.0,29.74,-95.27,1
IMO9622233,Navigator Venus,LPG,USHOU,Houston,2022-10-13,2022-10-16,459,0.0,29.74,-95.27,2
IMO9623685,Texas,Tankers,INSIK,Sikka / Jamnagar,2020-01-02,2020-01-05,14,0.0,22.43,69.84,1
IMO9623685,Texas,Tankers,SARRT,Ras Tanura,2021-07-20,2021-07-23,562,1103.0,26.65,50.16,2
IMO9623685,Texas,Tankers,SARRT,Ras Tanura,2023-07-19,2023-07-22,726,0.0,26.65,50.16,3
IMO9623685,Texas,Tankers,INSIK,Sikka / Jamnagar,2023-08-05,2023-08-08,14,1103.0,22.43,69.84,4
IMO9623685,Texas,Tankers,KWMFA,Mina Al Ahmadi,2025-12-03,2025-12-06,848,1236.5,29.07,48.15,5
IMO9623768,Ce Hamilton,Tankers,NLRTM,Rotterdam,2021-07-14,2021-07-17,14,0.0,51.92,4.47,1
IMO9624914,Hoegh Gandria,LNG,SGSIN,Singapore,2014-09-25,2014-09-28,0,0.0,1.28,103.85,1
IMO9624914,Hoegh Gandria,LNG,SGSIN,Singapore,2014-10-12,2014-10-15,14,0.0,1.28,103.85,2
IMO9624914,Hoegh Gandria,LNG,USSPG,Sabine Pass,2017-03-27,2017-03-30,894,8686.4,29.73,-93.87,3
IMO9624914,Hoegh Gandria,LNG,USSPG,Sabine Pass,2017-04-13,2017-04-16,14,0.0,29.73,-93.87,4
IMO9624914,Hoegh Gandria,LNG,QARLF,Ras Laffan,2017-04-19,2017-04-22,3,6917.9,25.92,51.53,5
IMO9624914,Hoegh Gandria,LNG,QARLF,Ras Laffan,2017-05-06,2017-05-09,14,0.0,25.92,51.53,6
IMO9624914,Hoegh Gandria,LNG,USSPG,Sabine Pass,2017-06-19,2017-06-22,41,6917.9,29.73,-93.87,7
IMO9624914,Hoegh Gandria,LNG,USSPG,Sabine Pass,2017-07-06,2017-07-09,14,0.0,29.73,-93.87,8
IMO9624914,Hoegh Gandria,LNG,USSPG,Sabine Pass,2018-10-30,2018-11-02,478,0.0,29.73,-93.87,9
IMO9624914,Hoegh Gandria,LNG,USSPG,Sabine Pass,2018-11-16,2018-11-19,14,0.0,29.73,-93.87,10
IMO9624914,Hoegh Gandria,LNG,USSPG,Sabine Pass,2019-10-31,2019-11-03,346,0.0,29.73,-93.87,11
IMO9624914,Hoegh Gandria,LNG,USSPG,Sabine Pass,2019-11-17,2019-11-20,14,0.0,29.73,-93.87,12
IMO9624914,Hoegh Gandria,LNG,NGBON,Bonny,2020-04-08,2020-04-11,140,5842.3,4.45,7.16,13
IMO9624914,Hoegh Gandria,LNG,NGBON,Bonny,2020-04-25,2020-04-28,14,0.0,4.45,7.16,14
IMO9624914,Hoegh Gandria,LNG,CNNGB,Ningbo-Zhoushan,2021-03-22,2021-03-25,328,6518.2,29.87,121.55,15
IMO9624914,Hoegh Gandria,LNG,MYBTU,Bintulu,2021-03-26,2021-03-29,1,1672.9,3.2,113.04,17
IMO9624914,Hoegh Gandria,LNG,CNNGB,Ningbo-Zhoushan,2021-04-08,2021-04-11,14,0.0,29.87,121.55,16
IMO9624914,Hoegh Gandria,LNG,MYBTU,Bintulu,2021-04-12,2021-04-15,14,0.0,3.2,113.04,18
IMO9624926,Kool Crystal,LNG,SGSIN,Singapore,2014-12-08,2014-12-11,0,0.0,1.28,103.85,1
IMO9624926,Kool Crystal,LNG,SGSIN,Singapore,2014-12-25,2014-12-28,14,0.0,1.28,103.85,2
IMO9624926,Kool Crystal,LNG,NGBON,Bonny,2015-02-16,2015-02-19,50,5798.0,4.45,7.16,3
IMO9624926,Kool Crystal,LNG,NGBON,Bonny,2015-03-05,2015-03-08,14,0.0,4.45,7.16,4
IMO9624926,Kool Crystal,LNG,QARLF,Ras Laffan,2017-03-31,2017-04-03,754,2855.1,25.92,51.53,5
IMO9624926,Kool Crystal,LNG,QARLF,Ras Laffan,2017-04-17,2017-04-20,14,0.0,25.92,51.53,6
IMO9624926,Kool Crystal,LNG,QARLF,Ras Laffan,2017-07-24,2017-07-27,95,0.0,25.92,51.53,7
IMO9624926,Kool Crystal,LNG,QARLF,Ras Laffan,2017-08-10,2017-08-13,14,0.0,25.92,51.53,8
IMO9624926,Kool Crystal,LNG,USSPG,Sabine Pass,2018-01-10,2018-01-13,150,6917.9,29.73,-93.87,9
IMO9624926,Kool Crystal,LNG,USSPG,Sabine Pass,2018-01-27,2018-01-30,14,0.0,29.73,-93.87,10
IMO9624926,Kool Crystal,LNG,SGSIN,Singapore,2018-05-10,2018-05-13,100,8686.4,1.28,103.85,11
IMO9624926,Kool Crystal,LNG,SGSIN,Singapore,2018-05-27,2018-05-30,14,0.0,1.28,103.85,12
IMO9624926,Kool Crystal,LNG,MYBTU,Bintulu,2019-04-03,2019-04-06,308,563.2,3.2,113.04,13
IMO9624926,Kool Crystal,LNG,MYBTU,Bintulu,2019-04-20,2019-04-23,14,0.0,3.2,113.04,14
IMO9624926,Kool Crystal,LNG,QARLF,Ras Laffan,2020-09-22,2020-09-25,518,3787.3,25.92,51.53,15
IMO9624926,Kool Crystal,LNG,QARLF,Ras Laffan,2020-10-09,2020-10-12,14,0.0,25.92,51.53,16
IMO9624938,Nfe Penguin,LNG,QARLF,Ras Laffan,2016-05-25,2016-05-28,0,0.0,25.92,51.53,1
IMO9624938,Nfe Penguin,LNG,QARLF,Ras Laffan,2016-06-11,2016-06-14,14,0.0,25.92,51.53,2
IMO9624938,Nfe Penguin,LNG,QARLF,Ras Laffan,2017-03-31,2017-04-03,290,0.0,25.92,51.53,3
IMO9624938,Nfe Penguin,LNG,QARLF,Ras Laffan,2017-04-17,2017-04-20,14,0.0,25.92,51.53,4
IMO9624938,Nfe Penguin,LNG,NGBON,Bonny,2017-05-16,2017-05-19,26,2855.1,4.45,7.16,5
IMO9624938,Nfe Penguin,LNG,NGBON,Bonny,2017-06-02,2017-06-05,14,0.0,4.45,7.16,6
IMO9624938,Nfe Penguin,LNG,QARLF,Ras Laffan,2017-07-16,2017-07-19,41,2855.1,25.92,51.53,7
IMO9624938,Nfe Penguin,LNG,QARLF,Ras Laffan,2017-08-02,2017-08-05,14,0.0,25.92,51.53,8
IMO9624938,Nfe Penguin,LNG,USSPG,Sabine Pass,2017-08-09,2017-08-12,4,6917.9,29.73,-93.87,9
IMO9624938,Nfe Penguin,LNG,USSPG,Sabine Pass,2017-08-26,2017-08-29,14,0.0,29.73,-93.87,10
IMO9624938,Nfe Penguin,LNG,USSPG,Sabine Pass,2018-08-31,2018-09-03,367,0.0,29.73,-93.87,11
IMO9624938,Nfe Penguin,LNG,USSPG,Sabine Pass,2018-09-17,2018-09-20,14,0.0,29.73,-93.87,12
IMO9624938,Nfe Penguin,LNG,NGBON,Bonny,2020-04-24,2020-04-27,582,5842.3,4.45,7.16,13
IMO9624938,Nfe Penguin,LNG,NGBON,Bonny,2020-05-11,2020-05-14,14,0.0,4.45,7.16,14
IMO9624938,Nfe Penguin,LNG,DZAZW,Arzew,2021-04-16,2021-04-19,337,1930.1,35.85,-0.31,15
IMO9624938,Nfe Penguin,LNG,DZAZW,Arzew,2021-05-03,2021-05-06,14,0.0,35.85,-0.31,16
IMO9625152,Manifesto,LPG,NGBON,Bonny,2020-09-10,2020-09-13,0,0.0,4.45,7.16,1
IMO9625152,Manifesto,LPG,NGBON,Bonny,2024-01-17,2024-01-20,1221,0.0,4.45,7.16,2
IMO9625956,Twin Castor,Tankers,INSIK,Sikka / Jamnagar,2022-08-10,2022-08-13,14,0.0,22.43,69.84,1
IMO9626027,Energos Celsius,LNG,SGSIN,Singapore,2014-07-14,2014-07-17,0,0.0,1.28,103.85,1
IMO9626027,Energos Celsius,LNG,SGSIN,Singapore,2014-07-31,2014-08-03,14,0.0,1.28,103.85,2
IMO9626027,Energos Celsius,LNG,AUDAM,Dampier,2014-12-10,2014-12-13,129,1518.3,-20.65,116.71,3
IMO9626027,Energos Celsius,LNG,AUDAM,Dampier,2014-12-27,2014-12-30,14,0.0,-20.65,116.71,4
IMO9626027,Energos Celsius,LNG,AUDAM,Dampier,2015-03-06,2015-03-09,66,0.0,-20.65,116.71,5
IMO9626027,Energos Celsius,LNG,AUDAM,Dampier,2015-03-23,2015-03-26,14,0.0,-20.65,116.71,6
IMO9626027,Energos Celsius,LNG,AUDAM,Dampier,2015-03-26,2015-03-29,1,0.0,-20.65,116.71,7
IMO9626027,Energos Celsius,LNG,AUDAM,Dampier,2015-04-12,2015-04-15,14,0.0,-20.65,116.71,8
IMO9626027,Energos Celsius,LNG,QARLF,Ras Laffan,2015-06-15,2015-06-18,61,4714.0,25.92,51.53,9
IMO9626027,Energos Celsius,LNG,QARLF,Ras Laffan,2015-07-02,2015-07-05,14,0.0,25.92,51.53,10
IMO9626027,Energos Celsius,LNG,QARLF,Ras Laffan,2017-01-20,2017-01-23,565,0.0,25.92,51.53,11
IMO9626027,Energos Celsius,LNG,QARLF,Ras Laffan,2017-02-06,2017-02-09,14,0.0,25.92,51.53,12
IMO9626027,Energos Celsius,LNG,QARLF,Ras Laffan,2017-05-02,2017-05-05,82,0.0,25.92,51.53,13
IMO9626027,Energos Celsius,LNG,QARLF,Ras Laffan,2017-05-19,2017-05-22,14,0.0,25.92,51.53,14
IMO9626027,Energos Celsius,LNG,USSPG,Sabine Pass,2017-09-13,2017-09-16,114,6917.9,29.73,-93.87,15
IMO9626027,Energos Celsius,LNG,USSPG,Sabine Pass,2017-09-30,2017-10-03,14,0.0,29.73,-93.87,16
IMO9626027,Energos Celsius,LNG,QARLF,Ras Laffan,2018-05-04,2018-05-07,213,6917.9,25.92,51.53,17
IMO9626027,Energos Celsius,LNG,QARLF,Ras Laffan,2018-05-21,2018-05-24,14,0.0,25.92,51.53,18
IMO9626027,Energos Celsius,LNG,SGSIN,Singapore,2020-08-25,2020-08-28,824,3361.5,1.28,103.85,19
IMO9626027,Energos Celsius,LNG,SGSIN,Singapore,2020-09-11,2020-09-14,14,0.0,1.28,103.85,20
IMO9626027,Energos Celsius,LNG,NLRTM,Rotterdam,2022-08-30,2022-09-02,715,5689.2,51.92,4.47,21
IMO9626027,Energos Celsius,LNG,NLRTM,Rotterdam,2022-09-16,2022-09-19,14,0.0,51.92,4.47,22
IMO9626039,Kool Husky,LNG,QARLF,Ras Laffan,2016-02-23,2016-02-26,0,0.0,25.92,51.53,1
IMO9626039,Kool Husky,LNG,QARLF,Ras Laffan,2016-03-11,2016-03-14,14,0.0,25.92,51.53,2
IMO9626039,Kool Husky,LNG,QARLF,Ras Laffan,2016-03-15,2016-03-18,1,0.0,25.92,51.53,3
IMO9626039,Kool Husky,LNG,QARLF,Ras Laffan,2016-04-01,2016-04-04,14,0.0,25.92,51.53,4
IMO9626039,Kool Husky,LNG,QARLF,Ras Laffan,2017-04-19,2017-04-22,380,0.0,25.92,51.53,5
IMO9626039,Kool Husky,LNG,QARLF,Ras Laffan,2017-05-06,2017-05-09,14,0.0,25.92,51.53,6
IMO9626039,Kool Husky,LNG,QARLF,Ras Laffan,2017-06-05,2017-06-08,27,0.0,25.92,51.53,7
IMO9626039,Kool Husky,LNG,QARLF,Ras Laffan,2017-06-22,2017-06-25,14,0.0,25.92,51.53,8
IMO9626039,Kool Husky,LNG,NGBON,Bonny,2017-07-20,2017-07-23,25,2855.1,4.45,7.16,9
IMO9626039,Kool Husky,LNG,NGBON,Bonny,2017-08-06,2017-08-09,14,0.0,4.45,7.16,10
IMO9626039,Kool Husky,LNG,SGSIN,Singapore,2019-10-09,2019-10-12,791,5798.0,1.28,103.85,11
IMO9626039,Kool Husky,LNG,SGSIN,Singapore,2019-10-26,2019-10-29,14,0.0,1.28,103.85,12
IMO9626039,Kool Husky,LNG,NGBON,Bonny,2020-02-10,2020-02-13,104,5798.0,4.45,7.16,13
IMO9626039,Kool Husky,LNG,NGBON,Bonny,2020-02-27,2020-03-01,14,0.0,4.45,7.16,14
IMO9626039,Kool Husky,LNG,DZAZW,Arzew,2023-09-14,2023-09-17,1292,1930.1,35.85,-0.31,15
IMO9626039,Kool Husky,LNG,DZAZW,Arzew,2023-10-01,2023-10-04,14,0.0,35.85,-0.31,16
IMO9626039,Kool Husky,LNG,AUDRW,Darwin,2023-10-09,2023-10-12,5,7825.0,-12.46,130.84,17
IMO9626039,Kool Husky,LNG,AUDRW,Darwin,2023-10-26,2023-10-29,14,0.0,-12.46,130.84,18
IMO9626273,Gaslog Sydney,LNG,USSPG,Sabine Pass,2018-06-11,2018-06-14,0,0.0,29.73,-93.87,1
IMO9626273,Gaslog Sydney,LNG,USSPG,Sabine Pass,2018-06-28,2018-07-01,14,0.0,29.73,-93.87,2
IMO9626273,Gaslog Sydney,LNG,AUGLT,Gladstone,2018-09-03,2018-09-06,64,7343.5,-23.84,151.26,3
IMO9626273,Gaslog Sydney,LNG,AUGLT,Gladstone,2018-09-20,2018-09-23,14,0.0,-23.84,151.26,4
IMO9626273,Gaslog Sydney,LNG,QARLF,Ras Laffan,2020-04-11,2020-04-14,566,6508.6,25.92,51.53,5
IMO9626273,Gaslog Sydney,LNG,QARLF,Ras Laffan,2020-04-28,2020-05-01,14,0.0,25.92,51.53,6
IMO9626273,Gaslog Sydney,LNG,AUGLT,Gladstone,2021-02-18,2021-02-21,293,6508.6,-23.84,151.26,7
IMO9626273,Gaslog Sydney,LNG,AUGLT,Gladstone,2021-03-07,2021-03-10,14,0.0,-23.84,151.26,8
IMO9626285,Gaslog Skagen,LNG,NGBON,Bonny,2016-04-01,2016-04-04,0,0.0,4.45,7.16,1
IMO9626285,Gaslog Skagen,LNG,NGBON,Bonny,2016-04-18,2016-04-21,14,0.0,4.45,7.16,2
IMO9626285,Gaslog Skagen,LNG,QARLF,Ras Laffan,2019-06-17,2019-06-20,1152,2855.1,25.92,51.53,3
IMO9626285,Gaslog Skagen,LNG,QARLF,Ras Laffan,2019-07-04,2019-07-07,14,0.0,25.92,51.53,4
IMO9626285,Gaslog Skagen,LNG,USSPG,Sabine Pass,2019-07-29,2019-08-01,22,6917.9,29.73,-93.87,5
IMO9626285,Gaslog Skagen,LNG,USSPG,Sabine Pass,2019-08-15,2019-08-18,14,0.0,29.73,-93.87,6
IMO9626285,Gaslog Skagen,LNG,USSPG,Sabine Pass,2020-05-28,2020-05-31,284,0.0,29.73,-93.87,7
IMO9626285,Gaslog Skagen,LNG,USSPG,Sabine Pass,2020-06-14,2020-06-17,14,0.0,29.73,-93.87,8
IMO9626285,Gaslog Skagen,LNG,SGSIN,Singapore,2021-08-26,2021-08-29,435,8686.4,1.28,103.85,9
IMO9626285,Gaslog Skagen,LNG,SGSIN,Singapore,2021-09-12,2021-09-15,14,0.0,1.28,103.85,10
IMO9626742,AVICL ATERMIS,Dry Bulk,BRSSZ,Santos,2025-02-03,2025-02-06,0,0.0,-23.96,-46.33,1
IMO9627485,Woodside Rogers,LNG,SGSIN,Singapore,2011-07-14,2011-07-17,0,0.0,1.28,103.85,1
IMO9627485,Woodside Rogers,LNG,SGSIN,Singapore,2011-07-31,2011-08-03,14,0.0,1.28,103.85,2
IMO9627485,Woodside Rogers,LNG,MYBTU,Bintulu,2020-11-25,2020-11-28,3402,563.2,3.2,113.04,3
IMO9627485,Woodside Rogers,LNG,MYBTU,Bintulu,2020-12-12,2020-12-15,14,0.0,3.2,113.04,4
IMO9627502,Maran Gas Lindos,LNG,QARLF,Ras Laffan,2022-08-11,2022-08-14,0,0.0,25.92,51.53,1
IMO9627502,Maran Gas Lindos,LNG,QARLF,Ras Laffan,2022-08-28,2022-08-31,14,0.0,25.92,51.53,2
IMO9627954,Wilforce,LNG,QARLF,Ras Laffan,2013-12-17,2013-12-20,0,0.0,25.92,51.53,1
IMO9627954,Wilforce,LNG,QARLF,Ras Laffan,2014-01-03,2014-01-06,14,0.0,25.92,51.53,2
IMO9627954,Wilforce,LNG,QARLF,Ras Laffan,2016-11-03,2016-11-06,1032,0.0,25.92,51.53,3
IMO9627954,Wilforce,LNG,QARLF,Ras Laffan,2016-11-20,2016-11-23,14,0.0,25.92,51.53,4
IMO9627954,Wilforce,LNG,NOHFT,Hammerfest,2016-11-21,2016-11-24,1,2850.9,70.66,23.68,5
IMO9627954,Wilforce,LNG,NOHFT,Hammerfest,2016-12-08,2016-12-11,14,0.0,70.66,23.68,6
IMO9627954,Wilforce,LNG,QARLF,Ras Laffan,2017-05-12,2017-05-15,152,2850.9,25.92,51.53,7
IMO9627954,Wilforce,LNG,QARLF,Ras Laffan,2017-05-29,2017-06-01,14,0.0,25.92,51.53,8
IMO9627954,Wilforce,LNG,QARLF,Ras Laffan,2017-07-20,2017-07-23,49,0.0,25.92,51.53,9
IMO9627954,Wilforce,LNG,QARLF,Ras Laffan,2017-08-06,2017-08-09,14,0.0,25.92,51.53,10
IMO9627954,Wilforce,LNG,QARLF,Ras Laffan,2017-09-16,2017-09-19,38,0.0,25.92,51.53,11
IMO9627954,Wilforce,LNG,QARLF,Ras Laffan,2017-10-03,2017-10-06,14,0.0,25.92,51.53,12
IMO9627954,Wilforce,LNG,QARLF,Ras Laffan,2018-02-05,2018-02-08,122,0.0,25.92,51.53,13
IMO9627954,Wilforce,LNG,QARLF,Ras Laffan,2018-02-22,2018-02-25,14,0.0,25.92,51.53,14
IMO9627954,Wilforce,LNG,NGBON,Bonny,2018-03-04,2018-03-07,7,2855.1,4.45,7.16,15
IMO9627954,Wilforce,LNG,NGBON,Bonny,2018-03-21,2018-03-24,14,0.0,4.45,7.16,16
IMO9627954,Wilforce,LNG,QARLF,Ras Laffan,2018-05-02,2018-05-05,39,2855.1,25.92,51.53,17
IMO9627954,Wilforce,LNG,QARLF,Ras Laffan,2018-05-19,2018-05-22,14,0.0,25.92,51.53,18
IMO9627954,Wilforce,LNG,QARLF,Ras Laffan,2020-02-20,2020-02-23,639,0.0,25.92,51.53,19
IMO9627954,Wilforce,LNG,QARLF,Ras Laffan,2020-03-08,2020-03-11,14,0.0,25.92,51.53,20
IMO9627954,Wilforce,LNG,QARLF,Ras Laffan,2020-05-14,2020-05-17,64,0.0,25.92,51.53,21
IMO9627954,Wilforce,LNG,QARLF,Ras Laffan,2020-05-31,2020-06-03,14,0.0,25.92,51.53,22
IMO9627954,Wilforce,LNG,NGBON,Bonny,2020-09-18,2020-09-21,107,2855.1,4.45,7.16,23
IMO9627954,Wilforce,LNG,NGBON,Bonny,2020-10-05,2020-10-08,14,0.0,4.45,7.16,24
IMO9627954,Wilforce,LNG,AUGLT,Gladstone,2021-01-21,2021-01-24,105,8427.2,-23.84,151.26,25
IMO9627954,Wilforce,LNG,AUGLT,Gladstone,2021-02-07,2021-02-10,14,0.0,-23.84,151.26,26
IMO9627954,Wilforce,LNG,AUGLT,Gladstone,2021-03-18,2021-03-21,36,0.0,-23.84,151.26,27
IMO9627954,Wilforce,LNG,AUGLT,Gladstone,2021-04-04,2021-04-07,14,0.0,-23.84,151.26,28
IMO9627966,Wilpride,LNG,QARLF,Ras Laffan,2014-07-30,2014-08-02,0,0.0,25.92,51.53,1
IMO9627966,Wilpride,LNG,QARLF,Ras Laffan,2014-08-16,2014-08-19,14,0.0,25.92,51.53,2
IMO9627966,Wilpride,LNG,SGSIN,Singapore,2014-11-14,2014-11-17,87,3361.5,1.28,103.85,3
IMO9627966,Wilpride,LNG,SGSIN,Singapore,2014-12-01,2014-12-04,14,0.0,1.28,103.85,4
IMO9627966,Wilpride,LNG,QARLF,Ras Laffan,2015-02-05,2015-02-08,63,3361.5,25.92,51.53,5
IMO9627966,Wilpride,LNG,QARLF,Ras Laffan,2015-02-22,2015-02-25,14,0.0,25.92,51.53,6
IMO9627966,Wilpride,LNG,QARLF,Ras Laffan,2017-05-25,2017-05-28,820,0.0,25.92,51.53,7
IMO9627966,Wilpride,LNG,QARLF,Ras Laffan,2017-06-11,2017-06-14,14,0.0,25.92,51.53,8
IMO9627966,Wilpride,LNG,NGBON,Bonny,2017-07-17,2017-07-20,33,2855.1,4.45,7.16,9
IMO9627966,Wilpride,LNG,NGBON,Bonny,2017-08-03,2017-08-06,14,0.0,4.45,7.16,10
IMO9627966,Wilpride,LNG,QARLF,Ras Laffan,2017-08-15,2017-08-18,9,2855.1,25.92,51.53,11
IMO9627966,Wilpride,LNG,QARLF,Ras Laffan,2017-09-01,2017-09-04,14,0.0,25.92,51.53,12
IMO9627966,Wilpride,LNG,DZAZW,Arzew,2018-04-28,2018-05-01,236,2705.1,35.85,-0.31,13
IMO9627966,Wilpride,LNG,DZAZW,Arzew,2018-05-15,2018-05-18,14,0.0,35.85,-0.31,14
IMO9627966,Wilpride,LNG,AEFJR,Fujairah,2018-07-12,2018-07-15,55,2959.8,25.13,56.34,15
IMO9627966,Wilpride,LNG,AEFJR,Fujairah,2018-07-29,2018-08-01,14,0.0,25.13,56.34,16
IMO9627966,Wilpride,LNG,DZAZW,Arzew,2019-04-25,2019-04-28,267,2959.8,35.85,-0.31,17
IMO9627966,Wilpride,LNG,DZAZW,Arzew,2019-05-12,2019-05-15,14,0.0,35.85,-0.31,18
IMO9627966,Wilpride,LNG,NGBON,Bonny,2020-05-22,2020-05-25,373,1930.1,4.45,7.16,19
IMO9627966,Wilpride,LNG,NGBON,Bonny,2020-06-08,2020-06-11,14,0.0,4.45,7.16,20
IMO9627966,Wilpride,LNG,QARLF,Ras Laffan,2020-07-23,2020-07-26,42,2855.1,25.92,51.53,21
IMO9627966,Wilpride,LNG,QARLF,Ras Laffan,2020-08-09,2020-08-12,14,0.0,25.92,51.53,22
IMO9627966,Wilpride,LNG,USCMR,Cameron / Lake Charles,2020-08-14,2020-08-17,2,6874.5,30.22,-93.22,23
IMO9627966,Wilpride,LNG,USCMR,Cameron / Lake Charles,2020-08-31,2020-09-03,14,0.0,30.22,-93.22,24
IMO9627966,Wilpride,LNG,SGSIN,Singapore,2021-04-16,2021-04-19,225,8678.6,1.28,103.85,25
IMO9627966,Wilpride,LNG,SGSIN,Singapore,2021-05-03,2021-05-06,14,0.0,1.28,103.85,26
IMO9627966,Wilpride,LNG,USCMR,Cameron / Lake Charles,2022-03-23,2022-03-26,321,8678.6,30.22,-93.22,27
IMO9627966,Wilpride,LNG,USCMR,Cameron / Lake Charles,2022-04-09,2022-04-12,14,0.0,30.22,-93.22,28
IMO9627966,Wilpride,LNG,USCMR,Cameron / Lake Charles,2022-08-11,2022-08-14,121,0.0,30.22,-93.22,29
IMO9627966,Wilpride,LNG,USCMR,Cameron / Lake Charles,2022-08-28,2022-08-31,14,0.0,30.22,-93.22,30
IMO9629366,Princess Vanya,Tankers,KRUSN,Ulsan,2022-09-21,2022-09-24,14,0.0,35.5,129.38,1
IMO9629366,Princess Vanya,Tankers,KWMFA,Mina Al Ahmadi,2023-05-16,2023-05-19,234,4023.0,29.07,48.15,2
IMO9629366,Princess Vanya,Tankers,SAYNB,Yanbu,2024-02-05,2024-02-08,262,618.4,24.09,38.06,3
IMO9629366,Princess Vanya,Tankers,SAYNB,Yanbu,2024-04-05,2024-04-08,57,0.0,24.09,38.06,4
IMO9629366,Princess Vanya,Tankers,SARRT,Ras Tanura,2025-08-27,2025-08-30,506,673.9,26.65,50.16,5
IMO9629378,Sea Calm,Tankers,SARRT,Ras Tanura,2021-01-19,2021-01-22,0,0.0,26.65,50.16,1
IMO9629378,Sea Calm,Tankers,KWMFA,Mina Al Ahmadi,2022-04-20,2022-04-23,453,180.3,29.07,48.15,2
IMO9629378,Sea Calm,Tankers,NLRTM,Rotterdam,2022-05-07,2022-05-10,14,2367.9,51.92,4.47,3
IMO9629378,Sea Calm,Tankers,KWMFA,Mina Al Ahmadi,2023-04-20,2023-04-23,345,2367.9,29.07,48.15,4
IMO9629378,Sea Calm,Tankers,KRUSN,Ulsan,2023-05-07,2023-05-10,14,4023.0,35.5,129.38,5
IMO9629378,Sea Calm,Tankers,SARRT,Ras Tanura,2026-01-05,2026-01-08,971,4000.9,26.65,50.16,6
IMO9629586,Yenisei River,LNG,KRUSN,Ulsan,2011-05-31,2011-06-03,0,0.0,35.5,129.38,1
IMO9629586,Yenisei River,LNG,KRUSN,Ulsan,2011-06-17,2011-06-20,14,0.0,35.5,129.38,2
IMO9629586,Yenisei River,LNG,SGSIN,Singapore,2013-09-20,2013-09-23,823,2499.7,1.28,103.85,3
IMO9629586,Yenisei River,LNG,SGSIN,Singapore,2013-10-07,2013-10-10,14,0.0,1.28,103.85,4
IMO9629586,Yenisei River,LNG,QARLF,Ras Laffan,2016-11-01,2016-11-04,1118,3361.5,25.92,51.53,5
IMO9629586,Yenisei River,LNG,QARLF,Ras Laffan,2016-11-18,2016-11-21,14,0.0,25.92,51.53,6
IMO9629586,Yenisei River,LNG,QARLF,Ras Laffan,2017-01-20,2017-01-23,60,0.0,25.92,51.53,7
IMO9629586,Yenisei River,LNG,QARLF,Ras Laffan,2017-02-06,2017-02-09,14,0.0,25.92,51.53,8
IMO9629586,Yenisei River,LNG,NLRTM,Rotterdam,2017-03-21,2017-03-24,40,2628.7,51.92,4.47,9
IMO9629586,Yenisei River,LNG,NLRTM,Rotterdam,2017-04-07,2017-04-10,14,0.0,51.92,4.47,10
IMO9629586,Yenisei River,LNG,NGBON,Bonny,2017-04-10,2017-04-13,1,2853.3,4.45,7.16,11
IMO9629586,Yenisei River,LNG,NGBON,Bonny,2017-04-27,2017-04-30,14,0.0,4.45,7.16,12
IMO9629586,Yenisei River,LNG,NGBON,Bonny,2017-06-07,2017-06-10,38,0.0,4.45,7.16,13
IMO9629586,Yenisei River,LNG,NGBON,Bonny,2017-06-24,2017-06-27,14,0.0,4.45,7.16,14
IMO9629586,Yenisei River,LNG,QARLF,Ras Laffan,2017-07-11,2017-07-14,14,2855.1,25.92,51.53,15
IMO9629586,Yenisei River,LNG,QARLF,Ras Laffan,2017-07-28,2017-07-31,14,0.0,25.92,51.53,16
IMO9629586,Yenisei River,LNG,QARLF,Ras Laffan,2017-09-12,2017-09-15,43,0.0,25.92,51.53,17
IMO9629586,Yenisei River,LNG,QARLF,Ras Laffan,2017-09-29,2017-10-02,14,0.0,25.92,51.53,18
IMO9629586,Yenisei River,LNG,NGBON,Bonny,2018-12-04,2018-12-07,428,2855.1,4.45,7.16,19
IMO9629586,Yenisei River,LNG,NGBON,Bonny,2018-12-21,2018-12-24,14,0.0,4.45,7.16,20
IMO9629598,Lena River,LNG,NGBON,Bonny,2014-09-25,2014-09-28,0,0.0,4.45,7.16,1
IMO9629598,Lena River,LNG,NGBON,Bonny,2014-10-12,2014-10-15,14,0.0,4.45,7.16,2
IMO9629598,Lena River,LNG,AUDRW,Darwin,2015-11-30,2015-12-03,411,7434.3,-12.46,130.84,3
IMO9629598,Lena River,LNG,AUDRW,Darwin,2015-12-17,2015-12-20,14,0.0,-12.46,130.84,4
IMO9629598,Lena River,LNG,AUGLT,Gladstone,2016-09-13,2016-09-16,268,1347.9,-23.84,151.26,5
IMO9629598,Lena River,LNG,AUGLT,Gladstone,2016-09-30,2016-10-03,14,0.0,-23.84,151.26,6
IMO9629598,Lena River,LNG,AUGLT,Gladstone,2017-03-01,2017-03-04,149,0.0,-23.84,151.26,7
IMO9629598,Lena River,LNG,AUGLT,Gladstone,2017-03-18,2017-03-21,14,0.0,-23.84,151.26,8
IMO9629598,Lena River,LNG,QARLF,Ras Laffan,2017-09-29,2017-10-02,192,6508.6,25.92,51.53,9
IMO9629598,Lena River,LNG,QARLF,Ras Laffan,2017-10-16,2017-10-19,14,0.0,25.92,51.53,10
IMO9629598,Lena River,LNG,USSPG,Sabine Pass,2018-07-06,2018-07-09,260,6917.9,29.73,-93.87,11
IMO9629598,Lena River,LNG,USSPG,Sabine Pass,2018-07-23,2018-07-26,14,0.0,29.73,-93.87,12
IMO9629598,Lena River,LNG,USSPG,Sabine Pass,2021-05-12,2021-05-15,1021,0.0,29.73,-93.87,13
IMO9629598,Lena River,LNG,USSPG,Sabine Pass,2021-05-29,2021-06-01,14,0.0,29.73,-93.87,14
IMO9630004,Velikiy Novgorod,LNG,NGBON,Bonny,2016-09-19,2016-09-22,0,0.0,4.45,7.16,1
IMO9630004,Velikiy Novgorod,LNG,NGBON,Bonny,2016-10-06,2016-10-09,14,0.0,4.45,7.16,2
IMO9630004,Velikiy Novgorod,LNG,QARLF,Ras Laffan,2019-05-09,2019-05-12,942,2855.1,25.92,51.53,3
IMO9630004,Velikiy Novgorod,LNG,QARLF,Ras Laffan,2019-05-26,2019-05-29,14,0.0,25.92,51.53,4
IMO9630028,Pskov,LNG,KRUSN,Ulsan,2014-10-06,2014-10-09,0,0.0,35.5,129.38,1
IMO9630028,Pskov,LNG,KRUSN,Ulsan,2014-10-23,2014-10-26,14,0.0,35.5,129.38,2
IMO9630028,Pskov,LNG,QARLF,Ras Laffan,2015-02-20,2015-02-23,117,3958.1,25.92,51.53,3
IMO9630028,Pskov,LNG,QARLF,Ras Laffan,2015-03-09,2015-03-12,14,0.0,25.92,51.53,4
IMO9630028,Pskov,LNG,NGBON,Bonny,2015-03-10,2015-03-13,1,2855.1,4.45,7.16,5
IMO9630028,Pskov,LNG,NGBON,Bonny,2015-03-27,2015-03-30,14,0.0,4.45,7.16,6
IMO9630028,Pskov,LNG,AUGLT,Gladstone,2016-05-16,2016-05-19,413,8427.2,-23.84,151.26,7
IMO9630028,Pskov,LNG,AUGLT,Gladstone,2016-06-02,2016-06-05,14,0.0,-23.84,151.26,8
IMO9630028,Pskov,LNG,NGBON,Bonny,2017-05-02,2017-05-05,331,8427.2,4.45,7.16,9
IMO9630028,Pskov,LNG,NGBON,Bonny,2017-05-19,2017-05-22,14,0.0,4.45,7.16,10
IMO9630728,Norgas Alameda,LPG,SGSIN,Singapore,2019-03-21,2019-03-24,0,0.0,1.28,103.85,1
IMO9633161,Woodside Goode,LNG,AUGLT,Gladstone,2016-12-20,2016-12-23,0,0.0,-23.84,151.26,1
IMO9633161,Woodside Goode,LNG,AUGLT,Gladstone,2017-01-06,2017-01-09,14,0.0,-23.84,151.26,2
IMO9633173,Maran Gas Delphi,LNG,AUGLT,Gladstone,2017-05-18,2017-05-21,0,0.0,-23.84,151.26,1
IMO9633173,Maran Gas Delphi,LNG,AUGLT,Gladstone,2017-06-04,2017-06-07,14,0.0,-23.84,151.26,2
IMO9633173,Maran Gas Delphi,LNG,SGSIN,Singapore,2017-08-17,2017-08-20,71,3147.5,1.28,103.85,3
IMO9633173,Maran Gas Delphi,LNG,SGSIN,Singapore,2017-09-03,2017-09-06,14,0.0,1.28,103.85,4
IMO9633173,Maran Gas Delphi,LNG,QARLF,Ras Laffan,2020-04-29,2020-05-02,966,3361.5,25.92,51.53,5
IMO9633173,Maran Gas Delphi,LNG,QARLF,Ras Laffan,2020-05-16,2020-05-19,14,0.0,25.92,51.53,6
IMO9633173,Maran Gas Delphi,LNG,USCMR,Cameron / Lake Charles,2021-08-31,2021-09-03,469,6874.5,30.22,-93.22,7
IMO9633173,Maran Gas Delphi,LNG,USCMR,Cameron / Lake Charles,2021-09-17,2021-09-20,14,0.0,30.22,-93.22,8
IMO9633422,Maran Gas Apollonia,LNG,QARLF,Ras Laffan,2017-09-05,2017-09-08,0,0.0,25.92,51.53,1
IMO9633422,Maran Gas Apollonia,LNG,QARLF,Ras Laffan,2017-09-22,2017-09-25,14,0.0,25.92,51.53,2
IMO9633422,Maran Gas Apollonia,LNG,AEFJR,Fujairah,2019-05-16,2019-05-19,598,264.9,25.13,56.34,3
IMO9633422,Maran Gas Apollonia,LNG,AEFJR,Fujairah,2019-06-02,2019-06-05,14,0.0,25.13,56.34,4
IMO9633422,Maran Gas Apollonia,LNG,USCRP,Corpus Christi,2021-04-14,2021-04-17,679,7284.6,27.81,-97.39,5
IMO9633422,Maran Gas Apollonia,LNG,USCRP,Corpus Christi,2021-05-01,2021-05-04,14,0.0,27.81,-97.39,6
IMO9633422,Maran Gas Apollonia,LNG,USSPG,Sabine Pass,2023-06-22,2023-06-25,779,218.2,29.73,-93.87,7
IMO9633422,Maran Gas Apollonia,LNG,USSPG,Sabine Pass,2023-07-09,2023-07-12,14,0.0,29.73,-93.87,8
IMO9633434,Maran Gas Posidonia,LNG,AEFJR,Fujairah,2019-01-17,2019-01-20,0,0.0,25.13,56.34,1
IMO9633434,Maran Gas Posidonia,LNG,AEFJR,Fujairah,2019-02-03,2019-02-06,14,0.0,25.13,56.34,2
IMO9633434,Maran Gas Posidonia,LNG,USSPG,Sabine Pass,2019-11-25,2019-11-28,292,7093.4,29.73,-93.87,5
IMO9633434,Maran Gas Posidonia,LNG,USSPG,Sabine Pass,2019-12-12,2019-12-15,14,0.0,29.73,-93.87,6
IMO9633434,Maran Gas Posidonia,LNG,USCRP,Corpus Christi,2021-02-03,2021-02-06,416,218.2,27.81,-97.39,7
IMO9633434,Maran Gas Posidonia,LNG,USCRP,Corpus Christi,2021-02-20,2021-02-23,14,0.0,27.81,-97.39,8
IMO9633434,Maran Gas Posidonia,LNG,MYBTU,Bintulu,2023-08-16,2023-08-19,904,8246.2,3.2,113.04,9
IMO9633434,Maran Gas Posidonia,LNG,MYBTU,Bintulu,2023-09-02,2023-09-05,14,0.0,3.2,113.04,10
IMO9633446,Novo,Tankers,SARRT,Ras Tanura,2019-09-19,2019-09-22,0,0.0,26.65,50.16,1
IMO9633446,Novo,Tankers,INSIK,Sikka / Jamnagar,2019-10-06,2019-10-09,14,1103.0,22.43,69.84,2
IMO9633446,Novo,Tankers,QARLF,Ras Laffan,2020-11-22,2020-11-25,410,1023.6,25.92,51.53,3
IMO9633446,Novo,Tankers,AEFJR,Fujairah,2020-12-09,2020-12-12,14,264.9,25.13,56.34,4
IMO9633446,Novo,Tankers,SGSIN,Singapore,2020-12-26,2020-12-29,14,3099.3,1.28,103.85,5
IMO9633446,Novo,Tankers,AEFJR,Fujairah,2021-10-15,2021-10-18,290,3099.3,25.13,56.34,6
IMO9633446,Novo,Tankers,INSIK,Sikka / Jamnagar,2021-11-01,2021-11-04,14,758.9,22.43,69.84,7
IMO9633446,Novo,Tankers,CNNGB,Ningbo-Zhoushan,2021-11-18,2021-11-21,14,2799.7,29.87,121.55,8
IMO9633446,Novo,Tankers,SARRT,Ras Tanura,2024-02-05,2024-02-08,806,3717.6,26.65,50.16,9
IMO9633446,Novo,Tankers,DZAZW,Arzew,2024-02-26,2024-02-29,18,2619.7,35.85,-0.31,10
IMO9633446,Novo,Tankers,KWMFA,Mina Al Ahmadi,2024-10-04,2024-10-07,218,2463.5,29.07,48.15,11
IMO9633458,Odessa,Tankers,QARLF,Ras Laffan,2018-07-03,2018-07-06,0,0.0,25.92,51.53,1
IMO9633458,Odessa,Tankers,SARRT,Ras Tanura,2018-12-03,2018-12-06,150,85.8,26.65,50.16,2
IMO9633458,Odessa,Tankers,SARRT,Ras Tanura,2019-04-22,2019-04-25,137,0.0,26.65,50.16,3
IMO9633458,ZOUZOU N,Tankers,CNNGB,Ningbo-Zhoushan,2019-07-16,2019-07-19,14,0.0,29.87,121.55,1
IMO9633458,Odessa,Tankers,SARRT,Ras Tanura,2020-12-28,2020-12-31,613,0.0,26.65,50.16,4
IMO9633458,Odessa,Tankers,QARLF,Ras Laffan,2022-11-06,2022-11-09,675,85.8,25.92,51.53,5
IMO9633458,Odessa,Tankers,AEFJR,Fujairah,2022-12-11,2022-12-14,32,264.9,25.13,56.34,6
IMO9633991,Energos Igloo,LNG,KWMFA,Mina Al Ahmadi,2015-09-09,2015-09-12,0,0.0,29.07,48.15,1
IMO9633991,Energos Igloo,LNG,KWMFA,Mina Al Ahmadi,2015-09-26,2015-09-29,14,0.0,29.07,48.15,2
IMO9634086,Gaslog Seattle,LNG,USCMR,Cameron / Lake Charles,2019-12-13,2019-12-16,0,0.0,30.22,-93.22,1
IMO9634086,Gaslog Seattle,LNG,USCMR,Cameron / Lake Charles,2019-12-30,2020-01-02,14,0.0,30.22,-93.22,2
IMO9634086,Gaslog Seattle,LNG,SGSIN,Singapore,2021-07-01,2021-07-04,546,8678.6,1.28,103.85,3
IMO9634086,Gaslog Seattle,LNG,SGSIN,Singapore,2021-07-18,2021-07-21,14,0.0,1.28,103.85,4
IMO9634086,Gaslog Seattle,LNG,SGSIN,Singapore,2023-11-02,2023-11-05,834,0.0,1.28,103.85,5
IMO9634086,Gaslog Seattle,LNG,SGSIN,Singapore,2023-11-19,2023-11-22,14,0.0,1.28,103.85,6
IMO9634098,Solaris,LNG,QARLF,Ras Laffan,2017-09-11,2017-09-14,0,0.0,25.92,51.53,1
IMO9634098,Solaris,LNG,QARLF,Ras Laffan,2017-09-28,2017-10-01,14,0.0,25.92,51.53,2
IMO9635300,Gas Al Ahmadiah,LPG,QARLF,Ras Laffan,2020-11-12,2020-11-15,0,0.0,25.92,51.53,1
IMO9635300,Gas al Ahmadiah,LPG,AUDAM,Dampier,2022-08-11,2022-08-14,0,0.0,-20.65,116.71,1
IMO9635315,Kool Blizzard,LNG,QARLF,Ras Laffan,2015-10-29,2015-11-01,0,0.0,25.92,51.53,1
IMO9635315,Kool Blizzard,LNG,QARLF,Ras Laffan,2015-11-15,2015-11-18,14,0.0,25.92,51.53,2
IMO9635315,Kool Blizzard,LNG,QARLF,Ras Laffan,2015-11-24,2015-11-27,6,0.0,25.92,51.53,3
IMO9635315,Kool Blizzard,LNG,QARLF,Ras Laffan,2015-12-11,2015-12-14,14,0.0,25.92,51.53,4
IMO9635315,Kool Blizzard,LNG,QARLF,Ras Laffan,2016-04-13,2016-04-16,121,0.0,25.92,51.53,5
IMO9635315,Kool Blizzard,LNG,QARLF,Ras Laffan,2016-04-30,2016-05-03,14,0.0,25.92,51.53,6
IMO9635315,Kool Blizzard,LNG,QARLF,Ras Laffan,2016-06-09,2016-06-12,37,0.0,25.92,51.53,7
IMO9635315,Kool Blizzard,LNG,QARLF,Ras Laffan,2016-06-26,2016-06-29,14,0.0,25.92,51.53,8
IMO9635315,Kool Blizzard,LNG,QARLF,Ras Laffan,2017-03-13,2017-03-16,257,0.0,25.92,51.53,9
IMO9635315,Kool Blizzard,LNG,QARLF,Ras Laffan,2017-03-30,2017-04-02,14,0.0,25.92,51.53,10
IMO9635315,Kool Blizzard,LNG,QARLF,Ras Laffan,2017-06-15,2017-06-18,74,0.0,25.92,51.53,11
IMO9635315,Kool Blizzard,LNG,NGBON,Bonny,2017-06-19,2017-06-22,1,2855.1,4.45,7.16,13
IMO9635315,Kool Blizzard,LNG,QARLF,Ras Laffan,2017-07-02,2017-07-05,14,0.0,25.92,51.53,12
IMO9635315,Kool Blizzard,LNG,NGBON,Bonny,2017-07-06,2017-07-09,14,0.0,4.45,7.16,14
IMO9635315,Kool Blizzard,LNG,DZAZW,Arzew,2017-08-30,2017-09-02,52,1930.1,35.85,-0.31,15
IMO9635315,Kool Blizzard,LNG,DZAZW,Arzew,2017-09-16,2017-09-19,14,0.0,35.85,-0.31,16
IMO9635315,Kool Blizzard,LNG,NGBON,Bonny,2018-09-27,2018-09-30,373,1930.1,4.45,7.16,17
IMO9635315,Kool Blizzard,LNG,NGBON,Bonny,2018-10-14,2018-10-17,14,0.0,4.45,7.16,18
IMO9635315,Kool Blizzard,LNG,QARLF,Ras Laffan,2019-02-08,2019-02-11,114,2855.1,25.92,51.53,19
IMO9635315,Kool Blizzard,LNG,QARLF,Ras Laffan,2019-02-25,2019-02-28,14,0.0,25.92,51.53,20
IMO9635315,Kool Blizzard,LNG,QARLF,Ras Laffan,2019-03-15,2019-03-18,15,0.0,25.92,51.53,21
IMO9635315,Kool Blizzard,LNG,QARLF,Ras Laffan,2019-04-01,2019-04-04,14,0.0,25.92,51.53,22
IMO9635315,Kool Blizzard,LNG,USCMR,Cameron / Lake Charles,2021-11-03,2021-11-06,944,6874.5,30.22,-93.22,23
IMO9635315,Kool Blizzard,LNG,USCMR,Cameron / Lake Charles,2021-11-20,2021-11-23,14,0.0,30.22,-93.22,24
IMO9635315,Kool Blizzard,LNG,USCVP,Cove Point,2023-06-21,2023-06-24,575,966.3,38.39,-76.38,25
IMO9635315,Kool Blizzard,LNG,USCVP,Cove Point,2023-07-08,2023-07-11,14,0.0,38.39,-76.38,26
IMO9636711,Corcovado Lng,LNG,QARLF,Ras Laffan,2015-03-17,2015-03-20,0,0.0,25.92,51.53,1
IMO9636711,Corcovado Lng,LNG,QARLF,Ras Laffan,2015-04-03,2015-04-06,14,0.0,25.92,51.53,2
IMO9636711,Corcovado Lng,LNG,QARLF,Ras Laffan,2015-06-26,2015-06-29,81,0.0,25.92,51.53,3
IMO9636711,Corcovado Lng,LNG,QARLF,Ras Laffan,2015-07-13,2015-07-16,14,0.0,25.92,51.53,4
IMO9636711,Corcovado Lng,LNG,QARLF,Ras Laffan,2015-08-31,2015-09-03,46,0.0,25.92,51.53,5
IMO9636711,Corcovado Lng,LNG,QARLF,Ras Laffan,2015-09-17,2015-09-20,14,0.0,25.92,51.53,6
IMO9636711,Corcovado Lng,LNG,NLRTM,Rotterdam,2016-02-02,2016-02-05,135,2628.7,51.92,4.47,7
IMO9636711,Corcovado Lng,LNG,NLRTM,Rotterdam,2016-02-19,2016-02-22,14,0.0,51.92,4.47,8
IMO9636711,Corcovado Lng,LNG,QARLF,Ras Laffan,2016-04-21,2016-04-24,59,2628.7,25.92,51.53,9
IMO9636711,Corcovado Lng,LNG,QARLF,Ras Laffan,2016-05-08,2016-05-11,14,0.0,25.92,51.53,10
IMO9636711,Corcovado Lng,LNG,SGSIN,Singapore,2016-07-20,2016-07-23,70,3361.5,1.28,103.85,11
IMO9636711,Corcovado Lng,LNG,SGSIN,Singapore,2016-08-06,2016-08-09,14,0.0,1.28,103.85,12
IMO9636711,Corcovado Lng,LNG,AUGLT,Gladstone,2016-08-24,2016-08-27,15,3147.5,-23.84,151.26,13
IMO9636711,Corcovado Lng,LNG,AUGLT,Gladstone,2016-09-10,2016-09-13,14,0.0,-23.84,151.26,14
IMO9636711,Corcovado Lng,LNG,SGSIN,Singapore,2017-01-11,2017-01-14,120,3147.5,1.28,103.85,15
IMO9636711,Corcovado Lng,LNG,SGSIN,Singapore,2017-01-28,2017-01-31,14,0.0,1.28,103.85,16
IMO9636711,Corcovado Lng,LNG,QARLF,Ras Laffan,2017-07-18,2017-07-21,168,3361.5,25.92,51.53,17
IMO9636711,Corcovado Lng,LNG,QARLF,Ras Laffan,2017-08-04,2017-08-07,14,0.0,25.92,51.53,18
IMO9636711,Corcovado Lng,LNG,QARLF,Ras Laffan,2017-08-09,2017-08-12,2,0.0,25.92,51.53,19
IMO9636711,Corcovado Lng,LNG,QARLF,Ras Laffan,2017-08-26,2017-08-29,14,0.0,25.92,51.53,20
IMO9636711,Corcovado Lng,LNG,AUGLT,Gladstone,2018-02-23,2018-02-26,178,6508.6,-23.84,151.26,21
IMO9636711,Corcovado Lng,LNG,AUGLT,Gladstone,2018-03-12,2018-03-15,14,0.0,-23.84,151.26,22
IMO9636711,Corcovado Lng,LNG,NLRTM,Rotterdam,2018-06-01,2018-06-04,78,8537.7,51.92,4.47,23
IMO9636711,Corcovado Lng,LNG,NLRTM,Rotterdam,2018-06-18,2018-06-21,14,0.0,51.92,4.47,24
IMO9636711,Corcovado Lng,LNG,NGBON,Bonny,2020-02-10,2020-02-13,599,2853.3,4.45,7.16,25
IMO9636711,Corcovado Lng,LNG,NGBON,Bonny,2020-02-27,2020-03-01,14,0.0,4.45,7.16,26
IMO9636711,Corcovado Lng,LNG,NGBON,Bonny,2020-04-15,2020-04-18,45,0.0,4.45,7.16,27
IMO9636711,Corcovado Lng,LNG,NGBON,Bonny,2020-05-02,2020-05-05,14,0.0,4.45,7.16,28
IMO9636711,Corcovado Lng,LNG,QARLF,Ras Laffan,2021-03-25,2021-03-28,324,2855.1,25.92,51.53,29
IMO9636711,Corcovado Lng,LNG,QARLF,Ras Laffan,2021-04-11,2021-04-14,14,0.0,25.92,51.53,30
IMO9636723,Kita Lng,LNG,NGBON,Bonny,2015-02-19,2015-02-22,0,0.0,4.45,7.16,1
IMO9636723,Kita Lng,LNG,NGBON,Bonny,2015-03-08,2015-03-11,14,0.0,4.45,7.16,2
IMO9636723,Kita Lng,LNG,MYBTU,Bintulu,2015-06-29,2015-07-02,110,6337.1,3.2,113.04,3
IMO9636723,Kita Lng,LNG,MYBTU,Bintulu,2015-07-16,2015-07-19,14,0.0,3.2,113.04,4
IMO9636723,Kita Lng,LNG,QARLF,Ras Laffan,2015-08-31,2015-09-03,43,3787.3,25.92,51.53,5
IMO9636723,Kita Lng,LNG,QARLF,Ras Laffan,2015-09-17,2015-09-20,14,0.0,25.92,51.53,6
IMO9636723,Kita Lng,LNG,AUGLT,Gladstone,2016-01-26,2016-01-29,128,6508.6,-23.84,151.26,7
IMO9636723,Kita Lng,LNG,AUGLT,Gladstone,2016-02-12,2016-02-15,14,0.0,-23.84,151.26,8
IMO9636723,Kita Lng,LNG,NGBON,Bonny,2017-03-20,2017-03-23,399,8427.2,4.45,7.16,9
IMO9636723,Kita Lng,LNG,NGBON,Bonny,2017-04-06,2017-04-09,14,0.0,4.45,7.16,10
IMO9636723,Kita Lng,LNG,QARLF,Ras Laffan,2017-09-20,2017-09-23,164,2855.1,25.92,51.53,11
IMO9636723,Kita Lng,LNG,QARLF,Ras Laffan,2017-10-07,2017-10-10,14,0.0,25.92,51.53,12
IMO9636723,Kita Lng,LNG,NGBON,Bonny,2019-08-27,2019-08-30,686,2855.1,4.45,7.16,13
IMO9636723,Kita Lng,LNG,NGBON,Bonny,2019-09-13,2019-09-16,14,0.0,4.45,7.16,14
IMO9636723,Kita Lng,LNG,NGBON,Bonny,2019-11-06,2019-11-09,51,0.0,4.45,7.16,15
IMO9636723,Kita Lng,LNG,NGBON,Bonny,2019-11-23,2019-11-26,14,0.0,4.45,7.16,16
IMO9636735,Palu LNG,LNG,SGSIN,Singapore,2014-07-31,2014-08-03,0,0.0,1.28,103.85,1
IMO9636735,Palu LNG,LNG,SGSIN,Singapore,2014-08-17,2014-08-20,14,0.0,1.28,103.85,2
IMO9636735,Palu LNG,LNG,QARLF,Ras Laffan,2015-03-02,2015-03-05,194,3361.5,25.92,51.53,3
IMO9636735,Palu LNG,LNG,QARLF,Ras Laffan,2015-03-19,2015-03-22,14,0.0,25.92,51.53,4
IMO9636735,Palu LNG,LNG,USSPG,Sabine Pass,2016-11-08,2016-11-11,597,6917.9,29.73,-93.87,5
IMO9636735,Palu LNG,LNG,USSPG,Sabine Pass,2016-11-25,2016-11-28,14,0.0,29.73,-93.87,6
IMO9636735,Palu LNG,LNG,AUGLT,Gladstone,2017-04-25,2017-04-28,148,7343.5,-23.84,151.26,7
IMO9636735,Palu LNG,LNG,AUGLT,Gladstone,2017-05-12,2017-05-15,14,0.0,-23.84,151.26,8
IMO9636735,Palu LNG,LNG,QARLF,Ras Laffan,2018-05-30,2018-06-02,380,6508.6,25.92,51.53,9
IMO9636735,Palu LNG,LNG,QARLF,Ras Laffan,2018-06-16,2018-06-19,14,0.0,25.92,51.53,10
IMO9636735,Palu LNG,LNG,QARLF,Ras Laffan,2018-09-13,2018-09-16,86,0.0,25.92,51.53,11
IMO9636735,Palu LNG,LNG,QARLF,Ras Laffan,2018-09-30,2018-10-03,14,0.0,25.92,51.53,12
IMO9636735,Palu LNG,LNG,AUGLT,Gladstone,2023-09-20,2023-09-23,1813,6508.6,-23.84,151.26,13
IMO9636735,Palu LNG,LNG,AUGLT,Gladstone,2023-10-07,2023-10-10,14,0.0,-23.84,151.26,14
IMO9636747,Yari LNG,LNG,SGSIN,Singapore,2014-11-25,2014-11-28,0,0.0,1.28,103.85,1
IMO9636747,Yari LNG,LNG,SGSIN,Singapore,2014-12-12,2014-12-15,14,0.0,1.28,103.85,2
IMO9636747,Yari LNG,LNG,QARLF,Ras Laffan,2015-02-13,2015-02-16,60,3361.5,25.92,51.53,3
IMO9636747,Yari LNG,LNG,QARLF,Ras Laffan,2015-03-02,2015-03-05,14,0.0,25.92,51.53,4
IMO9636747,Yari LNG,LNG,QARLF,Ras Laffan,2015-08-31,2015-09-03,179,0.0,25.92,51.53,5
IMO9636747,Yari LNG,LNG,QARLF,Ras Laffan,2015-09-17,2015-09-20,14,0.0,25.92,51.53,6
IMO9636747,Yari LNG,LNG,QARLF,Ras Laffan,2016-07-12,2016-07-15,296,0.0,25.92,51.53,7
IMO9636747,Yari LNG,LNG,QARLF,Ras Laffan,2016-07-29,2016-08-01,14,0.0,25.92,51.53,8
IMO9636747,Yari LNG,LNG,QARLF,Ras Laffan,2016-08-31,2016-09-03,30,0.0,25.92,51.53,9
IMO9636747,Yari LNG,LNG,QARLF,Ras Laffan,2016-09-17,2016-09-20,14,0.0,25.92,51.53,10
IMO9636747,Yari LNG,LNG,QARLF,Ras Laffan,2016-11-07,2016-11-10,48,0.0,25.92,51.53,11
IMO9636747,Yari LNG,LNG,QARLF,Ras Laffan,2016-11-24,2016-11-27,14,0.0,25.92,51.53,12
IMO9636747,Yari LNG,LNG,QARLF,Ras Laffan,2017-03-30,2017-04-02,123,0.0,25.92,51.53,13
IMO9636747,Yari LNG,LNG,QARLF,Ras Laffan,2017-04-16,2017-04-19,14,0.0,25.92,51.53,14
IMO9636747,Yari LNG,LNG,USCVP,Cove Point,2018-04-06,2018-04-09,352,5962.3,38.39,-76.38,15
IMO9636747,Yari LNG,LNG,USCVP,Cove Point,2018-04-23,2018-04-26,14,0.0,38.39,-76.38,16
IMO9636747,Yari LNG,LNG,QARLF,Ras Laffan,2018-07-24,2018-07-27,89,5962.3,25.92,51.53,17
IMO9636747,Yari LNG,LNG,QARLF,Ras Laffan,2018-08-10,2018-08-13,14,0.0,25.92,51.53,18
IMO9636747,Yari LNG,LNG,QARLF,Ras Laffan,2020-04-21,2020-04-24,617,0.0,25.92,51.53,19
IMO9636747,Yari LNG,LNG,QARLF,Ras Laffan,2020-05-08,2020-05-11,14,0.0,25.92,51.53,20
IMO9636747,Yari LNG,LNG,QARLF,Ras Laffan,2022-03-31,2022-04-03,689,0.0,25.92,51.53,21
IMO9636747,Yari LNG,LNG,QARLF,Ras Laffan,2022-04-17,2022-04-20,14,0.0,25.92,51.53,22
IMO9636785,Cool Voyager,LNG,SGSIN,Singapore,2014-09-03,2014-09-06,0,0.0,1.28,103.85,1
IMO9636785,Cool Voyager,LNG,SGSIN,Singapore,2014-09-20,2014-09-23,14,0.0,1.28,103.85,2
IMO9636785,Cool Voyager,LNG,QARLF,Ras Laffan,2015-07-07,2015-07-10,287,3361.5,25.92,51.53,3
IMO9636785,Cool Voyager,LNG,QARLF,Ras Laffan,2015-07-24,2015-07-27,14,0.0,25.92,51.53,4
IMO9636785,Cool Voyager,LNG,QARLF,Ras Laffan,2015-09-03,2015-09-06,38,0.0,25.92,51.53,5
IMO9636785,Cool Voyager,LNG,QARLF,Ras Laffan,2015-09-20,2015-09-23,14,0.0,25.92,51.53,6
IMO9636785,Cool Voyager,LNG,QARLF,Ras Laffan,2017-01-12,2017-01-15,477,0.0,25.92,51.53,7
IMO9636785,Cool Voyager,LNG,QARLF,Ras Laffan,2017-01-29,2017-02-01,14,0.0,25.92,51.53,8
IMO9636785,Cool Voyager,LNG,QARLF,Ras Laffan,2017-07-06,2017-07-09,155,0.0,25.92,51.53,9
IMO9636785,Cool Voyager,LNG,QARLF,Ras Laffan,2017-07-23,2017-07-26,14,0.0,25.92,51.53,10
IMO9636797,Cool Runner,LNG,QARLF,Ras Laffan,2014-06-13,2014-06-16,0,0.0,25.92,51.53,1
IMO9636797,Cool Runner,LNG,QARLF,Ras Laffan,2014-06-30,2014-07-03,14,0.0,25.92,51.53,2
IMO9637325,Kool Ice,LNG,QARLF,Ras Laffan,2015-06-29,2015-07-02,0,0.0,25.92,51.53,1
IMO9637325,Kool Ice,LNG,SGSIN,Singapore,2015-06-30,2015-07-03,1,3361.5,1.28,103.85,3
IMO9637325,Kool Ice,LNG,QARLF,Ras Laffan,2015-07-16,2015-07-19,14,0.0,25.92,51.53,2
IMO9637325,Kool Ice,LNG,SGSIN,Singapore,2015-07-17,2015-07-20,14,0.0,1.28,103.85,4
IMO9637325,Kool Ice,LNG,QARLF,Ras Laffan,2016-06-13,2016-06-16,329,3361.5,25.92,51.53,5
IMO9637325,Kool Ice,LNG,QARLF,Ras Laffan,2016-06-30,2016-07-03,14,0.0,25.92,51.53,6
IMO9637325,Kool Ice,LNG,NOHFT,Hammerfest,2016-07-01,2016-07-04,1,2850.9,70.66,23.68,7
IMO9637325,Kool Ice,LNG,NOHFT,Hammerfest,2016-07-18,2016-07-21,14,0.0,70.66,23.68,8
IMO9637325,Kool Ice,LNG,QARLF,Ras Laffan,2017-03-31,2017-04-03,253,2850.9,25.92,51.53,9
IMO9637325,Kool Ice,LNG,QARLF,Ras Laffan,2017-04-17,2017-04-20,14,0.0,25.92,51.53,10
IMO9637325,Kool Ice,LNG,QARLF,Ras Laffan,2017-07-31,2017-08-03,102,0.0,25.92,51.53,11
IMO9637325,Kool Ice,LNG,QARLF,Ras Laffan,2017-08-17,2017-08-20,14,0.0,25.92,51.53,12
IMO9637325,Kool Ice,LNG,QARLF,Ras Laffan,2017-09-03,2017-09-06,14,0.0,25.92,51.53,14
IMO9637325,Kool Ice,LNG,QARLF,Ras Laffan,2018-05-04,2018-05-07,240,0.0,25.92,51.53,15
IMO9637325,Kool Ice,LNG,QARLF,Ras Laffan,2018-05-21,2018-05-24,14,0.0,25.92,51.53,16
IMO9637325,Kool Ice,LNG,USSPG,Sabine Pass,2019-01-08,2019-01-11,229,6917.9,29.73,-93.87,17
IMO9637325,Kool Ice,LNG,USSPG,Sabine Pass,2019-01-25,2019-01-28,14,0.0,29.73,-93.87,18
IMO9637325,Kool Ice,LNG,DZAZW,Arzew,2019-03-13,2019-03-16,44,4546.0,35.85,-0.31,19
IMO9637325,Kool Ice,LNG,DZAZW,Arzew,2019-03-30,2019-04-02,14,0.0,35.85,-0.31,20
IMO9637325,Kool Ice,LNG,USCMR,Cameron / Lake Charles,2020-02-12,2020-02-15,316,4501.6,30.22,-93.22,21
IMO9637325,Kool Ice,LNG,USCMR,Cameron / Lake Charles,2020-02-29,2020-03-03,14,0.0,30.22,-93.22,22
IMO9637492,Clean Ocean,LNG,NLRTM,Rotterdam,2017-12-22,2017-12-25,0,0.0,51.92,4.47,1
IMO9637492,Clean Ocean,LNG,NLRTM,Rotterdam,2018-01-08,2018-01-11,14,0.0,51.92,4.47,2
IMO9637492,Clean Ocean,LNG,MYBTU,Bintulu,2018-11-13,2018-11-16,306,5929.2,3.2,113.04,3
IMO9637492,Clean Ocean,LNG,MYBTU,Bintulu,2018-11-30,2018-12-03,14,0.0,3.2,113.04,4
IMO9637492,Clean Ocean,LNG,QARLF,Ras Laffan,2019-06-13,2019-06-16,192,3787.3,25.92,51.53,5
IMO9637492,Clean Ocean,LNG,QARLF,Ras Laffan,2019-06-30,2019-07-03,14,0.0,25.92,51.53,6
IMO9637507,Clean Planet,LNG,AUDRW,Darwin,2015-06-08,2015-06-11,0,0.0,-12.46,130.84,1
IMO9637507,Clean Planet,LNG,AUDRW,Darwin,2015-06-25,2015-06-28,14,0.0,-12.46,130.84,2
IMO9637507,Clean Planet,LNG,QARLF,Ras Laffan,2016-05-06,2016-05-09,313,5167.5,25.92,51.53,3
IMO9637507,Clean Planet,LNG,QARLF,Ras Laffan,2016-05-23,2016-05-26,14,0.0,25.92,51.53,4
IMO9637507,Clean Planet,LNG,AUGLT,Gladstone,2017-04-12,2017-04-15,321,6508.6,-23.84,151.26,5
IMO9637507,Clean Planet,LNG,AUGLT,Gladstone,2017-04-29,2017-05-02,14,0.0,-23.84,151.26,6
IMO9637507,Clean Planet,LNG,USSPG,Sabine Pass,2018-03-05,2018-03-08,307,7343.5,29.73,-93.87,7
IMO9637507,Clean Planet,LNG,USSPG,Sabine Pass,2018-03-22,2018-03-25,14,0.0,29.73,-93.87,8
IMO9637507,Clean Planet,LNG,NGBON,Bonny,2020-06-04,2020-06-07,802,5842.3,4.45,7.16,9
IMO9637507,Clean Planet,LNG,NGBON,Bonny,2020-06-21,2020-06-24,14,0.0,4.45,7.16,10
IMO9638674,Coral Medusa,LPG,NLRTM,Rotterdam,2021-02-25,2021-02-28,0,0.0,51.92,4.47,1
IMO9638903,Gaslog Saratoga,LNG,QARLF,Ras Laffan,2015-03-02,2015-03-05,0,0.0,25.92,51.53,1
IMO9638903,Gaslog Saratoga,LNG,QARLF,Ras Laffan,2015-03-19,2015-03-22,14,0.0,25.92,51.53,2
IMO9638903,Gaslog Saratoga,LNG,USSPG,Sabine Pass,2020-01-24,2020-01-27,1769,6917.9,29.73,-93.87,3
IMO9638903,Gaslog Saratoga,LNG,USSPG,Sabine Pass,2020-02-10,2020-02-13,14,0.0,29.73,-93.87,4
IMO9638903,Gaslog Saratoga,LNG,QARLF,Ras Laffan,2021-03-17,2021-03-20,398,6917.9,25.92,51.53,5
IMO9638903,Gaslog Saratoga,LNG,QARLF,Ras Laffan,2021-04-03,2021-04-06,14,0.0,25.92,51.53,6
IMO9638903,Gaslog Saratoga,LNG,QARLF,Ras Laffan,2021-07-06,2021-07-09,91,0.0,25.92,51.53,7
IMO9638903,Gaslog Saratoga,LNG,QARLF,Ras Laffan,2021-07-23,2021-07-26,14,0.0,25.92,51.53,8
IMO9638903,Gaslog Saratoga,LNG,AUDRW,Darwin,2022-03-23,2022-03-26,240,5167.5,-12.46,130.84,9
IMO9638903,Gaslog Saratoga,LNG,AUDRW,Darwin,2022-03-31,2022-04-03,1,0.0,-12.46,130.84,11
IMO9638903,Gaslog Saratoga,LNG,AUDRW,Darwin,2022-04-09,2022-04-12,14,0.0,-12.46,130.84,10
IMO9638903,Gaslog Saratoga,LNG,AUDRW,Darwin,2022-04-17,2022-04-20,14,0.0,-12.46,130.84,12
IMO9638915,Gaslog Salem,LNG,DZAZW,Arzew,2016-06-15,2016-06-18,0,0.0,35.85,-0.31,1
IMO9638915,Gaslog Salem,LNG,DZAZW,Arzew,2016-07-02,2016-07-05,14,0.0,35.85,-0.31,2
IMO9638915,Gaslog Salem,LNG,DZAZW,Arzew,2016-09-06,2016-09-09,63,0.0,35.85,-0.31,3
IMO9638915,Gaslog Salem,LNG,DZAZW,Arzew,2016-09-23,2016-09-26,14,0.0,35.85,-0.31,4
IMO9638915,Gaslog Salem,LNG,QARLF,Ras Laffan,2018-05-04,2018-05-07,585,2705.1,25.92,51.53,5
IMO9638915,Gaslog Salem,LNG,QARLF,Ras Laffan,2018-05-21,2018-05-24,14,0.0,25.92,51.53,6
IMO9638915,Gaslog Salem,LNG,NLRTM,Rotterdam,2018-08-15,2018-08-18,83,2628.7,51.92,4.47,7
IMO9638915,Gaslog Salem,LNG,NLRTM,Rotterdam,2018-09-01,2018-09-04,14,0.0,51.92,4.47,8
IMO9638915,Gaslog Salem,LNG,QARLF,Ras Laffan,2018-10-30,2018-11-02,56,2628.7,25.92,51.53,9
IMO9638915,Gaslog Salem,LNG,QARLF,Ras Laffan,2018-11-16,2018-11-19,14,0.0,25.92,51.53,10
IMO9638915,Gaslog Salem,LNG,QARLF,Ras Laffan,2019-04-30,2019-05-03,162,0.0,25.92,51.53,11
IMO9638915,Gaslog Salem,LNG,QARLF,Ras Laffan,2019-05-17,2019-05-20,14,0.0,25.92,51.53,12
IMO9638915,Gaslog Salem,LNG,USCMR,Cameron / Lake Charles,2021-01-03,2021-01-06,594,6874.5,30.22,-93.22,13
IMO9638915,Gaslog Salem,LNG,USCMR,Cameron / Lake Charles,2021-01-20,2021-01-23,14,0.0,30.22,-93.22,14
IMO9640016,Kitihira,LPG,USHOU,Houston,2020-01-16,2020-01-19,0,0.0,29.74,-95.27,1
IMO9640023,Cool Explorer,LNG,QARLF,Ras Laffan,2015-03-19,2015-03-22,0,0.0,25.92,51.53,1
IMO9640023,Cool Explorer,LNG,QARLF,Ras Laffan,2015-04-05,2015-04-08,14,0.0,25.92,51.53,2
IMO9640023,Cool Explorer,LNG,QARLF,Ras Laffan,2015-06-23,2015-06-26,76,0.0,25.92,51.53,3
IMO9640023,Cool Explorer,LNG,QARLF,Ras Laffan,2015-07-10,2015-07-13,14,0.0,25.92,51.53,4
IMO9640023,Cool Explorer,LNG,SGSIN,Singapore,2015-08-12,2015-08-15,30,3361.5,1.28,103.85,5
IMO9640023,Cool Explorer,LNG,SGSIN,Singapore,2015-08-29,2015-09-01,14,0.0,1.28,103.85,6
IMO9640023,Cool Explorer,LNG,QARLF,Ras Laffan,2015-12-15,2015-12-18,105,3361.5,25.92,51.53,7
IMO9640023,Cool Explorer,LNG,QARLF,Ras Laffan,2016-01-01,2016-01-04,14,0.0,25.92,51.53,8
IMO9640023,Cool Explorer,LNG,NGBON,Bonny,2016-01-13,2016-01-16,9,2855.1,4.45,7.16,9
IMO9640023,Cool Explorer,LNG,NGBON,Bonny,2016-01-30,2016-02-02,14,0.0,4.45,7.16,10
IMO9640023,Cool Explorer,LNG,DZAZW,Arzew,2017-05-02,2017-05-05,455,1930.1,35.85,-0.31,11
IMO9640023,Cool Explorer,LNG,DZAZW,Arzew,2017-05-19,2017-05-22,14,0.0,35.85,-0.31,12
IMO9640023,Cool Explorer,LNG,SGSIN,Singapore,2018-03-14,2018-03-17,296,6044.3,1.28,103.85,13
IMO9640023,Cool Explorer,LNG,SGSIN,Singapore,2018-03-31,2018-04-03,14,0.0,1.28,103.85,14
IMO9640023,Cool Explorer,LNG,USCMR,Cameron / Lake Charles,2020-07-13,2020-07-16,832,8678.6,30.22,-93.22,15
IMO9640023,Cool Explorer,LNG,USCMR,Cameron / Lake Charles,2020-07-30,2020-08-02,14,0.0,30.22,-93.22,16
IMO9640023,Cool Explorer,LNG,QARLF,Ras Laffan,2020-11-10,2020-11-13,100,6874.5,25.92,51.53,17
IMO9640023,Cool Explorer,LNG,QARLF,Ras Laffan,2020-11-27,2020-11-30,14,0.0,25.92,51.53,18
IMO9640065,Seaways Triton,Tankers,KRUSN,Ulsan,2022-07-05,2022-07-08,14,0.0,35.5,129.38,1
IMO9640437,BW Pavilion Vanda,LNG,SGSIN,Singapore,2015-09-11,2015-09-14,0,0.0,1.28,103.85,1
IMO9640437,BW Pavilion Vanda,LNG,SGSIN,Singapore,2015-09-28,2015-10-01,14,0.0,1.28,103.85,2
IMO9640437,BW Pavilion Vanda,LNG,SGSIN,Singapore,2019-09-09,2019-09-12,1439,0.0,1.28,103.85,3
IMO9640437,BW Pavilion Vanda,LNG,SGSIN,Singapore,2019-09-26,2019-09-29,14,0.0,1.28,103.85,4
IMO9640645,BW Pavilion Leeara,LNG,SGSIN,Singapore,2015-09-11,2015-09-14,0,0.0,1.28,103.85,1
IMO9640645,BW Pavilion Leeara,LNG,SGSIN,Singapore,2015-09-28,2015-10-01,14,0.0,1.28,103.85,2
IMO9640645,BW Pavilion Leeara,LNG,USSPG,Sabine Pass,2018-03-28,2018-03-31,909,8686.4,29.73,-93.87,3
IMO9640645,BW Pavilion Leeara,LNG,USSPG,Sabine Pass,2018-04-14,2018-04-17,14,0.0,29.73,-93.87,4
IMO9640645,BW Pavilion Leeara,LNG,NOHFT,Hammerfest,2019-11-20,2019-11-23,582,4228.8,70.66,23.68,5
IMO9640645,BW Pavilion Leeara,LNG,NOHFT,Hammerfest,2019-12-07,2019-12-10,14,0.0,70.66,23.68,6
IMO9640645,BW Pavilion Leeara,LNG,USSPG,Sabine Pass,2020-04-17,2020-04-20,129,4228.8,29.73,-93.87,7
IMO9640645,BW Pavilion Leeara,LNG,USSPG,Sabine Pass,2020-05-04,2020-05-07,14,0.0,29.73,-93.87,8
IMO9641416,Happy Peregrine,LPG,USHOU,Houston,2023-12-07,2023-12-10,0,0.0,29.74,-95.27,1
IMO9643269,C. Spirit,Tankers,KRUSN,Ulsan,2019-06-07,2019-06-10,14,0.0,35.5,129.38,1
IMO9643269,C. Spirit,Tankers,SARRT,Ras Tanura,2024-10-17,2024-10-20,1956,4000.9,26.65,50.16,2
IMO9643269,C. Spirit,Tankers,CNQDG,Qingdao,2024-11-03,2024-11-06,14,3565.3,36.08,120.32,3
IMO9643271,Yasa Scorpion (Exxon),Tankers,CNNGB,Ningbo-Zhoushan,2025-02-05,2025-02-08,14,0.0,29.87,121.55,1
IMO9643271,Yasa Scorpion,Tankers,CNQDG,Qingdao,2025-10-13,2025-10-16,14,0.0,36.08,120.32,1
IMO9643283,C. Freedom,Tankers,KWMFA,Mina Al Ahmadi,2019-08-06,2019-08-09,0,0.0,29.07,48.15,1
IMO9643283,C. Freedom,Tankers,KRUSN,Ulsan,2019-08-23,2019-08-26,14,4023.0,35.5,129.38,2
IMO9643283,C. Freedom,Tankers,KRUSN,Ulsan,2019-09-09,2019-09-12,14,0.0,35.5,129.38,3
IMO9643283,C. Freedom,Tankers,KRUSN,Ulsan,2019-09-26,2019-09-29,14,0.0,35.5,129.38,4
IMO9643283,C. Freedom,Tankers,KRUSN,Ulsan,2019-10-13,2019-10-16,14,0.0,35.5,129.38,5
IMO9643283,C. Freedom,Tankers,KRUSN,Ulsan,2019-10-30,2019-11-02,14,0.0,35.5,129.38,6
IMO9643283,C. Freedom,Tankers,KRUSN,Ulsan,2019-11-16,2019-11-19,14,0.0,35.5,129.38,7
IMO9643283,C. Freedom,Tankers,KRUSN,Ulsan,2019-12-03,2019-12-06,14,0.0,35.5,129.38,8
IMO9643283,C. Freedom,Tankers,KRUSN,Ulsan,2019-12-20,2019-12-23,14,0.0,35.5,129.38,9
IMO9643283,C. Freedom,Tankers,AEFJR,Fujairah,2026-08-12,2026-08-15,2424,3753.1,25.13,56.34,10
IMO9643283,C. Freedom,Tankers,KRUSN,Ulsan,2026-08-29,2026-09-01,14,3753.1,35.5,129.38,11
IMO9643891,Navigator Pluto,LPG,USHOU,Houston,2022-06-17,2022-06-20,0,0.0,29.74,-95.27,1
IMO9645425,Aegean Dream,Tankers,SGSIN,Singapore,2019-03-25,2019-03-28,14,0.0,1.28,103.85,1
IMO9645425,Aegean Dream,Tankers,SGSIN,Singapore,2019-04-11,2019-04-14,14,0.0,1.28,103.85,2
IMO9645425,Aegean Dream,Tankers,DZAZW,Arzew,2019-10-21,2019-10-24,190,6044.3,35.85,-0.31,3
IMO9645425,Aegean Dream,Tankers,CNQDG,Qingdao,2019-11-07,2019-11-10,14,5365.3,36.08,120.32,4
IMO9645425,Aegean Dream,Tankers,NLRTM,Rotterdam,2020-10-27,2020-10-30,352,4547.8,51.92,4.47,5
IMO9645425,Aegean Dream,Tankers,SGSIN,Singapore,2020-11-13,2020-11-16,14,5689.2,1.28,103.85,6
IMO9645425,Aegean Dream,Tankers,AEFJR,Fujairah,2020-11-30,2020-12-03,14,3099.3,25.13,56.34,7
IMO9645425,Aegean Dream,Tankers,DZAZW,Arzew,2023-07-24,2023-07-27,963,2959.8,35.85,-0.31,8
IMO9645425,Aegean Dream,Tankers,DZAZW,Arzew,2025-01-20,2025-01-23,543,0.0,35.85,-0.31,9
IMO9645425,Aegean Dream,Tankers,INSIK,Sikka / Jamnagar,2025-02-06,2025-02-09,14,3689.7,22.43,69.84,10
IMO9645425,Aegean Dream,Tankers,INSIK,Sikka / Jamnagar,2025-02-23,2025-02-26,14,0.0,22.43,69.84,11
IMO9645425,Aegean Dream,Tankers,ZASDB,Saldanha Bay,2025-03-12,2025-03-15,14,4461.7,-33.02,17.95,12
IMO9645437,Aegean Vision,Tankers,SGSIN,Singapore,2018-04-02,2018-04-05,14,0.0,1.28,103.85,1
IMO9645437,Aegean Vision,Tankers,CNNGB,Ningbo-Zhoushan,2018-04-19,2018-04-22,14,1991.7,29.87,121.55,2
IMO9645437,Aegean Vision,Tankers,NLRTM,Rotterdam,2018-05-06,2018-05-09,14,4890.7,51.92,4.47,3
IMO9645437,Aegean Vision,Tankers,SARRT,Ras Tanura,2019-11-04,2019-11-07,544,2547.4,26.65,50.16,4
IMO9645437,Aegean Vision,Tankers,INSIK,Sikka / Jamnagar,2019-11-21,2019-11-24,14,1103.0,22.43,69.84,5
IMO9645437,Aegean Vision,Tankers,AEFJR,Fujairah,2019-11-21,2019-11-24,1,758.9,25.13,56.34,6
IMO9645437,Aegean Vision,Tankers,SGSIN,Singapore,2019-12-08,2019-12-11,14,3099.3,1.28,103.85,7
IMO9645437,Aegean Vision,Tankers,DZAZW,Arzew,2021-05-10,2021-05-13,516,6044.3,35.85,-0.31,8
IMO9645437,Aegean Vision,Tankers,CNQDG,Qingdao,2021-05-27,2021-05-30,14,5365.3,36.08,120.32,9
IMO9645437,Aegean Vision,Tankers,DZAZW,Arzew,2022-07-13,2022-07-16,409,5365.3,35.85,-0.31,10
IMO9645437,Aegean Vision,Tankers,QARLF,Ras Laffan,2022-10-06,2022-10-09,82,2705.1,25.92,51.53,11
IMO9645437,Aegean Vision,Tankers,DZAZW,Arzew,2023-09-06,2023-09-09,332,2705.1,35.85,-0.31,12
IMO9645437,Aegean Vision,Tankers,DZAZW,Arzew,2023-09-21,2023-09-24,12,0.0,35.85,-0.31,13
IMO9645437,Aegean Vision,Tankers,NLRTM,Rotterdam,2023-10-08,2023-10-11,14,986.2,51.92,4.47,14
IMO9645748,Lng Mars,LNG,AUGLT,Gladstone,2021-02-05,2021-02-08,0,0.0,-23.84,151.26,1
IMO9645748,Lng Mars,LNG,AUGLT,Gladstone,2021-02-22,2021-02-25,14,0.0,-23.84,151.26,2
IMO9645970,Arctic Aurora,LNG,QARLF,Ras Laffan,2016-01-13,2016-01-16,0,0.0,25.92,51.53,1
IMO9645970,Arctic Aurora,LNG,QARLF,Ras Laffan,2016-01-30,2016-02-02,14,0.0,25.92,51.53,2
IMO9645970,Arctic Aurora,LNG,QARLF,Ras Laffan,2018-10-12,2018-10-15,983,0.0,25.92,51.53,3
IMO9645970,Arctic Aurora,LNG,QARLF,Ras Laffan,2018-10-29,2018-11-01,14,0.0,25.92,51.53,4
IMO9645970,Arctic Aurora,LNG,NGBON,Bonny,2020-05-01,2020-05-04,547,2855.1,4.45,7.16,5
IMO9645970,Arctic Aurora,LNG,NGBON,Bonny,2020-05-18,2020-05-21,14,0.0,4.45,7.16,6
IMO9646986,Cosrich Lake,Tankers,SGSIN,Singapore,2023-05-04,2023-05-07,14,0.0,1.28,103.85,1
IMO9646986,Tong Zhou Gong Ji,Tankers,SAYNB,Yanbu,2026-03-13,2026-03-16,0,0.0,24.09,38.06,1
IMO9646986,Tong Zhou Gong Ji,Tankers,AEFJR,Fujairah,2026-08-18,2026-08-21,155,999.0,25.13,56.34,2
IMO9649147,Ocean Gas,LPG,AUDRW,Darwin,2020-07-30,2020-08-02,0,0.0,-12.46,130.84,1
IMO9649147,Ocean Gas,LPG,SAYNB,Yanbu,2022-07-21,2022-07-24,718,5856.6,24.09,38.06,2
IMO9649328,Energy Atlantic,LNG,QARLF,Ras Laffan,2016-07-22,2016-07-25,0,0.0,25.92,51.53,1
IMO9649328,Energy Atlantic,LNG,QARLF,Ras Laffan,2016-08-08,2016-08-11,14,0.0,25.92,51.53,2
IMO9649328,Energy Atlantic,LNG,QARLF,Ras Laffan,2017-03-27,2017-03-30,228,0.0,25.92,51.53,3
IMO9649328,Energy Atlantic,LNG,QARLF,Ras Laffan,2017-04-13,2017-04-16,14,0.0,25.92,51.53,4
IMO9649328,Energy Atlantic,LNG,NGBON,Bonny,2017-05-23,2017-05-26,37,2855.1,4.45,7.16,5
IMO9649328,Energy Atlantic,LNG,NGBON,Bonny,2017-06-09,2017-06-12,14,0.0,4.45,7.16,6
IMO9649328,Energy Atlantic,LNG,QARLF,Ras Laffan,2017-07-18,2017-07-21,36,2855.1,25.92,51.53,7
IMO9649328,Energy Atlantic,LNG,QARLF,Ras Laffan,2017-08-04,2017-08-07,14,0.0,25.92,51.53,8
IMO9649328,Energy Atlantic,LNG,USSPG,Sabine Pass,2018-06-11,2018-06-14,308,6917.9,29.73,-93.87,9
IMO9649328,Energy Atlantic,LNG,USSPG,Sabine Pass,2018-06-28,2018-07-01,14,0.0,29.73,-93.87,10
IMO9649328,Energy Atlantic,LNG,QARLF,Ras Laffan,2018-07-16,2018-07-19,15,6917.9,25.92,51.53,11
IMO9649328,Energy Atlantic,LNG,QARLF,Ras Laffan,2018-08-02,2018-08-05,14,0.0,25.92,51.53,12
IMO9649328,Energy Atlantic,LNG,NGBON,Bonny,2020-05-04,2020-05-07,638,2855.1,4.45,7.16,13
IMO9649328,Energy Atlantic,LNG,NGBON,Bonny,2020-05-21,2020-05-24,14,0.0,4.45,7.16,14
IMO9649328,Energy Atlantic,LNG,QARLF,Ras Laffan,2020-06-10,2020-06-13,17,2855.1,25.92,51.53,15
IMO9649328,Energy Atlantic,LNG,QARLF,Ras Laffan,2020-06-27,2020-06-30,14,0.0,25.92,51.53,16
IMO9649328,Energy Atlantic,LNG,AEFJR,Fujairah,2020-07-10,2020-07-13,10,264.9,25.13,56.34,17
IMO9649328,Energy Atlantic,LNG,AEFJR,Fujairah,2020-07-27,2020-07-30,14,0.0,25.13,56.34,18
IMO9650042,Maran Gas Sparta,LNG,USCVP,Cove Point,2019-05-20,2019-05-23,0,0.0,38.39,-76.38,1
IMO9650042,Maran Gas Sparta,LNG,USCVP,Cove Point,2019-06-06,2019-06-09,14,0.0,38.39,-76.38,2
IMO9650042,Maran Gas Sparta,LNG,AUGLT,Gladstone,2021-05-13,2021-05-16,704,8239.2,-23.84,151.26,3
IMO9650042,Maran Gas Sparta,LNG,AUGLT,Gladstone,2021-05-30,2021-06-02,14,0.0,-23.84,151.26,4
IMO9650042,Maran Gas Sparta,LNG,QARLF,Ras Laffan,2022-04-26,2022-04-29,328,6508.6,25.92,51.53,5
IMO9650042,Maran Gas Sparta,LNG,QARLF,Ras Laffan,2022-05-13,2022-05-16,14,0.0,25.92,51.53,6
IMO9650042,Maran Gas Sparta,LNG,SGSIN,Singapore,2022-05-23,2022-05-26,7,3361.5,1.28,103.85,7
IMO9650042,Maran Gas Sparta,LNG,SGSIN,Singapore,2022-06-09,2022-06-12,14,0.0,1.28,103.85,8
IMO9650054,Maran Gas Alexandria,LNG,QARLF,Ras Laffan,2017-08-23,2017-08-26,0,0.0,25.92,51.53,1
IMO9650054,Maran Gas Alexandria,LNG,QARLF,Ras Laffan,2017-09-09,2017-09-12,14,0.0,25.92,51.53,2
IMO9650054,Maran Gas Alexandria,LNG,MYBTU,Bintulu,2020-07-07,2020-07-10,1029,3787.3,3.2,113.04,3
IMO9650054,Maran Gas Alexandria,LNG,MYBTU,Bintulu,2020-07-24,2020-07-27,14,0.0,3.2,113.04,4
IMO9650054,Maran Gas Alexandria,LNG,MYBTU,Bintulu,2020-09-21,2020-09-24,56,0.0,3.2,113.04,5
IMO9650054,Maran Gas Alexandria,LNG,MYBTU,Bintulu,2020-10-08,2020-10-11,14,0.0,3.2,113.04,6
IMO9650260,GUO YUAN 12,Dry Bulk,BRSSZ,Santos,2025-02-06,2025-02-09,0,0.0,-23.96,-46.33,1
IMO9652031,Minerva Tbn,Tankers,SARRT,Ras Tanura,2025-11-04,2025-11-07,0,0.0,26.65,50.16,1
IMO9652592,Penelope M ,LPG,USHOU,Houston,2022-01-27,2022-01-30,14,0.0,29.74,-95.27,1
IMO9653408,Al Funtas,Tankers,INSIK,Sikka / Jamnagar,2023-06-19,2023-06-22,14,0.0,22.43,69.84,1
IMO9653410,Al Derwazah,Tankers,KWMFA,Mina Al Ahmadi,2021-06-10,2021-06-13,0,0.0,29.07,48.15,1
IMO9653422,Al Yarmouk,Tankers,KWMFA,Mina Al Ahmadi,2023-11-01,2023-11-04,0,0.0,29.07,48.15,1
IMO9653434,Al Kout,Tankers,KWMFA,Mina Al Ahmadi,2021-06-30,2021-07-03,0,0.0,29.07,48.15,1
IMO9653434,Al Kout,Tankers,SARRT,Ras Tanura,2021-10-13,2021-10-16,102,180.3,26.65,50.16,2
IMO9653678,Hoegh Gallant,LNG,QARLF,Ras Laffan,2015-03-05,2015-03-08,0,0.0,25.92,51.53,1
IMO9653678,Hoegh Gallant,LNG,QARLF,Ras Laffan,2015-03-22,2015-03-25,14,0.0,25.92,51.53,2
IMO9654101,FlexFueler002,LNG,NLRTM,Rotterdam,2019-01-01,2019-01-04,0,0.0,51.92,4.47,1
IMO9654101,FlexFueler002,LNG,NLRTM,Rotterdam,2019-01-18,2019-01-21,14,0.0,51.92,4.47,2
IMO9654696,Kool Glacier,LNG,QARLF,Ras Laffan,2016-06-30,2016-07-03,0,0.0,25.92,51.53,1
IMO9654696,Kool Glacier,LNG,QARLF,Ras Laffan,2016-07-17,2016-07-20,14,0.0,25.92,51.53,2
IMO9654696,Kool Glacier,LNG,QARLF,Ras Laffan,2017-02-03,2017-02-06,198,0.0,25.92,51.53,3
IMO9654696,Kool Glacier,LNG,QARLF,Ras Laffan,2017-02-20,2017-02-23,14,0.0,25.92,51.53,4
IMO9654696,Kool Glacier,LNG,QARLF,Ras Laffan,2017-03-06,2017-03-09,11,0.0,25.92,51.53,5
IMO9654696,Kool Glacier,LNG,QARLF,Ras Laffan,2017-03-23,2017-03-26,14,0.0,25.92,51.53,6
IMO9654696,Kool Glacier,LNG,QARLF,Ras Laffan,2017-07-10,2017-07-13,106,0.0,25.92,51.53,7
IMO9654696,Kool Glacier,LNG,QARLF,Ras Laffan,2017-07-27,2017-07-30,14,0.0,25.92,51.53,8
IMO9654696,Kool Glacier,LNG,AEFJR,Fujairah,2017-10-27,2017-10-30,89,264.9,25.13,56.34,9
IMO9654696,Kool Glacier,LNG,AEFJR,Fujairah,2017-11-13,2017-11-16,14,0.0,25.13,56.34,10
IMO9654696,Kool Glacier,LNG,SGSIN,Singapore,2020-01-15,2020-01-18,790,3099.3,1.28,103.85,11
IMO9654696,Kool Glacier,LNG,SGSIN,Singapore,2020-02-01,2020-02-04,14,0.0,1.28,103.85,12
IMO9654696,Kool Glacier,LNG,QARLF,Ras Laffan,2020-03-19,2020-03-22,44,3361.5,25.92,51.53,13
IMO9654696,Kool Glacier,LNG,QARLF,Ras Laffan,2020-04-05,2020-04-08,14,0.0,25.92,51.53,14
IMO9654696,Kool Glacier,LNG,QARLF,Ras Laffan,2020-11-30,2020-12-03,236,0.0,25.92,51.53,15
IMO9654696,Kool Glacier,LNG,QARLF,Ras Laffan,2020-12-17,2020-12-20,14,0.0,25.92,51.53,16
IMO9654701,Golar Kelvin,LNG,QARLF,Ras Laffan,2015-03-24,2015-03-27,0,0.0,25.92,51.53,1
IMO9654701,Golar Kelvin,LNG,QARLF,Ras Laffan,2015-04-10,2015-04-13,14,0.0,25.92,51.53,2
IMO9654701,Golar Kelvin,LNG,NGBON,Bonny,2015-08-26,2015-08-29,135,2855.1,4.45,7.16,3
IMO9654701,Golar Kelvin,LNG,NGBON,Bonny,2015-09-12,2015-09-15,14,0.0,4.45,7.16,4
IMO9654701,Golar Kelvin,LNG,NGBON,Bonny,2015-09-18,2015-09-21,3,0.0,4.45,7.16,5
IMO9654701,Golar Kelvin,LNG,NGBON,Bonny,2015-10-05,2015-10-08,14,0.0,4.45,7.16,6
IMO9654701,Golar Kelvin,LNG,QARLF,Ras Laffan,2016-11-01,2016-11-04,390,2855.1,25.92,51.53,7
IMO9654701,Golar Kelvin,LNG,QARLF,Ras Laffan,2016-11-18,2016-11-21,14,0.0,25.92,51.53,8
IMO9654878,Kool Baltic,LNG,SGSIN,Singapore,2015-08-13,2015-08-16,0,0.0,1.28,103.85,1
IMO9654878,Kool Baltic,LNG,SGSIN,Singapore,2015-08-30,2015-09-02,14,0.0,1.28,103.85,2
IMO9655042,Kool Frost,LNG,NGBON,Bonny,2015-03-12,2015-03-15,0,0.0,4.45,7.16,1
IMO9655042,Kool Frost,LNG,NGBON,Bonny,2015-03-29,2015-04-01,14,0.0,4.45,7.16,2
IMO9655042,Kool Frost,LNG,QARLF,Ras Laffan,2016-07-01,2016-07-04,457,2855.1,25.92,51.53,3
IMO9655042,Kool Frost,LNG,QARLF,Ras Laffan,2016-07-18,2016-07-21,14,0.0,25.92,51.53,4
IMO9655042,Kool Frost,LNG,NGBON,Bonny,2017-01-20,2017-01-23,183,2855.1,4.45,7.16,5
IMO9655042,Kool Frost,LNG,NGBON,Bonny,2017-02-06,2017-02-09,14,0.0,4.45,7.16,6
IMO9655042,Kool Frost,LNG,QARLF,Ras Laffan,2017-04-27,2017-04-30,77,2855.1,25.92,51.53,7
IMO9655042,Kool Frost,LNG,QARLF,Ras Laffan,2017-05-14,2017-05-17,14,0.0,25.92,51.53,8
IMO9655042,Kool Frost,LNG,QARLF,Ras Laffan,2018-05-15,2018-05-18,363,0.0,25.92,51.53,9
IMO9655042,Kool Frost,LNG,QARLF,Ras Laffan,2018-06-01,2018-06-04,14,0.0,25.92,51.53,10
IMO9655042,Kool Frost,LNG,MYBTU,Bintulu,2019-09-09,2019-09-12,462,3787.3,3.2,113.04,11
IMO9655042,Kool Frost,LNG,MYBTU,Bintulu,2019-09-26,2019-09-29,14,0.0,3.2,113.04,12
IMO9655042,Kool Frost,LNG,SGSIN,Singapore,2021-06-28,2021-07-01,638,563.2,1.28,103.85,13
IMO9655042,Kool Frost,LNG,SGSIN,Singapore,2021-07-15,2021-07-18,14,0.0,1.28,103.85,14
IMO9655444,Clean Horizon,LNG,AUGLT,Gladstone,2016-06-14,2016-06-17,0,0.0,-23.84,151.26,1
IMO9655444,Clean Horizon,LNG,AUGLT,Gladstone,2016-07-01,2016-07-04,14,0.0,-23.84,151.26,2
IMO9655444,Clean Horizon,LNG,QARLF,Ras Laffan,2017-10-17,2017-10-20,470,6508.6,25.92,51.53,3
IMO9655444,Clean Horizon,LNG,QARLF,Ras Laffan,2017-11-03,2017-11-06,14,0.0,25.92,51.53,4
IMO9655444,Clean Horizon,LNG,SGSIN,Singapore,2018-01-08,2018-01-11,63,3361.5,1.28,103.85,5
IMO9655444,Clean Horizon,LNG,SGSIN,Singapore,2018-01-25,2018-01-28,14,0.0,1.28,103.85,6
IMO9655456,Clean Vision,LNG,QARLF,Ras Laffan,2016-10-03,2016-10-06,0,0.0,25.92,51.53,1
IMO9655456,Clean Vision,LNG,QARLF,Ras Laffan,2016-10-20,2016-10-23,14,0.0,25.92,51.53,2
IMO9655456,Clean Vision,LNG,AUGLT,Gladstone,2017-04-24,2017-04-27,183,6508.6,-23.84,151.26,3
IMO9655456,Clean Vision,LNG,AUGLT,Gladstone,2017-05-11,2017-05-14,14,0.0,-23.84,151.26,4
IMO9655456,Clean Vision,LNG,QARLF,Ras Laffan,2018-08-16,2018-08-19,459,6508.6,25.92,51.53,5
IMO9655456,Clean Vision,LNG,QARLF,Ras Laffan,2018-09-02,2018-09-05,14,0.0,25.92,51.53,6
IMO9655456,Clean Vision,LNG,USSPG,Sabine Pass,2020-12-08,2020-12-11,825,6917.9,29.73,-93.87,7
IMO9655456,Clean Vision,LNG,USSPG,Sabine Pass,2020-12-25,2020-12-28,14,0.0,29.73,-93.87,8
IMO9655808,Golar Tundra,LNG,SGSIN,Singapore,2017-11-30,2017-12-03,0,0.0,1.28,103.85,1
IMO9655808,Golar Tundra,LNG,SGSIN,Singapore,2017-12-17,2017-12-20,14,0.0,1.28,103.85,2
IMO9655808,Golar Tundra,LNG,NGBON,Bonny,2018-02-27,2018-03-02,69,5798.0,4.45,7.16,3
IMO9655808,Golar Tundra,LNG,NGBON,Bonny,2018-03-09,2018-03-12,1,0.0,4.45,7.16,5
IMO9655808,Golar Tundra,LNG,NGBON,Bonny,2018-03-16,2018-03-19,14,0.0,4.45,7.16,4
IMO9655808,Golar Tundra,LNG,NGBON,Bonny,2018-03-26,2018-03-29,14,0.0,4.45,7.16,6
IMO9655808,Golar Tundra,LNG,QARLF,Ras Laffan,2019-04-12,2019-04-15,379,2855.1,25.92,51.53,7
IMO9655808,Golar Tundra,LNG,QARLF,Ras Laffan,2019-04-29,2019-05-02,14,0.0,25.92,51.53,8
IMO9655808,Golar Tundra,LNG,QARLF,Ras Laffan,2019-07-18,2019-07-21,77,0.0,25.92,51.53,9
IMO9655808,Golar Tundra,LNG,QARLF,Ras Laffan,2019-08-04,2019-08-07,14,0.0,25.92,51.53,10
IMO9655808,Golar Tundra,LNG,QARLF,Ras Laffan,2019-11-19,2019-11-22,104,0.0,25.92,51.53,11
IMO9655808,Golar Tundra,LNG,QARLF,Ras Laffan,2019-12-06,2019-12-09,14,0.0,25.92,51.53,12
IMO9655808,Golar Tundra,LNG,NGBON,Bonny,2020-02-12,2020-02-15,65,2855.1,4.45,7.16,13
IMO9655808,Golar Tundra,LNG,NGBON,Bonny,2020-02-29,2020-03-03,14,0.0,4.45,7.16,14
IMO9655808,Golar Tundra,LNG,MYBTU,Bintulu,2020-10-08,2020-10-11,219,6337.1,3.2,113.04,15
IMO9655808,Golar Tundra,LNG,MYBTU,Bintulu,2020-10-25,2020-10-28,14,0.0,3.2,113.04,16
IMO9657494,Bering Gas,LPG,USHOU,Houston,2021-12-30,2022-01-02,14,0.0,29.74,-95.27,1
IMO9658238,Maran Gas Mystras,LNG,QARLF,Ras Laffan,2017-01-23,2017-01-26,0,0.0,25.92,51.53,1
IMO9658238,Maran Gas Mystras,LNG,QARLF,Ras Laffan,2017-02-09,2017-02-12,14,0.0,25.92,51.53,2
IMO9658238,Maran Gas Mystras,LNG,USSPG,Sabine Pass,2017-05-17,2017-05-20,94,6917.9,29.73,-93.87,3
IMO9658238,Maran Gas Mystras,LNG,USSPG,Sabine Pass,2017-06-03,2017-06-06,14,0.0,29.73,-93.87,4
IMO9658238,Maran Gas Mystras,LNG,NLRTM,Rotterdam,2017-07-12,2017-07-15,36,4309.7,51.92,4.47,5
IMO9658238,Maran Gas Mystras,LNG,NLRTM,Rotterdam,2017-07-29,2017-08-01,14,0.0,51.92,4.47,6
IMO9658238,Maran Gas Mystras,LNG,QARLF,Ras Laffan,2017-08-04,2017-08-07,3,2628.7,25.92,51.53,7
IMO9658238,Maran Gas Mystras,LNG,QARLF,Ras Laffan,2017-08-21,2017-08-24,14,0.0,25.92,51.53,8
IMO9658238,Maran Gas Mystras,LNG,NLRTM,Rotterdam,2018-05-08,2018-05-11,257,2628.7,51.92,4.47,9
IMO9658238,Maran Gas Mystras,LNG,NLRTM,Rotterdam,2018-05-25,2018-05-28,14,0.0,51.92,4.47,10
IMO9658238,Maran Gas Mystras,LNG,USSPG,Sabine Pass,2018-06-11,2018-06-14,14,4309.7,29.73,-93.87,11
IMO9658238,Maran Gas Mystras,LNG,USSPG,Sabine Pass,2018-06-28,2018-07-01,14,0.0,29.73,-93.87,12
IMO9658238,Maran Gas Mystras,LNG,USCMR,Cameron / Lake Charles,2020-03-15,2020-03-18,623,44.8,30.22,-93.22,13
IMO9658238,Maran Gas Mystras,LNG,USSPG,Sabine Pass,2020-03-17,2020-03-20,1,44.8,29.73,-93.87,15
IMO9658238,Maran Gas Mystras,LNG,USCMR,Cameron / Lake Charles,2020-04-01,2020-04-04,14,0.0,30.22,-93.22,14
IMO9658238,Maran Gas Mystras,LNG,USSPG,Sabine Pass,2020-04-03,2020-04-06,14,0.0,29.73,-93.87,16
IMO9658238,Maran Gas Mystras,LNG,USSPG,Sabine Pass,2021-03-08,2021-03-11,336,0.0,29.73,-93.87,17
IMO9658238,Maran Gas Mystras,LNG,USSPG,Sabine Pass,2021-03-25,2021-03-28,14,0.0,29.73,-93.87,18
IMO9658238,Maran Gas Mystras,LNG,NGBON,Bonny,2021-06-09,2021-06-12,73,5842.3,4.45,7.16,19
IMO9658238,Maran Gas Mystras,LNG,NGBON,Bonny,2021-06-26,2021-06-29,14,0.0,4.45,7.16,20
IMO9658240,Maran Gas Troy,LNG,AUGLT,Gladstone,2016-07-27,2016-07-30,0,0.0,-23.84,151.26,1
IMO9658240,Maran Gas Troy,LNG,AUGLT,Gladstone,2016-08-13,2016-08-16,14,0.0,-23.84,151.26,2
IMO9658240,Maran Gas Troy,LNG,CNQDG,Qingdao,2017-11-20,2017-11-23,461,4002.9,36.08,120.32,3
IMO9658240,Maran Gas Troy,LNG,CNQDG,Qingdao,2017-12-07,2017-12-10,14,0.0,36.08,120.32,4
IMO9658240,Maran Gas Troy,LNG,MYBTU,Bintulu,2018-02-14,2018-02-17,66,2015.0,3.2,113.04,5
IMO9658240,Maran Gas Troy,LNG,MYBTU,Bintulu,2018-03-03,2018-03-06,14,0.0,3.2,113.04,6
IMO9659725,Maria Energy,LNG,NGBON,Bonny,2019-12-18,2019-12-21,0,0.0,4.45,7.16,1
IMO9659725,Maria Energy,LNG,NGBON,Bonny,2020-01-04,2020-01-07,14,0.0,4.45,7.16,2
IMO9659725,Maria Energy,LNG,NGBON,Bonny,2020-06-26,2020-06-29,171,0.0,4.45,7.16,3
IMO9659725,Maria Energy,LNG,NGBON,Bonny,2020-07-13,2020-07-16,14,0.0,4.45,7.16,4
IMO9659725,Maria Energy,LNG,USCMR,Cameron / Lake Charles,2020-07-23,2020-07-26,7,5804.2,30.22,-93.22,5
IMO9659725,Maria Energy,LNG,USCMR,Cameron / Lake Charles,2020-08-09,2020-08-12,14,0.0,30.22,-93.22,6
IMO9659725,Maria Energy,LNG,SGSIN,Singapore,2021-02-10,2021-02-13,182,8678.6,1.28,103.85,7
IMO9659725,Maria Energy,LNG,SGSIN,Singapore,2021-02-27,2021-03-02,14,0.0,1.28,103.85,8
IMO9659725,Maria Energy,LNG,USSPG,Sabine Pass,2021-06-10,2021-06-13,100,8686.4,29.73,-93.87,9
IMO9659725,Maria Energy,LNG,USSPG,Sabine Pass,2021-06-27,2021-06-30,14,0.0,29.73,-93.87,10
IMO9661694,Yuricosmos,LPG,USHOU,Houston,2021-03-11,2021-03-14,0,0.0,29.74,-95.27,1
IMO9666558,Seishu Maru,LNG,SGSIN,Singapore,2014-09-10,2014-09-13,0,0.0,1.28,103.85,1
IMO9666558,Seishu Maru,LNG,SGSIN,Singapore,2014-09-27,2014-09-30,14,0.0,1.28,103.85,2
IMO9666558,Seishu Maru,LNG,NGBON,Bonny,2015-07-20,2015-07-23,293,5798.0,4.45,7.16,3
IMO9666558,Seishu Maru,LNG,NGBON,Bonny,2015-08-06,2015-08-09,14,0.0,4.45,7.16,4
IMO9666560,Esshu Maru,LNG,QARLF,Ras Laffan,2015-03-23,2015-03-26,0,0.0,25.92,51.53,1
IMO9666560,Esshu Maru,LNG,QARLF,Ras Laffan,2015-04-09,2015-04-12,14,0.0,25.92,51.53,2
IMO9666560,Esshu Maru,LNG,AEFJR,Fujairah,2018-01-17,2018-01-20,1011,264.9,25.13,56.34,3
IMO9666560,Esshu Maru,LNG,AEFJR,Fujairah,2018-02-03,2018-02-06,14,0.0,25.13,56.34,4
IMO9666986,Lng Fukurokuju,LNG,USCVP,Cove Point,2021-08-31,2021-09-03,0,0.0,38.39,-76.38,1
IMO9666986,Lng Fukurokuju,LNG,USCVP,Cove Point,2021-09-17,2021-09-20,14,0.0,38.39,-76.38,2
IMO9666998,Lng Jurojin,LNG,SGSIN,Singapore,2015-12-23,2015-12-26,0,0.0,1.28,103.85,1
IMO9666998,Lng Jurojin,LNG,SGSIN,Singapore,2016-01-09,2016-01-12,14,0.0,1.28,103.85,2
IMO9666998,Lng Jurojin,LNG,AUGLT,Gladstone,2017-04-13,2017-04-16,457,3147.5,-23.84,151.26,3
IMO9666998,Lng Jurojin,LNG,AUGLT,Gladstone,2017-04-30,2017-05-03,14,0.0,-23.84,151.26,4
IMO9666998,Lng Jurojin,LNG,AEFJR,Fujairah,2017-10-25,2017-10-28,175,6246.9,25.13,56.34,5
IMO9666998,Lng Jurojin,LNG,AEFJR,Fujairah,2017-11-11,2017-11-14,14,0.0,25.13,56.34,6
IMO9666998,Lng Jurojin,LNG,NGBON,Bonny,2019-01-23,2019-01-26,435,3090.0,4.45,7.16,7
IMO9666998,Lng Jurojin,LNG,NGBON,Bonny,2019-02-09,2019-02-12,14,0.0,4.45,7.16,8
IMO9669412,Astomos TBN,LPG,AUDRW,Darwin,2020-07-09,2020-07-12,0,0.0,-12.46,130.84,1
IMO9669412,Astomos TBN,LPG,USHOU,Houston,2021-06-10,2021-06-13,333,8046.2,29.74,-95.27,2
IMO9669412,Astomos TBN,LPG,USHOU,Houston,2022-02-24,2022-02-27,256,0.0,29.74,-95.27,3
IMO9669412,Astomos TBN,LPG,SARRT,Ras Tanura,2022-10-27,2022-10-30,242,6881.5,26.65,50.16,4
IMO9670045,BW Aries,LPG,USHOU,Houston,2022-11-10,2022-11-13,0,0.0,29.74,-95.27,1
IMO9670045,BW Aries,LPG,USHOU,Houston,2023-04-13,2023-04-16,151,0.0,29.74,-95.27,2
IMO9670045,BW Aries,LPG,USHOU,Houston,2023-08-24,2023-08-27,130,0.0,29.74,-95.27,3
IMO9670948,Ridgeb J Zipser,Tankers,SGSIN,Singapore,2018-02-13,2018-02-16,14,0.0,1.28,103.85,1
IMO9671550,Malaysia Loyalty,Tankers,SAYNB,Yanbu,2026-03-17,2026-03-20,0,0.0,24.09,38.06,1
IMO9672375,Gas Wisdom,LPG,SAYNB,Yanbu,2022-06-02,2022-06-05,0,0.0,24.09,38.06,1
IMO9672375,Gas Wisdom,LPG,SAYNB,Yanbu,2023-11-16,2023-11-19,529,0.0,24.09,38.06,2
IMO9673890,Vitol TBN,LPG,USHOU,Houston,2023-10-12,2023-10-15,0,0.0,29.74,-95.27,1
IMO9674215,Gas Rowaisat,LPG,QARLF,Ras Laffan,2021-03-04,2021-03-07,0,0.0,25.92,51.53,1
IMO9674552,Gas Aquarius,LPG,SAYNB,Yanbu,2023-02-09,2023-02-12,0,0.0,24.09,38.06,1
IMO9674552,Gas Aquarius,LPG,SAYNB,Yanbu,2023-06-22,2023-06-25,130,0.0,24.09,38.06,2
IMO9674552,Gas Aquarius,LPG,USHOU,Houston,2023-10-26,2023-10-29,123,6602.3,29.74,-95.27,3
IMO9675200,Kakuyu Maru,LNG,JPCHB,Chiba,2019-01-01,2019-01-04,0,0.0,35.6,140.1,1
IMO9675200,Kakuyu Maru,LNG,JPCHB,Chiba,2019-01-18,2019-01-21,14,0.0,35.6,140.1,2
IMO9675699,Theresa Schulte ,LPG,USHOU,Houston,2019-12-12,2019-12-15,14,0.0,29.74,-95.27,1
IMO9675699,Theresa Schulte,LPG,USHOU,Houston,2020-10-22,2020-10-25,0,0.0,29.74,-95.27,1
IMO9675957,Parthia,LPG,USHOU,Houston,2023-10-19,2023-10-22,0,0.0,29.74,-95.27,1
IMO9677007,Umm Laqhab,LPG,USHOU,Houston,2021-10-28,2021-10-31,0,0.0,29.74,-95.27,1
IMO9677007,Umm Laqhab,LPG,SAYNB,Yanbu,2022-07-07,2022-07-10,249,6602.3,24.09,38.06,2
IMO9677007,Umm Laqhab,LPG,SAYNB,Yanbu,2022-09-01,2022-09-04,53,0.0,24.09,38.06,3
IMO9677070,SONIA 1,Tankers,INSIK,Sikka / Jamnagar,2018-06-13,2018-06-16,14,0.0,22.43,69.84,1
IMO9679593,Zourva,Tankers,CNRZH,Rizhao,2019-06-11,2019-06-14,14,0.0,35.42,119.53,1
IMO9679593,Zourva,Tankers,CNNGB,Ningbo-Zhoushan,2019-06-28,2019-07-01,14,348.5,29.87,121.55,2
IMO9679593,Zourva,Tankers,SGSIN,Singapore,2019-07-15,2019-07-18,14,1991.7,1.28,103.85,3
IMO9679593,Esteem Astro (EXXON),Tankers,KRUSN,Ulsan,2020-05-19,2020-05-22,14,0.0,35.5,129.38,1
IMO9679593,Zourva,Tankers,KWMFA,Mina Al Ahmadi,2025-06-23,2025-06-26,2167,3589.4,29.07,48.15,4
IMO9679593,Zourva,Tankers,AEFJR,Fujairah,2026-06-23,2026-06-26,362,497.4,25.13,56.34,5
IMO9680188,Asia Integrity,LNG,SGSIN,Singapore,2020-12-23,2020-12-26,0,0.0,1.28,103.85,1
IMO9680188,Asia Integrity,LNG,SGSIN,Singapore,2021-01-09,2021-01-12,14,0.0,1.28,103.85,2
IMO9680631,Gas Summit,LPG,SARRT,Ras Tanura,2020-03-19,2020-03-22,0,0.0,26.65,50.16,1
IMO9680631,Gas Summit,LPG,QARLF,Ras Laffan,2021-02-25,2021-02-28,340,85.8,25.92,51.53,2
IMO9680631,Gas Summit,LPG,USHOU,Houston,2022-09-15,2022-09-18,564,6958.0,29.74,-95.27,3
IMO9680631,Gas Summit,LPG,USHOU,Houston,2023-07-06,2023-07-09,291,0.0,29.74,-95.27,4
IMO9681209,Yuan Chun Hu,Tankers,SARRT,Ras Tanura,2020-02-12,2020-02-15,0,0.0,26.65,50.16,1
IMO9681209,Yuan Chun Hu,Tankers,SARRT,Ras Tanura,2020-12-03,2020-12-06,292,0.0,26.65,50.16,2
IMO9681209,Yuan Chun Hu,Tankers,SAYNB,Yanbu,2026-03-11,2026-03-14,1921,673.9,24.09,38.06,3
IMO9681211,Yuan Yue Hu,Tankers,SARRT,Ras Tanura,2020-02-17,2020-02-20,0,0.0,26.65,50.16,1
IMO9681211,Yuan Yue Hu,Tankers,SARRT,Ras Tanura,2020-05-11,2020-05-14,81,0.0,26.65,50.16,2
IMO9681211,Yuan Yue Hu,Tankers,KRUSN,Ulsan,2020-05-28,2020-05-31,14,4000.9,35.5,129.38,3
IMO9681687,Seapeak Creole,LNG,USSPG,Sabine Pass,2016-05-10,2016-05-13,0,0.0,29.73,-93.87,1
IMO9681687,Seapeak Creole,LNG,USSPG,Sabine Pass,2016-05-27,2016-05-30,14,0.0,29.73,-93.87,2
IMO9681687,Seapeak Creole,LNG,USSPG,Sabine Pass,2018-11-06,2018-11-09,890,0.0,29.73,-93.87,3
IMO9681687,Seapeak Creole,LNG,USSPG,Sabine Pass,2018-11-23,2018-11-26,14,0.0,29.73,-93.87,4
IMO9681687,Seapeak Creole,LNG,QARLF,Ras Laffan,2019-02-05,2019-02-08,71,6917.9,25.92,51.53,5
IMO9681687,Seapeak Creole,LNG,QARLF,Ras Laffan,2019-02-22,2019-02-25,14,0.0,25.92,51.53,6
IMO9681687,Seapeak Creole,LNG,USSPG,Sabine Pass,2020-04-23,2020-04-26,423,6917.9,29.73,-93.87,7
IMO9681687,Seapeak Creole,LNG,USSPG,Sabine Pass,2020-05-10,2020-05-13,14,0.0,29.73,-93.87,8
IMO9681687,Seapeak Creole,LNG,SGSIN,Singapore,2021-03-09,2021-03-12,300,8686.4,1.28,103.85,9
IMO9681687,Seapeak Creole,LNG,SGSIN,Singapore,2021-03-26,2021-03-29,14,0.0,1.28,103.85,10
IMO9681687,Seapeak Creole,LNG,USSPG,Sabine Pass,2021-05-28,2021-05-31,60,8686.4,29.73,-93.87,11
IMO9681687,Seapeak Creole,LNG,USSPG,Sabine Pass,2021-06-14,2021-06-17,14,0.0,29.73,-93.87,12
IMO9681687,Seapeak Creole,LNG,AUGLT,Gladstone,2022-10-10,2022-10-13,480,7343.5,-23.84,151.26,13
IMO9681687,Seapeak Creole,LNG,AUGLT,Gladstone,2022-10-27,2022-10-30,14,0.0,-23.84,151.26,14
IMO9681699,Seapeak Oak,LNG,USSPG,Sabine Pass,2016-10-05,2016-10-08,0,0.0,29.73,-93.87,1
IMO9681699,Seapeak Oak,LNG,USSPG,Sabine Pass,2016-10-22,2016-10-25,14,0.0,29.73,-93.87,2
IMO9681699,Seapeak Oak,LNG,SGSIN,Singapore,2021-03-31,2021-04-03,1618,8686.4,1.28,103.85,3
IMO9681699,Seapeak Oak,LNG,SGSIN,Singapore,2021-04-17,2021-04-20,14,0.0,1.28,103.85,4
IMO9682319,Gas Flawless,LPG,NLRTM,Rotterdam,2022-05-19,2022-05-22,0,0.0,51.92,4.47,1
IMO9682552,Amadi,LNG,SGSIN,Singapore,2021-04-23,2021-04-26,0,0.0,1.28,103.85,1
IMO9682552,Amadi,LNG,SGSIN,Singapore,2021-05-10,2021-05-13,14,0.0,1.28,103.85,2
IMO9682552,Amadi,LNG,QARLF,Ras Laffan,2021-09-01,2021-09-04,111,3361.5,25.92,51.53,3
IMO9682552,Amadi,LNG,QARLF,Ras Laffan,2021-09-18,2021-09-21,14,0.0,25.92,51.53,4
IMO9682576,Maran Gas Leto,LNG,SGSIN,Singapore,2016-11-01,2016-11-04,0,0.0,1.28,103.85,1
IMO9682576,Maran Gas Leto,LNG,SGSIN,Singapore,2016-11-18,2016-11-21,14,0.0,1.28,103.85,2
IMO9682576,Maran Gas Leto,LNG,AUGLT,Gladstone,2017-01-24,2017-01-27,64,3147.5,-23.84,151.26,5
IMO9682576,Maran Gas Leto,LNG,AUGLT,Gladstone,2017-02-10,2017-02-13,14,0.0,-23.84,151.26,6
IMO9682978,British Century,Tankers,SGSIN,Singapore,2019-08-01,2019-08-04,14,0.0,1.28,103.85,1
IMO9682978,Effie Maersk,Tankers,DZAZW,Arzew,2023-01-06,2023-01-09,0,0.0,35.85,-0.31,1
IMO9682978,Effie Maersk,Tankers,AEFJR,Fujairah,2024-10-01,2024-10-04,631,2959.8,25.13,56.34,2
IMO9682978,Effie Maersk,Tankers,DZAZW,Arzew,2025-06-13,2025-06-16,252,2959.8,35.85,-0.31,3
IMO9682978,Effie Maersk,Tankers,NLRTM,Rotterdam,2025-06-30,2025-07-03,14,986.2,51.92,4.47,4
IMO9682980,British Heritage,Tankers,DZAZW,Arzew,2019-08-15,2019-08-18,0,0.0,35.85,-0.31,1
IMO9682980,British Heritage,Tankers,NLRTM,Rotterdam,2019-09-01,2019-09-04,14,986.2,51.92,4.47,2
IMO9682980,Elisabeth Maersk,Tankers,DZAZW,Arzew,2022-08-11,2022-08-14,0,0.0,35.85,-0.31,1
IMO9682980,Elisabeth Maersk,Tankers,DZAZW,Arzew,2022-09-01,2022-09-04,18,0.0,35.85,-0.31,2
IMO9682980,Elisabeth Maersk,Tankers,USCRP,Corpus Christi,2023-05-31,2023-06-03,269,4764.0,27.81,-97.39,3
IMO9682980,Elisabeth Maersk,Tankers,USCRP,Corpus Christi,2025-05-28,2025-05-31,725,0.0,27.81,-97.39,4
IMO9682980,Elisabeth Maersk,Tankers,NLRTM,Rotterdam,2025-06-14,2025-06-17,14,4516.2,51.92,4.47,5
IMO9682980,Elisabeth Maersk,Tankers,DZAZW,Arzew,2026-06-15,2026-06-18,363,986.2,35.85,-0.31,6
IMO9682992,British Tradition,Tankers,SGSIN,Singapore,2018-11-22,2018-11-25,14,0.0,1.28,103.85,1
IMO9682992,British Tradition,Tankers,DZAZW,Arzew,2019-02-08,2019-02-11,75,6044.3,35.85,-0.31,2
IMO9682992,Eva Maersk,Tankers,CNNGB,Ningbo-Zhoushan,2022-01-26,2022-01-29,14,0.0,29.87,121.55,1
IMO9682992,Eva Maersk,Tankers,USHOU,Houston,2025-02-06,2025-02-09,1104,6654.6,29.74,-95.27,2
IMO9682992,Eva Maersk,Tankers,USCRP,Corpus Christi,2025-12-18,2025-12-21,312,160.8,27.81,-97.39,3
IMO9683569,Coral Lacera,LPG,NLRTM,Rotterdam,2020-12-17,2020-12-20,14,0.0,51.92,4.47,1
IMO9683661,Vl Pioneer,Tankers,JPCHB,Chiba,2022-08-10,2022-08-13,14,0.0,35.6,140.1,1
IMO9683661,Vl Pioneer,Tankers,CNNGB,Ningbo-Zhoushan,2022-08-27,2022-08-30,14,996.1,29.87,121.55,2
IMO9683661,Vl Pioneer,Tankers,CNNGB,Ningbo-Zhoushan,2022-09-13,2022-09-16,14,0.0,29.87,121.55,3
IMO9683661,Vl Pioneer,Tankers,SAYNB,Yanbu,2026-05-29,2026-06-01,1351,4380.6,24.09,38.06,4
IMO9683661,Vl Pioneer,Tankers,SAYNB,Yanbu,2026-07-08,2026-07-11,37,0.0,24.09,38.06,5
IMO9683673,Vl Brilliant o/o,Tankers,CNQDG,Qingdao,2025-11-04,2025-11-07,14,0.0,36.08,120.32,1
IMO9683697,Vl Prosperity,Tankers,KWMFA,Mina Al Ahmadi,2025-06-24,2025-06-27,0,0.0,29.07,48.15,1
IMO9684053,Fritzi N,LPG,USHOU,Houston,2019-06-27,2019-06-30,0,0.0,29.74,-95.27,1
IMO9684053,Fritzi N,LPG,SARRT,Ras Tanura,2021-11-18,2021-11-21,872,6881.5,26.65,50.16,2
IMO9684053,Fritzi N,LPG,SAYNB,Yanbu,2022-01-07,2022-01-10,47,673.9,24.09,38.06,3
IMO9685388,Gaschem Pacific,LPG,USHOU,Houston,2020-05-21,2020-05-24,0,0.0,29.74,-95.27,1
IMO9685388,Gaschem Pacific,LPG,USHOU,Houston,2021-05-27,2021-05-30,368,0.0,29.74,-95.27,2
IMO9685820,TEEKAY TBN,Tankers,DZAZW,Arzew,2018-03-21,2018-03-24,0,0.0,35.85,-0.31,1
IMO9685820,TEEKAY TBN,Tankers,CNNGB,Ningbo-Zhoushan,2018-04-07,2018-04-10,14,5676.8,29.87,121.55,2
IMO9685820,TEEKAY TBN,Tankers,NLRTM,Rotterdam,2020-06-17,2020-06-20,799,4890.7,51.92,4.47,3
IMO9685820,TEEKAY TBN,Tankers,SGSIN,Singapore,2020-07-04,2020-07-07,14,5689.2,1.28,103.85,4
IMO9686340,New Achievement,Tankers,AEFJR,Fujairah,2026-06-17,2026-06-20,0,0.0,25.13,56.34,1
IMO9686352,New Courage,Tankers,CNNGB,Ningbo-Zhoushan,2023-06-15,2023-06-18,14,0.0,29.87,121.55,1
IMO9686352,New Courage,Tankers,CNNGB,Ningbo-Zhoushan,2023-07-02,2023-07-05,14,0.0,29.87,121.55,2
IMO9686364,New Voyage,Tankers,AEFJR,Fujairah,2026-06-02,2026-06-05,0,0.0,25.13,56.34,1
IMO9687021,Gaslog Glasgow,LNG,AUGLT,Gladstone,2020-10-09,2020-10-12,0,0.0,-23.84,151.26,1
IMO9687021,Gaslog Glasgow,LNG,AUGLT,Gladstone,2020-10-26,2020-10-29,14,0.0,-23.84,151.26,2
IMO9688746,HSL BUNBURY,Dry Bulk,NLRTM,Rotterdam,2025-02-03,2025-02-06,0,0.0,51.92,4.47,1
IMO9689063,Thetis Glory,LPG,NGBON,Bonny,2020-03-19,2020-03-22,0,0.0,4.45,7.16,1
IMO9689063,Thetis Glory,LPG,SAYNB,Yanbu,2020-05-21,2020-05-24,60,2140.2,24.09,38.06,2
IMO9689914,Comet,LPG,KWMFA,Mina Al Ahmadi,2019-10-31,2019-11-03,0,0.0,29.07,48.15,1
IMO9689914,Comet,LPG,QARLF,Ras Laffan,2019-11-21,2019-11-24,18,261.1,25.92,51.53,2
IMO9689914,Comet,LPG,SARRT,Ras Tanura,2020-02-20,2020-02-23,88,85.8,26.65,50.16,3
IMO9689914,Comet,LPG,USHOU,Houston,2021-10-28,2021-10-31,613,6881.5,29.74,-95.27,4
IMO9689914,Comet,LPG,USHOU,Houston,2022-03-24,2022-03-27,144,0.0,29.74,-95.27,5
IMO9689914,Comet,LPG,USHOU,Houston,2022-05-19,2022-05-22,53,0.0,29.74,-95.27,6
IMO9689914,Comet,LPG,USHOU,Houston,2022-06-16,2022-06-19,25,0.0,29.74,-95.27,7
IMO9689914,Comet,LPG,USHOU,Houston,2022-09-22,2022-09-25,95,0.0,29.74,-95.27,8
IMO9689914,Comet,LPG,USHOU,Houston,2023-01-12,2023-01-15,109,0.0,29.74,-95.27,9
IMO9689914,Comet,LPG,USHOU,Houston,2023-01-19,2023-01-22,4,0.0,29.74,-95.27,10
IMO9689914,Comet,LPG,USHOU,Houston,2023-06-15,2023-06-18,144,0.0,29.74,-95.27,11
IMO9689914,Comet,LPG,USHOU,Houston,2023-08-17,2023-08-20,60,0.0,29.74,-95.27,12
IMO9689914,Comet,LPG,USHOU,Houston,2023-10-26,2023-10-29,67,0.0,29.74,-95.27,13
IMO9689976,New Dream,Tankers,CNNGB,Ningbo-Zhoushan,2019-05-24,2019-05-27,14,0.0,29.87,121.55,1
IMO9689976,New Dream,Tankers,SARRT,Ras Tanura,2019-08-29,2019-09-01,94,3717.6,26.65,50.16,2
IMO9689976,New Dream,Tankers,KWMFA,Mina Al Ahmadi,2025-06-23,2025-06-26,2122,180.3,29.07,48.15,3
IMO9689990,New Triumph,Tankers,SARRT,Ras Tanura,2021-02-22,2021-02-25,0,0.0,26.65,50.16,1
IMO9690145,Lng Finima Ii,LNG,USSPG,Sabine Pass,2022-03-31,2022-04-03,0,0.0,29.73,-93.87,1
IMO9690145,Lng Finima Ii,LNG,USSPG,Sabine Pass,2022-04-17,2022-04-20,14,0.0,29.73,-93.87,2
IMO9690145,Lng Finima Ii,LNG,USSPG,Sabine Pass,2022-08-11,2022-08-14,113,0.0,29.73,-93.87,3
IMO9690145,Lng Finima Ii,LNG,USSPG,Sabine Pass,2022-08-28,2022-08-31,14,0.0,29.73,-93.87,4
IMO9690169,Lng Abuja Ii,LNG,NGBON,Bonny,2020-08-12,2020-08-15,0,0.0,4.45,7.16,1
IMO9690169,Lng Abuja Ii,LNG,NGBON,Bonny,2020-08-29,2020-09-01,14,0.0,4.45,7.16,2
IMO9692002,Lng Bonny Ii,LNG,NGBON,Bonny,2022-05-20,2022-05-23,0,0.0,4.45,7.16,1
IMO9692002,Lng Bonny Ii,LNG,NGBON,Bonny,2022-06-06,2022-06-09,14,0.0,4.45,7.16,2
IMO9692487,Othoni,LPG,USHOU,Houston,2019-05-09,2019-05-12,0,0.0,29.74,-95.27,1
IMO9692487,Othoni,LPG,USHOU,Houston,2019-08-15,2019-08-18,95,0.0,29.74,-95.27,2
IMO9692487,Othoni,LPG,USHOU,Houston,2020-07-08,2020-07-11,325,0.0,29.74,-95.27,3
IMO9692487,Othoni,LPG,NLRTM,Rotterdam,2022-05-05,2022-05-08,663,4355.9,51.92,4.47,4
IMO9693745,Miltiadis Junior,Tankers,INSIK,Sikka / Jamnagar,2021-11-03,2021-11-06,14,0.0,22.43,69.84,1
IMO9693745,Miltiadis Junior,Tankers,NLRTM,Rotterdam,2021-11-20,2021-11-23,14,3449.7,51.92,4.47,2
IMO9695273,BW Odin,LPG,KWMFA,Mina Al Ahmadi,2019-07-18,2019-07-21,0,0.0,29.07,48.15,1
IMO9695273,BW Odin,LPG,USHOU,Houston,2022-05-27,2022-05-30,1041,6701.5,29.74,-95.27,2
IMO9695273,BW Odin,LPG,USHOU,Houston,2022-11-04,2022-11-07,158,0.0,29.74,-95.27,3
IMO9695273,BW Odin,LPG,USHOU,Houston,2023-01-12,2023-01-15,66,0.0,29.74,-95.27,4
IMO9696149,Lng Saturn,LNG,AUGLT,Gladstone,2016-07-11,2016-07-14,0,0.0,-23.84,151.26,1
IMO9696149,Lng Saturn,LNG,AUGLT,Gladstone,2016-07-28,2016-07-31,14,0.0,-23.84,151.26,2
IMO9696149,Lng Saturn,LNG,AUGLT,Gladstone,2020-12-09,2020-12-12,1592,0.0,-23.84,151.26,3
IMO9696149,Lng Saturn,LNG,AUGLT,Gladstone,2020-12-26,2020-12-29,14,0.0,-23.84,151.26,4
IMO9696791,Hellas Serenity,LPG,USHOU,Houston,2021-04-08,2021-04-11,0,0.0,29.74,-95.27,1
IMO9696791,Hellas Serenity,LPG,AUDRW,Darwin,2021-10-14,2021-10-17,186,8046.2,-12.46,130.84,2
IMO9698111,Oceanic Breeze,LNG,AUGLT,Gladstone,2020-08-10,2020-08-13,0,0.0,-23.84,151.26,1
IMO9698111,Oceanic Breeze,LNG,AUGLT,Gladstone,2020-08-27,2020-08-30,14,0.0,-23.84,151.26,2
IMO9698111,Oceanic Breeze,LNG,AUGLT,Gladstone,2022-07-05,2022-07-08,674,0.0,-23.84,151.26,3
IMO9698111,Oceanic Breeze,LNG,AUGLT,Gladstone,2022-07-22,2022-07-25,14,0.0,-23.84,151.26,4
IMO9698111,Oceanic Breeze,LNG,AUDRW,Darwin,2023-08-24,2023-08-27,395,1347.9,-12.46,130.84,5
IMO9698111,Oceanic Breeze,LNG,AUDRW,Darwin,2023-09-10,2023-09-13,14,0.0,-12.46,130.84,6
IMO9698386,Bu Sidra,LPG,SARRT,Ras Tanura,2022-07-21,2022-07-24,0,0.0,26.65,50.16,1
IMO9698386,Bu Sidra,LPG,SAYNB,Yanbu,2022-12-22,2022-12-25,151,673.9,24.09,38.06,2
IMO9700691,Delta Maria,Tankers,SARRT,Ras Tanura,2019-04-11,2019-04-14,0,0.0,26.65,50.16,1
IMO9700691,Delta Maria,Tankers,CNNGB,Ningbo-Zhoushan,2019-04-28,2019-05-01,14,3717.6,29.87,121.55,2
IMO9700691,Delta Maria,Tankers,SGSIN,Singapore,2019-05-15,2019-05-18,14,1991.7,1.28,103.85,3
IMO9700691,Delta Maria,Tankers,CNNGB,Ningbo-Zhoushan,2019-06-01,2019-06-04,14,1991.7,29.87,121.55,4
IMO9700691,Delta Maria,Tankers,INSIK,Sikka / Jamnagar,2019-06-18,2019-06-21,14,2799.7,22.43,69.84,5
IMO9700691,Delta Maria,Tankers,CNNGB,Ningbo-Zhoushan,2019-07-05,2019-07-08,14,2799.7,29.87,121.55,6
IMO9700691,Delta Tbn,Tankers,CNNGB,Ningbo-Zhoushan,2022-02-09,2022-02-12,14,0.0,29.87,121.55,1
IMO9700691,Delta Maria,Tankers,SARRT,Ras Tanura,2026-01-14,2026-01-17,2382,3717.6,26.65,50.16,7
IMO9700691,Delta Maria,Tankers,SGSIN,Singapore,2026-01-31,2026-02-03,14,3444.8,1.28,103.85,8
IMO9700706,Delta Eurydice,Tankers,SGSIN,Singapore,2018-04-04,2018-04-07,14,0.0,1.28,103.85,1
IMO9700706,Delta Eurydice,Tankers,ZASDB,Saldanha Bay,2018-04-21,2018-04-24,14,5239.3,-33.02,17.95,2
IMO9700706,Delta Eurydice,Tankers,NGBON,Bonny,2020-02-24,2020-02-27,671,2332.0,4.45,7.16,3
IMO9700706,Delta Eurydice,Tankers,ZASDB,Saldanha Bay,2020-03-12,2020-03-15,14,2332.0,-33.02,17.95,4
IMO9700706,Delta Eurydice,Tankers,DZAZW,Arzew,2020-08-17,2020-08-20,155,4260.3,35.85,-0.31,5
IMO9700706,Delta Eurydice,Tankers,SGSIN,Singapore,2020-09-03,2020-09-06,14,6044.3,1.28,103.85,6
IMO9700706,Delta Eurydice,Tankers,SGSIN,Singapore,2020-09-20,2020-09-23,14,0.0,1.28,103.85,7
IMO9700706,Delta Eurydice,Tankers,CNNGB,Ningbo-Zhoushan,2020-10-07,2020-10-10,14,1991.7,29.87,121.55,8
IMO9700706,Delta Eurydice,Tankers,CNNGB,Ningbo-Zhoushan,2020-10-24,2020-10-27,14,0.0,29.87,121.55,9
IMO9700706,Delta Eurydice,Tankers,INSIK,Sikka / Jamnagar,2020-11-10,2020-11-13,14,2799.7,22.43,69.84,10
IMO9700706,Delta Eurydice,Tankers,SARRT,Ras Tanura,2022-10-11,2022-10-14,697,1103.0,26.65,50.16,11
IMO9700706,Delta Eurydice,Tankers,CNNGB,Ningbo-Zhoushan,2022-10-28,2022-10-31,14,3717.6,29.87,121.55,12
IMO9700706,Delta Eurydice,Tankers,DZAZW,Arzew,2026-05-15,2026-05-18,1292,5676.8,35.85,-0.31,13
IMO9702015,Cobra,LPG,SARRT,Ras Tanura,2019-09-05,2019-09-08,0,0.0,26.65,50.16,1
IMO9702015,Cobra,LPG,USHOU,Houston,2023-03-16,2023-03-19,1285,6881.5,29.74,-95.27,2
IMO9702015,Cobra,LPG,USHOU,Houston,2023-08-10,2023-08-13,144,0.0,29.74,-95.27,3
IMO9702015,Cobra,LPG,USHOU,Houston,2023-10-26,2023-10-29,74,0.0,29.74,-95.27,4
IMO9702070,Front Tbn,Tankers,INSIK,Sikka / Jamnagar,2022-02-10,2022-02-13,14,0.0,22.43,69.84,1
IMO9702070,Front tbn,Tankers,SGSIN,Singapore,2025-02-13,2025-02-16,14,0.0,1.28,103.85,1
IMO9702455,Thalatta,Tankers,AEFJR,Fujairah,2025-04-23,2025-04-26,0,0.0,25.13,56.34,1
IMO9702455,Thalatta,Tankers,SARRT,Ras Tanura,2025-09-10,2025-09-13,137,346.0,26.65,50.16,2
IMO9702455,Thalatta,Tankers,SARRT,Ras Tanura,2025-10-07,2025-10-10,24,0.0,26.65,50.16,3
IMO9702455,Thalatta,Tankers,AEFJR,Fujairah,2026-06-11,2026-06-14,244,346.0,25.13,56.34,4
IMO9703117,Ellington ,LPG,USHOU,Houston,2021-02-18,2021-02-21,0,0.0,29.74,-95.27,1
IMO9703117,Ellington,LPG,USHOU,Houston,2022-03-17,2022-03-20,0,0.0,29.74,-95.27,1
IMO9703117,Ellington,LPG,USHOU,Houston,2022-07-14,2022-07-17,116,0.0,29.74,-95.27,2
IMO9704788,Texas O/O,Tankers,KWMFA,Mina Al Ahmadi,2025-10-02,2025-10-05,0,0.0,29.07,48.15,1
IMO9705005,Saltram,LPG,USHOU,Houston,2021-03-11,2021-03-14,0,0.0,29.74,-95.27,1
IMO9705005,Saltram,LPG,AUDRW,Darwin,2021-12-02,2021-12-05,263,8046.2,-12.46,130.84,2
IMO9705005,Saltram,LPG,USHOU,Houston,2022-02-24,2022-02-27,81,8046.2,29.74,-95.27,3
IMO9705005,Saltram,LPG,USHOU,Houston,2022-03-24,2022-03-27,25,0.0,29.74,-95.27,4
IMO9705005,Saltram,LPG,USHOU,Houston,2022-05-27,2022-05-30,61,0.0,29.74,-95.27,5
IMO9705005,Saltram,LPG,USHOU,Houston,2023-01-05,2023-01-08,220,0.0,29.74,-95.27,6
IMO9706401,New Caesar,Tankers,SARRT,Ras Tanura,2021-02-16,2021-02-19,0,0.0,26.65,50.16,1
IMO9706401,New Caesar,Tankers,CNZHA,Zhanjiang,2021-03-05,2021-03-08,14,3292.8,21.2,110.4,2
IMO9706401,New Caesar,Tankers,CNQDG,Qingdao,2021-03-22,2021-03-25,14,1033.6,36.08,120.32,3
IMO9706413,New Comfort,Tankers,CNNGB,Ningbo-Zhoushan,2019-05-24,2019-05-27,14,0.0,29.87,121.55,1
IMO9706413,New Comfort (EXXON),Tankers,KRUSN,Ulsan,2019-09-12,2019-09-15,14,0.0,35.5,129.38,1
IMO9706413,New Comfort (EXXON),Tankers,SARRT,Ras Tanura,2020-07-01,2020-07-04,290,4000.9,26.65,50.16,2
IMO9706413,New Comfort*,Tankers,AEFJR,Fujairah,2026-07-06,2026-07-09,0,0.0,25.13,56.34,1
IMO9706504,Cheyenne,LPG,USPOA,Port Arthur / Nederland,2021-04-08,2021-04-11,0,0.0,29.87,-93.93,1
IMO9706504,Cheyenne,LPG,USHOU,Houston,2023-12-21,2023-12-24,984,70.2,29.74,-95.27,2
IMO9707510,Gaslog Gibraltar,LNG,USCMR,Cameron / Lake Charles,2023-07-06,2023-07-09,0,0.0,30.22,-93.22,1
IMO9707510,Gaslog Gibraltar,LNG,USCMR,Cameron / Lake Charles,2023-07-23,2023-07-26,14,0.0,30.22,-93.22,2
IMO9708497,New Odyssey,Tankers,CNQDG,Qingdao,2019-10-16,2019-10-19,14,0.0,36.08,120.32,1
IMO9708514,New Constant,Tankers,SARRT,Ras Tanura,2023-09-26,2023-09-29,0,0.0,26.65,50.16,1
IMO9708526,New Energy,Tankers,CNNGB,Ningbo-Zhoushan,2019-06-02,2019-06-05,14,0.0,29.87,121.55,1
IMO9708526,New Energy,Tankers,CNNGB,Ningbo-Zhoushan,2019-06-19,2019-06-22,14,0.0,29.87,121.55,2
IMO9708526,New Energy (BP),Tankers,KWMFA,Mina Al Ahmadi,2019-09-23,2019-09-26,0,0.0,29.07,48.15,1
IMO9708526,New Energy,Tankers,SARRT,Ras Tanura,2022-01-07,2022-01-10,930,3717.6,26.65,50.16,3
IMO9708526,New Energy,Tankers,CNNGB,Ningbo-Zhoushan,2022-01-24,2022-01-27,14,3717.6,29.87,121.55,4
IMO9708526,New Energy,Tankers,DZAZW,Arzew,2025-03-14,2025-03-17,1142,5676.8,35.85,-0.31,5
IMO9709025,Flex Ranger,LNG,NGBON,Bonny,2018-08-30,2018-09-02,0,0.0,4.45,7.16,1
IMO9709025,Flex Ranger,LNG,NGBON,Bonny,2018-09-16,2018-09-19,14,0.0,4.45,7.16,2
IMO9709025,Flex Ranger,LNG,USSPG,Sabine Pass,2020-07-07,2020-07-10,657,5842.3,29.73,-93.87,3
IMO9709025,Flex Ranger,LNG,USSPG,Sabine Pass,2020-07-24,2020-07-27,14,0.0,29.73,-93.87,4
IMO9709025,Flex Ranger,LNG,QARLF,Ras Laffan,2021-03-11,2021-03-14,227,6917.9,25.92,51.53,5
IMO9709025,Flex Ranger,LNG,QARLF,Ras Laffan,2021-03-28,2021-03-31,14,0.0,25.92,51.53,6
IMO9709025,Flex Ranger,LNG,USSPG,Sabine Pass,2021-04-15,2021-04-18,15,6917.9,29.73,-93.87,7
IMO9709025,Flex Ranger,LNG,USSPG,Sabine Pass,2021-05-02,2021-05-05,14,0.0,29.73,-93.87,8
IMO9709025,Flex Ranger,LNG,USCRP,Corpus Christi,2023-06-16,2023-06-19,772,218.2,27.81,-97.39,9
IMO9709025,Flex Ranger,LNG,USCRP,Corpus Christi,2023-07-03,2023-07-06,14,0.0,27.81,-97.39,10
IMO9709037,Flex Rainbow,LNG,AUGLT,Gladstone,2021-03-31,2021-04-03,0,0.0,-23.84,151.26,1
IMO9709037,Flex Rainbow,LNG,AUGLT,Gladstone,2021-04-17,2021-04-20,14,0.0,-23.84,151.26,2
IMO9709037,Flex Rainbow,LNG,USCMR,Cameron / Lake Charles,2021-06-16,2021-06-19,57,7382.1,30.22,-93.22,3
IMO9709037,Flex Rainbow,LNG,USCMR,Cameron / Lake Charles,2021-07-03,2021-07-06,14,0.0,30.22,-93.22,4
IMO9709037,Flex Rainbow,LNG,QARLF,Ras Laffan,2022-02-07,2022-02-10,216,6874.5,25.92,51.53,5
IMO9709037,Flex Rainbow,LNG,QARLF,Ras Laffan,2022-02-24,2022-02-27,14,0.0,25.92,51.53,6
IMO9709037,Flex Rainbow,LNG,SGSIN,Singapore,2023-06-15,2023-06-18,473,3361.5,1.28,103.85,7
IMO9709037,Flex Rainbow,LNG,SGSIN,Singapore,2023-07-02,2023-07-05,14,0.0,1.28,103.85,8
IMO9709075,Antigone,Tankers,CNNGB,Ningbo-Zhoushan,2021-03-11,2021-03-14,14,0.0,29.87,121.55,1
IMO9709075,Antigone,Tankers,CNNGB,Ningbo-Zhoushan,2021-03-28,2021-03-31,14,0.0,29.87,121.55,2
IMO9709075,Antigone,Tankers,SARRT,Ras Tanura,2024-12-09,2024-12-12,1349,3717.6,26.65,50.16,3
IMO9709075,Antigone,Tankers,KRUSN,Ulsan,2024-12-26,2024-12-29,14,4000.9,35.5,129.38,4
IMO9709075,Mozambique B,Tankers,AEFJR,Fujairah,2026-06-11,2026-06-14,0,0.0,25.13,56.34,1
IMO9709087,Front Clyde,Tankers,CNQDG,Qingdao,2025-02-27,2025-03-02,14,0.0,36.08,120.32,1
IMO9709087,Front Clyde,Tankers,SARRT,Ras Tanura,2025-08-15,2025-08-18,166,3565.3,26.65,50.16,2
IMO9709087,Front Spey O/O,Tankers,KWMFA,Mina Al Ahmadi,2025-09-24,2025-09-27,0,0.0,29.07,48.15,1
IMO9709087,Vietnam Prosperity,Tankers,SAYNB,Yanbu,2026-03-17,2026-03-20,0,0.0,24.09,38.06,1
IMO9709576,Vega Sea,LPG,USHOU,Houston,2022-09-01,2022-09-04,0,0.0,29.74,-95.27,1
IMO9709576,Vega Sea,LPG,USHOU,Houston,2022-11-10,2022-11-13,67,0.0,29.74,-95.27,2
IMO9709576,Vega Sea,LPG,USHOU,Houston,2023-01-12,2023-01-15,60,0.0,29.74,-95.27,3
IMO9709576,Vega Sea,LPG,USHOU,Houston,2023-03-31,2023-04-03,75,0.0,29.74,-95.27,4
IMO9710322,Desh Ujala,Tankers,SAYNB,Yanbu,2026-04-09,2026-04-12,0,0.0,24.09,38.06,1
IMO9711535,Dilos,LPG,USHOU,Houston,2021-06-17,2021-06-20,0,0.0,29.74,-95.27,1
IMO9711535,Dilos,LPG,USHOU,Houston,2021-10-14,2021-10-17,116,0.0,29.74,-95.27,2
IMO9711535,Dilos,LPG,USHOU,Houston,2022-06-02,2022-06-05,228,0.0,29.74,-95.27,3
IMO9711535,Dilos,LPG,USHOU,Houston,2022-06-16,2022-06-19,11,0.0,29.74,-95.27,4
IMO9711535,Dilos,LPG,KRUSN,Ulsan,2022-07-03,2022-07-06,14,6148.4,35.5,129.38,5
IMO9711535,Dilos,LPG,USHOU,Houston,2023-12-07,2023-12-10,519,6148.4,29.74,-95.27,6
IMO9711535,Dilos,LPG,USHOU,Houston,2024-01-18,2024-01-21,39,0.0,29.74,-95.27,7
IMO9712802,Navigator Triton,LPG,USHOU,Houston,2020-05-14,2020-05-17,0,0.0,29.74,-95.27,1
IMO9712802,Navigator Triton,LPG,USHOU,Houston,2021-02-04,2021-02-07,263,0.0,29.74,-95.27,2
IMO9712802,Navigator Triton ,LPG,USHOU,Houston,2021-09-16,2021-09-19,0,0.0,29.74,-95.27,1
IMO9712802,Navigator Triton,LPG,USHOU,Houston,2021-10-21,2021-10-24,256,0.0,29.74,-95.27,3
IMO9713105,Bauhinia Spirit,LNG,USSPG,Sabine Pass,2021-04-30,2021-05-03,0,0.0,29.73,-93.87,1
IMO9713105,Bauhinia Spirit,LNG,USSPG,Sabine Pass,2021-05-17,2021-05-20,14,0.0,29.73,-93.87,2
IMO9713105,Bauhinia Spirit,LNG,USSPG,Sabine Pass,2021-12-13,2021-12-16,207,0.0,29.73,-93.87,3
IMO9713105,Bauhinia Spirit,LNG,USSPG,Sabine Pass,2021-12-30,2022-01-02,14,0.0,29.73,-93.87,4
IMO9713105,Bauhinia Spirit,LNG,SGSIN,Singapore,2022-03-25,2022-03-28,82,8686.4,1.28,103.85,5
IMO9713105,Bauhinia Spirit,LNG,SGSIN,Singapore,2022-04-11,2022-04-14,14,0.0,1.28,103.85,6
IMO9714276,Seri Camellia,LNG,QARLF,Ras Laffan,2019-07-30,2019-08-02,0,0.0,25.92,51.53,1
IMO9714276,Seri Camellia,LNG,QARLF,Ras Laffan,2019-08-16,2019-08-19,14,0.0,25.92,51.53,2
IMO9714305,Seri Camar,LNG,USSPG,Sabine Pass,2019-01-17,2019-01-20,0,0.0,29.73,-93.87,1
IMO9714305,Seri Camar,LNG,USSPG,Sabine Pass,2019-02-03,2019-02-06,14,0.0,29.73,-93.87,2
IMO9714947,Cosco Tbn,Tankers,SARRT,Ras Tanura,2022-07-01,2022-07-04,0,0.0,26.65,50.16,1
IMO9722542,Sea Bird,LPG,USHOU,Houston,2022-09-29,2022-10-02,0,0.0,29.74,-95.27,1
IMO9722895,Dht Lion,Tankers,CNNGB,Ningbo-Zhoushan,2022-01-14,2022-01-17,14,0.0,29.87,121.55,1
IMO9722900,Dht Panther,Tankers,SARRT,Ras Tanura,2020-03-10,2020-03-13,0,0.0,26.65,50.16,1
IMO9722900,Dht Panther,Tankers,CNNGB,Ningbo-Zhoushan,2020-03-27,2020-03-30,14,3717.6,29.87,121.55,2
IMO9722900,Dht Panther,Tankers,AEFJR,Fujairah,2026-05-26,2026-05-29,2248,3438.5,25.13,56.34,3
IMO9722924,Alex,Tankers,SARRT,Ras Tanura,2019-10-04,2019-10-07,0,0.0,26.65,50.16,1
IMO9722924,Alex,Tankers,CNQDG,Qingdao,2019-10-21,2019-10-24,14,3565.3,36.08,120.32,2
IMO9722924,Alex,Tankers,KWMFA,Mina Al Ahmadi,2022-05-10,2022-05-13,929,3592.8,29.07,48.15,3
IMO9722924,Alex,Tankers,CNNGB,Ningbo-Zhoushan,2022-05-27,2022-05-30,14,3765.1,29.87,121.55,4
IMO9722924,Front Cloud,Tankers,KWMFA,Mina Al Ahmadi,2024-04-08,2024-04-11,0,0.0,29.07,48.15,1
IMO9722936,Anne,Tankers,CNNGB,Ningbo-Zhoushan,2020-06-11,2020-06-14,14,0.0,29.87,121.55,1
IMO9722936,Front Spey,Tankers,SARRT,Ras Tanura,2024-05-30,2024-06-02,0,0.0,26.65,50.16,1
IMO9722936,Front Spey,Tankers,AEFJR,Fujairah,2024-06-16,2024-06-19,14,346.0,25.13,56.34,2
IMO9722936,Front Spey,Tankers,SARRT,Ras Tanura,2025-03-25,2025-03-28,279,346.0,26.65,50.16,3
IMO9723069,Dominica,Tankers,KRUSN,Ulsan,2020-09-16,2020-09-19,14,0.0,35.5,129.38,1
IMO9723069,Dominica,Tankers,CNNGB,Ningbo-Zhoushan,2020-10-03,2020-10-06,14,520.1,29.87,121.55,2
IMO9723069,Front Dee,Tankers,CNQDG,Qingdao,2024-11-13,2024-11-16,14,0.0,36.08,120.32,1
IMO9723083,Donoussa,Tankers,SARRT,Ras Tanura,2023-11-14,2023-11-17,0,0.0,26.65,50.16,1
IMO9723083,Donoussa,Tankers,SARRT,Ras Tanura,2025-05-27,2025-05-30,557,0.0,26.65,50.16,2
IMO9723083,Donoussa,Tankers,SARRT,Ras Tanura,2026-01-27,2026-01-30,242,0.0,26.65,50.16,3
IMO9723095,Desirade,Tankers,KRUSN,Ulsan,2022-06-08,2022-06-11,14,0.0,35.5,129.38,1
IMO9723095,Front Tay*,Tankers,SGSIN,Singapore,2025-12-24,2025-12-27,0,0.0,1.28,103.85,1
IMO9723100,Drenec,Tankers,CNNGB,Ningbo-Zhoushan,2020-06-12,2020-06-15,14,0.0,29.87,121.55,1
IMO9723100,Drenec,Tankers,CNQDG,Qingdao,2020-06-29,2020-07-02,14,378.0,36.08,120.32,2
IMO9723112,Ulysses,Tankers,SARRT,Ras Tanura,2021-05-05,2021-05-08,0,0.0,26.65,50.16,1
IMO9723112,Ulysses,Tankers,KRUSN,Ulsan,2021-05-22,2021-05-25,14,4000.9,35.5,129.38,2
IMO9723112,Ulysses,Tankers,AEFJR,Fujairah,2026-04-27,2026-04-30,1798,3753.1,25.13,56.34,3
IMO9723124,Hercules I (KOCH),Tankers,SARRT,Ras Tanura,2019-07-29,2019-08-01,0,0.0,26.65,50.16,1
IMO9723124,Hercules I (KOCH),Tankers,CNNGB,Ningbo-Zhoushan,2019-08-15,2019-08-18,14,3717.6,29.87,121.55,2
IMO9723124,Hercules I (KOCH),Tankers,CNNGB,Ningbo-Zhoushan,2019-09-01,2019-09-04,14,0.0,29.87,121.55,3
IMO9723124,Hercules I,Tankers,KWMFA,Mina Al Ahmadi,2019-09-10,2019-09-13,0,0.0,29.07,48.15,1
IMO9723124,Hercules I,Tankers,KRUSN,Ulsan,2019-09-27,2019-09-30,14,4023.0,35.5,129.38,2
IMO9723124,Hercules I,Tankers,KRUSN,Ulsan,2019-10-14,2019-10-17,14,0.0,35.5,129.38,3
IMO9723124,Hercules I,Tankers,CNNGB,Ningbo-Zhoushan,2019-10-31,2019-11-03,14,520.1,29.87,121.55,4
IMO9723124,Hercules I,Tankers,CNNGB,Ningbo-Zhoushan,2019-11-17,2019-11-20,14,0.0,29.87,121.55,5
IMO9723124,Hercules I,Tankers,CNNGB,Ningbo-Zhoushan,2019-12-04,2019-12-07,14,0.0,29.87,121.55,6
IMO9723124,Hercules I,Tankers,CNNGB,Ningbo-Zhoushan,2019-12-21,2019-12-24,14,0.0,29.87,121.55,7
IMO9723124,Hercules I,Tankers,CNNGB,Ningbo-Zhoushan,2020-01-07,2020-01-10,14,0.0,29.87,121.55,8
IMO9723124,Hercules I o/o,Tankers,SGSIN,Singapore,2020-05-27,2020-05-30,14,0.0,1.28,103.85,1
IMO9723124,Hercules I,Tankers,KWMFA,Mina Al Ahmadi,2024-04-17,2024-04-20,1559,3765.1,29.07,48.15,9
IMO9723124,Hercules I O/O C.Spirit,Tankers,KRUSN,Ulsan,2025-06-02,2025-06-05,14,0.0,35.5,129.38,1
IMO9723124,Hercules I,Tankers,AEFJR,Fujairah,2026-03-17,2026-03-20,696,497.4,25.13,56.34,10
IMO9723801,Prachi,LNG,QARLF,Ras Laffan,2017-01-22,2017-01-25,0,0.0,25.92,51.53,1
IMO9723801,Prachi,LNG,QARLF,Ras Laffan,2017-02-08,2017-02-11,14,0.0,25.92,51.53,2
IMO9723801,Prachi,LNG,QARLF,Ras Laffan,2018-06-25,2018-06-28,499,0.0,25.92,51.53,3
IMO9723801,Prachi,LNG,QARLF,Ras Laffan,2018-07-12,2018-07-15,14,0.0,25.92,51.53,4
IMO9724266,Gas Umm al Rowaisat,LPG,SAYNB,Yanbu,2023-03-02,2023-03-05,0,0.0,24.09,38.06,1
IMO9726102,Secreto,LPG,USHOU,Houston,2022-03-24,2022-03-27,0,0.0,29.74,-95.27,1
IMO9726102,Secreto,LPG,SAYNB,Yanbu,2023-10-26,2023-10-29,578,6602.3,24.09,38.06,2
IMO9726102,Secreto,LPG,USHOU,Houston,2024-01-04,2024-01-07,67,6602.3,29.74,-95.27,3
IMO9727015,Seaways Hendricks,Tankers,SARRT,Ras Tanura,2020-03-02,2020-03-05,1,3444.8,26.65,50.16,2
IMO9727015,Seaways Hendricks,Tankers,SGSIN,Singapore,2020-03-04,2020-03-07,14,0.0,1.28,103.85,1
IMO9727015,Seaways Hendricks,Tankers,SARRT,Ras Tanura,2021-12-15,2021-12-18,650,0.0,26.65,50.16,3
IMO9727027,Gener8 Chiotis,Tankers,SARRT,Ras Tanura,2020-05-20,2020-05-23,0,0.0,26.65,50.16,1
IMO9727027,Gener8 Chiotis,Tankers,KRUSN,Ulsan,2020-06-06,2020-06-09,14,4000.9,35.5,129.38,2
IMO9727027,Gener8 Chiotis,Tankers,CNNGB,Ningbo-Zhoushan,2020-06-23,2020-06-26,14,520.1,29.87,121.55,3
IMO9727077,Ardmore Encounter,Tankers,SGSIN,Singapore,2019-11-26,2019-11-29,0,0.0,1.28,103.85,1
IMO9727077,Ardmore Encounter,Tankers,AEFJR,Fujairah,2019-12-13,2019-12-16,14,3099.3,25.13,56.34,2
IMO9727194,Coswisdom Lake,Tankers,SARRT,Ras Tanura,2020-07-29,2020-08-01,0,0.0,26.65,50.16,1
IMO9727194,Coswisdom Lake,Tankers,DZAZW,Arzew,2025-09-11,2025-09-14,1867,2619.7,35.85,-0.31,2
IMO9727209,Cosdignity Lake (Trafi),Tankers,KRUSN,Ulsan,2019-08-21,2019-08-24,14,0.0,35.5,129.38,1
IMO9727209,Cosdignity Lake,Tankers,KRUSN,Ulsan,2024-01-18,2024-01-21,14,0.0,35.5,129.38,1
IMO9727211,Landbridge Fortune,Tankers,DZAZW,Arzew,2020-05-06,2020-05-09,0,0.0,35.85,-0.31,1
IMO9727211,Landbridge Fortune,Tankers,CNNGB,Ningbo-Zhoushan,2020-05-23,2020-05-26,14,5676.8,29.87,121.55,2
IMO9727211,Landbridge Fortune,Tankers,CNNGB,Ningbo-Zhoushan,2020-06-09,2020-06-12,14,0.0,29.87,121.55,3
IMO9727211,Landbridge Fortune,Tankers,CNNGB,Ningbo-Zhoushan,2020-06-26,2020-06-29,14,0.0,29.87,121.55,4
IMO9727211,Landbridge Fortune,Tankers,CNNGB,Ningbo-Zhoushan,2020-07-13,2020-07-16,14,0.0,29.87,121.55,5
IMO9727211,Landbridge Fortune,Tankers,INSIK,Sikka / Jamnagar,2020-07-30,2020-08-02,14,2799.7,22.43,69.84,6
IMO9727211,Landbridge Fortune,Tankers,SGSIN,Singapore,2020-08-16,2020-08-19,14,2355.7,1.28,103.85,7
IMO9727211,Landbridge Fortune,Tankers,SARRT,Ras Tanura,2025-06-12,2025-06-15,1758,3444.8,26.65,50.16,8
IMO9727223,Landbridge Prosperity,Tankers,SGSIN,Singapore,2019-05-29,2019-06-01,14,0.0,1.28,103.85,1
IMO9727223,Landbridge Prosperity,Tankers,CNNGB,Ningbo-Zhoushan,2019-06-15,2019-06-18,14,1991.7,29.87,121.55,2
IMO9727469,Clipper Helen,LPG,USHOU,Houston,2020-12-17,2020-12-20,0,0.0,29.74,-95.27,1
IMO9727862,Oriental Queen (Itochu re-let),LPG,QARLF,Ras Laffan,2020-04-02,2020-04-05,0,0.0,25.92,51.53,1
IMO9728368,Cougar,LPG,USHOU,Houston,2022-09-01,2022-09-04,0,0.0,29.74,-95.27,1
IMO9728523,Glory Prosperity,Dry Bulk,BRSSZ,Santos,2025-02-12,2025-02-15,0,0.0,-23.96,-46.33,1
IMO9728670,SYFNOS,Tankers,SAYNB,Yanbu,2022-12-20,2022-12-23,0,0.0,24.09,38.06,1
IMO9728693,Alboran,Tankers,SARRT,Ras Tanura,2020-04-21,2020-04-24,0,0.0,26.65,50.16,1
IMO9728693,Front Surna,Tankers,KWMFA,Mina Al Ahmadi,2025-12-31,2026-01-03,0,0.0,29.07,48.15,1
IMO9728708,Arafura,Tankers,CNNGB,Ningbo-Zhoushan,2019-07-10,2019-07-13,14,0.0,29.87,121.55,1
IMO9728708,Front Osen o/o,Tankers,SARRT,Ras Tanura,2025-10-21,2025-10-24,0,0.0,26.65,50.16,1
IMO9728710,Eagle Venice,Tankers,CNNGB,Ningbo-Zhoushan,2020-06-03,2020-06-06,14,0.0,29.87,121.55,1
IMO9728710,Nissos Santorini,Tankers,KWMFA,Mina Al Ahmadi,2020-06-23,2020-06-26,0,0.0,29.07,48.15,1
IMO9728710,Nissos Santorini,Tankers,CNNGB,Ningbo-Zhoushan,2020-07-10,2020-07-13,14,3765.1,29.87,121.55,2
IMO9728710,Eagle Venice,Tankers,NGBON,Bonny,2021-03-08,2021-03-11,275,6518.2,4.45,7.16,2
IMO9728710,Eagle Venice,Tankers,KWMFA,Mina Al Ahmadi,2025-03-17,2025-03-20,1467,2758.1,29.07,48.15,3
IMO9728722,Front Hawke,Tankers,INSIK,Sikka / Jamnagar,2024-07-22,2024-07-25,14,0.0,22.43,69.84,1
IMO9728722,Front Hawke,Tankers,KWMFA,Mina Al Ahmadi,2025-04-23,2025-04-26,272,1236.5,29.07,48.15,2
IMO9728722,Front Hawke,Tankers,CNQDG,Qingdao,2025-05-10,2025-05-13,14,3592.8,36.08,120.32,3
IMO9729556,Aragona o/o,Tankers,CNNGB,Ningbo-Zhoushan,2025-10-29,2025-11-01,14,0.0,29.87,121.55,1
IMO9730086,Heron,Tankers,SARRT,Ras Tanura,2020-06-24,2020-06-27,0,0.0,26.65,50.16,1
IMO9730086,Heron,Tankers,CNNGB,Ningbo-Zhoushan,2020-07-11,2020-07-14,14,3717.6,29.87,121.55,2
IMO9730098,Front Vefsna O/o,Tankers,KRUSN,Ulsan,2025-06-19,2025-06-22,14,0.0,35.5,129.38,1
IMO9730098,Front Vefsna,Tankers,CNQDG,Qingdao,2025-06-26,2025-06-29,14,0.0,36.08,120.32,1
IMO9730098,Front Vefsna,Tankers,KRUSN,Ulsan,2025-07-13,2025-07-16,14,442.5,35.5,129.38,2
IMO9730361,Trinity,Tankers,CNNGB,Ningbo-Zhoushan,2019-09-02,2019-09-05,14,0.0,29.87,121.55,1
IMO9730361,Trinity,Tankers,SGSIN,Singapore,2019-09-19,2019-09-22,14,1991.7,1.28,103.85,2
IMO9730361,Trinity,Tankers,SGSIN,Singapore,2019-10-06,2019-10-09,14,0.0,1.28,103.85,3
IMO9730361,Trinity,Tankers,SGSIN,Singapore,2021-07-27,2021-07-30,657,0.0,1.28,103.85,4
IMO9730361,Trinity,Tankers,SGSIN,Singapore,2021-08-13,2021-08-16,14,0.0,1.28,103.85,5
IMO9730361,Trinity,Tankers,SARRT,Ras Tanura,2022-12-07,2022-12-10,478,3444.8,26.65,50.16,6
IMO9730361,Trinity,Tankers,NLRTM,Rotterdam,2025-06-24,2025-06-27,927,2547.4,51.92,4.47,7
IMO9730373,San Jacinto,Tankers,SGSIN,Singapore,2018-03-09,2018-03-12,14,0.0,1.28,103.85,1
IMO9730373,San Jacinto,Tankers,NLRTM,Rotterdam,2018-08-06,2018-08-09,147,5689.2,51.92,4.47,2
IMO9730373,San Jacinto,Tankers,SGSIN,Singapore,2018-08-23,2018-08-26,14,5689.2,1.28,103.85,3
IMO9730373,San Jacinto,Tankers,SARRT,Ras Tanura,2018-09-12,2018-09-15,17,3444.8,26.65,50.16,4
IMO9730373,San Jacinto,Tankers,SARRT,Ras Tanura,2018-09-18,2018-09-21,3,0.0,26.65,50.16,5
IMO9730373,San Jacinto,Tankers,INSIK,Sikka / Jamnagar,2018-10-05,2018-10-08,14,1103.0,22.43,69.84,6
IMO9730373,San Jacinto,Tankers,NLRTM,Rotterdam,2018-10-22,2018-10-25,14,3449.7,51.92,4.47,7
IMO9730373,San Jacinto,Tankers,SGSIN,Singapore,2018-11-08,2018-11-11,14,5689.2,1.28,103.85,8
IMO9730373,San Jacinto,Tankers,AEFJR,Fujairah,2020-11-19,2020-11-22,739,3099.3,25.13,56.34,9
IMO9730373,San Jacinto,Tankers,INSIK,Sikka / Jamnagar,2020-12-06,2020-12-09,14,758.9,22.43,69.84,10
IMO9730373,San Jacinto,Tankers,NLRTM,Rotterdam,2020-12-23,2020-12-26,14,3449.7,51.92,4.47,11
IMO9730373,San Jacinto,Tankers,SGSIN,Singapore,2021-01-09,2021-01-12,14,5689.2,1.28,103.85,12
IMO9730373,San Jacinto,Tankers,DZAZW,Arzew,2022-04-05,2022-04-08,448,6044.3,35.85,-0.31,13
IMO9730373,San Jacinto,Tankers,USCRP,Corpus Christi,2025-04-29,2025-05-02,1117,4764.0,27.81,-97.39,14
IMO9730414,Seaways Hatteras,Tankers,NLRTM,Rotterdam,2018-08-08,2018-08-11,14,0.0,51.92,4.47,1
IMO9730414,Seaways Hatteras,Tankers,USHOU,Houston,2019-02-20,2019-02-23,193,4355.9,29.74,-95.27,2
IMO9730414,Seaways Hatteras,Tankers,NLRTM,Rotterdam,2019-03-09,2019-03-12,14,4355.9,51.92,4.47,3
IMO9730414,Seaways Hatteras,Tankers,SGSIN,Singapore,2019-03-26,2019-03-29,14,5689.2,1.28,103.85,4
IMO9730414,Seaways Hatteras,Tankers,SARRT,Ras Tanura,2022-05-30,2022-06-02,1158,3444.8,26.65,50.16,5
IMO9730414,Seaways Hatteras,Tankers,DZAZW,Arzew,2024-04-29,2024-05-02,697,2619.7,35.85,-0.31,6
IMO9731157,Olympic Luna,Tankers,KWMFA,Mina Al Ahmadi,2021-06-22,2021-06-25,0,0.0,29.07,48.15,1
IMO9731157,Olympic Luna,Tankers,KWMFA,Mina Al Ahmadi,2023-07-04,2023-07-07,739,0.0,29.07,48.15,2
IMO9731169,Olympic Lady,Tankers,CNNGB,Ningbo-Zhoushan,2022-09-01,2022-09-04,14,0.0,29.87,121.55,1
IMO9732369,Maran Gas Vergina,LNG,QARLF,Ras Laffan,2017-04-24,2017-04-27,0,0.0,25.92,51.53,1
IMO9732369,Maran Gas Vergina,LNG,QARLF,Ras Laffan,2017-05-09,2017-05-12,1,0.0,25.92,51.53,3
IMO9732369,Maran Gas Vergina,LNG,QARLF,Ras Laffan,2017-05-11,2017-05-14,14,0.0,25.92,51.53,2
IMO9732369,Maran Gas Vergina,LNG,QARLF,Ras Laffan,2017-05-26,2017-05-29,14,0.0,25.92,51.53,4
IMO9732369,Maran Gas Vergina,LNG,SGSIN,Singapore,2020-07-14,2020-07-17,1142,3361.5,1.28,103.85,5
IMO9732369,Maran Gas Vergina,LNG,SGSIN,Singapore,2020-07-31,2020-08-03,14,0.0,1.28,103.85,6
IMO9732369,Maran Gas Vergina,LNG,NGBON,Bonny,2020-10-21,2020-10-24,79,5798.0,4.45,7.16,7
IMO9732369,Maran Gas Vergina,LNG,NGBON,Bonny,2020-11-07,2020-11-10,14,0.0,4.45,7.16,8
IMO9732539,BW Brage,LPG,NGBON,Bonny,2019-09-19,2019-09-22,0,0.0,4.45,7.16,1
IMO9732539,BW Brage,LPG,AUDAM,Dampier,2020-06-04,2020-06-07,256,6595.4,-20.65,116.71,2
IMO9732539,BW Brage,LPG,USHOU,Houston,2021-04-22,2021-04-25,319,8993.1,29.74,-95.27,3
IMO9732539,BW Brage,LPG,USHOU,Houston,2022-04-07,2022-04-10,347,0.0,29.74,-95.27,4
IMO9732539,BW Brage,LPG,USHOU,Houston,2022-09-01,2022-09-04,144,0.0,29.74,-95.27,5
IMO9732539,BW Brage,LPG,USHOU,Houston,2023-02-23,2023-02-26,172,0.0,29.74,-95.27,6
IMO9732539,BW Brage,LPG,USHOU,Houston,2023-04-13,2023-04-16,46,0.0,29.74,-95.27,7
IMO9732539,BW Brage,LPG,USHOU,Houston,2023-07-27,2023-07-30,102,0.0,29.74,-95.27,8
IMO9732539,BW Brage,LPG,USHOU,Houston,2023-10-19,2023-10-22,81,0.0,29.74,-95.27,9
IMO9732539,BW Brage,LPG,USHOU,Houston,2023-10-26,2023-10-29,4,0.0,29.74,-95.27,10
IMO9732539,BW Brage,LPG,USHOU,Houston,2024-01-18,2024-01-21,81,0.0,29.74,-95.27,11
IMO9732541,Aral,Tankers,SARRT,Ras Tanura,2020-03-19,2020-03-22,0,0.0,26.65,50.16,1
IMO9732541,Aral o/o,Tankers,SARRT,Ras Tanura,2020-04-08,2020-04-11,0,0.0,26.65,50.16,1
IMO9732541,Aral o/o Sara (11),Tankers,KWMFA,Mina Al Ahmadi,2021-05-06,2021-05-09,0,0.0,29.07,48.15,1
IMO9732541,Front Otra,Tankers,KWMFA,Mina Al Ahmadi,2025-02-18,2025-02-21,0,0.0,29.07,48.15,1
IMO9732541,Front Otra,Tankers,KWMFA,Mina Al Ahmadi,2025-03-31,2025-04-03,38,0.0,29.07,48.15,2
IMO9732541,Ghana Prosperity*,Tankers,SAYNB,Yanbu,2026-06-16,2026-06-19,0,0.0,24.09,38.06,1
IMO9732553,Aegean,Tankers,CNNGB,Ningbo-Zhoushan,2020-08-17,2020-08-20,14,0.0,29.87,121.55,1
IMO9732553,Aegean,Tankers,CNZHA,Zhanjiang,2023-03-01,2023-03-04,923,796.5,21.2,110.4,2
IMO9732565,Front Flores,Tankers,SGSIN,Singapore,2024-07-19,2024-07-22,14,0.0,1.28,103.85,1
IMO9732565,Front Flores,Tankers,KWMFA,Mina Al Ahmadi,2024-08-15,2024-08-18,24,3589.4,29.07,48.15,2
IMO9732565,Front Flores,Tankers,AEFJR,Fujairah,2025-03-24,2025-03-27,218,497.4,25.13,56.34,3
IMO9732565,Front Flores,Tankers,KWMFA,Mina Al Ahmadi,2025-08-07,2025-08-10,133,497.4,29.07,48.15,4
IMO9732577,Aquitaine,Tankers,SARRT,Ras Tanura,2020-06-17,2020-06-20,0,0.0,26.65,50.16,1
IMO9732577,Aquitaine,Tankers,CNNGB,Ningbo-Zhoushan,2020-07-04,2020-07-07,14,3717.6,29.87,121.55,2
IMO9732577,Front Humber,Tankers,SGSIN,Singapore,2024-01-29,2024-02-01,14,0.0,1.28,103.85,1
IMO9732577,Front Humber,Tankers,KRUSN,Ulsan,2024-02-15,2024-02-18,14,2499.7,35.5,129.38,2
IMO9733806,Apollonas,Tankers,CNNGB,Ningbo-Zhoushan,2020-10-22,2020-10-25,14,0.0,29.87,121.55,1
IMO9733806,Apollonas,Tankers,CNNGB,Ningbo-Zhoushan,2020-11-08,2020-11-11,14,0.0,29.87,121.55,2
IMO9733818,Atromitos (BP),Tankers,CNNGB,Ningbo-Zhoushan,2020-08-26,2020-08-29,14,0.0,29.87,121.55,1
IMO9733818,Atromitos,Tankers,SAYNB,Yanbu,2021-08-12,2021-08-15,0,0.0,24.09,38.06,1
IMO9733818,Atromitos,Tankers,CNNGB,Ningbo-Zhoushan,2021-08-29,2021-09-01,14,4380.6,29.87,121.55,2
IMO9733818,Atromitos,Tankers,CNNGB,Ningbo-Zhoushan,2021-09-15,2021-09-18,14,0.0,29.87,121.55,3
IMO9733818,Atromitos,Tankers,CNNGB,Ningbo-Zhoushan,2021-10-02,2021-10-05,14,0.0,29.87,121.55,4
IMO9733947,Dht Jaguar,Tankers,SGSIN,Singapore,2020-06-25,2020-06-28,14,0.0,1.28,103.85,1
IMO9733947,Dht Jaguar,Tankers,AEFJR,Fujairah,2024-11-08,2024-11-11,1594,3099.3,25.13,56.34,2
IMO9733947,Dht Jaguar,Tankers,SARRT,Ras Tanura,2024-11-15,2024-11-18,4,346.0,26.65,50.16,3
IMO9733947,Dht Jaguar,Tankers,SGSIN,Singapore,2024-12-02,2024-12-05,14,3444.8,1.28,103.85,4
IMO9733947,Dht Jaguar*,Tankers,KWMFA,Mina Al Ahmadi,2025-06-30,2025-07-03,0,0.0,29.07,48.15,1
IMO9733947,Dht Jaguar,Tankers,KWMFA,Mina Al Ahmadi,2025-08-13,2025-08-16,251,3589.4,29.07,48.15,5
IMO9733947,Dht Jaguar,Tankers,KWMFA,Mina Al Ahmadi,2026-01-16,2026-01-19,153,0.0,29.07,48.15,6
IMO9733959,Dht Tiger,Tankers,SARRT,Ras Tanura,2019-10-02,2019-10-05,0,0.0,26.65,50.16,1
IMO9733959,Dht Tiger,Tankers,SGSIN,Singapore,2019-10-19,2019-10-22,14,3444.8,1.28,103.85,2
IMO9733959,Dht Tiger,Tankers,AEFJR,Fujairah,2026-08-25,2026-08-28,2499,3099.3,25.13,56.34,3
IMO9733961,Dht Leopard,Tankers,KRUSN,Ulsan,2021-12-06,2021-12-09,14,0.0,35.5,129.38,1
IMO9733961,Dht Leopard,Tankers,KWMFA,Mina Al Ahmadi,2022-07-12,2022-07-15,215,4023.0,29.07,48.15,2
IMO9733961,Dht Leopard,Tankers,KWMFA,Mina Al Ahmadi,2023-10-03,2023-10-06,445,0.0,29.07,48.15,3
IMO9733961,Dht Leopard,Tankers,AEFJR,Fujairah,2026-08-20,2026-08-23,1049,497.4,25.13,56.34,4
IMO9733961,Dht Leopard,Tankers,INSIK,Sikka / Jamnagar,2026-09-06,2026-09-09,14,758.9,22.43,69.84,5
IMO9734109,Eco Leader,Tankers,CNNGB,Ningbo-Zhoushan,2021-11-09,2021-11-12,14,0.0,29.87,121.55,1
IMO9734109,Phoenix Vantage,Tankers,CNQDG,Qingdao,2025-09-25,2025-09-28,14,0.0,36.08,120.32,1
IMO9734109,Phoenix Vantage,Tankers,SARRT,Ras Tanura,2025-12-23,2025-12-26,86,3565.3,26.65,50.16,2
IMO9734111,Dht Osprey,Tankers,KRUSN,Ulsan,2025-11-27,2025-11-30,14,0.0,35.5,129.38,1
IMO9734415,Gas Capricorn,LPG,USHOU,Houston,2021-12-02,2021-12-05,0,0.0,29.74,-95.27,1
IMO9734415,Gas Capricorn,LPG,USHOU,Houston,2022-05-19,2022-05-22,165,0.0,29.74,-95.27,2
IMO9734415,Gas Capricorn,LPG,USHOU,Houston,2023-06-22,2023-06-25,396,0.0,29.74,-95.27,3
IMO9734415,Gas Capricorn,LPG,USHOU,Houston,2023-07-06,2023-07-09,11,0.0,29.74,-95.27,4
IMO9734474,Leto Providence,LPG,USHOU,Houston,2022-09-22,2022-09-25,0,0.0,29.74,-95.27,1
IMO9734474,Leto Providence,LPG,USHOU,Houston,2023-02-17,2023-02-20,145,0.0,29.74,-95.27,2
IMO9734642,Seaways Tybee,Tankers,KRUSN,Ulsan,2022-06-13,2022-06-16,14,0.0,35.5,129.38,1
IMO9735361,Gem No. 1,Tankers,KRUSN,Ulsan,2022-01-19,2022-01-22,14,0.0,35.5,129.38,1
IMO9735361,Gem No. 1,Tankers,AEFJR,Fujairah,2022-02-05,2022-02-08,14,3753.1,25.13,56.34,2
IMO9735590,Unigas TBN,LPG,USHOU,Houston,2021-06-17,2021-06-20,14,0.0,29.74,-95.27,1
IMO9735590,Unigas TBN,LPG,SGSIN,Singapore,2021-06-17,2021-06-20,1,8646.3,1.28,103.85,2
IMO9735590,Unigas TBN,LPG,USHOU,Houston,2022-02-17,2022-02-20,242,8646.3,29.74,-95.27,3
IMO9735658,BW Tucana,LPG,USHOU,Houston,2022-03-03,2022-03-06,0,0.0,29.74,-95.27,1
IMO9735658,BW Tucana,LPG,USHOU,Houston,2024-01-18,2024-01-21,683,0.0,29.74,-95.27,2
IMO9735737,Cosrising Lake,Tankers,INSIK,Sikka / Jamnagar,2022-05-23,2022-05-26,14,0.0,22.43,69.84,1
IMO9735737,Cosrising Lake,Tankers,CNNGB,Ningbo-Zhoushan,2022-06-09,2022-06-12,14,2799.7,29.87,121.55,2
IMO9735737,Cosrising Lake,Tankers,CNQDG,Qingdao,2022-06-26,2022-06-29,14,378.0,36.08,120.32,3
IMO9735945,Orion ,Tankers,SGSIN,Singapore,2024-11-19,2024-11-22,0,0.0,1.28,103.85,1
IMO9736092,Energy Liberty,LNG,USSPG,Sabine Pass,2020-02-17,2020-02-20,0,0.0,29.73,-93.87,1
IMO9736092,Energy Liberty,LNG,USSPG,Sabine Pass,2020-03-05,2020-03-08,14,0.0,29.73,-93.87,2
IMO9736505,Capt John,LPG,QARLF,Ras Laffan,2020-08-20,2020-08-23,0,0.0,25.92,51.53,1
IMO9739501,Andaman,Tankers,CNQDG,Qingdao,2022-02-21,2022-02-24,14,0.0,36.08,120.32,1
IMO9739501,Front Flores O/o,Tankers,KWMFA,Mina Al Ahmadi,2025-03-20,2025-03-23,0,0.0,29.07,48.15,1
IMO9739501,Front Forth,Tankers,KWMFA,Mina Al Ahmadi,2025-11-20,2025-11-23,0,0.0,29.07,48.15,1
IMO9739513,Eagle Victoria,Tankers,SGSIN,Singapore,2020-03-06,2020-03-09,14,0.0,1.28,103.85,1
IMO9739513,Eagle Victoria,Tankers,SARRT,Ras Tanura,2021-07-06,2021-07-09,484,3444.8,26.65,50.16,2
IMO9739513,Eagle Victoria,Tankers,SARRT,Ras Tanura,2021-12-29,2022-01-01,173,0.0,26.65,50.16,3
IMO9739513,Eagle Victoria,Tankers,CNQDG,Qingdao,2022-01-15,2022-01-18,14,3565.3,36.08,120.32,4
IMO9739513,Eagle Victoria,Tankers,CNNGB,Ningbo-Zhoushan,2022-02-01,2022-02-04,14,378.0,29.87,121.55,5
IMO9739513,Eagle Victoria,Tankers,SARRT,Ras Tanura,2024-09-27,2024-09-30,966,3717.6,26.65,50.16,6
IMO9739513,Eagle Victoria*,Tankers,KWMFA,Mina Al Ahmadi,2024-12-17,2024-12-20,0,0.0,29.07,48.15,1
IMO9739513,Eagle Victoria,Tankers,SARRT,Ras Tanura,2025-02-24,2025-02-27,147,0.0,26.65,50.16,7
IMO9740174,Navigator Galaxy,LPG,DZAZW,Arzew,2020-10-08,2020-10-11,0,0.0,35.85,-0.31,1
IMO9740320,CAPE KASOS,Dry Bulk,CNNGB,Ningbo-Zhoushan,2025-01-27,2025-01-30,0,0.0,29.87,121.55,1
IMO9740330,Hudson,Tankers,CNNGB,Ningbo-Zhoushan,2019-10-09,2019-10-12,14,0.0,29.87,121.55,1
IMO9740330,Hudson,Tankers,ZASDB,Saldanha Bay,2019-10-26,2019-10-29,14,6980.0,-33.02,17.95,2
IMO9740330,Hudson,Tankers,CNNGB,Ningbo-Zhoushan,2019-11-12,2019-11-15,14,6980.0,29.87,121.55,3
IMO9740330,Navigare Terra Mater,Tankers,CNNGB,Ningbo-Zhoushan,2023-03-09,2023-03-12,14,0.0,29.87,121.55,1
IMO9740330,Navigare Terra Mater,Tankers,CNNGB,Ningbo-Zhoushan,2023-03-26,2023-03-29,14,0.0,29.87,121.55,2
IMO9740330,Navigare Terra MAter,Tankers,KWMFA,Mina Al Ahmadi,2024-11-18,2024-11-21,0,0.0,29.07,48.15,1
IMO9740342,Trf Horten,Tankers,SARRT,Ras Tanura,2019-07-17,2019-07-20,0,0.0,26.65,50.16,1
IMO9742895,Diamondway,Tankers,DZAZW,Arzew,2019-12-13,2019-12-16,0,0.0,35.85,-0.31,1
IMO9742895,Diamondway,Tankers,SGSIN,Singapore,2019-12-30,2020-01-02,14,6044.3,1.28,103.85,2
IMO9742895,Diamondway,Tankers,NGBON,Bonny,2020-03-25,2020-03-28,83,5798.0,4.45,7.16,3
IMO9742895,Diamondway,Tankers,AEFJR,Fujairah,2020-04-11,2020-04-14,14,3090.0,25.13,56.34,4
IMO9742895,Diamondway,Tankers,DZAZW,Arzew,2021-10-19,2021-10-22,553,2959.8,35.85,-0.31,5
IMO9742895,Diamondway,Tankers,DZAZW,Arzew,2022-02-20,2022-02-23,121,0.0,35.85,-0.31,6
IMO9742895,Diamondway,Tankers,NLRTM,Rotterdam,2022-03-09,2022-03-12,14,986.2,51.92,4.47,7
IMO9742895,Diamondway,Tankers,NGBON,Bonny,2024-07-29,2024-08-01,870,2853.3,4.45,7.16,8
IMO9742895,Diamondway,Tankers,DZAZW,Arzew,2025-02-21,2025-02-24,204,1930.1,35.85,-0.31,9
IMO9742900,Goldway,Tankers,AEFJR,Fujairah,2018-04-27,2018-04-30,14,0.0,25.13,56.34,1
IMO9742900,Goldway,Tankers,SGSIN,Singapore,2018-05-14,2018-05-17,14,3099.3,1.28,103.85,2
IMO9742900,Goldway,Tankers,CNNGB,Ningbo-Zhoushan,2018-05-31,2018-06-03,14,1991.7,29.87,121.55,3
IMO9742900,Goldway,Tankers,SGSIN,Singapore,2018-06-17,2018-06-20,14,1991.7,1.28,103.85,4
IMO9742900,Goldway,Tankers,SGSIN,Singapore,2018-07-04,2018-07-07,14,0.0,1.28,103.85,5
IMO9742900,Goldway,Tankers,USCRP,Corpus Christi,2023-02-06,2023-02-09,1675,8673.9,27.81,-97.39,6
IMO9742900,Goldway,Tankers,DZAZW,Arzew,2023-05-03,2023-05-06,83,4764.0,35.85,-0.31,7
IMO9742900,Goldway,Tankers,DZAZW,Arzew,2023-05-17,2023-05-20,11,0.0,35.85,-0.31,8
IMO9742900,Goldway,Tankers,DZAZW,Arzew,2023-10-26,2023-10-29,159,0.0,35.85,-0.31,9
IMO9742900,Goldway,Tankers,NGBON,Bonny,2024-03-22,2024-03-25,145,1930.1,4.45,7.16,10
IMO9742900,Goldway,Tankers,NLRTM,Rotterdam,2024-04-08,2024-04-11,14,2853.3,51.92,4.47,11
IMO9742900,Goldway,Tankers,DZAZW,Arzew,2024-08-14,2024-08-17,125,986.2,35.85,-0.31,12
IMO9742912,Silverway,Tankers,USCRP,Corpus Christi,2018-01-25,2018-01-28,0,0.0,27.81,-97.39,1
IMO9742912,Silverway,Tankers,DZAZW,Arzew,2019-03-07,2019-03-10,403,4764.0,35.85,-0.31,2
IMO9742912,Silverway,Tankers,NGBON,Bonny,2019-10-17,2019-10-20,221,1930.1,4.45,7.16,3
IMO9742912,Silverway,Tankers,INSIK,Sikka / Jamnagar,2019-11-03,2019-11-06,14,3788.1,22.43,69.84,4
IMO9742912,Silverway,Tankers,AEFJR,Fujairah,2019-11-20,2019-11-23,14,758.9,25.13,56.34,5
IMO9742912,Silverway,Tankers,INSIK,Sikka / Jamnagar,2019-12-07,2019-12-10,14,758.9,22.43,69.84,6
IMO9742912,Silverway,Tankers,USCRP,Corpus Christi,2023-09-28,2023-10-01,1388,7701.3,27.81,-97.39,7
IMO9743072,NITC TBN,Tankers,INSIK,Sikka / Jamnagar,2018-04-20,2018-04-23,14,0.0,22.43,69.84,1
IMO9743186,Front Crystal,Tankers,SGSIN,Singapore,2018-03-14,2018-03-17,14,0.0,1.28,103.85,1
IMO9743186,Front Crystal,Tankers,SGSIN,Singapore,2018-03-31,2018-04-03,14,0.0,1.28,103.85,2
IMO9743186,Front Crystal,Tankers,SGSIN,Singapore,2018-04-17,2018-04-20,14,0.0,1.28,103.85,3
IMO9743186,Front Crystal,Tankers,SAYNB,Yanbu,2022-10-03,2022-10-06,1627,4050.1,24.09,38.06,4
IMO9743186,Front Crystal,Tankers,SAYNB,Yanbu,2023-02-08,2023-02-11,125,0.0,24.09,38.06,5
IMO9743203,Front Coral,Tankers,SGSIN,Singapore,2018-07-17,2018-07-20,14,0.0,1.28,103.85,1
IMO9743203,Front Coral,Tankers,SGSIN,Singapore,2018-08-03,2018-08-06,14,0.0,1.28,103.85,2
IMO9743203,Front Coral,Tankers,INSIK,Sikka / Jamnagar,2018-08-20,2018-08-23,14,2355.7,22.43,69.84,3
IMO9743637,Capt x Kyriakou,Tankers,AEFJR,Fujairah,2024-10-17,2024-10-20,0,0.0,25.13,56.34,1
IMO9743734,Pacific Binzhou,LPG,SAYNB,Yanbu,2020-09-03,2020-09-06,0,0.0,24.09,38.06,1
IMO9743734,Pacific Binzhou,LPG,QARLF,Ras Laffan,2021-01-07,2021-01-10,123,740.8,25.92,51.53,2
IMO9743734,Pacific Binzhou,LPG,SAYNB,Yanbu,2022-09-01,2022-09-04,599,740.8,24.09,38.06,3
IMO9743734,Pacific Binzhou,LPG,USHOU,Houston,2022-11-04,2022-11-07,61,6602.3,29.74,-95.27,4
IMO9743734,Pacific Binzhou,LPG,USHOU,Houston,2023-01-26,2023-01-29,80,0.0,29.74,-95.27,5
IMO9743734,Pacific Binzhou,LPG,SARRT,Ras Tanura,2023-04-21,2023-04-24,82,6881.5,26.65,50.16,6
IMO9743734,Pacific Binzhou,LPG,USHOU,Houston,2024-01-18,2024-01-21,269,6881.5,29.74,-95.27,7
IMO9744016,Oriental Queen,LPG,KWMFA,Mina Al Ahmadi,2020-07-02,2020-07-05,0,0.0,29.07,48.15,1
IMO9744025,Gaslog Gladstone,LNG,USCMR,Cameron / Lake Charles,2023-04-05,2023-04-08,0,0.0,30.22,-93.22,1
IMO9744025,Gaslog Gladstone,LNG,USCMR,Cameron / Lake Charles,2023-04-22,2023-04-25,14,0.0,30.22,-93.22,2
IMO9744146,Hellas Hercules,LPG,SARRT,Ras Tanura,2021-10-14,2021-10-17,0,0.0,26.65,50.16,1
IMO9744146,Hellas Hercules,LPG,USHOU,Houston,2022-05-12,2022-05-15,207,6881.5,29.74,-95.27,2
IMO9745225,Aegean Marathon,Tankers,SGSIN,Singapore,2018-05-02,2018-05-05,14,0.0,1.28,103.85,1
IMO9745225,Aegean Marathon,Tankers,CNNGB,Ningbo-Zhoushan,2018-05-19,2018-05-22,14,1991.7,29.87,121.55,2
IMO9745225,Aegean Marathon,Tankers,SGSIN,Singapore,2018-10-22,2018-10-25,153,1991.7,1.28,103.85,3
IMO9745225,Aegean Marathon,Tankers,NLRTM,Rotterdam,2018-11-08,2018-11-11,14,5689.2,51.92,4.47,4
IMO9745225,Aegean Marathon,Tankers,CNNGB,Ningbo-Zhoushan,2018-11-25,2018-11-28,14,4890.7,29.87,121.55,5
IMO9745225,Aegean Marathon,Tankers,SGSIN,Singapore,2018-12-12,2018-12-15,14,1991.7,1.28,103.85,6
IMO9745225,Aegean Marathon,Tankers,QARLF,Ras Laffan,2020-07-30,2020-08-02,593,3361.5,25.92,51.53,7
IMO9745225,EUROLEADER,Tankers,SARRT,Ras Tanura,2020-11-16,2020-11-19,0,0.0,26.65,50.16,1
IMO9745225,Aegean Marathon,Tankers,NGBON,Bonny,2022-01-19,2022-01-22,535,2855.1,4.45,7.16,8
IMO9745225,Aegean Marathon,Tankers,KWMFA,Mina Al Ahmadi,2022-10-05,2022-10-08,256,2758.1,29.07,48.15,9
IMO9745225,Aegean Marathon,Tankers,SAYNB,Yanbu,2026-03-09,2026-03-12,1248,618.4,24.09,38.06,10
IMO9745225,Aegean Marathon,Tankers,SAYNB,Yanbu,2026-04-03,2026-04-06,22,0.0,24.09,38.06,11
IMO9745225,Aegean Marathon,Tankers,SAYNB,Yanbu,2026-04-22,2026-04-25,16,0.0,24.09,38.06,12
IMO9745237,Aegean Unity,Tankers,NLRTM,Rotterdam,2018-03-22,2018-03-25,14,0.0,51.92,4.47,1
IMO9745237,Aegean Unity,Tankers,NGBON,Bonny,2019-01-14,2019-01-17,295,2853.3,4.45,7.16,2
IMO9745237,Aegean Unity,Tankers,DZAZW,Arzew,2019-08-07,2019-08-10,202,1930.1,35.85,-0.31,3
IMO9745237,Aegean Unity,Tankers,CNNGB,Ningbo-Zhoushan,2019-08-24,2019-08-27,14,5676.8,29.87,121.55,4
IMO9745237,Aegean Unity,Tankers,CNNGB,Ningbo-Zhoushan,2019-09-10,2019-09-13,14,0.0,29.87,121.55,5
IMO9745237,Aegean Unity,Tankers,SARRT,Ras Tanura,2019-11-13,2019-11-16,61,3717.6,26.65,50.16,6
IMO9745237,Aegean Unity,Tankers,CNQDG,Qingdao,2019-11-30,2019-12-03,14,3565.3,36.08,120.32,7
IMO9745237,Aegean Unity,Tankers,AEFJR,Fujairah,2019-12-17,2019-12-20,14,3312.7,25.13,56.34,8
IMO9745237,Aegean Unity,Tankers,INSIK,Sikka / Jamnagar,2020-01-03,2020-01-06,14,758.9,22.43,69.84,9
IMO9745237,Aegean Unity,Tankers,SARRT,Ras Tanura,2021-01-20,2021-01-23,380,1103.0,26.65,50.16,10
IMO9745237,Aegean Unity,Tankers,SGSIN,Singapore,2021-02-06,2021-02-09,14,3444.8,1.28,103.85,11
IMO9745237,Aegean Unity,Tankers,KWMFA,Mina Al Ahmadi,2022-05-13,2022-05-16,458,3589.4,29.07,48.15,12
IMO9745237,Aegean Unity,Tankers,INSIK,Sikka / Jamnagar,2022-05-30,2022-06-02,14,1236.5,22.43,69.84,13
IMO9745237,Aegean Unity,Tankers,SARRT,Ras Tanura,2022-05-31,2022-06-03,1,1103.0,26.65,50.16,14
IMO9745237,Aegean Unity,Tankers,NLRTM,Rotterdam,2022-06-17,2022-06-20,14,2547.4,51.92,4.47,15
IMO9745237,Aegean Unity,Tankers,DZAZW,Arzew,2023-12-22,2023-12-25,550,986.2,35.85,-0.31,16
IMO9745237,Aegean Unity,Tankers,SARRT,Ras Tanura,2025-05-16,2025-05-19,508,2619.7,26.65,50.16,17
IMO9745237,Aegean Unity,Tankers,DZAZW,Arzew,2025-10-29,2025-11-01,163,2619.7,35.85,-0.31,18
IMO9745237,Aegean Unity,Tankers,DZAZW,Arzew,2026-01-27,2026-01-30,87,0.0,35.85,-0.31,19
IMO9745251,Oly Friendship,Tankers,SGSIN,Singapore,2018-05-18,2018-05-21,14,0.0,1.28,103.85,1
IMO9745251,Olympic Friendship,Tankers,SGSIN,Singapore,2019-01-18,2019-01-21,14,0.0,1.28,103.85,1
IMO9745251,Olympic Friendship,Tankers,CNQDG,Qingdao,2019-02-04,2019-02-07,14,2281.6,36.08,120.32,2
IMO9745251,Olympic Friendship,Tankers,CNQDG,Qingdao,2019-02-21,2019-02-24,14,0.0,36.08,120.32,3
IMO9745251,Olympic Friendship,Tankers,USCRP,Corpus Christi,2022-01-19,2022-01-22,1060,6418.6,27.81,-97.39,4
IMO9745251,Olympic Friendship,Tankers,SARRT,Ras Tanura,2024-06-17,2024-06-20,877,7039.6,26.65,50.16,5
IMO9745263,Olympic Fighter,Tankers,CNNGB,Ningbo-Zhoushan,2018-02-06,2018-02-09,14,0.0,29.87,121.55,1
IMO9745263,Olympic Fighter,Tankers,SARRT,Ras Tanura,2018-07-17,2018-07-20,158,3717.6,26.65,50.16,2
IMO9745263,Olympic Fighter,Tankers,SGSIN,Singapore,2018-08-03,2018-08-06,14,3444.8,1.28,103.85,3
IMO9745263,Olympic Fighter,Tankers,CNNGB,Ningbo-Zhoushan,2018-08-20,2018-08-23,14,1991.7,29.87,121.55,4
IMO9745263,Olympic Fighter,Tankers,CNQDG,Qingdao,2018-09-06,2018-09-09,14,378.0,36.08,120.32,5
IMO9745263,Olympic Fighter,Tankers,CNNGB,Ningbo-Zhoushan,2018-09-23,2018-09-26,14,378.0,29.87,121.55,6
IMO9745263,Olympic Fighter,Tankers,AEFJR,Fujairah,2024-08-14,2024-08-17,2149,3438.5,25.13,56.34,7
IMO9745263,Olympic Fighter,Tankers,RUPRI,Primorsk,2025-05-06,2025-05-09,262,2405.0,60.36,28.61,8
IMO9745263,Olympic Fighter,Tankers,DZAZW,Arzew,2026-04-09,2026-04-12,335,1842.9,35.85,-0.31,9
IMO9746382,BW Confidence,LPG,SAYNB,Yanbu,2019-11-28,2019-12-01,0,0.0,24.09,38.06,1
IMO9746382,BW Confidence,LPG,AUDAM,Dampier,2020-05-14,2020-05-17,165,5320.5,-20.65,116.71,2
IMO9746619,Milos,Tankers,NLRTM,Rotterdam,2018-03-08,2018-03-11,0,0.0,51.92,4.47,1
IMO9746619,Milos,Tankers,SGSIN,Singapore,2018-03-25,2018-03-28,14,5689.2,1.28,103.85,2
IMO9746619,Milos,Tankers,CNNGB,Ningbo-Zhoushan,2018-04-11,2018-04-14,14,1991.7,29.87,121.55,3
IMO9746619,Milos,Tankers,SGSIN,Singapore,2018-04-28,2018-05-01,14,1991.7,1.28,103.85,4
IMO9746619,Milos,Tankers,DZAZW,Arzew,2018-11-13,2018-11-16,196,6044.3,35.85,-0.31,5
IMO9746619,Milos,Tankers,SGSIN,Singapore,2018-11-30,2018-12-03,14,6044.3,1.28,103.85,6
IMO9746619,Milos,Tankers,CNQDG,Qingdao,2018-12-17,2018-12-20,14,2281.6,36.08,120.32,7
IMO9746619,Milos,Tankers,CNNGB,Ningbo-Zhoushan,2019-01-03,2019-01-06,14,378.0,29.87,121.55,8
IMO9746619,Milos,Tankers,USHOU,Houston,2022-02-10,2022-02-13,1131,6654.6,29.74,-95.27,9
IMO9746621,Poliegos,Tankers,SGSIN,Singapore,2021-12-29,2022-01-01,14,0.0,1.28,103.85,1
IMO9746621,Poliegos,Tankers,CNNGB,Ningbo-Zhoushan,2022-01-15,2022-01-18,14,1991.7,29.87,121.55,2
IMO9746621,Poliegos,Tankers,INSIK,Sikka / Jamnagar,2022-02-01,2022-02-04,14,2799.7,22.43,69.84,3
IMO9746621,Poliegos,Tankers,INSIK,Sikka / Jamnagar,2022-02-18,2022-02-21,14,0.0,22.43,69.84,4
IMO9746621,Poliegos,Tankers,INSIK,Sikka / Jamnagar,2022-03-07,2022-03-10,14,0.0,22.43,69.84,5
IMO9746621,Poliegos,Tankers,DZAZW,Arzew,2024-04-02,2024-04-05,754,3689.7,35.85,-0.31,6
IMO9746621,Poliegos,Tankers,DZAZW,Arzew,2025-03-26,2025-03-29,355,0.0,35.85,-0.31,7
IMO9748240,Gas Tigers,LPG,QARLF,Ras Laffan,2020-04-09,2020-04-12,0,0.0,25.92,51.53,1
IMO9748240,Gas Tigers,LPG,KWMFA,Mina Al Ahmadi,2020-05-28,2020-05-31,46,261.1,29.07,48.15,2
IMO9748240,Gas Tigers,LPG,SAYNB,Yanbu,2022-03-31,2022-04-03,669,618.4,24.09,38.06,3
IMO9748240,Gas Tigers,LPG,SARRT,Ras Tanura,2023-01-05,2023-01-08,277,673.9,26.65,50.16,4
IMO9748679,Nordic Star,Tankers,DZAZW,Arzew,2019-09-11,2019-09-14,0,0.0,35.85,-0.31,1
IMO9748679,Nordic Star,Tankers,DZAZW,Arzew,2019-10-03,2019-10-06,19,0.0,35.85,-0.31,2
IMO9748679,Nordic Star,Tankers,NGBON,Bonny,2020-06-08,2020-06-11,246,1930.1,4.45,7.16,3
IMO9748679,Nordic Star,Tankers,NLRTM,Rotterdam,2020-06-25,2020-06-28,14,2853.3,51.92,4.47,4
IMO9748679,Nordic Star,Tankers,USCRP,Corpus Christi,2020-11-06,2020-11-09,131,4516.2,27.81,-97.39,5
IMO9748679,Nordic Star,Tankers,CNNGB,Ningbo-Zhoushan,2020-11-23,2020-11-26,14,6686.1,29.87,121.55,6
IMO9748679,Nordic Star,Tankers,AEFJR,Fujairah,2022-11-02,2022-11-05,706,3438.5,25.13,56.34,7
IMO9748681,Nordic Space,Tankers,NLRTM,Rotterdam,2019-05-28,2019-05-31,14,0.0,51.92,4.47,1
IMO9748681,Nordic Space,Tankers,SGSIN,Singapore,2019-06-14,2019-06-17,14,5689.2,1.28,103.85,2
IMO9748681,Nordic Space,Tankers,SAYNB,Yanbu,2020-02-18,2020-02-21,246,4050.1,24.09,38.06,3
IMO9748681,Nordic Space,Tankers,USHOU,Houston,2020-03-31,2020-04-03,39,6602.3,29.74,-95.27,4
IMO9748681,Nordic Space,Tankers,SGSIN,Singapore,2020-04-17,2020-04-20,14,8646.3,1.28,103.85,5
IMO9748681,Nordic Space,Tankers,AEFJR,Fujairah,2020-05-04,2020-05-07,14,3099.3,25.13,56.34,6
IMO9748681,Nordic Space,Tankers,AEFJR,Fujairah,2020-05-21,2020-05-24,14,0.0,25.13,56.34,7
IMO9748899,Gaslog Houston,LNG,QARLF,Ras Laffan,2018-04-27,2018-04-30,0,0.0,25.92,51.53,1
IMO9748899,Gaslog Houston,LNG,QARLF,Ras Laffan,2018-05-14,2018-05-17,14,0.0,25.92,51.53,2
IMO9748904,Gaslog Hong Kong,LNG,KRUSN,Ulsan,2016-07-11,2016-07-14,0,0.0,35.5,129.38,1
IMO9748904,Gaslog Hong Kong,LNG,KRUSN,Ulsan,2016-07-28,2016-07-31,14,0.0,35.5,129.38,2
IMO9748916,Delta Amazon,Tankers,SARRT,Ras Tanura,2020-02-26,2020-02-29,0,0.0,26.65,50.16,1
IMO9748916,Delta Amazon,Tankers,SARRT,Ras Tanura,2020-11-18,2020-11-21,263,0.0,26.65,50.16,2
IMO9748916,Delta Amazon,Tankers,KWMFA,Mina Al Ahmadi,2021-02-08,2021-02-11,79,180.3,29.07,48.15,3
IMO9748916,Delta Amazon,Tankers,SARRT,Ras Tanura,2021-03-15,2021-03-18,32,180.3,26.65,50.16,4
IMO9748916,Delta Amazon,Tankers,SARRT,Ras Tanura,2021-07-05,2021-07-08,109,0.0,26.65,50.16,5
IMO9748916,Delta Amazon,Tankers,SGSIN,Singapore,2021-07-22,2021-07-25,14,3444.8,1.28,103.85,6
IMO9748916,Delta Amazon,Tankers,KWMFA,Mina Al Ahmadi,2023-10-23,2023-10-26,820,3589.4,29.07,48.15,7
IMO9748916,Delta Amazon,Tankers,SARRT,Ras Tanura,2025-02-04,2025-02-07,467,180.3,26.65,50.16,8
IMO9748916,Delta Amazon,Tankers,SGSIN,Singapore,2025-02-21,2025-02-24,14,3444.8,1.28,103.85,9
IMO9749489,Apache,Tankers,SGSIN,Singapore,2018-01-23,2018-01-26,14,0.0,1.28,103.85,1
IMO9749489,Apache,Tankers,SGSIN,Singapore,2018-02-09,2018-02-12,14,0.0,1.28,103.85,2
IMO9749489,Apache,Tankers,SGSIN,Singapore,2018-02-26,2018-03-01,14,0.0,1.28,103.85,3
IMO9749489,Apache,Tankers,NLRTM,Rotterdam,2018-03-15,2018-03-18,14,5689.2,51.92,4.47,4
IMO9749489,Apache,Tankers,KRUSN,Ulsan,2018-04-01,2018-04-04,14,4816.9,35.5,129.38,5
IMO9749489,Apache,Tankers,SARRT,Ras Tanura,2023-03-27,2023-03-30,1818,4000.9,26.65,50.16,6
IMO9749489,Apache,Tankers,CNNGB,Ningbo-Zhoushan,2023-04-13,2023-04-16,14,3717.6,29.87,121.55,7
IMO9749489,Apache,Tankers,DZAZW,Arzew,2023-06-09,2023-06-12,54,5676.8,35.85,-0.31,8
IMO9749491,Cherokee,Tankers,SGSIN,Singapore,2018-01-26,2018-01-29,14,0.0,1.28,103.85,1
IMO9749491,Cherokee,Tankers,SGSIN,Singapore,2018-02-12,2018-02-15,14,0.0,1.28,103.85,2
IMO9749491,Cherokee,Tankers,SGSIN,Singapore,2018-03-01,2018-03-04,14,0.0,1.28,103.85,3
IMO9749506,Speedway,Tankers,SGSIN,Singapore,2018-03-28,2018-03-31,14,0.0,1.28,103.85,1
IMO9749506,Speedway,Tankers,SGSIN,Singapore,2018-04-14,2018-04-17,14,0.0,1.28,103.85,2
IMO9749506,Speedway,Tankers,NLRTM,Rotterdam,2019-02-15,2019-02-18,304,5689.2,51.92,4.47,3
IMO9749506,Speedway,Tankers,SGSIN,Singapore,2019-03-04,2019-03-07,14,5689.2,1.28,103.85,4
IMO9749506,Speedway,Tankers,USCRP,Corpus Christi,2019-11-15,2019-11-18,253,8673.9,27.81,-97.39,5
IMO9749506,Speedway,Tankers,NLRTM,Rotterdam,2019-12-02,2019-12-05,14,4516.2,51.92,4.47,6
IMO9749506,Speedway,Tankers,SGSIN,Singapore,2019-12-19,2019-12-22,14,5689.2,1.28,103.85,7
IMO9749518,Runner,Tankers,SGSIN,Singapore,2019-08-13,2019-08-16,14,0.0,1.28,103.85,1
IMO9749518,Runner,Tankers,DZAZW,Arzew,2024-01-24,2024-01-27,1622,6044.3,35.85,-0.31,2
IMO9749518,Runner,Tankers,USHOU,Houston,2026-03-30,2026-04-02,793,4606.4,29.74,-95.27,3
IMO9750024,Green Zeebrugge,LNG,NLRTM,Rotterdam,2021-01-27,2021-01-30,0,0.0,51.92,4.47,1
IMO9750024,Green Zeebrugge,LNG,NLRTM,Rotterdam,2021-02-13,2021-02-16,14,0.0,51.92,4.47,2
IMO9750024,Green Zeebrugge,LNG,NLRTM,Rotterdam,2021-09-30,2021-10-03,226,0.0,51.92,4.47,3
IMO9750024,Green Zeebrugge,LNG,NLRTM,Rotterdam,2021-10-17,2021-10-20,14,0.0,51.92,4.47,4
IMO9750050,Diligent Warrior,Tankers,KWMFA,Mina Al Ahmadi,2018-01-10,2018-01-13,0,0.0,29.07,48.15,1
IMO9750050,Diligent Warrior,Tankers,CNQDG,Qingdao,2018-01-27,2018-01-30,14,3592.8,36.08,120.32,2
IMO9750050,Diligent Warrior,Tankers,NGBON,Bonny,2020-08-13,2020-08-16,926,6348.5,4.45,7.16,3
IMO9750050,Diligent Warrior,Tankers,ZASDB,Saldanha Bay,2020-08-30,2020-09-02,14,2332.0,-33.02,17.95,4
IMO9750050,Diligent Warrior,Tankers,KRUSN,Ulsan,2020-09-16,2020-09-19,14,7472.7,35.5,129.38,5
IMO9750050,Diligent Warrior,Tankers,RUPRI,Primorsk,2023-04-03,2023-04-06,926,3876.5,60.36,28.61,6
IMO9750062,Faithful Warrior,Tankers,KWMFA,Mina Al Ahmadi,2018-03-16,2018-03-19,0,0.0,29.07,48.15,1
IMO9750062,Faithful Warrior,Tankers,SARRT,Ras Tanura,2018-05-23,2018-05-26,65,180.3,26.65,50.16,2
IMO9750062,Faithful Warrior,Tankers,CNNGB,Ningbo-Zhoushan,2018-06-09,2018-06-12,14,3717.6,29.87,121.55,3
IMO9750062,Faithful Warrior,Tankers,CNNGB,Ningbo-Zhoushan,2018-06-26,2018-06-29,14,0.0,29.87,121.55,4
IMO9750062,Faithful Warrior,Tankers,CNNGB,Ningbo-Zhoushan,2018-07-13,2018-07-16,14,0.0,29.87,121.55,5
IMO9750062,Faithful Warrior,Tankers,NLRTM,Rotterdam,2018-07-30,2018-08-02,14,4890.7,51.92,4.47,6
IMO9750062,Faithful Warrior,Tankers,QARLF,Ras Laffan,2019-05-03,2019-05-06,274,2628.7,25.92,51.53,7
IMO9750062,Faithful Warrior,Tankers,AEFJR,Fujairah,2019-10-18,2019-10-21,165,264.9,25.13,56.34,8
IMO9750062,Faithful Warrior,Tankers,INSIK,Sikka / Jamnagar,2019-11-04,2019-11-07,14,758.9,22.43,69.84,9
IMO9750062,Faithful Warrior,Tankers,SARRT,Ras Tanura,2020-03-13,2020-03-16,127,1103.0,26.65,50.16,10
IMO9750062,Faithful Warrior,Tankers,NLRTM,Rotterdam,2020-03-30,2020-04-02,14,2547.4,51.92,4.47,11
IMO9750062,Faithful Warrior,Tankers,SGSIN,Singapore,2020-04-16,2020-04-19,14,5689.2,1.28,103.85,12
IMO9750062,Faithful Warrior,Tankers,DZAZW,Arzew,2020-10-26,2020-10-29,190,6044.3,35.85,-0.31,13
IMO9750062,Faithful Warrior,Tankers,QARLF,Ras Laffan,2020-12-02,2020-12-05,34,2705.1,25.92,51.53,14
IMO9750062,Faithful Warrior,Tankers,SARRT,Ras Tanura,2021-05-18,2021-05-21,164,85.8,26.65,50.16,15
IMO9750062,Faithful Warrior,Tankers,NGBON,Bonny,2021-12-05,2021-12-08,198,2800.7,4.45,7.16,16
IMO9750062,Faithful Warrior,Tankers,KWMFA,Mina Al Ahmadi,2024-11-20,2024-11-23,1078,2758.1,29.07,48.15,17
IMO9750062,Faithful Warrior,Tankers,SARRT,Ras Tanura,2025-02-25,2025-02-28,94,180.3,26.65,50.16,18
IMO9750062,Faithful Warrior,Tankers,SGSIN,Singapore,2025-03-14,2025-03-17,14,3444.8,1.28,103.85,19
IMO9750062,Faithful Warrior,Tankers,AEFJR,Fujairah,2025-03-31,2025-04-03,14,3099.3,25.13,56.34,20
IMO9750062,Faithful Warrior,Tankers,SAYNB,Yanbu,2026-04-01,2026-04-04,363,999.0,24.09,38.06,21
IMO9750970,Clipper Harald,LPG,USHOU,Houston,2019-12-05,2019-12-08,0,0.0,29.74,-95.27,1
IMO9750970,Clipper Harald ,LPG,SAYNB,Yanbu,2020-08-13,2020-08-16,14,0.0,24.09,38.06,1
IMO9750970,Clipper Harald,LPG,USHOU,Houston,2021-06-24,2021-06-27,564,0.0,29.74,-95.27,2
IMO9750970,Clipper Harald,LPG,USHOU,Houston,2022-01-20,2022-01-23,207,0.0,29.74,-95.27,3
IMO9752993,Maran Apollo,Tankers,SGSIN,Singapore,2020-03-23,2020-03-26,14,0.0,1.28,103.85,1
IMO9752993,Maran Apollo,Tankers,CNNGB,Ningbo-Zhoushan,2020-04-09,2020-04-12,14,1991.7,29.87,121.55,2
IMO9752993,Maran Apollo o/o,Tankers,SGSIN,Singapore,2020-09-25,2020-09-28,14,0.0,1.28,103.85,1
IMO9752993,Maran Apollo,Tankers,SARRT,Ras Tanura,2021-04-07,2021-04-10,360,3717.6,26.65,50.16,3
IMO9753002,Maran Artemis,Tankers,CNNGB,Ningbo-Zhoushan,2022-05-31,2022-06-03,14,0.0,29.87,121.55,1
IMO9753002,Maran Artemis,Tankers,INSIK,Sikka / Jamnagar,2022-06-17,2022-06-20,14,2799.7,22.43,69.84,2
IMO9753002,Maran Artemis,Tankers,SARRT,Ras Tanura,2022-12-13,2022-12-16,176,1103.0,26.65,50.16,3
IMO9753002,Maran Artemis,Tankers,CNNGB,Ningbo-Zhoushan,2022-12-30,2023-01-02,14,3717.6,29.87,121.55,4
IMO9753002,Maran Artemis,Tankers,AEFJR,Fujairah,2026-05-08,2026-05-11,1222,3438.5,25.13,56.34,5
IMO9753002,Maran Artemis,Tankers,KRUSN,Ulsan,2026-05-25,2026-05-28,14,3753.1,35.5,129.38,6
IMO9753002,Maran Artemis,Tankers,AEFJR,Fujairah,2026-06-22,2026-06-25,25,3753.1,25.13,56.34,7
IMO9753026,Woodside Chaney,LNG,AUGLT,Gladstone,2022-04-19,2022-04-22,0,0.0,-23.84,151.26,1
IMO9753026,Woodside Chaney,LNG,AUGLT,Gladstone,2022-05-06,2022-05-09,14,0.0,-23.84,151.26,2
IMO9753363,Antigua I,Tankers,SARRT,Ras Tanura,2018-11-23,2018-11-26,0,0.0,26.65,50.16,1
IMO9753363,Antigua I,Tankers,KWMFA,Mina Al Ahmadi,2020-04-28,2020-05-01,519,180.3,29.07,48.15,2
IMO9753363,Antigua I,Tankers,SARRT,Ras Tanura,2020-07-03,2020-07-06,63,180.3,26.65,50.16,3
IMO9753363,Antigua I,Tankers,SARRT,Ras Tanura,2022-05-05,2022-05-08,668,0.0,26.65,50.16,4
IMO9753363,Antigua I,Tankers,SARRT,Ras Tanura,2022-08-10,2022-08-13,94,0.0,26.65,50.16,5
IMO9753363,Antigua I,Tankers,SARRT,Ras Tanura,2023-01-30,2023-02-02,170,0.0,26.65,50.16,6
IMO9753363,Antigua I,Tankers,SARRT,Ras Tanura,2023-05-03,2023-05-06,90,0.0,26.65,50.16,7
IMO9753363,Antigua I,Tankers,SARRT,Ras Tanura,2024-10-14,2024-10-17,527,0.0,26.65,50.16,8
IMO9753363,Antigua I,Tankers,INSIK,Sikka / Jamnagar,2024-10-31,2024-11-03,14,1103.0,22.43,69.84,9
IMO9753363,Antigua I,Tankers,AEFJR,Fujairah,2024-11-17,2024-11-20,14,758.9,25.13,56.34,10
IMO9753545,Prudent Warrior,Tankers,SARRT,Ras Tanura,2018-05-03,2018-05-06,0,0.0,26.65,50.16,1
IMO9753545,NAUTIC,Tankers,SARRT,Ras Tanura,2018-07-09,2018-07-12,0,0.0,26.65,50.16,1
IMO9753545,Prudent Warrior,Tankers,QARLF,Ras Laffan,2018-08-01,2018-08-04,87,85.8,25.92,51.53,2
IMO9753545,Prudent Warrior,Tankers,CNNGB,Ningbo-Zhoushan,2018-08-18,2018-08-21,14,3664.9,29.87,121.55,3
IMO9753545,Prudent Warrior,Tankers,CNQDG,Qingdao,2018-09-04,2018-09-07,14,378.0,36.08,120.32,4
IMO9753545,Prudent Warrior,Tankers,INSIK,Sikka / Jamnagar,2018-09-21,2018-09-24,14,2735.8,22.43,69.84,5
IMO9753545,Prudent Warrior,Tankers,DZAZW,Arzew,2021-05-27,2021-05-30,976,3689.7,35.85,-0.31,6
IMO9753545,Prudent Warrior,Tankers,DZAZW,Arzew,2021-06-08,2021-06-11,9,0.0,35.85,-0.31,7
IMO9753545,Prudent Warrior,Tankers,INSIK,Sikka / Jamnagar,2021-06-25,2021-06-28,14,3689.7,22.43,69.84,8
IMO9753545,Prudent Warrior,Tankers,INSIK,Sikka / Jamnagar,2021-07-12,2021-07-15,14,0.0,22.43,69.84,9
IMO9753545,Prudent Warrior,Tankers,SARRT,Ras Tanura,2023-09-26,2023-09-29,803,1103.0,26.65,50.16,10
IMO9753545,Prudent Warrior,Tankers,INSIK,Sikka / Jamnagar,2023-10-13,2023-10-16,14,1103.0,22.43,69.84,11
IMO9753545,Prudent Warrior,Tankers,AEFJR,Fujairah,2023-10-30,2023-11-02,14,758.9,25.13,56.34,12
IMO9753545,Prudent Warrior,Tankers,SARRT,Ras Tanura,2024-10-18,2024-10-21,351,346.0,26.65,50.16,13
IMO9753545,Prudent Warrior,Tankers,INSIK,Sikka / Jamnagar,2024-11-04,2024-11-07,14,1103.0,22.43,69.84,14
IMO9753545,Prudent Warrior,Tankers,RUPRI,Primorsk,2025-12-26,2025-12-29,414,2852.7,60.36,28.61,15
IMO9753557,Reliable Warrior,Tankers,SARRT,Ras Tanura,2018-10-08,2018-10-11,0,0.0,26.65,50.16,1
IMO9753557,Reliable Warrior,Tankers,INSIK,Sikka / Jamnagar,2018-10-25,2018-10-28,14,1103.0,22.43,69.84,2
IMO9753557,Reliable Warrior,Tankers,SARRT,Ras Tanura,2021-06-14,2021-06-17,960,1103.0,26.65,50.16,3
IMO9753557,Reliable Warrior,Tankers,QARLF,Ras Laffan,2021-07-07,2021-07-10,20,85.8,25.92,51.53,4
IMO9753557,Reliable Warrior,Tankers,INSIK,Sikka / Jamnagar,2021-07-24,2021-07-27,14,1023.6,22.43,69.84,5
IMO9753557,Reliable Warrior,Tankers,SARRT,Ras Tanura,2022-06-27,2022-06-30,335,1103.0,26.65,50.16,6
IMO9753557,Reliable Warrior,Tankers,AEFJR,Fujairah,2022-07-14,2022-07-17,14,346.0,25.13,56.34,7
IMO9753557,Reliable Warrior,Tankers,SGSIN,Singapore,2023-11-02,2023-11-05,473,3099.3,1.28,103.85,8
IMO9753557,Reliable Warrior,Tankers,KWMFA,Mina Al Ahmadi,2024-11-18,2024-11-21,379,3589.4,29.07,48.15,9
IMO9753557,Reliable Warrior,Tankers,RUPRI,Primorsk,2025-07-11,2025-07-14,232,2037.6,60.36,28.61,10
IMO9753557,Reliable Warrior,Tankers,INSIK,Sikka / Jamnagar,2025-07-28,2025-07-31,14,2852.7,22.43,69.84,11
IMO9757675,CARAVOS HARMONY,Dry Bulk,CNRZH,Rizhao,2025-02-04,2025-02-07,0,0.0,35.42,119.53,1
IMO9758076,Bw Lilac,LNG,QARLF,Ras Laffan,2018-05-08,2018-05-11,0,0.0,25.92,51.53,1
IMO9758076,Bw Lilac,LNG,QARLF,Ras Laffan,2018-05-25,2018-05-28,14,0.0,25.92,51.53,2
IMO9758076,Bw Lilac,LNG,QARLF,Ras Laffan,2020-06-26,2020-06-29,760,0.0,25.92,51.53,3
IMO9758076,Bw Lilac,LNG,QARLF,Ras Laffan,2020-07-13,2020-07-16,14,0.0,25.92,51.53,4
IMO9758076,Bw Lilac,LNG,USSPG,Sabine Pass,2022-09-14,2022-09-17,790,6917.9,29.73,-93.87,5
IMO9758076,Bw Lilac,LNG,USSPG,Sabine Pass,2022-10-01,2022-10-04,14,0.0,29.73,-93.87,6
IMO9759240,Marvel Eagle,LNG,QARLF,Ras Laffan,2019-01-09,2019-01-12,0,0.0,25.92,51.53,1
IMO9759240,Marvel Eagle,LNG,QARLF,Ras Laffan,2019-01-26,2019-01-29,14,0.0,25.92,51.53,2
IMO9759604,New Renown,Tankers,SARRT,Ras Tanura,2024-07-22,2024-07-25,0,0.0,26.65,50.16,1
IMO9759745,Front Challenger,Tankers,SAYNB,Yanbu,2020-03-13,2020-03-16,0,0.0,24.09,38.06,1
IMO9759745,Front Challenger,Tankers,INSIK,Sikka / Jamnagar,2020-03-30,2020-04-02,14,1752.1,22.43,69.84,2
IMO9759745,Front Challenger,Tankers,DZAZW,Arzew,2026-01-20,2026-01-23,2119,3689.7,35.85,-0.31,3
IMO9759745,Front Challenger,Tankers,AEFJR,Fujairah,2026-07-24,2026-07-27,182,2959.8,25.13,56.34,4
IMO9759757,Front Crown,Tankers,NGBON,Bonny,2020-04-17,2020-04-20,0,0.0,4.45,7.16,1
IMO9759757,Front Crown,Tankers,ZASDB,Saldanha Bay,2020-05-04,2020-05-07,14,2332.0,-33.02,17.95,2
IMO9759757,Front Crown,Tankers,SAYNB,Yanbu,2023-03-30,2023-04-02,1057,3616.9,24.09,38.06,3
IMO9759769,Front Classic,Tankers,SAYNB,Yanbu,2021-12-15,2021-12-18,0,0.0,24.09,38.06,1
IMO9759769,Front Classic,Tankers,DZAZW,Arzew,2023-11-28,2023-12-01,710,2101.2,35.85,-0.31,2
IMO9759769,Front Classic,Tankers,NGBON,Bonny,2025-05-13,2025-05-16,529,1930.1,4.45,7.16,3
IMO9759771,Front Clipper,Tankers,SGSIN,Singapore,2020-01-29,2020-02-01,14,0.0,1.28,103.85,1
IMO9759771,Front Clipper,Tankers,NLRTM,Rotterdam,2020-02-15,2020-02-18,14,5689.2,51.92,4.47,2
IMO9759771,Front Clipper,Tankers,CNNGB,Ningbo-Zhoushan,2020-03-03,2020-03-06,14,4890.7,29.87,121.55,3
IMO9759771,Front Clipper,Tankers,SAYNB,Yanbu,2023-03-27,2023-03-30,1116,4380.6,24.09,38.06,4
IMO9759771,Front Clipper,Tankers,DZAZW,Arzew,2023-09-07,2023-09-10,161,2101.2,35.85,-0.31,5
IMO9759771,Front Clipper,Tankers,NGBON,Bonny,2023-12-20,2023-12-23,101,1930.1,4.45,7.16,6
IMO9759771,Front Clipper,Tankers,USHOU,Houston,2024-07-05,2024-07-08,195,5914.1,29.74,-95.27,7
IMO9759771,Front Clipper,Tankers,SARRT,Ras Tanura,2025-10-28,2025-10-31,477,6881.5,26.65,50.16,8
IMO9759824,Agios Fanourios I,Tankers,AEFJR,Fujairah,2019-09-12,2019-09-15,0,0.0,25.13,56.34,1
IMO9759824,Agios Fanourios I,Tankers,INSIK,Sikka / Jamnagar,2019-09-29,2019-10-02,14,758.9,22.43,69.84,2
IMO9759824,Agios Fanourios I,Tankers,CNNGB,Ningbo-Zhoushan,2019-10-16,2019-10-19,14,2799.7,29.87,121.55,3
IMO9759824,Agios Fanourios I,Tankers,CNNGB,Ningbo-Zhoushan,2019-11-02,2019-11-05,14,0.0,29.87,121.55,4
IMO9759824,Agios Fanourios I,Tankers,CNNGB,Ningbo-Zhoushan,2019-11-19,2019-11-22,14,0.0,29.87,121.55,5
IMO9759824,Agios Fanourios I,Tankers,CNNGB,Ningbo-Zhoushan,2019-12-06,2019-12-09,14,0.0,29.87,121.55,6
IMO9759824,Agios Fanourios I,Tankers,SARRT,Ras Tanura,2025-09-10,2025-09-13,2102,3717.6,26.65,50.16,7
IMO9759836,Agios Sostis I,Tankers,SARRT,Ras Tanura,2020-03-10,2020-03-13,0,0.0,26.65,50.16,1
IMO9759836,Agios Sostis I,Tankers,CNNGB,Ningbo-Zhoushan,2020-03-27,2020-03-30,14,3717.6,29.87,121.55,2
IMO9759836,Agios Sostis I,Tankers,CNNGB,Ningbo-Zhoushan,2020-04-13,2020-04-16,14,0.0,29.87,121.55,3
IMO9759836,Agios Sostis I,Tankers,NLRTM,Rotterdam,2020-04-30,2020-05-03,14,4890.7,51.92,4.47,4
IMO9759836,Agios Sostis I,Tankers,INSIK,Sikka / Jamnagar,2020-05-17,2020-05-20,14,3449.7,22.43,69.84,5
IMO9759836,Agios Sostis I o/o,Tankers,CNNGB,Ningbo-Zhoushan,2020-06-03,2020-06-06,14,0.0,29.87,121.55,1
IMO9760538,Vivit Dubhe,LPG,USHOU,Houston,2021-11-04,2021-11-07,0,0.0,29.74,-95.27,1
IMO9760768,Marvel Falcon,LNG,QARLF,Ras Laffan,2018-08-09,2018-08-12,0,0.0,25.92,51.53,1
IMO9760768,Marvel Falcon,LNG,SGSIN,Singapore,2018-08-16,2018-08-19,1,3361.5,1.28,103.85,3
IMO9760768,Marvel Falcon,LNG,QARLF,Ras Laffan,2018-08-26,2018-08-29,14,0.0,25.92,51.53,2
IMO9760768,Marvel Falcon,LNG,SGSIN,Singapore,2018-09-02,2018-09-05,14,0.0,1.28,103.85,4
IMO9760769,Gas Libra,LPG,USHOU,Houston,2021-06-10,2021-06-13,0,0.0,29.74,-95.27,1
IMO9760769,Gas Libra,LPG,USHOU,Houston,2022-05-12,2022-05-15,333,0.0,29.74,-95.27,2
IMO9760769,Gas Libra,LPG,USHOU,Houston,2022-09-15,2022-09-18,123,0.0,29.74,-95.27,3
IMO9760769,Gas Libra,LPG,USHOU,Houston,2023-01-05,2023-01-08,109,0.0,29.74,-95.27,4
IMO9760770,Marvel Hawk,LNG,QARLF,Ras Laffan,2019-02-05,2019-02-08,0,0.0,25.92,51.53,1
IMO9760770,Marvel Hawk,LNG,QARLF,Ras Laffan,2019-02-22,2019-02-25,14,0.0,25.92,51.53,2
IMO9761053,Gaschem Caribic,LPG,USHOU,Houston,2020-05-21,2020-05-24,0,0.0,29.74,-95.27,1
IMO9761346,Maran Hermes,Tankers,SGSIN,Singapore,2018-07-04,2018-07-07,0,0.0,1.28,103.85,1
IMO9761346,Maran Hermes,Tankers,CNQDG,Qingdao,2018-07-21,2018-07-24,14,2281.6,36.08,120.32,2
IMO9761346,Maran Hermes,Tankers,SARRT,Ras Tanura,2018-10-01,2018-10-04,69,3565.3,26.65,50.16,3
IMO9761346,Maran Hermes,Tankers,AEFJR,Fujairah,2018-10-18,2018-10-21,14,346.0,25.13,56.34,4
IMO9761346,Maran Hermes,Tankers,SGSIN,Singapore,2018-11-04,2018-11-07,14,3099.3,1.28,103.85,5
IMO9761346,Maran Hermes,Tankers,USCRP,Corpus Christi,2021-09-10,2021-09-13,1038,8673.9,27.81,-97.39,6
IMO9761346,Maran Hermes,Tankers,SARRT,Ras Tanura,2023-08-22,2023-08-25,708,7039.6,26.65,50.16,7
IMO9761346,Maran Hermes,Tankers,NLRTM,Rotterdam,2023-09-08,2023-09-11,14,2547.4,51.92,4.47,8
IMO9761346,Maran Hermes,Tankers,SARRT,Ras Tanura,2024-10-23,2024-10-26,408,2547.4,26.65,50.16,9
IMO9761346,Maran Hermes,Tankers,SGSIN,Singapore,2025-09-11,2025-09-14,320,3444.8,1.28,103.85,10
IMO9761346,Maran Hermes,Tankers,CNNGB,Ningbo-Zhoushan,2025-09-28,2025-10-01,14,1991.7,29.87,121.55,11
IMO9761346,Maran Hermes,Tankers,DZAZW,Arzew,2026-01-09,2026-01-12,100,5676.8,35.85,-0.31,12
IMO9761346,MARAN HERMES,Tankers,DZAZW,Arzew,2026-01-14,2026-01-17,0,0.0,35.85,-0.31,1
IMO9761346,MARAN HERMES,Tankers,NLRTM,Rotterdam,2026-01-31,2026-02-03,14,986.2,51.92,4.47,2
IMO9761346,Maran Hermes,Tankers,NLRTM,Rotterdam,2026-02-24,2026-02-27,43,986.2,51.92,4.47,13
IMO9761358,Maran Helios,Tankers,AEFJR,Fujairah,2018-01-29,2018-02-01,14,0.0,25.13,56.34,1
IMO9761358,Maran Helios,Tankers,CNNGB,Ningbo-Zhoushan,2018-02-15,2018-02-18,14,3438.5,29.87,121.55,2
IMO9761358,Maran Helios,Tankers,CNNGB,Ningbo-Zhoushan,2018-03-04,2018-03-07,14,0.0,29.87,121.55,3
IMO9761358,Maran Helios,Tankers,SGSIN,Singapore,2018-03-21,2018-03-24,14,1991.7,1.28,103.85,4
IMO9761358,Maran Helios,Tankers,AEFJR,Fujairah,2018-04-07,2018-04-10,14,3099.3,25.13,56.34,5
IMO9761358,Maran TBN,Tankers,SARRT,Ras Tanura,2020-10-27,2020-10-30,0,0.0,26.65,50.16,1
IMO9761360,Maran Hercules,Tankers,SGSIN,Singapore,2018-01-23,2018-01-26,14,0.0,1.28,103.85,1
IMO9761360,Maran Hercules,Tankers,INSIK,Sikka / Jamnagar,2018-02-09,2018-02-12,14,2355.7,22.43,69.84,2
IMO9761360,Maran Hercules,Tankers,DZAZW,Arzew,2020-01-16,2020-01-19,703,3689.7,35.85,-0.31,3
IMO9761360,Maran Hercules,Tankers,DZAZW,Arzew,2024-09-26,2024-09-29,1712,0.0,35.85,-0.31,4
IMO9761360,Maran Hercules,Tankers,AEFJR,Fujairah,2026-06-04,2026-06-07,613,2959.8,25.13,56.34,5
IMO9761360,Maran Hercules,Tankers,AEFJR,Fujairah,2026-09-03,2026-09-06,88,0.0,25.13,56.34,6
IMO9761372,Maran Homer,Tankers,SARRT,Ras Tanura,2019-07-16,2019-07-19,0,0.0,26.65,50.16,1
IMO9761372,Maran Homer,Tankers,NLRTM,Rotterdam,2019-08-02,2019-08-05,14,2547.4,51.92,4.47,2
IMO9761372,Maran Homer,Tankers,SGSIN,Singapore,2019-08-19,2019-08-22,14,5689.2,1.28,103.85,3
IMO9761372,Maran Homer,Tankers,SARRT,Ras Tanura,2021-07-28,2021-07-31,706,3444.8,26.65,50.16,4
IMO9761372,Maran Homer,Tankers,NLRTM,Rotterdam,2021-09-14,2021-09-17,45,2547.4,51.92,4.47,5
IMO9761372,Maran Homer,Tankers,AEFJR,Fujairah,2021-10-01,2021-10-04,14,2835.7,25.13,56.34,6
IMO9761372,Maran Homer,Tankers,SGSIN,Singapore,2023-08-16,2023-08-19,681,3099.3,1.28,103.85,7
IMO9761372,Maran Homer,Tankers,DZAZW,Arzew,2024-06-28,2024-07-01,314,6044.3,35.85,-0.31,8
IMO9761463,Xin Long Yang (EXXON),Tankers,CNNGB,Ningbo-Zhoushan,2021-05-26,2021-05-29,14,0.0,29.87,121.55,1
IMO9761463,Xin Long Yang,Tankers,AEFJR,Fujairah,2026-08-14,2026-08-17,0,0.0,25.13,56.34,1
IMO9761475,Xin Wei Yang*,Tankers,INSIK,Sikka / Jamnagar,2025-11-11,2025-11-14,14,0.0,22.43,69.84,1
IMO9761475,Xin Wei Yang,Tankers,AEFJR,Fujairah,2026-06-03,2026-06-06,0,0.0,25.13,56.34,1
IMO9761475,Xin Wei Yang,Tankers,SAYNB,Yanbu,2026-06-30,2026-07-03,24,999.0,24.09,38.06,2
IMO9761516,Loire,Tankers,NLRTM,Rotterdam,2018-02-15,2018-02-18,0,0.0,51.92,4.47,1
IMO9761516,Loire,Tankers,SGSIN,Singapore,2018-03-04,2018-03-07,14,5689.2,1.28,103.85,2
IMO9761516,Loire,Tankers,SGSIN,Singapore,2018-03-21,2018-03-24,14,0.0,1.28,103.85,3
IMO9761516,Loire,Tankers,DZAZW,Arzew,2020-05-07,2020-05-10,775,6044.3,35.85,-0.31,4
IMO9761516,Loire,Tankers,DZAZW,Arzew,2020-09-09,2020-09-12,122,0.0,35.85,-0.31,5
IMO9761516,Loire,Tankers,DZAZW,Arzew,2022-12-21,2022-12-24,830,0.0,35.85,-0.31,6
IMO9761516,Loire,Tankers,DZAZW,Arzew,2024-06-17,2024-06-20,541,0.0,35.85,-0.31,7
IMO9761528,Namsen,Tankers,DZAZW,Arzew,2019-05-22,2019-05-25,0,0.0,35.85,-0.31,1
IMO9761528,Namsen,Tankers,SGSIN,Singapore,2019-06-08,2019-06-11,14,6044.3,1.28,103.85,2
IMO9761528,Namsen,Tankers,DZAZW,Arzew,2019-11-01,2019-11-04,143,6044.3,35.85,-0.31,3
IMO9761528,Namsen,Tankers,SGSIN,Singapore,2019-11-18,2019-11-21,14,6044.3,1.28,103.85,4
IMO9761528,Namsen,Tankers,USCRP,Corpus Christi,2021-01-11,2021-01-14,417,8673.9,27.81,-97.39,5
IMO9761528,Namsen,Tankers,DZAZW,Arzew,2022-08-04,2022-08-07,567,4764.0,35.85,-0.31,6
IMO9761528,Namsen,Tankers,DZAZW,Arzew,2023-02-20,2023-02-23,197,0.0,35.85,-0.31,7
IMO9761528,Gh Holiday,Tankers,SARRT,Ras Tanura,2023-11-16,2023-11-19,0,0.0,26.65,50.16,1
IMO9761528,Gh Holiday,Tankers,SARRT,Ras Tanura,2024-02-20,2024-02-23,93,0.0,26.65,50.16,2
IMO9761528,Gh Holiday,Tankers,DZAZW,Arzew,2024-05-28,2024-05-31,95,2619.7,35.85,-0.31,3
IMO9762261,Flex Endeavour,LNG,QARLF,Ras Laffan,2018-04-05,2018-04-08,0,0.0,25.92,51.53,1
IMO9762261,Flex Endeavour,LNG,QARLF,Ras Laffan,2018-04-22,2018-04-25,14,0.0,25.92,51.53,2
IMO9762261,Flex Endeavour,LNG,USCMR,Cameron / Lake Charles,2019-07-29,2019-08-01,460,6874.5,30.22,-93.22,3
IMO9762261,Flex Endeavour,LNG,USCMR,Cameron / Lake Charles,2019-08-15,2019-08-18,14,0.0,30.22,-93.22,4
IMO9762261,Flex Endeavour,LNG,USSPG,Sabine Pass,2021-04-15,2021-04-18,606,44.8,29.73,-93.87,5
IMO9762261,Flex Endeavour,LNG,USSPG,Sabine Pass,2021-05-02,2021-05-05,14,0.0,29.73,-93.87,6
IMO9762261,Flex Endeavour,LNG,QARLF,Ras Laffan,2023-04-24,2023-04-27,719,6917.9,25.92,51.53,7
IMO9762261,Flex Endeavour,LNG,QARLF,Ras Laffan,2023-05-11,2023-05-14,14,0.0,25.92,51.53,8
IMO9762273,Flex Enterprise,LNG,AEFJR,Fujairah,2018-02-09,2018-02-12,0,0.0,25.13,56.34,1
IMO9762273,Flex Enterprise,LNG,AEFJR,Fujairah,2018-02-26,2018-03-01,14,0.0,25.13,56.34,2
IMO9762273,Flex Enterprise,LNG,USSPG,Sabine Pass,2018-08-24,2018-08-27,176,7093.4,29.73,-93.87,3
IMO9762273,Flex Enterprise,LNG,USSPG,Sabine Pass,2018-09-10,2018-09-13,14,0.0,29.73,-93.87,4
IMO9762986,Eco Queen,Tankers,KRUSN,Ulsan,2019-08-12,2019-08-15,14,0.0,35.5,129.38,1
IMO9762986,Eco Queen,Tankers,SARRT,Ras Tanura,2020-02-13,2020-02-16,182,4000.9,26.65,50.16,2
IMO9762998,Advantage Verity,Tankers,CNQDG,Qingdao,2025-10-14,2025-10-17,14,0.0,36.08,120.32,1
IMO9762998,Advantage Verity (C'lake),Tankers,AEFJR,Fujairah,2026-08-27,2026-08-30,0,0.0,25.13,56.34,1
IMO9765354,Rs Tara,Tankers,NGBON,Bonny,2018-08-27,2018-08-30,0,0.0,4.45,7.16,1
IMO9765354,Rs Tara,Tankers,DZAZW,Arzew,2018-08-30,2018-09-02,1,1930.1,35.85,-0.31,2
IMO9765354,Rs Tara,Tankers,INSIK,Sikka / Jamnagar,2018-09-16,2018-09-19,14,3689.7,22.43,69.84,3
IMO9765354,Rs Tara,Tankers,USCRP,Corpus Christi,2019-07-11,2019-07-14,295,7701.3,27.81,-97.39,4
IMO9765354,Rs Tara,Tankers,NLRTM,Rotterdam,2021-03-09,2021-03-12,604,4516.2,51.92,4.47,5
IMO9765354,Rs Tara,Tankers,NLRTM,Rotterdam,2021-03-24,2021-03-27,1,5689.2,51.92,4.47,7
IMO9765354,Rs Tara,Tankers,SGSIN,Singapore,2021-03-26,2021-03-29,14,5689.2,1.28,103.85,6
IMO9765354,Rs Tara,Tankers,DZAZW,Arzew,2021-04-08,2021-04-11,1,6044.3,35.85,-0.31,9
IMO9765354,Rs Tara,Tankers,SGSIN,Singapore,2021-04-10,2021-04-13,14,5689.2,1.28,103.85,8
IMO9765354,Rs Tara,Tankers,SAYNB,Yanbu,2022-11-14,2022-11-17,582,2101.2,24.09,38.06,10
IMO9765354,Rs Tara,Tankers,AEFJR,Fujairah,2022-12-01,2022-12-04,14,999.0,25.13,56.34,11
IMO9765354,Rs Tara,Tankers,SARRT,Ras Tanura,2023-07-28,2023-07-31,236,346.0,26.65,50.16,12
IMO9765354,Rs Tara,Tankers,DZAZW,Arzew,2023-10-18,2023-10-21,79,2619.7,35.85,-0.31,13
IMO9765354,Rs Tara,Tankers,DZAZW,Arzew,2023-11-01,2023-11-04,11,0.0,35.85,-0.31,14
IMO9765354,Rs Tara,Tankers,SGSIN,Singapore,2023-11-18,2023-11-21,14,6044.3,1.28,103.85,15
IMO9765366,Ithaki Warrior,Tankers,CNNGB,Ningbo-Zhoushan,2018-03-30,2018-04-02,14,0.0,29.87,121.55,1
IMO9765366,Ithaki Warrior,Tankers,SARRT,Ras Tanura,2019-10-16,2019-10-19,562,3717.6,26.65,50.16,2
IMO9765366,Ithaki Warrior,Tankers,SARRT,Ras Tanura,2019-11-26,2019-11-29,38,0.0,26.65,50.16,3
IMO9765366,Ithaki Warrior,Tankers,KWMFA,Mina Al Ahmadi,2019-12-10,2019-12-13,11,180.3,29.07,48.15,4
IMO9765366,Ithaki Warrior,Tankers,ZASDB,Saldanha Bay,2019-12-27,2019-12-30,14,4104.9,-33.02,17.95,5
IMO9765366,Ithaki Warrior,Tankers,SARRT,Ras Tanura,2020-07-21,2020-07-24,204,4026.8,26.65,50.16,6
IMO9765366,Ithaki Warrior,Tankers,SARRT,Ras Tanura,2020-09-08,2020-09-11,46,0.0,26.65,50.16,7
IMO9765366,Ithaki Warrior,Tankers,INSIK,Sikka / Jamnagar,2020-09-25,2020-09-28,14,1103.0,22.43,69.84,8
IMO9765366,Ithaki Warrior,Tankers,SARRT,Ras Tanura,2020-12-24,2020-12-27,87,1103.0,26.65,50.16,9
IMO9765366,Ithaki Warrior,Tankers,INSIK,Sikka / Jamnagar,2021-01-10,2021-01-13,14,1103.0,22.43,69.84,10
IMO9765366,Ithaki Warrior,Tankers,INSIK,Sikka / Jamnagar,2021-01-27,2021-01-30,14,0.0,22.43,69.84,11
IMO9765366,Ithaki Warrior,Tankers,SARRT,Ras Tanura,2021-02-23,2021-02-26,24,1103.0,26.65,50.16,12
IMO9765366,Ithaki Warrior,Tankers,NLRTM,Rotterdam,2022-05-12,2022-05-15,440,2547.4,51.92,4.47,13
IMO9765366,Ithaki Warrior,Tankers,NLRTM,Rotterdam,2022-05-15,2022-05-18,1,0.0,51.92,4.47,14
IMO9765366,Ithaki Warrior,Tankers,INSIK,Sikka / Jamnagar,2025-05-20,2025-05-23,1098,3449.7,22.43,69.84,15
IMO9765366,Ithaki Warrior,Tankers,DZAZW,Arzew,2026-03-06,2026-03-09,287,3689.7,35.85,-0.31,16
IMO9765366,Ithaki Warrior,Tankers,ZASDB,Saldanha Bay,2026-03-23,2026-03-26,14,4260.3,-33.02,17.95,17
IMO9765378,Rs Aurora,Tankers,SGSIN,Singapore,2021-08-19,2021-08-22,14,0.0,1.28,103.85,1
IMO9765378,Rs Aurora,Tankers,SAYNB,Yanbu,2021-09-28,2021-10-01,37,4050.1,24.09,38.06,2
IMO9765378,Paschalis Dd,Tankers,INSIK,Sikka / Jamnagar,2023-05-17,2023-05-20,14,0.0,22.43,69.84,1
IMO9765378,Paschalis Dd,Tankers,DZAZW,Arzew,2025-08-06,2025-08-09,809,3689.7,35.85,-0.31,2
IMO9765378,Paschalis Dd,Tankers,DZAZW,Arzew,2025-09-05,2025-09-08,27,0.0,35.85,-0.31,3
IMO9765654,Hermit,LPG,USHOU,Houston,2023-10-19,2023-10-22,0,0.0,29.74,-95.27,1
IMO9766310,Sonangol Cazenga,Tankers,NLRTM,Rotterdam,2018-02-22,2018-02-25,0,0.0,51.92,4.47,1
IMO9766310,Sonangol Cazenga,Tankers,NLRTM,Rotterdam,2018-02-27,2018-03-02,2,0.0,51.92,4.47,2
IMO9766310,Sonangol Cazenga,Tankers,SGSIN,Singapore,2018-03-16,2018-03-19,14,5689.2,1.28,103.85,3
IMO9766310,Sonangol Cazenga,Tankers,USCRP,Corpus Christi,2018-06-27,2018-06-30,100,8673.9,27.81,-97.39,4
IMO9766310,Sonangol Cazenga,Tankers,SGSIN,Singapore,2018-07-14,2018-07-17,14,8673.9,1.28,103.85,5
IMO9766310,Sonangol Cazenga,Tankers,CNNGB,Ningbo-Zhoushan,2018-07-31,2018-08-03,14,1991.7,29.87,121.55,6
IMO9766310,Sonangol Cazenga,Tankers,SGSIN,Singapore,2018-08-17,2018-08-20,14,1991.7,1.28,103.85,7
IMO9766310,Sonangol Cazenga,Tankers,CNNGB,Ningbo-Zhoushan,2018-09-03,2018-09-06,14,1991.7,29.87,121.55,8
IMO9766310,Sonangol Cazenga,Tankers,NLRTM,Rotterdam,2023-06-05,2023-06-08,1733,4890.7,51.92,4.47,9
IMO9766310,Sonangol Cazenga,Tankers,NGBON,Bonny,2023-11-13,2023-11-16,158,2853.3,4.45,7.16,10
IMO9766310,Sonangol Cazenga,Tankers,NLRTM,Rotterdam,2023-11-30,2023-12-03,14,2853.3,51.92,4.47,11
IMO9766322,Sonangol Maiombe,Tankers,NLRTM,Rotterdam,2019-04-09,2019-04-12,14,0.0,51.92,4.47,1
IMO9766322,Sonangol Maiombe,Tankers,NLRTM,Rotterdam,2019-05-06,2019-05-09,24,0.0,51.92,4.47,2
IMO9766322,Sonangol Maiombe,Tankers,SGSIN,Singapore,2019-05-23,2019-05-26,14,5689.2,1.28,103.85,3
IMO9766322,Sonangol Maiombe,Tankers,DZAZW,Arzew,2019-08-05,2019-08-08,71,6044.3,35.85,-0.31,4
IMO9766322,Sonangol Maiombe,Tankers,SGSIN,Singapore,2019-08-22,2019-08-25,14,6044.3,1.28,103.85,5
IMO9766322,Sonangol Maiombe,Tankers,DZAZW,Arzew,2021-11-11,2021-11-14,809,6044.3,35.85,-0.31,6
IMO9766530,British Partner,LNG,AUGLT,Gladstone,2018-12-06,2018-12-09,0,0.0,-23.84,151.26,1
IMO9766530,British Partner,LNG,AUGLT,Gladstone,2018-12-23,2018-12-26,14,0.0,-23.84,151.26,2
IMO9766578,British Mentor,LNG,USCRP,Corpus Christi,2019-12-12,2019-12-15,0,0.0,27.81,-97.39,1
IMO9766578,British Mentor,LNG,USCRP,Corpus Christi,2019-12-29,2020-01-01,14,0.0,27.81,-97.39,2
IMO9766889,Patris,LNG,QARLF,Ras Laffan,2018-10-30,2018-11-02,0,0.0,25.92,51.53,1
IMO9766889,Patris,LNG,QARLF,Ras Laffan,2018-11-16,2018-11-19,14,0.0,25.92,51.53,2
IMO9767950,Maran Gas Spetses,LNG,USSPG,Sabine Pass,2023-08-15,2023-08-18,0,0.0,29.73,-93.87,1
IMO9767950,Maran Gas Spetses,LNG,USSPG,Sabine Pass,2023-09-01,2023-09-04,14,0.0,29.73,-93.87,2
IMO9768898,Kamilla Kosan,LPG,USHOU,Houston,2021-07-08,2021-07-11,14,0.0,29.74,-95.27,1
IMO9768898,Kamilla Kosan,LPG,USHOU,Houston,2021-07-25,2021-07-28,14,0.0,29.74,-95.27,2
IMO9768898,Kamilla Kosan,LPG,DZAZW,Arzew,2023-07-20,2023-07-23,722,4606.4,35.85,-0.31,3
IMO9769817,Front Cosmos,Tankers,SGSIN,Singapore,2018-08-15,2018-08-18,14,0.0,1.28,103.85,1
IMO9769817,Front Cosmos,Tankers,SGSIN,Singapore,2018-09-01,2018-09-04,14,0.0,1.28,103.85,2
IMO9769817,Front Cosmos,Tankers,INSIK,Sikka / Jamnagar,2018-09-18,2018-09-21,14,2355.7,22.43,69.84,3
IMO9769817,Front Cosmos,Tankers,KRUSN,Ulsan,2018-10-05,2018-10-08,14,3176.8,35.5,129.38,4
IMO9769817,Front Cosmos,Tankers,DZAZW,Arzew,2024-10-02,2024-10-05,2186,5683.7,35.85,-0.31,5
IMO9769829,Front Cascade,Tankers,SGSIN,Singapore,2018-03-16,2018-03-19,14,0.0,1.28,103.85,1
IMO9769829,Front Cascade,Tankers,NGBON,Bonny,2018-11-07,2018-11-10,233,5798.0,4.45,7.16,2
IMO9769829,Front Cascade,Tankers,CNNGB,Ningbo-Zhoushan,2018-11-24,2018-11-27,14,6518.2,29.87,121.55,3
IMO9769829,Front Cascade,Tankers,AEFJR,Fujairah,2018-12-11,2018-12-14,14,3438.5,25.13,56.34,4
IMO9769829,Front Cascade,Tankers,SAYNB,Yanbu,2021-05-24,2021-05-27,892,999.0,24.09,38.06,5
IMO9770438,Marvel Crane,LNG,QARLF,Ras Laffan,2019-04-10,2019-04-13,0,0.0,25.92,51.53,1
IMO9770438,Marvel Crane,LNG,QARLF,Ras Laffan,2019-04-27,2019-04-30,14,0.0,25.92,51.53,2
IMO9770438,Marvel Crane,LNG,AUGLT,Gladstone,2023-06-30,2023-07-03,1522,6508.6,-23.84,151.26,3
IMO9770438,Marvel Crane,LNG,AUGLT,Gladstone,2023-07-17,2023-07-20,14,0.0,-23.84,151.26,4
IMO9770440,Marvel Heron,LNG,USSPG,Sabine Pass,2019-10-23,2019-10-26,0,0.0,29.73,-93.87,1
IMO9770440,Marvel Heron,LNG,USSPG,Sabine Pass,2019-11-09,2019-11-12,14,0.0,29.73,-93.87,2
IMO9770505,Maran Athena,Tankers,INSIK,Sikka / Jamnagar,2021-11-16,2021-11-19,14,0.0,22.43,69.84,1
IMO9770505,Maran Athena (Shell),Tankers,AEFJR,Fujairah,2026-09-02,2026-09-05,0,0.0,25.13,56.34,1
IMO9770517,Maran Ariadne,Tankers,KWMFA,Mina Al Ahmadi,2019-05-30,2019-06-02,0,0.0,29.07,48.15,1
IMO9770517,Maran Ariadne,Tankers,CNNGB,Ningbo-Zhoushan,2019-06-16,2019-06-19,14,3765.1,29.87,121.55,2
IMO9770517,Maran Ariadne,Tankers,CNNGB,Ningbo-Zhoushan,2019-07-03,2019-07-06,14,0.0,29.87,121.55,3
IMO9770921,Magdala,LNG,USSPG,Sabine Pass,2019-12-19,2019-12-22,0,0.0,29.73,-93.87,1
IMO9770921,Magdala,LNG,USSPG,Sabine Pass,2020-01-05,2020-01-08,14,0.0,29.73,-93.87,2
IMO9770945,Megara,LNG,DZAZW,Arzew,2023-05-17,2023-05-20,0,0.0,35.85,-0.31,1
IMO9770945,Megara,LNG,DZAZW,Arzew,2023-06-03,2023-06-06,14,0.0,35.85,-0.31,2
IMO9771080,Seapeak Bahrain,LNG,SGSIN,Singapore,2018-09-25,2018-09-28,0,0.0,1.28,103.85,1
IMO9771080,Seapeak Bahrain,LNG,SGSIN,Singapore,2018-10-12,2018-10-15,14,0.0,1.28,103.85,2
IMO9771080,Seapeak Bahrain,LNG,USSPG,Sabine Pass,2021-01-06,2021-01-09,814,8686.4,29.73,-93.87,3
IMO9771080,Seapeak Bahrain,LNG,USSPG,Sabine Pass,2021-01-23,2021-01-26,14,0.0,29.73,-93.87,4
IMO9771080,Seapeak Bahrain,LNG,SGSIN,Singapore,2022-03-08,2022-03-11,406,8686.4,1.28,103.85,5
IMO9771080,Seapeak Bahrain,LNG,SGSIN,Singapore,2022-03-25,2022-03-28,14,0.0,1.28,103.85,6
IMO9771339,Front Duke,Tankers,SARRT,Ras Tanura,2022-03-10,2022-03-13,0,0.0,26.65,50.16,1
IMO9771339,Front Duke,Tankers,CNNGB,Ningbo-Zhoushan,2022-03-27,2022-03-30,14,3717.6,29.87,121.55,2
IMO9771339,Front Duke,Tankers,SARRT,Ras Tanura,2022-11-08,2022-11-11,223,3717.6,26.65,50.16,3
IMO9771339,Front Duke,Tankers,INSIK,Sikka / Jamnagar,2022-11-25,2022-11-28,14,1103.0,22.43,69.84,4
IMO9771339,Front Duke o/o,Tankers,KRUSN,Ulsan,2024-01-04,2024-01-07,14,0.0,35.5,129.38,1
IMO9771339,Front Duke,Tankers,KWMFA,Mina Al Ahmadi,2025-02-04,2025-02-07,799,1236.5,29.07,48.15,5
IMO9771339,Front Duke,Tankers,KWMFA,Mina Al Ahmadi,2025-05-05,2025-05-08,87,0.0,29.07,48.15,6
IMO9771341,Front Duchess,Tankers,KWMFA,Mina Al Ahmadi,2023-02-15,2023-02-18,0,0.0,29.07,48.15,1
IMO9771341,Front Duchess o/o,Tankers,SARRT,Ras Tanura,2023-11-28,2023-12-01,0,0.0,26.65,50.16,1
IMO9771341,Front Duchess O/O,Tankers,KRUSN,Ulsan,2025-12-19,2025-12-22,14,0.0,35.5,129.38,1
IMO9771743,Xin Hui Yang,Tankers,SARRT,Ras Tanura,2021-08-23,2021-08-26,0,0.0,26.65,50.16,1
IMO9771743,Xin Hui Yang,Tankers,SAYNB,Yanbu,2026-03-24,2026-03-27,1671,673.9,24.09,38.06,2
IMO9771755,Xin Mao Yang,Tankers,SARRT,Ras Tanura,2020-05-20,2020-05-23,0,0.0,26.65,50.16,1
IMO9771755,Xin Mao Yang,Tankers,SGSIN,Singapore,2020-06-06,2020-06-09,14,3444.8,1.28,103.85,2
IMO9772113,Chios,Tankers,SARRT,Ras Tanura,2018-04-06,2018-04-09,0,0.0,26.65,50.16,1
IMO9772113,Chios,Tankers,NLRTM,Rotterdam,2018-10-03,2018-10-06,177,2547.4,51.92,4.47,2
IMO9772113,Chios,Tankers,SGSIN,Singapore,2018-10-20,2018-10-23,14,5689.2,1.28,103.85,3
IMO9772113,Chios,Tankers,SGSIN,Singapore,2018-11-06,2018-11-09,14,0.0,1.28,103.85,4
IMO9772113,Chios,Tankers,DZAZW,Arzew,2021-12-22,2021-12-25,1139,6044.3,35.85,-0.31,5
IMO9772125,Christina,Tankers,SGSIN,Singapore,2018-12-17,2018-12-20,0,0.0,1.28,103.85,1
IMO9772125,Christina,Tankers,AEFJR,Fujairah,2019-01-03,2019-01-06,14,3099.3,25.13,56.34,2
IMO9772125,Christina,Tankers,AEFJR,Fujairah,2019-01-20,2019-01-23,14,0.0,25.13,56.34,3
IMO9772125,Christina,Tankers,AEFJR,Fujairah,2019-09-09,2019-09-12,229,0.0,25.13,56.34,4
IMO9772125,Christina,Tankers,CNQDG,Qingdao,2019-09-26,2019-09-29,14,3312.7,36.08,120.32,5
IMO9772125,Christina,Tankers,SGSIN,Singapore,2019-10-13,2019-10-16,14,2281.6,1.28,103.85,6
IMO9772125,Christina,Tankers,SARRT,Ras Tanura,2019-10-22,2019-10-25,6,3444.8,26.65,50.16,7
IMO9772125,Christina,Tankers,AEFJR,Fujairah,2019-11-08,2019-11-11,14,346.0,25.13,56.34,8
IMO9772125,Christina,Tankers,INSIK,Sikka / Jamnagar,2019-11-25,2019-11-28,14,758.9,22.43,69.84,9
IMO9772125,Christina,Tankers,CNNGB,Ningbo-Zhoushan,2019-12-12,2019-12-15,14,2799.7,29.87,121.55,10
IMO9772125,Christina,Tankers,AEFJR,Fujairah,2019-12-29,2020-01-01,14,3438.5,25.13,56.34,11
IMO9772125,Christina,Tankers,CNNGB,Ningbo-Zhoushan,2020-01-15,2020-01-18,14,3438.5,29.87,121.55,12
IMO9772125,Christina,Tankers,SARRT,Ras Tanura,2022-01-25,2022-01-28,738,3717.6,26.65,50.16,13
IMO9772125,Christina,Tankers,SARRT,Ras Tanura,2022-05-26,2022-05-29,118,0.0,26.65,50.16,14
IMO9772321,Levsos,Tankers,DZAZW,Arzew,2018-06-11,2018-06-14,0,0.0,35.85,-0.31,1
IMO9772321,Levsos,Tankers,SGSIN,Singapore,2018-06-28,2018-07-01,14,6044.3,1.28,103.85,2
IMO9772321,Lesvos,Tankers,INSIK,Sikka / Jamnagar,2018-12-18,2018-12-21,14,0.0,22.43,69.84,1
IMO9772321,Lesvos,Tankers,SARRT,Ras Tanura,2019-07-23,2019-07-26,214,1103.0,26.65,50.16,2
IMO9772321,Lesvos,Tankers,INSIK,Sikka / Jamnagar,2019-08-09,2019-08-12,14,1103.0,22.43,69.84,3
IMO9772321,Lesvos,Tankers,AEFJR,Fujairah,2019-08-26,2019-08-29,14,758.9,25.13,56.34,4
IMO9772321,Lesvos,Tankers,SARRT,Ras Tanura,2024-02-28,2024-03-02,1644,346.0,26.65,50.16,5
IMO9772333,Psara I,Tankers,DZAZW,Arzew,2018-01-15,2018-01-18,0,0.0,35.85,-0.31,1
IMO9772333,Psara I,Tankers,NLRTM,Rotterdam,2018-02-01,2018-02-04,14,986.2,51.92,4.47,2
IMO9772333,Psara I,Tankers,NLRTM,Rotterdam,2018-02-28,2018-03-03,24,0.0,51.92,4.47,3
IMO9772333,Psara,Tankers,SGSIN,Singapore,2018-04-19,2018-04-22,14,0.0,1.28,103.85,1
IMO9772333,Psara I,Tankers,SARRT,Ras Tanura,2025-03-24,2025-03-27,2578,2547.4,26.65,50.16,4
IMO9772345,Samos,Tankers,SARRT,Ras Tanura,2018-11-27,2018-11-30,0,0.0,26.65,50.16,1
IMO9772345,Samos,Tankers,USHOU,Houston,2020-06-22,2020-06-25,570,6881.5,29.74,-95.27,2
IMO9772345,Samos,Tankers,INSIK,Sikka / Jamnagar,2020-07-09,2020-07-12,14,7559.1,22.43,69.84,3
IMO9772345,Samos,Tankers,SARRT,Ras Tanura,2021-10-05,2021-10-08,450,1103.0,26.65,50.16,4
IMO9772345,Samos,Tankers,INSIK,Sikka / Jamnagar,2021-10-22,2021-10-25,14,1103.0,22.43,69.84,5
IMO9772345,Samos,Tankers,AEFJR,Fujairah,2022-01-18,2022-01-21,85,758.9,25.13,56.34,6
IMO9772345,Samos,Tankers,SARRT,Ras Tanura,2023-06-21,2023-06-24,516,346.0,26.65,50.16,7
IMO9772345,Samos,Tankers,AEFJR,Fujairah,2023-11-15,2023-11-18,144,346.0,25.13,56.34,8
IMO9772345,Samos,Tankers,SARRT,Ras Tanura,2024-10-24,2024-10-27,341,346.0,26.65,50.16,9
IMO9772345,Samos,Tankers,SARRT,Ras Tanura,2025-01-20,2025-01-23,85,0.0,26.65,50.16,10
IMO9772357,Marathi,Tankers,SGSIN,Singapore,2018-02-13,2018-02-16,14,0.0,1.28,103.85,1
IMO9772357,Marathi,Tankers,CNNGB,Ningbo-Zhoushan,2018-03-02,2018-03-05,14,1991.7,29.87,121.55,2
IMO9772357,Marathi,Tankers,QARLF,Ras Laffan,2018-12-10,2018-12-13,280,3664.9,25.92,51.53,3
IMO9772357,Marathi,Tankers,QARLF,Ras Laffan,2019-01-14,2019-01-17,32,0.0,25.92,51.53,4
IMO9772357,Marathi Oo,Tankers,INSIK,Sikka / Jamnagar,2019-02-07,2019-02-10,14,0.0,22.43,69.84,1
IMO9772357,Marathi,Tankers,SARRT,Ras Tanura,2020-03-10,2020-03-13,418,85.8,26.65,50.16,5
IMO9772357,Marathi,Tankers,SARRT,Ras Tanura,2020-04-16,2020-04-19,34,0.0,26.65,50.16,6
IMO9772357,Marathi,Tankers,KWMFA,Mina Al Ahmadi,2020-07-30,2020-08-02,102,180.3,29.07,48.15,7
IMO9772357,Marathi,Tankers,INSIK,Sikka / Jamnagar,2020-08-16,2020-08-19,14,1236.5,22.43,69.84,8
IMO9772357,Marathi,Tankers,RUPRI,Primorsk,2022-07-31,2022-08-03,711,2852.7,60.36,28.61,9
IMO9772357,Marathi,Tankers,SARRT,Ras Tanura,2022-11-28,2022-12-01,117,2208.2,26.65,50.16,10
IMO9772357,Marathi,Tankers,CNQDG,Qingdao,2022-12-15,2022-12-18,14,3565.3,36.08,120.32,11
IMO9772357,Marathi,Tankers,SARRT,Ras Tanura,2024-02-26,2024-02-29,435,3565.3,26.65,50.16,12
IMO9772357,Marathi,Tankers,NLRTM,Rotterdam,2024-03-14,2024-03-17,14,2547.4,51.92,4.47,13
IMO9772574,G. Paragon,LPG,AUDAM,Dampier,2019-07-11,2019-07-14,0,0.0,-20.65,116.71,1
IMO9772909,BW Libra,LPG,SARRT,Ras Tanura,2022-03-17,2022-03-20,0,0.0,26.65,50.16,1
IMO9772909,BW Libra,LPG,USHOU,Houston,2022-11-17,2022-11-20,242,6881.5,29.74,-95.27,2
IMO9772931,Sea Amber,Tankers,NLRTM,Rotterdam,2019-03-28,2019-03-31,14,0.0,51.92,4.47,1
IMO9772931,Sea Amber,Tankers,SGSIN,Singapore,2019-04-14,2019-04-17,14,5689.2,1.28,103.85,2
IMO9772931,Sea Amber,Tankers,SAYNB,Yanbu,2019-10-08,2019-10-11,174,4050.1,24.09,38.06,3
IMO9772931,Sea Amber,Tankers,NGBON,Bonny,2020-05-21,2020-05-24,223,2140.2,4.45,7.16,4
IMO9772931,Sea Amber,Tankers,SGSIN,Singapore,2020-06-07,2020-06-10,14,5798.0,1.28,103.85,5
IMO9772931,Sea Amber,Tankers,SARRT,Ras Tanura,2025-07-01,2025-07-04,1847,3444.8,26.65,50.16,6
IMO9772931,Sea Amber,Tankers,DZAZW,Arzew,2025-09-18,2025-09-21,76,2619.7,35.85,-0.31,7
IMO9772931,Sea Amber,Tankers,DZAZW,Arzew,2026-09-01,2026-09-04,345,0.0,35.85,-0.31,8
IMO9772943,Sea Garnet,Tankers,NLRTM,Rotterdam,2019-04-26,2019-04-29,14,0.0,51.92,4.47,1
IMO9772943,Sea Garnet,Tankers,DZAZW,Arzew,2019-12-03,2019-12-06,218,986.2,35.85,-0.31,2
IMO9772943,Sea Garnet,Tankers,CNNGB,Ningbo-Zhoushan,2019-12-20,2019-12-23,14,5676.8,29.87,121.55,3
IMO9772943,Sea Garnet,Tankers,KWMFA,Mina Al Ahmadi,2020-10-20,2020-10-23,302,3765.1,29.07,48.15,4
IMO9772943,Sea Garnet,Tankers,CNNGB,Ningbo-Zhoushan,2020-11-06,2020-11-09,14,3765.1,29.87,121.55,5
IMO9772943,Sea Garnet,Tankers,DZAZW,Arzew,2022-01-20,2022-01-23,437,5676.8,35.85,-0.31,6
IMO9772943,Sea Garnet,Tankers,AEFJR,Fujairah,2022-12-09,2022-12-12,320,2959.8,25.13,56.34,7
IMO9772943,Sea Garnet,Tankers,AEFJR,Fujairah,2025-05-02,2025-05-05,872,0.0,25.13,56.34,8
IMO9773478,Marfa,Tankers,SGSIN,Singapore,2018-03-06,2018-03-09,14,0.0,1.28,103.85,1
IMO9773478,Marfa,Tankers,NLRTM,Rotterdam,2018-03-23,2018-03-26,14,5689.2,51.92,4.47,2
IMO9773478,Marfa,Tankers,CNQDG,Qingdao,2018-04-09,2018-04-12,14,4547.8,36.08,120.32,3
IMO9773478,Marfa,Tankers,SGSIN,Singapore,2018-04-26,2018-04-29,14,2281.6,1.28,103.85,4
IMO9773478,Marfa,Tankers,DZAZW,Arzew,2022-02-23,2022-02-26,1396,6044.3,35.85,-0.31,5
IMO9773478,Marfa,Tankers,CNNGB,Ningbo-Zhoushan,2022-03-12,2022-03-15,14,5676.8,29.87,121.55,6
IMO9773478,Marfa,Tankers,INSIK,Sikka / Jamnagar,2022-03-29,2022-04-01,14,2799.7,22.43,69.84,7
IMO9774185,Seavigour,Tankers,CNNGB,Ningbo-Zhoushan,2018-10-09,2018-10-12,14,0.0,29.87,121.55,1
IMO9774185,Seavigour,Tankers,SGSIN,Singapore,2018-10-26,2018-10-29,14,1991.7,1.28,103.85,2
IMO9774185,Seavigour,Tankers,CNNGB,Ningbo-Zhoushan,2018-11-12,2018-11-15,14,1991.7,29.87,121.55,3
IMO9774185,Seavigour,Tankers,INSIK,Sikka / Jamnagar,2018-11-29,2018-12-02,14,2799.7,22.43,69.84,4
IMO9774185,Seavigour,Tankers,SAYNB,Yanbu,2021-07-21,2021-07-24,962,1752.1,24.09,38.06,5
IMO9774185,Seavigour,Tankers,SARRT,Ras Tanura,2021-12-07,2021-12-10,136,673.9,26.65,50.16,6
IMO9774185,Seavigour,Tankers,NLRTM,Rotterdam,2022-03-03,2022-03-06,83,2547.4,51.92,4.47,7
IMO9774185,Seavigour,Tankers,NLRTM,Rotterdam,2022-03-20,2022-03-23,14,0.0,51.92,4.47,8
IMO9774185,Seavigour,Tankers,CNNGB,Ningbo-Zhoushan,2022-04-06,2022-04-09,14,4890.7,29.87,121.55,9
IMO9776547,Maran Arete,Tankers,KWMFA,Mina Al Ahmadi,2019-06-11,2019-06-14,0,0.0,29.07,48.15,1
IMO9776547,Maran Arete,Tankers,SARRT,Ras Tanura,2019-11-01,2019-11-04,140,180.3,26.65,50.16,2
IMO9776547,Maran Arete,Tankers,CNNGB,Ningbo-Zhoushan,2019-11-18,2019-11-21,14,3717.6,29.87,121.55,3
IMO9776547,Maran Arete,Tankers,DZAZW,Arzew,2025-01-02,2025-01-05,1869,5676.8,35.85,-0.31,4
IMO9776547,Maran Arete,Tankers,CNNGB,Ningbo-Zhoushan,2025-01-19,2025-01-22,14,5676.8,29.87,121.55,5
IMO9776559,Sophia,Tankers,SARRT,Ras Tanura,2020-06-04,2020-06-07,0,0.0,26.65,50.16,1
IMO9776559,Sophia,Tankers,KRUSN,Ulsan,2020-06-21,2020-06-24,14,4000.9,35.5,129.38,2
IMO9776559,Sophia,Tankers,SGSIN,Singapore,2020-07-08,2020-07-11,14,2499.7,1.28,103.85,3
IMO9776743,Matala,Tankers,CNNGB,Ningbo-Zhoushan,2018-11-22,2018-11-25,14,0.0,29.87,121.55,1
IMO9776743,Matala,Tankers,CNNGB,Ningbo-Zhoushan,2018-12-09,2018-12-12,14,0.0,29.87,121.55,2
IMO9776743,Matala,Tankers,DZAZW,Arzew,2020-11-12,2020-11-15,701,5676.8,35.85,-0.31,3
IMO9776743,Matala,Tankers,SGSIN,Singapore,2020-11-29,2020-12-02,14,6044.3,1.28,103.85,4
IMO9776743,Matala,Tankers,SARRT,Ras Tanura,2022-01-18,2022-01-21,412,3444.8,26.65,50.16,5
IMO9776743,Matala,Tankers,INSIK,Sikka / Jamnagar,2022-02-04,2022-02-07,14,1103.0,22.43,69.84,6
IMO9776743,Matala,Tankers,INSIK,Sikka / Jamnagar,2022-02-21,2022-02-24,14,0.0,22.43,69.84,7
IMO9776743,Matala,Tankers,INSIK,Sikka / Jamnagar,2022-03-10,2022-03-13,14,0.0,22.43,69.84,8
IMO9776743,Cardiff Tbn,Tankers,CNNGB,Ningbo-Zhoushan,2025-01-20,2025-01-23,14,0.0,29.87,121.55,1
IMO9778313,Marshal Vasilevskiy,LNG,NLRTM,Rotterdam,2019-10-07,2019-10-10,0,0.0,51.92,4.47,1
IMO9778313,Marshal Vasilevskiy,LNG,NLRTM,Rotterdam,2019-10-24,2019-10-27,14,0.0,51.92,4.47,2
IMO9779130,Commander,LPG,AUDRW,Darwin,2022-05-19,2022-05-22,0,0.0,-12.46,130.84,1
IMO9779130,Commander,LPG,USHOU,Houston,2022-09-01,2022-09-04,102,8046.2,29.74,-95.27,2
IMO9779130,Commander,LPG,USHOU,Houston,2023-01-12,2023-01-15,130,0.0,29.74,-95.27,3
IMO9779130,Commander,LPG,USHOU,Houston,2023-08-24,2023-08-27,221,0.0,29.74,-95.27,4
IMO9779238,Diamond Gas Rose,LNG,AUGLT,Gladstone,2019-08-20,2019-08-23,0,0.0,-23.84,151.26,1
IMO9779238,Diamond Gas Rose,LNG,AUGLT,Gladstone,2019-09-06,2019-09-09,14,0.0,-23.84,151.26,2
IMO9779273,Galaxy River,LPG,USHOU,Houston,2021-06-17,2021-06-20,0,0.0,29.74,-95.27,1
IMO9779273,Galaxy River,LPG,USHOU,Houston,2021-11-11,2021-11-14,144,0.0,29.74,-95.27,2
IMO9779273,Galaxy River,LPG,SAYNB,Yanbu,2022-06-09,2022-06-12,207,6602.3,24.09,38.06,3
IMO9779273,Galaxy River,LPG,USHOU,Houston,2023-03-02,2023-03-05,263,6602.3,29.74,-95.27,4
IMO9779273,Galaxy River,LPG,USHOU,Houston,2023-06-08,2023-06-11,95,0.0,29.74,-95.27,5
IMO9779379,Maran Hermione,Tankers,SGSIN,Singapore,2018-05-17,2018-05-20,14,0.0,1.28,103.85,1
IMO9779379,Maran Hermione,Tankers,SGSIN,Singapore,2018-06-03,2018-06-06,14,0.0,1.28,103.85,2
IMO9779379,Maran Hermione,Tankers,SGSIN,Singapore,2018-10-11,2018-10-14,127,0.0,1.28,103.85,3
IMO9779379,Maran Hermione,Tankers,SGSIN,Singapore,2018-10-22,2018-10-25,8,0.0,1.28,103.85,4
IMO9779379,Maran Hermione,Tankers,SGSIN,Singapore,2018-11-08,2018-11-11,14,0.0,1.28,103.85,5
IMO9779379,Maran Hermione,Tankers,SGSIN,Singapore,2018-11-25,2018-11-28,14,0.0,1.28,103.85,6
IMO9779379,Maran Hermione,Tankers,CNNGB,Ningbo-Zhoushan,2018-12-12,2018-12-15,14,1991.7,29.87,121.55,7
IMO9779379,Maran Hermione,Tankers,SAYNB,Yanbu,2023-04-21,2023-04-24,1588,4380.6,24.09,38.06,8
IMO9779379,Maran Hermione,Tankers,USCRP,Corpus Christi,2023-06-06,2023-06-09,43,6763.2,27.81,-97.39,9
IMO9779379,Maran Hermione,Tankers,USHOU,Houston,2023-07-11,2023-07-14,32,160.8,29.74,-95.27,10
IMO9779381,Maran Helen,Tankers,CNNGB,Ningbo-Zhoushan,2018-06-26,2018-06-29,14,0.0,29.87,121.55,1
IMO9779381,Maran Helen,Tankers,CNNGB,Ningbo-Zhoushan,2018-07-13,2018-07-16,14,0.0,29.87,121.55,2
IMO9779381,Maran Helen,Tankers,INSIK,Sikka / Jamnagar,2018-07-30,2018-08-02,14,2799.7,22.43,69.84,3
IMO9779381,Maran Helen,Tankers,SGSIN,Singapore,2018-08-16,2018-08-19,14,2355.7,1.28,103.85,4
IMO9779537,Seaways Montauk,Tankers,SGSIN,Singapore,2018-02-15,2018-02-18,14,0.0,1.28,103.85,1
IMO9779537,Seaways Montauk,Tankers,NLRTM,Rotterdam,2019-01-16,2019-01-19,332,5689.2,51.92,4.47,2
IMO9779537,Seaways Montauk,Tankers,DZAZW,Arzew,2019-11-26,2019-11-29,311,986.2,35.85,-0.31,3
IMO9779537,Seaways Montauk,Tankers,DZAZW,Arzew,2019-12-19,2019-12-22,20,0.0,35.85,-0.31,4
IMO9779537,Seaways Montauk,Tankers,DZAZW,Arzew,2020-02-20,2020-02-23,60,0.0,35.85,-0.31,5
IMO9779537,Seaways Montauk,Tankers,NLRTM,Rotterdam,2020-03-08,2020-03-11,14,986.2,51.92,4.47,6
IMO9779537,Seaways Montauk,Tankers,AEFJR,Fujairah,2020-03-25,2020-03-28,14,2835.7,25.13,56.34,7
IMO9779537,Seaways Montauk,Tankers,AEFJR,Fujairah,2020-04-11,2020-04-14,14,0.0,25.13,56.34,8
IMO9779537,Seaways Montauk,Tankers,DZAZW,Arzew,2025-06-13,2025-06-16,1886,2959.8,35.85,-0.31,9
IMO9779537,Seaways Montauk,Tankers,SARRT,Ras Tanura,2025-09-23,2025-09-26,99,2619.7,26.65,50.16,10
IMO9779604,Sea Pearl,Tankers,KRUSN,Ulsan,2019-08-15,2019-08-18,14,0.0,35.5,129.38,1
IMO9779604,Sea Pearl,Tankers,SARRT,Ras Tanura,2022-02-03,2022-02-06,900,4000.9,26.65,50.16,2
IMO9779604,Sea Pearl,Tankers,INSIK,Sikka / Jamnagar,2022-02-20,2022-02-23,14,1103.0,22.43,69.84,3
IMO9779604,Sea Pearl,Tankers,INSIK,Sikka / Jamnagar,2022-03-09,2022-03-12,14,0.0,22.43,69.84,4
IMO9779604,Sea Pearl,Tankers,KWMFA,Mina Al Ahmadi,2024-05-28,2024-05-31,808,1236.5,29.07,48.15,5
IMO9779604,Sea Pearl,Tankers,SARRT,Ras Tanura,2024-09-12,2024-09-15,104,180.3,26.65,50.16,6
IMO9779604,Sea Pearl,Tankers,KWMFA,Mina Al Ahmadi,2025-04-09,2025-04-12,206,180.3,29.07,48.15,7
IMO9779604,Sea Pearl,Tankers,KWMFA,Mina Al Ahmadi,2025-05-20,2025-05-23,38,0.0,29.07,48.15,8
IMO9779604,Sea Pearl,Tankers,KWMFA,Mina Al Ahmadi,2025-12-22,2025-12-25,213,0.0,29.07,48.15,9
IMO9779604,Sea Pearl,Tankers,SAYNB,Yanbu,2026-05-05,2026-05-08,131,618.4,24.09,38.06,10
IMO9779604,Sea Pearl,Tankers,AEFJR,Fujairah,2026-06-26,2026-06-29,49,999.0,25.13,56.34,11
IMO9779604,Sea Pearl,Tankers,SAYNB,Yanbu,2026-08-27,2026-08-30,59,999.0,24.09,38.06,12
IMO9779616,Sea Ruby,Tankers,KRUSN,Ulsan,2019-11-15,2019-11-18,14,0.0,35.5,129.38,1
IMO9779616,Sea Ruby,Tankers,KRUSN,Ulsan,2019-12-02,2019-12-05,14,0.0,35.5,129.38,2
IMO9779616,Sea Ruby,Tankers,NLRTM,Rotterdam,2019-12-19,2019-12-22,14,4816.9,51.92,4.47,3
IMO9779616,Sea Ruby,Tankers,KWMFA,Mina Al Ahmadi,2025-06-05,2025-06-08,1992,2367.9,29.07,48.15,4
IMO9779616,Sea Ruby,Tankers,SARRT,Ras Tanura,2025-09-11,2025-09-14,95,180.3,26.65,50.16,5
IMO9779616,Sea Ruby,Tankers,AEFJR,Fujairah,2026-04-28,2026-05-01,226,346.0,25.13,56.34,6
IMO9779800,Amjad,Tankers,SGSIN,Singapore,2020-04-09,2020-04-12,14,0.0,1.28,103.85,1
IMO9779800,Amjad,Tankers,CNNGB,Ningbo-Zhoushan,2020-04-26,2020-04-29,14,1991.7,29.87,121.55,2
IMO9779800,Amad,Tankers,CNNGB,Ningbo-Zhoushan,2020-08-19,2020-08-22,14,0.0,29.87,121.55,1
IMO9779800,Amad,Tankers,CNNGB,Ningbo-Zhoushan,2020-09-05,2020-09-08,14,0.0,29.87,121.55,2
IMO9779800,Amjad o/o,Tankers,CNNGB,Ningbo-Zhoushan,2025-06-24,2025-06-27,14,0.0,29.87,121.55,1
IMO9779812,Maharah,Tankers,CNNGB,Ningbo-Zhoushan,2019-11-13,2019-11-16,14,0.0,29.87,121.55,1
IMO9779824,Aslaf,Tankers,CNNGB,Ningbo-Zhoushan,2020-11-04,2020-11-07,14,0.0,29.87,121.55,1
IMO9779836,Rimthan,Tankers,SGSIN,Singapore,2021-02-11,2021-02-14,14,0.0,1.28,103.85,1
IMO9779836,Rimthan,Tankers,CNNGB,Ningbo-Zhoushan,2021-02-28,2021-03-03,14,1991.7,29.87,121.55,2
IMO9779836,Rimthan,Tankers,CNQDG,Qingdao,2021-03-17,2021-03-20,14,378.0,36.08,120.32,3
IMO9779836,Rimthan,Tankers,CNNGB,Ningbo-Zhoushan,2021-04-03,2021-04-06,14,378.0,29.87,121.55,4
IMO9779991,Gas Gemini,LPG,USHOU,Houston,2022-04-28,2022-05-01,0,0.0,29.74,-95.27,1
IMO9779991,Gas Gemini,LPG,USHOU,Houston,2022-11-17,2022-11-20,200,0.0,29.74,-95.27,2
IMO9779991,Gas Gemini,LPG,USHOU,Houston,2023-01-26,2023-01-29,67,0.0,29.74,-95.27,3
IMO9779991,Gas Gemini,LPG,USHOU,Houston,2023-11-09,2023-11-12,284,0.0,29.74,-95.27,4
IMO9780354,Hoegh Esperanza,LNG,AUGLT,Gladstone,2018-04-20,2018-04-23,0,0.0,-23.84,151.26,1
IMO9780354,Hoegh Esperanza,LNG,AUGLT,Gladstone,2018-05-07,2018-05-10,14,0.0,-23.84,151.26,2
IMO9780641,Crystal River,LPG,NGBON,Bonny,2019-12-12,2019-12-15,0,0.0,4.45,7.16,1
IMO9780641,Crystal River,LPG,USHOU,Houston,2022-04-21,2022-04-24,858,5914.1,29.74,-95.27,2
IMO9780641,Crystal River,LPG,USHOU,Houston,2022-08-04,2022-08-07,102,0.0,29.74,-95.27,3
IMO9780641,Crystal River,LPG,USHOU,Houston,2023-10-26,2023-10-29,445,0.0,29.74,-95.27,4
IMO9780641,Crystal River,LPG,AUDRW,Darwin,2024-01-18,2024-01-21,81,8046.2,-12.46,130.84,5
IMO9782522,Asian Progress Vi,Tankers,SGSIN,Singapore,2020-05-19,2020-05-22,0,0.0,1.28,103.85,1
IMO9782522,Asian Progress Vi,Tankers,CNQDG,Qingdao,2020-06-05,2020-06-08,14,2281.6,36.08,120.32,2
IMO9783332,Coshonour Lake,Tankers,CNQDG,Qingdao,2025-08-15,2025-08-18,14,0.0,36.08,120.32,1
IMO9783344,Landbridge Majesty,Tankers,SARRT,Ras Tanura,2019-06-25,2019-06-28,0,0.0,26.65,50.16,1
IMO9783344,Landbridge Majesty,Tankers,SGSIN,Singapore,2019-07-12,2019-07-15,14,3444.8,1.28,103.85,2
IMO9783344,Landbridge Majesty,Tankers,CNNGB,Ningbo-Zhoushan,2019-07-29,2019-08-01,14,1991.7,29.87,121.55,3
IMO9783344,Landbridge Majesty,Tankers,KWMFA,Mina Al Ahmadi,2021-10-07,2021-10-10,798,3765.1,29.07,48.15,4
IMO9783344,Sea Majesty,Tankers,SARRT,Ras Tanura,2022-08-11,2022-08-14,0,0.0,26.65,50.16,1
IMO9783344,Sea Majesty,Tankers,CNNGB,Ningbo-Zhoushan,2022-08-28,2022-08-31,14,3717.6,29.87,121.55,2
IMO9783356,Cosflourish Lake,Tankers,CNNGB,Ningbo-Zhoushan,2022-06-07,2022-06-10,14,0.0,29.87,121.55,1
IMO9783679,Khurais,Tankers,INSIK,Sikka / Jamnagar,2023-10-03,2023-10-06,14,0.0,22.43,69.84,1
IMO9783681,Lawhah,Tankers,SGSIN,Singapore,2019-11-28,2019-12-01,14,0.0,1.28,103.85,1
IMO9783681,Lawhah,Tankers,CNNGB,Ningbo-Zhoushan,2019-12-15,2019-12-18,14,1991.7,29.87,121.55,2
IMO9783681,Lawhah,Tankers,CNNGB,Ningbo-Zhoushan,2020-01-01,2020-01-04,14,0.0,29.87,121.55,3
IMO9783681,Lawhah,Tankers,INSIK,Sikka / Jamnagar,2020-01-18,2020-01-21,14,2799.7,22.43,69.84,4
IMO9783681,Lawhah,Tankers,CNNGB,Ningbo-Zhoushan,2020-02-04,2020-02-07,14,2799.7,29.87,121.55,5
IMO9783681,Lawhah (Motiva),Tankers,CNNGB,Ningbo-Zhoushan,2021-10-27,2021-10-30,14,0.0,29.87,121.55,1
IMO9783708,Qamran o/o,Tankers,KRUSN,Ulsan,2019-10-28,2019-10-31,14,0.0,35.5,129.38,1
IMO9783708,Qamran o/o,Tankers,INSIK,Sikka / Jamnagar,2019-11-14,2019-11-17,14,3176.8,22.43,69.84,2
IMO9783708,Qamran,Tankers,CNNGB,Ningbo-Zhoushan,2020-08-21,2020-08-24,14,0.0,29.87,121.55,1
IMO9783708,Qamran,Tankers,CNNGB,Ningbo-Zhoushan,2020-09-07,2020-09-10,14,0.0,29.87,121.55,2
IMO9783708,Qamran,Tankers,KRUSN,Ulsan,2020-09-24,2020-09-27,14,520.1,35.5,129.38,3
IMO9783710,KASSAB,Tankers,SARRT,Ras Tanura,2025-07-24,2025-07-27,0,0.0,26.65,50.16,1
IMO9783722,Seatriumph (17) o/o Seahero (06),Tankers,SARRT,Ras Tanura,2019-10-02,2019-10-05,0,0.0,26.65,50.16,1
IMO9783722,Seatriumph,Tankers,KRUSN,Ulsan,2022-04-05,2022-04-08,14,0.0,35.5,129.38,1
IMO9783722,Seatriumph,Tankers,SGSIN,Singapore,2022-04-22,2022-04-25,14,2499.7,1.28,103.85,2
IMO9783722,Seatriumph,Tankers,KWMFA,Mina Al Ahmadi,2022-10-07,2022-10-10,165,3589.4,29.07,48.15,3
IMO9783722,Seatriumph,Tankers,CNNGB,Ningbo-Zhoushan,2022-10-24,2022-10-27,14,3765.1,29.87,121.55,4
IMO9783722,Seatriumph,Tankers,CNNGB,Ningbo-Zhoushan,2022-11-10,2022-11-13,14,0.0,29.87,121.55,5
IMO9783734,Seapassion,Tankers,CNNGB,Ningbo-Zhoushan,2020-01-31,2020-02-03,14,0.0,29.87,121.55,1
IMO9783734,Seapassion,Tankers,CNNGB,Ningbo-Zhoushan,2020-02-17,2020-02-20,14,0.0,29.87,121.55,2
IMO9783734,Seapassion,Tankers,CNNGB,Ningbo-Zhoushan,2020-03-05,2020-03-08,14,0.0,29.87,121.55,3
IMO9783734,Seapassion,Tankers,CNNGB,Ningbo-Zhoushan,2020-03-22,2020-03-25,14,0.0,29.87,121.55,4
IMO9784013,Neptune Moon,Tankers,INSIK,Sikka / Jamnagar,2019-04-26,2019-04-29,0,0.0,22.43,69.84,1
IMO9784013,Neptune Moon,Tankers,CNNGB,Ningbo-Zhoushan,2019-05-13,2019-05-16,14,2799.7,29.87,121.55,2
IMO9784013,Neptune Moon,Tankers,USCRP,Corpus Christi,2019-12-20,2019-12-23,218,6686.1,27.81,-97.39,3
IMO9784013,Neptune Moon,Tankers,SGSIN,Singapore,2020-01-06,2020-01-09,14,8673.9,1.28,103.85,4
IMO9784013,Neptune Moon,Tankers,SAYNB,Yanbu,2022-04-20,2022-04-23,832,4050.1,24.09,38.06,5
IMO9784013,Neptune Moon,Tankers,DZAZW,Arzew,2024-08-02,2024-08-05,832,2101.2,35.85,-0.31,6
IMO9784013,Neptune Moon,Tankers,ZASDB,Saldanha Bay,2024-08-19,2024-08-22,14,4260.3,-33.02,17.95,7
IMO9784025,Pluto Moon,Tankers,DZAZW,Arzew,2019-11-20,2019-11-23,0,0.0,35.85,-0.31,1
IMO9784025,Pluto Moon,Tankers,NLRTM,Rotterdam,2019-12-07,2019-12-10,14,986.2,51.92,4.47,2
IMO9784025,Pluto Moon,Tankers,NLRTM,Rotterdam,2019-12-24,2019-12-27,14,0.0,51.92,4.47,3
IMO9784025,Pluto Moon,Tankers,DZAZW,Arzew,2020-06-09,2020-06-12,165,986.2,35.85,-0.31,4
IMO9784025,Pluto Moon,Tankers,KRUSN,Ulsan,2020-06-26,2020-06-29,14,5683.7,35.5,129.38,5
IMO9784025,Pluto Moon,Tankers,ZASDB,Saldanha Bay,2020-07-13,2020-07-16,14,7472.7,-33.02,17.95,6
IMO9784266,Solvang tbn (Clipper Eirene OOS),LPG,USHOU,Houston,2021-05-20,2021-05-23,0,0.0,29.74,-95.27,1
IMO9784386,Arosa,Tankers,SARRT,Ras Tanura,2019-11-28,2019-12-01,0,0.0,26.65,50.16,1
IMO9784386,Arosa,Tankers,SARRT,Ras Tanura,2022-01-24,2022-01-27,785,0.0,26.65,50.16,2
IMO9784386,Arosa,Tankers,SARRT,Ras Tanura,2022-07-18,2022-07-21,172,0.0,26.65,50.16,3
IMO9784386,Arosa,Tankers,CNNGB,Ningbo-Zhoushan,2022-08-04,2022-08-07,14,3717.6,29.87,121.55,4
IMO9784386,Arosa,Tankers,CNNGB,Ningbo-Zhoushan,2022-08-21,2022-08-24,14,0.0,29.87,121.55,5
IMO9784386,Arosa,Tankers,SARRT,Ras Tanura,2024-09-03,2024-09-06,741,3717.6,26.65,50.16,6
IMO9784386,Arosa,Tankers,CNQDG,Qingdao,2024-09-20,2024-09-23,14,3565.3,36.08,120.32,7
IMO9785225,Minerva Kalypso,Tankers,SGSIN,Singapore,2018-03-13,2018-03-16,14,0.0,1.28,103.85,1
IMO9785225,Minerva Kalypso,Tankers,SAYNB,Yanbu,2018-07-05,2018-07-08,111,4050.1,24.09,38.06,2
IMO9785225,Minerva Kalypso,Tankers,AEFJR,Fujairah,2018-07-22,2018-07-25,14,999.0,25.13,56.34,3
IMO9785225,Minerva Kalypso,Tankers,NLRTM,Rotterdam,2020-07-02,2020-07-05,708,2835.7,51.92,4.47,4
IMO9785225,Minerva Kalypso,Tankers,SGSIN,Singapore,2020-07-19,2020-07-22,14,5689.2,1.28,103.85,5
IMO9785225,Minerva Kalypso,Tankers,SGSIN,Singapore,2020-08-05,2020-08-08,14,0.0,1.28,103.85,6
IMO9785225,Minerva Kalypso,Tankers,SAYNB,Yanbu,2020-10-19,2020-10-22,72,4050.1,24.09,38.06,7
IMO9785225,Minerva Kalypso,Tankers,SGSIN,Singapore,2020-11-05,2020-11-08,14,4050.1,1.28,103.85,8
IMO9785225,Minerva Kalypso,Tankers,DZAZW,Arzew,2021-05-26,2021-05-29,199,6044.3,35.85,-0.31,9
IMO9785225,Minerva Kalypso,Tankers,SGSIN,Singapore,2021-06-12,2021-06-15,14,6044.3,1.28,103.85,10
IMO9785225,Minerva Kalypso,Tankers,SARRT,Ras Tanura,2022-01-07,2022-01-10,206,3444.8,26.65,50.16,11
IMO9785225,Minerva Kalypso,Tankers,DZAZW,Arzew,2022-11-24,2022-11-27,318,2619.7,35.85,-0.31,12
IMO9785225,Minerva Kalypso,Tankers,CNNGB,Ningbo-Zhoushan,2022-12-11,2022-12-14,14,5676.8,29.87,121.55,13
IMO9785237,Minerva Evropi,Tankers,INSIK,Sikka / Jamnagar,2021-05-03,2021-05-06,14,0.0,22.43,69.84,1
IMO9785237,Minerva Evropi,Tankers,INSIK,Sikka / Jamnagar,2021-05-20,2021-05-23,14,0.0,22.43,69.84,2
IMO9785237,Minerva Evropi,Tankers,AEFJR,Fujairah,2026-08-21,2026-08-24,1916,758.9,25.13,56.34,3
IMO9785823,Monte Udala,Tankers,SGSIN,Singapore,2018-05-03,2018-05-06,14,0.0,1.28,103.85,1
IMO9785823,Monte Udala,Tankers,CNNGB,Ningbo-Zhoushan,2018-05-20,2018-05-23,14,1991.7,29.87,121.55,2
IMO9785823,Monte Udala,Tankers,CNNGB,Ningbo-Zhoushan,2018-06-06,2018-06-09,14,0.0,29.87,121.55,3
IMO9785823,Monte Udala,Tankers,SAYNB,Yanbu,2020-01-02,2020-01-05,572,4380.6,24.09,38.06,4
IMO9785823,Monte Udala,Tankers,DZAZW,Arzew,2023-01-18,2023-01-21,1109,2101.2,35.85,-0.31,5
IMO9785823,Monte Udala,Tankers,DZAZW,Arzew,2024-05-21,2024-05-24,486,0.0,35.85,-0.31,6
IMO9785823,Monte Udala,Tankers,DZAZW,Arzew,2025-05-12,2025-05-15,353,0.0,35.85,-0.31,7
IMO9785835,Monte Urbasa,Tankers,CNNGB,Ningbo-Zhoushan,2019-09-23,2019-09-26,14,0.0,29.87,121.55,1
IMO9785835,Monte Urbasa,Tankers,NLRTM,Rotterdam,2019-10-10,2019-10-13,14,4890.7,51.92,4.47,2
IMO9785835,Monte Urbasa,Tankers,DZAZW,Arzew,2022-03-03,2022-03-06,872,986.2,35.85,-0.31,3
IMO9785835,Monte Urbasa,Tankers,DZAZW,Arzew,2022-06-24,2022-06-27,110,0.0,35.85,-0.31,4
IMO9785835,Monte Urbasa,Tankers,DZAZW,Arzew,2022-09-16,2022-09-19,81,0.0,35.85,-0.31,5
IMO9785835,Monte Urbasa,Tankers,DZAZW,Arzew,2022-10-14,2022-10-17,25,0.0,35.85,-0.31,6
IMO9785835,Monte Urbasa,Tankers,DZAZW,Arzew,2022-10-26,2022-10-29,9,0.0,35.85,-0.31,7
IMO9785835,Monte Urbasa,Tankers,DZAZW,Arzew,2023-07-21,2023-07-24,265,0.0,35.85,-0.31,8
IMO9785835,Monte Urbasa,Tankers,NGBON,Bonny,2023-11-06,2023-11-09,105,1930.1,4.45,7.16,9
IMO9785835,Monte Urbasa,Tankers,DZAZW,Arzew,2024-12-10,2024-12-13,397,1930.1,35.85,-0.31,10
IMO9787921,Pacific Dongying,LPG,SAYNB,Yanbu,2019-11-14,2019-11-17,0,0.0,24.09,38.06,1
IMO9787986,Karekare,Tankers,CNNGB,Ningbo-Zhoushan,2018-11-22,2018-11-25,14,0.0,29.87,121.55,1
IMO9787986,Karekare,Tankers,NLRTM,Rotterdam,2021-04-16,2021-04-19,873,4890.7,51.92,4.47,2
IMO9787986,Karekare,Tankers,SAYNB,Yanbu,2022-01-25,2022-01-28,281,2268.6,24.09,38.06,3
IMO9787986,Karekare,Tankers,AEFJR,Fujairah,2022-12-02,2022-12-05,308,999.0,25.13,56.34,4
IMO9788319,Copernicus,LPG,AUDRW,Darwin,2019-07-11,2019-07-14,0,0.0,-12.46,130.84,1
IMO9788319,Copernicus,LPG,SARRT,Ras Tanura,2021-04-22,2021-04-25,648,5250.3,26.65,50.16,2
IMO9788319,Copernicus,LPG,USHOU,Houston,2021-10-28,2021-10-31,186,6881.5,29.74,-95.27,3
IMO9788319,Copernicus,LPG,USHOU,Houston,2022-01-07,2022-01-10,68,0.0,29.74,-95.27,4
IMO9788319,Copernicus,LPG,USHOU,Houston,2023-02-23,2023-02-26,409,0.0,29.74,-95.27,5
IMO9788319,Copernicus,LPG,USHOU,Houston,2023-06-22,2023-06-25,116,0.0,29.74,-95.27,6
IMO9788319,Copernicus,LPG,USHOU,Houston,2023-08-31,2023-09-03,67,0.0,29.74,-95.27,7
IMO9788320,Front Earl,Tankers,KRUSN,Ulsan,2023-08-21,2023-08-24,14,0.0,35.5,129.38,1
IMO9788332,Front Empire,Tankers,SARRT,Ras Tanura,2020-06-12,2020-06-15,0,0.0,26.65,50.16,1
IMO9788332,Front Empire,Tankers,SGSIN,Singapore,2020-06-29,2020-07-02,14,3444.8,1.28,103.85,2
IMO9788332,Front Empire,Tankers,SARRT,Ras Tanura,2025-05-13,2025-05-16,1776,3444.8,26.65,50.16,3
IMO9788332,Front Empire,Tankers,AEFJR,Fujairah,2026-07-07,2026-07-10,417,346.0,25.13,56.34,4
IMO9788708,Ottoman Courtesy,Tankers,DZAZW,Arzew,2018-10-03,2018-10-06,0,0.0,35.85,-0.31,1
IMO9788708,Ottoman Courtesy,Tankers,NLRTM,Rotterdam,2021-12-10,2021-12-13,1161,986.2,51.92,4.47,2
IMO9788708,Ottoman Courtesy,Tankers,INSIK,Sikka / Jamnagar,2021-12-27,2021-12-30,14,3449.7,22.43,69.84,3
IMO9788708,Ottoman Courtesy,Tankers,NLRTM,Rotterdam,2024-07-03,2024-07-06,916,3449.7,51.92,4.47,4
IMO9788708,Ottoman Courtesy,Tankers,CNNGB,Ningbo-Zhoushan,2024-07-20,2024-07-23,14,4890.7,29.87,121.55,5
IMO9788708,Ottoman Courtesy,Tankers,CNNGB,Ningbo-Zhoushan,2024-08-06,2024-08-09,14,0.0,29.87,121.55,6
IMO9788708,Ottoman Courtesy,Tankers,CNNGB,Ningbo-Zhoushan,2024-08-23,2024-08-26,14,0.0,29.87,121.55,7
IMO9788710,Ottoman Sincerity,Tankers,QARLF,Ras Laffan,2020-04-21,2020-04-24,0,0.0,25.92,51.53,1
IMO9788710,Ottoman Sincerity,Tankers,DZAZW,Arzew,2021-08-05,2021-08-08,468,2705.1,35.85,-0.31,2
IMO9788710,Ottoman Sincerity,Tankers,INSIK,Sikka / Jamnagar,2021-08-22,2021-08-25,14,3689.7,22.43,69.84,3
IMO9788710,Ottoman Sincerity,Tankers,DZAZW,Arzew,2023-03-23,2023-03-26,575,3689.7,35.85,-0.31,4
IMO9788710,Ottoman Sincerity,Tankers,SARRT,Ras Tanura,2024-03-14,2024-03-17,354,2619.7,26.65,50.16,5
IMO9788710,Ottoman Sincerity,Tankers,NLRTM,Rotterdam,2024-03-31,2024-04-03,14,2547.4,51.92,4.47,6
IMO9788710,Ottoman Sincerity,Tankers,INSIK,Sikka / Jamnagar,2024-04-17,2024-04-20,14,3449.7,22.43,69.84,7
IMO9788710,Ottoman Sincerity,Tankers,NGBON,Bonny,2026-01-30,2026-02-02,650,3788.1,4.45,7.16,8
IMO9788875,Caribbean Glory,Tankers,CNNGB,Ningbo-Zhoushan,2022-05-12,2022-05-15,14,0.0,29.87,121.55,1
IMO9788887,Gulf Sunrise,Tankers,SARRT,Ras Tanura,2019-08-07,2019-08-10,0,0.0,26.65,50.16,1
IMO9788887,Gulf Sunrise,Tankers,CNNGB,Ningbo-Zhoushan,2019-08-24,2019-08-27,14,3717.6,29.87,121.55,2
IMO9788887,Gulf Sunrise,Tankers,CNNGB,Ningbo-Zhoushan,2019-09-10,2019-09-13,14,0.0,29.87,121.55,3
IMO9788887,Gulf Sunrise (MARATHON),Tankers,SARRT,Ras Tanura,2020-09-28,2020-10-01,0,0.0,26.65,50.16,1
IMO9788899,Front Prince,Tankers,KWMFA,Mina Al Ahmadi,2019-10-08,2019-10-11,0,0.0,29.07,48.15,1
IMO9788899,Front Prince,Tankers,KRUSN,Ulsan,2019-10-25,2019-10-28,14,4023.0,35.5,129.38,2
IMO9788904,Front Princess,Tankers,CNQDG,Qingdao,2025-11-06,2025-11-09,14,0.0,36.08,120.32,1
IMO9789271,Melody Hope,Tankers,KRUSN,Ulsan,2023-06-26,2023-06-29,14,0.0,35.5,129.38,1
IMO9789271,Melody Hope,Tankers,ZASDB,Saldanha Bay,2023-07-13,2023-07-16,14,7472.7,-33.02,17.95,2
IMO9789271,Melody Hope,Tankers,ZASDB,Saldanha Bay,2023-07-30,2023-08-02,14,0.0,-33.02,17.95,3
IMO9789283,Morning Hope,Tankers,SARRT,Ras Tanura,2023-02-07,2023-02-10,0,0.0,26.65,50.16,1
IMO9789283,Morning Hope,Tankers,KWMFA,Mina Al Ahmadi,2025-01-21,2025-01-24,711,180.3,29.07,48.15,2
IMO9789283,Morning Hope,Tankers,AEFJR,Fujairah,2026-09-02,2026-09-05,586,497.4,25.13,56.34,3
IMO9789712,Chinagas Glory,LPG,USHOU,Houston,2021-11-04,2021-11-07,0,0.0,29.74,-95.27,1
IMO9789712,Chinagas Glory,LPG,USHOU,Houston,2023-02-23,2023-02-26,473,0.0,29.74,-95.27,2
IMO9789712,Chinagas Glory,LPG,SAYNB,Yanbu,2023-03-16,2023-03-19,18,6602.3,24.09,38.06,3
IMO9789712,Chinagas Glory,LPG,USHOU,Houston,2023-07-06,2023-07-09,109,6602.3,29.74,-95.27,4
IMO9789712,Chinagas Glory,LPG,USHOU,Houston,2023-09-21,2023-09-24,74,0.0,29.74,-95.27,5
IMO9790270,Maran Ajax,Tankers,SGSIN,Singapore,2021-05-20,2021-05-23,14,0.0,1.28,103.85,1
IMO9790270,Maran Ajax,Tankers,SGSIN,Singapore,2021-06-06,2021-06-09,14,0.0,1.28,103.85,2
IMO9790270,Maran Ajax,Tankers,CNNGB,Ningbo-Zhoushan,2021-06-23,2021-06-26,14,1991.7,29.87,121.55,3
IMO9790270,Maran Ajax,Tankers,CNNGB,Ningbo-Zhoushan,2021-07-10,2021-07-13,14,0.0,29.87,121.55,4
IMO9790270,Maran Ajax,Tankers,AEFJR,Fujairah,2026-07-31,2026-08-03,1844,3438.5,25.13,56.34,5
IMO9790971,Seavision,Tankers,CNNGB,Ningbo-Zhoushan,2018-10-23,2018-10-26,14,0.0,29.87,121.55,1
IMO9790971,Seavision,Tankers,SARRT,Ras Tanura,2019-01-16,2019-01-19,82,3717.6,26.65,50.16,2
IMO9790971,Seavision,Tankers,SGSIN,Singapore,2019-02-02,2019-02-05,14,3444.8,1.28,103.85,3
IMO9790971,Seavision,Tankers,DZAZW,Arzew,2019-11-28,2019-12-01,296,6044.3,35.85,-0.31,4
IMO9790971,Seavision,Tankers,INSIK,Sikka / Jamnagar,2019-12-15,2019-12-18,14,3689.7,22.43,69.84,5
IMO9790971,Seavision,Tankers,SARRT,Ras Tanura,2020-01-10,2020-01-13,23,1103.0,26.65,50.16,6
IMO9790971,Seavision,Tankers,SARRT,Ras Tanura,2020-02-21,2020-02-24,39,0.0,26.65,50.16,7
IMO9790971,Seavision,Tankers,SARRT,Ras Tanura,2023-06-02,2023-06-05,1194,0.0,26.65,50.16,8
IMO9790971,Seavision,Tankers,AEFJR,Fujairah,2023-06-19,2023-06-22,14,346.0,25.13,56.34,9
IMO9790983,Seaviolet,Tankers,SGSIN,Singapore,2018-02-14,2018-02-17,0,0.0,1.28,103.85,1
IMO9790983,Seaviolet,Tankers,NLRTM,Rotterdam,2018-07-26,2018-07-29,159,5689.2,51.92,4.47,2
IMO9790983,Seaviolet,Tankers,SGSIN,Singapore,2018-08-12,2018-08-15,14,5689.2,1.28,103.85,3
IMO9790983,Seaviolet,Tankers,CNNGB,Ningbo-Zhoushan,2018-08-29,2018-09-01,14,1991.7,29.87,121.55,4
IMO9790983,Seaviolet,Tankers,AEFJR,Fujairah,2019-02-18,2019-02-21,170,3438.5,25.13,56.34,5
IMO9790983,Seaviolet,Tankers,CNNGB,Ningbo-Zhoushan,2019-03-07,2019-03-10,14,3438.5,29.87,121.55,6
IMO9790983,Seaviolet,Tankers,SARRT,Ras Tanura,2019-12-12,2019-12-15,277,3717.6,26.65,50.16,7
IMO9790983,Seaviolet,Tankers,SARRT,Ras Tanura,2020-05-27,2020-05-30,164,0.0,26.65,50.16,8
IMO9790983,Seaviolet,Tankers,SGSIN,Singapore,2020-06-13,2020-06-16,14,3444.8,1.28,103.85,9
IMO9790983,Seaviolet,Tankers,NLRTM,Rotterdam,2021-06-02,2021-06-05,351,5689.2,51.92,4.47,10
IMO9790983,Seaviolet,Tankers,SGSIN,Singapore,2021-06-19,2021-06-22,14,5689.2,1.28,103.85,11
IMO9790983,Seaviolet,Tankers,SARRT,Ras Tanura,2021-07-30,2021-08-02,38,3444.8,26.65,50.16,12
IMO9790983,Seaviolet,Tankers,SARRT,Ras Tanura,2021-08-03,2021-08-06,1,0.0,26.65,50.16,13
IMO9790983,Seaviolet,Tankers,SARRT,Ras Tanura,2021-09-28,2021-10-01,53,0.0,26.65,50.16,14
IMO9790983,Seaviolet,Tankers,CNNGB,Ningbo-Zhoushan,2021-10-15,2021-10-18,14,3717.6,29.87,121.55,15
IMO9790983,Seaviolet,Tankers,CNNGB,Ningbo-Zhoushan,2021-11-01,2021-11-04,14,0.0,29.87,121.55,16
IMO9790983,Seaviolet,Tankers,INSIK,Sikka / Jamnagar,2021-11-18,2021-11-21,14,2799.7,22.43,69.84,17
IMO9790983,Seaviolet,Tankers,DZAZW,Arzew,2026-06-02,2026-06-05,1654,3689.7,35.85,-0.31,18
IMO9791145,Kimolos,Tankers,SGSIN,Singapore,2019-07-04,2019-07-07,14,0.0,1.28,103.85,1
IMO9791145,Kimolos,Tankers,SGSIN,Singapore,2019-07-21,2019-07-24,14,0.0,1.28,103.85,2
IMO9791145,Kimolos,Tankers,NLRTM,Rotterdam,2019-08-07,2019-08-10,14,5689.2,51.92,4.47,3
IMO9791145,Kimolos,Tankers,DZAZW,Arzew,2026-06-11,2026-06-14,2497,986.2,35.85,-0.31,4
IMO9791200,Shinshu Maru,LNG,QARLF,Ras Laffan,2019-04-18,2019-04-21,0,0.0,25.92,51.53,1
IMO9791200,Shinshu Maru,LNG,USSPG,Sabine Pass,2019-04-30,2019-05-03,1,6917.9,29.73,-93.87,3
IMO9791200,Shinshu Maru,LNG,QARLF,Ras Laffan,2019-05-05,2019-05-08,14,0.0,25.92,51.53,2
IMO9791200,Shinshu Maru,LNG,USSPG,Sabine Pass,2019-05-17,2019-05-20,14,0.0,29.73,-93.87,4
IMO9791236,Coslucky Lake,Tankers,KWMFA,Mina Al Ahmadi,2020-05-04,2020-05-07,0,0.0,29.07,48.15,1
IMO9791236,Coslucky Lake,Tankers,SARRT,Ras Tanura,2023-01-30,2023-02-02,998,180.3,26.65,50.16,2
IMO9791236,Coslucky Lake,Tankers,KRUSN,Ulsan,2023-02-16,2023-02-19,14,4000.9,35.5,129.38,3
IMO9791236,Coslucky Lake,Tankers,KWMFA,Mina Al Ahmadi,2025-11-14,2025-11-17,999,4023.0,29.07,48.15,4
IMO9792187,Chios I,Tankers,DZAZW,Arzew,2019-06-27,2019-06-30,0,0.0,35.85,-0.31,1
IMO9792187,Chios I,Tankers,INSIK,Sikka / Jamnagar,2019-07-14,2019-07-17,14,3689.7,22.43,69.84,2
IMO9792187,Chios I,Tankers,SARRT,Ras Tanura,2019-09-26,2019-09-29,71,1103.0,26.65,50.16,3
IMO9792187,Chios I,Tankers,SGSIN,Singapore,2019-10-13,2019-10-16,14,3444.8,1.28,103.85,4
IMO9792187,Chios I,Tankers,INSIK,Sikka / Jamnagar,2019-10-30,2019-11-02,14,2355.7,22.43,69.84,5
IMO9792187,Chios I,Tankers,INSIK,Sikka / Jamnagar,2019-11-16,2019-11-19,14,0.0,22.43,69.84,6
IMO9792187,Chios I,Tankers,INSIK,Sikka / Jamnagar,2019-12-03,2019-12-06,14,0.0,22.43,69.84,7
IMO9792187,Chios I,Tankers,INSIK,Sikka / Jamnagar,2019-12-20,2019-12-23,14,0.0,22.43,69.84,8
IMO9792187,Chios I,Tankers,INSIK,Sikka / Jamnagar,2020-01-06,2020-01-09,14,0.0,22.43,69.84,9
IMO9792187,Chios I,Tankers,INSIK,Sikka / Jamnagar,2020-01-23,2020-01-26,14,0.0,22.43,69.84,10
IMO9792187,Dynacom Tbn,Tankers,CNNGB,Ningbo-Zhoushan,2021-03-02,2021-03-05,14,0.0,29.87,121.55,1
IMO9792187,Dynacom Tbn,Tankers,INSIK,Sikka / Jamnagar,2021-03-19,2021-03-22,14,2799.7,22.43,69.84,2
IMO9792187,Dynacom Tbn,Tankers,INSIK,Sikka / Jamnagar,2021-04-05,2021-04-08,14,0.0,22.43,69.84,3
IMO9792187,Dynacom Tbn,Tankers,INSIK,Sikka / Jamnagar,2021-04-22,2021-04-25,14,0.0,22.43,69.84,4
IMO9792187,Chios I,Tankers,SARRT,Ras Tanura,2023-03-28,2023-03-31,1157,1103.0,26.65,50.16,11
IMO9792187,Dynacom Tbn,Tankers,SGSIN,Singapore,2024-02-02,2024-02-05,1013,2355.7,1.28,103.85,5
IMO9792187,Dynacom Tbn,Tankers,SGSIN,Singapore,2024-02-19,2024-02-22,14,0.0,1.28,103.85,6
IMO9792187,Dynacom Tbn,Tankers,AEFJR,Fujairah,2024-03-07,2024-03-10,14,3099.3,25.13,56.34,7
IMO9792187,Dynacom Tbn,Tankers,SARRT,Ras Tanura,2024-06-25,2024-06-28,107,346.0,26.65,50.16,8
IMO9792187,Dynacom Tbn,Tankers,AEFJR,Fujairah,2024-07-12,2024-07-15,14,346.0,25.13,56.34,9
IMO9792187,Dynacom Tbn,Tankers,AEFJR,Fujairah,2024-10-03,2024-10-06,80,0.0,25.13,56.34,10
IMO9792187,Dynacom Tbn,Tankers,SARRT,Ras Tanura,2025-03-20,2025-03-23,165,346.0,26.65,50.16,11
IMO9792187,Dynacom Tbn,Tankers,SARRT,Ras Tanura,2025-05-29,2025-06-01,67,0.0,26.65,50.16,13
IMO9792187,Dynacom Tbn,Tankers,INSIK,Sikka / Jamnagar,2025-06-15,2025-06-18,14,1103.0,22.43,69.84,14
IMO9792187,Dynacom Tbn,Tankers,SGSIN,Singapore,2025-07-16,2025-07-19,28,2355.7,1.28,103.85,15
IMO9792187,Dynacom Tbn,Tankers,SGSIN,Singapore,2025-10-29,2025-11-01,102,0.0,1.28,103.85,16
IMO9792187,Chios I,Tankers,RUPRI,Primorsk,2026-01-12,2026-01-15,1018,2208.2,60.36,28.61,12
IMO9792187,Chios I,Tankers,AEFJR,Fujairah,2026-06-22,2026-06-25,158,2405.0,25.13,56.34,13
IMO9792187,Dynacom Tbn,Tankers,AEFJR,Fujairah,2026-07-15,2026-07-18,256,3099.3,25.13,56.34,17
IMO9792187,Dynacom Tbn,Tankers,SAYNB,Yanbu,2026-08-07,2026-08-10,20,999.0,24.09,38.06,18
IMO9792187,Dynacom Tbn,Tankers,SAYNB,Yanbu,2026-08-27,2026-08-30,17,0.0,24.09,38.06,19
IMO9792187,Dynacom Tbn,Tankers,AEFJR,Fujairah,2026-09-02,2026-09-05,1,758.9,25.13,56.34,21
IMO9792187,Dynacom Tbn,Tankers,INSIK,Sikka / Jamnagar,2026-09-13,2026-09-16,14,1752.1,22.43,69.84,20
IMO9792228,Samsara,Tankers,SGSIN,Singapore,2018-06-07,2018-06-10,14,0.0,1.28,103.85,1
IMO9792228,Samsara,Tankers,CNNGB,Ningbo-Zhoushan,2018-06-24,2018-06-27,14,1991.7,29.87,121.55,2
IMO9792228,Samsara,Tankers,AEFJR,Fujairah,2018-07-11,2018-07-14,14,3438.5,25.13,56.34,3
IMO9792266,Leicester,Tankers,SGSIN,Singapore,2020-12-30,2021-01-02,14,0.0,1.28,103.85,1
IMO9792266,Leicester,Tankers,CNNGB,Ningbo-Zhoushan,2021-01-16,2021-01-19,14,1991.7,29.87,121.55,2
IMO9792266,Leicester,Tankers,CNNGB,Ningbo-Zhoushan,2021-02-02,2021-02-05,14,0.0,29.87,121.55,3
IMO9792266,Leicester o/o,Tankers,CNQDG,Qingdao,2025-06-30,2025-07-03,14,0.0,36.08,120.32,1
IMO9792335,Happy Kestrel ,LPG,USHOU,Houston,2021-10-21,2021-10-24,0,0.0,29.74,-95.27,1
IMO9792335,Happy Kestrel,LPG,USHOU,Houston,2022-02-17,2022-02-20,0,0.0,29.74,-95.27,1
IMO9792335,Happy Kestrel,LPG,USHOU,Houston,2023-12-07,2023-12-10,655,0.0,29.74,-95.27,2
IMO9792474,Elandra Eagle,Tankers,CNNGB,Ningbo-Zhoushan,2019-05-08,2019-05-11,14,0.0,29.87,121.55,1
IMO9792474,Elandra Eagle,Tankers,CNNGB,Ningbo-Zhoushan,2019-05-25,2019-05-28,14,0.0,29.87,121.55,2
IMO9792474,Elandra Eagle,Tankers,DZAZW,Arzew,2019-10-09,2019-10-12,134,5676.8,35.85,-0.31,3
IMO9792474,Elandra Eagle,Tankers,AEFJR,Fujairah,2019-10-26,2019-10-29,14,2959.8,25.13,56.34,4
IMO9792474,Elandra Eagle,Tankers,CNQDG,Qingdao,2019-11-12,2019-11-15,14,3312.7,36.08,120.32,5
IMO9792474,Elandra Eagle,Tankers,CNNGB,Ningbo-Zhoushan,2019-11-29,2019-12-02,14,378.0,29.87,121.55,6
IMO9792474,Elandra Eagle,Tankers,CNNGB,Ningbo-Zhoushan,2019-12-16,2019-12-19,14,0.0,29.87,121.55,7
IMO9792474,Elandra Eagle,Tankers,AEFJR,Fujairah,2026-08-11,2026-08-14,2427,3438.5,25.13,56.34,8
IMO9792486,Elandra Falcon,Tankers,CNNGB,Ningbo-Zhoushan,2019-09-05,2019-09-08,14,0.0,29.87,121.55,1
IMO9792486,Elandra Falcon,Tankers,NLRTM,Rotterdam,2019-09-22,2019-09-25,14,4890.7,51.92,4.47,2
IMO9792486,Elandra Falcon,Tankers,NGBON,Bonny,2020-07-30,2020-08-02,309,2853.3,4.45,7.16,3
IMO9792486,Elandra Falcon,Tankers,SGSIN,Singapore,2020-08-16,2020-08-19,14,5798.0,1.28,103.85,4
IMO9792486,Elandra Falcon,Tankers,NLRTM,Rotterdam,2020-09-02,2020-09-05,14,5689.2,51.92,4.47,5
IMO9792486,Elandra Falcon,Tankers,CNNGB,Ningbo-Zhoushan,2020-09-19,2020-09-22,14,4890.7,29.87,121.55,6
IMO9792486,Elandra Falcon,Tankers,SGSIN,Singapore,2020-10-06,2020-10-09,14,1991.7,1.28,103.85,7
IMO9792486,Elandra Falcon,Tankers,ZASDB,Saldanha Bay,2020-10-23,2020-10-26,14,5239.3,-33.02,17.95,8
IMO9792486,Elandra Falcon,Tankers,INSIK,Sikka / Jamnagar,2020-11-09,2020-11-12,14,4461.7,22.43,69.84,9
IMO9792541,Fontana,Tankers,SGSIN,Singapore,2018-07-10,2018-07-13,14,0.0,1.28,103.85,1
IMO9792541,Fontana,Tankers,AEFJR,Fujairah,2018-07-27,2018-07-30,14,3099.3,25.13,56.34,2
IMO9792541,Fontana,Tankers,KRUSN,Ulsan,2018-08-13,2018-08-16,14,3753.1,35.5,129.38,3
IMO9792541,Fontana,Tankers,AEFJR,Fujairah,2022-09-11,2022-09-14,1487,3753.1,25.13,56.34,4
IMO9792541,Fontana,Tankers,INSIK,Sikka / Jamnagar,2022-09-28,2022-10-01,14,758.9,22.43,69.84,5
IMO9792541,Fontana,Tankers,INSIK,Sikka / Jamnagar,2022-10-15,2022-10-18,14,0.0,22.43,69.84,6
IMO9792591,BW Magna,LNG,AUGLT,Gladstone,2019-03-14,2019-03-17,0,0.0,-23.84,151.26,1
IMO9792591,BW Magna,LNG,AUGLT,Gladstone,2019-03-31,2019-04-03,14,0.0,-23.84,151.26,2
IMO9792606,BW Pavilion Aranda,LNG,USSPG,Sabine Pass,2019-10-31,2019-11-03,0,0.0,29.73,-93.87,1
IMO9792606,BW Pavilion Aranda,LNG,USSPG,Sabine Pass,2019-11-17,2019-11-20,14,0.0,29.73,-93.87,2
IMO9792606,BW Pavilion Aranda,LNG,USSPG,Sabine Pass,2020-12-15,2020-12-18,391,0.0,29.73,-93.87,3
IMO9792606,BW Pavilion Aranda,LNG,USSPG,Sabine Pass,2021-01-01,2021-01-04,14,0.0,29.73,-93.87,4
IMO9793631,Emilius OOS ,LPG,USHOU,Houston,2022-04-01,2022-04-04,0,0.0,29.74,-95.27,1
IMO9793741,Gem No. 5,Tankers,SGSIN,Singapore,2021-08-09,2021-08-12,14,0.0,1.28,103.85,1
IMO9793741,Gem No. 5,Tankers,KWMFA,Mina Al Ahmadi,2021-12-17,2021-12-20,127,3589.4,29.07,48.15,2
IMO9793741,Gem No. 5,Tankers,SARRT,Ras Tanura,2024-08-13,2024-08-16,967,180.3,26.65,50.16,3
IMO9793741,Gem No. 5,Tankers,INSIK,Sikka / Jamnagar,2024-08-30,2024-09-02,14,1103.0,22.43,69.84,4
IMO9793753,Folegandros,Tankers,SGSIN,Singapore,2019-02-05,2019-02-08,14,0.0,1.28,103.85,1
IMO9793753,Folegandros,Tankers,SGSIN,Singapore,2019-02-22,2019-02-25,14,0.0,1.28,103.85,2
IMO9793753,Folegandros,Tankers,SGSIN,Singapore,2019-03-11,2019-03-14,14,0.0,1.28,103.85,3
IMO9793753,Folegandros,Tankers,CNNGB,Ningbo-Zhoushan,2019-03-28,2019-03-31,14,1991.7,29.87,121.55,4
IMO9793753,Folegandros,Tankers,KRUSN,Ulsan,2019-04-14,2019-04-17,14,520.1,35.5,129.38,5
IMO9793753,Folegandros,Tankers,SGSIN,Singapore,2019-05-01,2019-05-04,14,2499.7,1.28,103.85,6
IMO9793753,Folegandros,Tankers,RUPRI,Primorsk,2023-10-05,2023-10-08,1615,4901.7,60.36,28.61,7
IMO9793753,Folegandros,Tankers,DZAZW,Arzew,2025-03-24,2025-03-27,533,1842.9,35.85,-0.31,8
IMO9794006,Marine Hope,Tankers,CNNGB,Ningbo-Zhoushan,2020-01-03,2020-01-06,14,0.0,29.87,121.55,1
IMO9794006,Marine Hope,Tankers,CNNGB,Ningbo-Zhoushan,2020-01-20,2020-01-23,14,0.0,29.87,121.55,2
IMO9794006,Marine Hope,Tankers,CNNGB,Ningbo-Zhoushan,2020-02-06,2020-02-09,14,0.0,29.87,121.55,3
IMO9794006,Marine Hope (CLEARLAKE),Tankers,CNNGB,Ningbo-Zhoushan,2021-06-23,2021-06-26,14,0.0,29.87,121.55,1
IMO9794018,Miracle Hope (TRAFIGURA),Tankers,KRUSN,Ulsan,2021-06-25,2021-06-28,14,0.0,35.5,129.38,1
IMO9794018,Miracle Hope,Tankers,KRUSN,Ulsan,2021-10-25,2021-10-28,14,0.0,35.5,129.38,1
IMO9794018,Miracle Hope,Tankers,KWMFA,Mina Al Ahmadi,2022-02-07,2022-02-10,102,4023.0,29.07,48.15,2
IMO9794018,Miracle Hope,Tankers,SAYNB,Yanbu,2023-08-22,2023-08-25,558,618.4,24.09,38.06,3
IMO9794020,Eco Oceano Ca,Tankers,SARRT,Ras Tanura,2022-08-04,2022-08-07,0,0.0,26.65,50.16,1
IMO9794020,Eco Oceano Ca,Tankers,KWMFA,Mina Al Ahmadi,2024-10-08,2024-10-11,793,180.3,29.07,48.15,2
IMO9794020,Eco Oceano Ca,Tankers,SARRT,Ras Tanura,2025-06-19,2025-06-22,251,180.3,26.65,50.16,3
IMO9794020,Eco Oceano Ca,Tankers,AEFJR,Fujairah,2025-07-06,2025-07-09,14,346.0,25.13,56.34,4
IMO9794020,Eco Oceano Ca,Tankers,SARRT,Ras Tanura,2025-12-23,2025-12-26,167,346.0,26.65,50.16,5
IMO9794056,Eco Bel Air,Tankers,SGSIN,Singapore,2020-02-17,2020-02-20,14,0.0,1.28,103.85,1
IMO9794056,Eco Bel Air,Tankers,CNNGB,Ningbo-Zhoushan,2020-03-05,2020-03-08,14,1991.7,29.87,121.55,2
IMO9794056,Eco Bel Air,Tankers,SAYNB,Yanbu,2022-03-25,2022-03-28,747,4380.6,24.09,38.06,3
IMO9794056,Eco Bel Air,Tankers,SARRT,Ras Tanura,2022-09-06,2022-09-09,162,673.9,26.65,50.16,4
IMO9794056,Eco Bel Air,Tankers,NLRTM,Rotterdam,2022-09-23,2022-09-26,14,2547.4,51.92,4.47,5
IMO9794056,Eco Bel Air,Tankers,DZAZW,Arzew,2025-06-02,2025-06-05,980,986.2,35.85,-0.31,6
IMO9794068,Eco Beverly Hills,Tankers,SGSIN,Singapore,2021-02-08,2021-02-11,14,0.0,1.28,103.85,1
IMO9794068,Eco Beverly Hills,Tankers,NLRTM,Rotterdam,2021-02-25,2021-02-28,14,5689.2,51.92,4.47,2
IMO9794068,Eco Beverly Hills,Tankers,SAYNB,Yanbu,2022-05-19,2022-05-22,445,2268.6,24.09,38.06,3
IMO9794068,Eco Beverly Hills,Tankers,SARRT,Ras Tanura,2024-11-04,2024-11-07,897,673.9,26.65,50.16,4
IMO9794210,Predator,Dry Bulk,BRSSZ,Santos,2025-01-24,2025-01-27,0,0.0,-23.96,-46.33,1
IMO9794210,Predator,Dry Bulk,BRSSZ,Santos,2025-02-03,2025-02-06,7,0.0,-23.96,-46.33,2
IMO9794812,Universal Honor,Tankers,SARRT,Ras Tanura,2024-03-22,2024-03-25,0,0.0,26.65,50.16,1
IMO9794812,Universal Honor,Tankers,SAYNB,Yanbu,2026-05-07,2026-05-10,773,673.9,24.09,38.06,2
IMO9794812,Universal Honor,Tankers,AEFJR,Fujairah,2026-07-14,2026-07-17,65,999.0,25.13,56.34,3
IMO9795127,Eagle S Francisco,Tankers,NLRTM,Rotterdam,2018-10-17,2018-10-20,0,0.0,51.92,4.47,1
IMO9795127,Eagle S Francisco,Tankers,SGSIN,Singapore,2018-11-03,2018-11-06,14,5689.2,1.28,103.85,2
IMO9795127,Eagle San Francisco,Tankers,DZAZW,Arzew,2021-12-07,2021-12-10,0,0.0,35.85,-0.31,1
IMO9795127,Eagle San Francisco,Tankers,USCRP,Corpus Christi,2022-09-27,2022-09-30,291,4764.0,27.81,-97.39,2
IMO9795127,Eagle San Francisco,Tankers,USCRP,Corpus Christi,2022-10-25,2022-10-28,25,0.0,27.81,-97.39,3
IMO9795127,Eagle San Francisco,Tankers,USCRP,Corpus Christi,2022-11-20,2022-11-23,23,0.0,27.81,-97.39,4
IMO9795127,Eagle San Francisco,Tankers,SGSIN,Singapore,2022-12-07,2022-12-10,14,8673.9,1.28,103.85,5
IMO9795127,Eagle San Francisco,Tankers,NLRTM,Rotterdam,2026-03-11,2026-03-14,1187,5689.2,51.92,4.47,6
IMO9795139,Eagle San Jose,Tankers,SGSIN,Singapore,2018-12-21,2018-12-24,14,0.0,1.28,103.85,1
IMO9795139,Eagle San Jose,Tankers,CNNGB,Ningbo-Zhoushan,2019-01-07,2019-01-10,14,1991.7,29.87,121.55,2
IMO9795139,Eagle San Jose,Tankers,SGSIN,Singapore,2019-01-24,2019-01-27,14,1991.7,1.28,103.85,3
IMO9795139,Eagle San Jose,Tankers,DZAZW,Arzew,2021-10-20,2021-10-23,997,6044.3,35.85,-0.31,4
IMO9795139,Eagle San Jose,Tankers,DZAZW,Arzew,2021-10-22,2021-10-25,1,0.0,35.85,-0.31,5
IMO9795139,Eagle San Jose,Tankers,DZAZW,Arzew,2022-07-19,2022-07-22,267,0.0,35.85,-0.31,6
IMO9795139,Eagle San Jose,Tankers,CNNGB,Ningbo-Zhoushan,2022-08-05,2022-08-08,14,5676.8,29.87,121.55,7
IMO9796872,Maran Ares,Tankers,KRUSN,Ulsan,2019-12-19,2019-12-22,14,0.0,35.5,129.38,1
IMO9796872,Maran Ares,Tankers,SGSIN,Singapore,2020-01-05,2020-01-08,14,2499.7,1.28,103.85,2
IMO9796872,Maran Ares,Tankers,KRUSN,Ulsan,2020-01-22,2020-01-25,14,2499.7,35.5,129.38,3
IMO9797228,Nordic Thunder,Tankers,SGSIN,Singapore,2018-12-11,2018-12-14,14,0.0,1.28,103.85,1
IMO9797228,Nordic Thunder,Tankers,DZAZW,Arzew,2019-03-25,2019-03-28,101,6044.3,35.85,-0.31,2
IMO9797228,Nordic Thunder,Tankers,INSIK,Sikka / Jamnagar,2019-04-11,2019-04-14,14,3689.7,22.43,69.84,3
IMO9797228,Nordic Thunder,Tankers,DZAZW,Arzew,2020-05-05,2020-05-08,387,3689.7,35.85,-0.31,4
IMO9797228,Nordic Thunder,Tankers,CNNGB,Ningbo-Zhoushan,2020-05-22,2020-05-25,14,5676.8,29.87,121.55,5
IMO9797228,Nordic Thunder,Tankers,INSIK,Sikka / Jamnagar,2020-06-08,2020-06-11,14,2799.7,22.43,69.84,6
IMO9797228,Nordic Thunder,Tankers,RUPRI,Primorsk,2022-05-16,2022-05-19,704,2852.7,60.36,28.61,7
IMO9797228,Nordic Thunder,Tankers,INSIK,Sikka / Jamnagar,2022-06-02,2022-06-05,14,2852.7,22.43,69.84,8
IMO9797228,Nordic Thunder,Tankers,INSIK,Sikka / Jamnagar,2022-06-19,2022-06-22,14,0.0,22.43,69.84,9
IMO9797228,Nordic Thunder,Tankers,INSIK,Sikka / Jamnagar,2022-07-06,2022-07-09,14,0.0,22.43,69.84,10
IMO9797228,Nordic Thunder,Tankers,SGSIN,Singapore,2022-07-23,2022-07-26,14,2355.7,1.28,103.85,11
IMO9797228,Nordic Thunder,Tankers,SGSIN,Singapore,2025-06-25,2025-06-28,1065,0.0,1.28,103.85,12
IMO9797230,Front Cruiser,Tankers,CNNGB,Ningbo-Zhoushan,2021-02-01,2021-02-04,14,0.0,29.87,121.55,1
IMO9797839,G Forever,LPG,SAYNB,Yanbu,2019-09-05,2019-09-08,0,0.0,24.09,38.06,1
IMO9797839,G Forever,LPG,USHOU,Houston,2022-06-02,2022-06-05,998,6602.3,29.74,-95.27,2
IMO9797839,G Forever,LPG,USHOU,Houston,2023-02-17,2023-02-20,257,0.0,29.74,-95.27,3
IMO9798414,Sanmar Regent,LPG,DZAZW,Arzew,2022-10-20,2022-10-23,0,0.0,35.85,-0.31,1
IMO9798665,B Gas Maud,LPG,NLRTM,Rotterdam,2019-10-03,2019-10-06,14,0.0,51.92,4.47,1
IMO9798665,B Gas Maud,LPG,NLRTM,Rotterdam,2019-10-20,2019-10-23,14,0.0,51.92,4.47,2
IMO9798665,B Gas Maud,LPG,NLRTM,Rotterdam,2019-11-06,2019-11-09,14,0.0,51.92,4.47,3
IMO9799123,New Prime,Tankers,CNNGB,Ningbo-Zhoushan,2019-05-27,2019-05-30,14,0.0,29.87,121.55,1
IMO9799123,New Prime,Tankers,SARRT,Ras Tanura,2021-08-16,2021-08-19,809,3717.6,26.65,50.16,2
IMO9799123,New Prime,Tankers,CNQDG,Qingdao,2021-09-02,2021-09-05,14,3565.3,36.08,120.32,3
IMO9799135,New Eminence,Tankers,SAYNB,Yanbu,2026-05-06,2026-05-09,0,0.0,24.09,38.06,1
IMO9799135,New Eminence,Tankers,AEFJR,Fujairah,2026-08-17,2026-08-20,100,999.0,25.13,56.34,2
IMO9799147,New Champion,Tankers,CNQDG,Qingdao,2024-12-19,2024-12-22,14,0.0,36.08,120.32,1
IMO9799147,New Champion,Tankers,AEFJR,Fujairah,2026-07-07,2026-07-10,562,3312.7,25.13,56.34,2
IMO9799159,New Honor,Tankers,SARRT,Ras Tanura,2021-04-20,2021-04-23,0,0.0,26.65,50.16,1
IMO9799161,New Assurance,Tankers,AEFJR,Fujairah,2026-07-07,2026-07-10,0,0.0,25.13,56.34,1
IMO9799185,New Melody,Tankers,AEFJR,Fujairah,2026-06-30,2026-07-03,0,0.0,25.13,56.34,1
IMO9799197,New Journey,Tankers,CNNGB,Ningbo-Zhoushan,2020-09-14,2020-09-17,14,0.0,29.87,121.55,1
IMO9800245,Patmos 1,Tankers,ZASDB,Saldanha Bay,2018-11-14,2018-11-17,14,0.0,-33.02,17.95,1
IMO9800245,Patmos I,Tankers,SARRT,Ras Tanura,2020-05-21,2020-05-24,0,0.0,26.65,50.16,1
IMO9800245,Patmos I,Tankers,SARRT,Ras Tanura,2021-11-24,2021-11-27,549,0.0,26.65,50.16,2
IMO9800245,Patmos I,Tankers,INSIK,Sikka / Jamnagar,2021-12-11,2021-12-14,14,1103.0,22.43,69.84,3
IMO9800245,Patmos I,Tankers,INSIK,Sikka / Jamnagar,2021-12-28,2021-12-31,14,0.0,22.43,69.84,4
IMO9800245,Patmos 1,Tankers,QARLF,Ras Laffan,2022-12-12,2022-12-15,1486,4025.1,25.92,51.53,2
IMO9800245,Patmos I,Tankers,SARRT,Ras Tanura,2023-03-27,2023-03-30,451,1103.0,26.65,50.16,5
IMO9800245,Patmos I,Tankers,INSIK,Sikka / Jamnagar,2023-04-13,2023-04-16,14,1103.0,22.43,69.84,6
IMO9800245,Patmos i,Tankers,INSIK,Sikka / Jamnagar,2024-01-29,2024-02-01,14,0.0,22.43,69.84,1
IMO9800257,Kasos,Tankers,INSIK,Sikka / Jamnagar,2019-07-19,2019-07-22,14,0.0,22.43,69.84,1
IMO9800257,Kasos,Tankers,CNNGB,Ningbo-Zhoushan,2019-08-05,2019-08-08,14,2799.7,29.87,121.55,2
IMO9800257,Kasos,Tankers,INSIK,Sikka / Jamnagar,2019-08-22,2019-08-25,14,2799.7,22.43,69.84,3
IMO9800257,Kasos,Tankers,INSIK,Sikka / Jamnagar,2019-09-08,2019-09-11,14,0.0,22.43,69.84,4
IMO9800257,Kasos,Tankers,RUPRI,Primorsk,2022-05-12,2022-05-15,974,2852.7,60.36,28.61,5
IMO9800257,Kasos,Tankers,USCRP,Corpus Christi,2022-11-15,2022-11-18,184,4891.3,27.81,-97.39,6
IMO9800257,Kasos,Tankers,CNNGB,Ningbo-Zhoushan,2022-12-02,2022-12-05,14,6686.1,29.87,121.55,7
IMO9800257,kasos,Tankers,DZAZW,Arzew,2023-05-17,2023-05-20,0,0.0,35.85,-0.31,1
IMO9800257,Kasos,Tankers,SAYNB,Yanbu,2026-08-17,2026-08-20,1351,4380.6,24.09,38.06,8
IMO9800269,Sikinos I,Tankers,SAYNB,Yanbu,2020-04-15,2020-04-18,0,0.0,24.09,38.06,1
IMO9800269,Sikinos I,Tankers,SARRT,Ras Tanura,2020-10-09,2020-10-12,174,673.9,26.65,50.16,2
IMO9800269,Sikinos I,Tankers,DZAZW,Arzew,2020-12-11,2020-12-14,60,2619.7,35.85,-0.31,3
IMO9800269,Sikinos I,Tankers,SGSIN,Singapore,2020-12-28,2020-12-31,14,6044.3,1.28,103.85,4
IMO9800269,Sikinos I,Tankers,QARLF,Ras Laffan,2022-03-03,2022-03-06,427,3361.5,25.92,51.53,5
IMO9800269,Sikinos I,Tankers,INSIK,Sikka / Jamnagar,2022-03-20,2022-03-23,14,1023.6,22.43,69.84,6
IMO9800269,Sikinos I,Tankers,AEFJR,Fujairah,2024-10-09,2024-10-12,931,758.9,25.13,56.34,7
IMO9800269,Sikinos I,Tankers,RUPRI,Primorsk,2024-11-11,2024-11-14,30,2405.0,60.36,28.61,8
IMO9800271,Tilos 1,Tankers,QARLF,Ras Laffan,2019-02-26,2019-03-01,0,0.0,25.92,51.53,1
IMO9800271,Tilos I,Tankers,QARLF,Ras Laffan,2019-08-01,2019-08-04,0,0.0,25.92,51.53,1
IMO9800271,Tilos I,Tankers,INSIK,Sikka / Jamnagar,2019-08-18,2019-08-21,14,1023.6,22.43,69.84,2
IMO9800271,Tilos I,Tankers,INSIK,Sikka / Jamnagar,2019-09-04,2019-09-07,14,0.0,22.43,69.84,3
IMO9800271,Tilos I,Tankers,DZAZW,Arzew,2021-07-14,2021-07-17,676,3689.7,35.85,-0.31,4
IMO9800271,Tilos I,Tankers,INSIK,Sikka / Jamnagar,2021-07-31,2021-08-03,14,3689.7,22.43,69.84,5
IMO9800271,Tilos I,Tankers,INSIK,Sikka / Jamnagar,2021-08-17,2021-08-20,14,0.0,22.43,69.84,6
IMO9800271,Tilos I,Tankers,SARRT,Ras Tanura,2023-03-23,2023-03-26,580,1103.0,26.65,50.16,7
IMO9800271,Tilos I,Tankers,DZAZW,Arzew,2025-04-03,2025-04-06,739,2619.7,35.85,-0.31,8
IMO9800271,Tilos I,Tankers,SAYNB,Yanbu,2026-06-15,2026-06-18,435,2101.2,24.09,38.06,9
IMO9800271,Tilos I,Tankers,INSIK,Sikka / Jamnagar,2026-07-02,2026-07-05,14,1752.1,22.43,69.84,10
IMO9800285,Kithara,LPG,USHOU,Houston,2022-05-05,2022-05-08,0,0.0,29.74,-95.27,1
IMO9801919,Clipper Eirine,LPG,USHOU,Houston,2020-06-25,2020-06-28,0,0.0,29.74,-95.27,1
IMO9802188,Tonegawa,Tankers,KWMFA,Mina Al Ahmadi,2020-07-14,2020-07-17,0,0.0,29.07,48.15,1
IMO9802188,Tonegawa,Tankers,CNNGB,Ningbo-Zhoushan,2020-07-31,2020-08-03,14,3765.1,29.87,121.55,2
IMO9802188,Tonegawa,Tankers,JPCHB,Chiba,2020-08-17,2020-08-20,14,996.1,35.6,140.1,3
IMO9803273,Monte Urquiola,Tankers,USCRP,Corpus Christi,2026-02-02,2026-02-05,0,0.0,27.81,-97.39,1
IMO9803285,Monte Ulia,Tankers,NLRTM,Rotterdam,2022-10-24,2022-10-27,0,0.0,51.92,4.47,1
IMO9803285,Monte Ulia,Tankers,DZAZW,Arzew,2026-01-20,2026-01-23,1181,986.2,35.85,-0.31,2
IMO9804072,Antikithira,LPG,SAYNB,Yanbu,2020-07-30,2020-08-02,14,0.0,24.09,38.06,1
IMO9804136,T.sadberk,Tankers,QARLF,Ras Laffan,2018-09-14,2018-09-17,0,0.0,25.92,51.53,1
IMO9804136,T. Sadberk,Tankers,SGSIN,Singapore,2022-02-11,2022-02-14,14,0.0,1.28,103.85,1
IMO9804136,T. Sadberk,Tankers,DZAZW,Arzew,2022-09-16,2022-09-19,214,6044.3,35.85,-0.31,2
IMO9804148,T. Semahat,Tankers,SGSIN,Singapore,2018-10-25,2018-10-28,14,0.0,1.28,103.85,1
IMO9804148,T. Semahat,Tankers,SGSIN,Singapore,2018-11-11,2018-11-14,14,0.0,1.28,103.85,2
IMO9804148,T. Semahat,Tankers,DZAZW,Arzew,2023-09-18,2023-09-21,1769,6044.3,35.85,-0.31,3
IMO9804148,T. Semahat,Tankers,SGSIN,Singapore,2023-10-05,2023-10-08,14,6044.3,1.28,103.85,4
IMO9804148,T. Semahat,Tankers,DZAZW,Arzew,2026-08-17,2026-08-20,1044,6044.3,35.85,-0.31,5
IMO9804277,Coswish Lake,Tankers,SARRT,Ras Tanura,2021-09-02,2021-09-05,0,0.0,26.65,50.16,1
IMO9804277,Coswish Lake,Tankers,CNNGB,Ningbo-Zhoushan,2021-09-19,2021-09-22,14,3717.6,29.87,121.55,2
IMO9804277,Coswish lake,Tankers,CNQDG,Qingdao,2025-06-06,2025-06-09,14,0.0,36.08,120.32,1
IMO9804289,Cosnew Lake,Tankers,AEFJR,Fujairah,2019-04-18,2019-04-21,0,0.0,25.13,56.34,1
IMO9804459,New Vision,Tankers,NLRTM,Rotterdam,2018-04-24,2018-04-27,14,0.0,51.92,4.47,1
IMO9804459,New Vision,Tankers,NGBON,Bonny,2019-01-08,2019-01-11,256,2853.3,4.45,7.16,2
IMO9804459,New Vision,Tankers,NGBON,Bonny,2019-08-02,2019-08-05,203,0.0,4.45,7.16,3
IMO9804459,New Vision,Tankers,SGSIN,Singapore,2019-08-19,2019-08-22,14,5798.0,1.28,103.85,4
IMO9804459,New Vision,Tankers,SAYNB,Yanbu,2019-12-31,2020-01-03,131,4050.1,24.09,38.06,5
IMO9804459,New Vision,Tankers,INSIK,Sikka / Jamnagar,2020-01-17,2020-01-20,14,1752.1,22.43,69.84,6
IMO9804459,New Vision,Tankers,INSIK,Sikka / Jamnagar,2020-02-03,2020-02-06,14,0.0,22.43,69.84,7
IMO9804459,New Vision,Tankers,CNNGB,Ningbo-Zhoushan,2020-02-20,2020-02-23,14,2799.7,29.87,121.55,8
IMO9804459,New Vision,Tankers,SGSIN,Singapore,2020-03-08,2020-03-11,14,1991.7,1.28,103.85,9
IMO9804459,New Vision,Tankers,DZAZW,Arzew,2021-12-16,2021-12-19,645,6044.3,35.85,-0.31,10
IMO9804459,New Vision,Tankers,DZAZW,Arzew,2022-08-12,2022-08-15,236,0.0,35.85,-0.31,11
IMO9804459,New Vision,Tankers,DZAZW,Arzew,2022-08-18,2022-08-21,3,0.0,35.85,-0.31,12
IMO9804459,New Vision,Tankers,DZAZW,Arzew,2023-01-23,2023-01-26,155,0.0,35.85,-0.31,13
IMO9804459,New Vision,Tankers,DZAZW,Arzew,2026-07-17,2026-07-20,1268,0.0,35.85,-0.31,14
IMO9804461,Freud,Tankers,CNNGB,Ningbo-Zhoushan,2020-06-09,2020-06-12,14,0.0,29.87,121.55,1
IMO9804461,Freud,Tankers,CNNGB,Ningbo-Zhoushan,2020-06-26,2020-06-29,14,0.0,29.87,121.55,2
IMO9804461,Freud,Tankers,NLRTM,Rotterdam,2021-06-09,2021-06-12,345,4890.7,51.92,4.47,3
IMO9804461,Freud,Tankers,INSIK,Sikka / Jamnagar,2021-06-26,2021-06-29,14,3449.7,22.43,69.84,4
IMO9804461,Freud,Tankers,INSIK,Sikka / Jamnagar,2021-07-13,2021-07-16,14,0.0,22.43,69.84,5
IMO9804461,Freud,Tankers,INSIK,Sikka / Jamnagar,2021-07-30,2021-08-02,14,0.0,22.43,69.84,6
IMO9804626,Gas Jenny,LPG,QARLF,Ras Laffan,2019-08-22,2019-08-25,0,0.0,25.92,51.53,1
IMO9804626,Gas Jenny,LPG,SAYNB,Yanbu,2019-11-21,2019-11-24,88,740.8,24.09,38.06,2
IMO9804626,Gas Jenny,LPG,QARLF,Ras Laffan,2020-04-23,2020-04-26,151,740.8,25.92,51.53,3
IMO9807764,ZOUZOU N ,Tankers,QARLF,Ras Laffan,2023-12-07,2023-12-10,0,0.0,25.92,51.53,1
IMO9809336,Antartica,Tankers,AEFJR,Fujairah,2024-10-14,2024-10-17,0,0.0,25.13,56.34,1
IMO9809336,Antartica,Tankers,INSIK,Sikka / Jamnagar,2024-10-31,2024-11-03,14,758.9,22.43,69.84,2
IMO9809552,Lily Promenade,LPG,AUDRW,Darwin,2022-11-04,2022-11-07,0,0.0,-12.46,130.84,1
IMO9809552,Lily Promenade,LPG,USHOU,Houston,2023-07-27,2023-07-30,262,8046.2,29.74,-95.27,2
IMO9809552,Lily Promenade,LPG,USHOU,Houston,2023-12-21,2023-12-24,144,0.0,29.74,-95.27,3
IMO9809979,JS Greensand,LPG,SGSIN,Singapore,2019-06-06,2019-06-09,0,0.0,1.28,103.85,1
IMO9810381,Maran Aphrodite,Tankers,KRUSN,Ulsan,2020-01-17,2020-01-20,14,0.0,35.5,129.38,1
IMO9810381,Maran Aphrodite,Tankers,SARRT,Ras Tanura,2020-03-30,2020-04-02,70,4000.9,26.65,50.16,2
IMO9810393,Maran Atalanta,Tankers,CNQDG,Qingdao,2020-06-12,2020-06-15,14,0.0,36.08,120.32,1
IMO9810393,Maran Atalanta,Tankers,INSIK,Sikka / Jamnagar,2020-06-29,2020-07-02,14,2735.8,22.43,69.84,2
IMO9810549,Prism Agility,LNG,USCMR,Cameron / Lake Charles,2020-01-21,2020-01-24,0,0.0,30.22,-93.22,1
IMO9810549,Prism Agility,LNG,USCMR,Cameron / Lake Charles,2020-02-07,2020-02-10,14,0.0,30.22,-93.22,2
IMO9810549,Prism Agility,LNG,QARLF,Ras Laffan,2020-06-22,2020-06-25,133,6874.5,25.92,51.53,3
IMO9810549,Prism Agility,LNG,QARLF,Ras Laffan,2020-07-09,2020-07-12,14,0.0,25.92,51.53,4
IMO9810549,Prism Agility,LNG,USCRP,Corpus Christi,2020-08-10,2020-08-13,29,7115.7,27.81,-97.39,5
IMO9810549,Prism Agility,LNG,USCRP,Corpus Christi,2020-08-27,2020-08-30,14,0.0,27.81,-97.39,6
IMO9810549,Prism Agility,LNG,NGBON,Bonny,2022-09-14,2022-09-17,745,6044.9,4.45,7.16,7
IMO9810549,Prism Agility,LNG,NGBON,Bonny,2022-10-01,2022-10-04,14,0.0,4.45,7.16,8
IMO9810551,Prism Brilliance,LNG,KRUSN,Ulsan,2018-12-12,2018-12-15,0,0.0,35.5,129.38,1
IMO9810551,Prism Brilliance,LNG,KRUSN,Ulsan,2018-12-29,2019-01-01,14,0.0,35.5,129.38,2
IMO9810971,Maran Canopus O/O,Tankers,SGSIN,Singapore,2024-08-21,2024-08-24,14,0.0,1.28,103.85,1
IMO9812142,Navigator Atlas,LPG,USHOU,Houston,2020-10-01,2020-10-04,0,0.0,29.74,-95.27,1
IMO9812142,Navigator Atlas,LPG,USHOU,Houston,2021-07-01,2021-07-04,270,0.0,29.74,-95.27,2
IMO9812142,Navigator Atlas,LPG,USHOU,Houston,2022-10-20,2022-10-23,473,0.0,29.74,-95.27,3
IMO9813448,Dht Stallion,Tankers,SGSIN,Singapore,2020-04-10,2020-04-13,14,0.0,1.28,103.85,1
IMO9813448,Dht Stallion,Tankers,QARLF,Ras Laffan,2023-04-28,2023-05-01,1110,3361.5,25.92,51.53,2
IMO9813448,Dht Stallion,Tankers,SGSIN,Singapore,2023-05-15,2023-05-18,14,3361.5,1.28,103.85,3
IMO9813448,Dht Stallion,Tankers,KRUSN,Ulsan,2023-06-01,2023-06-04,14,2499.7,35.5,129.38,4
IMO9813450,Dht Colt,Tankers,SARRT,Ras Tanura,2019-11-06,2019-11-09,0,0.0,26.65,50.16,1
IMO9814117,Gen-ei,Tankers,SGSIN,Singapore,2025-10-01,2025-10-04,0,0.0,1.28,103.85,1
IMO9814430,Saturn Moon,Tankers,CNNGB,Ningbo-Zhoushan,2021-06-01,2021-06-04,14,0.0,29.87,121.55,1
IMO9814430,Saturn Moon,Tankers,NLRTM,Rotterdam,2021-06-18,2021-06-21,14,4890.7,51.92,4.47,2
IMO9814430,Saturn Moon,Tankers,USHOU,Houston,2024-03-01,2024-03-04,984,4355.9,29.74,-95.27,3
IMO9816323,Almi Atlas,Tankers,CNNGB,Ningbo-Zhoushan,2019-03-27,2019-03-30,14,0.0,29.87,121.55,1
IMO9816323,Almi Atlas,Tankers,SAYNB,Yanbu,2020-03-20,2020-03-23,356,4380.6,24.09,38.06,2
IMO9816323,Almi Atlas,Tankers,CNNGB,Ningbo-Zhoushan,2020-04-06,2020-04-09,14,4380.6,29.87,121.55,3
IMO9816335,Almi Titan,Tankers,SARRT,Ras Tanura,2020-03-24,2020-03-27,0,0.0,26.65,50.16,1
IMO9816335,Almi Titan,Tankers,SGSIN,Singapore,2020-04-10,2020-04-13,14,3444.8,1.28,103.85,2
IMO9816335,Almi Titan,Tankers,CNNGB,Ningbo-Zhoushan,2020-04-27,2020-04-30,14,1991.7,29.87,121.55,3
IMO9816335,Almi Titan,Tankers,CNNGB,Ningbo-Zhoushan,2020-05-14,2020-05-17,14,0.0,29.87,121.55,4
IMO9816335,Almi Titan,Tankers,INSIK,Sikka / Jamnagar,2020-05-31,2020-06-03,14,2799.7,22.43,69.84,5
IMO9816335,Almi Titan,Tankers,INSIK,Sikka / Jamnagar,2020-06-17,2020-06-20,14,0.0,22.43,69.84,6
IMO9816705,Serjeant,LPG,USHOU,Houston,2023-08-03,2023-08-06,0,0.0,29.74,-95.27,1
IMO9816763,Gaslog Warsaw,LNG,NGBON,Bonny,2020-01-31,2020-02-03,0,0.0,4.45,7.16,1
IMO9816763,Gaslog Warsaw,LNG,NGBON,Bonny,2020-02-17,2020-02-20,14,0.0,4.45,7.16,2
IMO9817107,Cap Quebec,Tankers,USCRP,Corpus Christi,2024-02-15,2024-02-18,0,0.0,27.81,-97.39,1
IMO9817119,Cap Pembroke,Tankers,USCRP,Corpus Christi,2020-07-31,2020-08-03,0,0.0,27.81,-97.39,1
IMO9817119,Cap Pembroke,Tankers,USCRP,Corpus Christi,2020-12-31,2021-01-03,150,0.0,27.81,-97.39,2
IMO9817476,Monsoon,LPG,USHOU,Houston,2019-05-23,2019-05-26,0,0.0,29.74,-95.27,1
IMO9817476,Monsoon,LPG,SAYNB,Yanbu,2019-11-21,2019-11-24,179,6602.3,24.09,38.06,2
IMO9817476,Monsoon,LPG,SARRT,Ras Tanura,2020-03-19,2020-03-22,116,673.9,26.65,50.16,3
IMO9817476,Monsoon,LPG,USHOU,Houston,2021-10-28,2021-10-31,585,6881.5,29.74,-95.27,4
IMO9817476,Monsoon,LPG,USHOU,Houston,2023-02-23,2023-02-26,480,0.0,29.74,-95.27,5
IMO9817476,Monsoon,LPG,USHOU,Houston,2023-08-24,2023-08-27,179,0.0,29.74,-95.27,6
IMO9817476,Monsoon,LPG,USHOU,Houston,2023-12-01,2023-12-04,96,0.0,29.74,-95.27,7
IMO9817494,Morviken,Tankers,SARRT,Ras Tanura,2019-02-12,2019-02-15,0,0.0,26.65,50.16,1
IMO9817494,Morviken,Tankers,DZAZW,Arzew,2019-04-05,2019-04-08,49,2619.7,35.85,-0.31,2
IMO9817494,Morviken,Tankers,DZAZW,Arzew,2019-07-12,2019-07-15,95,0.0,35.85,-0.31,3
IMO9817494,Morviken,Tankers,NLRTM,Rotterdam,2019-07-29,2019-08-01,14,986.2,51.92,4.47,4
IMO9817494,Morviken,Tankers,SARRT,Ras Tanura,2021-03-06,2021-03-09,583,2547.4,26.65,50.16,5
IMO9817494,Morviken,Tankers,KRUSN,Ulsan,2021-03-23,2021-03-26,14,4000.9,35.5,129.38,6
IMO9817494,Popi Sazaklis,Tankers,AEFJR,Fujairah,2026-07-16,2026-07-19,0,0.0,25.13,56.34,1
IMO9817614,Energy Triumph,Tankers,SGSIN,Singapore,2018-06-21,2018-06-24,14,0.0,1.28,103.85,1
IMO9817614,Energy Triumph,Tankers,CNNGB,Ningbo-Zhoushan,2018-07-08,2018-07-11,14,1991.7,29.87,121.55,2
IMO9817614,Energy Triumph,Tankers,CNNGB,Ningbo-Zhoushan,2018-07-25,2018-07-28,14,0.0,29.87,121.55,3
IMO9817614,Energy Triumph,Tankers,DZAZW,Arzew,2020-01-23,2020-01-26,544,5676.8,35.85,-0.31,4
IMO9817614,Energy Triumph,Tankers,INSIK,Sikka / Jamnagar,2020-02-09,2020-02-12,14,3689.7,22.43,69.84,5
IMO9817614,Energy Triumph,Tankers,CNNGB,Ningbo-Zhoushan,2020-02-26,2020-02-29,14,2799.7,29.87,121.55,6
IMO9817614,Energy Triumph,Tankers,AEFJR,Fujairah,2020-03-14,2020-03-17,14,3438.5,25.13,56.34,7
IMO9817614,Energy Triumph,Tankers,SGSIN,Singapore,2020-03-31,2020-04-03,14,3099.3,1.28,103.85,8
IMO9817614,Energy Triumph,Tankers,CNNGB,Ningbo-Zhoushan,2020-04-17,2020-04-20,14,1991.7,29.87,121.55,9
IMO9817614,KRITI KING,Tankers,DZAZW,Arzew,2021-06-30,2021-07-03,0,0.0,35.85,-0.31,1
IMO9817614,ENERGY TRIUMPH,Tankers,CNNGB,Ningbo-Zhoushan,2023-05-16,2023-05-19,14,0.0,29.87,121.55,1
IMO9817614,Energy Triumph,Tankers,DZAZW,Arzew,2024-04-10,2024-04-13,1451,5676.8,35.85,-0.31,10
IMO9817626,Energy Trophy,Tankers,SGSIN,Singapore,2018-06-14,2018-06-17,14,0.0,1.28,103.85,1
IMO9817626,Energy Trophy,Tankers,SGSIN,Singapore,2018-07-01,2018-07-04,14,0.0,1.28,103.85,2
IMO9817626,Energy Trophy,Tankers,SGSIN,Singapore,2018-07-18,2018-07-21,14,0.0,1.28,103.85,3
IMO9817626,Elandra Osprey,Tankers,DZAZW,Arzew,2019-09-24,2019-09-27,0,0.0,35.85,-0.31,1
IMO9817626,Elandra Osprey,Tankers,ZASDB,Saldanha Bay,2019-10-11,2019-10-14,14,4260.3,-33.02,17.95,2
IMO9817626,Elandra Osprey,Tankers,INSIK,Sikka / Jamnagar,2019-10-28,2019-10-31,14,4461.7,22.43,69.84,3
IMO9817626,Elandra Osprey,Tankers,SGSIN,Singapore,2019-11-14,2019-11-17,14,2355.7,1.28,103.85,4
IMO9817626,Elandra Osprey,Tankers,CNNGB,Ningbo-Zhoushan,2019-12-01,2019-12-04,14,1991.7,29.87,121.55,5
IMO9817626,Elandra Osprey,Tankers,AEFJR,Fujairah,2019-12-18,2019-12-21,14,3438.5,25.13,56.34,6
IMO9817626,Elandra Osprey,Tankers,AEFJR,Fujairah,2021-06-24,2021-06-27,551,0.0,25.13,56.34,7
IMO9817626,Elandra Osprey,Tankers,DZAZW,Arzew,2021-10-07,2021-10-10,102,2959.8,35.85,-0.31,8
IMO9817626,Corvette,LPG,USHOU,Houston,2021-11-11,2021-11-14,0,0.0,29.74,-95.27,1
IMO9817626,Corvette,LPG,USHOU,Houston,2022-01-07,2022-01-10,54,0.0,29.74,-95.27,2
IMO9817626,Corvette,LPG,USHOU,Houston,2023-08-17,2023-08-20,584,0.0,29.74,-95.27,3
IMO9817759,BW Tokyo (Trafigura re-let),LPG,QARLF,Ras Laffan,2020-04-02,2020-04-05,0,0.0,25.92,51.53,1
IMO9818027,BW Elm,LPG,SAYNB,Yanbu,2019-08-15,2019-08-18,0,0.0,24.09,38.06,1
IMO9818027,BW Elm,LPG,QARLF,Ras Laffan,2021-01-07,2021-01-10,508,740.8,25.92,51.53,2
IMO9818216,Nordic Aquarius,Tankers,INSIK,Sikka / Jamnagar,2018-06-28,2018-07-01,0,0.0,22.43,69.84,1
IMO9818216,Nordic Aquarius,Tankers,NLRTM,Rotterdam,2018-09-06,2018-09-09,67,3449.7,51.92,4.47,2
IMO9818216,Nordic Aquarius,Tankers,SGSIN,Singapore,2018-09-23,2018-09-26,14,5689.2,1.28,103.85,3
IMO9818216,Nordic Aquarius,Tankers,AEFJR,Fujairah,2022-06-29,2022-07-02,1372,3099.3,25.13,56.34,4
IMO9818216,Nordic Aquarius,Tankers,DZAZW,Arzew,2023-05-03,2023-05-06,305,2959.8,35.85,-0.31,5
IMO9818228,Nordic Cygnus Uld,Tankers,INSIK,Sikka / Jamnagar,2018-10-18,2018-10-21,0,0.0,22.43,69.84,1
IMO9818228,Nordic Cygnus,Tankers,SGSIN,Singapore,2020-07-10,2020-07-13,14,0.0,1.28,103.85,1
IMO9818228,Nordic Cygnus,Tankers,INSIK,Sikka / Jamnagar,2020-07-27,2020-07-30,14,2355.7,22.43,69.84,2
IMO9818228,Nordic Cygnus,Tankers,NLRTM,Rotterdam,2020-08-13,2020-08-16,14,3449.7,51.92,4.47,3
IMO9818228,Nordic Cygnus,Tankers,SARRT,Ras Tanura,2022-09-06,2022-09-09,751,2547.4,26.65,50.16,4
IMO9818228,Nordic Cygnus,Tankers,USCRP,Corpus Christi,2025-03-20,2025-03-23,923,7039.6,27.81,-97.39,5
IMO9818230,Nordic Tellus,Tankers,ZASDB,Saldanha Bay,2019-03-04,2019-03-07,14,0.0,-33.02,17.95,1
IMO9819087,AVON TRADER,Dry Bulk,NLRTM,Rotterdam,2025-02-06,2025-02-09,0,0.0,51.92,4.47,1
IMO9819650,Gaslog Windsor,LNG,SGSIN,Singapore,2021-10-21,2021-10-24,0,0.0,1.28,103.85,1
IMO9819650,Gaslog Windsor,LNG,SGSIN,Singapore,2021-11-07,2021-11-10,14,0.0,1.28,103.85,2
IMO9819650,Gaslog Windsor,LNG,DZAZW,Arzew,2023-06-07,2023-06-10,574,6044.3,35.85,-0.31,3
IMO9819650,Gaslog Windsor,LNG,DZAZW,Arzew,2023-06-24,2023-06-27,14,0.0,35.85,-0.31,4
IMO9819650,Gaslog Windsor,LNG,QARLF,Ras Laffan,2023-07-20,2023-07-23,23,2705.1,25.92,51.53,5
IMO9819650,Gaslog Windsor,LNG,QARLF,Ras Laffan,2023-08-06,2023-08-09,14,0.0,25.92,51.53,6
IMO9819832,Patriotic,Tankers,INSIK,Sikka / Jamnagar,2019-02-01,2019-02-04,0,0.0,22.43,69.84,1
IMO9819832,Patriotic,Tankers,INSIK,Sikka / Jamnagar,2019-02-06,2019-02-09,2,0.0,22.43,69.84,2
IMO9819832,Patriotic,Tankers,USHOU,Houston,2019-09-11,2019-09-14,214,7559.1,29.74,-95.27,3
IMO9819832,Patriotic,Tankers,NLRTM,Rotterdam,2020-12-08,2020-12-11,451,4355.9,51.92,4.47,4
IMO9819832,Patriotic,Tankers,NLRTM,Rotterdam,2022-10-13,2022-10-16,671,0.0,51.92,4.47,5
IMO9819832,Patriotic,Tankers,NLRTM,Rotterdam,2022-10-30,2022-11-02,14,0.0,51.92,4.47,6
IMO9819844,Homeric,Tankers,INSIK,Sikka / Jamnagar,2019-02-27,2019-03-02,0,0.0,22.43,69.84,1
IMO9819844,Homeric,Tankers,NLRTM,Rotterdam,2019-03-16,2019-03-19,14,3449.7,51.92,4.47,2
IMO9819844,Homeric,Tankers,NLRTM,Rotterdam,2019-04-02,2019-04-05,14,0.0,51.92,4.47,3
IMO9819844,Homeric,Tankers,SGSIN,Singapore,2019-04-19,2019-04-22,14,5689.2,1.28,103.85,4
IMO9819844,Homeric,Tankers,SGSIN,Singapore,2019-05-06,2019-05-09,14,0.0,1.28,103.85,5
IMO9819844,Homeric,Tankers,CNNGB,Ningbo-Zhoushan,2019-05-23,2019-05-26,14,1991.7,29.87,121.55,6
IMO9819856,Rhythmic,Tankers,CNNGB,Ningbo-Zhoushan,2021-07-29,2021-08-01,14,0.0,29.87,121.55,1
IMO9819856,Rhythmic,Tankers,USCRP,Corpus Christi,2021-10-11,2021-10-14,71,6686.1,27.81,-97.39,2
IMO9819856,Rhythmic,Tankers,DZAZW,Arzew,2022-04-14,2022-04-17,182,4764.0,35.85,-0.31,3
IMO9819856,Rhythmic,Tankers,USCRP,Corpus Christi,2023-08-22,2023-08-25,492,4764.0,27.81,-97.39,4
IMO9819868,Harmonic,Tankers,INSIK,Sikka / Jamnagar,2019-06-10,2019-06-13,0,0.0,22.43,69.84,1
IMO9819868,Harmonic,Tankers,ZASDB,Saldanha Bay,2019-06-27,2019-06-30,14,4461.7,-33.02,17.95,2
IMO9819868,Harmonic,Tankers,NLRTM,Rotterdam,2019-07-14,2019-07-17,14,5149.0,51.92,4.47,3
IMO9819868,Harmonic,Tankers,SGSIN,Singapore,2019-07-31,2019-08-03,14,5689.2,1.28,103.85,4
IMO9819868,Harmonic,Tankers,SGSIN,Singapore,2026-05-19,2026-05-22,2481,0.0,1.28,103.85,5
IMO9819870,Lita,Tankers,CNNGB,Ningbo-Zhoushan,2020-09-18,2020-09-21,14,0.0,29.87,121.55,1
IMO9819870,Lita,Tankers,CNNGB,Ningbo-Zhoushan,2020-10-05,2020-10-08,14,0.0,29.87,121.55,2
IMO9819870,Lita (Vitol),Tankers,CNNGB,Ningbo-Zhoushan,2022-09-28,2022-10-01,14,0.0,29.87,121.55,1
IMO9819870,Lita,Tankers,SARRT,Ras Tanura,2022-11-29,2022-12-02,782,3717.6,26.65,50.16,3
IMO9819870,Lita,Tankers,SARRT,Ras Tanura,2024-06-18,2024-06-21,564,0.0,26.65,50.16,4
IMO9819870,Lita,Tankers,SARRT,Ras Tanura,2024-06-20,2024-06-23,1,0.0,26.65,50.16,5
IMO9820013,Hoegh Galleon,LNG,SGSIN,Singapore,2019-06-18,2019-06-21,0,0.0,1.28,103.85,1
IMO9820013,Hoegh Galleon,LNG,SGSIN,Singapore,2019-07-05,2019-07-08,14,0.0,1.28,103.85,2
IMO9820013,Hoegh Galleon,LNG,SGSIN,Singapore,2023-09-21,2023-09-24,1536,0.0,1.28,103.85,3
IMO9820013,Hoegh Galleon,LNG,SGSIN,Singapore,2023-10-08,2023-10-11,14,0.0,1.28,103.85,4
IMO9820283,Agios Nikolaos,Tankers,CNNGB,Ningbo-Zhoushan,2023-08-02,2023-08-05,14,0.0,29.87,121.55,1
IMO9820843,Excelerate Sequoia,LNG,SGSIN,Singapore,2020-07-10,2020-07-13,0,0.0,1.28,103.85,1
IMO9820843,Excelerate Sequoia,LNG,SGSIN,Singapore,2020-07-27,2020-07-30,14,0.0,1.28,103.85,2
IMO9822410,Radiant,Dry Bulk,BRSSZ,Santos,2025-01-24,2025-01-27,0,0.0,-23.96,-46.33,1
IMO9822451,Hoegh Gannet,LNG,USSPG,Sabine Pass,2018-08-10,2018-08-13,0,0.0,29.73,-93.87,1
IMO9822451,Hoegh Gannet,LNG,USSPG,Sabine Pass,2018-08-27,2018-08-30,14,0.0,29.73,-93.87,2
IMO9822925,Shell tbn (Seaways Enterprise?),Tankers,SGSIN,Singapore,2023-11-24,2023-11-27,14,0.0,1.28,103.85,1
IMO9822994,Dht Bronco,Tankers,CNNGB,Ningbo-Zhoushan,2020-06-03,2020-06-06,14,0.0,29.87,121.55,1
IMO9822994,Dht Bronco,Tankers,CNQDG,Qingdao,2020-06-20,2020-06-23,14,378.0,36.08,120.32,2
IMO9822994,Dht Bronco,Tankers,JPCHB,Chiba,2020-07-07,2020-07-10,14,961.5,35.6,140.1,3
IMO9823003,Dht Mustang,Tankers,SGSIN,Singapore,2024-11-29,2024-12-02,14,0.0,1.28,103.85,1
IMO9823003,Dht Mustang,Tankers,KWMFA,Mina Al Ahmadi,2026-01-26,2026-01-29,420,3589.4,29.07,48.15,2
IMO9823003,Dht Mustang,Tankers,SAYNB,Yanbu,2026-03-06,2026-03-09,36,618.4,24.09,38.06,3
IMO9824590,Bunker Breeze,LNG,NLRTM,Rotterdam,2019-01-01,2019-01-04,0,0.0,51.92,4.47,1
IMO9824590,Bunker Breeze,LNG,NLRTM,Rotterdam,2019-01-18,2019-01-21,14,0.0,51.92,4.47,2
IMO9824807,BW Orion OOS,LPG,USHOU,Houston,2022-03-03,2022-03-06,0,0.0,29.74,-95.27,1
IMO9825427,Flex Constellation,LNG,QARLF,Ras Laffan,2019-08-21,2019-08-24,0,0.0,25.92,51.53,1
IMO9825427,Flex Constellation,LNG,QARLF,Ras Laffan,2019-09-07,2019-09-10,14,0.0,25.92,51.53,2
IMO9825427,Flex Constellation,LNG,SGSIN,Singapore,2020-10-07,2020-10-10,393,3361.5,1.28,103.85,3
IMO9825427,Flex Constellation,LNG,SGSIN,Singapore,2020-10-24,2020-10-27,14,0.0,1.28,103.85,4
IMO9825439,Flex Courageous,LNG,NGBON,Bonny,2020-05-26,2020-05-29,0,0.0,4.45,7.16,1
IMO9825439,Flex Courageous,LNG,NGBON,Bonny,2020-06-12,2020-06-15,14,0.0,4.45,7.16,2
IMO9825439,Flex Courageous,LNG,SGSIN,Singapore,2021-11-01,2021-11-04,504,5798.0,1.28,103.85,3
IMO9825439,Flex Courageous,LNG,SGSIN,Singapore,2021-11-18,2021-11-21,14,0.0,1.28,103.85,4
IMO9825568,Rias Baixas Knutsen,LNG,DZAZW,Arzew,2021-09-15,2021-09-18,0,0.0,35.85,-0.31,1
IMO9825568,Rias Baixas Knutsen,LNG,DZAZW,Arzew,2021-10-02,2021-10-05,14,0.0,35.85,-0.31,2
IMO9825568,Rias Baixas Knutsen,LNG,USSPG,Sabine Pass,2023-06-29,2023-07-02,632,4546.0,29.73,-93.87,3
IMO9825568,Rias Baixas Knutsen,LNG,USSPG,Sabine Pass,2023-07-16,2023-07-19,14,0.0,29.73,-93.87,4
IMO9826110,Papalemos,Tankers,SGSIN,Singapore,2020-02-12,2020-02-15,14,0.0,1.28,103.85,1
IMO9826110,Papalemos,Tankers,SGSIN,Singapore,2020-02-29,2020-03-03,14,0.0,1.28,103.85,2
IMO9826110,Papalemos,Tankers,CNNGB,Ningbo-Zhoushan,2020-03-17,2020-03-20,14,1991.7,29.87,121.55,3
IMO9826110,Papalemos,Tankers,CNNGB,Ningbo-Zhoushan,2020-04-03,2020-04-06,14,0.0,29.87,121.55,4
IMO9826110,Papalemos,Tankers,CNNGB,Ningbo-Zhoushan,2020-04-20,2020-04-23,14,0.0,29.87,121.55,5
IMO9826110,Papalemos,Tankers,SARRT,Ras Tanura,2023-05-08,2023-05-11,1110,3717.6,26.65,50.16,6
IMO9826122,Bunga Kasturi Tiga,Tankers,CNNGB,Ningbo-Zhoushan,2020-01-20,2020-01-23,14,0.0,29.87,121.55,1
IMO9826122,Maria P. Lemos o/o,Tankers,CNNGB,Ningbo-Zhoushan,2020-01-22,2020-01-25,14,0.0,29.87,121.55,1
IMO9826122,Maria P. Lemos,Tankers,CNNGB,Ningbo-Zhoushan,2020-01-28,2020-01-31,14,0.0,29.87,121.55,1
IMO9826122,Bunga Kasturi Tiga,Tankers,SGSIN,Singapore,2020-02-06,2020-02-09,14,1991.7,1.28,103.85,2
IMO9826122,Maria P. Lemos,Tankers,CNNGB,Ningbo-Zhoushan,2020-02-14,2020-02-17,14,0.0,29.87,121.55,2
IMO9826122,Maria P. Lemos (MERCURIA),Tankers,KWMFA,Mina Al Ahmadi,2021-08-25,2021-08-28,0,0.0,29.07,48.15,1
IMO9826847,Landbridge Horizon (BP),Tankers,KRUSN,Ulsan,2021-03-23,2021-03-26,14,0.0,35.5,129.38,1
IMO9826847,Landbridge Horizon (BP),Tankers,INSIK,Sikka / Jamnagar,2021-04-09,2021-04-12,14,3176.8,22.43,69.84,2
IMO9826847,Landbridge Horizon,Tankers,KWMFA,Mina Al Ahmadi,2024-10-30,2024-11-02,0,0.0,29.07,48.15,1
IMO9826847,Very Lucky O/O,Tankers,SARRT,Ras Tanura,2026-01-30,2026-02-02,0,0.0,26.65,50.16,1
IMO9827358,Tenryu (KOCH),Tankers,SARRT,Ras Tanura,2020-05-18,2020-05-21,0,0.0,26.65,50.16,1
IMO9827358,Tenryu,Tankers,CNNGB,Ningbo-Zhoushan,2020-06-03,2020-06-06,14,0.0,29.87,121.55,1
IMO9827358,Tenryu (KOCH),Tankers,SAYNB,Yanbu,2020-06-04,2020-06-07,14,673.9,24.09,38.06,2
IMO9827683,Richmond Voyager,Tankers,CNNGB,Ningbo-Zhoushan,2019-04-24,2019-04-27,14,0.0,29.87,121.55,1
IMO9827683,Richmond Voyager,Tankers,CNNGB,Ningbo-Zhoushan,2019-05-11,2019-05-14,14,0.0,29.87,121.55,2
IMO9827683,Richmond Voyager,Tankers,CNNGB,Ningbo-Zhoushan,2019-05-28,2019-05-31,14,0.0,29.87,121.55,3
IMO9827683,Richmond Voyager,Tankers,SARRT,Ras Tanura,2021-10-05,2021-10-08,858,3717.6,26.65,50.16,4
IMO9827695,El Segundo Voyager,Tankers,SARRT,Ras Tanura,2023-02-21,2023-02-24,0,0.0,26.65,50.16,1
IMO9828338,Ascona,Tankers,CNNGB,Ningbo-Zhoushan,2021-09-20,2021-09-23,14,0.0,29.87,121.55,1
IMO9828338,Ascona,Tankers,KRUSN,Ulsan,2021-10-07,2021-10-10,14,520.1,35.5,129.38,2
IMO9828338,Ascona,Tankers,SGSIN,Singapore,2021-10-24,2021-10-27,14,2499.7,1.28,103.85,3
IMO9828338,Ascona,Tankers,KRUSN,Ulsan,2021-11-10,2021-11-13,14,2499.7,35.5,129.38,4
IMO9828338,Ascona,Tankers,SARRT,Ras Tanura,2024-06-27,2024-06-30,957,4000.9,26.65,50.16,5
IMO9828338,Ascona,Tankers,CNNGB,Ningbo-Zhoushan,2024-07-14,2024-07-17,14,3717.6,29.87,121.55,7
IMO9828338,Ascona,Tankers,SARRT,Ras Tanura,2025-06-17,2025-06-20,335,3717.6,26.65,50.16,8
IMO9828338,Ascona,Tankers,KWMFA,Mina Al Ahmadi,2025-10-01,2025-10-04,103,180.3,29.07,48.15,9
IMO9828778,Landbridge Glory,Tankers,CNNGB,Ningbo-Zhoushan,2021-03-16,2021-03-19,14,0.0,29.87,121.55,1
IMO9828778,Landbridge Glory,Tankers,KRUSN,Ulsan,2021-04-02,2021-04-05,14,520.1,35.5,129.38,2
IMO9828778,Landbridge Glory,Tankers,CNNGB,Ningbo-Zhoushan,2021-04-19,2021-04-22,14,520.1,29.87,121.55,3
IMO9828780,Landbridge Wisdom,Tankers,JPCHB,Chiba,2022-07-20,2022-07-23,14,0.0,35.6,140.1,1
IMO9828780,Landbridge Wisdom,Tankers,SARRT,Ras Tanura,2024-10-14,2024-10-17,814,4492.2,26.65,50.16,2
IMO9828780,Landbridge Wisdom,Tankers,KRUSN,Ulsan,2024-10-31,2024-11-03,14,4000.9,35.5,129.38,4
IMO9828780,Awabi,Tankers,SGSIN,Singapore,2026-09-03,2026-09-06,14,0.0,1.28,103.85,1
IMO9828962,Phoenix Jamnagar,Tankers,CNNGB,Ningbo-Zhoushan,2019-12-04,2019-12-07,14,0.0,29.87,121.55,1
IMO9828962,Phoenix Jamnagar,Tankers,INSIK,Sikka / Jamnagar,2019-12-21,2019-12-24,14,2799.7,22.43,69.84,2
IMO9828962,Phoenix Jamnagar,Tankers,SARRT,Ras Tanura,2021-11-17,2021-11-20,694,1103.0,26.65,50.16,3
IMO9828962,Phoenix Jamnagar,Tankers,INSIK,Sikka / Jamnagar,2021-12-04,2021-12-07,14,1103.0,22.43,69.84,4
IMO9828962,Phoenix Jamnagar,Tankers,SARRT,Ras Tanura,2024-04-25,2024-04-28,870,1103.0,26.65,50.16,5
IMO9828962,Hakkaisan o/o,Tankers,CNNGB,Ningbo-Zhoushan,2026-03-27,2026-03-30,14,0.0,29.87,121.55,1
IMO9829370,Pacific M,Tankers,KRUSN,Ulsan,2019-10-18,2019-10-21,14,0.0,35.5,129.38,1
IMO9829370,Pacific M,Tankers,KRUSN,Ulsan,2019-11-04,2019-11-07,14,0.0,35.5,129.38,2
IMO9829370,Pacific M,Tankers,SARRT,Ras Tanura,2022-05-26,2022-05-29,931,4000.9,26.65,50.16,3
IMO9829370,Pacific M,Tankers,SGSIN,Singapore,2022-06-12,2022-06-15,14,3444.8,1.28,103.85,4
IMO9829370,Universal Innovator (BP),Tankers,CNQDG,Qingdao,2025-03-25,2025-03-28,14,0.0,36.08,120.32,1
IMO9829382,Neptune M (BP),Tankers,SGSIN,Singapore,2019-11-21,2019-11-24,14,0.0,1.28,103.85,1
IMO9829382,Universal Frontier,Tankers,KRUSN,Ulsan,2024-05-14,2024-05-17,14,0.0,35.5,129.38,1
IMO9829382,Universal Frontier,Tankers,KWMFA,Mina Al Ahmadi,2024-07-16,2024-07-19,60,4023.0,29.07,48.15,2
IMO9829382,Universal Frontier,Tankers,SARRT,Ras Tanura,2025-09-26,2025-09-29,434,180.3,26.65,50.16,3
IMO9829382,Universal Frontier,Tankers,KWMFA,Mina Al Ahmadi,2026-02-02,2026-02-05,126,180.3,29.07,48.15,4
IMO9829382,Universal Frontier,Tankers,SAYNB,Yanbu,2026-05-05,2026-05-08,89,618.4,24.09,38.06,5
IMO9829382,Universal Frontier,Tankers,AEFJR,Fujairah,2026-08-05,2026-08-08,89,999.0,25.13,56.34,6
IMO9829631,Ninawa,Tankers,KRUSN,Ulsan,2019-06-12,2019-06-15,14,0.0,35.5,129.38,1
IMO9829631,Ninawa,Tankers,KWMFA,Mina Al Ahmadi,2020-01-02,2020-01-05,201,4023.0,29.07,48.15,2
IMO9829655,Kirkuk,Tankers,KWMFA,Mina Al Ahmadi,2021-03-04,2021-03-07,0,0.0,29.07,48.15,1
IMO9829655,Kirkuk,Tankers,KRUSN,Ulsan,2021-03-21,2021-03-24,14,4023.0,35.5,129.38,2
IMO9829655,Kirkuk,Tankers,SARRT,Ras Tanura,2023-07-05,2023-07-08,833,4000.9,26.65,50.16,3
IMO9829655,Kirkuk,Tankers,INSIK,Sikka / Jamnagar,2023-07-22,2023-07-25,14,1103.0,22.43,69.84,4
IMO9829655,Kirkuk,Tankers,NLRTM,Rotterdam,2023-08-08,2023-08-11,14,3449.7,51.92,4.47,5
IMO9829655,Kirkuk O/O,Tankers,SARRT,Ras Tanura,2024-10-23,2024-10-26,0,0.0,26.65,50.16,1
IMO9829655,Kirkuk O/O,Tankers,INSIK,Sikka / Jamnagar,2024-11-09,2024-11-12,14,1103.0,22.43,69.84,2
IMO9829655,Kirkuk O/O,Tankers,SARRT,Ras Tanura,2024-12-19,2024-12-22,37,1103.0,26.65,50.16,3
IMO9829801,Cap Port Arthur,Tankers,USCRP,Corpus Christi,2020-04-03,2020-04-06,0,0.0,27.81,-97.39,1
IMO9829813,Cap Corpus Christi,Tankers,DZAZW,Arzew,2019-05-13,2019-05-16,0,0.0,35.85,-0.31,1
IMO9830094,Front Defender,Tankers,SGSIN,Singapore,2019-06-17,2019-06-20,14,0.0,1.28,103.85,1
IMO9830109,Front TBN,Tankers,INSIK,Sikka / Jamnagar,2022-08-26,2022-08-29,14,0.0,22.43,69.84,1
IMO9830109,Front TBN,Tankers,SGSIN,Singapore,2022-09-12,2022-09-15,14,2355.7,1.28,103.85,2
IMO9830109,Front Discovery,Tankers,SAYNB,Yanbu,2026-06-18,2026-06-21,0,0.0,24.09,38.06,1
IMO9830795,Amphion,Tankers,SGSIN,Singapore,2019-07-26,2019-07-29,14,0.0,1.28,103.85,1
IMO9830795,Amphion,Tankers,CNNGB,Ningbo-Zhoushan,2019-08-12,2019-08-15,14,1991.7,29.87,121.55,2
IMO9830795,Amphion,Tankers,SGSIN,Singapore,2019-08-29,2019-09-01,14,1991.7,1.28,103.85,3
IMO9830795,AMPHION,Tankers,SARRT,Ras Tanura,2025-01-20,2025-01-23,0,0.0,26.65,50.16,1
IMO9830800,Amyntas,Tankers,CNQDG,Qingdao,2019-08-30,2019-09-02,14,0.0,36.08,120.32,1
IMO9830800,Amyntas,Tankers,CNNGB,Ningbo-Zhoushan,2019-09-16,2019-09-19,14,378.0,29.87,121.55,2
IMO9830800,Amyntas,Tankers,CNNGB,Ningbo-Zhoushan,2019-10-03,2019-10-06,14,0.0,29.87,121.55,3
IMO9830800,Amyntas,Tankers,CNNGB,Ningbo-Zhoushan,2019-10-20,2019-10-23,14,0.0,29.87,121.55,4
IMO9830800,Amyntas,Tankers,CNNGB,Ningbo-Zhoushan,2019-11-06,2019-11-09,14,0.0,29.87,121.55,5
IMO9830812,Andronikos,Tankers,CNNGB,Ningbo-Zhoushan,2020-11-13,2020-11-16,14,0.0,29.87,121.55,1
IMO9830812,Andronikos,Tankers,CNNGB,Ningbo-Zhoushan,2020-11-30,2020-12-03,14,0.0,29.87,121.55,2
IMO9830824,Hillah (Ex Agitos),Tankers,SARRT,Ras Tanura,2020-04-22,2020-04-25,0,0.0,26.65,50.16,1
IMO9830824,Agitos,Tankers,CNNGB,Ningbo-Zhoushan,2021-05-27,2021-05-30,14,0.0,29.87,121.55,1
IMO9830824,Agitos,Tankers,CNNGB,Ningbo-Zhoushan,2021-06-13,2021-06-16,14,0.0,29.87,121.55,2
IMO9830824,Agitos,Tankers,SARRT,Ras Tanura,2023-09-20,2023-09-23,826,3717.6,26.65,50.16,3
IMO9830824,Agitos,Tankers,CNNGB,Ningbo-Zhoushan,2023-10-07,2023-10-10,14,3717.6,29.87,121.55,5
IMO9830824,Uqab,Tankers,CNQDG,Qingdao,2025-12-22,2025-12-25,14,0.0,36.08,120.32,1
IMO9830965,Khk Empress,Tankers,SGSIN,Singapore,2019-10-31,2019-11-03,14,0.0,1.28,103.85,1
IMO9830977,Khk Majesty,Tankers,KWMFA,Mina Al Ahmadi,2024-02-29,2024-03-03,0,0.0,29.07,48.15,1
IMO9830977,Khk Majesty,Tankers,SGSIN,Singapore,2025-07-28,2025-07-31,512,3589.4,1.28,103.85,2
IMO9831218,Irini N. Lemos,Tankers,CNNGB,Ningbo-Zhoushan,2020-08-25,2020-08-28,14,0.0,29.87,121.55,1
IMO9831218,Irini N. Lemos,Tankers,CNNGB,Ningbo-Zhoushan,2020-09-11,2020-09-14,14,0.0,29.87,121.55,2
IMO9831218,Irini N. Lemos,Tankers,AEFJR,Fujairah,2026-05-11,2026-05-14,2065,3438.5,25.13,56.34,3
IMO9831218,Irini N. Lemos,Tankers,AEFJR,Fujairah,2026-08-19,2026-08-22,97,0.0,25.13,56.34,4
IMO9831218,Irini N. Lemos (Vitol),Tankers,AEFJR,Fujairah,2026-09-01,2026-09-04,0,0.0,25.13,56.34,1
IMO9831220,Adriano Knutsen,LNG,QARLF,Ras Laffan,2019-07-29,2019-08-01,0,0.0,25.92,51.53,1
IMO9831220,Adriano Knutsen,LNG,QARLF,Ras Laffan,2019-08-15,2019-08-18,14,0.0,25.92,51.53,2
IMO9831517,Astipaela,LPG,USHOU,Houston,2020-05-21,2020-05-24,0,0.0,29.74,-95.27,1
IMO9831804,Olympic Laurel,Tankers,SGSIN,Singapore,2020-05-08,2020-05-11,0,0.0,1.28,103.85,1
IMO9831804,Olympic Laurel,Tankers,SGSIN,Singapore,2020-05-11,2020-05-14,1,0.0,1.28,103.85,2
IMO9831804,Olympic Laurel,Tankers,NGBON,Bonny,2020-06-23,2020-06-26,40,5798.0,4.45,7.16,3
IMO9831804,Olympic Laurel,Tankers,KWMFA,Mina Al Ahmadi,2022-02-17,2022-02-20,601,2758.1,29.07,48.15,4
IMO9831804,Olympic Laurel,Tankers,KRUSN,Ulsan,2022-03-06,2022-03-09,14,4023.0,35.5,129.38,5
IMO9831816,Olympic Lyra,Tankers,CNNGB,Ningbo-Zhoushan,2019-06-02,2019-06-05,14,0.0,29.87,121.55,1
IMO9831816,Olympic Lyra,Tankers,CNNGB,Ningbo-Zhoushan,2019-06-19,2019-06-22,14,0.0,29.87,121.55,2
IMO9831816,Olympic Lyra,Tankers,ZASDB,Saldanha Bay,2021-01-04,2021-01-07,562,6980.0,-33.02,17.95,3
IMO9831816,Olympic Lyra,Tankers,NLRTM,Rotterdam,2021-01-21,2021-01-24,14,5149.0,51.92,4.47,4
IMO9831816,Olympic Lyra,Tankers,INSIK,Sikka / Jamnagar,2021-02-07,2021-02-10,14,3449.7,22.43,69.84,5
IMO9831816,Olympic Lyra,Tankers,KWMFA,Mina Al Ahmadi,2023-03-30,2023-04-02,778,1236.5,29.07,48.15,6
IMO9831816,Olympic Lyra,Tankers,KWMFA,Mina Al Ahmadi,2024-03-05,2024-03-08,338,0.0,29.07,48.15,7
IMO9831828,Marlin Savannah,Tankers,DZAZW,Arzew,2020-03-04,2020-03-07,0,0.0,35.85,-0.31,1
IMO9831828,Front Savannah,Tankers,NLRTM,Rotterdam,2020-07-29,2020-08-01,14,0.0,51.92,4.47,1
IMO9831828,Front Savannah,Tankers,SARRT,Ras Tanura,2021-01-07,2021-01-10,159,2547.4,26.65,50.16,2
IMO9831828,Front Savannah,Tankers,AEFJR,Fujairah,2021-01-24,2021-01-27,14,346.0,25.13,56.34,3
IMO9831828,Front Savannah,Tankers,NLRTM,Rotterdam,2021-02-10,2021-02-13,14,2835.7,51.92,4.47,4
IMO9831828,Front Savannah,Tankers,DZAZW,Arzew,2025-07-01,2025-07-04,1599,986.2,35.85,-0.31,5
IMO9831830,Marlin Suez,Tankers,NLRTM,Rotterdam,2019-07-04,2019-07-07,0,0.0,51.92,4.47,1
IMO9831830,Front Suez,Tankers,ZASDB,Saldanha Bay,2020-07-02,2020-07-05,14,0.0,-33.02,17.95,1
IMO9831830,Front Suez,Tankers,SGSIN,Singapore,2025-11-11,2025-11-14,1955,5239.3,1.28,103.85,2
IMO9831830,Front Suez,Tankers,CNNGB,Ningbo-Zhoushan,2025-11-28,2025-12-01,14,1991.7,29.87,121.55,3
IMO9831830,Front Suez,Tankers,NLRTM,Rotterdam,2026-05-27,2026-05-30,177,4890.7,51.92,4.47,4
IMO9831842,Marlin Santiago,Tankers,NGBON,Bonny,2019-07-01,2019-07-04,0,0.0,4.45,7.16,1
IMO9831842,Front Santiago,Tankers,CNNGB,Ningbo-Zhoushan,2021-10-07,2021-10-10,14,0.0,29.87,121.55,1
IMO9831842,Front Santiago,Tankers,SGSIN,Singapore,2021-10-24,2021-10-27,14,1991.7,1.28,103.85,2
IMO9831854,Marlin Seoul,Tankers,CNNGB,Ningbo-Zhoushan,2019-10-17,2019-10-20,14,0.0,29.87,121.55,1
IMO9831854,Front Seoul,Tankers,BRSSZ,Santos,2021-08-06,2021-08-09,0,0.0,-23.96,-46.33,1
IMO9831854,Front Seoul,Tankers,SAYNB,Yanbu,2022-02-24,2022-02-27,199,5693.7,24.09,38.06,2
IMO9831854,Front Seoul,Tankers,NLRTM,Rotterdam,2023-11-20,2023-11-23,631,2268.6,51.92,4.47,3
IMO9831854,Front Seoul,Tankers,CNNGB,Ningbo-Zhoushan,2023-12-07,2023-12-10,14,4890.7,29.87,121.55,4
IMO9831854,Front Seoul,Tankers,SGSIN,Singapore,2025-06-02,2025-06-05,540,1991.7,1.28,103.85,5
IMO9831854,Front Seoul,Tankers,KRUSN,Ulsan,2026-03-16,2026-03-19,284,2499.7,35.5,129.38,6
IMO9832248,Marlin Singapore,Tankers,DZAZW,Arzew,2019-04-12,2019-04-15,0,0.0,35.85,-0.31,1
IMO9832248,Front Singapore,Tankers,CNQDG,Qingdao,2020-07-29,2020-08-01,14,0.0,36.08,120.32,1
IMO9832248,Front Singapore,Tankers,USCRP,Corpus Christi,2020-10-19,2020-10-22,79,6418.6,27.81,-97.39,2
IMO9832248,Front Singapore,Tankers,NLRTM,Rotterdam,2020-11-05,2020-11-08,14,4516.2,51.92,4.47,3
IMO9832248,Front Singapore,Tankers,CNNGB,Ningbo-Zhoushan,2020-11-22,2020-11-25,14,4890.7,29.87,121.55,4
IMO9832250,Marlin Siena,Tankers,SGSIN,Singapore,2019-04-05,2019-04-08,14,0.0,1.28,103.85,1
IMO9832250,Front Siena,Tankers,KWMFA,Mina Al Ahmadi,2020-05-05,2020-05-08,0,0.0,29.07,48.15,1
IMO9832250,Front Siena,Tankers,SGSIN,Singapore,2020-05-22,2020-05-25,14,3589.4,1.28,103.85,2
IMO9832250,Front Siena,Tankers,CNNGB,Ningbo-Zhoushan,2020-06-08,2020-06-11,14,1991.7,29.87,121.55,3
IMO9832250,Front Siena,Tankers,NLRTM,Rotterdam,2020-06-25,2020-06-28,14,4890.7,51.92,4.47,4
IMO9832250,Front Siena,Tankers,SAYNB,Yanbu,2023-02-24,2023-02-27,971,2268.6,24.09,38.06,5
IMO9832250,Front Siena,Tankers,AEFJR,Fujairah,2025-05-20,2025-05-23,813,999.0,25.13,56.34,6
IMO9832262,Marlin Shanghai,Tankers,SGSIN,Singapore,2019-09-18,2019-09-21,14,0.0,1.28,103.85,1
IMO9832262,Marlin Shanghai,Tankers,SAYNB,Yanbu,2019-11-07,2019-11-10,47,4050.1,24.09,38.06,2
IMO9832262,Front Shanghai,Tankers,SARRT,Ras Tanura,2020-08-06,2020-08-09,0,0.0,26.65,50.16,1
IMO9832262,Front Shanghai,Tankers,SAYNB,Yanbu,2022-12-20,2022-12-23,863,673.9,24.09,38.06,2
IMO9832262,Front Shanghai,Tankers,INSIK,Sikka / Jamnagar,2023-01-06,2023-01-09,14,1752.1,22.43,69.84,3
IMO9832262,Front Shanghai,Tankers,SAYNB,Yanbu,2023-07-21,2023-07-24,193,1752.1,24.09,38.06,4
IMO9832274,Marlin Silkeborg,Tankers,CNNGB,Ningbo-Zhoushan,2019-07-22,2019-07-25,14,0.0,29.87,121.55,1
IMO9832274,Marlin Silkeborg,Tankers,NGBON,Bonny,2019-09-03,2019-09-06,40,6518.2,4.45,7.16,2
IMO9832274,Front Silkeborg,Tankers,SGSIN,Singapore,2020-05-01,2020-05-04,14,0.0,1.28,103.85,1
IMO9832274,Front Silkeborg,Tankers,SAYNB,Yanbu,2020-08-24,2020-08-27,112,4050.1,24.09,38.06,2
IMO9832274,Front Silkeborg,Tankers,SARRT,Ras Tanura,2023-12-22,2023-12-25,1212,673.9,26.65,50.16,3
IMO9832274,Front Silkeborg,Tankers,NLRTM,Rotterdam,2024-01-08,2024-01-11,14,2547.4,51.92,4.47,4
IMO9832274,Front Silkeborg,Tankers,SARRT,Ras Tanura,2026-01-13,2026-01-16,733,2547.4,26.65,50.16,5
IMO9833570,Earth Summit,LPG,USHOU,Houston,2020-05-21,2020-05-24,0,0.0,29.74,-95.27,1
IMO9833570,Earth Summit ,LPG,USHOU,Houston,2022-04-15,2022-04-18,14,0.0,29.74,-95.27,1
IMO9834301,LNG Merak,LNG,NGBON,Bonny,2020-09-16,2020-09-19,0,0.0,4.45,7.16,1
IMO9834301,LNG Merak,LNG,NGBON,Bonny,2020-10-03,2020-10-06,14,0.0,4.45,7.16,2
IMO9834442,Houston Voyager,Tankers,CNNGB,Ningbo-Zhoushan,2020-07-15,2020-07-18,14,0.0,29.87,121.55,1
IMO9834454,London Voyager,Tankers,AEFJR,Fujairah,2025-11-03,2025-11-06,0,0.0,25.13,56.34,1
IMO9835836,Marlin Santorini,Tankers,CNNGB,Ningbo-Zhoushan,2019-07-08,2019-07-11,14,0.0,29.87,121.55,1
IMO9835836,Marlin Santorini,Tankers,USCRP,Corpus Christi,2020-01-01,2020-01-04,174,6686.1,27.81,-97.39,2
IMO9835836,Marlin Santorini,Tankers,CNRZH,Rizhao,2020-01-18,2020-01-21,14,6473.0,35.42,119.53,3
IMO9835836,Marlin Santorini,Tankers,SGSIN,Singapore,2020-02-04,2020-02-07,14,2228.8,1.28,103.85,4
IMO9835836,Marlin Santorini,Tankers,SARRT,Ras Tanura,2020-11-30,2020-12-03,297,3444.8,26.65,50.16,5
IMO9835836,Marlin Santorini,Tankers,SAYNB,Yanbu,2021-12-22,2021-12-25,384,673.9,24.09,38.06,6
IMO9835836,Marlin Santorini,Tankers,DZAZW,Arzew,2022-05-20,2022-05-23,146,2101.2,35.85,-0.31,7
IMO9835836,Marlin Santorini,Tankers,DZAZW,Arzew,2024-05-09,2024-05-12,717,0.0,35.85,-0.31,8
IMO9835836,Marlin Santorini,Tankers,ZASDB,Saldanha Bay,2024-05-26,2024-05-29,14,4260.3,-33.02,17.95,9
IMO9835836,Marlin Santorini,Tankers,SARRT,Ras Tanura,2026-06-25,2026-06-28,757,4026.8,26.65,50.16,10
IMO9835848,MARAN PENELOPE,Tankers,NGBON,Bonny,2019-05-14,2019-05-17,0,0.0,4.45,7.16,1
IMO9835848,Marlin Sicily,Tankers,CNQDG,Qingdao,2020-06-15,2020-06-18,14,0.0,36.08,120.32,1
IMO9835848,Marlin Sicily,Tankers,CNNGB,Ningbo-Zhoushan,2020-07-02,2020-07-05,14,378.0,29.87,121.55,2
IMO9835848,Marlin Sicily,Tankers,NLRTM,Rotterdam,2021-10-07,2021-10-10,459,4890.7,51.92,4.47,3
IMO9835848,Marlin Sicily,Tankers,USCRP,Corpus Christi,2022-02-17,2022-02-20,130,4516.2,27.81,-97.39,4
IMO9835848,Marlin Sicily,Tankers,CNNGB,Ningbo-Zhoushan,2022-03-06,2022-03-09,14,6686.1,29.87,121.55,5
IMO9835848,Marlin Sicily,Tankers,DZAZW,Arzew,2024-02-16,2024-02-19,709,5676.8,35.85,-0.31,6
IMO9835848,Marlin Sicily,Tankers,DZAZW,Arzew,2024-10-08,2024-10-11,232,0.0,35.85,-0.31,7
IMO9835850,Marlin Somerset,Tankers,SGSIN,Singapore,2020-04-30,2020-05-03,14,0.0,1.28,103.85,1
IMO9835850,Marlin Somerset,Tankers,SGSIN,Singapore,2020-05-17,2020-05-20,14,0.0,1.28,103.85,2
IMO9835850,Marlin Somerset,Tankers,SARRT,Ras Tanura,2022-02-24,2022-02-27,645,3444.8,26.65,50.16,3
IMO9835850,Marlin Somerset,Tankers,INSIK,Sikka / Jamnagar,2022-03-13,2022-03-16,14,1103.0,22.43,69.84,4
IMO9835862,Marlin Sardinia,Tankers,DZAZW,Arzew,2020-10-29,2020-11-01,0,0.0,35.85,-0.31,1
IMO9835862,Marlin Sardinia,Tankers,CNNGB,Ningbo-Zhoushan,2020-11-15,2020-11-18,14,5676.8,29.87,121.55,2
IMO9835862,Marlin Sardinia,Tankers,NLRTM,Rotterdam,2020-12-02,2020-12-05,14,4890.7,51.92,4.47,3
IMO9835862,Marlin Sardinia,Tankers,INSIK,Sikka / Jamnagar,2024-06-14,2024-06-17,1287,3449.7,22.43,69.84,4
IMO9836039,G. Dolce,LPG,AUDAM,Dampier,2023-08-31,2023-09-03,0,0.0,-20.65,116.71,1
IMO9837066,Vasant 1,LNG,AUDRW,Darwin,2021-01-04,2021-01-07,0,0.0,-12.46,130.84,1
IMO9837066,Vasant 1,LNG,AUDRW,Darwin,2021-01-21,2021-01-24,14,0.0,-12.46,130.84,2
IMO9837111,Gaz Imperial,LPG,USHOU,Houston,2022-02-10,2022-02-13,0,0.0,29.74,-95.27,1
IMO9837111,Gaz Imperial,LPG,USHOU,Houston,2022-03-24,2022-03-27,39,0.0,29.74,-95.27,2
IMO9837111,Gaz Imperial,LPG,SAYNB,Yanbu,2022-12-01,2022-12-04,249,6602.3,24.09,38.06,3
IMO9837111,Gaz Imperial,LPG,USHOU,Houston,2023-08-10,2023-08-13,249,6602.3,29.74,-95.27,4
IMO9837597,Universal Leader,Tankers,SARRT,Ras Tanura,2022-01-24,2022-01-27,0,0.0,26.65,50.16,1
IMO9837597,Universal Leader,Tankers,SARRT,Ras Tanura,2022-04-14,2022-04-17,77,0.0,26.65,50.16,3
IMO9837597,Universal Leader,Tankers,SARRT,Ras Tanura,2023-05-22,2023-05-25,400,0.0,26.65,50.16,4
IMO9837597,Universal Leader,Tankers,SARRT,Ras Tanura,2025-02-25,2025-02-28,642,0.0,26.65,50.16,5
IMO9837597,Universal Leader,Tankers,AEFJR,Fujairah,2026-07-17,2026-07-20,504,346.0,25.13,56.34,6
IMO9837602,Universal Winner (BP),Tankers,CNNGB,Ningbo-Zhoushan,2019-10-31,2019-11-03,14,0.0,29.87,121.55,1
IMO9837602,Universal Winner,Tankers,SAYNB,Yanbu,2022-03-16,2022-03-19,0,0.0,24.09,38.06,1
IMO9837602,Universal Winner,Tankers,SARRT,Ras Tanura,2022-12-22,2022-12-25,278,673.9,26.65,50.16,2
IMO9837602,Universal Winner,Tankers,SAYNB,Yanbu,2026-06-29,2026-07-02,1282,673.9,24.09,38.06,3
IMO9837614,Universal Partner,Tankers,KRUSN,Ulsan,2020-05-04,2020-05-07,14,0.0,35.5,129.38,1
IMO9837614,Universal Partner,Tankers,KRUSN,Ulsan,2020-05-21,2020-05-24,14,0.0,35.5,129.38,2
IMO9837614,Universal Partner,Tankers,KRUSN,Ulsan,2020-06-07,2020-06-10,14,0.0,35.5,129.38,3
IMO9837626,V. Progress o/o,Tankers,CNNGB,Ningbo-Zhoushan,2021-01-29,2021-02-01,14,0.0,29.87,121.55,1
IMO9837626,Universal Creator*,Tankers,SARRT,Ras Tanura,2024-08-22,2024-08-25,0,0.0,26.65,50.16,1
IMO9837626,Universal Creator,Tankers,SARRT,Ras Tanura,2024-12-09,2024-12-12,0,0.0,26.65,50.16,1
IMO9837626,Universal Creator,Tankers,DZAZW,Arzew,2026-06-12,2026-06-15,547,2619.7,35.85,-0.31,2
IMO9837638,Universal Victor,Tankers,KWMFA,Mina Al Ahmadi,2021-04-22,2021-04-25,0,0.0,29.07,48.15,1
IMO9838008,Esteem Astro,Tankers,KWMFA,Mina Al Ahmadi,2021-01-26,2021-01-29,0,0.0,29.07,48.15,1
IMO9838008,Esteem Astro,Tankers,SGSIN,Singapore,2021-02-12,2021-02-15,14,3589.4,1.28,103.85,2
IMO9838008,Esteem Astro,Tankers,KWMFA,Mina Al Ahmadi,2021-06-30,2021-07-03,135,3589.4,29.07,48.15,3
IMO9838008,Esteem Astro,Tankers,SGSIN,Singapore,2021-07-17,2021-07-20,14,3589.4,1.28,103.85,4
IMO9838008,Esteem Astro,Tankers,CNNGB,Ningbo-Zhoushan,2021-08-03,2021-08-06,14,1991.7,29.87,121.55,5
IMO9839606,Happy Albatross,LPG,USHOU,Houston,2020-01-06,2020-01-09,0,0.0,29.74,-95.27,1
IMO9839606,Happy Albatross,LPG,USHOU,Houston,2021-10-14,2021-10-17,644,0.0,29.74,-95.27,2
IMO9841615,Monte Serantes,Tankers,SARRT,Ras Tanura,2020-05-11,2020-05-14,0,0.0,26.65,50.16,1
IMO9841615,Monte Serantes,Tankers,NGBON,Bonny,2025-10-24,2025-10-27,1989,2800.7,4.45,7.16,2
IMO9841615,Monte Serantes,Tankers,DZAZW,Arzew,2025-11-14,2025-11-17,18,1930.1,35.85,-0.31,3
IMO9841615,Monte Serantes,Tankers,NLRTM,Rotterdam,2026-05-18,2026-05-21,182,986.2,51.92,4.47,4
IMO9841627,Marlin Shikoku,Tankers,DZAZW,Arzew,2019-10-15,2019-10-18,0,0.0,35.85,-0.31,1
IMO9841627,Marlin Shikoku,Tankers,NLRTM,Rotterdam,2019-11-01,2019-11-04,14,986.2,51.92,4.47,2
IMO9841627,Marlin Shikoku,Tankers,SAYNB,Yanbu,2020-10-19,2020-10-22,350,2268.6,24.09,38.06,3
IMO9841627,Marlin Shikoku,Tankers,USHOU,Houston,2020-12-01,2020-12-04,40,6602.3,29.74,-95.27,4
IMO9841627,Marlin Shikoku,Tankers,NLRTM,Rotterdam,2020-12-18,2020-12-21,14,4355.9,51.92,4.47,5
IMO9841627,Marlin Shikoku,Tankers,NLRTM,Rotterdam,2021-02-03,2021-02-06,44,0.0,51.92,4.47,6
IMO9841627,Marlin Shikoku,Tankers,SGSIN,Singapore,2021-02-20,2021-02-23,14,5689.2,1.28,103.85,7
IMO9841627,Marlin Shikoku,Tankers,USCRP,Corpus Christi,2021-11-21,2021-11-24,271,8673.9,27.81,-97.39,8
IMO9841627,Marlin Shikoku,Tankers,SGSIN,Singapore,2021-12-08,2021-12-11,14,8673.9,1.28,103.85,9
IMO9841627,Marlin Shikoku,Tankers,CNNGB,Ningbo-Zhoushan,2021-12-25,2021-12-28,14,1991.7,29.87,121.55,10
IMO9842487,Shahrastani,LPG,AUDRW,Darwin,2022-01-13,2022-01-16,0,0.0,-12.46,130.84,1
IMO9842487,Shahrastani,LPG,NGBON,Bonny,2022-04-28,2022-05-01,102,7434.3,4.45,7.16,2
IMO9842487,Shahrastani,LPG,USHOU,Houston,2022-11-24,2022-11-27,207,5914.1,29.74,-95.27,3
IMO9842487,Shahrastani,LPG,QARLF,Ras Laffan,2023-07-13,2023-07-16,228,6958.0,25.92,51.53,4
IMO9842773,BW Magellan,LPG,USHOU,Houston,2022-09-01,2022-09-04,0,0.0,29.74,-95.27,1
IMO9842773,BW Magellan,LPG,USHOU,Houston,2022-09-08,2022-09-11,4,0.0,29.74,-95.27,2
IMO9843297,Yuan Hua Yang,Tankers,CNNGB,Ningbo-Zhoushan,2020-12-31,2021-01-03,14,0.0,29.87,121.55,1
IMO9843297,Yuan Hua Yang,Tankers,KRUSN,Ulsan,2021-01-17,2021-01-20,14,520.1,35.5,129.38,2
IMO9843302,Yuan Gui Yang,Tankers,CNNGB,Ningbo-Zhoushan,2021-07-21,2021-07-24,14,0.0,29.87,121.55,1
IMO9843302,Yuan Gui Yang,Tankers,NLRTM,Rotterdam,2022-03-23,2022-03-26,242,4890.7,51.92,4.47,2
IMO9843302,Yuan Gui Yang,Tankers,SGSIN,Singapore,2022-04-09,2022-04-12,14,5689.2,1.28,103.85,3
IMO9843314,Yuan Fu Yang,Tankers,KRUSN,Ulsan,2023-03-27,2023-03-30,14,0.0,35.5,129.38,1
IMO9843326,Yuan Rui Yang,Tankers,KWMFA,Mina Al Ahmadi,2022-04-04,2022-04-07,0,0.0,29.07,48.15,1
IMO9843326,Yuan Rui Yang,Tankers,KWMFA,Mina Al Ahmadi,2022-09-28,2022-10-01,174,0.0,29.07,48.15,2
IMO9843326,Yuan Rui Yang,Tankers,KWMFA,Mina Al Ahmadi,2023-02-01,2023-02-04,123,0.0,29.07,48.15,3
IMO9843326,Yuan Rui Yang,Tankers,AEFJR,Fujairah,2026-08-11,2026-08-14,1284,497.4,25.13,56.34,4
IMO9843338,Yuan Dong Hai,Tankers,SGSIN,Singapore,2020-12-17,2020-12-20,14,0.0,1.28,103.85,1
IMO9843338,Yuan Dong Hai,Tankers,SGSIN,Singapore,2021-01-03,2021-01-06,14,0.0,1.28,103.85,2
IMO9843338,Yuan Dong Hai,Tankers,DZAZW,Arzew,2021-11-18,2021-11-21,316,6044.3,35.85,-0.31,3
IMO9843338,Yuan Dong Hai,Tankers,SGSIN,Singapore,2021-12-05,2021-12-08,14,6044.3,1.28,103.85,4
IMO9843338,Yuan Dong Hai,Tankers,SGSIN,Singapore,2023-04-10,2023-04-13,488,0.0,1.28,103.85,5
IMO9843338,Yuan Dong Hai,Tankers,SGSIN,Singapore,2023-04-14,2023-04-17,1,0.0,1.28,103.85,6
IMO9843338,Yuan Dong Hai,Tankers,DZAZW,Arzew,2023-08-25,2023-08-28,130,6044.3,35.85,-0.31,7
IMO9843338,Yuan Dong Hai,Tankers,NLRTM,Rotterdam,2023-09-11,2023-09-14,14,986.2,51.92,4.47,8
IMO9843340,Yuan Nan Hai,Tankers,INSIK,Sikka / Jamnagar,2021-03-24,2021-03-27,0,0.0,22.43,69.84,1
IMO9843340,Yuan Nan Hai,Tankers,AEFJR,Fujairah,2021-10-01,2021-10-04,188,758.9,25.13,56.34,2
IMO9843340,Yuan Nan Hai,Tankers,DZAZW,Arzew,2022-05-04,2022-05-07,212,2959.8,35.85,-0.31,3
IMO9843340,Yuan Nan Hai,Tankers,INSIK,Sikka / Jamnagar,2022-05-21,2022-05-24,14,3689.7,22.43,69.84,4
IMO9843340,Yuan Nan Hai,Tankers,DZAZW,Arzew,2023-06-22,2023-06-25,394,3689.7,35.85,-0.31,5
IMO9843352,Yuan Bei Hai,Tankers,SGSIN,Singapore,2021-06-28,2021-07-01,14,0.0,1.28,103.85,1
IMO9843352,Yuan Bei Hai,Tankers,SGSIN,Singapore,2021-07-15,2021-07-18,14,0.0,1.28,103.85,2
IMO9844277,Olympic Life (MERCURIA),Tankers,CNNGB,Ningbo-Zhoushan,2021-05-19,2021-05-22,14,0.0,29.87,121.55,1
IMO9844277,Olympic Life,Tankers,CNNGB,Ningbo-Zhoushan,2021-09-15,2021-09-18,14,0.0,29.87,121.55,1
IMO9844277,Olympic Life,Tankers,CNNGB,Ningbo-Zhoushan,2021-10-02,2021-10-05,14,0.0,29.87,121.55,2
IMO9844277,Olympic Life,Tankers,AEFJR,Fujairah,2022-05-24,2022-05-27,231,3438.5,25.13,56.34,3
IMO9844277,Olympic Life,Tankers,SAYNB,Yanbu,2024-05-08,2024-05-11,712,999.0,24.09,38.06,4
IMO9844277,Olympic Life,Tankers,KWMFA,Mina Al Ahmadi,2025-10-22,2025-10-25,529,618.4,29.07,48.15,5
IMO9845130,Marlin Samara,Tankers,CNNGB,Ningbo-Zhoushan,2019-07-05,2019-07-08,14,0.0,29.87,121.55,1
IMO9845130,Front Samara,Tankers,SARRT,Ras Tanura,2020-03-13,2020-03-16,0,0.0,26.65,50.16,1
IMO9845130,Front Samara,Tankers,CNNGB,Ningbo-Zhoushan,2020-03-30,2020-04-02,14,3717.6,29.87,121.55,2
IMO9845130,Front Samara,Tankers,CNNGB,Ningbo-Zhoushan,2020-04-16,2020-04-19,14,0.0,29.87,121.55,3
IMO9845130,Front Samara,Tankers,KRUSN,Ulsan,2020-05-03,2020-05-06,14,520.1,35.5,129.38,4
IMO9845130,Front Samara,Tankers,NLRTM,Rotterdam,2020-05-20,2020-05-23,14,4816.9,51.92,4.47,5
IMO9845130,Front Samara,Tankers,SGSIN,Singapore,2020-06-06,2020-06-09,14,5689.2,1.28,103.85,6
IMO9845130,Front Samara,Tankers,DZAZW,Arzew,2026-07-29,2026-08-01,2241,6044.3,35.85,-0.31,7
IMO9845154,Universal Creator o/o,Tankers,CNNGB,Ningbo-Zhoushan,2021-01-29,2021-02-01,14,0.0,29.87,121.55,1
IMO9845154,V. Progress,Tankers,CNNGB,Ningbo-Zhoushan,2021-02-04,2021-02-07,14,0.0,29.87,121.55,1
IMO9845154,V. Progress,Tankers,CNNGB,Ningbo-Zhoushan,2021-02-21,2021-02-24,14,0.0,29.87,121.55,2
IMO9845154,V. Progress,Tankers,CNNGB,Ningbo-Zhoushan,2021-03-10,2021-03-13,14,0.0,29.87,121.55,3
IMO9845154,V. Progress,Tankers,CNNGB,Ningbo-Zhoushan,2021-03-27,2021-03-30,14,0.0,29.87,121.55,4
IMO9845154,V. Progress,Tankers,CNNGB,Ningbo-Zhoushan,2021-04-13,2021-04-16,14,0.0,29.87,121.55,5
IMO9845154,V. Progress,Tankers,CNNGB,Ningbo-Zhoushan,2021-04-30,2021-05-03,14,0.0,29.87,121.55,6
IMO9845154,V. Progress,Tankers,CNNGB,Ningbo-Zhoushan,2021-05-17,2021-05-20,14,0.0,29.87,121.55,7
IMO9845154,V. Progress,Tankers,CNNGB,Ningbo-Zhoushan,2021-06-03,2021-06-06,14,0.0,29.87,121.55,8
IMO9845154,V. Progress,Tankers,SAYNB,Yanbu,2026-04-14,2026-04-17,1773,4380.6,24.09,38.06,9
IMO9845154,V. Progress,Tankers,SAYNB,Yanbu,2026-05-28,2026-05-31,41,0.0,24.09,38.06,10
IMO9845154,V. Progress,Tankers,SAYNB,Yanbu,2026-07-21,2026-07-24,51,0.0,24.09,38.06,11
IMO9845221,V. Advance,Tankers,SARRT,Ras Tanura,2021-04-23,2021-04-26,0,0.0,26.65,50.16,1
IMO9845221,V. Advance,Tankers,KWMFA,Mina Al Ahmadi,2021-10-05,2021-10-08,162,180.3,29.07,48.15,2
IMO9845221,V. Advance,Tankers,SAYNB,Yanbu,2026-04-14,2026-04-17,1649,618.4,24.09,38.06,3
IMO9845221,V. Advance,Tankers,AEFJR,Fujairah,2026-05-28,2026-05-31,41,999.0,25.13,56.34,4
IMO9845221,V. Advance,Tankers,AEFJR,Fujairah,2026-08-12,2026-08-15,73,0.0,25.13,56.34,5
IMO9845233,V. Harmony,Tankers,SARRT,Ras Tanura,2023-11-27,2023-11-30,0,0.0,26.65,50.16,1
IMO9845233,V. Harmony,Tankers,AEFJR,Fujairah,2026-06-24,2026-06-27,937,346.0,25.13,56.34,2
IMO9845233,V. Harmony,Tankers,AEFJR,Fujairah,2026-07-06,2026-07-09,9,0.0,25.13,56.34,3
IMO9845506,Agios Nikolas,Tankers,SGSIN,Singapore,2020-02-14,2020-02-17,14,0.0,1.28,103.85,1
IMO9845506,Agios Nikolas,Tankers,SGSIN,Singapore,2020-03-02,2020-03-05,14,0.0,1.28,103.85,2
IMO9845506,Agios Nikolas,Tankers,CNNGB,Ningbo-Zhoushan,2020-03-19,2020-03-22,14,1991.7,29.87,121.55,3
IMO9845506,Agios Nikolas,Tankers,CNNGB,Ningbo-Zhoushan,2020-04-05,2020-04-08,14,0.0,29.87,121.55,4
IMO9845506,Agios Nikolas,Tankers,CNNGB,Ningbo-Zhoushan,2020-04-22,2020-04-25,14,0.0,29.87,121.55,5
IMO9845506,Agios Nikolas,Tankers,CNNGB,Ningbo-Zhoushan,2020-05-09,2020-05-12,14,0.0,29.87,121.55,6
IMO9845506,Agios Nikolas,Tankers,SARRT,Ras Tanura,2026-02-24,2026-02-27,2114,3717.6,26.65,50.16,7
IMO9845685,Nissos Rhenia,Tankers,SARRT,Ras Tanura,2020-04-22,2020-04-25,0,0.0,26.65,50.16,1
IMO9845685,Nissos Rhenia,Tankers,SGSIN,Singapore,2020-05-09,2020-05-12,14,3444.8,1.28,103.85,2
IMO9845697,Nissos Despotiko,Tankers,KWMFA,Mina Al Ahmadi,2020-04-20,2020-04-23,0,0.0,29.07,48.15,1
IMO9845697,Nissos Despotiko,Tankers,CNNGB,Ningbo-Zhoushan,2020-05-07,2020-05-10,14,3765.1,29.87,121.55,2
IMO9845697,Nissos Anafi O/o,Tankers,CNNGB,Ningbo-Zhoushan,2025-11-03,2025-11-06,14,0.0,29.87,121.55,1
IMO9845697,Nissos Despotiko,Tankers,AEFJR,Fujairah,2026-06-03,2026-06-06,2215,3438.5,25.13,56.34,3
IMO9845702,Front Driva,Tankers,KRUSN,Ulsan,2023-04-25,2023-04-28,14,0.0,35.5,129.38,1
IMO9845714,Nissos Antiparos,Tankers,CNNGB,Ningbo-Zhoushan,2019-10-17,2019-10-20,14,0.0,29.87,121.55,1
IMO9845714,Nissos Antiparos,Tankers,SARRT,Ras Tanura,2021-07-01,2021-07-04,620,3717.6,26.65,50.16,2
IMO9845714,Front Nausta,Tankers,CNNGB,Ningbo-Zhoushan,2023-05-08,2023-05-11,14,0.0,29.87,121.55,1
IMO9845788,Bonito Lng,LNG,USCMR,Cameron / Lake Charles,2020-07-03,2020-07-06,0,0.0,30.22,-93.22,1
IMO9845788,Bonito Lng,LNG,USCMR,Cameron / Lake Charles,2020-07-20,2020-07-23,14,0.0,30.22,-93.22,2
IMO9845788,Bonito Lng,LNG,DZAZW,Arzew,2023-10-20,2023-10-23,1184,4501.6,35.85,-0.31,3
IMO9845788,Bonito Lng,LNG,DZAZW,Arzew,2023-11-06,2023-11-09,14,0.0,35.85,-0.31,4
IMO9847114,Marlin Sparta,Tankers,SGSIN,Singapore,2020-01-29,2020-02-01,14,0.0,1.28,103.85,1
IMO9847114,Front Sparta,Tankers,NLRTM,Rotterdam,2023-11-13,2023-11-16,0,0.0,51.92,4.47,1
IMO9847114,Front Sparta,Tankers,NLRTM,Rotterdam,2023-11-30,2023-12-03,14,0.0,51.92,4.47,2
IMO9847621,Yuan Kun Yang,Tankers,SAYNB,Yanbu,2026-03-10,2026-03-13,0,0.0,24.09,38.06,1
IMO9847633,Yuan Peng Yang O/O,Tankers,SAYNB,Yanbu,2026-06-24,2026-06-27,0,0.0,24.09,38.06,1
IMO9848223,Toya,Tankers,INSIK,Sikka / Jamnagar,2020-11-10,2020-11-13,14,0.0,22.43,69.84,1
IMO9848223,Toya,Tankers,INSIK,Sikka / Jamnagar,2020-11-27,2020-11-30,14,0.0,22.43,69.84,2
IMO9848223,Toya,Tankers,INSIK,Sikka / Jamnagar,2020-12-14,2020-12-17,14,0.0,22.43,69.84,3
IMO9848223,Toya,Tankers,INSIK,Sikka / Jamnagar,2020-12-31,2021-01-03,14,0.0,22.43,69.84,4
IMO9848223,Toya,Tankers,CNNGB,Ningbo-Zhoushan,2021-01-17,2021-01-20,14,2799.7,29.87,121.55,5
IMO9848223,Toya,Tankers,INSIK,Sikka / Jamnagar,2021-02-03,2021-02-06,14,2799.7,22.43,69.84,6
IMO9848223,Toya,Tankers,INSIK,Sikka / Jamnagar,2021-02-20,2021-02-23,14,0.0,22.43,69.84,7
IMO9848223,Toya,Tankers,INSIK,Sikka / Jamnagar,2021-03-09,2021-03-12,14,0.0,22.43,69.84,8
IMO9849631,Gas Umm Al Rowaisat,LPG,QARLF,Ras Laffan,2020-07-30,2020-08-02,0,0.0,25.92,51.53,1
IMO9849631,Gas Umm Al Rowaisat,LPG,QARLF,Ras Laffan,2024-01-17,2024-01-20,1263,0.0,25.92,51.53,2
IMO9849851,V. Glory (GSC),Tankers,SGSIN,Singapore,2020-02-17,2020-02-20,14,0.0,1.28,103.85,1
IMO9849851,V. Glory (NB),Tankers,SGSIN,Singapore,2020-02-18,2020-02-21,14,0.0,1.28,103.85,1
IMO9849851,V. Glory,Tankers,SGSIN,Singapore,2020-03-03,2020-03-06,14,0.0,1.28,103.85,1
IMO9849851,V. Glory (NB),Tankers,SGSIN,Singapore,2020-03-06,2020-03-09,14,0.0,1.28,103.85,2
IMO9849851,V. Glory,Tankers,INSIK,Sikka / Jamnagar,2020-03-20,2020-03-23,14,2355.7,22.43,69.84,2
IMO9849851,V. Glory (NB),Tankers,SGSIN,Singapore,2020-03-23,2020-03-26,14,0.0,1.28,103.85,3
IMO9849851,V. Glory,Tankers,SGSIN,Singapore,2020-04-06,2020-04-09,14,2355.7,1.28,103.85,3
IMO9849851,V. Glory,Tankers,SAYNB,Yanbu,2026-03-11,2026-03-14,2162,4050.1,24.09,38.06,4
IMO9849851,V. Glory,Tankers,AEFJR,Fujairah,2026-05-12,2026-05-15,59,999.0,25.13,56.34,5
IMO9849851,V. Glory,Tankers,SAYNB,Yanbu,2026-07-21,2026-07-24,67,999.0,24.09,38.06,6
IMO9849863,V. Prosperity (GSC) (NB),Tankers,SGSIN,Singapore,2020-01-31,2020-02-03,14,0.0,1.28,103.85,1
IMO9849863,V. Prosperity,Tankers,AEFJR,Fujairah,2025-10-08,2025-10-11,0,0.0,25.13,56.34,1
IMO9849863,V. Prosperity,Tankers,SAYNB,Yanbu,2026-06-05,2026-06-08,237,999.0,24.09,38.06,2
IMO9850678,Bw Pavilion Aranthera,LNG,USCVP,Cove Point,2023-01-19,2023-01-22,0,0.0,38.39,-76.38,1
IMO9850678,Bw Pavilion Aranthera,LNG,USCVP,Cove Point,2023-02-05,2023-02-08,14,0.0,38.39,-76.38,2
IMO9851128,Prima Energy,LPG,QARLF,Ras Laffan,2023-03-24,2023-03-27,0,0.0,25.92,51.53,1
IMO9851830,Hili,Tankers,SARRT,Ras Tanura,2021-04-28,2021-05-01,0,0.0,26.65,50.16,1
IMO9851830,Hili,Tankers,KWMFA,Mina Al Ahmadi,2023-04-25,2023-04-28,724,180.3,29.07,48.15,2
IMO9851830,Hili,Tankers,KRUSN,Ulsan,2023-05-12,2023-05-15,14,4023.0,35.5,129.38,3
IMO9851830,HILI,Tankers,SARRT,Ras Tanura,2023-10-09,2023-10-12,0,0.0,26.65,50.16,1
IMO9851830,Hili,Tankers,QARLF,Ras Laffan,2025-10-02,2025-10-05,721,85.8,25.92,51.53,5
IMO9851830,Hili,Tankers,CNQDG,Qingdao,2025-10-19,2025-10-22,14,3520.8,36.08,120.32,6
IMO9851830,Hili,Tankers,AEFJR,Fujairah,2026-08-24,2026-08-27,306,3312.7,25.13,56.34,7
IMO9851842,Zakum,Tankers,CNNGB,Ningbo-Zhoushan,2023-05-19,2023-05-22,14,0.0,29.87,121.55,1
IMO9851854,C. Guardian,Tankers,CNNGB,Ningbo-Zhoushan,2020-12-24,2020-12-27,14,0.0,29.87,121.55,1
IMO9851854,Universal Challenger,Tankers,KRUSN,Ulsan,2024-02-12,2024-02-15,14,0.0,35.5,129.38,1
IMO9851854,Universal Challenger,Tankers,AEFJR,Fujairah,2026-05-20,2026-05-23,825,3753.1,25.13,56.34,2
IMO9851854,Universal Challenger,Tankers,AEFJR,Fujairah,2026-06-19,2026-06-22,27,0.0,25.13,56.34,3
IMO9852119,Sea Emerald,Tankers,INSIK,Sikka / Jamnagar,2020-07-14,2020-07-17,14,0.0,22.43,69.84,1
IMO9852119,Sea Emerald,Tankers,KWMFA,Mina Al Ahmadi,2021-04-29,2021-05-02,286,1236.5,29.07,48.15,2
IMO9852119,Sea Emerald,Tankers,SARRT,Ras Tanura,2026-07-02,2026-07-05,1887,180.3,26.65,50.16,3
IMO9852121,Sea Jade,Tankers,SAYNB,Yanbu,2020-04-02,2020-04-05,1,4640.9,24.09,38.06,2
IMO9852121,Sea Jade,Tankers,KRUSN,Ulsan,2020-04-10,2020-04-13,14,0.0,35.5,129.38,1
IMO9852975,Elisa Larus,LNG,NGBON,Bonny,2020-06-05,2020-06-08,0,0.0,4.45,7.16,1
IMO9852975,Elisa Larus,LNG,NGBON,Bonny,2020-06-22,2020-06-25,14,0.0,4.45,7.16,2
IMO9853486,Al Siddeeq (NB),Tankers,KWMFA,Mina Al Ahmadi,2021-06-08,2021-06-11,0,0.0,29.07,48.15,1
IMO9853486,Al Siddeeq,Tankers,KWMFA,Mina Al Ahmadi,2025-08-20,2025-08-23,0,0.0,29.07,48.15,1
IMO9853486,Al Siddeeq,Tankers,KWMFA,Mina Al Ahmadi,2025-12-12,2025-12-15,111,0.0,29.07,48.15,2
IMO9853589,Sm Venus 1 o/o V. Excellence (17),Tankers,AEFJR,Fujairah,2020-06-16,2020-06-19,0,0.0,25.13,56.34,1
IMO9853780,Delma,LPG,USHOU,Houston,2023-01-26,2023-01-29,0,0.0,29.74,-95.27,1
IMO9853852,Nissos Kythnos,Tankers,USCRP,Corpus Christi,2021-05-12,2021-05-15,0,0.0,27.81,-97.39,1
IMO9853852,Nissos Kythnos,Tankers,AEFJR,Fujairah,2026-06-02,2026-06-05,1844,7284.6,25.13,56.34,2
IMO9854507,Hunter Laga,Tankers,KWMFA,Mina Al Ahmadi,2020-04-23,2020-04-26,0,0.0,29.07,48.15,1
IMO9854507,Das,Tankers,KRUSN,Ulsan,2023-03-21,2023-03-24,14,0.0,35.5,129.38,1
IMO9854507,Das,Tankers,SARRT,Ras Tanura,2024-09-25,2024-09-28,551,4000.9,26.65,50.16,2
IMO9854507,Das,Tankers,KWMFA,Mina Al Ahmadi,2025-10-29,2025-11-01,396,180.3,29.07,48.15,3
IMO9854551,Good News O/O,Tankers,SARRT,Ras Tanura,2019-09-06,2019-09-09,0,0.0,26.65,50.16,1
IMO9854551,Good News O/O,Tankers,INSIK,Sikka / Jamnagar,2019-09-23,2019-09-26,14,1103.0,22.43,69.84,2
IMO9854612,Energy Pacific,LNG,QARLF,Ras Laffan,2022-10-14,2022-10-17,0,0.0,25.92,51.53,1
IMO9854612,Energy Pacific,LNG,QARLF,Ras Laffan,2022-10-31,2022-11-03,14,0.0,25.92,51.53,2
IMO9854624,Energy Endeavour,LNG,KRUSN,Ulsan,2018-12-13,2018-12-16,0,0.0,35.5,129.38,1
IMO9854624,Energy Endeavour,LNG,KRUSN,Ulsan,2018-12-30,2019-01-02,14,0.0,35.5,129.38,2
IMO9854624,Energy Endeavour,LNG,USSPG,Sabine Pass,2023-06-06,2023-06-09,1616,6191.2,29.73,-93.87,3
IMO9854624,Energy Endeavour,LNG,USSPG,Sabine Pass,2023-06-23,2023-06-26,14,0.0,29.73,-93.87,4
IMO9854715,Sm White Whale2,Tankers,SARRT,Ras Tanura,2024-04-05,2024-04-08,0,0.0,26.65,50.16,1
IMO9854765,Traiano Knutsen,LNG,KRUSN,Ulsan,2018-12-13,2018-12-16,0,0.0,35.5,129.38,1
IMO9854765,Traiano Knutsen,LNG,KRUSN,Ulsan,2018-12-30,2019-01-02,14,0.0,35.5,129.38,2
IMO9854765,Traiano Knutsen,LNG,QARLF,Ras Laffan,2020-07-13,2020-07-16,558,3958.1,25.92,51.53,3
IMO9854765,Traiano Knutsen,LNG,QARLF,Ras Laffan,2020-07-30,2020-08-02,14,0.0,25.92,51.53,4
IMO9854921,Clipper Quito,LPG,USHOU,Houston,2022-03-24,2022-03-27,0,0.0,29.74,-95.27,1
IMO9854921,Clipper Quito,LPG,USHOU,Houston,2022-05-05,2022-05-08,39,0.0,29.74,-95.27,2
IMO9855331,Ghillie,Tankers,NLRTM,Rotterdam,2020-04-07,2020-04-10,14,0.0,51.92,4.47,1
IMO9855331,Front Eira,Tankers,KRUSN,Ulsan,2025-02-14,2025-02-17,14,0.0,35.5,129.38,1
IMO9855331,Front Eira,Tankers,AEFJR,Fujairah,2026-08-31,2026-09-03,560,3753.1,25.13,56.34,2
IMO9855331,Front Eira (Mercuria),Tankers,AEFJR,Fujairah,2026-09-01,2026-09-04,0,0.0,25.13,56.34,1
IMO9855343,Chelsea,Tankers,SARRT,Ras Tanura,2022-04-26,2022-04-29,0,0.0,26.65,50.16,1
IMO9855343,Front Eagle,Tankers,INSIK,Sikka / Jamnagar,2025-10-29,2025-11-01,14,0.0,22.43,69.84,1
IMO9855343,Front Eagle,Tankers,INSIK,Sikka / Jamnagar,2025-11-15,2025-11-18,14,0.0,22.43,69.84,2
IMO9855343,Front Eagle,Tankers,INSIK,Sikka / Jamnagar,2025-12-02,2025-12-05,14,0.0,22.43,69.84,3
IMO9855484,Esteem Explorer,Tankers,CNNGB,Ningbo-Zhoushan,2020-03-13,2020-03-16,14,0.0,29.87,121.55,1
IMO9855484,Esteem Explorer,Tankers,QARLF,Ras Laffan,2020-06-03,2020-06-06,79,3664.9,25.92,51.53,2
IMO9855484,Esteem Explorer,Tankers,KRUSN,Ulsan,2020-06-20,2020-06-23,14,3958.1,35.5,129.38,3
IMO9855812,Gaslog Westminster,LNG,USCMR,Cameron / Lake Charles,2021-02-10,2021-02-13,0,0.0,30.22,-93.22,1
IMO9855812,Gaslog Westminster,LNG,USCMR,Cameron / Lake Charles,2021-02-27,2021-03-02,14,0.0,30.22,-93.22,2
IMO9856074,Nissos Keros,Tankers,CNNGB,Ningbo-Zhoushan,2022-05-26,2022-05-29,14,0.0,29.87,121.55,1
IMO9856074,Nissos Keros,Tankers,NLRTM,Rotterdam,2022-06-12,2022-06-15,14,4890.7,51.92,4.47,2
IMO9856086,Nissos Anafi,Tankers,NLRTM,Rotterdam,2022-08-04,2022-08-07,14,0.0,51.92,4.47,1
IMO9856086,Nissos Anafi,Tankers,SGSIN,Singapore,2022-08-21,2022-08-24,14,5689.2,1.28,103.85,2
IMO9856359,Resilient Warrior,Tankers,RUPRI,Primorsk,2025-12-31,2026-01-03,0,0.0,60.36,28.61,1
IMO9856359,Resilient Warrior,Tankers,SARRT,Ras Tanura,2026-02-23,2026-02-26,51,2208.2,26.65,50.16,2
IMO9856359,Resilient Warrior,Tankers,INSIK,Sikka / Jamnagar,2026-03-12,2026-03-15,14,1103.0,22.43,69.84,3
IMO9856361,Humble Warrior,Tankers,DZAZW,Arzew,2020-12-08,2020-12-11,0,0.0,35.85,-0.31,1
IMO9856361,Humble Warrior,Tankers,CNNGB,Ningbo-Zhoushan,2020-12-25,2020-12-28,14,5676.8,29.87,121.55,2
IMO9856361,Humble Warrior,Tankers,SGSIN,Singapore,2021-01-11,2021-01-14,14,1991.7,1.28,103.85,3
IMO9856361,Humble Warrior,Tankers,USCRP,Corpus Christi,2022-03-02,2022-03-05,412,8673.9,27.81,-97.39,4
IMO9856361,Humble Warrior,Tankers,INSIK,Sikka / Jamnagar,2022-03-19,2022-03-22,14,7701.3,22.43,69.84,5
IMO9856361,Humble Warrior,Tankers,SARRT,Ras Tanura,2024-12-09,2024-12-12,993,1103.0,26.65,50.16,6
IMO9856361,Humble Warrior,Tankers,SARRT,Ras Tanura,2025-01-20,2025-01-23,39,0.0,26.65,50.16,7
IMO9856361,Humble Warrior,Tankers,KWMFA,Mina Al Ahmadi,2025-02-10,2025-02-13,18,180.3,29.07,48.15,8
IMO9856361,Humble Warrior,Tankers,INSIK,Sikka / Jamnagar,2025-02-27,2025-03-02,14,1236.5,22.43,69.84,9
IMO9856361,Humble Warrior,Tankers,ZASDB,Saldanha Bay,2025-03-16,2025-03-19,14,4461.7,-33.02,17.95,10
IMO9856361,Humble Warrior,Tankers,SARRT,Ras Tanura,2026-02-10,2026-02-13,328,4026.8,26.65,50.16,11
IMO9856361,Humble Warrior,Tankers,INSIK,Sikka / Jamnagar,2026-02-27,2026-03-02,14,1103.0,22.43,69.84,12
IMO9857330,B Gas Summit,LPG,NLRTM,Rotterdam,2019-05-09,2019-05-12,0,0.0,51.92,4.47,1
IMO9857330,B Gas Summit,LPG,NLRTM,Rotterdam,2019-06-06,2019-06-09,25,0.0,51.92,4.47,2
IMO9857330,B Gas Summit,LPG,NLRTM,Rotterdam,2020-03-12,2020-03-15,277,0.0,51.92,4.47,3
IMO9857365,Flex Aurora,LNG,SGSIN,Singapore,2020-07-01,2020-07-04,0,0.0,1.28,103.85,1
IMO9857365,Flex Aurora,LNG,SGSIN,Singapore,2020-07-18,2020-07-21,14,0.0,1.28,103.85,2
IMO9857365,Flex Aurora,LNG,USSPG,Sabine Pass,2021-04-15,2021-04-18,268,8686.4,29.73,-93.87,3
IMO9857365,Flex Aurora,LNG,USSPG,Sabine Pass,2021-05-02,2021-05-05,14,0.0,29.73,-93.87,4
IMO9857365,Flex Aurora,LNG,USSPG,Sabine Pass,2024-01-15,2024-01-18,985,0.0,29.73,-93.87,5
IMO9858034,Water Tiger,Tankers,CNNGB,Ningbo-Zhoushan,2024-11-07,2024-11-10,14,0.0,29.87,121.55,1
IMO9858034,Water Tiger,Tankers,CNQDG,Qingdao,2024-11-24,2024-11-27,14,378.0,36.08,120.32,2
IMO9858046,Maran Mars,Tankers,SGSIN,Singapore,2023-01-09,2023-01-12,0,0.0,1.28,103.85,1
IMO9858046,Maran Mars,Tankers,CNNGB,Ningbo-Zhoushan,2023-01-26,2023-01-29,14,1991.7,29.87,121.55,2
IMO9858046,Maran Mars,Tankers,SARRT,Ras Tanura,2023-11-16,2023-11-19,291,3717.6,26.65,50.16,3
IMO9858046,Maran Mars,Tankers,INSIK,Sikka / Jamnagar,2023-12-03,2023-12-06,14,1103.0,22.43,69.84,4
IMO9858046,Maran Mars,Tankers,KRUSN,Ulsan,2023-12-20,2023-12-23,14,3176.8,35.5,129.38,5
IMO9858046,Maran Mars,Tankers,SARRT,Ras Tanura,2026-02-23,2026-02-26,793,4000.9,26.65,50.16,6
IMO9858046,Maran Mars,Tankers,AEFJR,Fujairah,2026-07-30,2026-08-02,154,346.0,25.13,56.34,7
IMO9858046,Maran Mars,Tankers,KRUSN,Ulsan,2026-08-16,2026-08-19,14,3753.1,35.5,129.38,8
IMO9858058,Hunter Idun o/o Dht Peony (11),Tankers,CNNGB,Ningbo-Zhoushan,2020-10-14,2020-10-17,14,0.0,29.87,121.55,1
IMO9858450,Elandra Elbrus,Tankers,KRUSN,Ulsan,2020-07-20,2020-07-23,14,0.0,35.5,129.38,1
IMO9858462,Elandra Everest,Tankers,ZASDB,Saldanha Bay,2021-02-17,2021-02-20,0,0.0,-33.02,17.95,1
IMO9858462,Elandra Everest,Tankers,KRUSN,Ulsan,2021-03-06,2021-03-09,14,7472.7,35.5,129.38,2
IMO9858474,Dias I,Tankers,SARRT,Ras Tanura,2024-01-26,2024-01-29,0,0.0,26.65,50.16,1
IMO9858474,Dias I,Tankers,SARRT,Ras Tanura,2024-04-25,2024-04-28,87,0.0,26.65,50.16,2
IMO9858474,Dias I,Tankers,SAYNB,Yanbu,2026-06-26,2026-06-29,789,673.9,24.09,38.06,3
IMO9858486,Sanam,Tankers,CNNGB,Ningbo-Zhoushan,2024-03-25,2024-03-28,14,0.0,29.87,121.55,1
IMO9858486,Sanam,Tankers,CNNGB,Ningbo-Zhoushan,2024-04-11,2024-04-14,14,0.0,29.87,121.55,2
IMO9859387,C. Creator,Tankers,SARRT,Ras Tanura,2025-07-10,2025-07-13,0,0.0,26.65,50.16,1
IMO9859399,Gustavia S,Tankers,CNNGB,Ningbo-Zhoushan,2021-10-29,2021-11-01,14,0.0,29.87,121.55,1
IMO9859399,Gustavia S,Tankers,CNNGB,Ningbo-Zhoushan,2021-11-15,2021-11-18,14,0.0,29.87,121.55,2
IMO9859399,Gustavia S,Tankers,CNNGB,Ningbo-Zhoushan,2021-12-02,2021-12-05,14,0.0,29.87,121.55,3
IMO9859399,Gustavia S,Tankers,SGSIN,Singapore,2021-12-19,2021-12-22,14,1991.7,1.28,103.85,4
IMO9859636,Fuelng Bellina,LNG,SGSIN,Singapore,2022-03-23,2022-03-26,0,0.0,1.28,103.85,1
IMO9859636,Fuelng Bellina,LNG,SGSIN,Singapore,2022-04-09,2022-04-12,14,0.0,1.28,103.85,2
IMO9859753,Woodside Charles Allen,LNG,USSPG,Sabine Pass,2021-02-26,2021-03-01,0,0.0,29.73,-93.87,1
IMO9859753,Woodside Charles Allen,LNG,USSPG,Sabine Pass,2021-03-15,2021-03-18,14,0.0,29.73,-93.87,2
IMO9860254,Thekla Schulte,LPG,USHOU,Houston,2019-06-13,2019-06-16,14,0.0,29.74,-95.27,1
IMO9860254,Thekla Schulte,LPG,USHOU,Houston,2021-11-18,2021-11-21,886,0.0,29.74,-95.27,2
IMO9861031,Cool Discoverer,LNG,KRUSN,Ulsan,2019-04-30,2019-05-03,0,0.0,35.5,129.38,1
IMO9861031,Cool Discoverer,LNG,KRUSN,Ulsan,2019-05-17,2019-05-20,14,0.0,35.5,129.38,2
IMO9861031,Cool Discoverer,LNG,USSPG,Sabine Pass,2023-02-09,2023-02-12,1361,6191.2,29.73,-93.87,3
IMO9861031,Cool Discoverer,LNG,USSPG,Sabine Pass,2023-02-26,2023-03-01,14,0.0,29.73,-93.87,4
IMO9861302,City of Tokyo,Tankers,QARLF,Ras Laffan,2023-01-11,2023-01-14,0,0.0,25.92,51.53,1
IMO9861636,Clipper Hermes,LPG,SGSIN,Singapore,2021-06-03,2021-06-06,0,0.0,1.28,103.85,1
IMO9861636,Clipper Hermes,LPG,USHOU,Houston,2021-07-08,2021-07-11,32,8646.3,29.74,-95.27,2
IMO9862308,Flex Freedom,LNG,AUDRW,Darwin,2021-03-09,2021-03-12,0,0.0,-12.46,130.84,1
IMO9862308,Flex Freedom,LNG,AUDRW,Darwin,2021-03-26,2021-03-29,14,0.0,-12.46,130.84,2
IMO9862475,Flex Vigilant,LNG,KRUSN,Ulsan,2021-04-15,2021-04-18,0,0.0,35.5,129.38,1
IMO9862475,Flex Vigilant,LNG,KRUSN,Ulsan,2021-05-02,2021-05-05,14,0.0,35.5,129.38,2
IMO9862487,Diamond Gas Metropolis,LNG,AUGLT,Gladstone,2023-01-20,2023-01-23,0,0.0,-23.84,151.26,1
IMO9862487,Diamond Gas Metropolis,LNG,AUGLT,Gladstone,2023-02-06,2023-02-09,14,0.0,-23.84,151.26,2
IMO9862850,Nadeshiko Gas,LPG,USHOU,Houston,2021-11-11,2021-11-14,0,0.0,29.74,-95.27,1
IMO9862850,Nadeshiko Gas,LPG,USHOU,Houston,2021-12-02,2021-12-05,18,0.0,29.74,-95.27,2
IMO9862850,Nadeshiko Gas,LPG,SAYNB,Yanbu,2022-12-22,2022-12-25,382,6602.3,24.09,38.06,3
IMO9862891,Aristos I,LNG,USSPG,Sabine Pass,2021-01-15,2021-01-18,0,0.0,29.73,-93.87,1
IMO9862891,Aristos I,LNG,USSPG,Sabine Pass,2021-02-01,2021-02-04,14,0.0,29.73,-93.87,2
IMO9862920,Attalos,LNG,USCMR,Cameron / Lake Charles,2023-06-30,2023-07-03,0,0.0,30.22,-93.22,1
IMO9862920,Attalos,LNG,USCMR,Cameron / Lake Charles,2023-07-17,2023-07-20,14,0.0,30.22,-93.22,2
IMO9864204,Pacific Jupiter,LPG,USHOU,Houston,2021-02-04,2021-02-07,0,0.0,29.74,-95.27,1
IMO9864204,Pacific Jupiter,LPG,USHOU,Houston,2022-01-20,2022-01-23,347,0.0,29.74,-95.27,2
IMO9864204,Pacific Jupiter,LPG,USHOU,Houston,2022-12-21,2022-12-24,332,0.0,29.74,-95.27,3
IMO9864746,Kool Firn,LNG,QARLF,Ras Laffan,2021-02-17,2021-02-20,0,0.0,25.92,51.53,1
IMO9864746,Kool Firn,LNG,QARLF,Ras Laffan,2021-03-06,2021-03-09,14,0.0,25.92,51.53,2
IMO9864784,Celsius Copenhagen,LNG,KRUSN,Ulsan,2020-09-01,2020-09-04,0,0.0,35.5,129.38,1
IMO9864784,Celsius Copenhagen,LNG,KRUSN,Ulsan,2020-09-18,2020-09-21,14,0.0,35.5,129.38,2
IMO9864796,Celsius Canberra,LNG,KRUSN,Ulsan,2020-12-03,2020-12-06,0,0.0,35.5,129.38,1
IMO9864796,Celsius Canberra,LNG,KRUSN,Ulsan,2020-12-20,2020-12-23,14,0.0,35.5,129.38,2
IMO9864916,Gaslog Georgetown,LNG,KRUSN,Ulsan,2018-12-13,2018-12-16,0,0.0,35.5,129.38,1
IMO9864916,Gaslog Georgetown,LNG,KRUSN,Ulsan,2018-12-30,2019-01-02,14,0.0,35.5,129.38,2
IMO9864928,Gaslog Galveston,LNG,KRUSN,Ulsan,2018-12-13,2018-12-16,0,0.0,35.5,129.38,1
IMO9864928,Gaslog Galveston,LNG,KRUSN,Ulsan,2018-12-30,2019-01-02,14,0.0,35.5,129.38,2
IMO9864928,Gaslog Galveston,LNG,AUGLT,Gladstone,2021-12-23,2021-12-26,1086,3773.6,-23.84,151.26,3
IMO9864928,Gaslog Galveston,LNG,AUGLT,Gladstone,2022-01-09,2022-01-12,14,0.0,-23.84,151.26,4
IMO9865676,Cristobal (Pmax),LPG,USHOU,Houston,2023-12-01,2023-12-04,0,0.0,29.74,-95.27,1
IMO9868156,Maran Phoebe,Tankers,SGSIN,Singapore,2020-10-30,2020-11-02,14,0.0,1.28,103.85,1
IMO9868156,Maran Phoebe,Tankers,SGSIN,Singapore,2020-11-16,2020-11-19,14,0.0,1.28,103.85,2
IMO9868156,Maran Phoebe,Tankers,CNNGB,Ningbo-Zhoushan,2020-12-03,2020-12-06,14,1991.7,29.87,121.55,3
IMO9868156,Maran Phoebe,Tankers,USCRP,Corpus Christi,2025-05-27,2025-05-30,1633,6686.1,27.81,-97.39,4
IMO9868156,Maran Phoebe,Tankers,CNNGB,Ningbo-Zhoushan,2025-06-13,2025-06-16,14,6686.1,29.87,121.55,5
IMO9868156,Maran Phoebe,Tankers,DZAZW,Arzew,2026-05-01,2026-05-04,319,5676.8,35.85,-0.31,6
IMO9868168,Maran Orpheus,Tankers,CNNGB,Ningbo-Zhoushan,2021-04-23,2021-04-26,14,0.0,29.87,121.55,1
IMO9868168,Maran Orpheus,Tankers,CNNGB,Ningbo-Zhoushan,2021-05-10,2021-05-13,14,0.0,29.87,121.55,2
IMO9868168,Maran Orpheus,Tankers,CNNGB,Ningbo-Zhoushan,2021-05-27,2021-05-30,14,0.0,29.87,121.55,3
IMO9868168,Maran Orpheus,Tankers,NLRTM,Rotterdam,2026-01-15,2026-01-18,1691,4890.7,51.92,4.47,4
IMO9868168,Maran Orpheus,Tankers,AEFJR,Fujairah,2026-07-14,2026-07-17,177,2835.7,25.13,56.34,5
IMO9868168,Maran Orpheus,Tankers,NGBON,Bonny,2026-08-21,2026-08-24,35,3090.0,4.45,7.16,6
IMO9869045,Trafigura Tbn,Tankers,SGSIN,Singapore,2024-06-14,2024-06-17,14,0.0,1.28,103.85,1
IMO9869045,Trafigura TBN ,Tankers,SARRT,Ras Tanura,2024-12-23,2024-12-26,0,0.0,26.65,50.16,1
IMO9869265,Cool Racer,LNG,USCMR,Cameron / Lake Charles,2021-03-04,2021-03-07,0,0.0,30.22,-93.22,1
IMO9869265,Cool Racer,LNG,USCMR,Cameron / Lake Charles,2021-03-21,2021-03-24,14,0.0,30.22,-93.22,2
IMO9869265,Cool Racer,LNG,USSPG,Sabine Pass,2021-06-08,2021-06-11,76,44.8,29.73,-93.87,3
IMO9869265,Cool Racer,LNG,USSPG,Sabine Pass,2021-06-25,2021-06-28,14,0.0,29.73,-93.87,4
IMO9869306,Cobia Lng,LNG,KRUSN,Ulsan,2018-12-13,2018-12-16,0,0.0,35.5,129.38,1
IMO9869306,Cobia Lng,LNG,KRUSN,Ulsan,2018-12-30,2019-01-02,14,0.0,35.5,129.38,2
IMO9870800,Hunter Frigg (KOCH),Tankers,CNNGB,Ningbo-Zhoushan,2020-11-19,2020-11-22,14,0.0,29.87,121.55,1
IMO9870800,Maran Mira,Tankers,SGSIN,Singapore,2022-09-07,2022-09-10,14,0.0,1.28,103.85,1
IMO9870800,Maran Mira,Tankers,CNQDG,Qingdao,2022-09-24,2022-09-27,14,2281.6,36.08,120.32,2
IMO9870800,Maran Mira,Tankers,DZAZW,Arzew,2024-10-31,2024-11-03,765,5365.3,35.85,-0.31,3
IMO9870800,Maran Mira,Tankers,AEFJR,Fujairah,2026-06-10,2026-06-13,584,2959.8,25.13,56.34,4
IMO9870812,Bahla,Tankers,NLRTM,Rotterdam,2021-11-16,2021-11-19,0,0.0,51.92,4.47,1
IMO9870812,Bahla,Tankers,SGSIN,Singapore,2021-12-03,2021-12-06,14,5689.2,1.28,103.85,2
IMO9870812,Bahla,Tankers,SARRT,Ras Tanura,2022-04-26,2022-04-29,141,3444.8,26.65,50.16,3
IMO9870812,Bahla,Tankers,AEFJR,Fujairah,2026-04-27,2026-04-30,1459,346.0,25.13,56.34,4
IMO9870824,Sur,Tankers,CNNGB,Ningbo-Zhoushan,2021-09-15,2021-09-18,14,0.0,29.87,121.55,1
IMO9870969,Atlantic Gas,LPG,USHOU,Houston,2022-01-07,2022-01-10,0,0.0,29.74,-95.27,1
IMO9872688,Pertamina Halmahera,Tankers,DZAZW,Arzew,2024-05-21,2024-05-24,0,0.0,35.85,-0.31,1
IMO9874210,Aphrodite,Tankers,SGSIN,Singapore,2020-07-14,2020-07-17,14,0.0,1.28,103.85,1
IMO9874210,Aphrodite,Tankers,CNNGB,Ningbo-Zhoushan,2020-07-31,2020-08-03,14,1991.7,29.87,121.55,2
IMO9874210,Aphrodite (BP),Tankers,KWMFA,Mina Al Ahmadi,2020-11-19,2020-11-22,0,0.0,29.07,48.15,1
IMO9874210,Aphrodite,Tankers,SARRT,Ras Tanura,2023-01-31,2023-02-03,911,3717.6,26.65,50.16,3
IMO9874246,Sfl Albany,Tankers,DZAZW,Arzew,2023-04-28,2023-05-01,0,0.0,35.85,-0.31,1
IMO9874246,Sfl Albany,Tankers,USCRP,Corpus Christi,2023-07-13,2023-07-16,73,4764.0,27.81,-97.39,2
IMO9874246,Sfl Albany,Tankers,NLRTM,Rotterdam,2025-01-16,2025-01-19,550,4516.2,51.92,4.47,3
IMO9874246,Sfl Albany,Tankers,SGSIN,Singapore,2025-02-02,2025-02-05,14,5689.2,1.28,103.85,4
IMO9874246,Sfl Albany,Tankers,SARRT,Ras Tanura,2026-01-21,2026-01-24,350,3444.8,26.65,50.16,5
IMO9874258,Ayse C,Tankers,AEFJR,Fujairah,2022-03-16,2022-03-19,14,0.0,25.13,56.34,1
IMO9874258,Ayse C,Tankers,DZAZW,Arzew,2022-06-08,2022-06-11,81,2959.8,35.85,-0.31,2
IMO9874258,Ayse C,Tankers,NLRTM,Rotterdam,2022-06-29,2022-07-02,18,986.2,51.92,4.47,3
IMO9874258,Sfl Fraser,Tankers,NLRTM,Rotterdam,2023-03-27,2023-03-30,0,0.0,51.92,4.47,1
IMO9874258,Sfl Fraser,Tankers,KWMFA,Mina Al Ahmadi,2025-09-29,2025-10-02,914,2367.9,29.07,48.15,2
IMO9874258,Sfl Fraser,Tankers,AEFJR,Fujairah,2025-11-13,2025-11-16,42,497.4,25.13,56.34,3
IMO9874454,Diamond Gas Crystal,LNG,KRUSN,Ulsan,2018-12-13,2018-12-16,0,0.0,35.5,129.38,1
IMO9874454,Diamond Gas Crystal,LNG,KRUSN,Ulsan,2018-12-30,2019-01-02,14,0.0,35.5,129.38,2
IMO9874454,Diamond Gas Crystal,LNG,USSPG,Sabine Pass,2022-07-04,2022-07-07,1279,6191.2,29.73,-93.87,3
IMO9874454,Diamond Gas Crystal,LNG,USSPG,Sabine Pass,2022-07-21,2022-07-24,14,0.0,29.73,-93.87,4
IMO9874466,Diamond Gas Victoria,LNG,KRUSN,Ulsan,2018-12-13,2018-12-16,0,0.0,35.5,129.38,1
IMO9874466,Diamond Gas Victoria,LNG,KRUSN,Ulsan,2018-12-30,2019-01-02,14,0.0,35.5,129.38,2
IMO9874466,Diamond Gas Victoria,LNG,DZAZW,Arzew,2022-07-18,2022-07-21,1293,5683.7,35.85,-0.31,3
IMO9874466,Diamond Gas Victoria,LNG,DZAZW,Arzew,2022-08-04,2022-08-07,14,0.0,35.85,-0.31,4
IMO9874911,Front Dynamic,Tankers,CNNGB,Ningbo-Zhoushan,2021-01-04,2021-01-07,14,0.0,29.87,121.55,1
IMO9874911,Front Dynamic,Tankers,CNNGB,Ningbo-Zhoushan,2021-01-21,2021-01-24,14,0.0,29.87,121.55,2
IMO9875608,Gas Planet,LPG,USHOU,Houston,2022-01-27,2022-01-30,0,0.0,29.74,-95.27,1
IMO9875608,Gas Planet,LPG,USHOU,Houston,2022-04-07,2022-04-10,67,0.0,29.74,-95.27,2
IMO9875608,Gas Planet,LPG,USHOU,Houston,2022-05-27,2022-05-30,47,0.0,29.74,-95.27,3
IMO9875608,Gas Planet,LPG,USHOU,Houston,2022-08-04,2022-08-07,66,0.0,29.74,-95.27,4
IMO9875608,Gas Planet,LPG,USHOU,Houston,2023-01-26,2023-01-29,172,0.0,29.74,-95.27,5
IMO9875608,Gas Planet,LPG,USHOU,Houston,2023-10-12,2023-10-15,256,0.0,29.74,-95.27,6
IMO9875783,Cssc Liao Ning (KOCH),Tankers,SARRT,Ras Tanura,2021-06-15,2021-06-18,0,0.0,26.65,50.16,1
IMO9875783,Cssc Liao Ning,Tankers,SARRT,Ras Tanura,2023-11-15,2023-11-18,0,0.0,26.65,50.16,1
IMO9875783,Cssc Liao Ning o/o,Tankers,KWMFA,Mina Al Ahmadi,2024-10-15,2024-10-18,0,0.0,29.07,48.15,1
IMO9875783,Cssc Liao Ning,Tankers,KWMFA,Mina Al Ahmadi,2025-07-21,2025-07-24,611,180.3,29.07,48.15,2
IMO9876283,POLAR LADY,Dry Bulk,CNNGB,Ningbo-Zhoushan,2025-02-03,2025-02-06,0,0.0,29.87,121.55,1
IMO9876342,PAPALEMOS,Tankers,SARRT,Ras Tanura,2023-05-08,2023-05-11,0,0.0,26.65,50.16,1
IMO9876414,Baghdad,Tankers,CNNGB,Ningbo-Zhoushan,2021-03-10,2021-03-13,14,0.0,29.87,121.55,1
IMO9876426,Erbil,Tankers,CNNGB,Ningbo-Zhoushan,2021-08-17,2021-08-20,14,0.0,29.87,121.55,1
IMO9876426,Erbil,Tankers,SARRT,Ras Tanura,2025-01-08,2025-01-11,1237,3717.6,26.65,50.16,2
IMO9876426,Nave Tempo,Tankers,CNNGB,Ningbo-Zhoushan,2025-11-24,2025-11-27,14,0.0,29.87,121.55,1
IMO9876426,Nave Tempo,Tankers,CNNGB,Ningbo-Zhoushan,2025-12-11,2025-12-14,14,0.0,29.87,121.55,2
IMO9876438,Orbiter,Tankers,SARRT,Ras Tanura,2025-10-28,2025-10-31,0,0.0,26.65,50.16,1
IMO9876438,Orbiter,Tankers,AEFJR,Fujairah,2026-05-14,2026-05-17,195,346.0,25.13,56.34,2
IMO9876440,Seaduchess,Tankers,KRUSN,Ulsan,2024-02-28,2024-03-02,14,0.0,35.5,129.38,1
IMO9876440,Seaduchess,Tankers,CNQDG,Qingdao,2024-03-16,2024-03-19,14,442.5,36.08,120.32,2
IMO9876520,Front Surna (ex Alboran),Tankers,SGSIN,Singapore,2024-01-23,2024-01-26,14,0.0,1.28,103.85,1
IMO9876660,Gaslog Wellington,LNG,USSPG,Sabine Pass,2019-04-25,2019-04-28,0,0.0,29.73,-93.87,1
IMO9876660,Gaslog Wellington,LNG,USSPG,Sabine Pass,2019-05-12,2019-05-15,14,0.0,29.73,-93.87,2
IMO9876737,Gaslog Winchester,LNG,USSPG,Sabine Pass,2019-04-25,2019-04-28,0,0.0,29.73,-93.87,1
IMO9876737,Gaslog Winchester,LNG,USSPG,Sabine Pass,2019-05-12,2019-05-15,14,0.0,29.73,-93.87,2
IMO9876810,A. I. Angelicoussis,Tankers,INSIK,Sikka / Jamnagar,2019-07-31,2019-08-03,14,0.0,22.43,69.84,1
IMO9877171,Gloria Maris,Tankers,SAYNB,Yanbu,2022-01-24,2022-01-27,0,0.0,24.09,38.06,1
IMO9877171,Spyros,Tankers,INSIK,Sikka / Jamnagar,2022-02-08,2022-02-11,14,0.0,22.43,69.84,1
IMO9877171,Spyros,Tankers,CNNGB,Ningbo-Zhoushan,2022-02-25,2022-02-28,14,2799.7,29.87,121.55,2
IMO9877171,Gloria Maris,Tankers,SAYNB,Yanbu,2022-07-15,2022-07-18,169,0.0,24.09,38.06,2
IMO9877171,Gloria Maris,Tankers,CNNGB,Ningbo-Zhoushan,2022-08-01,2022-08-04,14,4380.6,29.87,121.55,3
IMO9877171,Spyros,Tankers,DZAZW,Arzew,2025-02-25,2025-02-28,1093,5676.8,35.85,-0.31,3
IMO9877171,Spyros,Tankers,DZAZW,Arzew,2025-12-04,2025-12-07,279,0.0,35.85,-0.31,4
IMO9877183,Captain Lyristis,Tankers,SGSIN,Singapore,2021-06-04,2021-06-07,14,0.0,1.28,103.85,1
IMO9877183,Captain Lyristis,Tankers,USHOU,Houston,2024-02-01,2024-02-04,969,8646.3,29.74,-95.27,2
IMO9877183,Captain Lyristis,Tankers,NGBON,Bonny,2025-03-27,2025-03-30,417,5914.1,4.45,7.16,3
IMO9877183,Captain Lyristis,Tankers,AEFJR,Fujairah,2026-04-22,2026-04-25,388,3090.0,25.13,56.34,4
IMO9877341,Minerva Chios,LNG,KRUSN,Ulsan,2022-07-13,2022-07-16,0,0.0,35.5,129.38,1
IMO9877341,Minerva Chios,LNG,KRUSN,Ulsan,2022-07-30,2022-08-02,14,0.0,35.5,129.38,2
IMO9877755,Seavoice,Tankers,CNNGB,Ningbo-Zhoushan,2021-09-02,2021-09-05,14,0.0,29.87,121.55,1
IMO9877755,Seavoice,Tankers,SARRT,Ras Tanura,2021-11-01,2021-11-04,57,3717.6,26.65,50.16,2
IMO9877767,Front Naver,Tankers,CNRZH,Rizhao,2025-03-20,2025-03-23,14,0.0,35.42,119.53,1
IMO9877779,Diodorus,Tankers,CNNGB,Ningbo-Zhoushan,2021-04-30,2021-05-03,14,0.0,29.87,121.55,1
IMO9877779,Diodorus,Tankers,CNNGB,Ningbo-Zhoushan,2021-05-17,2021-05-20,14,0.0,29.87,121.55,2
IMO9877779,Front Neiden,Tankers,CNQDG,Qingdao,2025-05-26,2025-05-29,14,0.0,36.08,120.32,1
IMO9877781,Doris,Tankers,CNNGB,Ningbo-Zhoushan,2022-03-01,2022-03-04,14,0.0,29.87,121.55,1
IMO9878711,Celsius Charlotte,LNG,KRUSN,Ulsan,2020-12-03,2020-12-06,0,0.0,35.5,129.38,1
IMO9878711,Celsius Charlotte,LNG,KRUSN,Ulsan,2020-12-20,2020-12-23,14,0.0,35.5,129.38,2
IMO9878723,Celsius Carolina,LNG,KRUSN,Ulsan,2020-12-03,2020-12-06,0,0.0,35.5,129.38,1
IMO9878723,Celsius Carolina,LNG,KRUSN,Ulsan,2020-12-20,2020-12-23,14,0.0,35.5,129.38,2
IMO9878826,Babylon,Tankers,KWMFA,Mina Al Ahmadi,2022-06-20,2022-06-23,0,0.0,29.07,48.15,1
IMO9878826,Babylon,Tankers,SARRT,Ras Tanura,2023-10-16,2023-10-19,480,180.3,26.65,50.16,2
IMO9878826,Babylon,Tankers,KWMFA,Mina Al Ahmadi,2023-12-06,2023-12-09,48,180.3,29.07,48.15,3
IMO9878838,Silverstone,Tankers,SGSIN,Singapore,2022-01-06,2022-01-09,14,0.0,1.28,103.85,1
IMO9878838,Silverstone,Tankers,KWMFA,Mina Al Ahmadi,2023-05-09,2023-05-12,485,3589.4,29.07,48.15,2
IMO9878838,Silverstone,Tankers,SARRT,Ras Tanura,2023-12-11,2023-12-14,213,180.3,26.65,50.16,3
IMO9878838,Silverstone,Tankers,KWMFA,Mina Al Ahmadi,2025-10-09,2025-10-12,665,180.3,29.07,48.15,4
IMO9878838,Silverstone,Tankers,AEFJR,Fujairah,2026-06-08,2026-06-11,239,497.4,25.13,56.34,5
IMO9878838,Silverstone,Tankers,AEFJR,Fujairah,2026-08-25,2026-08-28,75,0.0,25.13,56.34,6
IMO9878888,Gui Ying,LNG,USCVP,Cove Point,2023-03-15,2023-03-18,0,0.0,38.39,-76.38,1
IMO9878888,Gui Ying,LNG,USCVP,Cove Point,2023-04-01,2023-04-04,14,0.0,38.39,-76.38,2
IMO9878905,Artemis Voyager,Tankers,INSIK,Sikka / Jamnagar,2021-04-28,2021-05-01,14,0.0,22.43,69.84,1
IMO9878905,Artemis Voyager,Tankers,INSIK,Sikka / Jamnagar,2021-05-15,2021-05-18,14,0.0,22.43,69.84,2
IMO9879973,jag lakshita,Tankers,SARRT,Ras Tanura,2019-07-01,2019-07-04,0,0.0,26.65,50.16,1
IMO9879997,Maran Aspasia,Tankers,CNNGB,Ningbo-Zhoushan,2021-01-06,2021-01-09,14,0.0,29.87,121.55,1
IMO9879997,Maran Aspasia,Tankers,SGSIN,Singapore,2023-04-21,2023-04-24,832,1991.7,1.28,103.85,2
IMO9879997,Maran Aspasia,Tankers,KWMFA,Mina Al Ahmadi,2025-05-27,2025-05-30,764,3589.4,29.07,48.15,3
IMO9880477,Global Sealine,LNG,USCMR,Cameron / Lake Charles,2023-02-09,2023-02-12,0,0.0,30.22,-93.22,1
IMO9880477,Global Sealine,LNG,USCMR,Cameron / Lake Charles,2023-02-26,2023-03-01,14,0.0,30.22,-93.22,2
IMO9881691,Maran Solon,Tankers,QARLF,Ras Laffan,2021-01-20,2021-01-23,0,0.0,25.92,51.53,1
IMO9881691,Maran Solon,Tankers,KWMFA,Mina Al Ahmadi,2022-06-10,2022-06-13,503,261.1,29.07,48.15,2
IMO9881691,Maran Solon,Tankers,NLRTM,Rotterdam,2022-06-27,2022-06-30,14,2367.9,51.92,4.47,3
IMO9881691,Maran Solon,Tankers,NLRTM,Rotterdam,2024-11-05,2024-11-08,859,0.0,51.92,4.47,4
IMO9881691,Maran Solon,Tankers,SGSIN,Singapore,2024-11-22,2024-11-25,14,5689.2,1.28,103.85,5
IMO9881691,Maran Solon,Tankers,USCRP,Corpus Christi,2025-10-01,2025-10-04,310,8673.9,27.81,-97.39,6
IMO9883892,BW Njord,LPG,USPOA,Port Arthur / Nederland,2019-08-22,2019-08-25,0,0.0,29.87,-93.93,1
IMO9883892,BW Njord,LPG,USHOU,Houston,2022-07-01,2022-07-04,1041,70.2,29.74,-95.27,2
IMO9883892,BW Njord,LPG,USHOU,Houston,2022-12-09,2022-12-12,158,0.0,29.74,-95.27,3
IMO9883892,BW Njord,LPG,USHOU,Houston,2023-01-05,2023-01-08,24,0.0,29.74,-95.27,4
IMO9883892,BW Njord,LPG,USHOU,Houston,2023-08-10,2023-08-13,214,0.0,29.74,-95.27,5
IMO9884021,Asklipios,LNG,KRUSN,Ulsan,2021-02-11,2021-02-14,0,0.0,35.5,129.38,1
IMO9884021,Asklipios,LNG,KRUSN,Ulsan,2021-02-28,2021-03-03,14,0.0,35.5,129.38,2
IMO9884033,Nissos Sikinos,Tankers,DZAZW,Arzew,2022-09-21,2022-09-24,0,0.0,35.85,-0.31,1
IMO9884033,Nissos Sikinos,Tankers,DZAZW,Arzew,2023-07-20,2023-07-23,299,0.0,35.85,-0.31,2
IMO9884033,Nissos Sikinos,Tankers,SGSIN,Singapore,2023-08-06,2023-08-09,14,6044.3,1.28,103.85,3
IMO9884033,Nissos Sikinos,Tankers,DZAZW,Arzew,2025-06-10,2025-06-13,671,6044.3,35.85,-0.31,4
IMO9884033,Nissos Sikinos,Tankers,DZAZW,Arzew,2025-06-19,2025-06-22,6,0.0,35.85,-0.31,5
IMO9884033,Nissos Sikinos,Tankers,CNNGB,Ningbo-Zhoushan,2025-07-06,2025-07-09,14,5676.8,29.87,121.55,6
IMO9884033,Nissos Sikinos,Tankers,DZAZW,Arzew,2026-03-26,2026-03-29,260,5676.8,35.85,-0.31,7
IMO9884253,Athina,Tankers,CNNGB,Ningbo-Zhoushan,2023-11-07,2023-11-10,14,0.0,29.87,121.55,1
IMO9884253,Athina,Tankers,KRUSN,Ulsan,2023-11-24,2023-11-27,14,520.1,35.5,129.38,2
IMO9884909,Bern Star,Dry Bulk,SGSIN,Singapore,2025-02-03,2025-02-06,0,0.0,1.28,103.85,1
IMO9885252,Happy Osprey,LPG,USHOU,Houston,2021-08-19,2021-08-22,0,0.0,29.74,-95.27,1
IMO9885312,Happy Condor,LPG,USHOU,Houston,2019-06-06,2019-06-09,0,0.0,29.74,-95.27,1
IMO9885594,Halcyon,Tankers,CNNGB,Ningbo-Zhoushan,2022-01-25,2022-01-28,14,0.0,29.87,121.55,1
IMO9885594,Halcyon,Tankers,CNNGB,Ningbo-Zhoushan,2022-02-11,2022-02-14,14,0.0,29.87,121.55,2
IMO9885594,Halcyon,Tankers,CNNGB,Ningbo-Zhoushan,2022-02-28,2022-03-03,14,0.0,29.87,121.55,3
IMO9885594,Halcyon,Tankers,SARRT,Ras Tanura,2024-11-04,2024-11-07,977,3717.6,26.65,50.16,4
IMO9885594,Halcyon,Tankers,SARRT,Ras Tanura,2025-07-22,2025-07-25,257,0.0,26.65,50.16,5
IMO9885996,Mol Hestia,LNG,KRUSN,Ulsan,2021-01-22,2021-01-25,0,0.0,35.5,129.38,1
IMO9885996,Mol Hestia,LNG,KRUSN,Ulsan,2021-02-08,2021-02-11,14,0.0,35.5,129.38,2
IMO9885996,Mol Hestia,LNG,USSPG,Sabine Pass,2021-02-15,2021-02-18,4,6191.2,29.73,-93.87,3
IMO9885996,Mol Hestia,LNG,USSPG,Sabine Pass,2021-03-04,2021-03-07,14,0.0,29.73,-93.87,4
IMO9886378,Zeus,Tankers,INSIK,Sikka / Jamnagar,2021-04-14,2021-04-17,0,0.0,22.43,69.84,1
IMO9886378,Zeus,Tankers,DZAZW,Arzew,2025-11-18,2025-11-21,1676,3689.7,35.85,-0.31,2
IMO9886639,Kapodistrias 21,Tankers,CNNGB,Ningbo-Zhoushan,2022-11-18,2022-11-21,14,0.0,29.87,121.55,1
IMO9886639,Kapodistrias 21,Tankers,NLRTM,Rotterdam,2024-12-03,2024-12-06,743,4890.7,51.92,4.47,2
IMO9886770,Nissos Ios,Tankers,AEFJR,Fujairah,2022-11-06,2022-11-09,0,0.0,25.13,56.34,1
IMO9886770,Nissos Ios,Tankers,INSIK,Sikka / Jamnagar,2022-11-23,2022-11-26,14,758.9,22.43,69.84,2
IMO9886770,Nissos Ios,Tankers,SGSIN,Singapore,2022-12-10,2022-12-13,14,2355.7,1.28,103.85,3
IMO9886782,Nissos Tinos,Tankers,SGSIN,Singapore,2021-07-02,2021-07-05,14,0.0,1.28,103.85,1
IMO9886782,Nissos Tinos,Tankers,NGBON,Bonny,2023-09-08,2023-09-11,795,5798.0,4.45,7.16,2
IMO9887308,Kriti Hero,Tankers,NLRTM,Rotterdam,2021-05-09,2021-05-12,0,0.0,51.92,4.47,1
IMO9887308,Kriti Hero,Tankers,SGSIN,Singapore,2021-05-26,2021-05-29,14,5689.2,1.28,103.85,2
IMO9887308,Kriti Hero,Tankers,CNNGB,Ningbo-Zhoushan,2021-06-12,2021-06-15,14,1991.7,29.87,121.55,3
IMO9887308,Kriti Hero,Tankers,DZAZW,Arzew,2022-04-25,2022-04-28,314,5676.8,35.85,-0.31,4
IMO9887308,Kriti Hero,Tankers,SGSIN,Singapore,2022-05-12,2022-05-15,14,6044.3,1.28,103.85,5
IMO9887308,Kriti Hero,Tankers,DZAZW,Arzew,2024-09-19,2024-09-22,858,6044.3,35.85,-0.31,6
IMO9887308,Kriti Hero,Tankers,DZAZW,Arzew,2026-03-20,2026-03-23,544,0.0,35.85,-0.31,7
IMO9887451,Gas Gabriela,LPG,USHOU,Houston,2022-05-05,2022-05-08,0,0.0,29.74,-95.27,1
IMO9887451,Gas Gabriela,LPG,USHOU,Houston,2022-09-15,2022-09-18,130,0.0,29.74,-95.27,2
IMO9887451,Gas Gabriela,LPG,USHOU,Houston,2022-11-24,2022-11-27,67,0.0,29.74,-95.27,3
IMO9887451,Gas Gabriela,LPG,USHOU,Houston,2023-12-21,2023-12-24,389,0.0,29.74,-95.27,4
IMO9888194,LNG London,LNG,NLRTM,Rotterdam,2021-09-23,2021-09-26,0,0.0,51.92,4.47,1
IMO9888194,LNG London,LNG,NLRTM,Rotterdam,2021-10-10,2021-10-13,14,0.0,51.92,4.47,2
IMO9888508,Pertamina Prime,Tankers,KWMFA,Mina Al Ahmadi,2023-05-26,2023-05-29,0,0.0,29.07,48.15,1
IMO9888508,Pertamina Prime,Tankers,SARRT,Ras Tanura,2024-08-15,2024-08-18,444,180.3,26.65,50.16,2
IMO9888601,Dhalkut,Tankers,KRUSN,Ulsan,2022-08-09,2022-08-12,14,0.0,35.5,129.38,1
IMO9888601,Dhalkut,Tankers,KRUSN,Ulsan,2022-08-26,2022-08-29,14,0.0,35.5,129.38,2
IMO9888766,Orion Monet,LNG,KRUSN,Ulsan,2021-07-01,2021-07-04,0,0.0,35.5,129.38,1
IMO9888766,Orion Monet,LNG,KRUSN,Ulsan,2021-07-18,2021-07-21,14,0.0,35.5,129.38,2
IMO9889454,Angela,LPG,NLRTM,Rotterdam,2020-01-09,2020-01-12,0,0.0,51.92,4.47,1
IMO9889454,Angela,LPG,NLRTM,Rotterdam,2020-01-23,2020-01-26,11,0.0,51.92,4.47,2
IMO9889454,Angela,LPG,NLRTM,Rotterdam,2020-03-19,2020-03-22,53,0.0,51.92,4.47,3
IMO9889454,Angela,LPG,NLRTM,Rotterdam,2020-04-09,2020-04-12,18,0.0,51.92,4.47,4
IMO9889954,Lord Byron 21,Tankers,DZAZW,Arzew,2022-10-19,2022-10-22,0,0.0,35.85,-0.31,1
IMO9889954,Lord Byron 21,Tankers,KWMFA,Mina Al Ahmadi,2023-01-06,2023-01-09,76,2463.5,29.07,48.15,2
IMO9889954,Lord Byron 21,Tankers,KWMFA,Mina Al Ahmadi,2023-01-22,2023-01-25,1,3589.4,29.07,48.15,4
IMO9889954,Lord Byron 21,Tankers,SGSIN,Singapore,2023-01-23,2023-01-26,14,3589.4,1.28,103.85,3
IMO9889954,Lord Byron 21,Tankers,SARRT,Ras Tanura,2023-02-21,2023-02-24,27,180.3,26.65,50.16,5
IMO9889954,Lord Byron 21,Tankers,SARRT,Ras Tanura,2023-08-31,2023-09-03,188,0.0,26.65,50.16,6
IMO9889954,Lord Byron 21,Tankers,NLRTM,Rotterdam,2023-09-17,2023-09-20,14,2547.4,51.92,4.47,7
IMO9889954,Lord Byron 21,Tankers,NGBON,Bonny,2024-10-22,2024-10-25,398,2853.3,4.45,7.16,8
IMO9889954,Lord Byron 21,Tankers,AEFJR,Fujairah,2026-01-20,2026-01-23,452,3090.0,25.13,56.34,9
IMO9890965,Seaduke,Tankers,CNNGB,Ningbo-Zhoushan,2021-12-30,2022-01-02,14,0.0,29.87,121.55,1
IMO9890965,Seaduke,Tankers,CNNGB,Ningbo-Zhoushan,2022-01-16,2022-01-19,14,0.0,29.87,121.55,2
IMO9890977,Hillah,Tankers,CNNGB,Ningbo-Zhoushan,2024-09-23,2024-09-26,14,0.0,29.87,121.55,1
IMO9890989,Nave Electron,Tankers,CNQDG,Qingdao,2025-04-16,2025-04-19,14,0.0,36.08,120.32,1
IMO9891215,N Nepture,LPG,USHOU,Houston,2021-04-29,2021-05-02,0,0.0,29.74,-95.27,1
IMO9891644,Monica Kosan,LPG,NLRTM,Rotterdam,2020-08-27,2020-08-30,0,0.0,51.92,4.47,1
IMO9892298,Asterix I,LNG,KRUSN,Ulsan,2022-04-11,2022-04-14,0,0.0,35.5,129.38,1
IMO9892298,Asterix I,LNG,KRUSN,Ulsan,2022-04-28,2022-05-01,14,0.0,35.5,129.38,2
IMO9892717,Maran Gas Ithaca,LNG,USCMR,Cameron / Lake Charles,2023-05-09,2023-05-12,0,0.0,30.22,-93.22,1
IMO9892717,Maran Gas Ithaca,LNG,USCMR,Cameron / Lake Charles,2023-05-26,2023-05-29,14,0.0,30.22,-93.22,2
IMO9892717,Maran Gas Ithaca,LNG,QARLF,Ras Laffan,2023-07-27,2023-07-30,59,6874.5,25.92,51.53,3
IMO9892717,Maran Gas Ithaca,LNG,QARLF,Ras Laffan,2023-08-13,2023-08-16,14,0.0,25.92,51.53,4
IMO9894430,Clipper Freeport,LPG,USHOU,Houston,2021-11-04,2021-11-07,0,0.0,29.74,-95.27,1
IMO9894430,Clipper Freeport,LPG,USHOU,Houston,2023-01-12,2023-01-15,431,0.0,29.74,-95.27,2
IMO9894430,Clipper Freeport,LPG,USHOU,Houston,2023-08-24,2023-08-27,221,0.0,29.74,-95.27,3
IMO9895214,Nissos Koufonissi,Tankers,CNRZH,Rizhao,2023-04-26,2023-04-29,14,0.0,35.42,119.53,1
IMO9895226,Nissos Antimilos,Tankers,RUPRI,Primorsk,2023-05-22,2023-05-25,0,0.0,60.36,28.61,1
IMO9895781,Epic Salina,LPG,KRUSN,Ulsan,2021-08-12,2021-08-15,0,0.0,35.5,129.38,1
IMO9895781,Epic Salina,LPG,USHOU,Houston,2021-10-21,2021-10-24,67,6148.4,29.74,-95.27,2
IMO9896414,Hunter,Tankers,SGSIN,Singapore,2022-05-30,2022-06-02,14,0.0,1.28,103.85,1
IMO9896414,Hunter,Tankers,CNNGB,Ningbo-Zhoushan,2022-06-16,2022-06-19,14,1991.7,29.87,121.55,2
IMO9896933,Bw Cassia,LNG,USCMR,Cameron / Lake Charles,2023-11-10,2023-11-13,0,0.0,30.22,-93.22,1
IMO9896933,Bw Cassia,LNG,USCMR,Cameron / Lake Charles,2023-11-27,2023-11-30,14,0.0,30.22,-93.22,2
IMO9898553,Dickens,Tankers,CNNGB,Ningbo-Zhoushan,2021-12-16,2021-12-19,14,0.0,29.87,121.55,1
IMO9898553,Front Maine,Tankers,KRUSN,Ulsan,2024-12-19,2024-12-22,14,0.0,35.5,129.38,1
IMO9898553,Front Maine,Tankers,CNNGB,Ningbo-Zhoushan,2025-01-05,2025-01-08,14,520.1,29.87,121.55,2
IMO9898553,Front Maine O/O,Tankers,KRUSN,Ulsan,2025-12-05,2025-12-08,14,0.0,35.5,129.38,1
IMO9899363,Crude Levante,Tankers,USCRP,Corpus Christi,2022-12-08,2022-12-11,0,0.0,27.81,-97.39,1
IMO9899363,Atlantic Princess,Tankers,SARRT,Ras Tanura,2026-02-27,2026-03-02,0,0.0,26.65,50.16,1
IMO9899363,Atlantic Princess,Tankers,INSIK,Sikka / Jamnagar,2026-03-16,2026-03-19,14,1103.0,22.43,69.84,2
IMO9899375,Crude Zephyrus,Tankers,DZAZW,Arzew,2022-07-28,2022-07-31,0,0.0,35.85,-0.31,1
IMO9899375,Crude Zephyrus,Tankers,ZASDB,Saldanha Bay,2022-08-14,2022-08-17,14,4260.3,-33.02,17.95,2
IMO9899375,Crude Zephyrus,Tankers,DZAZW,Arzew,2023-12-20,2023-12-23,490,4260.3,35.85,-0.31,3
IMO9899375,Crude Zephyrus,Tankers,DZAZW,Arzew,2024-04-10,2024-04-13,109,0.0,35.85,-0.31,4
IMO9899375,Crude Zephyrus,Tankers,ZASDB,Saldanha Bay,2024-04-27,2024-04-30,14,4260.3,-33.02,17.95,5
IMO9899375,Crude Zephyrus,Tankers,SGSIN,Singapore,2024-05-14,2024-05-17,14,5239.3,1.28,103.85,6
IMO9899375,Atlantic Queen,Tankers,DZAZW,Arzew,2026-02-18,2026-02-21,0,0.0,35.85,-0.31,1
IMO9899375,Atlantic Queen,Tankers,DZAZW,Arzew,2026-03-20,2026-03-23,27,0.0,35.85,-0.31,2
IMO9899375,Atlantic Queen,Tankers,DZAZW,Arzew,2026-05-07,2026-05-10,45,0.0,35.85,-0.31,3
IMO9900007,Dimitrios,Tankers,KRUSN,Ulsan,2021-06-21,2021-06-24,0,0.0,35.5,129.38,1
IMO9900007,Dimitrios,Tankers,SGSIN,Singapore,2021-07-08,2021-07-11,14,2499.7,1.28,103.85,2
IMO9900007,Dimitrios,Tankers,DZAZW,Arzew,2024-02-20,2024-02-23,954,6044.3,35.85,-0.31,3
IMO9900655,New Era,Tankers,CNNGB,Ningbo-Zhoushan,2021-10-27,2021-10-30,14,0.0,29.87,121.55,1
IMO9900655,New Era,Tankers,AEFJR,Fujairah,2026-06-11,2026-06-14,1685,3438.5,25.13,56.34,2
IMO9900667,New Ambition,Tankers,SARRT,Ras Tanura,2021-11-02,2021-11-05,0,0.0,26.65,50.16,1
IMO9900678,Sinokor tbn,Tankers,SARRT,Ras Tanura,2024-09-09,2024-09-12,0,0.0,26.65,50.16,1
IMO9900678,Sinokor tbn,Tankers,INSIK,Sikka / Jamnagar,2024-09-26,2024-09-29,14,1103.0,22.43,69.84,2
IMO9900678,Sinokor TBN ,Tankers,SARRT,Ras Tanura,2026-02-25,2026-02-28,0,0.0,26.65,50.16,1
IMO9900796,Greenway,Tankers,INSIK,Sikka / Jamnagar,2022-06-22,2022-06-25,0,0.0,22.43,69.84,1
IMO9900796,Greenway,Tankers,USCRP,Corpus Christi,2023-11-17,2023-11-20,510,7701.3,27.81,-97.39,2
IMO9900801,Starway,Tankers,USHOU,Houston,2025-06-30,2025-07-03,0,0.0,29.74,-95.27,1
IMO9901199,Red Admiral,LPG,USHOU,Houston,2023-04-13,2023-04-16,0,0.0,29.74,-95.27,1
IMO9901206,G Spirit,LPG,USPOA,Port Arthur / Nederland,2021-10-07,2021-10-10,0,0.0,29.87,-93.93,1
IMO9901348,Maran Antiope,Tankers,KWMFA,Mina Al Ahmadi,2022-07-28,2022-07-31,0,0.0,29.07,48.15,1
IMO9901348,Maran Antiope,Tankers,SAYNB,Yanbu,2026-04-27,2026-04-30,1366,618.4,24.09,38.06,2
IMO9901348,Maran Antiope,Tankers,SARRT,Ras Tanura,2026-07-02,2026-07-05,63,673.9,26.65,50.16,3
IMO9902615,Barakah,Tankers,CNNGB,Ningbo-Zhoushan,2023-07-13,2023-07-16,14,0.0,29.87,121.55,1
IMO9902615,Barakah,Tankers,NLRTM,Rotterdam,2023-07-30,2023-08-02,14,4890.7,51.92,4.47,2
IMO9902615,Barakah,Tankers,CNNGB,Ningbo-Zhoushan,2023-08-16,2023-08-19,14,4890.7,29.87,121.55,3
IMO9902627,Cs Hunan Venture,Tankers,CNNGB,Ningbo-Zhoushan,2021-10-29,2021-11-01,14,0.0,29.87,121.55,1
IMO9902823,Eco Malibu,Tankers,DZAZW,Arzew,2022-03-03,2022-03-06,0,0.0,35.85,-0.31,1
IMO9902823,Eco Malibu,Tankers,DZAZW,Arzew,2023-09-27,2023-09-30,570,0.0,35.85,-0.31,2
IMO9902823,Eco Malibu,Tankers,SARRT,Ras Tanura,2024-04-29,2024-05-02,212,2619.7,26.65,50.16,3
IMO9904065,C. Grace,Tankers,SARRT,Ras Tanura,2025-11-20,2025-11-23,0,0.0,26.65,50.16,1
IMO9904065,C. Grace,Tankers,SAYNB,Yanbu,2026-05-29,2026-06-01,187,673.9,24.09,38.06,2
IMO9904077,C. Brave (HOB),Tankers,CNNGB,Ningbo-Zhoushan,2021-09-30,2021-10-03,14,0.0,29.87,121.55,1
IMO9904089,Vl Renaissance,Tankers,SARRT,Ras Tanura,2024-06-28,2024-07-01,0,0.0,26.65,50.16,1
IMO9904089,Vl Renaissance,Tankers,SAYNB,Yanbu,2026-04-22,2026-04-25,660,673.9,24.09,38.06,2
IMO9904089,Vl Renaissance,Tankers,SAYNB,Yanbu,2026-07-01,2026-07-04,67,0.0,24.09,38.06,3
IMO9905318,Asia,Tankers,AEFJR,Fujairah,2023-12-18,2023-12-21,14,0.0,25.13,56.34,1
IMO9905447,Adamantios,Tankers,CNNGB,Ningbo-Zhoushan,2022-11-16,2022-11-19,14,0.0,29.87,121.55,1
IMO9905447,Adamantios,Tankers,SARRT,Ras Tanura,2024-03-15,2024-03-18,482,3717.6,26.65,50.16,2
IMO9905447,Adamantios,Tankers,KWMFA,Mina Al Ahmadi,2025-05-14,2025-05-17,422,180.3,29.07,48.15,3
IMO9905447,Adamantios,Tankers,SAYNB,Yanbu,2026-03-03,2026-03-06,290,618.4,24.09,38.06,4
IMO9905447,Adamantios,Tankers,INSIK,Sikka / Jamnagar,2026-03-20,2026-03-23,14,1752.1,22.43,69.84,5
IMO9905459,Alexandros,Tankers,AEFJR,Fujairah,2026-07-10,2026-07-13,0,0.0,25.13,56.34,1
IMO9905459,Alexandros,Tankers,SAYNB,Yanbu,2026-07-17,2026-07-20,4,999.0,24.09,38.06,2
IMO9905459,Alexandros,Tankers,INSIK,Sikka / Jamnagar,2026-08-03,2026-08-06,14,1752.1,22.43,69.84,3
IMO9906007,Astomos Venus,LPG,QARLF,Ras Laffan,2020-06-04,2020-06-07,0,0.0,25.92,51.53,1
IMO9907225,Orient M,Tankers,DZAZW,Arzew,2023-03-16,2023-03-19,0,0.0,35.85,-0.31,1
IMO9907225,Orient M,Tankers,SARRT,Ras Tanura,2025-02-04,2025-02-07,688,2619.7,26.65,50.16,2
IMO9907433,Cedar,Tankers,SARRT,Ras Tanura,2024-05-29,2024-06-01,0,0.0,26.65,50.16,1
IMO9907433,Cedar,Tankers,ZASDB,Saldanha Bay,2024-06-15,2024-06-18,14,4026.8,-33.02,17.95,2
IMO9907433,Cedar,Tankers,SARRT,Ras Tanura,2026-01-14,2026-01-17,575,4026.8,26.65,50.16,3
IMO9907445,Cypres,Tankers,NGBON,Bonny,2022-11-11,2022-11-14,0,0.0,4.45,7.16,1
IMO9907457,Yasa Polaris,Tankers,CNNGB,Ningbo-Zhoushan,2022-03-14,2022-03-17,14,0.0,29.87,121.55,1
IMO9907457,Yasa Polaris,Tankers,DZAZW,Arzew,2024-12-02,2024-12-05,991,5676.8,35.85,-0.31,2
IMO9907457,Yasa Polaris,Tankers,DZAZW,Arzew,2024-12-30,2025-01-02,25,0.0,35.85,-0.31,3
IMO9907457,Yasa Polaris,Tankers,DZAZW,Arzew,2025-02-24,2025-02-27,53,0.0,35.85,-0.31,4
IMO9907457,Yasa Polaris,Tankers,DZAZW,Arzew,2025-04-22,2025-04-25,54,0.0,35.85,-0.31,5
IMO9907653,Emeraldway,Tankers,DZAZW,Arzew,2022-12-22,2022-12-25,0,0.0,35.85,-0.31,1
IMO9907653,Emeraldway,Tankers,CNNGB,Ningbo-Zhoushan,2023-01-08,2023-01-11,14,5676.8,29.87,121.55,2
IMO9907653,Emeraldway,Tankers,NLRTM,Rotterdam,2023-01-25,2023-01-28,14,4890.7,51.92,4.47,3
IMO9907653,Emeraldway,Tankers,NGBON,Bonny,2025-09-02,2025-09-05,948,2853.3,4.45,7.16,4
IMO9907653,Emeraldway,Tankers,CNNGB,Ningbo-Zhoushan,2025-09-19,2025-09-22,14,6518.2,29.87,121.55,5
IMO9907665,Sunriseway,Tankers,USHOU,Houston,2023-08-15,2023-08-18,0,0.0,29.74,-95.27,1
IMO9907665,Sunriseway,Tankers,USHOU,Houston,2023-10-11,2023-10-14,54,0.0,29.74,-95.27,2
IMO9907665,Sunriseway,Tankers,DZAZW,Arzew,2024-04-09,2024-04-12,178,4606.4,35.85,-0.31,3
IMO9907665,Sunriseway,Tankers,NLRTM,Rotterdam,2024-04-26,2024-04-29,14,986.2,51.92,4.47,4
IMO9907665,Sunriseway,Tankers,ZASDB,Saldanha Bay,2024-05-13,2024-05-16,14,5149.0,-33.02,17.95,5
IMO9909469,MARLIN SILKEBORG,Tankers,SGSIN,Singapore,2020-04-24,2020-04-27,14,0.0,1.28,103.85,1
IMO9909807,Grand Ambition,Tankers,AEFJR,Fujairah,2026-07-07,2026-07-10,0,0.0,25.13,56.34,1
IMO9909807,Grand Ambition,Tankers,AEFJR,Fujairah,2026-08-17,2026-08-20,38,0.0,25.13,56.34,2
IMO9910492,Antarctica,Tankers,SARRT,Ras Tanura,2022-12-07,2022-12-10,0,0.0,26.65,50.16,1
IMO9910492,Antarctica,Tankers,AEFJR,Fujairah,2024-10-16,2024-10-19,676,346.0,25.13,56.34,2
IMO9911491,Avance Capella,LPG,USHOU,Houston,2023-08-10,2023-08-13,0,0.0,29.74,-95.27,1
IMO9911491,Avance Capella,LPG,USHOU,Houston,2023-11-02,2023-11-05,81,0.0,29.74,-95.27,2
IMO9911576,Yuhsan,LPG,USHOU,Houston,2023-11-02,2023-11-05,0,0.0,29.74,-95.27,1
IMO9911855,AH UNION,Dry Bulk,NLRTM,Rotterdam,2025-01-23,2025-01-26,0,0.0,51.92,4.47,1
IMO9911855,AH UNION,Dry Bulk,NLRTM,Rotterdam,2025-01-30,2025-02-02,4,0.0,51.92,4.47,2
IMO9911991,New Splendor,Tankers,SGSIN,Singapore,2023-09-22,2023-09-25,14,0.0,1.28,103.85,1
IMO9912000,New Aden,Tankers,SGSIN,Singapore,2022-10-05,2022-10-08,0,0.0,1.28,103.85,1
IMO9912000,New Aden,Tankers,AEFJR,Fujairah,2026-06-23,2026-06-26,1354,3099.3,25.13,56.34,2
IMO9912139,Atlantic,Tankers,DZAZW,Arzew,2022-05-30,2022-06-02,0,0.0,35.85,-0.31,1
IMO9912139,Atlantic,Tankers,USCRP,Corpus Christi,2022-07-04,2022-07-07,32,4764.0,27.81,-97.39,2
IMO9912139,Atlantic,Tankers,DZAZW,Arzew,2022-10-05,2022-10-08,90,4764.0,35.85,-0.31,3
IMO9912141,Pacific,Tankers,NGBON,Bonny,2025-07-16,2025-07-19,0,0.0,4.45,7.16,1
IMO9912141,Pacific,Tankers,NLRTM,Rotterdam,2025-08-02,2025-08-05,14,2853.3,51.92,4.47,2
IMO9912244,Julius Caesar,Tankers,KRUSN,Ulsan,2025-04-04,2025-04-07,14,0.0,35.5,129.38,1
IMO9912256,Legio X Equestris,Tankers,INSIK,Sikka / Jamnagar,2026-02-24,2026-02-27,14,0.0,22.43,69.84,1
IMO9914668,Proteus Jessica,Tankers,DZAZW,Arzew,2023-06-23,2023-06-26,0,0.0,35.85,-0.31,1
IMO9915569,Grand Bonanza,Tankers,SGSIN,Singapore,2021-12-07,2021-12-10,0,0.0,1.28,103.85,1
IMO9915569,Grand Bonanza,Tankers,NLRTM,Rotterdam,2021-12-24,2021-12-27,14,5689.2,51.92,4.47,2
IMO9915569,Grand Bonanza,Tankers,CNNGB,Ningbo-Zhoushan,2022-01-10,2022-01-13,14,4890.7,29.87,121.55,3
IMO9915569,Grand Bonanza,Tankers,SARRT,Ras Tanura,2022-07-14,2022-07-17,182,3717.6,26.65,50.16,4
IMO9915569,Grand Bonanza,Tankers,CNQDG,Qingdao,2022-07-31,2022-08-03,14,3565.3,36.08,120.32,5
IMO9915569,Grand Bonanza,Tankers,SARRT,Ras Tanura,2025-02-18,2025-02-21,930,3565.3,26.65,50.16,6
IMO9915569,Grand Bonanza,Tankers,SARRT,Ras Tanura,2025-11-04,2025-11-07,256,0.0,26.65,50.16,7
IMO9915569,Grand Bonanza,Tankers,SARRT,Ras Tanura,2025-12-30,2026-01-02,53,0.0,26.65,50.16,8
IMO9918733,JS Alular,LPG,NLRTM,Rotterdam,2022-12-15,2022-12-18,14,0.0,51.92,4.47,1
IMO9918733,JS Alular,LPG,NLRTM,Rotterdam,2023-02-23,2023-02-26,67,0.0,51.92,4.47,2
IMO9920693,Sea Amethyst,Tankers,SAYNB,Yanbu,2022-09-08,2022-09-11,0,0.0,24.09,38.06,1
IMO9920693,Sea Amethyst,Tankers,DZAZW,Arzew,2023-10-17,2023-10-20,401,2101.2,35.85,-0.31,2
IMO9920693,Sea Amethyst,Tankers,AEFJR,Fujairah,2024-07-31,2024-08-03,285,2959.8,25.13,56.34,3
IMO9920758,Nissos Kea,Tankers,KWMFA,Mina Al Ahmadi,2025-10-22,2025-10-25,0,0.0,29.07,48.15,1
IMO9920760,Nissos Nikouria,Tankers,CNNGB,Ningbo-Zhoushan,2023-10-11,2023-10-14,14,0.0,29.87,121.55,1
IMO9920760,Nissos Nikouria,Tankers,KWMFA,Mina Al Ahmadi,2025-05-29,2025-06-01,593,3765.1,29.07,48.15,2
IMO9920760,Nissos Nikouria (Koch),Tankers,KWMFA,Mina Al Ahmadi,2026-02-10,2026-02-13,0,0.0,29.07,48.15,1
IMO9920760,Nissos Nikouria,Tankers,AEFJR,Fujairah,2026-06-02,2026-06-05,366,497.4,25.13,56.34,3
IMO9920760,Nissos Nikouria,Tankers,AEFJR,Fujairah,2026-07-27,2026-07-30,52,0.0,25.13,56.34,4
IMO9920760,Nissos Nikouria,Tankers,AEFJR,Fujairah,2026-08-26,2026-08-29,27,0.0,25.13,56.34,5
IMO9920772,Front Alta,Tankers,KWMFA,Mina Al Ahmadi,2022-04-27,2022-04-30,0,0.0,29.07,48.15,1
IMO9920772,Front Alta,Tankers,CNQDG,Qingdao,2022-05-14,2022-05-17,14,3592.8,36.08,120.32,2
IMO9920772,Front Alta,Tankers,KRUSN,Ulsan,2022-05-31,2022-06-03,14,442.5,35.5,129.38,3
IMO9920772,Front Alta o/o,Tankers,KRUSN,Ulsan,2024-05-14,2024-05-17,14,0.0,35.5,129.38,1
IMO9920784,Front Tweed,Tankers,KRUSN,Ulsan,2025-03-06,2025-03-09,14,0.0,35.5,129.38,1
IMO9922108,Sea Onyx,Tankers,ZASDB,Saldanha Bay,2023-01-18,2023-01-21,14,0.0,-33.02,17.95,1
IMO9922108,Sea Onyx,Tankers,SGSIN,Singapore,2025-03-24,2025-03-27,793,5239.3,1.28,103.85,2
IMO9922823,Aquafreedom,Tankers,USHOU,Houston,2023-02-03,2023-02-06,0,0.0,29.74,-95.27,1
IMO9922823,Aquafreedom,Tankers,DZAZW,Arzew,2023-06-07,2023-06-10,121,4606.4,35.85,-0.31,2
IMO9922823,Aquafreedom,Tankers,SGSIN,Singapore,2023-06-24,2023-06-27,14,6044.3,1.28,103.85,3
IMO9922835,Aquabliss,Tankers,AEFJR,Fujairah,2022-08-15,2022-08-18,0,0.0,25.13,56.34,1
IMO9922835,Aquabliss,Tankers,CNNGB,Ningbo-Zhoushan,2022-09-01,2022-09-04,14,3438.5,29.87,121.55,2
IMO9923487,Yiannis Latsis,Tankers,KRUSN,Ulsan,2023-01-19,2023-01-22,14,0.0,35.5,129.38,1
IMO9923487,Yiannis Latsis,Tankers,KWMFA,Mina Al Ahmadi,2025-02-11,2025-02-14,751,4023.0,29.07,48.15,2
IMO9923499,Erietta Latsi,Tankers,AEFJR,Fujairah,2026-07-07,2026-07-10,0,0.0,25.13,56.34,1
IMO9923994,Dino,Tankers,AEFJR,Fujairah,2023-05-01,2023-05-04,14,0.0,25.13,56.34,1
IMO9923994,Dino,Tankers,AEFJR,Fujairah,2024-04-30,2024-05-03,362,0.0,25.13,56.34,2
IMO9923994,Dino,Tankers,SGSIN,Singapore,2024-05-17,2024-05-20,14,3099.3,1.28,103.85,3
IMO9923994,Dino,Tankers,AEFJR,Fujairah,2026-07-16,2026-07-19,787,3099.3,25.13,56.34,4
IMO9924003,Amalia M,Tankers,INSIK,Sikka / Jamnagar,2022-09-22,2022-09-25,0,0.0,22.43,69.84,1
IMO9924003,Amalia M,Tankers,INSIK,Sikka / Jamnagar,2022-10-09,2022-10-12,14,0.0,22.43,69.84,2
IMO9924003,Amalia M,Tankers,DZAZW,Arzew,2024-01-17,2024-01-20,462,3689.7,35.85,-0.31,3
IMO9924003,Amalia M,Tankers,SARRT,Ras Tanura,2024-04-24,2024-04-27,95,2619.7,26.65,50.16,4
IMO9924015,Dimitri,Tankers,SARRT,Ras Tanura,2023-05-19,2023-05-22,14,0.0,26.65,50.16,1
IMO9924015,Dimitri,Tankers,INSIK,Sikka / Jamnagar,2025-12-15,2025-12-18,938,1103.0,22.43,69.84,2
IMO9924326,Kriti Future,Tankers,DZAZW,Arzew,2022-10-21,2022-10-24,0,0.0,35.85,-0.31,1
IMO9924326,Kriti Future,Tankers,DZAZW,Arzew,2026-08-17,2026-08-20,1393,0.0,35.85,-0.31,2
IMO9926543,Pyxis Alfa,LPG,QARLF,Ras Laffan,2021-06-03,2021-06-06,0,0.0,25.92,51.53,1
IMO9926543,Pyxis Alfa,LPG,SAYNB,Yanbu,2021-07-08,2021-07-11,32,740.8,24.09,38.06,2
IMO9926543,Pyxis Alfa,LPG,SAYNB,Yanbu,2023-09-21,2023-09-24,802,0.0,24.09,38.06,3
IMO9926543,Pyxis Alfa,LPG,QARLF,Ras Laffan,2023-10-19,2023-10-22,25,740.8,25.92,51.53,4
IMO9926661,Caspar,Tankers,CNNGB,Ningbo-Zhoushan,2022-08-31,2022-09-03,14,0.0,29.87,121.55,1
IMO9926661,Caspar,Tankers,KWMFA,Mina Al Ahmadi,2024-04-29,2024-05-02,604,3765.1,29.07,48.15,2
IMO9926697,Alterego,Tankers,NLRTM,Rotterdam,2024-02-28,2024-03-02,14,0.0,51.92,4.47,1
IMO9926697,Alterego,Tankers,CNNGB,Ningbo-Zhoushan,2024-03-16,2024-03-19,14,4890.7,29.87,121.55,2
IMO9926740,Vl Bright,Tankers,KWMFA,Mina Al Ahmadi,2023-10-11,2023-10-14,0,0.0,29.07,48.15,1
IMO9928009,Hafeet,Tankers,INSIK,Sikka / Jamnagar,2024-05-14,2024-05-17,14,0.0,22.43,69.84,1
IMO9928009,Hafeet,Tankers,SARRT,Ras Tanura,2025-07-30,2025-08-02,439,1103.0,26.65,50.16,2
IMO9928011,Habshan,Tankers,CNQDG,Qingdao,2025-08-29,2025-09-01,14,0.0,36.08,120.32,1
IMO9928023,Arzanah,Tankers,SARRT,Ras Tanura,2024-10-17,2024-10-20,0,0.0,26.65,50.16,1
IMO9928023,Arzanah,Tankers,CNNGB,Ningbo-Zhoushan,2024-11-03,2024-11-06,14,3717.6,29.87,121.55,2
IMO9928023,Arzanah,Tankers,KWMFA,Mina Al Ahmadi,2025-09-17,2025-09-20,315,3765.1,29.07,48.15,3
IMO9928645,Hellas Fos,LPG,USPOA,Port Arthur / Nederland,2019-09-19,2019-09-22,0,0.0,29.87,-93.93,1
IMO9928645,Hellas Fos,LPG,CNQDG,Qingdao,2019-10-06,2019-10-09,14,6401.4,36.08,120.32,2
IMO9929106,New Apex,LNG,USSPG,Sabine Pass,2020-12-17,2020-12-20,0,0.0,29.73,-93.87,1
IMO9929106,New Apex,LNG,USSPG,Sabine Pass,2021-01-03,2021-01-06,14,0.0,29.73,-93.87,2
IMO9929651,C. Earnest,Tankers,SGSIN,Singapore,2022-09-01,2022-09-04,14,0.0,1.28,103.85,1
IMO9929651,C. Earnest,Tankers,KRUSN,Ulsan,2022-09-18,2022-09-21,14,2499.7,35.5,129.38,2
IMO9929651,C. Earnest,Tankers,INSIK,Sikka / Jamnagar,2022-10-05,2022-10-08,14,3176.8,22.43,69.84,3
IMO9929651,C. Earnest,Tankers,INSIK,Sikka / Jamnagar,2022-10-22,2022-10-25,14,0.0,22.43,69.84,4
IMO9929651,C. Earnest,Tankers,KRUSN,Ulsan,2022-11-08,2022-11-11,14,3176.8,35.5,129.38,5
IMO9929651,C. Earnest,Tankers,INSIK,Sikka / Jamnagar,2022-11-25,2022-11-28,14,3176.8,22.43,69.84,6
IMO9929651,C. Earnest,Tankers,INSIK,Sikka / Jamnagar,2022-12-12,2022-12-15,14,0.0,22.43,69.84,7
IMO9929663,C. Genuine,Tankers,INSIK,Sikka / Jamnagar,2023-12-14,2023-12-17,14,0.0,22.43,69.84,1
IMO9929663,C. Genuine,Tankers,INSIK,Sikka / Jamnagar,2023-12-31,2024-01-03,14,0.0,22.43,69.84,2
IMO9930791,Maran Danae,Tankers,SGSIN,Singapore,2023-04-27,2023-04-30,0,0.0,1.28,103.85,1
IMO9930791,Maran Danae,Tankers,CNNGB,Ningbo-Zhoushan,2023-05-14,2023-05-17,14,1991.7,29.87,121.55,2
IMO9930791,Maran Danae,Tankers,CNNGB,Ningbo-Zhoushan,2023-05-31,2023-06-03,14,0.0,29.87,121.55,3
IMO9930806,Maran Dione,Tankers,KRUSN,Ulsan,2025-11-20,2025-11-23,14,0.0,35.5,129.38,1
IMO9930806,Maran Dione,Tankers,SAYNB,Yanbu,2026-03-06,2026-03-09,103,4640.9,24.09,38.06,2
IMO9931329,G. Dream,Tankers,CNNGB,Ningbo-Zhoushan,2025-10-07,2025-10-10,14,0.0,29.87,121.55,1
IMO9931329,G. Dream,Tankers,AEFJR,Fujairah,2026-05-07,2026-05-10,209,3438.5,25.13,56.34,2
IMO9931329,G. Dream,Tankers,AEFJR,Fujairah,2026-07-21,2026-07-24,72,0.0,25.13,56.34,3
IMO9931331,G. Future,Tankers,AEFJR,Fujairah,2026-06-16,2026-06-19,0,0.0,25.13,56.34,1
IMO9931343,G. Hope,Tankers,SGSIN,Singapore,2022-11-29,2022-12-02,0,0.0,1.28,103.85,1
IMO9931343,G. Hope,Tankers,CNQDG,Qingdao,2022-12-16,2022-12-19,14,2281.6,36.08,120.32,2
IMO9933535,Advantage Verdict,Tankers,SGSIN,Singapore,2022-11-07,2022-11-10,0,0.0,1.28,103.85,1
IMO9933535,Advantage Verdict,Tankers,SGSIN,Singapore,2022-11-24,2022-11-27,14,0.0,1.28,103.85,2
IMO9933535,Advantage Verdict,Tankers,CNNGB,Ningbo-Zhoushan,2022-12-11,2022-12-14,14,1991.7,29.87,121.55,3
IMO9933561,Advantage Vital,Tankers,KRUSN,Ulsan,2025-11-07,2025-11-10,14,0.0,35.5,129.38,1
IMO9933585,Seaways Enterprise,Tankers,SARRT,Ras Tanura,2026-01-30,2026-02-02,0,0.0,26.65,50.16,1
IMO9933585,Seaways Enterprise,Tankers,INSIK,Sikka / Jamnagar,2026-02-16,2026-02-19,14,1103.0,22.43,69.84,2
IMO9933614,Eagle Ventura O/O,Tankers,SARRT,Ras Tanura,2025-06-06,2025-06-09,0,0.0,26.65,50.16,1
IMO9933626,Eagle Veracruz,Tankers,CNQDG,Qingdao,2025-10-16,2025-10-19,14,0.0,36.08,120.32,1
IMO9933640,Front Tana,Tankers,SARRT,Ras Tanura,2023-02-10,2023-02-13,0,0.0,26.65,50.16,1
IMO9933640,Front Tana,Tankers,KRUSN,Ulsan,2023-02-27,2023-03-02,14,4000.9,35.5,129.38,2
IMO9933640,Front Tana,Tankers,CNQDG,Qingdao,2023-03-16,2023-03-19,14,442.5,36.08,120.32,3
IMO9933640,Front Tana,Tankers,AEFJR,Fujairah,2026-05-07,2026-05-10,1145,3312.7,25.13,56.34,4
IMO9933640,Front Tana,Tankers,SAYNB,Yanbu,2026-06-18,2026-06-21,39,999.0,24.09,38.06,5
IMO9933652,Front Gaula,Tankers,KRUSN,Ulsan,2023-03-07,2023-03-10,14,0.0,35.5,129.38,1
IMO9933652,Front Gaula,Tankers,INSIK,Sikka / Jamnagar,2023-03-24,2023-03-27,14,3176.8,22.43,69.84,2
IMO9933664,Front Orkla o/o,Tankers,CNNGB,Ningbo-Zhoushan,2025-07-02,2025-07-05,14,0.0,29.87,121.55,1
IMO9933664,Front Orkla,Tankers,CNQDG,Qingdao,2025-09-22,2025-09-25,14,0.0,36.08,120.32,1
IMO9933676,Front Tyne,Tankers,SGSIN,Singapore,2023-10-25,2023-10-28,14,0.0,1.28,103.85,1
IMO9934319,Popi P,Tankers,INSIK,Sikka / Jamnagar,2023-03-07,2023-03-10,0,0.0,22.43,69.84,1
IMO9934319,Popi P,Tankers,DZAZW,Arzew,2023-12-15,2023-12-18,280,3689.7,35.85,-0.31,2
IMO9934319,Popi P,Tankers,NLRTM,Rotterdam,2024-09-30,2024-10-03,287,986.2,51.92,4.47,3
IMO9934319,Popi P,Tankers,DZAZW,Arzew,2026-04-01,2026-04-04,545,986.2,35.85,-0.31,4
IMO9934321,Costas P,Tankers,INSIK,Sikka / Jamnagar,2024-11-25,2024-11-28,14,0.0,22.43,69.84,1
IMO9934826,Seagrace,Tankers,NLRTM,Rotterdam,2023-02-23,2023-02-26,0,0.0,51.92,4.47,1
IMO9934826,Seagrace,Tankers,NLRTM,Rotterdam,2023-03-12,2023-03-15,14,0.0,51.92,4.47,2
IMO9934826,Seagrace,Tankers,DZAZW,Arzew,2025-06-04,2025-06-07,812,986.2,35.85,-0.31,3
IMO9935600,Sea Sapphire,Tankers,NLRTM,Rotterdam,2025-08-06,2025-08-09,14,0.0,51.92,4.47,1
IMO9935650,Sea Coral,Tankers,NGBON,Bonny,2025-07-07,2025-07-10,0,0.0,4.45,7.16,1
IMO9935650,Sea Coral,Tankers,DZAZW,Arzew,2025-12-31,2026-01-03,174,1930.1,35.85,-0.31,2
IMO9935650,Sea Coral,Tankers,DZAZW,Arzew,2026-05-28,2026-05-31,145,0.0,35.85,-0.31,3
IMO9936800,BW Malacca,LPG,USHOU,Houston,2021-02-04,2021-02-07,0,0.0,29.74,-95.27,1
IMO9936800,BW Malacca,LPG,USHOU,Houston,2021-10-28,2021-10-31,263,0.0,29.74,-95.27,2
IMO9936800,BW Malacca,LPG,SAYNB,Yanbu,2022-08-11,2022-08-14,284,6602.3,24.09,38.06,3
IMO9936800,BW Malacca,LPG,USHOU,Houston,2023-01-05,2023-01-08,144,6602.3,29.74,-95.27,4
IMO9936800,BW Malacca,LPG,USHOU,Houston,2023-10-12,2023-10-15,277,0.0,29.74,-95.27,5
IMO9937064,Navigator Orion,LPG,SAYNB,Yanbu,2020-05-14,2020-05-17,14,0.0,24.09,38.06,1
IMO9937064,Navigator Orion,LPG,USHOU,Houston,2020-11-26,2020-11-29,193,6602.3,29.74,-95.27,2
IMO9937098,Front Gander,Tankers,SARRT,Ras Tanura,2024-11-21,2024-11-24,0,0.0,26.65,50.16,1
IMO9937103,Front Beauly,Tankers,KRUSN,Ulsan,2024-07-30,2024-08-02,14,0.0,35.5,129.38,1
IMO9937799,Al Bahyah,Tankers,INSIK,Sikka / Jamnagar,2024-09-12,2024-09-15,14,0.0,22.43,69.84,1
IMO9937799,Al Bahyah,Tankers,KWMFA,Mina Al Ahmadi,2025-09-16,2025-09-19,366,1236.5,29.07,48.15,2
IMO9937799,Al Bahyah,Tankers,CNNGB,Ningbo-Zhoushan,2025-10-03,2025-10-06,14,3765.1,29.87,121.55,3
IMO9938278,Hellas Glory,LPG,USHOU,Houston,2022-03-10,2022-03-13,0,0.0,29.74,-95.27,1
IMO9938278,Hellas Glory,LPG,USHOU,Houston,2022-04-07,2022-04-10,25,0.0,29.74,-95.27,2
IMO9938278,Hellas Glory,LPG,USHOU,Houston,2022-05-19,2022-05-22,39,0.0,29.74,-95.27,3
IMO9938482,Sonangol Kulumbimbi,Tankers,ZASDB,Saldanha Bay,2023-08-25,2023-08-28,14,0.0,-33.02,17.95,1
IMO9940238,Gaschem Arctic,LPG,USHOU,Houston,2020-09-17,2020-09-20,0,0.0,29.74,-95.27,1
IMO9940238,Gaschem Arctic ,LPG,USHOU,Houston,2022-01-27,2022-01-30,14,0.0,29.74,-95.27,1
IMO9940238,Gaschem Arctic,LPG,USHOU,Houston,2022-04-28,2022-05-01,585,0.0,29.74,-95.27,2
IMO9940746,SFL Fraser,Tankers,USCRP,Corpus Christi,2022-10-26,2022-10-29,0,0.0,27.81,-97.39,1
IMO9941661,Olympus,Tankers,SGSIN,Singapore,2023-01-24,2023-01-27,0,0.0,1.28,103.85,1
IMO9941661,Olympus,Tankers,SGSIN,Singapore,2023-01-31,2023-02-03,4,0.0,1.28,103.85,2
IMO9941661,Olympus,Tankers,SARRT,Ras Tanura,2025-04-08,2025-04-11,795,3444.8,26.65,50.16,3
IMO9941673,Helios,Tankers,SGSIN,Singapore,2022-11-28,2022-12-01,0,0.0,1.28,103.85,1
IMO9941673,Helios,Tankers,SGSIN,Singapore,2022-12-15,2022-12-18,14,0.0,1.28,103.85,2
IMO9941673,Helios,Tankers,INSIK,Sikka / Jamnagar,2023-01-01,2023-01-04,14,2355.7,22.43,69.84,3
IMO9941867,angeliki light,Tankers,AEFJR,Fujairah,2026-08-12,2026-08-15,0,0.0,25.13,56.34,1
IMO9943061,Andromeda,Tankers,SGSIN,Singapore,2025-10-08,2025-10-11,14,0.0,1.28,103.85,1
IMO9943475,Clean Resolution,LNG,KRUSN,Ulsan,2022-07-11,2022-07-14,0,0.0,35.5,129.38,1
IMO9943475,Clean Resolution,LNG,KRUSN,Ulsan,2022-07-28,2022-07-31,14,0.0,35.5,129.38,2
IMO9943487,Clean Destiny,LNG,KRUSN,Ulsan,2022-07-11,2022-07-14,0,0.0,35.5,129.38,1
IMO9943487,Clean Destiny,LNG,KRUSN,Ulsan,2022-07-28,2022-07-31,14,0.0,35.5,129.38,2
IMO9943499,Clean Vitality,LNG,KRUSN,Ulsan,2022-07-11,2022-07-14,0,0.0,35.5,129.38,1
IMO9943499,Clean Vitality,LNG,KRUSN,Ulsan,2022-07-28,2022-07-31,14,0.0,35.5,129.38,2
IMO9943504,Clean Future,LNG,KRUSN,Ulsan,2022-07-11,2022-07-14,0,0.0,35.5,129.38,1
IMO9943504,Clean Future,LNG,KRUSN,Ulsan,2022-07-28,2022-07-31,14,0.0,35.5,129.38,2
IMO9943748,Clovis,Tankers,INSIK,Sikka / Jamnagar,2023-09-06,2023-09-09,14,0.0,22.43,69.84,1
IMO9943841,Amore Mio I,LNG,KRUSN,Ulsan,2022-10-24,2022-10-27,0,0.0,35.5,129.38,1
IMO9943841,Amore Mio I,LNG,KRUSN,Ulsan,2022-11-10,2022-11-13,14,0.0,35.5,129.38,2
IMO9945459,Celsius Glarus,LNG,QARLF,Ras Laffan,2024-01-22,2024-01-25,0,0.0,25.92,51.53,1
IMO9946386,Saint Barbara,LNG,USSPG,Sabine Pass,2023-10-20,2023-10-23,0,0.0,29.73,-93.87,1
IMO9946386,Saint Barbara,LNG,USSPG,Sabine Pass,2023-11-06,2023-11-09,14,0.0,29.73,-93.87,2
IMO9947483,Phoenix Harmonia,LPG,USHOU,Houston,2024-01-04,2024-01-07,0,0.0,29.74,-95.27,1
IMO9948447,BW Tyr,LPG,SAYNB,Yanbu,2019-07-11,2019-07-14,0,0.0,24.09,38.06,1
IMO9949027,MOL Coral,LNG,USCVP,Cove Point,2022-09-20,2022-09-23,0,0.0,38.39,-76.38,1
IMO9949027,MOL Coral,LNG,USCVP,Cove Point,2022-10-07,2022-10-10,14,0.0,38.39,-76.38,2
IMO9950105,Vivit Africa Lng,LNG,USSPG,Sabine Pass,2023-10-03,2023-10-06,0,0.0,29.73,-93.87,1
IMO9950105,Vivit Africa Lng,LNG,USSPG,Sabine Pass,2023-10-20,2023-10-23,14,0.0,29.73,-93.87,2
IMO9952342,Tenacity IV,LPG,USHOU,Houston,2021-11-18,2021-11-21,0,0.0,29.74,-95.27,1
IMO9952342,Tenacity IV,LPG,USHOU,Houston,2022-02-10,2022-02-13,81,0.0,29.74,-95.27,2
IMO9952342,Tenacity IV,LPG,SAYNB,Yanbu,2022-08-19,2022-08-22,187,6602.3,24.09,38.06,3
IMO9952342,Tenacity IV,LPG,SAYNB,Yanbu,2022-10-27,2022-10-30,66,0.0,24.09,38.06,4
IMO9952342,Tenacity IV,LPG,USHOU,Houston,2023-12-21,2023-12-24,417,6602.3,29.74,-95.27,5
IMO9952402,Meltemi 1,Tankers,DZAZW,Arzew,2024-09-04,2024-09-07,0,0.0,35.85,-0.31,1
IMO9952524,Linden Pride,LPG,AUDAM,Dampier,2022-09-08,2022-09-11,0,0.0,-20.65,116.71,1
IMO9954358,Santa Marina,Tankers,INSIK,Sikka / Jamnagar,2020-10-21,2020-10-24,14,0.0,22.43,69.84,1
IMO9955701,Lycaste Peace,LPG,SAYNB,Yanbu,2023-06-15,2023-06-18,0,0.0,24.09,38.06,1
IMO9957511,Maran tbn,Tankers,INSIK,Sikka / Jamnagar,2019-06-06,2019-06-09,14,0.0,22.43,69.84,1
IMO9957511,Maran Tbn,Tankers,INSIK,Sikka / Jamnagar,2019-08-08,2019-08-11,14,0.0,22.43,69.84,1
IMO9957511,MARAN TBN,Tankers,SGSIN,Singapore,2020-01-14,2020-01-17,14,0.0,1.28,103.85,1
IMO9957511,MARAN TBN,Tankers,INSIK,Sikka / Jamnagar,2020-01-31,2020-02-03,14,2355.7,22.43,69.84,2
IMO9957511,MARAN TBN,Tankers,AEFJR,Fujairah,2020-09-11,2020-09-14,221,758.9,25.13,56.34,3
IMO9959469,BW Liberty,LPG,USHOU,Houston,2019-06-06,2019-06-09,0,0.0,29.74,-95.27,1
IMO9962665,Gas Neptune,LPG,USHOU,Houston,2023-09-21,2023-09-24,0,0.0,29.74,-95.27,1
IMO9962931,Tenna Kosan,LPG,NLRTM,Rotterdam,2020-10-08,2020-10-11,0,0.0,51.92,4.47,1
IMO9962931,Tenna Kosan,LPG,USHOU,Houston,2021-12-09,2021-12-12,424,4355.9,29.74,-95.27,2
IMO9963026,Weisshorn Explorer,LPG,USHOU,Houston,2021-03-25,2021-03-28,0,0.0,29.74,-95.27,1
IMO9963026,Weisshorn Explorer,LPG,USHOU,Houston,2021-05-27,2021-05-30,60,0.0,29.74,-95.27,2
IMO9963026,Weisshorn Explorer,LPG,USPOA,Port Arthur / Nederland,2021-07-29,2021-08-01,60,70.2,29.87,-93.93,3
IMO9963026,Weisshorn Explorer,LPG,USHOU,Houston,2022-03-10,2022-03-13,221,70.2,29.74,-95.27,4
IMO9963026,Weisshorn Explorer,LPG,USHOU,Houston,2022-05-12,2022-05-15,60,0.0,29.74,-95.27,5
IMO9963026,Weisshorn Explorer,LPG,USHOU,Houston,2022-08-19,2022-08-22,96,0.0,29.74,-95.27,6
IMO9963026,Weisshorn Explorer,LPG,USHOU,Houston,2023-03-16,2023-03-19,206,0.0,29.74,-95.27,7
IMO9963026,Weisshorn Explorer,LPG,USHOU,Houston,2023-08-10,2023-08-13,144,0.0,29.74,-95.27,8
IMO9963026,Weisshorn Explorer,LPG,USHOU,Houston,2023-09-21,2023-09-24,39,0.0,29.74,-95.27,9
IMO9965194,ALMI GALAXY,Tankers,CNNGB,Ningbo-Zhoushan,2020-04-16,2020-04-19,14,0.0,29.87,121.55,1
IMO9966829,Bristol,Tankers,SGSIN,Singapore,2025-02-18,2025-02-21,0,0.0,1.28,103.85,1
IMO9967328,Clean Mistral,LNG,KRUSN,Ulsan,2022-07-11,2022-07-14,0,0.0,35.5,129.38,1
IMO9967328,Clean Mistral,LNG,KRUSN,Ulsan,2022-07-28,2022-07-31,14,0.0,35.5,129.38,2
IMO9967330,Clean Levant,LNG,KRUSN,Ulsan,2022-07-11,2022-07-14,0,0.0,35.5,129.38,1
IMO9967330,Clean Levant,LNG,KRUSN,Ulsan,2022-07-28,2022-07-31,14,0.0,35.5,129.38,2
IMO9967342,Clean Srocco,LNG,KRUSN,Ulsan,2022-07-11,2022-07-14,0,0.0,35.5,129.38,1
IMO9967342,Clean Srocco,LNG,KRUSN,Ulsan,2022-07-28,2022-07-31,14,0.0,35.5,129.38,2
IMO9967622,R'bury Alina L,Tankers,SARRT,Ras Tanura,2018-10-10,2018-10-13,0,0.0,26.65,50.16,1
IMO9972596,Global Capricorn,LPG,QARLF,Ras Laffan,2019-08-22,2019-08-25,0,0.0,25.92,51.53,1
IMO9972596,Global Capricorn,LPG,SARRT,Ras Tanura,2019-10-31,2019-11-03,67,85.8,26.65,50.16,2
IMO9972596,Global Capricorn,LPG,QARLF,Ras Laffan,2020-11-05,2020-11-08,368,85.8,25.92,51.53,3
IMO9973588,Bow Guardian,LPG,USCMR,Cameron / Lake Charles,2019-05-09,2019-05-12,0,0.0,30.22,-93.22,1
IMO9974580,Navigator Neptune,LPG,USHOU,Houston,2021-04-22,2021-04-25,0,0.0,29.74,-95.27,1
IMO9974606,Daewoo 2552,LNG,KRUSN,Ulsan,2023-02-10,2023-02-13,0,0.0,35.5,129.38,1
IMO9974606,Daewoo 2552,LNG,KRUSN,Ulsan,2023-02-27,2023-03-02,14,0.0,35.5,129.38,2
IMO9975507,Hyundai Ulsan 3380,LNG,KRUSN,Ulsan,2023-03-06,2023-03-09,0,0.0,35.5,129.38,1
IMO9975507,Hyundai Ulsan 3380,LNG,KRUSN,Ulsan,2023-03-23,2023-03-26,14,0.0,35.5,129.38,2
IMO9975519,Hyundai Ulsan 3381,LNG,KRUSN,Ulsan,2023-03-06,2023-03-09,0,0.0,35.5,129.38,1
IMO9975519,Hyundai Ulsan 3381,LNG,KRUSN,Ulsan,2023-03-23,2023-03-26,14,0.0,35.5,129.38,2
IMO9975694,Corinthian,LPG,SGSIN,Singapore,2021-07-29,2021-08-01,0,0.0,1.28,103.85,1
IMO9976864,Roberto,LPG,USHOU,Houston,2021-11-18,2021-11-21,0,0.0,29.74,-95.27,1
IMO9978665,Jag Vidhi,LPG,QARLF,Ras Laffan,2019-08-15,2019-08-18,0,0.0,25.92,51.53,1
IMO9980727,MINI,Dry Bulk,SGSIN,Singapore,2025-01-30,2025-02-02,0,0.0,1.28,103.85,1
IMO9981374,Hyundai Ulsan 3382,LNG,KRUSN,Ulsan,2023-03-06,2023-03-09,0,0.0,35.5,129.38,1
IMO9981374,Hyundai Ulsan 3382,LNG,KRUSN,Ulsan,2023-03-23,2023-03-26,14,0.0,35.5,129.38,2
IMO9981386,Hyundai Ulsan 3383,LNG,KRUSN,Ulsan,2023-03-06,2023-03-09,0,0.0,35.5,129.38,1
IMO9981386,Hyundai Ulsan 3383,LNG,KRUSN,Ulsan,2023-03-23,2023-03-26,14,0.0,35.5,129.38,2
IMO9981398,Hyundai Ulsan 3384,LNG,KRUSN,Ulsan,2023-03-06,2023-03-09,0,0.0,35.5,129.38,1
IMO9981398,Hyundai Ulsan 3384,LNG,KRUSN,Ulsan,2023-03-23,2023-03-26,14,0.0,35.5,129.38,2
IMO9981403,Hyundai Ulsan 3385,LNG,KRUSN,Ulsan,2023-03-06,2023-03-09,0,0.0,35.5,129.38,1
IMO9981403,Hyundai Ulsan 3385,LNG,KRUSN,Ulsan,2023-03-23,2023-03-26,14,0.0,35.5,129.38,2
IMO9981415,Hyundai Ulsan 3386,LNG,KRUSN,Ulsan,2023-03-06,2023-03-09,0,0.0,35.5,129.38,1
IMO9981415,Hyundai Ulsan 3386,LNG,KRUSN,Ulsan,2023-03-23,2023-03-26,14,0.0,35.5,129.38,2
IMO9981427,Hyundai Ulsan 3387,LNG,KRUSN,Ulsan,2023-03-06,2023-03-09,0,0.0,35.5,129.38,1
IMO9981427,Hyundai Ulsan 3387,LNG,KRUSN,Ulsan,2023-03-23,2023-03-26,14,0.0,35.5,129.38,2
IMO9981439,Hyundai Ulsan 3393,LNG,KRUSN,Ulsan,2023-03-06,2023-03-09,0,0.0,35.5,129.38,1
IMO9981439,Hyundai Ulsan 3393,LNG,KRUSN,Ulsan,2023-03-23,2023-03-26,14,0.0,35.5,129.38,2
IMO9981441,Hyundai Ulsan 3394,LNG,KRUSN,Ulsan,2023-03-06,2023-03-09,0,0.0,35.5,129.38,1
IMO9981441,Hyundai Ulsan 3394,LNG,KRUSN,Ulsan,2023-03-23,2023-03-26,14,0.0,35.5,129.38,2
IMO9981491,Hyundai Ulsan 3395,LNG,KRUSN,Ulsan,2023-03-06,2023-03-09,0,0.0,35.5,129.38,1
IMO9981491,Hyundai Ulsan 3395,LNG,KRUSN,Ulsan,2023-03-23,2023-03-26,14,0.0,35.5,129.38,2
IMO9981506,Hyundai Ulsan 3396,LNG,KRUSN,Ulsan,2023-03-06,2023-03-09,0,0.0,35.5,129.38,1
IMO9981506,Hyundai Ulsan 3396,LNG,KRUSN,Ulsan,2023-03-23,2023-03-26,14,0.0,35.5,129.38,2
IMO9981518,Hyundai Ulsan 3397,LNG,KRUSN,Ulsan,2023-03-06,2023-03-09,0,0.0,35.5,129.38,1
IMO9981518,Hyundai Ulsan 3397,LNG,KRUSN,Ulsan,2023-03-23,2023-03-26,14,0.0,35.5,129.38,2
IMO9981520,Hyundai Ulsan 3398,LNG,KRUSN,Ulsan,2023-03-06,2023-03-09,0,0.0,35.5,129.38,1
IMO9981520,Hyundai Ulsan 3398,LNG,KRUSN,Ulsan,2023-03-23,2023-03-26,14,0.0,35.5,129.38,2
IMO9981532,Hyundai Ulsan 3399,LNG,KRUSN,Ulsan,2023-03-06,2023-03-09,0,0.0,35.5,129.38,1
IMO9981532,Hyundai Ulsan 3399,LNG,KRUSN,Ulsan,2023-03-23,2023-03-26,14,0.0,35.5,129.38,2
IMO9981544,Hyundai Ulsan 3400,LNG,KRUSN,Ulsan,2023-03-06,2023-03-09,0,0.0,35.5,129.38,1
IMO9981544,Hyundai Ulsan 3400,LNG,KRUSN,Ulsan,2023-03-23,2023-03-26,14,0.0,35.5,129.38,2
IMO9981556,Hyundai Ulsan 3401,LNG,KRUSN,Ulsan,2023-03-06,2023-03-09,0,0.0,35.5,129.38,1
IMO9981556,Hyundai Ulsan 3401,LNG,KRUSN,Ulsan,2023-03-23,2023-03-26,14,0.0,35.5,129.38,2
IMO9984747,Epsilongas,LPG,NLRTM,Rotterdam,2022-08-18,2022-08-21,14,0.0,51.92,4.47,1
IMO9994008,Hyundai Ulsan 3433,LNG,KRUSN,Ulsan,2023-03-06,2023-03-09,0,0.0,35.5,129.38,1
IMO9994008,Hyundai Ulsan 3433,LNG,KRUSN,Ulsan,2023-03-23,2023-03-26,14,0.0,35.5,129.38,2
IMO9994034,Hyundai Ulsan 3434,LNG,KRUSN,Ulsan,2023-03-06,2023-03-09,0,0.0,35.5,129.38,1
IMO9994034,Hyundai Ulsan 3434,LNG,KRUSN,Ulsan,2023-03-23,2023-03-26,14,0.0,35.5,129.38,2
IMO9994046,Hyundai Ulsan 3435,LNG,KRUSN,Ulsan,2023-03-06,2023-03-09,0,0.0,35.5,129.38,1
IMO9994046,Hyundai Ulsan 3435,LNG,KRUSN,Ulsan,2023-03-23,2023-03-26,14,0.0,35.5,129.38,2
IMO9995156,Monte Rosa Explorer,LPG,USHOU,Houston,2022-01-13,2022-01-16,0,0.0,29.74,-95.27,1
IMO9995156,Monte Rosa Explorer,LPG,USHOU,Houston,2022-03-31,2022-04-03,74,0.0,29.74,-95.27,2
IMO9995211,NS Frontier,LPG,USHOU,Houston,2021-07-01,2021-07-04,0,0.0,29.74,-95.27,1
IMO9995211,NS Frontier,LPG,USHOU,Houston,2022-11-10,2022-11-13,494,0.0,29.74,-95.27,2
IMO9995211,NS Frontier,LPG,USHOU,Houston,2023-01-05,2023-01-08,53,0.0,29.74,-95.27,3
IMO9995211,NS Frontier,LPG,USHOU,Houston,2023-01-19,2023-01-22,11,0.0,29.74,-95.27,4
IMO9995211,NS Frontier,LPG,USHOU,Houston,2023-03-30,2023-04-02,67,0.0,29.74,-95.27,5
IMO9995211,NS Frontier,LPG,USHOU,Houston,2023-07-13,2023-07-16,102,0.0,29.74,-95.27,6
IMO9996410,Ipanema,Tankers,SGSIN,Singapore,2025-05-26,2025-05-29,14,0.0,1.28,103.85,1
IMO9996410,Ipanema,Tankers,KWMFA,Mina Al Ahmadi,2025-07-30,2025-08-02,62,3589.4,29.07,48.15,2
IMO9996410,Ipanema,Tankers,CNNGB,Ningbo-Zhoushan,2025-08-16,2025-08-19,14,3765.1,29.87,121.55,3
