run_timestamp_utc,date,endpoint,url,success,reason,output_file
2026-08-15T18:39:24.234121+00:00,2026-08-15,dry_bulk_tce_table,https://docs.google.com/spreadsheets/d/e/2PACX-1vQk6073LStJEfzv418WKYluN2zykXon3KL58hPVNnqoOPiZVhBVzBCi9QnnAETwm_QbMvltcNCuzTzH/pub?gid=1944138367&single=true&output=csv,True,OK,alibra_data\dry_bulk_tce_table\2026-08-15.csv
2026-08-15T18:39:24.234121+00:00,2026-08-15,last_updated_stamp,https://docs.google.com/spreadsheets/d/e/2PACX-1vQk6073LStJEfzv418WKYluN2zykXon3KL58hPVNnqoOPiZVhBVzBCi9QnnAETwm_QbMvltcNCuzTzH/pub?gid=92942855&single=true&output=csv,True,OK,alibra_data\last_updated_stamp\2026-08-15.csv
2026-08-15T18:39:24.234121+00:00,2026-08-15,tanker_tce_table,https://docs.google.com/spreadsheets/d/e/2PACX-1vQk6073LStJEfzv418WKYluN2zykXon3KL58hPVNnqoOPiZVhBVzBCi9QnnAETwm_QbMvltcNCuzTzH/pub?gid=1458966001&single=true&output=csv,True,OK,alibra_data\tanker_tce_table\2026-08-15.csv
2026-08-15T18:39:24.234121+00:00,2026-08-15,forward_curves,https://docs.google.com/spreadsheets/d/e/2PACX-1vQkGGniHOjjs_0booelgLP3pGwySZLvMLskYlJCxNLcq6uf9EaH50Wcpob87lH7xw/pub?gid=1196769730&single=true&output=csv,True,OK,alibra_data\forward_curves\2026-08-15.csv
2026-08-15T18:39:24.234121+00:00,2026-08-15,dry_bulk_trend_atl,https://docs.google.com/spreadsheets/d/e/2PACX-1vSm3hFo3WpdJQ86FaGIy-S151biJvr2J31-kbmYmO9kOwJ2sDjbz-v8ooNpsufCepZS0tCUavO5iUrI/pub?gid=409746990&single=true&output=csv,True,OK,alibra_data\dry_bulk_trend_atl\2026-08-15.csv
2026-08-15T18:39:24.234121+00:00,2026-08-15,dry_bulk_trend_pac,https://docs.google.com/spreadsheets/d/e/2PACX-1vSm3hFo3WpdJQ86FaGIy-S151biJvr2J31-kbmYmO9kOwJ2sDjbz-v8ooNpsufCepZS0tCUavO5iUrI/pub?gid=779118968&single=true&output=csv,True,OK,alibra_data\dry_bulk_trend_pac\2026-08-15.csv
2026-08-15T18:39:24.234121+00:00,2026-08-15,tanker_trend_1yr,https://docs.google.com/spreadsheets/d/e/2PACX-1vSm3hFo3WpdJQ86FaGIy-S151biJvr2J31-kbmYmO9kOwJ2sDjbz-v8ooNpsufCepZS0tCUavO5iUrI/pub?gid=137918187&single=true&output=csv,True,OK,alibra_data\tanker_trend_1yr\2026-08-15.csv
2026-08-15T18:39:24.234121+00:00,2026-08-15,tanker_trend_3yr,https://docs.google.com/spreadsheets/d/e/2PACX-1vSm3hFo3WpdJQ86FaGIy-S151biJvr2J31-kbmYmO9kOwJ2sDjbz-v8ooNpsufCepZS0tCUavO5iUrI/pub?gid=1501135879&single=true&output=csv,True,OK,alibra_data\tanker_trend_3yr\2026-08-15.csv
2026-08-15T18:39:24.234121+00:00,2026-08-15,dry_bulk_archive_atl,https://docs.google.com/spreadsheets/d/e/2PACX-1vSm3hFo3WpdJQ86FaGIy-S151biJvr2J31-kbmYmO9kOwJ2sDjbz-v8ooNpsufCepZS0tCUavO5iUrI/pub?gid=1609275035&single=true&output=csv,True,OK,alibra_data\dry_bulk_archive_atl\2026-08-15.csv
2026-08-15T18:39:24.234121+00:00,2026-08-15,dry_bulk_archive_pac,https://docs.google.com/spreadsheets/d/e/2PACX-1vSm3hFo3WpdJQ86FaGIy-S151biJvr2J31-kbmYmO9kOwJ2sDjbz-v8ooNpsufCepZS0tCUavO5iUrI/pub?gid=1656242999&single=true&output=csv,True,OK,alibra_data\dry_bulk_archive_pac\2026-08-15.csv
2026-08-15T18:49:01.962545+00:00,2026-08-12,last_updated_stamp,https://docs.google.com/spreadsheets/d/e/2PACX-1vQk6073LStJEfzv418WKYluN2zykXon3KL58hPVNnqoOPiZVhBVzBCi9QnnAETwm_QbMvltcNCuzTzH/pub?gid=92942855&single=true&output=csv,True,OK,docs\alibra_data\last_updated_stamp\2026-08-12.csv
2026-08-15T18:49:01.962545+00:00,2026-08-12,dry_bulk_tce_table,https://docs.google.com/spreadsheets/d/e/2PACX-1vQk6073LStJEfzv418WKYluN2zykXon3KL58hPVNnqoOPiZVhBVzBCi9QnnAETwm_QbMvltcNCuzTzH/pub?gid=1944138367&single=true&output=csv,True,OK,docs\alibra_data\dry_bulk_tce_table\2026-08-12.csv
2026-08-15T18:49:01.962545+00:00,2026-08-12,tanker_tce_table,https://docs.google.com/spreadsheets/d/e/2PACX-1vQk6073LStJEfzv418WKYluN2zykXon3KL58hPVNnqoOPiZVhBVzBCi9QnnAETwm_QbMvltcNCuzTzH/pub?gid=1458966001&single=true&output=csv,True,OK,docs\alibra_data\tanker_tce_table\2026-08-12.csv
2026-08-15T18:49:01.962545+00:00,2026-08-12,forward_curves,https://docs.google.com/spreadsheets/d/e/2PACX-1vQkGGniHOjjs_0booelgLP3pGwySZLvMLskYlJCxNLcq6uf9EaH50Wcpob87lH7xw/pub?gid=1196769730&single=true&output=csv,True,OK,docs\alibra_data\forward_curves\2026-08-12.csv
2026-08-15T18:49:01.962545+00:00,2026-08-12,dry_bulk_trend_atl,https://docs.google.com/spreadsheets/d/e/2PACX-1vSm3hFo3WpdJQ86FaGIy-S151biJvr2J31-kbmYmO9kOwJ2sDjbz-v8ooNpsufCepZS0tCUavO5iUrI/pub?gid=409746990&single=true&output=csv,True,OK,docs\alibra_data\dry_bulk_trend_atl\2026-08-12.csv
2026-08-15T18:49:01.962545+00:00,2026-08-12,dry_bulk_trend_pac,https://docs.google.com/spreadsheets/d/e/2PACX-1vSm3hFo3WpdJQ86FaGIy-S151biJvr2J31-kbmYmO9kOwJ2sDjbz-v8ooNpsufCepZS0tCUavO5iUrI/pub?gid=779118968&single=true&output=csv,True,OK,docs\alibra_data\dry_bulk_trend_pac\2026-08-12.csv
2026-08-15T18:49:01.962545+00:00,2026-08-12,tanker_trend_1yr,https://docs.google.com/spreadsheets/d/e/2PACX-1vSm3hFo3WpdJQ86FaGIy-S151biJvr2J31-kbmYmO9kOwJ2sDjbz-v8ooNpsufCepZS0tCUavO5iUrI/pub?gid=137918187&single=true&output=csv,True,OK,docs\alibra_data\tanker_trend_1yr\2026-08-12.csv
2026-08-15T18:49:01.962545+00:00,2026-08-12,tanker_trend_3yr,https://docs.google.com/spreadsheets/d/e/2PACX-1vSm3hFo3WpdJQ86FaGIy-S151biJvr2J31-kbmYmO9kOwJ2sDjbz-v8ooNpsufCepZS0tCUavO5iUrI/pub?gid=1501135879&single=true&output=csv,True,OK,docs\alibra_data\tanker_trend_3yr\2026-08-12.csv
2026-08-15T18:49:01.962545+00:00,2026-08-12,dry_bulk_archive_atl,https://docs.google.com/spreadsheets/d/e/2PACX-1vSm3hFo3WpdJQ86FaGIy-S151biJvr2J31-kbmYmO9kOwJ2sDjbz-v8ooNpsufCepZS0tCUavO5iUrI/pub?gid=1609275035&single=true&output=csv,True,OK,docs\alibra_data\dry_bulk_archive_atl\2026-08-12.csv
2026-08-15T18:49:01.962545+00:00,2026-08-12,dry_bulk_archive_pac,https://docs.google.com/spreadsheets/d/e/2PACX-1vSm3hFo3WpdJQ86FaGIy-S151biJvr2J31-kbmYmO9kOwJ2sDjbz-v8ooNpsufCepZS0tCUavO5iUrI/pub?gid=1656242999&single=true&output=csv,True,OK,docs\alibra_data\dry_bulk_archive_pac\2026-08-12.csv
2026-08-15T19:23:50.769097+00:00,2026-08-12,last_updated_stamp,https://docs.google.com/spreadsheets/d/e/2PACX-1vQk6073LStJEfzv418WKYluN2zykXon3KL58hPVNnqoOPiZVhBVzBCi9QnnAETwm_QbMvltcNCuzTzH/pub?gid=92942855&single=true&output=csv,True,OK,docs/alibra_data/last_updated_stamp/2026-08-12.csv
2026-08-15T19:23:50.769097+00:00,2026-08-12,dry_bulk_tce_table,https://docs.google.com/spreadsheets/d/e/2PACX-1vQk6073LStJEfzv418WKYluN2zykXon3KL58hPVNnqoOPiZVhBVzBCi9QnnAETwm_QbMvltcNCuzTzH/pub?gid=1944138367&single=true&output=csv,True,OK,docs/alibra_data/dry_bulk_tce_table/2026-08-12.csv
2026-08-15T19:23:50.769097+00:00,2026-08-12,tanker_tce_table,https://docs.google.com/spreadsheets/d/e/2PACX-1vQk6073LStJEfzv418WKYluN2zykXon3KL58hPVNnqoOPiZVhBVzBCi9QnnAETwm_QbMvltcNCuzTzH/pub?gid=1458966001&single=true&output=csv,True,OK,docs/alibra_data/tanker_tce_table/2026-08-12.csv
2026-08-15T19:23:50.769097+00:00,2026-08-12,forward_curves,https://docs.google.com/spreadsheets/d/e/2PACX-1vQkGGniHOjjs_0booelgLP3pGwySZLvMLskYlJCxNLcq6uf9EaH50Wcpob87lH7xw/pub?gid=1196769730&single=true&output=csv,True,OK,docs/alibra_data/forward_curves/2026-08-12.csv
2026-08-15T19:23:50.769097+00:00,2026-08-12,dry_bulk_trend_atl,https://docs.google.com/spreadsheets/d/e/2PACX-1vSm3hFo3WpdJQ86FaGIy-S151biJvr2J31-kbmYmO9kOwJ2sDjbz-v8ooNpsufCepZS0tCUavO5iUrI/pub?gid=409746990&single=true&output=csv,True,OK,docs/alibra_data/dry_bulk_trend_atl/2026-08-12.csv
2026-08-15T19:23:50.769097+00:00,2026-08-12,dry_bulk_trend_pac,https://docs.google.com/spreadsheets/d/e/2PACX-1vSm3hFo3WpdJQ86FaGIy-S151biJvr2J31-kbmYmO9kOwJ2sDjbz-v8ooNpsufCepZS0tCUavO5iUrI/pub?gid=779118968&single=true&output=csv,True,OK,docs/alibra_data/dry_bulk_trend_pac/2026-08-12.csv
2026-08-15T19:23:50.769097+00:00,2026-08-12,tanker_trend_1yr,https://docs.google.com/spreadsheets/d/e/2PACX-1vSm3hFo3WpdJQ86FaGIy-S151biJvr2J31-kbmYmO9kOwJ2sDjbz-v8ooNpsufCepZS0tCUavO5iUrI/pub?gid=137918187&single=true&output=csv,True,OK,docs/alibra_data/tanker_trend_1yr/2026-08-12.csv
2026-08-15T19:23:50.769097+00:00,2026-08-12,tanker_trend_3yr,https://docs.google.com/spreadsheets/d/e/2PACX-1vSm3hFo3WpdJQ86FaGIy-S151biJvr2J31-kbmYmO9kOwJ2sDjbz-v8ooNpsufCepZS0tCUavO5iUrI/pub?gid=1501135879&single=true&output=csv,True,OK,docs/alibra_data/tanker_trend_3yr/2026-08-12.csv
2026-08-15T19:23:50.769097+00:00,2026-08-12,dry_bulk_archive_atl,https://docs.google.com/spreadsheets/d/e/2PACX-1vSm3hFo3WpdJQ86FaGIy-S151biJvr2J31-kbmYmO9kOwJ2sDjbz-v8ooNpsufCepZS0tCUavO5iUrI/pub?gid=1609275035&single=true&output=csv,True,OK,docs/alibra_data/dry_bulk_archive_atl/2026-08-12.csv
2026-08-15T19:23:50.769097+00:00,2026-08-12,dry_bulk_archive_pac,https://docs.google.com/spreadsheets/d/e/2PACX-1vSm3hFo3WpdJQ86FaGIy-S151biJvr2J31-kbmYmO9kOwJ2sDjbz-v8ooNpsufCepZS0tCUavO5iUrI/pub?gid=1656242999&single=true&output=csv,True,OK,docs/alibra_data/dry_bulk_archive_pac/2026-08-12.csv
2026-08-15T22:18:51.033658+00:00,2026-08-12,last_updated_stamp,https://docs.google.com/spreadsheets/d/e/2PACX-1vQk6073LStJEfzv418WKYluN2zykXon3KL58hPVNnqoOPiZVhBVzBCi9QnnAETwm_QbMvltcNCuzTzH/pub?gid=92942855&single=true&output=csv,True,OK,docs/alibra_data/last_updated_stamp/2026-08-12.csv
2026-08-15T22:18:51.033658+00:00,2026-08-12,dry_bulk_tce_table,https://docs.google.com/spreadsheets/d/e/2PACX-1vQk6073LStJEfzv418WKYluN2zykXon3KL58hPVNnqoOPiZVhBVzBCi9QnnAETwm_QbMvltcNCuzTzH/pub?gid=1944138367&single=true&output=csv,True,OK,docs/alibra_data/dry_bulk_tce_table/2026-08-12.csv
2026-08-15T22:18:51.033658+00:00,2026-08-12,tanker_tce_table,https://docs.google.com/spreadsheets/d/e/2PACX-1vQk6073LStJEfzv418WKYluN2zykXon3KL58hPVNnqoOPiZVhBVzBCi9QnnAETwm_QbMvltcNCuzTzH/pub?gid=1458966001&single=true&output=csv,True,OK,docs/alibra_data/tanker_tce_table/2026-08-12.csv
2026-08-15T22:18:51.033658+00:00,2026-08-12,forward_curves,https://docs.google.com/spreadsheets/d/e/2PACX-1vQkGGniHOjjs_0booelgLP3pGwySZLvMLskYlJCxNLcq6uf9EaH50Wcpob87lH7xw/pub?gid=1196769730&single=true&output=csv,True,OK,docs/alibra_data/forward_curves/2026-08-12.csv
2026-08-15T22:18:51.033658+00:00,2026-08-12,dry_bulk_trend_atl,https://docs.google.com/spreadsheets/d/e/2PACX-1vSm3hFo3WpdJQ86FaGIy-S151biJvr2J31-kbmYmO9kOwJ2sDjbz-v8ooNpsufCepZS0tCUavO5iUrI/pub?gid=409746990&single=true&output=csv,True,OK,docs/alibra_data/dry_bulk_trend_atl/2026-08-12.csv
2026-08-15T22:18:51.033658+00:00,2026-08-12,dry_bulk_trend_pac,https://docs.google.com/spreadsheets/d/e/2PACX-1vSm3hFo3WpdJQ86FaGIy-S151biJvr2J31-kbmYmO9kOwJ2sDjbz-v8ooNpsufCepZS0tCUavO5iUrI/pub?gid=779118968&single=true&output=csv,True,OK,docs/alibra_data/dry_bulk_trend_pac/2026-08-12.csv
2026-08-15T22:18:51.033658+00:00,2026-08-12,tanker_trend_1yr,https://docs.google.com/spreadsheets/d/e/2PACX-1vSm3hFo3WpdJQ86FaGIy-S151biJvr2J31-kbmYmO9kOwJ2sDjbz-v8ooNpsufCepZS0tCUavO5iUrI/pub?gid=137918187&single=true&output=csv,True,OK,docs/alibra_data/tanker_trend_1yr/2026-08-12.csv
2026-08-15T22:18:51.033658+00:00,2026-08-12,tanker_trend_3yr,https://docs.google.com/spreadsheets/d/e/2PACX-1vSm3hFo3WpdJQ86FaGIy-S151biJvr2J31-kbmYmO9kOwJ2sDjbz-v8ooNpsufCepZS0tCUavO5iUrI/pub?gid=1501135879&single=true&output=csv,True,OK,docs/alibra_data/tanker_trend_3yr/2026-08-12.csv
2026-08-15T22:18:51.033658+00:00,2026-08-12,dry_bulk_archive_atl,https://docs.google.com/spreadsheets/d/e/2PACX-1vSm3hFo3WpdJQ86FaGIy-S151biJvr2J31-kbmYmO9kOwJ2sDjbz-v8ooNpsufCepZS0tCUavO5iUrI/pub?gid=1609275035&single=true&output=csv,True,OK,docs/alibra_data/dry_bulk_archive_atl/2026-08-12.csv
2026-08-15T22:18:51.033658+00:00,2026-08-12,dry_bulk_archive_pac,https://docs.google.com/spreadsheets/d/e/2PACX-1vSm3hFo3WpdJQ86FaGIy-S151biJvr2J31-kbmYmO9kOwJ2sDjbz-v8ooNpsufCepZS0tCUavO5iUrI/pub?gid=1656242999&single=true&output=csv,True,OK,docs/alibra_data/dry_bulk_archive_pac/2026-08-12.csv
2026-08-16T07:31:02.842504+00:00,2026-08-12,last_updated_stamp,https://docs.google.com/spreadsheets/d/e/2PACX-1vQk6073LStJEfzv418WKYluN2zykXon3KL58hPVNnqoOPiZVhBVzBCi9QnnAETwm_QbMvltcNCuzTzH/pub?gid=92942855&single=true&output=csv,True,OK,docs/alibra_data/last_updated_stamp/2026-08-12.csv
2026-08-16T07:31:02.842504+00:00,2026-08-12,dry_bulk_tce_table,https://docs.google.com/spreadsheets/d/e/2PACX-1vQk6073LStJEfzv418WKYluN2zykXon3KL58hPVNnqoOPiZVhBVzBCi9QnnAETwm_QbMvltcNCuzTzH/pub?gid=1944138367&single=true&output=csv,True,OK,docs/alibra_data/dry_bulk_tce_table/2026-08-12.csv
2026-08-16T07:31:02.842504+00:00,2026-08-12,tanker_tce_table,https://docs.google.com/spreadsheets/d/e/2PACX-1vQk6073LStJEfzv418WKYluN2zykXon3KL58hPVNnqoOPiZVhBVzBCi9QnnAETwm_QbMvltcNCuzTzH/pub?gid=1458966001&single=true&output=csv,True,OK,docs/alibra_data/tanker_tce_table/2026-08-12.csv
2026-08-16T07:31:02.842504+00:00,2026-08-12,forward_curves,https://docs.google.com/spreadsheets/d/e/2PACX-1vQkGGniHOjjs_0booelgLP3pGwySZLvMLskYlJCxNLcq6uf9EaH50Wcpob87lH7xw/pub?gid=1196769730&single=true&output=csv,True,OK,docs/alibra_data/forward_curves/2026-08-12.csv
2026-08-16T07:31:02.842504+00:00,2026-08-12,dry_bulk_trend_atl,https://docs.google.com/spreadsheets/d/e/2PACX-1vSm3hFo3WpdJQ86FaGIy-S151biJvr2J31-kbmYmO9kOwJ2sDjbz-v8ooNpsufCepZS0tCUavO5iUrI/pub?gid=409746990&single=true&output=csv,True,OK,docs/alibra_data/dry_bulk_trend_atl/2026-08-12.csv
2026-08-16T07:31:02.842504+00:00,2026-08-12,dry_bulk_trend_pac,https://docs.google.com/spreadsheets/d/e/2PACX-1vSm3hFo3WpdJQ86FaGIy-S151biJvr2J31-kbmYmO9kOwJ2sDjbz-v8ooNpsufCepZS0tCUavO5iUrI/pub?gid=779118968&single=true&output=csv,True,OK,docs/alibra_data/dry_bulk_trend_pac/2026-08-12.csv
2026-08-16T07:31:02.842504+00:00,2026-08-12,tanker_trend_1yr,https://docs.google.com/spreadsheets/d/e/2PACX-1vSm3hFo3WpdJQ86FaGIy-S151biJvr2J31-kbmYmO9kOwJ2sDjbz-v8ooNpsufCepZS0tCUavO5iUrI/pub?gid=137918187&single=true&output=csv,True,OK,docs/alibra_data/tanker_trend_1yr/2026-08-12.csv
2026-08-16T07:31:02.842504+00:00,2026-08-12,tanker_trend_3yr,https://docs.google.com/spreadsheets/d/e/2PACX-1vSm3hFo3WpdJQ86FaGIy-S151biJvr2J31-kbmYmO9kOwJ2sDjbz-v8ooNpsufCepZS0tCUavO5iUrI/pub?gid=1501135879&single=true&output=csv,True,OK,docs/alibra_data/tanker_trend_3yr/2026-08-12.csv
2026-08-16T07:31:02.842504+00:00,2026-08-12,dry_bulk_archive_atl,https://docs.google.com/spreadsheets/d/e/2PACX-1vSm3hFo3WpdJQ86FaGIy-S151biJvr2J31-kbmYmO9kOwJ2sDjbz-v8ooNpsufCepZS0tCUavO5iUrI/pub?gid=1609275035&single=true&output=csv,True,OK,docs/alibra_data/dry_bulk_archive_atl/2026-08-12.csv
2026-08-16T07:31:02.842504+00:00,2026-08-12,dry_bulk_archive_pac,https://docs.google.com/spreadsheets/d/e/2PACX-1vSm3hFo3WpdJQ86FaGIy-S151biJvr2J31-kbmYmO9kOwJ2sDjbz-v8ooNpsufCepZS0tCUavO5iUrI/pub?gid=1656242999&single=true&output=csv,True,OK,docs/alibra_data/dry_bulk_archive_pac/2026-08-12.csv
2026-08-16T10:55:02.441430+00:00,2026-08-12,last_updated_stamp,https://docs.google.com/spreadsheets/d/e/2PACX-1vQk6073LStJEfzv418WKYluN2zykXon3KL58hPVNnqoOPiZVhBVzBCi9QnnAETwm_QbMvltcNCuzTzH/pub?gid=92942855&single=true&output=csv,True,OK,docs/alibra_data/last_updated_stamp/2026-08-12.csv
2026-08-16T10:55:02.441430+00:00,2026-08-12,dry_bulk_tce_table,https://docs.google.com/spreadsheets/d/e/2PACX-1vQk6073LStJEfzv418WKYluN2zykXon3KL58hPVNnqoOPiZVhBVzBCi9QnnAETwm_QbMvltcNCuzTzH/pub?gid=1944138367&single=true&output=csv,True,OK,docs/alibra_data/dry_bulk_tce_table/2026-08-12.csv
2026-08-16T10:55:02.441430+00:00,2026-08-12,tanker_tce_table,https://docs.google.com/spreadsheets/d/e/2PACX-1vQk6073LStJEfzv418WKYluN2zykXon3KL58hPVNnqoOPiZVhBVzBCi9QnnAETwm_QbMvltcNCuzTzH/pub?gid=1458966001&single=true&output=csv,True,OK,docs/alibra_data/tanker_tce_table/2026-08-12.csv
2026-08-16T10:55:02.441430+00:00,2026-08-12,forward_curves,https://docs.google.com/spreadsheets/d/e/2PACX-1vQkGGniHOjjs_0booelgLP3pGwySZLvMLskYlJCxNLcq6uf9EaH50Wcpob87lH7xw/pub?gid=1196769730&single=true&output=csv,True,OK,docs/alibra_data/forward_curves/2026-08-12.csv
2026-08-16T10:55:02.441430+00:00,2026-08-12,dry_bulk_trend_atl,https://docs.google.com/spreadsheets/d/e/2PACX-1vSm3hFo3WpdJQ86FaGIy-S151biJvr2J31-kbmYmO9kOwJ2sDjbz-v8ooNpsufCepZS0tCUavO5iUrI/pub?gid=409746990&single=true&output=csv,True,OK,docs/alibra_data/dry_bulk_trend_atl/2026-08-12.csv
2026-08-16T10:55:02.441430+00:00,2026-08-12,dry_bulk_trend_pac,https://docs.google.com/spreadsheets/d/e/2PACX-1vSm3hFo3WpdJQ86FaGIy-S151biJvr2J31-kbmYmO9kOwJ2sDjbz-v8ooNpsufCepZS0tCUavO5iUrI/pub?gid=779118968&single=true&output=csv,True,OK,docs/alibra_data/dry_bulk_trend_pac/2026-08-12.csv
2026-08-16T10:55:02.441430+00:00,2026-08-12,tanker_trend_1yr,https://docs.google.com/spreadsheets/d/e/2PACX-1vSm3hFo3WpdJQ86FaGIy-S151biJvr2J31-kbmYmO9kOwJ2sDjbz-v8ooNpsufCepZS0tCUavO5iUrI/pub?gid=137918187&single=true&output=csv,True,OK,docs/alibra_data/tanker_trend_1yr/2026-08-12.csv
2026-08-16T10:55:02.441430+00:00,2026-08-12,tanker_trend_3yr,https://docs.google.com/spreadsheets/d/e/2PACX-1vSm3hFo3WpdJQ86FaGIy-S151biJvr2J31-kbmYmO9kOwJ2sDjbz-v8ooNpsufCepZS0tCUavO5iUrI/pub?gid=1501135879&single=true&output=csv,True,OK,docs/alibra_data/tanker_trend_3yr/2026-08-12.csv
2026-08-16T10:55:02.441430+00:00,2026-08-12,dry_bulk_archive_atl,https://docs.google.com/spreadsheets/d/e/2PACX-1vSm3hFo3WpdJQ86FaGIy-S151biJvr2J31-kbmYmO9kOwJ2sDjbz-v8ooNpsufCepZS0tCUavO5iUrI/pub?gid=1609275035&single=true&output=csv,True,OK,docs/alibra_data/dry_bulk_archive_atl/2026-08-12.csv
2026-08-16T10:55:02.441430+00:00,2026-08-12,dry_bulk_archive_pac,https://docs.google.com/spreadsheets/d/e/2PACX-1vSm3hFo3WpdJQ86FaGIy-S151biJvr2J31-kbmYmO9kOwJ2sDjbz-v8ooNpsufCepZS0tCUavO5iUrI/pub?gid=1656242999&single=true&output=csv,True,OK,docs/alibra_data/dry_bulk_archive_pac/2026-08-12.csv
2026-08-16T14:21:29.547272+00:00,2026-08-12,last_updated_stamp,https://docs.google.com/spreadsheets/d/e/2PACX-1vQk6073LStJEfzv418WKYluN2zykXon3KL58hPVNnqoOPiZVhBVzBCi9QnnAETwm_QbMvltcNCuzTzH/pub?gid=92942855&single=true&output=csv,True,OK,docs/alibra_data/last_updated_stamp/2026-08-12.csv
2026-08-16T14:21:29.547272+00:00,2026-08-12,dry_bulk_tce_table,https://docs.google.com/spreadsheets/d/e/2PACX-1vQk6073LStJEfzv418WKYluN2zykXon3KL58hPVNnqoOPiZVhBVzBCi9QnnAETwm_QbMvltcNCuzTzH/pub?gid=1944138367&single=true&output=csv,True,OK,docs/alibra_data/dry_bulk_tce_table/2026-08-12.csv
2026-08-16T14:21:29.547272+00:00,2026-08-12,tanker_tce_table,https://docs.google.com/spreadsheets/d/e/2PACX-1vQk6073LStJEfzv418WKYluN2zykXon3KL58hPVNnqoOPiZVhBVzBCi9QnnAETwm_QbMvltcNCuzTzH/pub?gid=1458966001&single=true&output=csv,True,OK,docs/alibra_data/tanker_tce_table/2026-08-12.csv
2026-08-16T14:21:29.547272+00:00,2026-08-12,forward_curves,https://docs.google.com/spreadsheets/d/e/2PACX-1vQkGGniHOjjs_0booelgLP3pGwySZLvMLskYlJCxNLcq6uf9EaH50Wcpob87lH7xw/pub?gid=1196769730&single=true&output=csv,True,OK,docs/alibra_data/forward_curves/2026-08-12.csv
2026-08-16T14:21:29.547272+00:00,2026-08-12,dry_bulk_trend_atl,https://docs.google.com/spreadsheets/d/e/2PACX-1vSm3hFo3WpdJQ86FaGIy-S151biJvr2J31-kbmYmO9kOwJ2sDjbz-v8ooNpsufCepZS0tCUavO5iUrI/pub?gid=409746990&single=true&output=csv,True,OK,docs/alibra_data/dry_bulk_trend_atl/2026-08-12.csv
2026-08-16T14:21:29.547272+00:00,2026-08-12,dry_bulk_trend_pac,https://docs.google.com/spreadsheets/d/e/2PACX-1vSm3hFo3WpdJQ86FaGIy-S151biJvr2J31-kbmYmO9kOwJ2sDjbz-v8ooNpsufCepZS0tCUavO5iUrI/pub?gid=779118968&single=true&output=csv,True,OK,docs/alibra_data/dry_bulk_trend_pac/2026-08-12.csv
2026-08-16T14:21:29.547272+00:00,2026-08-12,tanker_trend_1yr,https://docs.google.com/spreadsheets/d/e/2PACX-1vSm3hFo3WpdJQ86FaGIy-S151biJvr2J31-kbmYmO9kOwJ2sDjbz-v8ooNpsufCepZS0tCUavO5iUrI/pub?gid=137918187&single=true&output=csv,True,OK,docs/alibra_data/tanker_trend_1yr/2026-08-12.csv
2026-08-16T14:21:29.547272+00:00,2026-08-12,tanker_trend_3yr,https://docs.google.com/spreadsheets/d/e/2PACX-1vSm3hFo3WpdJQ86FaGIy-S151biJvr2J31-kbmYmO9kOwJ2sDjbz-v8ooNpsufCepZS0tCUavO5iUrI/pub?gid=1501135879&single=true&output=csv,True,OK,docs/alibra_data/tanker_trend_3yr/2026-08-12.csv
2026-08-16T14:21:29.547272+00:00,2026-08-12,dry_bulk_archive_atl,https://docs.google.com/spreadsheets/d/e/2PACX-1vSm3hFo3WpdJQ86FaGIy-S151biJvr2J31-kbmYmO9kOwJ2sDjbz-v8ooNpsufCepZS0tCUavO5iUrI/pub?gid=1609275035&single=true&output=csv,True,OK,docs/alibra_data/dry_bulk_archive_atl/2026-08-12.csv
2026-08-16T14:21:29.547272+00:00,2026-08-12,dry_bulk_archive_pac,https://docs.google.com/spreadsheets/d/e/2PACX-1vSm3hFo3WpdJQ86FaGIy-S151biJvr2J31-kbmYmO9kOwJ2sDjbz-v8ooNpsufCepZS0tCUavO5iUrI/pub?gid=1656242999&single=true&output=csv,True,OK,docs/alibra_data/dry_bulk_archive_pac/2026-08-12.csv
2026-08-16T16:22:42.372248+00:00,2026-08-12,last_updated_stamp,https://docs.google.com/spreadsheets/d/e/2PACX-1vQk6073LStJEfzv418WKYluN2zykXon3KL58hPVNnqoOPiZVhBVzBCi9QnnAETwm_QbMvltcNCuzTzH/pub?gid=92942855&single=true&output=csv,True,OK,docs/alibra_data/last_updated_stamp/2026-08-12.csv
2026-08-16T16:22:42.372248+00:00,2026-08-12,dry_bulk_tce_table,https://docs.google.com/spreadsheets/d/e/2PACX-1vQk6073LStJEfzv418WKYluN2zykXon3KL58hPVNnqoOPiZVhBVzBCi9QnnAETwm_QbMvltcNCuzTzH/pub?gid=1944138367&single=true&output=csv,True,OK,docs/alibra_data/dry_bulk_tce_table/2026-08-12.csv
2026-08-16T16:22:42.372248+00:00,2026-08-12,tanker_tce_table,https://docs.google.com/spreadsheets/d/e/2PACX-1vQk6073LStJEfzv418WKYluN2zykXon3KL58hPVNnqoOPiZVhBVzBCi9QnnAETwm_QbMvltcNCuzTzH/pub?gid=1458966001&single=true&output=csv,True,OK,docs/alibra_data/tanker_tce_table/2026-08-12.csv
2026-08-16T16:22:42.372248+00:00,2026-08-12,forward_curves,https://docs.google.com/spreadsheets/d/e/2PACX-1vQkGGniHOjjs_0booelgLP3pGwySZLvMLskYlJCxNLcq6uf9EaH50Wcpob87lH7xw/pub?gid=1196769730&single=true&output=csv,True,OK,docs/alibra_data/forward_curves/2026-08-12.csv
2026-08-16T16:22:42.372248+00:00,2026-08-12,dry_bulk_trend_atl,https://docs.google.com/spreadsheets/d/e/2PACX-1vSm3hFo3WpdJQ86FaGIy-S151biJvr2J31-kbmYmO9kOwJ2sDjbz-v8ooNpsufCepZS0tCUavO5iUrI/pub?gid=409746990&single=true&output=csv,True,OK,docs/alibra_data/dry_bulk_trend_atl/2026-08-12.csv
2026-08-16T16:22:42.372248+00:00,2026-08-12,dry_bulk_trend_pac,https://docs.google.com/spreadsheets/d/e/2PACX-1vSm3hFo3WpdJQ86FaGIy-S151biJvr2J31-kbmYmO9kOwJ2sDjbz-v8ooNpsufCepZS0tCUavO5iUrI/pub?gid=779118968&single=true&output=csv,True,OK,docs/alibra_data/dry_bulk_trend_pac/2026-08-12.csv
2026-08-16T16:22:42.372248+00:00,2026-08-12,tanker_trend_1yr,https://docs.google.com/spreadsheets/d/e/2PACX-1vSm3hFo3WpdJQ86FaGIy-S151biJvr2J31-kbmYmO9kOwJ2sDjbz-v8ooNpsufCepZS0tCUavO5iUrI/pub?gid=137918187&single=true&output=csv,True,OK,docs/alibra_data/tanker_trend_1yr/2026-08-12.csv
2026-08-16T16:22:42.372248+00:00,2026-08-12,tanker_trend_3yr,https://docs.google.com/spreadsheets/d/e/2PACX-1vSm3hFo3WpdJQ86FaGIy-S151biJvr2J31-kbmYmO9kOwJ2sDjbz-v8ooNpsufCepZS0tCUavO5iUrI/pub?gid=1501135879&single=true&output=csv,True,OK,docs/alibra_data/tanker_trend_3yr/2026-08-12.csv
2026-08-16T16:22:42.372248+00:00,2026-08-12,dry_bulk_archive_atl,https://docs.google.com/spreadsheets/d/e/2PACX-1vSm3hFo3WpdJQ86FaGIy-S151biJvr2J31-kbmYmO9kOwJ2sDjbz-v8ooNpsufCepZS0tCUavO5iUrI/pub?gid=1609275035&single=true&output=csv,True,OK,docs/alibra_data/dry_bulk_archive_atl/2026-08-12.csv
2026-08-16T16:22:42.372248+00:00,2026-08-12,dry_bulk_archive_pac,https://docs.google.com/spreadsheets/d/e/2PACX-1vSm3hFo3WpdJQ86FaGIy-S151biJvr2J31-kbmYmO9kOwJ2sDjbz-v8ooNpsufCepZS0tCUavO5iUrI/pub?gid=1656242999&single=true&output=csv,True,OK,docs/alibra_data/dry_bulk_archive_pac/2026-08-12.csv
2026-08-16T19:20:54.991208+00:00,2026-08-12,last_updated_stamp,https://docs.google.com/spreadsheets/d/e/2PACX-1vQk6073LStJEfzv418WKYluN2zykXon3KL58hPVNnqoOPiZVhBVzBCi9QnnAETwm_QbMvltcNCuzTzH/pub?gid=92942855&single=true&output=csv,True,OK,docs/alibra_data/last_updated_stamp/2026-08-12.csv
2026-08-16T19:20:54.991208+00:00,2026-08-12,dry_bulk_tce_table,https://docs.google.com/spreadsheets/d/e/2PACX-1vQk6073LStJEfzv418WKYluN2zykXon3KL58hPVNnqoOPiZVhBVzBCi9QnnAETwm_QbMvltcNCuzTzH/pub?gid=1944138367&single=true&output=csv,True,OK,docs/alibra_data/dry_bulk_tce_table/2026-08-12.csv
2026-08-16T19:20:54.991208+00:00,2026-08-12,tanker_tce_table,https://docs.google.com/spreadsheets/d/e/2PACX-1vQk6073LStJEfzv418WKYluN2zykXon3KL58hPVNnqoOPiZVhBVzBCi9QnnAETwm_QbMvltcNCuzTzH/pub?gid=1458966001&single=true&output=csv,True,OK,docs/alibra_data/tanker_tce_table/2026-08-12.csv
2026-08-16T19:20:54.991208+00:00,2026-08-12,forward_curves,https://docs.google.com/spreadsheets/d/e/2PACX-1vQkGGniHOjjs_0booelgLP3pGwySZLvMLskYlJCxNLcq6uf9EaH50Wcpob87lH7xw/pub?gid=1196769730&single=true&output=csv,True,OK,docs/alibra_data/forward_curves/2026-08-12.csv
2026-08-16T19:20:54.991208+00:00,2026-08-12,dry_bulk_trend_atl,https://docs.google.com/spreadsheets/d/e/2PACX-1vSm3hFo3WpdJQ86FaGIy-S151biJvr2J31-kbmYmO9kOwJ2sDjbz-v8ooNpsufCepZS0tCUavO5iUrI/pub?gid=409746990&single=true&output=csv,True,OK,docs/alibra_data/dry_bulk_trend_atl/2026-08-12.csv
2026-08-16T19:20:54.991208+00:00,2026-08-12,dry_bulk_trend_pac,https://docs.google.com/spreadsheets/d/e/2PACX-1vSm3hFo3WpdJQ86FaGIy-S151biJvr2J31-kbmYmO9kOwJ2sDjbz-v8ooNpsufCepZS0tCUavO5iUrI/pub?gid=779118968&single=true&output=csv,True,OK,docs/alibra_data/dry_bulk_trend_pac/2026-08-12.csv
2026-08-16T19:20:54.991208+00:00,2026-08-12,tanker_trend_1yr,https://docs.google.com/spreadsheets/d/e/2PACX-1vSm3hFo3WpdJQ86FaGIy-S151biJvr2J31-kbmYmO9kOwJ2sDjbz-v8ooNpsufCepZS0tCUavO5iUrI/pub?gid=137918187&single=true&output=csv,True,OK,docs/alibra_data/tanker_trend_1yr/2026-08-12.csv
2026-08-16T19:20:54.991208+00:00,2026-08-12,tanker_trend_3yr,https://docs.google.com/spreadsheets/d/e/2PACX-1vSm3hFo3WpdJQ86FaGIy-S151biJvr2J31-kbmYmO9kOwJ2sDjbz-v8ooNpsufCepZS0tCUavO5iUrI/pub?gid=1501135879&single=true&output=csv,True,OK,docs/alibra_data/tanker_trend_3yr/2026-08-12.csv
2026-08-16T19:20:54.991208+00:00,2026-08-12,dry_bulk_archive_atl,https://docs.google.com/spreadsheets/d/e/2PACX-1vSm3hFo3WpdJQ86FaGIy-S151biJvr2J31-kbmYmO9kOwJ2sDjbz-v8ooNpsufCepZS0tCUavO5iUrI/pub?gid=1609275035&single=true&output=csv,True,OK,docs/alibra_data/dry_bulk_archive_atl/2026-08-12.csv
2026-08-16T19:20:54.991208+00:00,2026-08-12,dry_bulk_archive_pac,https://docs.google.com/spreadsheets/d/e/2PACX-1vSm3hFo3WpdJQ86FaGIy-S151biJvr2J31-kbmYmO9kOwJ2sDjbz-v8ooNpsufCepZS0tCUavO5iUrI/pub?gid=1656242999&single=true&output=csv,True,OK,docs/alibra_data/dry_bulk_archive_pac/2026-08-12.csv
2026-08-16T22:17:41.877709+00:00,2026-08-12,last_updated_stamp,https://docs.google.com/spreadsheets/d/e/2PACX-1vQk6073LStJEfzv418WKYluN2zykXon3KL58hPVNnqoOPiZVhBVzBCi9QnnAETwm_QbMvltcNCuzTzH/pub?gid=92942855&single=true&output=csv,True,OK,docs/alibra_data/last_updated_stamp/2026-08-12.csv
2026-08-16T22:17:41.877709+00:00,2026-08-12,dry_bulk_tce_table,https://docs.google.com/spreadsheets/d/e/2PACX-1vQk6073LStJEfzv418WKYluN2zykXon3KL58hPVNnqoOPiZVhBVzBCi9QnnAETwm_QbMvltcNCuzTzH/pub?gid=1944138367&single=true&output=csv,True,OK,docs/alibra_data/dry_bulk_tce_table/2026-08-12.csv
2026-08-16T22:17:41.877709+00:00,2026-08-12,tanker_tce_table,https://docs.google.com/spreadsheets/d/e/2PACX-1vQk6073LStJEfzv418WKYluN2zykXon3KL58hPVNnqoOPiZVhBVzBCi9QnnAETwm_QbMvltcNCuzTzH/pub?gid=1458966001&single=true&output=csv,True,OK,docs/alibra_data/tanker_tce_table/2026-08-12.csv
2026-08-16T22:17:41.877709+00:00,2026-08-12,forward_curves,https://docs.google.com/spreadsheets/d/e/2PACX-1vQkGGniHOjjs_0booelgLP3pGwySZLvMLskYlJCxNLcq6uf9EaH50Wcpob87lH7xw/pub?gid=1196769730&single=true&output=csv,True,OK,docs/alibra_data/forward_curves/2026-08-12.csv
2026-08-16T22:17:41.877709+00:00,2026-08-12,dry_bulk_trend_atl,https://docs.google.com/spreadsheets/d/e/2PACX-1vSm3hFo3WpdJQ86FaGIy-S151biJvr2J31-kbmYmO9kOwJ2sDjbz-v8ooNpsufCepZS0tCUavO5iUrI/pub?gid=409746990&single=true&output=csv,True,OK,docs/alibra_data/dry_bulk_trend_atl/2026-08-12.csv
2026-08-16T22:17:41.877709+00:00,2026-08-12,dry_bulk_trend_pac,https://docs.google.com/spreadsheets/d/e/2PACX-1vSm3hFo3WpdJQ86FaGIy-S151biJvr2J31-kbmYmO9kOwJ2sDjbz-v8ooNpsufCepZS0tCUavO5iUrI/pub?gid=779118968&single=true&output=csv,True,OK,docs/alibra_data/dry_bulk_trend_pac/2026-08-12.csv
2026-08-16T22:17:41.877709+00:00,2026-08-12,tanker_trend_1yr,https://docs.google.com/spreadsheets/d/e/2PACX-1vSm3hFo3WpdJQ86FaGIy-S151biJvr2J31-kbmYmO9kOwJ2sDjbz-v8ooNpsufCepZS0tCUavO5iUrI/pub?gid=137918187&single=true&output=csv,True,OK,docs/alibra_data/tanker_trend_1yr/2026-08-12.csv
2026-08-16T22:17:41.877709+00:00,2026-08-12,tanker_trend_3yr,https://docs.google.com/spreadsheets/d/e/2PACX-1vSm3hFo3WpdJQ86FaGIy-S151biJvr2J31-kbmYmO9kOwJ2sDjbz-v8ooNpsufCepZS0tCUavO5iUrI/pub?gid=1501135879&single=true&output=csv,True,OK,docs/alibra_data/tanker_trend_3yr/2026-08-12.csv
2026-08-16T22:17:41.877709+00:00,2026-08-12,dry_bulk_archive_atl,https://docs.google.com/spreadsheets/d/e/2PACX-1vSm3hFo3WpdJQ86FaGIy-S151biJvr2J31-kbmYmO9kOwJ2sDjbz-v8ooNpsufCepZS0tCUavO5iUrI/pub?gid=1609275035&single=true&output=csv,True,OK,docs/alibra_data/dry_bulk_archive_atl/2026-08-12.csv
2026-08-16T22:17:41.877709+00:00,2026-08-12,dry_bulk_archive_pac,https://docs.google.com/spreadsheets/d/e/2PACX-1vSm3hFo3WpdJQ86FaGIy-S151biJvr2J31-kbmYmO9kOwJ2sDjbz-v8ooNpsufCepZS0tCUavO5iUrI/pub?gid=1656242999&single=true&output=csv,True,OK,docs/alibra_data/dry_bulk_archive_pac/2026-08-12.csv
2026-08-17T07:53:06.389861+00:00,2026-08-12,last_updated_stamp,https://docs.google.com/spreadsheets/d/e/2PACX-1vQk6073LStJEfzv418WKYluN2zykXon3KL58hPVNnqoOPiZVhBVzBCi9QnnAETwm_QbMvltcNCuzTzH/pub?gid=92942855&single=true&output=csv,True,OK,docs/alibra_data/last_updated_stamp/2026-08-12.csv
2026-08-17T07:53:06.389861+00:00,2026-08-12,dry_bulk_tce_table,https://docs.google.com/spreadsheets/d/e/2PACX-1vQk6073LStJEfzv418WKYluN2zykXon3KL58hPVNnqoOPiZVhBVzBCi9QnnAETwm_QbMvltcNCuzTzH/pub?gid=1944138367&single=true&output=csv,True,OK,docs/alibra_data/dry_bulk_tce_table/2026-08-12.csv
2026-08-17T07:53:06.389861+00:00,2026-08-12,tanker_tce_table,https://docs.google.com/spreadsheets/d/e/2PACX-1vQk6073LStJEfzv418WKYluN2zykXon3KL58hPVNnqoOPiZVhBVzBCi9QnnAETwm_QbMvltcNCuzTzH/pub?gid=1458966001&single=true&output=csv,True,OK,docs/alibra_data/tanker_tce_table/2026-08-12.csv
2026-08-17T07:53:06.389861+00:00,2026-08-12,forward_curves,https://docs.google.com/spreadsheets/d/e/2PACX-1vQkGGniHOjjs_0booelgLP3pGwySZLvMLskYlJCxNLcq6uf9EaH50Wcpob87lH7xw/pub?gid=1196769730&single=true&output=csv,True,OK,docs/alibra_data/forward_curves/2026-08-12.csv
2026-08-17T07:53:06.389861+00:00,2026-08-12,dry_bulk_trend_atl,https://docs.google.com/spreadsheets/d/e/2PACX-1vSm3hFo3WpdJQ86FaGIy-S151biJvr2J31-kbmYmO9kOwJ2sDjbz-v8ooNpsufCepZS0tCUavO5iUrI/pub?gid=409746990&single=true&output=csv,True,OK,docs/alibra_data/dry_bulk_trend_atl/2026-08-12.csv
2026-08-17T07:53:06.389861+00:00,2026-08-12,dry_bulk_trend_pac,https://docs.google.com/spreadsheets/d/e/2PACX-1vSm3hFo3WpdJQ86FaGIy-S151biJvr2J31-kbmYmO9kOwJ2sDjbz-v8ooNpsufCepZS0tCUavO5iUrI/pub?gid=779118968&single=true&output=csv,True,OK,docs/alibra_data/dry_bulk_trend_pac/2026-08-12.csv
2026-08-17T07:53:06.389861+00:00,2026-08-12,tanker_trend_1yr,https://docs.google.com/spreadsheets/d/e/2PACX-1vSm3hFo3WpdJQ86FaGIy-S151biJvr2J31-kbmYmO9kOwJ2sDjbz-v8ooNpsufCepZS0tCUavO5iUrI/pub?gid=137918187&single=true&output=csv,True,OK,docs/alibra_data/tanker_trend_1yr/2026-08-12.csv
2026-08-17T07:53:06.389861+00:00,2026-08-12,tanker_trend_3yr,https://docs.google.com/spreadsheets/d/e/2PACX-1vSm3hFo3WpdJQ86FaGIy-S151biJvr2J31-kbmYmO9kOwJ2sDjbz-v8ooNpsufCepZS0tCUavO5iUrI/pub?gid=1501135879&single=true&output=csv,True,OK,docs/alibra_data/tanker_trend_3yr/2026-08-12.csv
2026-08-17T07:53:06.389861+00:00,2026-08-12,dry_bulk_archive_atl,https://docs.google.com/spreadsheets/d/e/2PACX-1vSm3hFo3WpdJQ86FaGIy-S151biJvr2J31-kbmYmO9kOwJ2sDjbz-v8ooNpsufCepZS0tCUavO5iUrI/pub?gid=1609275035&single=true&output=csv,True,OK,docs/alibra_data/dry_bulk_archive_atl/2026-08-12.csv
2026-08-17T07:53:06.389861+00:00,2026-08-12,dry_bulk_archive_pac,https://docs.google.com/spreadsheets/d/e/2PACX-1vSm3hFo3WpdJQ86FaGIy-S151biJvr2J31-kbmYmO9kOwJ2sDjbz-v8ooNpsufCepZS0tCUavO5iUrI/pub?gid=1656242999&single=true&output=csv,True,OK,docs/alibra_data/dry_bulk_archive_pac/2026-08-12.csv
2026-08-17T11:02:59.576771+00:00,2026-08-12,last_updated_stamp,https://docs.google.com/spreadsheets/d/e/2PACX-1vQk6073LStJEfzv418WKYluN2zykXon3KL58hPVNnqoOPiZVhBVzBCi9QnnAETwm_QbMvltcNCuzTzH/pub?gid=92942855&single=true&output=csv,True,OK,docs/alibra_data/last_updated_stamp/2026-08-12.csv
2026-08-17T11:02:59.576771+00:00,2026-08-12,dry_bulk_tce_table,https://docs.google.com/spreadsheets/d/e/2PACX-1vQk6073LStJEfzv418WKYluN2zykXon3KL58hPVNnqoOPiZVhBVzBCi9QnnAETwm_QbMvltcNCuzTzH/pub?gid=1944138367&single=true&output=csv,True,OK,docs/alibra_data/dry_bulk_tce_table/2026-08-12.csv
2026-08-17T11:02:59.576771+00:00,2026-08-12,tanker_tce_table,https://docs.google.com/spreadsheets/d/e/2PACX-1vQk6073LStJEfzv418WKYluN2zykXon3KL58hPVNnqoOPiZVhBVzBCi9QnnAETwm_QbMvltcNCuzTzH/pub?gid=1458966001&single=true&output=csv,True,OK,docs/alibra_data/tanker_tce_table/2026-08-12.csv
2026-08-17T11:02:59.576771+00:00,2026-08-12,forward_curves,https://docs.google.com/spreadsheets/d/e/2PACX-1vQkGGniHOjjs_0booelgLP3pGwySZLvMLskYlJCxNLcq6uf9EaH50Wcpob87lH7xw/pub?gid=1196769730&single=true&output=csv,True,OK,docs/alibra_data/forward_curves/2026-08-12.csv
2026-08-17T11:02:59.576771+00:00,2026-08-12,dry_bulk_trend_atl,https://docs.google.com/spreadsheets/d/e/2PACX-1vSm3hFo3WpdJQ86FaGIy-S151biJvr2J31-kbmYmO9kOwJ2sDjbz-v8ooNpsufCepZS0tCUavO5iUrI/pub?gid=409746990&single=true&output=csv,True,OK,docs/alibra_data/dry_bulk_trend_atl/2026-08-12.csv
2026-08-17T11:02:59.576771+00:00,2026-08-12,dry_bulk_trend_pac,https://docs.google.com/spreadsheets/d/e/2PACX-1vSm3hFo3WpdJQ86FaGIy-S151biJvr2J31-kbmYmO9kOwJ2sDjbz-v8ooNpsufCepZS0tCUavO5iUrI/pub?gid=779118968&single=true&output=csv,True,OK,docs/alibra_data/dry_bulk_trend_pac/2026-08-12.csv
2026-08-17T11:02:59.576771+00:00,2026-08-12,tanker_trend_1yr,https://docs.google.com/spreadsheets/d/e/2PACX-1vSm3hFo3WpdJQ86FaGIy-S151biJvr2J31-kbmYmO9kOwJ2sDjbz-v8ooNpsufCepZS0tCUavO5iUrI/pub?gid=137918187&single=true&output=csv,True,OK,docs/alibra_data/tanker_trend_1yr/2026-08-12.csv
2026-08-17T11:02:59.576771+00:00,2026-08-12,tanker_trend_3yr,https://docs.google.com/spreadsheets/d/e/2PACX-1vSm3hFo3WpdJQ86FaGIy-S151biJvr2J31-kbmYmO9kOwJ2sDjbz-v8ooNpsufCepZS0tCUavO5iUrI/pub?gid=1501135879&single=true&output=csv,True,OK,docs/alibra_data/tanker_trend_3yr/2026-08-12.csv
2026-08-17T11:02:59.576771+00:00,2026-08-12,dry_bulk_archive_atl,https://docs.google.com/spreadsheets/d/e/2PACX-1vSm3hFo3WpdJQ86FaGIy-S151biJvr2J31-kbmYmO9kOwJ2sDjbz-v8ooNpsufCepZS0tCUavO5iUrI/pub?gid=1609275035&single=true&output=csv,True,OK,docs/alibra_data/dry_bulk_archive_atl/2026-08-12.csv
2026-08-17T11:02:59.576771+00:00,2026-08-12,dry_bulk_archive_pac,https://docs.google.com/spreadsheets/d/e/2PACX-1vSm3hFo3WpdJQ86FaGIy-S151biJvr2J31-kbmYmO9kOwJ2sDjbz-v8ooNpsufCepZS0tCUavO5iUrI/pub?gid=1656242999&single=true&output=csv,True,OK,docs/alibra_data/dry_bulk_archive_pac/2026-08-12.csv
2026-08-17T14:25:58.309949+00:00,2026-08-12,last_updated_stamp,https://docs.google.com/spreadsheets/d/e/2PACX-1vQk6073LStJEfzv418WKYluN2zykXon3KL58hPVNnqoOPiZVhBVzBCi9QnnAETwm_QbMvltcNCuzTzH/pub?gid=92942855&single=true&output=csv,True,OK,docs/alibra_data/last_updated_stamp/2026-08-12.csv
2026-08-17T14:25:58.309949+00:00,2026-08-12,dry_bulk_tce_table,https://docs.google.com/spreadsheets/d/e/2PACX-1vQk6073LStJEfzv418WKYluN2zykXon3KL58hPVNnqoOPiZVhBVzBCi9QnnAETwm_QbMvltcNCuzTzH/pub?gid=1944138367&single=true&output=csv,True,OK,docs/alibra_data/dry_bulk_tce_table/2026-08-12.csv
2026-08-17T14:25:58.309949+00:00,2026-08-12,tanker_tce_table,https://docs.google.com/spreadsheets/d/e/2PACX-1vQk6073LStJEfzv418WKYluN2zykXon3KL58hPVNnqoOPiZVhBVzBCi9QnnAETwm_QbMvltcNCuzTzH/pub?gid=1458966001&single=true&output=csv,True,OK,docs/alibra_data/tanker_tce_table/2026-08-12.csv
2026-08-17T14:25:58.309949+00:00,2026-08-12,forward_curves,https://docs.google.com/spreadsheets/d/e/2PACX-1vQkGGniHOjjs_0booelgLP3pGwySZLvMLskYlJCxNLcq6uf9EaH50Wcpob87lH7xw/pub?gid=1196769730&single=true&output=csv,True,OK,docs/alibra_data/forward_curves/2026-08-12.csv
2026-08-17T14:25:58.309949+00:00,2026-08-12,dry_bulk_trend_atl,https://docs.google.com/spreadsheets/d/e/2PACX-1vSm3hFo3WpdJQ86FaGIy-S151biJvr2J31-kbmYmO9kOwJ2sDjbz-v8ooNpsufCepZS0tCUavO5iUrI/pub?gid=409746990&single=true&output=csv,True,OK,docs/alibra_data/dry_bulk_trend_atl/2026-08-12.csv
2026-08-17T14:25:58.309949+00:00,2026-08-12,dry_bulk_trend_pac,https://docs.google.com/spreadsheets/d/e/2PACX-1vSm3hFo3WpdJQ86FaGIy-S151biJvr2J31-kbmYmO9kOwJ2sDjbz-v8ooNpsufCepZS0tCUavO5iUrI/pub?gid=779118968&single=true&output=csv,True,OK,docs/alibra_data/dry_bulk_trend_pac/2026-08-12.csv
2026-08-17T14:25:58.309949+00:00,2026-08-12,tanker_trend_1yr,https://docs.google.com/spreadsheets/d/e/2PACX-1vSm3hFo3WpdJQ86FaGIy-S151biJvr2J31-kbmYmO9kOwJ2sDjbz-v8ooNpsufCepZS0tCUavO5iUrI/pub?gid=137918187&single=true&output=csv,True,OK,docs/alibra_data/tanker_trend_1yr/2026-08-12.csv
2026-08-17T14:25:58.309949+00:00,2026-08-12,tanker_trend_3yr,https://docs.google.com/spreadsheets/d/e/2PACX-1vSm3hFo3WpdJQ86FaGIy-S151biJvr2J31-kbmYmO9kOwJ2sDjbz-v8ooNpsufCepZS0tCUavO5iUrI/pub?gid=1501135879&single=true&output=csv,True,OK,docs/alibra_data/tanker_trend_3yr/2026-08-12.csv
2026-08-17T14:25:58.309949+00:00,2026-08-12,dry_bulk_archive_atl,https://docs.google.com/spreadsheets/d/e/2PACX-1vSm3hFo3WpdJQ86FaGIy-S151biJvr2J31-kbmYmO9kOwJ2sDjbz-v8ooNpsufCepZS0tCUavO5iUrI/pub?gid=1609275035&single=true&output=csv,True,OK,docs/alibra_data/dry_bulk_archive_atl/2026-08-12.csv
2026-08-17T14:25:58.309949+00:00,2026-08-12,dry_bulk_archive_pac,https://docs.google.com/spreadsheets/d/e/2PACX-1vSm3hFo3WpdJQ86FaGIy-S151biJvr2J31-kbmYmO9kOwJ2sDjbz-v8ooNpsufCepZS0tCUavO5iUrI/pub?gid=1656242999&single=true&output=csv,True,OK,docs/alibra_data/dry_bulk_archive_pac/2026-08-12.csv
2026-08-17T16:25:31.634380+00:00,2026-08-12,last_updated_stamp,https://docs.google.com/spreadsheets/d/e/2PACX-1vQk6073LStJEfzv418WKYluN2zykXon3KL58hPVNnqoOPiZVhBVzBCi9QnnAETwm_QbMvltcNCuzTzH/pub?gid=92942855&single=true&output=csv,True,OK,docs/alibra_data/last_updated_stamp/2026-08-12.csv
2026-08-17T16:25:31.634380+00:00,2026-08-12,dry_bulk_tce_table,https://docs.google.com/spreadsheets/d/e/2PACX-1vQk6073LStJEfzv418WKYluN2zykXon3KL58hPVNnqoOPiZVhBVzBCi9QnnAETwm_QbMvltcNCuzTzH/pub?gid=1944138367&single=true&output=csv,True,OK,docs/alibra_data/dry_bulk_tce_table/2026-08-12.csv
2026-08-17T16:25:31.634380+00:00,2026-08-12,tanker_tce_table,https://docs.google.com/spreadsheets/d/e/2PACX-1vQk6073LStJEfzv418WKYluN2zykXon3KL58hPVNnqoOPiZVhBVzBCi9QnnAETwm_QbMvltcNCuzTzH/pub?gid=1458966001&single=true&output=csv,True,OK,docs/alibra_data/tanker_tce_table/2026-08-12.csv
2026-08-17T16:25:31.634380+00:00,2026-08-12,forward_curves,https://docs.google.com/spreadsheets/d/e/2PACX-1vQkGGniHOjjs_0booelgLP3pGwySZLvMLskYlJCxNLcq6uf9EaH50Wcpob87lH7xw/pub?gid=1196769730&single=true&output=csv,True,OK,docs/alibra_data/forward_curves/2026-08-12.csv
2026-08-17T16:25:31.634380+00:00,2026-08-12,dry_bulk_trend_atl,https://docs.google.com/spreadsheets/d/e/2PACX-1vSm3hFo3WpdJQ86FaGIy-S151biJvr2J31-kbmYmO9kOwJ2sDjbz-v8ooNpsufCepZS0tCUavO5iUrI/pub?gid=409746990&single=true&output=csv,True,OK,docs/alibra_data/dry_bulk_trend_atl/2026-08-12.csv
2026-08-17T16:25:31.634380+00:00,2026-08-12,dry_bulk_trend_pac,https://docs.google.com/spreadsheets/d/e/2PACX-1vSm3hFo3WpdJQ86FaGIy-S151biJvr2J31-kbmYmO9kOwJ2sDjbz-v8ooNpsufCepZS0tCUavO5iUrI/pub?gid=779118968&single=true&output=csv,True,OK,docs/alibra_data/dry_bulk_trend_pac/2026-08-12.csv
2026-08-17T16:25:31.634380+00:00,2026-08-12,tanker_trend_1yr,https://docs.google.com/spreadsheets/d/e/2PACX-1vSm3hFo3WpdJQ86FaGIy-S151biJvr2J31-kbmYmO9kOwJ2sDjbz-v8ooNpsufCepZS0tCUavO5iUrI/pub?gid=137918187&single=true&output=csv,True,OK,docs/alibra_data/tanker_trend_1yr/2026-08-12.csv
2026-08-17T16:25:31.634380+00:00,2026-08-12,tanker_trend_3yr,https://docs.google.com/spreadsheets/d/e/2PACX-1vSm3hFo3WpdJQ86FaGIy-S151biJvr2J31-kbmYmO9kOwJ2sDjbz-v8ooNpsufCepZS0tCUavO5iUrI/pub?gid=1501135879&single=true&output=csv,True,OK,docs/alibra_data/tanker_trend_3yr/2026-08-12.csv
2026-08-17T16:25:31.634380+00:00,2026-08-12,dry_bulk_archive_atl,https://docs.google.com/spreadsheets/d/e/2PACX-1vSm3hFo3WpdJQ86FaGIy-S151biJvr2J31-kbmYmO9kOwJ2sDjbz-v8ooNpsufCepZS0tCUavO5iUrI/pub?gid=1609275035&single=true&output=csv,True,OK,docs/alibra_data/dry_bulk_archive_atl/2026-08-12.csv
2026-08-17T16:25:31.634380+00:00,2026-08-12,dry_bulk_archive_pac,https://docs.google.com/spreadsheets/d/e/2PACX-1vSm3hFo3WpdJQ86FaGIy-S151biJvr2J31-kbmYmO9kOwJ2sDjbz-v8ooNpsufCepZS0tCUavO5iUrI/pub?gid=1656242999&single=true&output=csv,True,OK,docs/alibra_data/dry_bulk_archive_pac/2026-08-12.csv
2026-08-17T19:28:08.996709+00:00,2026-08-12,last_updated_stamp,https://docs.google.com/spreadsheets/d/e/2PACX-1vQk6073LStJEfzv418WKYluN2zykXon3KL58hPVNnqoOPiZVhBVzBCi9QnnAETwm_QbMvltcNCuzTzH/pub?gid=92942855&single=true&output=csv,True,OK,docs/alibra_data/last_updated_stamp/2026-08-12.csv
2026-08-17T19:28:08.996709+00:00,2026-08-12,dry_bulk_tce_table,https://docs.google.com/spreadsheets/d/e/2PACX-1vQk6073LStJEfzv418WKYluN2zykXon3KL58hPVNnqoOPiZVhBVzBCi9QnnAETwm_QbMvltcNCuzTzH/pub?gid=1944138367&single=true&output=csv,True,OK,docs/alibra_data/dry_bulk_tce_table/2026-08-12.csv
2026-08-17T19:28:08.996709+00:00,2026-08-12,tanker_tce_table,https://docs.google.com/spreadsheets/d/e/2PACX-1vQk6073LStJEfzv418WKYluN2zykXon3KL58hPVNnqoOPiZVhBVzBCi9QnnAETwm_QbMvltcNCuzTzH/pub?gid=1458966001&single=true&output=csv,True,OK,docs/alibra_data/tanker_tce_table/2026-08-12.csv
2026-08-17T19:28:08.996709+00:00,2026-08-12,forward_curves,https://docs.google.com/spreadsheets/d/e/2PACX-1vQkGGniHOjjs_0booelgLP3pGwySZLvMLskYlJCxNLcq6uf9EaH50Wcpob87lH7xw/pub?gid=1196769730&single=true&output=csv,True,OK,docs/alibra_data/forward_curves/2026-08-12.csv
2026-08-17T19:28:08.996709+00:00,2026-08-12,dry_bulk_trend_atl,https://docs.google.com/spreadsheets/d/e/2PACX-1vSm3hFo3WpdJQ86FaGIy-S151biJvr2J31-kbmYmO9kOwJ2sDjbz-v8ooNpsufCepZS0tCUavO5iUrI/pub?gid=409746990&single=true&output=csv,True,OK,docs/alibra_data/dry_bulk_trend_atl/2026-08-12.csv
2026-08-17T19:28:08.996709+00:00,2026-08-12,dry_bulk_trend_pac,https://docs.google.com/spreadsheets/d/e/2PACX-1vSm3hFo3WpdJQ86FaGIy-S151biJvr2J31-kbmYmO9kOwJ2sDjbz-v8ooNpsufCepZS0tCUavO5iUrI/pub?gid=779118968&single=true&output=csv,True,OK,docs/alibra_data/dry_bulk_trend_pac/2026-08-12.csv
2026-08-17T19:28:08.996709+00:00,2026-08-12,tanker_trend_1yr,https://docs.google.com/spreadsheets/d/e/2PACX-1vSm3hFo3WpdJQ86FaGIy-S151biJvr2J31-kbmYmO9kOwJ2sDjbz-v8ooNpsufCepZS0tCUavO5iUrI/pub?gid=137918187&single=true&output=csv,True,OK,docs/alibra_data/tanker_trend_1yr/2026-08-12.csv
2026-08-17T19:28:08.996709+00:00,2026-08-12,tanker_trend_3yr,https://docs.google.com/spreadsheets/d/e/2PACX-1vSm3hFo3WpdJQ86FaGIy-S151biJvr2J31-kbmYmO9kOwJ2sDjbz-v8ooNpsufCepZS0tCUavO5iUrI/pub?gid=1501135879&single=true&output=csv,True,OK,docs/alibra_data/tanker_trend_3yr/2026-08-12.csv
2026-08-17T19:28:08.996709+00:00,2026-08-12,dry_bulk_archive_atl,https://docs.google.com/spreadsheets/d/e/2PACX-1vSm3hFo3WpdJQ86FaGIy-S151biJvr2J31-kbmYmO9kOwJ2sDjbz-v8ooNpsufCepZS0tCUavO5iUrI/pub?gid=1609275035&single=true&output=csv,True,OK,docs/alibra_data/dry_bulk_archive_atl/2026-08-12.csv
2026-08-17T19:28:08.996709+00:00,2026-08-12,dry_bulk_archive_pac,https://docs.google.com/spreadsheets/d/e/2PACX-1vSm3hFo3WpdJQ86FaGIy-S151biJvr2J31-kbmYmO9kOwJ2sDjbz-v8ooNpsufCepZS0tCUavO5iUrI/pub?gid=1656242999&single=true&output=csv,True,OK,docs/alibra_data/dry_bulk_archive_pac/2026-08-12.csv
2026-08-17T22:22:46.827361+00:00,2026-08-12,last_updated_stamp,https://docs.google.com/spreadsheets/d/e/2PACX-1vQk6073LStJEfzv418WKYluN2zykXon3KL58hPVNnqoOPiZVhBVzBCi9QnnAETwm_QbMvltcNCuzTzH/pub?gid=92942855&single=true&output=csv,True,OK,docs/alibra_data/last_updated_stamp/2026-08-12.csv
2026-08-17T22:22:46.827361+00:00,2026-08-12,dry_bulk_tce_table,https://docs.google.com/spreadsheets/d/e/2PACX-1vQk6073LStJEfzv418WKYluN2zykXon3KL58hPVNnqoOPiZVhBVzBCi9QnnAETwm_QbMvltcNCuzTzH/pub?gid=1944138367&single=true&output=csv,True,OK,docs/alibra_data/dry_bulk_tce_table/2026-08-12.csv
2026-08-17T22:22:46.827361+00:00,2026-08-12,tanker_tce_table,https://docs.google.com/spreadsheets/d/e/2PACX-1vQk6073LStJEfzv418WKYluN2zykXon3KL58hPVNnqoOPiZVhBVzBCi9QnnAETwm_QbMvltcNCuzTzH/pub?gid=1458966001&single=true&output=csv,True,OK,docs/alibra_data/tanker_tce_table/2026-08-12.csv
2026-08-17T22:22:46.827361+00:00,2026-08-12,forward_curves,https://docs.google.com/spreadsheets/d/e/2PACX-1vQkGGniHOjjs_0booelgLP3pGwySZLvMLskYlJCxNLcq6uf9EaH50Wcpob87lH7xw/pub?gid=1196769730&single=true&output=csv,True,OK,docs/alibra_data/forward_curves/2026-08-12.csv
2026-08-17T22:22:46.827361+00:00,2026-08-12,dry_bulk_trend_atl,https://docs.google.com/spreadsheets/d/e/2PACX-1vSm3hFo3WpdJQ86FaGIy-S151biJvr2J31-kbmYmO9kOwJ2sDjbz-v8ooNpsufCepZS0tCUavO5iUrI/pub?gid=409746990&single=true&output=csv,True,OK,docs/alibra_data/dry_bulk_trend_atl/2026-08-12.csv
2026-08-17T22:22:46.827361+00:00,2026-08-12,dry_bulk_trend_pac,https://docs.google.com/spreadsheets/d/e/2PACX-1vSm3hFo3WpdJQ86FaGIy-S151biJvr2J31-kbmYmO9kOwJ2sDjbz-v8ooNpsufCepZS0tCUavO5iUrI/pub?gid=779118968&single=true&output=csv,True,OK,docs/alibra_data/dry_bulk_trend_pac/2026-08-12.csv
2026-08-17T22:22:46.827361+00:00,2026-08-12,tanker_trend_1yr,https://docs.google.com/spreadsheets/d/e/2PACX-1vSm3hFo3WpdJQ86FaGIy-S151biJvr2J31-kbmYmO9kOwJ2sDjbz-v8ooNpsufCepZS0tCUavO5iUrI/pub?gid=137918187&single=true&output=csv,True,OK,docs/alibra_data/tanker_trend_1yr/2026-08-12.csv
2026-08-17T22:22:46.827361+00:00,2026-08-12,tanker_trend_3yr,https://docs.google.com/spreadsheets/d/e/2PACX-1vSm3hFo3WpdJQ86FaGIy-S151biJvr2J31-kbmYmO9kOwJ2sDjbz-v8ooNpsufCepZS0tCUavO5iUrI/pub?gid=1501135879&single=true&output=csv,True,OK,docs/alibra_data/tanker_trend_3yr/2026-08-12.csv
2026-08-17T22:22:46.827361+00:00,2026-08-12,dry_bulk_archive_atl,https://docs.google.com/spreadsheets/d/e/2PACX-1vSm3hFo3WpdJQ86FaGIy-S151biJvr2J31-kbmYmO9kOwJ2sDjbz-v8ooNpsufCepZS0tCUavO5iUrI/pub?gid=1609275035&single=true&output=csv,True,OK,docs/alibra_data/dry_bulk_archive_atl/2026-08-12.csv
2026-08-17T22:22:46.827361+00:00,2026-08-12,dry_bulk_archive_pac,https://docs.google.com/spreadsheets/d/e/2PACX-1vSm3hFo3WpdJQ86FaGIy-S151biJvr2J31-kbmYmO9kOwJ2sDjbz-v8ooNpsufCepZS0tCUavO5iUrI/pub?gid=1656242999&single=true&output=csv,True,OK,docs/alibra_data/dry_bulk_archive_pac/2026-08-12.csv
2026-08-18T07:37:43.570865+00:00,2026-08-12,last_updated_stamp,https://docs.google.com/spreadsheets/d/e/2PACX-1vQk6073LStJEfzv418WKYluN2zykXon3KL58hPVNnqoOPiZVhBVzBCi9QnnAETwm_QbMvltcNCuzTzH/pub?gid=92942855&single=true&output=csv,True,OK,docs/alibra_data/last_updated_stamp/2026-08-12.csv
2026-08-18T07:37:43.570865+00:00,2026-08-12,dry_bulk_tce_table,https://docs.google.com/spreadsheets/d/e/2PACX-1vQk6073LStJEfzv418WKYluN2zykXon3KL58hPVNnqoOPiZVhBVzBCi9QnnAETwm_QbMvltcNCuzTzH/pub?gid=1944138367&single=true&output=csv,True,OK,docs/alibra_data/dry_bulk_tce_table/2026-08-12.csv
2026-08-18T07:37:43.570865+00:00,2026-08-12,tanker_tce_table,https://docs.google.com/spreadsheets/d/e/2PACX-1vQk6073LStJEfzv418WKYluN2zykXon3KL58hPVNnqoOPiZVhBVzBCi9QnnAETwm_QbMvltcNCuzTzH/pub?gid=1458966001&single=true&output=csv,True,OK,docs/alibra_data/tanker_tce_table/2026-08-12.csv
2026-08-18T07:37:43.570865+00:00,2026-08-12,forward_curves,https://docs.google.com/spreadsheets/d/e/2PACX-1vQkGGniHOjjs_0booelgLP3pGwySZLvMLskYlJCxNLcq6uf9EaH50Wcpob87lH7xw/pub?gid=1196769730&single=true&output=csv,True,OK,docs/alibra_data/forward_curves/2026-08-12.csv
2026-08-18T07:37:43.570865+00:00,2026-08-12,dry_bulk_trend_atl,https://docs.google.com/spreadsheets/d/e/2PACX-1vSm3hFo3WpdJQ86FaGIy-S151biJvr2J31-kbmYmO9kOwJ2sDjbz-v8ooNpsufCepZS0tCUavO5iUrI/pub?gid=409746990&single=true&output=csv,True,OK,docs/alibra_data/dry_bulk_trend_atl/2026-08-12.csv
2026-08-18T07:37:43.570865+00:00,2026-08-12,dry_bulk_trend_pac,https://docs.google.com/spreadsheets/d/e/2PACX-1vSm3hFo3WpdJQ86FaGIy-S151biJvr2J31-kbmYmO9kOwJ2sDjbz-v8ooNpsufCepZS0tCUavO5iUrI/pub?gid=779118968&single=true&output=csv,True,OK,docs/alibra_data/dry_bulk_trend_pac/2026-08-12.csv
2026-08-18T07:37:43.570865+00:00,2026-08-12,tanker_trend_1yr,https://docs.google.com/spreadsheets/d/e/2PACX-1vSm3hFo3WpdJQ86FaGIy-S151biJvr2J31-kbmYmO9kOwJ2sDjbz-v8ooNpsufCepZS0tCUavO5iUrI/pub?gid=137918187&single=true&output=csv,True,OK,docs/alibra_data/tanker_trend_1yr/2026-08-12.csv
2026-08-18T07:37:43.570865+00:00,2026-08-12,tanker_trend_3yr,https://docs.google.com/spreadsheets/d/e/2PACX-1vSm3hFo3WpdJQ86FaGIy-S151biJvr2J31-kbmYmO9kOwJ2sDjbz-v8ooNpsufCepZS0tCUavO5iUrI/pub?gid=1501135879&single=true&output=csv,True,OK,docs/alibra_data/tanker_trend_3yr/2026-08-12.csv
2026-08-18T07:37:43.570865+00:00,2026-08-12,dry_bulk_archive_atl,https://docs.google.com/spreadsheets/d/e/2PACX-1vSm3hFo3WpdJQ86FaGIy-S151biJvr2J31-kbmYmO9kOwJ2sDjbz-v8ooNpsufCepZS0tCUavO5iUrI/pub?gid=1609275035&single=true&output=csv,True,OK,docs/alibra_data/dry_bulk_archive_atl/2026-08-12.csv
2026-08-18T07:37:43.570865+00:00,2026-08-12,dry_bulk_archive_pac,https://docs.google.com/spreadsheets/d/e/2PACX-1vSm3hFo3WpdJQ86FaGIy-S151biJvr2J31-kbmYmO9kOwJ2sDjbz-v8ooNpsufCepZS0tCUavO5iUrI/pub?gid=1656242999&single=true&output=csv,True,OK,docs/alibra_data/dry_bulk_archive_pac/2026-08-12.csv
2026-08-18T11:01:58.483021+00:00,2026-08-12,last_updated_stamp,https://docs.google.com/spreadsheets/d/e/2PACX-1vQk6073LStJEfzv418WKYluN2zykXon3KL58hPVNnqoOPiZVhBVzBCi9QnnAETwm_QbMvltcNCuzTzH/pub?gid=92942855&single=true&output=csv,True,OK,docs/alibra_data/last_updated_stamp/2026-08-12.csv
2026-08-18T11:01:58.483021+00:00,2026-08-12,dry_bulk_tce_table,https://docs.google.com/spreadsheets/d/e/2PACX-1vQk6073LStJEfzv418WKYluN2zykXon3KL58hPVNnqoOPiZVhBVzBCi9QnnAETwm_QbMvltcNCuzTzH/pub?gid=1944138367&single=true&output=csv,True,OK,docs/alibra_data/dry_bulk_tce_table/2026-08-12.csv
2026-08-18T11:01:58.483021+00:00,2026-08-12,tanker_tce_table,https://docs.google.com/spreadsheets/d/e/2PACX-1vQk6073LStJEfzv418WKYluN2zykXon3KL58hPVNnqoOPiZVhBVzBCi9QnnAETwm_QbMvltcNCuzTzH/pub?gid=1458966001&single=true&output=csv,True,OK,docs/alibra_data/tanker_tce_table/2026-08-12.csv
2026-08-18T11:01:58.483021+00:00,2026-08-12,forward_curves,https://docs.google.com/spreadsheets/d/e/2PACX-1vQkGGniHOjjs_0booelgLP3pGwySZLvMLskYlJCxNLcq6uf9EaH50Wcpob87lH7xw/pub?gid=1196769730&single=true&output=csv,True,OK,docs/alibra_data/forward_curves/2026-08-12.csv
2026-08-18T11:01:58.483021+00:00,2026-08-12,dry_bulk_trend_atl,https://docs.google.com/spreadsheets/d/e/2PACX-1vSm3hFo3WpdJQ86FaGIy-S151biJvr2J31-kbmYmO9kOwJ2sDjbz-v8ooNpsufCepZS0tCUavO5iUrI/pub?gid=409746990&single=true&output=csv,True,OK,docs/alibra_data/dry_bulk_trend_atl/2026-08-12.csv
2026-08-18T11:01:58.483021+00:00,2026-08-12,dry_bulk_trend_pac,https://docs.google.com/spreadsheets/d/e/2PACX-1vSm3hFo3WpdJQ86FaGIy-S151biJvr2J31-kbmYmO9kOwJ2sDjbz-v8ooNpsufCepZS0tCUavO5iUrI/pub?gid=779118968&single=true&output=csv,True,OK,docs/alibra_data/dry_bulk_trend_pac/2026-08-12.csv
2026-08-18T11:01:58.483021+00:00,2026-08-12,tanker_trend_1yr,https://docs.google.com/spreadsheets/d/e/2PACX-1vSm3hFo3WpdJQ86FaGIy-S151biJvr2J31-kbmYmO9kOwJ2sDjbz-v8ooNpsufCepZS0tCUavO5iUrI/pub?gid=137918187&single=true&output=csv,True,OK,docs/alibra_data/tanker_trend_1yr/2026-08-12.csv
2026-08-18T11:01:58.483021+00:00,2026-08-12,tanker_trend_3yr,https://docs.google.com/spreadsheets/d/e/2PACX-1vSm3hFo3WpdJQ86FaGIy-S151biJvr2J31-kbmYmO9kOwJ2sDjbz-v8ooNpsufCepZS0tCUavO5iUrI/pub?gid=1501135879&single=true&output=csv,True,OK,docs/alibra_data/tanker_trend_3yr/2026-08-12.csv
2026-08-18T11:01:58.483021+00:00,2026-08-12,dry_bulk_archive_atl,https://docs.google.com/spreadsheets/d/e/2PACX-1vSm3hFo3WpdJQ86FaGIy-S151biJvr2J31-kbmYmO9kOwJ2sDjbz-v8ooNpsufCepZS0tCUavO5iUrI/pub?gid=1609275035&single=true&output=csv,True,OK,docs/alibra_data/dry_bulk_archive_atl/2026-08-12.csv
2026-08-18T11:01:58.483021+00:00,2026-08-12,dry_bulk_archive_pac,https://docs.google.com/spreadsheets/d/e/2PACX-1vSm3hFo3WpdJQ86FaGIy-S151biJvr2J31-kbmYmO9kOwJ2sDjbz-v8ooNpsufCepZS0tCUavO5iUrI/pub?gid=1656242999&single=true&output=csv,True,OK,docs/alibra_data/dry_bulk_archive_pac/2026-08-12.csv
2026-08-18T14:34:07.867186+00:00,2026-08-12,last_updated_stamp,https://docs.google.com/spreadsheets/d/e/2PACX-1vQk6073LStJEfzv418WKYluN2zykXon3KL58hPVNnqoOPiZVhBVzBCi9QnnAETwm_QbMvltcNCuzTzH/pub?gid=92942855&single=true&output=csv,True,OK,docs/alibra_data/last_updated_stamp/2026-08-12.csv
2026-08-18T14:34:07.867186+00:00,2026-08-12,dry_bulk_tce_table,https://docs.google.com/spreadsheets/d/e/2PACX-1vQk6073LStJEfzv418WKYluN2zykXon3KL58hPVNnqoOPiZVhBVzBCi9QnnAETwm_QbMvltcNCuzTzH/pub?gid=1944138367&single=true&output=csv,True,OK,docs/alibra_data/dry_bulk_tce_table/2026-08-12.csv
2026-08-18T14:34:07.867186+00:00,2026-08-12,tanker_tce_table,https://docs.google.com/spreadsheets/d/e/2PACX-1vQk6073LStJEfzv418WKYluN2zykXon3KL58hPVNnqoOPiZVhBVzBCi9QnnAETwm_QbMvltcNCuzTzH/pub?gid=1458966001&single=true&output=csv,True,OK,docs/alibra_data/tanker_tce_table/2026-08-12.csv
2026-08-18T14:34:07.867186+00:00,2026-08-12,forward_curves,https://docs.google.com/spreadsheets/d/e/2PACX-1vQkGGniHOjjs_0booelgLP3pGwySZLvMLskYlJCxNLcq6uf9EaH50Wcpob87lH7xw/pub?gid=1196769730&single=true&output=csv,True,OK,docs/alibra_data/forward_curves/2026-08-12.csv
2026-08-18T14:34:07.867186+00:00,2026-08-12,dry_bulk_trend_atl,https://docs.google.com/spreadsheets/d/e/2PACX-1vSm3hFo3WpdJQ86FaGIy-S151biJvr2J31-kbmYmO9kOwJ2sDjbz-v8ooNpsufCepZS0tCUavO5iUrI/pub?gid=409746990&single=true&output=csv,True,OK,docs/alibra_data/dry_bulk_trend_atl/2026-08-12.csv
2026-08-18T14:34:07.867186+00:00,2026-08-12,dry_bulk_trend_pac,https://docs.google.com/spreadsheets/d/e/2PACX-1vSm3hFo3WpdJQ86FaGIy-S151biJvr2J31-kbmYmO9kOwJ2sDjbz-v8ooNpsufCepZS0tCUavO5iUrI/pub?gid=779118968&single=true&output=csv,True,OK,docs/alibra_data/dry_bulk_trend_pac/2026-08-12.csv
2026-08-18T14:34:07.867186+00:00,2026-08-12,tanker_trend_1yr,https://docs.google.com/spreadsheets/d/e/2PACX-1vSm3hFo3WpdJQ86FaGIy-S151biJvr2J31-kbmYmO9kOwJ2sDjbz-v8ooNpsufCepZS0tCUavO5iUrI/pub?gid=137918187&single=true&output=csv,True,OK,docs/alibra_data/tanker_trend_1yr/2026-08-12.csv
2026-08-18T14:34:07.867186+00:00,2026-08-12,tanker_trend_3yr,https://docs.google.com/spreadsheets/d/e/2PACX-1vSm3hFo3WpdJQ86FaGIy-S151biJvr2J31-kbmYmO9kOwJ2sDjbz-v8ooNpsufCepZS0tCUavO5iUrI/pub?gid=1501135879&single=true&output=csv,True,OK,docs/alibra_data/tanker_trend_3yr/2026-08-12.csv
2026-08-18T14:34:07.867186+00:00,2026-08-12,dry_bulk_archive_atl,https://docs.google.com/spreadsheets/d/e/2PACX-1vSm3hFo3WpdJQ86FaGIy-S151biJvr2J31-kbmYmO9kOwJ2sDjbz-v8ooNpsufCepZS0tCUavO5iUrI/pub?gid=1609275035&single=true&output=csv,True,OK,docs/alibra_data/dry_bulk_archive_atl/2026-08-12.csv
2026-08-18T14:34:07.867186+00:00,2026-08-12,dry_bulk_archive_pac,https://docs.google.com/spreadsheets/d/e/2PACX-1vSm3hFo3WpdJQ86FaGIy-S151biJvr2J31-kbmYmO9kOwJ2sDjbz-v8ooNpsufCepZS0tCUavO5iUrI/pub?gid=1656242999&single=true&output=csv,True,OK,docs/alibra_data/dry_bulk_archive_pac/2026-08-12.csv
2026-08-18T16:34:46.698602+00:00,2026-08-12,last_updated_stamp,https://docs.google.com/spreadsheets/d/e/2PACX-1vQk6073LStJEfzv418WKYluN2zykXon3KL58hPVNnqoOPiZVhBVzBCi9QnnAETwm_QbMvltcNCuzTzH/pub?gid=92942855&single=true&output=csv,True,OK,docs/alibra_data/last_updated_stamp/2026-08-12.csv
2026-08-18T16:34:46.698602+00:00,2026-08-12,dry_bulk_tce_table,https://docs.google.com/spreadsheets/d/e/2PACX-1vQk6073LStJEfzv418WKYluN2zykXon3KL58hPVNnqoOPiZVhBVzBCi9QnnAETwm_QbMvltcNCuzTzH/pub?gid=1944138367&single=true&output=csv,True,OK,docs/alibra_data/dry_bulk_tce_table/2026-08-12.csv
2026-08-18T16:34:46.698602+00:00,2026-08-12,tanker_tce_table,https://docs.google.com/spreadsheets/d/e/2PACX-1vQk6073LStJEfzv418WKYluN2zykXon3KL58hPVNnqoOPiZVhBVzBCi9QnnAETwm_QbMvltcNCuzTzH/pub?gid=1458966001&single=true&output=csv,True,OK,docs/alibra_data/tanker_tce_table/2026-08-12.csv
2026-08-18T16:34:46.698602+00:00,2026-08-12,forward_curves,https://docs.google.com/spreadsheets/d/e/2PACX-1vQkGGniHOjjs_0booelgLP3pGwySZLvMLskYlJCxNLcq6uf9EaH50Wcpob87lH7xw/pub?gid=1196769730&single=true&output=csv,True,OK,docs/alibra_data/forward_curves/2026-08-12.csv
2026-08-18T16:34:46.698602+00:00,2026-08-12,dry_bulk_trend_atl,https://docs.google.com/spreadsheets/d/e/2PACX-1vSm3hFo3WpdJQ86FaGIy-S151biJvr2J31-kbmYmO9kOwJ2sDjbz-v8ooNpsufCepZS0tCUavO5iUrI/pub?gid=409746990&single=true&output=csv,True,OK,docs/alibra_data/dry_bulk_trend_atl/2026-08-12.csv
2026-08-18T16:34:46.698602+00:00,2026-08-12,dry_bulk_trend_pac,https://docs.google.com/spreadsheets/d/e/2PACX-1vSm3hFo3WpdJQ86FaGIy-S151biJvr2J31-kbmYmO9kOwJ2sDjbz-v8ooNpsufCepZS0tCUavO5iUrI/pub?gid=779118968&single=true&output=csv,True,OK,docs/alibra_data/dry_bulk_trend_pac/2026-08-12.csv
2026-08-18T16:34:46.698602+00:00,2026-08-12,tanker_trend_1yr,https://docs.google.com/spreadsheets/d/e/2PACX-1vSm3hFo3WpdJQ86FaGIy-S151biJvr2J31-kbmYmO9kOwJ2sDjbz-v8ooNpsufCepZS0tCUavO5iUrI/pub?gid=137918187&single=true&output=csv,True,OK,docs/alibra_data/tanker_trend_1yr/2026-08-12.csv
2026-08-18T16:34:46.698602+00:00,2026-08-12,tanker_trend_3yr,https://docs.google.com/spreadsheets/d/e/2PACX-1vSm3hFo3WpdJQ86FaGIy-S151biJvr2J31-kbmYmO9kOwJ2sDjbz-v8ooNpsufCepZS0tCUavO5iUrI/pub?gid=1501135879&single=true&output=csv,True,OK,docs/alibra_data/tanker_trend_3yr/2026-08-12.csv
2026-08-18T16:34:46.698602+00:00,2026-08-12,dry_bulk_archive_atl,https://docs.google.com/spreadsheets/d/e/2PACX-1vSm3hFo3WpdJQ86FaGIy-S151biJvr2J31-kbmYmO9kOwJ2sDjbz-v8ooNpsufCepZS0tCUavO5iUrI/pub?gid=1609275035&single=true&output=csv,True,OK,docs/alibra_data/dry_bulk_archive_atl/2026-08-12.csv
2026-08-18T16:34:46.698602+00:00,2026-08-12,dry_bulk_archive_pac,https://docs.google.com/spreadsheets/d/e/2PACX-1vSm3hFo3WpdJQ86FaGIy-S151biJvr2J31-kbmYmO9kOwJ2sDjbz-v8ooNpsufCepZS0tCUavO5iUrI/pub?gid=1656242999&single=true&output=csv,True,OK,docs/alibra_data/dry_bulk_archive_pac/2026-08-12.csv
2026-08-18T19:28:31.610075+00:00,2026-08-12,last_updated_stamp,https://docs.google.com/spreadsheets/d/e/2PACX-1vQk6073LStJEfzv418WKYluN2zykXon3KL58hPVNnqoOPiZVhBVzBCi9QnnAETwm_QbMvltcNCuzTzH/pub?gid=92942855&single=true&output=csv,True,OK,docs/alibra_data/last_updated_stamp/2026-08-12.csv
2026-08-18T19:28:31.610075+00:00,2026-08-12,dry_bulk_tce_table,https://docs.google.com/spreadsheets/d/e/2PACX-1vQk6073LStJEfzv418WKYluN2zykXon3KL58hPVNnqoOPiZVhBVzBCi9QnnAETwm_QbMvltcNCuzTzH/pub?gid=1944138367&single=true&output=csv,True,OK,docs/alibra_data/dry_bulk_tce_table/2026-08-12.csv
2026-08-18T19:28:31.610075+00:00,2026-08-12,tanker_tce_table,https://docs.google.com/spreadsheets/d/e/2PACX-1vQk6073LStJEfzv418WKYluN2zykXon3KL58hPVNnqoOPiZVhBVzBCi9QnnAETwm_QbMvltcNCuzTzH/pub?gid=1458966001&single=true&output=csv,True,OK,docs/alibra_data/tanker_tce_table/2026-08-12.csv
2026-08-18T19:28:31.610075+00:00,2026-08-12,forward_curves,https://docs.google.com/spreadsheets/d/e/2PACX-1vQkGGniHOjjs_0booelgLP3pGwySZLvMLskYlJCxNLcq6uf9EaH50Wcpob87lH7xw/pub?gid=1196769730&single=true&output=csv,True,OK,docs/alibra_data/forward_curves/2026-08-12.csv
2026-08-18T19:28:31.610075+00:00,2026-08-12,dry_bulk_trend_atl,https://docs.google.com/spreadsheets/d/e/2PACX-1vSm3hFo3WpdJQ86FaGIy-S151biJvr2J31-kbmYmO9kOwJ2sDjbz-v8ooNpsufCepZS0tCUavO5iUrI/pub?gid=409746990&single=true&output=csv,True,OK,docs/alibra_data/dry_bulk_trend_atl/2026-08-12.csv
2026-08-18T19:28:31.610075+00:00,2026-08-12,dry_bulk_trend_pac,https://docs.google.com/spreadsheets/d/e/2PACX-1vSm3hFo3WpdJQ86FaGIy-S151biJvr2J31-kbmYmO9kOwJ2sDjbz-v8ooNpsufCepZS0tCUavO5iUrI/pub?gid=779118968&single=true&output=csv,True,OK,docs/alibra_data/dry_bulk_trend_pac/2026-08-12.csv
2026-08-18T19:28:31.610075+00:00,2026-08-12,tanker_trend_1yr,https://docs.google.com/spreadsheets/d/e/2PACX-1vSm3hFo3WpdJQ86FaGIy-S151biJvr2J31-kbmYmO9kOwJ2sDjbz-v8ooNpsufCepZS0tCUavO5iUrI/pub?gid=137918187&single=true&output=csv,True,OK,docs/alibra_data/tanker_trend_1yr/2026-08-12.csv
2026-08-18T19:28:31.610075+00:00,2026-08-12,tanker_trend_3yr,https://docs.google.com/spreadsheets/d/e/2PACX-1vSm3hFo3WpdJQ86FaGIy-S151biJvr2J31-kbmYmO9kOwJ2sDjbz-v8ooNpsufCepZS0tCUavO5iUrI/pub?gid=1501135879&single=true&output=csv,True,OK,docs/alibra_data/tanker_trend_3yr/2026-08-12.csv
2026-08-18T19:28:31.610075+00:00,2026-08-12,dry_bulk_archive_atl,https://docs.google.com/spreadsheets/d/e/2PACX-1vSm3hFo3WpdJQ86FaGIy-S151biJvr2J31-kbmYmO9kOwJ2sDjbz-v8ooNpsufCepZS0tCUavO5iUrI/pub?gid=1609275035&single=true&output=csv,True,OK,docs/alibra_data/dry_bulk_archive_atl/2026-08-12.csv
2026-08-18T19:28:31.610075+00:00,2026-08-12,dry_bulk_archive_pac,https://docs.google.com/spreadsheets/d/e/2PACX-1vSm3hFo3WpdJQ86FaGIy-S151biJvr2J31-kbmYmO9kOwJ2sDjbz-v8ooNpsufCepZS0tCUavO5iUrI/pub?gid=1656242999&single=true&output=csv,True,OK,docs/alibra_data/dry_bulk_archive_pac/2026-08-12.csv
2026-08-18T22:20:22.196683+00:00,2026-08-12,last_updated_stamp,https://docs.google.com/spreadsheets/d/e/2PACX-1vQk6073LStJEfzv418WKYluN2zykXon3KL58hPVNnqoOPiZVhBVzBCi9QnnAETwm_QbMvltcNCuzTzH/pub?gid=92942855&single=true&output=csv,True,OK,docs/alibra_data/last_updated_stamp/2026-08-12.csv
2026-08-18T22:20:22.196683+00:00,2026-08-12,dry_bulk_tce_table,https://docs.google.com/spreadsheets/d/e/2PACX-1vQk6073LStJEfzv418WKYluN2zykXon3KL58hPVNnqoOPiZVhBVzBCi9QnnAETwm_QbMvltcNCuzTzH/pub?gid=1944138367&single=true&output=csv,True,OK,docs/alibra_data/dry_bulk_tce_table/2026-08-12.csv
2026-08-18T22:20:22.196683+00:00,2026-08-12,tanker_tce_table,https://docs.google.com/spreadsheets/d/e/2PACX-1vQk6073LStJEfzv418WKYluN2zykXon3KL58hPVNnqoOPiZVhBVzBCi9QnnAETwm_QbMvltcNCuzTzH/pub?gid=1458966001&single=true&output=csv,True,OK,docs/alibra_data/tanker_tce_table/2026-08-12.csv
2026-08-18T22:20:22.196683+00:00,2026-08-12,forward_curves,https://docs.google.com/spreadsheets/d/e/2PACX-1vQkGGniHOjjs_0booelgLP3pGwySZLvMLskYlJCxNLcq6uf9EaH50Wcpob87lH7xw/pub?gid=1196769730&single=true&output=csv,True,OK,docs/alibra_data/forward_curves/2026-08-12.csv
2026-08-18T22:20:22.196683+00:00,2026-08-12,dry_bulk_trend_atl,https://docs.google.com/spreadsheets/d/e/2PACX-1vSm3hFo3WpdJQ86FaGIy-S151biJvr2J31-kbmYmO9kOwJ2sDjbz-v8ooNpsufCepZS0tCUavO5iUrI/pub?gid=409746990&single=true&output=csv,True,OK,docs/alibra_data/dry_bulk_trend_atl/2026-08-12.csv
2026-08-18T22:20:22.196683+00:00,2026-08-12,dry_bulk_trend_pac,https://docs.google.com/spreadsheets/d/e/2PACX-1vSm3hFo3WpdJQ86FaGIy-S151biJvr2J31-kbmYmO9kOwJ2sDjbz-v8ooNpsufCepZS0tCUavO5iUrI/pub?gid=779118968&single=true&output=csv,True,OK,docs/alibra_data/dry_bulk_trend_pac/2026-08-12.csv
2026-08-18T22:20:22.196683+00:00,2026-08-12,tanker_trend_1yr,https://docs.google.com/spreadsheets/d/e/2PACX-1vSm3hFo3WpdJQ86FaGIy-S151biJvr2J31-kbmYmO9kOwJ2sDjbz-v8ooNpsufCepZS0tCUavO5iUrI/pub?gid=137918187&single=true&output=csv,True,OK,docs/alibra_data/tanker_trend_1yr/2026-08-12.csv
2026-08-18T22:20:22.196683+00:00,2026-08-12,tanker_trend_3yr,https://docs.google.com/spreadsheets/d/e/2PACX-1vSm3hFo3WpdJQ86FaGIy-S151biJvr2J31-kbmYmO9kOwJ2sDjbz-v8ooNpsufCepZS0tCUavO5iUrI/pub?gid=1501135879&single=true&output=csv,True,OK,docs/alibra_data/tanker_trend_3yr/2026-08-12.csv
2026-08-18T22:20:22.196683+00:00,2026-08-12,dry_bulk_archive_atl,https://docs.google.com/spreadsheets/d/e/2PACX-1vSm3hFo3WpdJQ86FaGIy-S151biJvr2J31-kbmYmO9kOwJ2sDjbz-v8ooNpsufCepZS0tCUavO5iUrI/pub?gid=1609275035&single=true&output=csv,True,OK,docs/alibra_data/dry_bulk_archive_atl/2026-08-12.csv
2026-08-18T22:20:22.196683+00:00,2026-08-12,dry_bulk_archive_pac,https://docs.google.com/spreadsheets/d/e/2PACX-1vSm3hFo3WpdJQ86FaGIy-S151biJvr2J31-kbmYmO9kOwJ2sDjbz-v8ooNpsufCepZS0tCUavO5iUrI/pub?gid=1656242999&single=true&output=csv,True,OK,docs/alibra_data/dry_bulk_archive_pac/2026-08-12.csv
2026-08-19T07:38:53.336356+00:00,2026-08-12,last_updated_stamp,https://docs.google.com/spreadsheets/d/e/2PACX-1vQk6073LStJEfzv418WKYluN2zykXon3KL58hPVNnqoOPiZVhBVzBCi9QnnAETwm_QbMvltcNCuzTzH/pub?gid=92942855&single=true&output=csv,True,OK,docs/alibra_data/last_updated_stamp/2026-08-12.csv
2026-08-19T07:38:53.336356+00:00,2026-08-12,dry_bulk_tce_table,https://docs.google.com/spreadsheets/d/e/2PACX-1vQk6073LStJEfzv418WKYluN2zykXon3KL58hPVNnqoOPiZVhBVzBCi9QnnAETwm_QbMvltcNCuzTzH/pub?gid=1944138367&single=true&output=csv,True,OK,docs/alibra_data/dry_bulk_tce_table/2026-08-12.csv
2026-08-19T07:38:53.336356+00:00,2026-08-12,tanker_tce_table,https://docs.google.com/spreadsheets/d/e/2PACX-1vQk6073LStJEfzv418WKYluN2zykXon3KL58hPVNnqoOPiZVhBVzBCi9QnnAETwm_QbMvltcNCuzTzH/pub?gid=1458966001&single=true&output=csv,True,OK,docs/alibra_data/tanker_tce_table/2026-08-12.csv
2026-08-19T07:38:53.336356+00:00,2026-08-12,forward_curves,https://docs.google.com/spreadsheets/d/e/2PACX-1vQkGGniHOjjs_0booelgLP3pGwySZLvMLskYlJCxNLcq6uf9EaH50Wcpob87lH7xw/pub?gid=1196769730&single=true&output=csv,True,OK,docs/alibra_data/forward_curves/2026-08-12.csv
2026-08-19T07:38:53.336356+00:00,2026-08-12,dry_bulk_trend_atl,https://docs.google.com/spreadsheets/d/e/2PACX-1vSm3hFo3WpdJQ86FaGIy-S151biJvr2J31-kbmYmO9kOwJ2sDjbz-v8ooNpsufCepZS0tCUavO5iUrI/pub?gid=409746990&single=true&output=csv,True,OK,docs/alibra_data/dry_bulk_trend_atl/2026-08-12.csv
2026-08-19T07:38:53.336356+00:00,2026-08-12,dry_bulk_trend_pac,https://docs.google.com/spreadsheets/d/e/2PACX-1vSm3hFo3WpdJQ86FaGIy-S151biJvr2J31-kbmYmO9kOwJ2sDjbz-v8ooNpsufCepZS0tCUavO5iUrI/pub?gid=779118968&single=true&output=csv,True,OK,docs/alibra_data/dry_bulk_trend_pac/2026-08-12.csv
2026-08-19T07:38:53.336356+00:00,2026-08-12,tanker_trend_1yr,https://docs.google.com/spreadsheets/d/e/2PACX-1vSm3hFo3WpdJQ86FaGIy-S151biJvr2J31-kbmYmO9kOwJ2sDjbz-v8ooNpsufCepZS0tCUavO5iUrI/pub?gid=137918187&single=true&output=csv,True,OK,docs/alibra_data/tanker_trend_1yr/2026-08-12.csv
2026-08-19T07:38:53.336356+00:00,2026-08-12,tanker_trend_3yr,https://docs.google.com/spreadsheets/d/e/2PACX-1vSm3hFo3WpdJQ86FaGIy-S151biJvr2J31-kbmYmO9kOwJ2sDjbz-v8ooNpsufCepZS0tCUavO5iUrI/pub?gid=1501135879&single=true&output=csv,True,OK,docs/alibra_data/tanker_trend_3yr/2026-08-12.csv
2026-08-19T07:38:53.336356+00:00,2026-08-12,dry_bulk_archive_atl,https://docs.google.com/spreadsheets/d/e/2PACX-1vSm3hFo3WpdJQ86FaGIy-S151biJvr2J31-kbmYmO9kOwJ2sDjbz-v8ooNpsufCepZS0tCUavO5iUrI/pub?gid=1609275035&single=true&output=csv,True,OK,docs/alibra_data/dry_bulk_archive_atl/2026-08-12.csv
2026-08-19T07:38:53.336356+00:00,2026-08-12,dry_bulk_archive_pac,https://docs.google.com/spreadsheets/d/e/2PACX-1vSm3hFo3WpdJQ86FaGIy-S151biJvr2J31-kbmYmO9kOwJ2sDjbz-v8ooNpsufCepZS0tCUavO5iUrI/pub?gid=1656242999&single=true&output=csv,True,OK,docs/alibra_data/dry_bulk_archive_pac/2026-08-12.csv
2026-08-19T11:24:40.054197+00:00,2026-08-19,last_updated_stamp,https://docs.google.com/spreadsheets/d/e/2PACX-1vQk6073LStJEfzv418WKYluN2zykXon3KL58hPVNnqoOPiZVhBVzBCi9QnnAETwm_QbMvltcNCuzTzH/pub?gid=92942855&single=true&output=csv,True,OK,docs/alibra_data/last_updated_stamp/2026-08-19.csv
2026-08-19T11:24:40.054197+00:00,2026-08-19,dry_bulk_tce_table,https://docs.google.com/spreadsheets/d/e/2PACX-1vQk6073LStJEfzv418WKYluN2zykXon3KL58hPVNnqoOPiZVhBVzBCi9QnnAETwm_QbMvltcNCuzTzH/pub?gid=1944138367&single=true&output=csv,True,OK,docs/alibra_data/dry_bulk_tce_table/2026-08-19.csv
2026-08-19T11:24:40.054197+00:00,2026-08-19,tanker_tce_table,https://docs.google.com/spreadsheets/d/e/2PACX-1vQk6073LStJEfzv418WKYluN2zykXon3KL58hPVNnqoOPiZVhBVzBCi9QnnAETwm_QbMvltcNCuzTzH/pub?gid=1458966001&single=true&output=csv,True,OK,docs/alibra_data/tanker_tce_table/2026-08-19.csv
2026-08-19T11:24:40.054197+00:00,2026-08-19,forward_curves,https://docs.google.com/spreadsheets/d/e/2PACX-1vQkGGniHOjjs_0booelgLP3pGwySZLvMLskYlJCxNLcq6uf9EaH50Wcpob87lH7xw/pub?gid=1196769730&single=true&output=csv,False,HTTP 500 (attempt 3),
2026-08-19T11:24:40.054197+00:00,2026-08-19,dry_bulk_trend_atl,https://docs.google.com/spreadsheets/d/e/2PACX-1vSm3hFo3WpdJQ86FaGIy-S151biJvr2J31-kbmYmO9kOwJ2sDjbz-v8ooNpsufCepZS0tCUavO5iUrI/pub?gid=409746990&single=true&output=csv,True,OK,docs/alibra_data/dry_bulk_trend_atl/2026-08-19.csv
2026-08-19T11:24:40.054197+00:00,2026-08-19,dry_bulk_trend_pac,https://docs.google.com/spreadsheets/d/e/2PACX-1vSm3hFo3WpdJQ86FaGIy-S151biJvr2J31-kbmYmO9kOwJ2sDjbz-v8ooNpsufCepZS0tCUavO5iUrI/pub?gid=779118968&single=true&output=csv,True,OK,docs/alibra_data/dry_bulk_trend_pac/2026-08-19.csv
2026-08-19T11:24:40.054197+00:00,2026-08-19,tanker_trend_1yr,https://docs.google.com/spreadsheets/d/e/2PACX-1vSm3hFo3WpdJQ86FaGIy-S151biJvr2J31-kbmYmO9kOwJ2sDjbz-v8ooNpsufCepZS0tCUavO5iUrI/pub?gid=137918187&single=true&output=csv,True,OK,docs/alibra_data/tanker_trend_1yr/2026-08-19.csv
2026-08-19T11:24:40.054197+00:00,2026-08-19,tanker_trend_3yr,https://docs.google.com/spreadsheets/d/e/2PACX-1vSm3hFo3WpdJQ86FaGIy-S151biJvr2J31-kbmYmO9kOwJ2sDjbz-v8ooNpsufCepZS0tCUavO5iUrI/pub?gid=1501135879&single=true&output=csv,True,OK,docs/alibra_data/tanker_trend_3yr/2026-08-19.csv
2026-08-19T11:24:40.054197+00:00,2026-08-19,dry_bulk_archive_atl,https://docs.google.com/spreadsheets/d/e/2PACX-1vSm3hFo3WpdJQ86FaGIy-S151biJvr2J31-kbmYmO9kOwJ2sDjbz-v8ooNpsufCepZS0tCUavO5iUrI/pub?gid=1609275035&single=true&output=csv,True,OK,docs/alibra_data/dry_bulk_archive_atl/2026-08-19.csv
2026-08-19T11:24:40.054197+00:00,2026-08-19,dry_bulk_archive_pac,https://docs.google.com/spreadsheets/d/e/2PACX-1vSm3hFo3WpdJQ86FaGIy-S151biJvr2J31-kbmYmO9kOwJ2sDjbz-v8ooNpsufCepZS0tCUavO5iUrI/pub?gid=1656242999&single=true&output=csv,True,OK,docs/alibra_data/dry_bulk_archive_pac/2026-08-19.csv
2026-08-19T14:31:18.566147+00:00,2026-08-19,last_updated_stamp,https://docs.google.com/spreadsheets/d/e/2PACX-1vQk6073LStJEfzv418WKYluN2zykXon3KL58hPVNnqoOPiZVhBVzBCi9QnnAETwm_QbMvltcNCuzTzH/pub?gid=92942855&single=true&output=csv,True,OK,docs/alibra_data/last_updated_stamp/2026-08-19.csv
2026-08-19T14:31:18.566147+00:00,2026-08-19,dry_bulk_tce_table,https://docs.google.com/spreadsheets/d/e/2PACX-1vQk6073LStJEfzv418WKYluN2zykXon3KL58hPVNnqoOPiZVhBVzBCi9QnnAETwm_QbMvltcNCuzTzH/pub?gid=1944138367&single=true&output=csv,True,OK,docs/alibra_data/dry_bulk_tce_table/2026-08-19.csv
2026-08-19T14:31:18.566147+00:00,2026-08-19,tanker_tce_table,https://docs.google.com/spreadsheets/d/e/2PACX-1vQk6073LStJEfzv418WKYluN2zykXon3KL58hPVNnqoOPiZVhBVzBCi9QnnAETwm_QbMvltcNCuzTzH/pub?gid=1458966001&single=true&output=csv,True,OK,docs/alibra_data/tanker_tce_table/2026-08-19.csv
2026-08-19T14:31:18.566147+00:00,2026-08-19,forward_curves,https://docs.google.com/spreadsheets/d/e/2PACX-1vQkGGniHOjjs_0booelgLP3pGwySZLvMLskYlJCxNLcq6uf9EaH50Wcpob87lH7xw/pub?gid=1196769730&single=true&output=csv,False,HTTP 500 (attempt 3),
2026-08-19T14:31:18.566147+00:00,2026-08-19,dry_bulk_trend_atl,https://docs.google.com/spreadsheets/d/e/2PACX-1vSm3hFo3WpdJQ86FaGIy-S151biJvr2J31-kbmYmO9kOwJ2sDjbz-v8ooNpsufCepZS0tCUavO5iUrI/pub?gid=409746990&single=true&output=csv,True,OK,docs/alibra_data/dry_bulk_trend_atl/2026-08-19.csv
2026-08-19T14:31:18.566147+00:00,2026-08-19,dry_bulk_trend_pac,https://docs.google.com/spreadsheets/d/e/2PACX-1vSm3hFo3WpdJQ86FaGIy-S151biJvr2J31-kbmYmO9kOwJ2sDjbz-v8ooNpsufCepZS0tCUavO5iUrI/pub?gid=779118968&single=true&output=csv,True,OK,docs/alibra_data/dry_bulk_trend_pac/2026-08-19.csv
2026-08-19T14:31:18.566147+00:00,2026-08-19,tanker_trend_1yr,https://docs.google.com/spreadsheets/d/e/2PACX-1vSm3hFo3WpdJQ86FaGIy-S151biJvr2J31-kbmYmO9kOwJ2sDjbz-v8ooNpsufCepZS0tCUavO5iUrI/pub?gid=137918187&single=true&output=csv,True,OK,docs/alibra_data/tanker_trend_1yr/2026-08-19.csv
2026-08-19T14:31:18.566147+00:00,2026-08-19,tanker_trend_3yr,https://docs.google.com/spreadsheets/d/e/2PACX-1vSm3hFo3WpdJQ86FaGIy-S151biJvr2J31-kbmYmO9kOwJ2sDjbz-v8ooNpsufCepZS0tCUavO5iUrI/pub?gid=1501135879&single=true&output=csv,True,OK,docs/alibra_data/tanker_trend_3yr/2026-08-19.csv
2026-08-19T14:31:18.566147+00:00,2026-08-19,dry_bulk_archive_atl,https://docs.google.com/spreadsheets/d/e/2PACX-1vSm3hFo3WpdJQ86FaGIy-S151biJvr2J31-kbmYmO9kOwJ2sDjbz-v8ooNpsufCepZS0tCUavO5iUrI/pub?gid=1609275035&single=true&output=csv,True,OK,docs/alibra_data/dry_bulk_archive_atl/2026-08-19.csv
2026-08-19T14:31:18.566147+00:00,2026-08-19,dry_bulk_archive_pac,https://docs.google.com/spreadsheets/d/e/2PACX-1vSm3hFo3WpdJQ86FaGIy-S151biJvr2J31-kbmYmO9kOwJ2sDjbz-v8ooNpsufCepZS0tCUavO5iUrI/pub?gid=1656242999&single=true&output=csv,True,OK,docs/alibra_data/dry_bulk_archive_pac/2026-08-19.csv
2026-08-19T16:32:24.460578+00:00,2026-08-19,last_updated_stamp,https://docs.google.com/spreadsheets/d/e/2PACX-1vQk6073LStJEfzv418WKYluN2zykXon3KL58hPVNnqoOPiZVhBVzBCi9QnnAETwm_QbMvltcNCuzTzH/pub?gid=92942855&single=true&output=csv,True,OK,docs/alibra_data/last_updated_stamp/2026-08-19.csv
2026-08-19T16:32:24.460578+00:00,2026-08-19,dry_bulk_tce_table,https://docs.google.com/spreadsheets/d/e/2PACX-1vQk6073LStJEfzv418WKYluN2zykXon3KL58hPVNnqoOPiZVhBVzBCi9QnnAETwm_QbMvltcNCuzTzH/pub?gid=1944138367&single=true&output=csv,True,OK,docs/alibra_data/dry_bulk_tce_table/2026-08-19.csv
2026-08-19T16:32:24.460578+00:00,2026-08-19,tanker_tce_table,https://docs.google.com/spreadsheets/d/e/2PACX-1vQk6073LStJEfzv418WKYluN2zykXon3KL58hPVNnqoOPiZVhBVzBCi9QnnAETwm_QbMvltcNCuzTzH/pub?gid=1458966001&single=true&output=csv,True,OK,docs/alibra_data/tanker_tce_table/2026-08-19.csv
2026-08-19T16:32:24.460578+00:00,2026-08-19,forward_curves,https://docs.google.com/spreadsheets/d/e/2PACX-1vQkGGniHOjjs_0booelgLP3pGwySZLvMLskYlJCxNLcq6uf9EaH50Wcpob87lH7xw/pub?gid=1196769730&single=true&output=csv,False,HTTP 500 (attempt 3),
2026-08-19T16:32:24.460578+00:00,2026-08-19,dry_bulk_trend_atl,https://docs.google.com/spreadsheets/d/e/2PACX-1vSm3hFo3WpdJQ86FaGIy-S151biJvr2J31-kbmYmO9kOwJ2sDjbz-v8ooNpsufCepZS0tCUavO5iUrI/pub?gid=409746990&single=true&output=csv,True,OK,docs/alibra_data/dry_bulk_trend_atl/2026-08-19.csv
2026-08-19T16:32:24.460578+00:00,2026-08-19,dry_bulk_trend_pac,https://docs.google.com/spreadsheets/d/e/2PACX-1vSm3hFo3WpdJQ86FaGIy-S151biJvr2J31-kbmYmO9kOwJ2sDjbz-v8ooNpsufCepZS0tCUavO5iUrI/pub?gid=779118968&single=true&output=csv,True,OK,docs/alibra_data/dry_bulk_trend_pac/2026-08-19.csv
2026-08-19T16:32:24.460578+00:00,2026-08-19,tanker_trend_1yr,https://docs.google.com/spreadsheets/d/e/2PACX-1vSm3hFo3WpdJQ86FaGIy-S151biJvr2J31-kbmYmO9kOwJ2sDjbz-v8ooNpsufCepZS0tCUavO5iUrI/pub?gid=137918187&single=true&output=csv,True,OK,docs/alibra_data/tanker_trend_1yr/2026-08-19.csv
2026-08-19T16:32:24.460578+00:00,2026-08-19,tanker_trend_3yr,https://docs.google.com/spreadsheets/d/e/2PACX-1vSm3hFo3WpdJQ86FaGIy-S151biJvr2J31-kbmYmO9kOwJ2sDjbz-v8ooNpsufCepZS0tCUavO5iUrI/pub?gid=1501135879&single=true&output=csv,True,OK,docs/alibra_data/tanker_trend_3yr/2026-08-19.csv
2026-08-19T16:32:24.460578+00:00,2026-08-19,dry_bulk_archive_atl,https://docs.google.com/spreadsheets/d/e/2PACX-1vSm3hFo3WpdJQ86FaGIy-S151biJvr2J31-kbmYmO9kOwJ2sDjbz-v8ooNpsufCepZS0tCUavO5iUrI/pub?gid=1609275035&single=true&output=csv,True,OK,docs/alibra_data/dry_bulk_archive_atl/2026-08-19.csv
2026-08-19T16:32:24.460578+00:00,2026-08-19,dry_bulk_archive_pac,https://docs.google.com/spreadsheets/d/e/2PACX-1vSm3hFo3WpdJQ86FaGIy-S151biJvr2J31-kbmYmO9kOwJ2sDjbz-v8ooNpsufCepZS0tCUavO5iUrI/pub?gid=1656242999&single=true&output=csv,True,OK,docs/alibra_data/dry_bulk_archive_pac/2026-08-19.csv
2026-08-19T19:27:53.499447+00:00,2026-08-19,last_updated_stamp,https://docs.google.com/spreadsheets/d/e/2PACX-1vQk6073LStJEfzv418WKYluN2zykXon3KL58hPVNnqoOPiZVhBVzBCi9QnnAETwm_QbMvltcNCuzTzH/pub?gid=92942855&single=true&output=csv,True,OK,docs/alibra_data/last_updated_stamp/2026-08-19.csv
2026-08-19T19:27:53.499447+00:00,2026-08-19,dry_bulk_tce_table,https://docs.google.com/spreadsheets/d/e/2PACX-1vQk6073LStJEfzv418WKYluN2zykXon3KL58hPVNnqoOPiZVhBVzBCi9QnnAETwm_QbMvltcNCuzTzH/pub?gid=1944138367&single=true&output=csv,True,OK,docs/alibra_data/dry_bulk_tce_table/2026-08-19.csv
2026-08-19T19:27:53.499447+00:00,2026-08-19,tanker_tce_table,https://docs.google.com/spreadsheets/d/e/2PACX-1vQk6073LStJEfzv418WKYluN2zykXon3KL58hPVNnqoOPiZVhBVzBCi9QnnAETwm_QbMvltcNCuzTzH/pub?gid=1458966001&single=true&output=csv,True,OK,docs/alibra_data/tanker_tce_table/2026-08-19.csv
2026-08-19T19:27:53.499447+00:00,2026-08-19,forward_curves,https://docs.google.com/spreadsheets/d/e/2PACX-1vQkGGniHOjjs_0booelgLP3pGwySZLvMLskYlJCxNLcq6uf9EaH50Wcpob87lH7xw/pub?gid=1196769730&single=true&output=csv,False,HTTP 500 (attempt 3),
2026-08-19T19:27:53.499447+00:00,2026-08-19,dry_bulk_trend_atl,https://docs.google.com/spreadsheets/d/e/2PACX-1vSm3hFo3WpdJQ86FaGIy-S151biJvr2J31-kbmYmO9kOwJ2sDjbz-v8ooNpsufCepZS0tCUavO5iUrI/pub?gid=409746990&single=true&output=csv,True,OK,docs/alibra_data/dry_bulk_trend_atl/2026-08-19.csv
2026-08-19T19:27:53.499447+00:00,2026-08-19,dry_bulk_trend_pac,https://docs.google.com/spreadsheets/d/e/2PACX-1vSm3hFo3WpdJQ86FaGIy-S151biJvr2J31-kbmYmO9kOwJ2sDjbz-v8ooNpsufCepZS0tCUavO5iUrI/pub?gid=779118968&single=true&output=csv,True,OK,docs/alibra_data/dry_bulk_trend_pac/2026-08-19.csv
2026-08-19T19:27:53.499447+00:00,2026-08-19,tanker_trend_1yr,https://docs.google.com/spreadsheets/d/e/2PACX-1vSm3hFo3WpdJQ86FaGIy-S151biJvr2J31-kbmYmO9kOwJ2sDjbz-v8ooNpsufCepZS0tCUavO5iUrI/pub?gid=137918187&single=true&output=csv,True,OK,docs/alibra_data/tanker_trend_1yr/2026-08-19.csv
2026-08-19T19:27:53.499447+00:00,2026-08-19,tanker_trend_3yr,https://docs.google.com/spreadsheets/d/e/2PACX-1vSm3hFo3WpdJQ86FaGIy-S151biJvr2J31-kbmYmO9kOwJ2sDjbz-v8ooNpsufCepZS0tCUavO5iUrI/pub?gid=1501135879&single=true&output=csv,True,OK,docs/alibra_data/tanker_trend_3yr/2026-08-19.csv
2026-08-19T19:27:53.499447+00:00,2026-08-19,dry_bulk_archive_atl,https://docs.google.com/spreadsheets/d/e/2PACX-1vSm3hFo3WpdJQ86FaGIy-S151biJvr2J31-kbmYmO9kOwJ2sDjbz-v8ooNpsufCepZS0tCUavO5iUrI/pub?gid=1609275035&single=true&output=csv,True,OK,docs/alibra_data/dry_bulk_archive_atl/2026-08-19.csv
2026-08-19T19:27:53.499447+00:00,2026-08-19,dry_bulk_archive_pac,https://docs.google.com/spreadsheets/d/e/2PACX-1vSm3hFo3WpdJQ86FaGIy-S151biJvr2J31-kbmYmO9kOwJ2sDjbz-v8ooNpsufCepZS0tCUavO5iUrI/pub?gid=1656242999&single=true&output=csv,True,OK,docs/alibra_data/dry_bulk_archive_pac/2026-08-19.csv
2026-08-19T22:21:53.095035+00:00,2026-08-19,last_updated_stamp,https://docs.google.com/spreadsheets/d/e/2PACX-1vQk6073LStJEfzv418WKYluN2zykXon3KL58hPVNnqoOPiZVhBVzBCi9QnnAETwm_QbMvltcNCuzTzH/pub?gid=92942855&single=true&output=csv,True,OK,docs/alibra_data/last_updated_stamp/2026-08-19.csv
2026-08-19T22:21:53.095035+00:00,2026-08-19,dry_bulk_tce_table,https://docs.google.com/spreadsheets/d/e/2PACX-1vQk6073LStJEfzv418WKYluN2zykXon3KL58hPVNnqoOPiZVhBVzBCi9QnnAETwm_QbMvltcNCuzTzH/pub?gid=1944138367&single=true&output=csv,True,OK,docs/alibra_data/dry_bulk_tce_table/2026-08-19.csv
2026-08-19T22:21:53.095035+00:00,2026-08-19,tanker_tce_table,https://docs.google.com/spreadsheets/d/e/2PACX-1vQk6073LStJEfzv418WKYluN2zykXon3KL58hPVNnqoOPiZVhBVzBCi9QnnAETwm_QbMvltcNCuzTzH/pub?gid=1458966001&single=true&output=csv,True,OK,docs/alibra_data/tanker_tce_table/2026-08-19.csv
2026-08-19T22:21:53.095035+00:00,2026-08-19,forward_curves,https://docs.google.com/spreadsheets/d/e/2PACX-1vQkGGniHOjjs_0booelgLP3pGwySZLvMLskYlJCxNLcq6uf9EaH50Wcpob87lH7xw/pub?gid=1196769730&single=true&output=csv,False,HTTP 500 (attempt 3),
2026-08-19T22:21:53.095035+00:00,2026-08-19,dry_bulk_trend_atl,https://docs.google.com/spreadsheets/d/e/2PACX-1vSm3hFo3WpdJQ86FaGIy-S151biJvr2J31-kbmYmO9kOwJ2sDjbz-v8ooNpsufCepZS0tCUavO5iUrI/pub?gid=409746990&single=true&output=csv,True,OK,docs/alibra_data/dry_bulk_trend_atl/2026-08-19.csv
2026-08-19T22:21:53.095035+00:00,2026-08-19,dry_bulk_trend_pac,https://docs.google.com/spreadsheets/d/e/2PACX-1vSm3hFo3WpdJQ86FaGIy-S151biJvr2J31-kbmYmO9kOwJ2sDjbz-v8ooNpsufCepZS0tCUavO5iUrI/pub?gid=779118968&single=true&output=csv,True,OK,docs/alibra_data/dry_bulk_trend_pac/2026-08-19.csv
2026-08-19T22:21:53.095035+00:00,2026-08-19,tanker_trend_1yr,https://docs.google.com/spreadsheets/d/e/2PACX-1vSm3hFo3WpdJQ86FaGIy-S151biJvr2J31-kbmYmO9kOwJ2sDjbz-v8ooNpsufCepZS0tCUavO5iUrI/pub?gid=137918187&single=true&output=csv,True,OK,docs/alibra_data/tanker_trend_1yr/2026-08-19.csv
2026-08-19T22:21:53.095035+00:00,2026-08-19,tanker_trend_3yr,https://docs.google.com/spreadsheets/d/e/2PACX-1vSm3hFo3WpdJQ86FaGIy-S151biJvr2J31-kbmYmO9kOwJ2sDjbz-v8ooNpsufCepZS0tCUavO5iUrI/pub?gid=1501135879&single=true&output=csv,True,OK,docs/alibra_data/tanker_trend_3yr/2026-08-19.csv
2026-08-19T22:21:53.095035+00:00,2026-08-19,dry_bulk_archive_atl,https://docs.google.com/spreadsheets/d/e/2PACX-1vSm3hFo3WpdJQ86FaGIy-S151biJvr2J31-kbmYmO9kOwJ2sDjbz-v8ooNpsufCepZS0tCUavO5iUrI/pub?gid=1609275035&single=true&output=csv,True,OK,docs/alibra_data/dry_bulk_archive_atl/2026-08-19.csv
2026-08-19T22:21:53.095035+00:00,2026-08-19,dry_bulk_archive_pac,https://docs.google.com/spreadsheets/d/e/2PACX-1vSm3hFo3WpdJQ86FaGIy-S151biJvr2J31-kbmYmO9kOwJ2sDjbz-v8ooNpsufCepZS0tCUavO5iUrI/pub?gid=1656242999&single=true&output=csv,True,OK,docs/alibra_data/dry_bulk_archive_pac/2026-08-19.csv
2026-08-20T07:40:04.752559+00:00,2026-08-19,last_updated_stamp,https://docs.google.com/spreadsheets/d/e/2PACX-1vQk6073LStJEfzv418WKYluN2zykXon3KL58hPVNnqoOPiZVhBVzBCi9QnnAETwm_QbMvltcNCuzTzH/pub?gid=92942855&single=true&output=csv,True,OK,docs/alibra_data/last_updated_stamp/2026-08-19.csv
2026-08-20T07:40:04.752559+00:00,2026-08-19,dry_bulk_tce_table,https://docs.google.com/spreadsheets/d/e/2PACX-1vQk6073LStJEfzv418WKYluN2zykXon3KL58hPVNnqoOPiZVhBVzBCi9QnnAETwm_QbMvltcNCuzTzH/pub?gid=1944138367&single=true&output=csv,True,OK,docs/alibra_data/dry_bulk_tce_table/2026-08-19.csv
2026-08-20T07:40:04.752559+00:00,2026-08-19,tanker_tce_table,https://docs.google.com/spreadsheets/d/e/2PACX-1vQk6073LStJEfzv418WKYluN2zykXon3KL58hPVNnqoOPiZVhBVzBCi9QnnAETwm_QbMvltcNCuzTzH/pub?gid=1458966001&single=true&output=csv,True,OK,docs/alibra_data/tanker_tce_table/2026-08-19.csv
2026-08-20T07:40:04.752559+00:00,2026-08-19,forward_curves,https://docs.google.com/spreadsheets/d/e/2PACX-1vQkGGniHOjjs_0booelgLP3pGwySZLvMLskYlJCxNLcq6uf9EaH50Wcpob87lH7xw/pub?gid=1196769730&single=true&output=csv,False,HTTP 500 (attempt 3),
2026-08-20T07:40:04.752559+00:00,2026-08-19,dry_bulk_trend_atl,https://docs.google.com/spreadsheets/d/e/2PACX-1vSm3hFo3WpdJQ86FaGIy-S151biJvr2J31-kbmYmO9kOwJ2sDjbz-v8ooNpsufCepZS0tCUavO5iUrI/pub?gid=409746990&single=true&output=csv,True,OK,docs/alibra_data/dry_bulk_trend_atl/2026-08-19.csv
2026-08-20T07:40:04.752559+00:00,2026-08-19,dry_bulk_trend_pac,https://docs.google.com/spreadsheets/d/e/2PACX-1vSm3hFo3WpdJQ86FaGIy-S151biJvr2J31-kbmYmO9kOwJ2sDjbz-v8ooNpsufCepZS0tCUavO5iUrI/pub?gid=779118968&single=true&output=csv,True,OK,docs/alibra_data/dry_bulk_trend_pac/2026-08-19.csv
2026-08-20T07:40:04.752559+00:00,2026-08-19,tanker_trend_1yr,https://docs.google.com/spreadsheets/d/e/2PACX-1vSm3hFo3WpdJQ86FaGIy-S151biJvr2J31-kbmYmO9kOwJ2sDjbz-v8ooNpsufCepZS0tCUavO5iUrI/pub?gid=137918187&single=true&output=csv,True,OK,docs/alibra_data/tanker_trend_1yr/2026-08-19.csv
2026-08-20T07:40:04.752559+00:00,2026-08-19,tanker_trend_3yr,https://docs.google.com/spreadsheets/d/e/2PACX-1vSm3hFo3WpdJQ86FaGIy-S151biJvr2J31-kbmYmO9kOwJ2sDjbz-v8ooNpsufCepZS0tCUavO5iUrI/pub?gid=1501135879&single=true&output=csv,True,OK,docs/alibra_data/tanker_trend_3yr/2026-08-19.csv
2026-08-20T07:40:04.752559+00:00,2026-08-19,dry_bulk_archive_atl,https://docs.google.com/spreadsheets/d/e/2PACX-1vSm3hFo3WpdJQ86FaGIy-S151biJvr2J31-kbmYmO9kOwJ2sDjbz-v8ooNpsufCepZS0tCUavO5iUrI/pub?gid=1609275035&single=true&output=csv,True,OK,docs/alibra_data/dry_bulk_archive_atl/2026-08-19.csv
2026-08-20T07:40:04.752559+00:00,2026-08-19,dry_bulk_archive_pac,https://docs.google.com/spreadsheets/d/e/2PACX-1vSm3hFo3WpdJQ86FaGIy-S151biJvr2J31-kbmYmO9kOwJ2sDjbz-v8ooNpsufCepZS0tCUavO5iUrI/pub?gid=1656242999&single=true&output=csv,True,OK,docs/alibra_data/dry_bulk_archive_pac/2026-08-19.csv
2026-08-20T11:04:17.491357+00:00,2026-08-19,last_updated_stamp,https://docs.google.com/spreadsheets/d/e/2PACX-1vQk6073LStJEfzv418WKYluN2zykXon3KL58hPVNnqoOPiZVhBVzBCi9QnnAETwm_QbMvltcNCuzTzH/pub?gid=92942855&single=true&output=csv,True,OK,docs/alibra_data/last_updated_stamp/2026-08-19.csv
2026-08-20T11:04:17.491357+00:00,2026-08-19,dry_bulk_tce_table,https://docs.google.com/spreadsheets/d/e/2PACX-1vQk6073LStJEfzv418WKYluN2zykXon3KL58hPVNnqoOPiZVhBVzBCi9QnnAETwm_QbMvltcNCuzTzH/pub?gid=1944138367&single=true&output=csv,True,OK,docs/alibra_data/dry_bulk_tce_table/2026-08-19.csv
2026-08-20T11:04:17.491357+00:00,2026-08-19,tanker_tce_table,https://docs.google.com/spreadsheets/d/e/2PACX-1vQk6073LStJEfzv418WKYluN2zykXon3KL58hPVNnqoOPiZVhBVzBCi9QnnAETwm_QbMvltcNCuzTzH/pub?gid=1458966001&single=true&output=csv,True,OK,docs/alibra_data/tanker_tce_table/2026-08-19.csv
2026-08-20T11:04:17.491357+00:00,2026-08-19,forward_curves,https://docs.google.com/spreadsheets/d/e/2PACX-1vQkGGniHOjjs_0booelgLP3pGwySZLvMLskYlJCxNLcq6uf9EaH50Wcpob87lH7xw/pub?gid=1196769730&single=true&output=csv,False,HTTP 500 (attempt 3),
2026-08-20T11:04:17.491357+00:00,2026-08-19,dry_bulk_trend_atl,https://docs.google.com/spreadsheets/d/e/2PACX-1vSm3hFo3WpdJQ86FaGIy-S151biJvr2J31-kbmYmO9kOwJ2sDjbz-v8ooNpsufCepZS0tCUavO5iUrI/pub?gid=409746990&single=true&output=csv,True,OK,docs/alibra_data/dry_bulk_trend_atl/2026-08-19.csv
2026-08-20T11:04:17.491357+00:00,2026-08-19,dry_bulk_trend_pac,https://docs.google.com/spreadsheets/d/e/2PACX-1vSm3hFo3WpdJQ86FaGIy-S151biJvr2J31-kbmYmO9kOwJ2sDjbz-v8ooNpsufCepZS0tCUavO5iUrI/pub?gid=779118968&single=true&output=csv,True,OK,docs/alibra_data/dry_bulk_trend_pac/2026-08-19.csv
2026-08-20T11:04:17.491357+00:00,2026-08-19,tanker_trend_1yr,https://docs.google.com/spreadsheets/d/e/2PACX-1vSm3hFo3WpdJQ86FaGIy-S151biJvr2J31-kbmYmO9kOwJ2sDjbz-v8ooNpsufCepZS0tCUavO5iUrI/pub?gid=137918187&single=true&output=csv,True,OK,docs/alibra_data/tanker_trend_1yr/2026-08-19.csv
2026-08-20T11:04:17.491357+00:00,2026-08-19,tanker_trend_3yr,https://docs.google.com/spreadsheets/d/e/2PACX-1vSm3hFo3WpdJQ86FaGIy-S151biJvr2J31-kbmYmO9kOwJ2sDjbz-v8ooNpsufCepZS0tCUavO5iUrI/pub?gid=1501135879&single=true&output=csv,True,OK,docs/alibra_data/tanker_trend_3yr/2026-08-19.csv
2026-08-20T11:04:17.491357+00:00,2026-08-19,dry_bulk_archive_atl,https://docs.google.com/spreadsheets/d/e/2PACX-1vSm3hFo3WpdJQ86FaGIy-S151biJvr2J31-kbmYmO9kOwJ2sDjbz-v8ooNpsufCepZS0tCUavO5iUrI/pub?gid=1609275035&single=true&output=csv,True,OK,docs/alibra_data/dry_bulk_archive_atl/2026-08-19.csv
2026-08-20T11:04:17.491357+00:00,2026-08-19,dry_bulk_archive_pac,https://docs.google.com/spreadsheets/d/e/2PACX-1vSm3hFo3WpdJQ86FaGIy-S151biJvr2J31-kbmYmO9kOwJ2sDjbz-v8ooNpsufCepZS0tCUavO5iUrI/pub?gid=1656242999&single=true&output=csv,True,OK,docs/alibra_data/dry_bulk_archive_pac/2026-08-19.csv
2026-08-20T14:33:31.403805+00:00,2026-08-19,last_updated_stamp,https://docs.google.com/spreadsheets/d/e/2PACX-1vQk6073LStJEfzv418WKYluN2zykXon3KL58hPVNnqoOPiZVhBVzBCi9QnnAETwm_QbMvltcNCuzTzH/pub?gid=92942855&single=true&output=csv,True,OK,docs/alibra_data/last_updated_stamp/2026-08-19.csv
2026-08-20T14:33:31.403805+00:00,2026-08-19,dry_bulk_tce_table,https://docs.google.com/spreadsheets/d/e/2PACX-1vQk6073LStJEfzv418WKYluN2zykXon3KL58hPVNnqoOPiZVhBVzBCi9QnnAETwm_QbMvltcNCuzTzH/pub?gid=1944138367&single=true&output=csv,True,OK,docs/alibra_data/dry_bulk_tce_table/2026-08-19.csv
2026-08-20T14:33:31.403805+00:00,2026-08-19,tanker_tce_table,https://docs.google.com/spreadsheets/d/e/2PACX-1vQk6073LStJEfzv418WKYluN2zykXon3KL58hPVNnqoOPiZVhBVzBCi9QnnAETwm_QbMvltcNCuzTzH/pub?gid=1458966001&single=true&output=csv,True,OK,docs/alibra_data/tanker_tce_table/2026-08-19.csv
2026-08-20T14:33:31.403805+00:00,2026-08-19,forward_curves,https://docs.google.com/spreadsheets/d/e/2PACX-1vQkGGniHOjjs_0booelgLP3pGwySZLvMLskYlJCxNLcq6uf9EaH50Wcpob87lH7xw/pub?gid=1196769730&single=true&output=csv,False,HTTP 500 (attempt 3),
2026-08-20T14:33:31.403805+00:00,2026-08-19,dry_bulk_trend_atl,https://docs.google.com/spreadsheets/d/e/2PACX-1vSm3hFo3WpdJQ86FaGIy-S151biJvr2J31-kbmYmO9kOwJ2sDjbz-v8ooNpsufCepZS0tCUavO5iUrI/pub?gid=409746990&single=true&output=csv,True,OK,docs/alibra_data/dry_bulk_trend_atl/2026-08-19.csv
2026-08-20T14:33:31.403805+00:00,2026-08-19,dry_bulk_trend_pac,https://docs.google.com/spreadsheets/d/e/2PACX-1vSm3hFo3WpdJQ86FaGIy-S151biJvr2J31-kbmYmO9kOwJ2sDjbz-v8ooNpsufCepZS0tCUavO5iUrI/pub?gid=779118968&single=true&output=csv,True,OK,docs/alibra_data/dry_bulk_trend_pac/2026-08-19.csv
2026-08-20T14:33:31.403805+00:00,2026-08-19,tanker_trend_1yr,https://docs.google.com/spreadsheets/d/e/2PACX-1vSm3hFo3WpdJQ86FaGIy-S151biJvr2J31-kbmYmO9kOwJ2sDjbz-v8ooNpsufCepZS0tCUavO5iUrI/pub?gid=137918187&single=true&output=csv,True,OK,docs/alibra_data/tanker_trend_1yr/2026-08-19.csv
2026-08-20T14:33:31.403805+00:00,2026-08-19,tanker_trend_3yr,https://docs.google.com/spreadsheets/d/e/2PACX-1vSm3hFo3WpdJQ86FaGIy-S151biJvr2J31-kbmYmO9kOwJ2sDjbz-v8ooNpsufCepZS0tCUavO5iUrI/pub?gid=1501135879&single=true&output=csv,True,OK,docs/alibra_data/tanker_trend_3yr/2026-08-19.csv
2026-08-20T14:33:31.403805+00:00,2026-08-19,dry_bulk_archive_atl,https://docs.google.com/spreadsheets/d/e/2PACX-1vSm3hFo3WpdJQ86FaGIy-S151biJvr2J31-kbmYmO9kOwJ2sDjbz-v8ooNpsufCepZS0tCUavO5iUrI/pub?gid=1609275035&single=true&output=csv,True,OK,docs/alibra_data/dry_bulk_archive_atl/2026-08-19.csv
2026-08-20T14:33:31.403805+00:00,2026-08-19,dry_bulk_archive_pac,https://docs.google.com/spreadsheets/d/e/2PACX-1vSm3hFo3WpdJQ86FaGIy-S151biJvr2J31-kbmYmO9kOwJ2sDjbz-v8ooNpsufCepZS0tCUavO5iUrI/pub?gid=1656242999&single=true&output=csv,True,OK,docs/alibra_data/dry_bulk_archive_pac/2026-08-19.csv
2026-08-20T16:33:35.441117+00:00,2026-08-19,last_updated_stamp,https://docs.google.com/spreadsheets/d/e/2PACX-1vQk6073LStJEfzv418WKYluN2zykXon3KL58hPVNnqoOPiZVhBVzBCi9QnnAETwm_QbMvltcNCuzTzH/pub?gid=92942855&single=true&output=csv,True,OK,docs/alibra_data/last_updated_stamp/2026-08-19.csv
2026-08-20T16:33:35.441117+00:00,2026-08-19,dry_bulk_tce_table,https://docs.google.com/spreadsheets/d/e/2PACX-1vQk6073LStJEfzv418WKYluN2zykXon3KL58hPVNnqoOPiZVhBVzBCi9QnnAETwm_QbMvltcNCuzTzH/pub?gid=1944138367&single=true&output=csv,True,OK,docs/alibra_data/dry_bulk_tce_table/2026-08-19.csv
2026-08-20T16:33:35.441117+00:00,2026-08-19,tanker_tce_table,https://docs.google.com/spreadsheets/d/e/2PACX-1vQk6073LStJEfzv418WKYluN2zykXon3KL58hPVNnqoOPiZVhBVzBCi9QnnAETwm_QbMvltcNCuzTzH/pub?gid=1458966001&single=true&output=csv,True,OK,docs/alibra_data/tanker_tce_table/2026-08-19.csv
2026-08-20T16:33:35.441117+00:00,2026-08-19,forward_curves,https://docs.google.com/spreadsheets/d/e/2PACX-1vQkGGniHOjjs_0booelgLP3pGwySZLvMLskYlJCxNLcq6uf9EaH50Wcpob87lH7xw/pub?gid=1196769730&single=true&output=csv,False,HTTP 500 (attempt 3),
2026-08-20T16:33:35.441117+00:00,2026-08-19,dry_bulk_trend_atl,https://docs.google.com/spreadsheets/d/e/2PACX-1vSm3hFo3WpdJQ86FaGIy-S151biJvr2J31-kbmYmO9kOwJ2sDjbz-v8ooNpsufCepZS0tCUavO5iUrI/pub?gid=409746990&single=true&output=csv,True,OK,docs/alibra_data/dry_bulk_trend_atl/2026-08-19.csv
2026-08-20T16:33:35.441117+00:00,2026-08-19,dry_bulk_trend_pac,https://docs.google.com/spreadsheets/d/e/2PACX-1vSm3hFo3WpdJQ86FaGIy-S151biJvr2J31-kbmYmO9kOwJ2sDjbz-v8ooNpsufCepZS0tCUavO5iUrI/pub?gid=779118968&single=true&output=csv,True,OK,docs/alibra_data/dry_bulk_trend_pac/2026-08-19.csv
2026-08-20T16:33:35.441117+00:00,2026-08-19,tanker_trend_1yr,https://docs.google.com/spreadsheets/d/e/2PACX-1vSm3hFo3WpdJQ86FaGIy-S151biJvr2J31-kbmYmO9kOwJ2sDjbz-v8ooNpsufCepZS0tCUavO5iUrI/pub?gid=137918187&single=true&output=csv,True,OK,docs/alibra_data/tanker_trend_1yr/2026-08-19.csv
2026-08-20T16:33:35.441117+00:00,2026-08-19,tanker_trend_3yr,https://docs.google.com/spreadsheets/d/e/2PACX-1vSm3hFo3WpdJQ86FaGIy-S151biJvr2J31-kbmYmO9kOwJ2sDjbz-v8ooNpsufCepZS0tCUavO5iUrI/pub?gid=1501135879&single=true&output=csv,True,OK,docs/alibra_data/tanker_trend_3yr/2026-08-19.csv
2026-08-20T16:33:35.441117+00:00,2026-08-19,dry_bulk_archive_atl,https://docs.google.com/spreadsheets/d/e/2PACX-1vSm3hFo3WpdJQ86FaGIy-S151biJvr2J31-kbmYmO9kOwJ2sDjbz-v8ooNpsufCepZS0tCUavO5iUrI/pub?gid=1609275035&single=true&output=csv,True,OK,docs/alibra_data/dry_bulk_archive_atl/2026-08-19.csv
2026-08-20T16:33:35.441117+00:00,2026-08-19,dry_bulk_archive_pac,https://docs.google.com/spreadsheets/d/e/2PACX-1vSm3hFo3WpdJQ86FaGIy-S151biJvr2J31-kbmYmO9kOwJ2sDjbz-v8ooNpsufCepZS0tCUavO5iUrI/pub?gid=1656242999&single=true&output=csv,True,OK,docs/alibra_data/dry_bulk_archive_pac/2026-08-19.csv
2026-08-20T19:29:15.030453+00:00,2026-08-19,last_updated_stamp,https://docs.google.com/spreadsheets/d/e/2PACX-1vQk6073LStJEfzv418WKYluN2zykXon3KL58hPVNnqoOPiZVhBVzBCi9QnnAETwm_QbMvltcNCuzTzH/pub?gid=92942855&single=true&output=csv,True,OK,docs/alibra_data/last_updated_stamp/2026-08-19.csv
2026-08-20T19:29:15.030453+00:00,2026-08-19,dry_bulk_tce_table,https://docs.google.com/spreadsheets/d/e/2PACX-1vQk6073LStJEfzv418WKYluN2zykXon3KL58hPVNnqoOPiZVhBVzBCi9QnnAETwm_QbMvltcNCuzTzH/pub?gid=1944138367&single=true&output=csv,True,OK,docs/alibra_data/dry_bulk_tce_table/2026-08-19.csv
2026-08-20T19:29:15.030453+00:00,2026-08-19,tanker_tce_table,https://docs.google.com/spreadsheets/d/e/2PACX-1vQk6073LStJEfzv418WKYluN2zykXon3KL58hPVNnqoOPiZVhBVzBCi9QnnAETwm_QbMvltcNCuzTzH/pub?gid=1458966001&single=true&output=csv,True,OK,docs/alibra_data/tanker_tce_table/2026-08-19.csv
2026-08-20T19:29:15.030453+00:00,2026-08-19,forward_curves,https://docs.google.com/spreadsheets/d/e/2PACX-1vQkGGniHOjjs_0booelgLP3pGwySZLvMLskYlJCxNLcq6uf9EaH50Wcpob87lH7xw/pub?gid=1196769730&single=true&output=csv,False,HTTP 500 (attempt 3),
2026-08-20T19:29:15.030453+00:00,2026-08-19,dry_bulk_trend_atl,https://docs.google.com/spreadsheets/d/e/2PACX-1vSm3hFo3WpdJQ86FaGIy-S151biJvr2J31-kbmYmO9kOwJ2sDjbz-v8ooNpsufCepZS0tCUavO5iUrI/pub?gid=409746990&single=true&output=csv,True,OK,docs/alibra_data/dry_bulk_trend_atl/2026-08-19.csv
2026-08-20T19:29:15.030453+00:00,2026-08-19,dry_bulk_trend_pac,https://docs.google.com/spreadsheets/d/e/2PACX-1vSm3hFo3WpdJQ86FaGIy-S151biJvr2J31-kbmYmO9kOwJ2sDjbz-v8ooNpsufCepZS0tCUavO5iUrI/pub?gid=779118968&single=true&output=csv,True,OK,docs/alibra_data/dry_bulk_trend_pac/2026-08-19.csv
2026-08-20T19:29:15.030453+00:00,2026-08-19,tanker_trend_1yr,https://docs.google.com/spreadsheets/d/e/2PACX-1vSm3hFo3WpdJQ86FaGIy-S151biJvr2J31-kbmYmO9kOwJ2sDjbz-v8ooNpsufCepZS0tCUavO5iUrI/pub?gid=137918187&single=true&output=csv,True,OK,docs/alibra_data/tanker_trend_1yr/2026-08-19.csv
2026-08-20T19:29:15.030453+00:00,2026-08-19,tanker_trend_3yr,https://docs.google.com/spreadsheets/d/e/2PACX-1vSm3hFo3WpdJQ86FaGIy-S151biJvr2J31-kbmYmO9kOwJ2sDjbz-v8ooNpsufCepZS0tCUavO5iUrI/pub?gid=1501135879&single=true&output=csv,True,OK,docs/alibra_data/tanker_trend_3yr/2026-08-19.csv
2026-08-20T19:29:15.030453+00:00,2026-08-19,dry_bulk_archive_atl,https://docs.google.com/spreadsheets/d/e/2PACX-1vSm3hFo3WpdJQ86FaGIy-S151biJvr2J31-kbmYmO9kOwJ2sDjbz-v8ooNpsufCepZS0tCUavO5iUrI/pub?gid=1609275035&single=true&output=csv,True,OK,docs/alibra_data/dry_bulk_archive_atl/2026-08-19.csv
2026-08-20T19:29:15.030453+00:00,2026-08-19,dry_bulk_archive_pac,https://docs.google.com/spreadsheets/d/e/2PACX-1vSm3hFo3WpdJQ86FaGIy-S151biJvr2J31-kbmYmO9kOwJ2sDjbz-v8ooNpsufCepZS0tCUavO5iUrI/pub?gid=1656242999&single=true&output=csv,True,OK,docs/alibra_data/dry_bulk_archive_pac/2026-08-19.csv
2026-08-20T22:24:00.059324+00:00,2026-08-19,last_updated_stamp,https://docs.google.com/spreadsheets/d/e/2PACX-1vQk6073LStJEfzv418WKYluN2zykXon3KL58hPVNnqoOPiZVhBVzBCi9QnnAETwm_QbMvltcNCuzTzH/pub?gid=92942855&single=true&output=csv,True,OK,docs/alibra_data/last_updated_stamp/2026-08-19.csv
2026-08-20T22:24:00.059324+00:00,2026-08-19,dry_bulk_tce_table,https://docs.google.com/spreadsheets/d/e/2PACX-1vQk6073LStJEfzv418WKYluN2zykXon3KL58hPVNnqoOPiZVhBVzBCi9QnnAETwm_QbMvltcNCuzTzH/pub?gid=1944138367&single=true&output=csv,True,OK,docs/alibra_data/dry_bulk_tce_table/2026-08-19.csv
2026-08-20T22:24:00.059324+00:00,2026-08-19,tanker_tce_table,https://docs.google.com/spreadsheets/d/e/2PACX-1vQk6073LStJEfzv418WKYluN2zykXon3KL58hPVNnqoOPiZVhBVzBCi9QnnAETwm_QbMvltcNCuzTzH/pub?gid=1458966001&single=true&output=csv,True,OK,docs/alibra_data/tanker_tce_table/2026-08-19.csv
2026-08-20T22:24:00.059324+00:00,2026-08-19,forward_curves,https://docs.google.com/spreadsheets/d/e/2PACX-1vQkGGniHOjjs_0booelgLP3pGwySZLvMLskYlJCxNLcq6uf9EaH50Wcpob87lH7xw/pub?gid=1196769730&single=true&output=csv,False,HTTP 500 (attempt 3),
2026-08-20T22:24:00.059324+00:00,2026-08-19,dry_bulk_trend_atl,https://docs.google.com/spreadsheets/d/e/2PACX-1vSm3hFo3WpdJQ86FaGIy-S151biJvr2J31-kbmYmO9kOwJ2sDjbz-v8ooNpsufCepZS0tCUavO5iUrI/pub?gid=409746990&single=true&output=csv,True,OK,docs/alibra_data/dry_bulk_trend_atl/2026-08-19.csv
2026-08-20T22:24:00.059324+00:00,2026-08-19,dry_bulk_trend_pac,https://docs.google.com/spreadsheets/d/e/2PACX-1vSm3hFo3WpdJQ86FaGIy-S151biJvr2J31-kbmYmO9kOwJ2sDjbz-v8ooNpsufCepZS0tCUavO5iUrI/pub?gid=779118968&single=true&output=csv,True,OK,docs/alibra_data/dry_bulk_trend_pac/2026-08-19.csv
2026-08-20T22:24:00.059324+00:00,2026-08-19,tanker_trend_1yr,https://docs.google.com/spreadsheets/d/e/2PACX-1vSm3hFo3WpdJQ86FaGIy-S151biJvr2J31-kbmYmO9kOwJ2sDjbz-v8ooNpsufCepZS0tCUavO5iUrI/pub?gid=137918187&single=true&output=csv,True,OK,docs/alibra_data/tanker_trend_1yr/2026-08-19.csv
2026-08-20T22:24:00.059324+00:00,2026-08-19,tanker_trend_3yr,https://docs.google.com/spreadsheets/d/e/2PACX-1vSm3hFo3WpdJQ86FaGIy-S151biJvr2J31-kbmYmO9kOwJ2sDjbz-v8ooNpsufCepZS0tCUavO5iUrI/pub?gid=1501135879&single=true&output=csv,True,OK,docs/alibra_data/tanker_trend_3yr/2026-08-19.csv
2026-08-20T22:24:00.059324+00:00,2026-08-19,dry_bulk_archive_atl,https://docs.google.com/spreadsheets/d/e/2PACX-1vSm3hFo3WpdJQ86FaGIy-S151biJvr2J31-kbmYmO9kOwJ2sDjbz-v8ooNpsufCepZS0tCUavO5iUrI/pub?gid=1609275035&single=true&output=csv,True,OK,docs/alibra_data/dry_bulk_archive_atl/2026-08-19.csv
2026-08-20T22:24:00.059324+00:00,2026-08-19,dry_bulk_archive_pac,https://docs.google.com/spreadsheets/d/e/2PACX-1vSm3hFo3WpdJQ86FaGIy-S151biJvr2J31-kbmYmO9kOwJ2sDjbz-v8ooNpsufCepZS0tCUavO5iUrI/pub?gid=1656242999&single=true&output=csv,True,OK,docs/alibra_data/dry_bulk_archive_pac/2026-08-19.csv
2026-08-21T07:42:36.975500+00:00,2026-08-19,last_updated_stamp,https://docs.google.com/spreadsheets/d/e/2PACX-1vQk6073LStJEfzv418WKYluN2zykXon3KL58hPVNnqoOPiZVhBVzBCi9QnnAETwm_QbMvltcNCuzTzH/pub?gid=92942855&single=true&output=csv,True,OK,docs/alibra_data/last_updated_stamp/2026-08-19.csv
2026-08-21T07:42:36.975500+00:00,2026-08-19,dry_bulk_tce_table,https://docs.google.com/spreadsheets/d/e/2PACX-1vQk6073LStJEfzv418WKYluN2zykXon3KL58hPVNnqoOPiZVhBVzBCi9QnnAETwm_QbMvltcNCuzTzH/pub?gid=1944138367&single=true&output=csv,True,OK,docs/alibra_data/dry_bulk_tce_table/2026-08-19.csv
2026-08-21T07:42:36.975500+00:00,2026-08-19,tanker_tce_table,https://docs.google.com/spreadsheets/d/e/2PACX-1vQk6073LStJEfzv418WKYluN2zykXon3KL58hPVNnqoOPiZVhBVzBCi9QnnAETwm_QbMvltcNCuzTzH/pub?gid=1458966001&single=true&output=csv,True,OK,docs/alibra_data/tanker_tce_table/2026-08-19.csv
2026-08-21T07:42:36.975500+00:00,2026-08-19,forward_curves,https://docs.google.com/spreadsheets/d/e/2PACX-1vQkGGniHOjjs_0booelgLP3pGwySZLvMLskYlJCxNLcq6uf9EaH50Wcpob87lH7xw/pub?gid=1196769730&single=true&output=csv,False,HTTP 500 (attempt 3),
2026-08-21T07:42:36.975500+00:00,2026-08-19,dry_bulk_trend_atl,https://docs.google.com/spreadsheets/d/e/2PACX-1vSm3hFo3WpdJQ86FaGIy-S151biJvr2J31-kbmYmO9kOwJ2sDjbz-v8ooNpsufCepZS0tCUavO5iUrI/pub?gid=409746990&single=true&output=csv,True,OK,docs/alibra_data/dry_bulk_trend_atl/2026-08-19.csv
2026-08-21T07:42:36.975500+00:00,2026-08-19,dry_bulk_trend_pac,https://docs.google.com/spreadsheets/d/e/2PACX-1vSm3hFo3WpdJQ86FaGIy-S151biJvr2J31-kbmYmO9kOwJ2sDjbz-v8ooNpsufCepZS0tCUavO5iUrI/pub?gid=779118968&single=true&output=csv,True,OK,docs/alibra_data/dry_bulk_trend_pac/2026-08-19.csv
2026-08-21T07:42:36.975500+00:00,2026-08-19,tanker_trend_1yr,https://docs.google.com/spreadsheets/d/e/2PACX-1vSm3hFo3WpdJQ86FaGIy-S151biJvr2J31-kbmYmO9kOwJ2sDjbz-v8ooNpsufCepZS0tCUavO5iUrI/pub?gid=137918187&single=true&output=csv,True,OK,docs/alibra_data/tanker_trend_1yr/2026-08-19.csv
2026-08-21T07:42:36.975500+00:00,2026-08-19,tanker_trend_3yr,https://docs.google.com/spreadsheets/d/e/2PACX-1vSm3hFo3WpdJQ86FaGIy-S151biJvr2J31-kbmYmO9kOwJ2sDjbz-v8ooNpsufCepZS0tCUavO5iUrI/pub?gid=1501135879&single=true&output=csv,True,OK,docs/alibra_data/tanker_trend_3yr/2026-08-19.csv
2026-08-21T07:42:36.975500+00:00,2026-08-19,dry_bulk_archive_atl,https://docs.google.com/spreadsheets/d/e/2PACX-1vSm3hFo3WpdJQ86FaGIy-S151biJvr2J31-kbmYmO9kOwJ2sDjbz-v8ooNpsufCepZS0tCUavO5iUrI/pub?gid=1609275035&single=true&output=csv,True,OK,docs/alibra_data/dry_bulk_archive_atl/2026-08-19.csv
2026-08-21T07:42:36.975500+00:00,2026-08-19,dry_bulk_archive_pac,https://docs.google.com/spreadsheets/d/e/2PACX-1vSm3hFo3WpdJQ86FaGIy-S151biJvr2J31-kbmYmO9kOwJ2sDjbz-v8ooNpsufCepZS0tCUavO5iUrI/pub?gid=1656242999&single=true&output=csv,True,OK,docs/alibra_data/dry_bulk_archive_pac/2026-08-19.csv
2026-08-21T11:02:50.016662+00:00,2026-08-19,last_updated_stamp,https://docs.google.com/spreadsheets/d/e/2PACX-1vQk6073LStJEfzv418WKYluN2zykXon3KL58hPVNnqoOPiZVhBVzBCi9QnnAETwm_QbMvltcNCuzTzH/pub?gid=92942855&single=true&output=csv,True,OK,docs/alibra_data/last_updated_stamp/2026-08-19.csv
2026-08-21T11:02:50.016662+00:00,2026-08-19,dry_bulk_tce_table,https://docs.google.com/spreadsheets/d/e/2PACX-1vQk6073LStJEfzv418WKYluN2zykXon3KL58hPVNnqoOPiZVhBVzBCi9QnnAETwm_QbMvltcNCuzTzH/pub?gid=1944138367&single=true&output=csv,True,OK,docs/alibra_data/dry_bulk_tce_table/2026-08-19.csv
2026-08-21T11:02:50.016662+00:00,2026-08-19,tanker_tce_table,https://docs.google.com/spreadsheets/d/e/2PACX-1vQk6073LStJEfzv418WKYluN2zykXon3KL58hPVNnqoOPiZVhBVzBCi9QnnAETwm_QbMvltcNCuzTzH/pub?gid=1458966001&single=true&output=csv,True,OK,docs/alibra_data/tanker_tce_table/2026-08-19.csv
2026-08-21T11:02:50.016662+00:00,2026-08-19,forward_curves,https://docs.google.com/spreadsheets/d/e/2PACX-1vQkGGniHOjjs_0booelgLP3pGwySZLvMLskYlJCxNLcq6uf9EaH50Wcpob87lH7xw/pub?gid=1196769730&single=true&output=csv,False,HTTP 500 (attempt 3),
2026-08-21T11:02:50.016662+00:00,2026-08-19,dry_bulk_trend_atl,https://docs.google.com/spreadsheets/d/e/2PACX-1vSm3hFo3WpdJQ86FaGIy-S151biJvr2J31-kbmYmO9kOwJ2sDjbz-v8ooNpsufCepZS0tCUavO5iUrI/pub?gid=409746990&single=true&output=csv,True,OK,docs/alibra_data/dry_bulk_trend_atl/2026-08-19.csv
2026-08-21T11:02:50.016662+00:00,2026-08-19,dry_bulk_trend_pac,https://docs.google.com/spreadsheets/d/e/2PACX-1vSm3hFo3WpdJQ86FaGIy-S151biJvr2J31-kbmYmO9kOwJ2sDjbz-v8ooNpsufCepZS0tCUavO5iUrI/pub?gid=779118968&single=true&output=csv,True,OK,docs/alibra_data/dry_bulk_trend_pac/2026-08-19.csv
2026-08-21T11:02:50.016662+00:00,2026-08-19,tanker_trend_1yr,https://docs.google.com/spreadsheets/d/e/2PACX-1vSm3hFo3WpdJQ86FaGIy-S151biJvr2J31-kbmYmO9kOwJ2sDjbz-v8ooNpsufCepZS0tCUavO5iUrI/pub?gid=137918187&single=true&output=csv,True,OK,docs/alibra_data/tanker_trend_1yr/2026-08-19.csv
2026-08-21T11:02:50.016662+00:00,2026-08-19,tanker_trend_3yr,https://docs.google.com/spreadsheets/d/e/2PACX-1vSm3hFo3WpdJQ86FaGIy-S151biJvr2J31-kbmYmO9kOwJ2sDjbz-v8ooNpsufCepZS0tCUavO5iUrI/pub?gid=1501135879&single=true&output=csv,True,OK,docs/alibra_data/tanker_trend_3yr/2026-08-19.csv
2026-08-21T11:02:50.016662+00:00,2026-08-19,dry_bulk_archive_atl,https://docs.google.com/spreadsheets/d/e/2PACX-1vSm3hFo3WpdJQ86FaGIy-S151biJvr2J31-kbmYmO9kOwJ2sDjbz-v8ooNpsufCepZS0tCUavO5iUrI/pub?gid=1609275035&single=true&output=csv,True,OK,docs/alibra_data/dry_bulk_archive_atl/2026-08-19.csv
2026-08-21T11:02:50.016662+00:00,2026-08-19,dry_bulk_archive_pac,https://docs.google.com/spreadsheets/d/e/2PACX-1vSm3hFo3WpdJQ86FaGIy-S151biJvr2J31-kbmYmO9kOwJ2sDjbz-v8ooNpsufCepZS0tCUavO5iUrI/pub?gid=1656242999&single=true&output=csv,True,OK,docs/alibra_data/dry_bulk_archive_pac/2026-08-19.csv
2026-08-21T14:33:57.208652+00:00,2026-08-19,last_updated_stamp,https://docs.google.com/spreadsheets/d/e/2PACX-1vQk6073LStJEfzv418WKYluN2zykXon3KL58hPVNnqoOPiZVhBVzBCi9QnnAETwm_QbMvltcNCuzTzH/pub?gid=92942855&single=true&output=csv,True,OK,docs/alibra_data/last_updated_stamp/2026-08-19.csv
2026-08-21T14:33:57.208652+00:00,2026-08-19,dry_bulk_tce_table,https://docs.google.com/spreadsheets/d/e/2PACX-1vQk6073LStJEfzv418WKYluN2zykXon3KL58hPVNnqoOPiZVhBVzBCi9QnnAETwm_QbMvltcNCuzTzH/pub?gid=1944138367&single=true&output=csv,True,OK,docs/alibra_data/dry_bulk_tce_table/2026-08-19.csv
2026-08-21T14:33:57.208652+00:00,2026-08-19,tanker_tce_table,https://docs.google.com/spreadsheets/d/e/2PACX-1vQk6073LStJEfzv418WKYluN2zykXon3KL58hPVNnqoOPiZVhBVzBCi9QnnAETwm_QbMvltcNCuzTzH/pub?gid=1458966001&single=true&output=csv,True,OK,docs/alibra_data/tanker_tce_table/2026-08-19.csv
2026-08-21T14:33:57.208652+00:00,2026-08-19,forward_curves,https://docs.google.com/spreadsheets/d/e/2PACX-1vQkGGniHOjjs_0booelgLP3pGwySZLvMLskYlJCxNLcq6uf9EaH50Wcpob87lH7xw/pub?gid=1196769730&single=true&output=csv,False,HTTP 500 (attempt 3),
2026-08-21T14:33:57.208652+00:00,2026-08-19,dry_bulk_trend_atl,https://docs.google.com/spreadsheets/d/e/2PACX-1vSm3hFo3WpdJQ86FaGIy-S151biJvr2J31-kbmYmO9kOwJ2sDjbz-v8ooNpsufCepZS0tCUavO5iUrI/pub?gid=409746990&single=true&output=csv,True,OK,docs/alibra_data/dry_bulk_trend_atl/2026-08-19.csv
2026-08-21T14:33:57.208652+00:00,2026-08-19,dry_bulk_trend_pac,https://docs.google.com/spreadsheets/d/e/2PACX-1vSm3hFo3WpdJQ86FaGIy-S151biJvr2J31-kbmYmO9kOwJ2sDjbz-v8ooNpsufCepZS0tCUavO5iUrI/pub?gid=779118968&single=true&output=csv,True,OK,docs/alibra_data/dry_bulk_trend_pac/2026-08-19.csv
2026-08-21T14:33:57.208652+00:00,2026-08-19,tanker_trend_1yr,https://docs.google.com/spreadsheets/d/e/2PACX-1vSm3hFo3WpdJQ86FaGIy-S151biJvr2J31-kbmYmO9kOwJ2sDjbz-v8ooNpsufCepZS0tCUavO5iUrI/pub?gid=137918187&single=true&output=csv,True,OK,docs/alibra_data/tanker_trend_1yr/2026-08-19.csv
2026-08-21T14:33:57.208652+00:00,2026-08-19,tanker_trend_3yr,https://docs.google.com/spreadsheets/d/e/2PACX-1vSm3hFo3WpdJQ86FaGIy-S151biJvr2J31-kbmYmO9kOwJ2sDjbz-v8ooNpsufCepZS0tCUavO5iUrI/pub?gid=1501135879&single=true&output=csv,True,OK,docs/alibra_data/tanker_trend_3yr/2026-08-19.csv
2026-08-21T14:33:57.208652+00:00,2026-08-19,dry_bulk_archive_atl,https://docs.google.com/spreadsheets/d/e/2PACX-1vSm3hFo3WpdJQ86FaGIy-S151biJvr2J31-kbmYmO9kOwJ2sDjbz-v8ooNpsufCepZS0tCUavO5iUrI/pub?gid=1609275035&single=true&output=csv,True,OK,docs/alibra_data/dry_bulk_archive_atl/2026-08-19.csv
2026-08-21T14:33:57.208652+00:00,2026-08-19,dry_bulk_archive_pac,https://docs.google.com/spreadsheets/d/e/2PACX-1vSm3hFo3WpdJQ86FaGIy-S151biJvr2J31-kbmYmO9kOwJ2sDjbz-v8ooNpsufCepZS0tCUavO5iUrI/pub?gid=1656242999&single=true&output=csv,True,OK,docs/alibra_data/dry_bulk_archive_pac/2026-08-19.csv
2026-08-21T16:32:46.803661+00:00,2026-08-19,last_updated_stamp,https://docs.google.com/spreadsheets/d/e/2PACX-1vQk6073LStJEfzv418WKYluN2zykXon3KL58hPVNnqoOPiZVhBVzBCi9QnnAETwm_QbMvltcNCuzTzH/pub?gid=92942855&single=true&output=csv,True,OK,docs/alibra_data/last_updated_stamp/2026-08-19.csv
2026-08-21T16:32:46.803661+00:00,2026-08-19,dry_bulk_tce_table,https://docs.google.com/spreadsheets/d/e/2PACX-1vQk6073LStJEfzv418WKYluN2zykXon3KL58hPVNnqoOPiZVhBVzBCi9QnnAETwm_QbMvltcNCuzTzH/pub?gid=1944138367&single=true&output=csv,True,OK,docs/alibra_data/dry_bulk_tce_table/2026-08-19.csv
2026-08-21T16:32:46.803661+00:00,2026-08-19,tanker_tce_table,https://docs.google.com/spreadsheets/d/e/2PACX-1vQk6073LStJEfzv418WKYluN2zykXon3KL58hPVNnqoOPiZVhBVzBCi9QnnAETwm_QbMvltcNCuzTzH/pub?gid=1458966001&single=true&output=csv,True,OK,docs/alibra_data/tanker_tce_table/2026-08-19.csv
2026-08-21T16:32:46.803661+00:00,2026-08-19,forward_curves,https://docs.google.com/spreadsheets/d/e/2PACX-1vQkGGniHOjjs_0booelgLP3pGwySZLvMLskYlJCxNLcq6uf9EaH50Wcpob87lH7xw/pub?gid=1196769730&single=true&output=csv,False,HTTP 500 (attempt 3),
2026-08-21T16:32:46.803661+00:00,2026-08-19,dry_bulk_trend_atl,https://docs.google.com/spreadsheets/d/e/2PACX-1vSm3hFo3WpdJQ86FaGIy-S151biJvr2J31-kbmYmO9kOwJ2sDjbz-v8ooNpsufCepZS0tCUavO5iUrI/pub?gid=409746990&single=true&output=csv,True,OK,docs/alibra_data/dry_bulk_trend_atl/2026-08-19.csv
2026-08-21T16:32:46.803661+00:00,2026-08-19,dry_bulk_trend_pac,https://docs.google.com/spreadsheets/d/e/2PACX-1vSm3hFo3WpdJQ86FaGIy-S151biJvr2J31-kbmYmO9kOwJ2sDjbz-v8ooNpsufCepZS0tCUavO5iUrI/pub?gid=779118968&single=true&output=csv,True,OK,docs/alibra_data/dry_bulk_trend_pac/2026-08-19.csv
2026-08-21T16:32:46.803661+00:00,2026-08-19,tanker_trend_1yr,https://docs.google.com/spreadsheets/d/e/2PACX-1vSm3hFo3WpdJQ86FaGIy-S151biJvr2J31-kbmYmO9kOwJ2sDjbz-v8ooNpsufCepZS0tCUavO5iUrI/pub?gid=137918187&single=true&output=csv,True,OK,docs/alibra_data/tanker_trend_1yr/2026-08-19.csv
2026-08-21T16:32:46.803661+00:00,2026-08-19,tanker_trend_3yr,https://docs.google.com/spreadsheets/d/e/2PACX-1vSm3hFo3WpdJQ86FaGIy-S151biJvr2J31-kbmYmO9kOwJ2sDjbz-v8ooNpsufCepZS0tCUavO5iUrI/pub?gid=1501135879&single=true&output=csv,True,OK,docs/alibra_data/tanker_trend_3yr/2026-08-19.csv
2026-08-21T16:32:46.803661+00:00,2026-08-19,dry_bulk_archive_atl,https://docs.google.com/spreadsheets/d/e/2PACX-1vSm3hFo3WpdJQ86FaGIy-S151biJvr2J31-kbmYmO9kOwJ2sDjbz-v8ooNpsufCepZS0tCUavO5iUrI/pub?gid=1609275035&single=true&output=csv,True,OK,docs/alibra_data/dry_bulk_archive_atl/2026-08-19.csv
2026-08-21T16:32:46.803661+00:00,2026-08-19,dry_bulk_archive_pac,https://docs.google.com/spreadsheets/d/e/2PACX-1vSm3hFo3WpdJQ86FaGIy-S151biJvr2J31-kbmYmO9kOwJ2sDjbz-v8ooNpsufCepZS0tCUavO5iUrI/pub?gid=1656242999&single=true&output=csv,True,OK,docs/alibra_data/dry_bulk_archive_pac/2026-08-19.csv
2026-08-21T19:26:27.930248+00:00,2026-08-19,last_updated_stamp,https://docs.google.com/spreadsheets/d/e/2PACX-1vQk6073LStJEfzv418WKYluN2zykXon3KL58hPVNnqoOPiZVhBVzBCi9QnnAETwm_QbMvltcNCuzTzH/pub?gid=92942855&single=true&output=csv,True,OK,docs/alibra_data/last_updated_stamp/2026-08-19.csv
2026-08-21T19:26:27.930248+00:00,2026-08-19,dry_bulk_tce_table,https://docs.google.com/spreadsheets/d/e/2PACX-1vQk6073LStJEfzv418WKYluN2zykXon3KL58hPVNnqoOPiZVhBVzBCi9QnnAETwm_QbMvltcNCuzTzH/pub?gid=1944138367&single=true&output=csv,True,OK,docs/alibra_data/dry_bulk_tce_table/2026-08-19.csv
2026-08-21T19:26:27.930248+00:00,2026-08-19,tanker_tce_table,https://docs.google.com/spreadsheets/d/e/2PACX-1vQk6073LStJEfzv418WKYluN2zykXon3KL58hPVNnqoOPiZVhBVzBCi9QnnAETwm_QbMvltcNCuzTzH/pub?gid=1458966001&single=true&output=csv,True,OK,docs/alibra_data/tanker_tce_table/2026-08-19.csv
2026-08-21T19:26:27.930248+00:00,2026-08-19,forward_curves,https://docs.google.com/spreadsheets/d/e/2PACX-1vQkGGniHOjjs_0booelgLP3pGwySZLvMLskYlJCxNLcq6uf9EaH50Wcpob87lH7xw/pub?gid=1196769730&single=true&output=csv,False,HTTP 500 (attempt 3),
2026-08-21T19:26:27.930248+00:00,2026-08-19,dry_bulk_trend_atl,https://docs.google.com/spreadsheets/d/e/2PACX-1vSm3hFo3WpdJQ86FaGIy-S151biJvr2J31-kbmYmO9kOwJ2sDjbz-v8ooNpsufCepZS0tCUavO5iUrI/pub?gid=409746990&single=true&output=csv,True,OK,docs/alibra_data/dry_bulk_trend_atl/2026-08-19.csv
2026-08-21T19:26:27.930248+00:00,2026-08-19,dry_bulk_trend_pac,https://docs.google.com/spreadsheets/d/e/2PACX-1vSm3hFo3WpdJQ86FaGIy-S151biJvr2J31-kbmYmO9kOwJ2sDjbz-v8ooNpsufCepZS0tCUavO5iUrI/pub?gid=779118968&single=true&output=csv,True,OK,docs/alibra_data/dry_bulk_trend_pac/2026-08-19.csv
2026-08-21T19:26:27.930248+00:00,2026-08-19,tanker_trend_1yr,https://docs.google.com/spreadsheets/d/e/2PACX-1vSm3hFo3WpdJQ86FaGIy-S151biJvr2J31-kbmYmO9kOwJ2sDjbz-v8ooNpsufCepZS0tCUavO5iUrI/pub?gid=137918187&single=true&output=csv,True,OK,docs/alibra_data/tanker_trend_1yr/2026-08-19.csv
2026-08-21T19:26:27.930248+00:00,2026-08-19,tanker_trend_3yr,https://docs.google.com/spreadsheets/d/e/2PACX-1vSm3hFo3WpdJQ86FaGIy-S151biJvr2J31-kbmYmO9kOwJ2sDjbz-v8ooNpsufCepZS0tCUavO5iUrI/pub?gid=1501135879&single=true&output=csv,True,OK,docs/alibra_data/tanker_trend_3yr/2026-08-19.csv
2026-08-21T19:26:27.930248+00:00,2026-08-19,dry_bulk_archive_atl,https://docs.google.com/spreadsheets/d/e/2PACX-1vSm3hFo3WpdJQ86FaGIy-S151biJvr2J31-kbmYmO9kOwJ2sDjbz-v8ooNpsufCepZS0tCUavO5iUrI/pub?gid=1609275035&single=true&output=csv,True,OK,docs/alibra_data/dry_bulk_archive_atl/2026-08-19.csv
2026-08-21T19:26:27.930248+00:00,2026-08-19,dry_bulk_archive_pac,https://docs.google.com/spreadsheets/d/e/2PACX-1vSm3hFo3WpdJQ86FaGIy-S151biJvr2J31-kbmYmO9kOwJ2sDjbz-v8ooNpsufCepZS0tCUavO5iUrI/pub?gid=1656242999&single=true&output=csv,True,OK,docs/alibra_data/dry_bulk_archive_pac/2026-08-19.csv
2026-08-21T22:21:46.184608+00:00,2026-08-19,last_updated_stamp,https://docs.google.com/spreadsheets/d/e/2PACX-1vQk6073LStJEfzv418WKYluN2zykXon3KL58hPVNnqoOPiZVhBVzBCi9QnnAETwm_QbMvltcNCuzTzH/pub?gid=92942855&single=true&output=csv,True,OK,docs/alibra_data/last_updated_stamp/2026-08-19.csv
2026-08-21T22:21:46.184608+00:00,2026-08-19,dry_bulk_tce_table,https://docs.google.com/spreadsheets/d/e/2PACX-1vQk6073LStJEfzv418WKYluN2zykXon3KL58hPVNnqoOPiZVhBVzBCi9QnnAETwm_QbMvltcNCuzTzH/pub?gid=1944138367&single=true&output=csv,True,OK,docs/alibra_data/dry_bulk_tce_table/2026-08-19.csv
2026-08-21T22:21:46.184608+00:00,2026-08-19,tanker_tce_table,https://docs.google.com/spreadsheets/d/e/2PACX-1vQk6073LStJEfzv418WKYluN2zykXon3KL58hPVNnqoOPiZVhBVzBCi9QnnAETwm_QbMvltcNCuzTzH/pub?gid=1458966001&single=true&output=csv,True,OK,docs/alibra_data/tanker_tce_table/2026-08-19.csv
2026-08-21T22:21:46.184608+00:00,2026-08-19,forward_curves,https://docs.google.com/spreadsheets/d/e/2PACX-1vQkGGniHOjjs_0booelgLP3pGwySZLvMLskYlJCxNLcq6uf9EaH50Wcpob87lH7xw/pub?gid=1196769730&single=true&output=csv,False,HTTP 500 (attempt 3),
2026-08-21T22:21:46.184608+00:00,2026-08-19,dry_bulk_trend_atl,https://docs.google.com/spreadsheets/d/e/2PACX-1vSm3hFo3WpdJQ86FaGIy-S151biJvr2J31-kbmYmO9kOwJ2sDjbz-v8ooNpsufCepZS0tCUavO5iUrI/pub?gid=409746990&single=true&output=csv,True,OK,docs/alibra_data/dry_bulk_trend_atl/2026-08-19.csv
2026-08-21T22:21:46.184608+00:00,2026-08-19,dry_bulk_trend_pac,https://docs.google.com/spreadsheets/d/e/2PACX-1vSm3hFo3WpdJQ86FaGIy-S151biJvr2J31-kbmYmO9kOwJ2sDjbz-v8ooNpsufCepZS0tCUavO5iUrI/pub?gid=779118968&single=true&output=csv,True,OK,docs/alibra_data/dry_bulk_trend_pac/2026-08-19.csv
2026-08-21T22:21:46.184608+00:00,2026-08-19,tanker_trend_1yr,https://docs.google.com/spreadsheets/d/e/2PACX-1vSm3hFo3WpdJQ86FaGIy-S151biJvr2J31-kbmYmO9kOwJ2sDjbz-v8ooNpsufCepZS0tCUavO5iUrI/pub?gid=137918187&single=true&output=csv,True,OK,docs/alibra_data/tanker_trend_1yr/2026-08-19.csv
2026-08-21T22:21:46.184608+00:00,2026-08-19,tanker_trend_3yr,https://docs.google.com/spreadsheets/d/e/2PACX-1vSm3hFo3WpdJQ86FaGIy-S151biJvr2J31-kbmYmO9kOwJ2sDjbz-v8ooNpsufCepZS0tCUavO5iUrI/pub?gid=1501135879&single=true&output=csv,True,OK,docs/alibra_data/tanker_trend_3yr/2026-08-19.csv
2026-08-21T22:21:46.184608+00:00,2026-08-19,dry_bulk_archive_atl,https://docs.google.com/spreadsheets/d/e/2PACX-1vSm3hFo3WpdJQ86FaGIy-S151biJvr2J31-kbmYmO9kOwJ2sDjbz-v8ooNpsufCepZS0tCUavO5iUrI/pub?gid=1609275035&single=true&output=csv,True,OK,docs/alibra_data/dry_bulk_archive_atl/2026-08-19.csv
2026-08-21T22:21:46.184608+00:00,2026-08-19,dry_bulk_archive_pac,https://docs.google.com/spreadsheets/d/e/2PACX-1vSm3hFo3WpdJQ86FaGIy-S151biJvr2J31-kbmYmO9kOwJ2sDjbz-v8ooNpsufCepZS0tCUavO5iUrI/pub?gid=1656242999&single=true&output=csv,True,OK,docs/alibra_data/dry_bulk_archive_pac/2026-08-19.csv
2026-08-22T07:31:25.523933+00:00,2026-08-19,last_updated_stamp,https://docs.google.com/spreadsheets/d/e/2PACX-1vQk6073LStJEfzv418WKYluN2zykXon3KL58hPVNnqoOPiZVhBVzBCi9QnnAETwm_QbMvltcNCuzTzH/pub?gid=92942855&single=true&output=csv,True,OK,docs/alibra_data/last_updated_stamp/2026-08-19.csv
2026-08-22T07:31:25.523933+00:00,2026-08-19,dry_bulk_tce_table,https://docs.google.com/spreadsheets/d/e/2PACX-1vQk6073LStJEfzv418WKYluN2zykXon3KL58hPVNnqoOPiZVhBVzBCi9QnnAETwm_QbMvltcNCuzTzH/pub?gid=1944138367&single=true&output=csv,True,OK,docs/alibra_data/dry_bulk_tce_table/2026-08-19.csv
2026-08-22T07:31:25.523933+00:00,2026-08-19,tanker_tce_table,https://docs.google.com/spreadsheets/d/e/2PACX-1vQk6073LStJEfzv418WKYluN2zykXon3KL58hPVNnqoOPiZVhBVzBCi9QnnAETwm_QbMvltcNCuzTzH/pub?gid=1458966001&single=true&output=csv,True,OK,docs/alibra_data/tanker_tce_table/2026-08-19.csv
2026-08-22T07:31:25.523933+00:00,2026-08-19,forward_curves,https://docs.google.com/spreadsheets/d/e/2PACX-1vQkGGniHOjjs_0booelgLP3pGwySZLvMLskYlJCxNLcq6uf9EaH50Wcpob87lH7xw/pub?gid=1196769730&single=true&output=csv,False,HTTP 500 (attempt 3),
2026-08-22T07:31:25.523933+00:00,2026-08-19,dry_bulk_trend_atl,https://docs.google.com/spreadsheets/d/e/2PACX-1vSm3hFo3WpdJQ86FaGIy-S151biJvr2J31-kbmYmO9kOwJ2sDjbz-v8ooNpsufCepZS0tCUavO5iUrI/pub?gid=409746990&single=true&output=csv,True,OK,docs/alibra_data/dry_bulk_trend_atl/2026-08-19.csv
2026-08-22T07:31:25.523933+00:00,2026-08-19,dry_bulk_trend_pac,https://docs.google.com/spreadsheets/d/e/2PACX-1vSm3hFo3WpdJQ86FaGIy-S151biJvr2J31-kbmYmO9kOwJ2sDjbz-v8ooNpsufCepZS0tCUavO5iUrI/pub?gid=779118968&single=true&output=csv,True,OK,docs/alibra_data/dry_bulk_trend_pac/2026-08-19.csv
2026-08-22T07:31:25.523933+00:00,2026-08-19,tanker_trend_1yr,https://docs.google.com/spreadsheets/d/e/2PACX-1vSm3hFo3WpdJQ86FaGIy-S151biJvr2J31-kbmYmO9kOwJ2sDjbz-v8ooNpsufCepZS0tCUavO5iUrI/pub?gid=137918187&single=true&output=csv,True,OK,docs/alibra_data/tanker_trend_1yr/2026-08-19.csv
2026-08-22T07:31:25.523933+00:00,2026-08-19,tanker_trend_3yr,https://docs.google.com/spreadsheets/d/e/2PACX-1vSm3hFo3WpdJQ86FaGIy-S151biJvr2J31-kbmYmO9kOwJ2sDjbz-v8ooNpsufCepZS0tCUavO5iUrI/pub?gid=1501135879&single=true&output=csv,True,OK,docs/alibra_data/tanker_trend_3yr/2026-08-19.csv
2026-08-22T07:31:25.523933+00:00,2026-08-19,dry_bulk_archive_atl,https://docs.google.com/spreadsheets/d/e/2PACX-1vSm3hFo3WpdJQ86FaGIy-S151biJvr2J31-kbmYmO9kOwJ2sDjbz-v8ooNpsufCepZS0tCUavO5iUrI/pub?gid=1609275035&single=true&output=csv,True,OK,docs/alibra_data/dry_bulk_archive_atl/2026-08-19.csv
2026-08-22T07:31:25.523933+00:00,2026-08-19,dry_bulk_archive_pac,https://docs.google.com/spreadsheets/d/e/2PACX-1vSm3hFo3WpdJQ86FaGIy-S151biJvr2J31-kbmYmO9kOwJ2sDjbz-v8ooNpsufCepZS0tCUavO5iUrI/pub?gid=1656242999&single=true&output=csv,True,OK,docs/alibra_data/dry_bulk_archive_pac/2026-08-19.csv
2026-08-22T10:55:03.343540+00:00,2026-08-19,last_updated_stamp,https://docs.google.com/spreadsheets/d/e/2PACX-1vQk6073LStJEfzv418WKYluN2zykXon3KL58hPVNnqoOPiZVhBVzBCi9QnnAETwm_QbMvltcNCuzTzH/pub?gid=92942855&single=true&output=csv,True,OK,docs/alibra_data/last_updated_stamp/2026-08-19.csv
2026-08-22T10:55:03.343540+00:00,2026-08-19,dry_bulk_tce_table,https://docs.google.com/spreadsheets/d/e/2PACX-1vQk6073LStJEfzv418WKYluN2zykXon3KL58hPVNnqoOPiZVhBVzBCi9QnnAETwm_QbMvltcNCuzTzH/pub?gid=1944138367&single=true&output=csv,True,OK,docs/alibra_data/dry_bulk_tce_table/2026-08-19.csv
2026-08-22T10:55:03.343540+00:00,2026-08-19,tanker_tce_table,https://docs.google.com/spreadsheets/d/e/2PACX-1vQk6073LStJEfzv418WKYluN2zykXon3KL58hPVNnqoOPiZVhBVzBCi9QnnAETwm_QbMvltcNCuzTzH/pub?gid=1458966001&single=true&output=csv,True,OK,docs/alibra_data/tanker_tce_table/2026-08-19.csv
2026-08-22T10:55:03.343540+00:00,2026-08-19,forward_curves,https://docs.google.com/spreadsheets/d/e/2PACX-1vQkGGniHOjjs_0booelgLP3pGwySZLvMLskYlJCxNLcq6uf9EaH50Wcpob87lH7xw/pub?gid=1196769730&single=true&output=csv,False,HTTP 500 (attempt 3),
2026-08-22T10:55:03.343540+00:00,2026-08-19,dry_bulk_trend_atl,https://docs.google.com/spreadsheets/d/e/2PACX-1vSm3hFo3WpdJQ86FaGIy-S151biJvr2J31-kbmYmO9kOwJ2sDjbz-v8ooNpsufCepZS0tCUavO5iUrI/pub?gid=409746990&single=true&output=csv,True,OK,docs/alibra_data/dry_bulk_trend_atl/2026-08-19.csv
2026-08-22T10:55:03.343540+00:00,2026-08-19,dry_bulk_trend_pac,https://docs.google.com/spreadsheets/d/e/2PACX-1vSm3hFo3WpdJQ86FaGIy-S151biJvr2J31-kbmYmO9kOwJ2sDjbz-v8ooNpsufCepZS0tCUavO5iUrI/pub?gid=779118968&single=true&output=csv,True,OK,docs/alibra_data/dry_bulk_trend_pac/2026-08-19.csv
2026-08-22T10:55:03.343540+00:00,2026-08-19,tanker_trend_1yr,https://docs.google.com/spreadsheets/d/e/2PACX-1vSm3hFo3WpdJQ86FaGIy-S151biJvr2J31-kbmYmO9kOwJ2sDjbz-v8ooNpsufCepZS0tCUavO5iUrI/pub?gid=137918187&single=true&output=csv,True,OK,docs/alibra_data/tanker_trend_1yr/2026-08-19.csv
2026-08-22T10:55:03.343540+00:00,2026-08-19,tanker_trend_3yr,https://docs.google.com/spreadsheets/d/e/2PACX-1vSm3hFo3WpdJQ86FaGIy-S151biJvr2J31-kbmYmO9kOwJ2sDjbz-v8ooNpsufCepZS0tCUavO5iUrI/pub?gid=1501135879&single=true&output=csv,True,OK,docs/alibra_data/tanker_trend_3yr/2026-08-19.csv
2026-08-22T10:55:03.343540+00:00,2026-08-19,dry_bulk_archive_atl,https://docs.google.com/spreadsheets/d/e/2PACX-1vSm3hFo3WpdJQ86FaGIy-S151biJvr2J31-kbmYmO9kOwJ2sDjbz-v8ooNpsufCepZS0tCUavO5iUrI/pub?gid=1609275035&single=true&output=csv,True,OK,docs/alibra_data/dry_bulk_archive_atl/2026-08-19.csv
2026-08-22T10:55:03.343540+00:00,2026-08-19,dry_bulk_archive_pac,https://docs.google.com/spreadsheets/d/e/2PACX-1vSm3hFo3WpdJQ86FaGIy-S151biJvr2J31-kbmYmO9kOwJ2sDjbz-v8ooNpsufCepZS0tCUavO5iUrI/pub?gid=1656242999&single=true&output=csv,True,OK,docs/alibra_data/dry_bulk_archive_pac/2026-08-19.csv
2026-08-22T14:19:14.930925+00:00,2026-08-19,last_updated_stamp,https://docs.google.com/spreadsheets/d/e/2PACX-1vQk6073LStJEfzv418WKYluN2zykXon3KL58hPVNnqoOPiZVhBVzBCi9QnnAETwm_QbMvltcNCuzTzH/pub?gid=92942855&single=true&output=csv,True,OK,docs/alibra_data/last_updated_stamp/2026-08-19.csv
2026-08-22T14:19:14.930925+00:00,2026-08-19,dry_bulk_tce_table,https://docs.google.com/spreadsheets/d/e/2PACX-1vQk6073LStJEfzv418WKYluN2zykXon3KL58hPVNnqoOPiZVhBVzBCi9QnnAETwm_QbMvltcNCuzTzH/pub?gid=1944138367&single=true&output=csv,True,OK,docs/alibra_data/dry_bulk_tce_table/2026-08-19.csv
2026-08-22T14:19:14.930925+00:00,2026-08-19,tanker_tce_table,https://docs.google.com/spreadsheets/d/e/2PACX-1vQk6073LStJEfzv418WKYluN2zykXon3KL58hPVNnqoOPiZVhBVzBCi9QnnAETwm_QbMvltcNCuzTzH/pub?gid=1458966001&single=true&output=csv,True,OK,docs/alibra_data/tanker_tce_table/2026-08-19.csv
2026-08-22T14:19:14.930925+00:00,2026-08-19,forward_curves,https://docs.google.com/spreadsheets/d/e/2PACX-1vQkGGniHOjjs_0booelgLP3pGwySZLvMLskYlJCxNLcq6uf9EaH50Wcpob87lH7xw/pub?gid=1196769730&single=true&output=csv,False,HTTP 500 (attempt 3),
2026-08-22T14:19:14.930925+00:00,2026-08-19,dry_bulk_trend_atl,https://docs.google.com/spreadsheets/d/e/2PACX-1vSm3hFo3WpdJQ86FaGIy-S151biJvr2J31-kbmYmO9kOwJ2sDjbz-v8ooNpsufCepZS0tCUavO5iUrI/pub?gid=409746990&single=true&output=csv,True,OK,docs/alibra_data/dry_bulk_trend_atl/2026-08-19.csv
2026-08-22T14:19:14.930925+00:00,2026-08-19,dry_bulk_trend_pac,https://docs.google.com/spreadsheets/d/e/2PACX-1vSm3hFo3WpdJQ86FaGIy-S151biJvr2J31-kbmYmO9kOwJ2sDjbz-v8ooNpsufCepZS0tCUavO5iUrI/pub?gid=779118968&single=true&output=csv,True,OK,docs/alibra_data/dry_bulk_trend_pac/2026-08-19.csv
2026-08-22T14:19:14.930925+00:00,2026-08-19,tanker_trend_1yr,https://docs.google.com/spreadsheets/d/e/2PACX-1vSm3hFo3WpdJQ86FaGIy-S151biJvr2J31-kbmYmO9kOwJ2sDjbz-v8ooNpsufCepZS0tCUavO5iUrI/pub?gid=137918187&single=true&output=csv,True,OK,docs/alibra_data/tanker_trend_1yr/2026-08-19.csv
2026-08-22T14:19:14.930925+00:00,2026-08-19,tanker_trend_3yr,https://docs.google.com/spreadsheets/d/e/2PACX-1vSm3hFo3WpdJQ86FaGIy-S151biJvr2J31-kbmYmO9kOwJ2sDjbz-v8ooNpsufCepZS0tCUavO5iUrI/pub?gid=1501135879&single=true&output=csv,True,OK,docs/alibra_data/tanker_trend_3yr/2026-08-19.csv
2026-08-22T14:19:14.930925+00:00,2026-08-19,dry_bulk_archive_atl,https://docs.google.com/spreadsheets/d/e/2PACX-1vSm3hFo3WpdJQ86FaGIy-S151biJvr2J31-kbmYmO9kOwJ2sDjbz-v8ooNpsufCepZS0tCUavO5iUrI/pub?gid=1609275035&single=true&output=csv,True,OK,docs/alibra_data/dry_bulk_archive_atl/2026-08-19.csv
2026-08-22T14:19:14.930925+00:00,2026-08-19,dry_bulk_archive_pac,https://docs.google.com/spreadsheets/d/e/2PACX-1vSm3hFo3WpdJQ86FaGIy-S151biJvr2J31-kbmYmO9kOwJ2sDjbz-v8ooNpsufCepZS0tCUavO5iUrI/pub?gid=1656242999&single=true&output=csv,True,OK,docs/alibra_data/dry_bulk_archive_pac/2026-08-19.csv
2026-08-22T16:21:44.207475+00:00,2026-08-19,last_updated_stamp,https://docs.google.com/spreadsheets/d/e/2PACX-1vQk6073LStJEfzv418WKYluN2zykXon3KL58hPVNnqoOPiZVhBVzBCi9QnnAETwm_QbMvltcNCuzTzH/pub?gid=92942855&single=true&output=csv,True,OK,docs/alibra_data/last_updated_stamp/2026-08-19.csv
2026-08-22T16:21:44.207475+00:00,2026-08-19,dry_bulk_tce_table,https://docs.google.com/spreadsheets/d/e/2PACX-1vQk6073LStJEfzv418WKYluN2zykXon3KL58hPVNnqoOPiZVhBVzBCi9QnnAETwm_QbMvltcNCuzTzH/pub?gid=1944138367&single=true&output=csv,True,OK,docs/alibra_data/dry_bulk_tce_table/2026-08-19.csv
2026-08-22T16:21:44.207475+00:00,2026-08-19,tanker_tce_table,https://docs.google.com/spreadsheets/d/e/2PACX-1vQk6073LStJEfzv418WKYluN2zykXon3KL58hPVNnqoOPiZVhBVzBCi9QnnAETwm_QbMvltcNCuzTzH/pub?gid=1458966001&single=true&output=csv,True,OK,docs/alibra_data/tanker_tce_table/2026-08-19.csv
2026-08-22T16:21:44.207475+00:00,2026-08-19,forward_curves,https://docs.google.com/spreadsheets/d/e/2PACX-1vQkGGniHOjjs_0booelgLP3pGwySZLvMLskYlJCxNLcq6uf9EaH50Wcpob87lH7xw/pub?gid=1196769730&single=true&output=csv,False,HTTP 500 (attempt 3),
2026-08-22T16:21:44.207475+00:00,2026-08-19,dry_bulk_trend_atl,https://docs.google.com/spreadsheets/d/e/2PACX-1vSm3hFo3WpdJQ86FaGIy-S151biJvr2J31-kbmYmO9kOwJ2sDjbz-v8ooNpsufCepZS0tCUavO5iUrI/pub?gid=409746990&single=true&output=csv,True,OK,docs/alibra_data/dry_bulk_trend_atl/2026-08-19.csv
2026-08-22T16:21:44.207475+00:00,2026-08-19,dry_bulk_trend_pac,https://docs.google.com/spreadsheets/d/e/2PACX-1vSm3hFo3WpdJQ86FaGIy-S151biJvr2J31-kbmYmO9kOwJ2sDjbz-v8ooNpsufCepZS0tCUavO5iUrI/pub?gid=779118968&single=true&output=csv,True,OK,docs/alibra_data/dry_bulk_trend_pac/2026-08-19.csv
2026-08-22T16:21:44.207475+00:00,2026-08-19,tanker_trend_1yr,https://docs.google.com/spreadsheets/d/e/2PACX-1vSm3hFo3WpdJQ86FaGIy-S151biJvr2J31-kbmYmO9kOwJ2sDjbz-v8ooNpsufCepZS0tCUavO5iUrI/pub?gid=137918187&single=true&output=csv,True,OK,docs/alibra_data/tanker_trend_1yr/2026-08-19.csv
2026-08-22T16:21:44.207475+00:00,2026-08-19,tanker_trend_3yr,https://docs.google.com/spreadsheets/d/e/2PACX-1vSm3hFo3WpdJQ86FaGIy-S151biJvr2J31-kbmYmO9kOwJ2sDjbz-v8ooNpsufCepZS0tCUavO5iUrI/pub?gid=1501135879&single=true&output=csv,True,OK,docs/alibra_data/tanker_trend_3yr/2026-08-19.csv
2026-08-22T16:21:44.207475+00:00,2026-08-19,dry_bulk_archive_atl,https://docs.google.com/spreadsheets/d/e/2PACX-1vSm3hFo3WpdJQ86FaGIy-S151biJvr2J31-kbmYmO9kOwJ2sDjbz-v8ooNpsufCepZS0tCUavO5iUrI/pub?gid=1609275035&single=true&output=csv,True,OK,docs/alibra_data/dry_bulk_archive_atl/2026-08-19.csv
2026-08-22T16:21:44.207475+00:00,2026-08-19,dry_bulk_archive_pac,https://docs.google.com/spreadsheets/d/e/2PACX-1vSm3hFo3WpdJQ86FaGIy-S151biJvr2J31-kbmYmO9kOwJ2sDjbz-v8ooNpsufCepZS0tCUavO5iUrI/pub?gid=1656242999&single=true&output=csv,True,OK,docs/alibra_data/dry_bulk_archive_pac/2026-08-19.csv
2026-08-22T19:22:11.403955+00:00,2026-08-19,last_updated_stamp,https://docs.google.com/spreadsheets/d/e/2PACX-1vQk6073LStJEfzv418WKYluN2zykXon3KL58hPVNnqoOPiZVhBVzBCi9QnnAETwm_QbMvltcNCuzTzH/pub?gid=92942855&single=true&output=csv,True,OK,docs/alibra_data/last_updated_stamp/2026-08-19.csv
2026-08-22T19:22:11.403955+00:00,2026-08-19,dry_bulk_tce_table,https://docs.google.com/spreadsheets/d/e/2PACX-1vQk6073LStJEfzv418WKYluN2zykXon3KL58hPVNnqoOPiZVhBVzBCi9QnnAETwm_QbMvltcNCuzTzH/pub?gid=1944138367&single=true&output=csv,True,OK,docs/alibra_data/dry_bulk_tce_table/2026-08-19.csv
2026-08-22T19:22:11.403955+00:00,2026-08-19,tanker_tce_table,https://docs.google.com/spreadsheets/d/e/2PACX-1vQk6073LStJEfzv418WKYluN2zykXon3KL58hPVNnqoOPiZVhBVzBCi9QnnAETwm_QbMvltcNCuzTzH/pub?gid=1458966001&single=true&output=csv,True,OK,docs/alibra_data/tanker_tce_table/2026-08-19.csv
2026-08-22T19:22:11.403955+00:00,2026-08-19,forward_curves,https://docs.google.com/spreadsheets/d/e/2PACX-1vQkGGniHOjjs_0booelgLP3pGwySZLvMLskYlJCxNLcq6uf9EaH50Wcpob87lH7xw/pub?gid=1196769730&single=true&output=csv,False,HTTP 500 (attempt 3),
2026-08-22T19:22:11.403955+00:00,2026-08-19,dry_bulk_trend_atl,https://docs.google.com/spreadsheets/d/e/2PACX-1vSm3hFo3WpdJQ86FaGIy-S151biJvr2J31-kbmYmO9kOwJ2sDjbz-v8ooNpsufCepZS0tCUavO5iUrI/pub?gid=409746990&single=true&output=csv,True,OK,docs/alibra_data/dry_bulk_trend_atl/2026-08-19.csv
2026-08-22T19:22:11.403955+00:00,2026-08-19,dry_bulk_trend_pac,https://docs.google.com/spreadsheets/d/e/2PACX-1vSm3hFo3WpdJQ86FaGIy-S151biJvr2J31-kbmYmO9kOwJ2sDjbz-v8ooNpsufCepZS0tCUavO5iUrI/pub?gid=779118968&single=true&output=csv,True,OK,docs/alibra_data/dry_bulk_trend_pac/2026-08-19.csv
2026-08-22T19:22:11.403955+00:00,2026-08-19,tanker_trend_1yr,https://docs.google.com/spreadsheets/d/e/2PACX-1vSm3hFo3WpdJQ86FaGIy-S151biJvr2J31-kbmYmO9kOwJ2sDjbz-v8ooNpsufCepZS0tCUavO5iUrI/pub?gid=137918187&single=true&output=csv,True,OK,docs/alibra_data/tanker_trend_1yr/2026-08-19.csv
2026-08-22T19:22:11.403955+00:00,2026-08-19,tanker_trend_3yr,https://docs.google.com/spreadsheets/d/e/2PACX-1vSm3hFo3WpdJQ86FaGIy-S151biJvr2J31-kbmYmO9kOwJ2sDjbz-v8ooNpsufCepZS0tCUavO5iUrI/pub?gid=1501135879&single=true&output=csv,True,OK,docs/alibra_data/tanker_trend_3yr/2026-08-19.csv
2026-08-22T19:22:11.403955+00:00,2026-08-19,dry_bulk_archive_atl,https://docs.google.com/spreadsheets/d/e/2PACX-1vSm3hFo3WpdJQ86FaGIy-S151biJvr2J31-kbmYmO9kOwJ2sDjbz-v8ooNpsufCepZS0tCUavO5iUrI/pub?gid=1609275035&single=true&output=csv,True,OK,docs/alibra_data/dry_bulk_archive_atl/2026-08-19.csv
2026-08-22T19:22:11.403955+00:00,2026-08-19,dry_bulk_archive_pac,https://docs.google.com/spreadsheets/d/e/2PACX-1vSm3hFo3WpdJQ86FaGIy-S151biJvr2J31-kbmYmO9kOwJ2sDjbz-v8ooNpsufCepZS0tCUavO5iUrI/pub?gid=1656242999&single=true&output=csv,True,OK,docs/alibra_data/dry_bulk_archive_pac/2026-08-19.csv
2026-08-22T22:18:52.255526+00:00,2026-08-19,last_updated_stamp,https://docs.google.com/spreadsheets/d/e/2PACX-1vQk6073LStJEfzv418WKYluN2zykXon3KL58hPVNnqoOPiZVhBVzBCi9QnnAETwm_QbMvltcNCuzTzH/pub?gid=92942855&single=true&output=csv,True,OK,docs/alibra_data/last_updated_stamp/2026-08-19.csv
2026-08-22T22:18:52.255526+00:00,2026-08-19,dry_bulk_tce_table,https://docs.google.com/spreadsheets/d/e/2PACX-1vQk6073LStJEfzv418WKYluN2zykXon3KL58hPVNnqoOPiZVhBVzBCi9QnnAETwm_QbMvltcNCuzTzH/pub?gid=1944138367&single=true&output=csv,True,OK,docs/alibra_data/dry_bulk_tce_table/2026-08-19.csv
2026-08-22T22:18:52.255526+00:00,2026-08-19,tanker_tce_table,https://docs.google.com/spreadsheets/d/e/2PACX-1vQk6073LStJEfzv418WKYluN2zykXon3KL58hPVNnqoOPiZVhBVzBCi9QnnAETwm_QbMvltcNCuzTzH/pub?gid=1458966001&single=true&output=csv,True,OK,docs/alibra_data/tanker_tce_table/2026-08-19.csv
2026-08-22T22:18:52.255526+00:00,2026-08-19,forward_curves,https://docs.google.com/spreadsheets/d/e/2PACX-1vQkGGniHOjjs_0booelgLP3pGwySZLvMLskYlJCxNLcq6uf9EaH50Wcpob87lH7xw/pub?gid=1196769730&single=true&output=csv,False,HTTP 500 (attempt 3),
2026-08-22T22:18:52.255526+00:00,2026-08-19,dry_bulk_trend_atl,https://docs.google.com/spreadsheets/d/e/2PACX-1vSm3hFo3WpdJQ86FaGIy-S151biJvr2J31-kbmYmO9kOwJ2sDjbz-v8ooNpsufCepZS0tCUavO5iUrI/pub?gid=409746990&single=true&output=csv,True,OK,docs/alibra_data/dry_bulk_trend_atl/2026-08-19.csv
2026-08-22T22:18:52.255526+00:00,2026-08-19,dry_bulk_trend_pac,https://docs.google.com/spreadsheets/d/e/2PACX-1vSm3hFo3WpdJQ86FaGIy-S151biJvr2J31-kbmYmO9kOwJ2sDjbz-v8ooNpsufCepZS0tCUavO5iUrI/pub?gid=779118968&single=true&output=csv,True,OK,docs/alibra_data/dry_bulk_trend_pac/2026-08-19.csv
2026-08-22T22:18:52.255526+00:00,2026-08-19,tanker_trend_1yr,https://docs.google.com/spreadsheets/d/e/2PACX-1vSm3hFo3WpdJQ86FaGIy-S151biJvr2J31-kbmYmO9kOwJ2sDjbz-v8ooNpsufCepZS0tCUavO5iUrI/pub?gid=137918187&single=true&output=csv,True,OK,docs/alibra_data/tanker_trend_1yr/2026-08-19.csv
2026-08-22T22:18:52.255526+00:00,2026-08-19,tanker_trend_3yr,https://docs.google.com/spreadsheets/d/e/2PACX-1vSm3hFo3WpdJQ86FaGIy-S151biJvr2J31-kbmYmO9kOwJ2sDjbz-v8ooNpsufCepZS0tCUavO5iUrI/pub?gid=1501135879&single=true&output=csv,True,OK,docs/alibra_data/tanker_trend_3yr/2026-08-19.csv
2026-08-22T22:18:52.255526+00:00,2026-08-19,dry_bulk_archive_atl,https://docs.google.com/spreadsheets/d/e/2PACX-1vSm3hFo3WpdJQ86FaGIy-S151biJvr2J31-kbmYmO9kOwJ2sDjbz-v8ooNpsufCepZS0tCUavO5iUrI/pub?gid=1609275035&single=true&output=csv,True,OK,docs/alibra_data/dry_bulk_archive_atl/2026-08-19.csv
2026-08-22T22:18:52.255526+00:00,2026-08-19,dry_bulk_archive_pac,https://docs.google.com/spreadsheets/d/e/2PACX-1vSm3hFo3WpdJQ86FaGIy-S151biJvr2J31-kbmYmO9kOwJ2sDjbz-v8ooNpsufCepZS0tCUavO5iUrI/pub?gid=1656242999&single=true&output=csv,True,OK,docs/alibra_data/dry_bulk_archive_pac/2026-08-19.csv
2026-08-23T07:32:52.219654+00:00,2026-08-19,last_updated_stamp,https://docs.google.com/spreadsheets/d/e/2PACX-1vQk6073LStJEfzv418WKYluN2zykXon3KL58hPVNnqoOPiZVhBVzBCi9QnnAETwm_QbMvltcNCuzTzH/pub?gid=92942855&single=true&output=csv,True,OK,docs/alibra_data/last_updated_stamp/2026-08-19.csv
2026-08-23T07:32:52.219654+00:00,2026-08-19,dry_bulk_tce_table,https://docs.google.com/spreadsheets/d/e/2PACX-1vQk6073LStJEfzv418WKYluN2zykXon3KL58hPVNnqoOPiZVhBVzBCi9QnnAETwm_QbMvltcNCuzTzH/pub?gid=1944138367&single=true&output=csv,True,OK,docs/alibra_data/dry_bulk_tce_table/2026-08-19.csv
2026-08-23T07:32:52.219654+00:00,2026-08-19,tanker_tce_table,https://docs.google.com/spreadsheets/d/e/2PACX-1vQk6073LStJEfzv418WKYluN2zykXon3KL58hPVNnqoOPiZVhBVzBCi9QnnAETwm_QbMvltcNCuzTzH/pub?gid=1458966001&single=true&output=csv,True,OK,docs/alibra_data/tanker_tce_table/2026-08-19.csv
2026-08-23T07:32:52.219654+00:00,2026-08-19,forward_curves,https://docs.google.com/spreadsheets/d/e/2PACX-1vQkGGniHOjjs_0booelgLP3pGwySZLvMLskYlJCxNLcq6uf9EaH50Wcpob87lH7xw/pub?gid=1196769730&single=true&output=csv,False,HTTP 500 (attempt 3),
2026-08-23T07:32:52.219654+00:00,2026-08-19,dry_bulk_trend_atl,https://docs.google.com/spreadsheets/d/e/2PACX-1vSm3hFo3WpdJQ86FaGIy-S151biJvr2J31-kbmYmO9kOwJ2sDjbz-v8ooNpsufCepZS0tCUavO5iUrI/pub?gid=409746990&single=true&output=csv,True,OK,docs/alibra_data/dry_bulk_trend_atl/2026-08-19.csv
2026-08-23T07:32:52.219654+00:00,2026-08-19,dry_bulk_trend_pac,https://docs.google.com/spreadsheets/d/e/2PACX-1vSm3hFo3WpdJQ86FaGIy-S151biJvr2J31-kbmYmO9kOwJ2sDjbz-v8ooNpsufCepZS0tCUavO5iUrI/pub?gid=779118968&single=true&output=csv,True,OK,docs/alibra_data/dry_bulk_trend_pac/2026-08-19.csv
2026-08-23T07:32:52.219654+00:00,2026-08-19,tanker_trend_1yr,https://docs.google.com/spreadsheets/d/e/2PACX-1vSm3hFo3WpdJQ86FaGIy-S151biJvr2J31-kbmYmO9kOwJ2sDjbz-v8ooNpsufCepZS0tCUavO5iUrI/pub?gid=137918187&single=true&output=csv,True,OK,docs/alibra_data/tanker_trend_1yr/2026-08-19.csv
2026-08-23T07:32:52.219654+00:00,2026-08-19,tanker_trend_3yr,https://docs.google.com/spreadsheets/d/e/2PACX-1vSm3hFo3WpdJQ86FaGIy-S151biJvr2J31-kbmYmO9kOwJ2sDjbz-v8ooNpsufCepZS0tCUavO5iUrI/pub?gid=1501135879&single=true&output=csv,True,OK,docs/alibra_data/tanker_trend_3yr/2026-08-19.csv
2026-08-23T07:32:52.219654+00:00,2026-08-19,dry_bulk_archive_atl,https://docs.google.com/spreadsheets/d/e/2PACX-1vSm3hFo3WpdJQ86FaGIy-S151biJvr2J31-kbmYmO9kOwJ2sDjbz-v8ooNpsufCepZS0tCUavO5iUrI/pub?gid=1609275035&single=true&output=csv,True,OK,docs/alibra_data/dry_bulk_archive_atl/2026-08-19.csv
2026-08-23T07:32:52.219654+00:00,2026-08-19,dry_bulk_archive_pac,https://docs.google.com/spreadsheets/d/e/2PACX-1vSm3hFo3WpdJQ86FaGIy-S151biJvr2J31-kbmYmO9kOwJ2sDjbz-v8ooNpsufCepZS0tCUavO5iUrI/pub?gid=1656242999&single=true&output=csv,True,OK,docs/alibra_data/dry_bulk_archive_pac/2026-08-19.csv
2026-08-23T10:55:59.926777+00:00,2026-08-19,last_updated_stamp,https://docs.google.com/spreadsheets/d/e/2PACX-1vQk6073LStJEfzv418WKYluN2zykXon3KL58hPVNnqoOPiZVhBVzBCi9QnnAETwm_QbMvltcNCuzTzH/pub?gid=92942855&single=true&output=csv,True,OK,docs/alibra_data/last_updated_stamp/2026-08-19.csv
2026-08-23T10:55:59.926777+00:00,2026-08-19,dry_bulk_tce_table,https://docs.google.com/spreadsheets/d/e/2PACX-1vQk6073LStJEfzv418WKYluN2zykXon3KL58hPVNnqoOPiZVhBVzBCi9QnnAETwm_QbMvltcNCuzTzH/pub?gid=1944138367&single=true&output=csv,True,OK,docs/alibra_data/dry_bulk_tce_table/2026-08-19.csv
2026-08-23T10:55:59.926777+00:00,2026-08-19,tanker_tce_table,https://docs.google.com/spreadsheets/d/e/2PACX-1vQk6073LStJEfzv418WKYluN2zykXon3KL58hPVNnqoOPiZVhBVzBCi9QnnAETwm_QbMvltcNCuzTzH/pub?gid=1458966001&single=true&output=csv,True,OK,docs/alibra_data/tanker_tce_table/2026-08-19.csv
2026-08-23T10:55:59.926777+00:00,2026-08-19,forward_curves,https://docs.google.com/spreadsheets/d/e/2PACX-1vQkGGniHOjjs_0booelgLP3pGwySZLvMLskYlJCxNLcq6uf9EaH50Wcpob87lH7xw/pub?gid=1196769730&single=true&output=csv,False,HTTP 500 (attempt 3),
2026-08-23T10:55:59.926777+00:00,2026-08-19,dry_bulk_trend_atl,https://docs.google.com/spreadsheets/d/e/2PACX-1vSm3hFo3WpdJQ86FaGIy-S151biJvr2J31-kbmYmO9kOwJ2sDjbz-v8ooNpsufCepZS0tCUavO5iUrI/pub?gid=409746990&single=true&output=csv,True,OK,docs/alibra_data/dry_bulk_trend_atl/2026-08-19.csv
2026-08-23T10:55:59.926777+00:00,2026-08-19,dry_bulk_trend_pac,https://docs.google.com/spreadsheets/d/e/2PACX-1vSm3hFo3WpdJQ86FaGIy-S151biJvr2J31-kbmYmO9kOwJ2sDjbz-v8ooNpsufCepZS0tCUavO5iUrI/pub?gid=779118968&single=true&output=csv,True,OK,docs/alibra_data/dry_bulk_trend_pac/2026-08-19.csv
2026-08-23T10:55:59.926777+00:00,2026-08-19,tanker_trend_1yr,https://docs.google.com/spreadsheets/d/e/2PACX-1vSm3hFo3WpdJQ86FaGIy-S151biJvr2J31-kbmYmO9kOwJ2sDjbz-v8ooNpsufCepZS0tCUavO5iUrI/pub?gid=137918187&single=true&output=csv,True,OK,docs/alibra_data/tanker_trend_1yr/2026-08-19.csv
2026-08-23T10:55:59.926777+00:00,2026-08-19,tanker_trend_3yr,https://docs.google.com/spreadsheets/d/e/2PACX-1vSm3hFo3WpdJQ86FaGIy-S151biJvr2J31-kbmYmO9kOwJ2sDjbz-v8ooNpsufCepZS0tCUavO5iUrI/pub?gid=1501135879&single=true&output=csv,True,OK,docs/alibra_data/tanker_trend_3yr/2026-08-19.csv
2026-08-23T10:55:59.926777+00:00,2026-08-19,dry_bulk_archive_atl,https://docs.google.com/spreadsheets/d/e/2PACX-1vSm3hFo3WpdJQ86FaGIy-S151biJvr2J31-kbmYmO9kOwJ2sDjbz-v8ooNpsufCepZS0tCUavO5iUrI/pub?gid=1609275035&single=true&output=csv,True,OK,docs/alibra_data/dry_bulk_archive_atl/2026-08-19.csv
2026-08-23T10:55:59.926777+00:00,2026-08-19,dry_bulk_archive_pac,https://docs.google.com/spreadsheets/d/e/2PACX-1vSm3hFo3WpdJQ86FaGIy-S151biJvr2J31-kbmYmO9kOwJ2sDjbz-v8ooNpsufCepZS0tCUavO5iUrI/pub?gid=1656242999&single=true&output=csv,True,OK,docs/alibra_data/dry_bulk_archive_pac/2026-08-19.csv
2026-08-23T14:20:41.362721+00:00,2026-08-19,last_updated_stamp,https://docs.google.com/spreadsheets/d/e/2PACX-1vQk6073LStJEfzv418WKYluN2zykXon3KL58hPVNnqoOPiZVhBVzBCi9QnnAETwm_QbMvltcNCuzTzH/pub?gid=92942855&single=true&output=csv,True,OK,docs/alibra_data/last_updated_stamp/2026-08-19.csv
2026-08-23T14:20:41.362721+00:00,2026-08-19,dry_bulk_tce_table,https://docs.google.com/spreadsheets/d/e/2PACX-1vQk6073LStJEfzv418WKYluN2zykXon3KL58hPVNnqoOPiZVhBVzBCi9QnnAETwm_QbMvltcNCuzTzH/pub?gid=1944138367&single=true&output=csv,True,OK,docs/alibra_data/dry_bulk_tce_table/2026-08-19.csv
2026-08-23T14:20:41.362721+00:00,2026-08-19,tanker_tce_table,https://docs.google.com/spreadsheets/d/e/2PACX-1vQk6073LStJEfzv418WKYluN2zykXon3KL58hPVNnqoOPiZVhBVzBCi9QnnAETwm_QbMvltcNCuzTzH/pub?gid=1458966001&single=true&output=csv,True,OK,docs/alibra_data/tanker_tce_table/2026-08-19.csv
2026-08-23T14:20:41.362721+00:00,2026-08-19,forward_curves,https://docs.google.com/spreadsheets/d/e/2PACX-1vQkGGniHOjjs_0booelgLP3pGwySZLvMLskYlJCxNLcq6uf9EaH50Wcpob87lH7xw/pub?gid=1196769730&single=true&output=csv,False,HTTP 500 (attempt 3),
2026-08-23T14:20:41.362721+00:00,2026-08-19,dry_bulk_trend_atl,https://docs.google.com/spreadsheets/d/e/2PACX-1vSm3hFo3WpdJQ86FaGIy-S151biJvr2J31-kbmYmO9kOwJ2sDjbz-v8ooNpsufCepZS0tCUavO5iUrI/pub?gid=409746990&single=true&output=csv,True,OK,docs/alibra_data/dry_bulk_trend_atl/2026-08-19.csv
2026-08-23T14:20:41.362721+00:00,2026-08-19,dry_bulk_trend_pac,https://docs.google.com/spreadsheets/d/e/2PACX-1vSm3hFo3WpdJQ86FaGIy-S151biJvr2J31-kbmYmO9kOwJ2sDjbz-v8ooNpsufCepZS0tCUavO5iUrI/pub?gid=779118968&single=true&output=csv,True,OK,docs/alibra_data/dry_bulk_trend_pac/2026-08-19.csv
2026-08-23T14:20:41.362721+00:00,2026-08-19,tanker_trend_1yr,https://docs.google.com/spreadsheets/d/e/2PACX-1vSm3hFo3WpdJQ86FaGIy-S151biJvr2J31-kbmYmO9kOwJ2sDjbz-v8ooNpsufCepZS0tCUavO5iUrI/pub?gid=137918187&single=true&output=csv,True,OK,docs/alibra_data/tanker_trend_1yr/2026-08-19.csv
2026-08-23T14:20:41.362721+00:00,2026-08-19,tanker_trend_3yr,https://docs.google.com/spreadsheets/d/e/2PACX-1vSm3hFo3WpdJQ86FaGIy-S151biJvr2J31-kbmYmO9kOwJ2sDjbz-v8ooNpsufCepZS0tCUavO5iUrI/pub?gid=1501135879&single=true&output=csv,True,OK,docs/alibra_data/tanker_trend_3yr/2026-08-19.csv
2026-08-23T14:20:41.362721+00:00,2026-08-19,dry_bulk_archive_atl,https://docs.google.com/spreadsheets/d/e/2PACX-1vSm3hFo3WpdJQ86FaGIy-S151biJvr2J31-kbmYmO9kOwJ2sDjbz-v8ooNpsufCepZS0tCUavO5iUrI/pub?gid=1609275035&single=true&output=csv,True,OK,docs/alibra_data/dry_bulk_archive_atl/2026-08-19.csv
2026-08-23T14:20:41.362721+00:00,2026-08-19,dry_bulk_archive_pac,https://docs.google.com/spreadsheets/d/e/2PACX-1vSm3hFo3WpdJQ86FaGIy-S151biJvr2J31-kbmYmO9kOwJ2sDjbz-v8ooNpsufCepZS0tCUavO5iUrI/pub?gid=1656242999&single=true&output=csv,True,OK,docs/alibra_data/dry_bulk_archive_pac/2026-08-19.csv
2026-08-23T16:22:54.991180+00:00,2026-08-19,last_updated_stamp,https://docs.google.com/spreadsheets/d/e/2PACX-1vQk6073LStJEfzv418WKYluN2zykXon3KL58hPVNnqoOPiZVhBVzBCi9QnnAETwm_QbMvltcNCuzTzH/pub?gid=92942855&single=true&output=csv,True,OK,docs/alibra_data/last_updated_stamp/2026-08-19.csv
2026-08-23T16:22:54.991180+00:00,2026-08-19,dry_bulk_tce_table,https://docs.google.com/spreadsheets/d/e/2PACX-1vQk6073LStJEfzv418WKYluN2zykXon3KL58hPVNnqoOPiZVhBVzBCi9QnnAETwm_QbMvltcNCuzTzH/pub?gid=1944138367&single=true&output=csv,True,OK,docs/alibra_data/dry_bulk_tce_table/2026-08-19.csv
2026-08-23T16:22:54.991180+00:00,2026-08-19,tanker_tce_table,https://docs.google.com/spreadsheets/d/e/2PACX-1vQk6073LStJEfzv418WKYluN2zykXon3KL58hPVNnqoOPiZVhBVzBCi9QnnAETwm_QbMvltcNCuzTzH/pub?gid=1458966001&single=true&output=csv,True,OK,docs/alibra_data/tanker_tce_table/2026-08-19.csv
2026-08-23T16:22:54.991180+00:00,2026-08-19,forward_curves,https://docs.google.com/spreadsheets/d/e/2PACX-1vQkGGniHOjjs_0booelgLP3pGwySZLvMLskYlJCxNLcq6uf9EaH50Wcpob87lH7xw/pub?gid=1196769730&single=true&output=csv,False,HTTP 500 (attempt 3),
2026-08-23T16:22:54.991180+00:00,2026-08-19,dry_bulk_trend_atl,https://docs.google.com/spreadsheets/d/e/2PACX-1vSm3hFo3WpdJQ86FaGIy-S151biJvr2J31-kbmYmO9kOwJ2sDjbz-v8ooNpsufCepZS0tCUavO5iUrI/pub?gid=409746990&single=true&output=csv,True,OK,docs/alibra_data/dry_bulk_trend_atl/2026-08-19.csv
2026-08-23T16:22:54.991180+00:00,2026-08-19,dry_bulk_trend_pac,https://docs.google.com/spreadsheets/d/e/2PACX-1vSm3hFo3WpdJQ86FaGIy-S151biJvr2J31-kbmYmO9kOwJ2sDjbz-v8ooNpsufCepZS0tCUavO5iUrI/pub?gid=779118968&single=true&output=csv,True,OK,docs/alibra_data/dry_bulk_trend_pac/2026-08-19.csv
2026-08-23T16:22:54.991180+00:00,2026-08-19,tanker_trend_1yr,https://docs.google.com/spreadsheets/d/e/2PACX-1vSm3hFo3WpdJQ86FaGIy-S151biJvr2J31-kbmYmO9kOwJ2sDjbz-v8ooNpsufCepZS0tCUavO5iUrI/pub?gid=137918187&single=true&output=csv,True,OK,docs/alibra_data/tanker_trend_1yr/2026-08-19.csv
2026-08-23T16:22:54.991180+00:00,2026-08-19,tanker_trend_3yr,https://docs.google.com/spreadsheets/d/e/2PACX-1vSm3hFo3WpdJQ86FaGIy-S151biJvr2J31-kbmYmO9kOwJ2sDjbz-v8ooNpsufCepZS0tCUavO5iUrI/pub?gid=1501135879&single=true&output=csv,True,OK,docs/alibra_data/tanker_trend_3yr/2026-08-19.csv
2026-08-23T16:22:54.991180+00:00,2026-08-19,dry_bulk_archive_atl,https://docs.google.com/spreadsheets/d/e/2PACX-1vSm3hFo3WpdJQ86FaGIy-S151biJvr2J31-kbmYmO9kOwJ2sDjbz-v8ooNpsufCepZS0tCUavO5iUrI/pub?gid=1609275035&single=true&output=csv,True,OK,docs/alibra_data/dry_bulk_archive_atl/2026-08-19.csv
2026-08-23T16:22:54.991180+00:00,2026-08-19,dry_bulk_archive_pac,https://docs.google.com/spreadsheets/d/e/2PACX-1vSm3hFo3WpdJQ86FaGIy-S151biJvr2J31-kbmYmO9kOwJ2sDjbz-v8ooNpsufCepZS0tCUavO5iUrI/pub?gid=1656242999&single=true&output=csv,True,OK,docs/alibra_data/dry_bulk_archive_pac/2026-08-19.csv
2026-08-23T19:21:49.019844+00:00,2026-08-19,last_updated_stamp,https://docs.google.com/spreadsheets/d/e/2PACX-1vQk6073LStJEfzv418WKYluN2zykXon3KL58hPVNnqoOPiZVhBVzBCi9QnnAETwm_QbMvltcNCuzTzH/pub?gid=92942855&single=true&output=csv,True,OK,docs/alibra_data/last_updated_stamp/2026-08-19.csv
2026-08-23T19:21:49.019844+00:00,2026-08-19,dry_bulk_tce_table,https://docs.google.com/spreadsheets/d/e/2PACX-1vQk6073LStJEfzv418WKYluN2zykXon3KL58hPVNnqoOPiZVhBVzBCi9QnnAETwm_QbMvltcNCuzTzH/pub?gid=1944138367&single=true&output=csv,True,OK,docs/alibra_data/dry_bulk_tce_table/2026-08-19.csv
2026-08-23T19:21:49.019844+00:00,2026-08-19,tanker_tce_table,https://docs.google.com/spreadsheets/d/e/2PACX-1vQk6073LStJEfzv418WKYluN2zykXon3KL58hPVNnqoOPiZVhBVzBCi9QnnAETwm_QbMvltcNCuzTzH/pub?gid=1458966001&single=true&output=csv,True,OK,docs/alibra_data/tanker_tce_table/2026-08-19.csv
2026-08-23T19:21:49.019844+00:00,2026-08-19,forward_curves,https://docs.google.com/spreadsheets/d/e/2PACX-1vQkGGniHOjjs_0booelgLP3pGwySZLvMLskYlJCxNLcq6uf9EaH50Wcpob87lH7xw/pub?gid=1196769730&single=true&output=csv,False,HTTP 500 (attempt 3),
2026-08-23T19:21:49.019844+00:00,2026-08-19,dry_bulk_trend_atl,https://docs.google.com/spreadsheets/d/e/2PACX-1vSm3hFo3WpdJQ86FaGIy-S151biJvr2J31-kbmYmO9kOwJ2sDjbz-v8ooNpsufCepZS0tCUavO5iUrI/pub?gid=409746990&single=true&output=csv,True,OK,docs/alibra_data/dry_bulk_trend_atl/2026-08-19.csv
2026-08-23T19:21:49.019844+00:00,2026-08-19,dry_bulk_trend_pac,https://docs.google.com/spreadsheets/d/e/2PACX-1vSm3hFo3WpdJQ86FaGIy-S151biJvr2J31-kbmYmO9kOwJ2sDjbz-v8ooNpsufCepZS0tCUavO5iUrI/pub?gid=779118968&single=true&output=csv,True,OK,docs/alibra_data/dry_bulk_trend_pac/2026-08-19.csv
2026-08-23T19:21:49.019844+00:00,2026-08-19,tanker_trend_1yr,https://docs.google.com/spreadsheets/d/e/2PACX-1vSm3hFo3WpdJQ86FaGIy-S151biJvr2J31-kbmYmO9kOwJ2sDjbz-v8ooNpsufCepZS0tCUavO5iUrI/pub?gid=137918187&single=true&output=csv,True,OK,docs/alibra_data/tanker_trend_1yr/2026-08-19.csv
2026-08-23T19:21:49.019844+00:00,2026-08-19,tanker_trend_3yr,https://docs.google.com/spreadsheets/d/e/2PACX-1vSm3hFo3WpdJQ86FaGIy-S151biJvr2J31-kbmYmO9kOwJ2sDjbz-v8ooNpsufCepZS0tCUavO5iUrI/pub?gid=1501135879&single=true&output=csv,True,OK,docs/alibra_data/tanker_trend_3yr/2026-08-19.csv
2026-08-23T19:21:49.019844+00:00,2026-08-19,dry_bulk_archive_atl,https://docs.google.com/spreadsheets/d/e/2PACX-1vSm3hFo3WpdJQ86FaGIy-S151biJvr2J31-kbmYmO9kOwJ2sDjbz-v8ooNpsufCepZS0tCUavO5iUrI/pub?gid=1609275035&single=true&output=csv,True,OK,docs/alibra_data/dry_bulk_archive_atl/2026-08-19.csv
2026-08-23T19:21:49.019844+00:00,2026-08-19,dry_bulk_archive_pac,https://docs.google.com/spreadsheets/d/e/2PACX-1vSm3hFo3WpdJQ86FaGIy-S151biJvr2J31-kbmYmO9kOwJ2sDjbz-v8ooNpsufCepZS0tCUavO5iUrI/pub?gid=1656242999&single=true&output=csv,True,OK,docs/alibra_data/dry_bulk_archive_pac/2026-08-19.csv
2026-08-23T22:18:25.739300+00:00,2026-08-19,last_updated_stamp,https://docs.google.com/spreadsheets/d/e/2PACX-1vQk6073LStJEfzv418WKYluN2zykXon3KL58hPVNnqoOPiZVhBVzBCi9QnnAETwm_QbMvltcNCuzTzH/pub?gid=92942855&single=true&output=csv,True,OK,docs/alibra_data/last_updated_stamp/2026-08-19.csv
2026-08-23T22:18:25.739300+00:00,2026-08-19,dry_bulk_tce_table,https://docs.google.com/spreadsheets/d/e/2PACX-1vQk6073LStJEfzv418WKYluN2zykXon3KL58hPVNnqoOPiZVhBVzBCi9QnnAETwm_QbMvltcNCuzTzH/pub?gid=1944138367&single=true&output=csv,True,OK,docs/alibra_data/dry_bulk_tce_table/2026-08-19.csv
2026-08-23T22:18:25.739300+00:00,2026-08-19,tanker_tce_table,https://docs.google.com/spreadsheets/d/e/2PACX-1vQk6073LStJEfzv418WKYluN2zykXon3KL58hPVNnqoOPiZVhBVzBCi9QnnAETwm_QbMvltcNCuzTzH/pub?gid=1458966001&single=true&output=csv,True,OK,docs/alibra_data/tanker_tce_table/2026-08-19.csv
2026-08-23T22:18:25.739300+00:00,2026-08-19,forward_curves,https://docs.google.com/spreadsheets/d/e/2PACX-1vQkGGniHOjjs_0booelgLP3pGwySZLvMLskYlJCxNLcq6uf9EaH50Wcpob87lH7xw/pub?gid=1196769730&single=true&output=csv,False,HTTP 500 (attempt 3),
2026-08-23T22:18:25.739300+00:00,2026-08-19,dry_bulk_trend_atl,https://docs.google.com/spreadsheets/d/e/2PACX-1vSm3hFo3WpdJQ86FaGIy-S151biJvr2J31-kbmYmO9kOwJ2sDjbz-v8ooNpsufCepZS0tCUavO5iUrI/pub?gid=409746990&single=true&output=csv,True,OK,docs/alibra_data/dry_bulk_trend_atl/2026-08-19.csv
2026-08-23T22:18:25.739300+00:00,2026-08-19,dry_bulk_trend_pac,https://docs.google.com/spreadsheets/d/e/2PACX-1vSm3hFo3WpdJQ86FaGIy-S151biJvr2J31-kbmYmO9kOwJ2sDjbz-v8ooNpsufCepZS0tCUavO5iUrI/pub?gid=779118968&single=true&output=csv,True,OK,docs/alibra_data/dry_bulk_trend_pac/2026-08-19.csv
2026-08-23T22:18:25.739300+00:00,2026-08-19,tanker_trend_1yr,https://docs.google.com/spreadsheets/d/e/2PACX-1vSm3hFo3WpdJQ86FaGIy-S151biJvr2J31-kbmYmO9kOwJ2sDjbz-v8ooNpsufCepZS0tCUavO5iUrI/pub?gid=137918187&single=true&output=csv,True,OK,docs/alibra_data/tanker_trend_1yr/2026-08-19.csv
2026-08-23T22:18:25.739300+00:00,2026-08-19,tanker_trend_3yr,https://docs.google.com/spreadsheets/d/e/2PACX-1vSm3hFo3WpdJQ86FaGIy-S151biJvr2J31-kbmYmO9kOwJ2sDjbz-v8ooNpsufCepZS0tCUavO5iUrI/pub?gid=1501135879&single=true&output=csv,True,OK,docs/alibra_data/tanker_trend_3yr/2026-08-19.csv
2026-08-23T22:18:25.739300+00:00,2026-08-19,dry_bulk_archive_atl,https://docs.google.com/spreadsheets/d/e/2PACX-1vSm3hFo3WpdJQ86FaGIy-S151biJvr2J31-kbmYmO9kOwJ2sDjbz-v8ooNpsufCepZS0tCUavO5iUrI/pub?gid=1609275035&single=true&output=csv,True,OK,docs/alibra_data/dry_bulk_archive_atl/2026-08-19.csv
2026-08-23T22:18:25.739300+00:00,2026-08-19,dry_bulk_archive_pac,https://docs.google.com/spreadsheets/d/e/2PACX-1vSm3hFo3WpdJQ86FaGIy-S151biJvr2J31-kbmYmO9kOwJ2sDjbz-v8ooNpsufCepZS0tCUavO5iUrI/pub?gid=1656242999&single=true&output=csv,True,OK,docs/alibra_data/dry_bulk_archive_pac/2026-08-19.csv
2026-08-24T07:58:36.494395+00:00,2026-08-19,last_updated_stamp,https://docs.google.com/spreadsheets/d/e/2PACX-1vQk6073LStJEfzv418WKYluN2zykXon3KL58hPVNnqoOPiZVhBVzBCi9QnnAETwm_QbMvltcNCuzTzH/pub?gid=92942855&single=true&output=csv,True,OK,docs/alibra_data/last_updated_stamp/2026-08-19.csv
2026-08-24T07:58:36.494395+00:00,2026-08-19,dry_bulk_tce_table,https://docs.google.com/spreadsheets/d/e/2PACX-1vQk6073LStJEfzv418WKYluN2zykXon3KL58hPVNnqoOPiZVhBVzBCi9QnnAETwm_QbMvltcNCuzTzH/pub?gid=1944138367&single=true&output=csv,True,OK,docs/alibra_data/dry_bulk_tce_table/2026-08-19.csv
2026-08-24T07:58:36.494395+00:00,2026-08-19,tanker_tce_table,https://docs.google.com/spreadsheets/d/e/2PACX-1vQk6073LStJEfzv418WKYluN2zykXon3KL58hPVNnqoOPiZVhBVzBCi9QnnAETwm_QbMvltcNCuzTzH/pub?gid=1458966001&single=true&output=csv,True,OK,docs/alibra_data/tanker_tce_table/2026-08-19.csv
2026-08-24T07:58:36.494395+00:00,2026-08-19,forward_curves,https://docs.google.com/spreadsheets/d/e/2PACX-1vQkGGniHOjjs_0booelgLP3pGwySZLvMLskYlJCxNLcq6uf9EaH50Wcpob87lH7xw/pub?gid=1196769730&single=true&output=csv,False,HTTP 500 (attempt 3),
2026-08-24T07:58:36.494395+00:00,2026-08-19,dry_bulk_trend_atl,https://docs.google.com/spreadsheets/d/e/2PACX-1vSm3hFo3WpdJQ86FaGIy-S151biJvr2J31-kbmYmO9kOwJ2sDjbz-v8ooNpsufCepZS0tCUavO5iUrI/pub?gid=409746990&single=true&output=csv,True,OK,docs/alibra_data/dry_bulk_trend_atl/2026-08-19.csv
2026-08-24T07:58:36.494395+00:00,2026-08-19,dry_bulk_trend_pac,https://docs.google.com/spreadsheets/d/e/2PACX-1vSm3hFo3WpdJQ86FaGIy-S151biJvr2J31-kbmYmO9kOwJ2sDjbz-v8ooNpsufCepZS0tCUavO5iUrI/pub?gid=779118968&single=true&output=csv,True,OK,docs/alibra_data/dry_bulk_trend_pac/2026-08-19.csv
2026-08-24T07:58:36.494395+00:00,2026-08-19,tanker_trend_1yr,https://docs.google.com/spreadsheets/d/e/2PACX-1vSm3hFo3WpdJQ86FaGIy-S151biJvr2J31-kbmYmO9kOwJ2sDjbz-v8ooNpsufCepZS0tCUavO5iUrI/pub?gid=137918187&single=true&output=csv,True,OK,docs/alibra_data/tanker_trend_1yr/2026-08-19.csv
2026-08-24T07:58:36.494395+00:00,2026-08-19,tanker_trend_3yr,https://docs.google.com/spreadsheets/d/e/2PACX-1vSm3hFo3WpdJQ86FaGIy-S151biJvr2J31-kbmYmO9kOwJ2sDjbz-v8ooNpsufCepZS0tCUavO5iUrI/pub?gid=1501135879&single=true&output=csv,True,OK,docs/alibra_data/tanker_trend_3yr/2026-08-19.csv
2026-08-24T07:58:36.494395+00:00,2026-08-19,dry_bulk_archive_atl,https://docs.google.com/spreadsheets/d/e/2PACX-1vSm3hFo3WpdJQ86FaGIy-S151biJvr2J31-kbmYmO9kOwJ2sDjbz-v8ooNpsufCepZS0tCUavO5iUrI/pub?gid=1609275035&single=true&output=csv,True,OK,docs/alibra_data/dry_bulk_archive_atl/2026-08-19.csv
2026-08-24T07:58:36.494395+00:00,2026-08-19,dry_bulk_archive_pac,https://docs.google.com/spreadsheets/d/e/2PACX-1vSm3hFo3WpdJQ86FaGIy-S151biJvr2J31-kbmYmO9kOwJ2sDjbz-v8ooNpsufCepZS0tCUavO5iUrI/pub?gid=1656242999&single=true&output=csv,True,OK,docs/alibra_data/dry_bulk_archive_pac/2026-08-19.csv
2026-08-24T11:08:00.522276+00:00,2026-08-19,last_updated_stamp,https://docs.google.com/spreadsheets/d/e/2PACX-1vQk6073LStJEfzv418WKYluN2zykXon3KL58hPVNnqoOPiZVhBVzBCi9QnnAETwm_QbMvltcNCuzTzH/pub?gid=92942855&single=true&output=csv,True,OK,docs/alibra_data/last_updated_stamp/2026-08-19.csv
2026-08-24T11:08:00.522276+00:00,2026-08-19,dry_bulk_tce_table,https://docs.google.com/spreadsheets/d/e/2PACX-1vQk6073LStJEfzv418WKYluN2zykXon3KL58hPVNnqoOPiZVhBVzBCi9QnnAETwm_QbMvltcNCuzTzH/pub?gid=1944138367&single=true&output=csv,True,OK,docs/alibra_data/dry_bulk_tce_table/2026-08-19.csv
2026-08-24T11:08:00.522276+00:00,2026-08-19,tanker_tce_table,https://docs.google.com/spreadsheets/d/e/2PACX-1vQk6073LStJEfzv418WKYluN2zykXon3KL58hPVNnqoOPiZVhBVzBCi9QnnAETwm_QbMvltcNCuzTzH/pub?gid=1458966001&single=true&output=csv,True,OK,docs/alibra_data/tanker_tce_table/2026-08-19.csv
2026-08-24T11:08:00.522276+00:00,2026-08-19,forward_curves,https://docs.google.com/spreadsheets/d/e/2PACX-1vQkGGniHOjjs_0booelgLP3pGwySZLvMLskYlJCxNLcq6uf9EaH50Wcpob87lH7xw/pub?gid=1196769730&single=true&output=csv,False,HTTP 500 (attempt 3),
2026-08-24T11:08:00.522276+00:00,2026-08-19,dry_bulk_trend_atl,https://docs.google.com/spreadsheets/d/e/2PACX-1vSm3hFo3WpdJQ86FaGIy-S151biJvr2J31-kbmYmO9kOwJ2sDjbz-v8ooNpsufCepZS0tCUavO5iUrI/pub?gid=409746990&single=true&output=csv,True,OK,docs/alibra_data/dry_bulk_trend_atl/2026-08-19.csv
2026-08-24T11:08:00.522276+00:00,2026-08-19,dry_bulk_trend_pac,https://docs.google.com/spreadsheets/d/e/2PACX-1vSm3hFo3WpdJQ86FaGIy-S151biJvr2J31-kbmYmO9kOwJ2sDjbz-v8ooNpsufCepZS0tCUavO5iUrI/pub?gid=779118968&single=true&output=csv,True,OK,docs/alibra_data/dry_bulk_trend_pac/2026-08-19.csv
2026-08-24T11:08:00.522276+00:00,2026-08-19,tanker_trend_1yr,https://docs.google.com/spreadsheets/d/e/2PACX-1vSm3hFo3WpdJQ86FaGIy-S151biJvr2J31-kbmYmO9kOwJ2sDjbz-v8ooNpsufCepZS0tCUavO5iUrI/pub?gid=137918187&single=true&output=csv,True,OK,docs/alibra_data/tanker_trend_1yr/2026-08-19.csv
2026-08-24T11:08:00.522276+00:00,2026-08-19,tanker_trend_3yr,https://docs.google.com/spreadsheets/d/e/2PACX-1vSm3hFo3WpdJQ86FaGIy-S151biJvr2J31-kbmYmO9kOwJ2sDjbz-v8ooNpsufCepZS0tCUavO5iUrI/pub?gid=1501135879&single=true&output=csv,True,OK,docs/alibra_data/tanker_trend_3yr/2026-08-19.csv
2026-08-24T11:08:00.522276+00:00,2026-08-19,dry_bulk_archive_atl,https://docs.google.com/spreadsheets/d/e/2PACX-1vSm3hFo3WpdJQ86FaGIy-S151biJvr2J31-kbmYmO9kOwJ2sDjbz-v8ooNpsufCepZS0tCUavO5iUrI/pub?gid=1609275035&single=true&output=csv,True,OK,docs/alibra_data/dry_bulk_archive_atl/2026-08-19.csv
2026-08-24T11:08:00.522276+00:00,2026-08-19,dry_bulk_archive_pac,https://docs.google.com/spreadsheets/d/e/2PACX-1vSm3hFo3WpdJQ86FaGIy-S151biJvr2J31-kbmYmO9kOwJ2sDjbz-v8ooNpsufCepZS0tCUavO5iUrI/pub?gid=1656242999&single=true&output=csv,True,OK,docs/alibra_data/dry_bulk_archive_pac/2026-08-19.csv
2026-08-24T14:38:58.001147+00:00,2026-08-19,last_updated_stamp,https://docs.google.com/spreadsheets/d/e/2PACX-1vQk6073LStJEfzv418WKYluN2zykXon3KL58hPVNnqoOPiZVhBVzBCi9QnnAETwm_QbMvltcNCuzTzH/pub?gid=92942855&single=true&output=csv,True,OK,docs/alibra_data/last_updated_stamp/2026-08-19.csv
2026-08-24T14:38:58.001147+00:00,2026-08-19,dry_bulk_tce_table,https://docs.google.com/spreadsheets/d/e/2PACX-1vQk6073LStJEfzv418WKYluN2zykXon3KL58hPVNnqoOPiZVhBVzBCi9QnnAETwm_QbMvltcNCuzTzH/pub?gid=1944138367&single=true&output=csv,True,OK,docs/alibra_data/dry_bulk_tce_table/2026-08-19.csv
2026-08-24T14:38:58.001147+00:00,2026-08-19,tanker_tce_table,https://docs.google.com/spreadsheets/d/e/2PACX-1vQk6073LStJEfzv418WKYluN2zykXon3KL58hPVNnqoOPiZVhBVzBCi9QnnAETwm_QbMvltcNCuzTzH/pub?gid=1458966001&single=true&output=csv,True,OK,docs/alibra_data/tanker_tce_table/2026-08-19.csv
2026-08-24T14:38:58.001147+00:00,2026-08-19,forward_curves,https://docs.google.com/spreadsheets/d/e/2PACX-1vQkGGniHOjjs_0booelgLP3pGwySZLvMLskYlJCxNLcq6uf9EaH50Wcpob87lH7xw/pub?gid=1196769730&single=true&output=csv,False,HTTP 500 (attempt 3),
2026-08-24T14:38:58.001147+00:00,2026-08-19,dry_bulk_trend_atl,https://docs.google.com/spreadsheets/d/e/2PACX-1vSm3hFo3WpdJQ86FaGIy-S151biJvr2J31-kbmYmO9kOwJ2sDjbz-v8ooNpsufCepZS0tCUavO5iUrI/pub?gid=409746990&single=true&output=csv,True,OK,docs/alibra_data/dry_bulk_trend_atl/2026-08-19.csv
2026-08-24T14:38:58.001147+00:00,2026-08-19,dry_bulk_trend_pac,https://docs.google.com/spreadsheets/d/e/2PACX-1vSm3hFo3WpdJQ86FaGIy-S151biJvr2J31-kbmYmO9kOwJ2sDjbz-v8ooNpsufCepZS0tCUavO5iUrI/pub?gid=779118968&single=true&output=csv,True,OK,docs/alibra_data/dry_bulk_trend_pac/2026-08-19.csv
2026-08-24T14:38:58.001147+00:00,2026-08-19,tanker_trend_1yr,https://docs.google.com/spreadsheets/d/e/2PACX-1vSm3hFo3WpdJQ86FaGIy-S151biJvr2J31-kbmYmO9kOwJ2sDjbz-v8ooNpsufCepZS0tCUavO5iUrI/pub?gid=137918187&single=true&output=csv,True,OK,docs/alibra_data/tanker_trend_1yr/2026-08-19.csv
2026-08-24T14:38:58.001147+00:00,2026-08-19,tanker_trend_3yr,https://docs.google.com/spreadsheets/d/e/2PACX-1vSm3hFo3WpdJQ86FaGIy-S151biJvr2J31-kbmYmO9kOwJ2sDjbz-v8ooNpsufCepZS0tCUavO5iUrI/pub?gid=1501135879&single=true&output=csv,True,OK,docs/alibra_data/tanker_trend_3yr/2026-08-19.csv
2026-08-24T14:38:58.001147+00:00,2026-08-19,dry_bulk_archive_atl,https://docs.google.com/spreadsheets/d/e/2PACX-1vSm3hFo3WpdJQ86FaGIy-S151biJvr2J31-kbmYmO9kOwJ2sDjbz-v8ooNpsufCepZS0tCUavO5iUrI/pub?gid=1609275035&single=true&output=csv,True,OK,docs/alibra_data/dry_bulk_archive_atl/2026-08-19.csv
2026-08-24T14:38:58.001147+00:00,2026-08-19,dry_bulk_archive_pac,https://docs.google.com/spreadsheets/d/e/2PACX-1vSm3hFo3WpdJQ86FaGIy-S151biJvr2J31-kbmYmO9kOwJ2sDjbz-v8ooNpsufCepZS0tCUavO5iUrI/pub?gid=1656242999&single=true&output=csv,True,OK,docs/alibra_data/dry_bulk_archive_pac/2026-08-19.csv
2026-08-24T16:35:57.732312+00:00,2026-08-19,last_updated_stamp,https://docs.google.com/spreadsheets/d/e/2PACX-1vQk6073LStJEfzv418WKYluN2zykXon3KL58hPVNnqoOPiZVhBVzBCi9QnnAETwm_QbMvltcNCuzTzH/pub?gid=92942855&single=true&output=csv,True,OK,docs/alibra_data/last_updated_stamp/2026-08-19.csv
2026-08-24T16:35:57.732312+00:00,2026-08-19,dry_bulk_tce_table,https://docs.google.com/spreadsheets/d/e/2PACX-1vQk6073LStJEfzv418WKYluN2zykXon3KL58hPVNnqoOPiZVhBVzBCi9QnnAETwm_QbMvltcNCuzTzH/pub?gid=1944138367&single=true&output=csv,True,OK,docs/alibra_data/dry_bulk_tce_table/2026-08-19.csv
2026-08-24T16:35:57.732312+00:00,2026-08-19,tanker_tce_table,https://docs.google.com/spreadsheets/d/e/2PACX-1vQk6073LStJEfzv418WKYluN2zykXon3KL58hPVNnqoOPiZVhBVzBCi9QnnAETwm_QbMvltcNCuzTzH/pub?gid=1458966001&single=true&output=csv,True,OK,docs/alibra_data/tanker_tce_table/2026-08-19.csv
2026-08-24T16:35:57.732312+00:00,2026-08-19,forward_curves,https://docs.google.com/spreadsheets/d/e/2PACX-1vQkGGniHOjjs_0booelgLP3pGwySZLvMLskYlJCxNLcq6uf9EaH50Wcpob87lH7xw/pub?gid=1196769730&single=true&output=csv,False,HTTP 500 (attempt 3),
2026-08-24T16:35:57.732312+00:00,2026-08-19,dry_bulk_trend_atl,https://docs.google.com/spreadsheets/d/e/2PACX-1vSm3hFo3WpdJQ86FaGIy-S151biJvr2J31-kbmYmO9kOwJ2sDjbz-v8ooNpsufCepZS0tCUavO5iUrI/pub?gid=409746990&single=true&output=csv,True,OK,docs/alibra_data/dry_bulk_trend_atl/2026-08-19.csv
2026-08-24T16:35:57.732312+00:00,2026-08-19,dry_bulk_trend_pac,https://docs.google.com/spreadsheets/d/e/2PACX-1vSm3hFo3WpdJQ86FaGIy-S151biJvr2J31-kbmYmO9kOwJ2sDjbz-v8ooNpsufCepZS0tCUavO5iUrI/pub?gid=779118968&single=true&output=csv,True,OK,docs/alibra_data/dry_bulk_trend_pac/2026-08-19.csv
2026-08-24T16:35:57.732312+00:00,2026-08-19,tanker_trend_1yr,https://docs.google.com/spreadsheets/d/e/2PACX-1vSm3hFo3WpdJQ86FaGIy-S151biJvr2J31-kbmYmO9kOwJ2sDjbz-v8ooNpsufCepZS0tCUavO5iUrI/pub?gid=137918187&single=true&output=csv,True,OK,docs/alibra_data/tanker_trend_1yr/2026-08-19.csv
2026-08-24T16:35:57.732312+00:00,2026-08-19,tanker_trend_3yr,https://docs.google.com/spreadsheets/d/e/2PACX-1vSm3hFo3WpdJQ86FaGIy-S151biJvr2J31-kbmYmO9kOwJ2sDjbz-v8ooNpsufCepZS0tCUavO5iUrI/pub?gid=1501135879&single=true&output=csv,True,OK,docs/alibra_data/tanker_trend_3yr/2026-08-19.csv
2026-08-24T16:35:57.732312+00:00,2026-08-19,dry_bulk_archive_atl,https://docs.google.com/spreadsheets/d/e/2PACX-1vSm3hFo3WpdJQ86FaGIy-S151biJvr2J31-kbmYmO9kOwJ2sDjbz-v8ooNpsufCepZS0tCUavO5iUrI/pub?gid=1609275035&single=true&output=csv,True,OK,docs/alibra_data/dry_bulk_archive_atl/2026-08-19.csv
2026-08-24T16:35:57.732312+00:00,2026-08-19,dry_bulk_archive_pac,https://docs.google.com/spreadsheets/d/e/2PACX-1vSm3hFo3WpdJQ86FaGIy-S151biJvr2J31-kbmYmO9kOwJ2sDjbz-v8ooNpsufCepZS0tCUavO5iUrI/pub?gid=1656242999&single=true&output=csv,True,OK,docs/alibra_data/dry_bulk_archive_pac/2026-08-19.csv
2026-08-24T19:27:27.261910+00:00,2026-08-19,last_updated_stamp,https://docs.google.com/spreadsheets/d/e/2PACX-1vQk6073LStJEfzv418WKYluN2zykXon3KL58hPVNnqoOPiZVhBVzBCi9QnnAETwm_QbMvltcNCuzTzH/pub?gid=92942855&single=true&output=csv,True,OK,docs/alibra_data/last_updated_stamp/2026-08-19.csv
2026-08-24T19:27:27.261910+00:00,2026-08-19,dry_bulk_tce_table,https://docs.google.com/spreadsheets/d/e/2PACX-1vQk6073LStJEfzv418WKYluN2zykXon3KL58hPVNnqoOPiZVhBVzBCi9QnnAETwm_QbMvltcNCuzTzH/pub?gid=1944138367&single=true&output=csv,True,OK,docs/alibra_data/dry_bulk_tce_table/2026-08-19.csv
2026-08-24T19:27:27.261910+00:00,2026-08-19,tanker_tce_table,https://docs.google.com/spreadsheets/d/e/2PACX-1vQk6073LStJEfzv418WKYluN2zykXon3KL58hPVNnqoOPiZVhBVzBCi9QnnAETwm_QbMvltcNCuzTzH/pub?gid=1458966001&single=true&output=csv,True,OK,docs/alibra_data/tanker_tce_table/2026-08-19.csv
2026-08-24T19:27:27.261910+00:00,2026-08-19,forward_curves,https://docs.google.com/spreadsheets/d/e/2PACX-1vQkGGniHOjjs_0booelgLP3pGwySZLvMLskYlJCxNLcq6uf9EaH50Wcpob87lH7xw/pub?gid=1196769730&single=true&output=csv,False,HTTP 500 (attempt 3),
2026-08-24T19:27:27.261910+00:00,2026-08-19,dry_bulk_trend_atl,https://docs.google.com/spreadsheets/d/e/2PACX-1vSm3hFo3WpdJQ86FaGIy-S151biJvr2J31-kbmYmO9kOwJ2sDjbz-v8ooNpsufCepZS0tCUavO5iUrI/pub?gid=409746990&single=true&output=csv,True,OK,docs/alibra_data/dry_bulk_trend_atl/2026-08-19.csv
2026-08-24T19:27:27.261910+00:00,2026-08-19,dry_bulk_trend_pac,https://docs.google.com/spreadsheets/d/e/2PACX-1vSm3hFo3WpdJQ86FaGIy-S151biJvr2J31-kbmYmO9kOwJ2sDjbz-v8ooNpsufCepZS0tCUavO5iUrI/pub?gid=779118968&single=true&output=csv,True,OK,docs/alibra_data/dry_bulk_trend_pac/2026-08-19.csv
2026-08-24T19:27:27.261910+00:00,2026-08-19,tanker_trend_1yr,https://docs.google.com/spreadsheets/d/e/2PACX-1vSm3hFo3WpdJQ86FaGIy-S151biJvr2J31-kbmYmO9kOwJ2sDjbz-v8ooNpsufCepZS0tCUavO5iUrI/pub?gid=137918187&single=true&output=csv,True,OK,docs/alibra_data/tanker_trend_1yr/2026-08-19.csv
2026-08-24T19:27:27.261910+00:00,2026-08-19,tanker_trend_3yr,https://docs.google.com/spreadsheets/d/e/2PACX-1vSm3hFo3WpdJQ86FaGIy-S151biJvr2J31-kbmYmO9kOwJ2sDjbz-v8ooNpsufCepZS0tCUavO5iUrI/pub?gid=1501135879&single=true&output=csv,True,OK,docs/alibra_data/tanker_trend_3yr/2026-08-19.csv
2026-08-24T19:27:27.261910+00:00,2026-08-19,dry_bulk_archive_atl,https://docs.google.com/spreadsheets/d/e/2PACX-1vSm3hFo3WpdJQ86FaGIy-S151biJvr2J31-kbmYmO9kOwJ2sDjbz-v8ooNpsufCepZS0tCUavO5iUrI/pub?gid=1609275035&single=true&output=csv,True,OK,docs/alibra_data/dry_bulk_archive_atl/2026-08-19.csv
2026-08-24T19:27:27.261910+00:00,2026-08-19,dry_bulk_archive_pac,https://docs.google.com/spreadsheets/d/e/2PACX-1vSm3hFo3WpdJQ86FaGIy-S151biJvr2J31-kbmYmO9kOwJ2sDjbz-v8ooNpsufCepZS0tCUavO5iUrI/pub?gid=1656242999&single=true&output=csv,True,OK,docs/alibra_data/dry_bulk_archive_pac/2026-08-19.csv
2026-08-24T22:23:17.306813+00:00,2026-08-19,last_updated_stamp,https://docs.google.com/spreadsheets/d/e/2PACX-1vQk6073LStJEfzv418WKYluN2zykXon3KL58hPVNnqoOPiZVhBVzBCi9QnnAETwm_QbMvltcNCuzTzH/pub?gid=92942855&single=true&output=csv,True,OK,docs/alibra_data/last_updated_stamp/2026-08-19.csv
2026-08-24T22:23:17.306813+00:00,2026-08-19,dry_bulk_tce_table,https://docs.google.com/spreadsheets/d/e/2PACX-1vQk6073LStJEfzv418WKYluN2zykXon3KL58hPVNnqoOPiZVhBVzBCi9QnnAETwm_QbMvltcNCuzTzH/pub?gid=1944138367&single=true&output=csv,True,OK,docs/alibra_data/dry_bulk_tce_table/2026-08-19.csv
2026-08-24T22:23:17.306813+00:00,2026-08-19,tanker_tce_table,https://docs.google.com/spreadsheets/d/e/2PACX-1vQk6073LStJEfzv418WKYluN2zykXon3KL58hPVNnqoOPiZVhBVzBCi9QnnAETwm_QbMvltcNCuzTzH/pub?gid=1458966001&single=true&output=csv,True,OK,docs/alibra_data/tanker_tce_table/2026-08-19.csv
2026-08-24T22:23:17.306813+00:00,2026-08-19,forward_curves,https://docs.google.com/spreadsheets/d/e/2PACX-1vQkGGniHOjjs_0booelgLP3pGwySZLvMLskYlJCxNLcq6uf9EaH50Wcpob87lH7xw/pub?gid=1196769730&single=true&output=csv,False,HTTP 500 (attempt 3),
2026-08-24T22:23:17.306813+00:00,2026-08-19,dry_bulk_trend_atl,https://docs.google.com/spreadsheets/d/e/2PACX-1vSm3hFo3WpdJQ86FaGIy-S151biJvr2J31-kbmYmO9kOwJ2sDjbz-v8ooNpsufCepZS0tCUavO5iUrI/pub?gid=409746990&single=true&output=csv,True,OK,docs/alibra_data/dry_bulk_trend_atl/2026-08-19.csv
2026-08-24T22:23:17.306813+00:00,2026-08-19,dry_bulk_trend_pac,https://docs.google.com/spreadsheets/d/e/2PACX-1vSm3hFo3WpdJQ86FaGIy-S151biJvr2J31-kbmYmO9kOwJ2sDjbz-v8ooNpsufCepZS0tCUavO5iUrI/pub?gid=779118968&single=true&output=csv,True,OK,docs/alibra_data/dry_bulk_trend_pac/2026-08-19.csv
2026-08-24T22:23:17.306813+00:00,2026-08-19,tanker_trend_1yr,https://docs.google.com/spreadsheets/d/e/2PACX-1vSm3hFo3WpdJQ86FaGIy-S151biJvr2J31-kbmYmO9kOwJ2sDjbz-v8ooNpsufCepZS0tCUavO5iUrI/pub?gid=137918187&single=true&output=csv,True,OK,docs/alibra_data/tanker_trend_1yr/2026-08-19.csv
2026-08-24T22:23:17.306813+00:00,2026-08-19,tanker_trend_3yr,https://docs.google.com/spreadsheets/d/e/2PACX-1vSm3hFo3WpdJQ86FaGIy-S151biJvr2J31-kbmYmO9kOwJ2sDjbz-v8ooNpsufCepZS0tCUavO5iUrI/pub?gid=1501135879&single=true&output=csv,True,OK,docs/alibra_data/tanker_trend_3yr/2026-08-19.csv
2026-08-24T22:23:17.306813+00:00,2026-08-19,dry_bulk_archive_atl,https://docs.google.com/spreadsheets/d/e/2PACX-1vSm3hFo3WpdJQ86FaGIy-S151biJvr2J31-kbmYmO9kOwJ2sDjbz-v8ooNpsufCepZS0tCUavO5iUrI/pub?gid=1609275035&single=true&output=csv,True,OK,docs/alibra_data/dry_bulk_archive_atl/2026-08-19.csv
2026-08-24T22:23:17.306813+00:00,2026-08-19,dry_bulk_archive_pac,https://docs.google.com/spreadsheets/d/e/2PACX-1vSm3hFo3WpdJQ86FaGIy-S151biJvr2J31-kbmYmO9kOwJ2sDjbz-v8ooNpsufCepZS0tCUavO5iUrI/pub?gid=1656242999&single=true&output=csv,True,OK,docs/alibra_data/dry_bulk_archive_pac/2026-08-19.csv
2026-08-25T07:43:22.746152+00:00,2026-08-19,last_updated_stamp,https://docs.google.com/spreadsheets/d/e/2PACX-1vQk6073LStJEfzv418WKYluN2zykXon3KL58hPVNnqoOPiZVhBVzBCi9QnnAETwm_QbMvltcNCuzTzH/pub?gid=92942855&single=true&output=csv,True,OK,docs/alibra_data/last_updated_stamp/2026-08-19.csv
2026-08-25T07:43:22.746152+00:00,2026-08-19,dry_bulk_tce_table,https://docs.google.com/spreadsheets/d/e/2PACX-1vQk6073LStJEfzv418WKYluN2zykXon3KL58hPVNnqoOPiZVhBVzBCi9QnnAETwm_QbMvltcNCuzTzH/pub?gid=1944138367&single=true&output=csv,True,OK,docs/alibra_data/dry_bulk_tce_table/2026-08-19.csv
2026-08-25T07:43:22.746152+00:00,2026-08-19,tanker_tce_table,https://docs.google.com/spreadsheets/d/e/2PACX-1vQk6073LStJEfzv418WKYluN2zykXon3KL58hPVNnqoOPiZVhBVzBCi9QnnAETwm_QbMvltcNCuzTzH/pub?gid=1458966001&single=true&output=csv,True,OK,docs/alibra_data/tanker_tce_table/2026-08-19.csv
2026-08-25T07:43:22.746152+00:00,2026-08-19,forward_curves,https://docs.google.com/spreadsheets/d/e/2PACX-1vQkGGniHOjjs_0booelgLP3pGwySZLvMLskYlJCxNLcq6uf9EaH50Wcpob87lH7xw/pub?gid=1196769730&single=true&output=csv,False,HTTP 500 (attempt 3),
2026-08-25T07:43:22.746152+00:00,2026-08-19,dry_bulk_trend_atl,https://docs.google.com/spreadsheets/d/e/2PACX-1vSm3hFo3WpdJQ86FaGIy-S151biJvr2J31-kbmYmO9kOwJ2sDjbz-v8ooNpsufCepZS0tCUavO5iUrI/pub?gid=409746990&single=true&output=csv,True,OK,docs/alibra_data/dry_bulk_trend_atl/2026-08-19.csv
2026-08-25T07:43:22.746152+00:00,2026-08-19,dry_bulk_trend_pac,https://docs.google.com/spreadsheets/d/e/2PACX-1vSm3hFo3WpdJQ86FaGIy-S151biJvr2J31-kbmYmO9kOwJ2sDjbz-v8ooNpsufCepZS0tCUavO5iUrI/pub?gid=779118968&single=true&output=csv,True,OK,docs/alibra_data/dry_bulk_trend_pac/2026-08-19.csv
2026-08-25T07:43:22.746152+00:00,2026-08-19,tanker_trend_1yr,https://docs.google.com/spreadsheets/d/e/2PACX-1vSm3hFo3WpdJQ86FaGIy-S151biJvr2J31-kbmYmO9kOwJ2sDjbz-v8ooNpsufCepZS0tCUavO5iUrI/pub?gid=137918187&single=true&output=csv,True,OK,docs/alibra_data/tanker_trend_1yr/2026-08-19.csv
2026-08-25T07:43:22.746152+00:00,2026-08-19,tanker_trend_3yr,https://docs.google.com/spreadsheets/d/e/2PACX-1vSm3hFo3WpdJQ86FaGIy-S151biJvr2J31-kbmYmO9kOwJ2sDjbz-v8ooNpsufCepZS0tCUavO5iUrI/pub?gid=1501135879&single=true&output=csv,True,OK,docs/alibra_data/tanker_trend_3yr/2026-08-19.csv
2026-08-25T07:43:22.746152+00:00,2026-08-19,dry_bulk_archive_atl,https://docs.google.com/spreadsheets/d/e/2PACX-1vSm3hFo3WpdJQ86FaGIy-S151biJvr2J31-kbmYmO9kOwJ2sDjbz-v8ooNpsufCepZS0tCUavO5iUrI/pub?gid=1609275035&single=true&output=csv,True,OK,docs/alibra_data/dry_bulk_archive_atl/2026-08-19.csv
2026-08-25T07:43:22.746152+00:00,2026-08-19,dry_bulk_archive_pac,https://docs.google.com/spreadsheets/d/e/2PACX-1vSm3hFo3WpdJQ86FaGIy-S151biJvr2J31-kbmYmO9kOwJ2sDjbz-v8ooNpsufCepZS0tCUavO5iUrI/pub?gid=1656242999&single=true&output=csv,True,OK,docs/alibra_data/dry_bulk_archive_pac/2026-08-19.csv
2026-08-25T12:46:05.551891+00:00,2026-08-19,last_updated_stamp,https://docs.google.com/spreadsheets/d/e/2PACX-1vQk6073LStJEfzv418WKYluN2zykXon3KL58hPVNnqoOPiZVhBVzBCi9QnnAETwm_QbMvltcNCuzTzH/pub?gid=92942855&single=true&output=csv,True,OK,docs/alibra_data/last_updated_stamp/2026-08-19.csv
2026-08-25T12:46:05.551891+00:00,2026-08-19,dry_bulk_tce_table,https://docs.google.com/spreadsheets/d/e/2PACX-1vQk6073LStJEfzv418WKYluN2zykXon3KL58hPVNnqoOPiZVhBVzBCi9QnnAETwm_QbMvltcNCuzTzH/pub?gid=1944138367&single=true&output=csv,True,OK,docs/alibra_data/dry_bulk_tce_table/2026-08-19.csv
2026-08-25T12:46:05.551891+00:00,2026-08-19,tanker_tce_table,https://docs.google.com/spreadsheets/d/e/2PACX-1vQk6073LStJEfzv418WKYluN2zykXon3KL58hPVNnqoOPiZVhBVzBCi9QnnAETwm_QbMvltcNCuzTzH/pub?gid=1458966001&single=true&output=csv,True,OK,docs/alibra_data/tanker_tce_table/2026-08-19.csv
2026-08-25T12:46:05.551891+00:00,2026-08-19,forward_curves,https://docs.google.com/spreadsheets/d/e/2PACX-1vQkGGniHOjjs_0booelgLP3pGwySZLvMLskYlJCxNLcq6uf9EaH50Wcpob87lH7xw/pub?gid=1196769730&single=true&output=csv,False,HTTP 500 (attempt 3),
2026-08-25T12:46:05.551891+00:00,2026-08-19,dry_bulk_trend_atl,https://docs.google.com/spreadsheets/d/e/2PACX-1vSm3hFo3WpdJQ86FaGIy-S151biJvr2J31-kbmYmO9kOwJ2sDjbz-v8ooNpsufCepZS0tCUavO5iUrI/pub?gid=409746990&single=true&output=csv,True,OK,docs/alibra_data/dry_bulk_trend_atl/2026-08-19.csv
2026-08-25T12:46:05.551891+00:00,2026-08-19,dry_bulk_trend_pac,https://docs.google.com/spreadsheets/d/e/2PACX-1vSm3hFo3WpdJQ86FaGIy-S151biJvr2J31-kbmYmO9kOwJ2sDjbz-v8ooNpsufCepZS0tCUavO5iUrI/pub?gid=779118968&single=true&output=csv,True,OK,docs/alibra_data/dry_bulk_trend_pac/2026-08-19.csv
2026-08-25T12:46:05.551891+00:00,2026-08-19,tanker_trend_1yr,https://docs.google.com/spreadsheets/d/e/2PACX-1vSm3hFo3WpdJQ86FaGIy-S151biJvr2J31-kbmYmO9kOwJ2sDjbz-v8ooNpsufCepZS0tCUavO5iUrI/pub?gid=137918187&single=true&output=csv,True,OK,docs/alibra_data/tanker_trend_1yr/2026-08-19.csv
2026-08-25T12:46:05.551891+00:00,2026-08-19,tanker_trend_3yr,https://docs.google.com/spreadsheets/d/e/2PACX-1vSm3hFo3WpdJQ86FaGIy-S151biJvr2J31-kbmYmO9kOwJ2sDjbz-v8ooNpsufCepZS0tCUavO5iUrI/pub?gid=1501135879&single=true&output=csv,True,OK,docs/alibra_data/tanker_trend_3yr/2026-08-19.csv
2026-08-25T12:46:05.551891+00:00,2026-08-19,dry_bulk_archive_atl,https://docs.google.com/spreadsheets/d/e/2PACX-1vSm3hFo3WpdJQ86FaGIy-S151biJvr2J31-kbmYmO9kOwJ2sDjbz-v8ooNpsufCepZS0tCUavO5iUrI/pub?gid=1609275035&single=true&output=csv,True,OK,docs/alibra_data/dry_bulk_archive_atl/2026-08-19.csv
2026-08-25T12:46:05.551891+00:00,2026-08-19,dry_bulk_archive_pac,https://docs.google.com/spreadsheets/d/e/2PACX-1vSm3hFo3WpdJQ86FaGIy-S151biJvr2J31-kbmYmO9kOwJ2sDjbz-v8ooNpsufCepZS0tCUavO5iUrI/pub?gid=1656242999&single=true&output=csv,True,OK,docs/alibra_data/dry_bulk_archive_pac/2026-08-19.csv
2026-08-25T14:45:17.100142+00:00,2026-08-19,last_updated_stamp,https://docs.google.com/spreadsheets/d/e/2PACX-1vQk6073LStJEfzv418WKYluN2zykXon3KL58hPVNnqoOPiZVhBVzBCi9QnnAETwm_QbMvltcNCuzTzH/pub?gid=92942855&single=true&output=csv,True,OK,docs/alibra_data/last_updated_stamp/2026-08-19.csv
2026-08-25T14:45:17.100142+00:00,2026-08-19,dry_bulk_tce_table,https://docs.google.com/spreadsheets/d/e/2PACX-1vQk6073LStJEfzv418WKYluN2zykXon3KL58hPVNnqoOPiZVhBVzBCi9QnnAETwm_QbMvltcNCuzTzH/pub?gid=1944138367&single=true&output=csv,True,OK,docs/alibra_data/dry_bulk_tce_table/2026-08-19.csv
2026-08-25T14:45:17.100142+00:00,2026-08-19,tanker_tce_table,https://docs.google.com/spreadsheets/d/e/2PACX-1vQk6073LStJEfzv418WKYluN2zykXon3KL58hPVNnqoOPiZVhBVzBCi9QnnAETwm_QbMvltcNCuzTzH/pub?gid=1458966001&single=true&output=csv,True,OK,docs/alibra_data/tanker_tce_table/2026-08-19.csv
2026-08-25T14:45:17.100142+00:00,2026-08-19,forward_curves,https://docs.google.com/spreadsheets/d/e/2PACX-1vQkGGniHOjjs_0booelgLP3pGwySZLvMLskYlJCxNLcq6uf9EaH50Wcpob87lH7xw/pub?gid=1196769730&single=true&output=csv,False,HTTP 500 (attempt 3),
2026-08-25T14:45:17.100142+00:00,2026-08-19,dry_bulk_trend_atl,https://docs.google.com/spreadsheets/d/e/2PACX-1vSm3hFo3WpdJQ86FaGIy-S151biJvr2J31-kbmYmO9kOwJ2sDjbz-v8ooNpsufCepZS0tCUavO5iUrI/pub?gid=409746990&single=true&output=csv,True,OK,docs/alibra_data/dry_bulk_trend_atl/2026-08-19.csv
2026-08-25T14:45:17.100142+00:00,2026-08-19,dry_bulk_trend_pac,https://docs.google.com/spreadsheets/d/e/2PACX-1vSm3hFo3WpdJQ86FaGIy-S151biJvr2J31-kbmYmO9kOwJ2sDjbz-v8ooNpsufCepZS0tCUavO5iUrI/pub?gid=779118968&single=true&output=csv,True,OK,docs/alibra_data/dry_bulk_trend_pac/2026-08-19.csv
2026-08-25T14:45:17.100142+00:00,2026-08-19,tanker_trend_1yr,https://docs.google.com/spreadsheets/d/e/2PACX-1vSm3hFo3WpdJQ86FaGIy-S151biJvr2J31-kbmYmO9kOwJ2sDjbz-v8ooNpsufCepZS0tCUavO5iUrI/pub?gid=137918187&single=true&output=csv,True,OK,docs/alibra_data/tanker_trend_1yr/2026-08-19.csv
2026-08-25T14:45:17.100142+00:00,2026-08-19,tanker_trend_3yr,https://docs.google.com/spreadsheets/d/e/2PACX-1vSm3hFo3WpdJQ86FaGIy-S151biJvr2J31-kbmYmO9kOwJ2sDjbz-v8ooNpsufCepZS0tCUavO5iUrI/pub?gid=1501135879&single=true&output=csv,True,OK,docs/alibra_data/tanker_trend_3yr/2026-08-19.csv
2026-08-25T14:45:17.100142+00:00,2026-08-19,dry_bulk_archive_atl,https://docs.google.com/spreadsheets/d/e/2PACX-1vSm3hFo3WpdJQ86FaGIy-S151biJvr2J31-kbmYmO9kOwJ2sDjbz-v8ooNpsufCepZS0tCUavO5iUrI/pub?gid=1609275035&single=true&output=csv,True,OK,docs/alibra_data/dry_bulk_archive_atl/2026-08-19.csv
2026-08-25T14:45:17.100142+00:00,2026-08-19,dry_bulk_archive_pac,https://docs.google.com/spreadsheets/d/e/2PACX-1vSm3hFo3WpdJQ86FaGIy-S151biJvr2J31-kbmYmO9kOwJ2sDjbz-v8ooNpsufCepZS0tCUavO5iUrI/pub?gid=1656242999&single=true&output=csv,True,OK,docs/alibra_data/dry_bulk_archive_pac/2026-08-19.csv
2026-08-25T16:35:43.005512+00:00,2026-08-19,last_updated_stamp,https://docs.google.com/spreadsheets/d/e/2PACX-1vQk6073LStJEfzv418WKYluN2zykXon3KL58hPVNnqoOPiZVhBVzBCi9QnnAETwm_QbMvltcNCuzTzH/pub?gid=92942855&single=true&output=csv,True,OK,docs/alibra_data/last_updated_stamp/2026-08-19.csv
2026-08-25T16:35:43.005512+00:00,2026-08-19,dry_bulk_tce_table,https://docs.google.com/spreadsheets/d/e/2PACX-1vQk6073LStJEfzv418WKYluN2zykXon3KL58hPVNnqoOPiZVhBVzBCi9QnnAETwm_QbMvltcNCuzTzH/pub?gid=1944138367&single=true&output=csv,True,OK,docs/alibra_data/dry_bulk_tce_table/2026-08-19.csv
2026-08-25T16:35:43.005512+00:00,2026-08-19,tanker_tce_table,https://docs.google.com/spreadsheets/d/e/2PACX-1vQk6073LStJEfzv418WKYluN2zykXon3KL58hPVNnqoOPiZVhBVzBCi9QnnAETwm_QbMvltcNCuzTzH/pub?gid=1458966001&single=true&output=csv,True,OK,docs/alibra_data/tanker_tce_table/2026-08-19.csv
2026-08-25T16:35:43.005512+00:00,2026-08-19,forward_curves,https://docs.google.com/spreadsheets/d/e/2PACX-1vQkGGniHOjjs_0booelgLP3pGwySZLvMLskYlJCxNLcq6uf9EaH50Wcpob87lH7xw/pub?gid=1196769730&single=true&output=csv,False,HTTP 500 (attempt 3),
2026-08-25T16:35:43.005512+00:00,2026-08-19,dry_bulk_trend_atl,https://docs.google.com/spreadsheets/d/e/2PACX-1vSm3hFo3WpdJQ86FaGIy-S151biJvr2J31-kbmYmO9kOwJ2sDjbz-v8ooNpsufCepZS0tCUavO5iUrI/pub?gid=409746990&single=true&output=csv,True,OK,docs/alibra_data/dry_bulk_trend_atl/2026-08-19.csv
2026-08-25T16:35:43.005512+00:00,2026-08-19,dry_bulk_trend_pac,https://docs.google.com/spreadsheets/d/e/2PACX-1vSm3hFo3WpdJQ86FaGIy-S151biJvr2J31-kbmYmO9kOwJ2sDjbz-v8ooNpsufCepZS0tCUavO5iUrI/pub?gid=779118968&single=true&output=csv,True,OK,docs/alibra_data/dry_bulk_trend_pac/2026-08-19.csv
2026-08-25T16:35:43.005512+00:00,2026-08-19,tanker_trend_1yr,https://docs.google.com/spreadsheets/d/e/2PACX-1vSm3hFo3WpdJQ86FaGIy-S151biJvr2J31-kbmYmO9kOwJ2sDjbz-v8ooNpsufCepZS0tCUavO5iUrI/pub?gid=137918187&single=true&output=csv,True,OK,docs/alibra_data/tanker_trend_1yr/2026-08-19.csv
2026-08-25T16:35:43.005512+00:00,2026-08-19,tanker_trend_3yr,https://docs.google.com/spreadsheets/d/e/2PACX-1vSm3hFo3WpdJQ86FaGIy-S151biJvr2J31-kbmYmO9kOwJ2sDjbz-v8ooNpsufCepZS0tCUavO5iUrI/pub?gid=1501135879&single=true&output=csv,True,OK,docs/alibra_data/tanker_trend_3yr/2026-08-19.csv
2026-08-25T16:35:43.005512+00:00,2026-08-19,dry_bulk_archive_atl,https://docs.google.com/spreadsheets/d/e/2PACX-1vSm3hFo3WpdJQ86FaGIy-S151biJvr2J31-kbmYmO9kOwJ2sDjbz-v8ooNpsufCepZS0tCUavO5iUrI/pub?gid=1609275035&single=true&output=csv,True,OK,docs/alibra_data/dry_bulk_archive_atl/2026-08-19.csv
2026-08-25T16:35:43.005512+00:00,2026-08-19,dry_bulk_archive_pac,https://docs.google.com/spreadsheets/d/e/2PACX-1vSm3hFo3WpdJQ86FaGIy-S151biJvr2J31-kbmYmO9kOwJ2sDjbz-v8ooNpsufCepZS0tCUavO5iUrI/pub?gid=1656242999&single=true&output=csv,True,OK,docs/alibra_data/dry_bulk_archive_pac/2026-08-19.csv
2026-08-25T19:41:16.414848+00:00,2026-08-19,last_updated_stamp,https://docs.google.com/spreadsheets/d/e/2PACX-1vQk6073LStJEfzv418WKYluN2zykXon3KL58hPVNnqoOPiZVhBVzBCi9QnnAETwm_QbMvltcNCuzTzH/pub?gid=92942855&single=true&output=csv,True,OK,docs/alibra_data/last_updated_stamp/2026-08-19.csv
2026-08-25T19:41:16.414848+00:00,2026-08-19,dry_bulk_tce_table,https://docs.google.com/spreadsheets/d/e/2PACX-1vQk6073LStJEfzv418WKYluN2zykXon3KL58hPVNnqoOPiZVhBVzBCi9QnnAETwm_QbMvltcNCuzTzH/pub?gid=1944138367&single=true&output=csv,True,OK,docs/alibra_data/dry_bulk_tce_table/2026-08-19.csv
2026-08-25T19:41:16.414848+00:00,2026-08-19,tanker_tce_table,https://docs.google.com/spreadsheets/d/e/2PACX-1vQk6073LStJEfzv418WKYluN2zykXon3KL58hPVNnqoOPiZVhBVzBCi9QnnAETwm_QbMvltcNCuzTzH/pub?gid=1458966001&single=true&output=csv,True,OK,docs/alibra_data/tanker_tce_table/2026-08-19.csv
2026-08-25T19:41:16.414848+00:00,2026-08-19,forward_curves,https://docs.google.com/spreadsheets/d/e/2PACX-1vQkGGniHOjjs_0booelgLP3pGwySZLvMLskYlJCxNLcq6uf9EaH50Wcpob87lH7xw/pub?gid=1196769730&single=true&output=csv,False,HTTP 500 (attempt 3),
2026-08-25T19:41:16.414848+00:00,2026-08-19,dry_bulk_trend_atl,https://docs.google.com/spreadsheets/d/e/2PACX-1vSm3hFo3WpdJQ86FaGIy-S151biJvr2J31-kbmYmO9kOwJ2sDjbz-v8ooNpsufCepZS0tCUavO5iUrI/pub?gid=409746990&single=true&output=csv,True,OK,docs/alibra_data/dry_bulk_trend_atl/2026-08-19.csv
2026-08-25T19:41:16.414848+00:00,2026-08-19,dry_bulk_trend_pac,https://docs.google.com/spreadsheets/d/e/2PACX-1vSm3hFo3WpdJQ86FaGIy-S151biJvr2J31-kbmYmO9kOwJ2sDjbz-v8ooNpsufCepZS0tCUavO5iUrI/pub?gid=779118968&single=true&output=csv,True,OK,docs/alibra_data/dry_bulk_trend_pac/2026-08-19.csv
2026-08-25T19:41:16.414848+00:00,2026-08-19,tanker_trend_1yr,https://docs.google.com/spreadsheets/d/e/2PACX-1vSm3hFo3WpdJQ86FaGIy-S151biJvr2J31-kbmYmO9kOwJ2sDjbz-v8ooNpsufCepZS0tCUavO5iUrI/pub?gid=137918187&single=true&output=csv,True,OK,docs/alibra_data/tanker_trend_1yr/2026-08-19.csv
2026-08-25T19:41:16.414848+00:00,2026-08-19,tanker_trend_3yr,https://docs.google.com/spreadsheets/d/e/2PACX-1vSm3hFo3WpdJQ86FaGIy-S151biJvr2J31-kbmYmO9kOwJ2sDjbz-v8ooNpsufCepZS0tCUavO5iUrI/pub?gid=1501135879&single=true&output=csv,True,OK,docs/alibra_data/tanker_trend_3yr/2026-08-19.csv
2026-08-25T19:41:16.414848+00:00,2026-08-19,dry_bulk_archive_atl,https://docs.google.com/spreadsheets/d/e/2PACX-1vSm3hFo3WpdJQ86FaGIy-S151biJvr2J31-kbmYmO9kOwJ2sDjbz-v8ooNpsufCepZS0tCUavO5iUrI/pub?gid=1609275035&single=true&output=csv,True,OK,docs/alibra_data/dry_bulk_archive_atl/2026-08-19.csv
2026-08-25T19:41:16.414848+00:00,2026-08-19,dry_bulk_archive_pac,https://docs.google.com/spreadsheets/d/e/2PACX-1vSm3hFo3WpdJQ86FaGIy-S151biJvr2J31-kbmYmO9kOwJ2sDjbz-v8ooNpsufCepZS0tCUavO5iUrI/pub?gid=1656242999&single=true&output=csv,True,OK,docs/alibra_data/dry_bulk_archive_pac/2026-08-19.csv
2026-08-25T22:42:10.471586+00:00,2026-08-19,last_updated_stamp,https://docs.google.com/spreadsheets/d/e/2PACX-1vQk6073LStJEfzv418WKYluN2zykXon3KL58hPVNnqoOPiZVhBVzBCi9QnnAETwm_QbMvltcNCuzTzH/pub?gid=92942855&single=true&output=csv,True,OK,docs/alibra_data/last_updated_stamp/2026-08-19.csv
2026-08-25T22:42:10.471586+00:00,2026-08-19,dry_bulk_tce_table,https://docs.google.com/spreadsheets/d/e/2PACX-1vQk6073LStJEfzv418WKYluN2zykXon3KL58hPVNnqoOPiZVhBVzBCi9QnnAETwm_QbMvltcNCuzTzH/pub?gid=1944138367&single=true&output=csv,True,OK,docs/alibra_data/dry_bulk_tce_table/2026-08-19.csv
2026-08-25T22:42:10.471586+00:00,2026-08-19,tanker_tce_table,https://docs.google.com/spreadsheets/d/e/2PACX-1vQk6073LStJEfzv418WKYluN2zykXon3KL58hPVNnqoOPiZVhBVzBCi9QnnAETwm_QbMvltcNCuzTzH/pub?gid=1458966001&single=true&output=csv,True,OK,docs/alibra_data/tanker_tce_table/2026-08-19.csv
2026-08-25T22:42:10.471586+00:00,2026-08-19,forward_curves,https://docs.google.com/spreadsheets/d/e/2PACX-1vQkGGniHOjjs_0booelgLP3pGwySZLvMLskYlJCxNLcq6uf9EaH50Wcpob87lH7xw/pub?gid=1196769730&single=true&output=csv,False,HTTP 500 (attempt 3),
2026-08-25T22:42:10.471586+00:00,2026-08-19,dry_bulk_trend_atl,https://docs.google.com/spreadsheets/d/e/2PACX-1vSm3hFo3WpdJQ86FaGIy-S151biJvr2J31-kbmYmO9kOwJ2sDjbz-v8ooNpsufCepZS0tCUavO5iUrI/pub?gid=409746990&single=true&output=csv,True,OK,docs/alibra_data/dry_bulk_trend_atl/2026-08-19.csv
2026-08-25T22:42:10.471586+00:00,2026-08-19,dry_bulk_trend_pac,https://docs.google.com/spreadsheets/d/e/2PACX-1vSm3hFo3WpdJQ86FaGIy-S151biJvr2J31-kbmYmO9kOwJ2sDjbz-v8ooNpsufCepZS0tCUavO5iUrI/pub?gid=779118968&single=true&output=csv,True,OK,docs/alibra_data/dry_bulk_trend_pac/2026-08-19.csv
2026-08-25T22:42:10.471586+00:00,2026-08-19,tanker_trend_1yr,https://docs.google.com/spreadsheets/d/e/2PACX-1vSm3hFo3WpdJQ86FaGIy-S151biJvr2J31-kbmYmO9kOwJ2sDjbz-v8ooNpsufCepZS0tCUavO5iUrI/pub?gid=137918187&single=true&output=csv,True,OK,docs/alibra_data/tanker_trend_1yr/2026-08-19.csv
2026-08-25T22:42:10.471586+00:00,2026-08-19,tanker_trend_3yr,https://docs.google.com/spreadsheets/d/e/2PACX-1vSm3hFo3WpdJQ86FaGIy-S151biJvr2J31-kbmYmO9kOwJ2sDjbz-v8ooNpsufCepZS0tCUavO5iUrI/pub?gid=1501135879&single=true&output=csv,True,OK,docs/alibra_data/tanker_trend_3yr/2026-08-19.csv
2026-08-25T22:42:10.471586+00:00,2026-08-19,dry_bulk_archive_atl,https://docs.google.com/spreadsheets/d/e/2PACX-1vSm3hFo3WpdJQ86FaGIy-S151biJvr2J31-kbmYmO9kOwJ2sDjbz-v8ooNpsufCepZS0tCUavO5iUrI/pub?gid=1609275035&single=true&output=csv,True,OK,docs/alibra_data/dry_bulk_archive_atl/2026-08-19.csv
2026-08-25T22:42:10.471586+00:00,2026-08-19,dry_bulk_archive_pac,https://docs.google.com/spreadsheets/d/e/2PACX-1vSm3hFo3WpdJQ86FaGIy-S151biJvr2J31-kbmYmO9kOwJ2sDjbz-v8ooNpsufCepZS0tCUavO5iUrI/pub?gid=1656242999&single=true&output=csv,True,OK,docs/alibra_data/dry_bulk_archive_pac/2026-08-19.csv
2026-08-26T07:11:09.441947+00:00,2026-08-26,last_updated_stamp,https://docs.google.com/spreadsheets/d/e/2PACX-1vQk6073LStJEfzv418WKYluN2zykXon3KL58hPVNnqoOPiZVhBVzBCi9QnnAETwm_QbMvltcNCuzTzH/pub?gid=92942855&single=true&output=csv,True,OK,docs/alibra_data/last_updated_stamp/2026-08-26.csv
2026-08-26T07:11:09.441947+00:00,2026-08-26,dry_bulk_tce_table,https://docs.google.com/spreadsheets/d/e/2PACX-1vQk6073LStJEfzv418WKYluN2zykXon3KL58hPVNnqoOPiZVhBVzBCi9QnnAETwm_QbMvltcNCuzTzH/pub?gid=1944138367&single=true&output=csv,True,OK,docs/alibra_data/dry_bulk_tce_table/2026-08-26.csv
2026-08-26T07:11:09.441947+00:00,2026-08-26,tanker_tce_table,https://docs.google.com/spreadsheets/d/e/2PACX-1vQk6073LStJEfzv418WKYluN2zykXon3KL58hPVNnqoOPiZVhBVzBCi9QnnAETwm_QbMvltcNCuzTzH/pub?gid=1458966001&single=true&output=csv,True,OK,docs/alibra_data/tanker_tce_table/2026-08-26.csv
2026-08-26T07:11:09.441947+00:00,2026-08-26,forward_curves,https://docs.google.com/spreadsheets/d/e/2PACX-1vQkGGniHOjjs_0booelgLP3pGwySZLvMLskYlJCxNLcq6uf9EaH50Wcpob87lH7xw/pub?gid=1196769730&single=true&output=csv,False,HTTP 500 (attempt 3),
2026-08-26T07:11:09.441947+00:00,2026-08-26,dry_bulk_trend_atl,https://docs.google.com/spreadsheets/d/e/2PACX-1vSm3hFo3WpdJQ86FaGIy-S151biJvr2J31-kbmYmO9kOwJ2sDjbz-v8ooNpsufCepZS0tCUavO5iUrI/pub?gid=409746990&single=true&output=csv,True,OK,docs/alibra_data/dry_bulk_trend_atl/2026-08-26.csv
2026-08-26T07:11:09.441947+00:00,2026-08-26,dry_bulk_trend_pac,https://docs.google.com/spreadsheets/d/e/2PACX-1vSm3hFo3WpdJQ86FaGIy-S151biJvr2J31-kbmYmO9kOwJ2sDjbz-v8ooNpsufCepZS0tCUavO5iUrI/pub?gid=779118968&single=true&output=csv,True,OK,docs/alibra_data/dry_bulk_trend_pac/2026-08-26.csv
2026-08-26T07:11:09.441947+00:00,2026-08-26,tanker_trend_1yr,https://docs.google.com/spreadsheets/d/e/2PACX-1vSm3hFo3WpdJQ86FaGIy-S151biJvr2J31-kbmYmO9kOwJ2sDjbz-v8ooNpsufCepZS0tCUavO5iUrI/pub?gid=137918187&single=true&output=csv,True,OK,docs/alibra_data/tanker_trend_1yr/2026-08-26.csv
2026-08-26T07:11:09.441947+00:00,2026-08-26,tanker_trend_3yr,https://docs.google.com/spreadsheets/d/e/2PACX-1vSm3hFo3WpdJQ86FaGIy-S151biJvr2J31-kbmYmO9kOwJ2sDjbz-v8ooNpsufCepZS0tCUavO5iUrI/pub?gid=1501135879&single=true&output=csv,True,OK,docs/alibra_data/tanker_trend_3yr/2026-08-26.csv
2026-08-26T07:11:09.441947+00:00,2026-08-26,dry_bulk_archive_atl,https://docs.google.com/spreadsheets/d/e/2PACX-1vSm3hFo3WpdJQ86FaGIy-S151biJvr2J31-kbmYmO9kOwJ2sDjbz-v8ooNpsufCepZS0tCUavO5iUrI/pub?gid=1609275035&single=true&output=csv,True,OK,docs/alibra_data/dry_bulk_archive_atl/2026-08-26.csv
2026-08-26T07:11:09.441947+00:00,2026-08-26,dry_bulk_archive_pac,https://docs.google.com/spreadsheets/d/e/2PACX-1vSm3hFo3WpdJQ86FaGIy-S151biJvr2J31-kbmYmO9kOwJ2sDjbz-v8ooNpsufCepZS0tCUavO5iUrI/pub?gid=1656242999&single=true&output=csv,True,OK,docs/alibra_data/dry_bulk_archive_pac/2026-08-26.csv
2026-08-26T07:44:55.045075+00:00,2026-08-26,last_updated_stamp,https://docs.google.com/spreadsheets/d/e/2PACX-1vQk6073LStJEfzv418WKYluN2zykXon3KL58hPVNnqoOPiZVhBVzBCi9QnnAETwm_QbMvltcNCuzTzH/pub?gid=92942855&single=true&output=csv,True,OK,docs/alibra_data/last_updated_stamp/2026-08-26.csv
2026-08-26T07:44:55.045075+00:00,2026-08-26,dry_bulk_tce_table,https://docs.google.com/spreadsheets/d/e/2PACX-1vQk6073LStJEfzv418WKYluN2zykXon3KL58hPVNnqoOPiZVhBVzBCi9QnnAETwm_QbMvltcNCuzTzH/pub?gid=1944138367&single=true&output=csv,True,OK,docs/alibra_data/dry_bulk_tce_table/2026-08-26.csv
2026-08-26T07:44:55.045075+00:00,2026-08-26,tanker_tce_table,https://docs.google.com/spreadsheets/d/e/2PACX-1vQk6073LStJEfzv418WKYluN2zykXon3KL58hPVNnqoOPiZVhBVzBCi9QnnAETwm_QbMvltcNCuzTzH/pub?gid=1458966001&single=true&output=csv,True,OK,docs/alibra_data/tanker_tce_table/2026-08-26.csv
2026-08-26T07:44:55.045075+00:00,2026-08-26,forward_curves,https://docs.google.com/spreadsheets/d/e/2PACX-1vQkGGniHOjjs_0booelgLP3pGwySZLvMLskYlJCxNLcq6uf9EaH50Wcpob87lH7xw/pub?gid=1196769730&single=true&output=csv,False,HTTP 500 (attempt 3),
2026-08-26T07:44:55.045075+00:00,2026-08-26,dry_bulk_trend_atl,https://docs.google.com/spreadsheets/d/e/2PACX-1vSm3hFo3WpdJQ86FaGIy-S151biJvr2J31-kbmYmO9kOwJ2sDjbz-v8ooNpsufCepZS0tCUavO5iUrI/pub?gid=409746990&single=true&output=csv,True,OK,docs/alibra_data/dry_bulk_trend_atl/2026-08-26.csv
2026-08-26T07:44:55.045075+00:00,2026-08-26,dry_bulk_trend_pac,https://docs.google.com/spreadsheets/d/e/2PACX-1vSm3hFo3WpdJQ86FaGIy-S151biJvr2J31-kbmYmO9kOwJ2sDjbz-v8ooNpsufCepZS0tCUavO5iUrI/pub?gid=779118968&single=true&output=csv,True,OK,docs/alibra_data/dry_bulk_trend_pac/2026-08-26.csv
2026-08-26T07:44:55.045075+00:00,2026-08-26,tanker_trend_1yr,https://docs.google.com/spreadsheets/d/e/2PACX-1vSm3hFo3WpdJQ86FaGIy-S151biJvr2J31-kbmYmO9kOwJ2sDjbz-v8ooNpsufCepZS0tCUavO5iUrI/pub?gid=137918187&single=true&output=csv,True,OK,docs/alibra_data/tanker_trend_1yr/2026-08-26.csv
2026-08-26T07:44:55.045075+00:00,2026-08-26,tanker_trend_3yr,https://docs.google.com/spreadsheets/d/e/2PACX-1vSm3hFo3WpdJQ86FaGIy-S151biJvr2J31-kbmYmO9kOwJ2sDjbz-v8ooNpsufCepZS0tCUavO5iUrI/pub?gid=1501135879&single=true&output=csv,True,OK,docs/alibra_data/tanker_trend_3yr/2026-08-26.csv
2026-08-26T07:44:55.045075+00:00,2026-08-26,dry_bulk_archive_atl,https://docs.google.com/spreadsheets/d/e/2PACX-1vSm3hFo3WpdJQ86FaGIy-S151biJvr2J31-kbmYmO9kOwJ2sDjbz-v8ooNpsufCepZS0tCUavO5iUrI/pub?gid=1609275035&single=true&output=csv,True,OK,docs/alibra_data/dry_bulk_archive_atl/2026-08-26.csv
2026-08-26T07:44:55.045075+00:00,2026-08-26,dry_bulk_archive_pac,https://docs.google.com/spreadsheets/d/e/2PACX-1vSm3hFo3WpdJQ86FaGIy-S151biJvr2J31-kbmYmO9kOwJ2sDjbz-v8ooNpsufCepZS0tCUavO5iUrI/pub?gid=1656242999&single=true&output=csv,True,OK,docs/alibra_data/dry_bulk_archive_pac/2026-08-26.csv
2026-08-26T11:07:39.171315+00:00,2026-08-26,last_updated_stamp,https://docs.google.com/spreadsheets/d/e/2PACX-1vQk6073LStJEfzv418WKYluN2zykXon3KL58hPVNnqoOPiZVhBVzBCi9QnnAETwm_QbMvltcNCuzTzH/pub?gid=92942855&single=true&output=csv,True,OK,docs/alibra_data/last_updated_stamp/2026-08-26.csv
2026-08-26T11:07:39.171315+00:00,2026-08-26,dry_bulk_tce_table,https://docs.google.com/spreadsheets/d/e/2PACX-1vQk6073LStJEfzv418WKYluN2zykXon3KL58hPVNnqoOPiZVhBVzBCi9QnnAETwm_QbMvltcNCuzTzH/pub?gid=1944138367&single=true&output=csv,True,OK,docs/alibra_data/dry_bulk_tce_table/2026-08-26.csv
2026-08-26T11:07:39.171315+00:00,2026-08-26,tanker_tce_table,https://docs.google.com/spreadsheets/d/e/2PACX-1vQk6073LStJEfzv418WKYluN2zykXon3KL58hPVNnqoOPiZVhBVzBCi9QnnAETwm_QbMvltcNCuzTzH/pub?gid=1458966001&single=true&output=csv,True,OK,docs/alibra_data/tanker_tce_table/2026-08-26.csv
2026-08-26T11:07:39.171315+00:00,2026-08-26,forward_curves,https://docs.google.com/spreadsheets/d/e/2PACX-1vQkGGniHOjjs_0booelgLP3pGwySZLvMLskYlJCxNLcq6uf9EaH50Wcpob87lH7xw/pub?gid=1196769730&single=true&output=csv,False,HTTP 500 (attempt 3),
2026-08-26T11:07:39.171315+00:00,2026-08-26,dry_bulk_trend_atl,https://docs.google.com/spreadsheets/d/e/2PACX-1vSm3hFo3WpdJQ86FaGIy-S151biJvr2J31-kbmYmO9kOwJ2sDjbz-v8ooNpsufCepZS0tCUavO5iUrI/pub?gid=409746990&single=true&output=csv,True,OK,docs/alibra_data/dry_bulk_trend_atl/2026-08-26.csv
2026-08-26T11:07:39.171315+00:00,2026-08-26,dry_bulk_trend_pac,https://docs.google.com/spreadsheets/d/e/2PACX-1vSm3hFo3WpdJQ86FaGIy-S151biJvr2J31-kbmYmO9kOwJ2sDjbz-v8ooNpsufCepZS0tCUavO5iUrI/pub?gid=779118968&single=true&output=csv,True,OK,docs/alibra_data/dry_bulk_trend_pac/2026-08-26.csv
2026-08-26T11:07:39.171315+00:00,2026-08-26,tanker_trend_1yr,https://docs.google.com/spreadsheets/d/e/2PACX-1vSm3hFo3WpdJQ86FaGIy-S151biJvr2J31-kbmYmO9kOwJ2sDjbz-v8ooNpsufCepZS0tCUavO5iUrI/pub?gid=137918187&single=true&output=csv,True,OK,docs/alibra_data/tanker_trend_1yr/2026-08-26.csv
2026-08-26T11:07:39.171315+00:00,2026-08-26,tanker_trend_3yr,https://docs.google.com/spreadsheets/d/e/2PACX-1vSm3hFo3WpdJQ86FaGIy-S151biJvr2J31-kbmYmO9kOwJ2sDjbz-v8ooNpsufCepZS0tCUavO5iUrI/pub?gid=1501135879&single=true&output=csv,True,OK,docs/alibra_data/tanker_trend_3yr/2026-08-26.csv
2026-08-26T11:07:39.171315+00:00,2026-08-26,dry_bulk_archive_atl,https://docs.google.com/spreadsheets/d/e/2PACX-1vSm3hFo3WpdJQ86FaGIy-S151biJvr2J31-kbmYmO9kOwJ2sDjbz-v8ooNpsufCepZS0tCUavO5iUrI/pub?gid=1609275035&single=true&output=csv,True,OK,docs/alibra_data/dry_bulk_archive_atl/2026-08-26.csv
2026-08-26T11:07:39.171315+00:00,2026-08-26,dry_bulk_archive_pac,https://docs.google.com/spreadsheets/d/e/2PACX-1vSm3hFo3WpdJQ86FaGIy-S151biJvr2J31-kbmYmO9kOwJ2sDjbz-v8ooNpsufCepZS0tCUavO5iUrI/pub?gid=1656242999&single=true&output=csv,True,OK,docs/alibra_data/dry_bulk_archive_pac/2026-08-26.csv
2026-08-26T14:42:21.003618+00:00,2026-08-26,last_updated_stamp,https://docs.google.com/spreadsheets/d/e/2PACX-1vQk6073LStJEfzv418WKYluN2zykXon3KL58hPVNnqoOPiZVhBVzBCi9QnnAETwm_QbMvltcNCuzTzH/pub?gid=92942855&single=true&output=csv,True,OK,docs/alibra_data/last_updated_stamp/2026-08-26.csv
2026-08-26T14:42:21.003618+00:00,2026-08-26,dry_bulk_tce_table,https://docs.google.com/spreadsheets/d/e/2PACX-1vQk6073LStJEfzv418WKYluN2zykXon3KL58hPVNnqoOPiZVhBVzBCi9QnnAETwm_QbMvltcNCuzTzH/pub?gid=1944138367&single=true&output=csv,True,OK,docs/alibra_data/dry_bulk_tce_table/2026-08-26.csv
2026-08-26T14:42:21.003618+00:00,2026-08-26,tanker_tce_table,https://docs.google.com/spreadsheets/d/e/2PACX-1vQk6073LStJEfzv418WKYluN2zykXon3KL58hPVNnqoOPiZVhBVzBCi9QnnAETwm_QbMvltcNCuzTzH/pub?gid=1458966001&single=true&output=csv,True,OK,docs/alibra_data/tanker_tce_table/2026-08-26.csv
2026-08-26T14:42:21.003618+00:00,2026-08-26,forward_curves,https://docs.google.com/spreadsheets/d/e/2PACX-1vQkGGniHOjjs_0booelgLP3pGwySZLvMLskYlJCxNLcq6uf9EaH50Wcpob87lH7xw/pub?gid=1196769730&single=true&output=csv,False,HTTP 500 (attempt 3),
2026-08-26T14:42:21.003618+00:00,2026-08-26,dry_bulk_trend_atl,https://docs.google.com/spreadsheets/d/e/2PACX-1vSm3hFo3WpdJQ86FaGIy-S151biJvr2J31-kbmYmO9kOwJ2sDjbz-v8ooNpsufCepZS0tCUavO5iUrI/pub?gid=409746990&single=true&output=csv,True,OK,docs/alibra_data/dry_bulk_trend_atl/2026-08-26.csv
2026-08-26T14:42:21.003618+00:00,2026-08-26,dry_bulk_trend_pac,https://docs.google.com/spreadsheets/d/e/2PACX-1vSm3hFo3WpdJQ86FaGIy-S151biJvr2J31-kbmYmO9kOwJ2sDjbz-v8ooNpsufCepZS0tCUavO5iUrI/pub?gid=779118968&single=true&output=csv,True,OK,docs/alibra_data/dry_bulk_trend_pac/2026-08-26.csv
2026-08-26T14:42:21.003618+00:00,2026-08-26,tanker_trend_1yr,https://docs.google.com/spreadsheets/d/e/2PACX-1vSm3hFo3WpdJQ86FaGIy-S151biJvr2J31-kbmYmO9kOwJ2sDjbz-v8ooNpsufCepZS0tCUavO5iUrI/pub?gid=137918187&single=true&output=csv,True,OK,docs/alibra_data/tanker_trend_1yr/2026-08-26.csv
2026-08-26T14:42:21.003618+00:00,2026-08-26,tanker_trend_3yr,https://docs.google.com/spreadsheets/d/e/2PACX-1vSm3hFo3WpdJQ86FaGIy-S151biJvr2J31-kbmYmO9kOwJ2sDjbz-v8ooNpsufCepZS0tCUavO5iUrI/pub?gid=1501135879&single=true&output=csv,True,OK,docs/alibra_data/tanker_trend_3yr/2026-08-26.csv
2026-08-26T14:42:21.003618+00:00,2026-08-26,dry_bulk_archive_atl,https://docs.google.com/spreadsheets/d/e/2PACX-1vSm3hFo3WpdJQ86FaGIy-S151biJvr2J31-kbmYmO9kOwJ2sDjbz-v8ooNpsufCepZS0tCUavO5iUrI/pub?gid=1609275035&single=true&output=csv,True,OK,docs/alibra_data/dry_bulk_archive_atl/2026-08-26.csv
2026-08-26T14:42:21.003618+00:00,2026-08-26,dry_bulk_archive_pac,https://docs.google.com/spreadsheets/d/e/2PACX-1vSm3hFo3WpdJQ86FaGIy-S151biJvr2J31-kbmYmO9kOwJ2sDjbz-v8ooNpsufCepZS0tCUavO5iUrI/pub?gid=1656242999&single=true&output=csv,True,OK,docs/alibra_data/dry_bulk_archive_pac/2026-08-26.csv
2026-08-26T16:49:33.043480+00:00,2026-08-26,last_updated_stamp,https://docs.google.com/spreadsheets/d/e/2PACX-1vQk6073LStJEfzv418WKYluN2zykXon3KL58hPVNnqoOPiZVhBVzBCi9QnnAETwm_QbMvltcNCuzTzH/pub?gid=92942855&single=true&output=csv,True,OK,docs/alibra_data/last_updated_stamp/2026-08-26.csv
2026-08-26T16:49:33.043480+00:00,2026-08-26,dry_bulk_tce_table,https://docs.google.com/spreadsheets/d/e/2PACX-1vQk6073LStJEfzv418WKYluN2zykXon3KL58hPVNnqoOPiZVhBVzBCi9QnnAETwm_QbMvltcNCuzTzH/pub?gid=1944138367&single=true&output=csv,True,OK,docs/alibra_data/dry_bulk_tce_table/2026-08-26.csv
2026-08-26T16:49:33.043480+00:00,2026-08-26,tanker_tce_table,https://docs.google.com/spreadsheets/d/e/2PACX-1vQk6073LStJEfzv418WKYluN2zykXon3KL58hPVNnqoOPiZVhBVzBCi9QnnAETwm_QbMvltcNCuzTzH/pub?gid=1458966001&single=true&output=csv,True,OK,docs/alibra_data/tanker_tce_table/2026-08-26.csv
2026-08-26T16:49:33.043480+00:00,2026-08-26,forward_curves,https://docs.google.com/spreadsheets/d/e/2PACX-1vQkGGniHOjjs_0booelgLP3pGwySZLvMLskYlJCxNLcq6uf9EaH50Wcpob87lH7xw/pub?gid=1196769730&single=true&output=csv,False,HTTP 500 (attempt 3),
2026-08-26T16:49:33.043480+00:00,2026-08-26,dry_bulk_trend_atl,https://docs.google.com/spreadsheets/d/e/2PACX-1vSm3hFo3WpdJQ86FaGIy-S151biJvr2J31-kbmYmO9kOwJ2sDjbz-v8ooNpsufCepZS0tCUavO5iUrI/pub?gid=409746990&single=true&output=csv,True,OK,docs/alibra_data/dry_bulk_trend_atl/2026-08-26.csv
2026-08-26T16:49:33.043480+00:00,2026-08-26,dry_bulk_trend_pac,https://docs.google.com/spreadsheets/d/e/2PACX-1vSm3hFo3WpdJQ86FaGIy-S151biJvr2J31-kbmYmO9kOwJ2sDjbz-v8ooNpsufCepZS0tCUavO5iUrI/pub?gid=779118968&single=true&output=csv,True,OK,docs/alibra_data/dry_bulk_trend_pac/2026-08-26.csv
2026-08-26T16:49:33.043480+00:00,2026-08-26,tanker_trend_1yr,https://docs.google.com/spreadsheets/d/e/2PACX-1vSm3hFo3WpdJQ86FaGIy-S151biJvr2J31-kbmYmO9kOwJ2sDjbz-v8ooNpsufCepZS0tCUavO5iUrI/pub?gid=137918187&single=true&output=csv,True,OK,docs/alibra_data/tanker_trend_1yr/2026-08-26.csv
2026-08-26T16:49:33.043480+00:00,2026-08-26,tanker_trend_3yr,https://docs.google.com/spreadsheets/d/e/2PACX-1vSm3hFo3WpdJQ86FaGIy-S151biJvr2J31-kbmYmO9kOwJ2sDjbz-v8ooNpsufCepZS0tCUavO5iUrI/pub?gid=1501135879&single=true&output=csv,True,OK,docs/alibra_data/tanker_trend_3yr/2026-08-26.csv
2026-08-26T16:49:33.043480+00:00,2026-08-26,dry_bulk_archive_atl,https://docs.google.com/spreadsheets/d/e/2PACX-1vSm3hFo3WpdJQ86FaGIy-S151biJvr2J31-kbmYmO9kOwJ2sDjbz-v8ooNpsufCepZS0tCUavO5iUrI/pub?gid=1609275035&single=true&output=csv,True,OK,docs/alibra_data/dry_bulk_archive_atl/2026-08-26.csv
2026-08-26T16:49:33.043480+00:00,2026-08-26,dry_bulk_archive_pac,https://docs.google.com/spreadsheets/d/e/2PACX-1vSm3hFo3WpdJQ86FaGIy-S151biJvr2J31-kbmYmO9kOwJ2sDjbz-v8ooNpsufCepZS0tCUavO5iUrI/pub?gid=1656242999&single=true&output=csv,True,OK,docs/alibra_data/dry_bulk_archive_pac/2026-08-26.csv
2026-08-26T21:37:16.057457+00:00,2026-08-26,last_updated_stamp,https://docs.google.com/spreadsheets/d/e/2PACX-1vQk6073LStJEfzv418WKYluN2zykXon3KL58hPVNnqoOPiZVhBVzBCi9QnnAETwm_QbMvltcNCuzTzH/pub?gid=92942855&single=true&output=csv,True,OK,docs/alibra_data/last_updated_stamp/2026-08-26.csv
2026-08-26T21:37:16.057457+00:00,2026-08-26,dry_bulk_tce_table,https://docs.google.com/spreadsheets/d/e/2PACX-1vQk6073LStJEfzv418WKYluN2zykXon3KL58hPVNnqoOPiZVhBVzBCi9QnnAETwm_QbMvltcNCuzTzH/pub?gid=1944138367&single=true&output=csv,True,OK,docs/alibra_data/dry_bulk_tce_table/2026-08-26.csv
2026-08-26T21:37:16.057457+00:00,2026-08-26,tanker_tce_table,https://docs.google.com/spreadsheets/d/e/2PACX-1vQk6073LStJEfzv418WKYluN2zykXon3KL58hPVNnqoOPiZVhBVzBCi9QnnAETwm_QbMvltcNCuzTzH/pub?gid=1458966001&single=true&output=csv,True,OK,docs/alibra_data/tanker_tce_table/2026-08-26.csv
2026-08-26T21:37:16.057457+00:00,2026-08-26,forward_curves,https://docs.google.com/spreadsheets/d/e/2PACX-1vQkGGniHOjjs_0booelgLP3pGwySZLvMLskYlJCxNLcq6uf9EaH50Wcpob87lH7xw/pub?gid=1196769730&single=true&output=csv,False,HTTP 500 (attempt 3),
2026-08-26T21:37:16.057457+00:00,2026-08-26,dry_bulk_trend_atl,https://docs.google.com/spreadsheets/d/e/2PACX-1vSm3hFo3WpdJQ86FaGIy-S151biJvr2J31-kbmYmO9kOwJ2sDjbz-v8ooNpsufCepZS0tCUavO5iUrI/pub?gid=409746990&single=true&output=csv,True,OK,docs/alibra_data/dry_bulk_trend_atl/2026-08-26.csv
2026-08-26T21:37:16.057457+00:00,2026-08-26,dry_bulk_trend_pac,https://docs.google.com/spreadsheets/d/e/2PACX-1vSm3hFo3WpdJQ86FaGIy-S151biJvr2J31-kbmYmO9kOwJ2sDjbz-v8ooNpsufCepZS0tCUavO5iUrI/pub?gid=779118968&single=true&output=csv,True,OK,docs/alibra_data/dry_bulk_trend_pac/2026-08-26.csv
2026-08-26T21:37:16.057457+00:00,2026-08-26,tanker_trend_1yr,https://docs.google.com/spreadsheets/d/e/2PACX-1vSm3hFo3WpdJQ86FaGIy-S151biJvr2J31-kbmYmO9kOwJ2sDjbz-v8ooNpsufCepZS0tCUavO5iUrI/pub?gid=137918187&single=true&output=csv,True,OK,docs/alibra_data/tanker_trend_1yr/2026-08-26.csv
2026-08-26T21:37:16.057457+00:00,2026-08-26,tanker_trend_3yr,https://docs.google.com/spreadsheets/d/e/2PACX-1vSm3hFo3WpdJQ86FaGIy-S151biJvr2J31-kbmYmO9kOwJ2sDjbz-v8ooNpsufCepZS0tCUavO5iUrI/pub?gid=1501135879&single=true&output=csv,True,OK,docs/alibra_data/tanker_trend_3yr/2026-08-26.csv
2026-08-26T21:37:16.057457+00:00,2026-08-26,dry_bulk_archive_atl,https://docs.google.com/spreadsheets/d/e/2PACX-1vSm3hFo3WpdJQ86FaGIy-S151biJvr2J31-kbmYmO9kOwJ2sDjbz-v8ooNpsufCepZS0tCUavO5iUrI/pub?gid=1609275035&single=true&output=csv,True,OK,docs/alibra_data/dry_bulk_archive_atl/2026-08-26.csv
2026-08-26T21:37:16.057457+00:00,2026-08-26,dry_bulk_archive_pac,https://docs.google.com/spreadsheets/d/e/2PACX-1vSm3hFo3WpdJQ86FaGIy-S151biJvr2J31-kbmYmO9kOwJ2sDjbz-v8ooNpsufCepZS0tCUavO5iUrI/pub?gid=1656242999&single=true&output=csv,True,OK,docs/alibra_data/dry_bulk_archive_pac/2026-08-26.csv
2026-08-27T02:50:37.486848+00:00,2026-08-26,last_updated_stamp,https://docs.google.com/spreadsheets/d/e/2PACX-1vQk6073LStJEfzv418WKYluN2zykXon3KL58hPVNnqoOPiZVhBVzBCi9QnnAETwm_QbMvltcNCuzTzH/pub?gid=92942855&single=true&output=csv,True,OK,docs/alibra_data/last_updated_stamp/2026-08-26.csv
2026-08-27T02:50:37.486848+00:00,2026-08-26,dry_bulk_tce_table,https://docs.google.com/spreadsheets/d/e/2PACX-1vQk6073LStJEfzv418WKYluN2zykXon3KL58hPVNnqoOPiZVhBVzBCi9QnnAETwm_QbMvltcNCuzTzH/pub?gid=1944138367&single=true&output=csv,True,OK,docs/alibra_data/dry_bulk_tce_table/2026-08-26.csv
2026-08-27T02:50:37.486848+00:00,2026-08-26,tanker_tce_table,https://docs.google.com/spreadsheets/d/e/2PACX-1vQk6073LStJEfzv418WKYluN2zykXon3KL58hPVNnqoOPiZVhBVzBCi9QnnAETwm_QbMvltcNCuzTzH/pub?gid=1458966001&single=true&output=csv,True,OK,docs/alibra_data/tanker_tce_table/2026-08-26.csv
2026-08-27T02:50:37.486848+00:00,2026-08-26,forward_curves,https://docs.google.com/spreadsheets/d/e/2PACX-1vQkGGniHOjjs_0booelgLP3pGwySZLvMLskYlJCxNLcq6uf9EaH50Wcpob87lH7xw/pub?gid=1196769730&single=true&output=csv,False,HTTP 500 (attempt 3),
2026-08-27T02:50:37.486848+00:00,2026-08-26,dry_bulk_trend_atl,https://docs.google.com/spreadsheets/d/e/2PACX-1vSm3hFo3WpdJQ86FaGIy-S151biJvr2J31-kbmYmO9kOwJ2sDjbz-v8ooNpsufCepZS0tCUavO5iUrI/pub?gid=409746990&single=true&output=csv,True,OK,docs/alibra_data/dry_bulk_trend_atl/2026-08-26.csv
2026-08-27T02:50:37.486848+00:00,2026-08-26,dry_bulk_trend_pac,https://docs.google.com/spreadsheets/d/e/2PACX-1vSm3hFo3WpdJQ86FaGIy-S151biJvr2J31-kbmYmO9kOwJ2sDjbz-v8ooNpsufCepZS0tCUavO5iUrI/pub?gid=779118968&single=true&output=csv,True,OK,docs/alibra_data/dry_bulk_trend_pac/2026-08-26.csv
2026-08-27T02:50:37.486848+00:00,2026-08-26,tanker_trend_1yr,https://docs.google.com/spreadsheets/d/e/2PACX-1vSm3hFo3WpdJQ86FaGIy-S151biJvr2J31-kbmYmO9kOwJ2sDjbz-v8ooNpsufCepZS0tCUavO5iUrI/pub?gid=137918187&single=true&output=csv,True,OK,docs/alibra_data/tanker_trend_1yr/2026-08-26.csv
2026-08-27T02:50:37.486848+00:00,2026-08-26,tanker_trend_3yr,https://docs.google.com/spreadsheets/d/e/2PACX-1vSm3hFo3WpdJQ86FaGIy-S151biJvr2J31-kbmYmO9kOwJ2sDjbz-v8ooNpsufCepZS0tCUavO5iUrI/pub?gid=1501135879&single=true&output=csv,True,OK,docs/alibra_data/tanker_trend_3yr/2026-08-26.csv
2026-08-27T02:50:37.486848+00:00,2026-08-26,dry_bulk_archive_atl,https://docs.google.com/spreadsheets/d/e/2PACX-1vSm3hFo3WpdJQ86FaGIy-S151biJvr2J31-kbmYmO9kOwJ2sDjbz-v8ooNpsufCepZS0tCUavO5iUrI/pub?gid=1609275035&single=true&output=csv,True,OK,docs/alibra_data/dry_bulk_archive_atl/2026-08-26.csv
2026-08-27T02:50:37.486848+00:00,2026-08-26,dry_bulk_archive_pac,https://docs.google.com/spreadsheets/d/e/2PACX-1vSm3hFo3WpdJQ86FaGIy-S151biJvr2J31-kbmYmO9kOwJ2sDjbz-v8ooNpsufCepZS0tCUavO5iUrI/pub?gid=1656242999&single=true&output=csv,True,OK,docs/alibra_data/dry_bulk_archive_pac/2026-08-26.csv
2026-08-27T18:22:43.203664+00:00,2026-08-26,last_updated_stamp,https://docs.google.com/spreadsheets/d/e/2PACX-1vQk6073LStJEfzv418WKYluN2zykXon3KL58hPVNnqoOPiZVhBVzBCi9QnnAETwm_QbMvltcNCuzTzH/pub?gid=92942855&single=true&output=csv,True,OK,docs/alibra_data/last_updated_stamp/2026-08-26.csv
2026-08-27T18:22:43.203664+00:00,2026-08-26,dry_bulk_tce_table,https://docs.google.com/spreadsheets/d/e/2PACX-1vQk6073LStJEfzv418WKYluN2zykXon3KL58hPVNnqoOPiZVhBVzBCi9QnnAETwm_QbMvltcNCuzTzH/pub?gid=1944138367&single=true&output=csv,True,OK,docs/alibra_data/dry_bulk_tce_table/2026-08-26.csv
2026-08-27T18:22:43.203664+00:00,2026-08-26,tanker_tce_table,https://docs.google.com/spreadsheets/d/e/2PACX-1vQk6073LStJEfzv418WKYluN2zykXon3KL58hPVNnqoOPiZVhBVzBCi9QnnAETwm_QbMvltcNCuzTzH/pub?gid=1458966001&single=true&output=csv,True,OK,docs/alibra_data/tanker_tce_table/2026-08-26.csv
2026-08-27T18:22:43.203664+00:00,2026-08-26,forward_curves,https://docs.google.com/spreadsheets/d/e/2PACX-1vQkGGniHOjjs_0booelgLP3pGwySZLvMLskYlJCxNLcq6uf9EaH50Wcpob87lH7xw/pub?gid=1196769730&single=true&output=csv,False,HTTP 500 (attempt 3),
2026-08-27T18:22:43.203664+00:00,2026-08-26,dry_bulk_trend_atl,https://docs.google.com/spreadsheets/d/e/2PACX-1vSm3hFo3WpdJQ86FaGIy-S151biJvr2J31-kbmYmO9kOwJ2sDjbz-v8ooNpsufCepZS0tCUavO5iUrI/pub?gid=409746990&single=true&output=csv,True,OK,docs/alibra_data/dry_bulk_trend_atl/2026-08-26.csv
2026-08-27T18:22:43.203664+00:00,2026-08-26,dry_bulk_trend_pac,https://docs.google.com/spreadsheets/d/e/2PACX-1vSm3hFo3WpdJQ86FaGIy-S151biJvr2J31-kbmYmO9kOwJ2sDjbz-v8ooNpsufCepZS0tCUavO5iUrI/pub?gid=779118968&single=true&output=csv,True,OK,docs/alibra_data/dry_bulk_trend_pac/2026-08-26.csv
2026-08-27T18:22:43.203664+00:00,2026-08-26,tanker_trend_1yr,https://docs.google.com/spreadsheets/d/e/2PACX-1vSm3hFo3WpdJQ86FaGIy-S151biJvr2J31-kbmYmO9kOwJ2sDjbz-v8ooNpsufCepZS0tCUavO5iUrI/pub?gid=137918187&single=true&output=csv,True,OK,docs/alibra_data/tanker_trend_1yr/2026-08-26.csv
2026-08-27T18:22:43.203664+00:00,2026-08-26,tanker_trend_3yr,https://docs.google.com/spreadsheets/d/e/2PACX-1vSm3hFo3WpdJQ86FaGIy-S151biJvr2J31-kbmYmO9kOwJ2sDjbz-v8ooNpsufCepZS0tCUavO5iUrI/pub?gid=1501135879&single=true&output=csv,True,OK,docs/alibra_data/tanker_trend_3yr/2026-08-26.csv
2026-08-27T18:22:43.203664+00:00,2026-08-26,dry_bulk_archive_atl,https://docs.google.com/spreadsheets/d/e/2PACX-1vSm3hFo3WpdJQ86FaGIy-S151biJvr2J31-kbmYmO9kOwJ2sDjbz-v8ooNpsufCepZS0tCUavO5iUrI/pub?gid=1609275035&single=true&output=csv,True,OK,docs/alibra_data/dry_bulk_archive_atl/2026-08-26.csv
2026-08-27T18:22:43.203664+00:00,2026-08-26,dry_bulk_archive_pac,https://docs.google.com/spreadsheets/d/e/2PACX-1vSm3hFo3WpdJQ86FaGIy-S151biJvr2J31-kbmYmO9kOwJ2sDjbz-v8ooNpsufCepZS0tCUavO5iUrI/pub?gid=1656242999&single=true&output=csv,True,OK,docs/alibra_data/dry_bulk_archive_pac/2026-08-26.csv
2026-08-27T20:47:20.836062+00:00,2026-08-26,last_updated_stamp,https://docs.google.com/spreadsheets/d/e/2PACX-1vQk6073LStJEfzv418WKYluN2zykXon3KL58hPVNnqoOPiZVhBVzBCi9QnnAETwm_QbMvltcNCuzTzH/pub?gid=92942855&single=true&output=csv,True,OK,docs/alibra_data/last_updated_stamp/2026-08-26.csv
2026-08-27T20:47:20.836062+00:00,2026-08-26,dry_bulk_tce_table,https://docs.google.com/spreadsheets/d/e/2PACX-1vQk6073LStJEfzv418WKYluN2zykXon3KL58hPVNnqoOPiZVhBVzBCi9QnnAETwm_QbMvltcNCuzTzH/pub?gid=1944138367&single=true&output=csv,True,OK,docs/alibra_data/dry_bulk_tce_table/2026-08-26.csv
2026-08-27T20:47:20.836062+00:00,2026-08-26,tanker_tce_table,https://docs.google.com/spreadsheets/d/e/2PACX-1vQk6073LStJEfzv418WKYluN2zykXon3KL58hPVNnqoOPiZVhBVzBCi9QnnAETwm_QbMvltcNCuzTzH/pub?gid=1458966001&single=true&output=csv,True,OK,docs/alibra_data/tanker_tce_table/2026-08-26.csv
2026-08-27T20:47:20.836062+00:00,2026-08-26,forward_curves,https://docs.google.com/spreadsheets/d/e/2PACX-1vQkGGniHOjjs_0booelgLP3pGwySZLvMLskYlJCxNLcq6uf9EaH50Wcpob87lH7xw/pub?gid=1196769730&single=true&output=csv,False,HTTP 500 (attempt 3),
2026-08-27T20:47:20.836062+00:00,2026-08-26,dry_bulk_trend_atl,https://docs.google.com/spreadsheets/d/e/2PACX-1vSm3hFo3WpdJQ86FaGIy-S151biJvr2J31-kbmYmO9kOwJ2sDjbz-v8ooNpsufCepZS0tCUavO5iUrI/pub?gid=409746990&single=true&output=csv,True,OK,docs/alibra_data/dry_bulk_trend_atl/2026-08-26.csv
2026-08-27T20:47:20.836062+00:00,2026-08-26,dry_bulk_trend_pac,https://docs.google.com/spreadsheets/d/e/2PACX-1vSm3hFo3WpdJQ86FaGIy-S151biJvr2J31-kbmYmO9kOwJ2sDjbz-v8ooNpsufCepZS0tCUavO5iUrI/pub?gid=779118968&single=true&output=csv,True,OK,docs/alibra_data/dry_bulk_trend_pac/2026-08-26.csv
2026-08-27T20:47:20.836062+00:00,2026-08-26,tanker_trend_1yr,https://docs.google.com/spreadsheets/d/e/2PACX-1vSm3hFo3WpdJQ86FaGIy-S151biJvr2J31-kbmYmO9kOwJ2sDjbz-v8ooNpsufCepZS0tCUavO5iUrI/pub?gid=137918187&single=true&output=csv,True,OK,docs/alibra_data/tanker_trend_1yr/2026-08-26.csv
2026-08-27T20:47:20.836062+00:00,2026-08-26,tanker_trend_3yr,https://docs.google.com/spreadsheets/d/e/2PACX-1vSm3hFo3WpdJQ86FaGIy-S151biJvr2J31-kbmYmO9kOwJ2sDjbz-v8ooNpsufCepZS0tCUavO5iUrI/pub?gid=1501135879&single=true&output=csv,True,OK,docs/alibra_data/tanker_trend_3yr/2026-08-26.csv
2026-08-27T20:47:20.836062+00:00,2026-08-26,dry_bulk_archive_atl,https://docs.google.com/spreadsheets/d/e/2PACX-1vSm3hFo3WpdJQ86FaGIy-S151biJvr2J31-kbmYmO9kOwJ2sDjbz-v8ooNpsufCepZS0tCUavO5iUrI/pub?gid=1609275035&single=true&output=csv,True,OK,docs/alibra_data/dry_bulk_archive_atl/2026-08-26.csv
2026-08-27T20:47:20.836062+00:00,2026-08-26,dry_bulk_archive_pac,https://docs.google.com/spreadsheets/d/e/2PACX-1vSm3hFo3WpdJQ86FaGIy-S151biJvr2J31-kbmYmO9kOwJ2sDjbz-v8ooNpsufCepZS0tCUavO5iUrI/pub?gid=1656242999&single=true&output=csv,True,OK,docs/alibra_data/dry_bulk_archive_pac/2026-08-26.csv
2026-08-27T23:30:51.385977+00:00,2026-08-26,last_updated_stamp,https://docs.google.com/spreadsheets/d/e/2PACX-1vQk6073LStJEfzv418WKYluN2zykXon3KL58hPVNnqoOPiZVhBVzBCi9QnnAETwm_QbMvltcNCuzTzH/pub?gid=92942855&single=true&output=csv,True,OK,docs/alibra_data/last_updated_stamp/2026-08-26.csv
2026-08-27T23:30:51.385977+00:00,2026-08-26,dry_bulk_tce_table,https://docs.google.com/spreadsheets/d/e/2PACX-1vQk6073LStJEfzv418WKYluN2zykXon3KL58hPVNnqoOPiZVhBVzBCi9QnnAETwm_QbMvltcNCuzTzH/pub?gid=1944138367&single=true&output=csv,True,OK,docs/alibra_data/dry_bulk_tce_table/2026-08-26.csv
2026-08-27T23:30:51.385977+00:00,2026-08-26,tanker_tce_table,https://docs.google.com/spreadsheets/d/e/2PACX-1vQk6073LStJEfzv418WKYluN2zykXon3KL58hPVNnqoOPiZVhBVzBCi9QnnAETwm_QbMvltcNCuzTzH/pub?gid=1458966001&single=true&output=csv,True,OK,docs/alibra_data/tanker_tce_table/2026-08-26.csv
2026-08-27T23:30:51.385977+00:00,2026-08-26,forward_curves,https://docs.google.com/spreadsheets/d/e/2PACX-1vQkGGniHOjjs_0booelgLP3pGwySZLvMLskYlJCxNLcq6uf9EaH50Wcpob87lH7xw/pub?gid=1196769730&single=true&output=csv,False,HTTP 500 (attempt 3),
2026-08-27T23:30:51.385977+00:00,2026-08-26,dry_bulk_trend_atl,https://docs.google.com/spreadsheets/d/e/2PACX-1vSm3hFo3WpdJQ86FaGIy-S151biJvr2J31-kbmYmO9kOwJ2sDjbz-v8ooNpsufCepZS0tCUavO5iUrI/pub?gid=409746990&single=true&output=csv,True,OK,docs/alibra_data/dry_bulk_trend_atl/2026-08-26.csv
2026-08-27T23:30:51.385977+00:00,2026-08-26,dry_bulk_trend_pac,https://docs.google.com/spreadsheets/d/e/2PACX-1vSm3hFo3WpdJQ86FaGIy-S151biJvr2J31-kbmYmO9kOwJ2sDjbz-v8ooNpsufCepZS0tCUavO5iUrI/pub?gid=779118968&single=true&output=csv,True,OK,docs/alibra_data/dry_bulk_trend_pac/2026-08-26.csv
2026-08-27T23:30:51.385977+00:00,2026-08-26,tanker_trend_1yr,https://docs.google.com/spreadsheets/d/e/2PACX-1vSm3hFo3WpdJQ86FaGIy-S151biJvr2J31-kbmYmO9kOwJ2sDjbz-v8ooNpsufCepZS0tCUavO5iUrI/pub?gid=137918187&single=true&output=csv,True,OK,docs/alibra_data/tanker_trend_1yr/2026-08-26.csv
2026-08-27T23:30:51.385977+00:00,2026-08-26,tanker_trend_3yr,https://docs.google.com/spreadsheets/d/e/2PACX-1vSm3hFo3WpdJQ86FaGIy-S151biJvr2J31-kbmYmO9kOwJ2sDjbz-v8ooNpsufCepZS0tCUavO5iUrI/pub?gid=1501135879&single=true&output=csv,True,OK,docs/alibra_data/tanker_trend_3yr/2026-08-26.csv
2026-08-27T23:30:51.385977+00:00,2026-08-26,dry_bulk_archive_atl,https://docs.google.com/spreadsheets/d/e/2PACX-1vSm3hFo3WpdJQ86FaGIy-S151biJvr2J31-kbmYmO9kOwJ2sDjbz-v8ooNpsufCepZS0tCUavO5iUrI/pub?gid=1609275035&single=true&output=csv,True,OK,docs/alibra_data/dry_bulk_archive_atl/2026-08-26.csv
2026-08-27T23:30:51.385977+00:00,2026-08-26,dry_bulk_archive_pac,https://docs.google.com/spreadsheets/d/e/2PACX-1vSm3hFo3WpdJQ86FaGIy-S151biJvr2J31-kbmYmO9kOwJ2sDjbz-v8ooNpsufCepZS0tCUavO5iUrI/pub?gid=1656242999&single=true&output=csv,True,OK,docs/alibra_data/dry_bulk_archive_pac/2026-08-26.csv
2026-08-28T19:15:59.953168+00:00,2026-08-26,last_updated_stamp,https://docs.google.com/spreadsheets/d/e/2PACX-1vQk6073LStJEfzv418WKYluN2zykXon3KL58hPVNnqoOPiZVhBVzBCi9QnnAETwm_QbMvltcNCuzTzH/pub?gid=92942855&single=true&output=csv,True,OK,docs/alibra_data/last_updated_stamp/2026-08-26.csv
2026-08-28T19:15:59.953168+00:00,2026-08-26,dry_bulk_tce_table,https://docs.google.com/spreadsheets/d/e/2PACX-1vQk6073LStJEfzv418WKYluN2zykXon3KL58hPVNnqoOPiZVhBVzBCi9QnnAETwm_QbMvltcNCuzTzH/pub?gid=1944138367&single=true&output=csv,True,OK,docs/alibra_data/dry_bulk_tce_table/2026-08-26.csv
2026-08-28T19:15:59.953168+00:00,2026-08-26,tanker_tce_table,https://docs.google.com/spreadsheets/d/e/2PACX-1vQk6073LStJEfzv418WKYluN2zykXon3KL58hPVNnqoOPiZVhBVzBCi9QnnAETwm_QbMvltcNCuzTzH/pub?gid=1458966001&single=true&output=csv,True,OK,docs/alibra_data/tanker_tce_table/2026-08-26.csv
2026-08-28T19:15:59.953168+00:00,2026-08-26,forward_curves,https://docs.google.com/spreadsheets/d/e/2PACX-1vQkGGniHOjjs_0booelgLP3pGwySZLvMLskYlJCxNLcq6uf9EaH50Wcpob87lH7xw/pub?gid=1196769730&single=true&output=csv,False,HTTP 500 (attempt 3),
2026-08-28T19:15:59.953168+00:00,2026-08-26,dry_bulk_trend_atl,https://docs.google.com/spreadsheets/d/e/2PACX-1vSm3hFo3WpdJQ86FaGIy-S151biJvr2J31-kbmYmO9kOwJ2sDjbz-v8ooNpsufCepZS0tCUavO5iUrI/pub?gid=409746990&single=true&output=csv,True,OK,docs/alibra_data/dry_bulk_trend_atl/2026-08-26.csv
2026-08-28T19:15:59.953168+00:00,2026-08-26,dry_bulk_trend_pac,https://docs.google.com/spreadsheets/d/e/2PACX-1vSm3hFo3WpdJQ86FaGIy-S151biJvr2J31-kbmYmO9kOwJ2sDjbz-v8ooNpsufCepZS0tCUavO5iUrI/pub?gid=779118968&single=true&output=csv,True,OK,docs/alibra_data/dry_bulk_trend_pac/2026-08-26.csv
2026-08-28T19:15:59.953168+00:00,2026-08-26,tanker_trend_1yr,https://docs.google.com/spreadsheets/d/e/2PACX-1vSm3hFo3WpdJQ86FaGIy-S151biJvr2J31-kbmYmO9kOwJ2sDjbz-v8ooNpsufCepZS0tCUavO5iUrI/pub?gid=137918187&single=true&output=csv,True,OK,docs/alibra_data/tanker_trend_1yr/2026-08-26.csv
2026-08-28T19:15:59.953168+00:00,2026-08-26,tanker_trend_3yr,https://docs.google.com/spreadsheets/d/e/2PACX-1vSm3hFo3WpdJQ86FaGIy-S151biJvr2J31-kbmYmO9kOwJ2sDjbz-v8ooNpsufCepZS0tCUavO5iUrI/pub?gid=1501135879&single=true&output=csv,True,OK,docs/alibra_data/tanker_trend_3yr/2026-08-26.csv
2026-08-28T19:15:59.953168+00:00,2026-08-26,dry_bulk_archive_atl,https://docs.google.com/spreadsheets/d/e/2PACX-1vSm3hFo3WpdJQ86FaGIy-S151biJvr2J31-kbmYmO9kOwJ2sDjbz-v8ooNpsufCepZS0tCUavO5iUrI/pub?gid=1609275035&single=true&output=csv,True,OK,docs/alibra_data/dry_bulk_archive_atl/2026-08-26.csv
2026-08-28T19:15:59.953168+00:00,2026-08-26,dry_bulk_archive_pac,https://docs.google.com/spreadsheets/d/e/2PACX-1vSm3hFo3WpdJQ86FaGIy-S151biJvr2J31-kbmYmO9kOwJ2sDjbz-v8ooNpsufCepZS0tCUavO5iUrI/pub?gid=1656242999&single=true&output=csv,True,OK,docs/alibra_data/dry_bulk_archive_pac/2026-08-26.csv
2026-08-28T21:20:13.905853+00:00,2026-08-26,last_updated_stamp,https://docs.google.com/spreadsheets/d/e/2PACX-1vQk6073LStJEfzv418WKYluN2zykXon3KL58hPVNnqoOPiZVhBVzBCi9QnnAETwm_QbMvltcNCuzTzH/pub?gid=92942855&single=true&output=csv,True,OK,docs/alibra_data/last_updated_stamp/2026-08-26.csv
2026-08-28T21:20:13.905853+00:00,2026-08-26,dry_bulk_tce_table,https://docs.google.com/spreadsheets/d/e/2PACX-1vQk6073LStJEfzv418WKYluN2zykXon3KL58hPVNnqoOPiZVhBVzBCi9QnnAETwm_QbMvltcNCuzTzH/pub?gid=1944138367&single=true&output=csv,True,OK,docs/alibra_data/dry_bulk_tce_table/2026-08-26.csv
2026-08-28T21:20:13.905853+00:00,2026-08-26,tanker_tce_table,https://docs.google.com/spreadsheets/d/e/2PACX-1vQk6073LStJEfzv418WKYluN2zykXon3KL58hPVNnqoOPiZVhBVzBCi9QnnAETwm_QbMvltcNCuzTzH/pub?gid=1458966001&single=true&output=csv,True,OK,docs/alibra_data/tanker_tce_table/2026-08-26.csv
2026-08-28T21:20:13.905853+00:00,2026-08-26,forward_curves,https://docs.google.com/spreadsheets/d/e/2PACX-1vQkGGniHOjjs_0booelgLP3pGwySZLvMLskYlJCxNLcq6uf9EaH50Wcpob87lH7xw/pub?gid=1196769730&single=true&output=csv,False,HTTP 500 (attempt 3),
2026-08-28T21:20:13.905853+00:00,2026-08-26,dry_bulk_trend_atl,https://docs.google.com/spreadsheets/d/e/2PACX-1vSm3hFo3WpdJQ86FaGIy-S151biJvr2J31-kbmYmO9kOwJ2sDjbz-v8ooNpsufCepZS0tCUavO5iUrI/pub?gid=409746990&single=true&output=csv,True,OK,docs/alibra_data/dry_bulk_trend_atl/2026-08-26.csv
2026-08-28T21:20:13.905853+00:00,2026-08-26,dry_bulk_trend_pac,https://docs.google.com/spreadsheets/d/e/2PACX-1vSm3hFo3WpdJQ86FaGIy-S151biJvr2J31-kbmYmO9kOwJ2sDjbz-v8ooNpsufCepZS0tCUavO5iUrI/pub?gid=779118968&single=true&output=csv,True,OK,docs/alibra_data/dry_bulk_trend_pac/2026-08-26.csv
2026-08-28T21:20:13.905853+00:00,2026-08-26,tanker_trend_1yr,https://docs.google.com/spreadsheets/d/e/2PACX-1vSm3hFo3WpdJQ86FaGIy-S151biJvr2J31-kbmYmO9kOwJ2sDjbz-v8ooNpsufCepZS0tCUavO5iUrI/pub?gid=137918187&single=true&output=csv,True,OK,docs/alibra_data/tanker_trend_1yr/2026-08-26.csv
2026-08-28T21:20:13.905853+00:00,2026-08-26,tanker_trend_3yr,https://docs.google.com/spreadsheets/d/e/2PACX-1vSm3hFo3WpdJQ86FaGIy-S151biJvr2J31-kbmYmO9kOwJ2sDjbz-v8ooNpsufCepZS0tCUavO5iUrI/pub?gid=1501135879&single=true&output=csv,True,OK,docs/alibra_data/tanker_trend_3yr/2026-08-26.csv
2026-08-28T21:20:13.905853+00:00,2026-08-26,dry_bulk_archive_atl,https://docs.google.com/spreadsheets/d/e/2PACX-1vSm3hFo3WpdJQ86FaGIy-S151biJvr2J31-kbmYmO9kOwJ2sDjbz-v8ooNpsufCepZS0tCUavO5iUrI/pub?gid=1609275035&single=true&output=csv,True,OK,docs/alibra_data/dry_bulk_archive_atl/2026-08-26.csv
2026-08-28T21:20:13.905853+00:00,2026-08-26,dry_bulk_archive_pac,https://docs.google.com/spreadsheets/d/e/2PACX-1vSm3hFo3WpdJQ86FaGIy-S151biJvr2J31-kbmYmO9kOwJ2sDjbz-v8ooNpsufCepZS0tCUavO5iUrI/pub?gid=1656242999&single=true&output=csv,True,OK,docs/alibra_data/dry_bulk_archive_pac/2026-08-26.csv
2026-08-28T23:25:57.343501+00:00,2026-08-26,last_updated_stamp,https://docs.google.com/spreadsheets/d/e/2PACX-1vQk6073LStJEfzv418WKYluN2zykXon3KL58hPVNnqoOPiZVhBVzBCi9QnnAETwm_QbMvltcNCuzTzH/pub?gid=92942855&single=true&output=csv,True,OK,docs/alibra_data/last_updated_stamp/2026-08-26.csv
2026-08-28T23:25:57.343501+00:00,2026-08-26,dry_bulk_tce_table,https://docs.google.com/spreadsheets/d/e/2PACX-1vQk6073LStJEfzv418WKYluN2zykXon3KL58hPVNnqoOPiZVhBVzBCi9QnnAETwm_QbMvltcNCuzTzH/pub?gid=1944138367&single=true&output=csv,True,OK,docs/alibra_data/dry_bulk_tce_table/2026-08-26.csv
2026-08-28T23:25:57.343501+00:00,2026-08-26,tanker_tce_table,https://docs.google.com/spreadsheets/d/e/2PACX-1vQk6073LStJEfzv418WKYluN2zykXon3KL58hPVNnqoOPiZVhBVzBCi9QnnAETwm_QbMvltcNCuzTzH/pub?gid=1458966001&single=true&output=csv,True,OK,docs/alibra_data/tanker_tce_table/2026-08-26.csv
2026-08-28T23:25:57.343501+00:00,2026-08-26,forward_curves,https://docs.google.com/spreadsheets/d/e/2PACX-1vQkGGniHOjjs_0booelgLP3pGwySZLvMLskYlJCxNLcq6uf9EaH50Wcpob87lH7xw/pub?gid=1196769730&single=true&output=csv,False,HTTP 500 (attempt 3),
2026-08-28T23:25:57.343501+00:00,2026-08-26,dry_bulk_trend_atl,https://docs.google.com/spreadsheets/d/e/2PACX-1vSm3hFo3WpdJQ86FaGIy-S151biJvr2J31-kbmYmO9kOwJ2sDjbz-v8ooNpsufCepZS0tCUavO5iUrI/pub?gid=409746990&single=true&output=csv,True,OK,docs/alibra_data/dry_bulk_trend_atl/2026-08-26.csv
2026-08-28T23:25:57.343501+00:00,2026-08-26,dry_bulk_trend_pac,https://docs.google.com/spreadsheets/d/e/2PACX-1vSm3hFo3WpdJQ86FaGIy-S151biJvr2J31-kbmYmO9kOwJ2sDjbz-v8ooNpsufCepZS0tCUavO5iUrI/pub?gid=779118968&single=true&output=csv,True,OK,docs/alibra_data/dry_bulk_trend_pac/2026-08-26.csv
2026-08-28T23:25:57.343501+00:00,2026-08-26,tanker_trend_1yr,https://docs.google.com/spreadsheets/d/e/2PACX-1vSm3hFo3WpdJQ86FaGIy-S151biJvr2J31-kbmYmO9kOwJ2sDjbz-v8ooNpsufCepZS0tCUavO5iUrI/pub?gid=137918187&single=true&output=csv,True,OK,docs/alibra_data/tanker_trend_1yr/2026-08-26.csv
2026-08-28T23:25:57.343501+00:00,2026-08-26,tanker_trend_3yr,https://docs.google.com/spreadsheets/d/e/2PACX-1vSm3hFo3WpdJQ86FaGIy-S151biJvr2J31-kbmYmO9kOwJ2sDjbz-v8ooNpsufCepZS0tCUavO5iUrI/pub?gid=1501135879&single=true&output=csv,True,OK,docs/alibra_data/tanker_trend_3yr/2026-08-26.csv
2026-08-28T23:25:57.343501+00:00,2026-08-26,dry_bulk_archive_atl,https://docs.google.com/spreadsheets/d/e/2PACX-1vSm3hFo3WpdJQ86FaGIy-S151biJvr2J31-kbmYmO9kOwJ2sDjbz-v8ooNpsufCepZS0tCUavO5iUrI/pub?gid=1609275035&single=true&output=csv,True,OK,docs/alibra_data/dry_bulk_archive_atl/2026-08-26.csv
2026-08-28T23:25:57.343501+00:00,2026-08-26,dry_bulk_archive_pac,https://docs.google.com/spreadsheets/d/e/2PACX-1vSm3hFo3WpdJQ86FaGIy-S151biJvr2J31-kbmYmO9kOwJ2sDjbz-v8ooNpsufCepZS0tCUavO5iUrI/pub?gid=1656242999&single=true&output=csv,True,OK,docs/alibra_data/dry_bulk_archive_pac/2026-08-26.csv
2026-08-29T12:58:59.228477+00:00,2026-08-26,last_updated_stamp,https://docs.google.com/spreadsheets/d/e/2PACX-1vQk6073LStJEfzv418WKYluN2zykXon3KL58hPVNnqoOPiZVhBVzBCi9QnnAETwm_QbMvltcNCuzTzH/pub?gid=92942855&single=true&output=csv,True,OK,docs/alibra_data/last_updated_stamp/2026-08-26.csv
2026-08-29T12:58:59.228477+00:00,2026-08-26,dry_bulk_tce_table,https://docs.google.com/spreadsheets/d/e/2PACX-1vQk6073LStJEfzv418WKYluN2zykXon3KL58hPVNnqoOPiZVhBVzBCi9QnnAETwm_QbMvltcNCuzTzH/pub?gid=1944138367&single=true&output=csv,True,OK,docs/alibra_data/dry_bulk_tce_table/2026-08-26.csv
2026-08-29T12:58:59.228477+00:00,2026-08-26,tanker_tce_table,https://docs.google.com/spreadsheets/d/e/2PACX-1vQk6073LStJEfzv418WKYluN2zykXon3KL58hPVNnqoOPiZVhBVzBCi9QnnAETwm_QbMvltcNCuzTzH/pub?gid=1458966001&single=true&output=csv,True,OK,docs/alibra_data/tanker_tce_table/2026-08-26.csv
2026-08-29T12:58:59.228477+00:00,2026-08-26,forward_curves,https://docs.google.com/spreadsheets/d/e/2PACX-1vQkGGniHOjjs_0booelgLP3pGwySZLvMLskYlJCxNLcq6uf9EaH50Wcpob87lH7xw/pub?gid=1196769730&single=true&output=csv,False,HTTP 500 (attempt 3),
2026-08-29T12:58:59.228477+00:00,2026-08-26,dry_bulk_trend_atl,https://docs.google.com/spreadsheets/d/e/2PACX-1vSm3hFo3WpdJQ86FaGIy-S151biJvr2J31-kbmYmO9kOwJ2sDjbz-v8ooNpsufCepZS0tCUavO5iUrI/pub?gid=409746990&single=true&output=csv,True,OK,docs/alibra_data/dry_bulk_trend_atl/2026-08-26.csv
2026-08-29T12:58:59.228477+00:00,2026-08-26,dry_bulk_trend_pac,https://docs.google.com/spreadsheets/d/e/2PACX-1vSm3hFo3WpdJQ86FaGIy-S151biJvr2J31-kbmYmO9kOwJ2sDjbz-v8ooNpsufCepZS0tCUavO5iUrI/pub?gid=779118968&single=true&output=csv,True,OK,docs/alibra_data/dry_bulk_trend_pac/2026-08-26.csv
2026-08-29T12:58:59.228477+00:00,2026-08-26,tanker_trend_1yr,https://docs.google.com/spreadsheets/d/e/2PACX-1vSm3hFo3WpdJQ86FaGIy-S151biJvr2J31-kbmYmO9kOwJ2sDjbz-v8ooNpsufCepZS0tCUavO5iUrI/pub?gid=137918187&single=true&output=csv,True,OK,docs/alibra_data/tanker_trend_1yr/2026-08-26.csv
2026-08-29T12:58:59.228477+00:00,2026-08-26,tanker_trend_3yr,https://docs.google.com/spreadsheets/d/e/2PACX-1vSm3hFo3WpdJQ86FaGIy-S151biJvr2J31-kbmYmO9kOwJ2sDjbz-v8ooNpsufCepZS0tCUavO5iUrI/pub?gid=1501135879&single=true&output=csv,True,OK,docs/alibra_data/tanker_trend_3yr/2026-08-26.csv
2026-08-29T12:58:59.228477+00:00,2026-08-26,dry_bulk_archive_atl,https://docs.google.com/spreadsheets/d/e/2PACX-1vSm3hFo3WpdJQ86FaGIy-S151biJvr2J31-kbmYmO9kOwJ2sDjbz-v8ooNpsufCepZS0tCUavO5iUrI/pub?gid=1609275035&single=true&output=csv,True,OK,docs/alibra_data/dry_bulk_archive_atl/2026-08-26.csv
2026-08-29T12:58:59.228477+00:00,2026-08-26,dry_bulk_archive_pac,https://docs.google.com/spreadsheets/d/e/2PACX-1vSm3hFo3WpdJQ86FaGIy-S151biJvr2J31-kbmYmO9kOwJ2sDjbz-v8ooNpsufCepZS0tCUavO5iUrI/pub?gid=1656242999&single=true&output=csv,True,OK,docs/alibra_data/dry_bulk_archive_pac/2026-08-26.csv
2026-08-29T15:18:07.069731+00:00,2026-08-26,last_updated_stamp,https://docs.google.com/spreadsheets/d/e/2PACX-1vQk6073LStJEfzv418WKYluN2zykXon3KL58hPVNnqoOPiZVhBVzBCi9QnnAETwm_QbMvltcNCuzTzH/pub?gid=92942855&single=true&output=csv,True,OK,docs/alibra_data/last_updated_stamp/2026-08-26.csv
2026-08-29T15:18:07.069731+00:00,2026-08-26,dry_bulk_tce_table,https://docs.google.com/spreadsheets/d/e/2PACX-1vQk6073LStJEfzv418WKYluN2zykXon3KL58hPVNnqoOPiZVhBVzBCi9QnnAETwm_QbMvltcNCuzTzH/pub?gid=1944138367&single=true&output=csv,True,OK,docs/alibra_data/dry_bulk_tce_table/2026-08-26.csv
2026-08-29T15:18:07.069731+00:00,2026-08-26,tanker_tce_table,https://docs.google.com/spreadsheets/d/e/2PACX-1vQk6073LStJEfzv418WKYluN2zykXon3KL58hPVNnqoOPiZVhBVzBCi9QnnAETwm_QbMvltcNCuzTzH/pub?gid=1458966001&single=true&output=csv,True,OK,docs/alibra_data/tanker_tce_table/2026-08-26.csv
2026-08-29T15:18:07.069731+00:00,2026-08-26,forward_curves,https://docs.google.com/spreadsheets/d/e/2PACX-1vQkGGniHOjjs_0booelgLP3pGwySZLvMLskYlJCxNLcq6uf9EaH50Wcpob87lH7xw/pub?gid=1196769730&single=true&output=csv,False,HTTP 500 (attempt 3),
2026-08-29T15:18:07.069731+00:00,2026-08-26,dry_bulk_trend_atl,https://docs.google.com/spreadsheets/d/e/2PACX-1vSm3hFo3WpdJQ86FaGIy-S151biJvr2J31-kbmYmO9kOwJ2sDjbz-v8ooNpsufCepZS0tCUavO5iUrI/pub?gid=409746990&single=true&output=csv,True,OK,docs/alibra_data/dry_bulk_trend_atl/2026-08-26.csv
2026-08-29T15:18:07.069731+00:00,2026-08-26,dry_bulk_trend_pac,https://docs.google.com/spreadsheets/d/e/2PACX-1vSm3hFo3WpdJQ86FaGIy-S151biJvr2J31-kbmYmO9kOwJ2sDjbz-v8ooNpsufCepZS0tCUavO5iUrI/pub?gid=779118968&single=true&output=csv,True,OK,docs/alibra_data/dry_bulk_trend_pac/2026-08-26.csv
2026-08-29T15:18:07.069731+00:00,2026-08-26,tanker_trend_1yr,https://docs.google.com/spreadsheets/d/e/2PACX-1vSm3hFo3WpdJQ86FaGIy-S151biJvr2J31-kbmYmO9kOwJ2sDjbz-v8ooNpsufCepZS0tCUavO5iUrI/pub?gid=137918187&single=true&output=csv,True,OK,docs/alibra_data/tanker_trend_1yr/2026-08-26.csv
2026-08-29T15:18:07.069731+00:00,2026-08-26,tanker_trend_3yr,https://docs.google.com/spreadsheets/d/e/2PACX-1vSm3hFo3WpdJQ86FaGIy-S151biJvr2J31-kbmYmO9kOwJ2sDjbz-v8ooNpsufCepZS0tCUavO5iUrI/pub?gid=1501135879&single=true&output=csv,True,OK,docs/alibra_data/tanker_trend_3yr/2026-08-26.csv
2026-08-29T15:18:07.069731+00:00,2026-08-26,dry_bulk_archive_atl,https://docs.google.com/spreadsheets/d/e/2PACX-1vSm3hFo3WpdJQ86FaGIy-S151biJvr2J31-kbmYmO9kOwJ2sDjbz-v8ooNpsufCepZS0tCUavO5iUrI/pub?gid=1609275035&single=true&output=csv,True,OK,docs/alibra_data/dry_bulk_archive_atl/2026-08-26.csv
2026-08-29T15:18:07.069731+00:00,2026-08-26,dry_bulk_archive_pac,https://docs.google.com/spreadsheets/d/e/2PACX-1vSm3hFo3WpdJQ86FaGIy-S151biJvr2J31-kbmYmO9kOwJ2sDjbz-v8ooNpsufCepZS0tCUavO5iUrI/pub?gid=1656242999&single=true&output=csv,True,OK,docs/alibra_data/dry_bulk_archive_pac/2026-08-26.csv
2026-08-29T17:32:44.815594+00:00,2026-08-26,last_updated_stamp,https://docs.google.com/spreadsheets/d/e/2PACX-1vQk6073LStJEfzv418WKYluN2zykXon3KL58hPVNnqoOPiZVhBVzBCi9QnnAETwm_QbMvltcNCuzTzH/pub?gid=92942855&single=true&output=csv,True,OK,docs/alibra_data/last_updated_stamp/2026-08-26.csv
2026-08-29T17:32:44.815594+00:00,2026-08-26,dry_bulk_tce_table,https://docs.google.com/spreadsheets/d/e/2PACX-1vQk6073LStJEfzv418WKYluN2zykXon3KL58hPVNnqoOPiZVhBVzBCi9QnnAETwm_QbMvltcNCuzTzH/pub?gid=1944138367&single=true&output=csv,True,OK,docs/alibra_data/dry_bulk_tce_table/2026-08-26.csv
2026-08-29T17:32:44.815594+00:00,2026-08-26,tanker_tce_table,https://docs.google.com/spreadsheets/d/e/2PACX-1vQk6073LStJEfzv418WKYluN2zykXon3KL58hPVNnqoOPiZVhBVzBCi9QnnAETwm_QbMvltcNCuzTzH/pub?gid=1458966001&single=true&output=csv,True,OK,docs/alibra_data/tanker_tce_table/2026-08-26.csv
2026-08-29T17:32:44.815594+00:00,2026-08-26,forward_curves,https://docs.google.com/spreadsheets/d/e/2PACX-1vQkGGniHOjjs_0booelgLP3pGwySZLvMLskYlJCxNLcq6uf9EaH50Wcpob87lH7xw/pub?gid=1196769730&single=true&output=csv,False,HTTP 500 (attempt 3),
2026-08-29T17:32:44.815594+00:00,2026-08-26,dry_bulk_trend_atl,https://docs.google.com/spreadsheets/d/e/2PACX-1vSm3hFo3WpdJQ86FaGIy-S151biJvr2J31-kbmYmO9kOwJ2sDjbz-v8ooNpsufCepZS0tCUavO5iUrI/pub?gid=409746990&single=true&output=csv,True,OK,docs/alibra_data/dry_bulk_trend_atl/2026-08-26.csv
2026-08-29T17:32:44.815594+00:00,2026-08-26,dry_bulk_trend_pac,https://docs.google.com/spreadsheets/d/e/2PACX-1vSm3hFo3WpdJQ86FaGIy-S151biJvr2J31-kbmYmO9kOwJ2sDjbz-v8ooNpsufCepZS0tCUavO5iUrI/pub?gid=779118968&single=true&output=csv,True,OK,docs/alibra_data/dry_bulk_trend_pac/2026-08-26.csv
2026-08-29T17:32:44.815594+00:00,2026-08-26,tanker_trend_1yr,https://docs.google.com/spreadsheets/d/e/2PACX-1vSm3hFo3WpdJQ86FaGIy-S151biJvr2J31-kbmYmO9kOwJ2sDjbz-v8ooNpsufCepZS0tCUavO5iUrI/pub?gid=137918187&single=true&output=csv,True,OK,docs/alibra_data/tanker_trend_1yr/2026-08-26.csv
2026-08-29T17:32:44.815594+00:00,2026-08-26,tanker_trend_3yr,https://docs.google.com/spreadsheets/d/e/2PACX-1vSm3hFo3WpdJQ86FaGIy-S151biJvr2J31-kbmYmO9kOwJ2sDjbz-v8ooNpsufCepZS0tCUavO5iUrI/pub?gid=1501135879&single=true&output=csv,True,OK,docs/alibra_data/tanker_trend_3yr/2026-08-26.csv
2026-08-29T17:32:44.815594+00:00,2026-08-26,dry_bulk_archive_atl,https://docs.google.com/spreadsheets/d/e/2PACX-1vSm3hFo3WpdJQ86FaGIy-S151biJvr2J31-kbmYmO9kOwJ2sDjbz-v8ooNpsufCepZS0tCUavO5iUrI/pub?gid=1609275035&single=true&output=csv,True,OK,docs/alibra_data/dry_bulk_archive_atl/2026-08-26.csv
2026-08-29T17:32:44.815594+00:00,2026-08-26,dry_bulk_archive_pac,https://docs.google.com/spreadsheets/d/e/2PACX-1vSm3hFo3WpdJQ86FaGIy-S151biJvr2J31-kbmYmO9kOwJ2sDjbz-v8ooNpsufCepZS0tCUavO5iUrI/pub?gid=1656242999&single=true&output=csv,True,OK,docs/alibra_data/dry_bulk_archive_pac/2026-08-26.csv
2026-08-29T19:12:30.092427+00:00,2026-08-26,last_updated_stamp,https://docs.google.com/spreadsheets/d/e/2PACX-1vQk6073LStJEfzv418WKYluN2zykXon3KL58hPVNnqoOPiZVhBVzBCi9QnnAETwm_QbMvltcNCuzTzH/pub?gid=92942855&single=true&output=csv,True,OK,docs/alibra_data/last_updated_stamp/2026-08-26.csv
2026-08-29T19:12:30.092427+00:00,2026-08-26,dry_bulk_tce_table,https://docs.google.com/spreadsheets/d/e/2PACX-1vQk6073LStJEfzv418WKYluN2zykXon3KL58hPVNnqoOPiZVhBVzBCi9QnnAETwm_QbMvltcNCuzTzH/pub?gid=1944138367&single=true&output=csv,True,OK,docs/alibra_data/dry_bulk_tce_table/2026-08-26.csv
2026-08-29T19:12:30.092427+00:00,2026-08-26,tanker_tce_table,https://docs.google.com/spreadsheets/d/e/2PACX-1vQk6073LStJEfzv418WKYluN2zykXon3KL58hPVNnqoOPiZVhBVzBCi9QnnAETwm_QbMvltcNCuzTzH/pub?gid=1458966001&single=true&output=csv,True,OK,docs/alibra_data/tanker_tce_table/2026-08-26.csv
2026-08-29T19:12:30.092427+00:00,2026-08-26,forward_curves,https://docs.google.com/spreadsheets/d/e/2PACX-1vQkGGniHOjjs_0booelgLP3pGwySZLvMLskYlJCxNLcq6uf9EaH50Wcpob87lH7xw/pub?gid=1196769730&single=true&output=csv,False,HTTP 500 (attempt 3),
2026-08-29T19:12:30.092427+00:00,2026-08-26,dry_bulk_trend_atl,https://docs.google.com/spreadsheets/d/e/2PACX-1vSm3hFo3WpdJQ86FaGIy-S151biJvr2J31-kbmYmO9kOwJ2sDjbz-v8ooNpsufCepZS0tCUavO5iUrI/pub?gid=409746990&single=true&output=csv,True,OK,docs/alibra_data/dry_bulk_trend_atl/2026-08-26.csv
2026-08-29T19:12:30.092427+00:00,2026-08-26,dry_bulk_trend_pac,https://docs.google.com/spreadsheets/d/e/2PACX-1vSm3hFo3WpdJQ86FaGIy-S151biJvr2J31-kbmYmO9kOwJ2sDjbz-v8ooNpsufCepZS0tCUavO5iUrI/pub?gid=779118968&single=true&output=csv,True,OK,docs/alibra_data/dry_bulk_trend_pac/2026-08-26.csv
2026-08-29T19:12:30.092427+00:00,2026-08-26,tanker_trend_1yr,https://docs.google.com/spreadsheets/d/e/2PACX-1vSm3hFo3WpdJQ86FaGIy-S151biJvr2J31-kbmYmO9kOwJ2sDjbz-v8ooNpsufCepZS0tCUavO5iUrI/pub?gid=137918187&single=true&output=csv,True,OK,docs/alibra_data/tanker_trend_1yr/2026-08-26.csv
2026-08-29T19:12:30.092427+00:00,2026-08-26,tanker_trend_3yr,https://docs.google.com/spreadsheets/d/e/2PACX-1vSm3hFo3WpdJQ86FaGIy-S151biJvr2J31-kbmYmO9kOwJ2sDjbz-v8ooNpsufCepZS0tCUavO5iUrI/pub?gid=1501135879&single=true&output=csv,True,OK,docs/alibra_data/tanker_trend_3yr/2026-08-26.csv
2026-08-29T19:12:30.092427+00:00,2026-08-26,dry_bulk_archive_atl,https://docs.google.com/spreadsheets/d/e/2PACX-1vSm3hFo3WpdJQ86FaGIy-S151biJvr2J31-kbmYmO9kOwJ2sDjbz-v8ooNpsufCepZS0tCUavO5iUrI/pub?gid=1609275035&single=true&output=csv,True,OK,docs/alibra_data/dry_bulk_archive_atl/2026-08-26.csv
2026-08-29T19:12:30.092427+00:00,2026-08-26,dry_bulk_archive_pac,https://docs.google.com/spreadsheets/d/e/2PACX-1vSm3hFo3WpdJQ86FaGIy-S151biJvr2J31-kbmYmO9kOwJ2sDjbz-v8ooNpsufCepZS0tCUavO5iUrI/pub?gid=1656242999&single=true&output=csv,True,OK,docs/alibra_data/dry_bulk_archive_pac/2026-08-26.csv
2026-08-29T21:32:43.023798+00:00,2026-08-26,last_updated_stamp,https://docs.google.com/spreadsheets/d/e/2PACX-1vQk6073LStJEfzv418WKYluN2zykXon3KL58hPVNnqoOPiZVhBVzBCi9QnnAETwm_QbMvltcNCuzTzH/pub?gid=92942855&single=true&output=csv,True,OK,docs/alibra_data/last_updated_stamp/2026-08-26.csv
2026-08-29T21:32:43.023798+00:00,2026-08-26,dry_bulk_tce_table,https://docs.google.com/spreadsheets/d/e/2PACX-1vQk6073LStJEfzv418WKYluN2zykXon3KL58hPVNnqoOPiZVhBVzBCi9QnnAETwm_QbMvltcNCuzTzH/pub?gid=1944138367&single=true&output=csv,True,OK,docs/alibra_data/dry_bulk_tce_table/2026-08-26.csv
2026-08-29T21:32:43.023798+00:00,2026-08-26,tanker_tce_table,https://docs.google.com/spreadsheets/d/e/2PACX-1vQk6073LStJEfzv418WKYluN2zykXon3KL58hPVNnqoOPiZVhBVzBCi9QnnAETwm_QbMvltcNCuzTzH/pub?gid=1458966001&single=true&output=csv,True,OK,docs/alibra_data/tanker_tce_table/2026-08-26.csv
2026-08-29T21:32:43.023798+00:00,2026-08-26,forward_curves,https://docs.google.com/spreadsheets/d/e/2PACX-1vQkGGniHOjjs_0booelgLP3pGwySZLvMLskYlJCxNLcq6uf9EaH50Wcpob87lH7xw/pub?gid=1196769730&single=true&output=csv,False,HTTP 500 (attempt 3),
2026-08-29T21:32:43.023798+00:00,2026-08-26,dry_bulk_trend_atl,https://docs.google.com/spreadsheets/d/e/2PACX-1vSm3hFo3WpdJQ86FaGIy-S151biJvr2J31-kbmYmO9kOwJ2sDjbz-v8ooNpsufCepZS0tCUavO5iUrI/pub?gid=409746990&single=true&output=csv,True,OK,docs/alibra_data/dry_bulk_trend_atl/2026-08-26.csv
2026-08-29T21:32:43.023798+00:00,2026-08-26,dry_bulk_trend_pac,https://docs.google.com/spreadsheets/d/e/2PACX-1vSm3hFo3WpdJQ86FaGIy-S151biJvr2J31-kbmYmO9kOwJ2sDjbz-v8ooNpsufCepZS0tCUavO5iUrI/pub?gid=779118968&single=true&output=csv,True,OK,docs/alibra_data/dry_bulk_trend_pac/2026-08-26.csv
2026-08-29T21:32:43.023798+00:00,2026-08-26,tanker_trend_1yr,https://docs.google.com/spreadsheets/d/e/2PACX-1vSm3hFo3WpdJQ86FaGIy-S151biJvr2J31-kbmYmO9kOwJ2sDjbz-v8ooNpsufCepZS0tCUavO5iUrI/pub?gid=137918187&single=true&output=csv,True,OK,docs/alibra_data/tanker_trend_1yr/2026-08-26.csv
2026-08-29T21:32:43.023798+00:00,2026-08-26,tanker_trend_3yr,https://docs.google.com/spreadsheets/d/e/2PACX-1vSm3hFo3WpdJQ86FaGIy-S151biJvr2J31-kbmYmO9kOwJ2sDjbz-v8ooNpsufCepZS0tCUavO5iUrI/pub?gid=1501135879&single=true&output=csv,True,OK,docs/alibra_data/tanker_trend_3yr/2026-08-26.csv
2026-08-29T21:32:43.023798+00:00,2026-08-26,dry_bulk_archive_atl,https://docs.google.com/spreadsheets/d/e/2PACX-1vSm3hFo3WpdJQ86FaGIy-S151biJvr2J31-kbmYmO9kOwJ2sDjbz-v8ooNpsufCepZS0tCUavO5iUrI/pub?gid=1609275035&single=true&output=csv,True,OK,docs/alibra_data/dry_bulk_archive_atl/2026-08-26.csv
2026-08-29T21:32:43.023798+00:00,2026-08-26,dry_bulk_archive_pac,https://docs.google.com/spreadsheets/d/e/2PACX-1vSm3hFo3WpdJQ86FaGIy-S151biJvr2J31-kbmYmO9kOwJ2sDjbz-v8ooNpsufCepZS0tCUavO5iUrI/pub?gid=1656242999&single=true&output=csv,True,OK,docs/alibra_data/dry_bulk_archive_pac/2026-08-26.csv
2026-08-29T23:52:37.648120+00:00,2026-08-26,last_updated_stamp,https://docs.google.com/spreadsheets/d/e/2PACX-1vQk6073LStJEfzv418WKYluN2zykXon3KL58hPVNnqoOPiZVhBVzBCi9QnnAETwm_QbMvltcNCuzTzH/pub?gid=92942855&single=true&output=csv,True,OK,docs/alibra_data/last_updated_stamp/2026-08-26.csv
2026-08-29T23:52:37.648120+00:00,2026-08-26,dry_bulk_tce_table,https://docs.google.com/spreadsheets/d/e/2PACX-1vQk6073LStJEfzv418WKYluN2zykXon3KL58hPVNnqoOPiZVhBVzBCi9QnnAETwm_QbMvltcNCuzTzH/pub?gid=1944138367&single=true&output=csv,True,OK,docs/alibra_data/dry_bulk_tce_table/2026-08-26.csv
2026-08-29T23:52:37.648120+00:00,2026-08-26,tanker_tce_table,https://docs.google.com/spreadsheets/d/e/2PACX-1vQk6073LStJEfzv418WKYluN2zykXon3KL58hPVNnqoOPiZVhBVzBCi9QnnAETwm_QbMvltcNCuzTzH/pub?gid=1458966001&single=true&output=csv,True,OK,docs/alibra_data/tanker_tce_table/2026-08-26.csv
2026-08-29T23:52:37.648120+00:00,2026-08-26,forward_curves,https://docs.google.com/spreadsheets/d/e/2PACX-1vQkGGniHOjjs_0booelgLP3pGwySZLvMLskYlJCxNLcq6uf9EaH50Wcpob87lH7xw/pub?gid=1196769730&single=true&output=csv,False,HTTP 500 (attempt 3),
2026-08-29T23:52:37.648120+00:00,2026-08-26,dry_bulk_trend_atl,https://docs.google.com/spreadsheets/d/e/2PACX-1vSm3hFo3WpdJQ86FaGIy-S151biJvr2J31-kbmYmO9kOwJ2sDjbz-v8ooNpsufCepZS0tCUavO5iUrI/pub?gid=409746990&single=true&output=csv,True,OK,docs/alibra_data/dry_bulk_trend_atl/2026-08-26.csv
2026-08-29T23:52:37.648120+00:00,2026-08-26,dry_bulk_trend_pac,https://docs.google.com/spreadsheets/d/e/2PACX-1vSm3hFo3WpdJQ86FaGIy-S151biJvr2J31-kbmYmO9kOwJ2sDjbz-v8ooNpsufCepZS0tCUavO5iUrI/pub?gid=779118968&single=true&output=csv,True,OK,docs/alibra_data/dry_bulk_trend_pac/2026-08-26.csv
2026-08-29T23:52:37.648120+00:00,2026-08-26,tanker_trend_1yr,https://docs.google.com/spreadsheets/d/e/2PACX-1vSm3hFo3WpdJQ86FaGIy-S151biJvr2J31-kbmYmO9kOwJ2sDjbz-v8ooNpsufCepZS0tCUavO5iUrI/pub?gid=137918187&single=true&output=csv,True,OK,docs/alibra_data/tanker_trend_1yr/2026-08-26.csv
2026-08-29T23:52:37.648120+00:00,2026-08-26,tanker_trend_3yr,https://docs.google.com/spreadsheets/d/e/2PACX-1vSm3hFo3WpdJQ86FaGIy-S151biJvr2J31-kbmYmO9kOwJ2sDjbz-v8ooNpsufCepZS0tCUavO5iUrI/pub?gid=1501135879&single=true&output=csv,True,OK,docs/alibra_data/tanker_trend_3yr/2026-08-26.csv
2026-08-29T23:52:37.648120+00:00,2026-08-26,dry_bulk_archive_atl,https://docs.google.com/spreadsheets/d/e/2PACX-1vSm3hFo3WpdJQ86FaGIy-S151biJvr2J31-kbmYmO9kOwJ2sDjbz-v8ooNpsufCepZS0tCUavO5iUrI/pub?gid=1609275035&single=true&output=csv,True,OK,docs/alibra_data/dry_bulk_archive_atl/2026-08-26.csv
2026-08-29T23:52:37.648120+00:00,2026-08-26,dry_bulk_archive_pac,https://docs.google.com/spreadsheets/d/e/2PACX-1vSm3hFo3WpdJQ86FaGIy-S151biJvr2J31-kbmYmO9kOwJ2sDjbz-v8ooNpsufCepZS0tCUavO5iUrI/pub?gid=1656242999&single=true&output=csv,True,OK,docs/alibra_data/dry_bulk_archive_pac/2026-08-26.csv
2026-08-30T12:37:13.857207+00:00,2026-08-26,last_updated_stamp,https://docs.google.com/spreadsheets/d/e/2PACX-1vQk6073LStJEfzv418WKYluN2zykXon3KL58hPVNnqoOPiZVhBVzBCi9QnnAETwm_QbMvltcNCuzTzH/pub?gid=92942855&single=true&output=csv,True,OK,docs/alibra_data/last_updated_stamp/2026-08-26.csv
2026-08-30T12:37:13.857207+00:00,2026-08-26,dry_bulk_tce_table,https://docs.google.com/spreadsheets/d/e/2PACX-1vQk6073LStJEfzv418WKYluN2zykXon3KL58hPVNnqoOPiZVhBVzBCi9QnnAETwm_QbMvltcNCuzTzH/pub?gid=1944138367&single=true&output=csv,True,OK,docs/alibra_data/dry_bulk_tce_table/2026-08-26.csv
2026-08-30T12:37:13.857207+00:00,2026-08-26,tanker_tce_table,https://docs.google.com/spreadsheets/d/e/2PACX-1vQk6073LStJEfzv418WKYluN2zykXon3KL58hPVNnqoOPiZVhBVzBCi9QnnAETwm_QbMvltcNCuzTzH/pub?gid=1458966001&single=true&output=csv,True,OK,docs/alibra_data/tanker_tce_table/2026-08-26.csv
2026-08-30T12:37:13.857207+00:00,2026-08-26,forward_curves,https://docs.google.com/spreadsheets/d/e/2PACX-1vQkGGniHOjjs_0booelgLP3pGwySZLvMLskYlJCxNLcq6uf9EaH50Wcpob87lH7xw/pub?gid=1196769730&single=true&output=csv,False,HTTP 500 (attempt 3),
2026-08-30T12:37:13.857207+00:00,2026-08-26,dry_bulk_trend_atl,https://docs.google.com/spreadsheets/d/e/2PACX-1vSm3hFo3WpdJQ86FaGIy-S151biJvr2J31-kbmYmO9kOwJ2sDjbz-v8ooNpsufCepZS0tCUavO5iUrI/pub?gid=409746990&single=true&output=csv,True,OK,docs/alibra_data/dry_bulk_trend_atl/2026-08-26.csv
2026-08-30T12:37:13.857207+00:00,2026-08-26,dry_bulk_trend_pac,https://docs.google.com/spreadsheets/d/e/2PACX-1vSm3hFo3WpdJQ86FaGIy-S151biJvr2J31-kbmYmO9kOwJ2sDjbz-v8ooNpsufCepZS0tCUavO5iUrI/pub?gid=779118968&single=true&output=csv,True,OK,docs/alibra_data/dry_bulk_trend_pac/2026-08-26.csv
2026-08-30T12:37:13.857207+00:00,2026-08-26,tanker_trend_1yr,https://docs.google.com/spreadsheets/d/e/2PACX-1vSm3hFo3WpdJQ86FaGIy-S151biJvr2J31-kbmYmO9kOwJ2sDjbz-v8ooNpsufCepZS0tCUavO5iUrI/pub?gid=137918187&single=true&output=csv,True,OK,docs/alibra_data/tanker_trend_1yr/2026-08-26.csv
2026-08-30T12:37:13.857207+00:00,2026-08-26,tanker_trend_3yr,https://docs.google.com/spreadsheets/d/e/2PACX-1vSm3hFo3WpdJQ86FaGIy-S151biJvr2J31-kbmYmO9kOwJ2sDjbz-v8ooNpsufCepZS0tCUavO5iUrI/pub?gid=1501135879&single=true&output=csv,True,OK,docs/alibra_data/tanker_trend_3yr/2026-08-26.csv
2026-08-30T12:37:13.857207+00:00,2026-08-26,dry_bulk_archive_atl,https://docs.google.com/spreadsheets/d/e/2PACX-1vSm3hFo3WpdJQ86FaGIy-S151biJvr2J31-kbmYmO9kOwJ2sDjbz-v8ooNpsufCepZS0tCUavO5iUrI/pub?gid=1609275035&single=true&output=csv,True,OK,docs/alibra_data/dry_bulk_archive_atl/2026-08-26.csv
2026-08-30T12:37:13.857207+00:00,2026-08-26,dry_bulk_archive_pac,https://docs.google.com/spreadsheets/d/e/2PACX-1vSm3hFo3WpdJQ86FaGIy-S151biJvr2J31-kbmYmO9kOwJ2sDjbz-v8ooNpsufCepZS0tCUavO5iUrI/pub?gid=1656242999&single=true&output=csv,True,OK,docs/alibra_data/dry_bulk_archive_pac/2026-08-26.csv
2026-08-30T15:00:54.257587+00:00,2026-08-26,last_updated_stamp,https://docs.google.com/spreadsheets/d/e/2PACX-1vQk6073LStJEfzv418WKYluN2zykXon3KL58hPVNnqoOPiZVhBVzBCi9QnnAETwm_QbMvltcNCuzTzH/pub?gid=92942855&single=true&output=csv,True,OK,docs/alibra_data/last_updated_stamp/2026-08-26.csv
2026-08-30T15:00:54.257587+00:00,2026-08-26,dry_bulk_tce_table,https://docs.google.com/spreadsheets/d/e/2PACX-1vQk6073LStJEfzv418WKYluN2zykXon3KL58hPVNnqoOPiZVhBVzBCi9QnnAETwm_QbMvltcNCuzTzH/pub?gid=1944138367&single=true&output=csv,True,OK,docs/alibra_data/dry_bulk_tce_table/2026-08-26.csv
2026-08-30T15:00:54.257587+00:00,2026-08-26,tanker_tce_table,https://docs.google.com/spreadsheets/d/e/2PACX-1vQk6073LStJEfzv418WKYluN2zykXon3KL58hPVNnqoOPiZVhBVzBCi9QnnAETwm_QbMvltcNCuzTzH/pub?gid=1458966001&single=true&output=csv,True,OK,docs/alibra_data/tanker_tce_table/2026-08-26.csv
2026-08-30T15:00:54.257587+00:00,2026-08-26,forward_curves,https://docs.google.com/spreadsheets/d/e/2PACX-1vQkGGniHOjjs_0booelgLP3pGwySZLvMLskYlJCxNLcq6uf9EaH50Wcpob87lH7xw/pub?gid=1196769730&single=true&output=csv,False,HTTP 500 (attempt 3),
2026-08-30T15:00:54.257587+00:00,2026-08-26,dry_bulk_trend_atl,https://docs.google.com/spreadsheets/d/e/2PACX-1vSm3hFo3WpdJQ86FaGIy-S151biJvr2J31-kbmYmO9kOwJ2sDjbz-v8ooNpsufCepZS0tCUavO5iUrI/pub?gid=409746990&single=true&output=csv,True,OK,docs/alibra_data/dry_bulk_trend_atl/2026-08-26.csv
2026-08-30T15:00:54.257587+00:00,2026-08-26,dry_bulk_trend_pac,https://docs.google.com/spreadsheets/d/e/2PACX-1vSm3hFo3WpdJQ86FaGIy-S151biJvr2J31-kbmYmO9kOwJ2sDjbz-v8ooNpsufCepZS0tCUavO5iUrI/pub?gid=779118968&single=true&output=csv,True,OK,docs/alibra_data/dry_bulk_trend_pac/2026-08-26.csv
2026-08-30T15:00:54.257587+00:00,2026-08-26,tanker_trend_1yr,https://docs.google.com/spreadsheets/d/e/2PACX-1vSm3hFo3WpdJQ86FaGIy-S151biJvr2J31-kbmYmO9kOwJ2sDjbz-v8ooNpsufCepZS0tCUavO5iUrI/pub?gid=137918187&single=true&output=csv,True,OK,docs/alibra_data/tanker_trend_1yr/2026-08-26.csv
2026-08-30T15:00:54.257587+00:00,2026-08-26,tanker_trend_3yr,https://docs.google.com/spreadsheets/d/e/2PACX-1vSm3hFo3WpdJQ86FaGIy-S151biJvr2J31-kbmYmO9kOwJ2sDjbz-v8ooNpsufCepZS0tCUavO5iUrI/pub?gid=1501135879&single=true&output=csv,True,OK,docs/alibra_data/tanker_trend_3yr/2026-08-26.csv
2026-08-30T15:00:54.257587+00:00,2026-08-26,dry_bulk_archive_atl,https://docs.google.com/spreadsheets/d/e/2PACX-1vSm3hFo3WpdJQ86FaGIy-S151biJvr2J31-kbmYmO9kOwJ2sDjbz-v8ooNpsufCepZS0tCUavO5iUrI/pub?gid=1609275035&single=true&output=csv,True,OK,docs/alibra_data/dry_bulk_archive_atl/2026-08-26.csv
2026-08-30T15:00:54.257587+00:00,2026-08-26,dry_bulk_archive_pac,https://docs.google.com/spreadsheets/d/e/2PACX-1vSm3hFo3WpdJQ86FaGIy-S151biJvr2J31-kbmYmO9kOwJ2sDjbz-v8ooNpsufCepZS0tCUavO5iUrI/pub?gid=1656242999&single=true&output=csv,True,OK,docs/alibra_data/dry_bulk_archive_pac/2026-08-26.csv
2026-08-30T17:56:15.668685+00:00,2026-08-26,last_updated_stamp,https://docs.google.com/spreadsheets/d/e/2PACX-1vQk6073LStJEfzv418WKYluN2zykXon3KL58hPVNnqoOPiZVhBVzBCi9QnnAETwm_QbMvltcNCuzTzH/pub?gid=92942855&single=true&output=csv,True,OK,docs/alibra_data/last_updated_stamp/2026-08-26.csv
2026-08-30T17:56:15.668685+00:00,2026-08-26,dry_bulk_tce_table,https://docs.google.com/spreadsheets/d/e/2PACX-1vQk6073LStJEfzv418WKYluN2zykXon3KL58hPVNnqoOPiZVhBVzBCi9QnnAETwm_QbMvltcNCuzTzH/pub?gid=1944138367&single=true&output=csv,True,OK,docs/alibra_data/dry_bulk_tce_table/2026-08-26.csv
2026-08-30T17:56:15.668685+00:00,2026-08-26,tanker_tce_table,https://docs.google.com/spreadsheets/d/e/2PACX-1vQk6073LStJEfzv418WKYluN2zykXon3KL58hPVNnqoOPiZVhBVzBCi9QnnAETwm_QbMvltcNCuzTzH/pub?gid=1458966001&single=true&output=csv,True,OK,docs/alibra_data/tanker_tce_table/2026-08-26.csv
2026-08-30T17:56:15.668685+00:00,2026-08-26,forward_curves,https://docs.google.com/spreadsheets/d/e/2PACX-1vQkGGniHOjjs_0booelgLP3pGwySZLvMLskYlJCxNLcq6uf9EaH50Wcpob87lH7xw/pub?gid=1196769730&single=true&output=csv,False,HTTP 500 (attempt 3),
2026-08-30T17:56:15.668685+00:00,2026-08-26,dry_bulk_trend_atl,https://docs.google.com/spreadsheets/d/e/2PACX-1vSm3hFo3WpdJQ86FaGIy-S151biJvr2J31-kbmYmO9kOwJ2sDjbz-v8ooNpsufCepZS0tCUavO5iUrI/pub?gid=409746990&single=true&output=csv,True,OK,docs/alibra_data/dry_bulk_trend_atl/2026-08-26.csv
2026-08-30T17:56:15.668685+00:00,2026-08-26,dry_bulk_trend_pac,https://docs.google.com/spreadsheets/d/e/2PACX-1vSm3hFo3WpdJQ86FaGIy-S151biJvr2J31-kbmYmO9kOwJ2sDjbz-v8ooNpsufCepZS0tCUavO5iUrI/pub?gid=779118968&single=true&output=csv,True,OK,docs/alibra_data/dry_bulk_trend_pac/2026-08-26.csv
2026-08-30T17:56:15.668685+00:00,2026-08-26,tanker_trend_1yr,https://docs.google.com/spreadsheets/d/e/2PACX-1vSm3hFo3WpdJQ86FaGIy-S151biJvr2J31-kbmYmO9kOwJ2sDjbz-v8ooNpsufCepZS0tCUavO5iUrI/pub?gid=137918187&single=true&output=csv,True,OK,docs/alibra_data/tanker_trend_1yr/2026-08-26.csv
2026-08-30T17:56:15.668685+00:00,2026-08-26,tanker_trend_3yr,https://docs.google.com/spreadsheets/d/e/2PACX-1vSm3hFo3WpdJQ86FaGIy-S151biJvr2J31-kbmYmO9kOwJ2sDjbz-v8ooNpsufCepZS0tCUavO5iUrI/pub?gid=1501135879&single=true&output=csv,True,OK,docs/alibra_data/tanker_trend_3yr/2026-08-26.csv
2026-08-30T17:56:15.668685+00:00,2026-08-26,dry_bulk_archive_atl,https://docs.google.com/spreadsheets/d/e/2PACX-1vSm3hFo3WpdJQ86FaGIy-S151biJvr2J31-kbmYmO9kOwJ2sDjbz-v8ooNpsufCepZS0tCUavO5iUrI/pub?gid=1609275035&single=true&output=csv,True,OK,docs/alibra_data/dry_bulk_archive_atl/2026-08-26.csv
2026-08-30T17:56:15.668685+00:00,2026-08-26,dry_bulk_archive_pac,https://docs.google.com/spreadsheets/d/e/2PACX-1vSm3hFo3WpdJQ86FaGIy-S151biJvr2J31-kbmYmO9kOwJ2sDjbz-v8ooNpsufCepZS0tCUavO5iUrI/pub?gid=1656242999&single=true&output=csv,True,OK,docs/alibra_data/dry_bulk_archive_pac/2026-08-26.csv
2026-08-30T19:03:46.685477+00:00,2026-08-26,last_updated_stamp,https://docs.google.com/spreadsheets/d/e/2PACX-1vQk6073LStJEfzv418WKYluN2zykXon3KL58hPVNnqoOPiZVhBVzBCi9QnnAETwm_QbMvltcNCuzTzH/pub?gid=92942855&single=true&output=csv,True,OK,docs/alibra_data/last_updated_stamp/2026-08-26.csv
2026-08-30T19:03:46.685477+00:00,2026-08-26,dry_bulk_tce_table,https://docs.google.com/spreadsheets/d/e/2PACX-1vQk6073LStJEfzv418WKYluN2zykXon3KL58hPVNnqoOPiZVhBVzBCi9QnnAETwm_QbMvltcNCuzTzH/pub?gid=1944138367&single=true&output=csv,True,OK,docs/alibra_data/dry_bulk_tce_table/2026-08-26.csv
2026-08-30T19:03:46.685477+00:00,2026-08-26,tanker_tce_table,https://docs.google.com/spreadsheets/d/e/2PACX-1vQk6073LStJEfzv418WKYluN2zykXon3KL58hPVNnqoOPiZVhBVzBCi9QnnAETwm_QbMvltcNCuzTzH/pub?gid=1458966001&single=true&output=csv,True,OK,docs/alibra_data/tanker_tce_table/2026-08-26.csv
2026-08-30T19:03:46.685477+00:00,2026-08-26,forward_curves,https://docs.google.com/spreadsheets/d/e/2PACX-1vQkGGniHOjjs_0booelgLP3pGwySZLvMLskYlJCxNLcq6uf9EaH50Wcpob87lH7xw/pub?gid=1196769730&single=true&output=csv,False,HTTP 500 (attempt 3),
2026-08-30T19:03:46.685477+00:00,2026-08-26,dry_bulk_trend_atl,https://docs.google.com/spreadsheets/d/e/2PACX-1vSm3hFo3WpdJQ86FaGIy-S151biJvr2J31-kbmYmO9kOwJ2sDjbz-v8ooNpsufCepZS0tCUavO5iUrI/pub?gid=409746990&single=true&output=csv,True,OK,docs/alibra_data/dry_bulk_trend_atl/2026-08-26.csv
2026-08-30T19:03:46.685477+00:00,2026-08-26,dry_bulk_trend_pac,https://docs.google.com/spreadsheets/d/e/2PACX-1vSm3hFo3WpdJQ86FaGIy-S151biJvr2J31-kbmYmO9kOwJ2sDjbz-v8ooNpsufCepZS0tCUavO5iUrI/pub?gid=779118968&single=true&output=csv,True,OK,docs/alibra_data/dry_bulk_trend_pac/2026-08-26.csv
2026-08-30T19:03:46.685477+00:00,2026-08-26,tanker_trend_1yr,https://docs.google.com/spreadsheets/d/e/2PACX-1vSm3hFo3WpdJQ86FaGIy-S151biJvr2J31-kbmYmO9kOwJ2sDjbz-v8ooNpsufCepZS0tCUavO5iUrI/pub?gid=137918187&single=true&output=csv,True,OK,docs/alibra_data/tanker_trend_1yr/2026-08-26.csv
2026-08-30T19:03:46.685477+00:00,2026-08-26,tanker_trend_3yr,https://docs.google.com/spreadsheets/d/e/2PACX-1vSm3hFo3WpdJQ86FaGIy-S151biJvr2J31-kbmYmO9kOwJ2sDjbz-v8ooNpsufCepZS0tCUavO5iUrI/pub?gid=1501135879&single=true&output=csv,True,OK,docs/alibra_data/tanker_trend_3yr/2026-08-26.csv
2026-08-30T19:03:46.685477+00:00,2026-08-26,dry_bulk_archive_atl,https://docs.google.com/spreadsheets/d/e/2PACX-1vSm3hFo3WpdJQ86FaGIy-S151biJvr2J31-kbmYmO9kOwJ2sDjbz-v8ooNpsufCepZS0tCUavO5iUrI/pub?gid=1609275035&single=true&output=csv,True,OK,docs/alibra_data/dry_bulk_archive_atl/2026-08-26.csv
2026-08-30T19:03:46.685477+00:00,2026-08-26,dry_bulk_archive_pac,https://docs.google.com/spreadsheets/d/e/2PACX-1vSm3hFo3WpdJQ86FaGIy-S151biJvr2J31-kbmYmO9kOwJ2sDjbz-v8ooNpsufCepZS0tCUavO5iUrI/pub?gid=1656242999&single=true&output=csv,True,OK,docs/alibra_data/dry_bulk_archive_pac/2026-08-26.csv
2026-08-30T21:52:12.726594+00:00,2026-08-26,last_updated_stamp,https://docs.google.com/spreadsheets/d/e/2PACX-1vQk6073LStJEfzv418WKYluN2zykXon3KL58hPVNnqoOPiZVhBVzBCi9QnnAETwm_QbMvltcNCuzTzH/pub?gid=92942855&single=true&output=csv,True,OK,docs/alibra_data/last_updated_stamp/2026-08-26.csv
2026-08-30T21:52:12.726594+00:00,2026-08-26,dry_bulk_tce_table,https://docs.google.com/spreadsheets/d/e/2PACX-1vQk6073LStJEfzv418WKYluN2zykXon3KL58hPVNnqoOPiZVhBVzBCi9QnnAETwm_QbMvltcNCuzTzH/pub?gid=1944138367&single=true&output=csv,True,OK,docs/alibra_data/dry_bulk_tce_table/2026-08-26.csv
2026-08-30T21:52:12.726594+00:00,2026-08-26,tanker_tce_table,https://docs.google.com/spreadsheets/d/e/2PACX-1vQk6073LStJEfzv418WKYluN2zykXon3KL58hPVNnqoOPiZVhBVzBCi9QnnAETwm_QbMvltcNCuzTzH/pub?gid=1458966001&single=true&output=csv,True,OK,docs/alibra_data/tanker_tce_table/2026-08-26.csv
2026-08-30T21:52:12.726594+00:00,2026-08-26,forward_curves,https://docs.google.com/spreadsheets/d/e/2PACX-1vQkGGniHOjjs_0booelgLP3pGwySZLvMLskYlJCxNLcq6uf9EaH50Wcpob87lH7xw/pub?gid=1196769730&single=true&output=csv,False,HTTP 500 (attempt 3),
2026-08-30T21:52:12.726594+00:00,2026-08-26,dry_bulk_trend_atl,https://docs.google.com/spreadsheets/d/e/2PACX-1vSm3hFo3WpdJQ86FaGIy-S151biJvr2J31-kbmYmO9kOwJ2sDjbz-v8ooNpsufCepZS0tCUavO5iUrI/pub?gid=409746990&single=true&output=csv,True,OK,docs/alibra_data/dry_bulk_trend_atl/2026-08-26.csv
2026-08-30T21:52:12.726594+00:00,2026-08-26,dry_bulk_trend_pac,https://docs.google.com/spreadsheets/d/e/2PACX-1vSm3hFo3WpdJQ86FaGIy-S151biJvr2J31-kbmYmO9kOwJ2sDjbz-v8ooNpsufCepZS0tCUavO5iUrI/pub?gid=779118968&single=true&output=csv,True,OK,docs/alibra_data/dry_bulk_trend_pac/2026-08-26.csv
2026-08-30T21:52:12.726594+00:00,2026-08-26,tanker_trend_1yr,https://docs.google.com/spreadsheets/d/e/2PACX-1vSm3hFo3WpdJQ86FaGIy-S151biJvr2J31-kbmYmO9kOwJ2sDjbz-v8ooNpsufCepZS0tCUavO5iUrI/pub?gid=137918187&single=true&output=csv,True,OK,docs/alibra_data/tanker_trend_1yr/2026-08-26.csv
2026-08-30T21:52:12.726594+00:00,2026-08-26,tanker_trend_3yr,https://docs.google.com/spreadsheets/d/e/2PACX-1vSm3hFo3WpdJQ86FaGIy-S151biJvr2J31-kbmYmO9kOwJ2sDjbz-v8ooNpsufCepZS0tCUavO5iUrI/pub?gid=1501135879&single=true&output=csv,True,OK,docs/alibra_data/tanker_trend_3yr/2026-08-26.csv
2026-08-30T21:52:12.726594+00:00,2026-08-26,dry_bulk_archive_atl,https://docs.google.com/spreadsheets/d/e/2PACX-1vSm3hFo3WpdJQ86FaGIy-S151biJvr2J31-kbmYmO9kOwJ2sDjbz-v8ooNpsufCepZS0tCUavO5iUrI/pub?gid=1609275035&single=true&output=csv,True,OK,docs/alibra_data/dry_bulk_archive_atl/2026-08-26.csv
2026-08-30T21:52:12.726594+00:00,2026-08-26,dry_bulk_archive_pac,https://docs.google.com/spreadsheets/d/e/2PACX-1vSm3hFo3WpdJQ86FaGIy-S151biJvr2J31-kbmYmO9kOwJ2sDjbz-v8ooNpsufCepZS0tCUavO5iUrI/pub?gid=1656242999&single=true&output=csv,True,OK,docs/alibra_data/dry_bulk_archive_pac/2026-08-26.csv
2026-08-31T00:11:20.096519+00:00,2026-08-26,last_updated_stamp,https://docs.google.com/spreadsheets/d/e/2PACX-1vQk6073LStJEfzv418WKYluN2zykXon3KL58hPVNnqoOPiZVhBVzBCi9QnnAETwm_QbMvltcNCuzTzH/pub?gid=92942855&single=true&output=csv,True,OK,docs/alibra_data/last_updated_stamp/2026-08-26.csv
2026-08-31T00:11:20.096519+00:00,2026-08-26,dry_bulk_tce_table,https://docs.google.com/spreadsheets/d/e/2PACX-1vQk6073LStJEfzv418WKYluN2zykXon3KL58hPVNnqoOPiZVhBVzBCi9QnnAETwm_QbMvltcNCuzTzH/pub?gid=1944138367&single=true&output=csv,True,OK,docs/alibra_data/dry_bulk_tce_table/2026-08-26.csv
2026-08-31T00:11:20.096519+00:00,2026-08-26,tanker_tce_table,https://docs.google.com/spreadsheets/d/e/2PACX-1vQk6073LStJEfzv418WKYluN2zykXon3KL58hPVNnqoOPiZVhBVzBCi9QnnAETwm_QbMvltcNCuzTzH/pub?gid=1458966001&single=true&output=csv,True,OK,docs/alibra_data/tanker_tce_table/2026-08-26.csv
2026-08-31T00:11:20.096519+00:00,2026-08-26,forward_curves,https://docs.google.com/spreadsheets/d/e/2PACX-1vQkGGniHOjjs_0booelgLP3pGwySZLvMLskYlJCxNLcq6uf9EaH50Wcpob87lH7xw/pub?gid=1196769730&single=true&output=csv,False,HTTP 500 (attempt 3),
2026-08-31T00:11:20.096519+00:00,2026-08-26,dry_bulk_trend_atl,https://docs.google.com/spreadsheets/d/e/2PACX-1vSm3hFo3WpdJQ86FaGIy-S151biJvr2J31-kbmYmO9kOwJ2sDjbz-v8ooNpsufCepZS0tCUavO5iUrI/pub?gid=409746990&single=true&output=csv,True,OK,docs/alibra_data/dry_bulk_trend_atl/2026-08-26.csv
2026-08-31T00:11:20.096519+00:00,2026-08-26,dry_bulk_trend_pac,https://docs.google.com/spreadsheets/d/e/2PACX-1vSm3hFo3WpdJQ86FaGIy-S151biJvr2J31-kbmYmO9kOwJ2sDjbz-v8ooNpsufCepZS0tCUavO5iUrI/pub?gid=779118968&single=true&output=csv,True,OK,docs/alibra_data/dry_bulk_trend_pac/2026-08-26.csv
2026-08-31T00:11:20.096519+00:00,2026-08-26,tanker_trend_1yr,https://docs.google.com/spreadsheets/d/e/2PACX-1vSm3hFo3WpdJQ86FaGIy-S151biJvr2J31-kbmYmO9kOwJ2sDjbz-v8ooNpsufCepZS0tCUavO5iUrI/pub?gid=137918187&single=true&output=csv,True,OK,docs/alibra_data/tanker_trend_1yr/2026-08-26.csv
2026-08-31T00:11:20.096519+00:00,2026-08-26,tanker_trend_3yr,https://docs.google.com/spreadsheets/d/e/2PACX-1vSm3hFo3WpdJQ86FaGIy-S151biJvr2J31-kbmYmO9kOwJ2sDjbz-v8ooNpsufCepZS0tCUavO5iUrI/pub?gid=1501135879&single=true&output=csv,True,OK,docs/alibra_data/tanker_trend_3yr/2026-08-26.csv
2026-08-31T00:11:20.096519+00:00,2026-08-26,dry_bulk_archive_atl,https://docs.google.com/spreadsheets/d/e/2PACX-1vSm3hFo3WpdJQ86FaGIy-S151biJvr2J31-kbmYmO9kOwJ2sDjbz-v8ooNpsufCepZS0tCUavO5iUrI/pub?gid=1609275035&single=true&output=csv,True,OK,docs/alibra_data/dry_bulk_archive_atl/2026-08-26.csv
2026-08-31T00:11:20.096519+00:00,2026-08-26,dry_bulk_archive_pac,https://docs.google.com/spreadsheets/d/e/2PACX-1vSm3hFo3WpdJQ86FaGIy-S151biJvr2J31-kbmYmO9kOwJ2sDjbz-v8ooNpsufCepZS0tCUavO5iUrI/pub?gid=1656242999&single=true&output=csv,True,OK,docs/alibra_data/dry_bulk_archive_pac/2026-08-26.csv
2026-08-31T14:51:39.721370+00:00,2026-08-26,last_updated_stamp,https://docs.google.com/spreadsheets/d/e/2PACX-1vQk6073LStJEfzv418WKYluN2zykXon3KL58hPVNnqoOPiZVhBVzBCi9QnnAETwm_QbMvltcNCuzTzH/pub?gid=92942855&single=true&output=csv,True,OK,docs/alibra_data/last_updated_stamp/2026-08-26.csv
2026-08-31T14:51:39.721370+00:00,2026-08-26,dry_bulk_tce_table,https://docs.google.com/spreadsheets/d/e/2PACX-1vQk6073LStJEfzv418WKYluN2zykXon3KL58hPVNnqoOPiZVhBVzBCi9QnnAETwm_QbMvltcNCuzTzH/pub?gid=1944138367&single=true&output=csv,True,OK,docs/alibra_data/dry_bulk_tce_table/2026-08-26.csv
2026-08-31T14:51:39.721370+00:00,2026-08-26,tanker_tce_table,https://docs.google.com/spreadsheets/d/e/2PACX-1vQk6073LStJEfzv418WKYluN2zykXon3KL58hPVNnqoOPiZVhBVzBCi9QnnAETwm_QbMvltcNCuzTzH/pub?gid=1458966001&single=true&output=csv,True,OK,docs/alibra_data/tanker_tce_table/2026-08-26.csv
2026-08-31T14:51:39.721370+00:00,2026-08-26,forward_curves,https://docs.google.com/spreadsheets/d/e/2PACX-1vQkGGniHOjjs_0booelgLP3pGwySZLvMLskYlJCxNLcq6uf9EaH50Wcpob87lH7xw/pub?gid=1196769730&single=true&output=csv,False,HTTP 500 (attempt 3),
2026-08-31T14:51:39.721370+00:00,2026-08-26,dry_bulk_trend_atl,https://docs.google.com/spreadsheets/d/e/2PACX-1vSm3hFo3WpdJQ86FaGIy-S151biJvr2J31-kbmYmO9kOwJ2sDjbz-v8ooNpsufCepZS0tCUavO5iUrI/pub?gid=409746990&single=true&output=csv,True,OK,docs/alibra_data/dry_bulk_trend_atl/2026-08-26.csv
2026-08-31T14:51:39.721370+00:00,2026-08-26,dry_bulk_trend_pac,https://docs.google.com/spreadsheets/d/e/2PACX-1vSm3hFo3WpdJQ86FaGIy-S151biJvr2J31-kbmYmO9kOwJ2sDjbz-v8ooNpsufCepZS0tCUavO5iUrI/pub?gid=779118968&single=true&output=csv,True,OK,docs/alibra_data/dry_bulk_trend_pac/2026-08-26.csv
2026-08-31T14:51:39.721370+00:00,2026-08-26,tanker_trend_1yr,https://docs.google.com/spreadsheets/d/e/2PACX-1vSm3hFo3WpdJQ86FaGIy-S151biJvr2J31-kbmYmO9kOwJ2sDjbz-v8ooNpsufCepZS0tCUavO5iUrI/pub?gid=137918187&single=true&output=csv,True,OK,docs/alibra_data/tanker_trend_1yr/2026-08-26.csv
2026-08-31T14:51:39.721370+00:00,2026-08-26,tanker_trend_3yr,https://docs.google.com/spreadsheets/d/e/2PACX-1vSm3hFo3WpdJQ86FaGIy-S151biJvr2J31-kbmYmO9kOwJ2sDjbz-v8ooNpsufCepZS0tCUavO5iUrI/pub?gid=1501135879&single=true&output=csv,True,OK,docs/alibra_data/tanker_trend_3yr/2026-08-26.csv
2026-08-31T14:51:39.721370+00:00,2026-08-26,dry_bulk_archive_atl,https://docs.google.com/spreadsheets/d/e/2PACX-1vSm3hFo3WpdJQ86FaGIy-S151biJvr2J31-kbmYmO9kOwJ2sDjbz-v8ooNpsufCepZS0tCUavO5iUrI/pub?gid=1609275035&single=true&output=csv,True,OK,docs/alibra_data/dry_bulk_archive_atl/2026-08-26.csv
2026-08-31T14:51:39.721370+00:00,2026-08-26,dry_bulk_archive_pac,https://docs.google.com/spreadsheets/d/e/2PACX-1vSm3hFo3WpdJQ86FaGIy-S151biJvr2J31-kbmYmO9kOwJ2sDjbz-v8ooNpsufCepZS0tCUavO5iUrI/pub?gid=1656242999&single=true&output=csv,True,OK,docs/alibra_data/dry_bulk_archive_pac/2026-08-26.csv
2026-08-31T17:47:01.253749+00:00,2026-08-26,last_updated_stamp,https://docs.google.com/spreadsheets/d/e/2PACX-1vQk6073LStJEfzv418WKYluN2zykXon3KL58hPVNnqoOPiZVhBVzBCi9QnnAETwm_QbMvltcNCuzTzH/pub?gid=92942855&single=true&output=csv,True,OK,docs/alibra_data/last_updated_stamp/2026-08-26.csv
2026-08-31T17:47:01.253749+00:00,2026-08-26,dry_bulk_tce_table,https://docs.google.com/spreadsheets/d/e/2PACX-1vQk6073LStJEfzv418WKYluN2zykXon3KL58hPVNnqoOPiZVhBVzBCi9QnnAETwm_QbMvltcNCuzTzH/pub?gid=1944138367&single=true&output=csv,True,OK,docs/alibra_data/dry_bulk_tce_table/2026-08-26.csv
2026-08-31T17:47:01.253749+00:00,2026-08-26,tanker_tce_table,https://docs.google.com/spreadsheets/d/e/2PACX-1vQk6073LStJEfzv418WKYluN2zykXon3KL58hPVNnqoOPiZVhBVzBCi9QnnAETwm_QbMvltcNCuzTzH/pub?gid=1458966001&single=true&output=csv,True,OK,docs/alibra_data/tanker_tce_table/2026-08-26.csv
2026-08-31T17:47:01.253749+00:00,2026-08-26,forward_curves,https://docs.google.com/spreadsheets/d/e/2PACX-1vQkGGniHOjjs_0booelgLP3pGwySZLvMLskYlJCxNLcq6uf9EaH50Wcpob87lH7xw/pub?gid=1196769730&single=true&output=csv,False,HTTP 500 (attempt 3),
2026-08-31T17:47:01.253749+00:00,2026-08-26,dry_bulk_trend_atl,https://docs.google.com/spreadsheets/d/e/2PACX-1vSm3hFo3WpdJQ86FaGIy-S151biJvr2J31-kbmYmO9kOwJ2sDjbz-v8ooNpsufCepZS0tCUavO5iUrI/pub?gid=409746990&single=true&output=csv,True,OK,docs/alibra_data/dry_bulk_trend_atl/2026-08-26.csv
2026-08-31T17:47:01.253749+00:00,2026-08-26,dry_bulk_trend_pac,https://docs.google.com/spreadsheets/d/e/2PACX-1vSm3hFo3WpdJQ86FaGIy-S151biJvr2J31-kbmYmO9kOwJ2sDjbz-v8ooNpsufCepZS0tCUavO5iUrI/pub?gid=779118968&single=true&output=csv,True,OK,docs/alibra_data/dry_bulk_trend_pac/2026-08-26.csv
2026-08-31T17:47:01.253749+00:00,2026-08-26,tanker_trend_1yr,https://docs.google.com/spreadsheets/d/e/2PACX-1vSm3hFo3WpdJQ86FaGIy-S151biJvr2J31-kbmYmO9kOwJ2sDjbz-v8ooNpsufCepZS0tCUavO5iUrI/pub?gid=137918187&single=true&output=csv,True,OK,docs/alibra_data/tanker_trend_1yr/2026-08-26.csv
2026-08-31T17:47:01.253749+00:00,2026-08-26,tanker_trend_3yr,https://docs.google.com/spreadsheets/d/e/2PACX-1vSm3hFo3WpdJQ86FaGIy-S151biJvr2J31-kbmYmO9kOwJ2sDjbz-v8ooNpsufCepZS0tCUavO5iUrI/pub?gid=1501135879&single=true&output=csv,True,OK,docs/alibra_data/tanker_trend_3yr/2026-08-26.csv
2026-08-31T17:47:01.253749+00:00,2026-08-26,dry_bulk_archive_atl,https://docs.google.com/spreadsheets/d/e/2PACX-1vSm3hFo3WpdJQ86FaGIy-S151biJvr2J31-kbmYmO9kOwJ2sDjbz-v8ooNpsufCepZS0tCUavO5iUrI/pub?gid=1609275035&single=true&output=csv,True,OK,docs/alibra_data/dry_bulk_archive_atl/2026-08-26.csv
2026-08-31T17:47:01.253749+00:00,2026-08-26,dry_bulk_archive_pac,https://docs.google.com/spreadsheets/d/e/2PACX-1vSm3hFo3WpdJQ86FaGIy-S151biJvr2J31-kbmYmO9kOwJ2sDjbz-v8ooNpsufCepZS0tCUavO5iUrI/pub?gid=1656242999&single=true&output=csv,True,OK,docs/alibra_data/dry_bulk_archive_pac/2026-08-26.csv
2026-08-31T19:51:21.521321+00:00,2026-08-26,last_updated_stamp,https://docs.google.com/spreadsheets/d/e/2PACX-1vQk6073LStJEfzv418WKYluN2zykXon3KL58hPVNnqoOPiZVhBVzBCi9QnnAETwm_QbMvltcNCuzTzH/pub?gid=92942855&single=true&output=csv,True,OK,docs/alibra_data/last_updated_stamp/2026-08-26.csv
2026-08-31T19:51:21.521321+00:00,2026-08-26,dry_bulk_tce_table,https://docs.google.com/spreadsheets/d/e/2PACX-1vQk6073LStJEfzv418WKYluN2zykXon3KL58hPVNnqoOPiZVhBVzBCi9QnnAETwm_QbMvltcNCuzTzH/pub?gid=1944138367&single=true&output=csv,True,OK,docs/alibra_data/dry_bulk_tce_table/2026-08-26.csv
2026-08-31T19:51:21.521321+00:00,2026-08-26,tanker_tce_table,https://docs.google.com/spreadsheets/d/e/2PACX-1vQk6073LStJEfzv418WKYluN2zykXon3KL58hPVNnqoOPiZVhBVzBCi9QnnAETwm_QbMvltcNCuzTzH/pub?gid=1458966001&single=true&output=csv,True,OK,docs/alibra_data/tanker_tce_table/2026-08-26.csv
2026-08-31T19:51:21.521321+00:00,2026-08-26,forward_curves,https://docs.google.com/spreadsheets/d/e/2PACX-1vQkGGniHOjjs_0booelgLP3pGwySZLvMLskYlJCxNLcq6uf9EaH50Wcpob87lH7xw/pub?gid=1196769730&single=true&output=csv,False,HTTP 500 (attempt 3),
2026-08-31T19:51:21.521321+00:00,2026-08-26,dry_bulk_trend_atl,https://docs.google.com/spreadsheets/d/e/2PACX-1vSm3hFo3WpdJQ86FaGIy-S151biJvr2J31-kbmYmO9kOwJ2sDjbz-v8ooNpsufCepZS0tCUavO5iUrI/pub?gid=409746990&single=true&output=csv,True,OK,docs/alibra_data/dry_bulk_trend_atl/2026-08-26.csv
2026-08-31T19:51:21.521321+00:00,2026-08-26,dry_bulk_trend_pac,https://docs.google.com/spreadsheets/d/e/2PACX-1vSm3hFo3WpdJQ86FaGIy-S151biJvr2J31-kbmYmO9kOwJ2sDjbz-v8ooNpsufCepZS0tCUavO5iUrI/pub?gid=779118968&single=true&output=csv,True,OK,docs/alibra_data/dry_bulk_trend_pac/2026-08-26.csv
2026-08-31T19:51:21.521321+00:00,2026-08-26,tanker_trend_1yr,https://docs.google.com/spreadsheets/d/e/2PACX-1vSm3hFo3WpdJQ86FaGIy-S151biJvr2J31-kbmYmO9kOwJ2sDjbz-v8ooNpsufCepZS0tCUavO5iUrI/pub?gid=137918187&single=true&output=csv,True,OK,docs/alibra_data/tanker_trend_1yr/2026-08-26.csv
2026-08-31T19:51:21.521321+00:00,2026-08-26,tanker_trend_3yr,https://docs.google.com/spreadsheets/d/e/2PACX-1vSm3hFo3WpdJQ86FaGIy-S151biJvr2J31-kbmYmO9kOwJ2sDjbz-v8ooNpsufCepZS0tCUavO5iUrI/pub?gid=1501135879&single=true&output=csv,True,OK,docs/alibra_data/tanker_trend_3yr/2026-08-26.csv
2026-08-31T19:51:21.521321+00:00,2026-08-26,dry_bulk_archive_atl,https://docs.google.com/spreadsheets/d/e/2PACX-1vSm3hFo3WpdJQ86FaGIy-S151biJvr2J31-kbmYmO9kOwJ2sDjbz-v8ooNpsufCepZS0tCUavO5iUrI/pub?gid=1609275035&single=true&output=csv,True,OK,docs/alibra_data/dry_bulk_archive_atl/2026-08-26.csv
2026-08-31T19:51:21.521321+00:00,2026-08-26,dry_bulk_archive_pac,https://docs.google.com/spreadsheets/d/e/2PACX-1vSm3hFo3WpdJQ86FaGIy-S151biJvr2J31-kbmYmO9kOwJ2sDjbz-v8ooNpsufCepZS0tCUavO5iUrI/pub?gid=1656242999&single=true&output=csv,True,OK,docs/alibra_data/dry_bulk_archive_pac/2026-08-26.csv
2026-08-31T21:19:34.563289+00:00,2026-08-26,last_updated_stamp,https://docs.google.com/spreadsheets/d/e/2PACX-1vQk6073LStJEfzv418WKYluN2zykXon3KL58hPVNnqoOPiZVhBVzBCi9QnnAETwm_QbMvltcNCuzTzH/pub?gid=92942855&single=true&output=csv,True,OK,docs/alibra_data/last_updated_stamp/2026-08-26.csv
2026-08-31T21:19:34.563289+00:00,2026-08-26,dry_bulk_tce_table,https://docs.google.com/spreadsheets/d/e/2PACX-1vQk6073LStJEfzv418WKYluN2zykXon3KL58hPVNnqoOPiZVhBVzBCi9QnnAETwm_QbMvltcNCuzTzH/pub?gid=1944138367&single=true&output=csv,True,OK,docs/alibra_data/dry_bulk_tce_table/2026-08-26.csv
2026-08-31T21:19:34.563289+00:00,2026-08-26,tanker_tce_table,https://docs.google.com/spreadsheets/d/e/2PACX-1vQk6073LStJEfzv418WKYluN2zykXon3KL58hPVNnqoOPiZVhBVzBCi9QnnAETwm_QbMvltcNCuzTzH/pub?gid=1458966001&single=true&output=csv,True,OK,docs/alibra_data/tanker_tce_table/2026-08-26.csv
2026-08-31T21:19:34.563289+00:00,2026-08-26,forward_curves,https://docs.google.com/spreadsheets/d/e/2PACX-1vQkGGniHOjjs_0booelgLP3pGwySZLvMLskYlJCxNLcq6uf9EaH50Wcpob87lH7xw/pub?gid=1196769730&single=true&output=csv,False,HTTP 500 (attempt 3),
2026-08-31T21:19:34.563289+00:00,2026-08-26,dry_bulk_trend_atl,https://docs.google.com/spreadsheets/d/e/2PACX-1vSm3hFo3WpdJQ86FaGIy-S151biJvr2J31-kbmYmO9kOwJ2sDjbz-v8ooNpsufCepZS0tCUavO5iUrI/pub?gid=409746990&single=true&output=csv,True,OK,docs/alibra_data/dry_bulk_trend_atl/2026-08-26.csv
2026-08-31T21:19:34.563289+00:00,2026-08-26,dry_bulk_trend_pac,https://docs.google.com/spreadsheets/d/e/2PACX-1vSm3hFo3WpdJQ86FaGIy-S151biJvr2J31-kbmYmO9kOwJ2sDjbz-v8ooNpsufCepZS0tCUavO5iUrI/pub?gid=779118968&single=true&output=csv,True,OK,docs/alibra_data/dry_bulk_trend_pac/2026-08-26.csv
2026-08-31T21:19:34.563289+00:00,2026-08-26,tanker_trend_1yr,https://docs.google.com/spreadsheets/d/e/2PACX-1vSm3hFo3WpdJQ86FaGIy-S151biJvr2J31-kbmYmO9kOwJ2sDjbz-v8ooNpsufCepZS0tCUavO5iUrI/pub?gid=137918187&single=true&output=csv,True,OK,docs/alibra_data/tanker_trend_1yr/2026-08-26.csv
2026-08-31T21:19:34.563289+00:00,2026-08-26,tanker_trend_3yr,https://docs.google.com/spreadsheets/d/e/2PACX-1vSm3hFo3WpdJQ86FaGIy-S151biJvr2J31-kbmYmO9kOwJ2sDjbz-v8ooNpsufCepZS0tCUavO5iUrI/pub?gid=1501135879&single=true&output=csv,True,OK,docs/alibra_data/tanker_trend_3yr/2026-08-26.csv
2026-08-31T21:19:34.563289+00:00,2026-08-26,dry_bulk_archive_atl,https://docs.google.com/spreadsheets/d/e/2PACX-1vSm3hFo3WpdJQ86FaGIy-S151biJvr2J31-kbmYmO9kOwJ2sDjbz-v8ooNpsufCepZS0tCUavO5iUrI/pub?gid=1609275035&single=true&output=csv,True,OK,docs/alibra_data/dry_bulk_archive_atl/2026-08-26.csv
2026-08-31T21:19:34.563289+00:00,2026-08-26,dry_bulk_archive_pac,https://docs.google.com/spreadsheets/d/e/2PACX-1vSm3hFo3WpdJQ86FaGIy-S151biJvr2J31-kbmYmO9kOwJ2sDjbz-v8ooNpsufCepZS0tCUavO5iUrI/pub?gid=1656242999&single=true&output=csv,True,OK,docs/alibra_data/dry_bulk_archive_pac/2026-08-26.csv
2026-09-01T01:00:46.741222+00:00,2026-08-26,last_updated_stamp,https://docs.google.com/spreadsheets/d/e/2PACX-1vQk6073LStJEfzv418WKYluN2zykXon3KL58hPVNnqoOPiZVhBVzBCi9QnnAETwm_QbMvltcNCuzTzH/pub?gid=92942855&single=true&output=csv,True,OK,docs/alibra_data/last_updated_stamp/2026-08-26.csv
2026-09-01T01:00:46.741222+00:00,2026-08-26,dry_bulk_tce_table,https://docs.google.com/spreadsheets/d/e/2PACX-1vQk6073LStJEfzv418WKYluN2zykXon3KL58hPVNnqoOPiZVhBVzBCi9QnnAETwm_QbMvltcNCuzTzH/pub?gid=1944138367&single=true&output=csv,True,OK,docs/alibra_data/dry_bulk_tce_table/2026-08-26.csv
2026-09-01T01:00:46.741222+00:00,2026-08-26,tanker_tce_table,https://docs.google.com/spreadsheets/d/e/2PACX-1vQk6073LStJEfzv418WKYluN2zykXon3KL58hPVNnqoOPiZVhBVzBCi9QnnAETwm_QbMvltcNCuzTzH/pub?gid=1458966001&single=true&output=csv,True,OK,docs/alibra_data/tanker_tce_table/2026-08-26.csv
2026-09-01T01:00:46.741222+00:00,2026-08-26,forward_curves,https://docs.google.com/spreadsheets/d/e/2PACX-1vQkGGniHOjjs_0booelgLP3pGwySZLvMLskYlJCxNLcq6uf9EaH50Wcpob87lH7xw/pub?gid=1196769730&single=true&output=csv,False,HTTP 500 (attempt 3),
2026-09-01T01:00:46.741222+00:00,2026-08-26,dry_bulk_trend_atl,https://docs.google.com/spreadsheets/d/e/2PACX-1vSm3hFo3WpdJQ86FaGIy-S151biJvr2J31-kbmYmO9kOwJ2sDjbz-v8ooNpsufCepZS0tCUavO5iUrI/pub?gid=409746990&single=true&output=csv,True,OK,docs/alibra_data/dry_bulk_trend_atl/2026-08-26.csv
2026-09-01T01:00:46.741222+00:00,2026-08-26,dry_bulk_trend_pac,https://docs.google.com/spreadsheets/d/e/2PACX-1vSm3hFo3WpdJQ86FaGIy-S151biJvr2J31-kbmYmO9kOwJ2sDjbz-v8ooNpsufCepZS0tCUavO5iUrI/pub?gid=779118968&single=true&output=csv,True,OK,docs/alibra_data/dry_bulk_trend_pac/2026-08-26.csv
2026-09-01T01:00:46.741222+00:00,2026-08-26,tanker_trend_1yr,https://docs.google.com/spreadsheets/d/e/2PACX-1vSm3hFo3WpdJQ86FaGIy-S151biJvr2J31-kbmYmO9kOwJ2sDjbz-v8ooNpsufCepZS0tCUavO5iUrI/pub?gid=137918187&single=true&output=csv,True,OK,docs/alibra_data/tanker_trend_1yr/2026-08-26.csv
2026-09-01T01:00:46.741222+00:00,2026-08-26,tanker_trend_3yr,https://docs.google.com/spreadsheets/d/e/2PACX-1vSm3hFo3WpdJQ86FaGIy-S151biJvr2J31-kbmYmO9kOwJ2sDjbz-v8ooNpsufCepZS0tCUavO5iUrI/pub?gid=1501135879&single=true&output=csv,True,OK,docs/alibra_data/tanker_trend_3yr/2026-08-26.csv
2026-09-01T01:00:46.741222+00:00,2026-08-26,dry_bulk_archive_atl,https://docs.google.com/spreadsheets/d/e/2PACX-1vSm3hFo3WpdJQ86FaGIy-S151biJvr2J31-kbmYmO9kOwJ2sDjbz-v8ooNpsufCepZS0tCUavO5iUrI/pub?gid=1609275035&single=true&output=csv,True,OK,docs/alibra_data/dry_bulk_archive_atl/2026-08-26.csv
2026-09-01T01:00:46.741222+00:00,2026-08-26,dry_bulk_archive_pac,https://docs.google.com/spreadsheets/d/e/2PACX-1vSm3hFo3WpdJQ86FaGIy-S151biJvr2J31-kbmYmO9kOwJ2sDjbz-v8ooNpsufCepZS0tCUavO5iUrI/pub?gid=1656242999&single=true&output=csv,True,OK,docs/alibra_data/dry_bulk_archive_pac/2026-08-26.csv
2026-09-01T12:22:57.159855+00:00,2026-08-26,last_updated_stamp,https://docs.google.com/spreadsheets/d/e/2PACX-1vQk6073LStJEfzv418WKYluN2zykXon3KL58hPVNnqoOPiZVhBVzBCi9QnnAETwm_QbMvltcNCuzTzH/pub?gid=92942855&single=true&output=csv,True,OK,docs/alibra_data/last_updated_stamp/2026-08-26.csv
2026-09-01T12:22:57.159855+00:00,2026-08-26,dry_bulk_tce_table,https://docs.google.com/spreadsheets/d/e/2PACX-1vQk6073LStJEfzv418WKYluN2zykXon3KL58hPVNnqoOPiZVhBVzBCi9QnnAETwm_QbMvltcNCuzTzH/pub?gid=1944138367&single=true&output=csv,True,OK,docs/alibra_data/dry_bulk_tce_table/2026-08-26.csv
2026-09-01T12:22:57.159855+00:00,2026-08-26,tanker_tce_table,https://docs.google.com/spreadsheets/d/e/2PACX-1vQk6073LStJEfzv418WKYluN2zykXon3KL58hPVNnqoOPiZVhBVzBCi9QnnAETwm_QbMvltcNCuzTzH/pub?gid=1458966001&single=true&output=csv,True,OK,docs/alibra_data/tanker_tce_table/2026-08-26.csv
2026-09-01T12:22:57.159855+00:00,2026-08-26,forward_curves,https://docs.google.com/spreadsheets/d/e/2PACX-1vQkGGniHOjjs_0booelgLP3pGwySZLvMLskYlJCxNLcq6uf9EaH50Wcpob87lH7xw/pub?gid=1196769730&single=true&output=csv,False,HTTP 500 (attempt 3),
2026-09-01T12:22:57.159855+00:00,2026-08-26,dry_bulk_trend_atl,https://docs.google.com/spreadsheets/d/e/2PACX-1vSm3hFo3WpdJQ86FaGIy-S151biJvr2J31-kbmYmO9kOwJ2sDjbz-v8ooNpsufCepZS0tCUavO5iUrI/pub?gid=409746990&single=true&output=csv,True,OK,docs/alibra_data/dry_bulk_trend_atl/2026-08-26.csv
2026-09-01T12:22:57.159855+00:00,2026-08-26,dry_bulk_trend_pac,https://docs.google.com/spreadsheets/d/e/2PACX-1vSm3hFo3WpdJQ86FaGIy-S151biJvr2J31-kbmYmO9kOwJ2sDjbz-v8ooNpsufCepZS0tCUavO5iUrI/pub?gid=779118968&single=true&output=csv,True,OK,docs/alibra_data/dry_bulk_trend_pac/2026-08-26.csv
2026-09-01T12:22:57.159855+00:00,2026-08-26,tanker_trend_1yr,https://docs.google.com/spreadsheets/d/e/2PACX-1vSm3hFo3WpdJQ86FaGIy-S151biJvr2J31-kbmYmO9kOwJ2sDjbz-v8ooNpsufCepZS0tCUavO5iUrI/pub?gid=137918187&single=true&output=csv,True,OK,docs/alibra_data/tanker_trend_1yr/2026-08-26.csv
2026-09-01T12:22:57.159855+00:00,2026-08-26,tanker_trend_3yr,https://docs.google.com/spreadsheets/d/e/2PACX-1vSm3hFo3WpdJQ86FaGIy-S151biJvr2J31-kbmYmO9kOwJ2sDjbz-v8ooNpsufCepZS0tCUavO5iUrI/pub?gid=1501135879&single=true&output=csv,True,OK,docs/alibra_data/tanker_trend_3yr/2026-08-26.csv
2026-09-01T12:22:57.159855+00:00,2026-08-26,dry_bulk_archive_atl,https://docs.google.com/spreadsheets/d/e/2PACX-1vSm3hFo3WpdJQ86FaGIy-S151biJvr2J31-kbmYmO9kOwJ2sDjbz-v8ooNpsufCepZS0tCUavO5iUrI/pub?gid=1609275035&single=true&output=csv,True,OK,docs/alibra_data/dry_bulk_archive_atl/2026-08-26.csv
2026-09-01T12:22:57.159855+00:00,2026-08-26,dry_bulk_archive_pac,https://docs.google.com/spreadsheets/d/e/2PACX-1vSm3hFo3WpdJQ86FaGIy-S151biJvr2J31-kbmYmO9kOwJ2sDjbz-v8ooNpsufCepZS0tCUavO5iUrI/pub?gid=1656242999&single=true&output=csv,True,OK,docs/alibra_data/dry_bulk_archive_pac/2026-08-26.csv
2026-09-01T15:11:11.155408+00:00,2026-08-26,last_updated_stamp,https://docs.google.com/spreadsheets/d/e/2PACX-1vQk6073LStJEfzv418WKYluN2zykXon3KL58hPVNnqoOPiZVhBVzBCi9QnnAETwm_QbMvltcNCuzTzH/pub?gid=92942855&single=true&output=csv,True,OK,docs/alibra_data/last_updated_stamp/2026-08-26.csv
2026-09-01T15:11:11.155408+00:00,2026-08-26,dry_bulk_tce_table,https://docs.google.com/spreadsheets/d/e/2PACX-1vQk6073LStJEfzv418WKYluN2zykXon3KL58hPVNnqoOPiZVhBVzBCi9QnnAETwm_QbMvltcNCuzTzH/pub?gid=1944138367&single=true&output=csv,True,OK,docs/alibra_data/dry_bulk_tce_table/2026-08-26.csv
2026-09-01T15:11:11.155408+00:00,2026-08-26,tanker_tce_table,https://docs.google.com/spreadsheets/d/e/2PACX-1vQk6073LStJEfzv418WKYluN2zykXon3KL58hPVNnqoOPiZVhBVzBCi9QnnAETwm_QbMvltcNCuzTzH/pub?gid=1458966001&single=true&output=csv,True,OK,docs/alibra_data/tanker_tce_table/2026-08-26.csv
2026-09-01T15:11:11.155408+00:00,2026-08-26,forward_curves,https://docs.google.com/spreadsheets/d/e/2PACX-1vQkGGniHOjjs_0booelgLP3pGwySZLvMLskYlJCxNLcq6uf9EaH50Wcpob87lH7xw/pub?gid=1196769730&single=true&output=csv,False,HTTP 500 (attempt 3),
2026-09-01T15:11:11.155408+00:00,2026-08-26,dry_bulk_trend_atl,https://docs.google.com/spreadsheets/d/e/2PACX-1vSm3hFo3WpdJQ86FaGIy-S151biJvr2J31-kbmYmO9kOwJ2sDjbz-v8ooNpsufCepZS0tCUavO5iUrI/pub?gid=409746990&single=true&output=csv,True,OK,docs/alibra_data/dry_bulk_trend_atl/2026-08-26.csv
2026-09-01T15:11:11.155408+00:00,2026-08-26,dry_bulk_trend_pac,https://docs.google.com/spreadsheets/d/e/2PACX-1vSm3hFo3WpdJQ86FaGIy-S151biJvr2J31-kbmYmO9kOwJ2sDjbz-v8ooNpsufCepZS0tCUavO5iUrI/pub?gid=779118968&single=true&output=csv,True,OK,docs/alibra_data/dry_bulk_trend_pac/2026-08-26.csv
2026-09-01T15:11:11.155408+00:00,2026-08-26,tanker_trend_1yr,https://docs.google.com/spreadsheets/d/e/2PACX-1vSm3hFo3WpdJQ86FaGIy-S151biJvr2J31-kbmYmO9kOwJ2sDjbz-v8ooNpsufCepZS0tCUavO5iUrI/pub?gid=137918187&single=true&output=csv,True,OK,docs/alibra_data/tanker_trend_1yr/2026-08-26.csv
2026-09-01T15:11:11.155408+00:00,2026-08-26,tanker_trend_3yr,https://docs.google.com/spreadsheets/d/e/2PACX-1vSm3hFo3WpdJQ86FaGIy-S151biJvr2J31-kbmYmO9kOwJ2sDjbz-v8ooNpsufCepZS0tCUavO5iUrI/pub?gid=1501135879&single=true&output=csv,True,OK,docs/alibra_data/tanker_trend_3yr/2026-08-26.csv
2026-09-01T15:11:11.155408+00:00,2026-08-26,dry_bulk_archive_atl,https://docs.google.com/spreadsheets/d/e/2PACX-1vSm3hFo3WpdJQ86FaGIy-S151biJvr2J31-kbmYmO9kOwJ2sDjbz-v8ooNpsufCepZS0tCUavO5iUrI/pub?gid=1609275035&single=true&output=csv,True,OK,docs/alibra_data/dry_bulk_archive_atl/2026-08-26.csv
2026-09-01T15:11:11.155408+00:00,2026-08-26,dry_bulk_archive_pac,https://docs.google.com/spreadsheets/d/e/2PACX-1vSm3hFo3WpdJQ86FaGIy-S151biJvr2J31-kbmYmO9kOwJ2sDjbz-v8ooNpsufCepZS0tCUavO5iUrI/pub?gid=1656242999&single=true&output=csv,True,OK,docs/alibra_data/dry_bulk_archive_pac/2026-08-26.csv
2026-09-01T17:42:43.193697+00:00,2026-08-26,last_updated_stamp,https://docs.google.com/spreadsheets/d/e/2PACX-1vQk6073LStJEfzv418WKYluN2zykXon3KL58hPVNnqoOPiZVhBVzBCi9QnnAETwm_QbMvltcNCuzTzH/pub?gid=92942855&single=true&output=csv,True,OK,docs/alibra_data/last_updated_stamp/2026-08-26.csv
2026-09-01T17:42:43.193697+00:00,2026-08-26,dry_bulk_tce_table,https://docs.google.com/spreadsheets/d/e/2PACX-1vQk6073LStJEfzv418WKYluN2zykXon3KL58hPVNnqoOPiZVhBVzBCi9QnnAETwm_QbMvltcNCuzTzH/pub?gid=1944138367&single=true&output=csv,True,OK,docs/alibra_data/dry_bulk_tce_table/2026-08-26.csv
2026-09-01T17:42:43.193697+00:00,2026-08-26,tanker_tce_table,https://docs.google.com/spreadsheets/d/e/2PACX-1vQk6073LStJEfzv418WKYluN2zykXon3KL58hPVNnqoOPiZVhBVzBCi9QnnAETwm_QbMvltcNCuzTzH/pub?gid=1458966001&single=true&output=csv,True,OK,docs/alibra_data/tanker_tce_table/2026-08-26.csv
2026-09-01T17:42:43.193697+00:00,2026-08-26,forward_curves,https://docs.google.com/spreadsheets/d/e/2PACX-1vQkGGniHOjjs_0booelgLP3pGwySZLvMLskYlJCxNLcq6uf9EaH50Wcpob87lH7xw/pub?gid=1196769730&single=true&output=csv,False,HTTP 500 (attempt 3),
2026-09-01T17:42:43.193697+00:00,2026-08-26,dry_bulk_trend_atl,https://docs.google.com/spreadsheets/d/e/2PACX-1vSm3hFo3WpdJQ86FaGIy-S151biJvr2J31-kbmYmO9kOwJ2sDjbz-v8ooNpsufCepZS0tCUavO5iUrI/pub?gid=409746990&single=true&output=csv,True,OK,docs/alibra_data/dry_bulk_trend_atl/2026-08-26.csv
2026-09-01T17:42:43.193697+00:00,2026-08-26,dry_bulk_trend_pac,https://docs.google.com/spreadsheets/d/e/2PACX-1vSm3hFo3WpdJQ86FaGIy-S151biJvr2J31-kbmYmO9kOwJ2sDjbz-v8ooNpsufCepZS0tCUavO5iUrI/pub?gid=779118968&single=true&output=csv,True,OK,docs/alibra_data/dry_bulk_trend_pac/2026-08-26.csv
2026-09-01T17:42:43.193697+00:00,2026-08-26,tanker_trend_1yr,https://docs.google.com/spreadsheets/d/e/2PACX-1vSm3hFo3WpdJQ86FaGIy-S151biJvr2J31-kbmYmO9kOwJ2sDjbz-v8ooNpsufCepZS0tCUavO5iUrI/pub?gid=137918187&single=true&output=csv,True,OK,docs/alibra_data/tanker_trend_1yr/2026-08-26.csv
2026-09-01T17:42:43.193697+00:00,2026-08-26,tanker_trend_3yr,https://docs.google.com/spreadsheets/d/e/2PACX-1vSm3hFo3WpdJQ86FaGIy-S151biJvr2J31-kbmYmO9kOwJ2sDjbz-v8ooNpsufCepZS0tCUavO5iUrI/pub?gid=1501135879&single=true&output=csv,True,OK,docs/alibra_data/tanker_trend_3yr/2026-08-26.csv
2026-09-01T17:42:43.193697+00:00,2026-08-26,dry_bulk_archive_atl,https://docs.google.com/spreadsheets/d/e/2PACX-1vSm3hFo3WpdJQ86FaGIy-S151biJvr2J31-kbmYmO9kOwJ2sDjbz-v8ooNpsufCepZS0tCUavO5iUrI/pub?gid=1609275035&single=true&output=csv,True,OK,docs/alibra_data/dry_bulk_archive_atl/2026-08-26.csv
2026-09-01T17:42:43.193697+00:00,2026-08-26,dry_bulk_archive_pac,https://docs.google.com/spreadsheets/d/e/2PACX-1vSm3hFo3WpdJQ86FaGIy-S151biJvr2J31-kbmYmO9kOwJ2sDjbz-v8ooNpsufCepZS0tCUavO5iUrI/pub?gid=1656242999&single=true&output=csv,True,OK,docs/alibra_data/dry_bulk_archive_pac/2026-08-26.csv
2026-09-01T19:13:53.472910+00:00,2026-08-26,last_updated_stamp,https://docs.google.com/spreadsheets/d/e/2PACX-1vQk6073LStJEfzv418WKYluN2zykXon3KL58hPVNnqoOPiZVhBVzBCi9QnnAETwm_QbMvltcNCuzTzH/pub?gid=92942855&single=true&output=csv,True,OK,docs/alibra_data/last_updated_stamp/2026-08-26.csv
2026-09-01T19:13:53.472910+00:00,2026-08-26,dry_bulk_tce_table,https://docs.google.com/spreadsheets/d/e/2PACX-1vQk6073LStJEfzv418WKYluN2zykXon3KL58hPVNnqoOPiZVhBVzBCi9QnnAETwm_QbMvltcNCuzTzH/pub?gid=1944138367&single=true&output=csv,True,OK,docs/alibra_data/dry_bulk_tce_table/2026-08-26.csv
2026-09-01T19:13:53.472910+00:00,2026-08-26,tanker_tce_table,https://docs.google.com/spreadsheets/d/e/2PACX-1vQk6073LStJEfzv418WKYluN2zykXon3KL58hPVNnqoOPiZVhBVzBCi9QnnAETwm_QbMvltcNCuzTzH/pub?gid=1458966001&single=true&output=csv,True,OK,docs/alibra_data/tanker_tce_table/2026-08-26.csv
2026-09-01T19:13:53.472910+00:00,2026-08-26,forward_curves,https://docs.google.com/spreadsheets/d/e/2PACX-1vQkGGniHOjjs_0booelgLP3pGwySZLvMLskYlJCxNLcq6uf9EaH50Wcpob87lH7xw/pub?gid=1196769730&single=true&output=csv,False,HTTP 500 (attempt 3),
2026-09-01T19:13:53.472910+00:00,2026-08-26,dry_bulk_trend_atl,https://docs.google.com/spreadsheets/d/e/2PACX-1vSm3hFo3WpdJQ86FaGIy-S151biJvr2J31-kbmYmO9kOwJ2sDjbz-v8ooNpsufCepZS0tCUavO5iUrI/pub?gid=409746990&single=true&output=csv,True,OK,docs/alibra_data/dry_bulk_trend_atl/2026-08-26.csv
2026-09-01T19:13:53.472910+00:00,2026-08-26,dry_bulk_trend_pac,https://docs.google.com/spreadsheets/d/e/2PACX-1vSm3hFo3WpdJQ86FaGIy-S151biJvr2J31-kbmYmO9kOwJ2sDjbz-v8ooNpsufCepZS0tCUavO5iUrI/pub?gid=779118968&single=true&output=csv,True,OK,docs/alibra_data/dry_bulk_trend_pac/2026-08-26.csv
2026-09-01T19:13:53.472910+00:00,2026-08-26,tanker_trend_1yr,https://docs.google.com/spreadsheets/d/e/2PACX-1vSm3hFo3WpdJQ86FaGIy-S151biJvr2J31-kbmYmO9kOwJ2sDjbz-v8ooNpsufCepZS0tCUavO5iUrI/pub?gid=137918187&single=true&output=csv,True,OK,docs/alibra_data/tanker_trend_1yr/2026-08-26.csv
2026-09-01T19:13:53.472910+00:00,2026-08-26,tanker_trend_3yr,https://docs.google.com/spreadsheets/d/e/2PACX-1vSm3hFo3WpdJQ86FaGIy-S151biJvr2J31-kbmYmO9kOwJ2sDjbz-v8ooNpsufCepZS0tCUavO5iUrI/pub?gid=1501135879&single=true&output=csv,True,OK,docs/alibra_data/tanker_trend_3yr/2026-08-26.csv
2026-09-01T19:13:53.472910+00:00,2026-08-26,dry_bulk_archive_atl,https://docs.google.com/spreadsheets/d/e/2PACX-1vSm3hFo3WpdJQ86FaGIy-S151biJvr2J31-kbmYmO9kOwJ2sDjbz-v8ooNpsufCepZS0tCUavO5iUrI/pub?gid=1609275035&single=true&output=csv,True,OK,docs/alibra_data/dry_bulk_archive_atl/2026-08-26.csv
2026-09-01T19:13:53.472910+00:00,2026-08-26,dry_bulk_archive_pac,https://docs.google.com/spreadsheets/d/e/2PACX-1vSm3hFo3WpdJQ86FaGIy-S151biJvr2J31-kbmYmO9kOwJ2sDjbz-v8ooNpsufCepZS0tCUavO5iUrI/pub?gid=1656242999&single=true&output=csv,True,OK,docs/alibra_data/dry_bulk_archive_pac/2026-08-26.csv
2026-09-01T21:35:43.578133+00:00,2026-08-26,last_updated_stamp,https://docs.google.com/spreadsheets/d/e/2PACX-1vQk6073LStJEfzv418WKYluN2zykXon3KL58hPVNnqoOPiZVhBVzBCi9QnnAETwm_QbMvltcNCuzTzH/pub?gid=92942855&single=true&output=csv,True,OK,docs/alibra_data/last_updated_stamp/2026-08-26.csv
2026-09-01T21:35:43.578133+00:00,2026-08-26,dry_bulk_tce_table,https://docs.google.com/spreadsheets/d/e/2PACX-1vQk6073LStJEfzv418WKYluN2zykXon3KL58hPVNnqoOPiZVhBVzBCi9QnnAETwm_QbMvltcNCuzTzH/pub?gid=1944138367&single=true&output=csv,True,OK,docs/alibra_data/dry_bulk_tce_table/2026-08-26.csv
2026-09-01T21:35:43.578133+00:00,2026-08-26,tanker_tce_table,https://docs.google.com/spreadsheets/d/e/2PACX-1vQk6073LStJEfzv418WKYluN2zykXon3KL58hPVNnqoOPiZVhBVzBCi9QnnAETwm_QbMvltcNCuzTzH/pub?gid=1458966001&single=true&output=csv,True,OK,docs/alibra_data/tanker_tce_table/2026-08-26.csv
2026-09-01T21:35:43.578133+00:00,2026-08-26,forward_curves,https://docs.google.com/spreadsheets/d/e/2PACX-1vQkGGniHOjjs_0booelgLP3pGwySZLvMLskYlJCxNLcq6uf9EaH50Wcpob87lH7xw/pub?gid=1196769730&single=true&output=csv,False,HTTP 500 (attempt 3),
2026-09-01T21:35:43.578133+00:00,2026-08-26,dry_bulk_trend_atl,https://docs.google.com/spreadsheets/d/e/2PACX-1vSm3hFo3WpdJQ86FaGIy-S151biJvr2J31-kbmYmO9kOwJ2sDjbz-v8ooNpsufCepZS0tCUavO5iUrI/pub?gid=409746990&single=true&output=csv,True,OK,docs/alibra_data/dry_bulk_trend_atl/2026-08-26.csv
2026-09-01T21:35:43.578133+00:00,2026-08-26,dry_bulk_trend_pac,https://docs.google.com/spreadsheets/d/e/2PACX-1vSm3hFo3WpdJQ86FaGIy-S151biJvr2J31-kbmYmO9kOwJ2sDjbz-v8ooNpsufCepZS0tCUavO5iUrI/pub?gid=779118968&single=true&output=csv,True,OK,docs/alibra_data/dry_bulk_trend_pac/2026-08-26.csv
2026-09-01T21:35:43.578133+00:00,2026-08-26,tanker_trend_1yr,https://docs.google.com/spreadsheets/d/e/2PACX-1vSm3hFo3WpdJQ86FaGIy-S151biJvr2J31-kbmYmO9kOwJ2sDjbz-v8ooNpsufCepZS0tCUavO5iUrI/pub?gid=137918187&single=true&output=csv,True,OK,docs/alibra_data/tanker_trend_1yr/2026-08-26.csv
2026-09-01T21:35:43.578133+00:00,2026-08-26,tanker_trend_3yr,https://docs.google.com/spreadsheets/d/e/2PACX-1vSm3hFo3WpdJQ86FaGIy-S151biJvr2J31-kbmYmO9kOwJ2sDjbz-v8ooNpsufCepZS0tCUavO5iUrI/pub?gid=1501135879&single=true&output=csv,True,OK,docs/alibra_data/tanker_trend_3yr/2026-08-26.csv
2026-09-01T21:35:43.578133+00:00,2026-08-26,dry_bulk_archive_atl,https://docs.google.com/spreadsheets/d/e/2PACX-1vSm3hFo3WpdJQ86FaGIy-S151biJvr2J31-kbmYmO9kOwJ2sDjbz-v8ooNpsufCepZS0tCUavO5iUrI/pub?gid=1609275035&single=true&output=csv,True,OK,docs/alibra_data/dry_bulk_archive_atl/2026-08-26.csv
2026-09-01T21:35:43.578133+00:00,2026-08-26,dry_bulk_archive_pac,https://docs.google.com/spreadsheets/d/e/2PACX-1vSm3hFo3WpdJQ86FaGIy-S151biJvr2J31-kbmYmO9kOwJ2sDjbz-v8ooNpsufCepZS0tCUavO5iUrI/pub?gid=1656242999&single=true&output=csv,True,OK,docs/alibra_data/dry_bulk_archive_pac/2026-08-26.csv
2026-09-01T23:47:51.315972+00:00,2026-08-26,last_updated_stamp,https://docs.google.com/spreadsheets/d/e/2PACX-1vQk6073LStJEfzv418WKYluN2zykXon3KL58hPVNnqoOPiZVhBVzBCi9QnnAETwm_QbMvltcNCuzTzH/pub?gid=92942855&single=true&output=csv,True,OK,docs/alibra_data/last_updated_stamp/2026-08-26.csv
2026-09-01T23:47:51.315972+00:00,2026-08-26,dry_bulk_tce_table,https://docs.google.com/spreadsheets/d/e/2PACX-1vQk6073LStJEfzv418WKYluN2zykXon3KL58hPVNnqoOPiZVhBVzBCi9QnnAETwm_QbMvltcNCuzTzH/pub?gid=1944138367&single=true&output=csv,True,OK,docs/alibra_data/dry_bulk_tce_table/2026-08-26.csv
2026-09-01T23:47:51.315972+00:00,2026-08-26,tanker_tce_table,https://docs.google.com/spreadsheets/d/e/2PACX-1vQk6073LStJEfzv418WKYluN2zykXon3KL58hPVNnqoOPiZVhBVzBCi9QnnAETwm_QbMvltcNCuzTzH/pub?gid=1458966001&single=true&output=csv,True,OK,docs/alibra_data/tanker_tce_table/2026-08-26.csv
2026-09-01T23:47:51.315972+00:00,2026-08-26,forward_curves,https://docs.google.com/spreadsheets/d/e/2PACX-1vQkGGniHOjjs_0booelgLP3pGwySZLvMLskYlJCxNLcq6uf9EaH50Wcpob87lH7xw/pub?gid=1196769730&single=true&output=csv,False,HTTP 500 (attempt 3),
2026-09-01T23:47:51.315972+00:00,2026-08-26,dry_bulk_trend_atl,https://docs.google.com/spreadsheets/d/e/2PACX-1vSm3hFo3WpdJQ86FaGIy-S151biJvr2J31-kbmYmO9kOwJ2sDjbz-v8ooNpsufCepZS0tCUavO5iUrI/pub?gid=409746990&single=true&output=csv,True,OK,docs/alibra_data/dry_bulk_trend_atl/2026-08-26.csv
2026-09-01T23:47:51.315972+00:00,2026-08-26,dry_bulk_trend_pac,https://docs.google.com/spreadsheets/d/e/2PACX-1vSm3hFo3WpdJQ86FaGIy-S151biJvr2J31-kbmYmO9kOwJ2sDjbz-v8ooNpsufCepZS0tCUavO5iUrI/pub?gid=779118968&single=true&output=csv,True,OK,docs/alibra_data/dry_bulk_trend_pac/2026-08-26.csv
2026-09-01T23:47:51.315972+00:00,2026-08-26,tanker_trend_1yr,https://docs.google.com/spreadsheets/d/e/2PACX-1vSm3hFo3WpdJQ86FaGIy-S151biJvr2J31-kbmYmO9kOwJ2sDjbz-v8ooNpsufCepZS0tCUavO5iUrI/pub?gid=137918187&single=true&output=csv,True,OK,docs/alibra_data/tanker_trend_1yr/2026-08-26.csv
2026-09-01T23:47:51.315972+00:00,2026-08-26,tanker_trend_3yr,https://docs.google.com/spreadsheets/d/e/2PACX-1vSm3hFo3WpdJQ86FaGIy-S151biJvr2J31-kbmYmO9kOwJ2sDjbz-v8ooNpsufCepZS0tCUavO5iUrI/pub?gid=1501135879&single=true&output=csv,True,OK,docs/alibra_data/tanker_trend_3yr/2026-08-26.csv
2026-09-01T23:47:51.315972+00:00,2026-08-26,dry_bulk_archive_atl,https://docs.google.com/spreadsheets/d/e/2PACX-1vSm3hFo3WpdJQ86FaGIy-S151biJvr2J31-kbmYmO9kOwJ2sDjbz-v8ooNpsufCepZS0tCUavO5iUrI/pub?gid=1609275035&single=true&output=csv,True,OK,docs/alibra_data/dry_bulk_archive_atl/2026-08-26.csv
2026-09-01T23:47:51.315972+00:00,2026-08-26,dry_bulk_archive_pac,https://docs.google.com/spreadsheets/d/e/2PACX-1vSm3hFo3WpdJQ86FaGIy-S151biJvr2J31-kbmYmO9kOwJ2sDjbz-v8ooNpsufCepZS0tCUavO5iUrI/pub?gid=1656242999&single=true&output=csv,True,OK,docs/alibra_data/dry_bulk_archive_pac/2026-08-26.csv
2026-09-02T11:58:21.204567+00:00,2026-09-02,last_updated_stamp,https://docs.google.com/spreadsheets/d/e/2PACX-1vQk6073LStJEfzv418WKYluN2zykXon3KL58hPVNnqoOPiZVhBVzBCi9QnnAETwm_QbMvltcNCuzTzH/pub?gid=92942855&single=true&output=csv,True,OK,docs/alibra_data/last_updated_stamp/2026-09-02.csv
2026-09-02T11:58:21.204567+00:00,2026-09-02,dry_bulk_tce_table,https://docs.google.com/spreadsheets/d/e/2PACX-1vQk6073LStJEfzv418WKYluN2zykXon3KL58hPVNnqoOPiZVhBVzBCi9QnnAETwm_QbMvltcNCuzTzH/pub?gid=1944138367&single=true&output=csv,True,OK,docs/alibra_data/dry_bulk_tce_table/2026-09-02.csv
2026-09-02T11:58:21.204567+00:00,2026-09-02,tanker_tce_table,https://docs.google.com/spreadsheets/d/e/2PACX-1vQk6073LStJEfzv418WKYluN2zykXon3KL58hPVNnqoOPiZVhBVzBCi9QnnAETwm_QbMvltcNCuzTzH/pub?gid=1458966001&single=true&output=csv,True,OK,docs/alibra_data/tanker_tce_table/2026-09-02.csv
2026-09-02T11:58:21.204567+00:00,2026-09-02,forward_curves,https://docs.google.com/spreadsheets/d/e/2PACX-1vQkGGniHOjjs_0booelgLP3pGwySZLvMLskYlJCxNLcq6uf9EaH50Wcpob87lH7xw/pub?gid=1196769730&single=true&output=csv,True,OK,docs/alibra_data/forward_curves/2026-09-02.csv
2026-09-02T11:58:21.204567+00:00,2026-09-02,dry_bulk_trend_atl,https://docs.google.com/spreadsheets/d/e/2PACX-1vSm3hFo3WpdJQ86FaGIy-S151biJvr2J31-kbmYmO9kOwJ2sDjbz-v8ooNpsufCepZS0tCUavO5iUrI/pub?gid=409746990&single=true&output=csv,True,OK,docs/alibra_data/dry_bulk_trend_atl/2026-09-02.csv
2026-09-02T11:58:21.204567+00:00,2026-09-02,dry_bulk_trend_pac,https://docs.google.com/spreadsheets/d/e/2PACX-1vSm3hFo3WpdJQ86FaGIy-S151biJvr2J31-kbmYmO9kOwJ2sDjbz-v8ooNpsufCepZS0tCUavO5iUrI/pub?gid=779118968&single=true&output=csv,True,OK,docs/alibra_data/dry_bulk_trend_pac/2026-09-02.csv
2026-09-02T11:58:21.204567+00:00,2026-09-02,tanker_trend_1yr,https://docs.google.com/spreadsheets/d/e/2PACX-1vSm3hFo3WpdJQ86FaGIy-S151biJvr2J31-kbmYmO9kOwJ2sDjbz-v8ooNpsufCepZS0tCUavO5iUrI/pub?gid=137918187&single=true&output=csv,True,OK,docs/alibra_data/tanker_trend_1yr/2026-09-02.csv
2026-09-02T11:58:21.204567+00:00,2026-09-02,tanker_trend_3yr,https://docs.google.com/spreadsheets/d/e/2PACX-1vSm3hFo3WpdJQ86FaGIy-S151biJvr2J31-kbmYmO9kOwJ2sDjbz-v8ooNpsufCepZS0tCUavO5iUrI/pub?gid=1501135879&single=true&output=csv,True,OK,docs/alibra_data/tanker_trend_3yr/2026-09-02.csv
2026-09-02T11:58:21.204567+00:00,2026-09-02,dry_bulk_archive_atl,https://docs.google.com/spreadsheets/d/e/2PACX-1vSm3hFo3WpdJQ86FaGIy-S151biJvr2J31-kbmYmO9kOwJ2sDjbz-v8ooNpsufCepZS0tCUavO5iUrI/pub?gid=1609275035&single=true&output=csv,True,OK,docs/alibra_data/dry_bulk_archive_atl/2026-09-02.csv
2026-09-02T11:58:21.204567+00:00,2026-09-02,dry_bulk_archive_pac,https://docs.google.com/spreadsheets/d/e/2PACX-1vSm3hFo3WpdJQ86FaGIy-S151biJvr2J31-kbmYmO9kOwJ2sDjbz-v8ooNpsufCepZS0tCUavO5iUrI/pub?gid=1656242999&single=true&output=csv,True,OK,docs/alibra_data/dry_bulk_archive_pac/2026-09-02.csv
2026-09-02T14:45:35.967231+00:00,2026-09-02,last_updated_stamp,https://docs.google.com/spreadsheets/d/e/2PACX-1vQk6073LStJEfzv418WKYluN2zykXon3KL58hPVNnqoOPiZVhBVzBCi9QnnAETwm_QbMvltcNCuzTzH/pub?gid=92942855&single=true&output=csv,True,OK,docs/alibra_data/last_updated_stamp/2026-09-02.csv
2026-09-02T14:45:35.967231+00:00,2026-09-02,dry_bulk_tce_table,https://docs.google.com/spreadsheets/d/e/2PACX-1vQk6073LStJEfzv418WKYluN2zykXon3KL58hPVNnqoOPiZVhBVzBCi9QnnAETwm_QbMvltcNCuzTzH/pub?gid=1944138367&single=true&output=csv,True,OK,docs/alibra_data/dry_bulk_tce_table/2026-09-02.csv
2026-09-02T14:45:35.967231+00:00,2026-09-02,tanker_tce_table,https://docs.google.com/spreadsheets/d/e/2PACX-1vQk6073LStJEfzv418WKYluN2zykXon3KL58hPVNnqoOPiZVhBVzBCi9QnnAETwm_QbMvltcNCuzTzH/pub?gid=1458966001&single=true&output=csv,True,OK,docs/alibra_data/tanker_tce_table/2026-09-02.csv
2026-09-02T14:45:35.967231+00:00,2026-09-02,forward_curves,https://docs.google.com/spreadsheets/d/e/2PACX-1vQkGGniHOjjs_0booelgLP3pGwySZLvMLskYlJCxNLcq6uf9EaH50Wcpob87lH7xw/pub?gid=1196769730&single=true&output=csv,True,OK,docs/alibra_data/forward_curves/2026-09-02.csv
2026-09-02T14:45:35.967231+00:00,2026-09-02,dry_bulk_trend_atl,https://docs.google.com/spreadsheets/d/e/2PACX-1vSm3hFo3WpdJQ86FaGIy-S151biJvr2J31-kbmYmO9kOwJ2sDjbz-v8ooNpsufCepZS0tCUavO5iUrI/pub?gid=409746990&single=true&output=csv,True,OK,docs/alibra_data/dry_bulk_trend_atl/2026-09-02.csv
2026-09-02T14:45:35.967231+00:00,2026-09-02,dry_bulk_trend_pac,https://docs.google.com/spreadsheets/d/e/2PACX-1vSm3hFo3WpdJQ86FaGIy-S151biJvr2J31-kbmYmO9kOwJ2sDjbz-v8ooNpsufCepZS0tCUavO5iUrI/pub?gid=779118968&single=true&output=csv,True,OK,docs/alibra_data/dry_bulk_trend_pac/2026-09-02.csv
2026-09-02T14:45:35.967231+00:00,2026-09-02,tanker_trend_1yr,https://docs.google.com/spreadsheets/d/e/2PACX-1vSm3hFo3WpdJQ86FaGIy-S151biJvr2J31-kbmYmO9kOwJ2sDjbz-v8ooNpsufCepZS0tCUavO5iUrI/pub?gid=137918187&single=true&output=csv,True,OK,docs/alibra_data/tanker_trend_1yr/2026-09-02.csv
2026-09-02T14:45:35.967231+00:00,2026-09-02,tanker_trend_3yr,https://docs.google.com/spreadsheets/d/e/2PACX-1vSm3hFo3WpdJQ86FaGIy-S151biJvr2J31-kbmYmO9kOwJ2sDjbz-v8ooNpsufCepZS0tCUavO5iUrI/pub?gid=1501135879&single=true&output=csv,True,OK,docs/alibra_data/tanker_trend_3yr/2026-09-02.csv
2026-09-02T14:45:35.967231+00:00,2026-09-02,dry_bulk_archive_atl,https://docs.google.com/spreadsheets/d/e/2PACX-1vSm3hFo3WpdJQ86FaGIy-S151biJvr2J31-kbmYmO9kOwJ2sDjbz-v8ooNpsufCepZS0tCUavO5iUrI/pub?gid=1609275035&single=true&output=csv,True,OK,docs/alibra_data/dry_bulk_archive_atl/2026-09-02.csv
2026-09-02T14:45:35.967231+00:00,2026-09-02,dry_bulk_archive_pac,https://docs.google.com/spreadsheets/d/e/2PACX-1vSm3hFo3WpdJQ86FaGIy-S151biJvr2J31-kbmYmO9kOwJ2sDjbz-v8ooNpsufCepZS0tCUavO5iUrI/pub?gid=1656242999&single=true&output=csv,True,OK,docs/alibra_data/dry_bulk_archive_pac/2026-09-02.csv
2026-09-02T17:37:32.516805+00:00,2026-09-02,last_updated_stamp,https://docs.google.com/spreadsheets/d/e/2PACX-1vQk6073LStJEfzv418WKYluN2zykXon3KL58hPVNnqoOPiZVhBVzBCi9QnnAETwm_QbMvltcNCuzTzH/pub?gid=92942855&single=true&output=csv,True,OK,docs/alibra_data/last_updated_stamp/2026-09-02.csv
2026-09-02T17:37:32.516805+00:00,2026-09-02,dry_bulk_tce_table,https://docs.google.com/spreadsheets/d/e/2PACX-1vQk6073LStJEfzv418WKYluN2zykXon3KL58hPVNnqoOPiZVhBVzBCi9QnnAETwm_QbMvltcNCuzTzH/pub?gid=1944138367&single=true&output=csv,True,OK,docs/alibra_data/dry_bulk_tce_table/2026-09-02.csv
2026-09-02T17:37:32.516805+00:00,2026-09-02,tanker_tce_table,https://docs.google.com/spreadsheets/d/e/2PACX-1vQk6073LStJEfzv418WKYluN2zykXon3KL58hPVNnqoOPiZVhBVzBCi9QnnAETwm_QbMvltcNCuzTzH/pub?gid=1458966001&single=true&output=csv,True,OK,docs/alibra_data/tanker_tce_table/2026-09-02.csv
2026-09-02T17:37:32.516805+00:00,2026-09-02,forward_curves,https://docs.google.com/spreadsheets/d/e/2PACX-1vQkGGniHOjjs_0booelgLP3pGwySZLvMLskYlJCxNLcq6uf9EaH50Wcpob87lH7xw/pub?gid=1196769730&single=true&output=csv,True,OK,docs/alibra_data/forward_curves/2026-09-02.csv
2026-09-02T17:37:32.516805+00:00,2026-09-02,dry_bulk_trend_atl,https://docs.google.com/spreadsheets/d/e/2PACX-1vSm3hFo3WpdJQ86FaGIy-S151biJvr2J31-kbmYmO9kOwJ2sDjbz-v8ooNpsufCepZS0tCUavO5iUrI/pub?gid=409746990&single=true&output=csv,True,OK,docs/alibra_data/dry_bulk_trend_atl/2026-09-02.csv
2026-09-02T17:37:32.516805+00:00,2026-09-02,dry_bulk_trend_pac,https://docs.google.com/spreadsheets/d/e/2PACX-1vSm3hFo3WpdJQ86FaGIy-S151biJvr2J31-kbmYmO9kOwJ2sDjbz-v8ooNpsufCepZS0tCUavO5iUrI/pub?gid=779118968&single=true&output=csv,True,OK,docs/alibra_data/dry_bulk_trend_pac/2026-09-02.csv
2026-09-02T17:37:32.516805+00:00,2026-09-02,tanker_trend_1yr,https://docs.google.com/spreadsheets/d/e/2PACX-1vSm3hFo3WpdJQ86FaGIy-S151biJvr2J31-kbmYmO9kOwJ2sDjbz-v8ooNpsufCepZS0tCUavO5iUrI/pub?gid=137918187&single=true&output=csv,True,OK,docs/alibra_data/tanker_trend_1yr/2026-09-02.csv
2026-09-02T17:37:32.516805+00:00,2026-09-02,tanker_trend_3yr,https://docs.google.com/spreadsheets/d/e/2PACX-1vSm3hFo3WpdJQ86FaGIy-S151biJvr2J31-kbmYmO9kOwJ2sDjbz-v8ooNpsufCepZS0tCUavO5iUrI/pub?gid=1501135879&single=true&output=csv,True,OK,docs/alibra_data/tanker_trend_3yr/2026-09-02.csv
2026-09-02T17:37:32.516805+00:00,2026-09-02,dry_bulk_archive_atl,https://docs.google.com/spreadsheets/d/e/2PACX-1vSm3hFo3WpdJQ86FaGIy-S151biJvr2J31-kbmYmO9kOwJ2sDjbz-v8ooNpsufCepZS0tCUavO5iUrI/pub?gid=1609275035&single=true&output=csv,True,OK,docs/alibra_data/dry_bulk_archive_atl/2026-09-02.csv
2026-09-02T17:37:32.516805+00:00,2026-09-02,dry_bulk_archive_pac,https://docs.google.com/spreadsheets/d/e/2PACX-1vSm3hFo3WpdJQ86FaGIy-S151biJvr2J31-kbmYmO9kOwJ2sDjbz-v8ooNpsufCepZS0tCUavO5iUrI/pub?gid=1656242999&single=true&output=csv,True,OK,docs/alibra_data/dry_bulk_archive_pac/2026-09-02.csv
2026-09-02T19:14:33.703624+00:00,2026-09-02,last_updated_stamp,https://docs.google.com/spreadsheets/d/e/2PACX-1vQk6073LStJEfzv418WKYluN2zykXon3KL58hPVNnqoOPiZVhBVzBCi9QnnAETwm_QbMvltcNCuzTzH/pub?gid=92942855&single=true&output=csv,True,OK,docs/alibra_data/last_updated_stamp/2026-09-02.csv
2026-09-02T19:14:33.703624+00:00,2026-09-02,dry_bulk_tce_table,https://docs.google.com/spreadsheets/d/e/2PACX-1vQk6073LStJEfzv418WKYluN2zykXon3KL58hPVNnqoOPiZVhBVzBCi9QnnAETwm_QbMvltcNCuzTzH/pub?gid=1944138367&single=true&output=csv,True,OK,docs/alibra_data/dry_bulk_tce_table/2026-09-02.csv
2026-09-02T19:14:33.703624+00:00,2026-09-02,tanker_tce_table,https://docs.google.com/spreadsheets/d/e/2PACX-1vQk6073LStJEfzv418WKYluN2zykXon3KL58hPVNnqoOPiZVhBVzBCi9QnnAETwm_QbMvltcNCuzTzH/pub?gid=1458966001&single=true&output=csv,True,OK,docs/alibra_data/tanker_tce_table/2026-09-02.csv
2026-09-02T19:14:33.703624+00:00,2026-09-02,forward_curves,https://docs.google.com/spreadsheets/d/e/2PACX-1vQkGGniHOjjs_0booelgLP3pGwySZLvMLskYlJCxNLcq6uf9EaH50Wcpob87lH7xw/pub?gid=1196769730&single=true&output=csv,True,OK,docs/alibra_data/forward_curves/2026-09-02.csv
2026-09-02T19:14:33.703624+00:00,2026-09-02,dry_bulk_trend_atl,https://docs.google.com/spreadsheets/d/e/2PACX-1vSm3hFo3WpdJQ86FaGIy-S151biJvr2J31-kbmYmO9kOwJ2sDjbz-v8ooNpsufCepZS0tCUavO5iUrI/pub?gid=409746990&single=true&output=csv,True,OK,docs/alibra_data/dry_bulk_trend_atl/2026-09-02.csv
2026-09-02T19:14:33.703624+00:00,2026-09-02,dry_bulk_trend_pac,https://docs.google.com/spreadsheets/d/e/2PACX-1vSm3hFo3WpdJQ86FaGIy-S151biJvr2J31-kbmYmO9kOwJ2sDjbz-v8ooNpsufCepZS0tCUavO5iUrI/pub?gid=779118968&single=true&output=csv,True,OK,docs/alibra_data/dry_bulk_trend_pac/2026-09-02.csv
2026-09-02T19:14:33.703624+00:00,2026-09-02,tanker_trend_1yr,https://docs.google.com/spreadsheets/d/e/2PACX-1vSm3hFo3WpdJQ86FaGIy-S151biJvr2J31-kbmYmO9kOwJ2sDjbz-v8ooNpsufCepZS0tCUavO5iUrI/pub?gid=137918187&single=true&output=csv,True,OK,docs/alibra_data/tanker_trend_1yr/2026-09-02.csv
2026-09-02T19:14:33.703624+00:00,2026-09-02,tanker_trend_3yr,https://docs.google.com/spreadsheets/d/e/2PACX-1vSm3hFo3WpdJQ86FaGIy-S151biJvr2J31-kbmYmO9kOwJ2sDjbz-v8ooNpsufCepZS0tCUavO5iUrI/pub?gid=1501135879&single=true&output=csv,True,OK,docs/alibra_data/tanker_trend_3yr/2026-09-02.csv
2026-09-02T19:14:33.703624+00:00,2026-09-02,dry_bulk_archive_atl,https://docs.google.com/spreadsheets/d/e/2PACX-1vSm3hFo3WpdJQ86FaGIy-S151biJvr2J31-kbmYmO9kOwJ2sDjbz-v8ooNpsufCepZS0tCUavO5iUrI/pub?gid=1609275035&single=true&output=csv,True,OK,docs/alibra_data/dry_bulk_archive_atl/2026-09-02.csv
2026-09-02T19:14:33.703624+00:00,2026-09-02,dry_bulk_archive_pac,https://docs.google.com/spreadsheets/d/e/2PACX-1vSm3hFo3WpdJQ86FaGIy-S151biJvr2J31-kbmYmO9kOwJ2sDjbz-v8ooNpsufCepZS0tCUavO5iUrI/pub?gid=1656242999&single=true&output=csv,True,OK,docs/alibra_data/dry_bulk_archive_pac/2026-09-02.csv
2026-09-02T21:36:13.989251+00:00,2026-09-02,last_updated_stamp,https://docs.google.com/spreadsheets/d/e/2PACX-1vQk6073LStJEfzv418WKYluN2zykXon3KL58hPVNnqoOPiZVhBVzBCi9QnnAETwm_QbMvltcNCuzTzH/pub?gid=92942855&single=true&output=csv,True,OK,docs/alibra_data/last_updated_stamp/2026-09-02.csv
2026-09-02T21:36:13.989251+00:00,2026-09-02,dry_bulk_tce_table,https://docs.google.com/spreadsheets/d/e/2PACX-1vQk6073LStJEfzv418WKYluN2zykXon3KL58hPVNnqoOPiZVhBVzBCi9QnnAETwm_QbMvltcNCuzTzH/pub?gid=1944138367&single=true&output=csv,True,OK,docs/alibra_data/dry_bulk_tce_table/2026-09-02.csv
2026-09-02T21:36:13.989251+00:00,2026-09-02,tanker_tce_table,https://docs.google.com/spreadsheets/d/e/2PACX-1vQk6073LStJEfzv418WKYluN2zykXon3KL58hPVNnqoOPiZVhBVzBCi9QnnAETwm_QbMvltcNCuzTzH/pub?gid=1458966001&single=true&output=csv,True,OK,docs/alibra_data/tanker_tce_table/2026-09-02.csv
2026-09-02T21:36:13.989251+00:00,2026-09-02,forward_curves,https://docs.google.com/spreadsheets/d/e/2PACX-1vQkGGniHOjjs_0booelgLP3pGwySZLvMLskYlJCxNLcq6uf9EaH50Wcpob87lH7xw/pub?gid=1196769730&single=true&output=csv,True,OK,docs/alibra_data/forward_curves/2026-09-02.csv
2026-09-02T21:36:13.989251+00:00,2026-09-02,dry_bulk_trend_atl,https://docs.google.com/spreadsheets/d/e/2PACX-1vSm3hFo3WpdJQ86FaGIy-S151biJvr2J31-kbmYmO9kOwJ2sDjbz-v8ooNpsufCepZS0tCUavO5iUrI/pub?gid=409746990&single=true&output=csv,True,OK,docs/alibra_data/dry_bulk_trend_atl/2026-09-02.csv
2026-09-02T21:36:13.989251+00:00,2026-09-02,dry_bulk_trend_pac,https://docs.google.com/spreadsheets/d/e/2PACX-1vSm3hFo3WpdJQ86FaGIy-S151biJvr2J31-kbmYmO9kOwJ2sDjbz-v8ooNpsufCepZS0tCUavO5iUrI/pub?gid=779118968&single=true&output=csv,True,OK,docs/alibra_data/dry_bulk_trend_pac/2026-09-02.csv
2026-09-02T21:36:13.989251+00:00,2026-09-02,tanker_trend_1yr,https://docs.google.com/spreadsheets/d/e/2PACX-1vSm3hFo3WpdJQ86FaGIy-S151biJvr2J31-kbmYmO9kOwJ2sDjbz-v8ooNpsufCepZS0tCUavO5iUrI/pub?gid=137918187&single=true&output=csv,True,OK,docs/alibra_data/tanker_trend_1yr/2026-09-02.csv
2026-09-02T21:36:13.989251+00:00,2026-09-02,tanker_trend_3yr,https://docs.google.com/spreadsheets/d/e/2PACX-1vSm3hFo3WpdJQ86FaGIy-S151biJvr2J31-kbmYmO9kOwJ2sDjbz-v8ooNpsufCepZS0tCUavO5iUrI/pub?gid=1501135879&single=true&output=csv,True,OK,docs/alibra_data/tanker_trend_3yr/2026-09-02.csv
2026-09-02T21:36:13.989251+00:00,2026-09-02,dry_bulk_archive_atl,https://docs.google.com/spreadsheets/d/e/2PACX-1vSm3hFo3WpdJQ86FaGIy-S151biJvr2J31-kbmYmO9kOwJ2sDjbz-v8ooNpsufCepZS0tCUavO5iUrI/pub?gid=1609275035&single=true&output=csv,True,OK,docs/alibra_data/dry_bulk_archive_atl/2026-09-02.csv
2026-09-02T21:36:13.989251+00:00,2026-09-02,dry_bulk_archive_pac,https://docs.google.com/spreadsheets/d/e/2PACX-1vSm3hFo3WpdJQ86FaGIy-S151biJvr2J31-kbmYmO9kOwJ2sDjbz-v8ooNpsufCepZS0tCUavO5iUrI/pub?gid=1656242999&single=true&output=csv,True,OK,docs/alibra_data/dry_bulk_archive_pac/2026-09-02.csv
2026-09-02T23:49:29.428680+00:00,2026-09-02,last_updated_stamp,https://docs.google.com/spreadsheets/d/e/2PACX-1vQk6073LStJEfzv418WKYluN2zykXon3KL58hPVNnqoOPiZVhBVzBCi9QnnAETwm_QbMvltcNCuzTzH/pub?gid=92942855&single=true&output=csv,True,OK,docs/alibra_data/last_updated_stamp/2026-09-02.csv
2026-09-02T23:49:29.428680+00:00,2026-09-02,dry_bulk_tce_table,https://docs.google.com/spreadsheets/d/e/2PACX-1vQk6073LStJEfzv418WKYluN2zykXon3KL58hPVNnqoOPiZVhBVzBCi9QnnAETwm_QbMvltcNCuzTzH/pub?gid=1944138367&single=true&output=csv,True,OK,docs/alibra_data/dry_bulk_tce_table/2026-09-02.csv
2026-09-02T23:49:29.428680+00:00,2026-09-02,tanker_tce_table,https://docs.google.com/spreadsheets/d/e/2PACX-1vQk6073LStJEfzv418WKYluN2zykXon3KL58hPVNnqoOPiZVhBVzBCi9QnnAETwm_QbMvltcNCuzTzH/pub?gid=1458966001&single=true&output=csv,True,OK,docs/alibra_data/tanker_tce_table/2026-09-02.csv
2026-09-02T23:49:29.428680+00:00,2026-09-02,forward_curves,https://docs.google.com/spreadsheets/d/e/2PACX-1vQkGGniHOjjs_0booelgLP3pGwySZLvMLskYlJCxNLcq6uf9EaH50Wcpob87lH7xw/pub?gid=1196769730&single=true&output=csv,True,OK,docs/alibra_data/forward_curves/2026-09-02.csv
2026-09-02T23:49:29.428680+00:00,2026-09-02,dry_bulk_trend_atl,https://docs.google.com/spreadsheets/d/e/2PACX-1vSm3hFo3WpdJQ86FaGIy-S151biJvr2J31-kbmYmO9kOwJ2sDjbz-v8ooNpsufCepZS0tCUavO5iUrI/pub?gid=409746990&single=true&output=csv,True,OK,docs/alibra_data/dry_bulk_trend_atl/2026-09-02.csv
2026-09-02T23:49:29.428680+00:00,2026-09-02,dry_bulk_trend_pac,https://docs.google.com/spreadsheets/d/e/2PACX-1vSm3hFo3WpdJQ86FaGIy-S151biJvr2J31-kbmYmO9kOwJ2sDjbz-v8ooNpsufCepZS0tCUavO5iUrI/pub?gid=779118968&single=true&output=csv,True,OK,docs/alibra_data/dry_bulk_trend_pac/2026-09-02.csv
2026-09-02T23:49:29.428680+00:00,2026-09-02,tanker_trend_1yr,https://docs.google.com/spreadsheets/d/e/2PACX-1vSm3hFo3WpdJQ86FaGIy-S151biJvr2J31-kbmYmO9kOwJ2sDjbz-v8ooNpsufCepZS0tCUavO5iUrI/pub?gid=137918187&single=true&output=csv,True,OK,docs/alibra_data/tanker_trend_1yr/2026-09-02.csv
2026-09-02T23:49:29.428680+00:00,2026-09-02,tanker_trend_3yr,https://docs.google.com/spreadsheets/d/e/2PACX-1vSm3hFo3WpdJQ86FaGIy-S151biJvr2J31-kbmYmO9kOwJ2sDjbz-v8ooNpsufCepZS0tCUavO5iUrI/pub?gid=1501135879&single=true&output=csv,True,OK,docs/alibra_data/tanker_trend_3yr/2026-09-02.csv
2026-09-02T23:49:29.428680+00:00,2026-09-02,dry_bulk_archive_atl,https://docs.google.com/spreadsheets/d/e/2PACX-1vSm3hFo3WpdJQ86FaGIy-S151biJvr2J31-kbmYmO9kOwJ2sDjbz-v8ooNpsufCepZS0tCUavO5iUrI/pub?gid=1609275035&single=true&output=csv,True,OK,docs/alibra_data/dry_bulk_archive_atl/2026-09-02.csv
2026-09-02T23:49:29.428680+00:00,2026-09-02,dry_bulk_archive_pac,https://docs.google.com/spreadsheets/d/e/2PACX-1vSm3hFo3WpdJQ86FaGIy-S151biJvr2J31-kbmYmO9kOwJ2sDjbz-v8ooNpsufCepZS0tCUavO5iUrI/pub?gid=1656242999&single=true&output=csv,True,OK,docs/alibra_data/dry_bulk_archive_pac/2026-09-02.csv
2026-09-03T11:56:53.479804+00:00,2026-09-02,last_updated_stamp,https://docs.google.com/spreadsheets/d/e/2PACX-1vQk6073LStJEfzv418WKYluN2zykXon3KL58hPVNnqoOPiZVhBVzBCi9QnnAETwm_QbMvltcNCuzTzH/pub?gid=92942855&single=true&output=csv,True,OK,docs/alibra_data/last_updated_stamp/2026-09-02.csv
2026-09-03T11:56:53.479804+00:00,2026-09-02,dry_bulk_tce_table,https://docs.google.com/spreadsheets/d/e/2PACX-1vQk6073LStJEfzv418WKYluN2zykXon3KL58hPVNnqoOPiZVhBVzBCi9QnnAETwm_QbMvltcNCuzTzH/pub?gid=1944138367&single=true&output=csv,True,OK,docs/alibra_data/dry_bulk_tce_table/2026-09-02.csv
2026-09-03T11:56:53.479804+00:00,2026-09-02,tanker_tce_table,https://docs.google.com/spreadsheets/d/e/2PACX-1vQk6073LStJEfzv418WKYluN2zykXon3KL58hPVNnqoOPiZVhBVzBCi9QnnAETwm_QbMvltcNCuzTzH/pub?gid=1458966001&single=true&output=csv,True,OK,docs/alibra_data/tanker_tce_table/2026-09-02.csv
2026-09-03T11:56:53.479804+00:00,2026-09-02,forward_curves,https://docs.google.com/spreadsheets/d/e/2PACX-1vQkGGniHOjjs_0booelgLP3pGwySZLvMLskYlJCxNLcq6uf9EaH50Wcpob87lH7xw/pub?gid=1196769730&single=true&output=csv,True,OK,docs/alibra_data/forward_curves/2026-09-02.csv
2026-09-03T11:56:53.479804+00:00,2026-09-02,dry_bulk_trend_atl,https://docs.google.com/spreadsheets/d/e/2PACX-1vSm3hFo3WpdJQ86FaGIy-S151biJvr2J31-kbmYmO9kOwJ2sDjbz-v8ooNpsufCepZS0tCUavO5iUrI/pub?gid=409746990&single=true&output=csv,True,OK,docs/alibra_data/dry_bulk_trend_atl/2026-09-02.csv
2026-09-03T11:56:53.479804+00:00,2026-09-02,dry_bulk_trend_pac,https://docs.google.com/spreadsheets/d/e/2PACX-1vSm3hFo3WpdJQ86FaGIy-S151biJvr2J31-kbmYmO9kOwJ2sDjbz-v8ooNpsufCepZS0tCUavO5iUrI/pub?gid=779118968&single=true&output=csv,True,OK,docs/alibra_data/dry_bulk_trend_pac/2026-09-02.csv
2026-09-03T11:56:53.479804+00:00,2026-09-02,tanker_trend_1yr,https://docs.google.com/spreadsheets/d/e/2PACX-1vSm3hFo3WpdJQ86FaGIy-S151biJvr2J31-kbmYmO9kOwJ2sDjbz-v8ooNpsufCepZS0tCUavO5iUrI/pub?gid=137918187&single=true&output=csv,True,OK,docs/alibra_data/tanker_trend_1yr/2026-09-02.csv
2026-09-03T11:56:53.479804+00:00,2026-09-02,tanker_trend_3yr,https://docs.google.com/spreadsheets/d/e/2PACX-1vSm3hFo3WpdJQ86FaGIy-S151biJvr2J31-kbmYmO9kOwJ2sDjbz-v8ooNpsufCepZS0tCUavO5iUrI/pub?gid=1501135879&single=true&output=csv,True,OK,docs/alibra_data/tanker_trend_3yr/2026-09-02.csv
2026-09-03T11:56:53.479804+00:00,2026-09-02,dry_bulk_archive_atl,https://docs.google.com/spreadsheets/d/e/2PACX-1vSm3hFo3WpdJQ86FaGIy-S151biJvr2J31-kbmYmO9kOwJ2sDjbz-v8ooNpsufCepZS0tCUavO5iUrI/pub?gid=1609275035&single=true&output=csv,True,OK,docs/alibra_data/dry_bulk_archive_atl/2026-09-02.csv
2026-09-03T11:56:53.479804+00:00,2026-09-02,dry_bulk_archive_pac,https://docs.google.com/spreadsheets/d/e/2PACX-1vSm3hFo3WpdJQ86FaGIy-S151biJvr2J31-kbmYmO9kOwJ2sDjbz-v8ooNpsufCepZS0tCUavO5iUrI/pub?gid=1656242999&single=true&output=csv,True,OK,docs/alibra_data/dry_bulk_archive_pac/2026-09-02.csv
2026-09-03T14:50:30.158254+00:00,2026-09-02,last_updated_stamp,https://docs.google.com/spreadsheets/d/e/2PACX-1vQk6073LStJEfzv418WKYluN2zykXon3KL58hPVNnqoOPiZVhBVzBCi9QnnAETwm_QbMvltcNCuzTzH/pub?gid=92942855&single=true&output=csv,True,OK,docs/alibra_data/last_updated_stamp/2026-09-02.csv
2026-09-03T14:50:30.158254+00:00,2026-09-02,dry_bulk_tce_table,https://docs.google.com/spreadsheets/d/e/2PACX-1vQk6073LStJEfzv418WKYluN2zykXon3KL58hPVNnqoOPiZVhBVzBCi9QnnAETwm_QbMvltcNCuzTzH/pub?gid=1944138367&single=true&output=csv,True,OK,docs/alibra_data/dry_bulk_tce_table/2026-09-02.csv
2026-09-03T14:50:30.158254+00:00,2026-09-02,tanker_tce_table,https://docs.google.com/spreadsheets/d/e/2PACX-1vQk6073LStJEfzv418WKYluN2zykXon3KL58hPVNnqoOPiZVhBVzBCi9QnnAETwm_QbMvltcNCuzTzH/pub?gid=1458966001&single=true&output=csv,True,OK,docs/alibra_data/tanker_tce_table/2026-09-02.csv
2026-09-03T14:50:30.158254+00:00,2026-09-02,forward_curves,https://docs.google.com/spreadsheets/d/e/2PACX-1vQkGGniHOjjs_0booelgLP3pGwySZLvMLskYlJCxNLcq6uf9EaH50Wcpob87lH7xw/pub?gid=1196769730&single=true&output=csv,True,OK,docs/alibra_data/forward_curves/2026-09-02.csv
2026-09-03T14:50:30.158254+00:00,2026-09-02,dry_bulk_trend_atl,https://docs.google.com/spreadsheets/d/e/2PACX-1vSm3hFo3WpdJQ86FaGIy-S151biJvr2J31-kbmYmO9kOwJ2sDjbz-v8ooNpsufCepZS0tCUavO5iUrI/pub?gid=409746990&single=true&output=csv,True,OK,docs/alibra_data/dry_bulk_trend_atl/2026-09-02.csv
2026-09-03T14:50:30.158254+00:00,2026-09-02,dry_bulk_trend_pac,https://docs.google.com/spreadsheets/d/e/2PACX-1vSm3hFo3WpdJQ86FaGIy-S151biJvr2J31-kbmYmO9kOwJ2sDjbz-v8ooNpsufCepZS0tCUavO5iUrI/pub?gid=779118968&single=true&output=csv,True,OK,docs/alibra_data/dry_bulk_trend_pac/2026-09-02.csv
2026-09-03T14:50:30.158254+00:00,2026-09-02,tanker_trend_1yr,https://docs.google.com/spreadsheets/d/e/2PACX-1vSm3hFo3WpdJQ86FaGIy-S151biJvr2J31-kbmYmO9kOwJ2sDjbz-v8ooNpsufCepZS0tCUavO5iUrI/pub?gid=137918187&single=true&output=csv,True,OK,docs/alibra_data/tanker_trend_1yr/2026-09-02.csv
2026-09-03T14:50:30.158254+00:00,2026-09-02,tanker_trend_3yr,https://docs.google.com/spreadsheets/d/e/2PACX-1vSm3hFo3WpdJQ86FaGIy-S151biJvr2J31-kbmYmO9kOwJ2sDjbz-v8ooNpsufCepZS0tCUavO5iUrI/pub?gid=1501135879&single=true&output=csv,True,OK,docs/alibra_data/tanker_trend_3yr/2026-09-02.csv
2026-09-03T14:50:30.158254+00:00,2026-09-02,dry_bulk_archive_atl,https://docs.google.com/spreadsheets/d/e/2PACX-1vSm3hFo3WpdJQ86FaGIy-S151biJvr2J31-kbmYmO9kOwJ2sDjbz-v8ooNpsufCepZS0tCUavO5iUrI/pub?gid=1609275035&single=true&output=csv,True,OK,docs/alibra_data/dry_bulk_archive_atl/2026-09-02.csv
2026-09-03T14:50:30.158254+00:00,2026-09-02,dry_bulk_archive_pac,https://docs.google.com/spreadsheets/d/e/2PACX-1vSm3hFo3WpdJQ86FaGIy-S151biJvr2J31-kbmYmO9kOwJ2sDjbz-v8ooNpsufCepZS0tCUavO5iUrI/pub?gid=1656242999&single=true&output=csv,True,OK,docs/alibra_data/dry_bulk_archive_pac/2026-09-02.csv
2026-09-03T17:30:20.868343+00:00,2026-09-02,last_updated_stamp,https://docs.google.com/spreadsheets/d/e/2PACX-1vQk6073LStJEfzv418WKYluN2zykXon3KL58hPVNnqoOPiZVhBVzBCi9QnnAETwm_QbMvltcNCuzTzH/pub?gid=92942855&single=true&output=csv,True,OK,docs/alibra_data/last_updated_stamp/2026-09-02.csv
2026-09-03T17:30:20.868343+00:00,2026-09-02,dry_bulk_tce_table,https://docs.google.com/spreadsheets/d/e/2PACX-1vQk6073LStJEfzv418WKYluN2zykXon3KL58hPVNnqoOPiZVhBVzBCi9QnnAETwm_QbMvltcNCuzTzH/pub?gid=1944138367&single=true&output=csv,True,OK,docs/alibra_data/dry_bulk_tce_table/2026-09-02.csv
2026-09-03T17:30:20.868343+00:00,2026-09-02,tanker_tce_table,https://docs.google.com/spreadsheets/d/e/2PACX-1vQk6073LStJEfzv418WKYluN2zykXon3KL58hPVNnqoOPiZVhBVzBCi9QnnAETwm_QbMvltcNCuzTzH/pub?gid=1458966001&single=true&output=csv,True,OK,docs/alibra_data/tanker_tce_table/2026-09-02.csv
2026-09-03T17:30:20.868343+00:00,2026-09-02,forward_curves,https://docs.google.com/spreadsheets/d/e/2PACX-1vQkGGniHOjjs_0booelgLP3pGwySZLvMLskYlJCxNLcq6uf9EaH50Wcpob87lH7xw/pub?gid=1196769730&single=true&output=csv,True,OK,docs/alibra_data/forward_curves/2026-09-02.csv
2026-09-03T17:30:20.868343+00:00,2026-09-02,dry_bulk_trend_atl,https://docs.google.com/spreadsheets/d/e/2PACX-1vSm3hFo3WpdJQ86FaGIy-S151biJvr2J31-kbmYmO9kOwJ2sDjbz-v8ooNpsufCepZS0tCUavO5iUrI/pub?gid=409746990&single=true&output=csv,True,OK,docs/alibra_data/dry_bulk_trend_atl/2026-09-02.csv
2026-09-03T17:30:20.868343+00:00,2026-09-02,dry_bulk_trend_pac,https://docs.google.com/spreadsheets/d/e/2PACX-1vSm3hFo3WpdJQ86FaGIy-S151biJvr2J31-kbmYmO9kOwJ2sDjbz-v8ooNpsufCepZS0tCUavO5iUrI/pub?gid=779118968&single=true&output=csv,True,OK,docs/alibra_data/dry_bulk_trend_pac/2026-09-02.csv
2026-09-03T17:30:20.868343+00:00,2026-09-02,tanker_trend_1yr,https://docs.google.com/spreadsheets/d/e/2PACX-1vSm3hFo3WpdJQ86FaGIy-S151biJvr2J31-kbmYmO9kOwJ2sDjbz-v8ooNpsufCepZS0tCUavO5iUrI/pub?gid=137918187&single=true&output=csv,True,OK,docs/alibra_data/tanker_trend_1yr/2026-09-02.csv
2026-09-03T17:30:20.868343+00:00,2026-09-02,tanker_trend_3yr,https://docs.google.com/spreadsheets/d/e/2PACX-1vSm3hFo3WpdJQ86FaGIy-S151biJvr2J31-kbmYmO9kOwJ2sDjbz-v8ooNpsufCepZS0tCUavO5iUrI/pub?gid=1501135879&single=true&output=csv,True,OK,docs/alibra_data/tanker_trend_3yr/2026-09-02.csv
2026-09-03T17:30:20.868343+00:00,2026-09-02,dry_bulk_archive_atl,https://docs.google.com/spreadsheets/d/e/2PACX-1vSm3hFo3WpdJQ86FaGIy-S151biJvr2J31-kbmYmO9kOwJ2sDjbz-v8ooNpsufCepZS0tCUavO5iUrI/pub?gid=1609275035&single=true&output=csv,True,OK,docs/alibra_data/dry_bulk_archive_atl/2026-09-02.csv
2026-09-03T17:30:20.868343+00:00,2026-09-02,dry_bulk_archive_pac,https://docs.google.com/spreadsheets/d/e/2PACX-1vSm3hFo3WpdJQ86FaGIy-S151biJvr2J31-kbmYmO9kOwJ2sDjbz-v8ooNpsufCepZS0tCUavO5iUrI/pub?gid=1656242999&single=true&output=csv,True,OK,docs/alibra_data/dry_bulk_archive_pac/2026-09-02.csv
2026-09-03T19:07:08.623995+00:00,2026-09-02,last_updated_stamp,https://docs.google.com/spreadsheets/d/e/2PACX-1vQk6073LStJEfzv418WKYluN2zykXon3KL58hPVNnqoOPiZVhBVzBCi9QnnAETwm_QbMvltcNCuzTzH/pub?gid=92942855&single=true&output=csv,True,OK,docs/alibra_data/last_updated_stamp/2026-09-02.csv
2026-09-03T19:07:08.623995+00:00,2026-09-02,dry_bulk_tce_table,https://docs.google.com/spreadsheets/d/e/2PACX-1vQk6073LStJEfzv418WKYluN2zykXon3KL58hPVNnqoOPiZVhBVzBCi9QnnAETwm_QbMvltcNCuzTzH/pub?gid=1944138367&single=true&output=csv,True,OK,docs/alibra_data/dry_bulk_tce_table/2026-09-02.csv
2026-09-03T19:07:08.623995+00:00,2026-09-02,tanker_tce_table,https://docs.google.com/spreadsheets/d/e/2PACX-1vQk6073LStJEfzv418WKYluN2zykXon3KL58hPVNnqoOPiZVhBVzBCi9QnnAETwm_QbMvltcNCuzTzH/pub?gid=1458966001&single=true&output=csv,True,OK,docs/alibra_data/tanker_tce_table/2026-09-02.csv
2026-09-03T19:07:08.623995+00:00,2026-09-02,forward_curves,https://docs.google.com/spreadsheets/d/e/2PACX-1vQkGGniHOjjs_0booelgLP3pGwySZLvMLskYlJCxNLcq6uf9EaH50Wcpob87lH7xw/pub?gid=1196769730&single=true&output=csv,True,OK,docs/alibra_data/forward_curves/2026-09-02.csv
2026-09-03T19:07:08.623995+00:00,2026-09-02,dry_bulk_trend_atl,https://docs.google.com/spreadsheets/d/e/2PACX-1vSm3hFo3WpdJQ86FaGIy-S151biJvr2J31-kbmYmO9kOwJ2sDjbz-v8ooNpsufCepZS0tCUavO5iUrI/pub?gid=409746990&single=true&output=csv,True,OK,docs/alibra_data/dry_bulk_trend_atl/2026-09-02.csv
2026-09-03T19:07:08.623995+00:00,2026-09-02,dry_bulk_trend_pac,https://docs.google.com/spreadsheets/d/e/2PACX-1vSm3hFo3WpdJQ86FaGIy-S151biJvr2J31-kbmYmO9kOwJ2sDjbz-v8ooNpsufCepZS0tCUavO5iUrI/pub?gid=779118968&single=true&output=csv,True,OK,docs/alibra_data/dry_bulk_trend_pac/2026-09-02.csv
2026-09-03T19:07:08.623995+00:00,2026-09-02,tanker_trend_1yr,https://docs.google.com/spreadsheets/d/e/2PACX-1vSm3hFo3WpdJQ86FaGIy-S151biJvr2J31-kbmYmO9kOwJ2sDjbz-v8ooNpsufCepZS0tCUavO5iUrI/pub?gid=137918187&single=true&output=csv,True,OK,docs/alibra_data/tanker_trend_1yr/2026-09-02.csv
2026-09-03T19:07:08.623995+00:00,2026-09-02,tanker_trend_3yr,https://docs.google.com/spreadsheets/d/e/2PACX-1vSm3hFo3WpdJQ86FaGIy-S151biJvr2J31-kbmYmO9kOwJ2sDjbz-v8ooNpsufCepZS0tCUavO5iUrI/pub?gid=1501135879&single=true&output=csv,True,OK,docs/alibra_data/tanker_trend_3yr/2026-09-02.csv
2026-09-03T19:07:08.623995+00:00,2026-09-02,dry_bulk_archive_atl,https://docs.google.com/spreadsheets/d/e/2PACX-1vSm3hFo3WpdJQ86FaGIy-S151biJvr2J31-kbmYmO9kOwJ2sDjbz-v8ooNpsufCepZS0tCUavO5iUrI/pub?gid=1609275035&single=true&output=csv,True,OK,docs/alibra_data/dry_bulk_archive_atl/2026-09-02.csv
2026-09-03T19:07:08.623995+00:00,2026-09-02,dry_bulk_archive_pac,https://docs.google.com/spreadsheets/d/e/2PACX-1vSm3hFo3WpdJQ86FaGIy-S151biJvr2J31-kbmYmO9kOwJ2sDjbz-v8ooNpsufCepZS0tCUavO5iUrI/pub?gid=1656242999&single=true&output=csv,True,OK,docs/alibra_data/dry_bulk_archive_pac/2026-09-02.csv
2026-09-03T21:37:07.778255+00:00,2026-09-02,last_updated_stamp,https://docs.google.com/spreadsheets/d/e/2PACX-1vQk6073LStJEfzv418WKYluN2zykXon3KL58hPVNnqoOPiZVhBVzBCi9QnnAETwm_QbMvltcNCuzTzH/pub?gid=92942855&single=true&output=csv,True,OK,docs/alibra_data/last_updated_stamp/2026-09-02.csv
2026-09-03T21:37:07.778255+00:00,2026-09-02,dry_bulk_tce_table,https://docs.google.com/spreadsheets/d/e/2PACX-1vQk6073LStJEfzv418WKYluN2zykXon3KL58hPVNnqoOPiZVhBVzBCi9QnnAETwm_QbMvltcNCuzTzH/pub?gid=1944138367&single=true&output=csv,True,OK,docs/alibra_data/dry_bulk_tce_table/2026-09-02.csv
2026-09-03T21:37:07.778255+00:00,2026-09-02,tanker_tce_table,https://docs.google.com/spreadsheets/d/e/2PACX-1vQk6073LStJEfzv418WKYluN2zykXon3KL58hPVNnqoOPiZVhBVzBCi9QnnAETwm_QbMvltcNCuzTzH/pub?gid=1458966001&single=true&output=csv,True,OK,docs/alibra_data/tanker_tce_table/2026-09-02.csv
2026-09-03T21:37:07.778255+00:00,2026-09-02,forward_curves,https://docs.google.com/spreadsheets/d/e/2PACX-1vQkGGniHOjjs_0booelgLP3pGwySZLvMLskYlJCxNLcq6uf9EaH50Wcpob87lH7xw/pub?gid=1196769730&single=true&output=csv,True,OK,docs/alibra_data/forward_curves/2026-09-02.csv
2026-09-03T21:37:07.778255+00:00,2026-09-02,dry_bulk_trend_atl,https://docs.google.com/spreadsheets/d/e/2PACX-1vSm3hFo3WpdJQ86FaGIy-S151biJvr2J31-kbmYmO9kOwJ2sDjbz-v8ooNpsufCepZS0tCUavO5iUrI/pub?gid=409746990&single=true&output=csv,True,OK,docs/alibra_data/dry_bulk_trend_atl/2026-09-02.csv
2026-09-03T21:37:07.778255+00:00,2026-09-02,dry_bulk_trend_pac,https://docs.google.com/spreadsheets/d/e/2PACX-1vSm3hFo3WpdJQ86FaGIy-S151biJvr2J31-kbmYmO9kOwJ2sDjbz-v8ooNpsufCepZS0tCUavO5iUrI/pub?gid=779118968&single=true&output=csv,True,OK,docs/alibra_data/dry_bulk_trend_pac/2026-09-02.csv
2026-09-03T21:37:07.778255+00:00,2026-09-02,tanker_trend_1yr,https://docs.google.com/spreadsheets/d/e/2PACX-1vSm3hFo3WpdJQ86FaGIy-S151biJvr2J31-kbmYmO9kOwJ2sDjbz-v8ooNpsufCepZS0tCUavO5iUrI/pub?gid=137918187&single=true&output=csv,True,OK,docs/alibra_data/tanker_trend_1yr/2026-09-02.csv
2026-09-03T21:37:07.778255+00:00,2026-09-02,tanker_trend_3yr,https://docs.google.com/spreadsheets/d/e/2PACX-1vSm3hFo3WpdJQ86FaGIy-S151biJvr2J31-kbmYmO9kOwJ2sDjbz-v8ooNpsufCepZS0tCUavO5iUrI/pub?gid=1501135879&single=true&output=csv,True,OK,docs/alibra_data/tanker_trend_3yr/2026-09-02.csv
2026-09-03T21:37:07.778255+00:00,2026-09-02,dry_bulk_archive_atl,https://docs.google.com/spreadsheets/d/e/2PACX-1vSm3hFo3WpdJQ86FaGIy-S151biJvr2J31-kbmYmO9kOwJ2sDjbz-v8ooNpsufCepZS0tCUavO5iUrI/pub?gid=1609275035&single=true&output=csv,True,OK,docs/alibra_data/dry_bulk_archive_atl/2026-09-02.csv
2026-09-03T21:37:07.778255+00:00,2026-09-02,dry_bulk_archive_pac,https://docs.google.com/spreadsheets/d/e/2PACX-1vSm3hFo3WpdJQ86FaGIy-S151biJvr2J31-kbmYmO9kOwJ2sDjbz-v8ooNpsufCepZS0tCUavO5iUrI/pub?gid=1656242999&single=true&output=csv,True,OK,docs/alibra_data/dry_bulk_archive_pac/2026-09-02.csv
2026-09-03T23:48:23.276868+00:00,2026-09-02,last_updated_stamp,https://docs.google.com/spreadsheets/d/e/2PACX-1vQk6073LStJEfzv418WKYluN2zykXon3KL58hPVNnqoOPiZVhBVzBCi9QnnAETwm_QbMvltcNCuzTzH/pub?gid=92942855&single=true&output=csv,True,OK,docs/alibra_data/last_updated_stamp/2026-09-02.csv
2026-09-03T23:48:23.276868+00:00,2026-09-02,dry_bulk_tce_table,https://docs.google.com/spreadsheets/d/e/2PACX-1vQk6073LStJEfzv418WKYluN2zykXon3KL58hPVNnqoOPiZVhBVzBCi9QnnAETwm_QbMvltcNCuzTzH/pub?gid=1944138367&single=true&output=csv,True,OK,docs/alibra_data/dry_bulk_tce_table/2026-09-02.csv
2026-09-03T23:48:23.276868+00:00,2026-09-02,tanker_tce_table,https://docs.google.com/spreadsheets/d/e/2PACX-1vQk6073LStJEfzv418WKYluN2zykXon3KL58hPVNnqoOPiZVhBVzBCi9QnnAETwm_QbMvltcNCuzTzH/pub?gid=1458966001&single=true&output=csv,True,OK,docs/alibra_data/tanker_tce_table/2026-09-02.csv
2026-09-03T23:48:23.276868+00:00,2026-09-02,forward_curves,https://docs.google.com/spreadsheets/d/e/2PACX-1vQkGGniHOjjs_0booelgLP3pGwySZLvMLskYlJCxNLcq6uf9EaH50Wcpob87lH7xw/pub?gid=1196769730&single=true&output=csv,True,OK,docs/alibra_data/forward_curves/2026-09-02.csv
2026-09-03T23:48:23.276868+00:00,2026-09-02,dry_bulk_trend_atl,https://docs.google.com/spreadsheets/d/e/2PACX-1vSm3hFo3WpdJQ86FaGIy-S151biJvr2J31-kbmYmO9kOwJ2sDjbz-v8ooNpsufCepZS0tCUavO5iUrI/pub?gid=409746990&single=true&output=csv,True,OK,docs/alibra_data/dry_bulk_trend_atl/2026-09-02.csv
2026-09-03T23:48:23.276868+00:00,2026-09-02,dry_bulk_trend_pac,https://docs.google.com/spreadsheets/d/e/2PACX-1vSm3hFo3WpdJQ86FaGIy-S151biJvr2J31-kbmYmO9kOwJ2sDjbz-v8ooNpsufCepZS0tCUavO5iUrI/pub?gid=779118968&single=true&output=csv,True,OK,docs/alibra_data/dry_bulk_trend_pac/2026-09-02.csv
2026-09-03T23:48:23.276868+00:00,2026-09-02,tanker_trend_1yr,https://docs.google.com/spreadsheets/d/e/2PACX-1vSm3hFo3WpdJQ86FaGIy-S151biJvr2J31-kbmYmO9kOwJ2sDjbz-v8ooNpsufCepZS0tCUavO5iUrI/pub?gid=137918187&single=true&output=csv,True,OK,docs/alibra_data/tanker_trend_1yr/2026-09-02.csv
2026-09-03T23:48:23.276868+00:00,2026-09-02,tanker_trend_3yr,https://docs.google.com/spreadsheets/d/e/2PACX-1vSm3hFo3WpdJQ86FaGIy-S151biJvr2J31-kbmYmO9kOwJ2sDjbz-v8ooNpsufCepZS0tCUavO5iUrI/pub?gid=1501135879&single=true&output=csv,True,OK,docs/alibra_data/tanker_trend_3yr/2026-09-02.csv
2026-09-03T23:48:23.276868+00:00,2026-09-02,dry_bulk_archive_atl,https://docs.google.com/spreadsheets/d/e/2PACX-1vSm3hFo3WpdJQ86FaGIy-S151biJvr2J31-kbmYmO9kOwJ2sDjbz-v8ooNpsufCepZS0tCUavO5iUrI/pub?gid=1609275035&single=true&output=csv,True,OK,docs/alibra_data/dry_bulk_archive_atl/2026-09-02.csv
2026-09-03T23:48:23.276868+00:00,2026-09-02,dry_bulk_archive_pac,https://docs.google.com/spreadsheets/d/e/2PACX-1vSm3hFo3WpdJQ86FaGIy-S151biJvr2J31-kbmYmO9kOwJ2sDjbz-v8ooNpsufCepZS0tCUavO5iUrI/pub?gid=1656242999&single=true&output=csv,True,OK,docs/alibra_data/dry_bulk_archive_pac/2026-09-02.csv
2026-09-04T11:59:52.069144+00:00,2026-09-02,last_updated_stamp,https://docs.google.com/spreadsheets/d/e/2PACX-1vQk6073LStJEfzv418WKYluN2zykXon3KL58hPVNnqoOPiZVhBVzBCi9QnnAETwm_QbMvltcNCuzTzH/pub?gid=92942855&single=true&output=csv,True,OK,docs/alibra_data/last_updated_stamp/2026-09-02.csv
2026-09-04T11:59:52.069144+00:00,2026-09-02,dry_bulk_tce_table,https://docs.google.com/spreadsheets/d/e/2PACX-1vQk6073LStJEfzv418WKYluN2zykXon3KL58hPVNnqoOPiZVhBVzBCi9QnnAETwm_QbMvltcNCuzTzH/pub?gid=1944138367&single=true&output=csv,True,OK,docs/alibra_data/dry_bulk_tce_table/2026-09-02.csv
2026-09-04T11:59:52.069144+00:00,2026-09-02,tanker_tce_table,https://docs.google.com/spreadsheets/d/e/2PACX-1vQk6073LStJEfzv418WKYluN2zykXon3KL58hPVNnqoOPiZVhBVzBCi9QnnAETwm_QbMvltcNCuzTzH/pub?gid=1458966001&single=true&output=csv,True,OK,docs/alibra_data/tanker_tce_table/2026-09-02.csv
2026-09-04T11:59:52.069144+00:00,2026-09-02,forward_curves,https://docs.google.com/spreadsheets/d/e/2PACX-1vQkGGniHOjjs_0booelgLP3pGwySZLvMLskYlJCxNLcq6uf9EaH50Wcpob87lH7xw/pub?gid=1196769730&single=true&output=csv,True,OK,docs/alibra_data/forward_curves/2026-09-02.csv
2026-09-04T11:59:52.069144+00:00,2026-09-02,dry_bulk_trend_atl,https://docs.google.com/spreadsheets/d/e/2PACX-1vSm3hFo3WpdJQ86FaGIy-S151biJvr2J31-kbmYmO9kOwJ2sDjbz-v8ooNpsufCepZS0tCUavO5iUrI/pub?gid=409746990&single=true&output=csv,True,OK,docs/alibra_data/dry_bulk_trend_atl/2026-09-02.csv
2026-09-04T11:59:52.069144+00:00,2026-09-02,dry_bulk_trend_pac,https://docs.google.com/spreadsheets/d/e/2PACX-1vSm3hFo3WpdJQ86FaGIy-S151biJvr2J31-kbmYmO9kOwJ2sDjbz-v8ooNpsufCepZS0tCUavO5iUrI/pub?gid=779118968&single=true&output=csv,True,OK,docs/alibra_data/dry_bulk_trend_pac/2026-09-02.csv
2026-09-04T11:59:52.069144+00:00,2026-09-02,tanker_trend_1yr,https://docs.google.com/spreadsheets/d/e/2PACX-1vSm3hFo3WpdJQ86FaGIy-S151biJvr2J31-kbmYmO9kOwJ2sDjbz-v8ooNpsufCepZS0tCUavO5iUrI/pub?gid=137918187&single=true&output=csv,True,OK,docs/alibra_data/tanker_trend_1yr/2026-09-02.csv
2026-09-04T11:59:52.069144+00:00,2026-09-02,tanker_trend_3yr,https://docs.google.com/spreadsheets/d/e/2PACX-1vSm3hFo3WpdJQ86FaGIy-S151biJvr2J31-kbmYmO9kOwJ2sDjbz-v8ooNpsufCepZS0tCUavO5iUrI/pub?gid=1501135879&single=true&output=csv,True,OK,docs/alibra_data/tanker_trend_3yr/2026-09-02.csv
2026-09-04T11:59:52.069144+00:00,2026-09-02,dry_bulk_archive_atl,https://docs.google.com/spreadsheets/d/e/2PACX-1vSm3hFo3WpdJQ86FaGIy-S151biJvr2J31-kbmYmO9kOwJ2sDjbz-v8ooNpsufCepZS0tCUavO5iUrI/pub?gid=1609275035&single=true&output=csv,True,OK,docs/alibra_data/dry_bulk_archive_atl/2026-09-02.csv
2026-09-04T11:59:52.069144+00:00,2026-09-02,dry_bulk_archive_pac,https://docs.google.com/spreadsheets/d/e/2PACX-1vSm3hFo3WpdJQ86FaGIy-S151biJvr2J31-kbmYmO9kOwJ2sDjbz-v8ooNpsufCepZS0tCUavO5iUrI/pub?gid=1656242999&single=true&output=csv,True,OK,docs/alibra_data/dry_bulk_archive_pac/2026-09-02.csv
2026-09-04T14:34:23.169662+00:00,2026-09-02,last_updated_stamp,https://docs.google.com/spreadsheets/d/e/2PACX-1vQk6073LStJEfzv418WKYluN2zykXon3KL58hPVNnqoOPiZVhBVzBCi9QnnAETwm_QbMvltcNCuzTzH/pub?gid=92942855&single=true&output=csv,True,OK,docs/alibra_data/last_updated_stamp/2026-09-02.csv
2026-09-04T14:34:23.169662+00:00,2026-09-02,dry_bulk_tce_table,https://docs.google.com/spreadsheets/d/e/2PACX-1vQk6073LStJEfzv418WKYluN2zykXon3KL58hPVNnqoOPiZVhBVzBCi9QnnAETwm_QbMvltcNCuzTzH/pub?gid=1944138367&single=true&output=csv,True,OK,docs/alibra_data/dry_bulk_tce_table/2026-09-02.csv
2026-09-04T14:34:23.169662+00:00,2026-09-02,tanker_tce_table,https://docs.google.com/spreadsheets/d/e/2PACX-1vQk6073LStJEfzv418WKYluN2zykXon3KL58hPVNnqoOPiZVhBVzBCi9QnnAETwm_QbMvltcNCuzTzH/pub?gid=1458966001&single=true&output=csv,True,OK,docs/alibra_data/tanker_tce_table/2026-09-02.csv
2026-09-04T14:34:23.169662+00:00,2026-09-02,forward_curves,https://docs.google.com/spreadsheets/d/e/2PACX-1vQkGGniHOjjs_0booelgLP3pGwySZLvMLskYlJCxNLcq6uf9EaH50Wcpob87lH7xw/pub?gid=1196769730&single=true&output=csv,True,OK,docs/alibra_data/forward_curves/2026-09-02.csv
2026-09-04T14:34:23.169662+00:00,2026-09-02,dry_bulk_trend_atl,https://docs.google.com/spreadsheets/d/e/2PACX-1vSm3hFo3WpdJQ86FaGIy-S151biJvr2J31-kbmYmO9kOwJ2sDjbz-v8ooNpsufCepZS0tCUavO5iUrI/pub?gid=409746990&single=true&output=csv,True,OK,docs/alibra_data/dry_bulk_trend_atl/2026-09-02.csv
2026-09-04T14:34:23.169662+00:00,2026-09-02,dry_bulk_trend_pac,https://docs.google.com/spreadsheets/d/e/2PACX-1vSm3hFo3WpdJQ86FaGIy-S151biJvr2J31-kbmYmO9kOwJ2sDjbz-v8ooNpsufCepZS0tCUavO5iUrI/pub?gid=779118968&single=true&output=csv,True,OK,docs/alibra_data/dry_bulk_trend_pac/2026-09-02.csv
2026-09-04T14:34:23.169662+00:00,2026-09-02,tanker_trend_1yr,https://docs.google.com/spreadsheets/d/e/2PACX-1vSm3hFo3WpdJQ86FaGIy-S151biJvr2J31-kbmYmO9kOwJ2sDjbz-v8ooNpsufCepZS0tCUavO5iUrI/pub?gid=137918187&single=true&output=csv,True,OK,docs/alibra_data/tanker_trend_1yr/2026-09-02.csv
2026-09-04T14:34:23.169662+00:00,2026-09-02,tanker_trend_3yr,https://docs.google.com/spreadsheets/d/e/2PACX-1vSm3hFo3WpdJQ86FaGIy-S151biJvr2J31-kbmYmO9kOwJ2sDjbz-v8ooNpsufCepZS0tCUavO5iUrI/pub?gid=1501135879&single=true&output=csv,True,OK,docs/alibra_data/tanker_trend_3yr/2026-09-02.csv
2026-09-04T14:34:23.169662+00:00,2026-09-02,dry_bulk_archive_atl,https://docs.google.com/spreadsheets/d/e/2PACX-1vSm3hFo3WpdJQ86FaGIy-S151biJvr2J31-kbmYmO9kOwJ2sDjbz-v8ooNpsufCepZS0tCUavO5iUrI/pub?gid=1609275035&single=true&output=csv,True,OK,docs/alibra_data/dry_bulk_archive_atl/2026-09-02.csv
2026-09-04T14:34:23.169662+00:00,2026-09-02,dry_bulk_archive_pac,https://docs.google.com/spreadsheets/d/e/2PACX-1vSm3hFo3WpdJQ86FaGIy-S151biJvr2J31-kbmYmO9kOwJ2sDjbz-v8ooNpsufCepZS0tCUavO5iUrI/pub?gid=1656242999&single=true&output=csv,True,OK,docs/alibra_data/dry_bulk_archive_pac/2026-09-02.csv
2026-09-04T17:23:24.498035+00:00,2026-09-02,last_updated_stamp,https://docs.google.com/spreadsheets/d/e/2PACX-1vQk6073LStJEfzv418WKYluN2zykXon3KL58hPVNnqoOPiZVhBVzBCi9QnnAETwm_QbMvltcNCuzTzH/pub?gid=92942855&single=true&output=csv,True,OK,docs/alibra_data/last_updated_stamp/2026-09-02.csv
2026-09-04T17:23:24.498035+00:00,2026-09-02,dry_bulk_tce_table,https://docs.google.com/spreadsheets/d/e/2PACX-1vQk6073LStJEfzv418WKYluN2zykXon3KL58hPVNnqoOPiZVhBVzBCi9QnnAETwm_QbMvltcNCuzTzH/pub?gid=1944138367&single=true&output=csv,True,OK,docs/alibra_data/dry_bulk_tce_table/2026-09-02.csv
2026-09-04T17:23:24.498035+00:00,2026-09-02,tanker_tce_table,https://docs.google.com/spreadsheets/d/e/2PACX-1vQk6073LStJEfzv418WKYluN2zykXon3KL58hPVNnqoOPiZVhBVzBCi9QnnAETwm_QbMvltcNCuzTzH/pub?gid=1458966001&single=true&output=csv,True,OK,docs/alibra_data/tanker_tce_table/2026-09-02.csv
2026-09-04T17:23:24.498035+00:00,2026-09-02,forward_curves,https://docs.google.com/spreadsheets/d/e/2PACX-1vQkGGniHOjjs_0booelgLP3pGwySZLvMLskYlJCxNLcq6uf9EaH50Wcpob87lH7xw/pub?gid=1196769730&single=true&output=csv,True,OK,docs/alibra_data/forward_curves/2026-09-02.csv
2026-09-04T17:23:24.498035+00:00,2026-09-02,dry_bulk_trend_atl,https://docs.google.com/spreadsheets/d/e/2PACX-1vSm3hFo3WpdJQ86FaGIy-S151biJvr2J31-kbmYmO9kOwJ2sDjbz-v8ooNpsufCepZS0tCUavO5iUrI/pub?gid=409746990&single=true&output=csv,True,OK,docs/alibra_data/dry_bulk_trend_atl/2026-09-02.csv
2026-09-04T17:23:24.498035+00:00,2026-09-02,dry_bulk_trend_pac,https://docs.google.com/spreadsheets/d/e/2PACX-1vSm3hFo3WpdJQ86FaGIy-S151biJvr2J31-kbmYmO9kOwJ2sDjbz-v8ooNpsufCepZS0tCUavO5iUrI/pub?gid=779118968&single=true&output=csv,True,OK,docs/alibra_data/dry_bulk_trend_pac/2026-09-02.csv
2026-09-04T17:23:24.498035+00:00,2026-09-02,tanker_trend_1yr,https://docs.google.com/spreadsheets/d/e/2PACX-1vSm3hFo3WpdJQ86FaGIy-S151biJvr2J31-kbmYmO9kOwJ2sDjbz-v8ooNpsufCepZS0tCUavO5iUrI/pub?gid=137918187&single=true&output=csv,True,OK,docs/alibra_data/tanker_trend_1yr/2026-09-02.csv
2026-09-04T17:23:24.498035+00:00,2026-09-02,tanker_trend_3yr,https://docs.google.com/spreadsheets/d/e/2PACX-1vSm3hFo3WpdJQ86FaGIy-S151biJvr2J31-kbmYmO9kOwJ2sDjbz-v8ooNpsufCepZS0tCUavO5iUrI/pub?gid=1501135879&single=true&output=csv,True,OK,docs/alibra_data/tanker_trend_3yr/2026-09-02.csv
2026-09-04T17:23:24.498035+00:00,2026-09-02,dry_bulk_archive_atl,https://docs.google.com/spreadsheets/d/e/2PACX-1vSm3hFo3WpdJQ86FaGIy-S151biJvr2J31-kbmYmO9kOwJ2sDjbz-v8ooNpsufCepZS0tCUavO5iUrI/pub?gid=1609275035&single=true&output=csv,True,OK,docs/alibra_data/dry_bulk_archive_atl/2026-09-02.csv
2026-09-04T17:23:24.498035+00:00,2026-09-02,dry_bulk_archive_pac,https://docs.google.com/spreadsheets/d/e/2PACX-1vSm3hFo3WpdJQ86FaGIy-S151biJvr2J31-kbmYmO9kOwJ2sDjbz-v8ooNpsufCepZS0tCUavO5iUrI/pub?gid=1656242999&single=true&output=csv,True,OK,docs/alibra_data/dry_bulk_archive_pac/2026-09-02.csv
2026-09-04T18:50:02.673111+00:00,2026-09-02,last_updated_stamp,https://docs.google.com/spreadsheets/d/e/2PACX-1vQk6073LStJEfzv418WKYluN2zykXon3KL58hPVNnqoOPiZVhBVzBCi9QnnAETwm_QbMvltcNCuzTzH/pub?gid=92942855&single=true&output=csv,True,OK,docs/alibra_data/last_updated_stamp/2026-09-02.csv
2026-09-04T18:50:02.673111+00:00,2026-09-02,dry_bulk_tce_table,https://docs.google.com/spreadsheets/d/e/2PACX-1vQk6073LStJEfzv418WKYluN2zykXon3KL58hPVNnqoOPiZVhBVzBCi9QnnAETwm_QbMvltcNCuzTzH/pub?gid=1944138367&single=true&output=csv,True,OK,docs/alibra_data/dry_bulk_tce_table/2026-09-02.csv
2026-09-04T18:50:02.673111+00:00,2026-09-02,tanker_tce_table,https://docs.google.com/spreadsheets/d/e/2PACX-1vQk6073LStJEfzv418WKYluN2zykXon3KL58hPVNnqoOPiZVhBVzBCi9QnnAETwm_QbMvltcNCuzTzH/pub?gid=1458966001&single=true&output=csv,True,OK,docs/alibra_data/tanker_tce_table/2026-09-02.csv
2026-09-04T18:50:02.673111+00:00,2026-09-02,forward_curves,https://docs.google.com/spreadsheets/d/e/2PACX-1vQkGGniHOjjs_0booelgLP3pGwySZLvMLskYlJCxNLcq6uf9EaH50Wcpob87lH7xw/pub?gid=1196769730&single=true&output=csv,True,OK,docs/alibra_data/forward_curves/2026-09-02.csv
2026-09-04T18:50:02.673111+00:00,2026-09-02,dry_bulk_trend_atl,https://docs.google.com/spreadsheets/d/e/2PACX-1vSm3hFo3WpdJQ86FaGIy-S151biJvr2J31-kbmYmO9kOwJ2sDjbz-v8ooNpsufCepZS0tCUavO5iUrI/pub?gid=409746990&single=true&output=csv,True,OK,docs/alibra_data/dry_bulk_trend_atl/2026-09-02.csv
2026-09-04T18:50:02.673111+00:00,2026-09-02,dry_bulk_trend_pac,https://docs.google.com/spreadsheets/d/e/2PACX-1vSm3hFo3WpdJQ86FaGIy-S151biJvr2J31-kbmYmO9kOwJ2sDjbz-v8ooNpsufCepZS0tCUavO5iUrI/pub?gid=779118968&single=true&output=csv,True,OK,docs/alibra_data/dry_bulk_trend_pac/2026-09-02.csv
2026-09-04T18:50:02.673111+00:00,2026-09-02,tanker_trend_1yr,https://docs.google.com/spreadsheets/d/e/2PACX-1vSm3hFo3WpdJQ86FaGIy-S151biJvr2J31-kbmYmO9kOwJ2sDjbz-v8ooNpsufCepZS0tCUavO5iUrI/pub?gid=137918187&single=true&output=csv,True,OK,docs/alibra_data/tanker_trend_1yr/2026-09-02.csv
2026-09-04T18:50:02.673111+00:00,2026-09-02,tanker_trend_3yr,https://docs.google.com/spreadsheets/d/e/2PACX-1vSm3hFo3WpdJQ86FaGIy-S151biJvr2J31-kbmYmO9kOwJ2sDjbz-v8ooNpsufCepZS0tCUavO5iUrI/pub?gid=1501135879&single=true&output=csv,True,OK,docs/alibra_data/tanker_trend_3yr/2026-09-02.csv
2026-09-04T18:50:02.673111+00:00,2026-09-02,dry_bulk_archive_atl,https://docs.google.com/spreadsheets/d/e/2PACX-1vSm3hFo3WpdJQ86FaGIy-S151biJvr2J31-kbmYmO9kOwJ2sDjbz-v8ooNpsufCepZS0tCUavO5iUrI/pub?gid=1609275035&single=true&output=csv,True,OK,docs/alibra_data/dry_bulk_archive_atl/2026-09-02.csv
2026-09-04T18:50:02.673111+00:00,2026-09-02,dry_bulk_archive_pac,https://docs.google.com/spreadsheets/d/e/2PACX-1vSm3hFo3WpdJQ86FaGIy-S151biJvr2J31-kbmYmO9kOwJ2sDjbz-v8ooNpsufCepZS0tCUavO5iUrI/pub?gid=1656242999&single=true&output=csv,True,OK,docs/alibra_data/dry_bulk_archive_pac/2026-09-02.csv
2026-09-04T21:15:06.546209+00:00,2026-09-02,last_updated_stamp,https://docs.google.com/spreadsheets/d/e/2PACX-1vQk6073LStJEfzv418WKYluN2zykXon3KL58hPVNnqoOPiZVhBVzBCi9QnnAETwm_QbMvltcNCuzTzH/pub?gid=92942855&single=true&output=csv,True,OK,docs/alibra_data/last_updated_stamp/2026-09-02.csv
2026-09-04T21:15:06.546209+00:00,2026-09-02,dry_bulk_tce_table,https://docs.google.com/spreadsheets/d/e/2PACX-1vQk6073LStJEfzv418WKYluN2zykXon3KL58hPVNnqoOPiZVhBVzBCi9QnnAETwm_QbMvltcNCuzTzH/pub?gid=1944138367&single=true&output=csv,True,OK,docs/alibra_data/dry_bulk_tce_table/2026-09-02.csv
2026-09-04T21:15:06.546209+00:00,2026-09-02,tanker_tce_table,https://docs.google.com/spreadsheets/d/e/2PACX-1vQk6073LStJEfzv418WKYluN2zykXon3KL58hPVNnqoOPiZVhBVzBCi9QnnAETwm_QbMvltcNCuzTzH/pub?gid=1458966001&single=true&output=csv,True,OK,docs/alibra_data/tanker_tce_table/2026-09-02.csv
2026-09-04T21:15:06.546209+00:00,2026-09-02,forward_curves,https://docs.google.com/spreadsheets/d/e/2PACX-1vQkGGniHOjjs_0booelgLP3pGwySZLvMLskYlJCxNLcq6uf9EaH50Wcpob87lH7xw/pub?gid=1196769730&single=true&output=csv,True,OK,docs/alibra_data/forward_curves/2026-09-02.csv
2026-09-04T21:15:06.546209+00:00,2026-09-02,dry_bulk_trend_atl,https://docs.google.com/spreadsheets/d/e/2PACX-1vSm3hFo3WpdJQ86FaGIy-S151biJvr2J31-kbmYmO9kOwJ2sDjbz-v8ooNpsufCepZS0tCUavO5iUrI/pub?gid=409746990&single=true&output=csv,True,OK,docs/alibra_data/dry_bulk_trend_atl/2026-09-02.csv
2026-09-04T21:15:06.546209+00:00,2026-09-02,dry_bulk_trend_pac,https://docs.google.com/spreadsheets/d/e/2PACX-1vSm3hFo3WpdJQ86FaGIy-S151biJvr2J31-kbmYmO9kOwJ2sDjbz-v8ooNpsufCepZS0tCUavO5iUrI/pub?gid=779118968&single=true&output=csv,True,OK,docs/alibra_data/dry_bulk_trend_pac/2026-09-02.csv
2026-09-04T21:15:06.546209+00:00,2026-09-02,tanker_trend_1yr,https://docs.google.com/spreadsheets/d/e/2PACX-1vSm3hFo3WpdJQ86FaGIy-S151biJvr2J31-kbmYmO9kOwJ2sDjbz-v8ooNpsufCepZS0tCUavO5iUrI/pub?gid=137918187&single=true&output=csv,True,OK,docs/alibra_data/tanker_trend_1yr/2026-09-02.csv
2026-09-04T21:15:06.546209+00:00,2026-09-02,tanker_trend_3yr,https://docs.google.com/spreadsheets/d/e/2PACX-1vSm3hFo3WpdJQ86FaGIy-S151biJvr2J31-kbmYmO9kOwJ2sDjbz-v8ooNpsufCepZS0tCUavO5iUrI/pub?gid=1501135879&single=true&output=csv,True,OK,docs/alibra_data/tanker_trend_3yr/2026-09-02.csv
2026-09-04T21:15:06.546209+00:00,2026-09-02,dry_bulk_archive_atl,https://docs.google.com/spreadsheets/d/e/2PACX-1vSm3hFo3WpdJQ86FaGIy-S151biJvr2J31-kbmYmO9kOwJ2sDjbz-v8ooNpsufCepZS0tCUavO5iUrI/pub?gid=1609275035&single=true&output=csv,True,OK,docs/alibra_data/dry_bulk_archive_atl/2026-09-02.csv
2026-09-04T21:15:06.546209+00:00,2026-09-02,dry_bulk_archive_pac,https://docs.google.com/spreadsheets/d/e/2PACX-1vSm3hFo3WpdJQ86FaGIy-S151biJvr2J31-kbmYmO9kOwJ2sDjbz-v8ooNpsufCepZS0tCUavO5iUrI/pub?gid=1656242999&single=true&output=csv,True,OK,docs/alibra_data/dry_bulk_archive_pac/2026-09-02.csv
2026-09-04T23:41:19.119344+00:00,2026-09-02,last_updated_stamp,https://docs.google.com/spreadsheets/d/e/2PACX-1vQk6073LStJEfzv418WKYluN2zykXon3KL58hPVNnqoOPiZVhBVzBCi9QnnAETwm_QbMvltcNCuzTzH/pub?gid=92942855&single=true&output=csv,True,OK,docs/alibra_data/last_updated_stamp/2026-09-02.csv
2026-09-04T23:41:19.119344+00:00,2026-09-02,dry_bulk_tce_table,https://docs.google.com/spreadsheets/d/e/2PACX-1vQk6073LStJEfzv418WKYluN2zykXon3KL58hPVNnqoOPiZVhBVzBCi9QnnAETwm_QbMvltcNCuzTzH/pub?gid=1944138367&single=true&output=csv,True,OK,docs/alibra_data/dry_bulk_tce_table/2026-09-02.csv
2026-09-04T23:41:19.119344+00:00,2026-09-02,tanker_tce_table,https://docs.google.com/spreadsheets/d/e/2PACX-1vQk6073LStJEfzv418WKYluN2zykXon3KL58hPVNnqoOPiZVhBVzBCi9QnnAETwm_QbMvltcNCuzTzH/pub?gid=1458966001&single=true&output=csv,True,OK,docs/alibra_data/tanker_tce_table/2026-09-02.csv
2026-09-04T23:41:19.119344+00:00,2026-09-02,forward_curves,https://docs.google.com/spreadsheets/d/e/2PACX-1vQkGGniHOjjs_0booelgLP3pGwySZLvMLskYlJCxNLcq6uf9EaH50Wcpob87lH7xw/pub?gid=1196769730&single=true&output=csv,True,OK,docs/alibra_data/forward_curves/2026-09-02.csv
2026-09-04T23:41:19.119344+00:00,2026-09-02,dry_bulk_trend_atl,https://docs.google.com/spreadsheets/d/e/2PACX-1vSm3hFo3WpdJQ86FaGIy-S151biJvr2J31-kbmYmO9kOwJ2sDjbz-v8ooNpsufCepZS0tCUavO5iUrI/pub?gid=409746990&single=true&output=csv,True,OK,docs/alibra_data/dry_bulk_trend_atl/2026-09-02.csv
2026-09-04T23:41:19.119344+00:00,2026-09-02,dry_bulk_trend_pac,https://docs.google.com/spreadsheets/d/e/2PACX-1vSm3hFo3WpdJQ86FaGIy-S151biJvr2J31-kbmYmO9kOwJ2sDjbz-v8ooNpsufCepZS0tCUavO5iUrI/pub?gid=779118968&single=true&output=csv,True,OK,docs/alibra_data/dry_bulk_trend_pac/2026-09-02.csv
2026-09-04T23:41:19.119344+00:00,2026-09-02,tanker_trend_1yr,https://docs.google.com/spreadsheets/d/e/2PACX-1vSm3hFo3WpdJQ86FaGIy-S151biJvr2J31-kbmYmO9kOwJ2sDjbz-v8ooNpsufCepZS0tCUavO5iUrI/pub?gid=137918187&single=true&output=csv,True,OK,docs/alibra_data/tanker_trend_1yr/2026-09-02.csv
2026-09-04T23:41:19.119344+00:00,2026-09-02,tanker_trend_3yr,https://docs.google.com/spreadsheets/d/e/2PACX-1vSm3hFo3WpdJQ86FaGIy-S151biJvr2J31-kbmYmO9kOwJ2sDjbz-v8ooNpsufCepZS0tCUavO5iUrI/pub?gid=1501135879&single=true&output=csv,True,OK,docs/alibra_data/tanker_trend_3yr/2026-09-02.csv
2026-09-04T23:41:19.119344+00:00,2026-09-02,dry_bulk_archive_atl,https://docs.google.com/spreadsheets/d/e/2PACX-1vSm3hFo3WpdJQ86FaGIy-S151biJvr2J31-kbmYmO9kOwJ2sDjbz-v8ooNpsufCepZS0tCUavO5iUrI/pub?gid=1609275035&single=true&output=csv,True,OK,docs/alibra_data/dry_bulk_archive_atl/2026-09-02.csv
2026-09-04T23:41:19.119344+00:00,2026-09-02,dry_bulk_archive_pac,https://docs.google.com/spreadsheets/d/e/2PACX-1vSm3hFo3WpdJQ86FaGIy-S151biJvr2J31-kbmYmO9kOwJ2sDjbz-v8ooNpsufCepZS0tCUavO5iUrI/pub?gid=1656242999&single=true&output=csv,True,OK,docs/alibra_data/dry_bulk_archive_pac/2026-09-02.csv
2026-09-05T11:08:57.075917+00:00,2026-09-02,last_updated_stamp,https://docs.google.com/spreadsheets/d/e/2PACX-1vQk6073LStJEfzv418WKYluN2zykXon3KL58hPVNnqoOPiZVhBVzBCi9QnnAETwm_QbMvltcNCuzTzH/pub?gid=92942855&single=true&output=csv,True,OK,docs/alibra_data/last_updated_stamp/2026-09-02.csv
2026-09-05T11:08:57.075917+00:00,2026-09-02,dry_bulk_tce_table,https://docs.google.com/spreadsheets/d/e/2PACX-1vQk6073LStJEfzv418WKYluN2zykXon3KL58hPVNnqoOPiZVhBVzBCi9QnnAETwm_QbMvltcNCuzTzH/pub?gid=1944138367&single=true&output=csv,True,OK,docs/alibra_data/dry_bulk_tce_table/2026-09-02.csv
2026-09-05T11:08:57.075917+00:00,2026-09-02,tanker_tce_table,https://docs.google.com/spreadsheets/d/e/2PACX-1vQk6073LStJEfzv418WKYluN2zykXon3KL58hPVNnqoOPiZVhBVzBCi9QnnAETwm_QbMvltcNCuzTzH/pub?gid=1458966001&single=true&output=csv,True,OK,docs/alibra_data/tanker_tce_table/2026-09-02.csv
2026-09-05T11:08:57.075917+00:00,2026-09-02,forward_curves,https://docs.google.com/spreadsheets/d/e/2PACX-1vQkGGniHOjjs_0booelgLP3pGwySZLvMLskYlJCxNLcq6uf9EaH50Wcpob87lH7xw/pub?gid=1196769730&single=true&output=csv,True,OK,docs/alibra_data/forward_curves/2026-09-02.csv
2026-09-05T11:08:57.075917+00:00,2026-09-02,dry_bulk_trend_atl,https://docs.google.com/spreadsheets/d/e/2PACX-1vSm3hFo3WpdJQ86FaGIy-S151biJvr2J31-kbmYmO9kOwJ2sDjbz-v8ooNpsufCepZS0tCUavO5iUrI/pub?gid=409746990&single=true&output=csv,True,OK,docs/alibra_data/dry_bulk_trend_atl/2026-09-02.csv
2026-09-05T11:08:57.075917+00:00,2026-09-02,dry_bulk_trend_pac,https://docs.google.com/spreadsheets/d/e/2PACX-1vSm3hFo3WpdJQ86FaGIy-S151biJvr2J31-kbmYmO9kOwJ2sDjbz-v8ooNpsufCepZS0tCUavO5iUrI/pub?gid=779118968&single=true&output=csv,True,OK,docs/alibra_data/dry_bulk_trend_pac/2026-09-02.csv
2026-09-05T11:08:57.075917+00:00,2026-09-02,tanker_trend_1yr,https://docs.google.com/spreadsheets/d/e/2PACX-1vSm3hFo3WpdJQ86FaGIy-S151biJvr2J31-kbmYmO9kOwJ2sDjbz-v8ooNpsufCepZS0tCUavO5iUrI/pub?gid=137918187&single=true&output=csv,True,OK,docs/alibra_data/tanker_trend_1yr/2026-09-02.csv
2026-09-05T11:08:57.075917+00:00,2026-09-02,tanker_trend_3yr,https://docs.google.com/spreadsheets/d/e/2PACX-1vSm3hFo3WpdJQ86FaGIy-S151biJvr2J31-kbmYmO9kOwJ2sDjbz-v8ooNpsufCepZS0tCUavO5iUrI/pub?gid=1501135879&single=true&output=csv,True,OK,docs/alibra_data/tanker_trend_3yr/2026-09-02.csv
2026-09-05T11:08:57.075917+00:00,2026-09-02,dry_bulk_archive_atl,https://docs.google.com/spreadsheets/d/e/2PACX-1vSm3hFo3WpdJQ86FaGIy-S151biJvr2J31-kbmYmO9kOwJ2sDjbz-v8ooNpsufCepZS0tCUavO5iUrI/pub?gid=1609275035&single=true&output=csv,True,OK,docs/alibra_data/dry_bulk_archive_atl/2026-09-02.csv
2026-09-05T11:08:57.075917+00:00,2026-09-02,dry_bulk_archive_pac,https://docs.google.com/spreadsheets/d/e/2PACX-1vSm3hFo3WpdJQ86FaGIy-S151biJvr2J31-kbmYmO9kOwJ2sDjbz-v8ooNpsufCepZS0tCUavO5iUrI/pub?gid=1656242999&single=true&output=csv,True,OK,docs/alibra_data/dry_bulk_archive_pac/2026-09-02.csv
2026-09-05T13:35:20.723045+00:00,2026-09-02,last_updated_stamp,https://docs.google.com/spreadsheets/d/e/2PACX-1vQk6073LStJEfzv418WKYluN2zykXon3KL58hPVNnqoOPiZVhBVzBCi9QnnAETwm_QbMvltcNCuzTzH/pub?gid=92942855&single=true&output=csv,True,OK,docs/alibra_data/last_updated_stamp/2026-09-02.csv
2026-09-05T13:35:20.723045+00:00,2026-09-02,dry_bulk_tce_table,https://docs.google.com/spreadsheets/d/e/2PACX-1vQk6073LStJEfzv418WKYluN2zykXon3KL58hPVNnqoOPiZVhBVzBCi9QnnAETwm_QbMvltcNCuzTzH/pub?gid=1944138367&single=true&output=csv,True,OK,docs/alibra_data/dry_bulk_tce_table/2026-09-02.csv
2026-09-05T13:35:20.723045+00:00,2026-09-02,tanker_tce_table,https://docs.google.com/spreadsheets/d/e/2PACX-1vQk6073LStJEfzv418WKYluN2zykXon3KL58hPVNnqoOPiZVhBVzBCi9QnnAETwm_QbMvltcNCuzTzH/pub?gid=1458966001&single=true&output=csv,True,OK,docs/alibra_data/tanker_tce_table/2026-09-02.csv
2026-09-05T13:35:20.723045+00:00,2026-09-02,forward_curves,https://docs.google.com/spreadsheets/d/e/2PACX-1vQkGGniHOjjs_0booelgLP3pGwySZLvMLskYlJCxNLcq6uf9EaH50Wcpob87lH7xw/pub?gid=1196769730&single=true&output=csv,True,OK,docs/alibra_data/forward_curves/2026-09-02.csv
2026-09-05T13:35:20.723045+00:00,2026-09-02,dry_bulk_trend_atl,https://docs.google.com/spreadsheets/d/e/2PACX-1vSm3hFo3WpdJQ86FaGIy-S151biJvr2J31-kbmYmO9kOwJ2sDjbz-v8ooNpsufCepZS0tCUavO5iUrI/pub?gid=409746990&single=true&output=csv,True,OK,docs/alibra_data/dry_bulk_trend_atl/2026-09-02.csv
2026-09-05T13:35:20.723045+00:00,2026-09-02,dry_bulk_trend_pac,https://docs.google.com/spreadsheets/d/e/2PACX-1vSm3hFo3WpdJQ86FaGIy-S151biJvr2J31-kbmYmO9kOwJ2sDjbz-v8ooNpsufCepZS0tCUavO5iUrI/pub?gid=779118968&single=true&output=csv,True,OK,docs/alibra_data/dry_bulk_trend_pac/2026-09-02.csv
2026-09-05T13:35:20.723045+00:00,2026-09-02,tanker_trend_1yr,https://docs.google.com/spreadsheets/d/e/2PACX-1vSm3hFo3WpdJQ86FaGIy-S151biJvr2J31-kbmYmO9kOwJ2sDjbz-v8ooNpsufCepZS0tCUavO5iUrI/pub?gid=137918187&single=true&output=csv,True,OK,docs/alibra_data/tanker_trend_1yr/2026-09-02.csv
2026-09-05T13:35:20.723045+00:00,2026-09-02,tanker_trend_3yr,https://docs.google.com/spreadsheets/d/e/2PACX-1vSm3hFo3WpdJQ86FaGIy-S151biJvr2J31-kbmYmO9kOwJ2sDjbz-v8ooNpsufCepZS0tCUavO5iUrI/pub?gid=1501135879&single=true&output=csv,True,OK,docs/alibra_data/tanker_trend_3yr/2026-09-02.csv
2026-09-05T13:35:20.723045+00:00,2026-09-02,dry_bulk_archive_atl,https://docs.google.com/spreadsheets/d/e/2PACX-1vSm3hFo3WpdJQ86FaGIy-S151biJvr2J31-kbmYmO9kOwJ2sDjbz-v8ooNpsufCepZS0tCUavO5iUrI/pub?gid=1609275035&single=true&output=csv,True,OK,docs/alibra_data/dry_bulk_archive_atl/2026-09-02.csv
2026-09-05T13:35:20.723045+00:00,2026-09-02,dry_bulk_archive_pac,https://docs.google.com/spreadsheets/d/e/2PACX-1vSm3hFo3WpdJQ86FaGIy-S151biJvr2J31-kbmYmO9kOwJ2sDjbz-v8ooNpsufCepZS0tCUavO5iUrI/pub?gid=1656242999&single=true&output=csv,True,OK,docs/alibra_data/dry_bulk_archive_pac/2026-09-02.csv
2026-09-05T16:31:24.585856+00:00,2026-09-02,last_updated_stamp,https://docs.google.com/spreadsheets/d/e/2PACX-1vQk6073LStJEfzv418WKYluN2zykXon3KL58hPVNnqoOPiZVhBVzBCi9QnnAETwm_QbMvltcNCuzTzH/pub?gid=92942855&single=true&output=csv,True,OK,docs/alibra_data/last_updated_stamp/2026-09-02.csv
2026-09-05T16:31:24.585856+00:00,2026-09-02,dry_bulk_tce_table,https://docs.google.com/spreadsheets/d/e/2PACX-1vQk6073LStJEfzv418WKYluN2zykXon3KL58hPVNnqoOPiZVhBVzBCi9QnnAETwm_QbMvltcNCuzTzH/pub?gid=1944138367&single=true&output=csv,True,OK,docs/alibra_data/dry_bulk_tce_table/2026-09-02.csv
2026-09-05T16:31:24.585856+00:00,2026-09-02,tanker_tce_table,https://docs.google.com/spreadsheets/d/e/2PACX-1vQk6073LStJEfzv418WKYluN2zykXon3KL58hPVNnqoOPiZVhBVzBCi9QnnAETwm_QbMvltcNCuzTzH/pub?gid=1458966001&single=true&output=csv,True,OK,docs/alibra_data/tanker_tce_table/2026-09-02.csv
2026-09-05T16:31:24.585856+00:00,2026-09-02,forward_curves,https://docs.google.com/spreadsheets/d/e/2PACX-1vQkGGniHOjjs_0booelgLP3pGwySZLvMLskYlJCxNLcq6uf9EaH50Wcpob87lH7xw/pub?gid=1196769730&single=true&output=csv,True,OK,docs/alibra_data/forward_curves/2026-09-02.csv
2026-09-05T16:31:24.585856+00:00,2026-09-02,dry_bulk_trend_atl,https://docs.google.com/spreadsheets/d/e/2PACX-1vSm3hFo3WpdJQ86FaGIy-S151biJvr2J31-kbmYmO9kOwJ2sDjbz-v8ooNpsufCepZS0tCUavO5iUrI/pub?gid=409746990&single=true&output=csv,True,OK,docs/alibra_data/dry_bulk_trend_atl/2026-09-02.csv
2026-09-05T16:31:24.585856+00:00,2026-09-02,dry_bulk_trend_pac,https://docs.google.com/spreadsheets/d/e/2PACX-1vSm3hFo3WpdJQ86FaGIy-S151biJvr2J31-kbmYmO9kOwJ2sDjbz-v8ooNpsufCepZS0tCUavO5iUrI/pub?gid=779118968&single=true&output=csv,True,OK,docs/alibra_data/dry_bulk_trend_pac/2026-09-02.csv
2026-09-05T16:31:24.585856+00:00,2026-09-02,tanker_trend_1yr,https://docs.google.com/spreadsheets/d/e/2PACX-1vSm3hFo3WpdJQ86FaGIy-S151biJvr2J31-kbmYmO9kOwJ2sDjbz-v8ooNpsufCepZS0tCUavO5iUrI/pub?gid=137918187&single=true&output=csv,True,OK,docs/alibra_data/tanker_trend_1yr/2026-09-02.csv
2026-09-05T16:31:24.585856+00:00,2026-09-02,tanker_trend_3yr,https://docs.google.com/spreadsheets/d/e/2PACX-1vSm3hFo3WpdJQ86FaGIy-S151biJvr2J31-kbmYmO9kOwJ2sDjbz-v8ooNpsufCepZS0tCUavO5iUrI/pub?gid=1501135879&single=true&output=csv,True,OK,docs/alibra_data/tanker_trend_3yr/2026-09-02.csv
2026-09-05T16:31:24.585856+00:00,2026-09-02,dry_bulk_archive_atl,https://docs.google.com/spreadsheets/d/e/2PACX-1vSm3hFo3WpdJQ86FaGIy-S151biJvr2J31-kbmYmO9kOwJ2sDjbz-v8ooNpsufCepZS0tCUavO5iUrI/pub?gid=1609275035&single=true&output=csv,True,OK,docs/alibra_data/dry_bulk_archive_atl/2026-09-02.csv
2026-09-05T16:31:24.585856+00:00,2026-09-02,dry_bulk_archive_pac,https://docs.google.com/spreadsheets/d/e/2PACX-1vSm3hFo3WpdJQ86FaGIy-S151biJvr2J31-kbmYmO9kOwJ2sDjbz-v8ooNpsufCepZS0tCUavO5iUrI/pub?gid=1656242999&single=true&output=csv,True,OK,docs/alibra_data/dry_bulk_archive_pac/2026-09-02.csv
2026-09-05T17:56:03.922192+00:00,2026-09-02,last_updated_stamp,https://docs.google.com/spreadsheets/d/e/2PACX-1vQk6073LStJEfzv418WKYluN2zykXon3KL58hPVNnqoOPiZVhBVzBCi9QnnAETwm_QbMvltcNCuzTzH/pub?gid=92942855&single=true&output=csv,True,OK,docs/alibra_data/last_updated_stamp/2026-09-02.csv
2026-09-05T17:56:03.922192+00:00,2026-09-02,dry_bulk_tce_table,https://docs.google.com/spreadsheets/d/e/2PACX-1vQk6073LStJEfzv418WKYluN2zykXon3KL58hPVNnqoOPiZVhBVzBCi9QnnAETwm_QbMvltcNCuzTzH/pub?gid=1944138367&single=true&output=csv,True,OK,docs/alibra_data/dry_bulk_tce_table/2026-09-02.csv
2026-09-05T17:56:03.922192+00:00,2026-09-02,tanker_tce_table,https://docs.google.com/spreadsheets/d/e/2PACX-1vQk6073LStJEfzv418WKYluN2zykXon3KL58hPVNnqoOPiZVhBVzBCi9QnnAETwm_QbMvltcNCuzTzH/pub?gid=1458966001&single=true&output=csv,True,OK,docs/alibra_data/tanker_tce_table/2026-09-02.csv
2026-09-05T17:56:03.922192+00:00,2026-09-02,forward_curves,https://docs.google.com/spreadsheets/d/e/2PACX-1vQkGGniHOjjs_0booelgLP3pGwySZLvMLskYlJCxNLcq6uf9EaH50Wcpob87lH7xw/pub?gid=1196769730&single=true&output=csv,True,OK,docs/alibra_data/forward_curves/2026-09-02.csv
2026-09-05T17:56:03.922192+00:00,2026-09-02,dry_bulk_trend_atl,https://docs.google.com/spreadsheets/d/e/2PACX-1vSm3hFo3WpdJQ86FaGIy-S151biJvr2J31-kbmYmO9kOwJ2sDjbz-v8ooNpsufCepZS0tCUavO5iUrI/pub?gid=409746990&single=true&output=csv,True,OK,docs/alibra_data/dry_bulk_trend_atl/2026-09-02.csv
2026-09-05T17:56:03.922192+00:00,2026-09-02,dry_bulk_trend_pac,https://docs.google.com/spreadsheets/d/e/2PACX-1vSm3hFo3WpdJQ86FaGIy-S151biJvr2J31-kbmYmO9kOwJ2sDjbz-v8ooNpsufCepZS0tCUavO5iUrI/pub?gid=779118968&single=true&output=csv,True,OK,docs/alibra_data/dry_bulk_trend_pac/2026-09-02.csv
2026-09-05T17:56:03.922192+00:00,2026-09-02,tanker_trend_1yr,https://docs.google.com/spreadsheets/d/e/2PACX-1vSm3hFo3WpdJQ86FaGIy-S151biJvr2J31-kbmYmO9kOwJ2sDjbz-v8ooNpsufCepZS0tCUavO5iUrI/pub?gid=137918187&single=true&output=csv,True,OK,docs/alibra_data/tanker_trend_1yr/2026-09-02.csv
2026-09-05T17:56:03.922192+00:00,2026-09-02,tanker_trend_3yr,https://docs.google.com/spreadsheets/d/e/2PACX-1vSm3hFo3WpdJQ86FaGIy-S151biJvr2J31-kbmYmO9kOwJ2sDjbz-v8ooNpsufCepZS0tCUavO5iUrI/pub?gid=1501135879&single=true&output=csv,True,OK,docs/alibra_data/tanker_trend_3yr/2026-09-02.csv
2026-09-05T17:56:03.922192+00:00,2026-09-02,dry_bulk_archive_atl,https://docs.google.com/spreadsheets/d/e/2PACX-1vSm3hFo3WpdJQ86FaGIy-S151biJvr2J31-kbmYmO9kOwJ2sDjbz-v8ooNpsufCepZS0tCUavO5iUrI/pub?gid=1609275035&single=true&output=csv,True,OK,docs/alibra_data/dry_bulk_archive_atl/2026-09-02.csv
2026-09-05T17:56:03.922192+00:00,2026-09-02,dry_bulk_archive_pac,https://docs.google.com/spreadsheets/d/e/2PACX-1vSm3hFo3WpdJQ86FaGIy-S151biJvr2J31-kbmYmO9kOwJ2sDjbz-v8ooNpsufCepZS0tCUavO5iUrI/pub?gid=1656242999&single=true&output=csv,True,OK,docs/alibra_data/dry_bulk_archive_pac/2026-09-02.csv
2026-09-05T20:57:02.562517+00:00,2026-09-02,last_updated_stamp,https://docs.google.com/spreadsheets/d/e/2PACX-1vQk6073LStJEfzv418WKYluN2zykXon3KL58hPVNnqoOPiZVhBVzBCi9QnnAETwm_QbMvltcNCuzTzH/pub?gid=92942855&single=true&output=csv,True,OK,docs/alibra_data/last_updated_stamp/2026-09-02.csv
2026-09-05T20:57:02.562517+00:00,2026-09-02,dry_bulk_tce_table,https://docs.google.com/spreadsheets/d/e/2PACX-1vQk6073LStJEfzv418WKYluN2zykXon3KL58hPVNnqoOPiZVhBVzBCi9QnnAETwm_QbMvltcNCuzTzH/pub?gid=1944138367&single=true&output=csv,True,OK,docs/alibra_data/dry_bulk_tce_table/2026-09-02.csv
2026-09-05T20:57:02.562517+00:00,2026-09-02,tanker_tce_table,https://docs.google.com/spreadsheets/d/e/2PACX-1vQk6073LStJEfzv418WKYluN2zykXon3KL58hPVNnqoOPiZVhBVzBCi9QnnAETwm_QbMvltcNCuzTzH/pub?gid=1458966001&single=true&output=csv,True,OK,docs/alibra_data/tanker_tce_table/2026-09-02.csv
2026-09-05T20:57:02.562517+00:00,2026-09-02,forward_curves,https://docs.google.com/spreadsheets/d/e/2PACX-1vQkGGniHOjjs_0booelgLP3pGwySZLvMLskYlJCxNLcq6uf9EaH50Wcpob87lH7xw/pub?gid=1196769730&single=true&output=csv,True,OK,docs/alibra_data/forward_curves/2026-09-02.csv
2026-09-05T20:57:02.562517+00:00,2026-09-02,dry_bulk_trend_atl,https://docs.google.com/spreadsheets/d/e/2PACX-1vSm3hFo3WpdJQ86FaGIy-S151biJvr2J31-kbmYmO9kOwJ2sDjbz-v8ooNpsufCepZS0tCUavO5iUrI/pub?gid=409746990&single=true&output=csv,True,OK,docs/alibra_data/dry_bulk_trend_atl/2026-09-02.csv
2026-09-05T20:57:02.562517+00:00,2026-09-02,dry_bulk_trend_pac,https://docs.google.com/spreadsheets/d/e/2PACX-1vSm3hFo3WpdJQ86FaGIy-S151biJvr2J31-kbmYmO9kOwJ2sDjbz-v8ooNpsufCepZS0tCUavO5iUrI/pub?gid=779118968&single=true&output=csv,True,OK,docs/alibra_data/dry_bulk_trend_pac/2026-09-02.csv
2026-09-05T20:57:02.562517+00:00,2026-09-02,tanker_trend_1yr,https://docs.google.com/spreadsheets/d/e/2PACX-1vSm3hFo3WpdJQ86FaGIy-S151biJvr2J31-kbmYmO9kOwJ2sDjbz-v8ooNpsufCepZS0tCUavO5iUrI/pub?gid=137918187&single=true&output=csv,True,OK,docs/alibra_data/tanker_trend_1yr/2026-09-02.csv
2026-09-05T20:57:02.562517+00:00,2026-09-02,tanker_trend_3yr,https://docs.google.com/spreadsheets/d/e/2PACX-1vSm3hFo3WpdJQ86FaGIy-S151biJvr2J31-kbmYmO9kOwJ2sDjbz-v8ooNpsufCepZS0tCUavO5iUrI/pub?gid=1501135879&single=true&output=csv,True,OK,docs/alibra_data/tanker_trend_3yr/2026-09-02.csv
2026-09-05T20:57:02.562517+00:00,2026-09-02,dry_bulk_archive_atl,https://docs.google.com/spreadsheets/d/e/2PACX-1vSm3hFo3WpdJQ86FaGIy-S151biJvr2J31-kbmYmO9kOwJ2sDjbz-v8ooNpsufCepZS0tCUavO5iUrI/pub?gid=1609275035&single=true&output=csv,True,OK,docs/alibra_data/dry_bulk_archive_atl/2026-09-02.csv
2026-09-05T20:57:02.562517+00:00,2026-09-02,dry_bulk_archive_pac,https://docs.google.com/spreadsheets/d/e/2PACX-1vSm3hFo3WpdJQ86FaGIy-S151biJvr2J31-kbmYmO9kOwJ2sDjbz-v8ooNpsufCepZS0tCUavO5iUrI/pub?gid=1656242999&single=true&output=csv,True,OK,docs/alibra_data/dry_bulk_archive_pac/2026-09-02.csv
2026-09-05T23:33:47.774219+00:00,2026-09-02,last_updated_stamp,https://docs.google.com/spreadsheets/d/e/2PACX-1vQk6073LStJEfzv418WKYluN2zykXon3KL58hPVNnqoOPiZVhBVzBCi9QnnAETwm_QbMvltcNCuzTzH/pub?gid=92942855&single=true&output=csv,True,OK,docs/alibra_data/last_updated_stamp/2026-09-02.csv
2026-09-05T23:33:47.774219+00:00,2026-09-02,dry_bulk_tce_table,https://docs.google.com/spreadsheets/d/e/2PACX-1vQk6073LStJEfzv418WKYluN2zykXon3KL58hPVNnqoOPiZVhBVzBCi9QnnAETwm_QbMvltcNCuzTzH/pub?gid=1944138367&single=true&output=csv,True,OK,docs/alibra_data/dry_bulk_tce_table/2026-09-02.csv
2026-09-05T23:33:47.774219+00:00,2026-09-02,tanker_tce_table,https://docs.google.com/spreadsheets/d/e/2PACX-1vQk6073LStJEfzv418WKYluN2zykXon3KL58hPVNnqoOPiZVhBVzBCi9QnnAETwm_QbMvltcNCuzTzH/pub?gid=1458966001&single=true&output=csv,True,OK,docs/alibra_data/tanker_tce_table/2026-09-02.csv
2026-09-05T23:33:47.774219+00:00,2026-09-02,forward_curves,https://docs.google.com/spreadsheets/d/e/2PACX-1vQkGGniHOjjs_0booelgLP3pGwySZLvMLskYlJCxNLcq6uf9EaH50Wcpob87lH7xw/pub?gid=1196769730&single=true&output=csv,True,OK,docs/alibra_data/forward_curves/2026-09-02.csv
2026-09-05T23:33:47.774219+00:00,2026-09-02,dry_bulk_trend_atl,https://docs.google.com/spreadsheets/d/e/2PACX-1vSm3hFo3WpdJQ86FaGIy-S151biJvr2J31-kbmYmO9kOwJ2sDjbz-v8ooNpsufCepZS0tCUavO5iUrI/pub?gid=409746990&single=true&output=csv,True,OK,docs/alibra_data/dry_bulk_trend_atl/2026-09-02.csv
2026-09-05T23:33:47.774219+00:00,2026-09-02,dry_bulk_trend_pac,https://docs.google.com/spreadsheets/d/e/2PACX-1vSm3hFo3WpdJQ86FaGIy-S151biJvr2J31-kbmYmO9kOwJ2sDjbz-v8ooNpsufCepZS0tCUavO5iUrI/pub?gid=779118968&single=true&output=csv,True,OK,docs/alibra_data/dry_bulk_trend_pac/2026-09-02.csv
2026-09-05T23:33:47.774219+00:00,2026-09-02,tanker_trend_1yr,https://docs.google.com/spreadsheets/d/e/2PACX-1vSm3hFo3WpdJQ86FaGIy-S151biJvr2J31-kbmYmO9kOwJ2sDjbz-v8ooNpsufCepZS0tCUavO5iUrI/pub?gid=137918187&single=true&output=csv,True,OK,docs/alibra_data/tanker_trend_1yr/2026-09-02.csv
2026-09-05T23:33:47.774219+00:00,2026-09-02,tanker_trend_3yr,https://docs.google.com/spreadsheets/d/e/2PACX-1vSm3hFo3WpdJQ86FaGIy-S151biJvr2J31-kbmYmO9kOwJ2sDjbz-v8ooNpsufCepZS0tCUavO5iUrI/pub?gid=1501135879&single=true&output=csv,True,OK,docs/alibra_data/tanker_trend_3yr/2026-09-02.csv
2026-09-05T23:33:47.774219+00:00,2026-09-02,dry_bulk_archive_atl,https://docs.google.com/spreadsheets/d/e/2PACX-1vSm3hFo3WpdJQ86FaGIy-S151biJvr2J31-kbmYmO9kOwJ2sDjbz-v8ooNpsufCepZS0tCUavO5iUrI/pub?gid=1609275035&single=true&output=csv,True,OK,docs/alibra_data/dry_bulk_archive_atl/2026-09-02.csv
2026-09-05T23:33:47.774219+00:00,2026-09-02,dry_bulk_archive_pac,https://docs.google.com/spreadsheets/d/e/2PACX-1vSm3hFo3WpdJQ86FaGIy-S151biJvr2J31-kbmYmO9kOwJ2sDjbz-v8ooNpsufCepZS0tCUavO5iUrI/pub?gid=1656242999&single=true&output=csv,True,OK,docs/alibra_data/dry_bulk_archive_pac/2026-09-02.csv
2026-09-06T11:32:36.786949+00:00,2026-09-02,last_updated_stamp,https://docs.google.com/spreadsheets/d/e/2PACX-1vQk6073LStJEfzv418WKYluN2zykXon3KL58hPVNnqoOPiZVhBVzBCi9QnnAETwm_QbMvltcNCuzTzH/pub?gid=92942855&single=true&output=csv,True,OK,docs/alibra_data/last_updated_stamp/2026-09-02.csv
2026-09-06T11:32:36.786949+00:00,2026-09-02,dry_bulk_tce_table,https://docs.google.com/spreadsheets/d/e/2PACX-1vQk6073LStJEfzv418WKYluN2zykXon3KL58hPVNnqoOPiZVhBVzBCi9QnnAETwm_QbMvltcNCuzTzH/pub?gid=1944138367&single=true&output=csv,True,OK,docs/alibra_data/dry_bulk_tce_table/2026-09-02.csv
2026-09-06T11:32:36.786949+00:00,2026-09-02,tanker_tce_table,https://docs.google.com/spreadsheets/d/e/2PACX-1vQk6073LStJEfzv418WKYluN2zykXon3KL58hPVNnqoOPiZVhBVzBCi9QnnAETwm_QbMvltcNCuzTzH/pub?gid=1458966001&single=true&output=csv,True,OK,docs/alibra_data/tanker_tce_table/2026-09-02.csv
2026-09-06T11:32:36.786949+00:00,2026-09-02,forward_curves,https://docs.google.com/spreadsheets/d/e/2PACX-1vQkGGniHOjjs_0booelgLP3pGwySZLvMLskYlJCxNLcq6uf9EaH50Wcpob87lH7xw/pub?gid=1196769730&single=true&output=csv,True,OK,docs/alibra_data/forward_curves/2026-09-02.csv
2026-09-06T11:32:36.786949+00:00,2026-09-02,dry_bulk_trend_atl,https://docs.google.com/spreadsheets/d/e/2PACX-1vSm3hFo3WpdJQ86FaGIy-S151biJvr2J31-kbmYmO9kOwJ2sDjbz-v8ooNpsufCepZS0tCUavO5iUrI/pub?gid=409746990&single=true&output=csv,True,OK,docs/alibra_data/dry_bulk_trend_atl/2026-09-02.csv
2026-09-06T11:32:36.786949+00:00,2026-09-02,dry_bulk_trend_pac,https://docs.google.com/spreadsheets/d/e/2PACX-1vSm3hFo3WpdJQ86FaGIy-S151biJvr2J31-kbmYmO9kOwJ2sDjbz-v8ooNpsufCepZS0tCUavO5iUrI/pub?gid=779118968&single=true&output=csv,True,OK,docs/alibra_data/dry_bulk_trend_pac/2026-09-02.csv
2026-09-06T11:32:36.786949+00:00,2026-09-02,tanker_trend_1yr,https://docs.google.com/spreadsheets/d/e/2PACX-1vSm3hFo3WpdJQ86FaGIy-S151biJvr2J31-kbmYmO9kOwJ2sDjbz-v8ooNpsufCepZS0tCUavO5iUrI/pub?gid=137918187&single=true&output=csv,True,OK,docs/alibra_data/tanker_trend_1yr/2026-09-02.csv
2026-09-06T11:32:36.786949+00:00,2026-09-02,tanker_trend_3yr,https://docs.google.com/spreadsheets/d/e/2PACX-1vSm3hFo3WpdJQ86FaGIy-S151biJvr2J31-kbmYmO9kOwJ2sDjbz-v8ooNpsufCepZS0tCUavO5iUrI/pub?gid=1501135879&single=true&output=csv,True,OK,docs/alibra_data/tanker_trend_3yr/2026-09-02.csv
2026-09-06T11:32:36.786949+00:00,2026-09-02,dry_bulk_archive_atl,https://docs.google.com/spreadsheets/d/e/2PACX-1vSm3hFo3WpdJQ86FaGIy-S151biJvr2J31-kbmYmO9kOwJ2sDjbz-v8ooNpsufCepZS0tCUavO5iUrI/pub?gid=1609275035&single=true&output=csv,True,OK,docs/alibra_data/dry_bulk_archive_atl/2026-09-02.csv
2026-09-06T11:32:36.786949+00:00,2026-09-02,dry_bulk_archive_pac,https://docs.google.com/spreadsheets/d/e/2PACX-1vSm3hFo3WpdJQ86FaGIy-S151biJvr2J31-kbmYmO9kOwJ2sDjbz-v8ooNpsufCepZS0tCUavO5iUrI/pub?gid=1656242999&single=true&output=csv,True,OK,docs/alibra_data/dry_bulk_archive_pac/2026-09-02.csv
2026-09-06T13:50:41.100723+00:00,2026-09-02,last_updated_stamp,https://docs.google.com/spreadsheets/d/e/2PACX-1vQk6073LStJEfzv418WKYluN2zykXon3KL58hPVNnqoOPiZVhBVzBCi9QnnAETwm_QbMvltcNCuzTzH/pub?gid=92942855&single=true&output=csv,True,OK,docs/alibra_data/last_updated_stamp/2026-09-02.csv
2026-09-06T13:50:41.100723+00:00,2026-09-02,dry_bulk_tce_table,https://docs.google.com/spreadsheets/d/e/2PACX-1vQk6073LStJEfzv418WKYluN2zykXon3KL58hPVNnqoOPiZVhBVzBCi9QnnAETwm_QbMvltcNCuzTzH/pub?gid=1944138367&single=true&output=csv,True,OK,docs/alibra_data/dry_bulk_tce_table/2026-09-02.csv
2026-09-06T13:50:41.100723+00:00,2026-09-02,tanker_tce_table,https://docs.google.com/spreadsheets/d/e/2PACX-1vQk6073LStJEfzv418WKYluN2zykXon3KL58hPVNnqoOPiZVhBVzBCi9QnnAETwm_QbMvltcNCuzTzH/pub?gid=1458966001&single=true&output=csv,True,OK,docs/alibra_data/tanker_tce_table/2026-09-02.csv
2026-09-06T13:50:41.100723+00:00,2026-09-02,forward_curves,https://docs.google.com/spreadsheets/d/e/2PACX-1vQkGGniHOjjs_0booelgLP3pGwySZLvMLskYlJCxNLcq6uf9EaH50Wcpob87lH7xw/pub?gid=1196769730&single=true&output=csv,True,OK,docs/alibra_data/forward_curves/2026-09-02.csv
2026-09-06T13:50:41.100723+00:00,2026-09-02,dry_bulk_trend_atl,https://docs.google.com/spreadsheets/d/e/2PACX-1vSm3hFo3WpdJQ86FaGIy-S151biJvr2J31-kbmYmO9kOwJ2sDjbz-v8ooNpsufCepZS0tCUavO5iUrI/pub?gid=409746990&single=true&output=csv,True,OK,docs/alibra_data/dry_bulk_trend_atl/2026-09-02.csv
2026-09-06T13:50:41.100723+00:00,2026-09-02,dry_bulk_trend_pac,https://docs.google.com/spreadsheets/d/e/2PACX-1vSm3hFo3WpdJQ86FaGIy-S151biJvr2J31-kbmYmO9kOwJ2sDjbz-v8ooNpsufCepZS0tCUavO5iUrI/pub?gid=779118968&single=true&output=csv,True,OK,docs/alibra_data/dry_bulk_trend_pac/2026-09-02.csv
2026-09-06T13:50:41.100723+00:00,2026-09-02,tanker_trend_1yr,https://docs.google.com/spreadsheets/d/e/2PACX-1vSm3hFo3WpdJQ86FaGIy-S151biJvr2J31-kbmYmO9kOwJ2sDjbz-v8ooNpsufCepZS0tCUavO5iUrI/pub?gid=137918187&single=true&output=csv,True,OK,docs/alibra_data/tanker_trend_1yr/2026-09-02.csv
2026-09-06T13:50:41.100723+00:00,2026-09-02,tanker_trend_3yr,https://docs.google.com/spreadsheets/d/e/2PACX-1vSm3hFo3WpdJQ86FaGIy-S151biJvr2J31-kbmYmO9kOwJ2sDjbz-v8ooNpsufCepZS0tCUavO5iUrI/pub?gid=1501135879&single=true&output=csv,True,OK,docs/alibra_data/tanker_trend_3yr/2026-09-02.csv
2026-09-06T13:50:41.100723+00:00,2026-09-02,dry_bulk_archive_atl,https://docs.google.com/spreadsheets/d/e/2PACX-1vSm3hFo3WpdJQ86FaGIy-S151biJvr2J31-kbmYmO9kOwJ2sDjbz-v8ooNpsufCepZS0tCUavO5iUrI/pub?gid=1609275035&single=true&output=csv,True,OK,docs/alibra_data/dry_bulk_archive_atl/2026-09-02.csv
2026-09-06T13:50:41.100723+00:00,2026-09-02,dry_bulk_archive_pac,https://docs.google.com/spreadsheets/d/e/2PACX-1vSm3hFo3WpdJQ86FaGIy-S151biJvr2J31-kbmYmO9kOwJ2sDjbz-v8ooNpsufCepZS0tCUavO5iUrI/pub?gid=1656242999&single=true&output=csv,True,OK,docs/alibra_data/dry_bulk_archive_pac/2026-09-02.csv
2026-09-06T16:42:27.319603+00:00,2026-09-02,last_updated_stamp,https://docs.google.com/spreadsheets/d/e/2PACX-1vQk6073LStJEfzv418WKYluN2zykXon3KL58hPVNnqoOPiZVhBVzBCi9QnnAETwm_QbMvltcNCuzTzH/pub?gid=92942855&single=true&output=csv,True,OK,docs/alibra_data/last_updated_stamp/2026-09-02.csv
2026-09-06T16:42:27.319603+00:00,2026-09-02,dry_bulk_tce_table,https://docs.google.com/spreadsheets/d/e/2PACX-1vQk6073LStJEfzv418WKYluN2zykXon3KL58hPVNnqoOPiZVhBVzBCi9QnnAETwm_QbMvltcNCuzTzH/pub?gid=1944138367&single=true&output=csv,True,OK,docs/alibra_data/dry_bulk_tce_table/2026-09-02.csv
2026-09-06T16:42:27.319603+00:00,2026-09-02,tanker_tce_table,https://docs.google.com/spreadsheets/d/e/2PACX-1vQk6073LStJEfzv418WKYluN2zykXon3KL58hPVNnqoOPiZVhBVzBCi9QnnAETwm_QbMvltcNCuzTzH/pub?gid=1458966001&single=true&output=csv,True,OK,docs/alibra_data/tanker_tce_table/2026-09-02.csv
2026-09-06T16:42:27.319603+00:00,2026-09-02,forward_curves,https://docs.google.com/spreadsheets/d/e/2PACX-1vQkGGniHOjjs_0booelgLP3pGwySZLvMLskYlJCxNLcq6uf9EaH50Wcpob87lH7xw/pub?gid=1196769730&single=true&output=csv,True,OK,docs/alibra_data/forward_curves/2026-09-02.csv
2026-09-06T16:42:27.319603+00:00,2026-09-02,dry_bulk_trend_atl,https://docs.google.com/spreadsheets/d/e/2PACX-1vSm3hFo3WpdJQ86FaGIy-S151biJvr2J31-kbmYmO9kOwJ2sDjbz-v8ooNpsufCepZS0tCUavO5iUrI/pub?gid=409746990&single=true&output=csv,True,OK,docs/alibra_data/dry_bulk_trend_atl/2026-09-02.csv
2026-09-06T16:42:27.319603+00:00,2026-09-02,dry_bulk_trend_pac,https://docs.google.com/spreadsheets/d/e/2PACX-1vSm3hFo3WpdJQ86FaGIy-S151biJvr2J31-kbmYmO9kOwJ2sDjbz-v8ooNpsufCepZS0tCUavO5iUrI/pub?gid=779118968&single=true&output=csv,True,OK,docs/alibra_data/dry_bulk_trend_pac/2026-09-02.csv
2026-09-06T16:42:27.319603+00:00,2026-09-02,tanker_trend_1yr,https://docs.google.com/spreadsheets/d/e/2PACX-1vSm3hFo3WpdJQ86FaGIy-S151biJvr2J31-kbmYmO9kOwJ2sDjbz-v8ooNpsufCepZS0tCUavO5iUrI/pub?gid=137918187&single=true&output=csv,True,OK,docs/alibra_data/tanker_trend_1yr/2026-09-02.csv
2026-09-06T16:42:27.319603+00:00,2026-09-02,tanker_trend_3yr,https://docs.google.com/spreadsheets/d/e/2PACX-1vSm3hFo3WpdJQ86FaGIy-S151biJvr2J31-kbmYmO9kOwJ2sDjbz-v8ooNpsufCepZS0tCUavO5iUrI/pub?gid=1501135879&single=true&output=csv,True,OK,docs/alibra_data/tanker_trend_3yr/2026-09-02.csv
2026-09-06T16:42:27.319603+00:00,2026-09-02,dry_bulk_archive_atl,https://docs.google.com/spreadsheets/d/e/2PACX-1vSm3hFo3WpdJQ86FaGIy-S151biJvr2J31-kbmYmO9kOwJ2sDjbz-v8ooNpsufCepZS0tCUavO5iUrI/pub?gid=1609275035&single=true&output=csv,True,OK,docs/alibra_data/dry_bulk_archive_atl/2026-09-02.csv
2026-09-06T16:42:27.319603+00:00,2026-09-02,dry_bulk_archive_pac,https://docs.google.com/spreadsheets/d/e/2PACX-1vSm3hFo3WpdJQ86FaGIy-S151biJvr2J31-kbmYmO9kOwJ2sDjbz-v8ooNpsufCepZS0tCUavO5iUrI/pub?gid=1656242999&single=true&output=csv,True,OK,docs/alibra_data/dry_bulk_archive_pac/2026-09-02.csv
2026-09-06T18:02:05.671233+00:00,2026-09-02,last_updated_stamp,https://docs.google.com/spreadsheets/d/e/2PACX-1vQk6073LStJEfzv418WKYluN2zykXon3KL58hPVNnqoOPiZVhBVzBCi9QnnAETwm_QbMvltcNCuzTzH/pub?gid=92942855&single=true&output=csv,True,OK,docs/alibra_data/last_updated_stamp/2026-09-02.csv
2026-09-06T18:02:05.671233+00:00,2026-09-02,dry_bulk_tce_table,https://docs.google.com/spreadsheets/d/e/2PACX-1vQk6073LStJEfzv418WKYluN2zykXon3KL58hPVNnqoOPiZVhBVzBCi9QnnAETwm_QbMvltcNCuzTzH/pub?gid=1944138367&single=true&output=csv,True,OK,docs/alibra_data/dry_bulk_tce_table/2026-09-02.csv
2026-09-06T18:02:05.671233+00:00,2026-09-02,tanker_tce_table,https://docs.google.com/spreadsheets/d/e/2PACX-1vQk6073LStJEfzv418WKYluN2zykXon3KL58hPVNnqoOPiZVhBVzBCi9QnnAETwm_QbMvltcNCuzTzH/pub?gid=1458966001&single=true&output=csv,True,OK,docs/alibra_data/tanker_tce_table/2026-09-02.csv
2026-09-06T18:02:05.671233+00:00,2026-09-02,forward_curves,https://docs.google.com/spreadsheets/d/e/2PACX-1vQkGGniHOjjs_0booelgLP3pGwySZLvMLskYlJCxNLcq6uf9EaH50Wcpob87lH7xw/pub?gid=1196769730&single=true&output=csv,True,OK,docs/alibra_data/forward_curves/2026-09-02.csv
2026-09-06T18:02:05.671233+00:00,2026-09-02,dry_bulk_trend_atl,https://docs.google.com/spreadsheets/d/e/2PACX-1vSm3hFo3WpdJQ86FaGIy-S151biJvr2J31-kbmYmO9kOwJ2sDjbz-v8ooNpsufCepZS0tCUavO5iUrI/pub?gid=409746990&single=true&output=csv,True,OK,docs/alibra_data/dry_bulk_trend_atl/2026-09-02.csv
2026-09-06T18:02:05.671233+00:00,2026-09-02,dry_bulk_trend_pac,https://docs.google.com/spreadsheets/d/e/2PACX-1vSm3hFo3WpdJQ86FaGIy-S151biJvr2J31-kbmYmO9kOwJ2sDjbz-v8ooNpsufCepZS0tCUavO5iUrI/pub?gid=779118968&single=true&output=csv,True,OK,docs/alibra_data/dry_bulk_trend_pac/2026-09-02.csv
2026-09-06T18:02:05.671233+00:00,2026-09-02,tanker_trend_1yr,https://docs.google.com/spreadsheets/d/e/2PACX-1vSm3hFo3WpdJQ86FaGIy-S151biJvr2J31-kbmYmO9kOwJ2sDjbz-v8ooNpsufCepZS0tCUavO5iUrI/pub?gid=137918187&single=true&output=csv,True,OK,docs/alibra_data/tanker_trend_1yr/2026-09-02.csv
2026-09-06T18:02:05.671233+00:00,2026-09-02,tanker_trend_3yr,https://docs.google.com/spreadsheets/d/e/2PACX-1vSm3hFo3WpdJQ86FaGIy-S151biJvr2J31-kbmYmO9kOwJ2sDjbz-v8ooNpsufCepZS0tCUavO5iUrI/pub?gid=1501135879&single=true&output=csv,True,OK,docs/alibra_data/tanker_trend_3yr/2026-09-02.csv
2026-09-06T18:02:05.671233+00:00,2026-09-02,dry_bulk_archive_atl,https://docs.google.com/spreadsheets/d/e/2PACX-1vSm3hFo3WpdJQ86FaGIy-S151biJvr2J31-kbmYmO9kOwJ2sDjbz-v8ooNpsufCepZS0tCUavO5iUrI/pub?gid=1609275035&single=true&output=csv,True,OK,docs/alibra_data/dry_bulk_archive_atl/2026-09-02.csv
2026-09-06T18:02:05.671233+00:00,2026-09-02,dry_bulk_archive_pac,https://docs.google.com/spreadsheets/d/e/2PACX-1vSm3hFo3WpdJQ86FaGIy-S151biJvr2J31-kbmYmO9kOwJ2sDjbz-v8ooNpsufCepZS0tCUavO5iUrI/pub?gid=1656242999&single=true&output=csv,True,OK,docs/alibra_data/dry_bulk_archive_pac/2026-09-02.csv
2026-09-06T21:04:19.850835+00:00,2026-09-02,last_updated_stamp,https://docs.google.com/spreadsheets/d/e/2PACX-1vQk6073LStJEfzv418WKYluN2zykXon3KL58hPVNnqoOPiZVhBVzBCi9QnnAETwm_QbMvltcNCuzTzH/pub?gid=92942855&single=true&output=csv,True,OK,docs/alibra_data/last_updated_stamp/2026-09-02.csv
2026-09-06T21:04:19.850835+00:00,2026-09-02,dry_bulk_tce_table,https://docs.google.com/spreadsheets/d/e/2PACX-1vQk6073LStJEfzv418WKYluN2zykXon3KL58hPVNnqoOPiZVhBVzBCi9QnnAETwm_QbMvltcNCuzTzH/pub?gid=1944138367&single=true&output=csv,True,OK,docs/alibra_data/dry_bulk_tce_table/2026-09-02.csv
2026-09-06T21:04:19.850835+00:00,2026-09-02,tanker_tce_table,https://docs.google.com/spreadsheets/d/e/2PACX-1vQk6073LStJEfzv418WKYluN2zykXon3KL58hPVNnqoOPiZVhBVzBCi9QnnAETwm_QbMvltcNCuzTzH/pub?gid=1458966001&single=true&output=csv,True,OK,docs/alibra_data/tanker_tce_table/2026-09-02.csv
2026-09-06T21:04:19.850835+00:00,2026-09-02,forward_curves,https://docs.google.com/spreadsheets/d/e/2PACX-1vQkGGniHOjjs_0booelgLP3pGwySZLvMLskYlJCxNLcq6uf9EaH50Wcpob87lH7xw/pub?gid=1196769730&single=true&output=csv,True,OK,docs/alibra_data/forward_curves/2026-09-02.csv
2026-09-06T21:04:19.850835+00:00,2026-09-02,dry_bulk_trend_atl,https://docs.google.com/spreadsheets/d/e/2PACX-1vSm3hFo3WpdJQ86FaGIy-S151biJvr2J31-kbmYmO9kOwJ2sDjbz-v8ooNpsufCepZS0tCUavO5iUrI/pub?gid=409746990&single=true&output=csv,True,OK,docs/alibra_data/dry_bulk_trend_atl/2026-09-02.csv
2026-09-06T21:04:19.850835+00:00,2026-09-02,dry_bulk_trend_pac,https://docs.google.com/spreadsheets/d/e/2PACX-1vSm3hFo3WpdJQ86FaGIy-S151biJvr2J31-kbmYmO9kOwJ2sDjbz-v8ooNpsufCepZS0tCUavO5iUrI/pub?gid=779118968&single=true&output=csv,True,OK,docs/alibra_data/dry_bulk_trend_pac/2026-09-02.csv
2026-09-06T21:04:19.850835+00:00,2026-09-02,tanker_trend_1yr,https://docs.google.com/spreadsheets/d/e/2PACX-1vSm3hFo3WpdJQ86FaGIy-S151biJvr2J31-kbmYmO9kOwJ2sDjbz-v8ooNpsufCepZS0tCUavO5iUrI/pub?gid=137918187&single=true&output=csv,True,OK,docs/alibra_data/tanker_trend_1yr/2026-09-02.csv
2026-09-06T21:04:19.850835+00:00,2026-09-02,tanker_trend_3yr,https://docs.google.com/spreadsheets/d/e/2PACX-1vSm3hFo3WpdJQ86FaGIy-S151biJvr2J31-kbmYmO9kOwJ2sDjbz-v8ooNpsufCepZS0tCUavO5iUrI/pub?gid=1501135879&single=true&output=csv,True,OK,docs/alibra_data/tanker_trend_3yr/2026-09-02.csv
2026-09-06T21:04:19.850835+00:00,2026-09-02,dry_bulk_archive_atl,https://docs.google.com/spreadsheets/d/e/2PACX-1vSm3hFo3WpdJQ86FaGIy-S151biJvr2J31-kbmYmO9kOwJ2sDjbz-v8ooNpsufCepZS0tCUavO5iUrI/pub?gid=1609275035&single=true&output=csv,True,OK,docs/alibra_data/dry_bulk_archive_atl/2026-09-02.csv
2026-09-06T21:04:19.850835+00:00,2026-09-02,dry_bulk_archive_pac,https://docs.google.com/spreadsheets/d/e/2PACX-1vSm3hFo3WpdJQ86FaGIy-S151biJvr2J31-kbmYmO9kOwJ2sDjbz-v8ooNpsufCepZS0tCUavO5iUrI/pub?gid=1656242999&single=true&output=csv,True,OK,docs/alibra_data/dry_bulk_archive_pac/2026-09-02.csv
2026-09-06T23:27:31.890389+00:00,2026-09-02,last_updated_stamp,https://docs.google.com/spreadsheets/d/e/2PACX-1vQk6073LStJEfzv418WKYluN2zykXon3KL58hPVNnqoOPiZVhBVzBCi9QnnAETwm_QbMvltcNCuzTzH/pub?gid=92942855&single=true&output=csv,True,OK,docs/alibra_data/last_updated_stamp/2026-09-02.csv
2026-09-06T23:27:31.890389+00:00,2026-09-02,dry_bulk_tce_table,https://docs.google.com/spreadsheets/d/e/2PACX-1vQk6073LStJEfzv418WKYluN2zykXon3KL58hPVNnqoOPiZVhBVzBCi9QnnAETwm_QbMvltcNCuzTzH/pub?gid=1944138367&single=true&output=csv,True,OK,docs/alibra_data/dry_bulk_tce_table/2026-09-02.csv
2026-09-06T23:27:31.890389+00:00,2026-09-02,tanker_tce_table,https://docs.google.com/spreadsheets/d/e/2PACX-1vQk6073LStJEfzv418WKYluN2zykXon3KL58hPVNnqoOPiZVhBVzBCi9QnnAETwm_QbMvltcNCuzTzH/pub?gid=1458966001&single=true&output=csv,True,OK,docs/alibra_data/tanker_tce_table/2026-09-02.csv
2026-09-06T23:27:31.890389+00:00,2026-09-02,forward_curves,https://docs.google.com/spreadsheets/d/e/2PACX-1vQkGGniHOjjs_0booelgLP3pGwySZLvMLskYlJCxNLcq6uf9EaH50Wcpob87lH7xw/pub?gid=1196769730&single=true&output=csv,True,OK,docs/alibra_data/forward_curves/2026-09-02.csv
2026-09-06T23:27:31.890389+00:00,2026-09-02,dry_bulk_trend_atl,https://docs.google.com/spreadsheets/d/e/2PACX-1vSm3hFo3WpdJQ86FaGIy-S151biJvr2J31-kbmYmO9kOwJ2sDjbz-v8ooNpsufCepZS0tCUavO5iUrI/pub?gid=409746990&single=true&output=csv,True,OK,docs/alibra_data/dry_bulk_trend_atl/2026-09-02.csv
2026-09-06T23:27:31.890389+00:00,2026-09-02,dry_bulk_trend_pac,https://docs.google.com/spreadsheets/d/e/2PACX-1vSm3hFo3WpdJQ86FaGIy-S151biJvr2J31-kbmYmO9kOwJ2sDjbz-v8ooNpsufCepZS0tCUavO5iUrI/pub?gid=779118968&single=true&output=csv,True,OK,docs/alibra_data/dry_bulk_trend_pac/2026-09-02.csv
2026-09-06T23:27:31.890389+00:00,2026-09-02,tanker_trend_1yr,https://docs.google.com/spreadsheets/d/e/2PACX-1vSm3hFo3WpdJQ86FaGIy-S151biJvr2J31-kbmYmO9kOwJ2sDjbz-v8ooNpsufCepZS0tCUavO5iUrI/pub?gid=137918187&single=true&output=csv,True,OK,docs/alibra_data/tanker_trend_1yr/2026-09-02.csv
2026-09-06T23:27:31.890389+00:00,2026-09-02,tanker_trend_3yr,https://docs.google.com/spreadsheets/d/e/2PACX-1vSm3hFo3WpdJQ86FaGIy-S151biJvr2J31-kbmYmO9kOwJ2sDjbz-v8ooNpsufCepZS0tCUavO5iUrI/pub?gid=1501135879&single=true&output=csv,True,OK,docs/alibra_data/tanker_trend_3yr/2026-09-02.csv
2026-09-06T23:27:31.890389+00:00,2026-09-02,dry_bulk_archive_atl,https://docs.google.com/spreadsheets/d/e/2PACX-1vSm3hFo3WpdJQ86FaGIy-S151biJvr2J31-kbmYmO9kOwJ2sDjbz-v8ooNpsufCepZS0tCUavO5iUrI/pub?gid=1609275035&single=true&output=csv,True,OK,docs/alibra_data/dry_bulk_archive_atl/2026-09-02.csv
2026-09-06T23:27:31.890389+00:00,2026-09-02,dry_bulk_archive_pac,https://docs.google.com/spreadsheets/d/e/2PACX-1vSm3hFo3WpdJQ86FaGIy-S151biJvr2J31-kbmYmO9kOwJ2sDjbz-v8ooNpsufCepZS0tCUavO5iUrI/pub?gid=1656242999&single=true&output=csv,True,OK,docs/alibra_data/dry_bulk_archive_pac/2026-09-02.csv
2026-09-07T10:23:13.784633+00:00,2026-09-02,last_updated_stamp,https://docs.google.com/spreadsheets/d/e/2PACX-1vQk6073LStJEfzv418WKYluN2zykXon3KL58hPVNnqoOPiZVhBVzBCi9QnnAETwm_QbMvltcNCuzTzH/pub?gid=92942855&single=true&output=csv,True,OK,docs\alibra_data\last_updated_stamp\2026-09-02.csv
2026-09-07T10:23:13.784633+00:00,2026-09-02,dry_bulk_tce_table,https://docs.google.com/spreadsheets/d/e/2PACX-1vQk6073LStJEfzv418WKYluN2zykXon3KL58hPVNnqoOPiZVhBVzBCi9QnnAETwm_QbMvltcNCuzTzH/pub?gid=1944138367&single=true&output=csv,True,OK,docs\alibra_data\dry_bulk_tce_table\2026-09-02.csv
2026-09-07T10:23:13.784633+00:00,2026-09-02,tanker_tce_table,https://docs.google.com/spreadsheets/d/e/2PACX-1vQk6073LStJEfzv418WKYluN2zykXon3KL58hPVNnqoOPiZVhBVzBCi9QnnAETwm_QbMvltcNCuzTzH/pub?gid=1458966001&single=true&output=csv,True,OK,docs\alibra_data\tanker_tce_table\2026-09-02.csv
2026-09-07T10:23:13.784633+00:00,2026-09-02,forward_curves,https://docs.google.com/spreadsheets/d/e/2PACX-1vQkGGniHOjjs_0booelgLP3pGwySZLvMLskYlJCxNLcq6uf9EaH50Wcpob87lH7xw/pub?gid=1196769730&single=true&output=csv,True,OK,docs\alibra_data\forward_curves\2026-09-02.csv
2026-09-07T10:23:13.784633+00:00,2026-09-02,dry_bulk_trend_atl,https://docs.google.com/spreadsheets/d/e/2PACX-1vSm3hFo3WpdJQ86FaGIy-S151biJvr2J31-kbmYmO9kOwJ2sDjbz-v8ooNpsufCepZS0tCUavO5iUrI/pub?gid=409746990&single=true&output=csv,True,OK,docs\alibra_data\dry_bulk_trend_atl\2026-09-02.csv
2026-09-07T10:23:13.784633+00:00,2026-09-02,dry_bulk_trend_pac,https://docs.google.com/spreadsheets/d/e/2PACX-1vSm3hFo3WpdJQ86FaGIy-S151biJvr2J31-kbmYmO9kOwJ2sDjbz-v8ooNpsufCepZS0tCUavO5iUrI/pub?gid=779118968&single=true&output=csv,True,OK,docs\alibra_data\dry_bulk_trend_pac\2026-09-02.csv
2026-09-07T10:23:13.784633+00:00,2026-09-02,tanker_trend_1yr,https://docs.google.com/spreadsheets/d/e/2PACX-1vSm3hFo3WpdJQ86FaGIy-S151biJvr2J31-kbmYmO9kOwJ2sDjbz-v8ooNpsufCepZS0tCUavO5iUrI/pub?gid=137918187&single=true&output=csv,True,OK,docs\alibra_data\tanker_trend_1yr\2026-09-02.csv
2026-09-07T10:23:13.784633+00:00,2026-09-02,tanker_trend_3yr,https://docs.google.com/spreadsheets/d/e/2PACX-1vSm3hFo3WpdJQ86FaGIy-S151biJvr2J31-kbmYmO9kOwJ2sDjbz-v8ooNpsufCepZS0tCUavO5iUrI/pub?gid=1501135879&single=true&output=csv,True,OK,docs\alibra_data\tanker_trend_3yr\2026-09-02.csv
2026-09-07T10:23:13.784633+00:00,2026-09-02,dry_bulk_archive_atl,https://docs.google.com/spreadsheets/d/e/2PACX-1vSm3hFo3WpdJQ86FaGIy-S151biJvr2J31-kbmYmO9kOwJ2sDjbz-v8ooNpsufCepZS0tCUavO5iUrI/pub?gid=1609275035&single=true&output=csv,True,OK,docs\alibra_data\dry_bulk_archive_atl\2026-09-02.csv
2026-09-07T10:23:13.784633+00:00,2026-09-02,dry_bulk_archive_pac,https://docs.google.com/spreadsheets/d/e/2PACX-1vSm3hFo3WpdJQ86FaGIy-S151biJvr2J31-kbmYmO9kOwJ2sDjbz-v8ooNpsufCepZS0tCUavO5iUrI/pub?gid=1656242999&single=true&output=csv,True,OK,docs\alibra_data\dry_bulk_archive_pac\2026-09-02.csv
2026-09-07T11:19:12.344877+00:00,2026-09-02,last_updated_stamp,https://docs.google.com/spreadsheets/d/e/2PACX-1vQk6073LStJEfzv418WKYluN2zykXon3KL58hPVNnqoOPiZVhBVzBCi9QnnAETwm_QbMvltcNCuzTzH/pub?gid=92942855&single=true&output=csv,True,OK,docs\alibra_data\last_updated_stamp\2026-09-02.csv
2026-09-07T11:19:12.344877+00:00,2026-09-02,dry_bulk_tce_table,https://docs.google.com/spreadsheets/d/e/2PACX-1vQk6073LStJEfzv418WKYluN2zykXon3KL58hPVNnqoOPiZVhBVzBCi9QnnAETwm_QbMvltcNCuzTzH/pub?gid=1944138367&single=true&output=csv,True,OK,docs\alibra_data\dry_bulk_tce_table\2026-09-02.csv
2026-09-07T11:19:12.344877+00:00,2026-09-02,tanker_tce_table,https://docs.google.com/spreadsheets/d/e/2PACX-1vQk6073LStJEfzv418WKYluN2zykXon3KL58hPVNnqoOPiZVhBVzBCi9QnnAETwm_QbMvltcNCuzTzH/pub?gid=1458966001&single=true&output=csv,True,OK,docs\alibra_data\tanker_tce_table\2026-09-02.csv
2026-09-07T11:19:12.344877+00:00,2026-09-02,forward_curves,https://docs.google.com/spreadsheets/d/e/2PACX-1vQkGGniHOjjs_0booelgLP3pGwySZLvMLskYlJCxNLcq6uf9EaH50Wcpob87lH7xw/pub?gid=1196769730&single=true&output=csv,True,OK,docs\alibra_data\forward_curves\2026-09-02.csv
2026-09-07T11:19:12.344877+00:00,2026-09-02,dry_bulk_trend_atl,https://docs.google.com/spreadsheets/d/e/2PACX-1vSm3hFo3WpdJQ86FaGIy-S151biJvr2J31-kbmYmO9kOwJ2sDjbz-v8ooNpsufCepZS0tCUavO5iUrI/pub?gid=409746990&single=true&output=csv,True,OK,docs\alibra_data\dry_bulk_trend_atl\2026-09-02.csv
2026-09-07T11:19:12.344877+00:00,2026-09-02,dry_bulk_trend_pac,https://docs.google.com/spreadsheets/d/e/2PACX-1vSm3hFo3WpdJQ86FaGIy-S151biJvr2J31-kbmYmO9kOwJ2sDjbz-v8ooNpsufCepZS0tCUavO5iUrI/pub?gid=779118968&single=true&output=csv,True,OK,docs\alibra_data\dry_bulk_trend_pac\2026-09-02.csv
2026-09-07T11:19:12.344877+00:00,2026-09-02,tanker_trend_1yr,https://docs.google.com/spreadsheets/d/e/2PACX-1vSm3hFo3WpdJQ86FaGIy-S151biJvr2J31-kbmYmO9kOwJ2sDjbz-v8ooNpsufCepZS0tCUavO5iUrI/pub?gid=137918187&single=true&output=csv,True,OK,docs\alibra_data\tanker_trend_1yr\2026-09-02.csv
2026-09-07T11:19:12.344877+00:00,2026-09-02,tanker_trend_3yr,https://docs.google.com/spreadsheets/d/e/2PACX-1vSm3hFo3WpdJQ86FaGIy-S151biJvr2J31-kbmYmO9kOwJ2sDjbz-v8ooNpsufCepZS0tCUavO5iUrI/pub?gid=1501135879&single=true&output=csv,True,OK,docs\alibra_data\tanker_trend_3yr\2026-09-02.csv
2026-09-07T11:19:12.344877+00:00,2026-09-02,dry_bulk_archive_atl,https://docs.google.com/spreadsheets/d/e/2PACX-1vSm3hFo3WpdJQ86FaGIy-S151biJvr2J31-kbmYmO9kOwJ2sDjbz-v8ooNpsufCepZS0tCUavO5iUrI/pub?gid=1609275035&single=true&output=csv,True,OK,docs\alibra_data\dry_bulk_archive_atl\2026-09-02.csv
2026-09-07T11:19:12.344877+00:00,2026-09-02,dry_bulk_archive_pac,https://docs.google.com/spreadsheets/d/e/2PACX-1vSm3hFo3WpdJQ86FaGIy-S151biJvr2J31-kbmYmO9kOwJ2sDjbz-v8ooNpsufCepZS0tCUavO5iUrI/pub?gid=1656242999&single=true&output=csv,True,OK,docs\alibra_data\dry_bulk_archive_pac\2026-09-02.csv
2026-09-07T13:18:27.748405+00:00,2026-09-02,last_updated_stamp,https://docs.google.com/spreadsheets/d/e/2PACX-1vQk6073LStJEfzv418WKYluN2zykXon3KL58hPVNnqoOPiZVhBVzBCi9QnnAETwm_QbMvltcNCuzTzH/pub?gid=92942855&single=true&output=csv,True,OK,docs/alibra_data/last_updated_stamp/2026-09-02.csv
2026-09-07T13:18:27.748405+00:00,2026-09-02,dry_bulk_tce_table,https://docs.google.com/spreadsheets/d/e/2PACX-1vQk6073LStJEfzv418WKYluN2zykXon3KL58hPVNnqoOPiZVhBVzBCi9QnnAETwm_QbMvltcNCuzTzH/pub?gid=1944138367&single=true&output=csv,True,OK,docs/alibra_data/dry_bulk_tce_table/2026-09-02.csv
2026-09-07T13:18:27.748405+00:00,2026-09-02,tanker_tce_table,https://docs.google.com/spreadsheets/d/e/2PACX-1vQk6073LStJEfzv418WKYluN2zykXon3KL58hPVNnqoOPiZVhBVzBCi9QnnAETwm_QbMvltcNCuzTzH/pub?gid=1458966001&single=true&output=csv,True,OK,docs/alibra_data/tanker_tce_table/2026-09-02.csv
2026-09-07T13:18:27.748405+00:00,2026-09-02,forward_curves,https://docs.google.com/spreadsheets/d/e/2PACX-1vQkGGniHOjjs_0booelgLP3pGwySZLvMLskYlJCxNLcq6uf9EaH50Wcpob87lH7xw/pub?gid=1196769730&single=true&output=csv,True,OK,docs/alibra_data/forward_curves/2026-09-02.csv
2026-09-07T13:18:27.748405+00:00,2026-09-02,dry_bulk_trend_atl,https://docs.google.com/spreadsheets/d/e/2PACX-1vSm3hFo3WpdJQ86FaGIy-S151biJvr2J31-kbmYmO9kOwJ2sDjbz-v8ooNpsufCepZS0tCUavO5iUrI/pub?gid=409746990&single=true&output=csv,True,OK,docs/alibra_data/dry_bulk_trend_atl/2026-09-02.csv
2026-09-07T13:18:27.748405+00:00,2026-09-02,dry_bulk_trend_pac,https://docs.google.com/spreadsheets/d/e/2PACX-1vSm3hFo3WpdJQ86FaGIy-S151biJvr2J31-kbmYmO9kOwJ2sDjbz-v8ooNpsufCepZS0tCUavO5iUrI/pub?gid=779118968&single=true&output=csv,True,OK,docs/alibra_data/dry_bulk_trend_pac/2026-09-02.csv
2026-09-07T13:18:27.748405+00:00,2026-09-02,tanker_trend_1yr,https://docs.google.com/spreadsheets/d/e/2PACX-1vSm3hFo3WpdJQ86FaGIy-S151biJvr2J31-kbmYmO9kOwJ2sDjbz-v8ooNpsufCepZS0tCUavO5iUrI/pub?gid=137918187&single=true&output=csv,True,OK,docs/alibra_data/tanker_trend_1yr/2026-09-02.csv
2026-09-07T13:18:27.748405+00:00,2026-09-02,tanker_trend_3yr,https://docs.google.com/spreadsheets/d/e/2PACX-1vSm3hFo3WpdJQ86FaGIy-S151biJvr2J31-kbmYmO9kOwJ2sDjbz-v8ooNpsufCepZS0tCUavO5iUrI/pub?gid=1501135879&single=true&output=csv,True,OK,docs/alibra_data/tanker_trend_3yr/2026-09-02.csv
2026-09-07T13:18:27.748405+00:00,2026-09-02,dry_bulk_archive_atl,https://docs.google.com/spreadsheets/d/e/2PACX-1vSm3hFo3WpdJQ86FaGIy-S151biJvr2J31-kbmYmO9kOwJ2sDjbz-v8ooNpsufCepZS0tCUavO5iUrI/pub?gid=1609275035&single=true&output=csv,True,OK,docs/alibra_data/dry_bulk_archive_atl/2026-09-02.csv
2026-09-07T13:18:27.748405+00:00,2026-09-02,dry_bulk_archive_pac,https://docs.google.com/spreadsheets/d/e/2PACX-1vSm3hFo3WpdJQ86FaGIy-S151biJvr2J31-kbmYmO9kOwJ2sDjbz-v8ooNpsufCepZS0tCUavO5iUrI/pub?gid=1656242999&single=true&output=csv,True,OK,docs/alibra_data/dry_bulk_archive_pac/2026-09-02.csv
2026-09-07T16:05:19.845365+00:00,2026-09-02,last_updated_stamp,https://docs.google.com/spreadsheets/d/e/2PACX-1vQk6073LStJEfzv418WKYluN2zykXon3KL58hPVNnqoOPiZVhBVzBCi9QnnAETwm_QbMvltcNCuzTzH/pub?gid=92942855&single=true&output=csv,True,OK,docs/alibra_data/last_updated_stamp/2026-09-02.csv
2026-09-07T16:05:19.845365+00:00,2026-09-02,dry_bulk_tce_table,https://docs.google.com/spreadsheets/d/e/2PACX-1vQk6073LStJEfzv418WKYluN2zykXon3KL58hPVNnqoOPiZVhBVzBCi9QnnAETwm_QbMvltcNCuzTzH/pub?gid=1944138367&single=true&output=csv,True,OK,docs/alibra_data/dry_bulk_tce_table/2026-09-02.csv
2026-09-07T16:05:19.845365+00:00,2026-09-02,tanker_tce_table,https://docs.google.com/spreadsheets/d/e/2PACX-1vQk6073LStJEfzv418WKYluN2zykXon3KL58hPVNnqoOPiZVhBVzBCi9QnnAETwm_QbMvltcNCuzTzH/pub?gid=1458966001&single=true&output=csv,True,OK,docs/alibra_data/tanker_tce_table/2026-09-02.csv
2026-09-07T16:05:19.845365+00:00,2026-09-02,forward_curves,https://docs.google.com/spreadsheets/d/e/2PACX-1vQkGGniHOjjs_0booelgLP3pGwySZLvMLskYlJCxNLcq6uf9EaH50Wcpob87lH7xw/pub?gid=1196769730&single=true&output=csv,True,OK,docs/alibra_data/forward_curves/2026-09-02.csv
2026-09-07T16:05:19.845365+00:00,2026-09-02,dry_bulk_trend_atl,https://docs.google.com/spreadsheets/d/e/2PACX-1vSm3hFo3WpdJQ86FaGIy-S151biJvr2J31-kbmYmO9kOwJ2sDjbz-v8ooNpsufCepZS0tCUavO5iUrI/pub?gid=409746990&single=true&output=csv,True,OK,docs/alibra_data/dry_bulk_trend_atl/2026-09-02.csv
2026-09-07T16:05:19.845365+00:00,2026-09-02,dry_bulk_trend_pac,https://docs.google.com/spreadsheets/d/e/2PACX-1vSm3hFo3WpdJQ86FaGIy-S151biJvr2J31-kbmYmO9kOwJ2sDjbz-v8ooNpsufCepZS0tCUavO5iUrI/pub?gid=779118968&single=true&output=csv,True,OK,docs/alibra_data/dry_bulk_trend_pac/2026-09-02.csv
2026-09-07T16:05:19.845365+00:00,2026-09-02,tanker_trend_1yr,https://docs.google.com/spreadsheets/d/e/2PACX-1vSm3hFo3WpdJQ86FaGIy-S151biJvr2J31-kbmYmO9kOwJ2sDjbz-v8ooNpsufCepZS0tCUavO5iUrI/pub?gid=137918187&single=true&output=csv,True,OK,docs/alibra_data/tanker_trend_1yr/2026-09-02.csv
2026-09-07T16:05:19.845365+00:00,2026-09-02,tanker_trend_3yr,https://docs.google.com/spreadsheets/d/e/2PACX-1vSm3hFo3WpdJQ86FaGIy-S151biJvr2J31-kbmYmO9kOwJ2sDjbz-v8ooNpsufCepZS0tCUavO5iUrI/pub?gid=1501135879&single=true&output=csv,True,OK,docs/alibra_data/tanker_trend_3yr/2026-09-02.csv
2026-09-07T16:05:19.845365+00:00,2026-09-02,dry_bulk_archive_atl,https://docs.google.com/spreadsheets/d/e/2PACX-1vSm3hFo3WpdJQ86FaGIy-S151biJvr2J31-kbmYmO9kOwJ2sDjbz-v8ooNpsufCepZS0tCUavO5iUrI/pub?gid=1609275035&single=true&output=csv,True,OK,docs/alibra_data/dry_bulk_archive_atl/2026-09-02.csv
2026-09-07T16:05:19.845365+00:00,2026-09-02,dry_bulk_archive_pac,https://docs.google.com/spreadsheets/d/e/2PACX-1vSm3hFo3WpdJQ86FaGIy-S151biJvr2J31-kbmYmO9kOwJ2sDjbz-v8ooNpsufCepZS0tCUavO5iUrI/pub?gid=1656242999&single=true&output=csv,True,OK,docs/alibra_data/dry_bulk_archive_pac/2026-09-02.csv
2026-09-07T18:40:08.092474+00:00,2026-09-02,last_updated_stamp,https://docs.google.com/spreadsheets/d/e/2PACX-1vQk6073LStJEfzv418WKYluN2zykXon3KL58hPVNnqoOPiZVhBVzBCi9QnnAETwm_QbMvltcNCuzTzH/pub?gid=92942855&single=true&output=csv,True,OK,docs/alibra_data/last_updated_stamp/2026-09-02.csv
2026-09-07T18:40:08.092474+00:00,2026-09-02,dry_bulk_tce_table,https://docs.google.com/spreadsheets/d/e/2PACX-1vQk6073LStJEfzv418WKYluN2zykXon3KL58hPVNnqoOPiZVhBVzBCi9QnnAETwm_QbMvltcNCuzTzH/pub?gid=1944138367&single=true&output=csv,True,OK,docs/alibra_data/dry_bulk_tce_table/2026-09-02.csv
2026-09-07T18:40:08.092474+00:00,2026-09-02,tanker_tce_table,https://docs.google.com/spreadsheets/d/e/2PACX-1vQk6073LStJEfzv418WKYluN2zykXon3KL58hPVNnqoOPiZVhBVzBCi9QnnAETwm_QbMvltcNCuzTzH/pub?gid=1458966001&single=true&output=csv,True,OK,docs/alibra_data/tanker_tce_table/2026-09-02.csv
2026-09-07T18:40:08.092474+00:00,2026-09-02,forward_curves,https://docs.google.com/spreadsheets/d/e/2PACX-1vQkGGniHOjjs_0booelgLP3pGwySZLvMLskYlJCxNLcq6uf9EaH50Wcpob87lH7xw/pub?gid=1196769730&single=true&output=csv,True,OK,docs/alibra_data/forward_curves/2026-09-02.csv
2026-09-07T18:40:08.092474+00:00,2026-09-02,dry_bulk_trend_atl,https://docs.google.com/spreadsheets/d/e/2PACX-1vSm3hFo3WpdJQ86FaGIy-S151biJvr2J31-kbmYmO9kOwJ2sDjbz-v8ooNpsufCepZS0tCUavO5iUrI/pub?gid=409746990&single=true&output=csv,True,OK,docs/alibra_data/dry_bulk_trend_atl/2026-09-02.csv
2026-09-07T18:40:08.092474+00:00,2026-09-02,dry_bulk_trend_pac,https://docs.google.com/spreadsheets/d/e/2PACX-1vSm3hFo3WpdJQ86FaGIy-S151biJvr2J31-kbmYmO9kOwJ2sDjbz-v8ooNpsufCepZS0tCUavO5iUrI/pub?gid=779118968&single=true&output=csv,True,OK,docs/alibra_data/dry_bulk_trend_pac/2026-09-02.csv
2026-09-07T18:40:08.092474+00:00,2026-09-02,tanker_trend_1yr,https://docs.google.com/spreadsheets/d/e/2PACX-1vSm3hFo3WpdJQ86FaGIy-S151biJvr2J31-kbmYmO9kOwJ2sDjbz-v8ooNpsufCepZS0tCUavO5iUrI/pub?gid=137918187&single=true&output=csv,True,OK,docs/alibra_data/tanker_trend_1yr/2026-09-02.csv
2026-09-07T18:40:08.092474+00:00,2026-09-02,tanker_trend_3yr,https://docs.google.com/spreadsheets/d/e/2PACX-1vSm3hFo3WpdJQ86FaGIy-S151biJvr2J31-kbmYmO9kOwJ2sDjbz-v8ooNpsufCepZS0tCUavO5iUrI/pub?gid=1501135879&single=true&output=csv,True,OK,docs/alibra_data/tanker_trend_3yr/2026-09-02.csv
2026-09-07T18:40:08.092474+00:00,2026-09-02,dry_bulk_archive_atl,https://docs.google.com/spreadsheets/d/e/2PACX-1vSm3hFo3WpdJQ86FaGIy-S151biJvr2J31-kbmYmO9kOwJ2sDjbz-v8ooNpsufCepZS0tCUavO5iUrI/pub?gid=1609275035&single=true&output=csv,True,OK,docs/alibra_data/dry_bulk_archive_atl/2026-09-02.csv
2026-09-07T18:40:08.092474+00:00,2026-09-02,dry_bulk_archive_pac,https://docs.google.com/spreadsheets/d/e/2PACX-1vSm3hFo3WpdJQ86FaGIy-S151biJvr2J31-kbmYmO9kOwJ2sDjbz-v8ooNpsufCepZS0tCUavO5iUrI/pub?gid=1656242999&single=true&output=csv,True,OK,docs/alibra_data/dry_bulk_archive_pac/2026-09-02.csv
2026-09-07T19:37:13.744838+00:00,2026-09-02,last_updated_stamp,https://docs.google.com/spreadsheets/d/e/2PACX-1vQk6073LStJEfzv418WKYluN2zykXon3KL58hPVNnqoOPiZVhBVzBCi9QnnAETwm_QbMvltcNCuzTzH/pub?gid=92942855&single=true&output=csv,True,OK,docs/alibra_data/last_updated_stamp/2026-09-02.csv
2026-09-07T19:37:13.744838+00:00,2026-09-02,dry_bulk_tce_table,https://docs.google.com/spreadsheets/d/e/2PACX-1vQk6073LStJEfzv418WKYluN2zykXon3KL58hPVNnqoOPiZVhBVzBCi9QnnAETwm_QbMvltcNCuzTzH/pub?gid=1944138367&single=true&output=csv,True,OK,docs/alibra_data/dry_bulk_tce_table/2026-09-02.csv
2026-09-07T19:37:13.744838+00:00,2026-09-02,tanker_tce_table,https://docs.google.com/spreadsheets/d/e/2PACX-1vQk6073LStJEfzv418WKYluN2zykXon3KL58hPVNnqoOPiZVhBVzBCi9QnnAETwm_QbMvltcNCuzTzH/pub?gid=1458966001&single=true&output=csv,True,OK,docs/alibra_data/tanker_tce_table/2026-09-02.csv
2026-09-07T19:37:13.744838+00:00,2026-09-02,forward_curves,https://docs.google.com/spreadsheets/d/e/2PACX-1vQkGGniHOjjs_0booelgLP3pGwySZLvMLskYlJCxNLcq6uf9EaH50Wcpob87lH7xw/pub?gid=1196769730&single=true&output=csv,True,OK,docs/alibra_data/forward_curves/2026-09-02.csv
2026-09-07T19:37:13.744838+00:00,2026-09-02,dry_bulk_trend_atl,https://docs.google.com/spreadsheets/d/e/2PACX-1vSm3hFo3WpdJQ86FaGIy-S151biJvr2J31-kbmYmO9kOwJ2sDjbz-v8ooNpsufCepZS0tCUavO5iUrI/pub?gid=409746990&single=true&output=csv,True,OK,docs/alibra_data/dry_bulk_trend_atl/2026-09-02.csv
2026-09-07T19:37:13.744838+00:00,2026-09-02,dry_bulk_trend_pac,https://docs.google.com/spreadsheets/d/e/2PACX-1vSm3hFo3WpdJQ86FaGIy-S151biJvr2J31-kbmYmO9kOwJ2sDjbz-v8ooNpsufCepZS0tCUavO5iUrI/pub?gid=779118968&single=true&output=csv,True,OK,docs/alibra_data/dry_bulk_trend_pac/2026-09-02.csv
2026-09-07T19:37:13.744838+00:00,2026-09-02,tanker_trend_1yr,https://docs.google.com/spreadsheets/d/e/2PACX-1vSm3hFo3WpdJQ86FaGIy-S151biJvr2J31-kbmYmO9kOwJ2sDjbz-v8ooNpsufCepZS0tCUavO5iUrI/pub?gid=137918187&single=true&output=csv,True,OK,docs/alibra_data/tanker_trend_1yr/2026-09-02.csv
2026-09-07T19:37:13.744838+00:00,2026-09-02,tanker_trend_3yr,https://docs.google.com/spreadsheets/d/e/2PACX-1vSm3hFo3WpdJQ86FaGIy-S151biJvr2J31-kbmYmO9kOwJ2sDjbz-v8ooNpsufCepZS0tCUavO5iUrI/pub?gid=1501135879&single=true&output=csv,True,OK,docs/alibra_data/tanker_trend_3yr/2026-09-02.csv
2026-09-07T19:37:13.744838+00:00,2026-09-02,dry_bulk_archive_atl,https://docs.google.com/spreadsheets/d/e/2PACX-1vSm3hFo3WpdJQ86FaGIy-S151biJvr2J31-kbmYmO9kOwJ2sDjbz-v8ooNpsufCepZS0tCUavO5iUrI/pub?gid=1609275035&single=true&output=csv,True,OK,docs/alibra_data/dry_bulk_archive_atl/2026-09-02.csv
2026-09-07T19:37:13.744838+00:00,2026-09-02,dry_bulk_archive_pac,https://docs.google.com/spreadsheets/d/e/2PACX-1vSm3hFo3WpdJQ86FaGIy-S151biJvr2J31-kbmYmO9kOwJ2sDjbz-v8ooNpsufCepZS0tCUavO5iUrI/pub?gid=1656242999&single=true&output=csv,True,OK,docs/alibra_data/dry_bulk_archive_pac/2026-09-02.csv
2026-09-07T21:57:30.853048+00:00,2026-09-02,last_updated_stamp,https://docs.google.com/spreadsheets/d/e/2PACX-1vQk6073LStJEfzv418WKYluN2zykXon3KL58hPVNnqoOPiZVhBVzBCi9QnnAETwm_QbMvltcNCuzTzH/pub?gid=92942855&single=true&output=csv,True,OK,docs/alibra_data/last_updated_stamp/2026-09-02.csv
2026-09-07T21:57:30.853048+00:00,2026-09-02,dry_bulk_tce_table,https://docs.google.com/spreadsheets/d/e/2PACX-1vQk6073LStJEfzv418WKYluN2zykXon3KL58hPVNnqoOPiZVhBVzBCi9QnnAETwm_QbMvltcNCuzTzH/pub?gid=1944138367&single=true&output=csv,True,OK,docs/alibra_data/dry_bulk_tce_table/2026-09-02.csv
2026-09-07T21:57:30.853048+00:00,2026-09-02,tanker_tce_table,https://docs.google.com/spreadsheets/d/e/2PACX-1vQk6073LStJEfzv418WKYluN2zykXon3KL58hPVNnqoOPiZVhBVzBCi9QnnAETwm_QbMvltcNCuzTzH/pub?gid=1458966001&single=true&output=csv,True,OK,docs/alibra_data/tanker_tce_table/2026-09-02.csv
2026-09-07T21:57:30.853048+00:00,2026-09-02,forward_curves,https://docs.google.com/spreadsheets/d/e/2PACX-1vQkGGniHOjjs_0booelgLP3pGwySZLvMLskYlJCxNLcq6uf9EaH50Wcpob87lH7xw/pub?gid=1196769730&single=true&output=csv,True,OK,docs/alibra_data/forward_curves/2026-09-02.csv
2026-09-07T21:57:30.853048+00:00,2026-09-02,dry_bulk_trend_atl,https://docs.google.com/spreadsheets/d/e/2PACX-1vSm3hFo3WpdJQ86FaGIy-S151biJvr2J31-kbmYmO9kOwJ2sDjbz-v8ooNpsufCepZS0tCUavO5iUrI/pub?gid=409746990&single=true&output=csv,True,OK,docs/alibra_data/dry_bulk_trend_atl/2026-09-02.csv
2026-09-07T21:57:30.853048+00:00,2026-09-02,dry_bulk_trend_pac,https://docs.google.com/spreadsheets/d/e/2PACX-1vSm3hFo3WpdJQ86FaGIy-S151biJvr2J31-kbmYmO9kOwJ2sDjbz-v8ooNpsufCepZS0tCUavO5iUrI/pub?gid=779118968&single=true&output=csv,True,OK,docs/alibra_data/dry_bulk_trend_pac/2026-09-02.csv
2026-09-07T21:57:30.853048+00:00,2026-09-02,tanker_trend_1yr,https://docs.google.com/spreadsheets/d/e/2PACX-1vSm3hFo3WpdJQ86FaGIy-S151biJvr2J31-kbmYmO9kOwJ2sDjbz-v8ooNpsufCepZS0tCUavO5iUrI/pub?gid=137918187&single=true&output=csv,True,OK,docs/alibra_data/tanker_trend_1yr/2026-09-02.csv
2026-09-07T21:57:30.853048+00:00,2026-09-02,tanker_trend_3yr,https://docs.google.com/spreadsheets/d/e/2PACX-1vSm3hFo3WpdJQ86FaGIy-S151biJvr2J31-kbmYmO9kOwJ2sDjbz-v8ooNpsufCepZS0tCUavO5iUrI/pub?gid=1501135879&single=true&output=csv,True,OK,docs/alibra_data/tanker_trend_3yr/2026-09-02.csv
2026-09-07T21:57:30.853048+00:00,2026-09-02,dry_bulk_archive_atl,https://docs.google.com/spreadsheets/d/e/2PACX-1vSm3hFo3WpdJQ86FaGIy-S151biJvr2J31-kbmYmO9kOwJ2sDjbz-v8ooNpsufCepZS0tCUavO5iUrI/pub?gid=1609275035&single=true&output=csv,True,OK,docs/alibra_data/dry_bulk_archive_atl/2026-09-02.csv
2026-09-07T21:57:30.853048+00:00,2026-09-02,dry_bulk_archive_pac,https://docs.google.com/spreadsheets/d/e/2PACX-1vSm3hFo3WpdJQ86FaGIy-S151biJvr2J31-kbmYmO9kOwJ2sDjbz-v8ooNpsufCepZS0tCUavO5iUrI/pub?gid=1656242999&single=true&output=csv,True,OK,docs/alibra_data/dry_bulk_archive_pac/2026-09-02.csv
2026-09-07T23:58:21.631346+00:00,2026-09-02,last_updated_stamp,https://docs.google.com/spreadsheets/d/e/2PACX-1vQk6073LStJEfzv418WKYluN2zykXon3KL58hPVNnqoOPiZVhBVzBCi9QnnAETwm_QbMvltcNCuzTzH/pub?gid=92942855&single=true&output=csv,True,OK,docs/alibra_data/last_updated_stamp/2026-09-02.csv
2026-09-07T23:58:21.631346+00:00,2026-09-02,dry_bulk_tce_table,https://docs.google.com/spreadsheets/d/e/2PACX-1vQk6073LStJEfzv418WKYluN2zykXon3KL58hPVNnqoOPiZVhBVzBCi9QnnAETwm_QbMvltcNCuzTzH/pub?gid=1944138367&single=true&output=csv,True,OK,docs/alibra_data/dry_bulk_tce_table/2026-09-02.csv
2026-09-07T23:58:21.631346+00:00,2026-09-02,tanker_tce_table,https://docs.google.com/spreadsheets/d/e/2PACX-1vQk6073LStJEfzv418WKYluN2zykXon3KL58hPVNnqoOPiZVhBVzBCi9QnnAETwm_QbMvltcNCuzTzH/pub?gid=1458966001&single=true&output=csv,True,OK,docs/alibra_data/tanker_tce_table/2026-09-02.csv
2026-09-07T23:58:21.631346+00:00,2026-09-02,forward_curves,https://docs.google.com/spreadsheets/d/e/2PACX-1vQkGGniHOjjs_0booelgLP3pGwySZLvMLskYlJCxNLcq6uf9EaH50Wcpob87lH7xw/pub?gid=1196769730&single=true&output=csv,True,OK,docs/alibra_data/forward_curves/2026-09-02.csv
2026-09-07T23:58:21.631346+00:00,2026-09-02,dry_bulk_trend_atl,https://docs.google.com/spreadsheets/d/e/2PACX-1vSm3hFo3WpdJQ86FaGIy-S151biJvr2J31-kbmYmO9kOwJ2sDjbz-v8ooNpsufCepZS0tCUavO5iUrI/pub?gid=409746990&single=true&output=csv,True,OK,docs/alibra_data/dry_bulk_trend_atl/2026-09-02.csv
2026-09-07T23:58:21.631346+00:00,2026-09-02,dry_bulk_trend_pac,https://docs.google.com/spreadsheets/d/e/2PACX-1vSm3hFo3WpdJQ86FaGIy-S151biJvr2J31-kbmYmO9kOwJ2sDjbz-v8ooNpsufCepZS0tCUavO5iUrI/pub?gid=779118968&single=true&output=csv,True,OK,docs/alibra_data/dry_bulk_trend_pac/2026-09-02.csv
2026-09-07T23:58:21.631346+00:00,2026-09-02,tanker_trend_1yr,https://docs.google.com/spreadsheets/d/e/2PACX-1vSm3hFo3WpdJQ86FaGIy-S151biJvr2J31-kbmYmO9kOwJ2sDjbz-v8ooNpsufCepZS0tCUavO5iUrI/pub?gid=137918187&single=true&output=csv,True,OK,docs/alibra_data/tanker_trend_1yr/2026-09-02.csv
2026-09-07T23:58:21.631346+00:00,2026-09-02,tanker_trend_3yr,https://docs.google.com/spreadsheets/d/e/2PACX-1vSm3hFo3WpdJQ86FaGIy-S151biJvr2J31-kbmYmO9kOwJ2sDjbz-v8ooNpsufCepZS0tCUavO5iUrI/pub?gid=1501135879&single=true&output=csv,True,OK,docs/alibra_data/tanker_trend_3yr/2026-09-02.csv
2026-09-07T23:58:21.631346+00:00,2026-09-02,dry_bulk_archive_atl,https://docs.google.com/spreadsheets/d/e/2PACX-1vSm3hFo3WpdJQ86FaGIy-S151biJvr2J31-kbmYmO9kOwJ2sDjbz-v8ooNpsufCepZS0tCUavO5iUrI/pub?gid=1609275035&single=true&output=csv,True,OK,docs/alibra_data/dry_bulk_archive_atl/2026-09-02.csv
2026-09-07T23:58:21.631346+00:00,2026-09-02,dry_bulk_archive_pac,https://docs.google.com/spreadsheets/d/e/2PACX-1vSm3hFo3WpdJQ86FaGIy-S151biJvr2J31-kbmYmO9kOwJ2sDjbz-v8ooNpsufCepZS0tCUavO5iUrI/pub?gid=1656242999&single=true&output=csv,True,OK,docs/alibra_data/dry_bulk_archive_pac/2026-09-02.csv
2026-09-08T12:00:16.900722+00:00,2026-09-02,last_updated_stamp,https://docs.google.com/spreadsheets/d/e/2PACX-1vQk6073LStJEfzv418WKYluN2zykXon3KL58hPVNnqoOPiZVhBVzBCi9QnnAETwm_QbMvltcNCuzTzH/pub?gid=92942855&single=true&output=csv,True,OK,docs/alibra_data/last_updated_stamp/2026-09-02.csv
2026-09-08T12:00:16.900722+00:00,2026-09-02,dry_bulk_tce_table,https://docs.google.com/spreadsheets/d/e/2PACX-1vQk6073LStJEfzv418WKYluN2zykXon3KL58hPVNnqoOPiZVhBVzBCi9QnnAETwm_QbMvltcNCuzTzH/pub?gid=1944138367&single=true&output=csv,True,OK,docs/alibra_data/dry_bulk_tce_table/2026-09-02.csv
2026-09-08T12:00:16.900722+00:00,2026-09-02,tanker_tce_table,https://docs.google.com/spreadsheets/d/e/2PACX-1vQk6073LStJEfzv418WKYluN2zykXon3KL58hPVNnqoOPiZVhBVzBCi9QnnAETwm_QbMvltcNCuzTzH/pub?gid=1458966001&single=true&output=csv,True,OK,docs/alibra_data/tanker_tce_table/2026-09-02.csv
2026-09-08T12:00:16.900722+00:00,2026-09-02,forward_curves,https://docs.google.com/spreadsheets/d/e/2PACX-1vQkGGniHOjjs_0booelgLP3pGwySZLvMLskYlJCxNLcq6uf9EaH50Wcpob87lH7xw/pub?gid=1196769730&single=true&output=csv,True,OK,docs/alibra_data/forward_curves/2026-09-02.csv
2026-09-08T12:00:16.900722+00:00,2026-09-02,dry_bulk_trend_atl,https://docs.google.com/spreadsheets/d/e/2PACX-1vSm3hFo3WpdJQ86FaGIy-S151biJvr2J31-kbmYmO9kOwJ2sDjbz-v8ooNpsufCepZS0tCUavO5iUrI/pub?gid=409746990&single=true&output=csv,True,OK,docs/alibra_data/dry_bulk_trend_atl/2026-09-02.csv
2026-09-08T12:00:16.900722+00:00,2026-09-02,dry_bulk_trend_pac,https://docs.google.com/spreadsheets/d/e/2PACX-1vSm3hFo3WpdJQ86FaGIy-S151biJvr2J31-kbmYmO9kOwJ2sDjbz-v8ooNpsufCepZS0tCUavO5iUrI/pub?gid=779118968&single=true&output=csv,True,OK,docs/alibra_data/dry_bulk_trend_pac/2026-09-02.csv
2026-09-08T12:00:16.900722+00:00,2026-09-02,tanker_trend_1yr,https://docs.google.com/spreadsheets/d/e/2PACX-1vSm3hFo3WpdJQ86FaGIy-S151biJvr2J31-kbmYmO9kOwJ2sDjbz-v8ooNpsufCepZS0tCUavO5iUrI/pub?gid=137918187&single=true&output=csv,True,OK,docs/alibra_data/tanker_trend_1yr/2026-09-02.csv
2026-09-08T12:00:16.900722+00:00,2026-09-02,tanker_trend_3yr,https://docs.google.com/spreadsheets/d/e/2PACX-1vSm3hFo3WpdJQ86FaGIy-S151biJvr2J31-kbmYmO9kOwJ2sDjbz-v8ooNpsufCepZS0tCUavO5iUrI/pub?gid=1501135879&single=true&output=csv,True,OK,docs/alibra_data/tanker_trend_3yr/2026-09-02.csv
2026-09-08T12:00:16.900722+00:00,2026-09-02,dry_bulk_archive_atl,https://docs.google.com/spreadsheets/d/e/2PACX-1vSm3hFo3WpdJQ86FaGIy-S151biJvr2J31-kbmYmO9kOwJ2sDjbz-v8ooNpsufCepZS0tCUavO5iUrI/pub?gid=1609275035&single=true&output=csv,True,OK,docs/alibra_data/dry_bulk_archive_atl/2026-09-02.csv
2026-09-08T12:00:16.900722+00:00,2026-09-02,dry_bulk_archive_pac,https://docs.google.com/spreadsheets/d/e/2PACX-1vSm3hFo3WpdJQ86FaGIy-S151biJvr2J31-kbmYmO9kOwJ2sDjbz-v8ooNpsufCepZS0tCUavO5iUrI/pub?gid=1656242999&single=true&output=csv,True,OK,docs/alibra_data/dry_bulk_archive_pac/2026-09-02.csv
