date,index_name,index_code,close,open,high,low,volume,change_pct
2005-05-06,Capital Link MLP,CLMLP,2551.0,2551.0,2551.0,2551.0,0.0,0.0
2005-05-09,Capital Link MLP,CLMLP,2615.0,2615.0,2615.0,2615.0,0.0,2.51
2005-05-10,Capital Link MLP,CLMLP,2565.0,2565.0,2565.0,2565.0,0.0,-1.91
2005-05-11,Capital Link MLP,CLMLP,2573.0,2573.0,2573.0,2573.0,0.0,0.31
2005-05-12,Capital Link MLP,CLMLP,2555.0,2555.0,2555.0,2555.0,0.0,-0.7
2005-05-13,Capital Link MLP,CLMLP,2550.0,2550.0,2550.0,2550.0,0.0,-0.2
2005-05-16,Capital Link MLP,CLMLP,2550.0,2550.0,2550.0,2550.0,0.0,0.0
2005-05-17,Capital Link MLP,CLMLP,2635.0,2635.0,2635.0,2635.0,0.0,3.33
2005-05-18,Capital Link MLP,CLMLP,2610.0,2610.0,2610.0,2610.0,0.0,-0.95
2005-05-19,Capital Link MLP,CLMLP,2591.0,2591.0,2591.0,2591.0,0.0,-0.73
2005-05-20,Capital Link MLP,CLMLP,2613.0,2613.0,2613.0,2613.0,0.0,0.85
2005-05-23,Capital Link MLP,CLMLP,2585.0,2585.0,2585.0,2585.0,0.0,-1.07
2005-05-24,Capital Link MLP,CLMLP,2592.0,2592.0,2592.0,2592.0,0.0,0.27
2005-05-25,Capital Link MLP,CLMLP,2592.0,2592.0,2592.0,2592.0,0.0,0.0
2005-05-26,Capital Link MLP,CLMLP,2600.0,2600.0,2600.0,2600.0,0.0,0.31
2005-05-27,Capital Link MLP,CLMLP,2630.0,2630.0,2630.0,2630.0,0.0,1.15
2005-05-31,Capital Link MLP,CLMLP,2637.0,2637.0,2637.0,2637.0,0.0,0.27
2005-06-01,Capital Link MLP,CLMLP,2650.0,2650.0,2650.0,2650.0,0.0,0.49
2005-06-02,Capital Link MLP,CLMLP,2659.0,2659.0,2659.0,2659.0,0.0,0.34
2005-06-03,Capital Link MLP,CLMLP,2660.0,2660.0,2660.0,2660.0,0.0,0.04
2005-06-06,Capital Link MLP,CLMLP,2659.0,2659.0,2659.0,2659.0,0.0,-0.04
2005-06-07,Capital Link MLP,CLMLP,2640.0,2640.0,2640.0,2640.0,0.0,-0.71
2005-06-08,Capital Link MLP,CLMLP,2602.0,2602.0,2602.0,2602.0,0.0,-1.44
2005-06-09,Capital Link MLP,CLMLP,2608.0,2608.0,2608.0,2608.0,0.0,0.23
2005-06-10,Capital Link MLP,CLMLP,2585.0,2585.0,2585.0,2585.0,0.0,-0.88
2005-06-13,Capital Link MLP,CLMLP,2537.0,2537.0,2537.0,2537.0,0.0,-1.86
2005-06-14,Capital Link MLP,CLMLP,2558.0,2558.0,2558.0,2558.0,0.0,0.83
2005-06-15,Capital Link MLP,CLMLP,2580.0,2580.0,2580.0,2580.0,0.0,0.86
2005-06-16,Capital Link MLP,CLMLP,2700.0,2700.0,2700.0,2700.0,0.0,4.65
2005-06-17,Capital Link MLP,CLMLP,2717.0,2717.0,2717.0,2717.0,0.0,0.63
2005-06-20,Capital Link MLP,CLMLP,2754.0,2754.0,2754.0,2754.0,0.0,1.36
2005-06-21,Capital Link MLP,CLMLP,2767.0,2767.0,2767.0,2767.0,0.0,0.47
2005-06-22,Capital Link MLP,CLMLP,2792.0,2792.0,2792.0,2792.0,0.0,0.9
2005-06-23,Capital Link MLP,CLMLP,2781.0,2781.0,2781.0,2781.0,0.0,-0.39
2005-06-24,Capital Link MLP,CLMLP,2814.0,2814.0,2814.0,2814.0,0.0,1.19
2005-06-27,Capital Link MLP,CLMLP,2840.0,2840.0,2840.0,2840.0,0.0,0.92
2005-06-28,Capital Link MLP,CLMLP,2845.0,2845.0,2845.0,2845.0,0.0,0.18
2005-06-29,Capital Link MLP,CLMLP,2788.0,2788.0,2788.0,2788.0,0.0,-2.0
2005-06-30,Capital Link MLP,CLMLP,2820.0,2820.0,2820.0,2820.0,0.0,1.15
2005-07-01,Capital Link MLP,CLMLP,2840.0,2840.0,2840.0,2840.0,0.0,0.71
2005-07-05,Capital Link MLP,CLMLP,2835.0,2835.0,2835.0,2835.0,0.0,-0.18
2005-07-06,Capital Link MLP,CLMLP,2834.0,2834.0,2834.0,2834.0,0.0,-0.04
2005-07-07,Capital Link MLP,CLMLP,2820.0,2820.0,2820.0,2820.0,0.0,-0.49
2005-07-08,Capital Link MLP,CLMLP,2840.0,2840.0,2840.0,2840.0,0.0,0.71
2005-07-11,Capital Link MLP,CLMLP,2935.0,2935.0,2935.0,2935.0,0.0,3.35
2005-07-12,Capital Link MLP,CLMLP,3050.0,3050.0,3050.0,3050.0,0.0,3.92
2005-07-13,Capital Link MLP,CLMLP,3058.0,3058.0,3058.0,3058.0,0.0,0.26
2005-07-14,Capital Link MLP,CLMLP,2970.0,2970.0,2970.0,2970.0,0.0,-2.88
2005-07-15,Capital Link MLP,CLMLP,2877.0,2877.0,2877.0,2877.0,0.0,-3.13
2005-07-18,Capital Link MLP,CLMLP,2812.0,2812.0,2812.0,2812.0,0.0,-2.26
2005-07-19,Capital Link MLP,CLMLP,2859.0,2859.0,2859.0,2859.0,0.0,1.67
2005-07-20,Capital Link MLP,CLMLP,2900.0,2900.0,2900.0,2900.0,0.0,1.43
2005-07-21,Capital Link MLP,CLMLP,2950.0,2950.0,2950.0,2950.0,0.0,1.72
2005-07-22,Capital Link MLP,CLMLP,2970.0,2970.0,2970.0,2970.0,0.0,0.68
2005-07-25,Capital Link MLP,CLMLP,3098.0,3098.0,3098.0,3098.0,0.0,4.31
2005-07-26,Capital Link MLP,CLMLP,3195.0,3195.0,3195.0,3195.0,0.0,3.13
2005-07-27,Capital Link MLP,CLMLP,3245.0,3245.0,3245.0,3245.0,0.0,1.56
2005-07-28,Capital Link MLP,CLMLP,3310.0,3310.0,3310.0,3310.0,0.0,2.0
2005-07-29,Capital Link MLP,CLMLP,3292.0,3292.0,3292.0,3292.0,0.0,-0.54
2005-08-01,Capital Link MLP,CLMLP,3299.0,3299.0,3299.0,3299.0,0.0,0.21
2005-08-02,Capital Link MLP,CLMLP,3450.0,3450.0,3450.0,3450.0,0.0,4.58
2005-08-03,Capital Link MLP,CLMLP,3470.0,3470.0,3470.0,3470.0,0.0,0.58
2005-08-04,Capital Link MLP,CLMLP,3335.0,3335.0,3335.0,3335.0,0.0,-3.89
2005-08-05,Capital Link MLP,CLMLP,3230.0,3230.0,3230.0,3230.0,0.0,-3.15
2005-08-08,Capital Link MLP,CLMLP,3164.0,3164.0,3164.0,3164.0,0.0,-2.04
2005-08-09,Capital Link MLP,CLMLP,3048.0,3048.0,3048.0,3048.0,0.0,-3.67
2005-08-10,Capital Link MLP,CLMLP,3148.0,3148.0,3148.0,3148.0,0.0,3.28
2005-08-11,Capital Link MLP,CLMLP,3143.0,3143.0,3143.0,3143.0,0.0,-0.16
2005-08-12,Capital Link MLP,CLMLP,3201.0,3201.0,3201.0,3201.0,0.0,1.85
2005-08-15,Capital Link MLP,CLMLP,3170.0,3170.0,3170.0,3170.0,0.0,-0.97
2005-08-16,Capital Link MLP,CLMLP,3035.0,3035.0,3035.0,3035.0,0.0,-4.26
2005-08-17,Capital Link MLP,CLMLP,2950.0,2950.0,2950.0,2950.0,0.0,-2.8
2005-08-18,Capital Link MLP,CLMLP,3040.0,3040.0,3040.0,3040.0,0.0,3.05
2005-08-19,Capital Link MLP,CLMLP,3159.0,3159.0,3159.0,3159.0,0.0,3.91
2005-08-22,Capital Link MLP,CLMLP,3213.0,3213.0,3213.0,3213.0,0.0,1.71
2005-08-23,Capital Link MLP,CLMLP,3215.0,3215.0,3215.0,3215.0,0.0,0.06
2005-08-24,Capital Link MLP,CLMLP,3175.0,3175.0,3175.0,3175.0,0.0,-1.24
2005-08-25,Capital Link MLP,CLMLP,3160.0,3160.0,3160.0,3160.0,0.0,-0.47
2005-08-26,Capital Link MLP,CLMLP,3063.0,3063.0,3063.0,3063.0,0.0,-3.07
2005-08-29,Capital Link MLP,CLMLP,3098.0,3098.0,3098.0,3098.0,0.0,1.14
2005-08-30,Capital Link MLP,CLMLP,3100.0,3100.0,3100.0,3100.0,0.0,0.06
2005-08-31,Capital Link MLP,CLMLP,3185.0,3185.0,3185.0,3185.0,0.0,2.74
2005-09-01,Capital Link MLP,CLMLP,3200.0,3200.0,3200.0,3200.0,0.0,0.47
2005-09-02,Capital Link MLP,CLMLP,3270.0,3270.0,3270.0,3270.0,0.0,2.19
2005-09-06,Capital Link MLP,CLMLP,3225.0,3225.0,3225.0,3225.0,0.0,-1.38
2005-09-07,Capital Link MLP,CLMLP,3229.0,3229.0,3229.0,3229.0,0.0,0.12
2005-09-08,Capital Link MLP,CLMLP,3199.0,3199.0,3199.0,3199.0,0.0,-0.93
2005-09-09,Capital Link MLP,CLMLP,3190.0,3190.0,3190.0,3190.0,0.0,-0.28
2005-09-12,Capital Link MLP,CLMLP,3148.0,3148.0,3148.0,3148.0,0.0,-1.32
2005-09-13,Capital Link MLP,CLMLP,3170.0,3170.0,3170.0,3170.0,0.0,0.7
2005-09-14,Capital Link MLP,CLMLP,3105.0,3105.0,3105.0,3105.0,0.0,-2.05
2005-09-15,Capital Link MLP,CLMLP,3000.0,3000.0,3000.0,3000.0,0.0,-3.38
2005-09-16,Capital Link MLP,CLMLP,3003.0,3003.0,3003.0,3003.0,0.0,0.1
2005-09-19,Capital Link MLP,CLMLP,3085.0,3085.0,3085.0,3085.0,0.0,2.73
2005-09-20,Capital Link MLP,CLMLP,3065.0,3065.0,3065.0,3065.0,0.0,-0.65
2005-09-21,Capital Link MLP,CLMLP,3015.0,3015.0,3015.0,3015.0,0.0,-1.63
2005-09-22,Capital Link MLP,CLMLP,3071.0,3071.0,3071.0,3071.0,0.0,1.86
2005-09-23,Capital Link MLP,CLMLP,3065.0,3065.0,3065.0,3065.0,0.0,-0.2
2005-09-26,Capital Link MLP,CLMLP,3050.0,3050.0,3050.0,3050.0,0.0,-0.49
2005-09-27,Capital Link MLP,CLMLP,3016.0,3016.0,3016.0,3016.0,0.0,-1.11
2005-09-28,Capital Link MLP,CLMLP,3091.0,3091.0,3091.0,3091.0,0.0,2.49
2005-09-29,Capital Link MLP,CLMLP,3150.0,3150.0,3150.0,3150.0,0.0,1.91
2005-09-30,Capital Link MLP,CLMLP,3150.0,3150.0,3150.0,3150.0,0.0,0.0
2005-10-03,Capital Link MLP,CLMLP,3166.0,3166.0,3166.0,3166.0,0.0,0.51
2005-10-04,Capital Link MLP,CLMLP,3100.0,3100.0,3100.0,3100.0,0.0,-2.08
2005-10-05,Capital Link MLP,CLMLP,3055.0,3055.0,3055.0,3055.0,0.0,-1.45
2005-10-06,Capital Link MLP,CLMLP,3001.0,3001.0,3001.0,3001.0,0.0,-1.77
2005-10-07,Capital Link MLP,CLMLP,3025.0,3025.0,3025.0,3025.0,0.0,0.8
2005-10-10,Capital Link MLP,CLMLP,3060.0,3060.0,3060.0,3060.0,0.0,1.16
2005-10-11,Capital Link MLP,CLMLP,3037.0,3037.0,3037.0,3037.0,0.0,-0.75
2005-10-12,Capital Link MLP,CLMLP,2974.0,2974.0,2974.0,2974.0,0.0,-2.07
2005-10-13,Capital Link MLP,CLMLP,2921.0,2921.0,2921.0,2921.0,0.0,-1.78
2005-10-14,Capital Link MLP,CLMLP,2891.0,2891.0,2891.0,2891.0,0.0,-1.03
2005-10-17,Capital Link MLP,CLMLP,2925.0,2925.0,2925.0,2925.0,0.0,1.18
2005-10-18,Capital Link MLP,CLMLP,2900.0,2900.0,2900.0,2900.0,0.0,-0.85
2005-10-19,Capital Link MLP,CLMLP,2810.0,2810.0,2810.0,2810.0,0.0,-3.1
2005-10-20,Capital Link MLP,CLMLP,2799.0,2799.0,2799.0,2799.0,0.0,-0.39
2005-10-21,Capital Link MLP,CLMLP,2806.0,2806.0,2806.0,2806.0,0.0,0.25
2005-10-24,Capital Link MLP,CLMLP,2800.0,2800.0,2800.0,2800.0,0.0,-0.21
2005-10-25,Capital Link MLP,CLMLP,2775.0,2775.0,2775.0,2775.0,0.0,-0.89
2005-10-26,Capital Link MLP,CLMLP,2824.0,2824.0,2824.0,2824.0,0.0,1.77
2005-10-27,Capital Link MLP,CLMLP,2800.0,2800.0,2800.0,2800.0,0.0,-0.85
2005-10-28,Capital Link MLP,CLMLP,2849.99,2849.99,2849.99,2849.99,0.0,1.79
2005-10-31,Capital Link MLP,CLMLP,2991.0,2991.0,2991.0,2991.0,0.0,4.95
2005-11-01,Capital Link MLP,CLMLP,2996.0,2996.0,2996.0,2996.0,0.0,0.17
2005-11-02,Capital Link MLP,CLMLP,3030.0,3030.0,3030.0,3030.0,0.0,1.13
2005-11-03,Capital Link MLP,CLMLP,2930.0,2930.0,2930.0,2930.0,0.0,-3.3
2005-11-04,Capital Link MLP,CLMLP,2974.0,2974.0,2974.0,2974.0,0.0,1.5
2005-11-07,Capital Link MLP,CLMLP,2880.0,2880.0,2880.0,2880.0,0.0,-3.16
2005-11-08,Capital Link MLP,CLMLP,2845.0,2845.0,2845.0,2845.0,0.0,-1.22
2005-11-09,Capital Link MLP,CLMLP,2882.0,2882.0,2882.0,2882.0,0.0,1.3
2005-11-10,Capital Link MLP,CLMLP,2954.0,2954.0,2954.0,2954.0,0.0,2.5
2005-11-11,Capital Link MLP,CLMLP,3011.0,3011.0,3011.0,3011.0,0.0,1.93
2005-11-14,Capital Link MLP,CLMLP,2990.0,2990.0,2990.0,2990.0,0.0,-0.7
2005-11-15,Capital Link MLP,CLMLP,2965.0,2965.0,2965.0,2965.0,0.0,-0.84
2005-11-16,Capital Link MLP,CLMLP,2769.0,2769.0,2769.0,2769.0,0.0,-6.61
2005-11-17,Capital Link MLP,CLMLP,2740.0,2740.0,2740.0,2740.0,0.0,-1.05
2005-11-18,Capital Link MLP,CLMLP,2740.0,2740.0,2740.0,2740.0,0.0,0.0
2005-11-21,Capital Link MLP,CLMLP,2754.0,2754.0,2754.0,2754.0,0.0,0.51
2005-11-22,Capital Link MLP,CLMLP,2774.0,2774.0,2774.0,2774.0,0.0,0.73
2005-11-23,Capital Link MLP,CLMLP,2805.0,2805.0,2805.0,2805.0,0.0,1.12
2005-11-25,Capital Link MLP,CLMLP,2803.0,2803.0,2803.0,2803.0,0.0,-0.07
2005-11-28,Capital Link MLP,CLMLP,2813.0,2813.0,2813.0,2813.0,0.0,0.36
2005-11-29,Capital Link MLP,CLMLP,2810.0,2810.0,2810.0,2810.0,0.0,-0.11
2005-11-30,Capital Link MLP,CLMLP,2803.0,2803.0,2803.0,2803.0,0.0,-0.25
2005-12-01,Capital Link MLP,CLMLP,2805.0,2805.0,2805.0,2805.0,0.0,0.07
2005-12-02,Capital Link MLP,CLMLP,2824.0,2824.0,2824.0,2824.0,0.0,0.68
2005-12-05,Capital Link MLP,CLMLP,2850.0,2850.0,2850.0,2850.0,0.0,0.92
2005-12-06,Capital Link MLP,CLMLP,2825.0,2825.0,2825.0,2825.0,0.0,-0.88
2005-12-07,Capital Link MLP,CLMLP,2840.0,2840.0,2840.0,2840.0,0.0,0.53
2005-12-08,Capital Link MLP,CLMLP,2830.0,2830.0,2830.0,2830.0,0.0,-0.35
2005-12-09,Capital Link MLP,CLMLP,2839.0,2839.0,2839.0,2839.0,0.0,0.32
2005-12-12,Capital Link MLP,CLMLP,2830.0,2830.0,2830.0,2830.0,0.0,-0.32
2005-12-13,Capital Link MLP,CLMLP,2818.0,2818.0,2818.0,2818.0,0.0,-0.42
2005-12-14,Capital Link MLP,CLMLP,2900.0,2900.0,2900.0,2900.0,0.0,2.91
2005-12-15,Capital Link MLP,CLMLP,2968.0,2968.0,2968.0,2968.0,0.0,2.34
2005-12-16,Capital Link MLP,CLMLP,2991.0,2991.0,2991.0,2991.0,0.0,0.77
2005-12-19,Capital Link MLP,CLMLP,2929.0,2929.0,2929.0,2929.0,0.0,-2.07
2005-12-20,Capital Link MLP,CLMLP,2930.0,2930.0,2930.0,2930.0,0.0,0.03
2005-12-21,Capital Link MLP,CLMLP,2925.0,2925.0,2925.0,2925.0,0.0,-0.17
2005-12-22,Capital Link MLP,CLMLP,2932.0,2932.0,2932.0,2932.0,0.0,0.24
2005-12-23,Capital Link MLP,CLMLP,2917.0,2917.0,2917.0,2917.0,0.0,-0.51
2005-12-27,Capital Link MLP,CLMLP,2849.0,2849.0,2849.0,2849.0,0.0,-2.33
2005-12-28,Capital Link MLP,CLMLP,2855.99,2855.99,2855.99,2855.99,0.0,0.25
2005-12-29,Capital Link MLP,CLMLP,2915.0,2915.0,2915.0,2915.0,0.0,2.07
2005-12-30,Capital Link MLP,CLMLP,2962.0,2962.0,2962.0,2962.0,0.0,1.61
2006-01-03,Capital Link MLP,CLMLP,2932.0,2932.0,2932.0,2932.0,0.0,-1.01
2006-01-04,Capital Link MLP,CLMLP,3000.0,3000.0,3000.0,3000.0,0.0,2.32
2006-01-05,Capital Link MLP,CLMLP,2960.0,2960.0,2960.0,2960.0,0.0,-1.33
2006-01-06,Capital Link MLP,CLMLP,2966.0,2966.0,2966.0,2966.0,0.0,0.2
2006-01-09,Capital Link MLP,CLMLP,2969.0,2969.0,2969.0,2969.0,0.0,0.1
2006-01-10,Capital Link MLP,CLMLP,2994.0,2994.0,2994.0,2994.0,0.0,0.84
2006-01-11,Capital Link MLP,CLMLP,2979.0,2979.0,2979.0,2979.0,0.0,-0.5
2006-01-12,Capital Link MLP,CLMLP,2985.0,2985.0,2985.0,2985.0,0.0,0.2
2006-01-13,Capital Link MLP,CLMLP,2960.0,2960.0,2960.0,2960.0,0.0,-0.84
2006-01-17,Capital Link MLP,CLMLP,2962.0,2962.0,2962.0,2962.0,0.0,0.07
2006-01-18,Capital Link MLP,CLMLP,2970.0,2970.0,2970.0,2970.0,0.0,0.27
2006-01-19,Capital Link MLP,CLMLP,2976.0,2976.0,2976.0,2976.0,0.0,0.2
2006-01-20,Capital Link MLP,CLMLP,2975.0,2975.0,2975.0,2975.0,0.0,-0.03
2006-01-23,Capital Link MLP,CLMLP,2960.0,2960.0,2960.0,2960.0,0.0,-0.5
2006-01-24,Capital Link MLP,CLMLP,2976.0,2976.0,2976.0,2976.0,0.0,0.54
2006-01-25,Capital Link MLP,CLMLP,2960.0,2960.0,2960.0,2960.0,0.0,-0.54
2006-01-26,Capital Link MLP,CLMLP,2939.0,2939.0,2939.0,2939.0,0.0,-0.71
2006-01-27,Capital Link MLP,CLMLP,2948.0,2948.0,2948.0,2948.0,0.0,0.31
2006-01-30,Capital Link MLP,CLMLP,2945.0,2945.0,2945.0,2945.0,0.0,-0.1
2006-01-31,Capital Link MLP,CLMLP,2960.0,2960.0,2960.0,2960.0,0.0,0.51
2006-02-01,Capital Link MLP,CLMLP,2959.0,2959.0,2959.0,2959.0,0.0,-0.03
2006-02-02,Capital Link MLP,CLMLP,2902.0,2902.0,2902.0,2902.0,0.0,-1.93
2006-02-03,Capital Link MLP,CLMLP,2960.0,2960.0,2960.0,2960.0,0.0,2.0
2006-02-06,Capital Link MLP,CLMLP,2925.0,2925.0,2925.0,2925.0,0.0,-1.18
2006-02-07,Capital Link MLP,CLMLP,2950.0,2950.0,2950.0,2950.0,0.0,0.85
2006-02-08,Capital Link MLP,CLMLP,2942.0,2942.0,2942.0,2942.0,0.0,-0.27
2006-02-09,Capital Link MLP,CLMLP,2950.0,2950.0,2950.0,2950.0,0.0,0.27
2006-02-10,Capital Link MLP,CLMLP,2900.0,2900.0,2900.0,2900.0,0.0,-1.69
2006-02-13,Capital Link MLP,CLMLP,2879.9,2879.9,2879.9,2879.9,0.0,-0.69
2006-02-14,Capital Link MLP,CLMLP,2870.0,2870.0,2870.0,2870.0,0.0,-0.34
2006-02-15,Capital Link MLP,CLMLP,2865.0,2865.0,2865.0,2865.0,0.0,-0.17
2006-02-16,Capital Link MLP,CLMLP,2890.0,2890.0,2890.0,2890.0,0.0,0.87
2006-02-17,Capital Link MLP,CLMLP,2994.0,2994.0,2994.0,2994.0,0.0,3.6
2006-02-21,Capital Link MLP,CLMLP,3030.0,3030.0,3030.0,3030.0,0.0,1.2
2006-02-22,Capital Link MLP,CLMLP,3018.0,3018.0,3018.0,3018.0,0.0,-0.4
2006-02-23,Capital Link MLP,CLMLP,3010.0,3010.0,3010.0,3010.0,0.0,-0.27
2006-02-24,Capital Link MLP,CLMLP,3010.0,3010.0,3010.0,3010.0,0.0,0.0
2006-02-27,Capital Link MLP,CLMLP,3009.0,3009.0,3009.0,3009.0,0.0,-0.03
2006-02-28,Capital Link MLP,CLMLP,3040.0,3040.0,3040.0,3040.0,0.0,1.03
2006-03-01,Capital Link MLP,CLMLP,3009.0,3009.0,3009.0,3009.0,0.0,-1.02
2006-03-02,Capital Link MLP,CLMLP,3000.0,3000.0,3000.0,3000.0,0.0,-0.3
2006-03-03,Capital Link MLP,CLMLP,2991.0,2991.0,2991.0,2991.0,0.0,-0.3
2006-03-06,Capital Link MLP,CLMLP,3000.0,3000.0,3000.0,3000.0,0.0,0.3
2006-03-07,Capital Link MLP,CLMLP,2972.0,2972.0,2972.0,2972.0,0.0,-0.93
2006-03-08,Capital Link MLP,CLMLP,2989.0,2989.0,2989.0,2989.0,0.0,0.57
2006-03-09,Capital Link MLP,CLMLP,2980.0,2980.0,2980.0,2980.0,0.0,-0.3
2006-03-10,Capital Link MLP,CLMLP,2995.0,2995.0,2995.0,2995.0,0.0,0.5
2006-03-13,Capital Link MLP,CLMLP,3020.0,3020.0,3020.0,3020.0,0.0,0.83
2006-03-14,Capital Link MLP,CLMLP,3040.0,3040.0,3040.0,3040.0,0.0,0.66
2006-03-15,Capital Link MLP,CLMLP,3100.0,3100.0,3100.0,3100.0,0.0,1.97
2006-03-16,Capital Link MLP,CLMLP,3120.0,3120.0,3120.0,3120.0,0.0,0.65
2006-03-17,Capital Link MLP,CLMLP,3105.0,3105.0,3105.0,3105.0,0.0,-0.48
2006-03-20,Capital Link MLP,CLMLP,3059.0,3059.0,3059.0,3059.0,0.0,-1.48
2006-03-21,Capital Link MLP,CLMLP,3098.0,3098.0,3098.0,3098.0,0.0,1.27
2006-03-22,Capital Link MLP,CLMLP,3134.0,3134.0,3134.0,3134.0,0.0,1.16
2006-03-23,Capital Link MLP,CLMLP,3126.0,3126.0,3126.0,3126.0,0.0,-0.26
2006-03-24,Capital Link MLP,CLMLP,3135.0,3135.0,3135.0,3135.0,0.0,0.29
2006-03-27,Capital Link MLP,CLMLP,3136.0,3136.0,3136.0,3136.0,0.0,0.03
2006-03-28,Capital Link MLP,CLMLP,3169.0,3169.0,3169.0,3169.0,0.0,1.05
2006-03-29,Capital Link MLP,CLMLP,3139.0,3139.0,3139.0,3139.0,0.0,-0.95
2006-03-30,Capital Link MLP,CLMLP,3120.0,3120.0,3120.0,3120.0,0.0,-0.61
2006-03-31,Capital Link MLP,CLMLP,3125.0,3125.0,3125.0,3125.0,0.0,0.16
2006-04-03,Capital Link MLP,CLMLP,3149.01,3149.01,3149.01,3149.01,0.0,0.77
2006-04-04,Capital Link MLP,CLMLP,3139.0,3139.0,3139.0,3139.0,0.0,-0.32
2006-04-05,Capital Link MLP,CLMLP,3131.0,3131.0,3131.0,3131.0,0.0,-0.25
2006-04-06,Capital Link MLP,CLMLP,3115.0,3115.0,3115.0,3115.0,0.0,-0.51
2006-04-07,Capital Link MLP,CLMLP,3095.0,3095.0,3095.0,3095.0,0.0,-0.64
2006-04-10,Capital Link MLP,CLMLP,3090.0,3090.0,3090.0,3090.0,0.0,-0.16
2006-04-11,Capital Link MLP,CLMLP,3055.0,3055.0,3055.0,3055.0,0.0,-1.13
2006-04-12,Capital Link MLP,CLMLP,3050.0,3050.0,3050.0,3050.0,0.0,-0.16
2006-04-13,Capital Link MLP,CLMLP,3026.0,3026.0,3026.0,3026.0,0.0,-0.79
2006-04-17,Capital Link MLP,CLMLP,3018.0,3018.0,3018.0,3018.0,0.0,-0.26
2006-04-18,Capital Link MLP,CLMLP,3028.0,3028.0,3028.0,3028.0,0.0,0.33
2006-04-19,Capital Link MLP,CLMLP,3030.0,3030.0,3030.0,3030.0,0.0,0.07
2006-04-20,Capital Link MLP,CLMLP,3050.0,3050.0,3050.0,3050.0,0.0,0.66
2006-04-21,Capital Link MLP,CLMLP,3061.0,3061.0,3061.0,3061.0,0.0,0.36
2006-04-24,Capital Link MLP,CLMLP,3034.0,3034.0,3034.0,3034.0,0.0,-0.88
2006-04-25,Capital Link MLP,CLMLP,3070.0,3070.0,3070.0,3070.0,0.0,1.19
2006-04-26,Capital Link MLP,CLMLP,3050.0,3050.0,3050.0,3050.0,0.0,-0.65
2006-04-27,Capital Link MLP,CLMLP,3075.0,3075.0,3075.0,3075.0,0.0,0.82
2006-04-28,Capital Link MLP,CLMLP,3100.0,3100.0,3100.0,3100.0,0.0,0.81
2006-05-01,Capital Link MLP,CLMLP,3105.0,3105.0,3105.0,3105.0,0.0,0.16
2006-05-02,Capital Link MLP,CLMLP,3080.0,3080.0,3080.0,3080.0,0.0,-0.81
2006-05-03,Capital Link MLP,CLMLP,3064.0,3064.0,3064.0,3064.0,0.0,-0.52
2006-05-04,Capital Link MLP,CLMLP,3116.0,3116.0,3116.0,3116.0,0.0,1.7
2006-05-05,Capital Link MLP,CLMLP,3198.0,3198.0,3198.0,3198.0,0.0,2.63
2006-05-08,Capital Link MLP,CLMLP,3170.0,3170.0,3170.0,3170.0,0.0,-0.88
2006-05-09,Capital Link MLP,CLMLP,3131.0,3131.0,3131.0,3131.0,0.0,-1.23
2006-05-10,Capital Link MLP,CLMLP,3141.0,3141.0,3141.0,3141.0,0.0,0.32
2006-05-11,Capital Link MLP,CLMLP,3101.0,3101.0,3101.0,3101.0,0.0,-1.27
2006-05-12,Capital Link MLP,CLMLP,3045.0,3045.0,3045.0,3045.0,0.0,-1.81
2006-05-15,Capital Link MLP,CLMLP,3084.0,3084.0,3084.0,3084.0,0.0,1.28
2006-05-16,Capital Link MLP,CLMLP,3150.0,3150.0,3150.0,3150.0,0.0,2.14
2006-05-17,Capital Link MLP,CLMLP,3107.0,3107.0,3107.0,3107.0,0.0,-1.37
2006-05-18,Capital Link MLP,CLMLP,3106.0,3106.0,3106.0,3106.0,0.0,-0.03
2006-05-19,Capital Link MLP,CLMLP,3137.0,3137.0,3137.0,3137.0,0.0,1.0
2006-05-22,Capital Link MLP,CLMLP,3086.0,3086.0,3086.0,3086.0,0.0,-1.63
2006-05-23,Capital Link MLP,CLMLP,3137.0,3137.0,3137.0,3137.0,0.0,1.65
2006-05-24,Capital Link MLP,CLMLP,3046.0,3046.0,3046.0,3046.0,0.0,-2.9
2006-05-25,Capital Link MLP,CLMLP,3068.0,3068.0,3068.0,3068.0,0.0,0.72
2006-05-26,Capital Link MLP,CLMLP,3112.0,3112.0,3112.0,3112.0,0.0,1.43
2006-05-30,Capital Link MLP,CLMLP,3100.0,3100.0,3100.0,3100.0,0.0,-0.39
2006-05-31,Capital Link MLP,CLMLP,3073.0,3073.0,3073.0,3073.0,0.0,-0.87
2006-06-01,Capital Link MLP,CLMLP,3100.0,3100.0,3100.0,3100.0,0.0,0.88
2006-06-02,Capital Link MLP,CLMLP,3100.0,3100.0,3100.0,3100.0,0.0,0.0
2006-06-05,Capital Link MLP,CLMLP,3092.0,3092.0,3092.0,3092.0,0.0,-0.26
2006-06-06,Capital Link MLP,CLMLP,3073.0,3073.0,3073.0,3073.0,0.0,-0.61
2006-06-07,Capital Link MLP,CLMLP,3075.0,3075.0,3075.0,3075.0,0.0,0.07
2006-06-08,Capital Link MLP,CLMLP,3089.0,3089.0,3089.0,3089.0,0.0,0.46
2006-06-09,Capital Link MLP,CLMLP,3053.0,3053.0,3053.0,3053.0,0.0,-1.17
2006-06-12,Capital Link MLP,CLMLP,3000.0,3000.0,3000.0,3000.0,0.0,-1.74
2006-06-13,Capital Link MLP,CLMLP,2913.0,2913.0,2913.0,2913.0,0.0,-2.9
2006-06-14,Capital Link MLP,CLMLP,2914.0,2914.0,2914.0,2914.0,0.0,0.03
2006-06-15,Capital Link MLP,CLMLP,2939.0,2939.0,2939.0,2939.0,0.0,0.86
2006-06-16,Capital Link MLP,CLMLP,2973.0,2973.0,2973.0,2973.0,0.0,1.16
2006-06-19,Capital Link MLP,CLMLP,3000.0,3000.0,3000.0,3000.0,0.0,0.91
2006-06-20,Capital Link MLP,CLMLP,2998.0,2998.0,2998.0,2998.0,0.0,-0.07
2006-06-21,Capital Link MLP,CLMLP,3015.0,3015.0,3015.0,3015.0,0.0,0.57
2006-06-22,Capital Link MLP,CLMLP,3001.0,3001.0,3001.0,3001.0,0.0,-0.46
2006-06-23,Capital Link MLP,CLMLP,2993.0,2993.0,2993.0,2993.0,0.0,-0.27
2006-06-26,Capital Link MLP,CLMLP,2979.0,2979.0,2979.0,2979.0,0.0,-0.47
2006-06-27,Capital Link MLP,CLMLP,2985.0,2985.0,2985.0,2985.0,0.0,0.2
2006-06-28,Capital Link MLP,CLMLP,2980.0,2980.0,2980.0,2980.0,0.0,-0.17
2006-06-29,Capital Link MLP,CLMLP,3010.0,3010.0,3010.0,3010.0,0.0,1.01
2006-06-30,Capital Link MLP,CLMLP,3040.0,3040.0,3040.0,3040.0,0.0,1.0
2006-07-03,Capital Link MLP,CLMLP,3006.99,3006.99,3006.99,3006.99,0.0,-1.09
2006-07-05,Capital Link MLP,CLMLP,3041.0,3041.0,3041.0,3041.0,0.0,1.13
2006-07-06,Capital Link MLP,CLMLP,3045.0,3045.0,3045.0,3045.0,0.0,0.13
2006-07-07,Capital Link MLP,CLMLP,3026.0,3026.0,3026.0,3026.0,0.0,-0.62
2006-07-10,Capital Link MLP,CLMLP,3067.0,3067.0,3067.0,3067.0,0.0,1.35
2006-07-11,Capital Link MLP,CLMLP,3090.0,3090.0,3090.0,3090.0,0.0,0.75
2006-07-12,Capital Link MLP,CLMLP,3080.0,3080.0,3080.0,3080.0,0.0,-0.32
2006-07-13,Capital Link MLP,CLMLP,3040.0,3040.0,3040.0,3040.0,0.0,-1.3
2006-07-14,Capital Link MLP,CLMLP,3057.0,3057.0,3057.0,3057.0,0.0,0.56
2006-07-17,Capital Link MLP,CLMLP,3037.0,3037.0,3037.0,3037.0,0.0,-0.65
2006-07-18,Capital Link MLP,CLMLP,3008.0,3008.0,3008.0,3008.0,0.0,-0.95
2006-07-19,Capital Link MLP,CLMLP,3051.0,3051.0,3051.0,3051.0,0.0,1.43
2006-07-20,Capital Link MLP,CLMLP,3051.0,3051.0,3051.0,3051.0,0.0,0.0
2006-07-21,Capital Link MLP,CLMLP,3064.0,3064.0,3064.0,3064.0,0.0,0.43
2006-07-24,Capital Link MLP,CLMLP,3072.0,3072.0,3072.0,3072.0,0.0,0.26
2006-07-25,Capital Link MLP,CLMLP,3113.0,3113.0,3113.0,3113.0,0.0,1.33
2006-07-26,Capital Link MLP,CLMLP,3101.0,3101.0,3101.0,3101.0,0.0,-0.39
2006-07-27,Capital Link MLP,CLMLP,3090.0,3090.0,3090.0,3090.0,0.0,-0.35
2006-07-28,Capital Link MLP,CLMLP,3040.0,3040.0,3040.0,3040.0,0.0,-1.62
2006-07-31,Capital Link MLP,CLMLP,3040.0,3040.0,3040.0,3040.0,0.0,0.0
2006-08-01,Capital Link MLP,CLMLP,3067.0,3067.0,3067.0,3067.0,0.0,0.89
2006-08-02,Capital Link MLP,CLMLP,3043.0,3043.0,3043.0,3043.0,0.0,-0.78
2006-08-03,Capital Link MLP,CLMLP,3035.0,3035.0,3035.0,3035.0,0.0,-0.26
2006-08-04,Capital Link MLP,CLMLP,3147.0,3147.0,3147.0,3147.0,0.0,3.69
2006-08-07,Capital Link MLP,CLMLP,3128.0,3128.0,3128.0,3128.0,0.0,-0.6
2006-08-08,Capital Link MLP,CLMLP,3128.0,3128.0,3128.0,3128.0,0.0,0.0
2006-08-09,Capital Link MLP,CLMLP,3110.0,3110.0,3110.0,3110.0,0.0,-0.58
2006-08-10,Capital Link MLP,CLMLP,3100.0,3100.0,3100.0,3100.0,0.0,-0.32
2006-08-11,Capital Link MLP,CLMLP,3102.0,3102.0,3102.0,3102.0,0.0,0.06
2006-08-14,Capital Link MLP,CLMLP,3093.0,3093.0,3093.0,3093.0,0.0,-0.29
2006-08-15,Capital Link MLP,CLMLP,3073.0,3073.0,3073.0,3073.0,0.0,-0.65
2006-08-16,Capital Link MLP,CLMLP,3087.0,3087.0,3087.0,3087.0,0.0,0.46
2006-08-17,Capital Link MLP,CLMLP,3060.0,3060.0,3060.0,3060.0,0.0,-0.87
2006-08-18,Capital Link MLP,CLMLP,3074.0,3074.0,3074.0,3074.0,0.0,0.46
2006-08-21,Capital Link MLP,CLMLP,3099.0,3099.0,3099.0,3099.0,0.0,0.81
2006-08-22,Capital Link MLP,CLMLP,3080.0,3080.0,3080.0,3080.0,0.0,-0.61
2006-08-23,Capital Link MLP,CLMLP,3089.0,3089.0,3089.0,3089.0,0.0,0.29
2006-08-24,Capital Link MLP,CLMLP,3082.0,3082.0,3082.0,3082.0,0.0,-0.23
2006-08-25,Capital Link MLP,CLMLP,3087.01,3087.01,3087.01,3087.01,0.0,0.16
2006-08-28,Capital Link MLP,CLMLP,3068.0,3068.0,3068.0,3068.0,0.0,-0.62
2006-08-29,Capital Link MLP,CLMLP,3050.0,3050.0,3050.0,3050.0,0.0,-0.59
2006-08-30,Capital Link MLP,CLMLP,3028.0,3028.0,3028.0,3028.0,0.0,-0.72
2006-08-31,Capital Link MLP,CLMLP,3030.0,3030.0,3030.0,3030.0,0.0,0.07
2006-09-01,Capital Link MLP,CLMLP,3040.0,3040.0,3040.0,3040.0,0.0,0.33
2006-09-05,Capital Link MLP,CLMLP,3021.0,3021.0,3021.0,3021.0,0.0,-0.62
2006-09-06,Capital Link MLP,CLMLP,3000.0,3000.0,3000.0,3000.0,0.0,-0.7
2006-09-07,Capital Link MLP,CLMLP,2960.0,2960.0,2960.0,2960.0,0.0,-1.33
2006-09-08,Capital Link MLP,CLMLP,2947.0,2947.0,2947.0,2947.0,0.0,-0.44
2006-09-11,Capital Link MLP,CLMLP,2959.0,2959.0,2959.0,2959.0,0.0,0.41
2006-09-12,Capital Link MLP,CLMLP,2946.0,2946.0,2946.0,2946.0,0.0,-0.44
2006-09-13,Capital Link MLP,CLMLP,2957.0,2957.0,2957.0,2957.0,0.0,0.37
2006-09-14,Capital Link MLP,CLMLP,2945.0,2945.0,2945.0,2945.0,0.0,-0.41
2006-09-15,Capital Link MLP,CLMLP,2937.0,2937.0,2937.0,2937.0,0.0,-0.27
2006-09-18,Capital Link MLP,CLMLP,2939.0,2939.0,2939.0,2939.0,0.0,0.07
2006-09-19,Capital Link MLP,CLMLP,2944.0,2944.0,2944.0,2944.0,0.0,0.17
2006-09-20,Capital Link MLP,CLMLP,2935.0,2935.0,2935.0,2935.0,0.0,-0.31
2006-09-21,Capital Link MLP,CLMLP,2951.0,2951.0,2951.0,2951.0,0.0,0.55
2006-09-22,Capital Link MLP,CLMLP,2981.0,2981.0,2981.0,2981.0,0.0,1.02
2006-09-25,Capital Link MLP,CLMLP,2985.0,2985.0,2985.0,2985.0,0.0,0.13
2006-09-26,Capital Link MLP,CLMLP,2999.0,2999.0,2999.0,2999.0,0.0,0.47
2006-09-27,Capital Link MLP,CLMLP,2998.0,2998.0,2998.0,2998.0,0.0,-0.03
2006-09-28,Capital Link MLP,CLMLP,2995.0,2995.0,2995.0,2995.0,0.0,-0.1
2006-09-29,Capital Link MLP,CLMLP,3045.0,3045.0,3045.0,3045.0,0.0,1.67
2006-10-02,Capital Link MLP,CLMLP,3069.0,3069.0,3069.0,3069.0,0.0,0.79
2006-10-03,Capital Link MLP,CLMLP,3000.0,3000.0,3000.0,3000.0,0.0,-2.25
2006-10-04,Capital Link MLP,CLMLP,3004.0,3004.0,3004.0,3004.0,0.0,0.13
2006-10-05,Capital Link MLP,CLMLP,3035.0,3035.0,3035.0,3035.0,0.0,1.03
2006-10-06,Capital Link MLP,CLMLP,3016.0,3016.0,3016.0,3016.0,0.0,-0.63
2006-10-09,Capital Link MLP,CLMLP,3017.0,3017.0,3017.0,3017.0,0.0,0.03
2006-10-10,Capital Link MLP,CLMLP,3014.0,3014.0,3014.0,3014.0,0.0,-0.1
2006-10-11,Capital Link MLP,CLMLP,3011.0,3011.0,3011.0,3011.0,0.0,-0.1
2006-10-12,Capital Link MLP,CLMLP,3030.0,3030.0,3030.0,3030.0,0.0,0.63
2006-10-13,Capital Link MLP,CLMLP,3036.0,3036.0,3036.0,3036.0,0.0,0.2
2006-10-16,Capital Link MLP,CLMLP,3034.0,3034.0,3034.0,3034.0,0.0,-0.07
2006-10-17,Capital Link MLP,CLMLP,3026.0,3026.0,3026.0,3026.0,0.0,-0.26
2006-10-18,Capital Link MLP,CLMLP,3038.0,3038.0,3038.0,3038.0,0.0,0.4
2006-10-19,Capital Link MLP,CLMLP,3032.0,3032.0,3032.0,3032.0,0.0,-0.2
2006-10-20,Capital Link MLP,CLMLP,3019.0,3019.0,3019.0,3019.0,0.0,-0.43
2006-10-23,Capital Link MLP,CLMLP,3045.0,3045.0,3045.0,3045.0,0.0,0.86
2006-10-24,Capital Link MLP,CLMLP,3029.0,3029.0,3029.0,3029.0,0.0,-0.53
2006-10-25,Capital Link MLP,CLMLP,3020.0,3020.0,3020.0,3020.0,0.0,-0.3
2006-10-26,Capital Link MLP,CLMLP,3029.0,3029.0,3029.0,3029.0,0.0,0.3
2006-10-27,Capital Link MLP,CLMLP,3064.0,3064.0,3064.0,3064.0,0.0,1.16
2006-10-30,Capital Link MLP,CLMLP,3040.0,3040.0,3040.0,3040.0,0.0,-0.78
2006-10-31,Capital Link MLP,CLMLP,3038.0,3038.0,3038.0,3038.0,0.0,-0.07
2006-11-01,Capital Link MLP,CLMLP,3021.0,3021.0,3021.0,3021.0,0.0,-0.56
2006-11-02,Capital Link MLP,CLMLP,3036.0,3036.0,3036.0,3036.0,0.0,0.5
2006-11-03,Capital Link MLP,CLMLP,3050.0,3050.0,3050.0,3050.0,0.0,0.46
2006-11-06,Capital Link MLP,CLMLP,3050.0,3050.0,3050.0,3050.0,0.0,0.0
2006-11-07,Capital Link MLP,CLMLP,3093.0,3093.0,3093.0,3093.0,0.0,1.41
2006-11-08,Capital Link MLP,CLMLP,3070.0,3070.0,3070.0,3070.0,0.0,-0.74
2006-11-09,Capital Link MLP,CLMLP,3070.0,3070.0,3070.0,3070.0,0.0,0.0
2006-11-10,Capital Link MLP,CLMLP,3065.0,3065.0,3065.0,3065.0,0.0,-0.16
2006-11-13,Capital Link MLP,CLMLP,3110.0,3110.0,3110.0,3110.0,0.0,1.47
2006-11-14,Capital Link MLP,CLMLP,3105.0,3105.0,3105.0,3105.0,0.0,-0.16
2006-11-15,Capital Link MLP,CLMLP,3105.0,3105.0,3105.0,3105.0,0.0,0.0
2006-11-16,Capital Link MLP,CLMLP,3100.0,3100.0,3100.0,3100.0,0.0,-0.16
2006-11-17,Capital Link MLP,CLMLP,3095.0,3095.0,3095.0,3095.0,0.0,-0.16
2006-11-20,Capital Link MLP,CLMLP,3095.0,3095.0,3095.0,3095.0,0.0,0.0
2006-11-21,Capital Link MLP,CLMLP,3086.0,3086.0,3086.0,3086.0,0.0,-0.29
2006-11-22,Capital Link MLP,CLMLP,3070.0,3070.0,3070.0,3070.0,0.0,-0.52
2006-11-24,Capital Link MLP,CLMLP,3116.0,3116.0,3116.0,3116.0,0.0,1.5
2006-11-27,Capital Link MLP,CLMLP,3151.0,3151.0,3151.0,3151.0,0.0,1.12
2006-11-28,Capital Link MLP,CLMLP,3159.0,3159.0,3159.0,3159.0,0.0,0.25
2006-11-29,Capital Link MLP,CLMLP,3155.0,3155.0,3155.0,3155.0,0.0,-0.13
2006-11-30,Capital Link MLP,CLMLP,3157.0,3157.0,3157.0,3157.0,0.0,0.06
2006-12-01,Capital Link MLP,CLMLP,3135.0,3135.0,3135.0,3135.0,0.0,-0.7
2006-12-04,Capital Link MLP,CLMLP,3141.0,3141.0,3141.0,3141.0,0.0,0.19
2006-12-05,Capital Link MLP,CLMLP,3150.0,3150.0,3150.0,3150.0,0.0,0.29
2006-12-06,Capital Link MLP,CLMLP,3285.0,3285.0,3285.0,3285.0,0.0,4.29
2006-12-07,Capital Link MLP,CLMLP,3255.0,3255.0,3255.0,3255.0,0.0,-0.91
2006-12-08,Capital Link MLP,CLMLP,3240.0,3240.0,3240.0,3240.0,0.0,-0.46
2006-12-11,Capital Link MLP,CLMLP,3270.0,3270.0,3270.0,3270.0,0.0,0.93
2006-12-12,Capital Link MLP,CLMLP,3300.0,3300.0,3300.0,3300.0,0.0,0.92
2006-12-13,Capital Link MLP,CLMLP,3312.0,3312.0,3312.0,3312.0,0.0,0.36
2006-12-14,Capital Link MLP,CLMLP,3349.0,3349.0,3349.0,3349.0,0.0,1.12
2006-12-15,Capital Link MLP,CLMLP,3399.0,3399.0,3399.0,3399.0,0.0,1.49
2006-12-18,Capital Link MLP,CLMLP,3314.64,3314.64,3314.64,3314.64,0.0,-2.48
2006-12-19,Capital Link MLP,CLMLP,3264.34,3264.34,3264.34,3264.34,0.0,-1.52
2006-12-20,Capital Link MLP,CLMLP,3259.58,3259.58,3259.58,3259.58,0.0,-0.15
2006-12-21,Capital Link MLP,CLMLP,3216.89,3216.89,3216.89,3216.89,0.0,-1.31
2006-12-22,Capital Link MLP,CLMLP,3175.32,3175.32,3175.32,3175.32,0.0,-1.29
2006-12-26,Capital Link MLP,CLMLP,3149.86,3149.86,3149.86,3149.86,0.0,-0.8
2006-12-27,Capital Link MLP,CLMLP,3169.97,3169.97,3169.97,3169.97,0.0,0.64
2006-12-28,Capital Link MLP,CLMLP,3153.79,3153.79,3153.79,3153.79,0.0,-0.51
2006-12-29,Capital Link MLP,CLMLP,3201.74,3201.74,3201.74,3201.74,0.0,1.52
2007-01-03,Capital Link MLP,CLMLP,3215.33,3215.33,3215.33,3215.33,0.0,0.42
2007-01-04,Capital Link MLP,CLMLP,3237.18,3237.18,3237.18,3237.18,0.0,0.68
2007-01-05,Capital Link MLP,CLMLP,3190.43,3190.43,3190.43,3190.43,0.0,-1.44
2007-01-08,Capital Link MLP,CLMLP,3189.18,3189.18,3189.18,3189.18,0.0,-0.04
2007-01-09,Capital Link MLP,CLMLP,3202.66,3202.66,3202.66,3202.66,0.0,0.42
2007-01-10,Capital Link MLP,CLMLP,3245.33,3245.33,3245.33,3245.33,0.0,1.33
2007-01-11,Capital Link MLP,CLMLP,3223.81,3223.81,3223.81,3223.81,0.0,-0.66
2007-01-12,Capital Link MLP,CLMLP,3192.94,3192.94,3192.94,3192.94,0.0,-0.96
2007-01-16,Capital Link MLP,CLMLP,3161.21,3161.21,3161.21,3161.21,0.0,-0.99
2007-01-17,Capital Link MLP,CLMLP,3154.6,3154.6,3154.6,3154.6,0.0,-0.21
2007-01-18,Capital Link MLP,CLMLP,3153.5,3153.5,3153.5,3153.5,0.0,-0.03
2007-01-19,Capital Link MLP,CLMLP,3149.92,3149.92,3149.92,3149.92,0.0,-0.11
2007-01-22,Capital Link MLP,CLMLP,3156.54,3156.54,3156.54,3156.54,0.0,0.21
2007-01-23,Capital Link MLP,CLMLP,3219.11,3219.11,3219.11,3219.11,0.0,1.98
2007-01-24,Capital Link MLP,CLMLP,3245.58,3245.58,3245.58,3245.58,0.0,0.82
2007-01-25,Capital Link MLP,CLMLP,3191.74,3191.74,3191.74,3191.74,0.0,-1.66
2007-01-26,Capital Link MLP,CLMLP,3211.21,3211.21,3211.21,3211.21,0.0,0.61
2007-01-29,Capital Link MLP,CLMLP,3248.39,3248.39,3248.39,3248.39,0.0,1.16
2007-01-30,Capital Link MLP,CLMLP,3269.76,3269.76,3269.76,3269.76,0.0,0.66
2007-01-31,Capital Link MLP,CLMLP,3285.59,3285.59,3285.59,3285.59,0.0,0.48
2007-02-01,Capital Link MLP,CLMLP,3339.23,3339.23,3339.23,3339.23,0.0,1.63
2007-02-02,Capital Link MLP,CLMLP,3467.09,3467.09,3467.09,3467.09,0.0,3.83
2007-02-05,Capital Link MLP,CLMLP,3498.21,3498.21,3498.21,3498.21,0.0,0.9
2007-02-06,Capital Link MLP,CLMLP,3520.12,3520.12,3520.12,3520.12,0.0,0.63
2007-02-07,Capital Link MLP,CLMLP,3555.32,3555.32,3555.32,3555.32,0.0,1.0
2007-02-08,Capital Link MLP,CLMLP,3560.37,3560.37,3560.37,3560.37,0.0,0.14
2007-02-09,Capital Link MLP,CLMLP,3630.46,3630.46,3630.46,3630.46,0.0,1.97
2007-02-12,Capital Link MLP,CLMLP,3554.18,3554.18,3554.18,3554.18,0.0,-2.1
2007-02-13,Capital Link MLP,CLMLP,3551.89,3551.89,3551.89,3551.89,0.0,-0.06
2007-02-14,Capital Link MLP,CLMLP,3553.54,3553.54,3553.54,3553.54,0.0,0.05
2007-02-15,Capital Link MLP,CLMLP,3532.44,3532.44,3532.44,3532.44,0.0,-0.59
2007-02-16,Capital Link MLP,CLMLP,3551.16,3551.16,3551.16,3551.16,0.0,0.53
2007-02-20,Capital Link MLP,CLMLP,3549.81,3549.81,3549.81,3549.81,0.0,-0.04
2007-02-21,Capital Link MLP,CLMLP,3551.3,3551.3,3551.3,3551.3,0.0,0.04
2007-02-22,Capital Link MLP,CLMLP,3554.18,3554.18,3554.18,3554.18,0.0,0.08
2007-02-23,Capital Link MLP,CLMLP,3557.4,3557.4,3557.4,3557.4,0.0,0.09
2007-02-26,Capital Link MLP,CLMLP,3576.14,3576.14,3576.14,3576.14,0.0,0.53
2007-02-27,Capital Link MLP,CLMLP,3554.61,3554.61,3554.61,3554.61,0.0,-0.6
2007-02-28,Capital Link MLP,CLMLP,3553.81,3553.81,3553.81,3553.81,0.0,-0.02
2007-03-01,Capital Link MLP,CLMLP,3577.98,3577.98,3577.98,3577.98,0.0,0.68
2007-03-02,Capital Link MLP,CLMLP,3556.18,3556.18,3556.18,3556.18,0.0,-0.61
2007-03-05,Capital Link MLP,CLMLP,3545.73,3545.73,3545.73,3545.73,0.0,-0.29
2007-03-06,Capital Link MLP,CLMLP,3554.34,3554.34,3554.34,3554.34,0.0,0.24
2007-03-07,Capital Link MLP,CLMLP,3548.92,3548.92,3548.92,3548.92,0.0,-0.15
2007-03-08,Capital Link MLP,CLMLP,3575.5,3575.5,3575.5,3575.5,0.0,0.75
2007-03-09,Capital Link MLP,CLMLP,3586.21,3586.21,3586.21,3586.21,0.0,0.3
2007-03-12,Capital Link MLP,CLMLP,3586.52,3586.52,3586.52,3586.52,0.0,0.01
2007-03-13,Capital Link MLP,CLMLP,3549.81,3549.81,3549.81,3549.81,0.0,-1.02
2007-03-14,Capital Link MLP,CLMLP,3558.08,3558.08,3558.08,3558.08,0.0,0.23
2007-03-15,Capital Link MLP,CLMLP,3564.03,3564.03,3564.03,3564.03,0.0,0.17
2007-03-16,Capital Link MLP,CLMLP,3602.78,3602.78,3602.78,3602.78,0.0,1.09
2007-03-19,Capital Link MLP,CLMLP,3575.41,3575.41,3575.41,3575.41,0.0,-0.76
2007-03-20,Capital Link MLP,CLMLP,3581.38,3581.38,3581.38,3581.38,0.0,0.17
2007-03-21,Capital Link MLP,CLMLP,3568.86,3568.86,3568.86,3568.86,0.0,-0.35
2007-03-22,Capital Link MLP,CLMLP,3597.68,3597.68,3597.68,3597.68,0.0,0.81
2007-03-23,Capital Link MLP,CLMLP,3642.84,3642.84,3642.84,3642.84,0.0,1.26
2007-03-26,Capital Link MLP,CLMLP,3579.58,3579.58,3579.58,3579.58,0.0,-1.74
2007-03-27,Capital Link MLP,CLMLP,3512.68,3512.68,3512.68,3512.68,0.0,-1.87
2007-03-28,Capital Link MLP,CLMLP,3590.25,3590.25,3590.25,3590.25,0.0,2.21
2007-03-29,Capital Link MLP,CLMLP,3615.61,3615.61,3615.61,3615.61,0.0,0.71
2007-03-30,Capital Link MLP,CLMLP,3580.46,3580.46,3580.46,3580.46,0.0,-0.97
2007-04-02,Capital Link MLP,CLMLP,3451.15,3451.15,3451.15,3451.15,0.0,-3.61
2007-04-03,Capital Link MLP,CLMLP,3365.96,3365.96,3365.96,3365.96,0.0,-2.47
2007-04-04,Capital Link MLP,CLMLP,3383.96,3383.96,3383.96,3383.96,0.0,0.53
2007-04-05,Capital Link MLP,CLMLP,3389.01,3389.01,3389.01,3389.01,0.0,0.15
2007-04-09,Capital Link MLP,CLMLP,3408.85,3408.85,3408.85,3408.85,0.0,0.59
2007-04-10,Capital Link MLP,CLMLP,3395.61,3395.61,3395.61,3395.61,0.0,-0.39
2007-04-11,Capital Link MLP,CLMLP,3411.46,3411.46,3411.46,3411.46,0.0,0.47
2007-04-12,Capital Link MLP,CLMLP,3464.19,3464.19,3464.19,3464.19,0.0,1.55
2007-04-13,Capital Link MLP,CLMLP,3403.51,3403.51,3403.51,3403.51,0.0,-1.75
2007-04-16,Capital Link MLP,CLMLP,3392.46,3392.46,3392.46,3392.46,0.0,-0.32
2007-04-17,Capital Link MLP,CLMLP,3389.0,3389.0,3389.0,3389.0,0.0,-0.1
2007-04-18,Capital Link MLP,CLMLP,3397.75,3397.75,3397.75,3397.75,0.0,0.26
2007-04-19,Capital Link MLP,CLMLP,3389.85,3389.85,3389.85,3389.85,0.0,-0.23
2007-04-20,Capital Link MLP,CLMLP,3389.84,3389.84,3389.84,3389.84,0.0,0.0
2007-04-23,Capital Link MLP,CLMLP,3394.18,3394.18,3394.18,3394.18,0.0,0.13
2007-04-24,Capital Link MLP,CLMLP,3404.55,3404.55,3404.55,3404.55,0.0,0.31
2007-04-25,Capital Link MLP,CLMLP,3512.78,3512.78,3512.78,3512.78,0.0,3.18
2007-04-26,Capital Link MLP,CLMLP,3495.99,3495.99,3495.99,3495.99,0.0,-0.48
2007-04-27,Capital Link MLP,CLMLP,3401.84,3401.84,3401.84,3401.84,0.0,-2.69
2007-04-30,Capital Link MLP,CLMLP,3424.83,3424.83,3424.83,3424.83,0.0,0.68
2007-05-01,Capital Link MLP,CLMLP,3409.29,3409.29,3409.29,3409.29,0.0,-0.45
2007-05-02,Capital Link MLP,CLMLP,3390.49,3390.49,3390.49,3390.49,0.0,-0.55
2007-05-03,Capital Link MLP,CLMLP,3402.41,3402.41,3402.41,3402.41,0.0,0.35
2007-05-04,Capital Link MLP,CLMLP,3409.02,3409.02,3409.02,3409.02,0.0,0.19
2007-05-07,Capital Link MLP,CLMLP,3469.3,3469.3,3469.3,3469.3,0.0,1.77
2007-05-08,Capital Link MLP,CLMLP,3427.89,3427.89,3427.89,3427.89,0.0,-1.19
2007-05-09,Capital Link MLP,CLMLP,3456.53,3456.53,3456.53,3456.53,0.0,0.84
2007-05-10,Capital Link MLP,CLMLP,3476.7,3476.7,3476.7,3476.7,0.0,0.58
2007-05-11,Capital Link MLP,CLMLP,3456.21,3456.21,3456.21,3456.21,0.0,-0.59
2007-05-14,Capital Link MLP,CLMLP,3467.03,3467.03,3467.03,3467.03,0.0,0.31
2007-05-15,Capital Link MLP,CLMLP,3439.55,3439.55,3439.55,3439.55,0.0,-0.79
2007-05-16,Capital Link MLP,CLMLP,3394.87,3394.87,3394.87,3394.87,0.0,-1.3
2007-05-17,Capital Link MLP,CLMLP,3388.1,3388.1,3388.1,3388.1,0.0,-0.2
2007-05-18,Capital Link MLP,CLMLP,3368.08,3368.08,3368.08,3368.08,0.0,-0.59
2007-05-21,Capital Link MLP,CLMLP,3340.31,3340.31,3340.31,3340.31,0.0,-0.82
2007-05-22,Capital Link MLP,CLMLP,3371.85,3371.85,3371.85,3371.85,0.0,0.94
2007-05-23,Capital Link MLP,CLMLP,3379.42,3379.42,3379.42,3379.42,0.0,0.22
2007-05-24,Capital Link MLP,CLMLP,3239.25,3239.25,3239.25,3239.25,0.0,-4.15
2007-05-25,Capital Link MLP,CLMLP,3290.18,3290.18,3290.18,3290.18,0.0,1.57
2007-05-29,Capital Link MLP,CLMLP,3309.39,3309.39,3309.39,3309.39,0.0,0.58
2007-05-30,Capital Link MLP,CLMLP,3321.16,3321.16,3321.16,3321.16,0.0,0.36
2007-05-31,Capital Link MLP,CLMLP,3302.89,3302.89,3302.89,3302.89,0.0,-0.55
2007-06-01,Capital Link MLP,CLMLP,3319.31,3319.31,3319.31,3319.31,0.0,0.5
2007-06-04,Capital Link MLP,CLMLP,3351.34,3351.34,3351.34,3351.34,0.0,0.96
2007-06-05,Capital Link MLP,CLMLP,3350.34,3350.34,3350.34,3350.34,0.0,-0.03
2007-06-06,Capital Link MLP,CLMLP,3326.99,3326.99,3326.99,3326.99,0.0,-0.7
2007-06-07,Capital Link MLP,CLMLP,3257.52,3257.52,3257.52,3257.52,0.0,-2.09
2007-06-08,Capital Link MLP,CLMLP,3257.05,3257.05,3257.05,3257.05,0.0,-0.01
2007-06-11,Capital Link MLP,CLMLP,3283.7,3283.7,3283.7,3283.7,0.0,0.82
2007-06-12,Capital Link MLP,CLMLP,3280.0,3280.0,3280.0,3280.0,0.0,-0.11
2007-06-13,Capital Link MLP,CLMLP,3287.73,3287.73,3287.73,3287.73,0.0,0.24
2007-06-14,Capital Link MLP,CLMLP,3325.34,3325.34,3325.34,3325.34,0.0,1.14
2007-06-15,Capital Link MLP,CLMLP,3336.78,3336.78,3336.78,3336.78,0.0,0.34
2007-06-18,Capital Link MLP,CLMLP,3349.17,3349.17,3349.17,3349.17,0.0,0.37
2007-06-19,Capital Link MLP,CLMLP,3340.12,3340.12,3340.12,3340.12,0.0,-0.27
2007-06-20,Capital Link MLP,CLMLP,3323.59,3323.59,3323.59,3323.59,0.0,-0.49
2007-06-21,Capital Link MLP,CLMLP,3367.86,3367.86,3367.86,3367.86,0.0,1.33
2007-06-22,Capital Link MLP,CLMLP,3350.61,3350.61,3350.61,3350.61,0.0,-0.51
2007-06-25,Capital Link MLP,CLMLP,3371.34,3371.34,3371.34,3371.34,0.0,0.62
2007-06-26,Capital Link MLP,CLMLP,3355.73,3355.73,3355.73,3355.73,0.0,-0.46
2007-06-27,Capital Link MLP,CLMLP,3366.33,3366.33,3366.33,3366.33,0.0,0.32
2007-06-28,Capital Link MLP,CLMLP,3373.37,3373.37,3373.37,3373.37,0.0,0.21
2007-06-29,Capital Link MLP,CLMLP,3369.62,3369.62,3369.62,3369.62,0.0,-0.11
2007-07-02,Capital Link MLP,CLMLP,3392.98,3392.98,3392.98,3392.98,0.0,0.69
2007-07-03,Capital Link MLP,CLMLP,3406.9,3406.9,3406.9,3406.9,0.0,0.41
2007-07-05,Capital Link MLP,CLMLP,3414.12,3414.12,3414.12,3414.12,0.0,0.21
2007-07-06,Capital Link MLP,CLMLP,3413.52,3413.52,3413.52,3413.52,0.0,-0.02
2007-07-09,Capital Link MLP,CLMLP,3418.72,3418.72,3418.72,3418.72,0.0,0.15
2007-07-10,Capital Link MLP,CLMLP,3473.14,3473.14,3473.14,3473.14,0.0,1.59
2007-07-11,Capital Link MLP,CLMLP,3502.89,3502.89,3502.89,3502.89,0.0,0.86
2007-07-12,Capital Link MLP,CLMLP,3512.32,3512.32,3512.32,3512.32,0.0,0.27
2007-07-13,Capital Link MLP,CLMLP,3487.64,3487.64,3487.64,3487.64,0.0,-0.7
2007-07-16,Capital Link MLP,CLMLP,3513.85,3513.85,3513.85,3513.85,0.0,0.75
2007-07-17,Capital Link MLP,CLMLP,3463.22,3463.22,3463.22,3463.22,0.0,-1.44
2007-07-18,Capital Link MLP,CLMLP,3515.99,3515.99,3515.99,3515.99,0.0,1.52
2007-07-19,Capital Link MLP,CLMLP,3524.09,3524.09,3524.09,3524.09,0.0,0.23
2007-07-20,Capital Link MLP,CLMLP,3539.61,3539.61,3539.61,3539.61,0.0,0.44
2007-07-23,Capital Link MLP,CLMLP,3501.92,3501.92,3501.92,3501.92,0.0,-1.06
2007-07-24,Capital Link MLP,CLMLP,3473.62,3473.62,3473.62,3473.62,0.0,-0.81
2007-07-25,Capital Link MLP,CLMLP,3451.91,3451.91,3451.91,3451.91,0.0,-0.62
2007-07-26,Capital Link MLP,CLMLP,3426.13,3426.13,3426.13,3426.13,0.0,-0.75
2007-07-27,Capital Link MLP,CLMLP,3425.55,3425.55,3425.55,3425.55,0.0,-0.02
2007-07-30,Capital Link MLP,CLMLP,3396.49,3396.49,3396.49,3396.49,0.0,-0.85
2007-07-31,Capital Link MLP,CLMLP,3445.25,3445.25,3445.25,3445.25,0.0,1.44
2007-08-01,Capital Link MLP,CLMLP,3373.61,3373.61,3373.61,3373.61,0.0,-2.08
2007-08-02,Capital Link MLP,CLMLP,3339.08,3339.08,3339.08,3339.08,0.0,-1.02
2007-08-03,Capital Link MLP,CLMLP,3306.7,3306.7,3306.7,3306.7,0.0,-0.97
2007-08-06,Capital Link MLP,CLMLP,3243.65,3243.65,3243.65,3243.65,0.0,-1.91
2007-08-07,Capital Link MLP,CLMLP,3263.27,3263.27,3263.27,3263.27,0.0,0.6
2007-08-08,Capital Link MLP,CLMLP,3302.29,3302.29,3302.29,3302.29,0.0,1.2
2007-08-09,Capital Link MLP,CLMLP,3283.64,3283.64,3283.64,3283.64,0.0,-0.56
2007-08-10,Capital Link MLP,CLMLP,3261.63,3261.63,3261.63,3261.63,0.0,-0.67
2007-08-13,Capital Link MLP,CLMLP,3301.02,3301.02,3301.02,3301.02,0.0,1.21
2007-08-14,Capital Link MLP,CLMLP,3286.37,3286.37,3286.37,3286.37,0.0,-0.44
2007-08-15,Capital Link MLP,CLMLP,3253.57,3253.57,3253.57,3253.57,0.0,-1.0
2007-08-16,Capital Link MLP,CLMLP,3179.41,3179.41,3179.41,3179.41,0.0,-2.28
2007-08-17,Capital Link MLP,CLMLP,3187.55,3187.55,3187.55,3187.55,0.0,0.26
2007-08-20,Capital Link MLP,CLMLP,3053.36,3053.36,3053.36,3053.36,0.0,-4.21
2007-08-21,Capital Link MLP,CLMLP,3083.3,3083.3,3083.3,3083.3,0.0,0.98
2007-08-22,Capital Link MLP,CLMLP,3143.42,3143.42,3143.42,3143.42,0.0,1.95
2007-08-23,Capital Link MLP,CLMLP,3192.07,3192.07,3192.07,3192.07,0.0,1.55
2007-08-24,Capital Link MLP,CLMLP,3205.0,3205.0,3205.0,3205.0,0.0,0.41
2007-08-27,Capital Link MLP,CLMLP,3194.24,3194.24,3194.24,3194.24,0.0,-0.34
2007-08-28,Capital Link MLP,CLMLP,3202.62,3202.62,3202.62,3202.62,0.0,0.26
2007-08-29,Capital Link MLP,CLMLP,3218.17,3218.17,3218.17,3218.17,0.0,0.49
2007-08-30,Capital Link MLP,CLMLP,3192.66,3192.66,3192.66,3192.66,0.0,-0.79
2007-08-31,Capital Link MLP,CLMLP,3252.18,3252.18,3252.18,3252.18,0.0,1.86
2007-09-04,Capital Link MLP,CLMLP,3242.94,3242.94,3242.94,3242.94,0.0,-0.28
2007-09-05,Capital Link MLP,CLMLP,3262.76,3262.76,3262.76,3262.76,0.0,0.61
2007-09-06,Capital Link MLP,CLMLP,3195.36,3195.36,3195.36,3195.36,0.0,-2.07
2007-09-07,Capital Link MLP,CLMLP,3240.23,3240.23,3240.23,3240.23,0.0,1.4
2007-09-10,Capital Link MLP,CLMLP,3191.41,3191.41,3191.41,3191.41,0.0,-1.51
2007-09-11,Capital Link MLP,CLMLP,3142.18,3142.18,3142.18,3142.18,0.0,-1.54
2007-09-12,Capital Link MLP,CLMLP,3107.44,3107.44,3107.44,3107.44,0.0,-1.11
2007-09-13,Capital Link MLP,CLMLP,3097.34,3097.34,3097.34,3097.34,0.0,-0.33
2007-09-14,Capital Link MLP,CLMLP,3108.77,3108.77,3108.77,3108.77,0.0,0.37
2007-09-17,Capital Link MLP,CLMLP,3117.26,3117.26,3117.26,3117.26,0.0,0.27
2007-09-18,Capital Link MLP,CLMLP,3103.27,3103.27,3103.27,3103.27,0.0,-0.45
2007-09-19,Capital Link MLP,CLMLP,3165.05,3165.05,3165.05,3165.05,0.0,1.99
2007-09-20,Capital Link MLP,CLMLP,3167.15,3167.15,3167.15,3167.15,0.0,0.07
2007-09-21,Capital Link MLP,CLMLP,3179.76,3179.76,3179.76,3179.76,0.0,0.4
2007-09-24,Capital Link MLP,CLMLP,3119.63,3119.63,3119.63,3119.63,0.0,-1.89
2007-09-25,Capital Link MLP,CLMLP,3106.97,3106.97,3106.97,3106.97,0.0,-0.41
2007-09-26,Capital Link MLP,CLMLP,3073.11,3073.11,3073.11,3073.11,0.0,-1.09
2007-09-27,Capital Link MLP,CLMLP,3074.43,3074.43,3074.43,3074.43,0.0,0.04
2007-09-28,Capital Link MLP,CLMLP,3061.7,3061.7,3061.7,3061.7,0.0,-0.41
2007-10-01,Capital Link MLP,CLMLP,3080.03,3080.03,3080.03,3080.03,0.0,0.6
2007-10-02,Capital Link MLP,CLMLP,3039.97,3039.97,3039.97,3039.97,0.0,-1.3
2007-10-03,Capital Link MLP,CLMLP,3000.59,3000.59,3000.59,3000.59,0.0,-1.3
2007-10-04,Capital Link MLP,CLMLP,3072.41,3072.41,3072.41,3072.41,0.0,2.39
2007-10-05,Capital Link MLP,CLMLP,3011.55,3011.55,3011.55,3011.55,0.0,-1.98
2007-10-08,Capital Link MLP,CLMLP,2982.51,2982.51,2982.51,2982.51,0.0,-0.96
2007-10-09,Capital Link MLP,CLMLP,3017.3,3017.3,3017.3,3017.3,0.0,1.17
2007-10-10,Capital Link MLP,CLMLP,3076.38,3076.38,3076.38,3076.38,0.0,1.96
2007-10-11,Capital Link MLP,CLMLP,3092.42,3092.42,3092.42,3092.42,0.0,0.52
2007-10-12,Capital Link MLP,CLMLP,3081.45,3081.45,3081.45,3081.45,0.0,-0.35
2007-10-15,Capital Link MLP,CLMLP,3066.03,3066.03,3066.03,3066.03,0.0,-0.5
2007-10-16,Capital Link MLP,CLMLP,3054.08,3054.08,3054.08,3054.08,0.0,-0.39
2007-10-17,Capital Link MLP,CLMLP,3045.65,3045.65,3045.65,3045.65,0.0,-0.28
2007-10-18,Capital Link MLP,CLMLP,3064.91,3064.91,3064.91,3064.91,0.0,0.63
2007-10-19,Capital Link MLP,CLMLP,3043.24,3043.24,3043.24,3043.24,0.0,-0.71
2007-10-22,Capital Link MLP,CLMLP,2981.45,2981.45,2981.45,2981.45,0.0,-2.03
2007-10-23,Capital Link MLP,CLMLP,2974.0,2974.0,2974.0,2974.0,0.0,-0.25
2007-10-24,Capital Link MLP,CLMLP,2974.9,2974.9,2974.9,2974.9,0.0,0.03
2007-10-25,Capital Link MLP,CLMLP,3001.68,3001.68,3001.68,3001.68,0.0,0.9
2007-10-26,Capital Link MLP,CLMLP,3028.09,3028.09,3028.09,3028.09,0.0,0.88
2007-10-29,Capital Link MLP,CLMLP,3098.14,3098.14,3098.14,3098.14,0.0,2.31
2007-10-30,Capital Link MLP,CLMLP,3086.86,3086.86,3086.86,3086.86,0.0,-0.36
2007-10-31,Capital Link MLP,CLMLP,3096.17,3096.17,3096.17,3096.17,0.0,0.3
2007-11-01,Capital Link MLP,CLMLP,3106.01,3106.01,3106.01,3106.01,0.0,0.32
2007-11-02,Capital Link MLP,CLMLP,3087.58,3087.58,3087.58,3087.58,0.0,-0.59
2007-11-05,Capital Link MLP,CLMLP,3084.4,3084.4,3084.4,3084.4,0.0,-0.1
2007-11-06,Capital Link MLP,CLMLP,3072.2,3072.2,3072.2,3072.2,0.0,-0.4
2007-11-07,Capital Link MLP,CLMLP,2988.14,2988.14,2988.14,2988.14,0.0,-2.74
2007-11-08,Capital Link MLP,CLMLP,2885.11,2885.11,2885.11,2885.11,0.0,-3.45
2007-11-09,Capital Link MLP,CLMLP,2851.33,2851.33,2851.33,2851.33,0.0,-1.17
2007-11-12,Capital Link MLP,CLMLP,2621.93,2621.93,2621.93,2621.93,0.0,-8.05
2007-11-13,Capital Link MLP,CLMLP,2592.7,2592.7,2592.7,2592.7,0.0,-1.11
2007-11-14,Capital Link MLP,CLMLP,2495.46,2495.46,2495.46,2495.46,0.0,-3.75
2007-11-15,Capital Link MLP,CLMLP,2498.2,2498.2,2498.2,2498.2,0.0,0.11
2007-11-16,Capital Link MLP,CLMLP,2466.12,2466.12,2466.12,2466.12,0.0,-1.28
2007-11-19,Capital Link MLP,CLMLP,2369.97,2369.97,2369.97,2369.97,0.0,-3.9
2007-11-20,Capital Link MLP,CLMLP,2362.03,2362.03,2362.03,2362.03,0.0,-0.34
2007-11-21,Capital Link MLP,CLMLP,2358.49,2358.49,2358.49,2358.49,0.0,-0.15
2007-11-23,Capital Link MLP,CLMLP,2439.56,2439.56,2439.56,2439.56,0.0,3.44
2007-11-26,Capital Link MLP,CLMLP,2386.72,2386.72,2386.72,2386.72,0.0,-2.17
2007-11-27,Capital Link MLP,CLMLP,2371.64,2371.64,2371.64,2371.64,0.0,-0.63
2007-11-28,Capital Link MLP,CLMLP,2421.55,2421.55,2421.55,2421.55,0.0,2.1
2007-11-29,Capital Link MLP,CLMLP,2466.09,2466.09,2466.09,2466.09,0.0,1.84
2007-11-30,Capital Link MLP,CLMLP,2489.42,2489.42,2489.42,2489.42,0.0,0.95
2007-12-03,Capital Link MLP,CLMLP,2446.37,2446.37,2446.37,2446.37,0.0,-1.73
2007-12-04,Capital Link MLP,CLMLP,2457.48,2457.48,2457.48,2457.48,0.0,0.45
2007-12-05,Capital Link MLP,CLMLP,2446.17,2446.17,2446.17,2446.17,0.0,-0.46
2007-12-06,Capital Link MLP,CLMLP,2451.03,2451.03,2451.03,2451.03,0.0,0.2
2007-12-07,Capital Link MLP,CLMLP,2462.02,2462.02,2462.02,2462.02,0.0,0.45
2007-12-10,Capital Link MLP,CLMLP,2472.66,2472.66,2472.66,2472.66,0.0,0.43
2007-12-11,Capital Link MLP,CLMLP,2435.35,2435.35,2435.35,2435.35,0.0,-1.51
2007-12-12,Capital Link MLP,CLMLP,2418.5,2418.5,2418.5,2418.5,0.0,-0.69
2007-12-13,Capital Link MLP,CLMLP,2387.63,2387.63,2387.63,2387.63,0.0,-1.28
2007-12-14,Capital Link MLP,CLMLP,2385.86,2385.86,2385.86,2385.86,0.0,-0.07
2007-12-17,Capital Link MLP,CLMLP,2382.02,2382.02,2382.02,2382.02,0.0,-0.16
2007-12-18,Capital Link MLP,CLMLP,2358.47,2358.47,2358.47,2358.47,0.0,-0.99
2007-12-19,Capital Link MLP,CLMLP,2372.06,2372.06,2372.06,2372.06,0.0,0.58
2007-12-20,Capital Link MLP,CLMLP,2368.84,2368.84,2368.84,2368.84,0.0,-0.14
2007-12-21,Capital Link MLP,CLMLP,2465.03,2465.03,2465.03,2465.03,0.0,4.06
2007-12-24,Capital Link MLP,CLMLP,2516.41,2516.41,2516.41,2516.41,0.0,2.08
2007-12-26,Capital Link MLP,CLMLP,2491.19,2491.19,2491.19,2491.19,0.0,-1.0
2007-12-27,Capital Link MLP,CLMLP,2485.48,2485.48,2485.48,2485.48,0.0,-0.23
2007-12-28,Capital Link MLP,CLMLP,2470.19,2470.19,2470.19,2470.19,0.0,-0.62
2007-12-31,Capital Link MLP,CLMLP,2488.7,2488.7,2488.7,2488.7,0.0,0.75
2008-01-02,Capital Link MLP,CLMLP,2453.34,2453.34,2453.34,2453.34,0.0,-1.42
2008-01-03,Capital Link MLP,CLMLP,2484.42,2484.42,2484.42,2484.42,0.0,1.27
2008-01-04,Capital Link MLP,CLMLP,2460.84,2460.84,2460.84,2460.84,0.0,-0.95
2008-01-07,Capital Link MLP,CLMLP,2467.24,2467.24,2467.24,2467.24,0.0,0.26
2008-01-08,Capital Link MLP,CLMLP,2474.72,2474.72,2474.72,2474.72,0.0,0.3
2008-01-09,Capital Link MLP,CLMLP,2455.28,2455.28,2455.28,2455.28,0.0,-0.79
2008-01-10,Capital Link MLP,CLMLP,2473.16,2473.16,2473.16,2473.16,0.0,0.73
2008-01-11,Capital Link MLP,CLMLP,2468.86,2468.86,2468.86,2468.86,0.0,-0.17
2008-01-14,Capital Link MLP,CLMLP,2442.61,2442.61,2442.61,2442.61,0.0,-1.06
2008-01-15,Capital Link MLP,CLMLP,2424.74,2424.74,2424.74,2424.74,0.0,-0.73
2008-01-16,Capital Link MLP,CLMLP,2413.36,2413.36,2413.36,2413.36,0.0,-0.47
2008-01-17,Capital Link MLP,CLMLP,2349.45,2349.45,2349.45,2349.45,0.0,-2.65
2008-01-18,Capital Link MLP,CLMLP,2315.12,2315.12,2315.12,2315.12,0.0,-1.46
2008-01-22,Capital Link MLP,CLMLP,2267.06,2267.06,2267.06,2267.06,0.0,-2.08
2008-01-23,Capital Link MLP,CLMLP,2226.56,2226.56,2226.56,2226.56,0.0,-1.79
2008-01-24,Capital Link MLP,CLMLP,2261.34,2261.34,2261.34,2261.34,0.0,1.56
2008-01-25,Capital Link MLP,CLMLP,2278.31,2278.31,2278.31,2278.31,0.0,0.75
2008-01-28,Capital Link MLP,CLMLP,2261.83,2261.83,2261.83,2261.83,0.0,-0.72
2008-01-29,Capital Link MLP,CLMLP,2269.87,2269.87,2269.87,2269.87,0.0,0.36
2008-01-30,Capital Link MLP,CLMLP,2276.62,2276.62,2276.62,2276.62,0.0,0.3
2008-01-31,Capital Link MLP,CLMLP,2301.38,2301.38,2301.38,2301.38,0.0,1.09
2008-02-01,Capital Link MLP,CLMLP,2334.11,2334.11,2334.11,2334.11,0.0,1.42
2008-02-04,Capital Link MLP,CLMLP,2335.64,2335.64,2335.64,2335.64,0.0,0.07
2008-02-05,Capital Link MLP,CLMLP,2344.17,2344.17,2344.17,2344.17,0.0,0.37
2008-02-06,Capital Link MLP,CLMLP,2322.99,2322.99,2322.99,2322.99,0.0,-0.9
2008-02-07,Capital Link MLP,CLMLP,2332.41,2332.41,2332.41,2332.41,0.0,0.41
2008-02-08,Capital Link MLP,CLMLP,2325.08,2325.08,2325.08,2325.08,0.0,-0.31
2008-02-11,Capital Link MLP,CLMLP,2328.04,2328.04,2328.04,2328.04,0.0,0.13
2008-02-12,Capital Link MLP,CLMLP,2363.21,2363.21,2363.21,2363.21,0.0,1.51
2008-02-13,Capital Link MLP,CLMLP,2371.71,2371.71,2371.71,2371.71,0.0,0.36
2008-02-14,Capital Link MLP,CLMLP,2369.81,2369.81,2369.81,2369.81,0.0,-0.08
2008-02-15,Capital Link MLP,CLMLP,2356.06,2356.06,2356.06,2356.06,0.0,-0.58
2008-02-19,Capital Link MLP,CLMLP,2402.7,2402.7,2402.7,2402.7,0.0,1.98
2008-02-20,Capital Link MLP,CLMLP,2436.45,2436.45,2436.45,2436.45,0.0,1.4
2008-02-21,Capital Link MLP,CLMLP,2414.93,2414.93,2414.93,2414.93,0.0,-0.88
2008-02-22,Capital Link MLP,CLMLP,2401.57,2401.57,2401.57,2401.57,0.0,-0.55
2008-02-25,Capital Link MLP,CLMLP,2432.65,2432.65,2432.65,2432.65,0.0,1.29
2008-02-26,Capital Link MLP,CLMLP,2437.34,2437.34,2437.34,2437.34,0.0,0.19
2008-02-27,Capital Link MLP,CLMLP,2409.54,2409.54,2409.54,2409.54,0.0,-1.14
2008-02-28,Capital Link MLP,CLMLP,2395.0,2395.0,2395.0,2395.0,0.0,-0.6
2008-02-29,Capital Link MLP,CLMLP,2367.78,2367.78,2367.78,2367.78,0.0,-1.14
2008-03-03,Capital Link MLP,CLMLP,2351.4,2351.4,2351.4,2351.4,0.0,-0.69
2008-03-04,Capital Link MLP,CLMLP,2334.43,2334.43,2334.43,2334.43,0.0,-0.72
2008-03-05,Capital Link MLP,CLMLP,2340.3,2340.3,2340.3,2340.3,0.0,0.25
2008-03-06,Capital Link MLP,CLMLP,2320.0,2320.0,2320.0,2320.0,0.0,-0.87
2008-03-07,Capital Link MLP,CLMLP,2295.94,2295.94,2295.94,2295.94,0.0,-1.04
2008-03-10,Capital Link MLP,CLMLP,2231.2,2231.2,2231.2,2231.2,0.0,-2.82
2008-03-11,Capital Link MLP,CLMLP,2221.3,2221.3,2221.3,2221.3,0.0,-0.44
2008-03-12,Capital Link MLP,CLMLP,2202.53,2202.53,2202.53,2202.53,0.0,-0.85
2008-03-13,Capital Link MLP,CLMLP,2155.98,2155.98,2155.98,2155.98,0.0,-2.11
2008-03-14,Capital Link MLP,CLMLP,2156.13,2156.13,2156.13,2156.13,0.0,0.01
2008-03-17,Capital Link MLP,CLMLP,2080.05,2080.05,2080.05,2080.05,0.0,-3.53
2008-03-18,Capital Link MLP,CLMLP,2097.41,2097.41,2097.41,2097.41,0.0,0.83
2008-03-19,Capital Link MLP,CLMLP,2089.67,2089.67,2089.67,2089.67,0.0,-0.37
2008-03-20,Capital Link MLP,CLMLP,2099.63,2099.63,2099.63,2099.63,0.0,0.48
2008-03-24,Capital Link MLP,CLMLP,2146.42,2146.42,2146.42,2146.42,0.0,2.23
2008-03-25,Capital Link MLP,CLMLP,2162.88,2162.88,2162.88,2162.88,0.0,0.77
2008-03-26,Capital Link MLP,CLMLP,2206.37,2206.37,2206.37,2206.37,0.0,2.01
2008-03-27,Capital Link MLP,CLMLP,2220.69,2220.69,2220.69,2220.69,0.0,0.65
2008-03-28,Capital Link MLP,CLMLP,2206.21,2206.21,2206.21,2206.21,0.0,-0.65
2008-03-31,Capital Link MLP,CLMLP,2235.71,2235.71,2235.71,2235.71,0.0,1.34
2008-04-01,Capital Link MLP,CLMLP,2255.86,2255.86,2255.86,2255.86,0.0,0.9
2008-04-02,Capital Link MLP,CLMLP,2237.53,2237.53,2237.53,2237.53,0.0,-0.81
2008-04-03,Capital Link MLP,CLMLP,2268.36,2268.36,2268.36,2268.36,0.0,1.38
2008-04-04,Capital Link MLP,CLMLP,2322.23,2322.23,2322.23,2322.23,0.0,2.37
2008-04-07,Capital Link MLP,CLMLP,2337.54,2337.54,2337.54,2337.54,0.0,0.66
2008-04-08,Capital Link MLP,CLMLP,2353.2,2353.2,2353.2,2353.2,0.0,0.67
2008-04-09,Capital Link MLP,CLMLP,2338.46,2338.46,2338.46,2338.46,0.0,-0.63
2008-04-10,Capital Link MLP,CLMLP,2312.53,2312.53,2312.53,2312.53,0.0,-1.11
2008-04-11,Capital Link MLP,CLMLP,2291.37,2291.37,2291.37,2291.37,0.0,-0.92
2008-04-14,Capital Link MLP,CLMLP,2265.19,2265.19,2265.19,2265.19,0.0,-1.14
2008-04-15,Capital Link MLP,CLMLP,2243.09,2243.09,2243.09,2243.09,0.0,-0.98
2008-04-16,Capital Link MLP,CLMLP,2294.59,2294.59,2294.59,2294.59,0.0,2.3
2008-04-17,Capital Link MLP,CLMLP,2249.78,2249.78,2249.78,2249.78,0.0,-1.95
2008-04-18,Capital Link MLP,CLMLP,2254.23,2254.23,2254.23,2254.23,0.0,0.2
2008-04-21,Capital Link MLP,CLMLP,2283.62,2283.62,2283.62,2283.62,0.0,1.3
2008-04-22,Capital Link MLP,CLMLP,2274.77,2274.77,2274.77,2274.77,0.0,-0.39
2008-04-23,Capital Link MLP,CLMLP,2282.68,2282.68,2282.68,2282.68,0.0,0.35
2008-04-24,Capital Link MLP,CLMLP,2272.61,2272.61,2272.61,2272.61,0.0,-0.44
2008-04-25,Capital Link MLP,CLMLP,2285.11,2285.11,2285.11,2285.11,0.0,0.55
2008-04-28,Capital Link MLP,CLMLP,2276.27,2276.27,2276.27,2276.27,0.0,-0.39
2008-04-29,Capital Link MLP,CLMLP,2265.85,2265.85,2265.85,2265.85,0.0,-0.46
2008-04-30,Capital Link MLP,CLMLP,2268.66,2268.66,2268.66,2268.66,0.0,0.12
2008-05-01,Capital Link MLP,CLMLP,2282.46,2282.46,2282.46,2282.46,0.0,0.61
2008-05-02,Capital Link MLP,CLMLP,2291.57,2291.57,2291.57,2291.57,0.0,0.4
2008-05-05,Capital Link MLP,CLMLP,2279.47,2279.47,2279.47,2279.47,0.0,-0.53
2008-05-06,Capital Link MLP,CLMLP,2260.27,2260.27,2260.27,2260.27,0.0,-0.84
2008-05-07,Capital Link MLP,CLMLP,2231.99,2231.99,2231.99,2231.99,0.0,-1.25
2008-05-08,Capital Link MLP,CLMLP,2241.43,2241.43,2241.43,2241.43,0.0,0.42
2008-05-09,Capital Link MLP,CLMLP,2231.14,2231.14,2231.14,2231.14,0.0,-0.46
2008-05-12,Capital Link MLP,CLMLP,2230.84,2230.84,2230.84,2230.84,0.0,-0.01
2008-05-13,Capital Link MLP,CLMLP,2228.8,2228.8,2228.8,2228.8,0.0,-0.09
2008-05-14,Capital Link MLP,CLMLP,2339.5,2339.5,2339.5,2339.5,0.0,4.97
2008-05-15,Capital Link MLP,CLMLP,2344.87,2344.87,2344.87,2344.87,0.0,0.23
2008-05-16,Capital Link MLP,CLMLP,2358.12,2358.12,2358.12,2358.12,0.0,0.57
2008-05-19,Capital Link MLP,CLMLP,2350.17,2350.17,2350.17,2350.17,0.0,-0.34
2008-05-20,Capital Link MLP,CLMLP,2347.32,2347.32,2347.32,2347.32,0.0,-0.12
2008-05-21,Capital Link MLP,CLMLP,2350.64,2350.64,2350.64,2350.64,0.0,0.14
2008-05-22,Capital Link MLP,CLMLP,2360.68,2360.68,2360.68,2360.68,0.0,0.43
2008-05-23,Capital Link MLP,CLMLP,2356.43,2356.43,2356.43,2356.43,0.0,-0.18
2008-05-27,Capital Link MLP,CLMLP,2352.63,2352.63,2352.63,2352.63,0.0,-0.16
2008-05-28,Capital Link MLP,CLMLP,2336.72,2336.72,2336.72,2336.72,0.0,-0.68
2008-05-29,Capital Link MLP,CLMLP,2322.19,2322.19,2322.19,2322.19,0.0,-0.62
2008-05-30,Capital Link MLP,CLMLP,2330.4,2330.4,2330.4,2330.4,0.0,0.35
2008-06-02,Capital Link MLP,CLMLP,2325.32,2325.32,2325.32,2325.32,0.0,-0.22
2008-06-03,Capital Link MLP,CLMLP,2311.76,2311.76,2311.76,2311.76,0.0,-0.58
2008-06-04,Capital Link MLP,CLMLP,2308.76,2308.76,2308.76,2308.76,0.0,-0.13
2008-06-05,Capital Link MLP,CLMLP,2313.38,2313.38,2313.38,2313.38,0.0,0.2
2008-06-06,Capital Link MLP,CLMLP,2314.42,2314.42,2314.42,2314.42,0.0,0.04
2008-06-09,Capital Link MLP,CLMLP,2328.96,2328.96,2328.96,2328.96,0.0,0.63
2008-06-10,Capital Link MLP,CLMLP,2297.78,2297.78,2297.78,2297.78,0.0,-1.34
2008-06-11,Capital Link MLP,CLMLP,2259.13,2259.13,2259.13,2259.13,0.0,-1.68
2008-06-12,Capital Link MLP,CLMLP,2225.37,2225.37,2225.37,2225.37,0.0,-1.49
2008-06-13,Capital Link MLP,CLMLP,2213.44,2213.44,2213.44,2213.44,0.0,-0.54
2008-06-16,Capital Link MLP,CLMLP,2226.79,2226.79,2226.79,2226.79,0.0,0.6
2008-06-17,Capital Link MLP,CLMLP,2236.69,2236.69,2236.69,2236.69,0.0,0.44
2008-06-18,Capital Link MLP,CLMLP,2208.3,2208.3,2208.3,2208.3,0.0,-1.27
2008-06-19,Capital Link MLP,CLMLP,2158.51,2158.51,2158.51,2158.51,0.0,-2.25
2008-06-20,Capital Link MLP,CLMLP,2156.78,2156.78,2156.78,2156.78,0.0,-0.08
2008-06-23,Capital Link MLP,CLMLP,2174.75,2174.75,2174.75,2174.75,0.0,0.83
2008-06-24,Capital Link MLP,CLMLP,2133.54,2133.54,2133.54,2133.54,0.0,-1.89
2008-06-25,Capital Link MLP,CLMLP,2129.17,2129.17,2129.17,2129.17,0.0,-0.2
2008-06-26,Capital Link MLP,CLMLP,2121.03,2121.03,2121.03,2121.03,0.0,-0.38
2008-06-27,Capital Link MLP,CLMLP,2096.64,2096.64,2096.64,2096.64,0.0,-1.15
2008-06-30,Capital Link MLP,CLMLP,2103.81,2103.81,2103.81,2103.81,0.0,0.34
2008-07-01,Capital Link MLP,CLMLP,2108.29,2108.29,2108.29,2108.29,0.0,0.21
2008-07-02,Capital Link MLP,CLMLP,2057.57,2057.57,2057.57,2057.57,0.0,-2.41
2008-07-03,Capital Link MLP,CLMLP,2026.66,2026.66,2026.66,2026.66,0.0,-1.5
2008-07-07,Capital Link MLP,CLMLP,1975.52,1975.52,1975.52,1975.52,0.0,-2.52
2008-07-08,Capital Link MLP,CLMLP,1936.57,1936.57,1936.57,1936.57,0.0,-1.97
2008-07-09,Capital Link MLP,CLMLP,1965.48,1965.48,1965.48,1965.48,0.0,1.49
2008-07-10,Capital Link MLP,CLMLP,1960.85,1960.85,1960.85,1960.85,0.0,-0.24
2008-07-11,Capital Link MLP,CLMLP,1951.81,1951.81,1951.81,1951.81,0.0,-0.46
2008-07-14,Capital Link MLP,CLMLP,1984.07,1984.07,1984.07,1984.07,0.0,1.65
2008-07-15,Capital Link MLP,CLMLP,1923.31,1923.31,1923.31,1923.31,0.0,-3.06
2008-07-16,Capital Link MLP,CLMLP,1928.61,1928.61,1928.61,1928.61,0.0,0.28
2008-07-17,Capital Link MLP,CLMLP,1917.21,1917.21,1917.21,1917.21,0.0,-0.59
2008-07-18,Capital Link MLP,CLMLP,1929.81,1929.81,1929.81,1929.81,0.0,0.66
2008-07-21,Capital Link MLP,CLMLP,1954.1,1954.1,1954.1,1954.1,0.0,1.26
2008-07-22,Capital Link MLP,CLMLP,1935.27,1935.27,1935.27,1935.27,0.0,-0.96
2008-07-23,Capital Link MLP,CLMLP,1906.22,1906.22,1906.22,1906.22,0.0,-1.5
2008-07-24,Capital Link MLP,CLMLP,1887.92,1887.92,1887.92,1887.92,0.0,-0.96
2008-07-25,Capital Link MLP,CLMLP,1875.04,1875.04,1875.04,1875.04,0.0,-0.68
2008-07-28,Capital Link MLP,CLMLP,1880.31,1880.31,1880.31,1880.31,0.0,0.28
2008-07-29,Capital Link MLP,CLMLP,1861.89,1861.89,1861.89,1861.89,0.0,-0.98
2008-07-30,Capital Link MLP,CLMLP,1909.58,1909.58,1909.58,1909.58,0.0,2.56
2008-07-31,Capital Link MLP,CLMLP,1928.73,1928.73,1928.73,1928.73,0.0,1.0
2008-08-01,Capital Link MLP,CLMLP,1919.61,1919.61,1919.61,1919.61,0.0,-0.47
2008-08-04,Capital Link MLP,CLMLP,1874.77,1874.77,1874.77,1874.77,0.0,-2.34
2008-08-05,Capital Link MLP,CLMLP,1841.04,1841.04,1841.04,1841.04,0.0,-1.8
2008-08-06,Capital Link MLP,CLMLP,1852.67,1852.67,1852.67,1852.67,0.0,0.63
2008-08-07,Capital Link MLP,CLMLP,1815.95,1815.95,1815.95,1815.95,0.0,-1.98
2008-08-08,Capital Link MLP,CLMLP,1825.29,1825.29,1825.29,1825.29,0.0,0.51
2008-08-11,Capital Link MLP,CLMLP,1807.44,1807.44,1807.44,1807.44,0.0,-0.98
2008-08-12,Capital Link MLP,CLMLP,1828.38,1828.38,1828.38,1828.38,0.0,1.16
2008-08-13,Capital Link MLP,CLMLP,1816.95,1816.95,1816.95,1816.95,0.0,-0.63
2008-08-14,Capital Link MLP,CLMLP,1807.16,1807.16,1807.16,1807.16,0.0,-0.54
2008-08-15,Capital Link MLP,CLMLP,1778.18,1778.18,1778.18,1778.18,0.0,-1.6
2008-08-18,Capital Link MLP,CLMLP,1765.86,1765.86,1765.86,1765.86,0.0,-0.69
2008-08-19,Capital Link MLP,CLMLP,1704.42,1704.42,1704.42,1704.42,0.0,-3.48
2008-08-20,Capital Link MLP,CLMLP,1743.17,1743.17,1743.17,1743.17,0.0,2.27
2008-08-21,Capital Link MLP,CLMLP,1746.14,1746.14,1746.14,1746.14,0.0,0.17
2008-08-22,Capital Link MLP,CLMLP,1736.08,1736.08,1736.08,1736.08,0.0,-0.58
2008-08-25,Capital Link MLP,CLMLP,1722.17,1722.17,1722.17,1722.17,0.0,-0.8
2008-08-26,Capital Link MLP,CLMLP,1740.52,1740.52,1740.52,1740.52,0.0,1.07
2008-08-27,Capital Link MLP,CLMLP,1774.53,1774.53,1774.53,1774.53,0.0,1.95
2008-08-28,Capital Link MLP,CLMLP,1773.13,1773.13,1773.13,1773.13,0.0,-0.08
2008-08-29,Capital Link MLP,CLMLP,1776.32,1776.32,1776.32,1776.32,0.0,0.18
2008-09-02,Capital Link MLP,CLMLP,1769.08,1769.08,1769.08,1769.08,0.0,-0.41
2008-09-03,Capital Link MLP,CLMLP,1733.47,1733.47,1733.47,1733.47,0.0,-2.01
2008-09-04,Capital Link MLP,CLMLP,1649.47,1649.47,1649.47,1649.47,0.0,-4.85
2008-09-05,Capital Link MLP,CLMLP,1660.48,1660.48,1660.48,1660.48,0.0,0.67
2008-09-08,Capital Link MLP,CLMLP,1649.45,1649.45,1649.45,1649.45,0.0,-0.66
2008-09-09,Capital Link MLP,CLMLP,1564.12,1564.12,1564.12,1564.12,0.0,-5.17
2008-09-10,Capital Link MLP,CLMLP,1562.45,1562.45,1562.45,1562.45,0.0,-0.11
2008-09-11,Capital Link MLP,CLMLP,1528.47,1528.47,1528.47,1528.47,0.0,-2.17
2008-09-12,Capital Link MLP,CLMLP,1545.98,1545.98,1545.98,1545.98,0.0,1.15
2008-09-15,Capital Link MLP,CLMLP,1470.53,1470.53,1470.53,1470.53,0.0,-4.88
2008-09-16,Capital Link MLP,CLMLP,1422.78,1422.78,1422.78,1422.78,0.0,-3.25
2008-09-17,Capital Link MLP,CLMLP,1326.38,1326.38,1326.38,1326.38,0.0,-6.78
2008-09-18,Capital Link MLP,CLMLP,1282.04,1282.04,1282.04,1282.04,0.0,-3.34
2008-09-19,Capital Link MLP,CLMLP,1415.89,1415.89,1415.89,1415.89,0.0,10.44
2008-09-22,Capital Link MLP,CLMLP,1359.55,1359.55,1359.55,1359.55,0.0,-3.98
2008-09-23,Capital Link MLP,CLMLP,1327.41,1327.41,1327.41,1327.41,0.0,-2.36
2008-09-24,Capital Link MLP,CLMLP,1310.03,1310.03,1310.03,1310.03,0.0,-1.31
2008-09-25,Capital Link MLP,CLMLP,1331.75,1331.75,1331.75,1331.75,0.0,1.66
2008-09-26,Capital Link MLP,CLMLP,1314.73,1314.73,1314.73,1314.73,0.0,-1.28
2008-09-29,Capital Link MLP,CLMLP,1204.54,1204.54,1204.54,1204.54,0.0,-8.38
2008-09-30,Capital Link MLP,CLMLP,1225.8,1225.8,1225.8,1225.8,0.0,1.76
2008-10-01,Capital Link MLP,CLMLP,1218.66,1218.66,1218.66,1218.66,0.0,-0.58
2008-10-02,Capital Link MLP,CLMLP,1175.39,1175.39,1175.39,1175.39,0.0,-3.55
2008-10-03,Capital Link MLP,CLMLP,1113.74,1113.74,1113.74,1113.74,0.0,-5.25
2008-10-06,Capital Link MLP,CLMLP,987.11,987.11,987.11,987.11,0.0,-11.37
2008-10-07,Capital Link MLP,CLMLP,971.26,971.26,971.26,971.26,0.0,-1.61
2008-10-08,Capital Link MLP,CLMLP,909.23,909.23,909.23,909.23,0.0,-6.39
2008-10-09,Capital Link MLP,CLMLP,881.69,881.69,881.69,881.69,0.0,-3.03
2008-10-10,Capital Link MLP,CLMLP,794.55,794.55,794.55,794.55,0.0,-9.88
2008-10-13,Capital Link MLP,CLMLP,1018.55,1018.55,1018.55,1018.55,0.0,28.19
2008-10-14,Capital Link MLP,CLMLP,1139.48,1139.48,1139.48,1139.48,0.0,11.87
2008-10-15,Capital Link MLP,CLMLP,1111.2,1111.2,1111.2,1111.2,0.0,-2.48
2008-10-16,Capital Link MLP,CLMLP,1065.09,1065.09,1065.09,1065.09,0.0,-4.15
2008-10-17,Capital Link MLP,CLMLP,1061.81,1061.81,1061.81,1061.81,0.0,-0.31
2008-10-20,Capital Link MLP,CLMLP,1143.63,1143.63,1143.63,1143.63,0.0,7.71
2008-10-21,Capital Link MLP,CLMLP,1155.61,1155.61,1155.61,1155.61,0.0,1.05
2008-10-22,Capital Link MLP,CLMLP,1148.84,1148.84,1148.84,1148.84,0.0,-0.59
2008-10-23,Capital Link MLP,CLMLP,1105.13,1105.13,1105.13,1105.13,0.0,-3.8
2008-10-24,Capital Link MLP,CLMLP,1090.34,1090.34,1090.34,1090.34,0.0,-1.34
2008-10-27,Capital Link MLP,CLMLP,1000.24,1000.24,1000.24,1000.24,0.0,-8.26
2008-10-28,Capital Link MLP,CLMLP,999.79,999.79,999.79,999.79,0.0,-0.04
2008-10-29,Capital Link MLP,CLMLP,1076.05,1076.05,1076.05,1076.05,0.0,7.63
2008-10-30,Capital Link MLP,CLMLP,1185.72,1185.72,1185.72,1185.72,0.0,10.19
2008-10-31,Capital Link MLP,CLMLP,1343.45,1343.45,1343.45,1343.45,0.0,13.3
2008-11-03,Capital Link MLP,CLMLP,1372.29,1372.29,1372.29,1372.29,0.0,2.15
2008-11-04,Capital Link MLP,CLMLP,1408.82,1408.82,1408.82,1408.82,0.0,2.66
2008-11-05,Capital Link MLP,CLMLP,1341.31,1341.31,1341.31,1341.31,0.0,-4.79
2008-11-06,Capital Link MLP,CLMLP,1211.3,1211.3,1211.3,1211.3,0.0,-9.69
2008-11-07,Capital Link MLP,CLMLP,1197.17,1197.17,1197.17,1197.17,0.0,-1.17
2008-11-10,Capital Link MLP,CLMLP,1162.42,1162.42,1162.42,1162.42,0.0,-2.9
2008-11-11,Capital Link MLP,CLMLP,1090.96,1090.96,1090.96,1090.96,0.0,-6.15
2008-11-12,Capital Link MLP,CLMLP,1027.2,1027.2,1027.2,1027.2,0.0,-5.84
2008-11-13,Capital Link MLP,CLMLP,1015.24,1015.24,1015.24,1015.24,0.0,-1.16
2008-11-14,Capital Link MLP,CLMLP,981.53,981.53,981.53,981.53,0.0,-3.32
2008-11-17,Capital Link MLP,CLMLP,1001.39,1001.39,1001.39,1001.39,0.0,2.02
2008-11-18,Capital Link MLP,CLMLP,998.05,998.05,998.05,998.05,0.0,-0.33
2008-11-19,Capital Link MLP,CLMLP,899.08,899.08,899.08,899.08,0.0,-9.92
2008-11-20,Capital Link MLP,CLMLP,786.09,786.09,786.09,786.09,0.0,-12.57
2008-11-21,Capital Link MLP,CLMLP,757.25,757.25,757.25,757.25,0.0,-3.67
2008-11-24,Capital Link MLP,CLMLP,828.04,828.04,828.04,828.04,0.0,9.35
2008-11-25,Capital Link MLP,CLMLP,830.06,830.06,830.06,830.06,0.0,0.24
2008-11-26,Capital Link MLP,CLMLP,994.11,994.11,994.11,994.11,0.0,19.76
2008-11-28,Capital Link MLP,CLMLP,1054.59,1054.59,1054.59,1054.59,0.0,6.08
2008-12-01,Capital Link MLP,CLMLP,970.0,970.0,970.0,970.0,0.0,-8.02
2008-12-02,Capital Link MLP,CLMLP,936.97,936.97,936.97,936.97,0.0,-3.41
2008-12-03,Capital Link MLP,CLMLP,909.59,909.59,909.59,909.59,0.0,-2.92
2008-12-04,Capital Link MLP,CLMLP,873.13,873.13,873.13,873.13,0.0,-4.01
2008-12-05,Capital Link MLP,CLMLP,842.75,842.75,842.75,842.75,0.0,-3.48
2008-12-08,Capital Link MLP,CLMLP,839.99,839.99,839.99,839.99,0.0,-0.33
2008-12-09,Capital Link MLP,CLMLP,836.11,836.11,836.11,836.11,0.0,-0.46
2008-12-10,Capital Link MLP,CLMLP,866.36,866.36,866.36,866.36,0.0,3.62
2008-12-11,Capital Link MLP,CLMLP,908.62,908.62,908.62,908.62,0.0,4.88
2008-12-12,Capital Link MLP,CLMLP,953.77,953.77,953.77,953.77,0.0,4.97
2008-12-15,Capital Link MLP,CLMLP,982.65,982.65,982.65,982.65,0.0,3.03
2008-12-16,Capital Link MLP,CLMLP,1029.91,1029.91,1029.91,1029.91,0.0,4.81
2008-12-17,Capital Link MLP,CLMLP,1045.67,1045.67,1045.67,1045.67,0.0,1.53
2008-12-18,Capital Link MLP,CLMLP,1085.19,1085.19,1085.19,1085.19,0.0,3.78
2008-12-19,Capital Link MLP,CLMLP,1093.88,1093.88,1093.88,1093.88,0.0,0.8
2008-12-22,Capital Link MLP,CLMLP,1063.06,1063.06,1063.06,1063.06,0.0,-2.82
2008-12-23,Capital Link MLP,CLMLP,1089.28,1089.28,1089.28,1089.28,0.0,2.47
2008-12-24,Capital Link MLP,CLMLP,1108.62,1108.62,1108.62,1108.62,0.0,1.78
2008-12-26,Capital Link MLP,CLMLP,1113.33,1113.33,1113.33,1113.33,0.0,0.42
2008-12-29,Capital Link MLP,CLMLP,1090.04,1090.04,1090.04,1090.04,0.0,-2.09
2008-12-30,Capital Link MLP,CLMLP,1088.47,1088.47,1088.47,1088.47,0.0,-0.14
2008-12-31,Capital Link MLP,CLMLP,1129.06,1129.06,1129.06,1129.06,0.0,3.73
2009-01-02,Capital Link MLP,CLMLP,1237.84,1237.84,1237.84,1237.84,0.0,9.63
2009-01-05,Capital Link MLP,CLMLP,1335.64,1335.64,1335.64,1335.64,0.0,7.9
2009-01-06,Capital Link MLP,CLMLP,1414.19,1414.19,1414.19,1414.19,0.0,5.88
2009-01-07,Capital Link MLP,CLMLP,1355.15,1355.15,1355.15,1355.15,0.0,-4.17
2009-01-08,Capital Link MLP,CLMLP,1387.87,1387.87,1387.87,1387.87,0.0,2.41
2009-01-09,Capital Link MLP,CLMLP,1369.94,1369.94,1369.94,1369.94,0.0,-1.29
2009-01-12,Capital Link MLP,CLMLP,1352.76,1352.76,1352.76,1352.76,0.0,-1.25
2009-01-13,Capital Link MLP,CLMLP,1385.47,1385.47,1385.47,1385.47,0.0,2.42
2009-01-14,Capital Link MLP,CLMLP,1340.53,1340.53,1340.53,1340.53,0.0,-3.24
2009-01-15,Capital Link MLP,CLMLP,1274.67,1274.67,1274.67,1274.67,0.0,-4.91
2009-01-16,Capital Link MLP,CLMLP,1309.78,1309.78,1309.78,1309.78,0.0,2.75
2009-01-20,Capital Link MLP,CLMLP,1246.57,1246.57,1246.57,1246.57,0.0,-4.83
2009-01-21,Capital Link MLP,CLMLP,1294.2,1294.2,1294.2,1294.2,0.0,3.82
2009-01-22,Capital Link MLP,CLMLP,1246.59,1246.59,1246.59,1246.59,0.0,-3.68
2009-01-23,Capital Link MLP,CLMLP,1281.02,1281.02,1281.02,1281.02,0.0,2.76
2009-01-26,Capital Link MLP,CLMLP,1332.91,1332.91,1332.91,1332.91,0.0,4.05
2009-01-27,Capital Link MLP,CLMLP,1348.02,1348.02,1348.02,1348.02,0.0,1.13
2009-01-28,Capital Link MLP,CLMLP,1387.96,1387.96,1387.96,1387.96,0.0,2.96
2009-01-29,Capital Link MLP,CLMLP,1373.04,1373.04,1373.04,1373.04,0.0,-1.07
2009-01-30,Capital Link MLP,CLMLP,1362.64,1362.64,1362.64,1362.64,0.0,-0.76
2009-02-02,Capital Link MLP,CLMLP,1404.8,1404.8,1404.8,1404.8,0.0,3.09
2009-02-03,Capital Link MLP,CLMLP,1455.23,1455.23,1455.23,1455.23,0.0,3.59
2009-02-04,Capital Link MLP,CLMLP,1403.31,1403.31,1403.31,1403.31,0.0,-3.57
2009-02-05,Capital Link MLP,CLMLP,1398.26,1398.26,1398.26,1398.26,0.0,-0.36
2009-02-06,Capital Link MLP,CLMLP,1396.89,1396.89,1396.89,1396.89,0.0,-0.1
2009-02-09,Capital Link MLP,CLMLP,1418.43,1418.43,1418.43,1418.43,0.0,1.54
2009-02-10,Capital Link MLP,CLMLP,1404.01,1404.01,1404.01,1404.01,0.0,-1.02
2009-02-11,Capital Link MLP,CLMLP,1395.97,1395.97,1395.97,1395.97,0.0,-0.57
2009-02-12,Capital Link MLP,CLMLP,1392.11,1392.11,1392.11,1392.11,0.0,-0.28
2009-02-13,Capital Link MLP,CLMLP,1388.77,1388.77,1388.77,1388.77,0.0,-0.24
2009-02-17,Capital Link MLP,CLMLP,1320.09,1320.09,1320.09,1320.09,0.0,-4.95
2009-02-18,Capital Link MLP,CLMLP,1274.31,1274.31,1274.31,1274.31,0.0,-3.47
2009-02-19,Capital Link MLP,CLMLP,1257.44,1257.44,1257.44,1257.44,0.0,-1.32
2009-02-20,Capital Link MLP,CLMLP,1159.78,1159.78,1159.78,1159.78,0.0,-7.77
2009-02-23,Capital Link MLP,CLMLP,1140.34,1140.34,1140.34,1140.34,0.0,-1.68
2009-02-24,Capital Link MLP,CLMLP,1205.78,1205.78,1205.78,1205.78,0.0,5.74
2009-02-25,Capital Link MLP,CLMLP,1223.26,1223.26,1223.26,1223.26,0.0,1.45
2009-02-26,Capital Link MLP,CLMLP,1271.21,1271.21,1271.21,1271.21,0.0,3.92
2009-02-27,Capital Link MLP,CLMLP,1321.2,1321.2,1321.2,1321.2,0.0,3.93
2009-03-02,Capital Link MLP,CLMLP,1230.46,1230.46,1230.46,1230.46,0.0,-6.87
2009-03-03,Capital Link MLP,CLMLP,1221.03,1221.03,1221.03,1221.03,0.0,-0.77
2009-03-04,Capital Link MLP,CLMLP,1249.95,1249.95,1249.95,1249.95,0.0,2.37
2009-03-05,Capital Link MLP,CLMLP,1225.97,1225.97,1225.97,1225.97,0.0,-1.92
2009-03-06,Capital Link MLP,CLMLP,1221.99,1221.99,1221.99,1221.99,0.0,-0.32
2009-03-09,Capital Link MLP,CLMLP,1211.78,1211.78,1211.78,1211.78,0.0,-0.84
2009-03-10,Capital Link MLP,CLMLP,1303.96,1303.96,1303.96,1303.96,0.0,7.61
2009-03-11,Capital Link MLP,CLMLP,1328.9,1328.9,1328.9,1328.9,0.0,1.91
2009-03-12,Capital Link MLP,CLMLP,1420.23,1420.23,1420.23,1420.23,0.0,6.87
2009-03-13,Capital Link MLP,CLMLP,1396.29,1396.29,1396.29,1396.29,0.0,-1.69
2009-03-16,Capital Link MLP,CLMLP,1409.88,1409.88,1409.88,1409.88,0.0,0.97
2009-03-17,Capital Link MLP,CLMLP,1440.53,1440.53,1440.53,1440.53,0.0,2.17
2009-03-18,Capital Link MLP,CLMLP,1406.73,1406.73,1406.73,1406.73,0.0,-2.35
2009-03-19,Capital Link MLP,CLMLP,1428.8,1428.8,1428.8,1428.8,0.0,1.57
2009-03-20,Capital Link MLP,CLMLP,1348.24,1348.24,1348.24,1348.24,0.0,-5.64
2009-03-23,Capital Link MLP,CLMLP,1400.89,1400.89,1400.89,1400.89,0.0,3.91
2009-03-24,Capital Link MLP,CLMLP,1316.1,1316.1,1316.1,1316.1,0.0,-6.05
2009-03-25,Capital Link MLP,CLMLP,1260.76,1260.76,1260.76,1260.76,0.0,-4.2
2009-03-26,Capital Link MLP,CLMLP,1260.09,1260.09,1260.09,1260.09,0.0,-0.05
2009-03-27,Capital Link MLP,CLMLP,1249.09,1249.09,1249.09,1249.09,0.0,-0.87
2009-03-30,Capital Link MLP,CLMLP,1213.08,1213.08,1213.08,1213.08,0.0,-2.88
2009-03-31,Capital Link MLP,CLMLP,1236.4,1236.4,1236.4,1236.4,0.0,1.92
2009-04-01,Capital Link MLP,CLMLP,1251.5,1251.5,1251.5,1251.5,0.0,1.22
2009-04-02,Capital Link MLP,CLMLP,1267.64,1267.64,1267.64,1267.64,0.0,1.29
2009-04-03,Capital Link MLP,CLMLP,1294.21,1294.21,1294.21,1294.21,0.0,2.1
2009-04-06,Capital Link MLP,CLMLP,1256.72,1256.72,1256.72,1256.72,0.0,-2.9
2009-04-07,Capital Link MLP,CLMLP,1200.94,1200.94,1200.94,1200.94,0.0,-4.44
2009-04-08,Capital Link MLP,CLMLP,1242.45,1242.45,1242.45,1242.45,0.0,3.46
2009-04-09,Capital Link MLP,CLMLP,1272.54,1272.54,1272.54,1272.54,0.0,2.42
2009-04-13,Capital Link MLP,CLMLP,1273.44,1273.44,1273.44,1273.44,0.0,0.07
2009-04-14,Capital Link MLP,CLMLP,1287.56,1287.56,1287.56,1287.56,0.0,1.11
2009-04-15,Capital Link MLP,CLMLP,1309.73,1309.73,1309.73,1309.73,0.0,1.72
2009-04-16,Capital Link MLP,CLMLP,1313.62,1313.62,1313.62,1313.62,0.0,0.3
2009-04-17,Capital Link MLP,CLMLP,1331.73,1331.73,1331.73,1331.73,0.0,1.38
2009-04-20,Capital Link MLP,CLMLP,1263.62,1263.62,1263.62,1263.62,0.0,-5.11
2009-04-21,Capital Link MLP,CLMLP,1313.29,1313.29,1313.29,1313.29,0.0,3.93
2009-04-22,Capital Link MLP,CLMLP,1316.07,1316.07,1316.07,1316.07,0.0,0.21
2009-04-23,Capital Link MLP,CLMLP,1320.1,1320.1,1320.1,1320.1,0.0,0.31
2009-04-24,Capital Link MLP,CLMLP,1346.93,1346.93,1346.93,1346.93,0.0,2.03
2009-04-27,Capital Link MLP,CLMLP,1343.11,1343.11,1343.11,1343.11,0.0,-0.28
2009-04-28,Capital Link MLP,CLMLP,1359.89,1359.89,1359.89,1359.89,0.0,1.25
2009-04-29,Capital Link MLP,CLMLP,1379.2,1379.2,1379.2,1379.2,0.0,1.42
2009-04-30,Capital Link MLP,CLMLP,1357.62,1357.62,1357.62,1357.62,0.0,-1.56
2009-05-01,Capital Link MLP,CLMLP,1377.21,1377.21,1377.21,1377.21,0.0,1.44
2009-05-04,Capital Link MLP,CLMLP,1406.25,1406.25,1406.25,1406.25,0.0,2.11
2009-05-05,Capital Link MLP,CLMLP,1354.15,1354.15,1354.15,1354.15,0.0,-3.7
2009-05-06,Capital Link MLP,CLMLP,1339.53,1339.53,1339.53,1339.53,0.0,-1.08
2009-05-07,Capital Link MLP,CLMLP,1339.79,1339.79,1339.79,1339.79,0.0,0.02
2009-05-08,Capital Link MLP,CLMLP,1368.12,1368.12,1368.12,1368.12,0.0,2.11
2009-05-11,Capital Link MLP,CLMLP,1330.13,1330.13,1330.13,1330.13,0.0,-2.78
2009-05-12,Capital Link MLP,CLMLP,1340.82,1340.82,1340.82,1340.82,0.0,0.8
2009-05-13,Capital Link MLP,CLMLP,1292.07,1292.07,1292.07,1292.07,0.0,-3.64
2009-05-14,Capital Link MLP,CLMLP,1308.71,1308.71,1308.71,1308.71,0.0,1.29
2009-05-15,Capital Link MLP,CLMLP,1294.64,1294.64,1294.64,1294.64,0.0,-1.08
2009-05-18,Capital Link MLP,CLMLP,1333.17,1333.17,1333.17,1333.17,0.0,2.98
2009-05-19,Capital Link MLP,CLMLP,1339.7,1339.7,1339.7,1339.7,0.0,0.49
2009-05-20,Capital Link MLP,CLMLP,1367.7,1367.7,1367.7,1367.7,0.0,2.09
2009-05-21,Capital Link MLP,CLMLP,1349.51,1349.51,1349.51,1349.51,0.0,-1.33
2009-05-22,Capital Link MLP,CLMLP,1369.78,1369.78,1369.78,1369.78,0.0,1.5
2009-05-26,Capital Link MLP,CLMLP,1379.03,1379.03,1379.03,1379.03,0.0,0.68
2009-05-27,Capital Link MLP,CLMLP,1359.4,1359.4,1359.4,1359.4,0.0,-1.42
2009-05-28,Capital Link MLP,CLMLP,1376.82,1376.82,1376.82,1376.82,0.0,1.28
2009-05-29,Capital Link MLP,CLMLP,1447.76,1447.76,1447.76,1447.76,0.0,5.15
2009-06-01,Capital Link MLP,CLMLP,1450.51,1450.51,1450.51,1450.51,0.0,0.19
2009-06-02,Capital Link MLP,CLMLP,1447.09,1447.09,1447.09,1447.09,0.0,-0.24
2009-06-03,Capital Link MLP,CLMLP,1407.61,1407.61,1407.61,1407.61,0.0,-2.73
2009-06-04,Capital Link MLP,CLMLP,1414.56,1414.56,1414.56,1414.56,0.0,0.49
2009-06-05,Capital Link MLP,CLMLP,1411.09,1411.09,1411.09,1411.09,0.0,-0.25
2009-06-08,Capital Link MLP,CLMLP,1398.54,1398.54,1398.54,1398.54,0.0,-0.89
2009-06-09,Capital Link MLP,CLMLP,1425.66,1425.66,1425.66,1425.66,0.0,1.94
2009-06-10,Capital Link MLP,CLMLP,1426.23,1426.23,1426.23,1426.23,0.0,0.04
2009-06-11,Capital Link MLP,CLMLP,1442.26,1442.26,1442.26,1442.26,0.0,1.12
2009-06-12,Capital Link MLP,CLMLP,1458.12,1458.12,1458.12,1458.12,0.0,1.1
2009-06-15,Capital Link MLP,CLMLP,1431.62,1431.62,1431.62,1431.62,0.0,-1.82
2009-06-16,Capital Link MLP,CLMLP,1404.09,1404.09,1404.09,1404.09,0.0,-1.92
2009-06-17,Capital Link MLP,CLMLP,1393.8,1393.8,1393.8,1393.8,0.0,-0.73
2009-06-18,Capital Link MLP,CLMLP,1408.03,1408.03,1408.03,1408.03,0.0,1.02
2009-06-19,Capital Link MLP,CLMLP,1431.38,1431.38,1431.38,1431.38,0.0,1.66
2009-06-22,Capital Link MLP,CLMLP,1378.32,1378.32,1378.32,1378.32,0.0,-3.71
2009-06-23,Capital Link MLP,CLMLP,1390.02,1390.02,1390.02,1390.02,0.0,0.85
2009-06-24,Capital Link MLP,CLMLP,1402.25,1402.25,1402.25,1402.25,0.0,0.88
2009-06-25,Capital Link MLP,CLMLP,1424.96,1424.96,1424.96,1424.96,0.0,1.62
2009-06-26,Capital Link MLP,CLMLP,1432.02,1432.02,1432.02,1432.02,0.0,0.5
2009-06-29,Capital Link MLP,CLMLP,1435.57,1435.57,1435.57,1435.57,0.0,0.25
2009-06-30,Capital Link MLP,CLMLP,1456.52,1456.52,1456.52,1456.52,0.0,1.46
2009-07-01,Capital Link MLP,CLMLP,1486.33,1486.33,1486.33,1486.33,0.0,2.05
2009-07-02,Capital Link MLP,CLMLP,1475.15,1475.15,1475.15,1475.15,0.0,-0.75
2009-07-06,Capital Link MLP,CLMLP,1472.66,1472.66,1472.66,1472.66,0.0,-0.17
2009-07-07,Capital Link MLP,CLMLP,1427.38,1427.38,1427.38,1427.38,0.0,-3.07
2009-07-08,Capital Link MLP,CLMLP,1442.38,1442.38,1442.38,1442.38,0.0,1.05
2009-07-09,Capital Link MLP,CLMLP,1480.85,1480.85,1480.85,1480.85,0.0,2.67
2009-07-10,Capital Link MLP,CLMLP,1484.39,1484.39,1484.39,1484.39,0.0,0.24
2009-07-13,Capital Link MLP,CLMLP,1504.28,1504.28,1504.28,1504.28,0.0,1.34
2009-07-14,Capital Link MLP,CLMLP,1488.02,1488.02,1488.02,1488.02,0.0,-1.08
2009-07-15,Capital Link MLP,CLMLP,1518.02,1518.02,1518.02,1518.02,0.0,2.02
2009-07-16,Capital Link MLP,CLMLP,1540.66,1540.66,1540.66,1540.66,0.0,1.49
2009-07-17,Capital Link MLP,CLMLP,1571.07,1571.07,1571.07,1571.07,0.0,1.97
2009-07-20,Capital Link MLP,CLMLP,1611.74,1611.74,1611.74,1611.74,0.0,2.59
2009-07-21,Capital Link MLP,CLMLP,1612.49,1612.49,1612.49,1612.49,0.0,0.05
2009-07-22,Capital Link MLP,CLMLP,1605.44,1605.44,1605.44,1605.44,0.0,-0.44
2009-07-23,Capital Link MLP,CLMLP,1623.51,1623.51,1623.51,1623.51,0.0,1.13
2009-07-24,Capital Link MLP,CLMLP,1652.9,1652.9,1652.9,1652.9,0.0,1.81
2009-07-27,Capital Link MLP,CLMLP,1665.86,1665.86,1665.86,1665.86,0.0,0.78
2009-07-28,Capital Link MLP,CLMLP,1667.84,1667.84,1667.84,1667.84,0.0,0.12
2009-07-29,Capital Link MLP,CLMLP,1631.66,1631.66,1631.66,1631.66,0.0,-2.17
2009-07-30,Capital Link MLP,CLMLP,1636.37,1636.37,1636.37,1636.37,0.0,0.29
2009-07-31,Capital Link MLP,CLMLP,1626.65,1626.65,1626.65,1626.65,0.0,-0.59
2009-08-03,Capital Link MLP,CLMLP,1655.57,1655.57,1655.57,1655.57,0.0,1.78
2009-08-04,Capital Link MLP,CLMLP,1634.16,1634.16,1634.16,1634.16,0.0,-1.29
2009-08-05,Capital Link MLP,CLMLP,1636.06,1636.06,1636.06,1636.06,0.0,0.12
2009-08-06,Capital Link MLP,CLMLP,1620.92,1620.92,1620.92,1620.92,0.0,-0.93
2009-08-07,Capital Link MLP,CLMLP,1619.18,1619.18,1619.18,1619.18,0.0,-0.11
2009-08-10,Capital Link MLP,CLMLP,1622.39,1622.39,1622.39,1622.39,0.0,0.2
2009-08-11,Capital Link MLP,CLMLP,1608.04,1608.04,1608.04,1608.04,0.0,-0.88
2009-08-12,Capital Link MLP,CLMLP,1631.02,1631.02,1631.02,1631.02,0.0,1.43
2009-08-13,Capital Link MLP,CLMLP,1621.91,1621.91,1621.91,1621.91,0.0,-0.56
2009-08-14,Capital Link MLP,CLMLP,1602.65,1602.65,1602.65,1602.65,0.0,-1.19
2009-08-17,Capital Link MLP,CLMLP,1545.94,1545.94,1545.94,1545.94,0.0,-3.54
2009-08-18,Capital Link MLP,CLMLP,1585.29,1585.29,1585.29,1585.29,0.0,2.55
2009-08-19,Capital Link MLP,CLMLP,1614.93,1614.93,1614.93,1614.93,0.0,1.87
2009-08-20,Capital Link MLP,CLMLP,1632.79,1632.79,1632.79,1632.79,0.0,1.11
2009-08-21,Capital Link MLP,CLMLP,1681.98,1681.98,1681.98,1681.98,0.0,3.01
2009-08-24,Capital Link MLP,CLMLP,1717.52,1717.52,1717.52,1717.52,0.0,2.11
2009-08-25,Capital Link MLP,CLMLP,1710.14,1710.14,1710.14,1710.14,0.0,-0.43
2009-08-26,Capital Link MLP,CLMLP,1685.69,1685.69,1685.69,1685.69,0.0,-1.43
2009-08-27,Capital Link MLP,CLMLP,1649.52,1649.52,1649.52,1649.52,0.0,-2.15
2009-08-28,Capital Link MLP,CLMLP,1663.11,1663.11,1663.11,1663.11,0.0,0.82
2009-08-31,Capital Link MLP,CLMLP,1686.64,1686.64,1686.64,1686.64,0.0,1.41
2009-09-01,Capital Link MLP,CLMLP,1658.84,1658.84,1658.84,1658.84,0.0,-1.65
2009-09-02,Capital Link MLP,CLMLP,1624.85,1624.85,1624.85,1624.85,0.0,-2.05
2009-09-03,Capital Link MLP,CLMLP,1676.42,1676.42,1676.42,1676.42,0.0,3.17
2009-09-04,Capital Link MLP,CLMLP,1724.09,1724.09,1724.09,1724.09,0.0,2.84
2009-09-08,Capital Link MLP,CLMLP,1730.43,1730.43,1730.43,1730.43,0.0,0.37
2009-09-09,Capital Link MLP,CLMLP,1730.47,1730.47,1730.47,1730.47,0.0,0.0
2009-09-10,Capital Link MLP,CLMLP,1746.76,1746.76,1746.76,1746.76,0.0,0.94
2009-09-11,Capital Link MLP,CLMLP,1754.04,1754.04,1754.04,1754.04,0.0,0.42
2009-09-14,Capital Link MLP,CLMLP,1758.69,1758.69,1758.69,1758.69,0.0,0.27
2009-09-15,Capital Link MLP,CLMLP,1760.15,1760.15,1760.15,1760.15,0.0,0.08
2009-09-16,Capital Link MLP,CLMLP,1788.62,1788.62,1788.62,1788.62,0.0,1.62
2009-09-17,Capital Link MLP,CLMLP,1757.85,1757.85,1757.85,1757.85,0.0,-1.72
2009-09-18,Capital Link MLP,CLMLP,1777.56,1777.56,1777.56,1777.56,0.0,1.12
2009-09-21,Capital Link MLP,CLMLP,1777.01,1777.01,1777.01,1777.01,0.0,-0.03
2009-09-22,Capital Link MLP,CLMLP,1795.52,1795.52,1795.52,1795.52,0.0,1.04
2009-09-23,Capital Link MLP,CLMLP,1815.91,1815.91,1815.91,1815.91,0.0,1.14
2009-09-24,Capital Link MLP,CLMLP,1843.39,1843.39,1843.39,1843.39,0.0,1.51
2009-09-25,Capital Link MLP,CLMLP,1826.69,1826.69,1826.69,1826.69,0.0,-0.91
2009-09-28,Capital Link MLP,CLMLP,1846.7,1846.7,1846.7,1846.7,0.0,1.1
2009-09-29,Capital Link MLP,CLMLP,1861.46,1861.46,1861.46,1861.46,0.0,0.8
2009-09-30,Capital Link MLP,CLMLP,1832.88,1832.88,1832.88,1832.88,0.0,-1.54
2009-10-01,Capital Link MLP,CLMLP,1830.47,1830.47,1830.47,1830.47,0.0,-0.13
2009-10-02,Capital Link MLP,CLMLP,1813.26,1813.26,1813.26,1813.26,0.0,-0.94
2009-10-05,Capital Link MLP,CLMLP,1843.33,1843.33,1843.33,1843.33,0.0,1.66
2009-10-06,Capital Link MLP,CLMLP,1876.11,1876.11,1876.11,1876.11,0.0,1.78
2009-10-07,Capital Link MLP,CLMLP,1931.98,1931.98,1931.98,1931.98,0.0,2.98
2009-10-08,Capital Link MLP,CLMLP,1969.28,1969.28,1969.28,1969.28,0.0,1.93
2009-10-09,Capital Link MLP,CLMLP,1967.86,1967.86,1967.86,1967.86,0.0,-0.07
2009-10-12,Capital Link MLP,CLMLP,2012.01,2012.01,2012.01,2012.01,0.0,2.24
2009-10-13,Capital Link MLP,CLMLP,1974.42,1974.42,1974.42,1974.42,0.0,-1.87
2009-10-14,Capital Link MLP,CLMLP,1957.64,1957.64,1957.64,1957.64,0.0,-0.85
2009-10-15,Capital Link MLP,CLMLP,1947.24,1947.24,1947.24,1947.24,0.0,-0.53
2009-10-16,Capital Link MLP,CLMLP,1969.19,1969.19,1969.19,1969.19,0.0,1.13
2009-10-19,Capital Link MLP,CLMLP,2002.89,2002.89,2002.89,2002.89,0.0,1.71
2009-10-20,Capital Link MLP,CLMLP,1969.47,1969.47,1969.47,1969.47,0.0,-1.67
2009-10-21,Capital Link MLP,CLMLP,1944.66,1944.66,1944.66,1944.66,0.0,-1.26
2009-10-22,Capital Link MLP,CLMLP,1966.19,1966.19,1966.19,1966.19,0.0,1.11
2009-10-23,Capital Link MLP,CLMLP,1920.34,1920.34,1920.34,1920.34,0.0,-2.33
2009-10-26,Capital Link MLP,CLMLP,1877.1,1877.1,1877.1,1877.1,0.0,-2.25
2009-10-27,Capital Link MLP,CLMLP,1824.51,1824.51,1824.51,1824.51,0.0,-2.8
2009-10-28,Capital Link MLP,CLMLP,1742.55,1742.55,1742.55,1742.55,0.0,-4.49
2009-10-29,Capital Link MLP,CLMLP,1783.84,1783.84,1783.84,1783.84,0.0,2.37
2009-10-30,Capital Link MLP,CLMLP,1773.65,1773.65,1773.65,1773.65,0.0,-0.57
2009-11-02,Capital Link MLP,CLMLP,1715.89,1715.89,1715.89,1715.89,0.0,-3.26
2009-11-03,Capital Link MLP,CLMLP,1739.43,1739.43,1739.43,1739.43,0.0,1.37
2009-11-04,Capital Link MLP,CLMLP,1776.72,1776.72,1776.72,1776.72,0.0,2.14
2009-11-05,Capital Link MLP,CLMLP,1790.67,1790.67,1790.67,1790.67,0.0,0.79
2009-11-06,Capital Link MLP,CLMLP,1777.48,1777.48,1777.48,1777.48,0.0,-0.74
2009-11-09,Capital Link MLP,CLMLP,1829.02,1829.02,1829.02,1829.02,0.0,2.9
2009-11-10,Capital Link MLP,CLMLP,1851.93,1851.93,1851.93,1851.93,0.0,1.25
2009-11-12,Capital Link MLP,CLMLP,1866.23,1866.23,1866.23,1866.23,0.0,0.77
2009-11-13,Capital Link MLP,CLMLP,1904.01,1904.01,1904.01,1904.01,0.0,2.02
2009-11-16,Capital Link MLP,CLMLP,1929.13,1929.13,1929.13,1929.13,0.0,1.32
2009-11-17,Capital Link MLP,CLMLP,1873.5,1873.5,1873.5,1873.5,0.0,-2.88
2009-11-19,Capital Link MLP,CLMLP,1838.0,1838.0,1838.0,1838.0,0.0,-1.89
2009-11-20,Capital Link MLP,CLMLP,1836.98,1836.98,1836.98,1836.98,0.0,-0.06
2009-11-24,Capital Link MLP,CLMLP,1859.3,1859.3,1859.3,1859.3,0.0,1.22
2009-11-25,Capital Link MLP,CLMLP,1861.6,1861.6,1861.6,1861.6,0.0,0.12
2009-11-27,Capital Link MLP,CLMLP,1854.48,1854.48,1854.48,1854.48,0.0,-0.38
2009-11-30,Capital Link MLP,CLMLP,1862.76,1862.76,1862.76,1862.76,0.0,0.45
2009-12-01,Capital Link MLP,CLMLP,1851.62,1851.62,1851.62,1851.62,0.0,-0.6
2009-12-02,Capital Link MLP,CLMLP,1847.56,1847.56,1847.56,1847.56,0.0,-0.22
2009-12-04,Capital Link MLP,CLMLP,1837.07,1837.07,1837.07,1837.07,0.0,-0.57
2009-12-07,Capital Link MLP,CLMLP,1861.93,1861.93,1861.93,1861.93,0.0,1.35
2009-12-08,Capital Link MLP,CLMLP,1861.75,1861.75,1861.75,1861.75,0.0,-0.01
2009-12-09,Capital Link MLP,CLMLP,1868.12,1868.12,1868.12,1868.12,0.0,0.34
2009-12-10,Capital Link MLP,CLMLP,1883.87,1883.87,1883.87,1883.87,0.0,0.84
2009-12-11,Capital Link MLP,CLMLP,1892.26,1892.26,1892.26,1892.26,0.0,0.45
2009-12-14,Capital Link MLP,CLMLP,1898.13,1898.13,1898.13,1898.13,0.0,0.31
2009-12-15,Capital Link MLP,CLMLP,1920.34,1920.34,1920.34,1920.34,0.0,1.17
2009-12-16,Capital Link MLP,CLMLP,1955.57,1955.57,1955.57,1955.57,0.0,1.83
2009-12-17,Capital Link MLP,CLMLP,1946.11,1946.11,1946.11,1946.11,0.0,-0.48
2009-12-18,Capital Link MLP,CLMLP,2055.34,2055.34,2055.34,2055.34,0.0,5.61
2009-12-21,Capital Link MLP,CLMLP,2054.29,2054.29,2054.29,2054.29,0.0,-0.05
2009-12-22,Capital Link MLP,CLMLP,2071.44,2071.44,2071.44,2071.44,0.0,0.83
2009-12-23,Capital Link MLP,CLMLP,2101.39,2101.39,2101.39,2101.39,0.0,1.45
2009-12-24,Capital Link MLP,CLMLP,2113.07,2113.07,2113.07,2113.07,0.0,0.56
2009-12-28,Capital Link MLP,CLMLP,2128.82,2128.82,2128.82,2128.82,0.0,0.75
2009-12-29,Capital Link MLP,CLMLP,2123.63,2123.63,2123.63,2123.63,0.0,-0.24
2009-12-30,Capital Link MLP,CLMLP,2127.97,2127.97,2127.97,2127.97,0.0,0.2
2009-12-31,Capital Link MLP,CLMLP,2136.72,2136.72,2136.72,2136.72,0.0,0.41
2010-01-06,Capital Link MLP,CLMLP,2287.9,2287.9,2287.9,2287.9,0.0,7.08
2010-01-07,Capital Link MLP,CLMLP,2272.71,2272.71,2272.71,2272.71,0.0,-0.66
2010-01-08,Capital Link MLP,CLMLP,2259.15,2259.15,2259.15,2259.15,0.0,-0.6
2010-01-11,Capital Link MLP,CLMLP,2287.45,2287.45,2287.45,2287.45,0.0,1.25
2010-01-12,Capital Link MLP,CLMLP,2281.05,2281.05,2281.05,2281.05,0.0,-0.28
2010-01-13,Capital Link MLP,CLMLP,2216.47,2216.47,2216.47,2216.47,0.0,-2.83
2010-01-14,Capital Link MLP,CLMLP,2237.76,2237.76,2237.76,2237.76,0.0,0.96
2010-01-15,Capital Link MLP,CLMLP,2258.93,2258.93,2258.93,2258.93,0.0,0.95
2010-01-19,Capital Link MLP,CLMLP,2245.9,2245.9,2245.9,2245.9,0.0,-0.58
2010-01-20,Capital Link MLP,CLMLP,2227.71,2227.71,2227.71,2227.71,0.0,-0.81
2010-01-21,Capital Link MLP,CLMLP,2193.77,2193.77,2193.77,2193.77,0.0,-1.52
2010-01-22,Capital Link MLP,CLMLP,2149.21,2149.21,2149.21,2149.21,0.0,-2.03
2010-01-25,Capital Link MLP,CLMLP,2180.89,2180.89,2180.89,2180.89,0.0,1.47
2010-01-26,Capital Link MLP,CLMLP,2200.09,2200.09,2200.09,2200.09,0.0,0.88
2010-01-27,Capital Link MLP,CLMLP,2211.92,2211.92,2211.92,2211.92,0.0,0.54
2010-01-28,Capital Link MLP,CLMLP,2174.96,2174.96,2174.96,2174.96,0.0,-1.67
2010-01-29,Capital Link MLP,CLMLP,2172.38,2172.38,2172.38,2172.38,0.0,-0.12
2010-02-01,Capital Link MLP,CLMLP,2215.31,2215.31,2215.31,2215.31,0.0,1.98
2010-02-02,Capital Link MLP,CLMLP,2242.63,2242.63,2242.63,2242.63,0.0,1.23
2010-02-03,Capital Link MLP,CLMLP,2155.08,2155.08,2155.08,2155.08,0.0,-3.9
2010-02-04,Capital Link MLP,CLMLP,2029.81,2029.81,2029.81,2029.81,0.0,-5.81
2010-02-05,Capital Link MLP,CLMLP,2028.33,2028.33,2028.33,2028.33,0.0,-0.07
2010-02-08,Capital Link MLP,CLMLP,2021.82,2021.82,2021.82,2021.82,0.0,-0.32
2010-02-09,Capital Link MLP,CLMLP,2053.23,2053.23,2053.23,2053.23,0.0,1.55
2010-02-11,Capital Link MLP,CLMLP,2070.14,2070.14,2070.14,2070.14,0.0,0.82
2010-02-12,Capital Link MLP,CLMLP,2097.08,2097.08,2097.08,2097.08,0.0,1.3
2010-02-16,Capital Link MLP,CLMLP,2171.04,2171.04,2171.04,2171.04,0.0,3.53
2010-02-17,Capital Link MLP,CLMLP,2171.22,2171.22,2171.22,2171.22,0.0,0.01
2010-02-18,Capital Link MLP,CLMLP,2138.3,2138.3,2138.3,2138.3,0.0,-1.52
2010-02-19,Capital Link MLP,CLMLP,2147.66,2147.66,2147.66,2147.66,0.0,0.44
2010-02-22,Capital Link MLP,CLMLP,2151.69,2151.69,2151.69,2151.69,0.0,0.19
2010-02-23,Capital Link MLP,CLMLP,2098.8,2098.8,2098.8,2098.8,0.0,-2.46
2010-02-24,Capital Link MLP,CLMLP,2075.96,2075.96,2075.96,2075.96,0.0,-1.09
2010-02-25,Capital Link MLP,CLMLP,2114.38,2114.38,2114.38,2114.38,0.0,1.85
2010-02-26,Capital Link MLP,CLMLP,2135.6,2135.6,2135.6,2135.6,0.0,1.0
2010-03-01,Capital Link MLP,CLMLP,2140.53,2140.53,2140.53,2140.53,0.0,0.23
2010-03-02,Capital Link MLP,CLMLP,2170.52,2170.52,2170.52,2170.52,0.0,1.4
2010-03-03,Capital Link MLP,CLMLP,2187.17,2187.17,2187.17,2187.17,0.0,0.77
2010-03-04,Capital Link MLP,CLMLP,2188.38,2188.38,2188.38,2188.38,0.0,0.06
2010-03-05,Capital Link MLP,CLMLP,2220.99,2220.99,2220.99,2220.99,0.0,1.49
2010-03-08,Capital Link MLP,CLMLP,2261.1,2261.1,2261.1,2261.1,0.0,1.81
2010-03-09,Capital Link MLP,CLMLP,2262.91,2262.91,2262.91,2262.91,0.0,0.08
2010-03-10,Capital Link MLP,CLMLP,2301.68,2301.68,2301.68,2301.68,0.0,1.71
2010-03-11,Capital Link MLP,CLMLP,2315.78,2315.78,2315.78,2315.78,0.0,0.61
2010-03-12,Capital Link MLP,CLMLP,2328.12,2328.12,2328.12,2328.12,0.0,0.53
2010-03-15,Capital Link MLP,CLMLP,2303.58,2303.58,2303.58,2303.58,0.0,-1.05
2010-03-16,Capital Link MLP,CLMLP,2305.98,2305.98,2305.98,2305.98,0.0,0.1
2010-03-17,Capital Link MLP,CLMLP,2278.14,2278.14,2278.14,2278.14,0.0,-1.21
2010-03-18,Capital Link MLP,CLMLP,2269.74,2269.74,2269.74,2269.74,0.0,-0.37
2010-03-19,Capital Link MLP,CLMLP,2256.74,2256.74,2256.74,2256.74,0.0,-0.57
2010-03-22,Capital Link MLP,CLMLP,2248.51,2248.51,2248.51,2248.51,0.0,-0.36
2010-03-23,Capital Link MLP,CLMLP,2268.3,2268.3,2268.3,2268.3,0.0,0.88
2010-03-24,Capital Link MLP,CLMLP,2264.26,2264.26,2264.26,2264.26,0.0,-0.18
2010-03-25,Capital Link MLP,CLMLP,2263.76,2263.76,2263.76,2263.76,0.0,-0.02
2010-03-26,Capital Link MLP,CLMLP,2272.91,2272.91,2272.91,2272.91,0.0,0.4
2010-03-29,Capital Link MLP,CLMLP,2308.58,2308.58,2308.58,2308.58,0.0,1.57
2010-03-30,Capital Link MLP,CLMLP,2322.59,2322.59,2322.59,2322.59,0.0,0.61
2010-03-31,Capital Link MLP,CLMLP,2321.19,2321.19,2321.19,2321.19,0.0,-0.06
2010-04-01,Capital Link MLP,CLMLP,2331.46,2331.46,2331.46,2331.46,0.0,0.44
2010-04-05,Capital Link MLP,CLMLP,2345.93,2345.93,2345.93,2345.93,0.0,0.62
2010-04-06,Capital Link MLP,CLMLP,2334.08,2334.08,2334.08,2334.08,0.0,-0.51
2010-04-07,Capital Link MLP,CLMLP,2323.91,2323.91,2323.91,2323.91,0.0,-0.44
2010-04-08,Capital Link MLP,CLMLP,2338.64,2338.64,2338.64,2338.64,0.0,0.63
2010-04-09,Capital Link MLP,CLMLP,2354.39,2354.39,2354.39,2354.39,0.0,0.67
2010-04-12,Capital Link MLP,CLMLP,2359.49,2359.49,2359.49,2359.49,0.0,0.22
2010-04-13,Capital Link MLP,CLMLP,2356.19,2356.19,2356.19,2356.19,0.0,-0.14
2010-04-14,Capital Link MLP,CLMLP,2353.51,2353.51,2353.51,2353.51,0.0,-0.11
2010-04-15,Capital Link MLP,CLMLP,2345.43,2345.43,2345.43,2345.43,0.0,-0.34
2010-04-16,Capital Link MLP,CLMLP,2318.67,2318.67,2318.67,2318.67,0.0,-1.14
2010-04-19,Capital Link MLP,CLMLP,2329.23,2329.23,2329.23,2329.23,0.0,0.46
2010-04-20,Capital Link MLP,CLMLP,2361.88,2361.88,2361.88,2361.88,0.0,1.4
2010-04-21,Capital Link MLP,CLMLP,2369.05,2369.05,2369.05,2369.05,0.0,0.3
2010-04-22,Capital Link MLP,CLMLP,2367.36,2367.36,2367.36,2367.36,0.0,-0.07
2010-04-23,Capital Link MLP,CLMLP,2386.62,2386.62,2386.62,2386.62,0.0,0.81
2010-04-26,Capital Link MLP,CLMLP,2390.62,2390.62,2390.62,2390.62,0.0,0.17
2010-04-27,Capital Link MLP,CLMLP,2336.43,2336.43,2336.43,2336.43,0.0,-2.27
2010-04-28,Capital Link MLP,CLMLP,2327.71,2327.71,2327.71,2327.71,0.0,-0.37
2010-04-29,Capital Link MLP,CLMLP,2311.08,2311.08,2311.08,2311.08,0.0,-0.71
2010-04-30,Capital Link MLP,CLMLP,2289.91,2289.91,2289.91,2289.91,0.0,-0.92
2010-05-03,Capital Link MLP,CLMLP,2331.47,2331.47,2331.47,2331.47,0.0,1.81
2010-05-04,Capital Link MLP,CLMLP,2276.93,2276.93,2276.93,2276.93,0.0,-2.34
2010-05-05,Capital Link MLP,CLMLP,2196.14,2196.14,2196.14,2196.14,0.0,-3.55
2010-05-06,Capital Link MLP,CLMLP,2043.47,2043.47,2043.47,2043.47,0.0,-6.95
2010-05-07,Capital Link MLP,CLMLP,2077.39,2077.39,2077.39,2077.39,0.0,1.66
2010-05-10,Capital Link MLP,CLMLP,2163.88,2163.88,2163.88,2163.88,0.0,4.16
2010-05-11,Capital Link MLP,CLMLP,2171.75,2171.75,2171.75,2171.75,0.0,0.36
2010-05-12,Capital Link MLP,CLMLP,2240.66,2240.66,2240.66,2240.66,0.0,3.17
2010-05-13,Capital Link MLP,CLMLP,2227.32,2227.32,2227.32,2227.32,0.0,-0.6
2010-05-14,Capital Link MLP,CLMLP,2239.55,2239.55,2239.55,2239.55,0.0,0.55
2010-05-17,Capital Link MLP,CLMLP,2233.2,2233.2,2233.2,2233.2,0.0,-0.28
2010-05-18,Capital Link MLP,CLMLP,2250.6,2250.6,2250.6,2250.6,0.0,0.78
2010-05-19,Capital Link MLP,CLMLP,2178.9,2178.9,2178.9,2178.9,0.0,-3.19
2010-05-20,Capital Link MLP,CLMLP,2036.82,2036.82,2036.82,2036.82,0.0,-6.52
2010-05-21,Capital Link MLP,CLMLP,2096.28,2096.28,2096.28,2096.28,0.0,2.92
2010-05-24,Capital Link MLP,CLMLP,2082.8,2082.8,2082.8,2082.8,0.0,-0.64
2010-05-25,Capital Link MLP,CLMLP,2072.52,2072.52,2072.52,2072.52,0.0,-0.49
2010-05-26,Capital Link MLP,CLMLP,2154.93,2154.93,2154.93,2154.93,0.0,3.98
2010-05-27,Capital Link MLP,CLMLP,2221.86,2221.86,2221.86,2221.86,0.0,3.11
2010-05-28,Capital Link MLP,CLMLP,2206.13,2206.13,2206.13,2206.13,0.0,-0.71
2010-06-01,Capital Link MLP,CLMLP,2147.57,2147.57,2147.57,2147.57,0.0,-2.65
2010-06-02,Capital Link MLP,CLMLP,2199.27,2199.27,2199.27,2199.27,0.0,2.41
2010-06-03,Capital Link MLP,CLMLP,2230.79,2230.79,2230.79,2230.79,0.0,1.43
2010-06-04,Capital Link MLP,CLMLP,2182.33,2182.33,2182.33,2182.33,0.0,-2.17
2010-06-07,Capital Link MLP,CLMLP,2143.51,2143.51,2143.51,2143.51,0.0,-1.78
2010-06-08,Capital Link MLP,CLMLP,2160.61,2160.61,2160.61,2160.61,0.0,0.8
2010-06-09,Capital Link MLP,CLMLP,2185.41,2185.41,2185.41,2185.41,0.0,1.15
2010-06-10,Capital Link MLP,CLMLP,2229.53,2229.53,2229.53,2229.53,0.0,2.02
2010-06-11,Capital Link MLP,CLMLP,2268.26,2268.26,2268.26,2268.26,0.0,1.74
2010-06-14,Capital Link MLP,CLMLP,2278.32,2278.32,2278.32,2278.32,0.0,0.44
2010-06-15,Capital Link MLP,CLMLP,2313.4,2313.4,2313.4,2313.4,0.0,1.54
2010-06-16,Capital Link MLP,CLMLP,2296.53,2296.53,2296.53,2296.53,0.0,-0.73
2010-06-17,Capital Link MLP,CLMLP,2315.51,2315.51,2315.51,2315.51,0.0,0.83
2010-06-18,Capital Link MLP,CLMLP,2327.6,2327.6,2327.6,2327.6,0.0,0.52
2010-06-21,Capital Link MLP,CLMLP,2330.11,2330.11,2330.11,2330.11,0.0,0.11
2010-06-22,Capital Link MLP,CLMLP,2305.4,2305.4,2305.4,2305.4,0.0,-1.06
2010-06-23,Capital Link MLP,CLMLP,2305.81,2305.81,2305.81,2305.81,0.0,0.02
2010-06-24,Capital Link MLP,CLMLP,2320.13,2320.13,2320.13,2320.13,0.0,0.62
2010-06-25,Capital Link MLP,CLMLP,2370.1,2370.1,2370.1,2370.1,0.0,2.15
2010-06-28,Capital Link MLP,CLMLP,2400.76,2400.76,2400.76,2400.76,0.0,1.29
2010-06-29,Capital Link MLP,CLMLP,2333.92,2333.92,2333.92,2333.92,0.0,-2.78
2010-06-30,Capital Link MLP,CLMLP,2324.06,2324.06,2324.06,2324.06,0.0,-0.42
2010-07-01,Capital Link MLP,CLMLP,2277.58,2277.58,2277.58,2277.58,0.0,-2.0
2010-07-02,Capital Link MLP,CLMLP,2303.15,2303.15,2303.15,2303.15,0.0,1.12
2010-07-07,Capital Link MLP,CLMLP,2397.03,2397.03,2397.03,2397.03,0.0,4.08
2010-07-08,Capital Link MLP,CLMLP,2400.31,2400.31,2400.31,2400.31,0.0,0.14
2010-07-09,Capital Link MLP,CLMLP,2431.48,2431.48,2431.48,2431.48,0.0,1.3
2010-07-12,Capital Link MLP,CLMLP,2429.82,2429.82,2429.82,2429.82,0.0,-0.07
2010-07-13,Capital Link MLP,CLMLP,2460.18,2460.18,2460.18,2460.18,0.0,1.25
2010-07-14,Capital Link MLP,CLMLP,2465.5,2465.5,2465.5,2465.5,0.0,0.22
2010-07-15,Capital Link MLP,CLMLP,2499.61,2499.61,2499.61,2499.61,0.0,1.38
2010-07-16,Capital Link MLP,CLMLP,2500.44,2500.44,2500.44,2500.44,0.0,0.03
2010-07-19,Capital Link MLP,CLMLP,2512.91,2512.91,2512.91,2512.91,0.0,0.5
2010-07-20,Capital Link MLP,CLMLP,2560.46,2560.46,2560.46,2560.46,0.0,1.89
2010-07-21,Capital Link MLP,CLMLP,2579.8,2579.8,2579.8,2579.8,0.0,0.76
2010-07-22,Capital Link MLP,CLMLP,2612.63,2612.63,2612.63,2612.63,0.0,1.27
2010-07-23,Capital Link MLP,CLMLP,2644.54,2644.54,2644.54,2644.54,0.0,1.22
2010-07-26,Capital Link MLP,CLMLP,2656.54,2656.54,2656.54,2656.54,0.0,0.45
2010-07-27,Capital Link MLP,CLMLP,2631.24,2631.24,2631.24,2631.24,0.0,-0.95
2010-07-28,Capital Link MLP,CLMLP,2606.55,2606.55,2606.55,2606.55,0.0,-0.94
2010-07-29,Capital Link MLP,CLMLP,2595.59,2595.59,2595.59,2595.59,0.0,-0.42
2010-07-30,Capital Link MLP,CLMLP,2633.36,2633.36,2633.36,2633.36,0.0,1.46
2010-08-02,Capital Link MLP,CLMLP,2676.64,2676.64,2676.64,2676.64,0.0,1.64
2010-08-03,Capital Link MLP,CLMLP,2693.51,2693.51,2693.51,2693.51,0.0,0.63
2010-08-05,Capital Link MLP,CLMLP,2653.25,2653.25,2653.25,2653.25,0.0,-1.49
2010-08-06,Capital Link MLP,CLMLP,2668.37,2668.37,2668.37,2668.37,0.0,0.57
2010-08-09,Capital Link MLP,CLMLP,2655.64,2655.64,2655.64,2655.64,0.0,-0.48
2010-08-10,Capital Link MLP,CLMLP,2639.49,2639.49,2639.49,2639.49,0.0,-0.61
2010-08-11,Capital Link MLP,CLMLP,2578.05,2578.05,2578.05,2578.05,0.0,-2.33
2010-08-12,Capital Link MLP,CLMLP,2510.53,2510.53,2510.53,2510.53,0.0,-2.62
2010-08-13,Capital Link MLP,CLMLP,2568.81,2568.81,2568.81,2568.81,0.0,2.32
2010-08-16,Capital Link MLP,CLMLP,2626.51,2626.51,2626.51,2626.51,0.0,2.25
2010-08-17,Capital Link MLP,CLMLP,2573.06,2573.06,2573.06,2573.06,0.0,-2.04
2010-08-18,Capital Link MLP,CLMLP,2568.17,2568.17,2568.17,2568.17,0.0,-0.19
2010-08-19,Capital Link MLP,CLMLP,2552.31,2552.31,2552.31,2552.31,0.0,-0.62
2010-08-20,Capital Link MLP,CLMLP,2558.56,2558.56,2558.56,2558.56,0.0,0.24
2010-08-23,Capital Link MLP,CLMLP,2504.26,2504.26,2504.26,2504.26,0.0,-2.12
2010-08-24,Capital Link MLP,CLMLP,2459.82,2459.82,2459.82,2459.82,0.0,-1.77
2010-08-25,Capital Link MLP,CLMLP,2443.3,2443.3,2443.3,2443.3,0.0,-0.67
2010-08-26,Capital Link MLP,CLMLP,2441.44,2441.44,2441.44,2441.44,0.0,-0.08
2010-08-27,Capital Link MLP,CLMLP,2485.64,2485.64,2485.64,2485.64,0.0,1.81
2010-08-30,Capital Link MLP,CLMLP,2458.74,2458.74,2458.74,2458.74,0.0,-1.08
2010-08-31,Capital Link MLP,CLMLP,2466.92,2466.92,2466.92,2466.92,0.0,0.33
2010-09-01,Capital Link MLP,CLMLP,2503.78,2503.78,2503.78,2503.78,0.0,1.49
2010-09-02,Capital Link MLP,CLMLP,2504.25,2504.25,2504.25,2504.25,0.0,0.02
2010-09-03,Capital Link MLP,CLMLP,2562.41,2562.41,2562.41,2562.41,0.0,2.32
2010-09-07,Capital Link MLP,CLMLP,2535.99,2535.99,2535.99,2535.99,0.0,-1.03
2010-09-08,Capital Link MLP,CLMLP,2535.54,2535.54,2535.54,2535.54,0.0,-0.02
2010-09-09,Capital Link MLP,CLMLP,2555.36,2555.36,2555.36,2555.36,0.0,0.78
2010-09-10,Capital Link MLP,CLMLP,2549.09,2549.09,2549.09,2549.09,0.0,-0.25
2010-09-13,Capital Link MLP,CLMLP,2556.39,2556.39,2556.39,2556.39,0.0,0.29
2010-09-14,Capital Link MLP,CLMLP,2577.98,2577.98,2577.98,2577.98,0.0,0.84
2010-09-15,Capital Link MLP,CLMLP,2568.38,2568.38,2568.38,2568.38,0.0,-0.37
2010-09-16,Capital Link MLP,CLMLP,2534.56,2534.56,2534.56,2534.56,0.0,-1.32
2010-09-17,Capital Link MLP,CLMLP,2530.0,2530.0,2530.0,2530.0,0.0,-0.18
2010-09-20,Capital Link MLP,CLMLP,2508.15,2508.15,2508.15,2508.15,0.0,-0.86
2010-09-21,Capital Link MLP,CLMLP,2499.73,2499.73,2499.73,2499.73,0.0,-0.34
2010-09-22,Capital Link MLP,CLMLP,2504.17,2504.17,2504.17,2504.17,0.0,0.18
2010-09-23,Capital Link MLP,CLMLP,2486.38,2486.38,2486.38,2486.38,0.0,-0.71
2010-09-24,Capital Link MLP,CLMLP,2473.48,2473.48,2473.48,2473.48,0.0,-0.52
2010-09-27,Capital Link MLP,CLMLP,2469.6,2469.6,2469.6,2469.6,0.0,-0.16
2010-09-28,Capital Link MLP,CLMLP,2465.95,2465.95,2465.95,2465.95,0.0,-0.15
2010-09-29,Capital Link MLP,CLMLP,2488.92,2488.92,2488.92,2488.92,0.0,0.93
2010-09-30,Capital Link MLP,CLMLP,2512.98,2512.98,2512.98,2512.98,0.0,0.97
2010-10-01,Capital Link MLP,CLMLP,2535.13,2535.13,2535.13,2535.13,0.0,0.88
2010-10-04,Capital Link MLP,CLMLP,2519.94,2519.94,2519.94,2519.94,0.0,-0.6
2010-10-05,Capital Link MLP,CLMLP,2537.97,2537.97,2537.97,2537.97,0.0,0.72
2010-10-06,Capital Link MLP,CLMLP,2587.96,2587.96,2587.96,2587.96,0.0,1.97
2010-10-07,Capital Link MLP,CLMLP,2606.69,2606.69,2606.69,2606.69,0.0,0.72
2010-10-08,Capital Link MLP,CLMLP,2635.48,2635.48,2635.48,2635.48,0.0,1.1
2010-10-11,Capital Link MLP,CLMLP,2638.91,2638.91,2638.91,2638.91,0.0,0.13
2010-10-12,Capital Link MLP,CLMLP,2643.95,2643.95,2643.95,2643.95,0.0,0.19
2010-10-13,Capital Link MLP,CLMLP,2665.37,2665.37,2665.37,2665.37,0.0,0.81
2010-10-14,Capital Link MLP,CLMLP,2648.71,2648.71,2648.71,2648.71,0.0,-0.63
2010-10-15,Capital Link MLP,CLMLP,2642.91,2642.91,2642.91,2642.91,0.0,-0.22
2010-10-18,Capital Link MLP,CLMLP,2660.84,2660.84,2660.84,2660.84,0.0,0.68
2010-10-19,Capital Link MLP,CLMLP,2659.53,2659.53,2659.53,2659.53,0.0,-0.05
2010-10-20,Capital Link MLP,CLMLP,2664.36,2664.36,2664.36,2664.36,0.0,0.18
2010-10-21,Capital Link MLP,CLMLP,2642.74,2642.74,2642.74,2642.74,0.0,-0.81
2010-10-22,Capital Link MLP,CLMLP,2662.36,2662.36,2662.36,2662.36,0.0,0.74
2010-10-25,Capital Link MLP,CLMLP,2666.67,2666.67,2666.67,2666.67,0.0,0.16
2010-10-26,Capital Link MLP,CLMLP,2657.51,2657.51,2657.51,2657.51,0.0,-0.34
2010-10-27,Capital Link MLP,CLMLP,2664.01,2664.01,2664.01,2664.01,0.0,0.24
2010-10-28,Capital Link MLP,CLMLP,2680.78,2680.78,2680.78,2680.78,0.0,0.63
2010-10-29,Capital Link MLP,CLMLP,2717.32,2717.32,2717.32,2717.32,0.0,1.36
2010-11-01,Capital Link MLP,CLMLP,2756.6,2756.6,2756.6,2756.6,0.0,1.45
2010-11-02,Capital Link MLP,CLMLP,2768.97,2768.97,2768.97,2768.97,0.0,0.45
2010-11-03,Capital Link MLP,CLMLP,2758.74,2758.74,2758.74,2758.74,0.0,-0.37
2010-11-04,Capital Link MLP,CLMLP,2789.11,2789.11,2789.11,2789.11,0.0,1.1
2010-11-05,Capital Link MLP,CLMLP,2835.17,2835.17,2835.17,2835.17,0.0,1.65
2010-11-08,Capital Link MLP,CLMLP,2837.23,2837.23,2837.23,2837.23,0.0,0.07
2010-11-09,Capital Link MLP,CLMLP,2850.61,2850.61,2850.61,2850.61,0.0,0.47
2010-11-10,Capital Link MLP,CLMLP,2861.12,2861.12,2861.12,2861.12,0.0,0.37
2010-11-11,Capital Link MLP,CLMLP,2841.76,2841.76,2841.76,2841.76,0.0,-0.68
2010-11-12,Capital Link MLP,CLMLP,2839.16,2839.16,2839.16,2839.16,0.0,-0.09
2010-11-15,Capital Link MLP,CLMLP,2859.95,2859.95,2859.95,2859.95,0.0,0.73
2010-11-16,Capital Link MLP,CLMLP,2798.19,2798.19,2798.19,2798.19,0.0,-2.16
2010-11-17,Capital Link MLP,CLMLP,2830.25,2830.25,2830.25,2830.25,0.0,1.15
2010-11-18,Capital Link MLP,CLMLP,2856.02,2856.02,2856.02,2856.02,0.0,0.91
2010-11-19,Capital Link MLP,CLMLP,2860.09,2860.09,2860.09,2860.09,0.0,0.14
2010-11-22,Capital Link MLP,CLMLP,2898.94,2898.94,2898.94,2898.94,0.0,1.36
2010-11-23,Capital Link MLP,CLMLP,2894.33,2894.33,2894.33,2894.33,0.0,-0.16
2010-11-24,Capital Link MLP,CLMLP,2903.24,2903.24,2903.24,2903.24,0.0,0.31
2010-11-26,Capital Link MLP,CLMLP,2888.89,2888.89,2888.89,2888.89,0.0,-0.49
2010-11-29,Capital Link MLP,CLMLP,2903.69,2903.69,2903.69,2903.69,0.0,0.51
2010-11-30,Capital Link MLP,CLMLP,2898.86,2898.86,2898.86,2898.86,0.0,-0.17
2010-12-02,Capital Link MLP,CLMLP,2903.75,2903.75,2903.75,2903.75,0.0,0.17
2010-12-03,Capital Link MLP,CLMLP,2906.07,2906.07,2906.07,2906.07,0.0,0.08
2010-12-06,Capital Link MLP,CLMLP,2930.3,2930.3,2930.3,2930.3,0.0,0.83
2010-12-07,Capital Link MLP,CLMLP,2946.37,2946.37,2946.37,2946.37,0.0,0.55
2010-12-08,Capital Link MLP,CLMLP,2923.96,2923.96,2923.96,2923.96,0.0,-0.76
2010-12-09,Capital Link MLP,CLMLP,2922.38,2922.38,2922.38,2922.38,0.0,-0.05
2010-12-10,Capital Link MLP,CLMLP,2942.73,2942.73,2942.73,2942.73,0.0,0.7
2010-12-13,Capital Link MLP,CLMLP,2927.29,2927.29,2927.29,2927.29,0.0,-0.52
2010-12-14,Capital Link MLP,CLMLP,2926.61,2926.61,2926.61,2926.61,0.0,-0.02
2010-12-15,Capital Link MLP,CLMLP,2910.97,2910.97,2910.97,2910.97,0.0,-0.53
2010-12-16,Capital Link MLP,CLMLP,2887.2,2887.2,2887.2,2887.2,0.0,-0.82
2010-12-17,Capital Link MLP,CLMLP,2852.7,2852.7,2852.7,2852.7,0.0,-1.19
2010-12-20,Capital Link MLP,CLMLP,2911.36,2911.36,2911.36,2911.36,0.0,2.06
2010-12-22,Capital Link MLP,CLMLP,2940.12,2940.12,2940.12,2940.12,0.0,0.99
2010-12-23,Capital Link MLP,CLMLP,2925.59,2925.59,2925.59,2925.59,0.0,-0.49
2010-12-28,Capital Link MLP,CLMLP,2927.6,2927.6,2927.6,2927.6,0.0,0.07
2010-12-30,Capital Link MLP,CLMLP,2952.52,2952.52,2952.52,2952.52,0.0,0.85
2010-12-31,Capital Link MLP,CLMLP,2953.06,2953.06,2953.06,2953.06,0.0,0.02
2011-01-03,Capital Link MLP,CLMLP,2963.32,2963.32,2963.32,2963.32,0.0,0.35
2011-01-05,Capital Link MLP,CLMLP,2919.73,2919.73,2919.73,2919.73,0.0,-1.47
2011-01-06,Capital Link MLP,CLMLP,2926.47,2926.47,2926.47,2926.47,0.0,0.23
2011-01-07,Capital Link MLP,CLMLP,2931.03,2931.03,2931.03,2931.03,0.0,0.16
2011-01-10,Capital Link MLP,CLMLP,2929.83,2929.83,2929.83,2929.83,0.0,-0.04
2011-01-11,Capital Link MLP,CLMLP,2926.03,2926.03,2926.03,2926.03,0.0,-0.13
2011-01-12,Capital Link MLP,CLMLP,2933.88,2933.88,2933.88,2933.88,0.0,0.27
2011-01-13,Capital Link MLP,CLMLP,2938.41,2938.41,2938.41,2938.41,0.0,0.15
2011-01-14,Capital Link MLP,CLMLP,2924.8,2924.8,2924.8,2924.8,0.0,-0.46
2011-01-18,Capital Link MLP,CLMLP,2925.92,2925.92,2925.92,2925.92,0.0,0.04
2011-01-19,Capital Link MLP,CLMLP,2821.99,2821.99,2821.99,2821.99,0.0,-3.55
2011-01-20,Capital Link MLP,CLMLP,2742.21,2742.21,2742.21,2742.21,0.0,-2.83
2011-01-21,Capital Link MLP,CLMLP,2768.96,2768.96,2768.96,2768.96,0.0,0.98
2011-01-24,Capital Link MLP,CLMLP,2802.99,2802.99,2802.99,2802.99,0.0,1.23
2011-01-25,Capital Link MLP,CLMLP,2777.59,2777.59,2777.59,2777.59,0.0,-0.91
2011-01-26,Capital Link MLP,CLMLP,2813.83,2813.83,2813.83,2813.83,0.0,1.3
2011-01-27,Capital Link MLP,CLMLP,2890.65,2890.65,2890.65,2890.65,0.0,2.73
2011-01-28,Capital Link MLP,CLMLP,3003.42,3003.42,3003.42,3003.42,0.0,3.9
2011-01-31,Capital Link MLP,CLMLP,3047.19,3047.19,3047.19,3047.19,0.0,1.46
2011-02-01,Capital Link MLP,CLMLP,3042.44,3042.44,3042.44,3042.44,0.0,-0.16
2011-02-02,Capital Link MLP,CLMLP,3028.84,3028.84,3028.84,3028.84,0.0,-0.45
2011-02-03,Capital Link MLP,CLMLP,2989.53,2989.53,2989.53,2989.53,0.0,-1.3
2011-02-04,Capital Link MLP,CLMLP,2939.03,2939.03,2939.03,2939.03,0.0,-1.69
2011-02-07,Capital Link MLP,CLMLP,2914.65,2914.65,2914.65,2914.65,0.0,-0.83
2011-02-08,Capital Link MLP,CLMLP,2904.2,2904.2,2904.2,2904.2,0.0,-0.36
2011-02-09,Capital Link MLP,CLMLP,2888.1,2888.1,2888.1,2888.1,0.0,-0.55
2011-02-10,Capital Link MLP,CLMLP,2883.5,2883.5,2883.5,2883.5,0.0,-0.16
2011-02-11,Capital Link MLP,CLMLP,2910.43,2910.43,2910.43,2910.43,0.0,0.93
2011-02-14,Capital Link MLP,CLMLP,2959.88,2959.88,2959.88,2959.88,0.0,1.7
2011-02-15,Capital Link MLP,CLMLP,2955.19,2955.19,2955.19,2955.19,0.0,-0.16
2011-02-16,Capital Link MLP,CLMLP,2976.38,2976.38,2976.38,2976.38,0.0,0.72
2011-02-17,Capital Link MLP,CLMLP,3002.81,3002.81,3002.81,3002.81,0.0,0.89
2011-02-18,Capital Link MLP,CLMLP,2996.03,2996.03,2996.03,2996.03,0.0,-0.23
2011-02-22,Capital Link MLP,CLMLP,2955.24,2955.24,2955.24,2955.24,0.0,-1.36
2011-02-23,Capital Link MLP,CLMLP,2925.48,2925.48,2925.48,2925.48,0.0,-1.01
2011-02-24,Capital Link MLP,CLMLP,2907.85,2907.85,2907.85,2907.85,0.0,-0.6
2011-02-25,Capital Link MLP,CLMLP,2953.76,2953.76,2953.76,2953.76,0.0,1.58
2011-02-28,Capital Link MLP,CLMLP,2980.3,2980.3,2980.3,2980.3,0.0,0.9
2011-03-01,Capital Link MLP,CLMLP,2992.99,2992.99,2992.99,2992.99,0.0,0.43
2011-03-02,Capital Link MLP,CLMLP,3002.75,3002.75,3002.75,3002.75,0.0,0.33
2011-03-03,Capital Link MLP,CLMLP,3019.87,3019.87,3019.87,3019.87,0.0,0.57
2011-03-04,Capital Link MLP,CLMLP,3019.47,3019.47,3019.47,3019.47,0.0,-0.01
2011-03-07,Capital Link MLP,CLMLP,3011.19,3011.19,3011.19,3011.19,0.0,-0.27
2011-03-08,Capital Link MLP,CLMLP,2990.03,2990.03,2990.03,2990.03,0.0,-0.7
2011-03-09,Capital Link MLP,CLMLP,2927.26,2927.26,2927.26,2927.26,0.0,-2.1
2011-03-10,Capital Link MLP,CLMLP,2874.06,2874.06,2874.06,2874.06,0.0,-1.82
2011-03-11,Capital Link MLP,CLMLP,2896.22,2896.22,2896.22,2896.22,0.0,0.77
2011-03-14,Capital Link MLP,CLMLP,2941.82,2941.82,2941.82,2941.82,0.0,1.57
2011-03-15,Capital Link MLP,CLMLP,3005.82,3005.82,3005.82,3005.82,0.0,2.18
2011-03-16,Capital Link MLP,CLMLP,2994.42,2994.42,2994.42,2994.42,0.0,-0.38
2011-03-17,Capital Link MLP,CLMLP,3043.81,3043.81,3043.81,3043.81,0.0,1.65
2011-03-18,Capital Link MLP,CLMLP,3067.99,3067.99,3067.99,3067.99,0.0,0.79
2011-03-21,Capital Link MLP,CLMLP,3174.47,3174.47,3174.47,3174.47,0.0,3.47
2011-03-22,Capital Link MLP,CLMLP,3165.07,3165.07,3165.07,3165.07,0.0,-0.3
2011-03-23,Capital Link MLP,CLMLP,3167.9,3167.9,3167.9,3167.9,0.0,0.09
2011-03-25,Capital Link MLP,CLMLP,3158.91,3158.91,3158.91,3158.91,0.0,-0.28
2011-03-28,Capital Link MLP,CLMLP,3140.21,3140.21,3140.21,3140.21,0.0,-0.59
2011-03-29,Capital Link MLP,CLMLP,3140.28,3140.28,3140.28,3140.28,0.0,0.0
2011-03-30,Capital Link MLP,CLMLP,3132.9,3132.9,3132.9,3132.9,0.0,-0.24
2011-03-31,Capital Link MLP,CLMLP,3187.91,3187.91,3187.91,3187.91,0.0,1.76
2011-04-01,Capital Link MLP,CLMLP,3164.43,3164.43,3164.43,3164.43,0.0,-0.74
2011-04-04,Capital Link MLP,CLMLP,3157.61,3157.61,3157.61,3157.61,0.0,-0.22
2011-04-05,Capital Link MLP,CLMLP,3070.56,3070.56,3070.56,3070.56,0.0,-2.76
2011-04-06,Capital Link MLP,CLMLP,3051.78,3051.78,3051.78,3051.78,0.0,-0.61
2011-04-07,Capital Link MLP,CLMLP,3062.44,3062.44,3062.44,3062.44,0.0,0.35
2011-04-08,Capital Link MLP,CLMLP,3034.01,3034.01,3034.01,3034.01,0.0,-0.93
2011-04-11,Capital Link MLP,CLMLP,2858.49,2858.49,2858.49,2858.49,0.0,-5.79
2011-04-12,Capital Link MLP,CLMLP,2914.51,2914.51,2914.51,2914.51,0.0,1.96
2011-04-13,Capital Link MLP,CLMLP,2936.56,2936.56,2936.56,2936.56,0.0,0.76
2011-04-14,Capital Link MLP,CLMLP,2926.21,2926.21,2926.21,2926.21,0.0,-0.35
2011-04-15,Capital Link MLP,CLMLP,2901.2,2901.2,2901.2,2901.2,0.0,-0.85
2011-04-18,Capital Link MLP,CLMLP,2899.81,2899.81,2899.81,2899.81,0.0,-0.05
2011-04-19,Capital Link MLP,CLMLP,2915.35,2915.35,2915.35,2915.35,0.0,0.54
2011-04-20,Capital Link MLP,CLMLP,2958.58,2958.58,2958.58,2958.58,0.0,1.48
2011-04-21,Capital Link MLP,CLMLP,3004.85,3004.85,3004.85,3004.85,0.0,1.56
2011-04-25,Capital Link MLP,CLMLP,2990.52,2990.52,2990.52,2990.52,0.0,-0.48
2011-04-26,Capital Link MLP,CLMLP,3008.76,3008.76,3008.76,3008.76,0.0,0.61
2011-04-28,Capital Link MLP,CLMLP,3029.13,3029.13,3029.13,3029.13,0.0,0.68
2011-04-29,Capital Link MLP,CLMLP,3014.66,3014.66,3014.66,3014.66,0.0,-0.48
2011-05-02,Capital Link MLP,CLMLP,3023.65,3023.65,3023.65,3023.65,0.0,0.3
2011-05-03,Capital Link MLP,CLMLP,2981.02,2981.02,2981.02,2981.02,0.0,-1.41
2011-05-04,Capital Link MLP,CLMLP,2853.6,2853.6,2853.6,2853.6,0.0,-4.27
2011-05-05,Capital Link MLP,CLMLP,2738.19,2738.19,2738.19,2738.19,0.0,-4.04
2011-05-06,Capital Link MLP,CLMLP,2769.14,2769.14,2769.14,2769.14,0.0,1.13
2011-05-09,Capital Link MLP,CLMLP,2823.53,2823.53,2823.53,2823.53,0.0,1.96
2011-05-10,Capital Link MLP,CLMLP,2865.02,2865.02,2865.02,2865.02,0.0,1.47
2011-05-11,Capital Link MLP,CLMLP,2836.25,2836.25,2836.25,2836.25,0.0,-1.0
2011-05-12,Capital Link MLP,CLMLP,2830.4,2830.4,2830.4,2830.4,0.0,-0.21
2011-05-13,Capital Link MLP,CLMLP,2837.04,2837.04,2837.04,2837.04,0.0,0.23
2011-05-16,Capital Link MLP,CLMLP,2779.97,2779.97,2779.97,2779.97,0.0,-2.01
2011-05-17,Capital Link MLP,CLMLP,2717.48,2717.48,2717.48,2717.48,0.0,-2.25
2011-05-18,Capital Link MLP,CLMLP,2781.61,2781.61,2781.61,2781.61,0.0,2.36
2011-05-20,Capital Link MLP,CLMLP,2805.37,2805.37,2805.37,2805.37,0.0,0.85
2011-05-23,Capital Link MLP,CLMLP,2773.98,2773.98,2773.98,2773.98,0.0,-1.12
2011-05-24,Capital Link MLP,CLMLP,2775.25,2775.25,2775.25,2775.25,0.0,0.05
2011-05-25,Capital Link MLP,CLMLP,2773.82,2773.82,2773.82,2773.82,0.0,-0.05
2011-05-26,Capital Link MLP,CLMLP,2797.36,2797.36,2797.36,2797.36,0.0,0.85
2011-05-27,Capital Link MLP,CLMLP,2814.39,2814.39,2814.39,2814.39,0.0,0.61
2011-05-31,Capital Link MLP,CLMLP,2845.65,2845.65,2845.65,2845.65,0.0,1.11
2011-06-01,Capital Link MLP,CLMLP,2864.93,2864.93,2864.93,2864.93,0.0,0.68
2011-06-02,Capital Link MLP,CLMLP,2807.66,2807.66,2807.66,2807.66,0.0,-2.0
2011-06-03,Capital Link MLP,CLMLP,2782.63,2782.63,2782.63,2782.63,0.0,-0.89
2011-06-06,Capital Link MLP,CLMLP,2763.99,2763.99,2763.99,2763.99,0.0,-0.67
2011-06-07,Capital Link MLP,CLMLP,2784.13,2784.13,2784.13,2784.13,0.0,0.73
2011-06-08,Capital Link MLP,CLMLP,2771.53,2771.53,2771.53,2771.53,0.0,-0.45
2011-06-09,Capital Link MLP,CLMLP,2832.75,2832.75,2832.75,2832.75,0.0,2.21
2011-06-10,Capital Link MLP,CLMLP,2819.37,2819.37,2819.37,2819.37,0.0,-0.47
2011-06-13,Capital Link MLP,CLMLP,2761.08,2761.08,2761.08,2761.08,0.0,-2.07
2011-06-14,Capital Link MLP,CLMLP,2778.85,2778.85,2778.85,2778.85,0.0,0.64
2011-06-15,Capital Link MLP,CLMLP,2767.22,2767.22,2767.22,2767.22,0.0,-0.42
2011-06-16,Capital Link MLP,CLMLP,2741.44,2741.44,2741.44,2741.44,0.0,-0.93
2011-06-17,Capital Link MLP,CLMLP,2735.71,2735.71,2735.71,2735.71,0.0,-0.21
2011-06-20,Capital Link MLP,CLMLP,2780.15,2780.15,2780.15,2780.15,0.0,1.62
2011-06-21,Capital Link MLP,CLMLP,2831.19,2831.19,2831.19,2831.19,0.0,1.84
2011-06-22,Capital Link MLP,CLMLP,2857.93,2857.93,2857.93,2857.93,0.0,0.94
2011-06-23,Capital Link MLP,CLMLP,2843.93,2843.93,2843.93,2843.93,0.0,-0.49
2011-06-24,Capital Link MLP,CLMLP,2873.06,2873.06,2873.06,2873.06,0.0,1.02
2011-06-27,Capital Link MLP,CLMLP,2887.03,2887.03,2887.03,2887.03,0.0,0.49
2011-06-28,Capital Link MLP,CLMLP,2904.77,2904.77,2904.77,2904.77,0.0,0.61
2011-06-29,Capital Link MLP,CLMLP,2940.23,2940.23,2940.23,2940.23,0.0,1.22
2011-06-30,Capital Link MLP,CLMLP,2931.82,2931.82,2931.82,2931.82,0.0,-0.29
2011-07-01,Capital Link MLP,CLMLP,2957.0,2957.0,2957.0,2957.0,0.0,0.86
2011-07-05,Capital Link MLP,CLMLP,2963.81,2963.81,2963.81,2963.81,0.0,0.23
2011-07-07,Capital Link MLP,CLMLP,2989.67,2989.67,2989.67,2989.67,0.0,0.87
2011-07-08,Capital Link MLP,CLMLP,2977.47,2977.47,2977.47,2977.47,0.0,-0.41
2011-07-11,Capital Link MLP,CLMLP,2962.99,2962.99,2962.99,2962.99,0.0,-0.49
2011-07-12,Capital Link MLP,CLMLP,2957.12,2957.12,2957.12,2957.12,0.0,-0.2
2011-07-13,Capital Link MLP,CLMLP,2948.88,2948.88,2948.88,2948.88,0.0,-0.28
2011-07-14,Capital Link MLP,CLMLP,2923.09,2923.09,2923.09,2923.09,0.0,-0.87
2011-07-15,Capital Link MLP,CLMLP,2939.09,2939.09,2939.09,2939.09,0.0,0.55
2011-07-18,Capital Link MLP,CLMLP,2906.21,2906.21,2906.21,2906.21,0.0,-1.12
2011-07-19,Capital Link MLP,CLMLP,2916.34,2916.34,2916.34,2916.34,0.0,0.35
2011-07-20,Capital Link MLP,CLMLP,2916.76,2916.76,2916.76,2916.76,0.0,0.01
2011-07-21,Capital Link MLP,CLMLP,2937.53,2937.53,2937.53,2937.53,0.0,0.71
2011-07-22,Capital Link MLP,CLMLP,2947.82,2947.82,2947.82,2947.82,0.0,0.35
2011-07-25,Capital Link MLP,CLMLP,2935.94,2935.94,2935.94,2935.94,0.0,-0.4
2011-07-26,Capital Link MLP,CLMLP,2921.7,2921.7,2921.7,2921.7,0.0,-0.49
2011-07-27,Capital Link MLP,CLMLP,2847.59,2847.59,2847.59,2847.59,0.0,-2.54
2011-07-28,Capital Link MLP,CLMLP,2851.92,2851.92,2851.92,2851.92,0.0,0.15
2011-08-01,Capital Link MLP,CLMLP,2883.02,2883.02,2883.02,2883.02,0.0,1.09
2011-08-02,Capital Link MLP,CLMLP,2854.7,2854.7,2854.7,2854.7,0.0,-0.98
2011-08-03,Capital Link MLP,CLMLP,2757.47,2757.47,2757.47,2757.47,0.0,-3.41
2011-08-04,Capital Link MLP,CLMLP,2577.53,2577.53,2577.53,2577.53,0.0,-6.53
2011-08-05,Capital Link MLP,CLMLP,2522.69,2522.69,2522.69,2522.69,0.0,-2.13
2011-08-08,Capital Link MLP,CLMLP,2327.17,2327.17,2327.17,2327.17,0.0,-7.75
2011-08-09,Capital Link MLP,CLMLP,2475.07,2475.07,2475.07,2475.07,0.0,6.36
2011-08-10,Capital Link MLP,CLMLP,2493.24,2493.24,2493.24,2493.24,0.0,0.73
2011-08-11,Capital Link MLP,CLMLP,2617.06,2617.06,2617.06,2617.06,0.0,4.97
2011-08-15,Capital Link MLP,CLMLP,2704.17,2704.17,2704.17,2704.17,0.0,3.33
2011-08-16,Capital Link MLP,CLMLP,2688.38,2688.38,2688.38,2688.38,0.0,-0.58
2011-08-17,Capital Link MLP,CLMLP,2691.73,2691.73,2691.73,2691.73,0.0,0.12
2011-08-18,Capital Link MLP,CLMLP,2625.06,2625.06,2625.06,2625.06,0.0,-2.48
2011-08-19,Capital Link MLP,CLMLP,2584.37,2584.37,2584.37,2584.37,0.0,-1.55
2011-08-22,Capital Link MLP,CLMLP,2541.04,2541.04,2541.04,2541.04,0.0,-1.68
2011-08-23,Capital Link MLP,CLMLP,2571.38,2571.38,2571.38,2571.38,0.0,1.19
2011-08-24,Capital Link MLP,CLMLP,2559.42,2559.42,2559.42,2559.42,0.0,-0.47
2011-08-25,Capital Link MLP,CLMLP,2515.46,2515.46,2515.46,2515.46,0.0,-1.72
2011-08-26,Capital Link MLP,CLMLP,2528.75,2528.75,2528.75,2528.75,0.0,0.53
2011-08-29,Capital Link MLP,CLMLP,2596.43,2596.43,2596.43,2596.43,0.0,2.68
2011-08-30,Capital Link MLP,CLMLP,2632.12,2632.12,2632.12,2632.12,0.0,1.37
2011-08-31,Capital Link MLP,CLMLP,2657.93,2657.93,2657.93,2657.93,0.0,0.98
2011-09-01,Capital Link MLP,CLMLP,2626.29,2626.29,2626.29,2626.29,0.0,-1.19
2011-09-02,Capital Link MLP,CLMLP,2599.4,2599.4,2599.4,2599.4,0.0,-1.02
2011-09-06,Capital Link MLP,CLMLP,2550.06,2550.06,2550.06,2550.06,0.0,-1.9
2011-09-07,Capital Link MLP,CLMLP,2619.95,2619.95,2619.95,2619.95,0.0,2.74
2011-09-08,Capital Link MLP,CLMLP,2610.74,2610.74,2610.74,2610.74,0.0,-0.35
2011-09-09,Capital Link MLP,CLMLP,2588.56,2588.56,2588.56,2588.56,0.0,-0.85
2011-09-12,Capital Link MLP,CLMLP,2584.74,2584.74,2584.74,2584.74,0.0,-0.15
2011-09-13,Capital Link MLP,CLMLP,2605.87,2605.87,2605.87,2605.87,0.0,0.82
2011-09-14,Capital Link MLP,CLMLP,2630.61,2630.61,2630.61,2630.61,0.0,0.95
2011-09-15,Capital Link MLP,CLMLP,2663.91,2663.91,2663.91,2663.91,0.0,1.27
2011-09-16,Capital Link MLP,CLMLP,2614.39,2614.39,2614.39,2614.39,0.0,-1.86
2011-09-19,Capital Link MLP,CLMLP,2663.02,2663.02,2663.02,2663.02,0.0,1.86
2011-09-20,Capital Link MLP,CLMLP,2663.89,2663.89,2663.89,2663.89,0.0,0.03
2011-09-21,Capital Link MLP,CLMLP,2581.17,2581.17,2581.17,2581.17,0.0,-3.11
2011-09-23,Capital Link MLP,CLMLP,2516.24,2516.24,2516.24,2516.24,0.0,-2.52
2011-09-26,Capital Link MLP,CLMLP,2522.77,2522.77,2522.77,2522.77,0.0,0.26
2011-09-27,Capital Link MLP,CLMLP,2583.92,2583.92,2583.92,2583.92,0.0,2.42
2011-09-28,Capital Link MLP,CLMLP,2505.53,2505.53,2505.53,2505.53,0.0,-3.03
2011-09-29,Capital Link MLP,CLMLP,2507.22,2507.22,2507.22,2507.22,0.0,0.07
2011-09-30,Capital Link MLP,CLMLP,2474.47,2474.47,2474.47,2474.47,0.0,-1.31
2011-10-03,Capital Link MLP,CLMLP,2377.57,2377.57,2377.57,2377.57,0.0,-3.92
2011-10-04,Capital Link MLP,CLMLP,2369.29,2369.29,2369.29,2369.29,0.0,-0.35
2011-10-05,Capital Link MLP,CLMLP,2352.77,2352.77,2352.77,2352.77,0.0,-0.7
2011-10-06,Capital Link MLP,CLMLP,2426.8,2426.8,2426.8,2426.8,0.0,3.15
2011-10-07,Capital Link MLP,CLMLP,2427.04,2427.04,2427.04,2427.04,0.0,0.01
2011-10-10,Capital Link MLP,CLMLP,2496.67,2496.67,2496.67,2496.67,0.0,2.87
2011-10-11,Capital Link MLP,CLMLP,2540.64,2540.64,2540.64,2540.64,0.0,1.76
2011-10-12,Capital Link MLP,CLMLP,2568.37,2568.37,2568.37,2568.37,0.0,1.09
2011-10-13,Capital Link MLP,CLMLP,2603.53,2603.53,2603.53,2603.53,0.0,1.37
2011-10-14,Capital Link MLP,CLMLP,2630.46,2630.46,2630.46,2630.46,0.0,1.03
2011-10-17,Capital Link MLP,CLMLP,2589.71,2589.71,2589.71,2589.71,0.0,-1.55
2011-10-18,Capital Link MLP,CLMLP,2643.12,2643.12,2643.12,2643.12,0.0,2.06
2011-10-24,Capital Link MLP,CLMLP,2685.95,2685.95,2685.95,2685.95,0.0,1.62
2011-10-25,Capital Link MLP,CLMLP,2657.47,2657.47,2657.47,2657.47,0.0,-1.06
2011-10-26,Capital Link MLP,CLMLP,2701.76,2701.76,2701.76,2701.76,0.0,1.67
2011-10-27,Capital Link MLP,CLMLP,2751.94,2751.94,2751.94,2751.94,0.0,1.86
2011-10-28,Capital Link MLP,CLMLP,2781.29,2781.29,2781.29,2781.29,0.0,1.07
2011-10-31,Capital Link MLP,CLMLP,2706.59,2706.59,2706.59,2706.59,0.0,-2.69
2011-11-01,Capital Link MLP,CLMLP,2655.3,2655.3,2655.3,2655.3,0.0,-1.9
2011-11-02,Capital Link MLP,CLMLP,2677.24,2677.24,2677.24,2677.24,0.0,0.83
2011-11-03,Capital Link MLP,CLMLP,2610.37,2610.37,2610.37,2610.37,0.0,-2.5
2011-11-04,Capital Link MLP,CLMLP,2610.41,2610.41,2610.41,2610.41,0.0,0.0
2011-11-07,Capital Link MLP,CLMLP,2631.09,2631.09,2631.09,2631.09,0.0,0.79
2011-11-08,Capital Link MLP,CLMLP,2632.74,2632.74,2632.74,2632.74,0.0,0.06
2011-11-09,Capital Link MLP,CLMLP,2558.7,2558.7,2558.7,2558.7,0.0,-2.81
2011-11-10,Capital Link MLP,CLMLP,2570.26,2570.26,2570.26,2570.26,0.0,0.45
2011-11-11,Capital Link MLP,CLMLP,2601.27,2601.27,2601.27,2601.27,0.0,1.21
2011-11-14,Capital Link MLP,CLMLP,2625.01,2625.01,2625.01,2625.01,0.0,0.91
2011-11-15,Capital Link MLP,CLMLP,2645.14,2645.14,2645.14,2645.14,0.0,0.77
2011-11-16,Capital Link MLP,CLMLP,2626.48,2626.48,2626.48,2626.48,0.0,-0.71
2011-11-17,Capital Link MLP,CLMLP,2617.22,2617.22,2617.22,2617.22,0.0,-0.35
2011-11-22,Capital Link MLP,CLMLP,2584.82,2584.82,2584.82,2584.82,0.0,-1.24
2011-11-23,Capital Link MLP,CLMLP,2535.14,2535.14,2535.14,2535.14,0.0,-1.92
2011-11-25,Capital Link MLP,CLMLP,2567.67,2567.67,2567.67,2567.67,0.0,1.28
2011-11-28,Capital Link MLP,CLMLP,2620.65,2620.65,2620.65,2620.65,0.0,2.06
2011-11-29,Capital Link MLP,CLMLP,2629.68,2629.68,2629.68,2629.68,0.0,0.34
2011-12-01,Capital Link MLP,CLMLP,2659.66,2659.66,2659.66,2659.66,0.0,1.14
2011-12-02,Capital Link MLP,CLMLP,2718.48,2718.48,2718.48,2718.48,0.0,2.21
2011-12-05,Capital Link MLP,CLMLP,2717.39,2717.39,2717.39,2717.39,0.0,-0.04
2011-12-06,Capital Link MLP,CLMLP,2715.89,2715.89,2715.89,2715.89,0.0,-0.06
2011-12-07,Capital Link MLP,CLMLP,2700.06,2700.06,2700.06,2700.06,0.0,-0.58
2011-12-08,Capital Link MLP,CLMLP,2654.91,2654.91,2654.91,2654.91,0.0,-1.67
2011-12-12,Capital Link MLP,CLMLP,2655.28,2655.28,2655.28,2655.28,0.0,0.01
2011-12-13,Capital Link MLP,CLMLP,2643.38,2643.38,2643.38,2643.38,0.0,-0.45
2011-12-14,Capital Link MLP,CLMLP,2614.81,2614.81,2614.81,2614.81,0.0,-1.08
2011-12-16,Capital Link MLP,CLMLP,2670.55,2670.55,2670.55,2670.55,0.0,2.13
2011-12-19,Capital Link MLP,CLMLP,2666.16,2666.16,2666.16,2666.16,0.0,-0.16
2011-12-20,Capital Link MLP,CLMLP,2676.61,2676.61,2676.61,2676.61,0.0,0.39
2011-12-21,Capital Link MLP,CLMLP,2689.59,2689.59,2689.59,2689.59,0.0,0.48
2011-12-23,Capital Link MLP,CLMLP,2718.36,2718.36,2718.36,2718.36,0.0,1.07
2011-12-27,Capital Link MLP,CLMLP,2714.23,2714.23,2714.23,2714.23,0.0,-0.15
2011-12-28,Capital Link MLP,CLMLP,2700.57,2700.57,2700.57,2700.57,0.0,-0.5
2011-12-29,Capital Link MLP,CLMLP,2694.74,2694.74,2694.74,2694.74,0.0,-0.22
2011-12-30,Capital Link MLP,CLMLP,2705.2,2705.2,2705.2,2705.2,0.0,0.39
2012-01-03,Capital Link MLP,CLMLP,2755.12,2755.12,2755.12,2755.12,0.0,1.85
2012-01-04,Capital Link MLP,CLMLP,2805.82,2805.82,2805.82,2805.82,0.0,1.84
2012-01-06,Capital Link MLP,CLMLP,2815.26,2815.26,2815.26,2815.26,0.0,0.34
2012-01-09,Capital Link MLP,CLMLP,2837.44,2837.44,2837.44,2837.44,0.0,0.79
2012-01-12,Capital Link MLP,CLMLP,2845.72,2845.72,2845.72,2845.72,0.0,0.29
2012-01-13,Capital Link MLP,CLMLP,2841.89,2841.89,2841.89,2841.89,0.0,-0.13
2012-01-17,Capital Link MLP,CLMLP,2846.37,2846.37,2846.37,2846.37,0.0,0.16
2012-01-18,Capital Link MLP,CLMLP,2849.85,2849.85,2849.85,2849.85,0.0,0.12
2012-01-20,Capital Link MLP,CLMLP,2909.06,2909.06,2909.06,2909.06,0.0,2.08
2012-01-23,Capital Link MLP,CLMLP,2958.57,2958.57,2958.57,2958.57,0.0,1.7
2012-01-24,Capital Link MLP,CLMLP,2953.54,2953.54,2953.54,2953.54,0.0,-0.17
2012-01-25,Capital Link MLP,CLMLP,2989.58,2989.58,2989.58,2989.58,0.0,1.22
2012-01-26,Capital Link MLP,CLMLP,3025.13,3025.13,3025.13,3025.13,0.0,1.19
2012-01-27,Capital Link MLP,CLMLP,3020.25,3020.25,3020.25,3020.25,0.0,-0.16
2012-01-30,Capital Link MLP,CLMLP,2982.48,2982.48,2982.48,2982.48,0.0,-1.25
2012-01-31,Capital Link MLP,CLMLP,2984.18,2984.18,2984.18,2984.18,0.0,0.06
2012-02-01,Capital Link MLP,CLMLP,2985.62,2985.62,2985.62,2985.62,0.0,0.05
2012-02-02,Capital Link MLP,CLMLP,2968.91,2968.91,2968.91,2968.91,0.0,-0.56
2012-02-03,Capital Link MLP,CLMLP,2994.94,2994.94,2994.94,2994.94,0.0,0.88
2012-02-06,Capital Link MLP,CLMLP,3019.64,3019.64,3019.64,3019.64,0.0,0.82
2012-02-07,Capital Link MLP,CLMLP,3007.03,3007.03,3007.03,3007.03,0.0,-0.42
2012-02-08,Capital Link MLP,CLMLP,2999.43,2999.43,2999.43,2999.43,0.0,-0.25
2012-02-09,Capital Link MLP,CLMLP,3007.6,3007.6,3007.6,3007.6,0.0,0.27
2012-02-10,Capital Link MLP,CLMLP,3008.05,3008.05,3008.05,3008.05,0.0,0.01
2012-02-13,Capital Link MLP,CLMLP,3043.21,3043.21,3043.21,3043.21,0.0,1.17
2012-02-14,Capital Link MLP,CLMLP,3055.94,3055.94,3055.94,3055.94,0.0,0.42
2012-02-15,Capital Link MLP,CLMLP,3081.84,3081.84,3081.84,3081.84,0.0,0.85
2012-02-16,Capital Link MLP,CLMLP,3129.47,3129.47,3129.47,3129.47,0.0,1.55
2012-02-17,Capital Link MLP,CLMLP,3139.31,3139.31,3139.31,3139.31,0.0,0.31
2012-02-21,Capital Link MLP,CLMLP,3115.42,3115.42,3115.42,3115.42,0.0,-0.76
2012-02-22,Capital Link MLP,CLMLP,3098.6,3098.6,3098.6,3098.6,0.0,-0.54
2012-02-23,Capital Link MLP,CLMLP,3148.3,3148.3,3148.3,3148.3,0.0,1.6
2012-02-24,Capital Link MLP,CLMLP,3192.42,3192.42,3192.42,3192.42,0.0,1.4
2012-02-27,Capital Link MLP,CLMLP,3220.12,3220.12,3220.12,3220.12,0.0,0.87
2012-02-28,Capital Link MLP,CLMLP,3176.32,3176.32,3176.32,3176.32,0.0,-1.36
2012-02-29,Capital Link MLP,CLMLP,3157.22,3157.22,3157.22,3157.22,0.0,-0.6
2012-03-01,Capital Link MLP,CLMLP,3217.96,3217.96,3217.96,3217.96,0.0,1.92
2012-03-02,Capital Link MLP,CLMLP,3223.21,3223.21,3223.21,3223.21,0.0,0.16
2012-03-05,Capital Link MLP,CLMLP,3210.8,3210.8,3210.8,3210.8,0.0,-0.39
2012-03-06,Capital Link MLP,CLMLP,3142.33,3142.33,3142.33,3142.33,0.0,-2.13
2012-03-07,Capital Link MLP,CLMLP,3163.09,3163.09,3163.09,3163.09,0.0,0.66
2012-03-08,Capital Link MLP,CLMLP,3169.68,3169.68,3169.68,3169.68,0.0,0.21
2012-03-09,Capital Link MLP,CLMLP,3201.3,3201.3,3201.3,3201.3,0.0,1.0
2012-03-12,Capital Link MLP,CLMLP,3169.37,3169.37,3169.37,3169.37,0.0,-1.0
2012-03-13,Capital Link MLP,CLMLP,3155.42,3155.42,3155.42,3155.42,0.0,-0.44
2012-03-14,Capital Link MLP,CLMLP,3126.08,3126.08,3126.08,3126.08,0.0,-0.93
2012-03-15,Capital Link MLP,CLMLP,3116.69,3116.69,3116.69,3116.69,0.0,-0.3
2012-03-16,Capital Link MLP,CLMLP,3145.04,3145.04,3145.04,3145.04,0.0,0.91
2012-03-20,Capital Link MLP,CLMLP,3172.99,3172.99,3172.99,3172.99,0.0,0.89
2012-03-21,Capital Link MLP,CLMLP,3151.63,3151.63,3151.63,3151.63,0.0,-0.67
2012-03-22,Capital Link MLP,CLMLP,3133.55,3133.55,3133.55,3133.55,0.0,-0.57
2012-03-23,Capital Link MLP,CLMLP,3137.23,3137.23,3137.23,3137.23,0.0,0.12
2012-03-26,Capital Link MLP,CLMLP,3151.0,3151.0,3151.0,3151.0,0.0,0.44
2012-03-27,Capital Link MLP,CLMLP,3132.88,3132.88,3132.88,3132.88,0.0,-0.58
2012-03-28,Capital Link MLP,CLMLP,3124.1,3124.1,3124.1,3124.1,0.0,-0.28
2012-03-29,Capital Link MLP,CLMLP,3105.71,3105.71,3105.71,3105.71,0.0,-0.59
2012-03-30,Capital Link MLP,CLMLP,3126.23,3126.23,3126.23,3126.23,0.0,0.66
2012-04-02,Capital Link MLP,CLMLP,3137.15,3137.15,3137.15,3137.15,0.0,0.35
2012-04-03,Capital Link MLP,CLMLP,3148.6,3148.6,3148.6,3148.6,0.0,0.36
2012-04-04,Capital Link MLP,CLMLP,3151.24,3151.24,3151.24,3151.24,0.0,0.08
2012-04-05,Capital Link MLP,CLMLP,3146.25,3146.25,3146.25,3146.25,0.0,-0.16
2012-04-09,Capital Link MLP,CLMLP,3115.24,3115.24,3115.24,3115.24,0.0,-0.99
2012-04-10,Capital Link MLP,CLMLP,3052.84,3052.84,3052.84,3052.84,0.0,-2.0
2012-04-12,Capital Link MLP,CLMLP,3081.98,3081.98,3081.98,3081.98,0.0,0.95
2012-04-13,Capital Link MLP,CLMLP,3086.77,3086.77,3086.77,3086.77,0.0,0.16
2012-04-16,Capital Link MLP,CLMLP,3126.46,3126.46,3126.46,3126.46,0.0,1.29
2012-04-17,Capital Link MLP,CLMLP,3139.83,3139.83,3139.83,3139.83,0.0,0.43
2012-04-18,Capital Link MLP,CLMLP,3128.31,3128.31,3128.31,3128.31,0.0,-0.37
2012-04-19,Capital Link MLP,CLMLP,3096.31,3096.31,3096.31,3096.31,0.0,-1.02
2012-04-20,Capital Link MLP,CLMLP,3103.92,3103.92,3103.92,3103.92,0.0,0.25
2012-04-23,Capital Link MLP,CLMLP,3082.27,3082.27,3082.27,3082.27,0.0,-0.7
2012-04-24,Capital Link MLP,CLMLP,3108.53,3108.53,3108.53,3108.53,0.0,0.85
2012-04-25,Capital Link MLP,CLMLP,3131.93,3131.93,3131.93,3131.93,0.0,0.75
2012-04-26,Capital Link MLP,CLMLP,3143.69,3143.69,3143.69,3143.69,0.0,0.38
2012-04-27,Capital Link MLP,CLMLP,3143.52,3143.52,3143.52,3143.52,0.0,-0.01
2012-04-30,Capital Link MLP,CLMLP,3184.74,3184.74,3184.74,3184.74,0.0,1.31
2012-05-01,Capital Link MLP,CLMLP,3192.53,3192.53,3192.53,3192.53,0.0,0.24
2012-05-02,Capital Link MLP,CLMLP,3162.62,3162.62,3162.62,3162.62,0.0,-0.94
2012-05-03,Capital Link MLP,CLMLP,3120.32,3120.32,3120.32,3120.32,0.0,-1.34
2012-05-04,Capital Link MLP,CLMLP,3095.38,3095.38,3095.38,3095.38,0.0,-0.8
2012-05-07,Capital Link MLP,CLMLP,3071.27,3071.27,3071.27,3071.27,0.0,-0.78
2012-05-08,Capital Link MLP,CLMLP,3054.77,3054.77,3054.77,3054.77,0.0,-0.54
2012-05-09,Capital Link MLP,CLMLP,3024.03,3024.03,3024.03,3024.03,0.0,-1.01
2012-05-10,Capital Link MLP,CLMLP,3047.81,3047.81,3047.81,3047.81,0.0,0.79
2012-05-14,Capital Link MLP,CLMLP,3030.55,3030.55,3030.55,3030.55,0.0,-0.57
2012-05-15,Capital Link MLP,CLMLP,3033.87,3033.87,3033.87,3033.87,0.0,0.11
2012-05-16,Capital Link MLP,CLMLP,3013.72,3013.72,3013.72,3013.72,0.0,-0.66
2012-05-17,Capital Link MLP,CLMLP,2944.21,2944.21,2944.21,2944.21,0.0,-2.31
2012-05-18,Capital Link MLP,CLMLP,2809.9,2809.9,2809.9,2809.9,0.0,-4.56
2012-05-21,Capital Link MLP,CLMLP,2894.99,2894.99,2894.99,2894.99,0.0,3.03
2012-05-22,Capital Link MLP,CLMLP,2942.54,2942.54,2942.54,2942.54,0.0,1.64
2012-05-23,Capital Link MLP,CLMLP,2932.61,2932.61,2932.61,2932.61,0.0,-0.34
2012-05-24,Capital Link MLP,CLMLP,2922.38,2922.38,2922.38,2922.38,0.0,-0.35
2012-05-25,Capital Link MLP,CLMLP,2973.78,2973.78,2973.78,2973.78,0.0,1.76
2012-05-29,Capital Link MLP,CLMLP,2973.78,2973.78,2973.78,2973.78,0.0,0.0
2012-05-30,Capital Link MLP,CLMLP,2903.92,2903.92,2903.92,2903.92,0.0,-2.35
2012-05-31,Capital Link MLP,CLMLP,2872.6,2872.6,2872.6,2872.6,0.0,-1.08
2012-06-01,Capital Link MLP,CLMLP,2812.26,2812.26,2812.26,2812.26,0.0,-2.1
2012-06-04,Capital Link MLP,CLMLP,2741.14,2741.14,2741.14,2741.14,0.0,-2.53
2012-06-05,Capital Link MLP,CLMLP,2776.74,2776.74,2776.74,2776.74,0.0,1.3
2012-06-06,Capital Link MLP,CLMLP,2819.72,2819.72,2819.72,2819.72,0.0,1.55
2012-06-07,Capital Link MLP,CLMLP,2785.75,2785.75,2785.75,2785.75,0.0,-1.2
2012-06-08,Capital Link MLP,CLMLP,2797.93,2797.93,2797.93,2797.93,0.0,0.44
2012-06-11,Capital Link MLP,CLMLP,2770.56,2770.56,2770.56,2770.56,0.0,-0.98
2012-06-12,Capital Link MLP,CLMLP,2768.09,2768.09,2768.09,2768.09,0.0,-0.09
2012-06-13,Capital Link MLP,CLMLP,2772.68,2772.68,2772.68,2772.68,0.0,0.17
2012-06-14,Capital Link MLP,CLMLP,2767.94,2767.94,2767.94,2767.94,0.0,-0.17
2012-06-15,Capital Link MLP,CLMLP,2769.21,2769.21,2769.21,2769.21,0.0,0.05
2012-06-18,Capital Link MLP,CLMLP,2749.13,2749.13,2749.13,2749.13,0.0,-0.73
2012-06-20,Capital Link MLP,CLMLP,2825.31,2825.31,2825.31,2825.31,0.0,2.77
2012-06-21,Capital Link MLP,CLMLP,2776.12,2776.12,2776.12,2776.12,0.0,-1.74
2012-06-22,Capital Link MLP,CLMLP,2783.26,2783.26,2783.26,2783.26,0.0,0.26
2012-06-25,Capital Link MLP,CLMLP,2753.68,2753.68,2753.68,2753.68,0.0,-1.06
2012-06-26,Capital Link MLP,CLMLP,2764.29,2764.29,2764.29,2764.29,0.0,0.39
2012-06-27,Capital Link MLP,CLMLP,2813.57,2813.57,2813.57,2813.57,0.0,1.78
2012-06-28,Capital Link MLP,CLMLP,2867.35,2867.35,2867.35,2867.35,0.0,1.91
2012-06-29,Capital Link MLP,CLMLP,2927.06,2927.06,2927.06,2927.06,0.0,2.08
2012-07-02,Capital Link MLP,CLMLP,2946.95,2946.95,2946.95,2946.95,0.0,0.68
2012-07-03,Capital Link MLP,CLMLP,2972.39,2972.39,2972.39,2972.39,0.0,0.86
2012-07-05,Capital Link MLP,CLMLP,2988.38,2988.38,2988.38,2988.38,0.0,0.54
2012-07-06,Capital Link MLP,CLMLP,3012.52,3012.52,3012.52,3012.52,0.0,0.81
2012-07-09,Capital Link MLP,CLMLP,3012.27,3012.27,3012.27,3012.27,0.0,-0.01
2012-07-10,Capital Link MLP,CLMLP,3004.69,3004.69,3004.69,3004.69,0.0,-0.25
2012-07-11,Capital Link MLP,CLMLP,2991.54,2991.54,2991.54,2991.54,0.0,-0.44
2012-07-12,Capital Link MLP,CLMLP,2990.63,2990.63,2990.63,2990.63,0.0,-0.03
2012-07-13,Capital Link MLP,CLMLP,2997.21,2997.21,2997.21,2997.21,0.0,0.22
2012-07-16,Capital Link MLP,CLMLP,2995.2,2995.2,2995.2,2995.2,0.0,-0.07
2012-07-17,Capital Link MLP,CLMLP,3002.58,3002.58,3002.58,3002.58,0.0,0.25
2012-07-18,Capital Link MLP,CLMLP,3013.65,3013.65,3013.65,3013.65,0.0,0.37
2012-07-19,Capital Link MLP,CLMLP,3011.34,3011.34,3011.34,3011.34,0.0,-0.08
2012-07-20,Capital Link MLP,CLMLP,3019.68,3019.68,3019.68,3019.68,0.0,0.28
2012-07-23,Capital Link MLP,CLMLP,2928.59,2928.59,2928.59,2928.59,0.0,-3.02
2012-07-25,Capital Link MLP,CLMLP,2881.34,2881.34,2881.34,2881.34,0.0,-1.61
2012-07-26,Capital Link MLP,CLMLP,2918.17,2918.17,2918.17,2918.17,0.0,1.28
2012-07-27,Capital Link MLP,CLMLP,2943.37,2943.37,2943.37,2943.37,0.0,0.86
2012-07-30,Capital Link MLP,CLMLP,2947.14,2947.14,2947.14,2947.14,0.0,0.13
2012-07-31,Capital Link MLP,CLMLP,2958.8,2958.8,2958.8,2958.8,0.0,0.4
2012-08-01,Capital Link MLP,CLMLP,2972.51,2972.51,2972.51,2972.51,0.0,0.46
2012-08-02,Capital Link MLP,CLMLP,2954.73,2954.73,2954.73,2954.73,0.0,-0.6
2012-08-03,Capital Link MLP,CLMLP,2959.82,2959.82,2959.82,2959.82,0.0,0.17
2012-08-06,Capital Link MLP,CLMLP,2987.52,2987.52,2987.52,2987.52,0.0,0.94
2012-08-07,Capital Link MLP,CLMLP,2995.99,2995.99,2995.99,2995.99,0.0,0.28
2012-08-08,Capital Link MLP,CLMLP,2988.11,2988.11,2988.11,2988.11,0.0,-0.26
2012-08-09,Capital Link MLP,CLMLP,2995.6,2995.6,2995.6,2995.6,0.0,0.25
2012-08-10,Capital Link MLP,CLMLP,3023.04,3023.04,3023.04,3023.04,0.0,0.92
2012-08-13,Capital Link MLP,CLMLP,3026.82,3026.82,3026.82,3026.82,0.0,0.13
2012-08-14,Capital Link MLP,CLMLP,3042.19,3042.19,3042.19,3042.19,0.0,0.51
2012-08-15,Capital Link MLP,CLMLP,3041.48,3041.48,3041.48,3041.48,0.0,-0.02
2012-08-17,Capital Link MLP,CLMLP,3045.58,3045.58,3045.58,3045.58,0.0,0.13
2012-08-20,Capital Link MLP,CLMLP,3049.4,3049.4,3049.4,3049.4,0.0,0.13
2012-08-22,Capital Link MLP,CLMLP,3065.34,3065.34,3065.34,3065.34,0.0,0.52
2012-08-23,Capital Link MLP,CLMLP,3059.35,3059.35,3059.35,3059.35,0.0,-0.2
2012-08-24,Capital Link MLP,CLMLP,3045.41,3045.41,3045.41,3045.41,0.0,-0.46
2012-08-27,Capital Link MLP,CLMLP,3028.48,3028.48,3028.48,3028.48,0.0,-0.56
2012-08-28,Capital Link MLP,CLMLP,3019.17,3019.17,3019.17,3019.17,0.0,-0.31
2012-08-29,Capital Link MLP,CLMLP,3003.07,3003.07,3003.07,3003.07,0.0,-0.53
2012-08-30,Capital Link MLP,CLMLP,2981.61,2981.61,2981.61,2981.61,0.0,-0.71
2012-08-31,Capital Link MLP,CLMLP,2990.72,2990.72,2990.72,2990.72,0.0,0.31
2012-09-04,Capital Link MLP,CLMLP,2998.48,2998.48,2998.48,2998.48,0.0,0.26
2012-09-05,Capital Link MLP,CLMLP,2914.16,2914.16,2914.16,2914.16,0.0,-2.81
2012-09-06,Capital Link MLP,CLMLP,2917.63,2917.63,2917.63,2917.63,0.0,0.12
2012-09-07,Capital Link MLP,CLMLP,2927.95,2927.95,2927.95,2927.95,0.0,0.35
2012-09-10,Capital Link MLP,CLMLP,2940.17,2940.17,2940.17,2940.17,0.0,0.42
2012-09-11,Capital Link MLP,CLMLP,2953.91,2953.91,2953.91,2953.91,0.0,0.47
2012-09-12,Capital Link MLP,CLMLP,2899.41,2899.41,2899.41,2899.41,0.0,-1.85
2012-09-13,Capital Link MLP,CLMLP,2909.72,2909.72,2909.72,2909.72,0.0,0.36
2012-09-14,Capital Link MLP,CLMLP,2942.08,2942.08,2942.08,2942.08,0.0,1.11
2012-09-17,Capital Link MLP,CLMLP,2955.25,2955.25,2955.25,2955.25,0.0,0.45
2012-09-18,Capital Link MLP,CLMLP,2948.54,2948.54,2948.54,2948.54,0.0,-0.23
2012-09-19,Capital Link MLP,CLMLP,2945.56,2945.56,2945.56,2945.56,0.0,-0.1
2012-09-20,Capital Link MLP,CLMLP,2929.19,2929.19,2929.19,2929.19,0.0,-0.56
2012-09-21,Capital Link MLP,CLMLP,2941.05,2941.05,2941.05,2941.05,0.0,0.4
2012-09-24,Capital Link MLP,CLMLP,2941.43,2941.43,2941.43,2941.43,0.0,0.01
2012-09-25,Capital Link MLP,CLMLP,2917.97,2917.97,2917.97,2917.97,0.0,-0.8
2012-09-26,Capital Link MLP,CLMLP,2882.46,2882.46,2882.46,2882.46,0.0,-1.22
2012-09-27,Capital Link MLP,CLMLP,2886.04,2886.04,2886.04,2886.04,0.0,0.12
2012-10-01,Capital Link MLP,CLMLP,2956.19,2956.19,2956.19,2956.19,0.0,2.43
2012-10-02,Capital Link MLP,CLMLP,2970.64,2970.64,2970.64,2970.64,0.0,0.49
2012-10-03,Capital Link MLP,CLMLP,2954.57,2954.57,2954.57,2954.57,0.0,-0.54
2012-10-04,Capital Link MLP,CLMLP,2954.61,2954.61,2954.61,2954.61,0.0,0.0
2012-10-05,Capital Link MLP,CLMLP,2976.23,2976.23,2976.23,2976.23,0.0,0.73
2012-10-08,Capital Link MLP,CLMLP,2960.11,2960.11,2960.11,2960.11,0.0,-0.54
2012-10-09,Capital Link MLP,CLMLP,2939.45,2939.45,2939.45,2939.45,0.0,-0.7
2012-10-10,Capital Link MLP,CLMLP,2918.83,2918.83,2918.83,2918.83,0.0,-0.7
2012-10-11,Capital Link MLP,CLMLP,2922.75,2922.75,2922.75,2922.75,0.0,0.13
2012-10-12,Capital Link MLP,CLMLP,2938.07,2938.07,2938.07,2938.07,0.0,0.52
2012-10-15,Capital Link MLP,CLMLP,2934.08,2934.08,2934.08,2934.08,0.0,-0.14
2012-10-16,Capital Link MLP,CLMLP,2930.12,2930.12,2930.12,2930.12,0.0,-0.13
2012-10-17,Capital Link MLP,CLMLP,2950.97,2950.97,2950.97,2950.97,0.0,0.71
2012-10-18,Capital Link MLP,CLMLP,2937.88,2937.88,2937.88,2937.88,0.0,-0.44
2012-10-19,Capital Link MLP,CLMLP,2914.39,2914.39,2914.39,2914.39,0.0,-0.8
2012-10-22,Capital Link MLP,CLMLP,2847.8,2847.8,2847.8,2847.8,0.0,-2.28
2012-10-23,Capital Link MLP,CLMLP,2826.13,2826.13,2826.13,2826.13,0.0,-0.76
2012-10-24,Capital Link MLP,CLMLP,2799.03,2799.03,2799.03,2799.03,0.0,-0.96
2012-10-25,Capital Link MLP,CLMLP,2801.17,2801.17,2801.17,2801.17,0.0,0.08
2012-10-26,Capital Link MLP,CLMLP,2832.71,2832.71,2832.71,2832.71,0.0,1.13
2012-10-31,Capital Link MLP,CLMLP,2812.98,2812.98,2812.98,2812.98,0.0,-0.7
2012-11-01,Capital Link MLP,CLMLP,2873.72,2873.72,2873.72,2873.72,0.0,2.16
2012-11-02,Capital Link MLP,CLMLP,2858.87,2858.87,2858.87,2858.87,0.0,-0.52
2012-11-05,Capital Link MLP,CLMLP,2868.67,2868.67,2868.67,2868.67,0.0,0.34
2012-11-06,Capital Link MLP,CLMLP,2882.73,2882.73,2882.73,2882.73,0.0,0.49
2012-11-07,Capital Link MLP,CLMLP,2863.27,2863.27,2863.27,2863.27,0.0,-0.68
2012-11-08,Capital Link MLP,CLMLP,2796.92,2796.92,2796.92,2796.92,0.0,-2.32
2012-11-09,Capital Link MLP,CLMLP,2826.36,2826.36,2826.36,2826.36,0.0,1.05
2012-11-12,Capital Link MLP,CLMLP,2819.58,2819.58,2819.58,2819.58,0.0,-0.24
2012-11-13,Capital Link MLP,CLMLP,2744.85,2744.85,2744.85,2744.85,0.0,-2.65
2012-11-14,Capital Link MLP,CLMLP,2664.32,2664.32,2664.32,2664.32,0.0,-2.93
2012-11-15,Capital Link MLP,CLMLP,2639.18,2639.18,2639.18,2639.18,0.0,-0.94
2012-11-16,Capital Link MLP,CLMLP,2733.35,2733.35,2733.35,2733.35,0.0,3.57
2012-11-19,Capital Link MLP,CLMLP,2803.18,2803.18,2803.18,2803.18,0.0,2.55
2012-11-20,Capital Link MLP,CLMLP,2798.49,2798.49,2798.49,2798.49,0.0,-0.17
2012-11-21,Capital Link MLP,CLMLP,2802.54,2802.54,2802.54,2802.54,0.0,0.14
2012-11-23,Capital Link MLP,CLMLP,2813.27,2813.27,2813.27,2813.27,0.0,0.38
2012-11-26,Capital Link MLP,CLMLP,2813.17,2813.17,2813.17,2813.17,0.0,0.0
2012-11-27,Capital Link MLP,CLMLP,2814.58,2814.58,2814.58,2814.58,0.0,0.05
2012-11-29,Capital Link MLP,CLMLP,2859.44,2859.44,2859.44,2859.44,0.0,1.59
2012-11-30,Capital Link MLP,CLMLP,2884.41,2884.41,2884.41,2884.41,0.0,0.87
2012-12-03,Capital Link MLP,CLMLP,2883.22,2883.22,2883.22,2883.22,0.0,-0.04
2012-12-04,Capital Link MLP,CLMLP,2872.92,2872.92,2872.92,2872.92,0.0,-0.36
2012-12-05,Capital Link MLP,CLMLP,2870.71,2870.71,2870.71,2870.71,0.0,-0.08
2012-12-06,Capital Link MLP,CLMLP,2864.07,2864.07,2864.07,2864.07,0.0,-0.23
2012-12-07,Capital Link MLP,CLMLP,2854.81,2854.81,2854.81,2854.81,0.0,-0.32
2012-12-10,Capital Link MLP,CLMLP,2851.73,2851.73,2851.73,2851.73,0.0,-0.11
2012-12-11,Capital Link MLP,CLMLP,2831.52,2831.52,2831.52,2831.52,0.0,-0.71
2012-12-12,Capital Link MLP,CLMLP,2823.54,2823.54,2823.54,2823.54,0.0,-0.28
2012-12-13,Capital Link MLP,CLMLP,2816.37,2816.37,2816.37,2816.37,0.0,-0.25
2012-12-14,Capital Link MLP,CLMLP,2806.99,2806.99,2806.99,2806.99,0.0,-0.33
2012-12-17,Capital Link MLP,CLMLP,2814.05,2814.05,2814.05,2814.05,0.0,0.25
2012-12-18,Capital Link MLP,CLMLP,2871.18,2871.18,2871.18,2871.18,0.0,2.03
2012-12-19,Capital Link MLP,CLMLP,2913.63,2913.63,2913.63,2913.63,0.0,1.48
2012-12-20,Capital Link MLP,CLMLP,2910.65,2910.65,2910.65,2910.65,0.0,-0.1
2012-12-26,Capital Link MLP,CLMLP,2846.43,2846.43,2846.43,2846.43,0.0,-2.21
2012-12-27,Capital Link MLP,CLMLP,2849.12,2849.12,2849.12,2849.12,0.0,0.09
2012-12-31,Capital Link MLP,CLMLP,2875.77,2875.77,2875.77,2875.77,0.0,0.94
2013-01-02,Capital Link MLP,CLMLP,2972.33,2972.33,2972.33,2972.33,0.0,3.36
2013-01-03,Capital Link MLP,CLMLP,3001.83,3001.83,3001.83,3001.83,0.0,0.99
2013-01-04,Capital Link MLP,CLMLP,3013.36,3013.36,3013.36,3013.36,0.0,0.38
2013-01-07,Capital Link MLP,CLMLP,3008.74,3008.74,3008.74,3008.74,0.0,-0.15
2013-01-08,Capital Link MLP,CLMLP,2989.3,2989.3,2989.3,2989.3,0.0,-0.65
2013-01-09,Capital Link MLP,CLMLP,3015.32,3015.32,3015.32,3015.32,0.0,0.87
2013-01-10,Capital Link MLP,CLMLP,3020.15,3020.15,3020.15,3020.15,0.0,0.16
2013-01-11,Capital Link MLP,CLMLP,3027.13,3027.13,3027.13,3027.13,0.0,0.23
2013-01-14,Capital Link MLP,CLMLP,3018.37,3018.37,3018.37,3018.37,0.0,-0.29
2013-01-15,Capital Link MLP,CLMLP,3027.49,3027.49,3027.49,3027.49,0.0,0.3
2013-01-16,Capital Link MLP,CLMLP,3023.06,3023.06,3023.06,3023.06,0.0,-0.15
2013-01-17,Capital Link MLP,CLMLP,3036.11,3036.11,3036.11,3036.11,0.0,0.43
2013-01-18,Capital Link MLP,CLMLP,3056.75,3056.75,3056.75,3056.75,0.0,0.68
2013-01-22,Capital Link MLP,CLMLP,3082.98,3082.98,3082.98,3082.98,0.0,0.86
2013-01-23,Capital Link MLP,CLMLP,3076.54,3076.54,3076.54,3076.54,0.0,-0.21
2013-01-24,Capital Link MLP,CLMLP,3068.74,3068.74,3068.74,3068.74,0.0,-0.25
2013-01-25,Capital Link MLP,CLMLP,3151.38,3151.38,3151.38,3151.38,0.0,2.69
2013-01-28,Capital Link MLP,CLMLP,3151.06,3151.06,3151.06,3151.06,0.0,-0.01
2013-01-29,Capital Link MLP,CLMLP,3126.55,3126.55,3126.55,3126.55,0.0,-0.78
2013-01-30,Capital Link MLP,CLMLP,3077.84,3077.84,3077.84,3077.84,0.0,-1.56
2013-01-31,Capital Link MLP,CLMLP,2987.22,2987.22,2987.22,2987.22,0.0,-2.94
2013-02-04,Capital Link MLP,CLMLP,2963.72,2963.72,2963.72,2963.72,0.0,-0.79
2013-02-06,Capital Link MLP,CLMLP,2967.5,2967.5,2967.5,2967.5,0.0,0.13
2013-02-08,Capital Link MLP,CLMLP,3022.19,3022.19,3022.19,3022.19,0.0,1.84
2013-02-11,Capital Link MLP,CLMLP,3041.07,3041.07,3041.07,3041.07,0.0,0.62
2013-02-12,Capital Link MLP,CLMLP,3037.97,3037.97,3037.97,3037.97,0.0,-0.1
2013-02-13,Capital Link MLP,CLMLP,3067.42,3067.42,3067.42,3067.42,0.0,0.97
2013-02-15,Capital Link MLP,CLMLP,3102.34,3102.34,3102.34,3102.34,0.0,1.14
2013-02-19,Capital Link MLP,CLMLP,3137.54,3137.54,3137.54,3137.54,0.0,1.13
2013-02-20,Capital Link MLP,CLMLP,3104.48,3104.48,3104.48,3104.48,0.0,-1.05
2013-02-21,Capital Link MLP,CLMLP,3002.43,3002.43,3002.43,3002.43,0.0,-3.29
2013-02-25,Capital Link MLP,CLMLP,2894.12,2894.12,2894.12,2894.12,0.0,-3.61
2013-02-26,Capital Link MLP,CLMLP,2904.26,2904.26,2904.26,2904.26,0.0,0.35
2013-02-27,Capital Link MLP,CLMLP,2927.9,2927.9,2927.9,2927.9,0.0,0.81
2013-03-01,Capital Link MLP,CLMLP,2947.9,2947.9,2947.9,2947.9,0.0,0.68
2013-03-04,Capital Link MLP,CLMLP,2952.79,2952.79,2952.79,2952.79,0.0,0.17
2013-03-05,Capital Link MLP,CLMLP,2974.4,2974.4,2974.4,2974.4,0.0,0.73
2013-03-06,Capital Link MLP,CLMLP,2939.99,2939.99,2939.99,2939.99,0.0,-1.16
2013-03-07,Capital Link MLP,CLMLP,2959.98,2959.98,2959.98,2959.98,0.0,0.68
2013-03-08,Capital Link MLP,CLMLP,2963.1,2963.1,2963.1,2963.1,0.0,0.11
2013-03-11,Capital Link MLP,CLMLP,2995.53,2995.53,2995.53,2995.53,0.0,1.09
2013-03-12,Capital Link MLP,CLMLP,2997.97,2997.97,2997.97,2997.97,0.0,0.08
2013-03-13,Capital Link MLP,CLMLP,3025.2,3025.2,3025.2,3025.2,0.0,0.91
2013-03-14,Capital Link MLP,CLMLP,3039.74,3039.74,3039.74,3039.74,0.0,0.48
2013-03-18,Capital Link MLP,CLMLP,3094.19,3094.19,3094.19,3094.19,0.0,1.79
2013-03-19,Capital Link MLP,CLMLP,3067.92,3067.92,3067.92,3067.92,0.0,-0.85
2013-03-20,Capital Link MLP,CLMLP,3102.93,3102.93,3102.93,3102.93,0.0,1.14
2013-03-22,Capital Link MLP,CLMLP,3147.84,3147.84,3147.84,3147.84,0.0,1.45
2013-03-25,Capital Link MLP,CLMLP,3136.81,3136.81,3136.81,3136.81,0.0,-0.35
2013-03-26,Capital Link MLP,CLMLP,3157.41,3157.41,3157.41,3157.41,0.0,0.66
2013-03-27,Capital Link MLP,CLMLP,3147.6,3147.6,3147.6,3147.6,0.0,-0.31
2013-03-28,Capital Link MLP,CLMLP,3167.14,3167.14,3167.14,3167.14,0.0,0.62
2013-04-02,Capital Link MLP,CLMLP,3099.19,3099.19,3099.19,3099.19,0.0,-2.15
2013-04-03,Capital Link MLP,CLMLP,3013.13,3013.13,3013.13,3013.13,0.0,-2.78
2013-04-04,Capital Link MLP,CLMLP,3029.16,3029.16,3029.16,3029.16,0.0,0.53
2013-04-05,Capital Link MLP,CLMLP,3089.89,3089.89,3089.89,3089.89,0.0,2.0
2013-04-09,Capital Link MLP,CLMLP,3141.47,3141.47,3141.47,3141.47,0.0,1.67
2013-04-10,Capital Link MLP,CLMLP,3153.67,3153.67,3153.67,3153.67,0.0,0.39
2013-04-12,Capital Link MLP,CLMLP,3127.9,3127.9,3127.9,3127.9,0.0,-0.82
2013-04-15,Capital Link MLP,CLMLP,3075.99,3075.99,3075.99,3075.99,0.0,-1.66
2013-04-16,Capital Link MLP,CLMLP,3120.07,3120.07,3120.07,3120.07,0.0,1.43
2013-04-17,Capital Link MLP,CLMLP,3095.86,3095.86,3095.86,3095.86,0.0,-0.78
2013-04-18,Capital Link MLP,CLMLP,3112.58,3112.58,3112.58,3112.58,0.0,0.54
2013-04-19,Capital Link MLP,CLMLP,3106.71,3106.71,3106.71,3106.71,0.0,-0.19
2013-04-22,Capital Link MLP,CLMLP,3151.62,3151.62,3151.62,3151.62,0.0,1.45
2013-04-23,Capital Link MLP,CLMLP,3175.95,3175.95,3175.95,3175.95,0.0,0.77
2013-04-24,Capital Link MLP,CLMLP,3194.34,3194.34,3194.34,3194.34,0.0,0.58
2013-04-26,Capital Link MLP,CLMLP,3112.12,3112.12,3112.12,3112.12,0.0,-2.57
2013-04-30,Capital Link MLP,CLMLP,3171.99,3171.99,3171.99,3171.99,0.0,1.92
2013-05-02,Capital Link MLP,CLMLP,3201.28,3201.28,3201.28,3201.28,0.0,0.92
2013-05-06,Capital Link MLP,CLMLP,3261.99,3261.99,3261.99,3261.99,0.0,1.9
2013-05-07,Capital Link MLP,CLMLP,3253.01,3253.01,3253.01,3253.01,0.0,-0.28
2013-05-08,Capital Link MLP,CLMLP,3272.73,3272.73,3272.73,3272.73,0.0,0.61
2013-05-10,Capital Link MLP,CLMLP,3335.8,3335.8,3335.8,3335.8,0.0,1.93
2013-05-13,Capital Link MLP,CLMLP,3359.26,3359.26,3359.26,3359.26,0.0,0.7
2013-05-14,Capital Link MLP,CLMLP,3355.15,3355.15,3355.15,3355.15,0.0,-0.12
2013-05-15,Capital Link MLP,CLMLP,3374.88,3374.88,3374.88,3374.88,0.0,0.59
2013-05-17,Capital Link MLP,CLMLP,3350.81,3350.81,3350.81,3350.81,0.0,-0.71
2013-05-20,Capital Link MLP,CLMLP,3373.35,3373.35,3373.35,3373.35,0.0,0.67
2013-05-21,Capital Link MLP,CLMLP,3409.79,3409.79,3409.79,3409.79,0.0,1.08
2013-05-22,Capital Link MLP,CLMLP,3422.04,3422.04,3422.04,3422.04,0.0,0.36
2013-05-24,Capital Link MLP,CLMLP,3366.08,3366.08,3366.08,3366.08,0.0,-1.64
2013-05-28,Capital Link MLP,CLMLP,3386.06,3386.06,3386.06,3386.06,0.0,0.59
2013-05-29,Capital Link MLP,CLMLP,3346.3,3346.3,3346.3,3346.3,0.0,-1.17
2013-05-30,Capital Link MLP,CLMLP,3328.53,3328.53,3328.53,3328.53,0.0,-0.53
2013-05-31,Capital Link MLP,CLMLP,3293.38,3293.38,3293.38,3293.38,0.0,-1.06
2013-06-03,Capital Link MLP,CLMLP,3253.09,3253.09,3253.09,3253.09,0.0,-1.22
2013-06-04,Capital Link MLP,CLMLP,3284.02,3284.02,3284.02,3284.02,0.0,0.95
2013-06-05,Capital Link MLP,CLMLP,3210.77,3210.77,3210.77,3210.77,0.0,-2.23
2013-06-07,Capital Link MLP,CLMLP,3278.87,3278.87,3278.87,3278.87,0.0,2.12
2013-06-11,Capital Link MLP,CLMLP,3220.53,3220.53,3220.53,3220.53,0.0,-1.78
2013-06-14,Capital Link MLP,CLMLP,3293.24,3293.24,3293.24,3293.24,0.0,2.26
2013-06-18,Capital Link MLP,CLMLP,3325.01,3325.01,3325.01,3325.01,0.0,0.96
2013-06-19,Capital Link MLP,CLMLP,3297.06,3297.06,3297.06,3297.06,0.0,-0.84
2013-06-20,Capital Link MLP,CLMLP,3268.26,3268.26,3268.26,3268.26,0.0,-0.87
2013-06-24,Capital Link MLP,CLMLP,3197.71,3197.71,3197.71,3197.71,0.0,-2.16
2013-06-26,Capital Link MLP,CLMLP,3316.01,3316.01,3316.01,3316.01,0.0,3.7
2013-06-27,Capital Link MLP,CLMLP,3349.95,3349.95,3349.95,3349.95,0.0,1.02
2013-06-28,Capital Link MLP,CLMLP,3341.04,3341.04,3341.04,3341.04,0.0,-0.27
2013-07-01,Capital Link MLP,CLMLP,3388.09,3388.09,3388.09,3388.09,0.0,1.41
2013-07-05,Capital Link MLP,CLMLP,3401.32,3401.32,3401.32,3401.32,0.0,0.39
2013-07-08,Capital Link MLP,CLMLP,3429.78,3429.78,3429.78,3429.78,0.0,0.84
2013-07-09,Capital Link MLP,CLMLP,3351.23,3351.23,3351.23,3351.23,0.0,-2.29
2013-07-10,Capital Link MLP,CLMLP,3348.78,3348.78,3348.78,3348.78,0.0,-0.07
2013-07-11,Capital Link MLP,CLMLP,3394.91,3394.91,3394.91,3394.91,0.0,1.38
2013-07-15,Capital Link MLP,CLMLP,3434.42,3434.42,3434.42,3434.42,0.0,1.16
2013-07-16,Capital Link MLP,CLMLP,3384.61,3384.61,3384.61,3384.61,0.0,-1.45
2013-07-17,Capital Link MLP,CLMLP,3361.9,3361.9,3361.9,3361.9,0.0,-0.67
2013-07-18,Capital Link MLP,CLMLP,3327.14,3327.14,3327.14,3327.14,0.0,-1.03
2013-07-19,Capital Link MLP,CLMLP,3297.62,3297.62,3297.62,3297.62,0.0,-0.89
2013-07-22,Capital Link MLP,CLMLP,3272.43,3272.43,3272.43,3272.43,0.0,-0.76
2013-07-23,Capital Link MLP,CLMLP,3253.92,3253.92,3253.92,3253.92,0.0,-0.57
2013-07-24,Capital Link MLP,CLMLP,3206.85,3206.85,3206.85,3206.85,0.0,-1.45
2013-07-25,Capital Link MLP,CLMLP,3209.71,3209.71,3209.71,3209.71,0.0,0.09
2013-07-26,Capital Link MLP,CLMLP,3200.89,3200.89,3200.89,3200.89,0.0,-0.27
2013-07-30,Capital Link MLP,CLMLP,3149.88,3149.88,3149.88,3149.88,0.0,-1.59
2013-07-31,Capital Link MLP,CLMLP,3135.67,3135.67,3135.67,3135.67,0.0,-0.45
2013-08-02,Capital Link MLP,CLMLP,3124.55,3124.55,3124.55,3124.55,0.0,-0.35
2013-08-05,Capital Link MLP,CLMLP,3137.01,3137.01,3137.01,3137.01,0.0,0.4
2013-08-06,Capital Link MLP,CLMLP,3194.43,3194.43,3194.43,3194.43,0.0,1.83
2013-08-07,Capital Link MLP,CLMLP,3170.77,3170.77,3170.77,3170.77,0.0,-0.74
2013-08-09,Capital Link MLP,CLMLP,3165.28,3165.28,3165.28,3165.28,0.0,-0.17
2013-08-12,Capital Link MLP,CLMLP,3202.38,3202.38,3202.38,3202.38,0.0,1.17
2013-08-13,Capital Link MLP,CLMLP,3179.83,3179.83,3179.83,3179.83,0.0,-0.7
2013-08-15,Capital Link MLP,CLMLP,3186.57,3186.57,3186.57,3186.57,0.0,0.21
2013-08-16,Capital Link MLP,CLMLP,3179.34,3179.34,3179.34,3179.34,0.0,-0.23
2013-08-21,Capital Link MLP,CLMLP,3142.63,3142.63,3142.63,3142.63,0.0,-1.15
2013-08-22,Capital Link MLP,CLMLP,3153.79,3153.79,3153.79,3153.79,0.0,0.36
2013-08-23,Capital Link MLP,CLMLP,3175.37,3175.37,3175.37,3175.37,0.0,0.68
2013-08-26,Capital Link MLP,CLMLP,3160.62,3160.62,3160.62,3160.62,0.0,-0.46
2013-08-27,Capital Link MLP,CLMLP,3147.5,3147.5,3147.5,3147.5,0.0,-0.42
2013-08-28,Capital Link MLP,CLMLP,3150.44,3150.44,3150.44,3150.44,0.0,0.09
2013-08-29,Capital Link MLP,CLMLP,3155.5,3155.5,3155.5,3155.5,0.0,0.16
2013-09-03,Capital Link MLP,CLMLP,3112.22,3112.22,3112.22,3112.22,0.0,-1.37
2013-09-04,Capital Link MLP,CLMLP,3119.68,3119.68,3119.68,3119.68,0.0,0.24
2013-09-05,Capital Link MLP,CLMLP,3149.75,3149.75,3149.75,3149.75,0.0,0.96
2013-09-09,Capital Link MLP,CLMLP,3181.5,3181.5,3181.5,3181.5,0.0,1.01
2013-09-10,Capital Link MLP,CLMLP,3220.5,3220.5,3220.5,3220.5,0.0,1.23
2013-09-11,Capital Link MLP,CLMLP,3223.21,3223.21,3223.21,3223.21,0.0,0.08
2013-09-12,Capital Link MLP,CLMLP,3214.81,3214.81,3214.81,3214.81,0.0,-0.26
2013-09-13,Capital Link MLP,CLMLP,3185.86,3185.86,3185.86,3185.86,0.0,-0.9
2013-09-16,Capital Link MLP,CLMLP,3209.57,3209.57,3209.57,3209.57,0.0,0.74
2013-09-17,Capital Link MLP,CLMLP,3190.89,3190.89,3190.89,3190.89,0.0,-0.58
2013-09-19,Capital Link MLP,CLMLP,3257.32,3257.32,3257.32,3257.32,0.0,2.08
2013-09-20,Capital Link MLP,CLMLP,3247.24,3247.24,3247.24,3247.24,0.0,-0.31
2013-09-23,Capital Link MLP,CLMLP,3266.04,3266.04,3266.04,3266.04,0.0,0.58
2013-09-25,Capital Link MLP,CLMLP,3327.96,3327.96,3327.96,3327.96,0.0,1.9
2013-09-27,Capital Link MLP,CLMLP,3281.51,3281.51,3281.51,3281.51,0.0,-1.4
2013-10-01,Capital Link MLP,CLMLP,3286.11,3286.11,3286.11,3286.11,0.0,0.14
2013-10-02,Capital Link MLP,CLMLP,3218.16,3218.16,3218.16,3218.16,0.0,-2.07
2013-10-03,Capital Link MLP,CLMLP,3213.7,3213.7,3213.7,3213.7,0.0,-0.14
2013-10-04,Capital Link MLP,CLMLP,3217.95,3217.95,3217.95,3217.95,0.0,0.13
2013-10-07,Capital Link MLP,CLMLP,3184.06,3184.06,3184.06,3184.06,0.0,-1.05
2013-10-08,Capital Link MLP,CLMLP,3133.95,3133.95,3133.95,3133.95,0.0,-1.57
2013-10-09,Capital Link MLP,CLMLP,3107.0,3107.0,3107.0,3107.0,0.0,-0.86
2013-10-11,Capital Link MLP,CLMLP,3168.31,3168.31,3168.31,3168.31,0.0,1.97
2013-10-14,Capital Link MLP,CLMLP,3163.93,3163.93,3163.93,3163.93,0.0,-0.14
2013-10-15,Capital Link MLP,CLMLP,3141.22,3141.22,3141.22,3141.22,0.0,-0.72
2013-10-16,Capital Link MLP,CLMLP,3139.31,3139.31,3139.31,3139.31,0.0,-0.06
2013-10-17,Capital Link MLP,CLMLP,3173.96,3173.96,3173.96,3173.96,0.0,1.1
2013-10-21,Capital Link MLP,CLMLP,3147.09,3147.09,3147.09,3147.09,0.0,-0.85
2013-10-22,Capital Link MLP,CLMLP,3153.62,3153.62,3153.62,3153.62,0.0,0.21
2013-10-25,Capital Link MLP,CLMLP,3122.94,3122.94,3122.94,3122.94,0.0,-0.97
2013-10-28,Capital Link MLP,CLMLP,3098.38,3098.38,3098.38,3098.38,0.0,-0.79
2013-10-29,Capital Link MLP,CLMLP,3141.79,3141.79,3141.79,3141.79,0.0,1.4
2013-10-31,Capital Link MLP,CLMLP,3154.72,3154.72,3154.72,3154.72,0.0,0.41
2013-11-01,Capital Link MLP,CLMLP,3157.66,3157.66,3157.66,3157.66,0.0,0.09
2013-11-04,Capital Link MLP,CLMLP,3163.95,3163.95,3163.95,3163.95,0.0,0.2
2013-11-05,Capital Link MLP,CLMLP,3172.41,3172.41,3172.41,3172.41,0.0,0.27
2013-11-06,Capital Link MLP,CLMLP,3191.04,3191.04,3191.04,3191.04,0.0,0.59
2013-11-07,Capital Link MLP,CLMLP,3182.26,3182.26,3182.26,3182.26,0.0,-0.28
2013-11-08,Capital Link MLP,CLMLP,3197.83,3197.83,3197.83,3197.83,0.0,0.49
2013-11-11,Capital Link MLP,CLMLP,3173.9,3173.9,3173.9,3173.9,0.0,-0.75
2013-11-12,Capital Link MLP,CLMLP,3123.17,3123.17,3123.17,3123.17,0.0,-1.6
2013-11-13,Capital Link MLP,CLMLP,3094.17,3094.17,3094.17,3094.17,0.0,-0.93
2013-11-15,Capital Link MLP,CLMLP,3062.2,3062.2,3062.2,3062.2,0.0,-1.03
2013-11-18,Capital Link MLP,CLMLP,3041.07,3041.07,3041.07,3041.07,0.0,-0.69
2013-11-19,Capital Link MLP,CLMLP,3046.18,3046.18,3046.18,3046.18,0.0,0.17
2013-11-20,Capital Link MLP,CLMLP,3047.42,3047.42,3047.42,3047.42,0.0,0.04
2013-11-26,Capital Link MLP,CLMLP,3019.23,3019.23,3019.23,3019.23,0.0,-0.93
2013-11-29,Capital Link MLP,CLMLP,3079.76,3079.76,3079.76,3079.76,0.0,2.0
2013-12-02,Capital Link MLP,CLMLP,3043.97,3043.97,3043.97,3043.97,0.0,-1.16
2013-12-03,Capital Link MLP,CLMLP,3021.35,3021.35,3021.35,3021.35,0.0,-0.74
2013-12-06,Capital Link MLP,CLMLP,2926.72,2926.72,2926.72,2926.72,0.0,-3.13
2013-12-09,Capital Link MLP,CLMLP,2897.02,2897.02,2897.02,2897.02,0.0,-1.01
2013-12-10,Capital Link MLP,CLMLP,2900.51,2900.51,2900.51,2900.51,0.0,0.12
2013-12-11,Capital Link MLP,CLMLP,2850.08,2850.08,2850.08,2850.08,0.0,-1.74
2013-12-13,Capital Link MLP,CLMLP,2857.39,2857.39,2857.39,2857.39,0.0,0.26
2013-12-17,Capital Link MLP,CLMLP,2905.55,2905.55,2905.55,2905.55,0.0,1.69
2013-12-18,Capital Link MLP,CLMLP,2926.67,2926.67,2926.67,2926.67,0.0,0.73
2013-12-20,Capital Link MLP,CLMLP,3026.75,3026.75,3026.75,3026.75,0.0,3.42
2013-12-27,Capital Link MLP,CLMLP,3103.64,3103.64,3103.64,3103.64,0.0,2.54
2014-01-02,Capital Link MLP,CLMLP,3062.97,3062.97,3062.97,3062.97,0.0,-1.31
2014-01-06,Capital Link MLP,CLMLP,3044.59,3044.59,3044.59,3044.59,0.0,-0.6
2014-01-07,Capital Link MLP,CLMLP,3061.96,3061.96,3061.96,3061.96,0.0,0.57
2014-01-08,Capital Link MLP,CLMLP,3061.9,3061.9,3061.9,3061.9,0.0,0.0
2014-01-09,Capital Link MLP,CLMLP,3052.57,3052.57,3052.57,3052.57,0.0,-0.3
2014-01-13,Capital Link MLP,CLMLP,3070.24,3070.24,3070.24,3070.24,0.0,0.58
2014-01-15,Capital Link MLP,CLMLP,3085.87,3085.87,3085.87,3085.87,0.0,0.51
2014-01-16,Capital Link MLP,CLMLP,3097.2,3097.2,3097.2,3097.2,0.0,0.37
2014-01-23,Capital Link MLP,CLMLP,3073.09,3073.09,3073.09,3073.09,0.0,-0.78
2014-01-27,Capital Link MLP,CLMLP,3016.86,3016.86,3016.86,3016.86,0.0,-1.83
2014-01-28,Capital Link MLP,CLMLP,3023.5,3023.5,3023.5,3023.5,0.0,0.22
2014-01-29,Capital Link MLP,CLMLP,2954.44,2954.44,2954.44,2954.44,0.0,-2.28
2014-01-30,Capital Link MLP,CLMLP,2972.6,2972.6,2972.6,2972.6,0.0,0.61
2014-02-03,Capital Link MLP,CLMLP,2972.5,2972.5,2972.5,2972.5,0.0,0.0
2014-02-04,Capital Link MLP,CLMLP,2948.45,2948.45,2948.45,2948.45,0.0,-0.81
2014-02-05,Capital Link MLP,CLMLP,2960.68,2960.68,2960.68,2960.68,0.0,0.41
2014-02-07,Capital Link MLP,CLMLP,3025.87,3025.87,3025.87,3025.87,0.0,2.2
2014-02-10,Capital Link MLP,CLMLP,3031.16,3031.16,3031.16,3031.16,0.0,0.17
2014-02-11,Capital Link MLP,CLMLP,3022.42,3022.42,3022.42,3022.42,0.0,-0.29
2014-02-12,Capital Link MLP,CLMLP,3023.1,3023.1,3023.1,3023.1,0.0,0.02
2014-02-13,Capital Link MLP,CLMLP,3012.5,3012.5,3012.5,3012.5,0.0,-0.35
2014-02-14,Capital Link MLP,CLMLP,3023.9,3023.9,3023.9,3023.9,0.0,0.38
2014-02-18,Capital Link MLP,CLMLP,3004.43,3004.43,3004.43,3004.43,0.0,-0.64
2014-02-19,Capital Link MLP,CLMLP,2964.4,2964.4,2964.4,2964.4,0.0,-1.33
2014-02-20,Capital Link MLP,CLMLP,2926.28,2926.28,2926.28,2926.28,0.0,-1.29
2014-02-21,Capital Link MLP,CLMLP,2941.31,2941.31,2941.31,2941.31,0.0,0.51
2014-02-24,Capital Link MLP,CLMLP,2938.33,2938.33,2938.33,2938.33,0.0,-0.1
2014-02-25,Capital Link MLP,CLMLP,2919.74,2919.74,2919.74,2919.74,0.0,-0.63
2014-02-26,Capital Link MLP,CLMLP,2971.29,2971.29,2971.29,2971.29,0.0,1.77
2014-02-27,Capital Link MLP,CLMLP,3026.13,3026.13,3026.13,3026.13,0.0,1.85
2014-02-28,Capital Link MLP,CLMLP,3046.58,3046.58,3046.58,3046.58,0.0,0.68
2014-03-03,Capital Link MLP,CLMLP,3049.51,3049.51,3049.51,3049.51,0.0,0.1
2014-03-04,Capital Link MLP,CLMLP,3036.38,3036.38,3036.38,3036.38,0.0,-0.43
2014-03-05,Capital Link MLP,CLMLP,3029.82,3029.82,3029.82,3029.82,0.0,-0.22
2014-03-10,Capital Link MLP,CLMLP,2992.25,2992.25,2992.25,2992.25,0.0,-1.24
2014-03-11,Capital Link MLP,CLMLP,2975.55,2975.55,2975.55,2975.55,0.0,-0.56
2014-03-12,Capital Link MLP,CLMLP,2966.54,2966.54,2966.54,2966.54,0.0,-0.3
2014-03-13,Capital Link MLP,CLMLP,2931.79,2931.79,2931.79,2931.79,0.0,-1.17
2014-03-14,Capital Link MLP,CLMLP,2958.74,2958.74,2958.74,2958.74,0.0,0.92
2014-03-17,Capital Link MLP,CLMLP,2950.71,2950.71,2950.71,2950.71,0.0,-0.27
2014-03-21,Capital Link MLP,CLMLP,2934.04,2934.04,2934.04,2934.04,0.0,-0.56
2014-03-24,Capital Link MLP,CLMLP,2966.96,2966.96,2966.96,2966.96,0.0,1.12
2014-03-26,Capital Link MLP,CLMLP,2979.68,2979.68,2979.68,2979.68,0.0,0.43
2014-03-27,Capital Link MLP,CLMLP,2999.13,2999.13,2999.13,2999.13,0.0,0.65
2014-03-31,Capital Link MLP,CLMLP,3040.15,3040.15,3040.15,3040.15,0.0,1.37
2014-04-01,Capital Link MLP,CLMLP,3086.28,3086.28,3086.28,3086.28,0.0,1.52
2014-04-02,Capital Link MLP,CLMLP,3118.2,3118.2,3118.2,3118.2,0.0,1.03
2014-04-03,Capital Link MLP,CLMLP,3143.73,3143.73,3143.73,3143.73,0.0,0.82
2014-04-04,Capital Link MLP,CLMLP,3168.45,3168.45,3168.45,3168.45,0.0,0.79
2014-04-08,Capital Link MLP,CLMLP,3146.2,3146.2,3146.2,3146.2,0.0,-0.7
2014-04-09,Capital Link MLP,CLMLP,3145.13,3145.13,3145.13,3145.13,0.0,-0.03
2014-04-10,Capital Link MLP,CLMLP,3114.78,3114.78,3114.78,3114.78,0.0,-0.96
2014-04-11,Capital Link MLP,CLMLP,3105.6,3105.6,3105.6,3105.6,0.0,-0.29
2014-04-14,Capital Link MLP,CLMLP,3149.66,3149.66,3149.66,3149.66,0.0,1.42
2014-04-15,Capital Link MLP,CLMLP,3150.78,3150.78,3150.78,3150.78,0.0,0.04
2014-04-16,Capital Link MLP,CLMLP,3193.77,3193.77,3193.77,3193.77,0.0,1.36
2014-04-21,Capital Link MLP,CLMLP,3228.15,3228.15,3228.15,3228.15,0.0,1.08
2014-04-23,Capital Link MLP,CLMLP,3159.05,3159.05,3159.05,3159.05,0.0,-2.14
2014-04-25,Capital Link MLP,CLMLP,3113.08,3113.08,3113.08,3113.08,0.0,-1.46
2014-04-28,Capital Link MLP,CLMLP,3150.89,3150.89,3150.89,3150.89,0.0,1.21
2014-04-29,Capital Link MLP,CLMLP,3170.39,3170.39,3170.39,3170.39,0.0,0.62
2014-05-01,Capital Link MLP,CLMLP,3134.08,3134.08,3134.08,3134.08,0.0,-1.15
2014-05-05,Capital Link MLP,CLMLP,3170.12,3170.12,3170.12,3170.12,0.0,1.15
2014-05-06,Capital Link MLP,CLMLP,3191.25,3191.25,3191.25,3191.25,0.0,0.67
2014-05-08,Capital Link MLP,CLMLP,3227.58,3227.58,3227.58,3227.58,0.0,1.14
2014-05-09,Capital Link MLP,CLMLP,3204.48,3204.48,3204.48,3204.48,0.0,-0.72
2014-05-12,Capital Link MLP,CLMLP,3246.73,3246.73,3246.73,3246.73,0.0,1.32
2014-05-13,Capital Link MLP,CLMLP,3235.56,3235.56,3235.56,3235.56,0.0,-0.34
2014-05-14,Capital Link MLP,CLMLP,3239.84,3239.84,3239.84,3239.84,0.0,0.13
2014-05-15,Capital Link MLP,CLMLP,3195.55,3195.55,3195.55,3195.55,0.0,-1.37
2014-05-16,Capital Link MLP,CLMLP,3201.64,3201.64,3201.64,3201.64,0.0,0.19
2014-05-19,Capital Link MLP,CLMLP,3191.57,3191.57,3191.57,3191.57,0.0,-0.31
2014-05-23,Capital Link MLP,CLMLP,3230.13,3230.13,3230.13,3230.13,0.0,1.21
2014-05-27,Capital Link MLP,CLMLP,3204.36,3204.36,3204.36,3204.36,0.0,-0.8
2014-05-28,Capital Link MLP,CLMLP,3206.79,3206.79,3206.79,3206.79,0.0,0.08
2014-05-29,Capital Link MLP,CLMLP,3223.62,3223.62,3223.62,3223.62,0.0,0.52
2014-06-02,Capital Link MLP,CLMLP,3262.83,3262.83,3262.83,3262.83,0.0,1.22
2014-06-04,Capital Link MLP,CLMLP,3292.85,3292.85,3292.85,3292.85,0.0,0.92
2014-06-06,Capital Link MLP,CLMLP,3218.95,3218.95,3218.95,3218.95,0.0,-2.24
2014-06-09,Capital Link MLP,CLMLP,3309.45,3309.45,3309.45,3309.45,0.0,2.81
2014-06-10,Capital Link MLP,CLMLP,3302.63,3302.63,3302.63,3302.63,0.0,-0.21
2014-06-11,Capital Link MLP,CLMLP,3285.0,3285.0,3285.0,3285.0,0.0,-0.53
2014-06-12,Capital Link MLP,CLMLP,3277.12,3277.12,3277.12,3277.12,0.0,-0.24
2014-06-13,Capital Link MLP,CLMLP,3295.12,3295.12,3295.12,3295.12,0.0,0.55
2014-06-25,Capital Link MLP,CLMLP,3423.25,3423.25,3423.25,3423.25,0.0,3.89
2014-06-26,Capital Link MLP,CLMLP,3429.16,3429.16,3429.16,3429.16,0.0,0.17
2014-06-27,Capital Link MLP,CLMLP,3449.75,3449.75,3449.75,3449.75,0.0,0.6
2014-06-30,Capital Link MLP,CLMLP,3419.55,3419.55,3419.55,3419.55,0.0,-0.88
2014-07-01,Capital Link MLP,CLMLP,3418.49,3418.49,3418.49,3418.49,0.0,-0.03
2014-07-03,Capital Link MLP,CLMLP,3407.75,3407.75,3407.75,3407.75,0.0,-0.31
2014-07-07,Capital Link MLP,CLMLP,3368.95,3368.95,3368.95,3368.95,0.0,-1.14
2014-07-08,Capital Link MLP,CLMLP,3354.52,3354.52,3354.52,3354.52,0.0,-0.43
2014-07-09,Capital Link MLP,CLMLP,3374.64,3374.64,3374.64,3374.64,0.0,0.6
2014-07-10,Capital Link MLP,CLMLP,3344.99,3344.99,3344.99,3344.99,0.0,-0.88
2014-07-17,Capital Link MLP,CLMLP,3394.28,3394.28,3394.28,3394.28,0.0,1.47
2014-07-18,Capital Link MLP,CLMLP,3355.09,3355.09,3355.09,3355.09,0.0,-1.15
2014-07-21,Capital Link MLP,CLMLP,3342.05,3342.05,3342.05,3342.05,0.0,-0.39
2014-07-22,Capital Link MLP,CLMLP,3357.82,3357.82,3357.82,3357.82,0.0,0.47
2014-07-23,Capital Link MLP,CLMLP,3309.51,3309.51,3309.51,3309.51,0.0,-1.44
2014-07-24,Capital Link MLP,CLMLP,3288.22,3288.22,3288.22,3288.22,0.0,-0.64
2014-07-25,Capital Link MLP,CLMLP,3257.53,3257.53,3257.53,3257.53,0.0,-0.93
2014-07-28,Capital Link MLP,CLMLP,3258.95,3258.95,3258.95,3258.95,0.0,0.04
2014-07-29,Capital Link MLP,CLMLP,3250.09,3250.09,3250.09,3250.09,0.0,-0.27
2014-07-30,Capital Link MLP,CLMLP,3203.79,3203.79,3203.79,3203.79,0.0,-1.42
2014-07-31,Capital Link MLP,CLMLP,3171.05,3171.05,3171.05,3171.05,0.0,-1.02
2014-08-01,Capital Link MLP,CLMLP,3185.97,3185.97,3185.97,3185.97,0.0,0.47
2014-08-04,Capital Link MLP,CLMLP,3199.15,3199.15,3199.15,3199.15,0.0,0.41
2014-08-05,Capital Link MLP,CLMLP,3153.08,3153.08,3153.08,3153.08,0.0,-1.44
2014-08-06,Capital Link MLP,CLMLP,3144.89,3144.89,3144.89,3144.89,0.0,-0.26
2014-08-07,Capital Link MLP,CLMLP,3117.75,3117.75,3117.75,3117.75,0.0,-0.86
2014-08-08,Capital Link MLP,CLMLP,3153.87,3153.87,3153.87,3153.87,0.0,1.16
2014-08-12,Capital Link MLP,CLMLP,3190.66,3190.66,3190.66,3190.66,0.0,1.17
2014-08-13,Capital Link MLP,CLMLP,3206.64,3206.64,3206.64,3206.64,0.0,0.5
2014-08-14,Capital Link MLP,CLMLP,3234.26,3234.26,3234.26,3234.26,0.0,0.86
2014-08-19,Capital Link MLP,CLMLP,3303.88,3303.88,3303.88,3303.88,0.0,2.15
2014-08-20,Capital Link MLP,CLMLP,3309.57,3309.57,3309.57,3309.57,0.0,0.17
2014-08-21,Capital Link MLP,CLMLP,3315.31,3315.31,3315.31,3315.31,0.0,0.17
2014-08-22,Capital Link MLP,CLMLP,3275.64,3275.64,3275.64,3275.64,0.0,-1.2
2014-08-25,Capital Link MLP,CLMLP,3317.11,3317.11,3317.11,3317.11,0.0,1.27
2014-08-26,Capital Link MLP,CLMLP,3327.15,3327.15,3327.15,3327.15,0.0,0.3
2014-08-27,Capital Link MLP,CLMLP,3325.11,3325.11,3325.11,3325.11,0.0,-0.06
2014-08-28,Capital Link MLP,CLMLP,3266.88,3266.88,3266.88,3266.88,0.0,-1.75
2014-09-05,Capital Link MLP,CLMLP,3233.55,3233.55,3233.55,3233.55,0.0,-1.02
2014-09-08,Capital Link MLP,CLMLP,3217.39,3217.39,3217.39,3217.39,0.0,-0.5
2014-09-09,Capital Link MLP,CLMLP,3217.58,3217.58,3217.58,3217.58,0.0,0.01
2014-09-10,Capital Link MLP,CLMLP,3215.71,3215.71,3215.71,3215.71,0.0,-0.06
2014-09-11,Capital Link MLP,CLMLP,3201.86,3201.86,3201.86,3201.86,0.0,-0.43
2014-09-12,Capital Link MLP,CLMLP,3172.69,3172.69,3172.69,3172.69,0.0,-0.91
2014-09-16,Capital Link MLP,CLMLP,3188.65,3188.65,3188.65,3188.65,0.0,0.5
2014-09-17,Capital Link MLP,CLMLP,3210.64,3210.64,3210.64,3210.64,0.0,0.69
2014-09-18,Capital Link MLP,CLMLP,3218.26,3218.26,3218.26,3218.26,0.0,0.24
2014-09-22,Capital Link MLP,CLMLP,3187.96,3187.96,3187.96,3187.96,0.0,-0.94
2014-09-23,Capital Link MLP,CLMLP,3187.96,3187.96,3187.96,3187.96,0.0,0.0
2014-09-24,Capital Link MLP,CLMLP,3150.76,3150.76,3150.76,3150.76,0.0,-1.17
2014-09-30,Capital Link MLP,CLMLP,3137.48,3137.48,3137.48,3137.48,0.0,-0.42
2014-10-01,Capital Link MLP,CLMLP,3093.15,3093.15,3093.15,3093.15,0.0,-1.41
2014-10-02,Capital Link MLP,CLMLP,3079.88,3079.88,3079.88,3079.88,0.0,-0.43
2014-10-03,Capital Link MLP,CLMLP,3031.59,3031.59,3031.59,3031.59,0.0,-1.57
2014-10-06,Capital Link MLP,CLMLP,3019.86,3019.86,3019.86,3019.86,0.0,-0.39
2014-10-07,Capital Link MLP,CLMLP,2989.74,2989.74,2989.74,2989.74,0.0,-1.0
2014-10-08,Capital Link MLP,CLMLP,2933.85,2933.85,2933.85,2933.85,0.0,-1.87
2014-10-10,Capital Link MLP,CLMLP,2803.15,2803.15,2803.15,2803.15,0.0,-4.45
2014-10-13,Capital Link MLP,CLMLP,2651.5,2651.5,2651.5,2651.5,0.0,-5.41
2014-10-14,Capital Link MLP,CLMLP,2583.08,2583.08,2583.08,2583.08,0.0,-2.58
2014-10-16,Capital Link MLP,CLMLP,2805.48,2805.48,2805.48,2805.48,0.0,8.61
2014-10-17,Capital Link MLP,CLMLP,2834.76,2834.76,2834.76,2834.76,0.0,1.04
2014-10-20,Capital Link MLP,CLMLP,2857.81,2857.81,2857.81,2857.81,0.0,0.81
2014-10-21,Capital Link MLP,CLMLP,2926.69,2926.69,2926.69,2926.69,0.0,2.41
2014-10-22,Capital Link MLP,CLMLP,2928.12,2928.12,2928.12,2928.12,0.0,0.05
2014-10-23,Capital Link MLP,CLMLP,2972.97,2972.97,2972.97,2972.97,0.0,1.53
2014-10-24,Capital Link MLP,CLMLP,2989.39,2989.39,2989.39,2989.39,0.0,0.55
2014-10-27,Capital Link MLP,CLMLP,2897.7,2897.7,2897.7,2897.7,0.0,-3.07
2014-10-28,Capital Link MLP,CLMLP,2981.18,2981.18,2981.18,2981.18,0.0,2.88
2014-10-29,Capital Link MLP,CLMLP,2942.23,2942.23,2942.23,2942.23,0.0,-1.31
2014-10-30,Capital Link MLP,CLMLP,2894.02,2894.02,2894.02,2894.02,0.0,-1.64
2014-10-31,Capital Link MLP,CLMLP,2907.28,2907.28,2907.28,2907.28,0.0,0.46
2014-11-03,Capital Link MLP,CLMLP,2917.78,2917.78,2917.78,2917.78,0.0,0.36
2014-11-04,Capital Link MLP,CLMLP,2784.82,2784.82,2784.82,2784.82,0.0,-4.56
2014-11-05,Capital Link MLP,CLMLP,2752.84,2752.84,2752.84,2752.84,0.0,-1.15
2014-11-07,Capital Link MLP,CLMLP,2784.02,2784.02,2784.02,2784.02,0.0,1.13
2014-11-10,Capital Link MLP,CLMLP,2737.95,2737.95,2737.95,2737.95,0.0,-1.65
2014-11-11,Capital Link MLP,CLMLP,2759.48,2759.48,2759.48,2759.48,0.0,0.79
2014-11-12,Capital Link MLP,CLMLP,2764.77,2764.77,2764.77,2764.77,0.0,0.19
2014-11-13,Capital Link MLP,CLMLP,2706.0,2706.0,2706.0,2706.0,0.0,-2.13
2014-11-14,Capital Link MLP,CLMLP,2720.49,2720.49,2720.49,2720.49,0.0,0.54
2014-11-17,Capital Link MLP,CLMLP,2731.28,2731.28,2731.28,2731.28,0.0,0.4
2014-11-18,Capital Link MLP,CLMLP,2758.79,2758.79,2758.79,2758.79,0.0,1.01
2014-11-19,Capital Link MLP,CLMLP,2712.57,2712.57,2712.57,2712.57,0.0,-1.68
2014-11-20,Capital Link MLP,CLMLP,2745.23,2745.23,2745.23,2745.23,0.0,1.2
2014-11-24,Capital Link MLP,CLMLP,2798.92,2798.92,2798.92,2798.92,0.0,1.96
2014-11-25,Capital Link MLP,CLMLP,2770.56,2770.56,2770.56,2770.56,0.0,-1.01
2014-11-26,Capital Link MLP,CLMLP,2778.17,2778.17,2778.17,2778.17,0.0,0.27
2014-11-28,Capital Link MLP,CLMLP,2626.37,2626.37,2626.37,2626.37,0.0,-5.46
2014-12-01,Capital Link MLP,CLMLP,2573.29,2573.29,2573.29,2573.29,0.0,-2.02
2014-12-02,Capital Link MLP,CLMLP,2634.23,2634.23,2634.23,2634.23,0.0,2.37
2014-12-03,Capital Link MLP,CLMLP,2719.16,2719.16,2719.16,2719.16,0.0,3.22
2014-12-04,Capital Link MLP,CLMLP,2735.94,2735.94,2735.94,2735.94,0.0,0.62
2014-12-08,Capital Link MLP,CLMLP,2607.98,2607.98,2607.98,2607.98,0.0,-4.68
2014-12-09,Capital Link MLP,CLMLP,2669.59,2669.59,2669.59,2669.59,0.0,2.36
2014-12-10,Capital Link MLP,CLMLP,2554.25,2554.25,2554.25,2554.25,0.0,-4.32
2014-12-16,Capital Link MLP,CLMLP,2554.32,2554.32,2554.32,2554.32,0.0,0.0
2014-12-17,Capital Link MLP,CLMLP,2641.64,2641.64,2641.64,2641.64,0.0,3.42
2014-12-18,Capital Link MLP,CLMLP,2677.64,2677.64,2677.64,2677.64,0.0,1.36
2014-12-22,Capital Link MLP,CLMLP,2806.0,2806.0,2806.0,2806.0,0.0,4.79
2014-12-23,Capital Link MLP,CLMLP,2831.48,2831.48,2831.48,2831.48,0.0,0.91
2014-12-24,Capital Link MLP,CLMLP,2799.04,2799.04,2799.04,2799.04,0.0,-1.15
2014-12-26,Capital Link MLP,CLMLP,2818.28,2818.28,2818.28,2818.28,0.0,0.69
2014-12-29,Capital Link MLP,CLMLP,2835.44,2835.44,2835.44,2835.44,0.0,0.61
2015-01-08,Capital Link MLP,CLMLP,2760.65,2760.65,2760.65,2760.65,0.0,-2.64
2015-01-09,Capital Link MLP,CLMLP,2684.08,2684.08,2684.08,2684.08,0.0,-2.77
2015-01-12,Capital Link MLP,CLMLP,2604.11,2604.11,2604.11,2604.11,0.0,-2.98
2015-01-13,Capital Link MLP,CLMLP,2514.16,2514.16,2514.16,2514.16,0.0,-3.45
2015-01-14,Capital Link MLP,CLMLP,2508.64,2508.64,2508.64,2508.64,0.0,-0.22
2015-01-15,Capital Link MLP,CLMLP,2519.28,2519.28,2519.28,2519.28,0.0,0.42
2015-01-16,Capital Link MLP,CLMLP,2562.83,2562.83,2562.83,2562.83,0.0,1.73
2015-01-20,Capital Link MLP,CLMLP,2490.85,2490.85,2490.85,2490.85,0.0,-2.81
2015-01-21,Capital Link MLP,CLMLP,2511.98,2511.98,2511.98,2511.98,0.0,0.85
2015-01-22,Capital Link MLP,CLMLP,2494.95,2494.95,2494.95,2494.95,0.0,-0.68
2015-01-23,Capital Link MLP,CLMLP,2475.3,2475.3,2475.3,2475.3,0.0,-0.79
2015-01-26,Capital Link MLP,CLMLP,2501.49,2501.49,2501.49,2501.49,0.0,1.06
2015-01-27,Capital Link MLP,CLMLP,2500.58,2500.58,2500.58,2500.58,0.0,-0.04
2015-01-28,Capital Link MLP,CLMLP,2478.54,2478.54,2478.54,2478.54,0.0,-0.88
2015-01-29,Capital Link MLP,CLMLP,2478.13,2478.13,2478.13,2478.13,0.0,-0.02
2015-01-30,Capital Link MLP,CLMLP,2474.43,2474.43,2474.43,2474.43,0.0,-0.15
2015-02-02,Capital Link MLP,CLMLP,2455.23,2455.23,2455.23,2455.23,0.0,-0.78
2015-02-03,Capital Link MLP,CLMLP,2454.16,2454.16,2454.16,2454.16,0.0,-0.04
2015-02-04,Capital Link MLP,CLMLP,2448.33,2448.33,2448.33,2448.33,0.0,-0.24
2015-02-05,Capital Link MLP,CLMLP,2516.86,2516.86,2516.86,2516.86,0.0,2.8
2015-02-06,Capital Link MLP,CLMLP,2496.53,2496.53,2496.53,2496.53,0.0,-0.81
2015-02-09,Capital Link MLP,CLMLP,2480.69,2480.69,2480.69,2480.69,0.0,-0.63
2015-02-10,Capital Link MLP,CLMLP,2502.6,2502.6,2502.6,2502.6,0.0,0.88
2015-02-11,Capital Link MLP,CLMLP,2491.87,2491.87,2491.87,2491.87,0.0,-0.43
2015-02-12,Capital Link MLP,CLMLP,2473.66,2473.66,2473.66,2473.66,0.0,-0.73
2015-02-13,Capital Link MLP,CLMLP,2517.3,2517.3,2517.3,2517.3,0.0,1.76
2015-02-17,Capital Link MLP,CLMLP,2527.24,2527.24,2527.24,2527.24,0.0,0.39
2015-02-18,Capital Link MLP,CLMLP,2523.92,2523.92,2523.92,2523.92,0.0,-0.13
2015-02-19,Capital Link MLP,CLMLP,2513.03,2513.03,2513.03,2513.03,0.0,-0.43
2015-02-20,Capital Link MLP,CLMLP,2483.22,2483.22,2483.22,2483.22,0.0,-1.19
2015-02-23,Capital Link MLP,CLMLP,2442.22,2442.22,2442.22,2442.22,0.0,-1.65
2015-02-24,Capital Link MLP,CLMLP,2461.85,2461.85,2461.85,2461.85,0.0,0.8
2015-02-25,Capital Link MLP,CLMLP,2431.77,2431.77,2431.77,2431.77,0.0,-1.22
2015-02-26,Capital Link MLP,CLMLP,2412.0,2412.0,2412.0,2412.0,0.0,-0.81
2015-02-27,Capital Link MLP,CLMLP,2437.11,2437.11,2437.11,2437.11,0.0,1.04
2015-03-02,Capital Link MLP,CLMLP,2440.41,2440.41,2440.41,2440.41,0.0,0.14
2015-03-03,Capital Link MLP,CLMLP,2425.96,2425.96,2425.96,2425.96,0.0,-0.59
2015-03-04,Capital Link MLP,CLMLP,2401.19,2401.19,2401.19,2401.19,0.0,-1.02
2015-03-05,Capital Link MLP,CLMLP,2420.82,2420.82,2420.82,2420.82,0.0,0.82
2015-03-06,Capital Link MLP,CLMLP,2389.69,2389.69,2389.69,2389.69,0.0,-1.29
2015-03-09,Capital Link MLP,CLMLP,2369.22,2369.22,2369.22,2369.22,0.0,-0.86
2015-03-10,Capital Link MLP,CLMLP,2324.27,2324.27,2324.27,2324.27,0.0,-1.9
2015-03-11,Capital Link MLP,CLMLP,2361.39,2361.39,2361.39,2361.39,0.0,1.6
2015-03-12,Capital Link MLP,CLMLP,2353.33,2353.33,2353.33,2353.33,0.0,-0.34
2015-03-13,Capital Link MLP,CLMLP,2349.3,2349.3,2349.3,2349.3,0.0,-0.17
2015-03-16,Capital Link MLP,CLMLP,2314.84,2314.84,2314.84,2314.84,0.0,-1.47
2015-03-17,Capital Link MLP,CLMLP,2355.57,2355.57,2355.57,2355.57,0.0,1.76
2015-03-18,Capital Link MLP,CLMLP,2412.34,2412.34,2412.34,2412.34,0.0,2.41
2015-03-19,Capital Link MLP,CLMLP,2397.41,2397.41,2397.41,2397.41,0.0,-0.62
2015-03-20,Capital Link MLP,CLMLP,2403.51,2403.51,2403.51,2403.51,0.0,0.25
2015-03-23,Capital Link MLP,CLMLP,2390.92,2390.92,2390.92,2390.92,0.0,-0.52
2015-03-24,Capital Link MLP,CLMLP,2382.38,2382.38,2382.38,2382.38,0.0,-0.36
2015-03-25,Capital Link MLP,CLMLP,2397.81,2397.81,2397.81,2397.81,0.0,0.65
2015-03-26,Capital Link MLP,CLMLP,2434.06,2434.06,2434.06,2434.06,0.0,1.51
2015-03-27,Capital Link MLP,CLMLP,2446.69,2446.69,2446.69,2446.69,0.0,0.52
2015-03-30,Capital Link MLP,CLMLP,2458.93,2458.93,2458.93,2458.93,0.0,0.5
2015-03-31,Capital Link MLP,CLMLP,2455.89,2455.89,2455.89,2455.89,0.0,-0.12
2015-04-01,Capital Link MLP,CLMLP,2469.98,2469.98,2469.98,2469.98,0.0,0.57
2015-04-02,Capital Link MLP,CLMLP,2492.26,2492.26,2492.26,2492.26,0.0,0.9
2015-04-06,Capital Link MLP,CLMLP,2519.16,2519.16,2519.16,2519.16,0.0,1.08
2015-04-07,Capital Link MLP,CLMLP,2493.7,2493.7,2493.7,2493.7,0.0,-1.01
2015-04-08,Capital Link MLP,CLMLP,2491.4,2491.4,2491.4,2491.4,0.0,-0.09
2015-04-09,Capital Link MLP,CLMLP,2482.13,2482.13,2482.13,2482.13,0.0,-0.37
2015-04-10,Capital Link MLP,CLMLP,2520.75,2520.75,2520.75,2520.75,0.0,1.56
2015-04-13,Capital Link MLP,CLMLP,2506.46,2506.46,2506.46,2506.46,0.0,-0.57
2015-04-14,Capital Link MLP,CLMLP,2507.72,2507.72,2507.72,2507.72,0.0,0.05
2015-04-15,Capital Link MLP,CLMLP,2553.6,2553.6,2553.6,2553.6,0.0,1.83
2015-04-16,Capital Link MLP,CLMLP,2520.4,2520.4,2520.4,2520.4,0.0,-1.3
2015-04-17,Capital Link MLP,CLMLP,2474.32,2474.32,2474.32,2474.32,0.0,-1.83
2015-04-20,Capital Link MLP,CLMLP,2473.91,2473.91,2473.91,2473.91,0.0,-0.02
2015-04-21,Capital Link MLP,CLMLP,2485.5,2485.5,2485.5,2485.5,0.0,0.47
2015-04-22,Capital Link MLP,CLMLP,2511.08,2511.08,2511.08,2511.08,0.0,1.03
2015-04-23,Capital Link MLP,CLMLP,2570.17,2570.17,2570.17,2570.17,0.0,2.35
2015-04-24,Capital Link MLP,CLMLP,2631.93,2631.93,2631.93,2631.93,0.0,2.4
2015-04-27,Capital Link MLP,CLMLP,2582.26,2582.26,2582.26,2582.26,0.0,-1.89
2015-04-28,Capital Link MLP,CLMLP,2583.82,2583.82,2583.82,2583.82,0.0,0.06
2015-04-29,Capital Link MLP,CLMLP,2611.13,2611.13,2611.13,2611.13,0.0,1.06
2015-04-30,Capital Link MLP,CLMLP,2603.1,2603.1,2603.1,2603.1,0.0,-0.31
2015-05-01,Capital Link MLP,CLMLP,2647.95,2647.95,2647.95,2647.95,0.0,1.72
2015-05-04,Capital Link MLP,CLMLP,2635.71,2635.71,2635.71,2635.71,0.0,-0.46
2015-05-05,Capital Link MLP,CLMLP,2580.37,2580.37,2580.37,2580.37,0.0,-2.1
2015-05-06,Capital Link MLP,CLMLP,2564.39,2564.39,2564.39,2564.39,0.0,-0.62
2015-05-07,Capital Link MLP,CLMLP,2503.63,2503.63,2503.63,2503.63,0.0,-2.37
2015-05-08,Capital Link MLP,CLMLP,2497.19,2497.19,2497.19,2497.19,0.0,-0.26
2015-05-11,Capital Link MLP,CLMLP,2462.58,2462.58,2462.58,2462.58,0.0,-1.39
2015-05-12,Capital Link MLP,CLMLP,2455.61,2455.61,2455.61,2455.61,0.0,-0.28
2015-05-13,Capital Link MLP,CLMLP,2442.27,2442.27,2442.27,2442.27,0.0,-0.54
2015-05-14,Capital Link MLP,CLMLP,2449.3,2449.3,2449.3,2449.3,0.0,0.29
2015-05-15,Capital Link MLP,CLMLP,2479.2,2479.2,2479.2,2479.2,0.0,1.22
2015-05-18,Capital Link MLP,CLMLP,2490.5,2490.5,2490.5,2490.5,0.0,0.46
2015-05-19,Capital Link MLP,CLMLP,2461.53,2461.53,2461.53,2461.53,0.0,-1.16
2015-05-20,Capital Link MLP,CLMLP,2435.39,2435.39,2435.39,2435.39,0.0,-1.06
2015-05-21,Capital Link MLP,CLMLP,2460.02,2460.02,2460.02,2460.02,0.0,1.01
2015-05-22,Capital Link MLP,CLMLP,2482.99,2482.99,2482.99,2482.99,0.0,0.93
2015-05-26,Capital Link MLP,CLMLP,2456.37,2456.37,2456.37,2456.37,0.0,-1.07
2015-05-27,Capital Link MLP,CLMLP,2443.74,2443.74,2443.74,2443.74,0.0,-0.51
2015-05-28,Capital Link MLP,CLMLP,2427.88,2427.88,2427.88,2427.88,0.0,-0.65
2015-05-29,Capital Link MLP,CLMLP,2417.24,2417.24,2417.24,2417.24,0.0,-0.44
2015-06-01,Capital Link MLP,CLMLP,2409.36,2409.36,2409.36,2409.36,0.0,-0.33
2015-06-02,Capital Link MLP,CLMLP,2412.57,2412.57,2412.57,2412.57,0.0,0.13
2015-06-03,Capital Link MLP,CLMLP,2389.85,2389.85,2389.85,2389.85,0.0,-0.94
2015-06-04,Capital Link MLP,CLMLP,2357.15,2357.15,2357.15,2357.15,0.0,-1.37
2015-06-05,Capital Link MLP,CLMLP,2365.33,2365.33,2365.33,2365.33,0.0,0.35
2015-06-08,Capital Link MLP,CLMLP,2335.52,2335.52,2335.52,2335.52,0.0,-1.26
2015-06-09,Capital Link MLP,CLMLP,2337.08,2337.08,2337.08,2337.08,0.0,0.07
2015-06-10,Capital Link MLP,CLMLP,2314.98,2314.98,2314.98,2314.98,0.0,-0.95
2015-06-11,Capital Link MLP,CLMLP,2320.07,2320.07,2320.07,2320.07,0.0,0.22
2015-06-12,Capital Link MLP,CLMLP,2304.98,2304.98,2304.98,2304.98,0.0,-0.65
2015-06-15,Capital Link MLP,CLMLP,2306.41,2306.41,2306.41,2306.41,0.0,0.06
2015-06-16,Capital Link MLP,CLMLP,2317.83,2317.83,2317.83,2317.83,0.0,0.5
2015-06-17,Capital Link MLP,CLMLP,2337.35,2337.35,2337.35,2337.35,0.0,0.84
2015-06-18,Capital Link MLP,CLMLP,2327.76,2327.76,2327.76,2327.76,0.0,-0.41
2015-06-19,Capital Link MLP,CLMLP,2296.8,2296.8,2296.8,2296.8,0.0,-1.33
2015-06-22,Capital Link MLP,CLMLP,2318.46,2318.46,2318.46,2318.46,0.0,0.94
2015-06-23,Capital Link MLP,CLMLP,2314.8,2314.8,2314.8,2314.8,0.0,-0.16
2015-06-24,Capital Link MLP,CLMLP,2276.0,2276.0,2276.0,2276.0,0.0,-1.68
2015-06-25,Capital Link MLP,CLMLP,2250.27,2250.27,2250.27,2250.27,0.0,-1.13
2015-06-26,Capital Link MLP,CLMLP,2236.2,2236.2,2236.2,2236.2,0.0,-0.63
2015-06-29,Capital Link MLP,CLMLP,2171.61,2171.61,2171.61,2171.61,0.0,-2.89
2015-06-30,Capital Link MLP,CLMLP,2170.7,2170.7,2170.7,2170.7,0.0,-0.04
2015-07-01,Capital Link MLP,CLMLP,2133.44,2133.44,2133.44,2133.44,0.0,-1.72
2015-07-02,Capital Link MLP,CLMLP,2122.58,2122.58,2122.58,2122.58,0.0,-0.51
2015-07-06,Capital Link MLP,CLMLP,2113.55,2113.55,2113.55,2113.55,0.0,-0.43
2015-07-07,Capital Link MLP,CLMLP,2111.21,2111.21,2111.21,2111.21,0.0,-0.11
2015-07-08,Capital Link MLP,CLMLP,2058.84,2058.84,2058.84,2058.84,0.0,-2.48
2015-07-09,Capital Link MLP,CLMLP,2088.24,2088.24,2088.24,2088.24,0.0,1.43
2015-07-10,Capital Link MLP,CLMLP,2124.24,2124.24,2124.24,2124.24,0.0,1.72
2015-07-13,Capital Link MLP,CLMLP,2128.62,2128.62,2128.62,2128.62,0.0,0.21
2015-07-14,Capital Link MLP,CLMLP,2113.65,2113.65,2113.65,2113.65,0.0,-0.7
2015-07-15,Capital Link MLP,CLMLP,2081.57,2081.57,2081.57,2081.57,0.0,-1.52
2015-07-16,Capital Link MLP,CLMLP,2077.28,2077.28,2077.28,2077.28,0.0,-0.21
2015-07-20,Capital Link MLP,CLMLP,1986.89,1986.89,1986.89,1986.89,0.0,-4.35
2015-07-21,Capital Link MLP,CLMLP,1992.6,1992.6,1992.6,1992.6,0.0,0.29
2015-07-22,Capital Link MLP,CLMLP,1928.88,1928.88,1928.88,1928.88,0.0,-3.2
2015-07-23,Capital Link MLP,CLMLP,1899.22,1899.22,1899.22,1899.22,0.0,-1.54
2015-07-24,Capital Link MLP,CLMLP,1904.68,1904.68,1904.68,1904.68,0.0,0.29
2015-07-27,Capital Link MLP,CLMLP,1880.79,1880.79,1880.79,1880.79,0.0,-1.25
2015-07-28,Capital Link MLP,CLMLP,1919.93,1919.93,1919.93,1919.93,0.0,2.08
2015-07-29,Capital Link MLP,CLMLP,1957.08,1957.08,1957.08,1957.08,0.0,1.93
2015-07-30,Capital Link MLP,CLMLP,1932.45,1932.45,1932.45,1932.45,0.0,-1.26
2015-07-31,Capital Link MLP,CLMLP,1887.9,1887.9,1887.9,1887.9,0.0,-2.31
2015-08-03,Capital Link MLP,CLMLP,1835.12,1835.12,1835.12,1835.12,0.0,-2.8
2015-08-05,Capital Link MLP,CLMLP,1735.11,1735.11,1735.11,1735.11,0.0,-5.45
2015-08-06,Capital Link MLP,CLMLP,1756.1,1756.1,1756.1,1756.1,0.0,1.21
2015-08-07,Capital Link MLP,CLMLP,1778.91,1778.91,1778.91,1778.91,0.0,1.3
2015-08-10,Capital Link MLP,CLMLP,1860.64,1860.64,1860.64,1860.64,0.0,4.59
2015-08-11,Capital Link MLP,CLMLP,1851.53,1851.53,1851.53,1851.53,0.0,-0.49
2015-08-12,Capital Link MLP,CLMLP,1897.76,1897.76,1897.76,1897.76,0.0,2.5
2015-08-13,Capital Link MLP,CLMLP,1885.53,1885.53,1885.53,1885.53,0.0,-0.64
2015-08-14,Capital Link MLP,CLMLP,1886.41,1886.41,1886.41,1886.41,0.0,0.05
2015-08-17,Capital Link MLP,CLMLP,1890.42,1890.42,1890.42,1890.42,0.0,0.21
2015-08-18,Capital Link MLP,CLMLP,1852.59,1852.59,1852.59,1852.59,0.0,-2.0
2015-08-19,Capital Link MLP,CLMLP,1797.95,1797.95,1797.95,1797.95,0.0,-2.95
2015-08-20,Capital Link MLP,CLMLP,1762.17,1762.17,1762.17,1762.17,0.0,-1.99
2015-08-21,Capital Link MLP,CLMLP,1724.04,1724.04,1724.04,1724.04,0.0,-2.16
2015-08-24,Capital Link MLP,CLMLP,1646.72,1646.72,1646.72,1646.72,0.0,-4.48
2015-08-25,Capital Link MLP,CLMLP,1666.67,1666.67,1666.67,1666.67,0.0,1.21
2015-08-27,Capital Link MLP,CLMLP,1785.72,1785.72,1785.72,1785.72,0.0,7.14
2015-08-28,Capital Link MLP,CLMLP,1840.57,1840.57,1840.57,1840.57,0.0,3.07
2015-08-31,Capital Link MLP,CLMLP,1847.97,1847.97,1847.97,1847.97,0.0,0.4
2015-09-02,Capital Link MLP,CLMLP,1788.1,1788.1,1788.1,1788.1,0.0,-3.24
2015-09-03,Capital Link MLP,CLMLP,1809.74,1809.74,1809.74,1809.74,0.0,1.21
2015-09-04,Capital Link MLP,CLMLP,1810.5,1810.5,1810.5,1810.5,0.0,0.04
2015-09-08,Capital Link MLP,CLMLP,1797.3,1797.3,1797.3,1797.3,0.0,-0.73
2015-09-09,Capital Link MLP,CLMLP,1780.27,1780.27,1780.27,1780.27,0.0,-0.95
2015-09-10,Capital Link MLP,CLMLP,1790.78,1790.78,1790.78,1790.78,0.0,0.59
2015-09-11,Capital Link MLP,CLMLP,1777.32,1777.32,1777.32,1777.32,0.0,-0.75
2015-09-14,Capital Link MLP,CLMLP,1756.13,1756.13,1756.13,1756.13,0.0,-1.19
2015-09-15,Capital Link MLP,CLMLP,1778.0,1778.0,1778.0,1778.0,0.0,1.25
2015-09-16,Capital Link MLP,CLMLP,1807.03,1807.03,1807.03,1807.03,0.0,1.63
2015-09-17,Capital Link MLP,CLMLP,1835.61,1835.61,1835.61,1835.61,0.0,1.58
2015-09-18,Capital Link MLP,CLMLP,1776.59,1776.59,1776.59,1776.59,0.0,-3.22
2015-09-21,Capital Link MLP,CLMLP,1764.92,1764.92,1764.92,1764.92,0.0,-0.66
2015-09-22,Capital Link MLP,CLMLP,1726.16,1726.16,1726.16,1726.16,0.0,-2.2
2015-09-23,Capital Link MLP,CLMLP,1684.96,1684.96,1684.96,1684.96,0.0,-2.39
2015-09-24,Capital Link MLP,CLMLP,1643.7,1643.7,1643.7,1643.7,0.0,-2.45
2015-09-25,Capital Link MLP,CLMLP,1608.45,1608.45,1608.45,1608.45,0.0,-2.14
2015-09-30,Capital Link MLP,CLMLP,1567.33,1567.33,1567.33,1567.33,0.0,-2.56
2015-10-01,Capital Link MLP,CLMLP,1575.51,1575.51,1575.51,1575.51,0.0,0.52
2015-10-02,Capital Link MLP,CLMLP,1607.46,1607.46,1607.46,1607.46,0.0,2.03
2015-10-05,Capital Link MLP,CLMLP,1697.14,1697.14,1697.14,1697.14,0.0,5.58
2015-10-06,Capital Link MLP,CLMLP,1730.44,1730.44,1730.44,1730.44,0.0,1.96
2015-10-07,Capital Link MLP,CLMLP,1782.09,1782.09,1782.09,1782.09,0.0,2.98
2015-10-08,Capital Link MLP,CLMLP,1769.96,1769.96,1769.96,1769.96,0.0,-0.68
2015-10-09,Capital Link MLP,CLMLP,1766.68,1766.68,1766.68,1766.68,0.0,-0.19
2015-10-12,Capital Link MLP,CLMLP,1719.79,1719.79,1719.79,1719.79,0.0,-2.65
2015-10-13,Capital Link MLP,CLMLP,1691.73,1691.73,1691.73,1691.73,0.0,-1.63
2015-10-14,Capital Link MLP,CLMLP,1714.91,1714.91,1714.91,1714.91,0.0,1.37
2015-10-15,Capital Link MLP,CLMLP,1720.94,1720.94,1720.94,1720.94,0.0,0.35
2015-10-16,Capital Link MLP,CLMLP,1729.02,1729.02,1729.02,1729.02,0.0,0.47
2015-10-19,Capital Link MLP,CLMLP,1728.19,1728.19,1728.19,1728.19,0.0,-0.05
2015-10-21,Capital Link MLP,CLMLP,1721.24,1721.24,1721.24,1721.24,0.0,-0.4
2015-10-22,Capital Link MLP,CLMLP,1710.85,1710.85,1710.85,1710.85,0.0,-0.6
2015-10-23,Capital Link MLP,CLMLP,1704.82,1704.82,1704.82,1704.82,0.0,-0.35
2015-10-26,Capital Link MLP,CLMLP,1689.33,1689.33,1689.33,1689.33,0.0,-0.91
2015-10-27,Capital Link MLP,CLMLP,1667.17,1667.17,1667.17,1667.17,0.0,-1.31
2015-10-28,Capital Link MLP,CLMLP,1694.44,1694.44,1694.44,1694.44,0.0,1.64
2015-10-29,Capital Link MLP,CLMLP,1681.85,1681.85,1681.85,1681.85,0.0,-0.74
2015-10-30,Capital Link MLP,CLMLP,1683.83,1683.83,1683.83,1683.83,0.0,0.12
2015-11-02,Capital Link MLP,CLMLP,1717.42,1717.42,1717.42,1717.42,0.0,1.99
2015-11-03,Capital Link MLP,CLMLP,1708.36,1708.36,1708.36,1708.36,0.0,-0.53
2015-11-04,Capital Link MLP,CLMLP,1696.54,1696.54,1696.54,1696.54,0.0,-0.69
2015-11-05,Capital Link MLP,CLMLP,1659.78,1659.78,1659.78,1659.78,0.0,-2.17
2015-11-06,Capital Link MLP,CLMLP,1662.2,1662.2,1662.2,1662.2,0.0,0.15
2015-11-09,Capital Link MLP,CLMLP,1623.1,1623.1,1623.1,1623.1,0.0,-2.35
2015-11-10,Capital Link MLP,CLMLP,1605.31,1605.31,1605.31,1605.31,0.0,-1.1
2015-11-11,Capital Link MLP,CLMLP,1583.07,1583.07,1583.07,1583.07,0.0,-1.39
2015-11-12,Capital Link MLP,CLMLP,1556.26,1556.26,1556.26,1556.26,0.0,-1.69
2015-11-13,Capital Link MLP,CLMLP,1588.4,1588.4,1588.4,1588.4,0.0,2.07
2015-11-16,Capital Link MLP,CLMLP,1608.14,1608.14,1608.14,1608.14,0.0,1.24
2015-11-17,Capital Link MLP,CLMLP,1564.58,1564.58,1564.58,1564.58,0.0,-2.71
2015-11-18,Capital Link MLP,CLMLP,1564.45,1564.45,1564.45,1564.45,0.0,-0.01
2015-11-19,Capital Link MLP,CLMLP,1552.33,1552.33,1552.33,1552.33,0.0,-0.77
2015-11-20,Capital Link MLP,CLMLP,1532.98,1532.98,1532.98,1532.98,0.0,-1.25
2015-11-23,Capital Link MLP,CLMLP,1522.17,1522.17,1522.17,1522.17,0.0,-0.71
2015-11-24,Capital Link MLP,CLMLP,1542.91,1542.91,1542.91,1542.91,0.0,1.36
2015-11-25,Capital Link MLP,CLMLP,1543.07,1543.07,1543.07,1543.07,0.0,0.01
2015-11-30,Capital Link MLP,CLMLP,1540.7,1540.7,1540.7,1540.7,0.0,-0.15
2015-12-01,Capital Link MLP,CLMLP,1508.86,1508.86,1508.86,1508.86,0.0,-2.07
2015-12-02,Capital Link MLP,CLMLP,1456.28,1456.28,1456.28,1456.28,0.0,-3.48
2015-12-03,Capital Link MLP,CLMLP,1425.54,1425.54,1425.54,1425.54,0.0,-2.11
2015-12-04,Capital Link MLP,CLMLP,1374.99,1374.99,1374.99,1374.99,0.0,-3.55
2015-12-07,Capital Link MLP,CLMLP,1251.1,1251.1,1251.1,1251.1,0.0,-9.01
2015-12-08,Capital Link MLP,CLMLP,1243.61,1243.61,1243.61,1243.61,0.0,-0.6
2015-12-09,Capital Link MLP,CLMLP,1319.14,1319.14,1319.14,1319.14,0.0,6.07
2015-12-10,Capital Link MLP,CLMLP,1288.31,1288.31,1288.31,1288.31,0.0,-2.34
2015-12-11,Capital Link MLP,CLMLP,1211.59,1211.59,1211.59,1211.59,0.0,-5.96
2015-12-14,Capital Link MLP,CLMLP,1161.84,1161.84,1161.84,1161.84,0.0,-4.11
2015-12-15,Capital Link MLP,CLMLP,1205.09,1205.09,1205.09,1205.09,0.0,3.72
2015-12-16,Capital Link MLP,CLMLP,1224.34,1224.34,1224.34,1224.34,0.0,1.6
2015-12-17,Capital Link MLP,CLMLP,825.08,825.08,825.08,825.08,0.0,-32.61
2015-12-18,Capital Link MLP,CLMLP,897.05,897.05,897.05,897.05,0.0,8.72
2015-12-21,Capital Link MLP,CLMLP,965.28,965.28,965.28,965.28,0.0,7.61
2015-12-22,Capital Link MLP,CLMLP,1016.37,1016.37,1016.37,1016.37,0.0,5.29
2015-12-23,Capital Link MLP,CLMLP,1094.54,1094.54,1094.54,1094.54,0.0,7.69
2015-12-24,Capital Link MLP,CLMLP,1112.94,1112.94,1112.94,1112.94,0.0,1.68
2015-12-28,Capital Link MLP,CLMLP,1112.58,1112.58,1112.58,1112.58,0.0,-0.03
2015-12-30,Capital Link MLP,CLMLP,1089.41,1089.41,1089.41,1089.41,0.0,-2.08
2015-12-31,Capital Link MLP,CLMLP,1131.33,1131.33,1131.33,1131.33,0.0,3.85
2016-01-04,Capital Link MLP,CLMLP,1130.22,1130.22,1130.22,1130.22,0.0,-0.1
2016-01-05,Capital Link MLP,CLMLP,1114.45,1114.45,1114.45,1114.45,0.0,-1.4
2016-01-06,Capital Link MLP,CLMLP,1082.6,1082.6,1082.6,1082.6,0.0,-2.86
2016-01-07,Capital Link MLP,CLMLP,1021.65,1021.65,1021.65,1021.65,0.0,-5.63
2016-01-08,Capital Link MLP,CLMLP,1024.19,1024.19,1024.19,1024.19,0.0,0.25
2016-01-11,Capital Link MLP,CLMLP,968.73,968.73,968.73,968.73,0.0,-5.42
2016-01-12,Capital Link MLP,CLMLP,895.27,895.27,895.27,895.27,0.0,-7.58
2016-01-13,Capital Link MLP,CLMLP,860.77,860.77,860.77,860.77,0.0,-3.85
2016-01-15,Capital Link MLP,CLMLP,856.53,856.53,856.53,856.53,0.0,-0.49
2016-01-19,Capital Link MLP,CLMLP,821.92,821.92,821.92,821.92,0.0,-4.04
2016-01-20,Capital Link MLP,CLMLP,792.26,792.26,792.26,792.26,0.0,-3.61
2016-01-21,Capital Link MLP,CLMLP,846.19,846.19,846.19,846.19,0.0,6.81
2016-01-22,Capital Link MLP,CLMLP,966.63,966.63,966.63,966.63,0.0,14.23
2016-01-26,Capital Link MLP,CLMLP,1002.44,1002.44,1002.44,1002.44,0.0,3.7
2016-01-27,Capital Link MLP,CLMLP,993.25,993.25,993.25,993.25,0.0,-0.92
2016-01-28,Capital Link MLP,CLMLP,1036.97,1036.97,1036.97,1036.97,0.0,4.4
2016-01-29,Capital Link MLP,CLMLP,1068.52,1068.52,1068.52,1068.52,0.0,3.04
2016-02-01,Capital Link MLP,CLMLP,1060.18,1060.18,1060.18,1060.18,0.0,-0.78
2016-02-03,Capital Link MLP,CLMLP,1018.81,1018.81,1018.81,1018.81,0.0,-3.9
2016-02-04,Capital Link MLP,CLMLP,1048.25,1048.25,1048.25,1048.25,0.0,2.89
2016-02-05,Capital Link MLP,CLMLP,1039.25,1039.25,1039.25,1039.25,0.0,-0.86
2016-02-08,Capital Link MLP,CLMLP,1011.9,1011.9,1011.9,1011.9,0.0,-2.63
2016-02-09,Capital Link MLP,CLMLP,956.83,956.83,956.83,956.83,0.0,-5.44
2016-02-10,Capital Link MLP,CLMLP,955.65,955.65,955.65,955.65,0.0,-0.12
2016-02-11,Capital Link MLP,CLMLP,931.41,931.41,931.41,931.41,0.0,-2.54
2016-02-12,Capital Link MLP,CLMLP,986.91,986.91,986.91,986.91,0.0,5.96
2016-02-17,Capital Link MLP,CLMLP,1057.82,1057.82,1057.82,1057.82,0.0,7.19
2016-02-18,Capital Link MLP,CLMLP,1050.92,1050.92,1050.92,1050.92,0.0,-0.65
2016-02-19,Capital Link MLP,CLMLP,1024.64,1024.64,1024.64,1024.64,0.0,-2.5
2016-02-22,Capital Link MLP,CLMLP,1090.52,1090.52,1090.52,1090.52,0.0,6.43
2016-02-23,Capital Link MLP,CLMLP,1050.14,1050.14,1050.14,1050.14,0.0,-3.7
2016-02-24,Capital Link MLP,CLMLP,1062.2,1062.2,1062.2,1062.2,0.0,1.15
2016-02-25,Capital Link MLP,CLMLP,1061.38,1061.38,1061.38,1061.38,0.0,-0.08
2016-02-26,Capital Link MLP,CLMLP,1087.25,1087.25,1087.25,1087.25,0.0,2.44
2016-03-01,Capital Link MLP,CLMLP,1164.31,1164.31,1164.31,1164.31,0.0,7.09
2016-03-02,Capital Link MLP,CLMLP,1205.98,1205.98,1205.98,1205.98,0.0,3.58
2016-03-03,Capital Link MLP,CLMLP,1224.96,1224.96,1224.96,1224.96,0.0,1.57
2016-03-04,Capital Link MLP,CLMLP,1210.18,1210.18,1210.18,1210.18,0.0,-1.21
2016-03-07,Capital Link MLP,CLMLP,1252.21,1252.21,1252.21,1252.21,0.0,3.47
2016-03-08,Capital Link MLP,CLMLP,1172.52,1172.52,1172.52,1172.52,0.0,-6.36
2016-03-09,Capital Link MLP,CLMLP,1198.01,1198.01,1198.01,1198.01,0.0,2.17
2016-03-10,Capital Link MLP,CLMLP,1176.99,1176.99,1176.99,1176.99,0.0,-1.75
2016-03-11,Capital Link MLP,CLMLP,1201.96,1201.96,1201.96,1201.96,0.0,2.12
2016-03-14,Capital Link MLP,CLMLP,1215.57,1215.57,1215.57,1215.57,0.0,1.13
2016-03-15,Capital Link MLP,CLMLP,1196.22,1196.22,1196.22,1196.22,0.0,-1.59
2016-03-16,Capital Link MLP,CLMLP,1255.02,1255.02,1255.02,1255.02,0.0,4.92
2016-03-17,Capital Link MLP,CLMLP,1282.35,1282.35,1282.35,1282.35,0.0,2.18
2016-03-18,Capital Link MLP,CLMLP,1243.85,1243.85,1243.85,1243.85,0.0,-3.0
2016-03-21,Capital Link MLP,CLMLP,1212.93,1212.93,1212.93,1212.93,0.0,-2.49
2016-03-23,Capital Link MLP,CLMLP,1167.99,1167.99,1167.99,1167.99,0.0,-3.71
2016-03-24,Capital Link MLP,CLMLP,1174.23,1174.23,1174.23,1174.23,0.0,0.53
2016-03-28,Capital Link MLP,CLMLP,1165.46,1165.46,1165.46,1165.46,0.0,-0.75
2016-03-30,Capital Link MLP,CLMLP,1199.46,1199.46,1199.46,1199.46,0.0,2.92
2016-03-31,Capital Link MLP,CLMLP,1222.24,1222.24,1222.24,1222.24,0.0,1.9
2016-04-01,Capital Link MLP,CLMLP,1197.91,1197.91,1197.91,1197.91,0.0,-1.99
2016-04-04,Capital Link MLP,CLMLP,1182.39,1182.39,1182.39,1182.39,0.0,-1.3
2016-04-05,Capital Link MLP,CLMLP,1176.79,1176.79,1176.79,1176.79,0.0,-0.47
2016-04-06,Capital Link MLP,CLMLP,1209.98,1209.98,1209.98,1209.98,0.0,2.82
2016-04-07,Capital Link MLP,CLMLP,1197.65,1197.65,1197.65,1197.65,0.0,-1.02
2016-04-08,Capital Link MLP,CLMLP,1235.15,1235.15,1235.15,1235.15,0.0,3.13
2016-04-11,Capital Link MLP,CLMLP,1251.13,1251.13,1251.13,1251.13,0.0,1.29
2016-04-13,Capital Link MLP,CLMLP,1304.87,1304.87,1304.87,1304.87,0.0,4.3
2016-04-14,Capital Link MLP,CLMLP,1287.05,1287.05,1287.05,1287.05,0.0,-1.37
2016-04-15,Capital Link MLP,CLMLP,1268.74,1268.74,1268.74,1268.74,0.0,-1.42
2016-04-18,Capital Link MLP,CLMLP,1312.46,1312.46,1312.46,1312.46,0.0,3.45
2016-04-19,Capital Link MLP,CLMLP,1350.14,1350.14,1350.14,1350.14,0.0,2.87
2016-04-20,Capital Link MLP,CLMLP,1360.86,1360.86,1360.86,1360.86,0.0,0.79
2016-04-21,Capital Link MLP,CLMLP,1376.8,1376.8,1376.8,1376.8,0.0,1.17
2016-04-25,Capital Link MLP,CLMLP,1397.31,1397.31,1397.31,1397.31,0.0,1.49
2016-04-26,Capital Link MLP,CLMLP,1396.18,1396.18,1396.18,1396.18,0.0,-0.08
2016-04-27,Capital Link MLP,CLMLP,1426.82,1426.82,1426.82,1426.82,0.0,2.19
2016-04-28,Capital Link MLP,CLMLP,1416.4,1416.4,1416.4,1416.4,0.0,-0.73
2016-04-29,Capital Link MLP,CLMLP,1397.19,1397.19,1397.19,1397.19,0.0,-1.36
2016-05-02,Capital Link MLP,CLMLP,1398.04,1398.04,1398.04,1398.04,0.0,0.06
2016-05-03,Capital Link MLP,CLMLP,1366.27,1366.27,1366.27,1366.27,0.0,-2.27
2016-05-04,Capital Link MLP,CLMLP,1347.61,1347.61,1347.61,1347.61,0.0,-1.37
2016-05-05,Capital Link MLP,CLMLP,1315.19,1315.19,1315.19,1315.19,0.0,-2.41
2016-05-06,Capital Link MLP,CLMLP,1321.7,1321.7,1321.7,1321.7,0.0,0.49
2016-05-09,Capital Link MLP,CLMLP,1314.09,1314.09,1314.09,1314.09,0.0,-0.58
2016-05-10,Capital Link MLP,CLMLP,1362.98,1362.98,1362.98,1362.98,0.0,3.72
2016-05-11,Capital Link MLP,CLMLP,1391.84,1391.84,1391.84,1391.84,0.0,2.12
2016-05-12,Capital Link MLP,CLMLP,1376.06,1376.06,1376.06,1376.06,0.0,-1.13
2016-05-13,Capital Link MLP,CLMLP,1359.93,1359.93,1359.93,1359.93,0.0,-1.17
2016-05-16,Capital Link MLP,CLMLP,1404.1,1404.1,1404.1,1404.1,0.0,3.25
2016-05-18,Capital Link MLP,CLMLP,1387.88,1387.88,1387.88,1387.88,0.0,-1.16
2016-05-19,Capital Link MLP,CLMLP,1395.94,1395.94,1395.94,1395.94,0.0,0.58
2016-05-20,Capital Link MLP,CLMLP,1395.94,1395.94,1395.94,1395.94,0.0,0.0
2016-05-23,Capital Link MLP,CLMLP,1375.37,1375.37,1375.37,1375.37,0.0,-1.47
2016-05-24,Capital Link MLP,CLMLP,1384.37,1384.37,1384.37,1384.37,0.0,0.65
2016-05-25,Capital Link MLP,CLMLP,1408.84,1408.84,1408.84,1408.84,0.0,1.77
2016-05-26,Capital Link MLP,CLMLP,1392.5,1392.5,1392.5,1392.5,0.0,-1.16
2016-05-27,Capital Link MLP,CLMLP,1401.65,1401.65,1401.65,1401.65,0.0,0.66
2016-05-31,Capital Link MLP,CLMLP,1410.88,1410.88,1410.88,1410.88,0.0,0.66
2016-06-01,Capital Link MLP,CLMLP,1393.77,1393.77,1393.77,1393.77,0.0,-1.21
2016-06-02,Capital Link MLP,CLMLP,1403.32,1403.32,1403.32,1403.32,0.0,0.69
2016-06-03,Capital Link MLP,CLMLP,1403.96,1403.96,1403.96,1403.96,0.0,0.05
2016-06-06,Capital Link MLP,CLMLP,1453.59,1453.59,1453.59,1453.59,0.0,3.54
2016-06-07,Capital Link MLP,CLMLP,1472.73,1472.73,1472.73,1472.73,0.0,1.32
2016-06-09,Capital Link MLP,CLMLP,1442.99,1442.99,1442.99,1442.99,0.0,-2.02
2016-06-10,Capital Link MLP,CLMLP,1393.49,1393.49,1393.49,1393.49,0.0,-3.43
2016-06-13,Capital Link MLP,CLMLP,1348.9,1348.9,1348.9,1348.9,0.0,-3.2
2016-06-14,Capital Link MLP,CLMLP,1317.17,1317.17,1317.17,1317.17,0.0,-2.35
2016-06-15,Capital Link MLP,CLMLP,1333.38,1333.38,1333.38,1333.38,0.0,1.23
2016-06-16,Capital Link MLP,CLMLP,1322.24,1322.24,1322.24,1322.24,0.0,-0.84
2016-06-17,Capital Link MLP,CLMLP,1359.64,1359.64,1359.64,1359.64,0.0,2.83
2016-06-20,Capital Link MLP,CLMLP,1353.21,1353.21,1353.21,1353.21,0.0,-0.47
2016-06-21,Capital Link MLP,CLMLP,1358.8,1358.8,1358.8,1358.8,0.0,0.41
2016-06-22,Capital Link MLP,CLMLP,1341.36,1341.36,1341.36,1341.36,0.0,-1.28
2016-06-24,Capital Link MLP,CLMLP,1342.88,1342.88,1342.88,1342.88,0.0,0.11
2016-06-27,Capital Link MLP,CLMLP,1273.71,1273.71,1273.71,1273.71,0.0,-5.15
2016-06-28,Capital Link MLP,CLMLP,1329.78,1329.78,1329.78,1329.78,0.0,4.4
2016-06-29,Capital Link MLP,CLMLP,1365.05,1365.05,1365.05,1365.05,0.0,2.65
2016-06-30,Capital Link MLP,CLMLP,1366.08,1366.08,1366.08,1366.08,0.0,0.08
2016-07-01,Capital Link MLP,CLMLP,1385.43,1385.43,1385.43,1385.43,0.0,1.42
2016-07-05,Capital Link MLP,CLMLP,1345.09,1345.09,1345.09,1345.09,0.0,-2.91
2016-07-06,Capital Link MLP,CLMLP,1361.96,1361.96,1361.96,1361.96,0.0,1.25
2016-07-07,Capital Link MLP,CLMLP,1349.26,1349.26,1349.26,1349.26,0.0,-0.93
2016-07-08,Capital Link MLP,CLMLP,1367.38,1367.38,1367.38,1367.38,0.0,1.34
2016-07-11,Capital Link MLP,CLMLP,1374.3,1374.3,1374.3,1374.3,0.0,0.51
2016-07-12,Capital Link MLP,CLMLP,1414.24,1414.24,1414.24,1414.24,0.0,2.91
2016-07-13,Capital Link MLP,CLMLP,1383.92,1383.92,1383.92,1383.92,0.0,-2.14
2016-07-14,Capital Link MLP,CLMLP,1392.8,1392.8,1392.8,1392.8,0.0,0.64
2016-07-15,Capital Link MLP,CLMLP,1395.94,1395.94,1395.94,1395.94,0.0,0.23
2016-07-18,Capital Link MLP,CLMLP,1413.15,1413.15,1413.15,1413.15,0.0,1.23
2016-07-19,Capital Link MLP,CLMLP,1390.09,1390.09,1390.09,1390.09,0.0,-1.63
2016-07-20,Capital Link MLP,CLMLP,1386.86,1386.86,1386.86,1386.86,0.0,-0.23
2016-07-21,Capital Link MLP,CLMLP,1393.73,1393.73,1393.73,1393.73,0.0,0.5
2016-07-22,Capital Link MLP,CLMLP,1400.12,1400.12,1400.12,1400.12,0.0,0.46
2016-07-25,Capital Link MLP,CLMLP,1401.02,1401.02,1401.02,1401.02,0.0,0.06
2016-07-26,Capital Link MLP,CLMLP,1407.13,1407.13,1407.13,1407.13,0.0,0.44
2016-07-27,Capital Link MLP,CLMLP,1398.23,1398.23,1398.23,1398.23,0.0,-0.63
2016-07-28,Capital Link MLP,CLMLP,1393.05,1393.05,1393.05,1393.05,0.0,-0.37
2016-07-29,Capital Link MLP,CLMLP,1428.39,1428.39,1428.39,1428.39,0.0,2.54
2016-08-01,Capital Link MLP,CLMLP,1402.72,1402.72,1402.72,1402.72,0.0,-1.8
2016-08-02,Capital Link MLP,CLMLP,1373.55,1373.55,1373.55,1373.55,0.0,-2.08
2016-08-03,Capital Link MLP,CLMLP,1385.73,1385.73,1385.73,1385.73,0.0,0.89
2016-08-04,Capital Link MLP,CLMLP,1387.57,1387.57,1387.57,1387.57,0.0,0.13
2016-08-05,Capital Link MLP,CLMLP,1398.84,1398.84,1398.84,1398.84,0.0,0.81
2016-08-08,Capital Link MLP,CLMLP,1419.84,1419.84,1419.84,1419.84,0.0,1.5
2016-08-09,Capital Link MLP,CLMLP,1405.56,1405.56,1405.56,1405.56,0.0,-1.01
2016-08-10,Capital Link MLP,CLMLP,1400.0,1400.0,1400.0,1400.0,0.0,-0.4
2016-08-11,Capital Link MLP,CLMLP,1419.26,1419.26,1419.26,1419.26,0.0,1.38
2016-08-12,Capital Link MLP,CLMLP,1426.92,1426.92,1426.92,1426.92,0.0,0.54
2016-08-15,Capital Link MLP,CLMLP,1462.11,1462.11,1462.11,1462.11,0.0,2.47
2016-08-16,Capital Link MLP,CLMLP,1451.87,1451.87,1451.87,1451.87,0.0,-0.7
2016-08-17,Capital Link MLP,CLMLP,1429.0,1429.0,1429.0,1429.0,0.0,-1.58
2016-08-18,Capital Link MLP,CLMLP,1450.89,1450.89,1450.89,1450.89,0.0,1.53
2016-08-19,Capital Link MLP,CLMLP,1421.72,1421.72,1421.72,1421.72,0.0,-2.01
2016-08-22,Capital Link MLP,CLMLP,1415.72,1415.72,1415.72,1415.72,0.0,-0.42
2016-08-23,Capital Link MLP,CLMLP,1439.88,1439.88,1439.88,1439.88,0.0,1.71
2016-08-24,Capital Link MLP,CLMLP,1406.22,1406.22,1406.22,1406.22,0.0,-2.34
2016-08-25,Capital Link MLP,CLMLP,1396.92,1396.92,1396.92,1396.92,0.0,-0.66
2016-08-26,Capital Link MLP,CLMLP,1407.18,1407.18,1407.18,1407.18,0.0,0.73
2016-08-29,Capital Link MLP,CLMLP,1407.84,1407.84,1407.84,1407.84,0.0,0.05
2016-08-30,Capital Link MLP,CLMLP,1408.33,1408.33,1408.33,1408.33,0.0,0.03
2016-08-31,Capital Link MLP,CLMLP,1414.03,1414.03,1414.03,1414.03,0.0,0.4
2016-09-01,Capital Link MLP,CLMLP,1417.73,1417.73,1417.73,1417.73,0.0,0.26
2016-09-06,Capital Link MLP,CLMLP,1455.39,1455.39,1455.39,1455.39,0.0,2.66
2016-09-07,Capital Link MLP,CLMLP,1464.08,1464.08,1464.08,1464.08,0.0,0.6
2016-09-08,Capital Link MLP,CLMLP,1495.51,1495.51,1495.51,1495.51,0.0,2.15
2016-09-09,Capital Link MLP,CLMLP,1471.51,1471.51,1471.51,1471.51,0.0,-1.6
2016-09-12,Capital Link MLP,CLMLP,1464.4,1464.4,1464.4,1464.4,0.0,-0.48
2016-09-13,Capital Link MLP,CLMLP,1429.37,1429.37,1429.37,1429.37,0.0,-2.39
2016-09-14,Capital Link MLP,CLMLP,1430.97,1430.97,1430.97,1430.97,0.0,0.11
2016-09-15,Capital Link MLP,CLMLP,1443.6,1443.6,1443.6,1443.6,0.0,0.88
2016-09-19,Capital Link MLP,CLMLP,1421.76,1421.76,1421.76,1421.76,0.0,-1.51
2016-09-20,Capital Link MLP,CLMLP,1419.43,1419.43,1419.43,1419.43,0.0,-0.16
2016-09-21,Capital Link MLP,CLMLP,1445.55,1445.55,1445.55,1445.55,0.0,1.84
2016-09-23,Capital Link MLP,CLMLP,1454.34,1454.34,1454.34,1454.34,0.0,0.61
2016-09-26,Capital Link MLP,CLMLP,1464.84,1464.84,1464.84,1464.84,0.0,0.72
2016-09-27,Capital Link MLP,CLMLP,1468.07,1468.07,1468.07,1468.07,0.0,0.22
2016-09-29,Capital Link MLP,CLMLP,1507.55,1507.55,1507.55,1507.55,0.0,2.69
2016-09-30,Capital Link MLP,CLMLP,1526.58,1526.58,1526.58,1526.58,0.0,1.26
2016-10-03,Capital Link MLP,CLMLP,1521.23,1521.23,1521.23,1521.23,0.0,-0.35
2016-10-04,Capital Link MLP,CLMLP,1512.69,1512.69,1512.69,1512.69,0.0,-0.56
2016-10-05,Capital Link MLP,CLMLP,1523.76,1523.76,1523.76,1523.76,0.0,0.73
2016-10-06,Capital Link MLP,CLMLP,1509.28,1509.28,1509.28,1509.28,0.0,-0.95
2016-10-07,Capital Link MLP,CLMLP,1514.94,1514.94,1514.94,1514.94,0.0,0.38
2016-10-10,Capital Link MLP,CLMLP,1538.67,1538.67,1538.67,1538.67,0.0,1.57
2016-10-11,Capital Link MLP,CLMLP,1531.26,1531.26,1531.26,1531.26,0.0,-0.48
2016-10-12,Capital Link MLP,CLMLP,1524.86,1524.86,1524.86,1524.86,0.0,-0.42
2016-10-13,Capital Link MLP,CLMLP,1517.48,1517.48,1517.48,1517.48,0.0,-0.48
2016-10-14,Capital Link MLP,CLMLP,1556.09,1556.09,1556.09,1556.09,0.0,2.54
2016-10-17,Capital Link MLP,CLMLP,1559.27,1559.27,1559.27,1559.27,0.0,0.2
2016-10-18,Capital Link MLP,CLMLP,1577.19,1577.19,1577.19,1577.19,0.0,1.15
2016-10-19,Capital Link MLP,CLMLP,1584.48,1584.48,1584.48,1584.48,0.0,0.46
2016-10-20,Capital Link MLP,CLMLP,1592.88,1592.88,1592.88,1592.88,0.0,0.53
2016-10-21,Capital Link MLP,CLMLP,1574.33,1574.33,1574.33,1574.33,0.0,-1.16
2016-10-24,Capital Link MLP,CLMLP,1597.62,1597.62,1597.62,1597.62,0.0,1.48
2016-10-25,Capital Link MLP,CLMLP,1580.51,1580.51,1580.51,1580.51,0.0,-1.07
2016-10-27,Capital Link MLP,CLMLP,1557.32,1557.32,1557.32,1557.32,0.0,-1.47
2016-10-28,Capital Link MLP,CLMLP,1527.77,1527.77,1527.77,1527.77,0.0,-1.9
2016-10-31,Capital Link MLP,CLMLP,1499.98,1499.98,1499.98,1499.98,0.0,-1.82
2016-11-01,Capital Link MLP,CLMLP,1488.2,1488.2,1488.2,1488.2,0.0,-0.79
2016-11-02,Capital Link MLP,CLMLP,1443.83,1443.83,1443.83,1443.83,0.0,-2.98
2016-11-03,Capital Link MLP,CLMLP,1427.31,1427.31,1427.31,1427.31,0.0,-1.14
2016-11-04,Capital Link MLP,CLMLP,1407.51,1407.51,1407.51,1407.51,0.0,-1.39
2016-11-07,Capital Link MLP,CLMLP,1434.45,1434.45,1434.45,1434.45,0.0,1.91
2016-11-08,Capital Link MLP,CLMLP,1428.62,1428.62,1428.62,1428.62,0.0,-0.41
2016-11-09,Capital Link MLP,CLMLP,1474.8,1474.8,1474.8,1474.8,0.0,3.23
2016-11-10,Capital Link MLP,CLMLP,1465.21,1465.21,1465.21,1465.21,0.0,-0.65
2016-11-11,Capital Link MLP,CLMLP,1480.45,1480.45,1480.45,1480.45,0.0,1.04
2016-11-14,Capital Link MLP,CLMLP,1506.1,1506.1,1506.1,1506.1,0.0,1.73
2016-11-15,Capital Link MLP,CLMLP,1530.12,1530.12,1530.12,1530.12,0.0,1.59
2016-11-16,Capital Link MLP,CLMLP,1500.72,1500.72,1500.72,1500.72,0.0,-1.92
2016-11-17,Capital Link MLP,CLMLP,1474.0,1474.0,1474.0,1474.0,0.0,-1.78
2016-11-18,Capital Link MLP,CLMLP,1503.25,1503.25,1503.25,1503.25,0.0,1.98
2016-11-21,Capital Link MLP,CLMLP,1551.25,1551.25,1551.25,1551.25,0.0,3.19
2016-11-22,Capital Link MLP,CLMLP,1548.06,1548.06,1548.06,1548.06,0.0,-0.21
2016-11-23,Capital Link MLP,CLMLP,1580.87,1580.87,1580.87,1580.87,0.0,2.12
2016-11-25,Capital Link MLP,CLMLP,1560.33,1560.33,1560.33,1560.33,0.0,-1.3
2016-11-28,Capital Link MLP,CLMLP,1549.46,1549.46,1549.46,1549.46,0.0,-0.7
2016-11-30,Capital Link MLP,CLMLP,1593.73,1593.73,1593.73,1593.73,0.0,2.86
2016-12-01,Capital Link MLP,CLMLP,1571.35,1571.35,1571.35,1571.35,0.0,-1.4
2016-12-02,Capital Link MLP,CLMLP,1588.86,1588.86,1588.86,1588.86,0.0,1.11
2016-12-05,Capital Link MLP,CLMLP,1596.8,1596.8,1596.8,1596.8,0.0,0.5
2016-12-06,Capital Link MLP,CLMLP,1600.56,1600.56,1600.56,1600.56,0.0,0.24
2016-12-07,Capital Link MLP,CLMLP,1596.66,1596.66,1596.66,1596.66,0.0,-0.24
2016-12-09,Capital Link MLP,CLMLP,1596.7,1596.7,1596.7,1596.7,0.0,0.0
2016-12-12,Capital Link MLP,CLMLP,1590.61,1590.61,1590.61,1590.61,0.0,-0.38
2016-12-13,Capital Link MLP,CLMLP,1602.81,1602.81,1602.81,1602.81,0.0,0.77
2016-12-14,Capital Link MLP,CLMLP,1570.87,1570.87,1570.87,1570.87,0.0,-1.99
2016-12-15,Capital Link MLP,CLMLP,1587.35,1587.35,1587.35,1587.35,0.0,1.05
2016-12-16,Capital Link MLP,CLMLP,1615.75,1615.75,1615.75,1615.75,0.0,1.79
2016-12-19,Capital Link MLP,CLMLP,1601.04,1601.04,1601.04,1601.04,0.0,-0.91
2016-12-20,Capital Link MLP,CLMLP,1607.79,1607.79,1607.79,1607.79,0.0,0.42
2016-12-21,Capital Link MLP,CLMLP,1604.48,1604.48,1604.48,1604.48,0.0,-0.21
2016-12-23,Capital Link MLP,CLMLP,1594.98,1594.98,1594.98,1594.98,0.0,-0.59
2016-12-27,Capital Link MLP,CLMLP,1611.14,1611.14,1611.14,1611.14,0.0,1.01
2016-12-28,Capital Link MLP,CLMLP,1608.9,1608.9,1608.9,1608.9,0.0,-0.14
2016-12-29,Capital Link MLP,CLMLP,1636.01,1636.01,1636.01,1636.01,0.0,1.69
2016-12-30,Capital Link MLP,CLMLP,1665.88,1665.88,1665.88,1665.88,0.0,1.83
2017-01-03,Capital Link MLP,CLMLP,1681.56,1681.56,1681.56,1681.56,0.0,0.94
2017-01-04,Capital Link MLP,CLMLP,1682.66,1682.66,1682.66,1682.66,0.0,0.07
2017-01-05,Capital Link MLP,CLMLP,1637.92,1637.92,1637.92,1637.92,0.0,-2.66
2017-01-06,Capital Link MLP,CLMLP,1660.28,1660.28,1660.28,1660.28,0.0,1.37
2017-01-09,Capital Link MLP,CLMLP,1656.82,1656.82,1656.82,1656.82,0.0,-0.21
2017-01-10,Capital Link MLP,CLMLP,1639.5,1639.5,1639.5,1639.5,0.0,-1.05
2017-01-11,Capital Link MLP,CLMLP,1656.22,1656.22,1656.22,1656.22,0.0,1.02
2017-01-12,Capital Link MLP,CLMLP,1650.64,1650.64,1650.64,1650.64,0.0,-0.34
2017-01-13,Capital Link MLP,CLMLP,1652.69,1652.69,1652.69,1652.69,0.0,0.12
2017-01-17,Capital Link MLP,CLMLP,1646.51,1646.51,1646.51,1646.51,0.0,-0.37
2017-01-18,Capital Link MLP,CLMLP,1654.85,1654.85,1654.85,1654.85,0.0,0.51
2017-01-19,Capital Link MLP,CLMLP,1676.01,1676.01,1676.01,1676.01,0.0,1.28
2017-01-20,Capital Link MLP,CLMLP,1686.45,1686.45,1686.45,1686.45,0.0,0.62
2017-01-23,Capital Link MLP,CLMLP,1698.81,1698.81,1698.81,1698.81,0.0,0.73
2017-01-24,Capital Link MLP,CLMLP,1736.18,1736.18,1736.18,1736.18,0.0,2.2
2017-01-25,Capital Link MLP,CLMLP,1741.76,1741.76,1741.76,1741.76,0.0,0.32
2017-01-26,Capital Link MLP,CLMLP,1760.85,1760.85,1760.85,1760.85,0.0,1.1
2017-01-27,Capital Link MLP,CLMLP,1779.36,1779.36,1779.36,1779.36,0.0,1.05
2017-01-30,Capital Link MLP,CLMLP,1766.4,1766.4,1766.4,1766.4,0.0,-0.73
2017-01-31,Capital Link MLP,CLMLP,1776.35,1776.35,1776.35,1776.35,0.0,0.56
2017-02-01,Capital Link MLP,CLMLP,1788.67,1788.67,1788.67,1788.67,0.0,0.69
2017-02-02,Capital Link MLP,CLMLP,1782.45,1782.45,1782.45,1782.45,0.0,-0.35
2017-02-03,Capital Link MLP,CLMLP,1790.49,1790.49,1790.49,1790.49,0.0,0.45
2017-02-08,Capital Link MLP,CLMLP,1723.74,1723.74,1723.74,1723.74,0.0,-3.73
2017-02-09,Capital Link MLP,CLMLP,1750.69,1750.69,1750.69,1750.69,0.0,1.56
2017-02-10,Capital Link MLP,CLMLP,1771.6,1771.6,1771.6,1771.6,0.0,1.19
2017-02-13,Capital Link MLP,CLMLP,1772.21,1772.21,1772.21,1772.21,0.0,0.03
2017-02-14,Capital Link MLP,CLMLP,1787.03,1787.03,1787.03,1787.03,0.0,0.84
2017-02-15,Capital Link MLP,CLMLP,1790.61,1790.61,1790.61,1790.61,0.0,0.2
2017-02-16,Capital Link MLP,CLMLP,1795.06,1795.06,1795.06,1795.06,0.0,0.25
2017-02-17,Capital Link MLP,CLMLP,1780.59,1780.59,1780.59,1780.59,0.0,-0.81
2017-02-21,Capital Link MLP,CLMLP,1819.25,1819.25,1819.25,1819.25,0.0,2.17
2017-02-22,Capital Link MLP,CLMLP,1800.79,1800.79,1800.79,1800.79,0.0,-1.01
2017-02-23,Capital Link MLP,CLMLP,1802.77,1802.77,1802.77,1802.77,0.0,0.11
2017-02-24,Capital Link MLP,CLMLP,1801.19,1801.19,1801.19,1801.19,0.0,-0.09
2017-02-27,Capital Link MLP,CLMLP,1781.61,1781.61,1781.61,1781.61,0.0,-1.09
2017-02-28,Capital Link MLP,CLMLP,1765.79,1765.79,1765.79,1765.79,0.0,-0.89
2017-03-01,Capital Link MLP,CLMLP,1789.68,1789.68,1789.68,1789.68,0.0,1.35
2017-03-02,Capital Link MLP,CLMLP,1781.09,1781.09,1781.09,1781.09,0.0,-0.48
2017-03-03,Capital Link MLP,CLMLP,1794.21,1794.21,1794.21,1794.21,0.0,0.74
2017-03-07,Capital Link MLP,CLMLP,1767.58,1767.58,1767.58,1767.58,0.0,-1.48
2017-03-08,Capital Link MLP,CLMLP,1740.15,1740.15,1740.15,1740.15,0.0,-1.55
2017-03-09,Capital Link MLP,CLMLP,1711.62,1711.62,1711.62,1711.62,0.0,-1.64
2017-03-10,Capital Link MLP,CLMLP,1719.41,1719.41,1719.41,1719.41,0.0,0.46
2017-03-13,Capital Link MLP,CLMLP,1715.87,1715.87,1715.87,1715.87,0.0,-0.21
2017-03-14,Capital Link MLP,CLMLP,1700.62,1700.62,1700.62,1700.62,0.0,-0.89
2017-03-15,Capital Link MLP,CLMLP,1725.17,1725.17,1725.17,1725.17,0.0,1.44
2017-03-16,Capital Link MLP,CLMLP,1726.73,1726.73,1726.73,1726.73,0.0,0.09
2017-03-17,Capital Link MLP,CLMLP,1717.31,1717.31,1717.31,1717.31,0.0,-0.55
2017-03-20,Capital Link MLP,CLMLP,1719.87,1719.87,1719.87,1719.87,0.0,0.15
2017-03-22,Capital Link MLP,CLMLP,1678.61,1678.61,1678.61,1678.61,0.0,-2.4
2017-03-23,Capital Link MLP,CLMLP,1695.53,1695.53,1695.53,1695.53,0.0,1.01
2017-03-24,Capital Link MLP,CLMLP,1710.25,1710.25,1710.25,1710.25,0.0,0.87
2017-03-27,Capital Link MLP,CLMLP,1690.72,1690.72,1690.72,1690.72,0.0,-1.14
2017-03-28,Capital Link MLP,CLMLP,1730.38,1730.38,1730.38,1730.38,0.0,2.35
2017-03-29,Capital Link MLP,CLMLP,1742.98,1742.98,1742.98,1742.98,0.0,0.73
2017-03-30,Capital Link MLP,CLMLP,1748.1,1748.1,1748.1,1748.1,0.0,0.29
2017-03-31,Capital Link MLP,CLMLP,1756.58,1756.58,1756.58,1756.58,0.0,0.49
2017-04-03,Capital Link MLP,CLMLP,1742.26,1742.26,1742.26,1742.26,0.0,-0.82
2017-04-04,Capital Link MLP,CLMLP,1733.05,1733.05,1733.05,1733.05,0.0,-0.53
2017-04-05,Capital Link MLP,CLMLP,1704.74,1704.74,1704.74,1704.74,0.0,-1.63
2017-04-06,Capital Link MLP,CLMLP,1721.74,1721.74,1721.74,1721.74,0.0,1.0
2017-04-07,Capital Link MLP,CLMLP,1719.86,1719.86,1719.86,1719.86,0.0,-0.11
2017-04-10,Capital Link MLP,CLMLP,1730.25,1730.25,1730.25,1730.25,0.0,0.6
2017-04-11,Capital Link MLP,CLMLP,1735.88,1735.88,1735.88,1735.88,0.0,0.33
2017-04-12,Capital Link MLP,CLMLP,1722.03,1722.03,1722.03,1722.03,0.0,-0.8
2017-04-13,Capital Link MLP,CLMLP,1702.61,1702.61,1702.61,1702.61,0.0,-1.13
2017-04-17,Capital Link MLP,CLMLP,1701.57,1701.57,1701.57,1701.57,0.0,-0.06
2017-04-18,Capital Link MLP,CLMLP,1714.44,1714.44,1714.44,1714.44,0.0,0.76
2017-04-19,Capital Link MLP,CLMLP,1695.35,1695.35,1695.35,1695.35,0.0,-1.11
2017-04-20,Capital Link MLP,CLMLP,1713.78,1713.78,1713.78,1713.78,0.0,1.09
2017-04-21,Capital Link MLP,CLMLP,1716.15,1716.15,1716.15,1716.15,0.0,0.14
2017-04-24,Capital Link MLP,CLMLP,1734.54,1734.54,1734.54,1734.54,0.0,1.07
2017-04-25,Capital Link MLP,CLMLP,1746.61,1746.61,1746.61,1746.61,0.0,0.7
2017-04-26,Capital Link MLP,CLMLP,1743.18,1743.18,1743.18,1743.18,0.0,-0.2
2017-04-27,Capital Link MLP,CLMLP,1734.79,1734.79,1734.79,1734.79,0.0,-0.48
2017-04-28,Capital Link MLP,CLMLP,1739.27,1739.27,1739.27,1739.27,0.0,0.26
2017-05-01,Capital Link MLP,CLMLP,1767.4,1767.4,1767.4,1767.4,0.0,1.62
2017-05-02,Capital Link MLP,CLMLP,1749.04,1749.04,1749.04,1749.04,0.0,-1.04
2017-05-03,Capital Link MLP,CLMLP,1708.97,1708.97,1708.97,1708.97,0.0,-2.29
2017-05-04,Capital Link MLP,CLMLP,1656.74,1656.74,1656.74,1656.74,0.0,-3.06
2017-05-05,Capital Link MLP,CLMLP,1702.54,1702.54,1702.54,1702.54,0.0,2.76
2017-05-08,Capital Link MLP,CLMLP,1683.04,1683.04,1683.04,1683.04,0.0,-1.15
2017-05-09,Capital Link MLP,CLMLP,1662.17,1662.17,1662.17,1662.17,0.0,-1.24
2017-05-10,Capital Link MLP,CLMLP,1684.53,1684.53,1684.53,1684.53,0.0,1.35
2017-05-11,Capital Link MLP,CLMLP,1672.6,1672.6,1672.6,1672.6,0.0,-0.71
2017-05-12,Capital Link MLP,CLMLP,1671.77,1671.77,1671.77,1671.77,0.0,-0.05
2017-05-15,Capital Link MLP,CLMLP,1684.55,1684.55,1684.55,1684.55,0.0,0.76
2017-05-16,Capital Link MLP,CLMLP,1676.03,1676.03,1676.03,1676.03,0.0,-0.51
2017-05-17,Capital Link MLP,CLMLP,1645.22,1645.22,1645.22,1645.22,0.0,-1.84
2017-05-18,Capital Link MLP,CLMLP,1631.38,1631.38,1631.38,1631.38,0.0,-0.84
2017-05-19,Capital Link MLP,CLMLP,1673.43,1673.43,1673.43,1673.43,0.0,2.58
2017-05-23,Capital Link MLP,CLMLP,1684.47,1684.47,1684.47,1684.47,0.0,0.66
2017-05-24,Capital Link MLP,CLMLP,1652.01,1652.01,1652.01,1652.01,0.0,-1.93
2017-05-25,Capital Link MLP,CLMLP,1653.64,1653.64,1653.64,1653.64,0.0,0.1
2017-05-26,Capital Link MLP,CLMLP,1660.9,1660.9,1660.9,1660.9,0.0,0.44
2017-05-30,Capital Link MLP,CLMLP,1617.08,1617.08,1617.08,1617.08,0.0,-2.64
2017-05-31,Capital Link MLP,CLMLP,1584.51,1584.51,1584.51,1584.51,0.0,-2.01
2017-06-01,Capital Link MLP,CLMLP,1626.12,1626.12,1626.12,1626.12,0.0,2.63
2017-06-02,Capital Link MLP,CLMLP,1616.33,1616.33,1616.33,1616.33,0.0,-0.6
2017-06-05,Capital Link MLP,CLMLP,1621.7,1621.7,1621.7,1621.7,0.0,0.33
2017-06-06,Capital Link MLP,CLMLP,1629.37,1629.37,1629.37,1629.37,0.0,0.47
2017-06-07,Capital Link MLP,CLMLP,1604.56,1604.56,1604.56,1604.56,0.0,-1.52
2017-06-08,Capital Link MLP,CLMLP,1586.14,1586.14,1586.14,1586.14,0.0,-1.15
2017-06-09,Capital Link MLP,CLMLP,1587.18,1587.18,1587.18,1587.18,0.0,0.07
2017-06-12,Capital Link MLP,CLMLP,1656.03,1656.03,1656.03,1656.03,0.0,4.34
2017-06-13,Capital Link MLP,CLMLP,1687.16,1687.16,1687.16,1687.16,0.0,1.88
2017-06-14,Capital Link MLP,CLMLP,1647.8,1647.8,1647.8,1647.8,0.0,-2.33
2017-06-15,Capital Link MLP,CLMLP,1604.89,1604.89,1604.89,1604.89,0.0,-2.6
2017-06-19,Capital Link MLP,CLMLP,1622.32,1622.32,1622.32,1622.32,0.0,1.09
2017-06-20,Capital Link MLP,CLMLP,1597.95,1597.95,1597.95,1597.95,0.0,-1.5
2017-06-21,Capital Link MLP,CLMLP,1597.32,1597.32,1597.32,1597.32,0.0,-0.04
2017-06-22,Capital Link MLP,CLMLP,1620.51,1620.51,1620.51,1620.51,0.0,1.45
2017-06-23,Capital Link MLP,CLMLP,1651.23,1651.23,1651.23,1651.23,0.0,1.9
2017-06-26,Capital Link MLP,CLMLP,1658.32,1658.32,1658.32,1658.32,0.0,0.43
2017-06-27,Capital Link MLP,CLMLP,1628.95,1628.95,1628.95,1628.95,0.0,-1.77
2017-06-28,Capital Link MLP,CLMLP,1642.15,1642.15,1642.15,1642.15,0.0,0.81
2017-06-30,Capital Link MLP,CLMLP,1646.64,1646.64,1646.64,1646.64,0.0,0.27
2017-07-03,Capital Link MLP,CLMLP,1733.79,1733.79,1733.79,1733.79,0.0,5.29
2017-07-05,Capital Link MLP,CLMLP,1701.44,1701.44,1701.44,1701.44,0.0,-1.87
2017-07-06,Capital Link MLP,CLMLP,1689.61,1689.61,1689.61,1689.61,0.0,-0.7
2017-07-07,Capital Link MLP,CLMLP,1668.18,1668.18,1668.18,1668.18,0.0,-1.27
2017-07-10,Capital Link MLP,CLMLP,1677.79,1677.79,1677.79,1677.79,0.0,0.58
2017-07-11,Capital Link MLP,CLMLP,1694.76,1694.76,1694.76,1694.76,0.0,1.01
2017-07-12,Capital Link MLP,CLMLP,1701.53,1701.53,1701.53,1701.53,0.0,0.4
2017-07-13,Capital Link MLP,CLMLP,1709.13,1709.13,1709.13,1709.13,0.0,0.45
2017-07-14,Capital Link MLP,CLMLP,1715.74,1715.74,1715.74,1715.74,0.0,0.39
2017-07-17,Capital Link MLP,CLMLP,1735.79,1735.79,1735.79,1735.79,0.0,1.17
2017-07-18,Capital Link MLP,CLMLP,1744.22,1744.22,1744.22,1744.22,0.0,0.49
2017-07-19,Capital Link MLP,CLMLP,1757.28,1757.28,1757.28,1757.28,0.0,0.75
2017-07-20,Capital Link MLP,CLMLP,1749.29,1749.29,1749.29,1749.29,0.0,-0.45
2017-07-21,Capital Link MLP,CLMLP,1756.58,1756.58,1756.58,1756.58,0.0,0.42
2017-07-24,Capital Link MLP,CLMLP,1776.74,1776.74,1776.74,1776.74,0.0,1.15
2017-07-25,Capital Link MLP,CLMLP,1792.9,1792.9,1792.9,1792.9,0.0,0.91
2017-07-27,Capital Link MLP,CLMLP,1793.71,1793.71,1793.71,1793.71,0.0,0.05
2017-07-28,Capital Link MLP,CLMLP,1824.17,1824.17,1824.17,1824.17,0.0,1.7
2017-07-31,Capital Link MLP,CLMLP,1812.86,1812.86,1812.86,1812.86,0.0,-0.62
2017-08-01,Capital Link MLP,CLMLP,1802.55,1802.55,1802.55,1802.55,0.0,-0.57
2017-08-02,Capital Link MLP,CLMLP,1758.3,1758.3,1758.3,1758.3,0.0,-2.45
2017-08-03,Capital Link MLP,CLMLP,1714.1,1714.1,1714.1,1714.1,0.0,-2.51
2017-08-04,Capital Link MLP,CLMLP,1724.86,1724.86,1724.86,1724.86,0.0,0.63
2017-08-07,Capital Link MLP,CLMLP,1724.75,1724.75,1724.75,1724.75,0.0,-0.01
2017-08-08,Capital Link MLP,CLMLP,1695.07,1695.07,1695.07,1695.07,0.0,-1.72
2017-08-09,Capital Link MLP,CLMLP,1693.6,1693.6,1693.6,1693.6,0.0,-0.09
2017-08-10,Capital Link MLP,CLMLP,1679.69,1679.69,1679.69,1679.69,0.0,-0.82
2017-08-11,Capital Link MLP,CLMLP,1692.89,1692.89,1692.89,1692.89,0.0,0.79
2017-08-14,Capital Link MLP,CLMLP,1696.32,1696.32,1696.32,1696.32,0.0,0.2
2017-08-15,Capital Link MLP,CLMLP,1668.21,1668.21,1668.21,1668.21,0.0,-1.66
2017-08-16,Capital Link MLP,CLMLP,1663.75,1663.75,1663.75,1663.75,0.0,-0.27
2017-08-17,Capital Link MLP,CLMLP,1652.26,1652.26,1652.26,1652.26,0.0,-0.69
2017-08-18,Capital Link MLP,CLMLP,1654.71,1654.71,1654.71,1654.71,0.0,0.15
2017-08-21,Capital Link MLP,CLMLP,1639.96,1639.96,1639.96,1639.96,0.0,-0.89
2017-08-22,Capital Link MLP,CLMLP,1666.19,1666.19,1666.19,1666.19,0.0,1.6
2017-08-23,Capital Link MLP,CLMLP,1688.17,1688.17,1688.17,1688.17,0.0,1.32
2017-08-24,Capital Link MLP,CLMLP,1690.06,1690.06,1690.06,1690.06,0.0,0.11
2017-08-25,Capital Link MLP,CLMLP,1706.53,1706.53,1706.53,1706.53,0.0,0.97
2017-08-28,Capital Link MLP,CLMLP,1689.55,1689.55,1689.55,1689.55,0.0,-1.0
2017-08-29,Capital Link MLP,CLMLP,1690.7,1690.7,1690.7,1690.7,0.0,0.07
2017-08-30,Capital Link MLP,CLMLP,1686.98,1686.98,1686.98,1686.98,0.0,-0.22
2017-08-31,Capital Link MLP,CLMLP,1707.92,1707.92,1707.92,1707.92,0.0,1.24
2017-09-01,Capital Link MLP,CLMLP,1723.51,1723.51,1723.51,1723.51,0.0,0.91
2017-09-05,Capital Link MLP,CLMLP,1703.49,1703.49,1703.49,1703.49,0.0,-1.16
2017-09-06,Capital Link MLP,CLMLP,1707.6,1707.6,1707.6,1707.6,0.0,0.24
2017-09-07,Capital Link MLP,CLMLP,1684.77,1684.77,1684.77,1684.77,0.0,-1.34
2017-09-08,Capital Link MLP,CLMLP,1682.52,1682.52,1682.52,1682.52,0.0,-0.13
2017-09-11,Capital Link MLP,CLMLP,1681.83,1681.83,1681.83,1681.83,0.0,-0.04
2017-09-12,Capital Link MLP,CLMLP,1683.5,1683.5,1683.5,1683.5,0.0,0.1
2017-09-13,Capital Link MLP,CLMLP,1690.53,1690.53,1690.53,1690.53,0.0,0.42
2017-09-14,Capital Link MLP,CLMLP,1697.89,1697.89,1697.89,1697.89,0.0,0.44
2017-09-15,Capital Link MLP,CLMLP,1691.8,1691.8,1691.8,1691.8,0.0,-0.36
2017-09-18,Capital Link MLP,CLMLP,1700.87,1700.87,1700.87,1700.87,0.0,0.54
2017-09-19,Capital Link MLP,CLMLP,1708.62,1708.62,1708.62,1708.62,0.0,0.46
2017-09-20,Capital Link MLP,CLMLP,1729.25,1729.25,1729.25,1729.25,0.0,1.21
2017-09-21,Capital Link MLP,CLMLP,1715.05,1715.05,1715.05,1715.05,0.0,-0.82
2017-09-22,Capital Link MLP,CLMLP,1722.91,1722.91,1722.91,1722.91,0.0,0.46
2017-09-25,Capital Link MLP,CLMLP,1709.55,1709.55,1709.55,1709.55,0.0,-0.78
2017-09-26,Capital Link MLP,CLMLP,1716.7,1716.7,1716.7,1716.7,0.0,0.42
2017-09-27,Capital Link MLP,CLMLP,1719.5,1719.5,1719.5,1719.5,0.0,0.16
2017-09-28,Capital Link MLP,CLMLP,1726.28,1726.28,1726.28,1726.28,0.0,0.39
2017-09-29,Capital Link MLP,CLMLP,1629.67,1629.67,1629.67,1629.67,0.0,-5.6
2017-10-02,Capital Link MLP,CLMLP,1628.58,1628.58,1628.58,1628.58,0.0,-0.07
2017-10-03,Capital Link MLP,CLMLP,1620.02,1620.02,1620.02,1620.02,0.0,-0.53
2017-10-04,Capital Link MLP,CLMLP,1623.11,1623.11,1623.11,1623.11,0.0,0.19
2017-10-05,Capital Link MLP,CLMLP,1641.73,1641.73,1641.73,1641.73,0.0,1.15
2017-10-06,Capital Link MLP,CLMLP,1637.76,1637.76,1637.76,1637.76,0.0,-0.24
2017-10-09,Capital Link MLP,CLMLP,1637.04,1637.04,1637.04,1637.04,0.0,-0.04
2017-10-10,Capital Link MLP,CLMLP,1632.81,1632.81,1632.81,1632.81,0.0,-0.26
2017-10-11,Capital Link MLP,CLMLP,1628.88,1628.88,1628.88,1628.88,0.0,-0.24
2017-10-12,Capital Link MLP,CLMLP,1641.57,1641.57,1641.57,1641.57,0.0,0.78
2017-10-13,Capital Link MLP,CLMLP,1631.77,1631.77,1631.77,1631.77,0.0,-0.6
2017-10-16,Capital Link MLP,CLMLP,1629.81,1629.81,1629.81,1629.81,0.0,-0.12
2017-10-17,Capital Link MLP,CLMLP,1615.72,1615.72,1615.72,1615.72,0.0,-0.86
2017-10-18,Capital Link MLP,CLMLP,1610.49,1610.49,1610.49,1610.49,0.0,-0.32
2017-10-19,Capital Link MLP,CLMLP,1612.86,1612.86,1612.86,1612.86,0.0,0.15
2017-10-20,Capital Link MLP,CLMLP,1616.92,1616.92,1616.92,1616.92,0.0,0.25
2017-10-23,Capital Link MLP,CLMLP,1605.65,1605.65,1605.65,1605.65,0.0,-0.7
2017-10-24,Capital Link MLP,CLMLP,1613.26,1613.26,1613.26,1613.26,0.0,0.47
2017-10-25,Capital Link MLP,CLMLP,1586.27,1586.27,1586.27,1586.27,0.0,-1.67
2017-10-26,Capital Link MLP,CLMLP,1592.92,1592.92,1592.92,1592.92,0.0,0.42
2017-10-27,Capital Link MLP,CLMLP,1605.1,1605.1,1605.1,1605.1,0.0,0.76
2017-10-30,Capital Link MLP,CLMLP,1601.17,1601.17,1601.17,1601.17,0.0,-0.24
2017-10-31,Capital Link MLP,CLMLP,1587.19,1587.19,1587.19,1587.19,0.0,-0.87
2017-11-01,Capital Link MLP,CLMLP,1572.84,1572.84,1572.84,1572.84,0.0,-0.9
2017-11-02,Capital Link MLP,CLMLP,1551.53,1551.53,1551.53,1551.53,0.0,-1.35
2017-11-03,Capital Link MLP,CLMLP,1555.97,1555.97,1555.97,1555.97,0.0,0.29
2017-11-06,Capital Link MLP,CLMLP,1594.65,1594.65,1594.65,1594.65,0.0,2.49
2017-11-07,Capital Link MLP,CLMLP,1581.49,1581.49,1581.49,1581.49,0.0,-0.83
2017-11-08,Capital Link MLP,CLMLP,1554.04,1554.04,1554.04,1554.04,0.0,-1.74
2017-11-09,Capital Link MLP,CLMLP,1564.16,1564.16,1564.16,1564.16,0.0,0.65
2017-11-10,Capital Link MLP,CLMLP,1569.78,1569.78,1569.78,1569.78,0.0,0.36
2017-11-13,Capital Link MLP,CLMLP,1545.48,1545.48,1545.48,1545.48,0.0,-1.55
2017-11-14,Capital Link MLP,CLMLP,1505.13,1505.13,1505.13,1505.13,0.0,-2.61
2017-11-15,Capital Link MLP,CLMLP,1520.8,1520.8,1520.8,1520.8,0.0,1.04
2017-11-16,Capital Link MLP,CLMLP,1508.02,1508.02,1508.02,1508.02,0.0,-0.84
2017-11-17,Capital Link MLP,CLMLP,1532.73,1532.73,1532.73,1532.73,0.0,1.64
2017-11-20,Capital Link MLP,CLMLP,1519.94,1519.94,1519.94,1519.94,0.0,-0.83
2017-11-21,Capital Link MLP,CLMLP,1513.37,1513.37,1513.37,1513.37,0.0,-0.43
2017-11-22,Capital Link MLP,CLMLP,1517.08,1517.08,1517.08,1517.08,0.0,0.25
2017-11-24,Capital Link MLP,CLMLP,1531.77,1531.77,1531.77,1531.77,0.0,0.97
2017-11-27,Capital Link MLP,CLMLP,1524.54,1524.54,1524.54,1524.54,0.0,-0.47
2017-11-28,Capital Link MLP,CLMLP,1532.78,1532.78,1532.78,1532.78,0.0,0.54
2017-11-29,Capital Link MLP,CLMLP,1525.28,1525.28,1525.28,1525.28,0.0,-0.49
2017-11-30,Capital Link MLP,CLMLP,1500.52,1500.52,1500.52,1500.52,0.0,-1.62
2017-12-01,Capital Link MLP,CLMLP,1497.98,1497.98,1497.98,1497.98,0.0,-0.17
2017-12-04,Capital Link MLP,CLMLP,1506.92,1506.92,1506.92,1506.92,0.0,0.6
2017-12-05,Capital Link MLP,CLMLP,1499.26,1499.26,1499.26,1499.26,0.0,-0.51
2017-12-06,Capital Link MLP,CLMLP,1480.23,1480.23,1480.23,1480.23,0.0,-1.27
2017-12-07,Capital Link MLP,CLMLP,1501.52,1501.52,1501.52,1501.52,0.0,1.44
2017-12-08,Capital Link MLP,CLMLP,1493.43,1493.43,1493.43,1493.43,0.0,-0.54
2017-12-11,Capital Link MLP,CLMLP,1517.99,1517.99,1517.99,1517.99,0.0,1.64
2017-12-12,Capital Link MLP,CLMLP,1525.85,1525.85,1525.85,1525.85,0.0,0.52
2017-12-13,Capital Link MLP,CLMLP,1534.03,1534.03,1534.03,1534.03,0.0,0.54
2017-12-14,Capital Link MLP,CLMLP,1558.16,1558.16,1558.16,1558.16,0.0,1.57
2017-12-15,Capital Link MLP,CLMLP,1565.55,1565.55,1565.55,1565.55,0.0,0.47
2017-12-18,Capital Link MLP,CLMLP,1617.04,1617.04,1617.04,1617.04,0.0,3.29
2017-12-19,Capital Link MLP,CLMLP,1613.34,1613.34,1613.34,1613.34,0.0,-0.23
2017-12-20,Capital Link MLP,CLMLP,1623.51,1623.51,1623.51,1623.51,0.0,0.63
2017-12-21,Capital Link MLP,CLMLP,1620.01,1620.01,1620.01,1620.01,0.0,-0.22
2017-12-22,Capital Link MLP,CLMLP,1632.55,1632.55,1632.55,1632.55,0.0,0.77
2017-12-26,Capital Link MLP,CLMLP,1646.22,1646.22,1646.22,1646.22,0.0,0.84
2017-12-27,Capital Link MLP,CLMLP,1648.27,1648.27,1648.27,1648.27,0.0,0.12
2017-12-28,Capital Link MLP,CLMLP,1665.55,1665.55,1665.55,1665.55,0.0,1.05
2017-12-29,Capital Link MLP,CLMLP,1667.5,1667.5,1667.5,1667.5,0.0,0.12
2018-01-02,Capital Link MLP,CLMLP,1691.95,1691.95,1691.95,1691.95,0.0,1.47
2018-01-03,Capital Link MLP,CLMLP,1693.59,1693.59,1693.59,1693.59,0.0,0.1
2018-01-04,Capital Link MLP,CLMLP,1700.3,1700.3,1700.3,1700.3,0.0,0.4
2018-01-05,Capital Link MLP,CLMLP,1681.67,1681.67,1681.67,1681.67,0.0,-1.1
2018-01-08,Capital Link MLP,CLMLP,1688.06,1688.06,1688.06,1688.06,0.0,0.38
2018-01-09,Capital Link MLP,CLMLP,1680.31,1680.31,1680.31,1680.31,0.0,-0.46
2018-01-10,Capital Link MLP,CLMLP,1661.75,1661.75,1661.75,1661.75,0.0,-1.1
2018-01-11,Capital Link MLP,CLMLP,1655.5,1655.5,1655.5,1655.5,0.0,-0.38
2018-01-12,Capital Link MLP,CLMLP,1677.5,1677.5,1677.5,1677.5,0.0,1.33
2018-01-16,Capital Link MLP,CLMLP,1666.83,1666.83,1666.83,1666.83,0.0,-0.64
2018-01-17,Capital Link MLP,CLMLP,1663.37,1663.37,1663.37,1663.37,0.0,-0.21
2018-01-18,Capital Link MLP,CLMLP,1649.28,1649.28,1649.28,1649.28,0.0,-0.85
2018-01-19,Capital Link MLP,CLMLP,1673.28,1673.28,1673.28,1673.28,0.0,1.46
2018-01-22,Capital Link MLP,CLMLP,1697.22,1697.22,1697.22,1697.22,0.0,1.43
2018-01-23,Capital Link MLP,CLMLP,1690.54,1690.54,1690.54,1690.54,0.0,-0.39
2018-01-24,Capital Link MLP,CLMLP,1672.66,1672.66,1672.66,1672.66,0.0,-1.06
2018-01-25,Capital Link MLP,CLMLP,1661.98,1661.98,1661.98,1661.98,0.0,-0.64
2018-01-26,Capital Link MLP,CLMLP,1661.29,1661.29,1661.29,1661.29,0.0,-0.04
2018-01-29,Capital Link MLP,CLMLP,1630.53,1630.53,1630.53,1630.53,0.0,-1.85
2018-01-30,Capital Link MLP,CLMLP,1609.28,1609.28,1609.28,1609.28,0.0,-1.3
2018-01-31,Capital Link MLP,CLMLP,1605.89,1605.89,1605.89,1605.89,0.0,-0.21
2018-02-01,Capital Link MLP,CLMLP,1622.41,1622.41,1622.41,1622.41,0.0,1.03
2018-02-02,Capital Link MLP,CLMLP,1587.65,1587.65,1587.65,1587.65,0.0,-2.14
2018-02-05,Capital Link MLP,CLMLP,1564.82,1564.82,1564.82,1564.82,0.0,-1.44
2018-02-06,Capital Link MLP,CLMLP,1579.34,1579.34,1579.34,1579.34,0.0,0.93
2018-02-07,Capital Link MLP,CLMLP,1571.56,1571.56,1571.56,1571.56,0.0,-0.49
2018-02-08,Capital Link MLP,CLMLP,1532.0,1532.0,1532.0,1532.0,0.0,-2.52
2018-02-09,Capital Link MLP,CLMLP,1523.57,1523.57,1523.57,1523.57,0.0,-0.55
2018-02-12,Capital Link MLP,CLMLP,1567.79,1567.79,1567.79,1567.79,0.0,2.9
2018-02-13,Capital Link MLP,CLMLP,1540.23,1540.23,1540.23,1540.23,0.0,-1.76
2018-02-14,Capital Link MLP,CLMLP,1555.88,1555.88,1555.88,1555.88,0.0,1.02
2018-02-15,Capital Link MLP,CLMLP,1567.4,1567.4,1567.4,1567.4,0.0,0.74
2018-02-16,Capital Link MLP,CLMLP,1544.35,1544.35,1544.35,1544.35,0.0,-1.47
2018-02-20,Capital Link MLP,CLMLP,1536.64,1536.64,1536.64,1536.64,0.0,-0.5
2018-02-21,Capital Link MLP,CLMLP,1535.82,1535.82,1535.82,1535.82,0.0,-0.05
2018-02-22,Capital Link MLP,CLMLP,1522.63,1522.63,1522.63,1522.63,0.0,-0.86
2018-02-23,Capital Link MLP,CLMLP,1518.31,1518.31,1518.31,1518.31,0.0,-0.28
2018-02-26,Capital Link MLP,CLMLP,1523.08,1523.08,1523.08,1523.08,0.0,0.31
2018-02-27,Capital Link MLP,CLMLP,1508.78,1508.78,1508.78,1508.78,0.0,-0.94
2018-02-28,Capital Link MLP,CLMLP,1470.7,1470.7,1470.7,1470.7,0.0,-2.52
2018-03-01,Capital Link MLP,CLMLP,1500.48,1500.48,1500.48,1500.48,0.0,2.02
2018-03-02,Capital Link MLP,CLMLP,1499.53,1499.53,1499.53,1499.53,0.0,-0.06
2018-03-05,Capital Link MLP,CLMLP,1494.88,1494.88,1494.88,1494.88,0.0,-0.31
2018-03-06,Capital Link MLP,CLMLP,1475.05,1475.05,1475.05,1475.05,0.0,-1.33
2018-03-07,Capital Link MLP,CLMLP,1468.63,1468.63,1468.63,1468.63,0.0,-0.44
2018-03-08,Capital Link MLP,CLMLP,1477.62,1477.62,1477.62,1477.62,0.0,0.61
2018-03-09,Capital Link MLP,CLMLP,1487.2,1487.2,1487.2,1487.2,0.0,0.65
2018-03-12,Capital Link MLP,CLMLP,1492.67,1492.67,1492.67,1492.67,0.0,0.37
2018-03-13,Capital Link MLP,CLMLP,1499.02,1499.02,1499.02,1499.02,0.0,0.43
2018-03-14,Capital Link MLP,CLMLP,1480.47,1480.47,1480.47,1480.47,0.0,-1.24
2018-03-15,Capital Link MLP,CLMLP,1462.69,1462.69,1462.69,1462.69,0.0,-1.2
2018-03-16,Capital Link MLP,CLMLP,1481.94,1481.94,1481.94,1481.94,0.0,1.32
2018-03-19,Capital Link MLP,CLMLP,1447.41,1447.41,1447.41,1447.41,0.0,-2.33
2018-03-20,Capital Link MLP,CLMLP,1429.19,1429.19,1429.19,1429.19,0.0,-1.26
2018-03-21,Capital Link MLP,CLMLP,1443.81,1443.81,1443.81,1443.81,0.0,1.02
2018-03-22,Capital Link MLP,CLMLP,1427.63,1427.63,1427.63,1427.63,0.0,-1.12
2018-03-23,Capital Link MLP,CLMLP,1434.57,1434.57,1434.57,1434.57,0.0,0.49
2018-03-26,Capital Link MLP,CLMLP,1386.85,1386.85,1386.85,1386.85,0.0,-3.33
2018-03-27,Capital Link MLP,CLMLP,1377.71,1377.71,1377.71,1377.71,0.0,-0.66
2018-03-28,Capital Link MLP,CLMLP,1368.58,1368.58,1368.58,1368.58,0.0,-0.66
2018-03-29,Capital Link MLP,CLMLP,1387.32,1387.32,1387.32,1387.32,0.0,1.37
2018-04-02,Capital Link MLP,CLMLP,1380.21,1380.21,1380.21,1380.21,0.0,-0.51
2018-04-03,Capital Link MLP,CLMLP,1446.78,1446.78,1446.78,1446.78,0.0,4.82
2018-04-04,Capital Link MLP,CLMLP,1446.56,1446.56,1446.56,1446.56,0.0,-0.02
2018-04-05,Capital Link MLP,CLMLP,1476.69,1476.69,1476.69,1476.69,0.0,2.08
2018-04-06,Capital Link MLP,CLMLP,1464.07,1464.07,1464.07,1464.07,0.0,-0.85
2018-04-09,Capital Link MLP,CLMLP,1447.4,1447.4,1447.4,1447.4,0.0,-1.14
2018-04-10,Capital Link MLP,CLMLP,1473.71,1473.71,1473.71,1473.71,0.0,1.82
2018-04-11,Capital Link MLP,CLMLP,1481.06,1481.06,1481.06,1481.06,0.0,0.5
2018-04-12,Capital Link MLP,CLMLP,1476.59,1476.59,1476.59,1476.59,0.0,-0.3
2018-04-13,Capital Link MLP,CLMLP,1476.76,1476.76,1476.76,1476.76,0.0,0.01
2018-04-16,Capital Link MLP,CLMLP,1494.49,1494.49,1494.49,1494.49,0.0,1.2
2018-04-17,Capital Link MLP,CLMLP,1494.2,1494.2,1494.2,1494.2,0.0,-0.02
2018-04-18,Capital Link MLP,CLMLP,1505.07,1505.07,1505.07,1505.07,0.0,0.73
2018-04-19,Capital Link MLP,CLMLP,1508.11,1508.11,1508.11,1508.11,0.0,0.2
2018-04-20,Capital Link MLP,CLMLP,1522.54,1522.54,1522.54,1522.54,0.0,0.96
2018-04-23,Capital Link MLP,CLMLP,1517.66,1517.66,1517.66,1517.66,0.0,-0.32
2018-04-24,Capital Link MLP,CLMLP,1497.36,1497.36,1497.36,1497.36,0.0,-1.34
2018-04-25,Capital Link MLP,CLMLP,1492.73,1492.73,1492.73,1492.73,0.0,-0.31
2018-04-26,Capital Link MLP,CLMLP,1491.5,1491.5,1491.5,1491.5,0.0,-0.08
2018-04-27,Capital Link MLP,CLMLP,1487.95,1487.95,1487.95,1487.95,0.0,-0.24
2018-04-30,Capital Link MLP,CLMLP,1509.85,1509.85,1509.85,1509.85,0.0,1.47
2018-05-02,Capital Link MLP,CLMLP,1505.48,1505.48,1505.48,1505.48,0.0,0.06
2018-05-03,Capital Link MLP,CLMLP,1476.97,1476.97,1476.97,1476.97,0.0,-1.89
2018-05-04,Capital Link MLP,CLMLP,1488.55,1488.55,1488.55,1488.55,0.0,0.78
2018-05-07,Capital Link MLP,CLMLP,1497.35,1497.35,1497.35,1497.35,0.0,0.59
2018-05-08,Capital Link MLP,CLMLP,1515.36,1515.36,1515.36,1515.36,0.0,1.2
2018-05-09,Capital Link MLP,CLMLP,1513.35,1513.35,1513.35,1513.35,0.0,-0.13
2018-05-10,Capital Link MLP,CLMLP,1514.72,1514.72,1514.72,1514.72,0.0,0.09
2018-05-11,Capital Link MLP,CLMLP,1497.68,1497.68,1497.68,1497.68,0.0,-1.12
2018-05-14,Capital Link MLP,CLMLP,1516.34,1516.34,1516.34,1516.34,0.0,1.25
2018-05-15,Capital Link MLP,CLMLP,1497.25,1497.25,1497.25,1497.25,0.0,-1.26
2018-05-16,Capital Link MLP,CLMLP,1503.17,1503.17,1503.17,1503.17,0.0,0.4
2018-05-17,Capital Link MLP,CLMLP,1491.16,1491.16,1491.16,1491.16,0.0,-0.8
2018-05-18,Capital Link MLP,CLMLP,1497.31,1497.31,1497.31,1497.31,0.0,0.41
2018-05-21,Capital Link MLP,CLMLP,1518.58,1518.58,1518.58,1518.58,0.0,1.42
2018-05-22,Capital Link MLP,CLMLP,1527.33,1527.33,1527.33,1527.33,0.0,0.58
2018-05-23,Capital Link MLP,CLMLP,1513.42,1513.42,1513.42,1513.42,0.0,-0.91
2018-05-24,Capital Link MLP,CLMLP,1511.29,1511.29,1511.29,1511.29,0.0,-0.14
2018-05-25,Capital Link MLP,CLMLP,1512.45,1512.45,1512.45,1512.45,0.0,0.08
2018-05-29,Capital Link MLP,CLMLP,1513.5,1513.5,1513.5,1513.5,0.0,0.07
2018-05-30,Capital Link MLP,CLMLP,1528.77,1528.77,1528.77,1528.77,0.0,1.01
2018-05-31,Capital Link MLP,CLMLP,1434.66,1434.66,1434.66,1434.66,0.0,-6.16
2018-06-01,Capital Link MLP,CLMLP,1397.91,1397.91,1397.91,1397.91,0.0,-2.56
2018-06-04,Capital Link MLP,CLMLP,1407.95,1407.95,1407.95,1407.95,0.0,0.72
2018-06-05,Capital Link MLP,CLMLP,1408.64,1408.64,1408.64,1408.64,0.0,0.05
2018-06-06,Capital Link MLP,CLMLP,1403.67,1403.67,1403.67,1403.67,0.0,-0.35
2018-06-07,Capital Link MLP,CLMLP,1410.2,1410.2,1410.2,1410.2,0.0,0.47
2018-06-08,Capital Link MLP,CLMLP,1397.12,1397.12,1397.12,1397.12,0.0,-0.93
2018-06-11,Capital Link MLP,CLMLP,1411.26,1411.26,1411.26,1411.26,0.0,1.01
2018-06-12,Capital Link MLP,CLMLP,1402.51,1402.51,1402.51,1402.51,0.0,-0.62
2018-06-13,Capital Link MLP,CLMLP,1411.85,1411.85,1411.85,1411.85,0.0,0.67
2018-06-14,Capital Link MLP,CLMLP,1413.12,1413.12,1413.12,1413.12,0.0,0.09
2018-06-15,Capital Link MLP,CLMLP,1396.47,1396.47,1396.47,1396.47,0.0,-1.18
2018-06-18,Capital Link MLP,CLMLP,1423.17,1423.17,1423.17,1423.17,0.0,1.91
2018-06-19,Capital Link MLP,CLMLP,1407.69,1407.69,1407.69,1407.69,0.0,-1.09
2018-06-20,Capital Link MLP,CLMLP,1415.89,1415.89,1415.89,1415.89,0.0,0.58
2018-06-21,Capital Link MLP,CLMLP,1413.53,1413.53,1413.53,1413.53,0.0,-0.17
2018-06-22,Capital Link MLP,CLMLP,1418.75,1418.75,1418.75,1418.75,0.0,0.37
2018-06-25,Capital Link MLP,CLMLP,1393.22,1393.22,1393.22,1393.22,0.0,-1.8
2018-06-26,Capital Link MLP,CLMLP,1395.3,1395.3,1395.3,1395.3,0.0,0.15
2018-06-27,Capital Link MLP,CLMLP,1407.18,1407.18,1407.18,1407.18,0.0,0.85
2018-06-28,Capital Link MLP,CLMLP,1395.26,1395.26,1395.26,1395.26,0.0,-0.85
2018-06-29,Capital Link MLP,CLMLP,1414.82,1414.82,1414.82,1414.82,0.0,1.4
2018-07-02,Capital Link MLP,CLMLP,1397.09,1397.09,1397.09,1397.09,0.0,-1.25
2018-07-03,Capital Link MLP,CLMLP,1400.73,1400.73,1400.73,1400.73,0.0,0.26
2018-07-05,Capital Link MLP,CLMLP,1409.65,1409.65,1409.65,1409.65,0.0,0.64
2018-07-06,Capital Link MLP,CLMLP,1410.59,1410.59,1410.59,1410.59,0.0,0.07
2018-07-09,Capital Link MLP,CLMLP,1410.15,1410.15,1410.15,1410.15,0.0,-0.03
2018-07-10,Capital Link MLP,CLMLP,1411.31,1411.31,1411.31,1411.31,0.0,0.08
2018-07-11,Capital Link MLP,CLMLP,1383.28,1383.28,1383.28,1383.28,0.0,-1.99
2018-07-12,Capital Link MLP,CLMLP,1379.57,1379.57,1379.57,1379.57,0.0,-0.27
2018-07-13,Capital Link MLP,CLMLP,1382.18,1382.18,1382.18,1382.18,0.0,0.19
2018-07-16,Capital Link MLP,CLMLP,1367.78,1367.78,1367.78,1367.78,0.0,-1.04
2018-07-17,Capital Link MLP,CLMLP,1374.84,1374.84,1374.84,1374.84,0.0,0.52
2018-07-18,Capital Link MLP,CLMLP,1395.1,1395.1,1395.1,1395.1,0.0,1.47
2018-07-19,Capital Link MLP,CLMLP,1401.57,1401.57,1401.57,1401.57,0.0,0.46
2018-07-20,Capital Link MLP,CLMLP,1392.02,1392.02,1392.02,1392.02,0.0,-0.68
2018-07-23,Capital Link MLP,CLMLP,1402.88,1402.88,1402.88,1402.88,0.0,0.78
2018-07-24,Capital Link MLP,CLMLP,1413.9,1413.9,1413.9,1413.9,0.0,0.79
2018-07-25,Capital Link MLP,CLMLP,1419.32,1419.32,1419.32,1419.32,0.0,0.38
2018-07-26,Capital Link MLP,CLMLP,1443.59,1443.59,1443.59,1443.59,0.0,1.71
2018-07-27,Capital Link MLP,CLMLP,1425.99,1425.99,1425.99,1425.99,0.0,-1.22
2018-07-30,Capital Link MLP,CLMLP,1447.62,1447.62,1447.62,1447.62,0.0,1.52
2018-07-31,Capital Link MLP,CLMLP,1448.53,1448.53,1448.53,1448.53,0.0,0.06
2018-08-01,Capital Link MLP,CLMLP,1444.83,1444.83,1444.83,1444.83,0.0,-0.26
2018-08-02,Capital Link MLP,CLMLP,1447.7,1447.7,1447.7,1447.7,0.0,0.2
2018-08-03,Capital Link MLP,CLMLP,1436.06,1436.06,1436.06,1436.06,0.0,-0.8
2018-08-06,Capital Link MLP,CLMLP,1420.45,1420.45,1420.45,1420.45,0.0,-1.09
2018-08-07,Capital Link MLP,CLMLP,1401.53,1401.53,1401.53,1401.53,0.0,-1.33
2018-08-08,Capital Link MLP,CLMLP,1401.51,1401.51,1401.51,1401.51,0.0,0.0
2018-08-09,Capital Link MLP,CLMLP,1410.39,1410.39,1410.39,1410.39,0.0,0.63
2018-08-10,Capital Link MLP,CLMLP,1423.41,1423.41,1423.41,1423.41,0.0,0.92
2018-08-13,Capital Link MLP,CLMLP,1408.38,1408.38,1408.38,1408.38,0.0,-1.06
2018-08-14,Capital Link MLP,CLMLP,1419.13,1419.13,1419.13,1419.13,0.0,0.76
2018-08-15,Capital Link MLP,CLMLP,1404.14,1404.14,1404.14,1404.14,0.0,-1.06
2018-08-16,Capital Link MLP,CLMLP,1418.81,1418.81,1418.81,1418.81,0.0,1.04
2018-08-17,Capital Link MLP,CLMLP,1413.99,1413.99,1413.99,1413.99,0.0,-0.34
2018-08-20,Capital Link MLP,CLMLP,1440.66,1440.66,1440.66,1440.66,0.0,1.89
2018-08-21,Capital Link MLP,CLMLP,1430.84,1430.84,1430.84,1430.84,0.0,-0.68
2018-08-22,Capital Link MLP,CLMLP,1444.2,1444.2,1444.2,1444.2,0.0,0.93
2018-08-23,Capital Link MLP,CLMLP,1433.29,1433.29,1433.29,1433.29,0.0,-0.76
2018-08-24,Capital Link MLP,CLMLP,1424.86,1424.86,1424.86,1424.86,0.0,-0.59
2018-08-27,Capital Link MLP,CLMLP,1427.22,1427.22,1427.22,1427.22,0.0,0.17
2018-08-28,Capital Link MLP,CLMLP,1423.15,1423.15,1423.15,1423.15,0.0,-0.29
2018-08-29,Capital Link MLP,CLMLP,1418.65,1418.65,1418.65,1418.65,0.0,-0.32
2018-08-30,Capital Link MLP,CLMLP,1402.72,1402.72,1402.72,1402.72,0.0,-1.12
2018-08-31,Capital Link MLP,CLMLP,1391.49,1391.49,1391.49,1391.49,0.0,-0.8
2018-09-04,Capital Link MLP,CLMLP,1380.62,1380.62,1380.62,1380.62,0.0,-0.78
2018-09-05,Capital Link MLP,CLMLP,1370.41,1370.41,1370.41,1370.41,0.0,-0.74
2018-09-06,Capital Link MLP,CLMLP,1360.26,1360.26,1360.26,1360.26,0.0,-0.74
2018-09-07,Capital Link MLP,CLMLP,1366.23,1366.23,1366.23,1366.23,0.0,0.44
2018-09-10,Capital Link MLP,CLMLP,1378.7,1378.7,1378.7,1378.7,0.0,0.91
2018-09-11,Capital Link MLP,CLMLP,1386.35,1386.35,1386.35,1386.35,0.0,0.55
2018-09-12,Capital Link MLP,CLMLP,1395.08,1395.08,1395.08,1395.08,0.0,0.63
2018-09-13,Capital Link MLP,CLMLP,1394.4,1394.4,1394.4,1394.4,0.0,-0.05
2018-09-14,Capital Link MLP,CLMLP,1386.37,1386.37,1386.37,1386.37,0.0,-0.58
2018-09-17,Capital Link MLP,CLMLP,1393.5,1393.5,1393.5,1393.5,0.0,0.51
2018-09-18,Capital Link MLP,CLMLP,1387.17,1387.17,1387.17,1387.17,0.0,-0.45
2018-09-19,Capital Link MLP,CLMLP,1399.36,1399.36,1399.36,1399.36,0.0,0.88
2018-09-20,Capital Link MLP,CLMLP,1385.34,1385.34,1385.34,1385.34,0.0,-1.0
2018-09-21,Capital Link MLP,CLMLP,1394.15,1394.15,1394.15,1394.15,0.0,0.64
2018-09-24,Capital Link MLP,CLMLP,1396.9,1396.9,1396.9,1396.9,0.0,0.2
2018-09-25,Capital Link MLP,CLMLP,1401.93,1401.93,1401.93,1401.93,0.0,0.36
2018-09-26,Capital Link MLP,CLMLP,1389.43,1389.43,1389.43,1389.43,0.0,-0.89
2018-09-27,Capital Link MLP,CLMLP,1411.64,1411.64,1411.64,1411.64,0.0,1.6
2018-09-28,Capital Link MLP,CLMLP,1443.04,1443.04,1443.04,1443.04,0.0,2.22
2018-10-01,Capital Link MLP,CLMLP,1460.96,1460.96,1460.96,1460.96,0.0,1.24
2018-10-02,Capital Link MLP,CLMLP,1446.12,1446.12,1446.12,1446.12,0.0,-1.02
2018-10-03,Capital Link MLP,CLMLP,1459.9,1459.9,1459.9,1459.9,0.0,0.95
2018-10-04,Capital Link MLP,CLMLP,1436.2,1436.2,1436.2,1436.2,0.0,-1.62
2018-10-05,Capital Link MLP,CLMLP,1436.62,1436.62,1436.62,1436.62,0.0,0.03
2018-10-08,Capital Link MLP,CLMLP,1435.53,1435.53,1435.53,1435.53,0.0,-0.08
2018-10-09,Capital Link MLP,CLMLP,1439.3,1439.3,1439.3,1439.3,0.0,0.26
2018-10-10,Capital Link MLP,CLMLP,1396.32,1396.32,1396.32,1396.32,0.0,-2.99
2018-10-11,Capital Link MLP,CLMLP,1398.06,1398.06,1398.06,1398.06,0.0,0.12
2018-10-12,Capital Link MLP,CLMLP,1407.16,1407.16,1407.16,1407.16,0.0,0.65
2018-10-15,Capital Link MLP,CLMLP,1405.69,1405.69,1405.69,1405.69,0.0,-0.1
2018-10-16,Capital Link MLP,CLMLP,1429.52,1429.52,1429.52,1429.52,0.0,1.7
2018-10-17,Capital Link MLP,CLMLP,1427.79,1427.79,1427.79,1427.79,0.0,-0.12
2018-10-18,Capital Link MLP,CLMLP,1415.63,1415.63,1415.63,1415.63,0.0,-0.85
2018-10-19,Capital Link MLP,CLMLP,1419.46,1419.46,1419.46,1419.46,0.0,0.27
2018-10-22,Capital Link MLP,CLMLP,1421.28,1421.28,1421.28,1421.28,0.0,0.13
2018-10-23,Capital Link MLP,CLMLP,1412.38,1412.38,1412.38,1412.38,0.0,-0.63
2018-10-24,Capital Link MLP,CLMLP,1395.13,1395.13,1395.13,1395.13,0.0,-1.22
2018-10-25,Capital Link MLP,CLMLP,1407.2,1407.2,1407.2,1407.2,0.0,0.87
2018-10-26,Capital Link MLP,CLMLP,1407.04,1407.04,1407.04,1407.04,0.0,-0.01
2018-10-29,Capital Link MLP,CLMLP,1386.23,1386.23,1386.23,1386.23,0.0,-1.48
2018-10-30,Capital Link MLP,CLMLP,1395.08,1395.08,1395.08,1395.08,0.0,0.64
2018-10-31,Capital Link MLP,CLMLP,1397.81,1397.81,1397.81,1397.81,0.0,0.2
2018-11-01,Capital Link MLP,CLMLP,1421.05,1421.05,1421.05,1421.05,0.0,1.66
2018-11-02,Capital Link MLP,CLMLP,1414.16,1414.16,1414.16,1414.16,0.0,-0.48
2018-11-05,Capital Link MLP,CLMLP,1429.56,1429.56,1429.56,1429.56,0.0,1.09
2018-11-06,Capital Link MLP,CLMLP,1432.36,1432.36,1432.36,1432.36,0.0,0.2
2018-11-07,Capital Link MLP,CLMLP,1441.7,1441.7,1441.7,1441.7,0.0,0.65
2018-11-08,Capital Link MLP,CLMLP,1417.02,1417.02,1417.02,1417.02,0.0,-1.71
2018-11-09,Capital Link MLP,CLMLP,1407.85,1407.85,1407.85,1407.85,0.0,-0.65
2018-11-12,Capital Link MLP,CLMLP,1396.92,1396.92,1396.92,1396.92,0.0,-0.78
2018-11-13,Capital Link MLP,CLMLP,1362.48,1362.48,1362.48,1362.48,0.0,-2.47
2018-11-14,Capital Link MLP,CLMLP,1383.04,1383.04,1383.04,1383.04,0.0,1.51
2018-11-15,Capital Link MLP,CLMLP,1384.17,1384.17,1384.17,1384.17,0.0,0.08
2018-11-16,Capital Link MLP,CLMLP,1387.68,1387.68,1387.68,1387.68,0.0,0.25
2018-11-19,Capital Link MLP,CLMLP,1358.77,1358.77,1358.77,1358.77,0.0,-2.08
2018-11-20,Capital Link MLP,CLMLP,1313.13,1313.13,1313.13,1313.13,0.0,-3.36
2018-11-21,Capital Link MLP,CLMLP,1322.66,1322.66,1322.66,1322.66,0.0,0.73
2018-11-23,Capital Link MLP,CLMLP,1319.5,1319.5,1319.5,1319.5,0.0,-0.24
2018-11-26,Capital Link MLP,CLMLP,1301.74,1301.74,1301.74,1301.74,0.0,-1.35
2018-11-27,Capital Link MLP,CLMLP,1310.51,1310.51,1310.51,1310.51,0.0,0.67
2018-11-28,Capital Link MLP,CLMLP,1320.06,1320.06,1320.06,1320.06,0.0,0.73
2018-11-29,Capital Link MLP,CLMLP,1341.47,1341.47,1341.47,1341.47,0.0,1.62
2018-11-30,Capital Link MLP,CLMLP,1334.24,1334.24,1334.24,1334.24,0.0,-0.54
2018-12-03,Capital Link MLP,CLMLP,1352.12,1352.12,1352.12,1352.12,0.0,1.34
2018-12-04,Capital Link MLP,CLMLP,1319.76,1319.76,1319.76,1319.76,0.0,-2.39
2018-12-06,Capital Link MLP,CLMLP,1306.0,1306.0,1306.0,1306.0,0.0,-1.04
2018-12-07,Capital Link MLP,CLMLP,1309.5,1309.5,1309.5,1309.5,0.0,0.27
2018-12-10,Capital Link MLP,CLMLP,1282.44,1282.44,1282.44,1282.44,0.0,-2.07
2018-12-11,Capital Link MLP,CLMLP,1295.82,1295.82,1295.82,1295.82,0.0,1.04
2018-12-12,Capital Link MLP,CLMLP,1315.18,1315.18,1315.18,1315.18,0.0,1.49
2018-12-13,Capital Link MLP,CLMLP,1315.98,1315.98,1315.98,1315.98,0.0,0.06
2018-12-14,Capital Link MLP,CLMLP,1294.75,1294.75,1294.75,1294.75,0.0,-1.61
2018-12-17,Capital Link MLP,CLMLP,1239.17,1239.17,1239.17,1239.17,0.0,-4.29
2018-12-18,Capital Link MLP,CLMLP,1212.76,1212.76,1212.76,1212.76,0.0,-2.13
2018-12-19,Capital Link MLP,CLMLP,1214.6,1214.6,1214.6,1214.6,0.0,0.15
2018-12-20,Capital Link MLP,CLMLP,1176.41,1176.41,1176.41,1176.41,0.0,-3.14
2018-12-21,Capital Link MLP,CLMLP,1179.95,1179.95,1179.95,1179.95,0.0,0.3
2018-12-24,Capital Link MLP,CLMLP,1148.59,1148.59,1148.59,1148.59,0.0,-2.66
2018-12-27,Capital Link MLP,CLMLP,1157.07,1157.07,1157.07,1157.07,0.0,-3.87
2018-12-28,Capital Link MLP,CLMLP,1168.61,1168.61,1168.61,1168.61,0.0,1.0
2018-12-31,Capital Link MLP,CLMLP,1186.64,1186.64,1186.64,1186.64,0.0,1.54
2019-01-02,Capital Link MLP,CLMLP,1235.91,1235.91,1235.91,1235.91,0.0,4.15
2019-01-03,Capital Link MLP,CLMLP,1224.3,1224.3,1224.3,1224.3,0.0,-0.94
2019-01-04,Capital Link MLP,CLMLP,1305.1,1305.1,1305.1,1305.1,0.0,6.6
2019-01-07,Capital Link MLP,CLMLP,1332.3,1332.3,1332.3,1332.3,0.0,2.08
2019-01-08,Capital Link MLP,CLMLP,1334.46,1334.46,1334.46,1334.46,0.0,0.16
2019-01-09,Capital Link MLP,CLMLP,1329.92,1329.92,1329.92,1329.92,0.0,-0.34
2019-01-10,Capital Link MLP,CLMLP,1314.76,1314.76,1314.76,1314.76,0.0,-1.14
2019-01-11,Capital Link MLP,CLMLP,1291.75,1291.75,1291.75,1291.75,0.0,-1.75
2019-01-14,Capital Link MLP,CLMLP,1287.8,1287.8,1287.8,1287.8,0.0,-0.31
2019-01-15,Capital Link MLP,CLMLP,1286.64,1286.64,1286.64,1286.64,0.0,-0.09
2019-01-16,Capital Link MLP,CLMLP,1287.81,1287.81,1287.81,1287.81,0.0,0.09
2019-01-17,Capital Link MLP,CLMLP,1292.29,1292.29,1292.29,1292.29,0.0,0.35
2019-01-18,Capital Link MLP,CLMLP,1330.07,1330.07,1330.07,1330.07,0.0,2.92
2019-01-22,Capital Link MLP,CLMLP,1305.08,1305.08,1305.08,1305.08,0.0,-1.88
2019-01-23,Capital Link MLP,CLMLP,1303.11,1303.11,1303.11,1303.11,0.0,-0.15
2019-01-24,Capital Link MLP,CLMLP,1331.39,1331.39,1331.39,1331.39,0.0,2.17
2019-01-25,Capital Link MLP,CLMLP,1334.07,1334.07,1334.07,1334.07,0.0,0.2
2019-01-28,Capital Link MLP,CLMLP,1332.61,1332.61,1332.61,1332.61,0.0,-0.11
2019-01-29,Capital Link MLP,CLMLP,1346.18,1346.18,1346.18,1346.18,0.0,1.02
2019-01-30,Capital Link MLP,CLMLP,1382.95,1382.95,1382.95,1382.95,0.0,2.73
2019-01-31,Capital Link MLP,CLMLP,1392.86,1392.86,1392.86,1392.86,0.0,0.72
2019-02-01,Capital Link MLP,CLMLP,1388.36,1388.36,1388.36,1388.36,0.0,-0.32
2019-02-04,Capital Link MLP,CLMLP,1384.05,1384.05,1384.05,1384.05,0.0,-0.31
2019-02-05,Capital Link MLP,CLMLP,1396.31,1396.31,1396.31,1396.31,0.0,0.89
2019-02-06,Capital Link MLP,CLMLP,1405.23,1405.23,1405.23,1405.23,0.0,0.64
2019-02-07,Capital Link MLP,CLMLP,1377.24,1377.24,1377.24,1377.24,0.0,-1.99
2019-02-08,Capital Link MLP,CLMLP,1365.56,1365.56,1365.56,1365.56,0.0,-0.85
2019-02-11,Capital Link MLP,CLMLP,1359.44,1359.44,1359.44,1359.44,0.0,-0.45
2019-02-12,Capital Link MLP,CLMLP,1358.65,1358.65,1358.65,1358.65,0.0,-0.06
2019-02-13,Capital Link MLP,CLMLP,1371.37,1371.37,1371.37,1371.37,0.0,0.94
2019-02-14,Capital Link MLP,CLMLP,1396.87,1396.87,1396.87,1396.87,0.0,1.86
2019-02-15,Capital Link MLP,CLMLP,1416.63,1416.63,1416.63,1416.63,0.0,1.41
2019-02-19,Capital Link MLP,CLMLP,1409.35,1409.35,1409.35,1409.35,0.0,-0.51
2019-02-20,Capital Link MLP,CLMLP,1398.97,1398.97,1398.97,1398.97,0.0,-0.74
2019-02-21,Capital Link MLP,CLMLP,1404.53,1404.53,1404.53,1404.53,0.0,0.4
2019-02-22,Capital Link MLP,CLMLP,1393.86,1393.86,1393.86,1393.86,0.0,-0.76
2019-02-25,Capital Link MLP,CLMLP,1407.13,1407.13,1407.13,1407.13,0.0,0.95
2019-02-26,Capital Link MLP,CLMLP,1414.52,1414.52,1414.52,1414.52,0.0,0.53
2019-02-27,Capital Link MLP,CLMLP,1402.52,1402.52,1402.52,1402.52,0.0,-0.85
2019-02-28,Capital Link MLP,CLMLP,1388.52,1388.52,1388.52,1388.52,0.0,-1.0
2019-03-01,Capital Link MLP,CLMLP,1357.83,1357.83,1357.83,1357.83,0.0,-2.21
2019-03-04,Capital Link MLP,CLMLP,1381.67,1381.67,1381.67,1381.67,0.0,1.76
2019-03-05,Capital Link MLP,CLMLP,1394.37,1394.37,1394.37,1394.37,0.0,0.92
2019-03-06,Capital Link MLP,CLMLP,1385.68,1385.68,1385.68,1385.68,0.0,-0.62
2019-03-07,Capital Link MLP,CLMLP,1385.47,1385.47,1385.47,1385.47,0.0,-0.02
2019-03-08,Capital Link MLP,CLMLP,1372.73,1372.73,1372.73,1372.73,0.0,-0.92
2019-03-11,Capital Link MLP,CLMLP,1398.33,1398.33,1398.33,1398.33,0.0,1.86
2019-03-12,Capital Link MLP,CLMLP,1418.76,1418.76,1418.76,1418.76,0.0,1.46
2019-03-13,Capital Link MLP,CLMLP,1411.1,1411.1,1411.1,1411.1,0.0,-0.54
2019-03-14,Capital Link MLP,CLMLP,1425.65,1425.65,1425.65,1425.65,0.0,1.03
2019-03-15,Capital Link MLP,CLMLP,1449.87,1449.87,1449.87,1449.87,0.0,1.7
2019-03-18,Capital Link MLP,CLMLP,1468.76,1468.76,1468.76,1468.76,0.0,1.3
2019-03-19,Capital Link MLP,CLMLP,1462.29,1462.29,1462.29,1462.29,0.0,-0.44
2019-03-20,Capital Link MLP,CLMLP,1465.17,1465.17,1465.17,1465.17,0.0,0.2
2019-03-21,Capital Link MLP,CLMLP,1464.53,1464.53,1464.53,1464.53,0.0,-0.04
2019-03-22,Capital Link MLP,CLMLP,1438.37,1438.37,1438.37,1438.37,0.0,-1.79
2019-03-25,Capital Link MLP,CLMLP,1437.37,1437.37,1437.37,1437.37,0.0,-0.07
2019-03-26,Capital Link MLP,CLMLP,1454.4,1454.4,1454.4,1454.4,0.0,1.18
2019-03-27,Capital Link MLP,CLMLP,1470.52,1470.52,1470.52,1470.52,0.0,1.11
2019-03-28,Capital Link MLP,CLMLP,1498.12,1498.12,1498.12,1498.12,0.0,1.88
2019-03-29,Capital Link MLP,CLMLP,1513.49,1513.49,1513.49,1513.49,0.0,1.03
2019-04-01,Capital Link MLP,CLMLP,1522.33,1522.33,1522.33,1522.33,0.0,0.58
2019-04-02,Capital Link MLP,CLMLP,1519.01,1519.01,1519.01,1519.01,0.0,-0.22
2019-04-03,Capital Link MLP,CLMLP,1507.91,1507.91,1507.91,1507.91,0.0,-0.73
2019-04-04,Capital Link MLP,CLMLP,1489.87,1489.87,1489.87,1489.87,0.0,-1.2
2019-04-05,Capital Link MLP,CLMLP,1494.97,1494.97,1494.97,1494.97,0.0,0.34
2019-04-08,Capital Link MLP,CLMLP,1475.48,1475.48,1475.48,1475.48,0.0,-1.3
2019-04-09,Capital Link MLP,CLMLP,1466.15,1466.15,1466.15,1466.15,0.0,-0.63
2019-04-10,Capital Link MLP,CLMLP,1492.15,1492.15,1492.15,1492.15,0.0,1.77
2019-04-11,Capital Link MLP,CLMLP,1488.66,1488.66,1488.66,1488.66,0.0,-0.23
2019-04-12,Capital Link MLP,CLMLP,1486.06,1486.06,1486.06,1486.06,0.0,-0.17
2019-04-15,Capital Link MLP,CLMLP,1495.84,1495.84,1495.84,1495.84,0.0,0.66
2019-04-16,Capital Link MLP,CLMLP,1490.77,1490.77,1490.77,1490.77,0.0,-0.34
2019-04-17,Capital Link MLP,CLMLP,1451.57,1451.57,1451.57,1451.57,0.0,-2.63
2019-04-18,Capital Link MLP,CLMLP,1429.64,1429.64,1429.64,1429.64,0.0,-1.51
2019-04-22,Capital Link MLP,CLMLP,1440.22,1440.22,1440.22,1440.22,0.0,0.74
2019-04-23,Capital Link MLP,CLMLP,1448.64,1448.64,1448.64,1448.64,0.0,0.58
2019-04-24,Capital Link MLP,CLMLP,1441.2,1441.2,1441.2,1441.2,0.0,-0.51
2019-04-25,Capital Link MLP,CLMLP,1455.56,1455.56,1455.56,1455.56,0.0,1.0
2019-04-26,Capital Link MLP,CLMLP,1461.57,1461.57,1461.57,1461.57,0.0,0.41
2019-04-29,Capital Link MLP,CLMLP,1470.05,1470.05,1470.05,1470.05,0.0,0.58
2019-04-30,Capital Link MLP,CLMLP,1467.31,1467.31,1467.31,1467.31,0.0,-0.19
2019-05-02,Capital Link MLP,CLMLP,1459.07,1459.07,1459.07,1459.07,0.0,1.11
2019-05-03,Capital Link MLP,CLMLP,1473.08,1473.08,1473.08,1473.08,0.0,0.96
2019-05-06,Capital Link MLP,CLMLP,1446.19,1446.19,1446.19,1446.19,0.0,-1.83
2019-05-07,Capital Link MLP,CLMLP,1424.65,1424.65,1424.65,1424.65,0.0,-1.49
2019-05-08,Capital Link MLP,CLMLP,1416.53,1416.53,1416.53,1416.53,0.0,-0.57
2019-05-09,Capital Link MLP,CLMLP,1391.0,1391.0,1391.0,1391.0,0.0,-1.8
2019-05-10,Capital Link MLP,CLMLP,1422.93,1422.93,1422.93,1422.93,0.0,2.3
2019-05-13,Capital Link MLP,CLMLP,1393.5,1393.5,1393.5,1393.5,0.0,-2.07
2019-05-14,Capital Link MLP,CLMLP,1416.14,1416.14,1416.14,1416.14,0.0,1.62
2019-05-15,Capital Link MLP,CLMLP,1443.08,1443.08,1443.08,1443.08,0.0,1.9
2019-05-16,Capital Link MLP,CLMLP,1453.85,1453.85,1453.85,1453.85,0.0,0.75
2019-05-17,Capital Link MLP,CLMLP,1442.64,1442.64,1442.64,1442.64,0.0,-0.77
2019-05-20,Capital Link MLP,CLMLP,1440.97,1440.97,1440.97,1440.97,0.0,-0.12
2019-05-21,Capital Link MLP,CLMLP,1504.45,1504.45,1504.45,1504.45,0.0,4.41
2019-05-22,Capital Link MLP,CLMLP,1490.74,1490.74,1490.74,1490.74,0.0,-0.91
2019-05-23,Capital Link MLP,CLMLP,1463.35,1463.35,1463.35,1463.35,0.0,-1.84
2019-05-24,Capital Link MLP,CLMLP,1480.55,1480.55,1480.55,1480.55,0.0,1.18
2019-05-28,Capital Link MLP,CLMLP,1463.92,1463.92,1463.92,1463.92,0.0,-1.12
2019-05-29,Capital Link MLP,CLMLP,1440.04,1440.04,1440.04,1440.04,0.0,-1.63
2019-05-30,Capital Link MLP,CLMLP,1426.82,1426.82,1426.82,1426.82,0.0,-0.92
2019-05-31,Capital Link MLP,CLMLP,1416.01,1416.01,1416.01,1416.01,0.0,-0.76
2019-06-03,Capital Link MLP,CLMLP,1435.7,1435.7,1435.7,1435.7,0.0,1.39
2019-06-04,Capital Link MLP,CLMLP,1463.54,1463.54,1463.54,1463.54,0.0,1.94
2019-06-05,Capital Link MLP,CLMLP,1437.11,1437.11,1437.11,1437.11,0.0,-1.81
2019-06-06,Capital Link MLP,CLMLP,1427.08,1427.08,1427.08,1427.08,0.0,-0.7
2019-06-07,Capital Link MLP,CLMLP,1427.0,1427.0,1427.0,1427.0,0.0,-0.01
2019-06-10,Capital Link MLP,CLMLP,1424.45,1424.45,1424.45,1424.45,0.0,-0.18
2019-06-11,Capital Link MLP,CLMLP,1422.2,1422.2,1422.2,1422.2,0.0,-0.16
2019-06-12,Capital Link MLP,CLMLP,1403.7,1403.7,1403.7,1403.7,0.0,-1.3
2019-06-13,Capital Link MLP,CLMLP,1426.7,1426.7,1426.7,1426.7,0.0,1.64
2019-06-14,Capital Link MLP,CLMLP,1426.51,1426.51,1426.51,1426.51,0.0,-0.01
2019-06-17,Capital Link MLP,CLMLP,1429.09,1429.09,1429.09,1429.09,0.0,0.18
2019-06-18,Capital Link MLP,CLMLP,1439.56,1439.56,1439.56,1439.56,0.0,0.73
2019-06-19,Capital Link MLP,CLMLP,1442.53,1442.53,1442.53,1442.53,0.0,0.21
2019-06-20,Capital Link MLP,CLMLP,1436.56,1436.56,1436.56,1436.56,0.0,-0.41
2019-06-21,Capital Link MLP,CLMLP,1437.7,1437.7,1437.7,1437.7,0.0,0.08
2019-06-24,Capital Link MLP,CLMLP,1425.58,1425.58,1425.58,1425.58,0.0,-0.84
2019-06-25,Capital Link MLP,CLMLP,1416.43,1416.43,1416.43,1416.43,0.0,-0.64
2019-06-26,Capital Link MLP,CLMLP,1431.38,1431.38,1431.38,1431.38,0.0,1.06
2019-06-27,Capital Link MLP,CLMLP,1436.38,1436.38,1436.38,1436.38,0.0,0.35
2019-06-28,Capital Link MLP,CLMLP,1445.91,1445.91,1445.91,1445.91,0.0,0.66
2019-07-01,Capital Link MLP,CLMLP,1448.71,1448.71,1448.71,1448.71,0.0,0.19
2019-07-02,Capital Link MLP,CLMLP,1446.67,1446.67,1446.67,1446.67,0.0,-0.14
2019-07-03,Capital Link MLP,CLMLP,1458.71,1458.71,1458.71,1458.71,0.0,0.83
2019-07-05,Capital Link MLP,CLMLP,1484.84,1484.84,1484.84,1484.84,0.0,1.79
2019-07-08,Capital Link MLP,CLMLP,1489.9,1489.9,1489.9,1489.9,0.0,0.34
2019-07-09,Capital Link MLP,CLMLP,1477.27,1477.27,1477.27,1477.27,0.0,-0.85
2019-07-10,Capital Link MLP,CLMLP,1495.64,1495.64,1495.64,1495.64,0.0,1.24
2019-07-11,Capital Link MLP,CLMLP,1502.21,1502.21,1502.21,1502.21,0.0,0.44
2019-07-12,Capital Link MLP,CLMLP,1527.49,1527.49,1527.49,1527.49,0.0,1.68
2019-07-15,Capital Link MLP,CLMLP,1519.54,1519.54,1519.54,1519.54,0.0,-0.52
2019-07-16,Capital Link MLP,CLMLP,1530.92,1530.92,1530.92,1530.92,0.0,0.75
2019-07-17,Capital Link MLP,CLMLP,1518.86,1518.86,1518.86,1518.86,0.0,-0.79
2019-07-18,Capital Link MLP,CLMLP,1518.57,1518.57,1518.57,1518.57,0.0,-0.02
2019-07-19,Capital Link MLP,CLMLP,1507.51,1507.51,1507.51,1507.51,0.0,-0.73
2019-07-22,Capital Link MLP,CLMLP,1523.14,1523.14,1523.14,1523.14,0.0,1.04
2019-07-23,Capital Link MLP,CLMLP,1538.04,1538.04,1538.04,1538.04,0.0,0.98
2019-07-24,Capital Link MLP,CLMLP,1544.74,1544.74,1544.74,1544.74,0.0,0.44
2019-07-25,Capital Link MLP,CLMLP,1539.13,1539.13,1539.13,1539.13,0.0,-0.36
2019-07-26,Capital Link MLP,CLMLP,1551.39,1551.39,1551.39,1551.39,0.0,0.8
2019-07-29,Capital Link MLP,CLMLP,1518.38,1518.38,1518.38,1518.38,0.0,-2.13
2019-07-30,Capital Link MLP,CLMLP,1524.74,1524.74,1524.74,1524.74,0.0,0.42
2019-07-31,Capital Link MLP,CLMLP,1511.61,1511.61,1511.61,1511.61,0.0,-0.86
2019-08-01,Capital Link MLP,CLMLP,1517.06,1517.06,1517.06,1517.06,0.0,0.36
2019-08-02,Capital Link MLP,CLMLP,1480.57,1480.57,1480.57,1480.57,0.0,-2.41
2019-08-05,Capital Link MLP,CLMLP,1426.54,1426.54,1426.54,1426.54,0.0,-3.65
2019-08-06,Capital Link MLP,CLMLP,1416.37,1416.37,1416.37,1416.37,0.0,-0.71
2019-08-07,Capital Link MLP,CLMLP,1406.26,1406.26,1406.26,1406.26,0.0,-0.71
2019-08-08,Capital Link MLP,CLMLP,1412.66,1412.66,1412.66,1412.66,0.0,0.46
2019-08-09,Capital Link MLP,CLMLP,1386.69,1386.69,1386.69,1386.69,0.0,-1.84
2019-08-12,Capital Link MLP,CLMLP,1363.21,1363.21,1363.21,1363.21,0.0,-1.69
2019-08-13,Capital Link MLP,CLMLP,1371.14,1371.14,1371.14,1371.14,0.0,0.58
2019-08-14,Capital Link MLP,CLMLP,1318.44,1318.44,1318.44,1318.44,0.0,-3.84
2019-08-15,Capital Link MLP,CLMLP,1322.11,1322.11,1322.11,1322.11,0.0,0.28
2019-08-16,Capital Link MLP,CLMLP,1351.53,1351.53,1351.53,1351.53,0.0,2.23
2019-08-19,Capital Link MLP,CLMLP,1404.23,1404.23,1404.23,1404.23,0.0,3.9
2019-08-20,Capital Link MLP,CLMLP,1400.96,1400.96,1400.96,1400.96,0.0,-0.23
2019-08-21,Capital Link MLP,CLMLP,1419.25,1419.25,1419.25,1419.25,0.0,1.31
2019-08-22,Capital Link MLP,CLMLP,1392.82,1392.82,1392.82,1392.82,0.0,-1.86
2019-08-23,Capital Link MLP,CLMLP,1372.8,1372.8,1372.8,1372.8,0.0,-1.44
2019-08-26,Capital Link MLP,CLMLP,1362.09,1362.09,1362.09,1362.09,0.0,-0.78
2019-08-27,Capital Link MLP,CLMLP,1351.94,1351.94,1351.94,1351.94,0.0,-0.75
2019-08-28,Capital Link MLP,CLMLP,1369.73,1369.73,1369.73,1369.73,0.0,1.32
2019-08-29,Capital Link MLP,CLMLP,1374.13,1374.13,1374.13,1374.13,0.0,0.32
2019-08-30,Capital Link MLP,CLMLP,1368.34,1368.34,1368.34,1368.34,0.0,-0.42
2019-09-03,Capital Link MLP,CLMLP,1353.77,1353.77,1353.77,1353.77,0.0,-1.06
2019-09-04,Capital Link MLP,CLMLP,1369.6,1369.6,1369.6,1369.6,0.0,1.17
2019-09-05,Capital Link MLP,CLMLP,1394.75,1394.75,1394.75,1394.75,0.0,1.84
2019-09-06,Capital Link MLP,CLMLP,1389.9,1389.9,1389.9,1389.9,0.0,-0.35
2019-09-09,Capital Link MLP,CLMLP,1416.45,1416.45,1416.45,1416.45,0.0,1.91
2019-09-10,Capital Link MLP,CLMLP,1446.06,1446.06,1446.06,1446.06,0.0,2.09
2019-09-11,Capital Link MLP,CLMLP,1444.77,1444.77,1444.77,1444.77,0.0,-0.09
2019-09-12,Capital Link MLP,CLMLP,1436.49,1436.49,1436.49,1436.49,0.0,-0.57
2019-09-13,Capital Link MLP,CLMLP,1454.45,1454.45,1454.45,1454.45,0.0,1.25
2019-09-16,Capital Link MLP,CLMLP,1468.32,1468.32,1468.32,1468.32,0.0,0.95
2019-09-17,Capital Link MLP,CLMLP,1463.21,1463.21,1463.21,1463.21,0.0,-0.35
2019-09-18,Capital Link MLP,CLMLP,1449.3,1449.3,1449.3,1449.3,0.0,-0.95
2019-09-19,Capital Link MLP,CLMLP,1439.99,1439.99,1439.99,1439.99,0.0,-0.64
2019-09-20,Capital Link MLP,CLMLP,1441.4,1441.4,1441.4,1441.4,0.0,0.1
2019-09-23,Capital Link MLP,CLMLP,1438.48,1438.48,1438.48,1438.48,0.0,-0.2
2019-09-24,Capital Link MLP,CLMLP,1429.5,1429.5,1429.5,1429.5,0.0,-0.62
2019-09-25,Capital Link MLP,CLMLP,1425.41,1425.41,1425.41,1425.41,0.0,-0.29
2019-09-26,Capital Link MLP,CLMLP,1414.13,1414.13,1414.13,1414.13,0.0,-0.79
2019-09-27,Capital Link MLP,CLMLP,1408.03,1408.03,1408.03,1408.03,0.0,-0.43
2019-09-30,Capital Link MLP,CLMLP,1367.97,1367.97,1367.97,1367.97,0.0,-2.85
2019-10-01,Capital Link MLP,CLMLP,1353.35,1353.35,1353.35,1353.35,0.0,-1.07
2019-10-02,Capital Link MLP,CLMLP,1297.1,1297.1,1297.1,1297.1,0.0,-4.16
2019-10-03,Capital Link MLP,CLMLP,1298.96,1298.96,1298.96,1298.96,0.0,0.14
2019-10-04,Capital Link MLP,CLMLP,1316.66,1316.66,1316.66,1316.66,0.0,1.36
2019-10-07,Capital Link MLP,CLMLP,1340.07,1340.07,1340.07,1340.07,0.0,1.78
2019-10-08,Capital Link MLP,CLMLP,1332.91,1332.91,1332.91,1332.91,0.0,-0.53
2019-10-09,Capital Link MLP,CLMLP,1348.81,1348.81,1348.81,1348.81,0.0,1.19
2019-10-10,Capital Link MLP,CLMLP,1382.19,1382.19,1382.19,1382.19,0.0,2.47
2019-10-11,Capital Link MLP,CLMLP,1400.81,1400.81,1400.81,1400.81,0.0,1.35
2019-10-14,Capital Link MLP,CLMLP,1400.27,1400.27,1400.27,1400.27,0.0,-0.04
2019-10-15,Capital Link MLP,CLMLP,1388.23,1388.23,1388.23,1388.23,0.0,-0.86
2019-10-16,Capital Link MLP,CLMLP,1393.33,1393.33,1393.33,1393.33,0.0,0.37
2019-10-17,Capital Link MLP,CLMLP,1392.3,1392.3,1392.3,1392.3,0.0,-0.07
2019-10-18,Capital Link MLP,CLMLP,1381.23,1381.23,1381.23,1381.23,0.0,-0.8
2019-10-21,Capital Link MLP,CLMLP,1389.75,1389.75,1389.75,1389.75,0.0,0.62
2019-10-22,Capital Link MLP,CLMLP,1433.66,1433.66,1433.66,1433.66,0.0,3.16
2019-10-23,Capital Link MLP,CLMLP,1465.07,1465.07,1465.07,1465.07,0.0,2.19
2019-10-24,Capital Link MLP,CLMLP,1456.04,1456.04,1456.04,1456.04,0.0,-0.62
2019-10-25,Capital Link MLP,CLMLP,1451.35,1451.35,1451.35,1451.35,0.0,-0.32
2019-10-28,Capital Link MLP,CLMLP,1451.03,1451.03,1451.03,1451.03,0.0,-0.02
2019-10-29,Capital Link MLP,CLMLP,1428.52,1428.52,1428.52,1428.52,0.0,-1.55
2019-10-30,Capital Link MLP,CLMLP,1401.0,1401.0,1401.0,1401.0,0.0,-1.93
2019-10-31,Capital Link MLP,CLMLP,1383.87,1383.87,1383.87,1383.87,0.0,-1.22
2019-11-01,Capital Link MLP,CLMLP,1403.06,1403.06,1403.06,1403.06,0.0,1.39
2019-11-04,Capital Link MLP,CLMLP,1409.27,1409.27,1409.27,1409.27,0.0,0.44
2019-11-05,Capital Link MLP,CLMLP,1411.58,1411.58,1411.58,1411.58,0.0,0.16
2019-11-06,Capital Link MLP,CLMLP,1380.07,1380.07,1380.07,1380.07,0.0,-2.23
2019-11-07,Capital Link MLP,CLMLP,1328.87,1328.87,1328.87,1328.87,0.0,-3.71
2019-11-08,Capital Link MLP,CLMLP,1310.1,1310.1,1310.1,1310.1,0.0,-1.41
2019-11-11,Capital Link MLP,CLMLP,1295.78,1295.78,1295.78,1295.78,0.0,-1.09
2019-11-12,Capital Link MLP,CLMLP,1305.13,1305.13,1305.13,1305.13,0.0,0.72
2019-11-13,Capital Link MLP,CLMLP,1287.95,1287.95,1287.95,1287.95,0.0,-1.32
2019-11-14,Capital Link MLP,CLMLP,1332.01,1332.01,1332.01,1332.01,0.0,3.42
2019-11-15,Capital Link MLP,CLMLP,1338.93,1338.93,1338.93,1338.93,0.0,0.52
2019-11-18,Capital Link MLP,CLMLP,1317.01,1317.01,1317.01,1317.01,0.0,-1.64
2019-11-19,Capital Link MLP,CLMLP,1282.58,1282.58,1282.58,1282.58,0.0,-2.61
2019-11-20,Capital Link MLP,CLMLP,1269.57,1269.57,1269.57,1269.57,0.0,-1.01
2019-11-21,Capital Link MLP,CLMLP,1289.11,1289.11,1289.11,1289.11,0.0,1.54
2019-11-22,Capital Link MLP,CLMLP,1296.25,1296.25,1296.25,1296.25,0.0,0.55
2019-11-25,Capital Link MLP,CLMLP,1305.68,1305.68,1305.68,1305.68,0.0,0.73
2019-11-26,Capital Link MLP,CLMLP,1292.78,1292.78,1292.78,1292.78,0.0,-0.99
2019-11-27,Capital Link MLP,CLMLP,1285.79,1285.79,1285.79,1285.79,0.0,-0.54
2019-11-29,Capital Link MLP,CLMLP,1287.12,1287.12,1287.12,1287.12,0.0,0.1
2019-12-02,Capital Link MLP,CLMLP,1262.53,1262.53,1262.53,1262.53,0.0,-1.91
2019-12-03,Capital Link MLP,CLMLP,1264.27,1264.27,1264.27,1264.27,0.0,0.14
2019-12-04,Capital Link MLP,CLMLP,1272.92,1272.92,1272.92,1272.92,0.0,0.68
2019-12-05,Capital Link MLP,CLMLP,1263.32,1263.32,1263.32,1263.32,0.0,-0.75
2019-12-06,Capital Link MLP,CLMLP,1271.46,1271.46,1271.46,1271.46,0.0,0.64
2019-12-09,Capital Link MLP,CLMLP,1278.14,1278.14,1278.14,1278.14,0.0,0.53
2019-12-10,Capital Link MLP,CLMLP,1308.18,1308.18,1308.18,1308.18,0.0,2.35
2019-12-11,Capital Link MLP,CLMLP,1309.41,1309.41,1309.41,1309.41,0.0,0.09
2019-12-12,Capital Link MLP,CLMLP,1297.93,1297.93,1297.93,1297.93,0.0,-0.88
2019-12-13,Capital Link MLP,CLMLP,1293.57,1293.57,1293.57,1293.57,0.0,-0.34
2019-12-16,Capital Link MLP,CLMLP,1297.75,1297.75,1297.75,1297.75,0.0,0.32
2019-12-17,Capital Link MLP,CLMLP,1289.66,1289.66,1289.66,1289.66,0.0,-0.62
2019-12-18,Capital Link MLP,CLMLP,1316.29,1316.29,1316.29,1316.29,0.0,2.06
2019-12-19,Capital Link MLP,CLMLP,1344.95,1344.95,1344.95,1344.95,0.0,2.18
2019-12-20,Capital Link MLP,CLMLP,1340.77,1340.77,1340.77,1340.77,0.0,-0.31
2019-12-27,Capital Link MLP,CLMLP,1318.51,1318.51,1318.51,1318.51,0.0,-1.25
2019-12-30,Capital Link MLP,CLMLP,1309.68,1309.68,1309.68,1309.68,0.0,-0.67
2019-12-31,Capital Link MLP,CLMLP,1330.47,1330.47,1330.47,1330.47,0.0,1.59
2020-01-02,Capital Link MLP,CLMLP,1329.18,1329.18,1329.18,1329.18,0.0,-0.1
2020-01-03,Capital Link MLP,CLMLP,1325.51,1325.51,1325.51,1325.51,0.0,-0.28
2020-01-06,Capital Link MLP,CLMLP,1330.94,1330.94,1330.94,1330.94,0.0,0.41
2020-01-07,Capital Link MLP,CLMLP,1333.69,1333.69,1333.69,1333.69,0.0,0.21
2020-01-08,Capital Link MLP,CLMLP,1321.7,1321.7,1321.7,1321.7,0.0,-0.9
2020-01-09,Capital Link MLP,CLMLP,1322.55,1322.55,1322.55,1322.55,0.0,0.06
2020-01-10,Capital Link MLP,CLMLP,1315.08,1315.08,1315.08,1315.08,0.0,-0.56
2020-01-13,Capital Link MLP,CLMLP,1315.52,1315.52,1315.52,1315.52,0.0,0.03
2020-01-14,Capital Link MLP,CLMLP,1327.7,1327.7,1327.7,1327.7,0.0,0.93
2020-01-15,Capital Link MLP,CLMLP,1326.36,1326.36,1326.36,1326.36,0.0,-0.1
2020-01-16,Capital Link MLP,CLMLP,1330.31,1330.31,1330.31,1330.31,0.0,0.3
2020-01-17,Capital Link MLP,CLMLP,1317.78,1317.78,1317.78,1317.78,0.0,-0.94
2020-01-21,Capital Link MLP,CLMLP,1294.09,1294.09,1294.09,1294.09,0.0,-1.8
2020-01-22,Capital Link MLP,CLMLP,1299.64,1299.64,1299.64,1299.64,0.0,0.43
2020-01-23,Capital Link MLP,CLMLP,1434.5,1434.5,1434.5,1434.5,0.0,10.38
2020-01-24,Capital Link MLP,CLMLP,1388.6,1388.6,1388.6,1388.6,0.0,-3.2
2020-01-27,Capital Link MLP,CLMLP,1371.0,1371.0,1371.0,1371.0,0.0,-1.27
2020-01-28,Capital Link MLP,CLMLP,1369.4,1369.4,1369.4,1369.4,0.0,-0.12
2020-01-29,Capital Link MLP,CLMLP,1347.82,1347.82,1347.82,1347.82,0.0,-1.58
2020-01-30,Capital Link MLP,CLMLP,1310.87,1310.87,1310.87,1310.87,0.0,-2.74
2020-01-31,Capital Link MLP,CLMLP,1277.85,1277.85,1277.85,1277.85,0.0,-2.52
2020-02-03,Capital Link MLP,CLMLP,1266.75,1266.75,1266.75,1266.75,0.0,-0.87
2020-02-04,Capital Link MLP,CLMLP,1271.59,1271.59,1271.59,1271.59,0.0,0.38
2020-02-05,Capital Link MLP,CLMLP,1283.48,1283.48,1283.48,1283.48,0.0,0.94
2020-02-06,Capital Link MLP,CLMLP,1155.49,1155.49,1155.49,1155.49,0.0,-9.97
2020-02-07,Capital Link MLP,CLMLP,1213.51,1213.51,1213.51,1213.51,0.0,5.02
2020-02-10,Capital Link MLP,CLMLP,1193.31,1193.31,1193.31,1193.31,0.0,-1.66
2020-02-11,Capital Link MLP,CLMLP,1219.69,1219.69,1219.69,1219.69,0.0,2.21
2020-02-12,Capital Link MLP,CLMLP,1243.39,1243.39,1243.39,1243.39,0.0,1.94
2020-02-13,Capital Link MLP,CLMLP,1237.92,1237.92,1237.92,1237.92,0.0,-0.44
2020-02-14,Capital Link MLP,CLMLP,1230.1,1230.1,1230.1,1230.1,0.0,-0.63
2020-02-18,Capital Link MLP,CLMLP,1235.73,1235.73,1235.73,1235.73,0.0,0.46
2020-02-19,Capital Link MLP,CLMLP,1213.7,1213.7,1213.7,1213.7,0.0,-1.78
2020-02-20,Capital Link MLP,CLMLP,1226.6,1226.6,1226.6,1226.6,0.0,1.06
2020-02-21,Capital Link MLP,CLMLP,1201.76,1201.76,1201.76,1201.76,0.0,-2.03
2020-02-24,Capital Link MLP,CLMLP,1155.72,1155.72,1155.72,1155.72,0.0,-3.83
2020-02-25,Capital Link MLP,CLMLP,1121.01,1121.01,1121.01,1121.01,0.0,-3.0
2020-02-26,Capital Link MLP,CLMLP,1118.21,1118.21,1118.21,1118.21,0.0,-0.25
2020-02-27,Capital Link MLP,CLMLP,1148.6,1148.6,1148.6,1148.6,0.0,2.72
2020-02-28,Capital Link MLP,CLMLP,1134.23,1134.23,1134.23,1134.23,0.0,-1.25
2020-03-02,Capital Link MLP,CLMLP,1159.37,1159.37,1159.37,1159.37,0.0,2.22
2020-03-03,Capital Link MLP,CLMLP,1130.07,1130.07,1130.07,1130.07,0.0,-2.53
2020-03-04,Capital Link MLP,CLMLP,1125.54,1125.54,1125.54,1125.54,0.0,-0.4
2020-03-05,Capital Link MLP,CLMLP,1097.04,1097.04,1097.04,1097.04,0.0,-2.53
2020-03-06,Capital Link MLP,CLMLP,1073.78,1073.78,1073.78,1073.78,0.0,-2.12
2020-03-09,Capital Link MLP,CLMLP,908.3,908.3,908.3,908.3,0.0,-15.41
2020-03-10,Capital Link MLP,CLMLP,992.99,992.99,992.99,992.99,0.0,9.32
2020-03-11,Capital Link MLP,CLMLP,916.71,916.71,916.71,916.71,0.0,-7.68
2020-03-12,Capital Link MLP,CLMLP,798.47,798.47,798.47,798.47,0.0,-12.9
2020-03-13,Capital Link MLP,CLMLP,846.1,846.1,846.1,846.1,0.0,5.97
2020-03-16,Capital Link MLP,CLMLP,770.3,770.3,770.3,770.3,0.0,-8.96
2020-03-19,Capital Link MLP,CLMLP,678.56,678.56,678.56,678.56,0.0,-11.91
2020-03-20,Capital Link MLP,CLMLP,662.2,662.2,662.2,662.2,0.0,-2.41
2020-03-23,Capital Link MLP,CLMLP,646.78,646.78,646.78,646.78,0.0,-2.33
2020-03-24,Capital Link MLP,CLMLP,714.05,714.05,714.05,714.05,0.0,10.4
2020-03-25,Capital Link MLP,CLMLP,738.25,738.25,738.25,738.25,0.0,3.39
2020-03-26,Capital Link MLP,CLMLP,784.12,784.12,784.12,784.12,0.0,6.21
2020-03-27,Capital Link MLP,CLMLP,764.04,764.04,764.04,764.04,0.0,-2.56
2020-03-30,Capital Link MLP,CLMLP,754.81,754.81,754.81,754.81,0.0,-1.21
2020-03-31,Capital Link MLP,CLMLP,787.34,787.34,787.34,787.34,0.0,4.31
2020-04-01,Capital Link MLP,CLMLP,741.55,741.55,741.55,741.55,0.0,-5.82
2020-04-02,Capital Link MLP,CLMLP,724.88,724.88,724.88,724.88,0.0,-2.25
2020-04-03,Capital Link MLP,CLMLP,730.17,730.17,730.17,730.17,0.0,0.73
2020-04-06,Capital Link MLP,CLMLP,773.73,773.73,773.73,773.73,0.0,5.97
2020-04-07,Capital Link MLP,CLMLP,743.68,743.68,743.68,743.68,0.0,-3.88
2020-04-08,Capital Link MLP,CLMLP,777.1,777.1,777.1,777.1,0.0,4.49
2020-04-09,Capital Link MLP,CLMLP,833.57,833.57,833.57,833.57,0.0,7.27
2020-04-13,Capital Link MLP,CLMLP,898.46,898.46,898.46,898.46,0.0,7.78
2020-04-14,Capital Link MLP,CLMLP,969.14,969.14,969.14,969.14,0.0,7.87
2020-04-15,Capital Link MLP,CLMLP,898.33,898.33,898.33,898.33,0.0,-7.31
2020-04-16,Capital Link MLP,CLMLP,922.91,922.91,922.91,922.91,0.0,2.74
2020-04-17,Capital Link MLP,CLMLP,947.83,947.83,947.83,947.83,0.0,2.7
2020-04-21,Capital Link MLP,CLMLP,941.93,941.93,941.93,941.93,0.0,-0.62
2020-04-22,Capital Link MLP,CLMLP,950.52,950.52,950.52,950.52,0.0,0.91
2020-04-23,Capital Link MLP,CLMLP,978.99,978.99,978.99,978.99,0.0,3.0
2020-04-24,Capital Link MLP,CLMLP,981.18,981.18,981.18,981.18,0.0,0.22
2020-04-27,Capital Link MLP,CLMLP,1020.63,1020.63,1020.63,1020.63,0.0,4.02
2020-04-28,Capital Link MLP,CLMLP,1052.17,1052.17,1052.17,1052.17,0.0,3.09
2020-04-29,Capital Link MLP,CLMLP,1095.59,1095.59,1095.59,1095.59,0.0,4.13
2020-04-30,Capital Link MLP,CLMLP,1022.44,1022.44,1022.44,1022.44,0.0,-6.68
2020-05-04,Capital Link MLP,CLMLP,986.67,986.67,986.67,986.67,0.0,1.6
2020-05-05,Capital Link MLP,CLMLP,952.76,952.76,952.76,952.76,0.0,-3.44
2020-05-06,Capital Link MLP,CLMLP,938.34,938.34,938.34,938.34,0.0,-1.51
2020-05-07,Capital Link MLP,CLMLP,958.66,958.66,958.66,958.66,0.0,2.17
2020-05-08,Capital Link MLP,CLMLP,974.34,974.34,974.34,974.34,0.0,1.64
2020-05-11,Capital Link MLP,CLMLP,976.63,976.63,976.63,976.63,0.0,0.24
2020-05-12,Capital Link MLP,CLMLP,971.62,971.62,971.62,971.62,0.0,-0.51
2020-05-13,Capital Link MLP,CLMLP,929.47,929.47,929.47,929.47,0.0,-4.34
2020-05-14,Capital Link MLP,CLMLP,933.38,933.38,933.38,933.38,0.0,0.42
2020-05-15,Capital Link MLP,CLMLP,933.77,933.77,933.77,933.77,0.0,0.04
2020-05-18,Capital Link MLP,CLMLP,973.25,973.25,973.25,973.25,0.0,4.23
2020-05-19,Capital Link MLP,CLMLP,952.91,952.91,952.91,952.91,0.0,-2.09
2020-05-20,Capital Link MLP,CLMLP,990.49,990.49,990.49,990.49,0.0,3.94
2020-05-21,Capital Link MLP,CLMLP,991.4,991.4,991.4,991.4,0.0,0.09
2020-05-22,Capital Link MLP,CLMLP,1010.7,1010.7,1010.7,1010.7,0.0,1.95
2020-05-26,Capital Link MLP,CLMLP,1022.27,1022.27,1022.27,1022.27,0.0,1.14
2020-05-27,Capital Link MLP,CLMLP,1034.83,1034.83,1034.83,1034.83,0.0,1.23
2020-05-28,Capital Link MLP,CLMLP,1006.38,1006.38,1006.38,1006.38,0.0,-2.75
2020-05-29,Capital Link MLP,CLMLP,1006.25,1006.25,1006.25,1006.25,0.0,-0.01
2020-06-01,Capital Link MLP,CLMLP,1002.3,1002.3,1002.3,1002.3,0.0,-0.39
2020-06-02,Capital Link MLP,CLMLP,1019.06,1019.06,1019.06,1019.06,0.0,1.67
2020-06-03,Capital Link MLP,CLMLP,1039.21,1039.21,1039.21,1039.21,0.0,1.98
2020-06-04,Capital Link MLP,CLMLP,1026.11,1026.11,1026.11,1026.11,0.0,-1.26
2020-06-05,Capital Link MLP,CLMLP,1079.62,1079.62,1079.62,1079.62,0.0,5.21
2020-06-08,Capital Link MLP,CLMLP,1146.44,1146.44,1146.44,1146.44,0.0,6.19
2020-06-09,Capital Link MLP,CLMLP,1129.46,1129.46,1129.46,1129.46,0.0,-1.48
2020-06-10,Capital Link MLP,CLMLP,1093.91,1093.91,1093.91,1093.91,0.0,-3.15
2020-06-11,Capital Link MLP,CLMLP,1003.01,1003.01,1003.01,1003.01,0.0,-8.31
2020-06-12,Capital Link MLP,CLMLP,1022.9,1022.9,1022.9,1022.9,0.0,1.98
2020-06-15,Capital Link MLP,CLMLP,1051.23,1051.23,1051.23,1051.23,0.0,2.77
2020-06-16,Capital Link MLP,CLMLP,1085.83,1085.83,1085.83,1085.83,0.0,3.29
2020-06-17,Capital Link MLP,CLMLP,1048.1,1048.1,1048.1,1048.1,0.0,-3.47
2020-06-18,Capital Link MLP,CLMLP,1067.62,1067.62,1067.62,1067.62,0.0,1.86
2020-06-19,Capital Link MLP,CLMLP,1050.46,1050.46,1050.46,1050.46,0.0,-1.61
2020-06-22,Capital Link MLP,CLMLP,1043.83,1043.83,1043.83,1043.83,0.0,-0.63
2020-06-23,Capital Link MLP,CLMLP,1011.78,1011.78,1011.78,1011.78,0.0,-3.07
2020-06-24,Capital Link MLP,CLMLP,970.02,970.02,970.02,970.02,0.0,-4.13
2020-06-25,Capital Link MLP,CLMLP,980.48,980.48,980.48,980.48,0.0,1.08
2020-06-26,Capital Link MLP,CLMLP,959.72,959.72,959.72,959.72,0.0,-2.12
2020-06-29,Capital Link MLP,CLMLP,986.9,986.9,986.9,986.9,0.0,2.83
2020-06-30,Capital Link MLP,CLMLP,983.54,983.54,983.54,983.54,0.0,-0.34
2020-07-01,Capital Link MLP,CLMLP,984.69,984.69,984.69,984.69,0.0,0.12
2020-07-02,Capital Link MLP,CLMLP,964.71,964.71,964.71,964.71,0.0,-2.03
2020-07-06,Capital Link MLP,CLMLP,979.26,979.26,979.26,979.26,0.0,1.51
2020-07-07,Capital Link MLP,CLMLP,967.27,967.27,967.27,967.27,0.0,-1.22
2020-07-08,Capital Link MLP,CLMLP,974.69,974.69,974.69,974.69,0.0,0.77
2020-07-09,Capital Link MLP,CLMLP,950.49,950.49,950.49,950.49,0.0,-2.48
2020-07-10,Capital Link MLP,CLMLP,968.62,968.62,968.62,968.62,0.0,1.91
2020-07-13,Capital Link MLP,CLMLP,918.71,918.71,918.71,918.71,0.0,-5.15
2020-07-14,Capital Link MLP,CLMLP,940.57,940.57,940.57,940.57,0.0,2.38
2020-07-15,Capital Link MLP,CLMLP,972.36,972.36,972.36,972.36,0.0,3.38
2020-07-16,Capital Link MLP,CLMLP,987.08,987.08,987.08,987.08,0.0,1.51
2020-07-17,Capital Link MLP,CLMLP,997.44,997.44,997.44,997.44,0.0,1.05
2020-07-20,Capital Link MLP,CLMLP,1003.12,1003.12,1003.12,1003.12,0.0,0.57
2020-07-21,Capital Link MLP,CLMLP,1010.78,1010.78,1010.78,1010.78,0.0,0.76
2020-07-22,Capital Link MLP,CLMLP,1000.64,1000.64,1000.64,1000.64,0.0,-1.0
2020-07-23,Capital Link MLP,CLMLP,1007.57,1007.57,1007.57,1007.57,0.0,0.69
2020-07-24,Capital Link MLP,CLMLP,1008.87,1008.87,1008.87,1008.87,0.0,0.13
2020-07-27,Capital Link MLP,CLMLP,1004.38,1004.38,1004.38,1004.38,0.0,-0.45
2020-07-28,Capital Link MLP,CLMLP,994.33,994.33,994.33,994.33,0.0,-1.0
2020-07-29,Capital Link MLP,CLMLP,981.72,981.72,981.72,981.72,0.0,-1.27
2020-07-30,Capital Link MLP,CLMLP,947.04,947.04,947.04,947.04,0.0,-3.53
2020-07-31,Capital Link MLP,CLMLP,925.22,925.22,925.22,925.22,0.0,-2.3
2020-08-03,Capital Link MLP,CLMLP,929.02,929.02,929.02,929.02,0.0,0.41
2020-08-04,Capital Link MLP,CLMLP,940.82,940.82,940.82,940.82,0.0,1.27
2020-08-05,Capital Link MLP,CLMLP,953.24,953.24,953.24,953.24,0.0,1.32
2020-08-07,Capital Link MLP,CLMLP,967.63,967.63,967.63,967.63,0.0,1.51
2020-08-10,Capital Link MLP,CLMLP,986.18,986.18,986.18,986.18,0.0,1.92
2020-08-11,Capital Link MLP,CLMLP,987.46,987.46,987.46,987.46,0.0,0.13
2020-08-12,Capital Link MLP,CLMLP,1005.51,1005.51,1005.51,1005.51,0.0,1.83
2020-08-13,Capital Link MLP,CLMLP,1026.75,1026.75,1026.75,1026.75,0.0,2.11
2020-08-14,Capital Link MLP,CLMLP,1058.85,1058.85,1058.85,1058.85,0.0,3.13
2020-08-17,Capital Link MLP,CLMLP,1038.43,1038.43,1038.43,1038.43,0.0,-1.93
2020-08-18,Capital Link MLP,CLMLP,993.38,993.38,993.38,993.38,0.0,-4.34
2020-08-19,Capital Link MLP,CLMLP,979.71,979.71,979.71,979.71,0.0,-1.38
2020-08-20,Capital Link MLP,CLMLP,979.46,979.46,979.46,979.46,0.0,-0.03
2020-08-21,Capital Link MLP,CLMLP,959.25,959.25,959.25,959.25,0.0,-2.06
2020-08-24,Capital Link MLP,CLMLP,977.53,977.53,977.53,977.53,0.0,1.91
2020-08-25,Capital Link MLP,CLMLP,975.54,975.54,975.54,975.54,0.0,-0.2
2020-08-26,Capital Link MLP,CLMLP,957.21,957.21,957.21,957.21,0.0,-1.88
2020-08-27,Capital Link MLP,CLMLP,939.98,939.98,939.98,939.98,0.0,-1.8
2020-08-28,Capital Link MLP,CLMLP,946.97,946.97,946.97,946.97,0.0,0.74
2020-08-31,Capital Link MLP,CLMLP,927.27,927.27,927.27,927.27,0.0,-2.08
2020-09-01,Capital Link MLP,CLMLP,908.92,908.92,908.92,908.92,0.0,-1.98
2020-09-02,Capital Link MLP,CLMLP,915.8,915.8,915.8,915.8,0.0,0.76
2020-09-03,Capital Link MLP,CLMLP,921.09,921.09,921.09,921.09,0.0,0.58
2020-09-04,Capital Link MLP,CLMLP,923.16,923.16,923.16,923.16,0.0,0.22
2020-09-08,Capital Link MLP,CLMLP,913.46,913.46,913.46,913.46,0.0,-1.05
2020-09-09,Capital Link MLP,CLMLP,918.92,918.92,918.92,918.92,0.0,0.6
2020-09-10,Capital Link MLP,CLMLP,917.22,917.22,917.22,917.22,0.0,-0.18
2020-09-11,Capital Link MLP,CLMLP,927.6,927.6,927.6,927.6,0.0,1.13
2020-09-14,Capital Link MLP,CLMLP,948.11,948.11,948.11,948.11,0.0,2.21
2020-09-15,Capital Link MLP,CLMLP,940.07,940.07,940.07,940.07,0.0,-0.85
2020-09-16,Capital Link MLP,CLMLP,965.04,965.04,965.04,965.04,0.0,2.6562
2020-09-17,Capital Link MLP,CLMLP,961.18,961.18,961.18,961.18,0.0,-0.4
2020-09-18,Capital Link MLP,CLMLP,961.52,961.52,961.52,961.52,0.0,0.0354
2020-09-21,Capital Link MLP,CLMLP,943.65,943.65,943.65,943.65,0.0,-1.8585
2020-09-22,Capital Link MLP,CLMLP,919.89,919.89,919.89,919.89,0.0,-2.5179
2020-09-23,Capital Link MLP,CLMLP,905.19,905.19,905.19,905.19,0.0,-1.598
2020-09-24,Capital Link MLP,CLMLP,906.9,906.9,906.9,906.9,0.0,0.1889
2020-09-25,Capital Link MLP,CLMLP,908.16,908.16,908.16,908.16,0.0,0.1389
2020-09-28,Capital Link MLP,CLMLP,912.27,912.27,912.27,912.27,0.0,0.4526
2020-09-29,Capital Link MLP,CLMLP,909.93,909.93,909.93,909.93,0.0,-0.2565
2020-09-30,Capital Link MLP,CLMLP,918.54,918.54,918.54,918.54,0.0,0.9462
2020-10-01,Capital Link MLP,CLMLP,929.25,929.25,929.25,929.25,0.0,1.166
2020-10-02,Capital Link MLP,CLMLP,941.04,941.04,941.04,941.04,0.0,1.2688
2020-10-05,Capital Link MLP,CLMLP,956.02,956.02,956.02,956.02,0.0,1.5919
2020-10-06,Capital Link MLP,CLMLP,943.18,943.18,943.18,943.18,0.0,-1.3431
2020-10-07,Capital Link MLP,CLMLP,944.06,944.06,944.06,944.06,0.0,0.0933
2020-10-08,Capital Link MLP,CLMLP,974.52,974.52,974.52,974.52,0.0,3.2265
2020-10-09,Capital Link MLP,CLMLP,968.7,968.7,968.7,968.7,0.0,-0.5972
2020-10-12,Capital Link MLP,CLMLP,970.39,970.39,970.39,970.39,0.0,0.1745
2020-10-13,Capital Link MLP,CLMLP,956.94,956.94,956.94,956.94,0.0,-1.386
2020-10-14,Capital Link MLP,CLMLP,970.16,970.16,970.16,970.16,0.0,1.3815
2020-10-15,Capital Link MLP,CLMLP,976.71,976.71,976.71,976.71,0.0,0.6751
2020-10-16,Capital Link MLP,CLMLP,974.9,974.9,974.9,974.9,0.0,-0.1853
2020-10-19,Capital Link MLP,CLMLP,961.98,961.98,961.98,961.98,0.0,-1.3253
2020-10-20,Capital Link MLP,CLMLP,979.4,979.4,979.4,979.4,0.0,1.8108
2020-10-21,Capital Link MLP,CLMLP,969.1,969.1,969.1,969.1,0.0,-1.0517
2020-10-22,Capital Link MLP,CLMLP,1004.54,1004.54,1004.54,1004.54,0.0,3.657
2020-10-23,Capital Link MLP,CLMLP,1043.11,1043.11,1043.11,1043.11,0.0,3.8396
2020-10-25,Capital Link MLP,CLMLP,1019.23,1019.23,1019.23,1019.23,0.0,-2.2893
2020-10-26,Capital Link MLP,CLMLP,1011.93,1011.93,1011.93,1011.93,0.0,-0.7162
2020-10-27,Capital Link MLP,CLMLP,979.11,979.11,979.11,979.11,0.0,-3.2433
2020-10-28,Capital Link MLP,CLMLP,971.36,971.36,971.36,971.36,0.0,-0.7915
2020-10-29,Capital Link MLP,CLMLP,949.16,949.16,949.16,949.16,0.0,-2.2855
2020-11-01,Capital Link MLP,CLMLP,944.92,944.92,944.92,944.92,0.0,-0.4467
2020-11-02,Capital Link MLP,CLMLP,938.28,938.28,938.28,938.28,0.0,-0.7027
2020-11-03,Capital Link MLP,CLMLP,927.99,927.99,927.99,927.99,0.0,-1.0967
2020-11-04,Capital Link MLP,CLMLP,946.18,946.18,946.18,946.18,0.0,1.9602
2020-11-05,Capital Link MLP,CLMLP,930.02,930.02,930.02,930.02,0.0,-1.7079
2020-11-08,Capital Link MLP,CLMLP,987.55,987.55,987.55,987.55,0.0,6.1859
2020-11-09,Capital Link MLP,CLMLP,995.74,995.74,995.74,995.74,0.0,0.8293
2020-11-10,Capital Link MLP,CLMLP,1042.1,1042.1,1042.1,1042.1,0.0,4.6558
2020-11-11,Capital Link MLP,CLMLP,1020.82,1020.82,1020.82,1020.82,0.0,-2.042
2020-11-12,Capital Link MLP,CLMLP,1029.27,1029.27,1029.27,1029.27,0.0,0.8278
2020-11-15,Capital Link MLP,CLMLP,1046.79,1046.79,1046.79,1046.79,0.0,1.7022
2020-11-16,Capital Link MLP,CLMLP,1058.99,1058.99,1058.99,1058.99,0.0,1.1655
2020-11-17,Capital Link MLP,CLMLP,1036.24,1036.24,1036.24,1036.24,0.0,-2.1483
2020-11-18,Capital Link MLP,CLMLP,1062.27,1062.27,1062.27,1062.27,0.0,2.512
2020-11-19,Capital Link MLP,CLMLP,1087.48,1087.48,1087.48,1087.48,0.0,2.3732
2020-11-22,Capital Link MLP,CLMLP,1115.84,1115.84,1115.84,1115.84,0.0,2.6079
2020-11-23,Capital Link MLP,CLMLP,1133.47,1133.47,1133.47,1133.47,0.0,1.58
2020-11-24,Capital Link MLP,CLMLP,1131.77,1131.77,1131.77,1131.77,0.0,-0.15
2020-11-26,Capital Link MLP,CLMLP,1132.25,1132.25,1132.25,1132.25,0.0,0.0424
2020-11-29,Capital Link MLP,CLMLP,1081.43,1081.43,1081.43,1081.43,0.0,-4.4884
2020-11-30,Capital Link MLP,CLMLP,1086.52,1086.52,1086.52,1086.52,0.0,0.4707
2020-12-01,Capital Link MLP,CLMLP,1110.62,1110.62,1110.62,1110.62,0.0,2.2181
2020-12-02,Capital Link MLP,CLMLP,1111.37,1111.37,1111.37,1111.37,0.0,0.0675
2020-12-03,Capital Link MLP,CLMLP,1152.25,1152.25,1152.25,1152.25,0.0,3.6783
2020-12-06,Capital Link MLP,CLMLP,1141.0,1141.0,1141.0,1141.0,0.0,-0.9764
2020-12-07,Capital Link MLP,CLMLP,1149.15,1149.15,1149.15,1149.15,0.0,0.7143
2020-12-08,Capital Link MLP,CLMLP,1136.7,1136.7,1136.7,1136.7,0.0,-1.0834
2020-12-09,Capital Link MLP,CLMLP,1158.66,1158.66,1158.66,1158.66,0.0,1.9319
2020-12-10,Capital Link MLP,CLMLP,1147.87,1147.87,1147.87,1147.87,0.0,-0.9312
2020-12-13,Capital Link MLP,CLMLP,1125.13,1125.13,1125.13,1125.13,0.0,-1.9811
2020-12-14,Capital Link MLP,CLMLP,1136.78,1136.78,1136.78,1136.78,0.0,1.0354
2020-12-15,Capital Link MLP,CLMLP,1113.09,1113.09,1113.09,1113.09,0.0,-2.084
2020-12-16,Capital Link MLP,CLMLP,1112.98,1112.98,1112.98,1112.98,0.0,-0.0099
2020-12-17,Capital Link MLP,CLMLP,1105.81,1105.81,1105.81,1105.81,0.0,-0.6442
2020-12-20,Capital Link MLP,CLMLP,1098.24,1098.24,1098.24,1098.24,0.0,-0.6846
2020-12-21,Capital Link MLP,CLMLP,1080.92,1080.92,1080.92,1080.92,0.0,-1.5771
2020-12-22,Capital Link MLP,CLMLP,1078.95,1078.95,1078.95,1078.95,0.0,-0.1823
2020-12-23,Capital Link MLP,CLMLP,1085.2,1085.2,1085.2,1085.2,0.0,0.5793
2020-12-27,Capital Link MLP,CLMLP,1072.75,1072.75,1072.75,1072.75,0.0,-1.1473
2020-12-28,Capital Link MLP,CLMLP,1069.27,1069.27,1069.27,1069.27,0.0,-0.3244
2020-12-29,Capital Link MLP,CLMLP,1078.72,1078.72,1078.72,1078.72,0.0,0.8838
2020-12-30,Capital Link MLP,CLMLP,1110.33,1110.33,1110.33,1110.33,0.0,2.9303
2021-01-03,Capital Link MLP,CLMLP,1118.48,1118.48,1118.48,1118.48,0.0,0.734
2021-01-04,Capital Link MLP,CLMLP,1141.66,1141.66,1141.66,1141.66,0.0,2.0725
2021-01-05,Capital Link MLP,CLMLP,1143.16,1143.16,1143.16,1143.16,0.0,0.1314
2021-01-06,Capital Link MLP,CLMLP,1183.35,1183.35,1183.35,1183.35,0.0,3.5157
2021-01-07,Capital Link MLP,CLMLP,1189.39,1189.39,1189.39,1189.39,0.0,0.5104
2021-01-10,Capital Link MLP,CLMLP,1208.08,1208.08,1208.08,1208.08,0.0,1.5714
2021-01-11,Capital Link MLP,CLMLP,1263.47,1263.47,1263.47,1263.47,0.0,4.585
2021-01-12,Capital Link MLP,CLMLP,1267.93,1267.93,1267.93,1267.93,0.0,0.353
2021-01-13,Capital Link MLP,CLMLP,1289.82,1289.82,1289.82,1289.82,0.0,1.7264
2021-01-14,Capital Link MLP,CLMLP,1277.51,1277.51,1277.51,1277.51,0.0,-0.9544
2021-01-18,Capital Link MLP,CLMLP,1285.74,1285.74,1285.74,1285.74,0.0,0.6442
2021-01-19,Capital Link MLP,CLMLP,1268.26,1268.26,1268.26,1268.26,0.0,-1.3595
2021-01-20,Capital Link MLP,CLMLP,1239.76,1239.76,1239.76,1239.76,0.0,-2.2472
2021-01-21,Capital Link MLP,CLMLP,1239.65,1239.65,1239.65,1239.65,0.0,-0.0089
2021-01-24,Capital Link MLP,CLMLP,1229.38,1229.38,1229.38,1229.38,0.0,-0.8285
2021-01-25,Capital Link MLP,CLMLP,1227.28,1227.28,1227.28,1227.28,0.0,-0.1708
2021-01-26,Capital Link MLP,CLMLP,1212.75,1212.75,1212.75,1212.75,0.0,-1.1839
2021-01-27,Capital Link MLP,CLMLP,1198.59,1198.59,1198.59,1198.59,0.0,-1.1676
2021-01-28,Capital Link MLP,CLMLP,1180.89,1180.89,1180.89,1180.89,0.0,-1.4767
2021-01-31,Capital Link MLP,CLMLP,1173.9,1173.9,1173.9,1173.9,0.0,-0.5919
2021-02-01,Capital Link MLP,CLMLP,1184.36,1184.36,1184.36,1184.36,0.0,0.891
2021-02-02,Capital Link MLP,CLMLP,1188.82,1188.82,1188.82,1188.82,0.0,0.3766
2021-02-03,Capital Link MLP,CLMLP,1187.02,1187.02,1187.02,1187.02,0.0,-0.1514
2021-02-04,Capital Link MLP,CLMLP,1210.06,1210.06,1210.06,1210.06,0.0,1.941
2021-02-07,Capital Link MLP,CLMLP,1223.6,1223.6,1223.6,1223.6,0.0,1.119
2021-02-08,Capital Link MLP,CLMLP,1228.64,1228.64,1228.64,1228.64,0.0,0.4119
2021-02-09,Capital Link MLP,CLMLP,1228.21,1228.21,1228.21,1228.21,0.0,-0.035
2021-02-10,Capital Link MLP,CLMLP,1219.29,1219.29,1219.29,1219.29,0.0,-0.7263
2021-02-11,Capital Link MLP,CLMLP,1258.3,1258.3,1258.3,1258.3,0.0,3.1994
2021-02-15,Capital Link MLP,CLMLP,1290.3,1290.3,1290.3,1290.3,0.0,2.5431
2021-02-16,Capital Link MLP,CLMLP,1280.55,1280.55,1280.55,1280.55,0.0,-0.7556
2021-02-17,Capital Link MLP,CLMLP,1259.85,1259.85,1259.85,1259.85,0.0,-1.6165
2021-02-18,Capital Link MLP,CLMLP,1281.87,1281.87,1281.87,1281.87,0.0,1.7478
2021-02-21,Capital Link MLP,CLMLP,1295.26,1295.26,1295.26,1295.26,0.0,1.0446
2021-02-22,Capital Link MLP,CLMLP,1284.55,1284.55,1284.55,1284.55,0.0,-0.8269
2021-02-23,Capital Link MLP,CLMLP,1321.74,1321.74,1321.74,1321.74,0.0,2.8952
2021-02-24,Capital Link MLP,CLMLP,1299.96,1299.96,1299.96,1299.96,0.0,-1.6478
2021-02-25,Capital Link MLP,CLMLP,1272.43,1272.43,1272.43,1272.43,0.0,-2.1178
2021-02-28,Capital Link MLP,CLMLP,1310.77,1310.77,1310.77,1310.77,0.0,3.0131
2021-03-01,Capital Link MLP,CLMLP,1323.46,1323.46,1323.46,1323.46,0.0,0.9681
2021-03-02,Capital Link MLP,CLMLP,1338.75,1338.75,1338.75,1338.75,0.0,1.1553
2021-03-03,Capital Link MLP,CLMLP,1335.62,1335.62,1335.62,1335.62,0.0,-0.2338
2021-03-04,Capital Link MLP,CLMLP,1332.79,1332.79,1332.79,1332.79,0.0,-0.2119
2021-03-07,Capital Link MLP,CLMLP,1342.25,1342.25,1342.25,1342.25,0.0,0.7098
2021-03-08,Capital Link MLP,CLMLP,1335.9,1335.9,1335.9,1335.9,0.0,-0.4731
2021-03-09,Capital Link MLP,CLMLP,1377.87,1377.87,1377.87,1377.87,0.0,3.1417
2021-03-10,Capital Link MLP,CLMLP,1381.38,1381.38,1381.38,1381.38,0.0,0.2547
2021-03-11,Capital Link MLP,CLMLP,1405.13,1405.13,1405.13,1405.13,0.0,1.7193
2021-03-14,Capital Link MLP,CLMLP,1430.19,1430.19,1430.19,1430.19,0.0,1.7835
2021-03-15,Capital Link MLP,CLMLP,1418.88,1418.88,1418.88,1418.88,0.0,-0.7908
2021-03-16,Capital Link MLP,CLMLP,1453.96,1453.96,1453.96,1453.96,0.0,2.4724
2021-03-17,Capital Link MLP,CLMLP,1422.81,1422.81,1422.81,1422.81,0.0,-2.1424
2021-03-18,Capital Link MLP,CLMLP,1466.47,1466.47,1466.47,1466.47,0.0,3.0686
2021-03-21,Capital Link MLP,CLMLP,1497.95,1497.95,1497.95,1497.95,0.0,2.1467
2021-03-22,Capital Link MLP,CLMLP,1430.16,1430.16,1430.16,1430.16,0.0,-4.5255
2021-03-23,Capital Link MLP,CLMLP,1407.26,1407.26,1407.26,1407.26,0.0,-1.6012
2021-03-24,Capital Link MLP,CLMLP,1437.64,1437.64,1437.64,1437.64,0.0,2.1588
2021-03-25,Capital Link MLP,CLMLP,1475.92,1475.92,1475.92,1475.92,0.0,2.6627
2021-03-29,Capital Link MLP,CLMLP,1442.07,1442.07,1442.07,1442.07,0.0,-2.2935
2021-03-30,Capital Link MLP,CLMLP,1422.46,1422.46,1422.46,1422.46,0.0,-1.3599
2021-03-31,Capital Link MLP,CLMLP,1397.83,1397.83,1397.83,1397.83,0.0,-1.7315
2021-04-01,Capital Link MLP,CLMLP,1408.62,1408.62,1408.62,1408.62,0.0,0.7719
2021-04-05,Capital Link MLP,CLMLP,1389.79,1389.79,1389.79,1389.79,0.0,-1.3368
2021-04-06,Capital Link MLP,CLMLP,1475.91,1475.91,1475.91,1475.91,0.0,6.1966
2021-04-07,Capital Link MLP,CLMLP,1531.25,1531.25,1531.25,1531.25,0.0,3.7496
2021-04-08,Capital Link MLP,CLMLP,1553.88,1553.88,1553.88,1553.88,0.0,1.4779
2021-04-09,Capital Link MLP,CLMLP,1533.74,1533.74,1533.74,1533.74,0.0,-1.2961
2021-04-12,Capital Link MLP,CLMLP,1539.23,1539.23,1539.23,1539.23,0.0,0.3579
2021-04-13,Capital Link MLP,CLMLP,1545.25,1545.25,1545.25,1545.25,0.0,0.3911
2021-04-14,Capital Link MLP,CLMLP,1560.43,1560.43,1560.43,1560.43,0.0,0.9824
2021-04-15,Capital Link MLP,CLMLP,1544.79,1544.79,1544.79,1544.79,0.0,-1.0023
2021-04-16,Capital Link MLP,CLMLP,1643.35,1643.35,1643.35,1643.35,0.0,6.3802
2021-04-19,Capital Link MLP,CLMLP,1714.01,1714.01,1714.01,1714.01,0.0,4.2998
2021-04-20,Capital Link MLP,CLMLP,1655.67,1655.67,1655.67,1655.67,0.0,-3.4037
2021-04-21,Capital Link MLP,CLMLP,1708.14,1708.14,1708.14,1708.14,0.0,3.1691
2021-04-22,Capital Link MLP,CLMLP,1732.48,1732.48,1732.48,1732.48,0.0,1.4249
2021-04-23,Capital Link MLP,CLMLP,1784.42,1784.42,1784.42,1784.42,0.0,2.998
2021-04-26,Capital Link MLP,CLMLP,1839.88,1839.88,1839.88,1839.88,0.0,3.108
2021-04-27,Capital Link MLP,CLMLP,1850.1,1850.1,1850.1,1850.1,0.0,0.5555
2021-04-28,Capital Link MLP,CLMLP,1848.72,1848.72,1848.72,1848.72,0.0,-0.0746
2021-04-29,Capital Link MLP,CLMLP,1823.24,1823.24,1823.24,1823.24,0.0,-1.3783
2021-04-30,Capital Link MLP,CLMLP,1816.25,1816.25,1816.25,1816.25,0.0,-0.3834
2021-05-03,Capital Link MLP,CLMLP,1899.76,1899.76,1899.76,1899.76,0.0,4.5979
2021-05-04,Capital Link MLP,CLMLP,1855.74,1855.74,1855.74,1855.74,0.0,-2.3171
2021-05-05,Capital Link MLP,CLMLP,1828.22,1828.22,1828.22,1828.22,0.0,-1.483
2021-05-06,Capital Link MLP,CLMLP,1818.86,1818.86,1818.86,1818.86,0.0,-0.512
2021-05-07,Capital Link MLP,CLMLP,1833.15,1833.15,1833.15,1833.15,0.0,0.7857
2021-05-10,Capital Link MLP,CLMLP,1808.67,1808.67,1808.67,1808.67,0.0,-1.3354
2021-05-11,Capital Link MLP,CLMLP,1772.39,1772.39,1772.39,1772.39,0.0,-2.0059
2021-05-12,Capital Link MLP,CLMLP,1703.82,1703.82,1703.82,1703.82,0.0,-3.8688
2021-05-13,Capital Link MLP,CLMLP,1700.48,1700.48,1700.48,1700.48,0.0,-0.196
2021-05-14,Capital Link MLP,CLMLP,1744.76,1744.76,1744.76,1744.76,0.0,2.604
2021-05-17,Capital Link MLP,CLMLP,1786.89,1786.89,1786.89,1786.89,0.0,2.4147
2021-05-18,Capital Link MLP,CLMLP,1792.1,1792.1,1792.1,1792.1,0.0,0.2916
2021-05-19,Capital Link MLP,CLMLP,1793.69,1793.69,1793.69,1793.69,0.0,0.0887
2021-05-20,Capital Link MLP,CLMLP,1833.36,1833.36,1833.36,1833.36,0.0,2.2116
2021-05-21,Capital Link MLP,CLMLP,1870.07,1870.07,1870.07,1870.07,0.0,2.0023
2021-05-24,Capital Link MLP,CLMLP,1822.32,1822.32,1822.32,1822.32,0.0,-2.5534
2021-05-25,Capital Link MLP,CLMLP,1717.06,1717.06,1717.06,1717.06,0.0,-5.7762
2021-05-26,Capital Link MLP,CLMLP,1715.5,1715.5,1715.5,1715.5,0.0,-0.0909
2021-05-27,Capital Link MLP,CLMLP,1721.43,1721.43,1721.43,1721.43,0.0,0.3457
2021-05-28,Capital Link MLP,CLMLP,1717.66,1717.66,1717.66,1717.66,0.0,-0.219
2021-06-01,Capital Link MLP,CLMLP,1734.85,1734.85,1734.85,1734.85,0.0,1.0008
2021-06-02,Capital Link MLP,CLMLP,1721.61,1721.61,1721.61,1721.61,0.0,-0.7632
2021-06-03,Capital Link MLP,CLMLP,1711.04,1711.04,1711.04,1711.04,0.0,-0.614
2021-06-04,Capital Link MLP,CLMLP,1713.23,1713.23,1713.23,1713.23,0.0,0.128
2021-06-07,Capital Link MLP,CLMLP,1732.97,1732.97,1732.97,1732.97,0.0,1.1522
2021-06-08,Capital Link MLP,CLMLP,1733.94,1733.94,1733.94,1733.94,0.0,0.056
2021-06-09,Capital Link MLP,CLMLP,1738.56,1738.56,1738.56,1738.56,0.0,0.2664
2021-06-10,Capital Link MLP,CLMLP,1764.52,1764.52,1764.52,1764.52,0.0,1.4932
2021-06-11,Capital Link MLP,CLMLP,1791.02,1791.02,1791.02,1791.02,0.0,1.5018
2021-06-14,Capital Link MLP,CLMLP,1770.7,1770.7,1770.7,1770.7,0.0,-1.1345
2021-06-15,Capital Link MLP,CLMLP,1798.35,1798.35,1798.35,1798.35,0.0,1.5615
2021-06-16,Capital Link MLP,CLMLP,1818.41,1818.41,1818.41,1818.41,0.0,1.1155
2021-06-17,Capital Link MLP,CLMLP,1758.77,1758.77,1758.77,1758.77,0.0,-3.2798
2021-06-18,Capital Link MLP,CLMLP,1706.68,1706.68,1706.68,1706.68,0.0,-2.9617
2021-06-21,Capital Link MLP,CLMLP,1731.71,1731.71,1731.71,1731.71,0.0,1.4666
2021-06-22,Capital Link MLP,CLMLP,1754.66,1754.66,1754.66,1754.66,0.0,1.3253
2021-06-23,Capital Link MLP,CLMLP,1770.05,1770.05,1770.05,1770.05,0.0,0.8771
2021-06-24,Capital Link MLP,CLMLP,1781.95,1781.95,1781.95,1781.95,0.0,0.6723
2021-06-25,Capital Link MLP,CLMLP,1784.23,1784.23,1784.23,1784.23,0.0,0.1279
2021-06-28,Capital Link MLP,CLMLP,1753.86,1753.86,1753.86,1753.86,0.0,-1.7021
2021-06-29,Capital Link MLP,CLMLP,1753.07,1753.07,1753.07,1753.07,0.0,-0.045
2021-06-30,Capital Link MLP,CLMLP,1780.46,1780.46,1780.46,1780.46,0.0,1.5624
2021-07-01,Capital Link MLP,CLMLP,1757.09,1757.09,1757.09,1757.09,0.0,-1.3126
2021-07-02,Capital Link MLP,CLMLP,1734.93,1734.93,1734.93,1734.93,0.0,-1.2612
2021-07-06,Capital Link MLP,CLMLP,1705.4,1705.4,1705.4,1705.4,0.0,-1.7021
2021-07-07,Capital Link MLP,CLMLP,1673.13,1673.13,1673.13,1673.13,0.0,-1.8922
2021-07-08,Capital Link MLP,CLMLP,1639.88,1639.88,1639.88,1639.88,0.0,-1.9873
2021-07-09,Capital Link MLP,CLMLP,1668.08,1668.08,1668.08,1668.08,0.0,1.7196
2021-07-12,Capital Link MLP,CLMLP,1697.62,1697.62,1697.62,1697.62,0.0,1.7709
2021-07-13,Capital Link MLP,CLMLP,1656.96,1656.96,1656.96,1656.96,0.0,-2.3951
2021-07-14,Capital Link MLP,CLMLP,1611.46,1611.46,1611.46,1611.46,0.0,-2.746
2021-07-15,Capital Link MLP,CLMLP,1602.71,1602.71,1602.71,1602.71,0.0,-0.543
2021-07-16,Capital Link MLP,CLMLP,1562.94,1562.94,1562.94,1562.94,0.0,-2.4814
2021-07-19,Capital Link MLP,CLMLP,1522.46,1522.46,1522.46,1522.46,0.0,-2.59
2021-07-20,Capital Link MLP,CLMLP,1571.26,1571.26,1571.26,1571.26,0.0,3.2053
2021-07-21,Capital Link MLP,CLMLP,1610.64,1610.64,1610.64,1610.64,0.0,2.5063
2021-07-22,Capital Link MLP,CLMLP,1616.0,1616.0,1616.0,1616.0,0.0,0.3328
2021-07-23,Capital Link MLP,CLMLP,1610.6,1610.6,1610.6,1610.6,0.0,-0.3342
2021-07-26,Capital Link MLP,CLMLP,1646.52,1646.52,1646.52,1646.52,0.0,2.2302
2021-07-27,Capital Link MLP,CLMLP,1596.8,1596.8,1596.8,1596.8,0.0,-3.0197
2021-07-28,Capital Link MLP,CLMLP,1388.66,1388.66,1388.66,1388.66,0.0,-13.0348
2021-07-29,Capital Link MLP,CLMLP,1477.13,1477.13,1477.13,1477.13,0.0,6.3709
2021-07-30,Capital Link MLP,CLMLP,1466.31,1466.31,1466.31,1466.31,0.0,-0.7325
2021-08-02,Capital Link MLP,CLMLP,1466.61,1466.61,1466.61,1466.61,0.0,0.0205
2021-08-03,Capital Link MLP,CLMLP,1462.04,1462.04,1462.04,1462.04,0.0,-0.3116
2021-08-04,Capital Link MLP,CLMLP,1432.97,1432.97,1432.97,1432.97,0.0,-1.9883
2021-08-05,Capital Link MLP,CLMLP,1432.88,1432.88,1432.88,1432.88,0.0,-0.0063
2021-08-06,Capital Link MLP,CLMLP,1427.4,1427.4,1427.4,1427.4,0.0,-0.3824
2021-08-09,Capital Link MLP,CLMLP,1416.81,1416.81,1416.81,1416.81,0.0,-0.7419
2021-08-10,Capital Link MLP,CLMLP,1443.69,1443.69,1443.69,1443.69,0.0,1.8972
2021-08-11,Capital Link MLP,CLMLP,1495.68,1495.68,1495.68,1495.68,0.0,3.6012
2021-08-12,Capital Link MLP,CLMLP,1505.94,1505.94,1505.94,1505.94,0.0,0.686
2021-08-13,Capital Link MLP,CLMLP,1530.57,1530.57,1530.57,1530.57,0.0,1.6355
2021-08-16,Capital Link MLP,CLMLP,1544.26,1544.26,1544.26,1544.26,0.0,0.8944
2021-08-17,Capital Link MLP,CLMLP,1523.28,1523.28,1523.28,1523.28,0.0,-1.3586
2021-08-18,Capital Link MLP,CLMLP,1523.47,1523.47,1523.47,1523.47,0.0,0.0125
2021-08-19,Capital Link MLP,CLMLP,1476.67,1476.67,1476.67,1476.67,0.0,-3.0719
2021-08-20,Capital Link MLP,CLMLP,1482.69,1482.69,1482.69,1482.69,0.0,0.4077
2021-08-23,Capital Link MLP,CLMLP,1518.16,1518.16,1518.16,1518.16,0.0,2.3923
2021-08-24,Capital Link MLP,CLMLP,1564.35,1564.35,1564.35,1564.35,0.0,3.0425
2021-08-25,Capital Link MLP,CLMLP,1555.35,1555.35,1555.35,1555.35,0.0,-0.5753
2021-08-26,Capital Link MLP,CLMLP,1520.87,1520.87,1520.87,1520.87,0.0,-2.2169
2021-08-27,Capital Link MLP,CLMLP,1573.11,1573.11,1573.11,1573.11,0.0,3.4349
2021-08-30,Capital Link MLP,CLMLP,1616.35,1616.35,1616.35,1616.35,0.0,2.7487
2021-08-31,Capital Link MLP,CLMLP,1628.54,1628.54,1628.54,1628.54,0.0,0.7542
2021-09-01,Capital Link MLP,CLMLP,1659.31,1659.31,1659.31,1659.31,0.0,1.8894
2021-09-02,Capital Link MLP,CLMLP,1728.47,1728.47,1728.47,1728.47,0.0,4.168
2021-09-03,Capital Link MLP,CLMLP,1770.71,1770.71,1770.71,1770.71,0.0,2.4438
2021-09-07,Capital Link MLP,CLMLP,1801.69,1801.69,1801.69,1801.69,0.0,1.7496
2021-09-08,Capital Link MLP,CLMLP,1752.47,1752.47,1752.47,1752.47,0.0,-2.7319
2021-09-09,Capital Link MLP,CLMLP,1789.31,1789.31,1789.31,1789.31,0.0,2.1022
2021-09-10,Capital Link MLP,CLMLP,1780.03,1780.03,1780.03,1780.03,0.0,-0.5186
2021-09-13,Capital Link MLP,CLMLP,1805.82,1805.82,1805.82,1805.82,0.0,1.4489
2021-09-14,Capital Link MLP,CLMLP,1765.02,1765.02,1765.02,1765.02,0.0,-2.2594
2021-09-15,Capital Link MLP,CLMLP,1777.43,1777.43,1777.43,1777.43,0.0,0.7031
2021-09-16,Capital Link MLP,CLMLP,1762.53,1762.53,1762.53,1762.53,0.0,-0.8383
2021-09-17,Capital Link MLP,CLMLP,1695.28,1695.28,1695.28,1695.28,0.0,-3.8155
2021-09-20,Capital Link MLP,CLMLP,1596.37,1596.37,1596.37,1596.37,0.0,-5.8344
2021-09-21,Capital Link MLP,CLMLP,1614.13,1614.13,1614.13,1614.13,0.0,1.1125
2021-09-22,Capital Link MLP,CLMLP,1662.92,1662.92,1662.92,1662.92,0.0,3.0227
2021-09-23,Capital Link MLP,CLMLP,1714.92,1714.92,1714.92,1714.92,0.0,3.127
2021-09-24,Capital Link MLP,CLMLP,1721.49,1721.49,1721.49,1721.49,0.0,0.3831
2021-09-27,Capital Link MLP,CLMLP,1792.43,1792.43,1792.43,1792.43,0.0,4.1208
2021-09-28,Capital Link MLP,CLMLP,1823.75,1823.75,1823.75,1823.75,0.0,1.7473
2021-09-29,Capital Link MLP,CLMLP,1828.46,1828.46,1828.46,1828.46,0.0,0.2583
2021-09-30,Capital Link MLP,CLMLP,1837.2,1837.2,1837.2,1837.2,0.0,0.478
2021-10-01,Capital Link MLP,CLMLP,1881.9,1881.9,1881.9,1881.9,0.0,2.4331
2021-10-04,Capital Link MLP,CLMLP,1885.54,1885.54,1885.54,1885.54,0.0,0.1934
2021-10-05,Capital Link MLP,CLMLP,1892.45,1892.45,1892.45,1892.45,0.0,0.3665
2021-10-06,Capital Link MLP,CLMLP,1906.58,1906.58,1906.58,1906.58,0.0,0.7467
2021-10-07,Capital Link MLP,CLMLP,1886.86,1886.86,1886.86,1886.86,0.0,-1.0343
2021-10-08,Capital Link MLP,CLMLP,1857.98,1857.98,1857.98,1857.98,0.0,-1.5306
2021-10-11,Capital Link MLP,CLMLP,1862.37,1862.37,1862.37,1862.37,0.0,0.2363
2021-10-12,Capital Link MLP,CLMLP,1855.42,1855.42,1855.42,1855.42,0.0,-0.3732
2021-10-14,Capital Link MLP,CLMLP,1777.13,1777.13,1777.13,1777.13,0.0,-4.2195
2021-10-15,Capital Link MLP,CLMLP,1762.2,1762.2,1762.2,1762.2,0.0,-0.8401
2021-10-18,Capital Link MLP,CLMLP,1801.51,1801.51,1801.51,1801.51,0.0,2.2307
2021-10-19,Capital Link MLP,CLMLP,1828.83,1828.83,1828.83,1828.83,0.0,1.5165
2021-10-20,Capital Link MLP,CLMLP,1889.63,1889.63,1889.63,1889.63,0.0,3.3245
2021-10-21,Capital Link MLP,CLMLP,1887.92,1887.92,1887.92,1887.92,0.0,-0.0905
2021-10-22,Capital Link MLP,CLMLP,1875.24,1875.24,1875.24,1875.24,0.0,-0.6716
2021-10-25,Capital Link MLP,CLMLP,1875.14,1875.14,1875.14,1875.14,0.0,-0.0053
2021-10-26,Capital Link MLP,CLMLP,1827.02,1827.02,1827.02,1827.02,0.0,-2.5662
2021-10-27,Capital Link MLP,CLMLP,1780.69,1780.69,1780.69,1780.69,0.0,-2.5358
2021-10-28,Capital Link MLP,CLMLP,1814.25,1814.25,1814.25,1814.25,0.0,1.8847
2021-10-29,Capital Link MLP,CLMLP,1831.66,1831.66,1831.66,1831.66,0.0,0.9596
2021-10-31,Capital Link MLP,CLMLP,1859.63,1859.63,1859.63,1859.63,0.0,1.527
2021-11-01,Capital Link MLP,CLMLP,1829.84,1829.84,1829.84,1829.84,0.0,-1.6019
2021-11-02,Capital Link MLP,CLMLP,1831.15,1831.15,1831.15,1831.15,0.0,0.0716
2021-11-03,Capital Link MLP,CLMLP,1813.79,1813.79,1813.79,1813.79,0.0,-0.948
2021-11-04,Capital Link MLP,CLMLP,1805.03,1805.03,1805.03,1805.03,0.0,-0.483
2021-11-07,Capital Link MLP,CLMLP,1818.65,1818.65,1818.65,1818.65,0.0,0.7546
2021-11-08,Capital Link MLP,CLMLP,1860.87,1860.87,1860.87,1860.87,0.0,2.3215
2021-11-09,Capital Link MLP,CLMLP,1815.05,1815.05,1815.05,1815.05,0.0,-2.4623
2021-11-10,Capital Link MLP,CLMLP,1810.05,1810.05,1810.05,1810.05,0.0,-0.2755
2021-11-11,Capital Link MLP,CLMLP,1808.01,1808.01,1808.01,1808.01,0.0,-0.1127
2021-11-14,Capital Link MLP,CLMLP,1787.44,1787.44,1787.44,1787.44,0.0,-1.1377
2021-11-15,Capital Link MLP,CLMLP,1747.41,1747.41,1747.41,1747.41,0.0,-2.2395
2021-11-16,Capital Link MLP,CLMLP,1721.14,1721.14,1721.14,1721.14,0.0,-1.5034
2021-11-17,Capital Link MLP,CLMLP,1714.01,1714.01,1714.01,1714.01,0.0,-0.4143
2021-11-18,Capital Link MLP,CLMLP,1688.38,1688.38,1688.38,1688.38,0.0,-1.4953
2021-11-21,Capital Link MLP,CLMLP,1700.61,1700.61,1700.61,1700.61,0.0,0.7244
2021-11-22,Capital Link MLP,CLMLP,1695.41,1695.41,1695.41,1695.41,0.0,-0.3058
2021-11-23,Capital Link MLP,CLMLP,1716.11,1716.11,1716.11,1716.11,0.0,1.2209
2021-11-25,Capital Link MLP,CLMLP,1711.86,1711.86,1711.86,1711.86,0.0,-0.2477
2021-11-28,Capital Link MLP,CLMLP,1711.98,1711.98,1711.98,1711.98,0.0,0.007
2021-11-29,Capital Link MLP,CLMLP,1698.38,1698.38,1698.38,1698.38,0.0,-0.7944
2021-11-30,Capital Link MLP,CLMLP,1615.24,1615.24,1615.24,1615.24,0.0,-4.8953
2021-12-01,Capital Link MLP,CLMLP,1645.8,1645.8,1645.8,1645.8,0.0,1.892
2021-12-02,Capital Link MLP,CLMLP,1665.46,1665.46,1665.46,1665.46,0.0,1.1946
2021-12-05,Capital Link MLP,CLMLP,1711.28,1711.28,1711.28,1711.28,0.0,2.7512
2021-12-06,Capital Link MLP,CLMLP,1743.13,1743.13,1743.13,1743.13,0.0,1.8612
2021-12-07,Capital Link MLP,CLMLP,1763.96,1763.96,1763.96,1763.96,0.0,1.195
2021-12-08,Capital Link MLP,CLMLP,1733.7,1733.7,1733.7,1733.7,0.0,-1.7155
2021-12-09,Capital Link MLP,CLMLP,1712.52,1712.52,1712.52,1712.52,0.0,-1.2217
2021-12-12,Capital Link MLP,CLMLP,1683.35,1683.35,1683.35,1683.35,0.0,-1.7033
2021-12-13,Capital Link MLP,CLMLP,1645.22,1645.22,1645.22,1645.22,0.0,-2.2651
2021-12-14,Capital Link MLP,CLMLP,1632.78,1632.78,1632.78,1632.78,0.0,-0.7561
2021-12-15,Capital Link MLP,CLMLP,1618.64,1618.64,1618.64,1618.64,0.0,-0.866
2021-12-16,Capital Link MLP,CLMLP,1604.43,1604.43,1604.43,1604.43,0.0,-0.8779
2021-12-19,Capital Link MLP,CLMLP,1565.24,1565.24,1565.24,1565.24,0.0,-2.4426
2021-12-20,Capital Link MLP,CLMLP,1585.18,1585.18,1585.18,1585.18,0.0,1.2739
2021-12-21,Capital Link MLP,CLMLP,1613.53,1613.53,1613.53,1613.53,0.0,1.7884
2021-12-22,Capital Link MLP,CLMLP,1621.61,1621.61,1621.61,1621.61,0.0,0.5008
2021-12-26,Capital Link MLP,CLMLP,1638.9,1638.9,1638.9,1638.9,0.0,1.0662
2021-12-27,Capital Link MLP,CLMLP,1624.48,1624.48,1624.48,1624.48,0.0,-0.8799
2021-12-28,Capital Link MLP,CLMLP,1629.37,1629.37,1629.37,1629.37,0.0,0.301
2021-12-29,Capital Link MLP,CLMLP,1624.09,1624.09,1624.09,1624.09,0.0,-0.3241
2021-12-30,Capital Link MLP,CLMLP,1645.02,1645.02,1645.02,1645.02,0.0,1.2887
2022-01-02,Capital Link MLP,CLMLP,1689.95,1689.95,1689.95,1689.95,0.0,2.7313
2022-01-03,Capital Link MLP,CLMLP,1683.75,1683.75,1683.75,1683.75,0.0,-0.3669
2022-01-04,Capital Link MLP,CLMLP,1651.48,1651.48,1651.48,1651.48,0.0,-1.9166
2022-01-05,Capital Link MLP,CLMLP,1656.48,1656.48,1656.48,1656.48,0.0,0.3028
2022-01-06,Capital Link MLP,CLMLP,1662.67,1662.67,1662.67,1662.67,0.0,0.3737
2022-01-09,Capital Link MLP,CLMLP,1643.02,1643.02,1643.02,1643.02,0.0,-1.1818
2022-01-10,Capital Link MLP,CLMLP,1663.84,1663.84,1663.84,1663.84,0.0,1.2672
2022-01-11,Capital Link MLP,CLMLP,1664.49,1664.49,1664.49,1664.49,0.0,0.0391
2022-01-12,Capital Link MLP,CLMLP,1627.67,1627.67,1627.67,1627.67,0.0,-2.2121
2022-01-13,Capital Link MLP,CLMLP,1664.39,1664.39,1664.39,1664.39,0.0,2.256
2022-01-17,Capital Link MLP,CLMLP,1683.83,1683.83,1683.83,1683.83,0.0,1.168
2022-01-18,Capital Link MLP,CLMLP,1698.77,1698.77,1698.77,1698.77,0.0,0.8873
2022-01-19,Capital Link MLP,CLMLP,1703.63,1703.63,1703.63,1703.63,0.0,0.2861
2022-01-20,Capital Link MLP,CLMLP,1627.96,1627.96,1627.96,1627.96,0.0,-4.4417
2022-01-23,Capital Link MLP,CLMLP,1610.2,1610.2,1610.2,1610.2,0.0,-1.0909
2022-01-24,Capital Link MLP,CLMLP,1660.05,1660.05,1660.05,1660.05,0.0,3.0959
2022-01-25,Capital Link MLP,CLMLP,1651.7,1651.7,1651.7,1651.7,0.0,-0.503
2022-01-26,Capital Link MLP,CLMLP,1699.03,1699.03,1699.03,1699.03,0.0,2.8655
2022-01-27,Capital Link MLP,CLMLP,1791.38,1791.38,1791.38,1791.38,0.0,5.4355
2022-01-30,Capital Link MLP,CLMLP,1799.16,1799.16,1799.16,1799.16,0.0,0.4343
2022-01-31,Capital Link MLP,CLMLP,1884.47,1884.47,1884.47,1884.47,0.0,4.7417
2022-02-01,Capital Link MLP,CLMLP,1925.33,1925.33,1925.33,1925.33,0.0,2.1682
2022-02-02,Capital Link MLP,CLMLP,1899.16,1899.16,1899.16,1899.16,0.0,-1.3592
2022-02-03,Capital Link MLP,CLMLP,1930.84,1930.84,1930.84,1930.84,0.0,1.6681
2022-02-06,Capital Link MLP,CLMLP,1944.63,1944.63,1944.63,1944.63,0.0,0.7142
2022-02-07,Capital Link MLP,CLMLP,1890.63,1890.63,1890.63,1890.63,0.0,-2.7769
2022-02-08,Capital Link MLP,CLMLP,1920.3,1920.3,1920.3,1920.3,0.0,1.5693
2022-02-09,Capital Link MLP,CLMLP,2010.71,2010.71,2010.71,2010.71,0.0,4.7081
2022-02-10,Capital Link MLP,CLMLP,2013.73,2013.73,2013.73,2013.73,0.0,0.1502
2022-02-13,Capital Link MLP,CLMLP,1967.88,1967.88,1967.88,1967.88,0.0,-2.2769
2022-02-14,Capital Link MLP,CLMLP,1999.37,1999.37,1999.37,1999.37,0.0,1.6002
2022-02-15,Capital Link MLP,CLMLP,2016.59,2016.59,2016.59,2016.59,0.0,0.8613
2022-02-16,Capital Link MLP,CLMLP,1980.4,1980.4,1980.4,1980.4,0.0,-1.7946
2022-02-17,Capital Link MLP,CLMLP,1934.91,1934.91,1934.91,1934.91,0.0,-2.297
2022-02-21,Capital Link MLP,CLMLP,1971.52,1971.52,1971.52,1971.52,0.0,1.8921
2022-02-22,Capital Link MLP,CLMLP,1983.19,1983.19,1983.19,1983.19,0.0,0.5919
2022-02-23,Capital Link MLP,CLMLP,1980.36,1980.36,1980.36,1980.36,0.0,-0.1427
2022-02-24,Capital Link MLP,CLMLP,2099.32,2099.32,2099.32,2099.32,0.0,6.007
2022-02-27,Capital Link MLP,CLMLP,2118.81,2118.81,2118.81,2118.81,0.0,0.9284
2022-02-28,Capital Link MLP,CLMLP,2035.22,2035.22,2035.22,2035.22,0.0,-3.9451
2022-03-01,Capital Link MLP,CLMLP,2050.26,2050.26,2050.26,2050.26,0.0,0.739
2022-03-02,Capital Link MLP,CLMLP,2063.55,2063.55,2063.55,2063.55,0.0,0.6482
2022-03-03,Capital Link MLP,CLMLP,2036.88,2036.88,2036.88,2036.88,0.0,-1.2924
2022-03-06,Capital Link MLP,CLMLP,2030.81,2030.81,2030.81,2030.81,0.0,-0.298
2022-03-07,Capital Link MLP,CLMLP,2075.14,2075.14,2075.14,2075.14,0.0,2.1829
2022-03-08,Capital Link MLP,CLMLP,2162.81,2162.81,2162.81,2162.81,0.0,4.2248
2022-03-09,Capital Link MLP,CLMLP,2234.38,2234.38,2234.38,2234.38,0.0,3.3091
2022-03-10,Capital Link MLP,CLMLP,2273.76,2273.76,2273.76,2273.76,0.0,1.7625
2022-03-13,Capital Link MLP,CLMLP,2128.46,2128.46,2128.46,2128.46,0.0,-6.3903
2022-03-14,Capital Link MLP,CLMLP,2000.57,2000.57,2000.57,2000.57,0.0,-6.0086
2022-03-15,Capital Link MLP,CLMLP,1982.36,1982.36,1982.36,1982.36,0.0,-0.9102
2022-03-16,Capital Link MLP,CLMLP,2049.76,2049.76,2049.76,2049.76,0.0,3.4
2022-03-17,Capital Link MLP,CLMLP,2045.77,2045.77,2045.77,2045.77,0.0,-0.1947
2022-03-20,Capital Link MLP,CLMLP,2126.66,2126.66,2126.66,2126.66,0.0,3.954
2022-03-21,Capital Link MLP,CLMLP,2122.94,2122.94,2122.94,2122.94,0.0,-0.1749
2022-03-22,Capital Link MLP,CLMLP,2142.33,2142.33,2142.33,2142.33,0.0,0.9134
2022-03-23,Capital Link MLP,CLMLP,2122.55,2122.55,2122.55,2122.55,0.0,-0.9233
2022-03-24,Capital Link MLP,CLMLP,2136.99,2136.99,2136.99,2136.99,0.0,0.6803
2022-03-28,Capital Link MLP,CLMLP,2118.69,2118.69,2118.69,2118.69,0.0,-0.8563
2022-03-29,Capital Link MLP,CLMLP,2144.81,2144.81,2144.81,2144.81,0.0,1.2328
2022-03-30,Capital Link MLP,CLMLP,2189.86,2189.86,2189.86,2189.86,0.0,2.1004
2022-03-31,Capital Link MLP,CLMLP,2165.71,2165.71,2165.71,2165.71,0.0,-1.1028
2022-04-01,Capital Link MLP,CLMLP,2184.23,2184.23,2184.23,2184.23,0.0,0.8551
2022-04-04,Capital Link MLP,CLMLP,2127.03,2127.03,2127.03,2127.03,0.0,-2.6188
2022-04-05,Capital Link MLP,CLMLP,2035.63,2035.63,2035.63,2035.63,0.0,-4.2971
2022-04-06,Capital Link MLP,CLMLP,1967.38,1967.38,1967.38,1967.38,0.0,-3.3528
2022-04-07,Capital Link MLP,CLMLP,1986.95,1986.95,1986.95,1986.95,0.0,0.9947
2022-04-08,Capital Link MLP,CLMLP,2026.81,2026.81,2026.81,2026.81,0.0,2.0061
2022-04-11,Capital Link MLP,CLMLP,1915.87,1915.87,1915.87,1915.87,0.0,-5.4736
2022-04-12,Capital Link MLP,CLMLP,1917.99,1917.99,1917.99,1917.99,0.0,0.1107
2022-04-13,Capital Link MLP,CLMLP,1980.6,1980.6,1980.6,1980.6,0.0,3.2644
2022-04-14,Capital Link MLP,CLMLP,2040.48,2040.48,2040.48,2040.48,0.0,3.0233
2022-04-18,Capital Link MLP,CLMLP,2077.55,2077.55,2077.55,2077.55,0.0,1.8167
2022-04-19,Capital Link MLP,CLMLP,2102.56,2102.56,2102.56,2102.56,0.0,1.2038
2022-04-20,Capital Link MLP,CLMLP,2117.55,2117.55,2117.55,2117.55,0.0,0.7129
2022-04-21,Capital Link MLP,CLMLP,2018.79,2018.79,2018.79,2018.79,0.0,-4.6639
2022-04-22,Capital Link MLP,CLMLP,1962.21,1962.21,1962.21,1962.21,0.0,-2.8027
2022-04-25,Capital Link MLP,CLMLP,1846.69,1846.69,1846.69,1846.69,0.0,-5.8872
2022-04-26,Capital Link MLP,CLMLP,1849.6,1849.6,1849.6,1849.6,0.0,0.1576
2022-04-27,Capital Link MLP,CLMLP,1898.4,1898.4,1898.4,1898.4,0.0,2.6384
2022-04-28,Capital Link MLP,CLMLP,1909.84,1909.84,1909.84,1909.84,0.0,0.6026
2022-04-29,Capital Link MLP,CLMLP,1830.16,1830.16,1830.16,1830.16,0.0,-4.1721
2022-05-02,Capital Link MLP,CLMLP,1872.39,1872.39,1872.39,1872.39,0.0,2.3074
2022-05-03,Capital Link MLP,CLMLP,1939.43,1939.43,1939.43,1939.43,0.0,3.5805
2022-05-04,Capital Link MLP,CLMLP,2020.41,2020.41,2020.41,2020.41,0.0,4.1755
2022-05-05,Capital Link MLP,CLMLP,2022.59,2022.59,2022.59,2022.59,0.0,0.1079
2022-05-06,Capital Link MLP,CLMLP,1998.1,1998.1,1998.1,1998.1,0.0,-1.2108
2022-05-09,Capital Link MLP,CLMLP,1851.72,1851.72,1851.72,1851.72,0.0,-7.326
2022-05-10,Capital Link MLP,CLMLP,1800.79,1800.79,1800.79,1800.79,0.0,-2.7504
2022-05-11,Capital Link MLP,CLMLP,1778.46,1778.46,1778.46,1778.46,0.0,-1.24
2022-05-12,Capital Link MLP,CLMLP,1706.18,1706.18,1706.18,1706.18,0.0,-4.0642
2022-05-13,Capital Link MLP,CLMLP,1780.94,1780.94,1780.94,1780.94,0.0,4.3817
2022-05-16,Capital Link MLP,CLMLP,1805.04,1805.04,1805.04,1805.04,0.0,1.3532
2022-05-17,Capital Link MLP,CLMLP,1810.18,1810.18,1810.18,1810.18,0.0,0.2848
2022-05-18,Capital Link MLP,CLMLP,1765.81,1765.81,1765.81,1765.81,0.0,-2.4511
2022-05-19,Capital Link MLP,CLMLP,1806.89,1806.89,1806.89,1806.89,0.0,2.3264
2022-05-20,Capital Link MLP,CLMLP,1814.61,1814.61,1814.61,1814.61,0.0,0.4273
2022-05-23,Capital Link MLP,CLMLP,1871.72,1871.72,1871.72,1871.72,0.0,3.1472
2022-05-24,Capital Link MLP,CLMLP,1856.78,1856.78,1856.78,1856.78,0.0,-0.7982
2022-05-25,Capital Link MLP,CLMLP,1901.68,1901.68,1901.68,1901.68,0.0,2.4182
2022-05-26,Capital Link MLP,CLMLP,1903.77,1903.77,1903.77,1903.77,0.0,0.1099
2022-05-27,Capital Link MLP,CLMLP,1891.08,1891.08,1891.08,1891.08,0.0,-0.6666
2022-05-31,Capital Link MLP,CLMLP,1863.03,1863.03,1863.03,1863.03,0.0,-1.4833
2022-06-01,Capital Link MLP,CLMLP,1917.77,1917.77,1917.77,1917.77,0.0,2.9382
2022-06-02,Capital Link MLP,CLMLP,1922.25,1922.25,1922.25,1922.25,0.0,0.2336
2022-06-03,Capital Link MLP,CLMLP,1922.68,1922.68,1922.68,1922.68,0.0,0.0224
2022-06-06,Capital Link MLP,CLMLP,1916.16,1916.16,1916.16,1916.16,0.0,-0.3391
2022-06-07,Capital Link MLP,CLMLP,1925.23,1925.23,1925.23,1925.23,0.0,0.4733
2022-06-08,Capital Link MLP,CLMLP,1827.53,1827.53,1827.53,1827.53,0.0,-5.0747
2022-06-09,Capital Link MLP,CLMLP,1765.93,1765.93,1765.93,1765.93,0.0,-3.3707
2022-06-10,Capital Link MLP,CLMLP,1731.39,1731.39,1731.39,1731.39,0.0,-1.9559
2022-06-13,Capital Link MLP,CLMLP,1610.0,1610.0,1610.0,1610.0,0.0,-7.0111
2022-06-14,Capital Link MLP,CLMLP,1625.87,1625.87,1625.87,1625.87,0.0,0.9857
2022-06-15,Capital Link MLP,CLMLP,1652.95,1652.95,1652.95,1652.95,0.0,1.6656
2022-06-16,Capital Link MLP,CLMLP,1595.5,1595.5,1595.5,1595.5,0.0,-3.4756
2022-06-17,Capital Link MLP,CLMLP,1555.82,1555.82,1555.82,1555.82,0.0,-2.487
2022-06-21,Capital Link MLP,CLMLP,1598.18,1598.18,1598.18,1598.18,0.0,2.7227
2022-06-22,Capital Link MLP,CLMLP,1539.08,1539.08,1539.08,1539.08,0.0,-3.698
2022-06-23,Capital Link MLP,CLMLP,1503.76,1503.76,1503.76,1503.76,0.0,-2.2949
2022-06-24,Capital Link MLP,CLMLP,1519.98,1519.98,1519.98,1519.98,0.0,1.0786
2022-06-27,Capital Link MLP,CLMLP,1602.62,1602.62,1602.62,1602.62,0.0,5.4369
2022-06-28,Capital Link MLP,CLMLP,1576.2,1576.2,1576.2,1576.2,0.0,-1.6486
2022-06-29,Capital Link MLP,CLMLP,1534.0,1534.0,1534.0,1534.0,0.0,-2.6773
2022-06-30,Capital Link MLP,CLMLP,1521.21,1521.21,1521.21,1521.21,0.0,-0.8338
2022-07-01,Capital Link MLP,CLMLP,1529.24,1529.24,1529.24,1529.24,0.0,0.5279
2022-07-05,Capital Link MLP,CLMLP,1491.63,1491.63,1491.63,1491.63,0.0,-2.4594
2022-07-06,Capital Link MLP,CLMLP,1423.32,1423.32,1423.32,1423.32,0.0,-4.5796
2022-07-07,Capital Link MLP,CLMLP,1459.81,1459.81,1459.81,1459.81,0.0,2.5637
2022-07-08,Capital Link MLP,CLMLP,1457.57,1457.57,1457.57,1457.57,0.0,-0.1534
2022-07-11,Capital Link MLP,CLMLP,1451.14,1451.14,1451.14,1451.14,0.0,-0.4411
2022-07-12,Capital Link MLP,CLMLP,1432.28,1432.28,1432.28,1432.28,0.0,-1.2997
2022-07-13,Capital Link MLP,CLMLP,1442.15,1442.15,1442.15,1442.15,0.0,0.6891
2022-07-14,Capital Link MLP,CLMLP,1438.19,1438.19,1438.19,1438.19,0.0,-0.2746
2022-07-15,Capital Link MLP,CLMLP,1488.4,1488.4,1488.4,1488.4,0.0,3.4912
2022-07-18,Capital Link MLP,CLMLP,1518.92,1518.92,1518.92,1518.92,0.0,2.0505
2022-07-19,Capital Link MLP,CLMLP,1543.91,1543.91,1543.91,1543.91,0.0,1.6452
2022-07-20,Capital Link MLP,CLMLP,1562.82,1562.82,1562.82,1562.82,0.0,1.2248
2022-07-21,Capital Link MLP,CLMLP,1582.85,1582.85,1582.85,1582.85,0.0,1.2817
2022-07-22,Capital Link MLP,CLMLP,1576.77,1576.77,1576.77,1576.77,0.0,-0.3841
2022-07-25,Capital Link MLP,CLMLP,1623.02,1623.02,1623.02,1623.02,0.0,2.9332
2022-07-26,Capital Link MLP,CLMLP,1607.39,1607.39,1607.39,1607.39,0.0,-0.963
2022-07-27,Capital Link MLP,CLMLP,1616.81,1616.81,1616.81,1616.81,0.0,0.586
2022-07-28,Capital Link MLP,CLMLP,1762.06,1762.06,1762.06,1762.06,0.0,8.9837
2022-07-29,Capital Link MLP,CLMLP,1836.15,1836.15,1836.15,1836.15,0.0,4.2047
2022-08-01,Capital Link MLP,CLMLP,1875.87,1875.87,1875.87,1875.87,0.0,2.1632
2022-08-02,Capital Link MLP,CLMLP,1893.36,1893.36,1893.36,1893.36,0.0,0.9324
2022-08-03,Capital Link MLP,CLMLP,1856.43,1856.43,1856.43,1856.43,0.0,-1.9505
2022-08-04,Capital Link MLP,CLMLP,1772.85,1772.85,1772.85,1772.85,0.0,-4.5022
2022-08-05,Capital Link MLP,CLMLP,1778.9,1778.9,1778.9,1778.9,0.0,0.3413
2022-08-08,Capital Link MLP,CLMLP,1803.5,1803.5,1803.5,1803.5,0.0,1.3829
2022-08-09,Capital Link MLP,CLMLP,1829.78,1829.78,1829.78,1829.78,0.0,1.4572
2022-08-10,Capital Link MLP,CLMLP,1842.48,1842.48,1842.48,1842.48,0.0,0.6941
2022-08-11,Capital Link MLP,CLMLP,1876.89,1876.89,1876.89,1876.89,0.0,1.8676
2022-08-12,Capital Link MLP,CLMLP,1890.77,1890.77,1890.77,1890.77,0.0,0.7395
2022-08-15,Capital Link MLP,CLMLP,1826.85,1826.85,1826.85,1826.85,0.0,-3.3806
2022-08-16,Capital Link MLP,CLMLP,1816.9,1816.9,1816.9,1816.9,0.0,-0.5447
2022-08-17,Capital Link MLP,CLMLP,1766.56,1766.56,1766.56,1766.56,0.0,-2.7707
2022-08-18,Capital Link MLP,CLMLP,1781.85,1781.85,1781.85,1781.85,0.0,0.8655
2022-08-19,Capital Link MLP,CLMLP,1750.21,1750.21,1750.21,1750.21,0.0,-1.7757
2022-08-22,Capital Link MLP,CLMLP,1735.97,1735.97,1735.97,1735.97,0.0,-0.8136
2022-08-23,Capital Link MLP,CLMLP,1718.19,1718.19,1718.19,1718.19,0.0,-1.0242
2022-08-24,Capital Link MLP,CLMLP,1715.08,1715.08,1715.08,1715.08,0.0,-0.181
2022-08-25,Capital Link MLP,CLMLP,1693.73,1693.73,1693.73,1693.73,0.0,-1.2448
2022-08-26,Capital Link MLP,CLMLP,1689.27,1689.27,1689.27,1689.27,0.0,-0.2633
2022-08-29,Capital Link MLP,CLMLP,1694.34,1694.34,1694.34,1694.34,0.0,0.3001
2022-08-30,Capital Link MLP,CLMLP,1631.6,1631.6,1631.6,1631.6,0.0,-3.7029
2022-08-31,Capital Link MLP,CLMLP,1646.22,1646.22,1646.22,1646.22,0.0,0.8961
2022-09-01,Capital Link MLP,CLMLP,1629.03,1629.03,1629.03,1629.03,0.0,-1.0442
2022-09-02,Capital Link MLP,CLMLP,1652.15,1652.15,1652.15,1652.15,0.0,1.4192
2022-09-06,Capital Link MLP,CLMLP,1623.73,1623.73,1623.73,1623.73,0.0,-1.7202
2022-09-07,Capital Link MLP,CLMLP,1596.4,1596.4,1596.4,1596.4,0.0,-1.6832
2022-09-08,Capital Link MLP,CLMLP,1614.28,1614.28,1614.28,1614.28,0.0,1.12
2022-09-09,Capital Link MLP,CLMLP,1654.17,1654.17,1654.17,1654.17,0.0,2.4711
2022-09-12,Capital Link MLP,CLMLP,1687.35,1687.35,1687.35,1687.35,0.0,2.0058
2022-09-13,Capital Link MLP,CLMLP,1689.36,1689.36,1689.36,1689.36,0.0,0.1191
2022-09-14,Capital Link MLP,CLMLP,1713.58,1713.58,1713.58,1713.58,0.0,1.4337
2022-09-15,Capital Link MLP,CLMLP,1696.32,1696.32,1696.32,1696.32,0.0,-1.0072
2022-09-16,Capital Link MLP,CLMLP,1643.39,1643.39,1643.39,1643.39,0.0,-3.1203
2022-09-19,Capital Link MLP,CLMLP,1640.92,1640.92,1640.92,1640.92,0.0,-0.1503
2022-09-20,Capital Link MLP,CLMLP,1672.35,1672.35,1672.35,1672.35,0.0,1.9154
2022-09-21,Capital Link MLP,CLMLP,1665.14,1665.14,1665.14,1665.14,0.0,-0.4311
2022-09-22,Capital Link MLP,CLMLP,1621.95,1621.95,1621.95,1621.95,0.0,-2.5938
2022-09-23,Capital Link MLP,CLMLP,1547.42,1547.42,1547.42,1547.42,0.0,-4.5951
2022-09-26,Capital Link MLP,CLMLP,1574.97,1574.97,1574.97,1574.97,0.0,1.7804
2022-09-27,Capital Link MLP,CLMLP,1637.76,1637.76,1637.76,1637.76,0.0,3.9867
2022-09-28,Capital Link MLP,CLMLP,1670.34,1670.34,1670.34,1670.34,0.0,1.9893
2022-09-29,Capital Link MLP,CLMLP,1617.27,1617.27,1617.27,1617.27,0.0,-3.1772
2022-09-30,Capital Link MLP,CLMLP,1611.94,1611.94,1611.94,1611.94,0.0,-0.3296
2022-10-03,Capital Link MLP,CLMLP,1663.37,1663.37,1663.37,1663.37,0.0,3.1906
2022-10-04,Capital Link MLP,CLMLP,1687.31,1687.31,1687.31,1687.31,0.0,1.4392
2022-10-05,Capital Link MLP,CLMLP,1685.93,1685.93,1685.93,1685.93,0.0,-0.0818
2022-10-06,Capital Link MLP,CLMLP,1667.58,1667.58,1667.58,1667.58,0.0,-1.0884
2022-10-07,Capital Link MLP,CLMLP,1653.89,1653.89,1653.89,1653.89,0.0,-0.821
2022-10-10,Capital Link MLP,CLMLP,1608.78,1608.78,1608.78,1608.78,0.0,-2.7275
2022-10-11,Capital Link MLP,CLMLP,1606.51,1606.51,1606.51,1606.51,0.0,-0.1411
2022-10-12,Capital Link MLP,CLMLP,1629.33,1629.33,1629.33,1629.33,0.0,1.4205
2022-10-13,Capital Link MLP,CLMLP,1670.44,1670.44,1670.44,1670.44,0.0,2.5231
2022-10-14,Capital Link MLP,CLMLP,1682.61,1682.61,1682.61,1682.61,0.0,0.7286
2022-10-17,Capital Link MLP,CLMLP,1723.27,1723.27,1723.27,1723.27,0.0,2.4165
2022-10-18,Capital Link MLP,CLMLP,1737.88,1737.88,1737.88,1737.88,0.0,0.8478
2022-10-19,Capital Link MLP,CLMLP,1749.82,1749.82,1749.82,1749.82,0.0,0.687
2022-10-20,Capital Link MLP,CLMLP,1712.87,1712.87,1712.87,1712.87,0.0,-2.1116
2022-10-21,Capital Link MLP,CLMLP,1718.43,1718.43,1718.43,1718.43,0.0,0.3246
2022-10-24,Capital Link MLP,CLMLP,1738.27,1738.27,1738.27,1738.27,0.0,1.1545
2022-10-25,Capital Link MLP,CLMLP,1771.13,1771.13,1771.13,1771.13,0.0,1.8904
2022-10-26,Capital Link MLP,CLMLP,1723.47,1723.47,1723.47,1723.47,0.0,-2.6909
2022-10-27,Capital Link MLP,CLMLP,1667.49,1667.49,1667.49,1667.49,0.0,-3.2481
2022-10-28,Capital Link MLP,CLMLP,1656.7,1656.7,1656.7,1656.7,0.0,-0.6471
2022-10-30,Capital Link MLP,CLMLP,1636.56,1636.56,1636.56,1636.56,0.0,-1.2157
2022-10-31,Capital Link MLP,CLMLP,1668.65,1668.65,1668.65,1668.65,0.0,1.9608
2022-11-01,Capital Link MLP,CLMLP,1632.69,1632.69,1632.69,1632.69,0.0,-2.155
2022-11-02,Capital Link MLP,CLMLP,1652.93,1652.93,1652.93,1652.93,0.0,1.2397
2022-11-03,Capital Link MLP,CLMLP,1700.62,1700.62,1700.62,1700.62,0.0,2.8852
2022-11-06,Capital Link MLP,CLMLP,1750.19,1750.19,1750.19,1750.19,0.0,2.9148
2022-11-07,Capital Link MLP,CLMLP,1760.29,1760.29,1760.29,1760.29,0.0,0.5771
2022-11-08,Capital Link MLP,CLMLP,1729.02,1729.02,1729.02,1729.02,0.0,-1.7764
2022-11-09,Capital Link MLP,CLMLP,1731.89,1731.89,1731.89,1731.89,0.0,0.166
2022-11-10,Capital Link MLP,CLMLP,1765.44,1765.44,1765.44,1765.44,0.0,1.9372
2022-11-13,Capital Link MLP,CLMLP,1742.1,1742.1,1742.1,1742.1,0.0,-1.3221
2022-11-14,Capital Link MLP,CLMLP,1725.65,1725.65,1725.65,1725.65,0.0,-0.9443
2022-11-15,Capital Link MLP,CLMLP,1696.73,1696.73,1696.73,1696.73,0.0,-1.6759
2022-11-16,Capital Link MLP,CLMLP,1687.08,1687.08,1687.08,1687.08,0.0,-0.5687
2022-11-17,Capital Link MLP,CLMLP,1674.43,1674.43,1674.43,1674.43,0.0,-0.7498
2022-11-20,Capital Link MLP,CLMLP,1696.4,1696.4,1696.4,1696.4,0.0,1.3121
2022-11-21,Capital Link MLP,CLMLP,1673.83,1673.83,1673.83,1673.83,0.0,-1.3305
2022-11-22,Capital Link MLP,CLMLP,1658.92,1658.92,1658.92,1658.92,0.0,-0.8908
2022-11-24,Capital Link MLP,CLMLP,1666.47,1666.47,1666.47,1666.47,0.0,0.4551
2022-11-27,Capital Link MLP,CLMLP,1634.53,1634.53,1634.53,1634.53,0.0,-1.9166
2022-11-28,Capital Link MLP,CLMLP,1636.84,1636.84,1636.84,1636.84,0.0,0.1413
2022-11-29,Capital Link MLP,CLMLP,1597.26,1597.26,1597.26,1597.26,0.0,-2.4181
2022-11-30,Capital Link MLP,CLMLP,1592.61,1592.61,1592.61,1592.61,0.0,-0.2911
2022-12-01,Capital Link MLP,CLMLP,1620.3,1620.3,1620.3,1620.3,0.0,1.7387
2022-12-04,Capital Link MLP,CLMLP,1619.46,1619.46,1619.46,1619.46,0.0,-0.0518
2022-12-05,Capital Link MLP,CLMLP,1565.55,1565.55,1565.55,1565.55,0.0,-3.3289
2022-12-06,Capital Link MLP,CLMLP,1540.15,1540.15,1540.15,1540.15,0.0,-1.6224
2022-12-07,Capital Link MLP,CLMLP,1534.79,1534.79,1534.79,1534.79,0.0,-0.348
2022-12-08,Capital Link MLP,CLMLP,1553.88,1553.88,1553.88,1553.88,0.0,1.2438
2022-12-11,Capital Link MLP,CLMLP,1556.81,1556.81,1556.81,1556.81,0.0,0.1886
2022-12-12,Capital Link MLP,CLMLP,1546.84,1546.84,1546.84,1546.84,0.0,-0.6404
2022-12-13,Capital Link MLP,CLMLP,1514.8,1514.8,1514.8,1514.8,0.0,-2.0713
2022-12-14,Capital Link MLP,CLMLP,1526.16,1526.16,1526.16,1526.16,0.0,0.7499
2022-12-15,Capital Link MLP,CLMLP,1535.23,1535.23,1535.23,1535.23,0.0,0.5943
2022-12-18,Capital Link MLP,CLMLP,1514.72,1514.72,1514.72,1514.72,0.0,-1.336
2022-12-19,Capital Link MLP,CLMLP,1543.87,1543.87,1543.87,1543.87,0.0,1.9244
2022-12-20,Capital Link MLP,CLMLP,1619.16,1619.16,1619.16,1619.16,0.0,4.8767
2022-12-21,Capital Link MLP,CLMLP,1636.23,1636.23,1636.23,1636.23,0.0,1.0543
2022-12-22,Capital Link MLP,CLMLP,1668.66,1668.66,1668.66,1668.66,0.0,1.982
2022-12-26,Capital Link MLP,CLMLP,1647.04,1647.04,1647.04,1647.04,0.0,-1.2957
2022-12-27,Capital Link MLP,CLMLP,1604.54,1604.54,1604.54,1604.54,0.0,-2.5804
2022-12-28,Capital Link MLP,CLMLP,1635.46,1635.46,1635.46,1635.46,0.0,1.927
2022-12-29,Capital Link MLP,CLMLP,1658.28,1658.28,1658.28,1658.28,0.0,1.3953
2023-01-02,Capital Link MLP,CLMLP,1595.28,1595.28,1595.28,1595.28,0.0,-3.7991
2023-01-03,Capital Link MLP,CLMLP,1554.53,1554.53,1554.53,1554.53,0.0,-2.5544
2023-01-04,Capital Link MLP,CLMLP,1551.13,1551.13,1551.13,1551.13,0.0,-0.2187
2023-01-05,Capital Link MLP,CLMLP,1583.47,1583.47,1583.47,1583.47,0.0,2.0849
2023-01-08,Capital Link MLP,CLMLP,1587.07,1587.07,1587.07,1587.07,0.0,0.2273
2023-01-09,Capital Link MLP,CLMLP,1620.36,1620.36,1620.36,1620.36,0.0,2.0976
2023-01-10,Capital Link MLP,CLMLP,1602.45,1602.45,1602.45,1602.45,0.0,-1.1053
2023-01-11,Capital Link MLP,CLMLP,1550.72,1550.72,1550.72,1550.72,0.0,-3.2282
2023-01-12,Capital Link MLP,CLMLP,1612.3,1612.3,1612.3,1612.3,0.0,3.9711
2023-01-16,Capital Link MLP,CLMLP,1641.79,1641.79,1641.79,1641.79,0.0,1.8291
2023-01-17,Capital Link MLP,CLMLP,1638.33,1638.33,1638.33,1638.33,0.0,-0.2107
2023-01-18,Capital Link MLP,CLMLP,1637.69,1637.69,1637.69,1637.69,0.0,-0.0391
2023-01-19,Capital Link MLP,CLMLP,1641.18,1641.18,1641.18,1641.18,0.0,0.2131
2023-01-22,Capital Link MLP,CLMLP,1643.1,1643.1,1643.1,1643.1,0.0,0.117
2023-01-23,Capital Link MLP,CLMLP,1642.95,1642.95,1642.95,1642.95,0.0,-0.0091
2023-01-24,Capital Link MLP,CLMLP,1691.9,1691.9,1691.9,1691.9,0.0,2.9794
2023-01-25,Capital Link MLP,CLMLP,1680.46,1680.46,1680.46,1680.46,0.0,-0.6762
2023-01-26,Capital Link MLP,CLMLP,1706.08,1706.08,1706.08,1706.08,0.0,1.5246
2023-01-29,Capital Link MLP,CLMLP,1693.9,1693.9,1693.9,1693.9,0.0,-0.7139
2023-01-30,Capital Link MLP,CLMLP,1702.98,1702.98,1702.98,1702.98,0.0,0.536
2023-01-31,Capital Link MLP,CLMLP,1726.23,1726.23,1726.23,1726.23,0.0,1.3653
2023-02-01,Capital Link MLP,CLMLP,1688.78,1688.78,1688.78,1688.78,0.0,-2.1695
2023-02-02,Capital Link MLP,CLMLP,1670.52,1670.52,1670.52,1670.52,0.0,-1.0813
2023-02-05,Capital Link MLP,CLMLP,1699.21,1699.21,1699.21,1699.21,0.0,1.7174
2023-02-06,Capital Link MLP,CLMLP,1716.75,1716.75,1716.75,1716.75,0.0,1.0322
2023-02-07,Capital Link MLP,CLMLP,1727.12,1727.12,1727.12,1727.12,0.0,0.604
2023-02-08,Capital Link MLP,CLMLP,1718.54,1718.54,1718.54,1718.54,0.0,-0.4968
2023-02-09,Capital Link MLP,CLMLP,1726.96,1726.96,1726.96,1726.96,0.0,0.49
2023-02-12,Capital Link MLP,CLMLP,1734.5,1734.5,1734.5,1734.5,0.0,0.4366
2023-02-13,Capital Link MLP,CLMLP,1742.23,1742.23,1742.23,1742.23,0.0,0.4457
2023-02-14,Capital Link MLP,CLMLP,1754.43,1754.43,1754.43,1754.43,0.0,0.7003
2023-02-15,Capital Link MLP,CLMLP,1766.78,1766.78,1766.78,1766.78,0.0,0.7039
2023-02-16,Capital Link MLP,CLMLP,1791.45,1791.45,1791.45,1791.45,0.0,1.3963
2023-02-20,Capital Link MLP,CLMLP,1666.11,1666.11,1666.11,1666.11,0.0,-6.9966
2023-02-21,Capital Link MLP,CLMLP,1614.76,1614.76,1614.76,1614.76,0.0,-3.082
2023-02-22,Capital Link MLP,CLMLP,1664.38,1664.38,1664.38,1664.38,0.0,3.0729
2023-02-23,Capital Link MLP,CLMLP,1680.49,1680.49,1680.49,1680.49,0.0,0.9679
2023-02-26,Capital Link MLP,CLMLP,1698.93,1698.93,1698.93,1698.93,0.0,1.0973
2023-02-27,Capital Link MLP,CLMLP,1691.5,1691.5,1691.5,1691.5,0.0,-0.4373
2023-02-28,Capital Link MLP,CLMLP,1691.8,1691.8,1691.8,1691.8,0.0,0.0177
2023-03-01,Capital Link MLP,CLMLP,1700.64,1700.64,1700.64,1700.64,0.0,0.5225
2023-03-02,Capital Link MLP,CLMLP,1702.89,1702.89,1702.89,1702.89,0.0,0.1323
2023-03-05,Capital Link MLP,CLMLP,1662.05,1662.05,1662.05,1662.05,0.0,-2.3983
2023-03-06,Capital Link MLP,CLMLP,1635.13,1635.13,1635.13,1635.13,0.0,-1.6197
2023-03-07,Capital Link MLP,CLMLP,1643.61,1643.61,1643.61,1643.61,0.0,0.5186
2023-03-08,Capital Link MLP,CLMLP,1583.83,1583.83,1583.83,1583.83,0.0,-3.6371
2023-03-09,Capital Link MLP,CLMLP,1549.18,1549.18,1549.18,1549.18,0.0,-2.1877
2023-03-12,Capital Link MLP,CLMLP,1513.47,1513.47,1513.47,1513.47,0.0,-2.3051
2023-03-13,Capital Link MLP,CLMLP,1525.8,1525.8,1525.8,1525.8,0.0,0.8147
2023-03-14,Capital Link MLP,CLMLP,1481.19,1481.19,1481.19,1481.19,0.0,-2.9237
2023-03-15,Capital Link MLP,CLMLP,1462.66,1462.66,1462.66,1462.66,0.0,-1.251
2023-03-16,Capital Link MLP,CLMLP,1444.29,1444.29,1444.29,1444.29,0.0,-1.2559
2023-03-19,Capital Link MLP,CLMLP,1443.94,1443.94,1443.94,1443.94,0.0,-0.0242
2023-03-20,Capital Link MLP,CLMLP,1515.52,1515.52,1515.52,1515.52,0.0,4.9573
2023-03-21,Capital Link MLP,CLMLP,1504.02,1504.02,1504.02,1504.02,0.0,-0.7588
2023-03-22,Capital Link MLP,CLMLP,1492.66,1492.66,1492.66,1492.66,0.0,-0.7553
2023-03-23,Capital Link MLP,CLMLP,1503.72,1503.72,1503.72,1503.72,0.0,0.741
2023-03-27,Capital Link MLP,CLMLP,1505.14,1505.14,1505.14,1505.14,0.0,0.0944
2023-03-28,Capital Link MLP,CLMLP,1502.17,1502.17,1502.17,1502.17,0.0,-0.1973
2023-03-29,Capital Link MLP,CLMLP,1503.74,1503.74,1503.74,1503.74,0.0,0.1045
2023-03-30,Capital Link MLP,CLMLP,1498.44,1498.44,1498.44,1498.44,0.0,-0.3525
2023-03-31,Capital Link MLP,CLMLP,1517.86,1517.86,1517.86,1517.86,0.0,1.296
2023-04-03,Capital Link MLP,CLMLP,1485.19,1485.19,1485.19,1485.19,0.0,-2.1524
2023-04-04,Capital Link MLP,CLMLP,1473.85,1473.85,1473.85,1473.85,0.0,-0.7635
2023-04-05,Capital Link MLP,CLMLP,1465.15,1465.15,1465.15,1465.15,0.0,-0.5903
2023-04-06,Capital Link MLP,CLMLP,1446.14,1446.14,1446.14,1446.14,0.0,-1.2975
2023-04-10,Capital Link MLP,CLMLP,1473.01,1473.01,1473.01,1473.01,0.0,1.858
2023-04-11,Capital Link MLP,CLMLP,1502.05,1502.05,1502.05,1502.05,0.0,1.9715
2023-04-12,Capital Link MLP,CLMLP,1504.47,1504.47,1504.47,1504.47,0.0,0.1611
2023-04-13,Capital Link MLP,CLMLP,1506.68,1506.68,1506.68,1506.68,0.0,0.1469
2023-04-14,Capital Link MLP,CLMLP,1501.76,1501.76,1501.76,1501.76,0.0,-0.3265
2023-04-17,Capital Link MLP,CLMLP,1531.82,1531.82,1531.82,1531.82,0.0,2.0017
2023-04-18,Capital Link MLP,CLMLP,1545.87,1545.87,1545.87,1545.87,0.0,0.9172
2023-04-19,Capital Link MLP,CLMLP,1528.23,1528.23,1528.23,1528.23,0.0,-1.1411
2023-04-20,Capital Link MLP,CLMLP,1494.52,1494.52,1494.52,1494.52,0.0,-2.2058
2023-04-21,Capital Link MLP,CLMLP,1472.59,1472.59,1472.59,1472.59,0.0,-1.4674
2023-04-24,Capital Link MLP,CLMLP,1488.86,1488.86,1488.86,1488.86,0.0,1.1049
2023-04-25,Capital Link MLP,CLMLP,1456.85,1456.85,1456.85,1456.85,0.0,-2.15
2023-04-26,Capital Link MLP,CLMLP,1444.37,1444.37,1444.37,1444.37,0.0,-0.8566
2023-04-27,Capital Link MLP,CLMLP,1467.83,1467.83,1467.83,1467.83,0.0,1.6242
2023-04-28,Capital Link MLP,CLMLP,1493.55,1493.55,1493.55,1493.55,0.0,1.7522
2023-05-01,Capital Link MLP,CLMLP,1480.17,1480.17,1480.17,1480.17,0.0,-0.8959
2023-05-02,Capital Link MLP,CLMLP,1431.13,1431.13,1431.13,1431.13,0.0,-3.3131
2023-05-03,Capital Link MLP,CLMLP,1395.25,1395.25,1395.25,1395.25,0.0,-2.5071
2023-05-04,Capital Link MLP,CLMLP,1353.49,1353.49,1353.49,1353.49,0.0,-2.993
2023-05-05,Capital Link MLP,CLMLP,1382.1,1382.1,1382.1,1382.1,0.0,2.1138
2023-05-08,Capital Link MLP,CLMLP,1433.09,1433.09,1433.09,1433.09,0.0,3.6893
2023-05-09,Capital Link MLP,CLMLP,1441.67,1441.67,1441.67,1441.67,0.0,0.5987
2023-05-10,Capital Link MLP,CLMLP,1447.92,1447.92,1447.92,1447.92,0.0,0.4335
2023-05-11,Capital Link MLP,CLMLP,1452.06,1452.06,1452.06,1452.06,0.0,0.2859
2023-05-12,Capital Link MLP,CLMLP,1450.32,1450.32,1450.32,1450.32,0.0,-0.1198
2023-05-15,Capital Link MLP,CLMLP,1470.91,1470.91,1470.91,1470.91,0.0,1.4197
2023-05-16,Capital Link MLP,CLMLP,1461.42,1461.42,1461.42,1461.42,0.0,-0.6452
2023-05-17,Capital Link MLP,CLMLP,1463.69,1463.69,1463.69,1463.69,0.0,0.1553
2023-05-18,Capital Link MLP,CLMLP,1456.33,1456.33,1456.33,1456.33,0.0,-0.5028
2023-05-19,Capital Link MLP,CLMLP,1447.28,1447.28,1447.28,1447.28,0.0,-0.6214
2023-05-22,Capital Link MLP,CLMLP,1445.5,1445.5,1445.5,1445.5,0.0,-0.123
2023-05-23,Capital Link MLP,CLMLP,1434.34,1434.34,1434.34,1434.34,0.0,-0.7721
2023-05-24,Capital Link MLP,CLMLP,1415.77,1415.77,1415.77,1415.77,0.0,-1.2947
2023-05-25,Capital Link MLP,CLMLP,1395.09,1395.09,1395.09,1395.09,0.0,-1.4607
2023-05-26,Capital Link MLP,CLMLP,1359.64,1359.64,1359.64,1359.64,0.0,-2.5411
2023-05-30,Capital Link MLP,CLMLP,1339.58,1339.58,1339.58,1339.58,0.0,-1.4754
2023-05-31,Capital Link MLP,CLMLP,1273.14,1273.14,1273.14,1273.14,0.0,-4.9598
2023-06-01,Capital Link MLP,CLMLP,1274.76,1274.76,1274.76,1274.76,0.0,0.1272
2023-06-02,Capital Link MLP,CLMLP,1311.54,1311.54,1311.54,1311.54,0.0,2.8852
2023-06-05,Capital Link MLP,CLMLP,1322.58,1322.58,1322.58,1322.58,0.0,0.8418
2023-06-06,Capital Link MLP,CLMLP,1334.14,1334.14,1334.14,1334.14,0.0,0.874
2023-06-07,Capital Link MLP,CLMLP,1362.54,1362.54,1362.54,1362.54,0.0,2.1287
2023-06-08,Capital Link MLP,CLMLP,1373.3,1373.3,1373.3,1373.3,0.0,0.7897
2023-06-09,Capital Link MLP,CLMLP,1364.76,1364.76,1364.76,1364.76,0.0,-0.6219
2023-06-12,Capital Link MLP,CLMLP,1341.32,1341.32,1341.32,1341.32,0.0,-1.7175
2023-06-13,Capital Link MLP,CLMLP,1344.92,1344.92,1344.92,1344.92,0.0,0.2684
2023-06-14,Capital Link MLP,CLMLP,1347.02,1347.02,1347.02,1347.02,0.0,0.1561
2023-06-15,Capital Link MLP,CLMLP,1370.69,1370.69,1370.69,1370.69,0.0,1.7572
2023-06-16,Capital Link MLP,CLMLP,1353.07,1353.07,1353.07,1353.07,0.0,-1.2855
2023-06-20,Capital Link MLP,CLMLP,1346.32,1346.32,1346.32,1346.32,0.0,-0.4989
2023-06-21,Capital Link MLP,CLMLP,1346.3,1346.3,1346.3,1346.3,0.0,-0.0015
2023-06-22,Capital Link MLP,CLMLP,1361.64,1361.64,1361.64,1361.64,0.0,1.1394
2023-06-23,Capital Link MLP,CLMLP,1357.72,1357.72,1357.72,1357.72,0.0,-0.2879
2023-06-26,Capital Link MLP,CLMLP,1364.36,1364.36,1364.36,1364.36,0.0,0.4891
2023-06-27,Capital Link MLP,CLMLP,1359.06,1359.06,1359.06,1359.06,0.0,-0.3885
2023-06-28,Capital Link MLP,CLMLP,1370.5,1370.5,1370.5,1370.5,0.0,0.8418
2023-06-29,Capital Link MLP,CLMLP,1395.97,1395.97,1395.97,1395.97,0.0,1.8584
2023-06-30,Capital Link MLP,CLMLP,1407.49,1407.49,1407.49,1407.49,0.0,0.8252
2023-07-03,Capital Link MLP,CLMLP,1420.53,1420.53,1420.53,1420.53,0.0,0.9265
2023-07-05,Capital Link MLP,CLMLP,1422.03,1422.03,1422.03,1422.03,0.0,0.1056
2023-07-06,Capital Link MLP,CLMLP,1416.8,1416.8,1416.8,1416.8,0.0,-0.3678
2023-07-07,Capital Link MLP,CLMLP,1423.53,1423.53,1423.53,1423.53,0.0,0.475
2023-07-10,Capital Link MLP,CLMLP,1426.61,1426.61,1426.61,1426.61,0.0,0.2164
2023-07-11,Capital Link MLP,CLMLP,1460.11,1460.11,1460.11,1460.11,0.0,2.3482
2023-07-12,Capital Link MLP,CLMLP,1473.41,1473.41,1473.41,1473.41,0.0,0.9109
2023-07-13,Capital Link MLP,CLMLP,1714.94,1714.94,1714.94,1714.94,0.0,16.3926
2023-07-14,Capital Link MLP,CLMLP,1690.69,1690.69,1690.69,1690.69,0.0,-1.414
2023-07-17,Capital Link MLP,CLMLP,1679.41,1679.41,1679.41,1679.41,0.0,-0.6672
2023-07-18,Capital Link MLP,CLMLP,1704.68,1704.68,1704.68,1704.68,0.0,1.5047
2023-07-19,Capital Link MLP,CLMLP,1705.56,1705.56,1705.56,1705.56,0.0,0.0516
2023-07-20,Capital Link MLP,CLMLP,1702.24,1702.24,1702.24,1702.24,0.0,-0.1947
2023-07-21,Capital Link MLP,CLMLP,1688.44,1688.44,1688.44,1688.44,0.0,-0.8107
2023-07-24,Capital Link MLP,CLMLP,1701.54,1701.54,1701.54,1701.54,0.0,0.7759
2023-07-25,Capital Link MLP,CLMLP,1701.06,1701.06,1701.06,1701.06,0.0,-0.0282
2023-07-26,Capital Link MLP,CLMLP,1711.01,1711.01,1711.01,1711.01,0.0,0.5849
2023-07-27,Capital Link MLP,CLMLP,1711.18,1711.18,1711.18,1711.18,0.0,0.0099
2023-07-28,Capital Link MLP,CLMLP,1756.69,1756.69,1756.69,1756.69,0.0,2.6596
2023-07-31,Capital Link MLP,CLMLP,1765.28,1765.28,1765.28,1765.28,0.0,0.489
2023-08-01,Capital Link MLP,CLMLP,1736.3,1736.3,1736.3,1736.3,0.0,-1.6417
2023-08-02,Capital Link MLP,CLMLP,1728.27,1728.27,1728.27,1728.27,0.0,-0.4625
2023-08-03,Capital Link MLP,CLMLP,1756.51,1756.51,1756.51,1756.51,0.0,1.634
2023-08-04,Capital Link MLP,CLMLP,1749.68,1749.68,1749.68,1749.68,0.0,-0.3888
2023-08-07,Capital Link MLP,CLMLP,1761.89,1761.89,1761.89,1761.89,0.0,0.6978
2023-08-08,Capital Link MLP,CLMLP,1735.93,1735.93,1735.93,1735.93,0.0,-1.4734
2023-08-09,Capital Link MLP,CLMLP,1751.72,1751.72,1751.72,1751.72,0.0,0.9096
2023-08-10,Capital Link MLP,CLMLP,1758.25,1758.25,1758.25,1758.25,0.0,0.3728
2023-08-11,Capital Link MLP,CLMLP,1744.17,1744.17,1744.17,1744.17,0.0,-0.8008
2023-08-14,Capital Link MLP,CLMLP,1733.74,1733.74,1733.74,1733.74,0.0,-0.598
2023-08-15,Capital Link MLP,CLMLP,1737.86,1737.86,1737.86,1737.86,0.0,0.2376
2023-08-16,Capital Link MLP,CLMLP,1724.51,1724.51,1724.51,1724.51,0.0,-0.7682
2023-08-17,Capital Link MLP,CLMLP,1727.18,1727.18,1727.18,1727.18,0.0,0.1548
2023-08-18,Capital Link MLP,CLMLP,1693.94,1693.94,1693.94,1693.94,0.0,-1.9245
2023-08-21,Capital Link MLP,CLMLP,1666.3,1666.3,1666.3,1666.3,0.0,-1.6317
2023-08-22,Capital Link MLP,CLMLP,1678.22,1678.22,1678.22,1678.22,0.0,0.7154
2023-08-23,Capital Link MLP,CLMLP,1709.87,1709.87,1709.87,1709.87,0.0,1.8859
2023-08-24,Capital Link MLP,CLMLP,1685.55,1685.55,1685.55,1685.55,0.0,-1.4223
2023-08-25,Capital Link MLP,CLMLP,1671.17,1671.17,1671.17,1671.17,0.0,-0.8531
2023-08-28,Capital Link MLP,CLMLP,1653.9,1653.9,1653.9,1653.9,0.0,-1.0334
2023-08-29,Capital Link MLP,CLMLP,1667.78,1667.78,1667.78,1667.78,0.0,0.8392
2023-08-30,Capital Link MLP,CLMLP,1678.18,1678.18,1678.18,1678.18,0.0,0.6236
2023-08-31,Capital Link MLP,CLMLP,1675.42,1675.42,1675.42,1675.42,0.0,-0.1645
2023-09-01,Capital Link MLP,CLMLP,1661.05,1661.05,1661.05,1661.05,0.0,-0.8577
2023-09-05,Capital Link MLP,CLMLP,1621.99,1621.99,1621.99,1621.99,0.0,-2.3515
2023-09-06,Capital Link MLP,CLMLP,1604.26,1604.26,1604.26,1604.26,0.0,-1.0931
2023-09-07,Capital Link MLP,CLMLP,1577.79,1577.79,1577.79,1577.79,0.0,-1.65
2023-09-08,Capital Link MLP,CLMLP,1593.42,1593.42,1593.42,1593.42,0.0,0.9906
2023-09-11,Capital Link MLP,CLMLP,1560.66,1560.66,1560.66,1560.66,0.0,-2.056
2023-09-12,Capital Link MLP,CLMLP,1586.11,1586.11,1586.11,1586.11,0.0,1.6307
2023-09-13,Capital Link MLP,CLMLP,1650.48,1650.48,1650.48,1650.48,0.0,4.0584
2023-09-14,Capital Link MLP,CLMLP,1679.52,1679.52,1679.52,1679.52,0.0,1.7595
2023-09-15,Capital Link MLP,CLMLP,1642.49,1642.49,1642.49,1642.49,0.0,-2.2048
2023-09-18,Capital Link MLP,CLMLP,1650.94,1650.94,1650.94,1650.94,0.0,0.5145
2023-09-19,Capital Link MLP,CLMLP,1661.51,1661.51,1661.51,1661.51,0.0,0.6402
2023-09-20,Capital Link MLP,CLMLP,1655.98,1655.98,1655.98,1655.98,0.0,-0.3328
2023-09-21,Capital Link MLP,CLMLP,1633.72,1633.72,1633.72,1633.72,0.0,-1.3442
2023-09-22,Capital Link MLP,CLMLP,1644.0,1644.0,1644.0,1644.0,0.0,0.6292
2023-09-25,Capital Link MLP,CLMLP,1664.44,1664.44,1664.44,1664.44,0.0,1.2433
2023-09-26,Capital Link MLP,CLMLP,1660.67,1660.67,1660.67,1660.67,0.0,-0.2265
2023-09-27,Capital Link MLP,CLMLP,1698.13,1698.13,1698.13,1698.13,0.0,2.2557
2023-09-28,Capital Link MLP,CLMLP,1698.36,1698.36,1698.36,1698.36,0.0,0.0135
2023-09-29,Capital Link MLP,CLMLP,1688.5,1688.5,1688.5,1688.5,0.0,-0.5806
2023-10-02,Capital Link MLP,CLMLP,1677.93,1677.93,1677.93,1677.93,0.0,-0.626
2023-10-03,Capital Link MLP,CLMLP,1657.91,1657.91,1657.91,1657.91,0.0,-1.1931
2023-10-04,Capital Link MLP,CLMLP,1620.75,1620.75,1620.75,1620.75,0.0,-2.2414
2023-10-05,Capital Link MLP,CLMLP,1630.07,1630.07,1630.07,1630.07,0.0,0.575
2023-10-06,Capital Link MLP,CLMLP,1650.59,1650.59,1650.59,1650.59,0.0,1.2588
2023-10-09,Capital Link MLP,CLMLP,1679.77,1679.77,1679.77,1679.77,0.0,1.7679
2023-10-10,Capital Link MLP,CLMLP,1674.87,1674.87,1674.87,1674.87,0.0,-0.2917
2023-10-11,Capital Link MLP,CLMLP,1680.16,1680.16,1680.16,1680.16,0.0,0.3158
2023-10-12,Capital Link MLP,CLMLP,1676.62,1676.62,1676.62,1676.62,0.0,-0.2107
2023-10-13,Capital Link MLP,CLMLP,1676.35,1676.35,1676.35,1676.35,0.0,-0.0161
2023-10-16,Capital Link MLP,CLMLP,1697.71,1697.71,1697.71,1697.71,0.0,1.2742
2023-10-17,Capital Link MLP,CLMLP,1705.19,1705.19,1705.19,1705.19,0.0,0.4406
2023-10-18,Capital Link MLP,CLMLP,1675.14,1675.14,1675.14,1675.14,0.0,-1.7623
2023-10-19,Capital Link MLP,CLMLP,1651.74,1651.74,1651.74,1651.74,0.0,-1.3969
2023-10-20,Capital Link MLP,CLMLP,1622.7,1622.7,1622.7,1622.7,0.0,-1.7581
2023-10-23,Capital Link MLP,CLMLP,1629.93,1629.93,1629.93,1629.93,0.0,0.4456
2023-10-24,Capital Link MLP,CLMLP,1651.91,1651.91,1651.91,1651.91,0.0,1.3485
2023-10-25,Capital Link MLP,CLMLP,1659.46,1659.46,1659.46,1659.46,0.0,0.457
2023-10-26,Capital Link MLP,CLMLP,1645.38,1645.38,1645.38,1645.38,0.0,-0.8485
2023-10-27,Capital Link MLP,CLMLP,1634.46,1634.46,1634.46,1634.46,0.0,-0.6637
2023-10-29,Capital Link MLP,CLMLP,1628.96,1628.96,1628.96,1628.96,0.0,-0.3365
2023-10-30,Capital Link MLP,CLMLP,1625.82,1625.82,1625.82,1625.82,0.0,-0.1928
2023-10-31,Capital Link MLP,CLMLP,1631.71,1631.71,1631.71,1631.71,0.0,0.3623
2023-11-01,Capital Link MLP,CLMLP,1624.28,1624.28,1624.28,1624.28,0.0,-0.4554
2023-11-02,Capital Link MLP,CLMLP,1652.49,1652.49,1652.49,1652.49,0.0,1.7368
2023-11-05,Capital Link MLP,CLMLP,1646.9,1646.9,1646.9,1646.9,0.0,-0.3383
2023-11-06,Capital Link MLP,CLMLP,1612.45,1612.45,1612.45,1612.45,0.0,-2.0918
2023-11-07,Capital Link MLP,CLMLP,1580.73,1580.73,1580.73,1580.73,0.0,-1.9672
2023-11-08,Capital Link MLP,CLMLP,1571.05,1571.05,1571.05,1571.05,0.0,-0.6124
2023-11-09,Capital Link MLP,CLMLP,1567.52,1567.52,1567.52,1567.52,0.0,-0.2247
2023-11-12,Capital Link MLP,CLMLP,1590.29,1590.29,1590.29,1590.29,0.0,1.4526
2023-11-13,Capital Link MLP,CLMLP,1634.67,1634.67,1634.67,1634.67,0.0,2.7907
2023-11-14,Capital Link MLP,CLMLP,1658.11,1658.11,1658.11,1658.11,0.0,1.4339
2023-11-15,Capital Link MLP,CLMLP,1646.48,1646.48,1646.48,1646.48,0.0,-0.7014
2023-11-16,Capital Link MLP,CLMLP,1683.22,1683.22,1683.22,1683.22,0.0,2.2314
2023-11-19,Capital Link MLP,CLMLP,1697.73,1697.73,1697.73,1697.73,0.0,0.862
2023-11-20,Capital Link MLP,CLMLP,1698.64,1698.64,1698.64,1698.64,0.0,0.0536
2023-11-21,Capital Link MLP,CLMLP,1706.47,1706.47,1706.47,1706.47,0.0,0.461
2023-11-23,Capital Link MLP,CLMLP,1758.9,1758.9,1758.9,1758.9,0.0,3.0724
2023-11-26,Capital Link MLP,CLMLP,1787.58,1787.58,1787.58,1787.58,0.0,1.6306
2023-11-27,Capital Link MLP,CLMLP,1807.9,1807.9,1807.9,1807.9,0.0,1.1367
2023-11-28,Capital Link MLP,CLMLP,1869.64,1869.64,1869.64,1869.64,0.0,3.415
2023-11-29,Capital Link MLP,CLMLP,1872.13,1872.13,1872.13,1872.13,0.0,0.1332
2023-11-30,Capital Link MLP,CLMLP,1911.11,1911.11,1911.11,1911.11,0.0,2.0821
2023-12-03,Capital Link MLP,CLMLP,1894.43,1894.43,1894.43,1894.43,0.0,-0.8728
2023-12-04,Capital Link MLP,CLMLP,1878.71,1878.71,1878.71,1878.71,0.0,-0.8298
2023-12-05,Capital Link MLP,CLMLP,1869.34,1869.34,1869.34,1869.34,0.0,-0.4987
2023-12-06,Capital Link MLP,CLMLP,1861.06,1861.06,1861.06,1861.06,0.0,-0.4429
2023-12-07,Capital Link MLP,CLMLP,1860.04,1860.04,1860.04,1860.04,0.0,-0.0548
2023-12-10,Capital Link MLP,CLMLP,1834.39,1834.39,1834.39,1834.39,0.0,-1.379
2023-12-11,Capital Link MLP,CLMLP,1838.67,1838.67,1838.67,1838.67,0.0,0.2333
2023-12-12,Capital Link MLP,CLMLP,1902.84,1902.84,1902.84,1902.84,0.0,3.49
2023-12-13,Capital Link MLP,CLMLP,1969.54,1969.54,1969.54,1969.54,0.0,3.5053
2023-12-14,Capital Link MLP,CLMLP,1984.3,1984.3,1984.3,1984.3,0.0,0.7494
2023-12-17,Capital Link MLP,CLMLP,1976.31,1976.31,1976.31,1976.31,0.0,-0.4027
2023-12-18,Capital Link MLP,CLMLP,2007.79,2007.79,2007.79,2007.79,0.0,1.5929
2023-12-19,Capital Link MLP,CLMLP,2007.34,2007.34,2007.34,2007.34,0.0,-0.0224
2023-12-20,Capital Link MLP,CLMLP,2046.35,2046.35,2046.35,2046.35,0.0,1.9434
2023-12-21,Capital Link MLP,CLMLP,2066.04,2066.04,2066.04,2066.04,0.0,0.9622
2023-12-25,Capital Link MLP,CLMLP,2051.29,2051.29,2051.29,2051.29,0.0,-0.7139
2023-12-26,Capital Link MLP,CLMLP,2040.92,2040.92,2040.92,2040.92,0.0,-0.5055
2023-12-27,Capital Link MLP,CLMLP,2040.94,2040.94,2040.94,2040.94,0.0,0.001
2023-12-28,Capital Link MLP,CLMLP,2053.13,2053.13,2053.13,2053.13,0.0,0.5973
2024-01-01,Capital Link MLP,CLMLP,2068.06,2068.06,2068.06,2068.06,0.0,0.7272
2024-01-02,Capital Link MLP,CLMLP,1959.24,1959.24,1959.24,1959.24,0.0,-5.2619
2024-01-03,Capital Link MLP,CLMLP,1976.91,1976.91,1976.91,1976.91,0.0,0.9019
2024-01-04,Capital Link MLP,CLMLP,2026.88,2026.88,2026.88,2026.88,0.0,2.5277
2024-01-07,Capital Link MLP,CLMLP,2005.45,2005.45,2005.45,2005.45,0.0,-1.0573
2024-01-08,Capital Link MLP,CLMLP,2030.85,2030.85,2030.85,2030.85,0.0,1.2665
2024-01-09,Capital Link MLP,CLMLP,2018.25,2018.25,2018.25,2018.25,0.0,-0.6204
2024-01-10,Capital Link MLP,CLMLP,2005.39,2005.39,2005.39,2005.39,0.0,-0.6372
2024-01-11,Capital Link MLP,CLMLP,2022.0,2022.0,2022.0,2022.0,0.0,0.8283
2024-01-15,Capital Link MLP,CLMLP,2024.67,2024.67,2024.67,2024.67,0.0,0.132
2024-01-16,Capital Link MLP,CLMLP,2062.86,2062.86,2062.86,2062.86,0.0,1.8862
2024-01-17,Capital Link MLP,CLMLP,2086.98,2086.98,2086.98,2086.98,0.0,1.1693
2024-01-18,Capital Link MLP,CLMLP,2098.51,2098.51,2098.51,2098.51,0.0,0.5525
2024-01-21,Capital Link MLP,CLMLP,2069.57,2069.57,2069.57,2069.57,0.0,-1.3791
2024-01-22,Capital Link MLP,CLMLP,2054.87,2054.87,2054.87,2054.87,0.0,-0.7103
2024-01-23,Capital Link MLP,CLMLP,2063.23,2063.23,2063.23,2063.23,0.0,0.4068
2024-01-24,Capital Link MLP,CLMLP,2056.06,2056.06,2056.06,2056.06,0.0,-0.3475
2024-01-25,Capital Link MLP,CLMLP,2083.72,2083.72,2083.72,2083.72,0.0,1.3453
2024-01-28,Capital Link MLP,CLMLP,2049.59,2049.59,2049.59,2049.59,0.0,-1.6379
2024-01-29,Capital Link MLP,CLMLP,2083.12,2083.12,2083.12,2083.12,0.0,1.6359
2024-01-30,Capital Link MLP,CLMLP,2065.9,2065.9,2065.9,2065.9,0.0,-0.8266
2024-01-31,Capital Link MLP,CLMLP,2026.88,2026.88,2026.88,2026.88,0.0,-1.8888
2024-02-01,Capital Link MLP,CLMLP,2031.47,2031.47,2031.47,2031.47,0.0,0.2265
2024-02-04,Capital Link MLP,CLMLP,2011.76,2011.76,2011.76,2011.76,0.0,-0.9702
2024-02-05,Capital Link MLP,CLMLP,2015.08,2015.08,2015.08,2015.08,0.0,0.165
2024-02-06,Capital Link MLP,CLMLP,2024.99,2024.99,2024.99,2024.99,0.0,0.4918
2024-02-07,Capital Link MLP,CLMLP,2053.5,2053.5,2053.5,2053.5,0.0,1.4079
2024-02-08,Capital Link MLP,CLMLP,2045.99,2045.99,2045.99,2045.99,0.0,-0.3657
2024-02-11,Capital Link MLP,CLMLP,2108.27,2108.27,2108.27,2108.27,0.0,3.044
2024-02-12,Capital Link MLP,CLMLP,2085.81,2085.81,2085.81,2085.81,0.0,-1.0653
2024-02-13,Capital Link MLP,CLMLP,2147.94,2147.94,2147.94,2147.94,0.0,2.9787
2024-02-14,Capital Link MLP,CLMLP,2204.41,2204.41,2204.41,2204.41,0.0,2.629
2024-02-15,Capital Link MLP,CLMLP,2199.66,2199.66,2199.66,2199.66,0.0,-0.2155
2024-02-19,Capital Link MLP,CLMLP,2203.79,2203.79,2203.79,2203.79,0.0,0.1878
2024-02-20,Capital Link MLP,CLMLP,2261.51,2261.51,2261.51,2261.51,0.0,2.6191
2024-02-21,Capital Link MLP,CLMLP,2309.87,2309.87,2309.87,2309.87,0.0,2.1384
2024-02-22,Capital Link MLP,CLMLP,2329.79,2329.79,2329.79,2329.79,0.0,0.8624
2024-02-25,Capital Link MLP,CLMLP,2302.78,2302.78,2302.78,2302.78,0.0,-1.1593
2024-02-26,Capital Link MLP,CLMLP,2280.71,2280.71,2280.71,2280.71,0.0,-0.9584
2024-02-27,Capital Link MLP,CLMLP,2318.64,2318.64,2318.64,2318.64,0.0,1.6631
2024-02-28,Capital Link MLP,CLMLP,2339.84,2339.84,2339.84,2339.84,0.0,0.9143
2024-02-29,Capital Link MLP,CLMLP,2342.15,2342.15,2342.15,2342.15,0.0,0.0987
2024-03-03,Capital Link MLP,CLMLP,2313.0,2313.0,2313.0,2313.0,0.0,-1.2446
2024-03-04,Capital Link MLP,CLMLP,2291.91,2291.91,2291.91,2291.91,0.0,-0.9118
2024-03-05,Capital Link MLP,CLMLP,2453.19,2453.19,2453.19,2453.19,0.0,7.0369
2024-03-06,Capital Link MLP,CLMLP,2685.78,2685.78,2685.78,2685.78,0.0,9.4811
2024-03-07,Capital Link MLP,CLMLP,2946.26,2946.26,2946.26,2946.26,0.0,9.6985
2024-03-10,Capital Link MLP,CLMLP,3020.7,3020.7,3020.7,3020.7,0.0,2.5266
2024-03-11,Capital Link MLP,CLMLP,3089.75,3089.75,3089.75,3089.75,0.0,2.2859
2024-03-12,Capital Link MLP,CLMLP,2953.9,2953.9,2953.9,2953.9,0.0,-4.3968
2024-03-13,Capital Link MLP,CLMLP,2839.6,2839.6,2839.6,2839.6,0.0,-3.8695
2024-03-14,Capital Link MLP,CLMLP,2818.2,2818.2,2818.2,2818.2,0.0,-0.7536
2024-03-17,Capital Link MLP,CLMLP,2886.21,2886.21,2886.21,2886.21,0.0,2.4132
2024-03-18,Capital Link MLP,CLMLP,2864.83,2864.83,2864.83,2864.83,0.0,-0.7408
2024-03-19,Capital Link MLP,CLMLP,2834.59,2834.59,2834.59,2834.59,0.0,-1.0556
2024-03-20,Capital Link MLP,CLMLP,2839.88,2839.88,2839.88,2839.88,0.0,0.1866
2024-03-21,Capital Link MLP,CLMLP,2828.74,2828.74,2828.74,2828.74,0.0,-0.3923
2024-03-24,Capital Link MLP,CLMLP,2914.85,2914.85,2914.85,2914.85,0.0,3.0441
2024-03-25,Capital Link MLP,CLMLP,2910.43,2910.43,2910.43,2910.43,0.0,-0.1516
2024-03-26,Capital Link MLP,CLMLP,2898.62,2898.62,2898.62,2898.62,0.0,-0.4058
2024-03-27,Capital Link MLP,CLMLP,2896.49,2896.49,2896.49,2896.49,0.0,-0.0735
2024-04-01,Capital Link MLP,CLMLP,2878.62,2878.62,2878.62,2878.62,0.0,-0.617
2024-04-02,Capital Link MLP,CLMLP,2861.85,2861.85,2861.85,2861.85,0.0,-0.5826
2024-04-03,Capital Link MLP,CLMLP,2910.44,2910.44,2910.44,2910.44,0.0,1.6979
2024-04-04,Capital Link MLP,CLMLP,2887.27,2887.27,2887.27,2887.27,0.0,-0.7961
2024-04-05,Capital Link MLP,CLMLP,2899.79,2899.79,2899.79,2899.79,0.0,0.4336
2024-04-08,Capital Link MLP,CLMLP,2874.12,2874.12,2874.12,2874.12,0.0,-0.8852
2024-04-09,Capital Link MLP,CLMLP,2829.48,2829.48,2829.48,2829.48,0.0,-1.5532
2024-04-10,Capital Link MLP,CLMLP,2835.43,2835.43,2835.43,2835.43,0.0,0.2103
2024-04-11,Capital Link MLP,CLMLP,2889.39,2889.39,2889.39,2889.39,0.0,1.9031
2024-04-12,Capital Link MLP,CLMLP,2900.82,2900.82,2900.82,2900.82,0.0,0.3956
2024-04-15,Capital Link MLP,CLMLP,2863.84,2863.84,2863.84,2863.84,0.0,-1.2748
2024-04-16,Capital Link MLP,CLMLP,2872.29,2872.29,2872.29,2872.29,0.0,0.2951
2024-04-17,Capital Link MLP,CLMLP,2845.07,2845.07,2845.07,2845.07,0.0,-0.9477
2024-04-18,Capital Link MLP,CLMLP,2815.05,2815.05,2815.05,2815.05,0.0,-1.0552
2024-04-19,Capital Link MLP,CLMLP,2794.6,2794.6,2794.6,2794.6,0.0,-0.7265
2024-04-22,Capital Link MLP,CLMLP,2834.21,2834.21,2834.21,2834.21,0.0,1.4174
2024-04-23,Capital Link MLP,CLMLP,2840.81,2840.81,2840.81,2840.81,0.0,0.2329
2024-04-24,Capital Link MLP,CLMLP,2897.49,2897.49,2897.49,2897.49,0.0,1.9952
2024-04-25,Capital Link MLP,CLMLP,2940.45,2940.45,2940.45,2940.45,0.0,1.4827
2024-04-26,Capital Link MLP,CLMLP,3015.35,3015.35,3015.35,3015.35,0.0,2.5472
2024-04-29,Capital Link MLP,CLMLP,2959.91,2959.91,2959.91,2959.91,0.0,-1.8386
2024-04-30,Capital Link MLP,CLMLP,2927.73,2927.73,2927.73,2927.73,0.0,-1.0872
2024-05-01,Capital Link MLP,CLMLP,2863.88,2863.88,2863.88,2863.88,0.0,-2.1809
2024-05-02,Capital Link MLP,CLMLP,2918.61,2918.61,2918.61,2918.61,0.0,1.911
2024-05-03,Capital Link MLP,CLMLP,2975.45,2975.45,2975.45,2975.45,0.0,1.9475
2024-05-06,Capital Link MLP,CLMLP,2922.82,2922.82,2922.82,2922.82,0.0,-1.7688
2024-05-07,Capital Link MLP,CLMLP,3026.82,3026.82,3026.82,3026.82,0.0,3.5582
2024-05-08,Capital Link MLP,CLMLP,3120.2,3120.2,3120.2,3120.2,0.0,3.0851
2024-05-09,Capital Link MLP,CLMLP,3192.23,3192.23,3192.23,3192.23,0.0,2.3085
2024-05-10,Capital Link MLP,CLMLP,3169.51,3169.51,3169.51,3169.51,0.0,-0.7117
2024-05-13,Capital Link MLP,CLMLP,3242.4,3242.4,3242.4,3242.4,0.0,2.2997
2024-05-14,Capital Link MLP,CLMLP,3079.21,3079.21,3079.21,3079.21,0.0,-5.033
2024-05-15,Capital Link MLP,CLMLP,3016.62,3016.62,3016.62,3016.62,0.0,-2.0327
2024-05-16,Capital Link MLP,CLMLP,3091.86,3091.86,3091.86,3091.86,0.0,2.4942
2024-05-17,Capital Link MLP,CLMLP,3157.45,3157.45,3157.45,3157.45,0.0,2.1214
2024-05-20,Capital Link MLP,CLMLP,3258.64,3258.64,3258.64,3258.64,0.0,3.2048
2024-05-21,Capital Link MLP,CLMLP,3322.46,3322.46,3322.46,3322.46,0.0,1.9585
2024-05-22,Capital Link MLP,CLMLP,3295.06,3295.06,3295.06,3295.06,0.0,-0.8247
2024-05-23,Capital Link MLP,CLMLP,3238.37,3238.37,3238.37,3238.37,0.0,-1.7205
2024-05-24,Capital Link MLP,CLMLP,3303.81,3303.81,3303.81,3303.81,0.0,2.0208
2024-05-28,Capital Link MLP,CLMLP,3242.84,3242.84,3242.84,3242.84,0.0,-1.8454
2024-05-29,Capital Link MLP,CLMLP,3206.12,3206.12,3206.12,3206.12,0.0,-1.1323
2024-05-30,Capital Link MLP,CLMLP,3253.44,3253.44,3253.44,3253.44,0.0,1.4759
2024-05-31,Capital Link MLP,CLMLP,3300.06,3300.06,3300.06,3300.06,0.0,1.4329
2024-06-03,Capital Link MLP,CLMLP,3274.69,3274.69,3274.69,3274.69,0.0,-0.7688
2024-06-04,Capital Link MLP,CLMLP,3243.45,3243.45,3243.45,3243.45,0.0,-0.954
2024-06-05,Capital Link MLP,CLMLP,3447.74,3447.74,3447.74,3447.74,0.0,6.2985
2024-06-06,Capital Link MLP,CLMLP,3445.73,3445.73,3445.73,3445.73,0.0,-0.0583
2024-06-07,Capital Link MLP,CLMLP,3421.27,3421.27,3421.27,3421.27,0.0,-0.7099
2024-06-10,Capital Link MLP,CLMLP,3456.09,3456.09,3456.09,3456.09,0.0,1.0178
2024-06-11,Capital Link MLP,CLMLP,3430.05,3430.05,3430.05,3430.05,0.0,-0.7535
2024-06-12,Capital Link MLP,CLMLP,3398.07,3398.07,3398.07,3398.07,0.0,-0.9323
2024-06-13,Capital Link MLP,CLMLP,3268.68,3268.68,3268.68,3268.68,0.0,-3.8077
2024-06-14,Capital Link MLP,CLMLP,3162.5,3162.5,3162.5,3162.5,0.0,-3.2484
2024-06-17,Capital Link MLP,CLMLP,3178.45,3178.45,3178.45,3178.45,0.0,0.5043
2024-06-18,Capital Link MLP,CLMLP,3254.59,3254.59,3254.59,3254.59,0.0,2.3955
2024-06-20,Capital Link MLP,CLMLP,3311.37,3311.37,3311.37,3311.37,0.0,1.7446
2024-06-21,Capital Link MLP,CLMLP,3287.88,3287.88,3287.88,3287.88,0.0,-0.7094
2024-06-24,Capital Link MLP,CLMLP,3312.81,3312.81,3312.81,3312.81,0.0,0.7582
2024-06-25,Capital Link MLP,CLMLP,3289.21,3289.21,3289.21,3289.21,0.0,-0.7124
2024-06-26,Capital Link MLP,CLMLP,3260.02,3260.02,3260.02,3260.02,0.0,-0.8874
2024-06-27,Capital Link MLP,CLMLP,3327.24,3327.24,3327.24,3327.24,0.0,2.062
2024-06-28,Capital Link MLP,CLMLP,3375.04,3375.04,3375.04,3375.04,0.0,1.4366
2024-07-01,Capital Link MLP,CLMLP,3381.66,3381.66,3381.66,3381.66,0.0,0.1961
2024-07-02,Capital Link MLP,CLMLP,3453.23,3453.23,3453.23,3453.23,0.0,2.1164
2024-07-03,Capital Link MLP,CLMLP,3473.05,3473.05,3473.05,3473.05,0.0,0.574
2024-07-05,Capital Link MLP,CLMLP,3447.26,3447.26,3447.26,3447.26,0.0,-0.7426
2024-07-08,Capital Link MLP,CLMLP,3377.67,3377.67,3377.67,3377.67,0.0,-2.0187
2024-07-09,Capital Link MLP,CLMLP,3384.3,3384.3,3384.3,3384.3,0.0,0.1963
2024-07-10,Capital Link MLP,CLMLP,3395.19,3395.19,3395.19,3395.19,0.0,0.3218
2024-07-11,Capital Link MLP,CLMLP,3408.83,3408.83,3408.83,3408.83,0.0,0.4017
2024-07-12,Capital Link MLP,CLMLP,3391.7,3391.7,3391.7,3391.7,0.0,-0.5025
2024-07-15,Capital Link MLP,CLMLP,3378.98,3378.98,3378.98,3378.98,0.0,-0.375
2024-07-16,Capital Link MLP,CLMLP,3384.89,3384.89,3384.89,3384.89,0.0,0.1749
2024-07-17,Capital Link MLP,CLMLP,3364.17,3364.17,3364.17,3364.17,0.0,-0.6121
2024-07-18,Capital Link MLP,CLMLP,3303.18,3303.18,3303.18,3303.18,0.0,-1.8129
2024-07-19,Capital Link MLP,CLMLP,3247.95,3247.95,3247.95,3247.95,0.0,-1.672
2024-07-22,Capital Link MLP,CLMLP,3342.56,3342.56,3342.56,3342.56,0.0,2.9129
2024-07-23,Capital Link MLP,CLMLP,3334.85,3334.85,3334.85,3334.85,0.0,-0.2307
2024-07-24,Capital Link MLP,CLMLP,3270.79,3270.79,3270.79,3270.79,0.0,-1.9209
2024-07-25,Capital Link MLP,CLMLP,3147.19,3147.19,3147.19,3147.19,0.0,-3.7789
2024-07-26,Capital Link MLP,CLMLP,3112.1,3112.1,3112.1,3112.1,0.0,-1.115
2024-07-29,Capital Link MLP,CLMLP,3105.45,3105.45,3105.45,3105.45,0.0,-0.2137
2024-07-30,Capital Link MLP,CLMLP,3020.61,3020.61,3020.61,3020.61,0.0,-2.732
2024-07-31,Capital Link MLP,CLMLP,3068.14,3068.14,3068.14,3068.14,0.0,1.5735
2024-08-01,Capital Link MLP,CLMLP,3043.95,3043.95,3043.95,3043.95,0.0,-0.7884
2024-08-02,Capital Link MLP,CLMLP,2964.92,2964.92,2964.92,2964.92,0.0,-2.5963
2024-08-05,Capital Link MLP,CLMLP,2879.51,2879.51,2879.51,2879.51,0.0,-2.8807
2024-08-06,Capital Link MLP,CLMLP,2911.44,2911.44,2911.44,2911.44,0.0,1.1089
2024-08-07,Capital Link MLP,CLMLP,2906.3,2906.3,2906.3,2906.3,0.0,-0.1765
2024-08-08,Capital Link MLP,CLMLP,2933.44,2933.44,2933.44,2933.44,0.0,0.9338
2024-08-09,Capital Link MLP,CLMLP,2931.4,2931.4,2931.4,2931.4,0.0,-0.0695
2024-08-12,Capital Link MLP,CLMLP,2960.38,2960.38,2960.38,2960.38,0.0,0.9886
2024-08-13,Capital Link MLP,CLMLP,2985.96,2985.96,2985.96,2985.96,0.0,0.8641
2024-08-14,Capital Link MLP,CLMLP,3041.35,3041.35,3041.35,3041.35,0.0,1.855
2024-08-15,Capital Link MLP,CLMLP,3069.8,3069.8,3069.8,3069.8,0.0,0.9354
2024-08-16,Capital Link MLP,CLMLP,3050.1,3050.1,3050.1,3050.1,0.0,-0.6417
2024-08-19,Capital Link MLP,CLMLP,3113.77,3113.77,3113.77,3113.77,0.0,2.0875
2024-08-20,Capital Link MLP,CLMLP,3540.06,3540.06,3540.06,3540.06,0.0,13.6905
2024-08-21,Capital Link MLP,CLMLP,3626.21,3626.21,3626.21,3626.21,0.0,2.4336
2024-08-22,Capital Link MLP,CLMLP,3495.5,3495.5,3495.5,3495.5,0.0,-3.6046
2024-08-23,Capital Link MLP,CLMLP,3491.3,3491.3,3491.3,3491.3,0.0,-0.1202
2024-08-26,Capital Link MLP,CLMLP,4385.86,4385.86,4385.86,4385.86,0.0,25.6225
2024-08-27,Capital Link MLP,CLMLP,4411.28,4411.28,4411.28,4411.28,0.0,0.5796
2024-08-28,Capital Link MLP,CLMLP,4332.45,4332.45,4332.45,4332.45,0.0,-1.787
2024-08-29,Capital Link MLP,CLMLP,4301.9,4301.9,4301.9,4301.9,0.0,-0.7051
2024-08-30,Capital Link MLP,CLMLP,4448.97,4448.97,4448.97,4448.97,0.0,3.4187
2024-09-03,Capital Link MLP,CLMLP,4395.89,4395.89,4395.89,4395.89,0.0,-1.1931
2024-09-04,Capital Link MLP,CLMLP,4262.13,4262.13,4262.13,4262.13,0.0,-3.0428
2024-09-05,Capital Link MLP,CLMLP,4201.51,4201.51,4201.51,4201.51,0.0,-1.4223
2024-09-06,Capital Link MLP,CLMLP,4128.97,4128.97,4128.97,4128.97,0.0,-1.7265
2024-09-09,Capital Link MLP,CLMLP,4283.56,4283.56,4283.56,4283.56,0.0,3.744
2024-09-10,Capital Link MLP,CLMLP,4266.29,4266.29,4266.29,4266.29,0.0,-0.4032
2024-09-11,Capital Link MLP,CLMLP,4411.45,4411.45,4411.45,4411.45,0.0,3.4025
2024-09-12,Capital Link MLP,CLMLP,4655.13,4655.13,4655.13,4655.13,0.0,5.5238
2024-09-13,Capital Link MLP,CLMLP,4715.63,4715.63,4715.63,4715.63,0.0,1.2996
2024-09-16,Capital Link MLP,CLMLP,4776.55,4776.55,4776.55,4776.55,0.0,1.2919
2024-09-17,Capital Link MLP,CLMLP,4706.41,4706.41,4706.41,4706.41,0.0,-1.4684
2024-09-18,Capital Link MLP,CLMLP,4600.62,4600.62,4600.62,4600.62,0.0,-2.2478
2024-09-19,Capital Link MLP,CLMLP,4806.13,4806.13,4806.13,4806.13,0.0,4.467
2024-09-20,Capital Link MLP,CLMLP,4804.51,4804.51,4804.51,4804.51,0.0,-0.0337
2024-09-23,Capital Link MLP,CLMLP,5160.12,5160.12,5160.12,5160.12,0.0,7.4016
2024-09-24,Capital Link MLP,CLMLP,5215.95,5215.95,5215.95,5215.95,0.0,1.082
2024-09-25,Capital Link MLP,CLMLP,5384.16,5384.16,5384.16,5384.16,0.0,3.2249
2024-09-26,Capital Link MLP,CLMLP,5425.03,5425.03,5425.03,5425.03,0.0,0.7591
2024-09-27,Capital Link MLP,CLMLP,5427.97,5427.97,5427.97,5427.97,0.0,0.0542
2024-09-30,Capital Link MLP,CLMLP,5355.85,5355.85,5355.85,5355.85,0.0,-1.3287
2024-10-01,Capital Link MLP,CLMLP,5312.67,5312.67,5312.67,5312.67,0.0,-0.8062
2024-10-02,Capital Link MLP,CLMLP,5429.74,5429.74,5429.74,5429.74,0.0,2.2036
2024-10-03,Capital Link MLP,CLMLP,5465.09,5465.09,5465.09,5465.09,0.0,0.651
2024-10-04,Capital Link MLP,CLMLP,5427.39,5427.39,5427.39,5427.39,0.0,-0.6898
2024-10-07,Capital Link MLP,CLMLP,5405.98,5405.98,5405.98,5405.98,0.0,-0.3945
2024-10-08,Capital Link MLP,CLMLP,5346.44,5346.44,5346.44,5346.44,0.0,-1.1014
2024-10-09,Capital Link MLP,CLMLP,5258.65,5258.65,5258.65,5258.65,0.0,-1.642
2024-10-10,Capital Link MLP,CLMLP,5241.72,5241.72,5241.72,5241.72,0.0,-0.3219
2024-10-11,Capital Link MLP,CLMLP,5224.03,5224.03,5224.03,5224.03,0.0,-0.3375
2024-10-14,Capital Link MLP,CLMLP,5066.61,5066.61,5066.61,5066.61,0.0,-3.0134
2024-10-15,Capital Link MLP,CLMLP,4979.18,4979.18,4979.18,4979.18,0.0,-1.7256
2024-10-16,Capital Link MLP,CLMLP,4953.82,4953.82,4953.82,4953.82,0.0,-0.5093
2024-10-17,Capital Link MLP,CLMLP,4885.39,4885.39,4885.39,4885.39,0.0,-1.3814
2024-10-18,Capital Link MLP,CLMLP,4969.4,4969.4,4969.4,4969.4,0.0,1.7196
2024-10-21,Capital Link MLP,CLMLP,5001.17,5001.17,5001.17,5001.17,0.0,0.6393
2024-10-22,Capital Link MLP,CLMLP,4988.42,4988.42,4988.42,4988.42,0.0,-0.2549
2024-10-23,Capital Link MLP,CLMLP,4872.75,4872.75,4872.75,4872.75,0.0,-2.3188
2024-10-24,Capital Link MLP,CLMLP,4872.62,4872.62,4872.62,4872.62,0.0,-0.0027
2024-10-25,Capital Link MLP,CLMLP,4875.99,4875.99,4875.99,4875.99,0.0,0.0692
2024-10-28,Capital Link MLP,CLMLP,4795.36,4795.36,4795.36,4795.36,0.0,-1.6536
2024-10-29,Capital Link MLP,CLMLP,4647.24,4647.24,4647.24,4647.24,0.0,-3.0888
2024-10-30,Capital Link MLP,CLMLP,4530.86,4530.86,4530.86,4530.86,0.0,-2.5043
2024-10-31,Capital Link MLP,CLMLP,4509.29,4509.29,4509.29,4509.29,0.0,-0.4761
2024-11-01,Capital Link MLP,CLMLP,4504.37,4504.37,4504.37,4504.37,0.0,-0.1091
2024-11-04,Capital Link MLP,CLMLP,4535.61,4535.61,4535.61,4535.61,0.0,0.6935
2024-11-05,Capital Link MLP,CLMLP,4561.67,4561.67,4561.67,4561.67,0.0,0.5746
2024-11-06,Capital Link MLP,CLMLP,4517.95,4517.95,4517.95,4517.95,0.0,-0.9584
2024-11-07,Capital Link MLP,CLMLP,4512.69,4512.69,4512.69,4512.69,0.0,-0.1164
2024-11-08,Capital Link MLP,CLMLP,4503.82,4503.82,4503.82,4503.82,0.0,-0.1966
2024-11-11,Capital Link MLP,CLMLP,4375.09,4375.09,4375.09,4375.09,0.0,-2.8582
2024-11-12,Capital Link MLP,CLMLP,4088.9,4088.9,4088.9,4088.9,0.0,-6.5414
2024-11-13,Capital Link MLP,CLMLP,4133.06,4133.06,4133.06,4133.06,0.0,1.08
2024-11-14,Capital Link MLP,CLMLP,4444.07,4444.07,4444.07,4444.07,0.0,7.5249
2024-11-15,Capital Link MLP,CLMLP,4382.08,4382.08,4382.08,4382.08,0.0,-1.3949
2024-11-18,Capital Link MLP,CLMLP,4401.23,4401.23,4401.23,4401.23,0.0,0.437
2024-11-19,Capital Link MLP,CLMLP,4330.34,4330.34,4330.34,4330.34,0.0,-1.6107
2024-11-20,Capital Link MLP,CLMLP,4378.27,4378.27,4378.27,4378.27,0.0,1.1068
2024-11-21,Capital Link MLP,CLMLP,4289.44,4289.44,4289.44,4289.44,0.0,-2.0289
2024-11-22,Capital Link MLP,CLMLP,4304.62,4304.62,4304.62,4304.62,0.0,0.3539
2024-11-25,Capital Link MLP,CLMLP,4102.24,4102.24,4102.24,4102.24,0.0,-4.7015
2024-11-26,Capital Link MLP,CLMLP,3912.16,3912.16,3912.16,3912.16,0.0,-4.6336
2024-11-27,Capital Link MLP,CLMLP,3917.86,3917.86,3917.86,3917.86,0.0,0.1457
2024-11-29,Capital Link MLP,CLMLP,3975.86,3975.86,3975.86,3975.86,0.0,1.4804
2024-12-02,Capital Link MLP,CLMLP,3922.93,3922.93,3922.93,3922.93,0.0,-1.3313
2024-12-03,Capital Link MLP,CLMLP,3966.3,3966.3,3966.3,3966.3,0.0,1.1056
2024-12-04,Capital Link MLP,CLMLP,3998.97,3998.97,3998.97,3998.97,0.0,0.8237
2024-12-05,Capital Link MLP,CLMLP,4042.41,4042.41,4042.41,4042.41,0.0,1.0863
2024-12-06,Capital Link MLP,CLMLP,4032.37,4032.37,4032.37,4032.37,0.0,-0.2484
2024-12-09,Capital Link MLP,CLMLP,3936.77,3936.77,3936.77,3936.77,0.0,-2.3708
2024-12-10,Capital Link MLP,CLMLP,3921.21,3921.21,3921.21,3921.21,0.0,-0.3952
2024-12-11,Capital Link MLP,CLMLP,3740.16,3740.16,3740.16,3740.16,0.0,-4.6172
2024-12-12,Capital Link MLP,CLMLP,3593.9,3593.9,3593.9,3593.9,0.0,-3.9105
2024-12-13,Capital Link MLP,CLMLP,3547.13,3547.13,3547.13,3547.13,0.0,-1.3014
2024-12-16,Capital Link MLP,CLMLP,3557.62,3557.62,3557.62,3557.62,0.0,0.2957
2024-12-17,Capital Link MLP,CLMLP,3520.92,3520.92,3520.92,3520.92,0.0,-1.0316
2024-12-18,Capital Link MLP,CLMLP,3455.36,3455.36,3455.36,3455.36,0.0,-1.862
2024-12-19,Capital Link MLP,CLMLP,3484.94,3484.94,3484.94,3484.94,0.0,0.8561
2024-12-20,Capital Link MLP,CLMLP,3473.09,3473.09,3473.09,3473.09,0.0,-0.34
2024-12-23,Capital Link MLP,CLMLP,3610.99,3610.99,3610.99,3610.99,0.0,3.9705
2024-12-24,Capital Link MLP,CLMLP,3618.39,3618.39,3618.39,3618.39,0.0,0.2049
2024-12-26,Capital Link MLP,CLMLP,3572.05,3572.05,3572.05,3572.05,0.0,-1.2807
2024-12-27,Capital Link MLP,CLMLP,3539.82,3539.82,3539.82,3539.82,0.0,-0.9023
2024-12-30,Capital Link MLP,CLMLP,3448.61,3448.61,3448.61,3448.61,0.0,-2.5767
2024-12-31,Capital Link MLP,CLMLP,3475.77,3475.77,3475.77,3475.77,0.0,0.7876
2025-01-02,Capital Link MLP,CLMLP,3735.36,3735.36,3735.36,3735.36,0.0,7.4686
2025-01-03,Capital Link MLP,CLMLP,3693.13,3693.13,3693.13,3693.13,0.0,-1.1305
2025-01-06,Capital Link MLP,CLMLP,3539.74,3539.74,3539.74,3539.74,0.0,-4.1534
2025-01-07,Capital Link MLP,CLMLP,3614.68,3614.68,3614.68,3614.68,0.0,2.1171
2025-01-08,Capital Link MLP,CLMLP,3612.18,3612.18,3612.18,3612.18,0.0,-0.0692
2025-01-10,Capital Link MLP,CLMLP,3669.52,3669.52,3669.52,3669.52,0.0,1.5874
2025-01-13,Capital Link MLP,CLMLP,3678.6,3678.6,3678.6,3678.6,0.0,0.2474
2025-01-14,Capital Link MLP,CLMLP,3641.82,3641.82,3641.82,3641.82,0.0,-0.9998
2025-01-15,Capital Link MLP,CLMLP,3603.15,3603.15,3603.15,3603.15,0.0,-1.0618
2025-01-16,Capital Link MLP,CLMLP,3505.13,3505.13,3505.13,3505.13,0.0,-2.7204
2025-01-17,Capital Link MLP,CLMLP,3423.58,3423.58,3423.58,3423.58,0.0,-2.3266
2025-01-21,Capital Link MLP,CLMLP,3346.92,3346.92,3346.92,3346.92,0.0,-2.2392
2025-01-22,Capital Link MLP,CLMLP,3350.91,3350.91,3350.91,3350.91,0.0,0.1192
2025-01-23,Capital Link MLP,CLMLP,3349.12,3349.12,3349.12,3349.12,0.0,-0.0534
2025-01-24,Capital Link MLP,CLMLP,3324.76,3324.76,3324.76,3324.76,0.0,-0.7274
2025-01-27,Capital Link MLP,CLMLP,3291.78,3291.78,3291.78,3291.78,0.0,-0.992
2025-01-28,Capital Link MLP,CLMLP,3274.99,3274.99,3274.99,3274.99,0.0,-0.5101
2025-01-29,Capital Link MLP,CLMLP,3324.11,3324.11,3324.11,3324.11,0.0,1.4999
2025-01-30,Capital Link MLP,CLMLP,3383.74,3383.74,3383.74,3383.74,0.0,1.7939
2025-01-31,Capital Link MLP,CLMLP,3390.76,3390.76,3390.76,3390.76,0.0,0.2075
2025-02-03,Capital Link MLP,CLMLP,3417.26,3417.26,3417.26,3417.26,0.0,0.7815
2025-02-04,Capital Link MLP,CLMLP,3530.96,3530.96,3530.96,3530.96,0.0,3.3272
2025-02-05,Capital Link MLP,CLMLP,3578.66,3578.66,3578.66,3578.66,0.0,1.3509
2025-02-06,Capital Link MLP,CLMLP,3539.47,3539.47,3539.47,3539.47,0.0,-1.0951
2025-02-07,Capital Link MLP,CLMLP,3477.53,3477.53,3477.53,3477.53,0.0,-1.75
2025-02-10,Capital Link MLP,CLMLP,3562.43,3562.43,3562.43,3562.43,0.0,2.4414
2025-02-11,Capital Link MLP,CLMLP,3587.26,3587.26,3587.26,3587.26,0.0,0.697
2025-02-12,Capital Link MLP,CLMLP,3610.19,3610.19,3610.19,3610.19,0.0,0.6392
2025-02-13,Capital Link MLP,CLMLP,3592.72,3592.72,3592.72,3592.72,0.0,-0.4839
2025-02-14,Capital Link MLP,CLMLP,3586.76,3586.76,3586.76,3586.76,0.0,-0.1659
2025-02-18,Capital Link MLP,CLMLP,3704.25,3704.25,3704.25,3704.25,0.0,3.2757
2025-02-19,Capital Link MLP,CLMLP,3689.9,3689.9,3689.9,3689.9,0.0,-0.3874
2025-02-20,Capital Link MLP,CLMLP,3712.34,3712.34,3712.34,3712.34,0.0,0.6081
2025-02-21,Capital Link MLP,CLMLP,3595.5,3595.5,3595.5,3595.5,0.0,-3.1473
2025-02-24,Capital Link MLP,CLMLP,3553.41,3553.41,3553.41,3553.41,0.0,-1.1706
2025-02-25,Capital Link MLP,CLMLP,3506.0,3506.0,3506.0,3506.0,0.0,-1.3342
2025-02-26,Capital Link MLP,CLMLP,3513.16,3513.16,3513.16,3513.16,0.0,0.2042
2025-02-27,Capital Link MLP,CLMLP,3377.08,3377.08,3377.08,3377.08,0.0,-3.8734
2025-02-28,Capital Link MLP,CLMLP,3343.5,3343.5,3343.5,3343.5,0.0,-0.9944
2025-03-03,Capital Link MLP,CLMLP,3225.73,3225.73,3225.73,3225.73,0.0,-3.5224
2025-03-04,Capital Link MLP,CLMLP,3229.73,3229.73,3229.73,3229.73,0.0,0.124
2025-03-05,Capital Link MLP,CLMLP,3251.02,3251.02,3251.02,3251.02,0.0,0.6592
2025-03-06,Capital Link MLP,CLMLP,3273.78,3273.78,3273.78,3273.78,0.0,0.7001
2025-03-07,Capital Link MLP,CLMLP,3312.27,3312.27,3312.27,3312.27,0.0,1.1757
2025-03-10,Capital Link MLP,CLMLP,3181.16,3181.16,3181.16,3181.16,0.0,-3.9583
2025-03-11,Capital Link MLP,CLMLP,3119.79,3119.79,3119.79,3119.79,0.0,-1.9292
2025-03-12,Capital Link MLP,CLMLP,3216.16,3216.16,3216.16,3216.16,0.0,3.089
2025-03-13,Capital Link MLP,CLMLP,3201.42,3201.42,3201.42,3201.42,0.0,-0.4583
2025-03-14,Capital Link MLP,CLMLP,3267.28,3267.28,3267.28,3267.28,0.0,2.0572
2025-03-17,Capital Link MLP,CLMLP,3325.19,3325.19,3325.19,3325.19,0.0,1.7724
2025-03-18,Capital Link MLP,CLMLP,3254.83,3254.83,3254.83,3254.83,0.0,-2.116
2025-03-19,Capital Link MLP,CLMLP,3258.89,3258.89,3258.89,3258.89,0.0,0.1247
2025-03-20,Capital Link MLP,CLMLP,3320.34,3320.34,3320.34,3320.34,0.0,1.8856
2025-03-21,Capital Link MLP,CLMLP,3230.66,3230.66,3230.66,3230.66,0.0,-2.7009
2025-03-24,Capital Link MLP,CLMLP,3250.06,3250.06,3250.06,3250.06,0.0,0.6005
2025-03-25,Capital Link MLP,CLMLP,3248.62,3248.62,3248.62,3248.62,0.0,-0.0443
2025-03-26,Capital Link MLP,CLMLP,3196.11,3196.11,3196.11,3196.11,0.0,-1.6164
2025-03-27,Capital Link MLP,CLMLP,3134.67,3134.67,3134.67,3134.67,0.0,-1.9223
2025-03-28,Capital Link MLP,CLMLP,3104.29,3104.29,3104.29,3104.29,0.0,-0.9692
2025-03-31,Capital Link MLP,CLMLP,3121.55,3121.55,3121.55,3121.55,0.0,0.556
2025-04-01,Capital Link MLP,CLMLP,3136.9,3136.9,3136.9,3136.9,0.0,0.4917
2025-04-02,Capital Link MLP,CLMLP,3136.83,3136.83,3136.83,3136.83,0.0,-0.0022
2025-04-03,Capital Link MLP,CLMLP,2778.58,2778.58,2778.58,2778.58,0.0,-11.4208
2025-04-04,Capital Link MLP,CLMLP,2458.64,2458.64,2458.64,2458.64,0.0,-11.5145
2025-04-07,Capital Link MLP,CLMLP,2424.05,2424.05,2424.05,2424.05,0.0,-1.4069
2025-04-08,Capital Link MLP,CLMLP,2312.07,2312.07,2312.07,2312.07,0.0,-4.6195
2025-04-09,Capital Link MLP,CLMLP,2413.96,2413.96,2413.96,2413.96,0.0,4.4069
2025-04-10,Capital Link MLP,CLMLP,2397.61,2397.61,2397.61,2397.61,0.0,-0.6773
2025-04-11,Capital Link MLP,CLMLP,2469.92,2469.92,2469.92,2469.92,0.0,3.0159
2025-04-14,Capital Link MLP,CLMLP,2591.21,2591.21,2591.21,2591.21,0.0,4.9107
2025-04-15,Capital Link MLP,CLMLP,2567.86,2567.86,2567.86,2567.86,0.0,-0.9011
2025-04-16,Capital Link MLP,CLMLP,2547.84,2547.84,2547.84,2547.84,0.0,-0.7796
2025-04-17,Capital Link MLP,CLMLP,2558.0,2558.0,2558.0,2558.0,0.0,0.3988
2025-04-21,Capital Link MLP,CLMLP,2505.6,2505.6,2505.6,2505.6,0.0,-2.0485
2025-04-22,Capital Link MLP,CLMLP,2504.13,2504.13,2504.13,2504.13,0.0,-0.0587
2025-04-23,Capital Link MLP,CLMLP,2609.77,2609.77,2609.77,2609.77,0.0,4.2186
2025-04-24,Capital Link MLP,CLMLP,2694.12,2694.12,2694.12,2694.12,0.0,3.2321
2025-04-25,Capital Link MLP,CLMLP,2702.39,2702.39,2702.39,2702.39,0.0,0.307
2025-04-28,Capital Link MLP,CLMLP,2673.4,2673.4,2673.4,2673.4,0.0,-1.0728
2025-04-29,Capital Link MLP,CLMLP,2669.88,2669.88,2669.88,2669.88,0.0,-0.1317
2025-04-30,Capital Link MLP,CLMLP,2694.33,2694.33,2694.33,2694.33,0.0,0.9158
2025-05-01,Capital Link MLP,CLMLP,2716.61,2716.61,2716.61,2716.61,0.0,0.8269
2025-05-02,Capital Link MLP,CLMLP,2780.26,2780.26,2780.26,2780.26,0.0,2.343
2025-05-05,Capital Link MLP,CLMLP,2880.88,2880.88,2880.88,2880.88,0.0,3.6191
2025-05-06,Capital Link MLP,CLMLP,2826.27,2826.27,2826.27,2826.27,0.0,-1.8956
2025-05-07,Capital Link MLP,CLMLP,2857.58,2857.58,2857.58,2857.58,0.0,1.1078
2025-05-08,Capital Link MLP,CLMLP,2909.53,2909.53,2909.53,2909.53,0.0,1.818
2025-05-09,Capital Link MLP,CLMLP,2933.25,2933.25,2933.25,2933.25,0.0,0.8153
2025-05-12,Capital Link MLP,CLMLP,3053.34,3053.34,3053.34,3053.34,0.0,4.0941
2025-05-13,Capital Link MLP,CLMLP,3153.49,3153.49,3153.49,3153.49,0.0,3.28
2025-05-14,Capital Link MLP,CLMLP,3216.82,3216.82,3216.82,3216.82,0.0,2.0083
2025-05-15,Capital Link MLP,CLMLP,3212.79,3212.79,3212.79,3212.79,0.0,-0.1253
2025-05-16,Capital Link MLP,CLMLP,3281.89,3281.89,3281.89,3281.89,0.0,2.1508
2025-05-19,Capital Link MLP,CLMLP,3244.12,3244.12,3244.12,3244.12,0.0,-1.1509
2025-05-20,Capital Link MLP,CLMLP,3224.81,3224.81,3224.81,3224.81,0.0,-0.5952
2025-05-21,Capital Link MLP,CLMLP,3134.16,3134.16,3134.16,3134.16,0.0,-2.811
2025-05-22,Capital Link MLP,CLMLP,3075.18,3075.18,3075.18,3075.18,0.0,-1.8818
2025-05-23,Capital Link MLP,CLMLP,3107.78,3107.78,3107.78,3107.78,0.0,1.0601
2025-05-27,Capital Link MLP,CLMLP,3137.59,3137.59,3137.59,3137.59,0.0,0.9592
2025-05-28,Capital Link MLP,CLMLP,3110.42,3110.42,3110.42,3110.42,0.0,-0.866
2025-05-29,Capital Link MLP,CLMLP,3118.87,3118.87,3118.87,3118.87,0.0,0.2717
2025-05-30,Capital Link MLP,CLMLP,3137.51,3137.51,3137.51,3137.51,0.0,0.5977
2025-06-02,Capital Link MLP,CLMLP,3163.45,3163.45,3163.45,3163.45,0.0,0.8268
2025-06-03,Capital Link MLP,CLMLP,3179.63,3179.63,3179.63,3179.63,0.0,0.5115
2025-06-04,Capital Link MLP,CLMLP,3163.83,3163.83,3163.83,3163.83,0.0,-0.4969
2025-06-05,Capital Link MLP,CLMLP,3163.94,3163.94,3163.94,3163.94,0.0,0.0035
2025-06-06,Capital Link MLP,CLMLP,3139.79,3139.79,3139.79,3139.79,0.0,-0.7633
2025-06-09,Capital Link MLP,CLMLP,3124.07,3124.07,3124.07,3124.07,0.0,-0.5007
2025-06-10,Capital Link MLP,CLMLP,3075.16,3075.16,3075.16,3075.16,0.0,-1.5656
2025-06-11,Capital Link MLP,CLMLP,3089.45,3089.45,3089.45,3089.45,0.0,0.4647
2025-06-12,Capital Link MLP,CLMLP,3115.17,3115.17,3115.17,3115.17,0.0,0.8325
2025-06-13,Capital Link MLP,CLMLP,3295.54,3295.54,3295.54,3295.54,0.0,5.7901
2025-06-16,Capital Link MLP,CLMLP,3253.67,3253.67,3253.67,3253.67,0.0,-1.2705
2025-06-17,Capital Link MLP,CLMLP,3261.58,3261.58,3261.58,3261.58,0.0,0.2431
2025-06-18,Capital Link MLP,CLMLP,3261.06,3261.06,3261.06,3261.06,0.0,-0.0159
2025-06-20,Capital Link MLP,CLMLP,3212.42,3212.42,3212.42,3212.42,0.0,-1.4915
2025-06-23,Capital Link MLP,CLMLP,3152.15,3152.15,3152.15,3152.15,0.0,-1.8762
2025-06-24,Capital Link MLP,CLMLP,3071.23,3071.23,3071.23,3071.23,0.0,-2.5671
2025-06-25,Capital Link MLP,CLMLP,3103.88,3103.88,3103.88,3103.88,0.0,1.0631
2025-06-26,Capital Link MLP,CLMLP,3062.21,3062.21,3062.21,3062.21,0.0,-1.3425
2025-06-27,Capital Link MLP,CLMLP,3009.78,3009.78,3009.78,3009.78,0.0,-1.7122
2025-06-30,Capital Link MLP,CLMLP,3003.68,3003.68,3003.68,3003.68,0.0,-0.2027
2025-07-01,Capital Link MLP,CLMLP,3003.78,3003.78,3003.78,3003.78,0.0,0.0033
2025-07-02,Capital Link MLP,CLMLP,3047.57,3047.57,3047.57,3047.57,0.0,1.4578
2025-07-03,Capital Link MLP,CLMLP,3074.85,3074.85,3074.85,3074.85,0.0,0.8951
2025-07-07,Capital Link MLP,CLMLP,3080.04,3080.04,3080.04,3080.04,0.0,0.1688
2025-07-08,Capital Link MLP,CLMLP,3065.45,3065.45,3065.45,3065.45,0.0,-0.4737
2025-07-09,Capital Link MLP,CLMLP,2988.83,2988.83,2988.83,2988.83,0.0,-2.4995
2025-07-10,Capital Link MLP,CLMLP,3055.26,3055.26,3055.26,3055.26,0.0,2.2226
2025-07-11,Capital Link MLP,CLMLP,3182.59,3182.59,3182.59,3182.59,0.0,4.1676
2025-07-14,Capital Link MLP,CLMLP,3193.02,3193.02,3193.02,3193.02,0.0,0.3277
2025-07-15,Capital Link MLP,CLMLP,3104.02,3104.02,3104.02,3104.02,0.0,-2.7873
2025-07-16,Capital Link MLP,CLMLP,3110.34,3110.34,3110.34,3110.34,0.0,0.2036
2025-07-17,Capital Link MLP,CLMLP,3250.85,3250.85,3250.85,3250.85,0.0,4.5175
2025-07-18,Capital Link MLP,CLMLP,3254.64,3254.64,3254.64,3254.64,0.0,0.1166
2025-07-21,Capital Link MLP,CLMLP,3195.4,3195.4,3195.4,3195.4,0.0,-1.8202
2025-07-22,Capital Link MLP,CLMLP,3272.51,3272.51,3272.51,3272.51,0.0,2.4132
2025-07-23,Capital Link MLP,CLMLP,3397.68,3397.68,3397.68,3397.68,0.0,3.8249
2025-07-24,Capital Link MLP,CLMLP,3445.55,3445.55,3445.55,3445.55,0.0,1.4089
2025-07-25,Capital Link MLP,CLMLP,3451.6,3451.6,3451.6,3451.6,0.0,0.1756
2025-07-28,Capital Link MLP,CLMLP,3463.77,3463.77,3463.77,3463.77,0.0,0.3526
2025-07-29,Capital Link MLP,CLMLP,3425.86,3425.86,3425.86,3425.86,0.0,-1.0945
2025-07-30,Capital Link MLP,CLMLP,3333.93,3333.93,3333.93,3333.93,0.0,-2.6834
2025-07-31,Capital Link MLP,CLMLP,3300.47,3300.47,3300.47,3300.47,0.0,-1.0036
2025-08-01,Capital Link MLP,CLMLP,3350.67,3350.67,3350.67,3350.67,0.0,1.521
2025-08-04,Capital Link MLP,CLMLP,3544.32,3544.32,3544.32,3544.32,0.0,5.7794
2025-08-05,Capital Link MLP,CLMLP,3595.85,3595.85,3595.85,3595.85,0.0,1.4539
2025-08-06,Capital Link MLP,CLMLP,3636.44,3636.44,3636.44,3636.44,0.0,1.1288
2025-08-07,Capital Link MLP,CLMLP,3589.44,3589.44,3589.44,3589.44,0.0,-1.2925
2025-08-08,Capital Link MLP,CLMLP,3587.97,3587.97,3587.97,3587.97,0.0,-0.041
2025-08-11,Capital Link MLP,CLMLP,3540.36,3540.36,3540.36,3540.36,0.0,-1.3269
2025-08-12,Capital Link MLP,CLMLP,3575.05,3575.05,3575.05,3575.05,0.0,0.9798
2025-08-13,Capital Link MLP,CLMLP,3565.87,3565.87,3565.87,3565.87,0.0,-0.2568
2025-08-14,Capital Link MLP,CLMLP,3525.84,3525.84,3525.84,3525.84,0.0,-1.1226
2025-08-15,Capital Link MLP,CLMLP,3453.45,3453.45,3453.45,3453.45,0.0,-2.0531
2025-08-18,Capital Link MLP,CLMLP,3527.2,3527.2,3527.2,3527.2,0.0,2.1355
2025-08-19,Capital Link MLP,CLMLP,3492.88,3492.88,3492.88,3492.88,0.0,-0.973
2025-08-20,Capital Link MLP,CLMLP,3611.41,3611.41,3611.41,3611.41,0.0,3.3935
2025-08-21,Capital Link MLP,CLMLP,3792.89,3792.89,3792.89,3792.89,0.0,5.0252
2025-08-22,Capital Link MLP,CLMLP,3813.51,3813.51,3813.51,3813.51,0.0,0.5436
2025-08-25,Capital Link MLP,CLMLP,3790.9,3790.9,3790.9,3790.9,0.0,-0.5929
2025-08-26,Capital Link MLP,CLMLP,3837.67,3837.67,3837.67,3837.67,0.0,1.2337
2025-08-27,Capital Link MLP,CLMLP,3824.07,3824.07,3824.07,3824.07,0.0,-0.3544
2025-08-28,Capital Link MLP,CLMLP,3819.42,3819.42,3819.42,3819.42,0.0,-0.1216
2025-08-29,Capital Link MLP,CLMLP,3814.88,3814.88,3814.88,3814.88,0.0,-0.1189
2025-09-02,Capital Link MLP,CLMLP,3777.62,3777.62,3777.62,3777.62,0.0,-0.9767
2025-09-03,Capital Link MLP,CLMLP,3829.48,3829.48,3829.48,3829.48,0.0,1.3728
2025-09-04,Capital Link MLP,CLMLP,3873.27,3873.27,3873.27,3873.27,0.0,1.1435
2025-09-05,Capital Link MLP,CLMLP,3884.85,3884.85,3884.85,3884.85,0.0,0.299
2025-09-08,Capital Link MLP,CLMLP,3976.73,3976.73,3976.73,3976.73,0.0,2.3651
2025-09-09,Capital Link MLP,CLMLP,3960.6,3960.6,3960.6,3960.6,0.0,-0.4056
2025-09-10,Capital Link MLP,CLMLP,3896.74,3896.74,3896.74,3896.74,0.0,-1.6124
2025-09-11,Capital Link MLP,CLMLP,3840.5,3840.5,3840.5,3840.5,0.0,-1.4433
2025-09-12,Capital Link MLP,CLMLP,3866.88,3866.88,3866.88,3866.88,0.0,0.6869
2025-09-15,Capital Link MLP,CLMLP,3943.69,3943.69,3943.69,3943.69,0.0,1.9864
2025-09-16,Capital Link MLP,CLMLP,3885.28,3885.28,3885.28,3885.28,0.0,-1.4811
2025-09-17,Capital Link MLP,CLMLP,3892.91,3892.91,3892.91,3892.91,0.0,0.1964
2025-09-18,Capital Link MLP,CLMLP,3941.81,3941.81,3941.81,3941.81,0.0,1.2561
2025-09-19,Capital Link MLP,CLMLP,3884.04,3884.04,3884.04,3884.04,0.0,-1.4656
2025-09-22,Capital Link MLP,CLMLP,3797.48,3797.48,3797.48,3797.48,0.0,-2.2286
2025-09-23,Capital Link MLP,CLMLP,3863.21,3863.21,3863.21,3863.21,0.0,1.7309
2025-09-24,Capital Link MLP,CLMLP,3909.69,3909.69,3909.69,3909.69,0.0,1.2031
2025-09-25,Capital Link MLP,CLMLP,3825.75,3825.75,3825.75,3825.75,0.0,-2.147
2025-09-26,Capital Link MLP,CLMLP,3807.83,3807.83,3807.83,3807.83,0.0,-0.4684
2025-09-29,Capital Link MLP,CLMLP,3712.27,3712.27,3712.27,3712.27,0.0,-2.5096
2025-09-30,Capital Link MLP,CLMLP,3590.2,3590.2,3590.2,3590.2,0.0,-3.2883
2025-10-01,Capital Link MLP,CLMLP,3617.78,3617.78,3617.78,3617.78,0.0,0.7682
2025-10-02,Capital Link MLP,CLMLP,3546.83,3546.83,3546.83,3546.83,0.0,-1.9611
2025-10-03,Capital Link MLP,CLMLP,3570.06,3570.06,3570.06,3570.06,0.0,0.655
2025-10-06,Capital Link MLP,CLMLP,3556.26,3556.26,3556.26,3556.26,0.0,-0.3865
2025-10-07,Capital Link MLP,CLMLP,3573.68,3573.68,3573.68,3573.68,0.0,0.4898
2025-10-08,Capital Link MLP,CLMLP,3581.43,3581.43,3581.43,3581.43,0.0,0.2169
2025-10-09,Capital Link MLP,CLMLP,3512.67,3512.67,3512.67,3512.67,0.0,-1.9199
2025-10-10,Capital Link MLP,CLMLP,3470.76,3470.76,3470.76,3470.76,0.0,-1.1931
2025-10-13,Capital Link MLP,CLMLP,3578.28,3578.28,3578.28,3578.28,0.0,3.0979
2025-10-14,Capital Link MLP,CLMLP,3430.97,3430.97,3430.97,3430.97,0.0,-4.1168
2025-10-15,Capital Link MLP,CLMLP,3410.21,3410.21,3410.21,3410.21,0.0,-0.6051
2025-10-16,Capital Link MLP,CLMLP,3398.3,3398.3,3398.3,3398.3,0.0,-0.3492
2025-10-17,Capital Link MLP,CLMLP,3485.29,3485.29,3485.29,3485.29,0.0,2.5598
2025-10-20,Capital Link MLP,CLMLP,3533.19,3533.19,3533.19,3533.19,0.0,1.3743
2025-10-21,Capital Link MLP,CLMLP,3468.36,3468.36,3468.36,3468.36,0.0,-1.8349
2025-10-22,Capital Link MLP,CLMLP,3536.94,3536.94,3536.94,3536.94,0.0,1.9773
2025-10-23,Capital Link MLP,CLMLP,3593.46,3593.46,3593.46,3593.46,0.0,1.598
2025-10-24,Capital Link MLP,CLMLP,3537.68,3537.68,3537.68,3537.68,0.0,-1.5523
2025-10-27,Capital Link MLP,CLMLP,3555.46,3555.46,3555.46,3555.46,0.0,0.5026
2025-10-28,Capital Link MLP,CLMLP,3558.63,3558.63,3558.63,3558.63,0.0,0.0892
2025-10-29,Capital Link MLP,CLMLP,3621.76,3621.76,3621.76,3621.76,0.0,1.774
2025-10-30,Capital Link MLP,CLMLP,3692.37,3692.37,3692.37,3692.37,0.0,1.9496
2025-10-31,Capital Link MLP,CLMLP,3812.07,3812.07,3812.07,3812.07,0.0,3.2418
2025-11-03,Capital Link MLP,CLMLP,3794.39,3794.39,3794.39,3794.39,0.0,-0.4638
2025-11-04,Capital Link MLP,CLMLP,3691.34,3691.34,3691.34,3691.34,0.0,-2.7159
2025-11-05,Capital Link MLP,CLMLP,3729.84,3729.84,3729.84,3729.84,0.0,1.043
2025-11-06,Capital Link MLP,CLMLP,3765.99,3765.99,3765.99,3765.99,0.0,0.9692
2025-11-07,Capital Link MLP,CLMLP,3742.58,3742.58,3742.58,3742.58,0.0,-0.6216
2025-11-10,Capital Link MLP,CLMLP,3873.81,3873.81,3873.81,3873.81,0.0,3.5064
2025-11-11,Capital Link MLP,CLMLP,3952.74,3952.74,3952.74,3952.74,0.0,2.0375
2025-11-12,Capital Link MLP,CLMLP,4028.85,4028.85,4028.85,4028.85,0.0,1.9255
2025-11-13,Capital Link MLP,CLMLP,4090.68,4090.68,4090.68,4090.68,0.0,1.5347
2025-11-14,Capital Link MLP,CLMLP,4101.06,4101.06,4101.06,4101.06,0.0,0.2537
2025-11-17,Capital Link MLP,CLMLP,4154.23,4154.23,4154.23,4154.23,0.0,1.2965
2025-11-18,Capital Link MLP,CLMLP,4132.14,4132.14,4132.14,4132.14,0.0,-0.5317
2025-11-19,Capital Link MLP,CLMLP,4139.43,4139.43,4139.43,4139.43,0.0,0.1764
2025-11-20,Capital Link MLP,CLMLP,4090.83,4090.83,4090.83,4090.83,0.0,-1.1741
2025-11-21,Capital Link MLP,CLMLP,4069.68,4069.68,4069.68,4069.68,0.0,-0.517
2025-11-24,Capital Link MLP,CLMLP,4113.56,4113.56,4113.56,4113.56,0.0,1.0782
2025-11-25,Capital Link MLP,CLMLP,4109.5,4109.5,4109.5,4109.5,0.0,-0.0987
2025-11-26,Capital Link MLP,CLMLP,4145.36,4145.36,4145.36,4145.36,0.0,0.8726
2025-11-28,Capital Link MLP,CLMLP,4237.4,4237.4,4237.4,4237.4,0.0,2.2203
2025-12-01,Capital Link MLP,CLMLP,4204.19,4204.19,4204.19,4204.19,0.0,-0.7837
2025-12-02,Capital Link MLP,CLMLP,4235.47,4235.47,4235.47,4235.47,0.0,0.744
2025-12-03,Capital Link MLP,CLMLP,4349.87,4349.87,4349.87,4349.87,0.0,2.701
2025-12-04,Capital Link MLP,CLMLP,4322.56,4322.56,4322.56,4322.56,0.0,-0.6278
2025-12-05,Capital Link MLP,CLMLP,4346.75,4346.75,4346.75,4346.75,0.0,0.5596
2025-12-08,Capital Link MLP,CLMLP,4264.28,4264.28,4264.28,4264.28,0.0,-1.8973
2025-12-09,Capital Link MLP,CLMLP,4131.72,4131.72,4131.72,4131.72,0.0,-3.1086
2025-12-10,Capital Link MLP,CLMLP,4050.32,4050.32,4050.32,4050.32,0.0,-1.9701
2025-12-11,Capital Link MLP,CLMLP,3974.87,3974.87,3974.87,3974.87,0.0,-1.8628
2025-12-12,Capital Link MLP,CLMLP,3928.64,3928.64,3928.64,3928.64,0.0,-1.1631
2025-12-15,Capital Link MLP,CLMLP,3881.18,3881.18,3881.18,3881.18,0.0,-1.2081
2025-12-16,Capital Link MLP,CLMLP,3862.76,3862.76,3862.76,3862.76,0.0,-0.4746
2025-12-17,Capital Link MLP,CLMLP,3870.15,3870.15,3870.15,3870.15,0.0,0.1913
2025-12-18,Capital Link MLP,CLMLP,3828.7,3828.7,3828.7,3828.7,0.0,-1.071
2025-12-19,Capital Link MLP,CLMLP,3841.53,3841.53,3841.53,3841.53,0.0,0.3351
2025-12-22,Capital Link MLP,CLMLP,3889.32,3889.32,3889.32,3889.32,0.0,1.244
2025-12-23,Capital Link MLP,CLMLP,3953.99,3953.99,3953.99,3953.99,0.0,1.6628
2025-12-24,Capital Link MLP,CLMLP,3945.32,3945.32,3945.32,3945.32,0.0,-0.2193
2025-12-26,Capital Link MLP,CLMLP,3996.07,3996.07,3996.07,3996.07,0.0,1.2863
2025-12-29,Capital Link MLP,CLMLP,4051.97,4051.97,4051.97,4051.97,0.0,1.3989
2025-12-30,Capital Link MLP,CLMLP,4039.49,4039.49,4039.49,4039.49,0.0,-0.308
2025-12-31,Capital Link MLP,CLMLP,4045.87,4045.87,4045.87,4045.87,0.0,0.1579
2026-01-02,Capital Link MLP,CLMLP,3971.55,3971.55,3971.55,3971.55,0.0,-1.8369
2026-01-05,Capital Link MLP,CLMLP,3944.13,3944.13,3944.13,3944.13,0.0,-0.6904
2026-01-06,Capital Link MLP,CLMLP,4085.75,4085.75,4085.75,4085.75,0.0,3.5907
2026-01-07,Capital Link MLP,CLMLP,4280.88,4280.88,4280.88,4280.88,0.0,4.7759
2026-01-08,Capital Link MLP,CLMLP,4375.29,4375.29,4375.29,4375.29,0.0,2.2054
2026-01-09,Capital Link MLP,CLMLP,4342.25,4342.25,4342.25,4342.25,0.0,-0.7551
2026-01-12,Capital Link MLP,CLMLP,4316.53,4316.53,4316.53,4316.53,0.0,-0.5923
2026-01-13,Capital Link MLP,CLMLP,4365.31,4365.31,4365.31,4365.31,0.0,1.1301
2026-01-14,Capital Link MLP,CLMLP,4422.6,4422.6,4422.6,4422.6,0.0,1.3124
2026-01-15,Capital Link MLP,CLMLP,4426.24,4426.24,4426.24,4426.24,0.0,0.0823
2026-01-16,Capital Link MLP,CLMLP,4331.62,4331.62,4331.62,4331.62,0.0,-2.1377
2026-01-20,Capital Link MLP,CLMLP,4351.45,4351.45,4351.45,4351.45,0.0,0.4578
2026-01-21,Capital Link MLP,CLMLP,4426.01,4426.01,4426.01,4426.01,0.0,1.7135
2026-01-22,Capital Link MLP,CLMLP,4392.38,4392.38,4392.38,4392.38,0.0,-0.7598
2026-01-23,Capital Link MLP,CLMLP,4452.67,4452.67,4452.67,4452.67,0.0,1.3726
2026-01-26,Capital Link MLP,CLMLP,4518.31,4518.31,4518.31,4518.31,0.0,1.4742
2026-01-27,Capital Link MLP,CLMLP,4619.47,4619.47,4619.47,4619.47,0.0,2.2389
2026-01-28,Capital Link MLP,CLMLP,4638.01,4638.01,4638.01,4638.01,0.0,0.4013
2026-01-29,Capital Link MLP,CLMLP,4700.01,4700.01,4700.01,4700.01,0.0,1.3368
2026-01-30,Capital Link MLP,CLMLP,4700.23,4700.23,4700.23,4700.23,0.0,0.0047
2026-02-02,Capital Link MLP,CLMLP,4683.53,4683.53,4683.53,4683.53,0.0,-0.3553
2026-02-03,Capital Link MLP,CLMLP,4785.29,4785.29,4785.29,4785.29,0.0,2.1727
2026-02-04,Capital Link MLP,CLMLP,4691.73,4691.73,4691.73,4691.73,0.0,-1.9552
2026-02-05,Capital Link MLP,CLMLP,4629.31,4629.31,4629.31,4629.31,0.0,-1.3304
2026-02-06,Capital Link MLP,CLMLP,4730.09,4730.09,4730.09,4730.09,0.0,2.177
2026-02-09,Capital Link MLP,CLMLP,4868.27,4868.27,4868.27,4868.27,0.0,2.9213
2026-02-10,Capital Link MLP,CLMLP,4872.94,4872.94,4872.94,4872.94,0.0,0.0959
2026-02-11,Capital Link MLP,CLMLP,4935.85,4935.85,4935.85,4935.85,0.0,1.291
2026-02-12,Capital Link MLP,CLMLP,4787.97,4787.97,4787.97,4787.97,0.0,-2.996
2026-02-13,Capital Link MLP,CLMLP,4883.11,4883.11,4883.11,4883.11,0.0,1.9871
2026-02-17,Capital Link MLP,CLMLP,4931.37,4931.37,4931.37,4931.37,0.0,0.9883
2026-02-18,Capital Link MLP,CLMLP,5092.38,5092.38,5092.38,5092.38,0.0,3.265
2026-02-19,Capital Link MLP,CLMLP,5278.26,5278.26,5278.26,5278.26,0.0,3.6502
2026-02-20,Capital Link MLP,CLMLP,5446.77,5446.77,5446.77,5446.77,0.0,3.1925
2026-02-23,Capital Link MLP,CLMLP,5469.65,5469.65,5469.65,5469.65,0.0,0.4201
2026-02-24,Capital Link MLP,CLMLP,5504.09,5504.09,5504.09,5504.09,0.0,0.6297
2026-02-25,Capital Link MLP,CLMLP,5467.32,5467.32,5467.32,5467.32,0.0,-0.668
2026-02-26,Capital Link MLP,CLMLP,5542.13,5542.13,5542.13,5542.13,0.0,1.3683
2026-02-27,Capital Link MLP,CLMLP,5799.53,5799.53,5799.53,5799.53,0.0,4.6444
2026-03-02,Capital Link MLP,CLMLP,5861.45,5861.45,5861.45,5861.45,0.0,1.0677
2026-03-03,Capital Link MLP,CLMLP,5735.89,5735.89,5735.89,5735.89,0.0,-2.1421
2026-03-04,Capital Link MLP,CLMLP,5757.32,5757.32,5757.32,5757.32,0.0,0.3736
2026-03-05,Capital Link MLP,CLMLP,5549.2,5549.2,5549.2,5549.2,0.0,-3.6149
2026-03-06,Capital Link MLP,CLMLP,5316.46,5316.46,5316.46,5316.46,0.0,-4.1941
2026-03-09,Capital Link MLP,CLMLP,5333.45,5333.45,5333.45,5333.45,0.0,0.3196
2026-03-10,Capital Link MLP,CLMLP,5239.77,5239.77,5239.77,5239.77,0.0,-1.7565
2026-03-11,Capital Link MLP,CLMLP,5004.42,5004.42,5004.42,5004.42,0.0,-4.4916
2026-03-12,Capital Link MLP,CLMLP,4735.35,4735.35,4735.35,4735.35,0.0,-5.3766
2026-03-13,Capital Link MLP,CLMLP,4635.58,4635.58,4635.58,4635.58,0.0,-2.1069
2026-03-16,Capital Link MLP,CLMLP,4907.44,4907.44,4907.44,4907.44,0.0,5.8646
2026-03-17,Capital Link MLP,CLMLP,5154.86,5154.86,5154.86,5154.86,0.0,5.0417
2026-03-18,Capital Link MLP,CLMLP,5372.5,5372.5,5372.5,5372.5,0.0,4.222
2026-03-19,Capital Link MLP,CLMLP,5349.2,5349.2,5349.2,5349.2,0.0,-0.4337
2026-03-20,Capital Link MLP,CLMLP,5136.24,5136.24,5136.24,5136.24,0.0,-3.9812
2026-03-23,Capital Link MLP,CLMLP,5256.4,5256.4,5256.4,5256.4,0.0,2.3395
2026-03-24,Capital Link MLP,CLMLP,5437.48,5437.48,5437.48,5437.48,0.0,3.4449
2026-03-25,Capital Link MLP,CLMLP,5348.33,5348.33,5348.33,5348.33,0.0,-1.6395
2026-03-26,Capital Link MLP,CLMLP,5317.17,5317.17,5317.17,5317.17,0.0,-0.5826
2026-03-27,Capital Link MLP,CLMLP,5226.49,5226.49,5226.49,5226.49,0.0,-1.7054
2026-03-30,Capital Link MLP,CLMLP,5098.88,5098.88,5098.88,5098.88,0.0,-2.4416
2026-03-31,Capital Link MLP,CLMLP,5363.67,5363.67,5363.67,5363.67,0.0,5.1931
2026-04-01,Capital Link MLP,CLMLP,5416.65,5416.65,5416.65,5416.65,0.0,0.9878
2026-04-02,Capital Link MLP,CLMLP,5561.74,5561.74,5561.74,5561.74,0.0,2.6786
2026-04-06,Capital Link MLP,CLMLP,5708.05,5708.05,5708.05,5708.05,0.0,2.6307
2026-04-07,Capital Link MLP,CLMLP,5548.59,5548.59,5548.59,5548.59,0.0,-2.7936
2026-04-08,Capital Link MLP,CLMLP,5782.4,5782.4,5782.4,5782.4,0.0,4.2139
2026-04-09,Capital Link MLP,CLMLP,5676.48,5676.48,5676.48,5676.48,0.0,-1.8318
2026-04-10,Capital Link MLP,CLMLP,5598.02,5598.02,5598.02,5598.02,0.0,-1.3822
2026-04-13,Capital Link MLP,CLMLP,5616.57,5616.57,5616.57,5616.57,0.0,0.3314
2026-04-14,Capital Link MLP,CLMLP,5588.78,5588.78,5588.78,5588.78,0.0,-0.4948
2026-04-15,Capital Link MLP,CLMLP,5597.7,5597.7,5597.7,5597.7,0.0,0.1596
2026-04-16,Capital Link MLP,CLMLP,5582.49,5582.49,5582.49,5582.49,0.0,-0.2717
2026-04-17,Capital Link MLP,CLMLP,5637.22,5637.22,5637.22,5637.22,0.0,0.9804
2026-04-20,Capital Link MLP,CLMLP,5653.76,5653.76,5653.76,5653.76,0.0,0.2934
2026-04-21,Capital Link MLP,CLMLP,5524.53,5524.53,5524.53,5524.53,0.0,-2.2857
2026-04-22,Capital Link MLP,CLMLP,5638.67,5638.67,5638.67,5638.67,0.0,2.0661
2026-04-23,Capital Link MLP,CLMLP,5615.26,5615.26,5615.26,5615.26,0.0,-0.4152
2026-04-24,Capital Link MLP,CLMLP,5649.79,5649.79,5649.79,5649.79,0.0,0.6149
2026-04-27,Capital Link MLP,CLMLP,5849.99,5849.99,5849.99,5849.99,0.0,3.5435
2026-04-28,Capital Link MLP,CLMLP,5799.43,5799.43,5799.43,5799.43,0.0,-0.8643
2026-04-29,Capital Link MLP,CLMLP,5708.94,5708.94,5708.94,5708.94,0.0,-1.5603
2026-04-30,Capital Link MLP,CLMLP,5793.67,5793.67,5793.67,5793.67,0.0,1.4842
2026-05-01,Capital Link MLP,CLMLP,5752.22,5752.22,5752.22,5752.22,0.0,-0.7154
2026-05-04,Capital Link MLP,CLMLP,5703.88,5703.88,5703.88,5703.88,0.0,-0.8404
2026-05-05,Capital Link MLP,CLMLP,6119.89,6119.89,6119.89,6119.89,0.0,7.2935
2026-05-06,Capital Link MLP,CLMLP,5931.37,5931.37,5931.37,5931.37,0.0,-3.0804
2026-05-07,Capital Link MLP,CLMLP,5766.3,5766.3,5766.3,5766.3,0.0,-2.783
2026-05-08,Capital Link MLP,CLMLP,6012.68,6012.68,6012.68,6012.68,0.0,4.2728
2026-05-11,Capital Link MLP,CLMLP,5923.83,5923.83,5923.83,5923.83,0.0,-1.4777
2026-05-12,Capital Link MLP,CLMLP,5913.01,5913.01,5913.01,5913.01,0.0,-0.1827
2026-05-13,Capital Link MLP,CLMLP,5755.04,5755.04,5755.04,5755.04,0.0,-2.6716
2026-05-14,Capital Link MLP,CLMLP,5728.39,5728.39,5728.39,5728.39,0.0,-0.4631
2026-05-15,Capital Link MLP,CLMLP,5747.54,5747.54,5747.54,5747.54,0.0,0.3343
2026-05-18,Capital Link MLP,CLMLP,5799.91,5799.91,5799.91,5799.91,0.0,0.9112
2026-05-19,Capital Link MLP,CLMLP,5997.79,5997.79,5997.79,5997.79,0.0,3.4118
2026-05-20,Capital Link MLP,CLMLP,6065.21,6065.21,6065.21,6065.21,0.0,1.1241
2026-05-21,Capital Link MLP,CLMLP,6022.66,6022.66,6022.66,6022.66,0.0,-0.7015
2026-05-22,Capital Link MLP,CLMLP,5988.34,5988.34,5988.34,5988.34,0.0,-0.5698
2026-05-26,Capital Link MLP,CLMLP,5922.12,5922.12,5922.12,5922.12,0.0,-1.1058
2026-05-27,Capital Link MLP,CLMLP,5735.75,5735.75,5735.75,5735.75,0.0,-3.147
2026-05-28,Capital Link MLP,CLMLP,5589.47,5589.47,5589.47,5589.47,0.0,-2.5503
2026-05-29,Capital Link MLP,CLMLP,5525.48,5525.48,5525.48,5525.48,0.0,-1.1448
2026-06-01,Capital Link MLP,CLMLP,5914.33,5914.33,5914.33,5914.33,0.0,7.0374
2026-06-02,Capital Link MLP,CLMLP,5961.22,5961.22,5961.22,5961.22,0.0,0.7928
2026-06-03,Capital Link MLP,CLMLP,5919.75,5919.75,5919.75,5919.75,0.0,-0.6957
2026-06-04,Capital Link MLP,CLMLP,5915.12,5915.12,5915.12,5915.12,0.0,-0.0782
2026-06-05,Capital Link MLP,CLMLP,5934.13,5934.13,5934.13,5934.13,0.0,0.3214
2026-06-08,Capital Link MLP,CLMLP,5882.44,5882.44,5882.44,5882.44,0.0,-0.8711
2026-06-09,Capital Link MLP,CLMLP,5968.64,5968.64,5968.64,5968.64,0.0,1.4654
2026-06-10,Capital Link MLP,CLMLP,5995.74,5995.74,5995.74,5995.74,0.0,0.454
2026-06-11,Capital Link MLP,CLMLP,6084.91,6084.91,6084.91,6084.91,0.0,1.4872
2026-06-12,Capital Link MLP,CLMLP,6261.3,6261.3,6261.3,6261.3,0.0,2.8988
2026-06-15,Capital Link MLP,CLMLP,6205.12,6205.12,6205.12,6205.12,0.0,-0.8973
2026-06-16,Capital Link MLP,CLMLP,6178.73,6178.73,6178.73,6178.73,0.0,-0.4253
2026-06-17,Capital Link MLP,CLMLP,6053.15,6053.15,6053.15,6053.15,0.0,-2.0325
2026-06-18,Capital Link MLP,CLMLP,5863.62,5863.62,5863.62,5863.62,0.0,-3.1311
2026-06-22,Capital Link MLP,CLMLP,5977.1,5977.1,5977.1,5977.1,0.0,1.9353
2026-06-23,Capital Link MLP,CLMLP,6044.54,6044.54,6044.54,6044.54,0.0,1.1283
2026-06-24,Capital Link MLP,CLMLP,5946.29,5946.29,5946.29,5946.29,0.0,-1.6254
2026-06-25,Capital Link MLP,CLMLP,5828.07,5828.07,5828.07,5828.07,0.0,-1.9881
2026-06-26,Capital Link MLP,CLMLP,5753.74,5753.74,5753.74,5753.74,0.0,-1.2754
2026-06-29,Capital Link MLP,CLMLP,5796.14,5796.14,5796.14,5796.14,0.0,0.7369
2026-06-30,Capital Link MLP,CLMLP,5851.1,5851.1,5851.1,5851.1,0.0,0.9482
2026-07-01,Capital Link MLP,CLMLP,5934.65,5934.65,5934.65,5934.65,0.0,1.4279
2026-07-02,Capital Link MLP,CLMLP,6066.79,6066.79,6066.79,6066.79,0.0,2.2266
2026-07-06,Capital Link MLP,CLMLP,6268.57,6268.57,6268.57,6268.57,0.0,3.326
2026-07-07,Capital Link MLP,CLMLP,6308.26,6308.26,6308.26,6308.26,0.0,0.6332
2026-07-08,Capital Link MLP,CLMLP,6327.28,6327.28,6327.28,6327.28,0.0,0.3015
2026-07-09,Capital Link MLP,CLMLP,6156.43,6156.43,6156.43,6156.43,0.0,-2.7002
2026-07-10,Capital Link MLP,CLMLP,6316.01,6316.01,6316.01,6316.01,0.0,2.5921
2026-07-13,Capital Link MLP,CLMLP,6302.9,6302.9,6302.9,6302.9,0.0,-0.2076
2026-07-14,Capital Link MLP,CLMLP,6229.12,6229.12,6229.12,6229.12,0.0,-1.1706
2026-07-15,Capital Link MLP,CLMLP,6257.78,6257.78,6257.78,6257.78,0.0,0.4601
2026-07-16,Capital Link MLP,CLMLP,6214.86,6214.86,6214.86,6214.86,0.0,-0.6859
2026-07-17,Capital Link MLP,CLMLP,5990.81,5990.81,5990.81,5990.81,0.0,-3.6051
2026-07-20,Capital Link MLP,CLMLP,6060.4,6060.4,6060.4,6060.4,0.0,1.1616
2026-07-21,Capital Link MLP,CLMLP,6207.62,6207.62,6207.62,6207.62,0.0,2.4292
2026-07-22,Capital Link MLP,CLMLP,6179.77,6179.77,6179.77,6179.77,0.0,-0.4486
2026-07-23,Capital Link MLP,CLMLP,6398.89,6398.89,6398.89,6398.89,0.0,3.5458
2026-07-24,Capital Link MLP,CLMLP,6620.51,6620.51,6620.51,6620.51,0.0,3.4634
2026-07-27,Capital Link MLP,CLMLP,6566.18,6566.18,6566.18,6566.18,0.0,-0.8206
2026-07-28,Capital Link MLP,CLMLP,6669.66,6669.66,6669.66,6669.66,0.0,1.576
2026-07-29,Capital Link MLP,CLMLP,6596.92,6596.92,6596.92,6596.92,0.0,-1.0906
2026-07-30,Capital Link MLP,CLMLP,6688.72,6688.72,6688.72,6688.72,0.0,1.3916
2026-07-31,Capital Link MLP,CLMLP,6814.6,6814.6,6814.6,6814.6,0.0,1.882
2026-08-03,Capital Link MLP,CLMLP,6838.55,6838.55,6838.55,6838.55,0.0,0.3515
2026-08-04,Capital Link MLP,CLMLP,6608.13,6608.13,6608.13,6608.13,0.0,-3.3694
2026-08-05,Capital Link MLP,CLMLP,6583.87,6583.87,6583.87,6583.87,0.0,-0.3671
2026-08-06,Capital Link MLP,CLMLP,6657.98,6657.98,6657.98,6657.98,0.0,1.1256
2026-08-07,Capital Link MLP,CLMLP,6656.76,6656.76,6656.76,6656.76,0.0,-0.0183
2026-08-10,Capital Link MLP,CLMLP,6633.3,6633.3,6633.3,6633.3,0.0,-0.3524
2026-08-11,Capital Link MLP,CLMLP,6576.11,6576.11,6576.11,6576.11,0.0,-0.8622
2026-08-12,Capital Link MLP,CLMLP,6688.33,6688.33,6688.33,6688.33,0.0,1.7065
2026-08-13,Capital Link MLP,CLMLP,6847.38,6847.38,6847.38,6847.38,0.0,2.378
2026-08-14,Capital Link MLP,CLMLP,6906.49,6906.49,6906.49,6906.49,0.0,0.8632
2026-08-17,Capital Link MLP,CLMLP,6976.57,6976.57,6976.57,6976.57,0.0,1.0147
2026-08-18,Capital Link MLP,CLMLP,6995.88,6995.88,6995.88,6995.88,0.0,0.2768
2026-08-19,Capital Link MLP,CLMLP,7068.59,7068.59,7068.59,7068.59,0.0,1.0393
2026-08-20,Capital Link MLP,CLMLP,7221.64,7221.64,7221.64,7221.64,0.0,2.1652
2026-08-21,Capital Link MLP,CLMLP,7534.52,7534.52,7534.52,7534.52,0.0,4.3325
2026-08-24,Capital Link MLP,CLMLP,7641.88,7641.88,7641.88,7641.88,0.0,1.4249
2026-08-25,Capital Link MLP,CLMLP,7753.92,7753.92,7753.92,7753.92,0.0,1.4661
2026-08-26,Capital Link MLP,CLMLP,7315.96,7315.96,7315.96,7315.96,0.0,-5.6482
2026-08-27,Capital Link MLP,CLMLP,7496.75,7496.75,7496.75,7496.75,0.0,2.4712
2026-08-28,Capital Link MLP,CLMLP,7437.56,7437.56,7437.56,7437.56,0.0,-0.7895
2026-08-31,Capital Link MLP,CLMLP,7488.2,7488.2,7488.2,7488.2,0.0,0.6809
2026-09-01,Capital Link MLP,CLMLP,7559.44,7559.44,7559.44,7559.44,0.0,0.9514
2026-09-02,Capital Link MLP,CLMLP,7770.85,7770.85,7770.85,7770.85,0.0,2.7966
2026-09-03,Capital Link MLP,CLMLP,7776.2,7776.2,7776.2,7776.2,0.0,0.0688
2026-09-04,Capital Link MLP,CLMLP,7855.32,7855.32,7855.32,7855.32,0.0,0.0
