date,index_name,index_code,close,open,high,low,volume,change_pct
2005-01-03,Capital Link Drybulk,CLDBI,2261.0,2261.0,2261.0,2261.0,0.0,0.0
2005-01-04,Capital Link Drybulk,CLDBI,2190.0,2190.0,2190.0,2190.0,0.0,-3.14
2005-01-05,Capital Link Drybulk,CLDBI,2165.0,2165.0,2165.0,2165.0,0.0,-1.14
2005-01-06,Capital Link Drybulk,CLDBI,2260.0,2260.0,2260.0,2260.0,0.0,4.39
2005-01-07,Capital Link Drybulk,CLDBI,2222.4,2222.4,2222.4,2222.4,0.0,-1.66
2005-01-10,Capital Link Drybulk,CLDBI,2065.0,2065.0,2065.0,2065.0,0.0,-7.08
2005-01-11,Capital Link Drybulk,CLDBI,1985.0,1985.0,1985.0,1985.0,0.0,-3.87
2005-01-12,Capital Link Drybulk,CLDBI,2075.0,2075.0,2075.0,2075.0,0.0,4.53
2005-01-13,Capital Link Drybulk,CLDBI,2330.0,2330.0,2330.0,2330.0,0.0,12.29
2005-01-14,Capital Link Drybulk,CLDBI,2489.0,2489.0,2489.0,2489.0,0.0,6.82
2005-01-18,Capital Link Drybulk,CLDBI,2414.0,2414.0,2414.0,2414.0,0.0,-3.01
2005-01-19,Capital Link Drybulk,CLDBI,2331.0,2331.0,2331.0,2331.0,0.0,-3.44
2005-01-20,Capital Link Drybulk,CLDBI,2265.0,2265.0,2265.0,2265.0,0.0,-2.83
2005-01-21,Capital Link Drybulk,CLDBI,2301.0,2301.0,2301.0,2301.0,0.0,1.59
2005-01-24,Capital Link Drybulk,CLDBI,2226.0,2226.0,2226.0,2226.0,0.0,-3.26
2005-01-25,Capital Link Drybulk,CLDBI,2129.0,2129.0,2129.0,2129.0,0.0,-4.36
2005-01-26,Capital Link Drybulk,CLDBI,2255.0,2255.0,2255.0,2255.0,0.0,5.92
2005-01-27,Capital Link Drybulk,CLDBI,2527.0,2527.0,2527.0,2527.0,0.0,12.06
2005-01-28,Capital Link Drybulk,CLDBI,2500.0,2500.0,2500.0,2500.0,0.0,-1.07
2005-01-31,Capital Link Drybulk,CLDBI,2700.0,2700.0,2700.0,2700.0,0.0,8.0
2005-02-01,Capital Link Drybulk,CLDBI,2760.0,2760.0,2760.0,2760.0,0.0,2.22
2005-02-02,Capital Link Drybulk,CLDBI,2710.0,2710.0,2710.0,2710.0,0.0,-1.81
2005-02-03,Capital Link Drybulk,CLDBI,2707.0,2707.0,2707.0,2707.0,0.0,-0.11
2005-02-04,Capital Link Drybulk,CLDBI,2274.73,2274.73,2274.73,2274.73,0.0,-15.97
2005-02-07,Capital Link Drybulk,CLDBI,2219.37,2219.37,2219.37,2219.37,0.0,-2.43
2005-02-08,Capital Link Drybulk,CLDBI,2189.73,2189.73,2189.73,2189.73,0.0,-1.34
2005-02-09,Capital Link Drybulk,CLDBI,2119.04,2119.04,2119.04,2119.04,0.0,-3.23
2005-02-10,Capital Link Drybulk,CLDBI,2158.67,2158.67,2158.67,2158.67,0.0,1.87
2005-02-11,Capital Link Drybulk,CLDBI,1804.89,1804.89,1804.89,1804.89,0.0,-16.39
2005-02-14,Capital Link Drybulk,CLDBI,1776.89,1776.89,1776.89,1776.89,0.0,-1.55
2005-02-15,Capital Link Drybulk,CLDBI,1817.41,1817.41,1817.41,1817.41,0.0,2.28
2005-02-16,Capital Link Drybulk,CLDBI,1808.99,1808.99,1808.99,1808.99,0.0,-0.46
2005-02-17,Capital Link Drybulk,CLDBI,1819.5,1819.5,1819.5,1819.5,0.0,0.58
2005-02-18,Capital Link Drybulk,CLDBI,1840.21,1840.21,1840.21,1840.21,0.0,1.14
2005-02-22,Capital Link Drybulk,CLDBI,1823.05,1823.05,1823.05,1823.05,0.0,-0.93
2005-02-23,Capital Link Drybulk,CLDBI,1871.97,1871.97,1871.97,1871.97,0.0,2.68
2005-02-24,Capital Link Drybulk,CLDBI,1991.57,1991.57,1991.57,1991.57,0.0,6.39
2005-02-25,Capital Link Drybulk,CLDBI,2028.06,2028.06,2028.06,2028.06,0.0,1.83
2005-02-28,Capital Link Drybulk,CLDBI,1994.62,1994.62,1994.62,1994.62,0.0,-1.65
2005-03-01,Capital Link Drybulk,CLDBI,1987.69,1987.69,1987.69,1987.69,0.0,-0.35
2005-03-02,Capital Link Drybulk,CLDBI,1957.42,1957.42,1957.42,1957.42,0.0,-1.52
2005-03-03,Capital Link Drybulk,CLDBI,1935.06,1935.06,1935.06,1935.06,0.0,-1.14
2005-03-04,Capital Link Drybulk,CLDBI,2004.18,2004.18,2004.18,2004.18,0.0,3.57
2005-03-07,Capital Link Drybulk,CLDBI,2019.69,2019.69,2019.69,2019.69,0.0,0.77
2005-03-08,Capital Link Drybulk,CLDBI,1857.09,1857.09,1857.09,1857.09,0.0,-8.05
2005-03-09,Capital Link Drybulk,CLDBI,1822.83,1822.83,1822.83,1822.83,0.0,-1.84
2005-03-10,Capital Link Drybulk,CLDBI,1724.43,1724.43,1724.43,1724.43,0.0,-5.4
2005-03-11,Capital Link Drybulk,CLDBI,1760.22,1760.22,1760.22,1760.22,0.0,2.08
2005-03-14,Capital Link Drybulk,CLDBI,1768.25,1768.25,1768.25,1768.25,0.0,0.46
2005-03-15,Capital Link Drybulk,CLDBI,1760.08,1760.08,1760.08,1760.08,0.0,-0.46
2005-03-16,Capital Link Drybulk,CLDBI,1725.37,1725.37,1725.37,1725.37,0.0,-1.97
2005-03-17,Capital Link Drybulk,CLDBI,1755.09,1755.09,1755.09,1755.09,0.0,1.72
2005-03-18,Capital Link Drybulk,CLDBI,1747.36,1747.36,1747.36,1747.36,0.0,-0.44
2005-03-21,Capital Link Drybulk,CLDBI,1746.85,1746.85,1746.85,1746.85,0.0,-0.03
2005-03-22,Capital Link Drybulk,CLDBI,1762.32,1762.32,1762.32,1762.32,0.0,0.89
2005-03-23,Capital Link Drybulk,CLDBI,1744.49,1744.49,1744.49,1744.49,0.0,-1.01
2005-03-24,Capital Link Drybulk,CLDBI,1732.96,1732.96,1732.96,1732.96,0.0,-0.66
2005-03-28,Capital Link Drybulk,CLDBI,1701.34,1701.34,1701.34,1701.34,0.0,-1.82
2005-03-29,Capital Link Drybulk,CLDBI,1564.94,1564.94,1564.94,1564.94,0.0,-8.02
2005-03-30,Capital Link Drybulk,CLDBI,1619.01,1619.01,1619.01,1619.01,0.0,3.46
2005-03-31,Capital Link Drybulk,CLDBI,1637.96,1637.96,1637.96,1637.96,0.0,1.17
2005-04-01,Capital Link Drybulk,CLDBI,1637.08,1637.08,1637.08,1637.08,0.0,-0.05
2005-04-04,Capital Link Drybulk,CLDBI,1610.9,1610.9,1610.9,1610.9,0.0,-1.6
2005-04-05,Capital Link Drybulk,CLDBI,1609.31,1609.31,1609.31,1609.31,0.0,-0.1
2005-04-06,Capital Link Drybulk,CLDBI,1616.87,1616.87,1616.87,1616.87,0.0,0.47
2005-04-07,Capital Link Drybulk,CLDBI,1614.09,1614.09,1614.09,1614.09,0.0,-0.17
2005-04-08,Capital Link Drybulk,CLDBI,1597.29,1597.29,1597.29,1597.29,0.0,-1.04
2005-04-11,Capital Link Drybulk,CLDBI,1548.41,1548.41,1548.41,1548.41,0.0,-3.06
2005-04-12,Capital Link Drybulk,CLDBI,1527.32,1527.32,1527.32,1527.32,0.0,-1.36
2005-04-13,Capital Link Drybulk,CLDBI,1514.04,1514.04,1514.04,1514.04,0.0,-0.87
2005-04-14,Capital Link Drybulk,CLDBI,1504.35,1504.35,1504.35,1504.35,0.0,-0.64
2005-04-15,Capital Link Drybulk,CLDBI,1451.68,1451.68,1451.68,1451.68,0.0,-3.5
2005-04-18,Capital Link Drybulk,CLDBI,1435.59,1435.59,1435.59,1435.59,0.0,-1.11
2005-04-19,Capital Link Drybulk,CLDBI,1489.01,1489.01,1489.01,1489.01,0.0,3.72
2005-04-20,Capital Link Drybulk,CLDBI,1498.94,1498.94,1498.94,1498.94,0.0,0.67
2005-04-21,Capital Link Drybulk,CLDBI,1516.85,1516.85,1516.85,1516.85,0.0,1.19
2005-04-22,Capital Link Drybulk,CLDBI,1505.2,1505.2,1505.2,1505.2,0.0,-0.77
2005-04-25,Capital Link Drybulk,CLDBI,1515.26,1515.26,1515.26,1515.26,0.0,0.67
2005-04-26,Capital Link Drybulk,CLDBI,1495.1,1495.1,1495.1,1495.1,0.0,-1.33
2005-04-27,Capital Link Drybulk,CLDBI,1459.67,1459.67,1459.67,1459.67,0.0,-2.37
2005-04-28,Capital Link Drybulk,CLDBI,1362.99,1362.99,1362.99,1362.99,0.0,-6.62
2005-04-29,Capital Link Drybulk,CLDBI,1353.54,1353.54,1353.54,1353.54,0.0,-0.69
2005-05-02,Capital Link Drybulk,CLDBI,1287.69,1287.69,1287.69,1287.69,0.0,-4.87
2005-05-03,Capital Link Drybulk,CLDBI,1322.35,1322.35,1322.35,1322.35,0.0,2.69
2005-05-04,Capital Link Drybulk,CLDBI,1365.58,1365.58,1365.58,1365.58,0.0,3.27
2005-05-05,Capital Link Drybulk,CLDBI,1427.41,1427.41,1427.41,1427.41,0.0,4.53
2005-05-06,Capital Link Drybulk,CLDBI,1448.37,1448.37,1448.37,1448.37,0.0,1.47
2005-05-09,Capital Link Drybulk,CLDBI,1478.19,1478.19,1478.19,1478.19,0.0,2.06
2005-05-10,Capital Link Drybulk,CLDBI,1505.49,1505.49,1505.49,1505.49,0.0,1.85
2005-05-11,Capital Link Drybulk,CLDBI,1457.39,1457.39,1457.39,1457.39,0.0,-3.19
2005-05-12,Capital Link Drybulk,CLDBI,1400.97,1400.97,1400.97,1400.97,0.0,-3.87
2005-05-13,Capital Link Drybulk,CLDBI,1370.38,1370.38,1370.38,1370.38,0.0,-2.18
2005-05-16,Capital Link Drybulk,CLDBI,1369.81,1369.81,1369.81,1369.81,0.0,-0.04
2005-05-17,Capital Link Drybulk,CLDBI,1400.31,1400.31,1400.31,1400.31,0.0,2.23
2005-05-18,Capital Link Drybulk,CLDBI,1413.62,1413.62,1413.62,1413.62,0.0,0.95
2005-05-19,Capital Link Drybulk,CLDBI,1439.63,1439.63,1439.63,1439.63,0.0,1.84
2005-05-20,Capital Link Drybulk,CLDBI,1478.22,1478.22,1478.22,1478.22,0.0,2.68
2005-05-23,Capital Link Drybulk,CLDBI,1504.96,1504.96,1504.96,1504.96,0.0,1.81
2005-05-24,Capital Link Drybulk,CLDBI,1518.6,1518.6,1518.6,1518.6,0.0,0.91
2005-05-25,Capital Link Drybulk,CLDBI,1537.8,1537.8,1537.8,1537.8,0.0,1.26
2005-05-26,Capital Link Drybulk,CLDBI,1535.54,1535.54,1535.54,1535.54,0.0,-0.15
2005-05-27,Capital Link Drybulk,CLDBI,1534.4,1534.4,1534.4,1534.4,0.0,-0.07
2005-05-31,Capital Link Drybulk,CLDBI,1531.51,1531.51,1531.51,1531.51,0.0,-0.19
2005-06-01,Capital Link Drybulk,CLDBI,1511.51,1511.51,1511.51,1511.51,0.0,-1.31
2005-06-02,Capital Link Drybulk,CLDBI,1525.43,1525.43,1525.43,1525.43,0.0,0.92
2005-06-03,Capital Link Drybulk,CLDBI,1529.41,1529.41,1529.41,1529.41,0.0,0.26
2005-06-06,Capital Link Drybulk,CLDBI,1522.85,1522.85,1522.85,1522.85,0.0,-0.43
2005-06-07,Capital Link Drybulk,CLDBI,1488.15,1488.15,1488.15,1488.15,0.0,-2.28
2005-06-08,Capital Link Drybulk,CLDBI,1433.82,1433.82,1433.82,1433.82,0.0,-3.65
2005-06-09,Capital Link Drybulk,CLDBI,1428.12,1428.12,1428.12,1428.12,0.0,-0.4
2005-06-10,Capital Link Drybulk,CLDBI,1421.98,1421.98,1421.98,1421.98,0.0,-0.43
2005-06-13,Capital Link Drybulk,CLDBI,1387.81,1387.81,1387.81,1387.81,0.0,-2.4
2005-06-14,Capital Link Drybulk,CLDBI,1409.78,1409.78,1409.78,1409.78,0.0,1.58
2005-06-15,Capital Link Drybulk,CLDBI,1413.59,1413.59,1413.59,1413.59,0.0,0.27
2005-06-16,Capital Link Drybulk,CLDBI,1442.2,1442.2,1442.2,1442.2,0.0,2.02
2005-06-17,Capital Link Drybulk,CLDBI,1456.37,1456.37,1456.37,1456.37,0.0,0.98
2005-06-20,Capital Link Drybulk,CLDBI,1426.47,1426.47,1426.47,1426.47,0.0,-2.05
2005-06-21,Capital Link Drybulk,CLDBI,1417.35,1417.35,1417.35,1417.35,0.0,-0.64
2005-06-22,Capital Link Drybulk,CLDBI,1487.43,1487.43,1487.43,1487.43,0.0,4.94
2005-06-23,Capital Link Drybulk,CLDBI,1461.82,1461.82,1461.82,1461.82,0.0,-1.72
2005-06-24,Capital Link Drybulk,CLDBI,1358.45,1358.45,1358.45,1358.45,0.0,-7.07
2005-06-27,Capital Link Drybulk,CLDBI,1353.0,1353.0,1353.0,1353.0,0.0,-0.4
2005-06-28,Capital Link Drybulk,CLDBI,1359.17,1359.17,1359.17,1359.17,0.0,0.46
2005-06-29,Capital Link Drybulk,CLDBI,1351.05,1351.05,1351.05,1351.05,0.0,-0.6
2005-06-30,Capital Link Drybulk,CLDBI,1348.08,1348.08,1348.08,1348.08,0.0,-0.22
2005-07-01,Capital Link Drybulk,CLDBI,1335.85,1335.85,1335.85,1335.85,0.0,-0.91
2005-07-05,Capital Link Drybulk,CLDBI,1347.87,1347.87,1347.87,1347.87,0.0,0.9
2005-07-06,Capital Link Drybulk,CLDBI,1330.82,1330.82,1330.82,1330.82,0.0,-1.26
2005-07-07,Capital Link Drybulk,CLDBI,1322.04,1322.04,1322.04,1322.04,0.0,-0.66
2005-07-08,Capital Link Drybulk,CLDBI,1316.29,1316.29,1316.29,1316.29,0.0,-0.43
2005-07-11,Capital Link Drybulk,CLDBI,1296.51,1296.51,1296.51,1296.51,0.0,-1.5
2005-07-12,Capital Link Drybulk,CLDBI,1292.03,1292.03,1292.03,1292.03,0.0,-0.35
2005-07-13,Capital Link Drybulk,CLDBI,1281.75,1281.75,1281.75,1281.75,0.0,-0.8
2005-07-14,Capital Link Drybulk,CLDBI,1291.55,1291.55,1291.55,1291.55,0.0,0.76
2005-07-15,Capital Link Drybulk,CLDBI,1296.01,1296.01,1296.01,1296.01,0.0,0.35
2005-07-18,Capital Link Drybulk,CLDBI,1274.37,1274.37,1274.37,1274.37,0.0,-1.67
2005-07-19,Capital Link Drybulk,CLDBI,1268.95,1268.95,1268.95,1268.95,0.0,-0.43
2005-07-20,Capital Link Drybulk,CLDBI,1283.55,1283.55,1283.55,1283.55,0.0,1.15
2005-07-21,Capital Link Drybulk,CLDBI,1299.08,1299.08,1299.08,1299.08,0.0,1.21
2005-07-22,Capital Link Drybulk,CLDBI,1284.13,1284.13,1284.13,1284.13,0.0,-1.15
2005-07-25,Capital Link Drybulk,CLDBI,1236.98,1236.98,1236.98,1236.98,0.0,-3.67
2005-07-26,Capital Link Drybulk,CLDBI,1361.54,1361.54,1361.54,1361.54,0.0,10.07
2005-07-27,Capital Link Drybulk,CLDBI,1335.96,1335.96,1335.96,1335.96,0.0,-1.88
2005-07-28,Capital Link Drybulk,CLDBI,1313.39,1313.39,1313.39,1313.39,0.0,-1.69
2005-07-29,Capital Link Drybulk,CLDBI,1321.74,1321.74,1321.74,1321.74,0.0,0.64
2005-08-01,Capital Link Drybulk,CLDBI,1308.84,1308.84,1308.84,1308.84,0.0,-0.98
2005-08-02,Capital Link Drybulk,CLDBI,1316.19,1316.19,1316.19,1316.19,0.0,0.56
2005-08-03,Capital Link Drybulk,CLDBI,1364.67,1364.67,1364.67,1364.67,0.0,3.68
2005-08-04,Capital Link Drybulk,CLDBI,1399.31,1399.31,1399.31,1399.31,0.0,2.54
2005-08-05,Capital Link Drybulk,CLDBI,1415.47,1415.47,1415.47,1415.47,0.0,1.15
2005-08-08,Capital Link Drybulk,CLDBI,1415.83,1415.83,1415.83,1415.83,0.0,0.03
2005-08-09,Capital Link Drybulk,CLDBI,1403.31,1403.31,1403.31,1403.31,0.0,-0.88
2005-08-10,Capital Link Drybulk,CLDBI,1424.86,1424.86,1424.86,1424.86,0.0,1.54
2005-08-11,Capital Link Drybulk,CLDBI,1438.59,1438.59,1438.59,1438.59,0.0,0.96
2005-08-12,Capital Link Drybulk,CLDBI,1433.53,1433.53,1433.53,1433.53,0.0,-0.35
2005-08-15,Capital Link Drybulk,CLDBI,1425.6,1425.6,1425.6,1425.6,0.0,-0.55
2005-08-16,Capital Link Drybulk,CLDBI,1420.37,1420.37,1420.37,1420.37,0.0,-0.37
2005-08-17,Capital Link Drybulk,CLDBI,1449.36,1449.36,1449.36,1449.36,0.0,2.04
2005-08-18,Capital Link Drybulk,CLDBI,1438.75,1438.75,1438.75,1438.75,0.0,-0.73
2005-08-19,Capital Link Drybulk,CLDBI,1429.6,1429.6,1429.6,1429.6,0.0,-0.64
2005-08-22,Capital Link Drybulk,CLDBI,1432.31,1432.31,1432.31,1432.31,0.0,0.19
2005-08-23,Capital Link Drybulk,CLDBI,1430.09,1430.09,1430.09,1430.09,0.0,-0.15
2005-08-24,Capital Link Drybulk,CLDBI,1424.73,1424.73,1424.73,1424.73,0.0,-0.37
2005-08-25,Capital Link Drybulk,CLDBI,1407.22,1407.22,1407.22,1407.22,0.0,-1.23
2005-08-26,Capital Link Drybulk,CLDBI,1404.87,1404.87,1404.87,1404.87,0.0,-0.17
2005-08-29,Capital Link Drybulk,CLDBI,1420.17,1420.17,1420.17,1420.17,0.0,1.09
2005-08-30,Capital Link Drybulk,CLDBI,1408.2,1408.2,1408.2,1408.2,0.0,-0.84
2005-08-31,Capital Link Drybulk,CLDBI,1427.4,1427.4,1427.4,1427.4,0.0,1.36
2005-09-01,Capital Link Drybulk,CLDBI,1439.07,1439.07,1439.07,1439.07,0.0,0.82
2005-09-02,Capital Link Drybulk,CLDBI,1428.98,1428.98,1428.98,1428.98,0.0,-0.7
2005-09-06,Capital Link Drybulk,CLDBI,1434.92,1434.92,1434.92,1434.92,0.0,0.42
2005-09-07,Capital Link Drybulk,CLDBI,1450.36,1450.36,1450.36,1450.36,0.0,1.08
2005-09-08,Capital Link Drybulk,CLDBI,1457.08,1457.08,1457.08,1457.08,0.0,0.46
2005-09-09,Capital Link Drybulk,CLDBI,1459.01,1459.01,1459.01,1459.01,0.0,0.13
2005-09-12,Capital Link Drybulk,CLDBI,1483.09,1483.09,1483.09,1483.09,0.0,1.65
2005-09-13,Capital Link Drybulk,CLDBI,1481.64,1481.64,1481.64,1481.64,0.0,-0.1
2005-09-14,Capital Link Drybulk,CLDBI,1477.94,1477.94,1477.94,1477.94,0.0,-0.25
2005-09-15,Capital Link Drybulk,CLDBI,1484.49,1484.49,1484.49,1484.49,0.0,0.44
2005-09-16,Capital Link Drybulk,CLDBI,1469.7,1469.7,1469.7,1469.7,0.0,-1.0
2005-09-19,Capital Link Drybulk,CLDBI,1486.06,1486.06,1486.06,1486.06,0.0,1.11
2005-09-20,Capital Link Drybulk,CLDBI,1503.88,1503.88,1503.88,1503.88,0.0,1.2
2005-09-21,Capital Link Drybulk,CLDBI,1499.41,1499.41,1499.41,1499.41,0.0,-0.3
2005-09-22,Capital Link Drybulk,CLDBI,1498.62,1498.62,1498.62,1498.62,0.0,-0.05
2005-09-23,Capital Link Drybulk,CLDBI,1513.84,1513.84,1513.84,1513.84,0.0,1.02
2005-09-26,Capital Link Drybulk,CLDBI,1520.72,1520.72,1520.72,1520.72,0.0,0.45
2005-09-27,Capital Link Drybulk,CLDBI,1527.2,1527.2,1527.2,1527.2,0.0,0.43
2005-09-28,Capital Link Drybulk,CLDBI,1519.88,1519.88,1519.88,1519.88,0.0,-0.48
2005-09-29,Capital Link Drybulk,CLDBI,1528.81,1528.81,1528.81,1528.81,0.0,0.59
2005-09-30,Capital Link Drybulk,CLDBI,1528.3,1528.3,1528.3,1528.3,0.0,-0.03
2005-10-03,Capital Link Drybulk,CLDBI,1539.21,1539.21,1539.21,1539.21,0.0,0.71
2005-10-04,Capital Link Drybulk,CLDBI,1520.99,1520.99,1520.99,1520.99,0.0,-1.18
2005-10-05,Capital Link Drybulk,CLDBI,1484.79,1484.79,1484.79,1484.79,0.0,-2.38
2005-10-06,Capital Link Drybulk,CLDBI,1464.34,1464.34,1464.34,1464.34,0.0,-1.38
2005-10-07,Capital Link Drybulk,CLDBI,1483.43,1483.43,1483.43,1483.43,0.0,1.3
2005-10-10,Capital Link Drybulk,CLDBI,1513.34,1513.34,1513.34,1513.34,0.0,2.02
2005-10-11,Capital Link Drybulk,CLDBI,1538.88,1538.88,1538.88,1538.88,0.0,1.69
2005-10-12,Capital Link Drybulk,CLDBI,1502.72,1502.72,1502.72,1502.72,0.0,-2.35
2005-10-13,Capital Link Drybulk,CLDBI,1461.9,1461.9,1461.9,1461.9,0.0,-2.72
2005-10-14,Capital Link Drybulk,CLDBI,1472.86,1472.86,1472.86,1472.86,0.0,0.75
2005-10-17,Capital Link Drybulk,CLDBI,1488.17,1488.17,1488.17,1488.17,0.0,1.04
2005-10-18,Capital Link Drybulk,CLDBI,1456.74,1456.74,1456.74,1456.74,0.0,-2.11
2005-10-19,Capital Link Drybulk,CLDBI,1449.91,1449.91,1449.91,1449.91,0.0,-0.47
2005-10-20,Capital Link Drybulk,CLDBI,1436.49,1436.49,1436.49,1436.49,0.0,-0.93
2005-10-21,Capital Link Drybulk,CLDBI,1420.25,1420.25,1420.25,1420.25,0.0,-1.13
2005-10-24,Capital Link Drybulk,CLDBI,1432.96,1432.96,1432.96,1432.96,0.0,0.89
2005-10-25,Capital Link Drybulk,CLDBI,1426.82,1426.82,1426.82,1426.82,0.0,-0.43
2005-10-26,Capital Link Drybulk,CLDBI,1426.22,1426.22,1426.22,1426.22,0.0,-0.04
2005-10-27,Capital Link Drybulk,CLDBI,1394.31,1394.31,1394.31,1394.31,0.0,-2.24
2005-10-28,Capital Link Drybulk,CLDBI,1380.5,1380.5,1380.5,1380.5,0.0,-0.99
2005-10-31,Capital Link Drybulk,CLDBI,1386.86,1386.86,1386.86,1386.86,0.0,0.46
2005-11-01,Capital Link Drybulk,CLDBI,1385.46,1385.46,1385.46,1385.46,0.0,-0.1
2005-11-02,Capital Link Drybulk,CLDBI,1386.25,1386.25,1386.25,1386.25,0.0,0.06
2005-11-03,Capital Link Drybulk,CLDBI,1389.47,1389.47,1389.47,1389.47,0.0,0.23
2005-11-04,Capital Link Drybulk,CLDBI,1385.53,1385.53,1385.53,1385.53,0.0,-0.28
2005-11-07,Capital Link Drybulk,CLDBI,1406.0,1406.0,1406.0,1406.0,0.0,1.48
2005-11-08,Capital Link Drybulk,CLDBI,1416.05,1416.05,1416.05,1416.05,0.0,0.71
2005-11-09,Capital Link Drybulk,CLDBI,1406.83,1406.83,1406.83,1406.83,0.0,-0.65
2005-11-10,Capital Link Drybulk,CLDBI,1397.63,1397.63,1397.63,1397.63,0.0,-0.65
2005-11-11,Capital Link Drybulk,CLDBI,1383.93,1383.93,1383.93,1383.93,0.0,-0.98
2005-11-14,Capital Link Drybulk,CLDBI,1364.87,1364.87,1364.87,1364.87,0.0,-1.38
2005-11-15,Capital Link Drybulk,CLDBI,1353.34,1353.34,1353.34,1353.34,0.0,-0.84
2005-11-16,Capital Link Drybulk,CLDBI,1329.36,1329.36,1329.36,1329.36,0.0,-1.77
2005-11-17,Capital Link Drybulk,CLDBI,1304.73,1304.73,1304.73,1304.73,0.0,-1.85
2005-11-18,Capital Link Drybulk,CLDBI,1306.51,1306.51,1306.51,1306.51,0.0,0.14
2005-11-21,Capital Link Drybulk,CLDBI,1289.04,1289.04,1289.04,1289.04,0.0,-1.34
2005-11-22,Capital Link Drybulk,CLDBI,1299.94,1299.94,1299.94,1299.94,0.0,0.85
2005-11-23,Capital Link Drybulk,CLDBI,1287.03,1287.03,1287.03,1287.03,0.0,-0.99
2005-11-25,Capital Link Drybulk,CLDBI,1296.08,1296.08,1296.08,1296.08,0.0,0.7
2005-11-28,Capital Link Drybulk,CLDBI,1281.79,1281.79,1281.79,1281.79,0.0,-1.1
2005-11-29,Capital Link Drybulk,CLDBI,1297.49,1297.49,1297.49,1297.49,0.0,1.22
2005-11-30,Capital Link Drybulk,CLDBI,1311.75,1311.75,1311.75,1311.75,0.0,1.1
2005-12-01,Capital Link Drybulk,CLDBI,1342.46,1342.46,1342.46,1342.46,0.0,2.34
2005-12-02,Capital Link Drybulk,CLDBI,1338.69,1338.69,1338.69,1338.69,0.0,-0.28
2005-12-05,Capital Link Drybulk,CLDBI,1334.02,1334.02,1334.02,1334.02,0.0,-0.35
2005-12-06,Capital Link Drybulk,CLDBI,1315.51,1315.51,1315.51,1315.51,0.0,-1.39
2005-12-07,Capital Link Drybulk,CLDBI,1289.5,1289.5,1289.5,1289.5,0.0,-1.98
2005-12-08,Capital Link Drybulk,CLDBI,1280.22,1280.22,1280.22,1280.22,0.0,-0.72
2005-12-09,Capital Link Drybulk,CLDBI,1263.14,1263.14,1263.14,1263.14,0.0,-1.33
2005-12-12,Capital Link Drybulk,CLDBI,1253.27,1253.27,1253.27,1253.27,0.0,-0.78
2005-12-13,Capital Link Drybulk,CLDBI,1265.51,1265.51,1265.51,1265.51,0.0,0.98
2005-12-14,Capital Link Drybulk,CLDBI,1262.09,1262.09,1262.09,1262.09,0.0,-0.27
2005-12-15,Capital Link Drybulk,CLDBI,1279.16,1279.16,1279.16,1279.16,0.0,1.35
2005-12-16,Capital Link Drybulk,CLDBI,1271.52,1271.52,1271.52,1271.52,0.0,-0.6
2005-12-19,Capital Link Drybulk,CLDBI,1253.8,1253.8,1253.8,1253.8,0.0,-1.39
2005-12-20,Capital Link Drybulk,CLDBI,1250.2,1250.2,1250.2,1250.2,0.0,-0.29
2005-12-21,Capital Link Drybulk,CLDBI,1267.98,1267.98,1267.98,1267.98,0.0,1.42
2005-12-22,Capital Link Drybulk,CLDBI,1255.7,1255.7,1255.7,1255.7,0.0,-0.97
2005-12-23,Capital Link Drybulk,CLDBI,1235.12,1235.12,1235.12,1235.12,0.0,-1.64
2005-12-27,Capital Link Drybulk,CLDBI,1235.65,1235.65,1235.65,1235.65,0.0,0.04
2005-12-28,Capital Link Drybulk,CLDBI,1236.51,1236.51,1236.51,1236.51,0.0,0.07
2005-12-29,Capital Link Drybulk,CLDBI,1262.04,1262.04,1262.04,1262.04,0.0,2.06
2005-12-30,Capital Link Drybulk,CLDBI,1269.42,1269.42,1269.42,1269.42,0.0,0.58
2006-01-03,Capital Link Drybulk,CLDBI,1276.61,1276.61,1276.61,1276.61,0.0,0.57
2006-01-04,Capital Link Drybulk,CLDBI,1286.81,1286.81,1286.81,1286.81,0.0,0.8
2006-01-05,Capital Link Drybulk,CLDBI,1298.11,1298.11,1298.11,1298.11,0.0,0.88
2006-01-06,Capital Link Drybulk,CLDBI,1308.21,1308.21,1308.21,1308.21,0.0,0.78
2006-01-09,Capital Link Drybulk,CLDBI,1302.82,1302.82,1302.82,1302.82,0.0,-0.41
2006-01-10,Capital Link Drybulk,CLDBI,1293.04,1293.04,1293.04,1293.04,0.0,-0.75
2006-01-11,Capital Link Drybulk,CLDBI,1287.34,1287.34,1287.34,1287.34,0.0,-0.44
2006-01-12,Capital Link Drybulk,CLDBI,1221.07,1221.07,1221.07,1221.07,0.0,-5.15
2006-01-13,Capital Link Drybulk,CLDBI,1192.73,1192.73,1192.73,1192.73,0.0,-2.32
2006-01-17,Capital Link Drybulk,CLDBI,1173.43,1173.43,1173.43,1173.43,0.0,-1.62
2006-01-18,Capital Link Drybulk,CLDBI,1165.5,1165.5,1165.5,1165.5,0.0,-0.68
2006-01-19,Capital Link Drybulk,CLDBI,1160.76,1160.76,1160.76,1160.76,0.0,-0.41
2006-01-20,Capital Link Drybulk,CLDBI,1120.33,1120.33,1120.33,1120.33,0.0,-3.48
2006-01-23,Capital Link Drybulk,CLDBI,1100.94,1100.94,1100.94,1100.94,0.0,-1.73
2006-01-24,Capital Link Drybulk,CLDBI,1097.4,1097.4,1097.4,1097.4,0.0,-0.32
2006-01-25,Capital Link Drybulk,CLDBI,1097.63,1097.63,1097.63,1097.63,0.0,0.02
2006-01-26,Capital Link Drybulk,CLDBI,1109.5,1109.5,1109.5,1109.5,0.0,1.08
2006-01-27,Capital Link Drybulk,CLDBI,1115.83,1115.83,1115.83,1115.83,0.0,0.57
2006-01-30,Capital Link Drybulk,CLDBI,1146.81,1146.81,1146.81,1146.81,0.0,2.78
2006-01-31,Capital Link Drybulk,CLDBI,1147.12,1147.12,1147.12,1147.12,0.0,0.03
2006-02-01,Capital Link Drybulk,CLDBI,1157.55,1157.55,1157.55,1157.55,0.0,0.91
2006-02-02,Capital Link Drybulk,CLDBI,1162.76,1162.76,1162.76,1162.76,0.0,0.45
2006-02-03,Capital Link Drybulk,CLDBI,1157.01,1157.01,1157.01,1157.01,0.0,-0.49
2006-02-06,Capital Link Drybulk,CLDBI,1155.18,1155.18,1155.18,1155.18,0.0,-0.16
2006-02-07,Capital Link Drybulk,CLDBI,1144.52,1144.52,1144.52,1144.52,0.0,-0.92
2006-02-08,Capital Link Drybulk,CLDBI,1141.15,1141.15,1141.15,1141.15,0.0,-0.29
2006-02-09,Capital Link Drybulk,CLDBI,1137.2,1137.2,1137.2,1137.2,0.0,-0.35
2006-02-10,Capital Link Drybulk,CLDBI,1138.79,1138.79,1138.79,1138.79,0.0,0.14
2006-02-13,Capital Link Drybulk,CLDBI,1123.83,1123.83,1123.83,1123.83,0.0,-1.31
2006-02-14,Capital Link Drybulk,CLDBI,1112.34,1112.34,1112.34,1112.34,0.0,-1.02
2006-02-15,Capital Link Drybulk,CLDBI,1132.46,1132.46,1132.46,1132.46,0.0,1.81
2006-02-16,Capital Link Drybulk,CLDBI,1150.28,1150.28,1150.28,1150.28,0.0,1.57
2006-02-17,Capital Link Drybulk,CLDBI,1163.68,1163.68,1163.68,1163.68,0.0,1.16
2006-02-21,Capital Link Drybulk,CLDBI,1178.85,1178.85,1178.85,1178.85,0.0,1.3
2006-02-22,Capital Link Drybulk,CLDBI,1156.37,1156.37,1156.37,1156.37,0.0,-1.91
2006-02-23,Capital Link Drybulk,CLDBI,1154.93,1154.93,1154.93,1154.93,0.0,-0.12
2006-02-24,Capital Link Drybulk,CLDBI,1124.29,1124.29,1124.29,1124.29,0.0,-2.65
2006-02-27,Capital Link Drybulk,CLDBI,1143.35,1143.35,1143.35,1143.35,0.0,1.7
2006-02-28,Capital Link Drybulk,CLDBI,1140.4,1140.4,1140.4,1140.4,0.0,-0.26
2006-03-01,Capital Link Drybulk,CLDBI,1129.31,1129.31,1129.31,1129.31,0.0,-0.97
2006-03-02,Capital Link Drybulk,CLDBI,1119.11,1119.11,1119.11,1119.11,0.0,-0.9
2006-03-03,Capital Link Drybulk,CLDBI,1125.11,1125.11,1125.11,1125.11,0.0,0.54
2006-03-06,Capital Link Drybulk,CLDBI,1117.89,1117.89,1117.89,1117.89,0.0,-0.64
2006-03-07,Capital Link Drybulk,CLDBI,1104.4,1104.4,1104.4,1104.4,0.0,-1.21
2006-03-08,Capital Link Drybulk,CLDBI,1090.63,1090.63,1090.63,1090.63,0.0,-1.25
2006-03-09,Capital Link Drybulk,CLDBI,1096.05,1096.05,1096.05,1096.05,0.0,0.5
2006-03-10,Capital Link Drybulk,CLDBI,1102.86,1102.86,1102.86,1102.86,0.0,0.62
2006-03-13,Capital Link Drybulk,CLDBI,1117.77,1117.77,1117.77,1117.77,0.0,1.35
2006-03-14,Capital Link Drybulk,CLDBI,1158.02,1158.02,1158.02,1158.02,0.0,3.6
2006-03-15,Capital Link Drybulk,CLDBI,1154.02,1154.02,1154.02,1154.02,0.0,-0.35
2006-03-16,Capital Link Drybulk,CLDBI,1148.31,1148.31,1148.31,1148.31,0.0,-0.49
2006-03-17,Capital Link Drybulk,CLDBI,1142.52,1142.52,1142.52,1142.52,0.0,-0.5
2006-03-20,Capital Link Drybulk,CLDBI,1139.81,1139.81,1139.81,1139.81,0.0,-0.24
2006-03-21,Capital Link Drybulk,CLDBI,1136.09,1136.09,1136.09,1136.09,0.0,-0.33
2006-03-22,Capital Link Drybulk,CLDBI,1140.21,1140.21,1140.21,1140.21,0.0,0.36
2006-03-23,Capital Link Drybulk,CLDBI,1158.11,1158.11,1158.11,1158.11,0.0,1.57
2006-03-24,Capital Link Drybulk,CLDBI,1161.19,1161.19,1161.19,1161.19,0.0,0.27
2006-03-27,Capital Link Drybulk,CLDBI,1161.26,1161.26,1161.26,1161.26,0.0,0.01
2006-03-28,Capital Link Drybulk,CLDBI,1170.14,1170.14,1170.14,1170.14,0.0,0.76
2006-03-29,Capital Link Drybulk,CLDBI,1174.27,1174.27,1174.27,1174.27,0.0,0.35
2006-03-30,Capital Link Drybulk,CLDBI,1154.69,1154.69,1154.69,1154.69,0.0,-1.67
2006-03-31,Capital Link Drybulk,CLDBI,1159.15,1159.15,1159.15,1159.15,0.0,0.39
2006-04-03,Capital Link Drybulk,CLDBI,1157.28,1157.28,1157.28,1157.28,0.0,-0.16
2006-04-04,Capital Link Drybulk,CLDBI,1143.78,1143.78,1143.78,1143.78,0.0,-1.17
2006-04-05,Capital Link Drybulk,CLDBI,1159.23,1159.23,1159.23,1159.23,0.0,1.35
2006-04-06,Capital Link Drybulk,CLDBI,1155.52,1155.52,1155.52,1155.52,0.0,-0.32
2006-04-07,Capital Link Drybulk,CLDBI,1146.78,1146.78,1146.78,1146.78,0.0,-0.76
2006-04-10,Capital Link Drybulk,CLDBI,1137.14,1137.14,1137.14,1137.14,0.0,-0.84
2006-04-11,Capital Link Drybulk,CLDBI,1126.75,1126.75,1126.75,1126.75,0.0,-0.91
2006-04-12,Capital Link Drybulk,CLDBI,1120.98,1120.98,1120.98,1120.98,0.0,-0.51
2006-04-13,Capital Link Drybulk,CLDBI,1118.99,1118.99,1118.99,1118.99,0.0,-0.18
2006-04-17,Capital Link Drybulk,CLDBI,1116.25,1116.25,1116.25,1116.25,0.0,-0.24
2006-04-18,Capital Link Drybulk,CLDBI,1136.81,1136.81,1136.81,1136.81,0.0,1.84
2006-04-19,Capital Link Drybulk,CLDBI,1154.44,1154.44,1154.44,1154.44,0.0,1.55
2006-04-20,Capital Link Drybulk,CLDBI,1159.78,1159.78,1159.78,1159.78,0.0,0.46
2006-04-21,Capital Link Drybulk,CLDBI,1150.41,1150.41,1150.41,1150.41,0.0,-0.81
2006-04-24,Capital Link Drybulk,CLDBI,1147.19,1147.19,1147.19,1147.19,0.0,-0.28
2006-04-25,Capital Link Drybulk,CLDBI,1146.9,1146.9,1146.9,1146.9,0.0,-0.03
2006-04-26,Capital Link Drybulk,CLDBI,1143.31,1143.31,1143.31,1143.31,0.0,-0.31
2006-04-27,Capital Link Drybulk,CLDBI,1135.64,1135.64,1135.64,1135.64,0.0,-0.67
2006-04-28,Capital Link Drybulk,CLDBI,1140.76,1140.76,1140.76,1140.76,0.0,0.45
2006-05-01,Capital Link Drybulk,CLDBI,1141.98,1141.98,1141.98,1141.98,0.0,0.11
2006-05-02,Capital Link Drybulk,CLDBI,1149.27,1149.27,1149.27,1149.27,0.0,0.64
2006-05-03,Capital Link Drybulk,CLDBI,1137.54,1137.54,1137.54,1137.54,0.0,-1.02
2006-05-04,Capital Link Drybulk,CLDBI,1139.71,1139.71,1139.71,1139.71,0.0,0.19
2006-05-05,Capital Link Drybulk,CLDBI,1155.94,1155.94,1155.94,1155.94,0.0,1.42
2006-05-08,Capital Link Drybulk,CLDBI,1173.18,1173.18,1173.18,1173.18,0.0,1.49
2006-05-09,Capital Link Drybulk,CLDBI,1167.05,1167.05,1167.05,1167.05,0.0,-0.52
2006-05-10,Capital Link Drybulk,CLDBI,1161.84,1161.84,1161.84,1161.84,0.0,-0.45
2006-05-11,Capital Link Drybulk,CLDBI,1143.5,1143.5,1143.5,1143.5,0.0,-1.58
2006-05-12,Capital Link Drybulk,CLDBI,1127.85,1127.85,1127.85,1127.85,0.0,-1.37
2006-05-15,Capital Link Drybulk,CLDBI,1112.66,1112.66,1112.66,1112.66,0.0,-1.35
2006-05-16,Capital Link Drybulk,CLDBI,1094.55,1094.55,1094.55,1094.55,0.0,-1.63
2006-05-17,Capital Link Drybulk,CLDBI,1083.07,1083.07,1083.07,1083.07,0.0,-1.05
2006-05-18,Capital Link Drybulk,CLDBI,1077.3,1077.3,1077.3,1077.3,0.0,-0.53
2006-05-19,Capital Link Drybulk,CLDBI,1072.92,1072.92,1072.92,1072.92,0.0,-0.41
2006-05-22,Capital Link Drybulk,CLDBI,1072.18,1072.18,1072.18,1072.18,0.0,-0.07
2006-05-23,Capital Link Drybulk,CLDBI,1087.63,1087.63,1087.63,1087.63,0.0,1.44
2006-05-24,Capital Link Drybulk,CLDBI,1088.9,1088.9,1088.9,1088.9,0.0,0.12
2006-05-25,Capital Link Drybulk,CLDBI,1089.0,1089.0,1089.0,1089.0,0.0,0.01
2006-05-26,Capital Link Drybulk,CLDBI,1100.51,1100.51,1100.51,1100.51,0.0,1.06
2006-05-30,Capital Link Drybulk,CLDBI,1081.79,1081.79,1081.79,1081.79,0.0,-1.7
2006-05-31,Capital Link Drybulk,CLDBI,1089.64,1089.64,1089.64,1089.64,0.0,0.73
2006-06-01,Capital Link Drybulk,CLDBI,1090.88,1090.88,1090.88,1090.88,0.0,0.11
2006-06-02,Capital Link Drybulk,CLDBI,1113.24,1113.24,1113.24,1113.24,0.0,2.05
2006-06-05,Capital Link Drybulk,CLDBI,1089.9,1089.9,1089.9,1089.9,0.0,-2.1
2006-06-06,Capital Link Drybulk,CLDBI,1078.65,1078.65,1078.65,1078.65,0.0,-1.03
2006-06-07,Capital Link Drybulk,CLDBI,1063.85,1063.85,1063.85,1063.85,0.0,-1.37
2006-06-08,Capital Link Drybulk,CLDBI,1045.96,1045.96,1045.96,1045.96,0.0,-1.68
2006-06-09,Capital Link Drybulk,CLDBI,1062.51,1062.51,1062.51,1062.51,0.0,1.58
2006-06-12,Capital Link Drybulk,CLDBI,1057.61,1057.61,1057.61,1057.61,0.0,-0.46
2006-06-13,Capital Link Drybulk,CLDBI,1042.92,1042.92,1042.92,1042.92,0.0,-1.39
2006-06-14,Capital Link Drybulk,CLDBI,1046.75,1046.75,1046.75,1046.75,0.0,0.37
2006-06-15,Capital Link Drybulk,CLDBI,1077.61,1077.61,1077.61,1077.61,0.0,2.95
2006-06-16,Capital Link Drybulk,CLDBI,1073.32,1073.32,1073.32,1073.32,0.0,-0.4
2006-06-19,Capital Link Drybulk,CLDBI,1069.87,1069.87,1069.87,1069.87,0.0,-0.32
2006-06-20,Capital Link Drybulk,CLDBI,1079.43,1079.43,1079.43,1079.43,0.0,0.89
2006-06-21,Capital Link Drybulk,CLDBI,1095.79,1095.79,1095.79,1095.79,0.0,1.52
2006-06-22,Capital Link Drybulk,CLDBI,1099.51,1099.51,1099.51,1099.51,0.0,0.34
2006-06-23,Capital Link Drybulk,CLDBI,1100.47,1100.47,1100.47,1100.47,0.0,0.09
2006-06-26,Capital Link Drybulk,CLDBI,1116.56,1116.56,1116.56,1116.56,0.0,1.46
2006-06-27,Capital Link Drybulk,CLDBI,1118.85,1118.85,1118.85,1118.85,0.0,0.21
2006-06-28,Capital Link Drybulk,CLDBI,1147.1,1147.1,1147.1,1147.1,0.0,2.52
2006-06-29,Capital Link Drybulk,CLDBI,1148.54,1148.54,1148.54,1148.54,0.0,0.13
2006-06-30,Capital Link Drybulk,CLDBI,1149.01,1149.01,1149.01,1149.01,0.0,0.04
2006-07-03,Capital Link Drybulk,CLDBI,1157.88,1157.88,1157.88,1157.88,0.0,0.77
2006-07-05,Capital Link Drybulk,CLDBI,1158.04,1158.04,1158.04,1158.04,0.0,0.01
2006-07-06,Capital Link Drybulk,CLDBI,1185.53,1185.53,1185.53,1185.53,0.0,2.37
2006-07-07,Capital Link Drybulk,CLDBI,1210.78,1210.78,1210.78,1210.78,0.0,2.13
2006-07-10,Capital Link Drybulk,CLDBI,1220.22,1220.22,1220.22,1220.22,0.0,0.78
2006-07-11,Capital Link Drybulk,CLDBI,1223.73,1223.73,1223.73,1223.73,0.0,0.29
2006-07-12,Capital Link Drybulk,CLDBI,1228.7,1228.7,1228.7,1228.7,0.0,0.41
2006-07-13,Capital Link Drybulk,CLDBI,1206.54,1206.54,1206.54,1206.54,0.0,-1.8
2006-07-14,Capital Link Drybulk,CLDBI,1202.37,1202.37,1202.37,1202.37,0.0,-0.35
2006-07-17,Capital Link Drybulk,CLDBI,1200.1,1200.1,1200.1,1200.1,0.0,-0.19
2006-07-18,Capital Link Drybulk,CLDBI,1217.96,1217.96,1217.96,1217.96,0.0,1.49
2006-07-19,Capital Link Drybulk,CLDBI,1241.09,1241.09,1241.09,1241.09,0.0,1.9
2006-07-20,Capital Link Drybulk,CLDBI,1245.34,1245.34,1245.34,1245.34,0.0,0.34
2006-07-21,Capital Link Drybulk,CLDBI,1247.23,1247.23,1247.23,1247.23,0.0,0.15
2006-07-24,Capital Link Drybulk,CLDBI,1284.52,1284.52,1284.52,1284.52,0.0,2.99
2006-07-25,Capital Link Drybulk,CLDBI,1276.49,1276.49,1276.49,1276.49,0.0,-0.63
2006-07-26,Capital Link Drybulk,CLDBI,1237.96,1237.96,1237.96,1237.96,0.0,-3.02
2006-07-27,Capital Link Drybulk,CLDBI,1219.35,1219.35,1219.35,1219.35,0.0,-1.5
2006-07-28,Capital Link Drybulk,CLDBI,1209.26,1209.26,1209.26,1209.26,0.0,-0.83
2006-07-31,Capital Link Drybulk,CLDBI,1217.39,1217.39,1217.39,1217.39,0.0,0.67
2006-08-01,Capital Link Drybulk,CLDBI,1232.75,1232.75,1232.75,1232.75,0.0,1.26
2006-08-02,Capital Link Drybulk,CLDBI,1317.16,1317.16,1317.16,1317.16,0.0,6.85
2006-08-03,Capital Link Drybulk,CLDBI,1334.47,1334.47,1334.47,1334.47,0.0,1.31
2006-08-04,Capital Link Drybulk,CLDBI,1316.25,1316.25,1316.25,1316.25,0.0,-1.37
2006-08-07,Capital Link Drybulk,CLDBI,1324.48,1324.48,1324.48,1324.48,0.0,0.63
2006-08-08,Capital Link Drybulk,CLDBI,1364.4,1364.4,1364.4,1364.4,0.0,3.01
2006-08-09,Capital Link Drybulk,CLDBI,1381.93,1381.93,1381.93,1381.93,0.0,1.28
2006-08-10,Capital Link Drybulk,CLDBI,1392.21,1392.21,1392.21,1392.21,0.0,0.74
2006-08-11,Capital Link Drybulk,CLDBI,1410.77,1410.77,1410.77,1410.77,0.0,1.33
2006-08-14,Capital Link Drybulk,CLDBI,1408.79,1408.79,1408.79,1408.79,0.0,-0.14
2006-08-15,Capital Link Drybulk,CLDBI,1406.68,1406.68,1406.68,1406.68,0.0,-0.15
2006-08-16,Capital Link Drybulk,CLDBI,1409.14,1409.14,1409.14,1409.14,0.0,0.17
2006-08-17,Capital Link Drybulk,CLDBI,1393.1,1393.1,1393.1,1393.1,0.0,-1.14
2006-08-18,Capital Link Drybulk,CLDBI,1349.16,1349.16,1349.16,1349.16,0.0,-3.15
2006-08-21,Capital Link Drybulk,CLDBI,1356.68,1356.68,1356.68,1356.68,0.0,0.56
2006-08-22,Capital Link Drybulk,CLDBI,1383.36,1383.36,1383.36,1383.36,0.0,1.97
2006-08-23,Capital Link Drybulk,CLDBI,1358.21,1358.21,1358.21,1358.21,0.0,-1.82
2006-08-24,Capital Link Drybulk,CLDBI,1326.14,1326.14,1326.14,1326.14,0.0,-2.36
2006-08-25,Capital Link Drybulk,CLDBI,1365.02,1365.02,1365.02,1365.02,0.0,2.93
2006-08-28,Capital Link Drybulk,CLDBI,1373.72,1373.72,1373.72,1373.72,0.0,0.64
2006-08-29,Capital Link Drybulk,CLDBI,1353.69,1353.69,1353.69,1353.69,0.0,-1.46
2006-08-30,Capital Link Drybulk,CLDBI,1359.25,1359.25,1359.25,1359.25,0.0,0.41
2006-08-31,Capital Link Drybulk,CLDBI,1362.74,1362.74,1362.74,1362.74,0.0,0.26
2006-09-01,Capital Link Drybulk,CLDBI,1356.07,1356.07,1356.07,1356.07,0.0,-0.49
2006-09-05,Capital Link Drybulk,CLDBI,1355.11,1355.11,1355.11,1355.11,0.0,-0.07
2006-09-06,Capital Link Drybulk,CLDBI,1317.4,1317.4,1317.4,1317.4,0.0,-2.78
2006-09-07,Capital Link Drybulk,CLDBI,1326.54,1326.54,1326.54,1326.54,0.0,0.69
2006-09-08,Capital Link Drybulk,CLDBI,1315.73,1315.73,1315.73,1315.73,0.0,-0.81
2006-09-11,Capital Link Drybulk,CLDBI,1309.17,1309.17,1309.17,1309.17,0.0,-0.5
2006-09-12,Capital Link Drybulk,CLDBI,1345.87,1345.87,1345.87,1345.87,0.0,2.8
2006-09-13,Capital Link Drybulk,CLDBI,1362.96,1362.96,1362.96,1362.96,0.0,1.27
2006-09-14,Capital Link Drybulk,CLDBI,1353.15,1353.15,1353.15,1353.15,0.0,-0.72
2006-09-15,Capital Link Drybulk,CLDBI,1341.7,1341.7,1341.7,1341.7,0.0,-0.85
2006-09-18,Capital Link Drybulk,CLDBI,1378.08,1378.08,1378.08,1378.08,0.0,2.71
2006-09-19,Capital Link Drybulk,CLDBI,1387.97,1387.97,1387.97,1387.97,0.0,0.72
2006-09-20,Capital Link Drybulk,CLDBI,1378.88,1378.88,1378.88,1378.88,0.0,-0.65
2006-09-21,Capital Link Drybulk,CLDBI,1378.32,1378.32,1378.32,1378.32,0.0,-0.04
2006-09-22,Capital Link Drybulk,CLDBI,1348.61,1348.61,1348.61,1348.61,0.0,-2.16
2006-09-25,Capital Link Drybulk,CLDBI,1348.16,1348.16,1348.16,1348.16,0.0,-0.03
2006-09-26,Capital Link Drybulk,CLDBI,1345.27,1345.27,1345.27,1345.27,0.0,-0.21
2006-09-27,Capital Link Drybulk,CLDBI,1355.93,1355.93,1355.93,1355.93,0.0,0.79
2006-09-28,Capital Link Drybulk,CLDBI,1346.48,1346.48,1346.48,1346.48,0.0,-0.7
2006-09-29,Capital Link Drybulk,CLDBI,1350.95,1350.95,1350.95,1350.95,0.0,0.33
2006-10-02,Capital Link Drybulk,CLDBI,1341.9,1341.9,1341.9,1341.9,0.0,-0.67
2006-10-03,Capital Link Drybulk,CLDBI,1346.3,1346.3,1346.3,1346.3,0.0,0.33
2006-10-04,Capital Link Drybulk,CLDBI,1362.49,1362.49,1362.49,1362.49,0.0,1.2
2006-10-05,Capital Link Drybulk,CLDBI,1385.77,1385.77,1385.77,1385.77,0.0,1.71
2006-10-06,Capital Link Drybulk,CLDBI,1398.52,1398.52,1398.52,1398.52,0.0,0.92
2006-10-09,Capital Link Drybulk,CLDBI,1395.18,1395.18,1395.18,1395.18,0.0,-0.24
2006-10-10,Capital Link Drybulk,CLDBI,1401.92,1401.92,1401.92,1401.92,0.0,0.48
2006-10-11,Capital Link Drybulk,CLDBI,1386.0,1386.0,1386.0,1386.0,0.0,-1.14
2006-10-12,Capital Link Drybulk,CLDBI,1419.61,1419.61,1419.61,1419.61,0.0,2.42
2006-10-13,Capital Link Drybulk,CLDBI,1418.02,1418.02,1418.02,1418.02,0.0,-0.11
2006-10-16,Capital Link Drybulk,CLDBI,1422.61,1422.61,1422.61,1422.61,0.0,0.32
2006-10-17,Capital Link Drybulk,CLDBI,1434.49,1434.49,1434.49,1434.49,0.0,0.84
2006-10-18,Capital Link Drybulk,CLDBI,1428.84,1428.84,1428.84,1428.84,0.0,-0.39
2006-10-19,Capital Link Drybulk,CLDBI,1429.82,1429.82,1429.82,1429.82,0.0,0.07
2006-10-20,Capital Link Drybulk,CLDBI,1427.64,1427.64,1427.64,1427.64,0.0,-0.15
2006-10-23,Capital Link Drybulk,CLDBI,1426.15,1426.15,1426.15,1426.15,0.0,-0.1
2006-10-24,Capital Link Drybulk,CLDBI,1442.08,1442.08,1442.08,1442.08,0.0,1.12
2006-10-25,Capital Link Drybulk,CLDBI,1455.76,1455.76,1455.76,1455.76,0.0,0.95
2006-10-26,Capital Link Drybulk,CLDBI,1441.45,1441.45,1441.45,1441.45,0.0,-0.98
2006-10-27,Capital Link Drybulk,CLDBI,1432.43,1432.43,1432.43,1432.43,0.0,-0.63
2006-10-30,Capital Link Drybulk,CLDBI,1457.47,1457.47,1457.47,1457.47,0.0,1.75
2006-10-31,Capital Link Drybulk,CLDBI,1460.56,1460.56,1460.56,1460.56,0.0,0.21
2006-11-01,Capital Link Drybulk,CLDBI,1452.97,1452.97,1452.97,1452.97,0.0,-0.52
2006-11-02,Capital Link Drybulk,CLDBI,1443.08,1443.08,1443.08,1443.08,0.0,-0.68
2006-11-03,Capital Link Drybulk,CLDBI,1463.82,1463.82,1463.82,1463.82,0.0,1.44
2006-11-06,Capital Link Drybulk,CLDBI,1476.95,1476.95,1476.95,1476.95,0.0,0.9
2006-11-07,Capital Link Drybulk,CLDBI,1488.36,1488.36,1488.36,1488.36,0.0,0.77
2006-11-08,Capital Link Drybulk,CLDBI,1491.08,1491.08,1491.08,1491.08,0.0,0.18
2006-11-09,Capital Link Drybulk,CLDBI,1488.84,1488.84,1488.84,1488.84,0.0,-0.15
2006-11-10,Capital Link Drybulk,CLDBI,1499.11,1499.11,1499.11,1499.11,0.0,0.69
2006-11-13,Capital Link Drybulk,CLDBI,1500.4,1500.4,1500.4,1500.4,0.0,0.09
2006-11-14,Capital Link Drybulk,CLDBI,1479.85,1479.85,1479.85,1479.85,0.0,-1.37
2006-11-15,Capital Link Drybulk,CLDBI,1483.41,1483.41,1483.41,1483.41,0.0,0.24
2006-11-16,Capital Link Drybulk,CLDBI,1472.55,1472.55,1472.55,1472.55,0.0,-0.73
2006-11-17,Capital Link Drybulk,CLDBI,1452.16,1452.16,1452.16,1452.16,0.0,-1.38
2006-11-20,Capital Link Drybulk,CLDBI,1457.26,1457.26,1457.26,1457.26,0.0,0.35
2006-11-21,Capital Link Drybulk,CLDBI,1437.25,1437.25,1437.25,1437.25,0.0,-1.37
2006-11-22,Capital Link Drybulk,CLDBI,1431.96,1431.96,1431.96,1431.96,0.0,-0.37
2006-11-24,Capital Link Drybulk,CLDBI,1447.32,1447.32,1447.32,1447.32,0.0,1.07
2006-11-27,Capital Link Drybulk,CLDBI,1448.84,1448.84,1448.84,1448.84,0.0,0.11
2006-11-28,Capital Link Drybulk,CLDBI,1451.67,1451.67,1451.67,1451.67,0.0,0.2
2006-11-29,Capital Link Drybulk,CLDBI,1460.79,1460.79,1460.79,1460.79,0.0,0.63
2006-11-30,Capital Link Drybulk,CLDBI,1467.78,1467.78,1467.78,1467.78,0.0,0.48
2006-12-01,Capital Link Drybulk,CLDBI,1485.31,1485.31,1485.31,1485.31,0.0,1.19
2006-12-04,Capital Link Drybulk,CLDBI,1526.68,1526.68,1526.68,1526.68,0.0,2.79
2006-12-05,Capital Link Drybulk,CLDBI,1548.0,1548.0,1548.0,1548.0,0.0,1.4
2006-12-06,Capital Link Drybulk,CLDBI,1547.17,1547.17,1547.17,1547.17,0.0,-0.05
2006-12-07,Capital Link Drybulk,CLDBI,1554.33,1554.33,1554.33,1554.33,0.0,0.46
2006-12-08,Capital Link Drybulk,CLDBI,1551.75,1551.75,1551.75,1551.75,0.0,-0.17
2006-12-11,Capital Link Drybulk,CLDBI,1549.29,1549.29,1549.29,1549.29,0.0,-0.16
2006-12-12,Capital Link Drybulk,CLDBI,1525.53,1525.53,1525.53,1525.53,0.0,-1.53
2006-12-13,Capital Link Drybulk,CLDBI,1525.74,1525.74,1525.74,1525.74,0.0,0.01
2006-12-14,Capital Link Drybulk,CLDBI,1530.49,1530.49,1530.49,1530.49,0.0,0.31
2006-12-15,Capital Link Drybulk,CLDBI,1554.38,1554.38,1554.38,1554.38,0.0,1.56
2006-12-18,Capital Link Drybulk,CLDBI,1554.79,1554.79,1554.79,1554.79,0.0,0.03
2006-12-19,Capital Link Drybulk,CLDBI,1566.06,1566.06,1566.06,1566.06,0.0,0.72
2006-12-20,Capital Link Drybulk,CLDBI,1566.67,1566.67,1566.67,1566.67,0.0,0.04
2006-12-21,Capital Link Drybulk,CLDBI,1578.16,1578.16,1578.16,1578.16,0.0,0.73
2006-12-22,Capital Link Drybulk,CLDBI,1587.58,1587.58,1587.58,1587.58,0.0,0.6
2006-12-26,Capital Link Drybulk,CLDBI,1596.88,1596.88,1596.88,1596.88,0.0,0.59
2006-12-27,Capital Link Drybulk,CLDBI,1617.51,1617.51,1617.51,1617.51,0.0,1.29
2006-12-28,Capital Link Drybulk,CLDBI,1630.23,1630.23,1630.23,1630.23,0.0,0.79
2006-12-29,Capital Link Drybulk,CLDBI,1621.8,1621.8,1621.8,1621.8,0.0,-0.52
2007-01-03,Capital Link Drybulk,CLDBI,1638.11,1638.11,1638.11,1638.11,0.0,1.01
2007-01-04,Capital Link Drybulk,CLDBI,1657.91,1657.91,1657.91,1657.91,0.0,1.21
2007-01-05,Capital Link Drybulk,CLDBI,1649.13,1649.13,1649.13,1649.13,0.0,-0.53
2007-01-08,Capital Link Drybulk,CLDBI,1662.56,1662.56,1662.56,1662.56,0.0,0.81
2007-01-09,Capital Link Drybulk,CLDBI,1669.36,1669.36,1669.36,1669.36,0.0,0.41
2007-01-10,Capital Link Drybulk,CLDBI,1669.65,1669.65,1669.65,1669.65,0.0,0.02
2007-01-11,Capital Link Drybulk,CLDBI,1690.95,1690.95,1690.95,1690.95,0.0,1.28
2007-01-12,Capital Link Drybulk,CLDBI,1722.88,1722.88,1722.88,1722.88,0.0,1.89
2007-01-16,Capital Link Drybulk,CLDBI,1727.32,1727.32,1727.32,1727.32,0.0,0.26
2007-01-17,Capital Link Drybulk,CLDBI,1703.16,1703.16,1703.16,1703.16,0.0,-1.4
2007-01-18,Capital Link Drybulk,CLDBI,1701.3,1701.3,1701.3,1701.3,0.0,-0.11
2007-01-19,Capital Link Drybulk,CLDBI,1698.25,1698.25,1698.25,1698.25,0.0,-0.18
2007-01-22,Capital Link Drybulk,CLDBI,1694.59,1694.59,1694.59,1694.59,0.0,-0.22
2007-01-23,Capital Link Drybulk,CLDBI,1710.72,1710.72,1710.72,1710.72,0.0,0.95
2007-01-24,Capital Link Drybulk,CLDBI,1685.91,1685.91,1685.91,1685.91,0.0,-1.45
2007-01-25,Capital Link Drybulk,CLDBI,1696.19,1696.19,1696.19,1696.19,0.0,0.61
2007-01-26,Capital Link Drybulk,CLDBI,1696.9,1696.9,1696.9,1696.9,0.0,0.04
2007-01-29,Capital Link Drybulk,CLDBI,1712.22,1712.22,1712.22,1712.22,0.0,0.9
2007-01-30,Capital Link Drybulk,CLDBI,1702.21,1702.21,1702.21,1702.21,0.0,-0.58
2007-01-31,Capital Link Drybulk,CLDBI,1698.52,1698.52,1698.52,1698.52,0.0,-0.22
2007-02-01,Capital Link Drybulk,CLDBI,1732.16,1732.16,1732.16,1732.16,0.0,1.98
2007-02-02,Capital Link Drybulk,CLDBI,1731.98,1731.98,1731.98,1731.98,0.0,-0.01
2007-02-05,Capital Link Drybulk,CLDBI,1753.19,1753.19,1753.19,1753.19,0.0,1.22
2007-02-06,Capital Link Drybulk,CLDBI,1745.69,1745.69,1745.69,1745.69,0.0,-0.43
2007-02-07,Capital Link Drybulk,CLDBI,1745.37,1745.37,1745.37,1745.37,0.0,-0.02
2007-02-08,Capital Link Drybulk,CLDBI,1738.17,1738.17,1738.17,1738.17,0.0,-0.41
2007-02-09,Capital Link Drybulk,CLDBI,1731.16,1731.16,1731.16,1731.16,0.0,-0.4
2007-02-12,Capital Link Drybulk,CLDBI,1743.42,1743.42,1743.42,1743.42,0.0,0.71
2007-02-13,Capital Link Drybulk,CLDBI,1776.49,1776.49,1776.49,1776.49,0.0,1.9
2007-02-14,Capital Link Drybulk,CLDBI,1790.86,1790.86,1790.86,1790.86,0.0,0.81
2007-02-15,Capital Link Drybulk,CLDBI,1805.96,1805.96,1805.96,1805.96,0.0,0.84
2007-02-16,Capital Link Drybulk,CLDBI,1829.79,1829.79,1829.79,1829.79,0.0,1.32
2007-02-20,Capital Link Drybulk,CLDBI,1871.14,1871.14,1871.14,1871.14,0.0,2.26
2007-02-21,Capital Link Drybulk,CLDBI,1913.85,1913.85,1913.85,1913.85,0.0,2.28
2007-02-22,Capital Link Drybulk,CLDBI,1931.9,1931.9,1931.9,1931.9,0.0,0.94
2007-02-23,Capital Link Drybulk,CLDBI,1939.66,1939.66,1939.66,1939.66,0.0,0.4
2007-02-26,Capital Link Drybulk,CLDBI,1913.62,1913.62,1913.62,1913.62,0.0,-1.34
2007-02-27,Capital Link Drybulk,CLDBI,1769.89,1769.89,1769.89,1769.89,0.0,-7.51
2007-02-28,Capital Link Drybulk,CLDBI,1815.61,1815.61,1815.61,1815.61,0.0,2.58
2007-03-01,Capital Link Drybulk,CLDBI,1830.78,1830.78,1830.78,1830.78,0.0,0.84
2007-03-02,Capital Link Drybulk,CLDBI,1825.72,1825.72,1825.72,1825.72,0.0,-0.28
2007-03-05,Capital Link Drybulk,CLDBI,1787.08,1787.08,1787.08,1787.08,0.0,-2.12
2007-03-06,Capital Link Drybulk,CLDBI,1819.17,1819.17,1819.17,1819.17,0.0,1.8
2007-03-07,Capital Link Drybulk,CLDBI,1840.49,1840.49,1840.49,1840.49,0.0,1.17
2007-03-08,Capital Link Drybulk,CLDBI,1882.96,1882.96,1882.96,1882.96,0.0,2.31
2007-03-09,Capital Link Drybulk,CLDBI,1866.84,1866.84,1866.84,1866.84,0.0,-0.86
2007-03-12,Capital Link Drybulk,CLDBI,1903.11,1903.11,1903.11,1903.11,0.0,1.94
2007-03-13,Capital Link Drybulk,CLDBI,1859.85,1859.85,1859.85,1859.85,0.0,-2.27
2007-03-14,Capital Link Drybulk,CLDBI,1822.83,1822.83,1822.83,1822.83,0.0,-1.99
2007-03-15,Capital Link Drybulk,CLDBI,1827.86,1827.86,1827.86,1827.86,0.0,0.28
2007-03-16,Capital Link Drybulk,CLDBI,1837.02,1837.02,1837.02,1837.02,0.0,0.5
2007-03-19,Capital Link Drybulk,CLDBI,1827.25,1827.25,1827.25,1827.25,0.0,-0.53
2007-03-20,Capital Link Drybulk,CLDBI,1877.41,1877.41,1877.41,1877.41,0.0,2.75
2007-03-21,Capital Link Drybulk,CLDBI,1906.25,1906.25,1906.25,1906.25,0.0,1.54
2007-03-22,Capital Link Drybulk,CLDBI,1941.49,1941.49,1941.49,1941.49,0.0,1.85
2007-03-23,Capital Link Drybulk,CLDBI,1945.27,1945.27,1945.27,1945.27,0.0,0.19
2007-03-26,Capital Link Drybulk,CLDBI,1950.5,1950.5,1950.5,1950.5,0.0,0.27
2007-03-27,Capital Link Drybulk,CLDBI,1919.66,1919.66,1919.66,1919.66,0.0,-1.58
2007-03-28,Capital Link Drybulk,CLDBI,1889.65,1889.65,1889.65,1889.65,0.0,-1.56
2007-03-29,Capital Link Drybulk,CLDBI,1844.05,1844.05,1844.05,1844.05,0.0,-2.41
2007-03-30,Capital Link Drybulk,CLDBI,1863.29,1863.29,1863.29,1863.29,0.0,1.04
2007-04-02,Capital Link Drybulk,CLDBI,1887.14,1887.14,1887.14,1887.14,0.0,1.28
2007-04-03,Capital Link Drybulk,CLDBI,1896.63,1896.63,1896.63,1896.63,0.0,0.5
2007-04-04,Capital Link Drybulk,CLDBI,1921.18,1921.18,1921.18,1921.18,0.0,1.29
2007-04-05,Capital Link Drybulk,CLDBI,1948.78,1948.78,1948.78,1948.78,0.0,1.44
2007-04-09,Capital Link Drybulk,CLDBI,1955.79,1955.79,1955.79,1955.79,0.0,0.36
2007-04-10,Capital Link Drybulk,CLDBI,1951.7,1951.7,1951.7,1951.7,0.0,-0.21
2007-04-11,Capital Link Drybulk,CLDBI,1940.24,1940.24,1940.24,1940.24,0.0,-0.59
2007-04-12,Capital Link Drybulk,CLDBI,1951.32,1951.32,1951.32,1951.32,0.0,0.57
2007-04-13,Capital Link Drybulk,CLDBI,1970.19,1970.19,1970.19,1970.19,0.0,0.97
2007-04-16,Capital Link Drybulk,CLDBI,2024.84,2024.84,2024.84,2024.84,0.0,2.77
2007-04-17,Capital Link Drybulk,CLDBI,2065.7,2065.7,2065.7,2065.7,0.0,2.02
2007-04-18,Capital Link Drybulk,CLDBI,2113.47,2113.47,2113.47,2113.47,0.0,2.31
2007-04-19,Capital Link Drybulk,CLDBI,2126.8,2126.8,2126.8,2126.8,0.0,0.63
2007-04-20,Capital Link Drybulk,CLDBI,2165.79,2165.79,2165.79,2165.79,0.0,1.83
2007-04-23,Capital Link Drybulk,CLDBI,2201.87,2201.87,2201.87,2201.87,0.0,1.67
2007-04-24,Capital Link Drybulk,CLDBI,2160.15,2160.15,2160.15,2160.15,0.0,-1.89
2007-04-25,Capital Link Drybulk,CLDBI,2192.41,2192.41,2192.41,2192.41,0.0,1.49
2007-04-26,Capital Link Drybulk,CLDBI,2213.41,2213.41,2213.41,2213.41,0.0,0.96
2007-04-27,Capital Link Drybulk,CLDBI,2248.97,2248.97,2248.97,2248.97,0.0,1.61
2007-04-30,Capital Link Drybulk,CLDBI,2283.82,2283.82,2283.82,2283.82,0.0,1.55
2007-05-01,Capital Link Drybulk,CLDBI,2243.5,2243.5,2243.5,2243.5,0.0,-1.77
2007-05-02,Capital Link Drybulk,CLDBI,2226.11,2226.11,2226.11,2226.11,0.0,-0.78
2007-05-03,Capital Link Drybulk,CLDBI,2241.24,2241.24,2241.24,2241.24,0.0,0.68
2007-05-04,Capital Link Drybulk,CLDBI,2297.36,2297.36,2297.36,2297.36,0.0,2.5
2007-05-07,Capital Link Drybulk,CLDBI,2397.37,2397.37,2397.37,2397.37,0.0,4.35
2007-05-08,Capital Link Drybulk,CLDBI,2432.83,2432.83,2432.83,2432.83,0.0,1.48
2007-05-09,Capital Link Drybulk,CLDBI,2493.6,2493.6,2493.6,2493.6,0.0,2.5
2007-05-10,Capital Link Drybulk,CLDBI,2480.06,2480.06,2480.06,2480.06,0.0,-0.54
2007-05-11,Capital Link Drybulk,CLDBI,2543.14,2543.14,2543.14,2543.14,0.0,2.54
2007-05-14,Capital Link Drybulk,CLDBI,2544.0,2544.0,2544.0,2544.0,0.0,0.03
2007-05-15,Capital Link Drybulk,CLDBI,2568.24,2568.24,2568.24,2568.24,0.0,0.95
2007-05-16,Capital Link Drybulk,CLDBI,2546.73,2546.73,2546.73,2546.73,0.0,-0.84
2007-05-17,Capital Link Drybulk,CLDBI,2509.49,2509.49,2509.49,2509.49,0.0,-1.46
2007-05-18,Capital Link Drybulk,CLDBI,2381.69,2381.69,2381.69,2381.69,0.0,-5.09
2007-05-21,Capital Link Drybulk,CLDBI,2422.84,2422.84,2422.84,2422.84,0.0,1.73
2007-05-22,Capital Link Drybulk,CLDBI,2442.36,2442.36,2442.36,2442.36,0.0,0.81
2007-05-23,Capital Link Drybulk,CLDBI,2408.62,2408.62,2408.62,2408.62,0.0,-1.38
2007-05-24,Capital Link Drybulk,CLDBI,2316.93,2316.93,2316.93,2316.93,0.0,-3.81
2007-05-25,Capital Link Drybulk,CLDBI,2325.95,2325.95,2325.95,2325.95,0.0,0.39
2007-05-29,Capital Link Drybulk,CLDBI,2411.59,2411.59,2411.59,2411.59,0.0,3.68
2007-05-30,Capital Link Drybulk,CLDBI,2471.54,2471.54,2471.54,2471.54,0.0,2.49
2007-05-31,Capital Link Drybulk,CLDBI,2515.03,2515.03,2515.03,2515.03,0.0,1.76
2007-06-01,Capital Link Drybulk,CLDBI,2528.72,2528.72,2528.72,2528.72,0.0,0.54
2007-06-04,Capital Link Drybulk,CLDBI,2545.49,2545.49,2545.49,2545.49,0.0,0.66
2007-06-05,Capital Link Drybulk,CLDBI,2573.46,2573.46,2573.46,2573.46,0.0,1.1
2007-06-06,Capital Link Drybulk,CLDBI,2532.27,2532.27,2532.27,2532.27,0.0,-1.6
2007-06-07,Capital Link Drybulk,CLDBI,2390.24,2390.24,2390.24,2390.24,0.0,-5.61
2007-06-08,Capital Link Drybulk,CLDBI,2380.21,2380.21,2380.21,2380.21,0.0,-0.42
2007-06-11,Capital Link Drybulk,CLDBI,2369.23,2369.23,2369.23,2369.23,0.0,-0.46
2007-06-12,Capital Link Drybulk,CLDBI,2298.64,2298.64,2298.64,2298.64,0.0,-2.98
2007-06-13,Capital Link Drybulk,CLDBI,2351.98,2351.98,2351.98,2351.98,0.0,2.32
2007-06-14,Capital Link Drybulk,CLDBI,2358.52,2358.52,2358.52,2358.52,0.0,0.28
2007-06-15,Capital Link Drybulk,CLDBI,2407.27,2407.27,2407.27,2407.27,0.0,2.07
2007-06-18,Capital Link Drybulk,CLDBI,2445.62,2445.62,2445.62,2445.62,0.0,1.59
2007-06-19,Capital Link Drybulk,CLDBI,2461.67,2461.67,2461.67,2461.67,0.0,0.66
2007-06-20,Capital Link Drybulk,CLDBI,2455.57,2455.57,2455.57,2455.57,0.0,-0.25
2007-06-21,Capital Link Drybulk,CLDBI,2495.11,2495.11,2495.11,2495.11,0.0,1.61
2007-06-22,Capital Link Drybulk,CLDBI,2510.73,2510.73,2510.73,2510.73,0.0,0.63
2007-06-25,Capital Link Drybulk,CLDBI,2508.37,2508.37,2508.37,2508.37,0.0,-0.09
2007-06-26,Capital Link Drybulk,CLDBI,2507.55,2507.55,2507.55,2507.55,0.0,-0.03
2007-06-27,Capital Link Drybulk,CLDBI,2538.72,2538.72,2538.72,2538.72,0.0,1.24
2007-06-28,Capital Link Drybulk,CLDBI,2594.64,2594.64,2594.64,2594.64,0.0,2.2
2007-06-29,Capital Link Drybulk,CLDBI,2659.42,2659.42,2659.42,2659.42,0.0,2.5
2007-07-02,Capital Link Drybulk,CLDBI,2712.19,2712.19,2712.19,2712.19,0.0,1.98
2007-07-03,Capital Link Drybulk,CLDBI,2720.54,2720.54,2720.54,2720.54,0.0,0.31
2007-07-05,Capital Link Drybulk,CLDBI,2760.8,2760.8,2760.8,2760.8,0.0,1.48
2007-07-06,Capital Link Drybulk,CLDBI,2842.79,2842.79,2842.79,2842.79,0.0,2.97
2007-07-09,Capital Link Drybulk,CLDBI,2904.99,2904.99,2904.99,2904.99,0.0,2.19
2007-07-10,Capital Link Drybulk,CLDBI,2873.95,2873.95,2873.95,2873.95,0.0,-1.07
2007-07-11,Capital Link Drybulk,CLDBI,3043.29,3043.29,3043.29,3043.29,0.0,5.89
2007-07-12,Capital Link Drybulk,CLDBI,3182.32,3182.32,3182.32,3182.32,0.0,4.57
2007-07-13,Capital Link Drybulk,CLDBI,3212.51,3212.51,3212.51,3212.51,0.0,0.95
2007-07-16,Capital Link Drybulk,CLDBI,3107.51,3107.51,3107.51,3107.51,0.0,-3.27
2007-07-17,Capital Link Drybulk,CLDBI,3357.87,3357.87,3357.87,3357.87,0.0,8.06
2007-07-18,Capital Link Drybulk,CLDBI,3384.05,3384.05,3384.05,3384.05,0.0,0.78
2007-07-19,Capital Link Drybulk,CLDBI,3695.87,3695.87,3695.87,3695.87,0.0,9.21
2007-07-20,Capital Link Drybulk,CLDBI,3673.78,3673.78,3673.78,3673.78,0.0,-0.6
2007-07-23,Capital Link Drybulk,CLDBI,3747.18,3747.18,3747.18,3747.18,0.0,2.0
2007-07-24,Capital Link Drybulk,CLDBI,3565.08,3565.08,3565.08,3565.08,0.0,-4.86
2007-07-25,Capital Link Drybulk,CLDBI,3544.11,3544.11,3544.11,3544.11,0.0,-0.59
2007-07-26,Capital Link Drybulk,CLDBI,3342.73,3342.73,3342.73,3342.73,0.0,-5.68
2007-07-27,Capital Link Drybulk,CLDBI,3340.02,3340.02,3340.02,3340.02,0.0,-0.08
2007-07-30,Capital Link Drybulk,CLDBI,3421.56,3421.56,3421.56,3421.56,0.0,2.44
2007-07-31,Capital Link Drybulk,CLDBI,3526.66,3526.66,3526.66,3526.66,0.0,3.07
2007-08-01,Capital Link Drybulk,CLDBI,3425.19,3425.19,3425.19,3425.19,0.0,-2.88
2007-08-02,Capital Link Drybulk,CLDBI,3459.84,3459.84,3459.84,3459.84,0.0,1.01
2007-08-03,Capital Link Drybulk,CLDBI,3383.27,3383.27,3383.27,3383.27,0.0,-2.21
2007-08-06,Capital Link Drybulk,CLDBI,3272.56,3272.56,3272.56,3272.56,0.0,-3.27
2007-08-07,Capital Link Drybulk,CLDBI,3437.72,3437.72,3437.72,3437.72,0.0,5.05
2007-08-08,Capital Link Drybulk,CLDBI,3628.35,3628.35,3628.35,3628.35,0.0,5.55
2007-08-09,Capital Link Drybulk,CLDBI,3506.46,3506.46,3506.46,3506.46,0.0,-3.36
2007-08-10,Capital Link Drybulk,CLDBI,3433.87,3433.87,3433.87,3433.87,0.0,-2.07
2007-08-13,Capital Link Drybulk,CLDBI,3541.13,3541.13,3541.13,3541.13,0.0,3.12
2007-08-14,Capital Link Drybulk,CLDBI,3394.22,3394.22,3394.22,3394.22,0.0,-4.15
2007-08-15,Capital Link Drybulk,CLDBI,3220.2,3220.2,3220.2,3220.2,0.0,-5.13
2007-08-16,Capital Link Drybulk,CLDBI,3043.91,3043.91,3043.91,3043.91,0.0,-5.47
2007-08-17,Capital Link Drybulk,CLDBI,3115.98,3115.98,3115.98,3115.98,0.0,2.37
2007-08-20,Capital Link Drybulk,CLDBI,3228.97,3228.97,3228.97,3228.97,0.0,3.63
2007-08-21,Capital Link Drybulk,CLDBI,3318.17,3318.17,3318.17,3318.17,0.0,2.76
2007-08-22,Capital Link Drybulk,CLDBI,3609.74,3609.74,3609.74,3609.74,0.0,8.79
2007-08-23,Capital Link Drybulk,CLDBI,3574.5,3574.5,3574.5,3574.5,0.0,-0.98
2007-08-24,Capital Link Drybulk,CLDBI,3649.09,3649.09,3649.09,3649.09,0.0,2.09
2007-08-27,Capital Link Drybulk,CLDBI,3676.83,3676.83,3676.83,3676.83,0.0,0.76
2007-08-28,Capital Link Drybulk,CLDBI,3496.78,3496.78,3496.78,3496.78,0.0,-4.9
2007-08-29,Capital Link Drybulk,CLDBI,3666.41,3666.41,3666.41,3666.41,0.0,4.85
2007-08-30,Capital Link Drybulk,CLDBI,3744.1,3744.1,3744.1,3744.1,0.0,2.12
2007-08-31,Capital Link Drybulk,CLDBI,3911.65,3911.65,3911.65,3911.65,0.0,4.48
2007-09-04,Capital Link Drybulk,CLDBI,3997.62,3997.62,3997.62,3997.62,0.0,2.2
2007-09-05,Capital Link Drybulk,CLDBI,4084.05,4084.05,4084.05,4084.05,0.0,2.16
2007-09-06,Capital Link Drybulk,CLDBI,4176.82,4176.82,4176.82,4176.82,0.0,2.27
2007-09-07,Capital Link Drybulk,CLDBI,4164.68,4164.68,4164.68,4164.68,0.0,-0.29
2007-09-10,Capital Link Drybulk,CLDBI,4152.0,4152.0,4152.0,4152.0,0.0,-0.3
2007-09-11,Capital Link Drybulk,CLDBI,4161.41,4161.41,4161.41,4161.41,0.0,0.23
2007-09-12,Capital Link Drybulk,CLDBI,3991.52,3991.52,3991.52,3991.52,0.0,-4.08
2007-09-13,Capital Link Drybulk,CLDBI,3909.53,3909.53,3909.53,3909.53,0.0,-2.05
2007-09-14,Capital Link Drybulk,CLDBI,3897.24,3897.24,3897.24,3897.24,0.0,-0.31
2007-09-17,Capital Link Drybulk,CLDBI,3856.25,3856.25,3856.25,3856.25,0.0,-1.05
2007-09-18,Capital Link Drybulk,CLDBI,4063.28,4063.28,4063.28,4063.28,0.0,5.37
2007-09-19,Capital Link Drybulk,CLDBI,4110.7,4110.7,4110.7,4110.7,0.0,1.17
2007-09-20,Capital Link Drybulk,CLDBI,4177.28,4177.28,4177.28,4177.28,0.0,1.62
2007-09-21,Capital Link Drybulk,CLDBI,4445.47,4445.47,4445.47,4445.47,0.0,6.42
2007-09-24,Capital Link Drybulk,CLDBI,4573.87,4573.87,4573.87,4573.87,0.0,2.89
2007-09-25,Capital Link Drybulk,CLDBI,4697.34,4697.34,4697.34,4697.34,0.0,2.7
2007-09-26,Capital Link Drybulk,CLDBI,4635.87,4635.87,4635.87,4635.87,0.0,-1.31
2007-09-27,Capital Link Drybulk,CLDBI,4804.02,4804.02,4804.02,4804.02,0.0,3.63
2007-09-28,Capital Link Drybulk,CLDBI,4850.55,4850.55,4850.55,4850.55,0.0,0.97
2007-10-01,Capital Link Drybulk,CLDBI,5092.94,5092.94,5092.94,5092.94,0.0,5.0
2007-10-02,Capital Link Drybulk,CLDBI,5217.26,5217.26,5217.26,5217.26,0.0,2.44
2007-10-03,Capital Link Drybulk,CLDBI,5017.39,5017.39,5017.39,5017.39,0.0,-3.83
2007-10-04,Capital Link Drybulk,CLDBI,4956.05,4956.05,4956.05,4956.05,0.0,-1.22
2007-10-05,Capital Link Drybulk,CLDBI,5128.06,5128.06,5128.06,5128.06,0.0,3.47
2007-10-08,Capital Link Drybulk,CLDBI,5391.48,5391.48,5391.48,5391.48,0.0,5.14
2007-10-09,Capital Link Drybulk,CLDBI,5830.58,5830.58,5830.58,5830.58,0.0,8.14
2007-10-10,Capital Link Drybulk,CLDBI,6036.67,6036.67,6036.67,6036.67,0.0,3.53
2007-10-11,Capital Link Drybulk,CLDBI,5799.05,5799.05,5799.05,5799.05,0.0,-3.94
2007-10-12,Capital Link Drybulk,CLDBI,6106.61,6106.61,6106.61,6106.61,0.0,5.3
2007-10-15,Capital Link Drybulk,CLDBI,6452.36,6452.36,6452.36,6452.36,0.0,5.66
2007-10-16,Capital Link Drybulk,CLDBI,6308.32,6308.32,6308.32,6308.32,0.0,-2.23
2007-10-17,Capital Link Drybulk,CLDBI,6290.18,6290.18,6290.18,6290.18,0.0,-0.29
2007-10-18,Capital Link Drybulk,CLDBI,6667.08,6667.08,6667.08,6667.08,0.0,5.99
2007-10-19,Capital Link Drybulk,CLDBI,6188.18,6188.18,6188.18,6188.18,0.0,-7.18
2007-10-22,Capital Link Drybulk,CLDBI,6161.38,6161.38,6161.38,6161.38,0.0,-0.43
2007-10-23,Capital Link Drybulk,CLDBI,6614.51,6614.51,6614.51,6614.51,0.0,7.35
2007-10-24,Capital Link Drybulk,CLDBI,6503.84,6503.84,6503.84,6503.84,0.0,-1.67
2007-10-25,Capital Link Drybulk,CLDBI,6475.96,6475.96,6475.96,6475.96,0.0,-0.43
2007-10-26,Capital Link Drybulk,CLDBI,6507.89,6507.89,6507.89,6507.89,0.0,0.49
2007-10-29,Capital Link Drybulk,CLDBI,6785.27,6785.27,6785.27,6785.27,0.0,4.26
2007-10-30,Capital Link Drybulk,CLDBI,5739.87,5739.87,5739.87,5739.87,0.0,-15.41
2007-10-31,Capital Link Drybulk,CLDBI,6105.16,6105.16,6105.16,6105.16,0.0,6.36
2007-11-01,Capital Link Drybulk,CLDBI,5994.34,5994.34,5994.34,5994.34,0.0,-1.82
2007-11-02,Capital Link Drybulk,CLDBI,5939.72,5939.72,5939.72,5939.72,0.0,-0.91
2007-11-05,Capital Link Drybulk,CLDBI,5446.04,5446.04,5446.04,5446.04,0.0,-8.31
2007-11-06,Capital Link Drybulk,CLDBI,5738.9,5738.9,5738.9,5738.9,0.0,5.38
2007-11-07,Capital Link Drybulk,CLDBI,5373.35,5373.35,5373.35,5373.35,0.0,-6.37
2007-11-08,Capital Link Drybulk,CLDBI,5177.9,5177.9,5177.9,5177.9,0.0,-3.64
2007-11-09,Capital Link Drybulk,CLDBI,4967.97,4967.97,4967.97,4967.97,0.0,-4.05
2007-11-12,Capital Link Drybulk,CLDBI,4360.96,4360.96,4360.96,4360.96,0.0,-12.22
2007-11-13,Capital Link Drybulk,CLDBI,4945.48,4945.48,4945.48,4945.48,0.0,13.4
2007-11-14,Capital Link Drybulk,CLDBI,4655.65,4655.65,4655.65,4655.65,0.0,-5.86
2007-11-15,Capital Link Drybulk,CLDBI,4433.89,4433.89,4433.89,4433.89,0.0,-4.76
2007-11-16,Capital Link Drybulk,CLDBI,4424.5,4424.5,4424.5,4424.5,0.0,-0.21
2007-11-19,Capital Link Drybulk,CLDBI,4216.27,4216.27,4216.27,4216.27,0.0,-4.71
2007-11-20,Capital Link Drybulk,CLDBI,4055.47,4055.47,4055.47,4055.47,0.0,-3.81
2007-11-21,Capital Link Drybulk,CLDBI,3944.4,3944.4,3944.4,3944.4,0.0,-2.74
2007-11-23,Capital Link Drybulk,CLDBI,3979.5,3979.5,3979.5,3979.5,0.0,0.89
2007-11-26,Capital Link Drybulk,CLDBI,3652.2,3652.2,3652.2,3652.2,0.0,-8.22
2007-11-27,Capital Link Drybulk,CLDBI,3858.63,3858.63,3858.63,3858.63,0.0,5.65
2007-11-28,Capital Link Drybulk,CLDBI,4361.23,4361.23,4361.23,4361.23,0.0,13.03
2007-11-29,Capital Link Drybulk,CLDBI,4618.95,4618.95,4618.95,4618.95,0.0,5.91
2007-11-30,Capital Link Drybulk,CLDBI,4807.74,4807.74,4807.74,4807.74,0.0,4.09
2007-12-03,Capital Link Drybulk,CLDBI,4650.91,4650.91,4650.91,4650.91,0.0,-3.26
2007-12-04,Capital Link Drybulk,CLDBI,4334.81,4334.81,4334.81,4334.81,0.0,-6.8
2007-12-05,Capital Link Drybulk,CLDBI,4310.24,4310.24,4310.24,4310.24,0.0,-0.57
2007-12-06,Capital Link Drybulk,CLDBI,4319.83,4319.83,4319.83,4319.83,0.0,0.22
2007-12-07,Capital Link Drybulk,CLDBI,4526.17,4526.17,4526.17,4526.17,0.0,4.78
2007-12-10,Capital Link Drybulk,CLDBI,4628.44,4628.44,4628.44,4628.44,0.0,2.26
2007-12-11,Capital Link Drybulk,CLDBI,4389.14,4389.14,4389.14,4389.14,0.0,-5.17
2007-12-12,Capital Link Drybulk,CLDBI,4444.03,4444.03,4444.03,4444.03,0.0,1.25
2007-12-13,Capital Link Drybulk,CLDBI,4374.01,4374.01,4374.01,4374.01,0.0,-1.58
2007-12-14,Capital Link Drybulk,CLDBI,4300.28,4300.28,4300.28,4300.28,0.0,-1.69
2007-12-17,Capital Link Drybulk,CLDBI,3841.98,3841.98,3841.98,3841.98,0.0,-10.66
2007-12-18,Capital Link Drybulk,CLDBI,3918.88,3918.88,3918.88,3918.88,0.0,2.0
2007-12-19,Capital Link Drybulk,CLDBI,3860.55,3860.55,3860.55,3860.55,0.0,-1.49
2007-12-20,Capital Link Drybulk,CLDBI,3687.72,3687.72,3687.72,3687.72,0.0,-4.48
2007-12-21,Capital Link Drybulk,CLDBI,3710.77,3710.77,3710.77,3710.77,0.0,0.63
2007-12-24,Capital Link Drybulk,CLDBI,3718.04,3718.04,3718.04,3718.04,0.0,0.2
2007-12-26,Capital Link Drybulk,CLDBI,3738.69,3738.69,3738.69,3738.69,0.0,0.56
2007-12-27,Capital Link Drybulk,CLDBI,3913.95,3913.95,3913.95,3913.95,0.0,4.69
2007-12-28,Capital Link Drybulk,CLDBI,4029.87,4029.87,4029.87,4029.87,0.0,2.96
2007-12-31,Capital Link Drybulk,CLDBI,3928.67,3928.67,3928.67,3928.67,0.0,-2.51
2008-01-02,Capital Link Drybulk,CLDBI,3833.98,3833.98,3833.98,3833.98,0.0,-2.41
2008-01-03,Capital Link Drybulk,CLDBI,3907.45,3907.45,3907.45,3907.45,0.0,1.92
2008-01-04,Capital Link Drybulk,CLDBI,3670.86,3670.86,3670.86,3670.86,0.0,-6.05
2008-01-07,Capital Link Drybulk,CLDBI,3395.56,3395.56,3395.56,3395.56,0.0,-7.5
2008-01-08,Capital Link Drybulk,CLDBI,3421.89,3421.89,3421.89,3421.89,0.0,0.78
2008-01-09,Capital Link Drybulk,CLDBI,3191.95,3191.95,3191.95,3191.95,0.0,-6.72
2008-01-10,Capital Link Drybulk,CLDBI,3030.55,3030.55,3030.55,3030.55,0.0,-5.06
2008-01-11,Capital Link Drybulk,CLDBI,3033.69,3033.69,3033.69,3033.69,0.0,0.1
2008-01-14,Capital Link Drybulk,CLDBI,2996.33,2996.33,2996.33,2996.33,0.0,-1.23
2008-01-15,Capital Link Drybulk,CLDBI,2748.13,2748.13,2748.13,2748.13,0.0,-8.28
2008-01-16,Capital Link Drybulk,CLDBI,2614.18,2614.18,2614.18,2614.18,0.0,-4.87
2008-01-17,Capital Link Drybulk,CLDBI,2602.99,2602.99,2602.99,2602.99,0.0,-0.43
2008-01-18,Capital Link Drybulk,CLDBI,2792.65,2792.65,2792.65,2792.65,0.0,7.29
2008-01-22,Capital Link Drybulk,CLDBI,2708.08,2708.08,2708.08,2708.08,0.0,-3.03
2008-01-23,Capital Link Drybulk,CLDBI,2764.51,2764.51,2764.51,2764.51,0.0,2.08
2008-01-24,Capital Link Drybulk,CLDBI,2933.88,2933.88,2933.88,2933.88,0.0,6.13
2008-01-25,Capital Link Drybulk,CLDBI,2975.22,2975.22,2975.22,2975.22,0.0,1.41
2008-01-28,Capital Link Drybulk,CLDBI,2982.84,2982.84,2982.84,2982.84,0.0,0.26
2008-01-29,Capital Link Drybulk,CLDBI,3206.17,3206.17,3206.17,3206.17,0.0,7.49
2008-01-30,Capital Link Drybulk,CLDBI,3384.42,3384.42,3384.42,3384.42,0.0,5.56
2008-01-31,Capital Link Drybulk,CLDBI,3663.75,3663.75,3663.75,3663.75,0.0,8.25
2008-02-01,Capital Link Drybulk,CLDBI,3669.93,3669.93,3669.93,3669.93,0.0,0.17
2008-02-04,Capital Link Drybulk,CLDBI,3567.27,3567.27,3567.27,3567.27,0.0,-2.8
2008-02-05,Capital Link Drybulk,CLDBI,3370.1,3370.1,3370.1,3370.1,0.0,-5.53
2008-02-06,Capital Link Drybulk,CLDBI,3280.24,3280.24,3280.24,3280.24,0.0,-2.67
2008-02-07,Capital Link Drybulk,CLDBI,3424.66,3424.66,3424.66,3424.66,0.0,4.4
2008-02-08,Capital Link Drybulk,CLDBI,3596.38,3596.38,3596.38,3596.38,0.0,5.01
2008-02-11,Capital Link Drybulk,CLDBI,3804.71,3804.71,3804.71,3804.71,0.0,5.79
2008-02-12,Capital Link Drybulk,CLDBI,3760.07,3760.07,3760.07,3760.07,0.0,-1.17
2008-02-13,Capital Link Drybulk,CLDBI,4027.52,4027.52,4027.52,4027.52,0.0,7.11
2008-02-14,Capital Link Drybulk,CLDBI,4122.89,4122.89,4122.89,4122.89,0.0,2.37
2008-02-15,Capital Link Drybulk,CLDBI,4028.23,4028.23,4028.23,4028.23,0.0,-2.3
2008-02-19,Capital Link Drybulk,CLDBI,4198.58,4198.58,4198.58,4198.58,0.0,4.23
2008-02-20,Capital Link Drybulk,CLDBI,4173.65,4173.65,4173.65,4173.65,0.0,-0.59
2008-02-21,Capital Link Drybulk,CLDBI,4276.22,4276.22,4276.22,4276.22,0.0,2.46
2008-02-22,Capital Link Drybulk,CLDBI,4314.31,4314.31,4314.31,4314.31,0.0,0.89
2008-02-25,Capital Link Drybulk,CLDBI,4324.61,4324.61,4324.61,4324.61,0.0,0.24
2008-02-26,Capital Link Drybulk,CLDBI,4140.17,4140.17,4140.17,4140.17,0.0,-4.26
2008-02-27,Capital Link Drybulk,CLDBI,4123.23,4123.23,4123.23,4123.23,0.0,-0.41
2008-02-28,Capital Link Drybulk,CLDBI,4018.47,4018.47,4018.47,4018.47,0.0,-2.54
2008-02-29,Capital Link Drybulk,CLDBI,3873.04,3873.04,3873.04,3873.04,0.0,-3.62
2008-03-03,Capital Link Drybulk,CLDBI,3852.16,3852.16,3852.16,3852.16,0.0,-0.54
2008-03-04,Capital Link Drybulk,CLDBI,3745.6,3745.6,3745.6,3745.6,0.0,-2.77
2008-03-05,Capital Link Drybulk,CLDBI,3927.9,3927.9,3927.9,3927.9,0.0,4.87
2008-03-06,Capital Link Drybulk,CLDBI,3786.21,3786.21,3786.21,3786.21,0.0,-3.61
2008-03-07,Capital Link Drybulk,CLDBI,3640.83,3640.83,3640.83,3640.83,0.0,-3.84
2008-03-10,Capital Link Drybulk,CLDBI,3346.7,3346.7,3346.7,3346.7,0.0,-8.08
2008-03-11,Capital Link Drybulk,CLDBI,3612.64,3612.64,3612.64,3612.64,0.0,7.95
2008-03-12,Capital Link Drybulk,CLDBI,3454.76,3454.76,3454.76,3454.76,0.0,-4.37
2008-03-13,Capital Link Drybulk,CLDBI,3389.4,3389.4,3389.4,3389.4,0.0,-1.89
2008-03-14,Capital Link Drybulk,CLDBI,3261.24,3261.24,3261.24,3261.24,0.0,-3.78
2008-03-17,Capital Link Drybulk,CLDBI,3019.66,3019.66,3019.66,3019.66,0.0,-7.41
2008-03-18,Capital Link Drybulk,CLDBI,3289.55,3289.55,3289.55,3289.55,0.0,8.94
2008-03-19,Capital Link Drybulk,CLDBI,3086.92,3086.92,3086.92,3086.92,0.0,-6.16
2008-03-20,Capital Link Drybulk,CLDBI,3142.4,3142.4,3142.4,3142.4,0.0,1.8
2008-03-24,Capital Link Drybulk,CLDBI,3342.16,3342.16,3342.16,3342.16,0.0,6.36
2008-03-25,Capital Link Drybulk,CLDBI,3364.15,3364.15,3364.15,3364.15,0.0,0.66
2008-03-26,Capital Link Drybulk,CLDBI,3402.48,3402.48,3402.48,3402.48,0.0,1.14
2008-03-27,Capital Link Drybulk,CLDBI,3531.28,3531.28,3531.28,3531.28,0.0,3.79
2008-03-28,Capital Link Drybulk,CLDBI,3437.23,3437.23,3437.23,3437.23,0.0,-2.66
2008-03-31,Capital Link Drybulk,CLDBI,3355.59,3355.59,3355.59,3355.59,0.0,-2.38
2008-04-01,Capital Link Drybulk,CLDBI,3458.04,3458.04,3458.04,3458.04,0.0,3.05
2008-04-02,Capital Link Drybulk,CLDBI,3387.1,3387.1,3387.1,3387.1,0.0,-2.05
2008-04-03,Capital Link Drybulk,CLDBI,3555.04,3555.04,3555.04,3555.04,0.0,4.96
2008-04-04,Capital Link Drybulk,CLDBI,3591.17,3591.17,3591.17,3591.17,0.0,1.02
2008-04-07,Capital Link Drybulk,CLDBI,3719.1,3719.1,3719.1,3719.1,0.0,3.56
2008-04-08,Capital Link Drybulk,CLDBI,3776.26,3776.26,3776.26,3776.26,0.0,1.54
2008-04-09,Capital Link Drybulk,CLDBI,3708.7,3708.7,3708.7,3708.7,0.0,-1.79
2008-04-10,Capital Link Drybulk,CLDBI,3707.84,3707.84,3707.84,3707.84,0.0,-0.02
2008-04-11,Capital Link Drybulk,CLDBI,3606.91,3606.91,3606.91,3606.91,0.0,-2.72
2008-04-14,Capital Link Drybulk,CLDBI,3649.28,3649.28,3649.28,3649.28,0.0,1.17
2008-04-15,Capital Link Drybulk,CLDBI,3770.84,3770.84,3770.84,3770.84,0.0,3.33
2008-04-16,Capital Link Drybulk,CLDBI,3761.62,3761.62,3761.62,3761.62,0.0,-0.24
2008-04-17,Capital Link Drybulk,CLDBI,4196.72,4196.72,4196.72,4196.72,0.0,11.57
2008-04-18,Capital Link Drybulk,CLDBI,4306.3,4306.3,4306.3,4306.3,0.0,2.61
2008-04-21,Capital Link Drybulk,CLDBI,4354.67,4354.67,4354.67,4354.67,0.0,1.12
2008-04-22,Capital Link Drybulk,CLDBI,4604.88,4604.88,4604.88,4604.88,0.0,5.75
2008-04-23,Capital Link Drybulk,CLDBI,4731.27,4731.27,4731.27,4731.27,0.0,2.74
2008-04-24,Capital Link Drybulk,CLDBI,4628.26,4628.26,4628.26,4628.26,0.0,-2.18
2008-04-25,Capital Link Drybulk,CLDBI,4710.8,4710.8,4710.8,4710.8,0.0,1.78
2008-04-28,Capital Link Drybulk,CLDBI,4774.49,4774.49,4774.49,4774.49,0.0,1.35
2008-04-29,Capital Link Drybulk,CLDBI,4590.58,4590.58,4590.58,4590.58,0.0,-3.85
2008-04-30,Capital Link Drybulk,CLDBI,4607.7,4607.7,4607.7,4607.7,0.0,0.37
2008-05-01,Capital Link Drybulk,CLDBI,4675.29,4675.29,4675.29,4675.29,0.0,1.47
2008-05-02,Capital Link Drybulk,CLDBI,4939.16,4939.16,4939.16,4939.16,0.0,5.64
2008-05-05,Capital Link Drybulk,CLDBI,5092.06,5092.06,5092.06,5092.06,0.0,3.1
2008-05-06,Capital Link Drybulk,CLDBI,5197.66,5197.66,5197.66,5197.66,0.0,2.07
2008-05-07,Capital Link Drybulk,CLDBI,5101.86,5101.86,5101.86,5101.86,0.0,-1.84
2008-05-08,Capital Link Drybulk,CLDBI,5083.49,5083.49,5083.49,5083.49,0.0,-0.36
2008-05-09,Capital Link Drybulk,CLDBI,5130.71,5130.71,5130.71,5130.71,0.0,0.93
2008-05-12,Capital Link Drybulk,CLDBI,5442.44,5442.44,5442.44,5442.44,0.0,6.08
2008-05-13,Capital Link Drybulk,CLDBI,5530.23,5530.23,5530.23,5530.23,0.0,1.61
2008-05-14,Capital Link Drybulk,CLDBI,5540.51,5540.51,5540.51,5540.51,0.0,0.19
2008-05-15,Capital Link Drybulk,CLDBI,5856.86,5856.86,5856.86,5856.86,0.0,5.71
2008-05-16,Capital Link Drybulk,CLDBI,6135.13,6135.13,6135.13,6135.13,0.0,4.75
2008-05-19,Capital Link Drybulk,CLDBI,5824.15,5824.15,5824.15,5824.15,0.0,-5.07
2008-05-20,Capital Link Drybulk,CLDBI,5635.37,5635.37,5635.37,5635.37,0.0,-3.24
2008-05-21,Capital Link Drybulk,CLDBI,5556.19,5556.19,5556.19,5556.19,0.0,-1.41
2008-05-22,Capital Link Drybulk,CLDBI,5179.48,5179.48,5179.48,5179.48,0.0,-6.78
2008-05-23,Capital Link Drybulk,CLDBI,4968.88,4968.88,4968.88,4968.88,0.0,-4.07
2008-05-27,Capital Link Drybulk,CLDBI,4881.69,4881.69,4881.69,4881.69,0.0,-1.75
2008-05-28,Capital Link Drybulk,CLDBI,5213.3,5213.3,5213.3,5213.3,0.0,6.79
2008-05-29,Capital Link Drybulk,CLDBI,5050.06,5050.06,5050.06,5050.06,0.0,-3.13
2008-05-30,Capital Link Drybulk,CLDBI,5163.26,5163.26,5163.26,5163.26,0.0,2.24
2008-06-02,Capital Link Drybulk,CLDBI,4959.83,4959.83,4959.83,4959.83,0.0,-3.94
2008-06-03,Capital Link Drybulk,CLDBI,4821.19,4821.19,4821.19,4821.19,0.0,-2.8
2008-06-04,Capital Link Drybulk,CLDBI,4895.99,4895.99,4895.99,4895.99,0.0,1.55
2008-06-05,Capital Link Drybulk,CLDBI,5029.54,5029.54,5029.54,5029.54,0.0,2.73
2008-06-06,Capital Link Drybulk,CLDBI,4760.14,4760.14,4760.14,4760.14,0.0,-5.36
2008-06-09,Capital Link Drybulk,CLDBI,4653.53,4653.53,4653.53,4653.53,0.0,-2.24
2008-06-10,Capital Link Drybulk,CLDBI,4337.16,4337.16,4337.16,4337.16,0.0,-6.8
2008-06-11,Capital Link Drybulk,CLDBI,4101.4,4101.4,4101.4,4101.4,0.0,-5.44
2008-06-12,Capital Link Drybulk,CLDBI,3753.23,3753.23,3753.23,3753.23,0.0,-8.49
2008-06-13,Capital Link Drybulk,CLDBI,3864.1,3864.1,3864.1,3864.1,0.0,2.95
2008-06-16,Capital Link Drybulk,CLDBI,4003.29,4003.29,4003.29,4003.29,0.0,3.6
2008-06-17,Capital Link Drybulk,CLDBI,4311.16,4311.16,4311.16,4311.16,0.0,7.69
2008-06-18,Capital Link Drybulk,CLDBI,4263.19,4263.19,4263.19,4263.19,0.0,-1.11
2008-06-19,Capital Link Drybulk,CLDBI,4266.28,4266.28,4266.28,4266.28,0.0,0.07
2008-06-20,Capital Link Drybulk,CLDBI,4111.58,4111.58,4111.58,4111.58,0.0,-3.63
2008-06-23,Capital Link Drybulk,CLDBI,4006.15,4006.15,4006.15,4006.15,0.0,-2.56
2008-06-24,Capital Link Drybulk,CLDBI,3940.19,3940.19,3940.19,3940.19,0.0,-1.65
2008-06-25,Capital Link Drybulk,CLDBI,4214.58,4214.58,4214.58,4214.58,0.0,6.96
2008-06-26,Capital Link Drybulk,CLDBI,4247.11,4247.11,4247.11,4247.11,0.0,0.77
2008-06-27,Capital Link Drybulk,CLDBI,4329.73,4329.73,4329.73,4329.73,0.0,1.95
2008-06-30,Capital Link Drybulk,CLDBI,4257.56,4257.56,4257.56,4257.56,0.0,-1.67
2008-07-01,Capital Link Drybulk,CLDBI,4087.64,4087.64,4087.64,4087.64,0.0,-3.99
2008-07-02,Capital Link Drybulk,CLDBI,3762.39,3762.39,3762.39,3762.39,0.0,-7.96
2008-07-03,Capital Link Drybulk,CLDBI,3692.05,3692.05,3692.05,3692.05,0.0,-1.87
2008-07-07,Capital Link Drybulk,CLDBI,3810.62,3810.62,3810.62,3810.62,0.0,3.21
2008-07-08,Capital Link Drybulk,CLDBI,4017.18,4017.18,4017.18,4017.18,0.0,5.42
2008-07-09,Capital Link Drybulk,CLDBI,4024.01,4024.01,4024.01,4024.01,0.0,0.17
2008-07-10,Capital Link Drybulk,CLDBI,4049.17,4049.17,4049.17,4049.17,0.0,0.63
2008-07-11,Capital Link Drybulk,CLDBI,3984.07,3984.07,3984.07,3984.07,0.0,-1.61
2008-07-14,Capital Link Drybulk,CLDBI,3944.69,3944.69,3944.69,3944.69,0.0,-0.99
2008-07-15,Capital Link Drybulk,CLDBI,4017.51,4017.51,4017.51,4017.51,0.0,1.85
2008-07-16,Capital Link Drybulk,CLDBI,4152.96,4152.96,4152.96,4152.96,0.0,3.37
2008-07-17,Capital Link Drybulk,CLDBI,4135.2,4135.2,4135.2,4135.2,0.0,-0.43
2008-07-18,Capital Link Drybulk,CLDBI,4059.26,4059.26,4059.26,4059.26,0.0,-1.84
2008-07-21,Capital Link Drybulk,CLDBI,4086.58,4086.58,4086.58,4086.58,0.0,0.67
2008-07-22,Capital Link Drybulk,CLDBI,4055.12,4055.12,4055.12,4055.12,0.0,-0.77
2008-07-23,Capital Link Drybulk,CLDBI,4194.2,4194.2,4194.2,4194.2,0.0,3.43
2008-07-24,Capital Link Drybulk,CLDBI,3946.54,3946.54,3946.54,3946.54,0.0,-5.9
2008-07-25,Capital Link Drybulk,CLDBI,3948.81,3948.81,3948.81,3948.81,0.0,0.06
2008-07-28,Capital Link Drybulk,CLDBI,3859.62,3859.62,3859.62,3859.62,0.0,-2.26
2008-07-29,Capital Link Drybulk,CLDBI,3950.37,3950.37,3950.37,3950.37,0.0,2.35
2008-07-30,Capital Link Drybulk,CLDBI,4092.35,4092.35,4092.35,4092.35,0.0,3.59
2008-07-31,Capital Link Drybulk,CLDBI,4136.36,4136.36,4136.36,4136.36,0.0,1.08
2008-08-01,Capital Link Drybulk,CLDBI,3973.99,3973.99,3973.99,3973.99,0.0,-3.93
2008-08-04,Capital Link Drybulk,CLDBI,3639.96,3639.96,3639.96,3639.96,0.0,-8.41
2008-08-05,Capital Link Drybulk,CLDBI,3564.55,3564.55,3564.55,3564.55,0.0,-2.07
2008-08-06,Capital Link Drybulk,CLDBI,3711.3,3711.3,3711.3,3711.3,0.0,4.12
2008-08-07,Capital Link Drybulk,CLDBI,3511.63,3511.63,3511.63,3511.63,0.0,-5.38
2008-08-08,Capital Link Drybulk,CLDBI,3577.36,3577.36,3577.36,3577.36,0.0,1.87
2008-08-11,Capital Link Drybulk,CLDBI,3654.24,3654.24,3654.24,3654.24,0.0,2.15
2008-08-12,Capital Link Drybulk,CLDBI,3628.91,3628.91,3628.91,3628.91,0.0,-0.69
2008-08-13,Capital Link Drybulk,CLDBI,3880.0,3880.0,3880.0,3880.0,0.0,6.92
2008-08-14,Capital Link Drybulk,CLDBI,4156.03,4156.03,4156.03,4156.03,0.0,7.11
2008-08-15,Capital Link Drybulk,CLDBI,4031.31,4031.31,4031.31,4031.31,0.0,-3.0
2008-08-18,Capital Link Drybulk,CLDBI,3995.56,3995.56,3995.56,3995.56,0.0,-0.89
2008-08-19,Capital Link Drybulk,CLDBI,3834.53,3834.53,3834.53,3834.53,0.0,-4.03
2008-08-20,Capital Link Drybulk,CLDBI,3835.88,3835.88,3835.88,3835.88,0.0,0.04
2008-08-21,Capital Link Drybulk,CLDBI,3846.3,3846.3,3846.3,3846.3,0.0,0.27
2008-08-22,Capital Link Drybulk,CLDBI,3770.34,3770.34,3770.34,3770.34,0.0,-1.97
2008-08-25,Capital Link Drybulk,CLDBI,3779.03,3779.03,3779.03,3779.03,0.0,0.23
2008-08-26,Capital Link Drybulk,CLDBI,3788.62,3788.62,3788.62,3788.62,0.0,0.25
2008-08-27,Capital Link Drybulk,CLDBI,3921.5,3921.5,3921.5,3921.5,0.0,3.51
2008-08-28,Capital Link Drybulk,CLDBI,3937.49,3937.49,3937.49,3937.49,0.0,0.41
2008-08-29,Capital Link Drybulk,CLDBI,3880.98,3880.98,3880.98,3880.98,0.0,-1.44
2008-09-02,Capital Link Drybulk,CLDBI,3620.61,3620.61,3620.61,3620.61,0.0,-6.71
2008-09-03,Capital Link Drybulk,CLDBI,3366.05,3366.05,3366.05,3366.05,0.0,-7.03
2008-09-04,Capital Link Drybulk,CLDBI,3191.01,3191.01,3191.01,3191.01,0.0,-5.2
2008-09-05,Capital Link Drybulk,CLDBI,3110.93,3110.93,3110.93,3110.93,0.0,-2.51
2008-09-08,Capital Link Drybulk,CLDBI,2980.87,2980.87,2980.87,2980.87,0.0,-4.18
2008-09-09,Capital Link Drybulk,CLDBI,2664.34,2664.34,2664.34,2664.34,0.0,-10.62
2008-09-10,Capital Link Drybulk,CLDBI,2778.74,2778.74,2778.74,2778.74,0.0,4.29
2008-09-11,Capital Link Drybulk,CLDBI,2887.93,2887.93,2887.93,2887.93,0.0,3.93
2008-09-12,Capital Link Drybulk,CLDBI,2930.94,2930.94,2930.94,2930.94,0.0,1.49
2008-09-15,Capital Link Drybulk,CLDBI,2612.44,2612.44,2612.44,2612.44,0.0,-10.87
2008-09-16,Capital Link Drybulk,CLDBI,2654.93,2654.93,2654.93,2654.93,0.0,1.63
2008-09-17,Capital Link Drybulk,CLDBI,2590.49,2590.49,2590.49,2590.49,0.0,-2.43
2008-09-18,Capital Link Drybulk,CLDBI,2660.68,2660.68,2660.68,2660.68,0.0,2.71
2008-09-19,Capital Link Drybulk,CLDBI,2971.26,2971.26,2971.26,2971.26,0.0,11.67
2008-09-22,Capital Link Drybulk,CLDBI,2841.06,2841.06,2841.06,2841.06,0.0,-4.38
2008-09-23,Capital Link Drybulk,CLDBI,2550.17,2550.17,2550.17,2550.17,0.0,-10.24
2008-09-24,Capital Link Drybulk,CLDBI,2489.36,2489.36,2489.36,2489.36,0.0,-2.38
2008-09-25,Capital Link Drybulk,CLDBI,2400.08,2400.08,2400.08,2400.08,0.0,-3.59
2008-09-26,Capital Link Drybulk,CLDBI,2161.5,2161.5,2161.5,2161.5,0.0,-9.94
2008-09-29,Capital Link Drybulk,CLDBI,1849.77,1849.77,1849.77,1849.77,0.0,-14.42
2008-09-30,Capital Link Drybulk,CLDBI,1942.83,1942.83,1942.83,1942.83,0.0,5.03
2008-10-01,Capital Link Drybulk,CLDBI,1909.49,1909.49,1909.49,1909.49,0.0,-1.72
2008-10-02,Capital Link Drybulk,CLDBI,1767.04,1767.04,1767.04,1767.04,0.0,-7.46
2008-10-03,Capital Link Drybulk,CLDBI,1729.23,1729.23,1729.23,1729.23,0.0,-2.14
2008-10-06,Capital Link Drybulk,CLDBI,1498.74,1498.74,1498.74,1498.74,0.0,-13.33
2008-10-07,Capital Link Drybulk,CLDBI,1301.46,1301.46,1301.46,1301.46,0.0,-13.16
2008-10-08,Capital Link Drybulk,CLDBI,1233.4,1233.4,1233.4,1233.4,0.0,-5.23
2008-10-09,Capital Link Drybulk,CLDBI,1132.67,1132.67,1132.67,1132.67,0.0,-8.17
2008-10-10,Capital Link Drybulk,CLDBI,1098.5,1098.5,1098.5,1098.5,0.0,-3.02
2008-10-13,Capital Link Drybulk,CLDBI,1289.87,1289.87,1289.87,1289.87,0.0,17.42
2008-10-14,Capital Link Drybulk,CLDBI,1374.16,1374.16,1374.16,1374.16,0.0,6.53
2008-10-15,Capital Link Drybulk,CLDBI,1173.73,1173.73,1173.73,1173.73,0.0,-14.59
2008-10-16,Capital Link Drybulk,CLDBI,1189.25,1189.25,1189.25,1189.25,0.0,1.32
2008-10-17,Capital Link Drybulk,CLDBI,1262.92,1262.92,1262.92,1262.92,0.0,6.19
2008-10-20,Capital Link Drybulk,CLDBI,1416.77,1416.77,1416.77,1416.77,0.0,12.18
2008-10-21,Capital Link Drybulk,CLDBI,1402.67,1402.67,1402.67,1402.67,0.0,-1.0
2008-10-22,Capital Link Drybulk,CLDBI,1226.54,1226.54,1226.54,1226.54,0.0,-12.56
2008-10-23,Capital Link Drybulk,CLDBI,1158.67,1158.67,1158.67,1158.67,0.0,-5.53
2008-10-24,Capital Link Drybulk,CLDBI,1092.46,1092.46,1092.46,1092.46,0.0,-5.71
2008-10-27,Capital Link Drybulk,CLDBI,1003.9,1003.9,1003.9,1003.9,0.0,-8.11
2008-10-28,Capital Link Drybulk,CLDBI,989.19,989.19,989.19,989.19,0.0,-1.47
2008-10-29,Capital Link Drybulk,CLDBI,1028.92,1028.92,1028.92,1028.92,0.0,4.02
2008-10-30,Capital Link Drybulk,CLDBI,1140.19,1140.19,1140.19,1140.19,0.0,10.81
2008-10-31,Capital Link Drybulk,CLDBI,1282.42,1282.42,1282.42,1282.42,0.0,12.47
2008-11-03,Capital Link Drybulk,CLDBI,1378.39,1378.39,1378.39,1378.39,0.0,7.48
2008-11-04,Capital Link Drybulk,CLDBI,1413.14,1413.14,1413.14,1413.14,0.0,2.52
2008-11-05,Capital Link Drybulk,CLDBI,1342.27,1342.27,1342.27,1342.27,0.0,-5.02
2008-11-06,Capital Link Drybulk,CLDBI,1112.81,1112.81,1112.81,1112.81,0.0,-17.09
2008-11-07,Capital Link Drybulk,CLDBI,1101.32,1101.32,1101.32,1101.32,0.0,-1.03
2008-11-10,Capital Link Drybulk,CLDBI,1111.12,1111.12,1111.12,1111.12,0.0,0.89
2008-11-11,Capital Link Drybulk,CLDBI,1012.15,1012.15,1012.15,1012.15,0.0,-8.91
2008-11-12,Capital Link Drybulk,CLDBI,851.45,851.45,851.45,851.45,0.0,-15.88
2008-11-13,Capital Link Drybulk,CLDBI,908.24,908.24,908.24,908.24,0.0,6.67
2008-11-14,Capital Link Drybulk,CLDBI,819.15,819.15,819.15,819.15,0.0,-9.81
2008-11-17,Capital Link Drybulk,CLDBI,805.04,805.04,805.04,805.04,0.0,-1.72
2008-11-18,Capital Link Drybulk,CLDBI,751.85,751.85,751.85,751.85,0.0,-6.61
2008-11-19,Capital Link Drybulk,CLDBI,607.24,607.24,607.24,607.24,0.0,-19.23
2008-11-20,Capital Link Drybulk,CLDBI,498.22,498.22,498.22,498.22,0.0,-17.95
2008-11-21,Capital Link Drybulk,CLDBI,504.17,504.17,504.17,504.17,0.0,1.19
2008-11-24,Capital Link Drybulk,CLDBI,544.0,544.0,544.0,544.0,0.0,7.9
2008-11-25,Capital Link Drybulk,CLDBI,550.67,550.67,550.67,550.67,0.0,1.23
2008-11-26,Capital Link Drybulk,CLDBI,608.59,608.59,608.59,608.59,0.0,10.52
2008-11-28,Capital Link Drybulk,CLDBI,597.17,597.17,597.17,597.17,0.0,-1.88
2008-12-01,Capital Link Drybulk,CLDBI,493.58,493.58,493.58,493.58,0.0,-17.35
2008-12-02,Capital Link Drybulk,CLDBI,482.8,482.8,482.8,482.8,0.0,-2.18
2008-12-03,Capital Link Drybulk,CLDBI,475.65,475.65,475.65,475.65,0.0,-1.48
2008-12-04,Capital Link Drybulk,CLDBI,486.18,486.18,486.18,486.18,0.0,2.21
2008-12-05,Capital Link Drybulk,CLDBI,511.65,511.65,511.65,511.65,0.0,5.24
2008-12-08,Capital Link Drybulk,CLDBI,616.0,616.0,616.0,616.0,0.0,20.39
2008-12-09,Capital Link Drybulk,CLDBI,735.74,735.74,735.74,735.74,0.0,19.44
2008-12-10,Capital Link Drybulk,CLDBI,803.57,803.57,803.57,803.57,0.0,9.22
2008-12-11,Capital Link Drybulk,CLDBI,699.99,699.99,699.99,699.99,0.0,-12.89
2008-12-12,Capital Link Drybulk,CLDBI,755.88,755.88,755.88,755.88,0.0,7.98
2008-12-15,Capital Link Drybulk,CLDBI,847.84,847.84,847.84,847.84,0.0,12.17
2008-12-16,Capital Link Drybulk,CLDBI,932.59,932.59,932.59,932.59,0.0,10.0
2008-12-17,Capital Link Drybulk,CLDBI,1072.05,1072.05,1072.05,1072.05,0.0,14.95
2008-12-18,Capital Link Drybulk,CLDBI,976.17,976.17,976.17,976.17,0.0,-8.94
2008-12-19,Capital Link Drybulk,CLDBI,921.22,921.22,921.22,921.22,0.0,-5.63
2008-12-22,Capital Link Drybulk,CLDBI,843.15,843.15,843.15,843.15,0.0,-8.47
2008-12-23,Capital Link Drybulk,CLDBI,831.33,831.33,831.33,831.33,0.0,-1.4
2008-12-24,Capital Link Drybulk,CLDBI,814.59,814.59,814.59,814.59,0.0,-2.01
2008-12-26,Capital Link Drybulk,CLDBI,829.46,829.46,829.46,829.46,0.0,1.83
2008-12-29,Capital Link Drybulk,CLDBI,776.65,776.65,776.65,776.65,0.0,-6.37
2008-12-30,Capital Link Drybulk,CLDBI,823.85,823.85,823.85,823.85,0.0,6.08
2008-12-31,Capital Link Drybulk,CLDBI,910.55,910.55,910.55,910.55,0.0,10.52
2009-01-02,Capital Link Drybulk,CLDBI,1016.86,1016.86,1016.86,1016.86,0.0,11.68
2009-01-05,Capital Link Drybulk,CLDBI,1073.24,1073.24,1073.24,1073.24,0.0,5.54
2009-01-06,Capital Link Drybulk,CLDBI,1149.32,1149.32,1149.32,1149.32,0.0,7.09
2009-01-07,Capital Link Drybulk,CLDBI,1011.06,1011.06,1011.06,1011.06,0.0,-12.03
2009-01-08,Capital Link Drybulk,CLDBI,1094.71,1094.71,1094.71,1094.71,0.0,8.27
2009-01-09,Capital Link Drybulk,CLDBI,1148.64,1148.64,1148.64,1148.64,0.0,4.93
2009-01-12,Capital Link Drybulk,CLDBI,1037.31,1037.31,1037.31,1037.31,0.0,-9.69
2009-01-13,Capital Link Drybulk,CLDBI,1069.96,1069.96,1069.96,1069.96,0.0,3.15
2009-01-14,Capital Link Drybulk,CLDBI,990.04,990.04,990.04,990.04,0.0,-7.47
2009-01-15,Capital Link Drybulk,CLDBI,948.86,948.86,948.86,948.86,0.0,-4.16
2009-01-16,Capital Link Drybulk,CLDBI,952.59,952.59,952.59,952.59,0.0,0.39
2009-01-20,Capital Link Drybulk,CLDBI,854.0,854.0,854.0,854.0,0.0,-10.35
2009-01-21,Capital Link Drybulk,CLDBI,963.47,963.47,963.47,963.47,0.0,12.82
2009-01-22,Capital Link Drybulk,CLDBI,870.32,870.32,870.32,870.32,0.0,-9.67
2009-01-23,Capital Link Drybulk,CLDBI,854.09,854.09,854.09,854.09,0.0,-1.86
2009-01-26,Capital Link Drybulk,CLDBI,923.9,923.9,923.9,923.9,0.0,8.17
2009-01-27,Capital Link Drybulk,CLDBI,938.66,938.66,938.66,938.66,0.0,1.6
2009-01-28,Capital Link Drybulk,CLDBI,1008.7,1008.7,1008.7,1008.7,0.0,7.46
2009-01-29,Capital Link Drybulk,CLDBI,925.36,925.36,925.36,925.36,0.0,-8.26
2009-01-30,Capital Link Drybulk,CLDBI,887.25,887.25,887.25,887.25,0.0,-4.12
2009-02-02,Capital Link Drybulk,CLDBI,816.61,816.61,816.61,816.61,0.0,-7.96
2009-02-03,Capital Link Drybulk,CLDBI,891.71,891.71,891.71,891.71,0.0,9.2
2009-02-04,Capital Link Drybulk,CLDBI,1019.48,1019.48,1019.48,1019.48,0.0,14.33
2009-02-05,Capital Link Drybulk,CLDBI,1030.8,1030.8,1030.8,1030.8,0.0,1.11
2009-02-06,Capital Link Drybulk,CLDBI,1095.9,1095.9,1095.9,1095.9,0.0,6.32
2009-02-09,Capital Link Drybulk,CLDBI,1142.46,1142.46,1142.46,1142.46,0.0,4.25
2009-02-10,Capital Link Drybulk,CLDBI,1006.48,1006.48,1006.48,1006.48,0.0,-11.9
2009-02-11,Capital Link Drybulk,CLDBI,942.72,942.72,942.72,942.72,0.0,-6.33
2009-02-12,Capital Link Drybulk,CLDBI,960.93,960.93,960.93,960.93,0.0,1.93
2009-02-13,Capital Link Drybulk,CLDBI,951.64,951.64,951.64,951.64,0.0,-0.97
2009-02-17,Capital Link Drybulk,CLDBI,858.28,858.28,858.28,858.28,0.0,-9.81
2009-02-18,Capital Link Drybulk,CLDBI,815.32,815.32,815.32,815.32,0.0,-5.01
2009-02-19,Capital Link Drybulk,CLDBI,824.95,824.95,824.95,824.95,0.0,1.18
2009-02-20,Capital Link Drybulk,CLDBI,783.62,783.62,783.62,783.62,0.0,-5.01
2009-02-23,Capital Link Drybulk,CLDBI,717.33,717.33,717.33,717.33,0.0,-8.46
2009-02-24,Capital Link Drybulk,CLDBI,781.71,781.71,781.71,781.71,0.0,8.97
2009-02-25,Capital Link Drybulk,CLDBI,744.72,744.72,744.72,744.72,0.0,-4.73
2009-02-26,Capital Link Drybulk,CLDBI,727.69,727.69,727.69,727.69,0.0,-2.29
2009-02-27,Capital Link Drybulk,CLDBI,733.01,733.01,733.01,733.01,0.0,0.73
2009-03-02,Capital Link Drybulk,CLDBI,629.46,629.46,629.46,629.46,0.0,-14.13
2009-03-03,Capital Link Drybulk,CLDBI,630.35,630.35,630.35,630.35,0.0,0.14
2009-03-04,Capital Link Drybulk,CLDBI,754.27,754.27,754.27,754.27,0.0,19.66
2009-03-05,Capital Link Drybulk,CLDBI,714.75,714.75,714.75,714.75,0.0,-5.24
2009-03-06,Capital Link Drybulk,CLDBI,749.42,749.42,749.42,749.42,0.0,4.85
2009-03-09,Capital Link Drybulk,CLDBI,771.44,771.44,771.44,771.44,0.0,2.94
2009-03-10,Capital Link Drybulk,CLDBI,843.81,843.81,843.81,843.81,0.0,9.38
2009-03-11,Capital Link Drybulk,CLDBI,778.96,778.96,778.96,778.96,0.0,-7.69
2009-03-12,Capital Link Drybulk,CLDBI,815.23,815.23,815.23,815.23,0.0,4.66
2009-03-13,Capital Link Drybulk,CLDBI,776.92,776.92,776.92,776.92,0.0,-4.7
2009-03-16,Capital Link Drybulk,CLDBI,758.46,758.46,758.46,758.46,0.0,-2.38
2009-03-17,Capital Link Drybulk,CLDBI,776.34,776.34,776.34,776.34,0.0,2.36
2009-03-18,Capital Link Drybulk,CLDBI,786.69,786.69,786.69,786.69,0.0,1.33
2009-03-19,Capital Link Drybulk,CLDBI,833.75,833.75,833.75,833.75,0.0,5.98
2009-03-20,Capital Link Drybulk,CLDBI,746.42,746.42,746.42,746.42,0.0,-10.47
2009-03-23,Capital Link Drybulk,CLDBI,808.24,808.24,808.24,808.24,0.0,8.28
2009-03-24,Capital Link Drybulk,CLDBI,824.91,824.91,824.91,824.91,0.0,2.06
2009-03-25,Capital Link Drybulk,CLDBI,781.74,781.74,781.74,781.74,0.0,-5.23
2009-03-26,Capital Link Drybulk,CLDBI,777.32,777.32,777.32,777.32,0.0,-0.57
2009-03-27,Capital Link Drybulk,CLDBI,804.7,804.7,804.7,804.7,0.0,3.52
2009-03-30,Capital Link Drybulk,CLDBI,703.36,703.36,703.36,703.36,0.0,-12.59
2009-03-31,Capital Link Drybulk,CLDBI,718.21,718.21,718.21,718.21,0.0,2.11
2009-04-01,Capital Link Drybulk,CLDBI,718.46,718.46,718.46,718.46,0.0,0.03
2009-04-02,Capital Link Drybulk,CLDBI,770.36,770.36,770.36,770.36,0.0,7.22
2009-04-03,Capital Link Drybulk,CLDBI,809.16,809.16,809.16,809.16,0.0,5.04
2009-04-06,Capital Link Drybulk,CLDBI,797.72,797.72,797.72,797.72,0.0,-1.41
2009-04-07,Capital Link Drybulk,CLDBI,742.47,742.47,742.47,742.47,0.0,-6.93
2009-04-08,Capital Link Drybulk,CLDBI,752.46,752.46,752.46,752.46,0.0,1.35
2009-04-09,Capital Link Drybulk,CLDBI,801.68,801.68,801.68,801.68,0.0,6.54
2009-04-13,Capital Link Drybulk,CLDBI,851.63,851.63,851.63,851.63,0.0,6.23
2009-04-14,Capital Link Drybulk,CLDBI,877.63,877.63,877.63,877.63,0.0,3.05
2009-04-15,Capital Link Drybulk,CLDBI,837.92,837.92,837.92,837.92,0.0,-4.52
2009-04-16,Capital Link Drybulk,CLDBI,884.7,884.7,884.7,884.7,0.0,5.58
2009-04-17,Capital Link Drybulk,CLDBI,985.34,985.34,985.34,985.34,0.0,11.38
2009-04-20,Capital Link Drybulk,CLDBI,859.5,859.5,859.5,859.5,0.0,-12.77
2009-04-21,Capital Link Drybulk,CLDBI,947.21,947.21,947.21,947.21,0.0,10.2
2009-04-22,Capital Link Drybulk,CLDBI,927.58,927.58,927.58,927.58,0.0,-2.07
2009-04-23,Capital Link Drybulk,CLDBI,918.06,918.06,918.06,918.06,0.0,-1.03
2009-04-24,Capital Link Drybulk,CLDBI,952.78,952.78,952.78,952.78,0.0,3.78
2009-04-27,Capital Link Drybulk,CLDBI,907.65,907.65,907.65,907.65,0.0,-4.74
2009-04-28,Capital Link Drybulk,CLDBI,894.82,894.82,894.82,894.82,0.0,-1.41
2009-04-29,Capital Link Drybulk,CLDBI,928.45,928.45,928.45,928.45,0.0,3.76
2009-04-30,Capital Link Drybulk,CLDBI,981.4,981.4,981.4,981.4,0.0,5.7
2009-05-01,Capital Link Drybulk,CLDBI,1052.71,1052.71,1052.71,1052.71,0.0,7.27
2009-05-04,Capital Link Drybulk,CLDBI,1149.04,1149.04,1149.04,1149.04,0.0,9.15
2009-05-05,Capital Link Drybulk,CLDBI,1129.42,1129.42,1129.42,1129.42,0.0,-1.71
2009-05-06,Capital Link Drybulk,CLDBI,1204.34,1204.34,1204.34,1204.34,0.0,6.63
2009-05-07,Capital Link Drybulk,CLDBI,1101.67,1101.67,1101.67,1101.67,0.0,-8.53
2009-05-08,Capital Link Drybulk,CLDBI,1014.89,1014.89,1014.89,1014.89,0.0,-7.88
2009-05-11,Capital Link Drybulk,CLDBI,970.53,970.53,970.53,970.53,0.0,-4.37
2009-05-12,Capital Link Drybulk,CLDBI,968.41,968.41,968.41,968.41,0.0,-0.22
2009-05-13,Capital Link Drybulk,CLDBI,882.05,882.05,882.05,882.05,0.0,-8.92
2009-05-14,Capital Link Drybulk,CLDBI,921.1,921.1,921.1,921.1,0.0,4.43
2009-05-15,Capital Link Drybulk,CLDBI,955.87,955.87,955.87,955.87,0.0,3.77
2009-05-18,Capital Link Drybulk,CLDBI,988.58,988.58,988.58,988.58,0.0,3.42
2009-05-19,Capital Link Drybulk,CLDBI,1043.18,1043.18,1043.18,1043.18,0.0,5.52
2009-05-20,Capital Link Drybulk,CLDBI,1041.59,1041.59,1041.59,1041.59,0.0,-0.15
2009-05-21,Capital Link Drybulk,CLDBI,990.22,990.22,990.22,990.22,0.0,-4.93
2009-05-22,Capital Link Drybulk,CLDBI,958.67,958.67,958.67,958.67,0.0,-3.19
2009-05-26,Capital Link Drybulk,CLDBI,994.59,994.59,994.59,994.59,0.0,3.75
2009-05-27,Capital Link Drybulk,CLDBI,1006.42,1006.42,1006.42,1006.42,0.0,1.19
2009-05-28,Capital Link Drybulk,CLDBI,1064.46,1064.46,1064.46,1064.46,0.0,5.77
2009-05-29,Capital Link Drybulk,CLDBI,1154.25,1154.25,1154.25,1154.25,0.0,8.44
2009-06-01,Capital Link Drybulk,CLDBI,1179.45,1179.45,1179.45,1179.45,0.0,2.18
2009-06-02,Capital Link Drybulk,CLDBI,1182.36,1182.36,1182.36,1182.36,0.0,0.25
2009-06-03,Capital Link Drybulk,CLDBI,1087.19,1087.19,1087.19,1087.19,0.0,-8.05
2009-06-04,Capital Link Drybulk,CLDBI,1075.73,1075.73,1075.73,1075.73,0.0,-1.05
2009-06-05,Capital Link Drybulk,CLDBI,1056.37,1056.37,1056.37,1056.37,0.0,-1.8
2009-06-08,Capital Link Drybulk,CLDBI,1022.9,1022.9,1022.9,1022.9,0.0,-3.17
2009-06-09,Capital Link Drybulk,CLDBI,1056.83,1056.83,1056.83,1056.83,0.0,3.32
2009-06-10,Capital Link Drybulk,CLDBI,1068.38,1068.38,1068.38,1068.38,0.0,1.09
2009-06-11,Capital Link Drybulk,CLDBI,1080.38,1080.38,1080.38,1080.38,0.0,1.12
2009-06-12,Capital Link Drybulk,CLDBI,1070.09,1070.09,1070.09,1070.09,0.0,-0.95
2009-06-15,Capital Link Drybulk,CLDBI,1019.63,1019.63,1019.63,1019.63,0.0,-4.72
2009-06-16,Capital Link Drybulk,CLDBI,1002.34,1002.34,1002.34,1002.34,0.0,-1.7
2009-06-17,Capital Link Drybulk,CLDBI,975.52,975.52,975.52,975.52,0.0,-2.68
2009-06-18,Capital Link Drybulk,CLDBI,979.06,979.06,979.06,979.06,0.0,0.36
2009-06-19,Capital Link Drybulk,CLDBI,965.99,965.99,965.99,965.99,0.0,-1.33
2009-06-22,Capital Link Drybulk,CLDBI,867.68,867.68,867.68,867.68,0.0,-10.18
2009-06-23,Capital Link Drybulk,CLDBI,873.55,873.55,873.55,873.55,0.0,0.68
2009-06-24,Capital Link Drybulk,CLDBI,900.96,900.96,900.96,900.96,0.0,3.14
2009-06-25,Capital Link Drybulk,CLDBI,903.56,903.56,903.56,903.56,0.0,0.29
2009-06-26,Capital Link Drybulk,CLDBI,938.48,938.48,938.48,938.48,0.0,3.86
2009-06-29,Capital Link Drybulk,CLDBI,926.0,926.0,926.0,926.0,0.0,-1.33
2009-06-30,Capital Link Drybulk,CLDBI,900.97,900.97,900.97,900.97,0.0,-2.7
2009-07-01,Capital Link Drybulk,CLDBI,893.1,893.1,893.1,893.1,0.0,-0.87
2009-07-02,Capital Link Drybulk,CLDBI,865.38,865.38,865.38,865.38,0.0,-3.1
2009-07-06,Capital Link Drybulk,CLDBI,824.2,824.2,824.2,824.2,0.0,-4.76
2009-07-07,Capital Link Drybulk,CLDBI,809.42,809.42,809.42,809.42,0.0,-1.79
2009-07-08,Capital Link Drybulk,CLDBI,818.55,818.55,818.55,818.55,0.0,1.13
2009-07-09,Capital Link Drybulk,CLDBI,833.15,833.15,833.15,833.15,0.0,1.78
2009-07-10,Capital Link Drybulk,CLDBI,828.21,828.21,828.21,828.21,0.0,-0.59
2009-07-13,Capital Link Drybulk,CLDBI,835.81,835.81,835.81,835.81,0.0,0.92
2009-07-14,Capital Link Drybulk,CLDBI,911.42,911.42,911.42,911.42,0.0,9.05
2009-07-15,Capital Link Drybulk,CLDBI,957.51,957.51,957.51,957.51,0.0,5.06
2009-07-16,Capital Link Drybulk,CLDBI,959.49,959.49,959.49,959.49,0.0,0.21
2009-07-17,Capital Link Drybulk,CLDBI,963.71,963.71,963.71,963.71,0.0,0.44
2009-07-20,Capital Link Drybulk,CLDBI,1003.39,1003.39,1003.39,1003.39,0.0,4.12
2009-07-21,Capital Link Drybulk,CLDBI,1006.11,1006.11,1006.11,1006.11,0.0,0.27
2009-07-22,Capital Link Drybulk,CLDBI,980.83,980.83,980.83,980.83,0.0,-2.51
2009-07-23,Capital Link Drybulk,CLDBI,1000.96,1000.96,1000.96,1000.96,0.0,2.05
2009-07-24,Capital Link Drybulk,CLDBI,1019.87,1019.87,1019.87,1019.87,0.0,1.89
2009-07-27,Capital Link Drybulk,CLDBI,1074.8,1074.8,1074.8,1074.8,0.0,5.39
2009-07-28,Capital Link Drybulk,CLDBI,1038.5,1038.5,1038.5,1038.5,0.0,-3.38
2009-07-29,Capital Link Drybulk,CLDBI,1007.6,1007.6,1007.6,1007.6,0.0,-2.98
2009-07-30,Capital Link Drybulk,CLDBI,1018.61,1018.61,1018.61,1018.61,0.0,1.09
2009-07-31,Capital Link Drybulk,CLDBI,1006.15,1006.15,1006.15,1006.15,0.0,-1.22
2009-08-03,Capital Link Drybulk,CLDBI,1046.9,1046.9,1046.9,1046.9,0.0,4.05
2009-08-04,Capital Link Drybulk,CLDBI,1034.12,1034.12,1034.12,1034.12,0.0,-1.22
2009-08-05,Capital Link Drybulk,CLDBI,1014.7,1014.7,1014.7,1014.7,0.0,-1.88
2009-08-06,Capital Link Drybulk,CLDBI,940.61,940.61,940.61,940.61,0.0,-7.3
2009-08-07,Capital Link Drybulk,CLDBI,937.33,937.33,937.33,937.33,0.0,-0.35
2009-08-10,Capital Link Drybulk,CLDBI,931.27,931.27,931.27,931.27,0.0,-0.65
2009-08-11,Capital Link Drybulk,CLDBI,891.38,891.38,891.38,891.38,0.0,-4.28
2009-08-12,Capital Link Drybulk,CLDBI,913.45,913.45,913.45,913.45,0.0,2.48
2009-08-13,Capital Link Drybulk,CLDBI,941.23,941.23,941.23,941.23,0.0,3.04
2009-08-14,Capital Link Drybulk,CLDBI,919.76,919.76,919.76,919.76,0.0,-2.28
2009-08-17,Capital Link Drybulk,CLDBI,867.64,867.64,867.64,867.64,0.0,-5.67
2009-08-18,Capital Link Drybulk,CLDBI,874.95,874.95,874.95,874.95,0.0,0.84
2009-08-19,Capital Link Drybulk,CLDBI,857.23,857.23,857.23,857.23,0.0,-2.03
2009-08-20,Capital Link Drybulk,CLDBI,884.83,884.83,884.83,884.83,0.0,3.22
2009-08-21,Capital Link Drybulk,CLDBI,905.96,905.96,905.96,905.96,0.0,2.39
2009-08-24,Capital Link Drybulk,CLDBI,900.01,900.01,900.01,900.01,0.0,-0.66
2009-08-25,Capital Link Drybulk,CLDBI,880.16,880.16,880.16,880.16,0.0,-2.21
2009-08-26,Capital Link Drybulk,CLDBI,878.23,878.23,878.23,878.23,0.0,-0.22
2009-08-27,Capital Link Drybulk,CLDBI,922.67,922.67,922.67,922.67,0.0,5.06
2009-08-28,Capital Link Drybulk,CLDBI,903.59,903.59,903.59,903.59,0.0,-2.07
2009-08-31,Capital Link Drybulk,CLDBI,863.58,863.58,863.58,863.58,0.0,-4.43
2009-09-01,Capital Link Drybulk,CLDBI,833.29,833.29,833.29,833.29,0.0,-3.51
2009-09-02,Capital Link Drybulk,CLDBI,838.02,838.02,838.02,838.02,0.0,0.57
2009-09-03,Capital Link Drybulk,CLDBI,851.68,851.68,851.68,851.68,0.0,1.63
2009-09-04,Capital Link Drybulk,CLDBI,864.08,864.08,864.08,864.08,0.0,1.46
2009-09-08,Capital Link Drybulk,CLDBI,887.78,887.78,887.78,887.78,0.0,2.74
2009-09-09,Capital Link Drybulk,CLDBI,934.05,934.05,934.05,934.05,0.0,5.21
2009-09-10,Capital Link Drybulk,CLDBI,944.32,944.32,944.32,944.32,0.0,1.1
2009-09-11,Capital Link Drybulk,CLDBI,950.69,950.69,950.69,950.69,0.0,0.67
2009-09-14,Capital Link Drybulk,CLDBI,964.7,964.7,964.7,964.7,0.0,1.47
2009-09-15,Capital Link Drybulk,CLDBI,963.36,963.36,963.36,963.36,0.0,-0.14
2009-09-16,Capital Link Drybulk,CLDBI,1005.08,1005.08,1005.08,1005.08,0.0,4.33
2009-09-17,Capital Link Drybulk,CLDBI,996.05,996.05,996.05,996.05,0.0,-0.9
2009-09-18,Capital Link Drybulk,CLDBI,978.3,978.3,978.3,978.3,0.0,-1.78
2009-09-21,Capital Link Drybulk,CLDBI,944.45,944.45,944.45,944.45,0.0,-3.46
2009-09-22,Capital Link Drybulk,CLDBI,960.17,960.17,960.17,960.17,0.0,1.66
2009-09-23,Capital Link Drybulk,CLDBI,919.53,919.53,919.53,919.53,0.0,-4.23
2009-09-24,Capital Link Drybulk,CLDBI,870.66,870.66,870.66,870.66,0.0,-5.31
2009-09-25,Capital Link Drybulk,CLDBI,852.75,852.75,852.75,852.75,0.0,-2.06
2009-09-28,Capital Link Drybulk,CLDBI,858.35,858.35,858.35,858.35,0.0,0.66
2009-09-29,Capital Link Drybulk,CLDBI,894.66,894.66,894.66,894.66,0.0,4.23
2009-09-30,Capital Link Drybulk,CLDBI,899.78,899.78,899.78,899.78,0.0,0.57
2009-10-01,Capital Link Drybulk,CLDBI,874.5,874.5,874.5,874.5,0.0,-2.81
2009-10-02,Capital Link Drybulk,CLDBI,863.73,863.73,863.73,863.73,0.0,-1.23
2009-10-05,Capital Link Drybulk,CLDBI,867.71,867.71,867.71,867.71,0.0,0.46
2009-10-06,Capital Link Drybulk,CLDBI,902.67,902.67,902.67,902.67,0.0,4.03
2009-10-07,Capital Link Drybulk,CLDBI,954.1,954.1,954.1,954.1,0.0,5.7
2009-10-08,Capital Link Drybulk,CLDBI,980.77,980.77,980.77,980.77,0.0,2.8
2009-10-09,Capital Link Drybulk,CLDBI,952.09,952.09,952.09,952.09,0.0,-2.92
2009-10-12,Capital Link Drybulk,CLDBI,943.3,943.3,943.3,943.3,0.0,-0.92
2009-10-13,Capital Link Drybulk,CLDBI,958.21,958.21,958.21,958.21,0.0,1.58
2009-10-14,Capital Link Drybulk,CLDBI,959.43,959.43,959.43,959.43,0.0,0.13
2009-10-15,Capital Link Drybulk,CLDBI,972.47,972.47,972.47,972.47,0.0,1.36
2009-10-16,Capital Link Drybulk,CLDBI,955.18,955.18,955.18,955.18,0.0,-1.78
2009-10-19,Capital Link Drybulk,CLDBI,965.1,965.1,965.1,965.1,0.0,1.04
2009-10-20,Capital Link Drybulk,CLDBI,1002.77,1002.77,1002.77,1002.77,0.0,3.9
2009-10-21,Capital Link Drybulk,CLDBI,999.61,999.61,999.61,999.61,0.0,-0.32
2009-10-22,Capital Link Drybulk,CLDBI,1015.38,1015.38,1015.38,1015.38,0.0,1.58
2009-10-23,Capital Link Drybulk,CLDBI,981.76,981.76,981.76,981.76,0.0,-3.31
2009-10-26,Capital Link Drybulk,CLDBI,955.63,955.63,955.63,955.63,0.0,-2.66
2009-10-27,Capital Link Drybulk,CLDBI,914.74,914.74,914.74,914.74,0.0,-4.28
2009-10-28,Capital Link Drybulk,CLDBI,869.31,869.31,869.31,869.31,0.0,-4.97
2009-10-29,Capital Link Drybulk,CLDBI,906.38,906.38,906.38,906.38,0.0,4.26
2009-10-30,Capital Link Drybulk,CLDBI,874.46,874.46,874.46,874.46,0.0,-3.52
2009-11-02,Capital Link Drybulk,CLDBI,863.82,863.82,863.82,863.82,0.0,-1.22
2009-11-03,Capital Link Drybulk,CLDBI,890.25,890.25,890.25,890.25,0.0,3.06
2009-11-04,Capital Link Drybulk,CLDBI,876.16,876.16,876.16,876.16,0.0,-1.58
2009-11-05,Capital Link Drybulk,CLDBI,899.38,899.38,899.38,899.38,0.0,2.65
2009-11-06,Capital Link Drybulk,CLDBI,904.63,904.63,904.63,904.63,0.0,0.58
2009-11-09,Capital Link Drybulk,CLDBI,948.79,948.79,948.79,948.79,0.0,4.88
2009-11-10,Capital Link Drybulk,CLDBI,944.13,944.13,944.13,944.13,0.0,-0.49
2009-11-12,Capital Link Drybulk,CLDBI,1034.89,1034.89,1034.89,1034.89,0.0,9.61
2009-11-13,Capital Link Drybulk,CLDBI,1071.12,1071.12,1071.12,1071.12,0.0,3.5
2009-11-16,Capital Link Drybulk,CLDBI,1136.25,1136.25,1136.25,1136.25,0.0,6.08
2009-11-17,Capital Link Drybulk,CLDBI,1153.14,1153.14,1153.14,1153.14,0.0,1.49
2009-11-19,Capital Link Drybulk,CLDBI,1092.21,1092.21,1092.21,1092.21,0.0,-5.28
2009-11-20,Capital Link Drybulk,CLDBI,1099.28,1099.28,1099.28,1099.28,0.0,0.65
2009-11-24,Capital Link Drybulk,CLDBI,1077.85,1077.85,1077.85,1077.85,0.0,-1.95
2009-11-25,Capital Link Drybulk,CLDBI,1072.35,1072.35,1072.35,1072.35,0.0,-0.51
2009-11-27,Capital Link Drybulk,CLDBI,1028.6,1028.6,1028.6,1028.6,0.0,-4.08
2009-11-30,Capital Link Drybulk,CLDBI,1023.08,1023.08,1023.08,1023.08,0.0,-0.54
2009-12-01,Capital Link Drybulk,CLDBI,1071.62,1071.62,1071.62,1071.62,0.0,4.74
2009-12-02,Capital Link Drybulk,CLDBI,1063.47,1063.47,1063.47,1063.47,0.0,-0.76
2009-12-04,Capital Link Drybulk,CLDBI,1055.54,1055.54,1055.54,1055.54,0.0,-0.75
2009-12-07,Capital Link Drybulk,CLDBI,1040.83,1040.83,1040.83,1040.83,0.0,-1.39
2009-12-08,Capital Link Drybulk,CLDBI,1003.44,1003.44,1003.44,1003.44,0.0,-3.59
2009-12-09,Capital Link Drybulk,CLDBI,1001.87,1001.87,1001.87,1001.87,0.0,-0.16
2009-12-10,Capital Link Drybulk,CLDBI,990.92,990.92,990.92,990.92,0.0,-1.09
2009-12-11,Capital Link Drybulk,CLDBI,986.4,986.4,986.4,986.4,0.0,-0.46
2009-12-14,Capital Link Drybulk,CLDBI,1007.61,1007.61,1007.61,1007.61,0.0,2.15
2009-12-15,Capital Link Drybulk,CLDBI,1021.09,1021.09,1021.09,1021.09,0.0,1.34
2009-12-16,Capital Link Drybulk,CLDBI,1014.13,1014.13,1014.13,1014.13,0.0,-0.68
2009-12-17,Capital Link Drybulk,CLDBI,996.89,996.89,996.89,996.89,0.0,-1.7
2009-12-18,Capital Link Drybulk,CLDBI,983.68,983.68,983.68,983.68,0.0,-1.33
2009-12-21,Capital Link Drybulk,CLDBI,978.22,978.22,978.22,978.22,0.0,-0.56
2009-12-22,Capital Link Drybulk,CLDBI,951.42,951.42,951.42,951.42,0.0,-2.74
2009-12-23,Capital Link Drybulk,CLDBI,980.51,980.51,980.51,980.51,0.0,3.06
2009-12-24,Capital Link Drybulk,CLDBI,979.2,979.2,979.2,979.2,0.0,-0.13
2009-12-28,Capital Link Drybulk,CLDBI,975.11,975.11,975.11,975.11,0.0,-0.42
2009-12-29,Capital Link Drybulk,CLDBI,984.56,984.56,984.56,984.56,0.0,0.97
2009-12-30,Capital Link Drybulk,CLDBI,978.54,978.54,978.54,978.54,0.0,-0.61
2009-12-31,Capital Link Drybulk,CLDBI,975.35,975.35,975.35,975.35,0.0,-0.33
2010-01-06,Capital Link Drybulk,CLDBI,1066.88,1066.88,1066.88,1066.88,0.0,9.38
2010-01-07,Capital Link Drybulk,CLDBI,1053.6,1053.6,1053.6,1053.6,0.0,-1.24
2010-01-08,Capital Link Drybulk,CLDBI,1089.11,1089.11,1089.11,1089.11,0.0,3.37
2010-01-11,Capital Link Drybulk,CLDBI,1095.83,1095.83,1095.83,1095.83,0.0,0.62
2010-01-12,Capital Link Drybulk,CLDBI,1074.42,1074.42,1074.42,1074.42,0.0,-1.95
2010-01-13,Capital Link Drybulk,CLDBI,1086.48,1086.48,1086.48,1086.48,0.0,1.12
2010-01-14,Capital Link Drybulk,CLDBI,1090.06,1090.06,1090.06,1090.06,0.0,0.33
2010-01-15,Capital Link Drybulk,CLDBI,1082.75,1082.75,1082.75,1082.75,0.0,-0.67
2010-01-19,Capital Link Drybulk,CLDBI,1073.49,1073.49,1073.49,1073.49,0.0,-0.86
2010-01-20,Capital Link Drybulk,CLDBI,1037.67,1037.67,1037.67,1037.67,0.0,-3.34
2010-01-21,Capital Link Drybulk,CLDBI,1000.64,1000.64,1000.64,1000.64,0.0,-3.57
2010-01-22,Capital Link Drybulk,CLDBI,984.65,984.65,984.65,984.65,0.0,-1.6
2010-01-25,Capital Link Drybulk,CLDBI,1007.67,1007.67,1007.67,1007.67,0.0,2.34
2010-01-26,Capital Link Drybulk,CLDBI,985.83,985.83,985.83,985.83,0.0,-2.17
2010-01-27,Capital Link Drybulk,CLDBI,982.22,982.22,982.22,982.22,0.0,-0.37
2010-01-28,Capital Link Drybulk,CLDBI,949.19,949.19,949.19,949.19,0.0,-3.36
2010-01-29,Capital Link Drybulk,CLDBI,907.28,907.28,907.28,907.28,0.0,-4.42
2010-02-01,Capital Link Drybulk,CLDBI,942.75,942.75,942.75,942.75,0.0,3.91
2010-02-02,Capital Link Drybulk,CLDBI,957.85,957.85,957.85,957.85,0.0,1.6
2010-02-03,Capital Link Drybulk,CLDBI,943.81,943.81,943.81,943.81,0.0,-1.47
2010-02-04,Capital Link Drybulk,CLDBI,888.13,888.13,888.13,888.13,0.0,-5.9
2010-02-05,Capital Link Drybulk,CLDBI,889.88,889.88,889.88,889.88,0.0,0.2
2010-02-08,Capital Link Drybulk,CLDBI,884.89,884.89,884.89,884.89,0.0,-0.56
2010-02-09,Capital Link Drybulk,CLDBI,906.1,906.1,906.1,906.1,0.0,2.4
2010-02-11,Capital Link Drybulk,CLDBI,907.43,907.43,907.43,907.43,0.0,0.15
2010-02-12,Capital Link Drybulk,CLDBI,904.44,904.44,904.44,904.44,0.0,-0.33
2010-02-16,Capital Link Drybulk,CLDBI,951.97,951.97,951.97,951.97,0.0,5.26
2010-02-17,Capital Link Drybulk,CLDBI,954.31,954.31,954.31,954.31,0.0,0.25
2010-02-18,Capital Link Drybulk,CLDBI,945.38,945.38,945.38,945.38,0.0,-0.94
2010-02-19,Capital Link Drybulk,CLDBI,957.42,957.42,957.42,957.42,0.0,1.27
2010-02-22,Capital Link Drybulk,CLDBI,962.02,962.02,962.02,962.02,0.0,0.48
2010-02-23,Capital Link Drybulk,CLDBI,921.42,921.42,921.42,921.42,0.0,-4.22
2010-02-24,Capital Link Drybulk,CLDBI,923.13,923.13,923.13,923.13,0.0,0.19
2010-02-25,Capital Link Drybulk,CLDBI,955.87,955.87,955.87,955.87,0.0,3.55
2010-02-26,Capital Link Drybulk,CLDBI,943.64,943.64,943.64,943.64,0.0,-1.28
2010-03-01,Capital Link Drybulk,CLDBI,950.61,950.61,950.61,950.61,0.0,0.74
2010-03-02,Capital Link Drybulk,CLDBI,966.25,966.25,966.25,966.25,0.0,1.65
2010-03-03,Capital Link Drybulk,CLDBI,987.84,987.84,987.84,987.84,0.0,2.23
2010-03-04,Capital Link Drybulk,CLDBI,1001.17,1001.17,1001.17,1001.17,0.0,1.35
2010-03-05,Capital Link Drybulk,CLDBI,1002.55,1002.55,1002.55,1002.55,0.0,0.14
2010-03-08,Capital Link Drybulk,CLDBI,1020.05,1020.05,1020.05,1020.05,0.0,1.75
2010-03-09,Capital Link Drybulk,CLDBI,981.88,981.88,981.88,981.88,0.0,-3.74
2010-03-10,Capital Link Drybulk,CLDBI,1007.25,1007.25,1007.25,1007.25,0.0,2.58
2010-03-11,Capital Link Drybulk,CLDBI,1009.55,1009.55,1009.55,1009.55,0.0,0.23
2010-03-12,Capital Link Drybulk,CLDBI,1016.5,1016.5,1016.5,1016.5,0.0,0.69
2010-03-15,Capital Link Drybulk,CLDBI,995.53,995.53,995.53,995.53,0.0,-2.06
2010-03-16,Capital Link Drybulk,CLDBI,999.66,999.66,999.66,999.66,0.0,0.41
2010-03-17,Capital Link Drybulk,CLDBI,998.41,998.41,998.41,998.41,0.0,-0.13
2010-03-18,Capital Link Drybulk,CLDBI,987.87,987.87,987.87,987.87,0.0,-1.06
2010-03-19,Capital Link Drybulk,CLDBI,970.78,970.78,970.78,970.78,0.0,-1.73
2010-03-22,Capital Link Drybulk,CLDBI,969.47,969.47,969.47,969.47,0.0,-0.13
2010-03-23,Capital Link Drybulk,CLDBI,977.0,977.0,977.0,977.0,0.0,0.78
2010-03-24,Capital Link Drybulk,CLDBI,964.96,964.96,964.96,964.96,0.0,-1.23
2010-03-25,Capital Link Drybulk,CLDBI,961.44,961.44,961.44,961.44,0.0,-0.36
2010-03-26,Capital Link Drybulk,CLDBI,961.05,961.05,961.05,961.05,0.0,-0.04
2010-03-29,Capital Link Drybulk,CLDBI,985.05,985.05,985.05,985.05,0.0,2.5
2010-03-30,Capital Link Drybulk,CLDBI,1015.34,1015.34,1015.34,1015.34,0.0,3.07
2010-03-31,Capital Link Drybulk,CLDBI,1008.81,1008.81,1008.81,1008.81,0.0,-0.64
2010-04-01,Capital Link Drybulk,CLDBI,1017.52,1017.52,1017.52,1017.52,0.0,0.86
2010-04-05,Capital Link Drybulk,CLDBI,1029.54,1029.54,1029.54,1029.54,0.0,1.18
2010-04-06,Capital Link Drybulk,CLDBI,1036.1,1036.1,1036.1,1036.1,0.0,0.64
2010-04-07,Capital Link Drybulk,CLDBI,1010.13,1010.13,1010.13,1010.13,0.0,-2.51
2010-04-08,Capital Link Drybulk,CLDBI,1011.7,1011.7,1011.7,1011.7,0.0,0.16
2010-04-09,Capital Link Drybulk,CLDBI,1041.58,1041.58,1041.58,1041.58,0.0,2.95
2010-04-12,Capital Link Drybulk,CLDBI,1042.76,1042.76,1042.76,1042.76,0.0,0.11
2010-04-13,Capital Link Drybulk,CLDBI,1044.7,1044.7,1044.7,1044.7,0.0,0.19
2010-04-14,Capital Link Drybulk,CLDBI,1058.58,1058.58,1058.58,1058.58,0.0,1.33
2010-04-15,Capital Link Drybulk,CLDBI,1060.67,1060.67,1060.67,1060.67,0.0,0.2
2010-04-16,Capital Link Drybulk,CLDBI,1027.36,1027.36,1027.36,1027.36,0.0,-3.14
2010-04-19,Capital Link Drybulk,CLDBI,1012.24,1012.24,1012.24,1012.24,0.0,-1.47
2010-04-20,Capital Link Drybulk,CLDBI,1034.55,1034.55,1034.55,1034.55,0.0,2.2
2010-04-21,Capital Link Drybulk,CLDBI,1025.64,1025.64,1025.64,1025.64,0.0,-0.86
2010-04-22,Capital Link Drybulk,CLDBI,1029.48,1029.48,1029.48,1029.48,0.0,0.37
2010-04-23,Capital Link Drybulk,CLDBI,1056.71,1056.71,1056.71,1056.71,0.0,2.65
2010-04-26,Capital Link Drybulk,CLDBI,1074.33,1074.33,1074.33,1074.33,0.0,1.67
2010-04-27,Capital Link Drybulk,CLDBI,1057.67,1057.67,1057.67,1057.67,0.0,-1.55
2010-04-28,Capital Link Drybulk,CLDBI,1069.65,1069.65,1069.65,1069.65,0.0,1.13
2010-04-29,Capital Link Drybulk,CLDBI,1069.85,1069.85,1069.85,1069.85,0.0,0.02
2010-04-30,Capital Link Drybulk,CLDBI,1038.5,1038.5,1038.5,1038.5,0.0,-2.93
2010-05-03,Capital Link Drybulk,CLDBI,1068.6,1068.6,1068.6,1068.6,0.0,2.9
2010-05-04,Capital Link Drybulk,CLDBI,1026.95,1026.95,1026.95,1026.95,0.0,-3.9
2010-05-05,Capital Link Drybulk,CLDBI,993.49,993.49,993.49,993.49,0.0,-3.26
2010-05-06,Capital Link Drybulk,CLDBI,915.81,915.81,915.81,915.81,0.0,-7.82
2010-05-07,Capital Link Drybulk,CLDBI,894.71,894.71,894.71,894.71,0.0,-2.3
2010-05-10,Capital Link Drybulk,CLDBI,962.09,962.09,962.09,962.09,0.0,7.53
2010-05-11,Capital Link Drybulk,CLDBI,969.06,969.06,969.06,969.06,0.0,0.72
2010-05-12,Capital Link Drybulk,CLDBI,999.8,999.8,999.8,999.8,0.0,3.17
2010-05-13,Capital Link Drybulk,CLDBI,989.96,989.96,989.96,989.96,0.0,-0.98
2010-05-14,Capital Link Drybulk,CLDBI,955.22,955.22,955.22,955.22,0.0,-3.51
2010-05-17,Capital Link Drybulk,CLDBI,930.62,930.62,930.62,930.62,0.0,-2.58
2010-05-18,Capital Link Drybulk,CLDBI,917.12,917.12,917.12,917.12,0.0,-1.45
2010-05-19,Capital Link Drybulk,CLDBI,903.34,903.34,903.34,903.34,0.0,-1.5
2010-05-20,Capital Link Drybulk,CLDBI,855.8,855.8,855.8,855.8,0.0,-5.26
2010-05-21,Capital Link Drybulk,CLDBI,893.73,893.73,893.73,893.73,0.0,4.43
2010-05-24,Capital Link Drybulk,CLDBI,873.49,873.49,873.49,873.49,0.0,-2.26
2010-05-25,Capital Link Drybulk,CLDBI,878.58,878.58,878.58,878.58,0.0,0.58
2010-05-26,Capital Link Drybulk,CLDBI,894.66,894.66,894.66,894.66,0.0,1.83
2010-05-27,Capital Link Drybulk,CLDBI,941.14,941.14,941.14,941.14,0.0,5.2
2010-05-28,Capital Link Drybulk,CLDBI,913.95,913.95,913.95,913.95,0.0,-2.89
2010-06-01,Capital Link Drybulk,CLDBI,864.2,864.2,864.2,864.2,0.0,-5.44
2010-06-02,Capital Link Drybulk,CLDBI,900.56,900.56,900.56,900.56,0.0,4.21
2010-06-03,Capital Link Drybulk,CLDBI,894.28,894.28,894.28,894.28,0.0,-0.7
2010-06-04,Capital Link Drybulk,CLDBI,852.85,852.85,852.85,852.85,0.0,-4.63
2010-06-07,Capital Link Drybulk,CLDBI,816.29,816.29,816.29,816.29,0.0,-4.29
2010-06-08,Capital Link Drybulk,CLDBI,804.44,804.44,804.44,804.44,0.0,-1.45
2010-06-09,Capital Link Drybulk,CLDBI,799.19,799.19,799.19,799.19,0.0,-0.65
2010-06-10,Capital Link Drybulk,CLDBI,838.96,838.96,838.96,838.96,0.0,4.98
2010-06-11,Capital Link Drybulk,CLDBI,849.98,849.98,849.98,849.98,0.0,1.31
2010-06-14,Capital Link Drybulk,CLDBI,839.15,839.15,839.15,839.15,0.0,-1.27
2010-06-15,Capital Link Drybulk,CLDBI,855.73,855.73,855.73,855.73,0.0,1.98
2010-06-16,Capital Link Drybulk,CLDBI,850.16,850.16,850.16,850.16,0.0,-0.65
2010-06-17,Capital Link Drybulk,CLDBI,838.64,838.64,838.64,838.64,0.0,-1.36
2010-06-18,Capital Link Drybulk,CLDBI,848.33,848.33,848.33,848.33,0.0,1.16
2010-06-21,Capital Link Drybulk,CLDBI,850.12,850.12,850.12,850.12,0.0,0.21
2010-06-22,Capital Link Drybulk,CLDBI,829.73,829.73,829.73,829.73,0.0,-2.4
2010-06-23,Capital Link Drybulk,CLDBI,835.95,835.95,835.95,835.95,0.0,0.75
2010-06-24,Capital Link Drybulk,CLDBI,820.27,820.27,820.27,820.27,0.0,-1.88
2010-06-25,Capital Link Drybulk,CLDBI,839.98,839.98,839.98,839.98,0.0,2.4
2010-06-28,Capital Link Drybulk,CLDBI,840.24,840.24,840.24,840.24,0.0,0.03
2010-06-29,Capital Link Drybulk,CLDBI,794.46,794.46,794.46,794.46,0.0,-5.45
2010-06-30,Capital Link Drybulk,CLDBI,790.58,790.58,790.58,790.58,0.0,-0.49
2010-07-01,Capital Link Drybulk,CLDBI,782.39,782.39,782.39,782.39,0.0,-1.04
2010-07-02,Capital Link Drybulk,CLDBI,786.44,786.44,786.44,786.44,0.0,0.52
2010-07-07,Capital Link Drybulk,CLDBI,823.19,823.19,823.19,823.19,0.0,4.67
2010-07-08,Capital Link Drybulk,CLDBI,833.25,833.25,833.25,833.25,0.0,1.22
2010-07-09,Capital Link Drybulk,CLDBI,850.83,850.83,850.83,850.83,0.0,2.11
2010-07-12,Capital Link Drybulk,CLDBI,835.25,835.25,835.25,835.25,0.0,-1.83
2010-07-13,Capital Link Drybulk,CLDBI,862.73,862.73,862.73,862.73,0.0,3.29
2010-07-14,Capital Link Drybulk,CLDBI,877.13,877.13,877.13,877.13,0.0,1.67
2010-07-15,Capital Link Drybulk,CLDBI,874.44,874.44,874.44,874.44,0.0,-0.31
2010-07-16,Capital Link Drybulk,CLDBI,861.57,861.57,861.57,861.57,0.0,-1.47
2010-07-19,Capital Link Drybulk,CLDBI,857.66,857.66,857.66,857.66,0.0,-0.45
2010-07-20,Capital Link Drybulk,CLDBI,888.08,888.08,888.08,888.08,0.0,3.55
2010-07-21,Capital Link Drybulk,CLDBI,878.03,878.03,878.03,878.03,0.0,-1.13
2010-07-22,Capital Link Drybulk,CLDBI,901.14,901.14,901.14,901.14,0.0,2.63
2010-07-23,Capital Link Drybulk,CLDBI,925.83,925.83,925.83,925.83,0.0,2.74
2010-07-26,Capital Link Drybulk,CLDBI,927.09,927.09,927.09,927.09,0.0,0.14
2010-07-27,Capital Link Drybulk,CLDBI,908.89,908.89,908.89,908.89,0.0,-1.96
2010-07-28,Capital Link Drybulk,CLDBI,911.79,911.79,911.79,911.79,0.0,0.32
2010-07-29,Capital Link Drybulk,CLDBI,921.33,921.33,921.33,921.33,0.0,1.05
2010-07-30,Capital Link Drybulk,CLDBI,921.59,921.59,921.59,921.59,0.0,0.03
2010-08-02,Capital Link Drybulk,CLDBI,936.22,936.22,936.22,936.22,0.0,1.59
2010-08-03,Capital Link Drybulk,CLDBI,923.92,923.92,923.92,923.92,0.0,-1.31
2010-08-05,Capital Link Drybulk,CLDBI,926.01,926.01,926.01,926.01,0.0,0.23
2010-08-06,Capital Link Drybulk,CLDBI,919.61,919.61,919.61,919.61,0.0,-0.69
2010-08-09,Capital Link Drybulk,CLDBI,927.44,927.44,927.44,927.44,0.0,0.85
2010-08-10,Capital Link Drybulk,CLDBI,910.85,910.85,910.85,910.85,0.0,-1.79
2010-08-11,Capital Link Drybulk,CLDBI,866.34,866.34,866.34,866.34,0.0,-4.89
2010-08-12,Capital Link Drybulk,CLDBI,857.57,857.57,857.57,857.57,0.0,-1.01
2010-08-13,Capital Link Drybulk,CLDBI,858.88,858.88,858.88,858.88,0.0,0.15
2010-08-16,Capital Link Drybulk,CLDBI,861.72,861.72,861.72,861.72,0.0,0.33
2010-08-17,Capital Link Drybulk,CLDBI,889.9,889.9,889.9,889.9,0.0,3.27
2010-08-18,Capital Link Drybulk,CLDBI,888.76,888.76,888.76,888.76,0.0,-0.13
2010-08-19,Capital Link Drybulk,CLDBI,879.14,879.14,879.14,879.14,0.0,-1.08
2010-08-20,Capital Link Drybulk,CLDBI,879.28,879.28,879.28,879.28,0.0,0.02
2010-08-23,Capital Link Drybulk,CLDBI,874.11,874.11,874.11,874.11,0.0,-0.59
2010-08-24,Capital Link Drybulk,CLDBI,849.22,849.22,849.22,849.22,0.0,-2.85
2010-08-25,Capital Link Drybulk,CLDBI,842.55,842.55,842.55,842.55,0.0,-0.79
2010-08-26,Capital Link Drybulk,CLDBI,833.29,833.29,833.29,833.29,0.0,-1.1
2010-08-27,Capital Link Drybulk,CLDBI,861.92,861.92,861.92,861.92,0.0,3.44
2010-08-30,Capital Link Drybulk,CLDBI,848.61,848.61,848.61,848.61,0.0,-1.54
2010-08-31,Capital Link Drybulk,CLDBI,844.28,844.28,844.28,844.28,0.0,-0.51
2010-09-01,Capital Link Drybulk,CLDBI,882.0,882.0,882.0,882.0,0.0,4.47
2010-09-02,Capital Link Drybulk,CLDBI,877.01,877.01,877.01,877.01,0.0,-0.57
2010-09-03,Capital Link Drybulk,CLDBI,889.32,889.32,889.32,889.32,0.0,1.4
2010-09-07,Capital Link Drybulk,CLDBI,866.24,866.24,866.24,866.24,0.0,-2.6
2010-09-08,Capital Link Drybulk,CLDBI,883.05,883.05,883.05,883.05,0.0,1.94
2010-09-09,Capital Link Drybulk,CLDBI,881.67,881.67,881.67,881.67,0.0,-0.16
2010-09-10,Capital Link Drybulk,CLDBI,871.14,871.14,871.14,871.14,0.0,-1.19
2010-09-13,Capital Link Drybulk,CLDBI,892.41,892.41,892.41,892.41,0.0,2.44
2010-09-14,Capital Link Drybulk,CLDBI,880.17,880.17,880.17,880.17,0.0,-1.37
2010-09-15,Capital Link Drybulk,CLDBI,883.78,883.78,883.78,883.78,0.0,0.41
2010-09-16,Capital Link Drybulk,CLDBI,873.96,873.96,873.96,873.96,0.0,-1.11
2010-09-17,Capital Link Drybulk,CLDBI,864.68,864.68,864.68,864.68,0.0,-1.06
2010-09-20,Capital Link Drybulk,CLDBI,874.46,874.46,874.46,874.46,0.0,1.13
2010-09-21,Capital Link Drybulk,CLDBI,874.01,874.01,874.01,874.01,0.0,-0.05
2010-09-22,Capital Link Drybulk,CLDBI,867.71,867.71,867.71,867.71,0.0,-0.72
2010-09-23,Capital Link Drybulk,CLDBI,852.98,852.98,852.98,852.98,0.0,-1.7
2010-09-24,Capital Link Drybulk,CLDBI,876.96,876.96,876.96,876.96,0.0,2.81
2010-09-27,Capital Link Drybulk,CLDBI,893.78,893.78,893.78,893.78,0.0,1.92
2010-09-28,Capital Link Drybulk,CLDBI,903.6,903.6,903.6,903.6,0.0,1.1
2010-09-29,Capital Link Drybulk,CLDBI,897.16,897.16,897.16,897.16,0.0,-0.71
2010-09-30,Capital Link Drybulk,CLDBI,899.78,899.78,899.78,899.78,0.0,0.29
2010-10-01,Capital Link Drybulk,CLDBI,899.73,899.73,899.73,899.73,0.0,-0.01
2010-10-04,Capital Link Drybulk,CLDBI,882.41,882.41,882.41,882.41,0.0,-1.93
2010-10-05,Capital Link Drybulk,CLDBI,902.57,902.57,902.57,902.57,0.0,2.28
2010-10-06,Capital Link Drybulk,CLDBI,907.54,907.54,907.54,907.54,0.0,0.55
2010-10-07,Capital Link Drybulk,CLDBI,917.48,917.48,917.48,917.48,0.0,1.1
2010-10-08,Capital Link Drybulk,CLDBI,919.96,919.96,919.96,919.96,0.0,0.27
2010-10-11,Capital Link Drybulk,CLDBI,937.56,937.56,937.56,937.56,0.0,1.91
2010-10-12,Capital Link Drybulk,CLDBI,939.19,939.19,939.19,939.19,0.0,0.17
2010-10-13,Capital Link Drybulk,CLDBI,952.48,952.48,952.48,952.48,0.0,1.42
2010-10-14,Capital Link Drybulk,CLDBI,942.34,942.34,942.34,942.34,0.0,-1.06
2010-10-15,Capital Link Drybulk,CLDBI,946.43,946.43,946.43,946.43,0.0,0.43
2010-10-18,Capital Link Drybulk,CLDBI,951.22,951.22,951.22,951.22,0.0,0.51
2010-10-19,Capital Link Drybulk,CLDBI,920.65,920.65,920.65,920.65,0.0,-3.21
2010-10-20,Capital Link Drybulk,CLDBI,933.78,933.78,933.78,933.78,0.0,1.43
2010-10-21,Capital Link Drybulk,CLDBI,928.97,928.97,928.97,928.97,0.0,-0.52
2010-10-22,Capital Link Drybulk,CLDBI,944.38,944.38,944.38,944.38,0.0,1.66
2010-10-25,Capital Link Drybulk,CLDBI,953.45,953.45,953.45,953.45,0.0,0.96
2010-10-26,Capital Link Drybulk,CLDBI,948.39,948.39,948.39,948.39,0.0,-0.53
2010-10-27,Capital Link Drybulk,CLDBI,946.07,946.07,946.07,946.07,0.0,-0.24
2010-10-28,Capital Link Drybulk,CLDBI,945.19,945.19,945.19,945.19,0.0,-0.09
2010-10-29,Capital Link Drybulk,CLDBI,950.55,950.55,950.55,950.55,0.0,0.57
2010-11-01,Capital Link Drybulk,CLDBI,947.78,947.78,947.78,947.78,0.0,-0.29
2010-11-02,Capital Link Drybulk,CLDBI,955.86,955.86,955.86,955.86,0.0,0.85
2010-11-03,Capital Link Drybulk,CLDBI,954.04,954.04,954.04,954.04,0.0,-0.19
2010-11-04,Capital Link Drybulk,CLDBI,955.73,955.73,955.73,955.73,0.0,0.18
2010-11-05,Capital Link Drybulk,CLDBI,977.57,977.57,977.57,977.57,0.0,2.29
2010-11-08,Capital Link Drybulk,CLDBI,982.98,982.98,982.98,982.98,0.0,0.55
2010-11-09,Capital Link Drybulk,CLDBI,968.95,968.95,968.95,968.95,0.0,-1.43
2010-11-10,Capital Link Drybulk,CLDBI,971.92,971.92,971.92,971.92,0.0,0.31
2010-11-11,Capital Link Drybulk,CLDBI,980.15,980.15,980.15,980.15,0.0,0.85
2010-11-12,Capital Link Drybulk,CLDBI,942.59,942.59,942.59,942.59,0.0,-3.83
2010-11-15,Capital Link Drybulk,CLDBI,947.52,947.52,947.52,947.52,0.0,0.52
2010-11-16,Capital Link Drybulk,CLDBI,911.92,911.92,911.92,911.92,0.0,-3.76
2010-11-17,Capital Link Drybulk,CLDBI,912.17,912.17,912.17,912.17,0.0,0.03
2010-11-18,Capital Link Drybulk,CLDBI,931.78,931.78,931.78,931.78,0.0,2.15
2010-11-19,Capital Link Drybulk,CLDBI,921.51,921.51,921.51,921.51,0.0,-1.1
2010-11-22,Capital Link Drybulk,CLDBI,918.98,918.98,918.98,918.98,0.0,-0.27
2010-11-23,Capital Link Drybulk,CLDBI,898.56,898.56,898.56,898.56,0.0,-2.22
2010-11-24,Capital Link Drybulk,CLDBI,909.19,909.19,909.19,909.19,0.0,1.18
2010-11-26,Capital Link Drybulk,CLDBI,900.65,900.65,900.65,900.65,0.0,-0.94
2010-11-29,Capital Link Drybulk,CLDBI,902.88,902.88,902.88,902.88,0.0,0.25
2010-11-30,Capital Link Drybulk,CLDBI,914.01,914.01,914.01,914.01,0.0,1.23
2010-12-02,Capital Link Drybulk,CLDBI,918.05,918.05,918.05,918.05,0.0,0.44
2010-12-03,Capital Link Drybulk,CLDBI,944.36,944.36,944.36,944.36,0.0,2.87
2010-12-06,Capital Link Drybulk,CLDBI,950.12,950.12,950.12,950.12,0.0,0.61
2010-12-07,Capital Link Drybulk,CLDBI,925.2,925.2,925.2,925.2,0.0,-2.62
2010-12-08,Capital Link Drybulk,CLDBI,916.67,916.67,916.67,916.67,0.0,-0.92
2010-12-09,Capital Link Drybulk,CLDBI,922.93,922.93,922.93,922.93,0.0,0.68
2010-12-10,Capital Link Drybulk,CLDBI,942.45,942.45,942.45,942.45,0.0,2.12
2010-12-13,Capital Link Drybulk,CLDBI,930.96,930.96,930.96,930.96,0.0,-1.22
2010-12-14,Capital Link Drybulk,CLDBI,923.98,923.98,923.98,923.98,0.0,-0.75
2010-12-15,Capital Link Drybulk,CLDBI,911.4,911.4,911.4,911.4,0.0,-1.36
2010-12-16,Capital Link Drybulk,CLDBI,908.63,908.63,908.63,908.63,0.0,-0.3
2010-12-17,Capital Link Drybulk,CLDBI,902.77,902.77,902.77,902.77,0.0,-0.64
2010-12-20,Capital Link Drybulk,CLDBI,901.93,901.93,901.93,901.93,0.0,-0.09
2010-12-22,Capital Link Drybulk,CLDBI,920.5,920.5,920.5,920.5,0.0,2.06
2010-12-23,Capital Link Drybulk,CLDBI,914.76,914.76,914.76,914.76,0.0,-0.62
2010-12-28,Capital Link Drybulk,CLDBI,888.42,888.42,888.42,888.42,0.0,-2.88
2010-12-30,Capital Link Drybulk,CLDBI,883.8,883.8,883.8,883.8,0.0,-0.52
2010-12-31,Capital Link Drybulk,CLDBI,895.61,895.61,895.61,895.61,0.0,1.34
2011-01-03,Capital Link Drybulk,CLDBI,894.91,894.91,894.91,894.91,0.0,-0.08
2011-01-05,Capital Link Drybulk,CLDBI,909.79,909.79,909.79,909.79,0.0,1.66
2011-01-06,Capital Link Drybulk,CLDBI,924.19,924.19,924.19,924.19,0.0,1.58
2011-01-07,Capital Link Drybulk,CLDBI,926.63,926.63,926.63,926.63,0.0,0.26
2011-01-10,Capital Link Drybulk,CLDBI,926.26,926.26,926.26,926.26,0.0,-0.04
2011-01-11,Capital Link Drybulk,CLDBI,927.01,927.01,927.01,927.01,0.0,0.08
2011-01-12,Capital Link Drybulk,CLDBI,931.21,931.21,931.21,931.21,0.0,0.45
2011-01-13,Capital Link Drybulk,CLDBI,925.83,925.83,925.83,925.83,0.0,-0.58
2011-01-14,Capital Link Drybulk,CLDBI,919.53,919.53,919.53,919.53,0.0,-0.68
2011-01-18,Capital Link Drybulk,CLDBI,919.69,919.69,919.69,919.69,0.0,0.02
2011-01-19,Capital Link Drybulk,CLDBI,893.07,893.07,893.07,893.07,0.0,-2.89
2011-01-20,Capital Link Drybulk,CLDBI,872.49,872.49,872.49,872.49,0.0,-2.3
2011-01-21,Capital Link Drybulk,CLDBI,867.19,867.19,867.19,867.19,0.0,-0.61
2011-01-24,Capital Link Drybulk,CLDBI,862.2,862.2,862.2,862.2,0.0,-0.58
2011-01-25,Capital Link Drybulk,CLDBI,834.07,834.07,834.07,834.07,0.0,-3.26
2011-01-26,Capital Link Drybulk,CLDBI,854.81,854.81,854.81,854.81,0.0,2.49
2011-01-27,Capital Link Drybulk,CLDBI,835.69,835.69,835.69,835.69,0.0,-2.24
2011-01-28,Capital Link Drybulk,CLDBI,840.46,840.46,840.46,840.46,0.0,0.57
2011-01-31,Capital Link Drybulk,CLDBI,841.8,841.8,841.8,841.8,0.0,0.16
2011-02-01,Capital Link Drybulk,CLDBI,854.79,854.79,854.79,854.79,0.0,1.54
2011-02-02,Capital Link Drybulk,CLDBI,873.31,873.31,873.31,873.31,0.0,2.17
2011-02-03,Capital Link Drybulk,CLDBI,879.82,879.82,879.82,879.82,0.0,0.75
2011-02-04,Capital Link Drybulk,CLDBI,879.73,879.73,879.73,879.73,0.0,-0.01
2011-02-07,Capital Link Drybulk,CLDBI,868.77,868.77,868.77,868.77,0.0,-1.25
2011-02-08,Capital Link Drybulk,CLDBI,870.46,870.46,870.46,870.46,0.0,0.19
2011-02-09,Capital Link Drybulk,CLDBI,863.71,863.71,863.71,863.71,0.0,-0.78
2011-02-10,Capital Link Drybulk,CLDBI,854.9,854.9,854.9,854.9,0.0,-1.02
2011-02-11,Capital Link Drybulk,CLDBI,865.1,865.1,865.1,865.1,0.0,1.19
2011-02-14,Capital Link Drybulk,CLDBI,882.96,882.96,882.96,882.96,0.0,2.06
2011-02-15,Capital Link Drybulk,CLDBI,888.25,888.25,888.25,888.25,0.0,0.6
2011-02-16,Capital Link Drybulk,CLDBI,893.34,893.34,893.34,893.34,0.0,0.57
2011-02-17,Capital Link Drybulk,CLDBI,899.32,899.32,899.32,899.32,0.0,0.67
2011-02-18,Capital Link Drybulk,CLDBI,895.78,895.78,895.78,895.78,0.0,-0.39
2011-02-22,Capital Link Drybulk,CLDBI,863.62,863.62,863.62,863.62,0.0,-3.59
2011-02-23,Capital Link Drybulk,CLDBI,874.09,874.09,874.09,874.09,0.0,1.21
2011-02-24,Capital Link Drybulk,CLDBI,884.84,884.84,884.84,884.84,0.0,1.23
2011-02-25,Capital Link Drybulk,CLDBI,890.96,890.96,890.96,890.96,0.0,0.69
2011-02-28,Capital Link Drybulk,CLDBI,894.18,894.18,894.18,894.18,0.0,0.36
2011-03-01,Capital Link Drybulk,CLDBI,884.74,884.74,884.74,884.74,0.0,-1.06
2011-03-02,Capital Link Drybulk,CLDBI,885.48,885.48,885.48,885.48,0.0,0.08
2011-03-03,Capital Link Drybulk,CLDBI,891.25,891.25,891.25,891.25,0.0,0.65
2011-03-04,Capital Link Drybulk,CLDBI,889.24,889.24,889.24,889.24,0.0,-0.23
2011-03-07,Capital Link Drybulk,CLDBI,873.57,873.57,873.57,873.57,0.0,-1.76
2011-03-08,Capital Link Drybulk,CLDBI,872.93,872.93,872.93,872.93,0.0,-0.07
2011-03-09,Capital Link Drybulk,CLDBI,868.98,868.98,868.98,868.98,0.0,-0.45
2011-03-10,Capital Link Drybulk,CLDBI,860.59,860.59,860.59,860.59,0.0,-0.97
2011-03-11,Capital Link Drybulk,CLDBI,866.71,866.71,866.71,866.71,0.0,0.71
2011-03-14,Capital Link Drybulk,CLDBI,863.45,863.45,863.45,863.45,0.0,-0.38
2011-03-15,Capital Link Drybulk,CLDBI,836.96,836.96,836.96,836.96,0.0,-3.07
2011-03-16,Capital Link Drybulk,CLDBI,825.31,825.31,825.31,825.31,0.0,-1.39
2011-03-17,Capital Link Drybulk,CLDBI,828.83,828.83,828.83,828.83,0.0,0.43
2011-03-18,Capital Link Drybulk,CLDBI,830.16,830.16,830.16,830.16,0.0,0.16
2011-03-21,Capital Link Drybulk,CLDBI,847.92,847.92,847.92,847.92,0.0,2.14
2011-03-22,Capital Link Drybulk,CLDBI,853.66,853.66,853.66,853.66,0.0,0.68
2011-03-23,Capital Link Drybulk,CLDBI,858.84,858.84,858.84,858.84,0.0,0.61
2011-03-25,Capital Link Drybulk,CLDBI,882.84,882.84,882.84,882.84,0.0,2.79
2011-03-28,Capital Link Drybulk,CLDBI,879.86,879.86,879.86,879.86,0.0,-0.34
2011-03-29,Capital Link Drybulk,CLDBI,875.33,875.33,875.33,875.33,0.0,-0.51
2011-03-30,Capital Link Drybulk,CLDBI,876.01,876.01,876.01,876.01,0.0,0.08
2011-03-31,Capital Link Drybulk,CLDBI,883.84,883.84,883.84,883.84,0.0,0.89
2011-04-01,Capital Link Drybulk,CLDBI,890.83,890.83,890.83,890.83,0.0,0.79
2011-04-04,Capital Link Drybulk,CLDBI,899.6,899.6,899.6,899.6,0.0,0.98
2011-04-05,Capital Link Drybulk,CLDBI,896.42,896.42,896.42,896.42,0.0,-0.35
2011-04-06,Capital Link Drybulk,CLDBI,907.7,907.7,907.7,907.7,0.0,1.26
2011-04-07,Capital Link Drybulk,CLDBI,906.74,906.74,906.74,906.74,0.0,-0.11
2011-04-08,Capital Link Drybulk,CLDBI,895.88,895.88,895.88,895.88,0.0,-1.2
2011-04-11,Capital Link Drybulk,CLDBI,877.5,877.5,877.5,877.5,0.0,-2.05
2011-04-12,Capital Link Drybulk,CLDBI,860.09,860.09,860.09,860.09,0.0,-1.98
2011-04-13,Capital Link Drybulk,CLDBI,866.04,866.04,866.04,866.04,0.0,0.69
2011-04-14,Capital Link Drybulk,CLDBI,863.43,863.43,863.43,863.43,0.0,-0.3
2011-04-15,Capital Link Drybulk,CLDBI,864.97,864.97,864.97,864.97,0.0,0.18
2011-04-18,Capital Link Drybulk,CLDBI,849.59,849.59,849.59,849.59,0.0,-1.78
2011-04-19,Capital Link Drybulk,CLDBI,846.43,846.43,846.43,846.43,0.0,-0.37
2011-04-20,Capital Link Drybulk,CLDBI,853.1,853.1,853.1,853.1,0.0,0.79
2011-04-21,Capital Link Drybulk,CLDBI,859.19,859.19,859.19,859.19,0.0,0.71
2011-04-25,Capital Link Drybulk,CLDBI,867.88,867.88,867.88,867.88,0.0,1.01
2011-04-26,Capital Link Drybulk,CLDBI,874.47,874.47,874.47,874.47,0.0,0.76
2011-04-28,Capital Link Drybulk,CLDBI,872.06,872.06,872.06,872.06,0.0,-0.28
2011-04-29,Capital Link Drybulk,CLDBI,876.3,876.3,876.3,876.3,0.0,0.49
2011-05-02,Capital Link Drybulk,CLDBI,872.59,872.59,872.59,872.59,0.0,-0.42
2011-05-03,Capital Link Drybulk,CLDBI,858.72,858.72,858.72,858.72,0.0,-1.59
2011-05-04,Capital Link Drybulk,CLDBI,831.48,831.48,831.48,831.48,0.0,-3.17
2011-05-05,Capital Link Drybulk,CLDBI,828.91,828.91,828.91,828.91,0.0,-0.31
2011-05-06,Capital Link Drybulk,CLDBI,835.45,835.45,835.45,835.45,0.0,0.79
2011-05-09,Capital Link Drybulk,CLDBI,838.29,838.29,838.29,838.29,0.0,0.34
2011-05-10,Capital Link Drybulk,CLDBI,853.8,853.8,853.8,853.8,0.0,1.85
2011-05-11,Capital Link Drybulk,CLDBI,839.25,839.25,839.25,839.25,0.0,-1.7
2011-05-12,Capital Link Drybulk,CLDBI,840.22,840.22,840.22,840.22,0.0,0.12
2011-05-13,Capital Link Drybulk,CLDBI,832.66,832.66,832.66,832.66,0.0,-0.9
2011-05-16,Capital Link Drybulk,CLDBI,825.02,825.02,825.02,825.02,0.0,-0.92
2011-05-17,Capital Link Drybulk,CLDBI,810.51,810.51,810.51,810.51,0.0,-1.76
2011-05-18,Capital Link Drybulk,CLDBI,816.03,816.03,816.03,816.03,0.0,0.68
2011-05-20,Capital Link Drybulk,CLDBI,819.55,819.55,819.55,819.55,0.0,0.43
2011-05-23,Capital Link Drybulk,CLDBI,811.6,811.6,811.6,811.6,0.0,-0.97
2011-05-24,Capital Link Drybulk,CLDBI,809.26,809.26,809.26,809.26,0.0,-0.29
2011-05-25,Capital Link Drybulk,CLDBI,812.5,812.5,812.5,812.5,0.0,0.4
2011-05-26,Capital Link Drybulk,CLDBI,803.76,803.76,803.76,803.76,0.0,-1.08
2011-05-27,Capital Link Drybulk,CLDBI,809.23,809.23,809.23,809.23,0.0,0.68
2011-05-31,Capital Link Drybulk,CLDBI,828.69,828.69,828.69,828.69,0.0,2.4
2011-06-01,Capital Link Drybulk,CLDBI,807.63,807.63,807.63,807.63,0.0,-2.54
2011-06-02,Capital Link Drybulk,CLDBI,808.08,808.08,808.08,808.08,0.0,0.06
2011-06-03,Capital Link Drybulk,CLDBI,804.95,804.95,804.95,804.95,0.0,-0.39
2011-06-06,Capital Link Drybulk,CLDBI,770.31,770.31,770.31,770.31,0.0,-4.3
2011-06-07,Capital Link Drybulk,CLDBI,756.26,756.26,756.26,756.26,0.0,-1.82
2011-06-08,Capital Link Drybulk,CLDBI,737.11,737.11,737.11,737.11,0.0,-2.53
2011-06-09,Capital Link Drybulk,CLDBI,747.2,747.2,747.2,747.2,0.0,1.37
2011-06-10,Capital Link Drybulk,CLDBI,754.6,754.6,754.6,754.6,0.0,0.99
2011-06-13,Capital Link Drybulk,CLDBI,748.57,748.57,748.57,748.57,0.0,-0.8
2011-06-14,Capital Link Drybulk,CLDBI,772.0,772.0,772.0,772.0,0.0,3.13
2011-06-15,Capital Link Drybulk,CLDBI,766.32,766.32,766.32,766.32,0.0,-0.74
2011-06-16,Capital Link Drybulk,CLDBI,765.83,765.83,765.83,765.83,0.0,-0.06
2011-06-17,Capital Link Drybulk,CLDBI,763.28,763.28,763.28,763.28,0.0,-0.33
2011-06-20,Capital Link Drybulk,CLDBI,769.63,769.63,769.63,769.63,0.0,0.83
2011-06-21,Capital Link Drybulk,CLDBI,784.49,784.49,784.49,784.49,0.0,1.93
2011-06-22,Capital Link Drybulk,CLDBI,791.66,791.66,791.66,791.66,0.0,0.91
2011-06-23,Capital Link Drybulk,CLDBI,781.21,781.21,781.21,781.21,0.0,-1.32
2011-06-24,Capital Link Drybulk,CLDBI,773.33,773.33,773.33,773.33,0.0,-1.01
2011-06-27,Capital Link Drybulk,CLDBI,775.46,775.46,775.46,775.46,0.0,0.28
2011-06-28,Capital Link Drybulk,CLDBI,779.55,779.55,779.55,779.55,0.0,0.53
2011-06-29,Capital Link Drybulk,CLDBI,787.75,787.75,787.75,787.75,0.0,1.05
2011-06-30,Capital Link Drybulk,CLDBI,792.45,792.45,792.45,792.45,0.0,0.6
2011-07-01,Capital Link Drybulk,CLDBI,799.0,799.0,799.0,799.0,0.0,0.83
2011-07-05,Capital Link Drybulk,CLDBI,781.34,781.34,781.34,781.34,0.0,-2.21
2011-07-07,Capital Link Drybulk,CLDBI,814.53,814.53,814.53,814.53,0.0,4.25
2011-07-08,Capital Link Drybulk,CLDBI,804.98,804.98,804.98,804.98,0.0,-1.17
2011-07-11,Capital Link Drybulk,CLDBI,783.02,783.02,783.02,783.02,0.0,-2.73
2011-07-12,Capital Link Drybulk,CLDBI,766.27,766.27,766.27,766.27,0.0,-2.14
2011-07-13,Capital Link Drybulk,CLDBI,780.25,780.25,780.25,780.25,0.0,1.82
2011-07-14,Capital Link Drybulk,CLDBI,774.45,774.45,774.45,774.45,0.0,-0.74
2011-07-15,Capital Link Drybulk,CLDBI,776.3,776.3,776.3,776.3,0.0,0.24
2011-07-18,Capital Link Drybulk,CLDBI,760.04,760.04,760.04,760.04,0.0,-2.09
2011-07-19,Capital Link Drybulk,CLDBI,761.31,761.31,761.31,761.31,0.0,0.17
2011-07-20,Capital Link Drybulk,CLDBI,758.49,758.49,758.49,758.49,0.0,-0.37
2011-07-21,Capital Link Drybulk,CLDBI,753.81,753.81,753.81,753.81,0.0,-0.62
2011-07-22,Capital Link Drybulk,CLDBI,728.1,728.1,728.1,728.1,0.0,-3.41
2011-07-25,Capital Link Drybulk,CLDBI,709.64,709.64,709.64,709.64,0.0,-2.54
2011-07-26,Capital Link Drybulk,CLDBI,726.43,726.43,726.43,726.43,0.0,2.37
2011-07-27,Capital Link Drybulk,CLDBI,729.86,729.86,729.86,729.86,0.0,0.47
2011-07-28,Capital Link Drybulk,CLDBI,731.29,731.29,731.29,731.29,0.0,0.2
2011-08-01,Capital Link Drybulk,CLDBI,716.75,716.75,716.75,716.75,0.0,-1.99
2011-08-02,Capital Link Drybulk,CLDBI,690.46,690.46,690.46,690.46,0.0,-3.67
2011-08-03,Capital Link Drybulk,CLDBI,671.47,671.47,671.47,671.47,0.0,-2.75
2011-08-04,Capital Link Drybulk,CLDBI,619.19,619.19,619.19,619.19,0.0,-7.79
2011-08-05,Capital Link Drybulk,CLDBI,589.97,589.97,589.97,589.97,0.0,-4.72
2011-08-08,Capital Link Drybulk,CLDBI,524.07,524.07,524.07,524.07,0.0,-11.17
2011-08-09,Capital Link Drybulk,CLDBI,594.88,594.88,594.88,594.88,0.0,13.51
2011-08-10,Capital Link Drybulk,CLDBI,604.01,604.01,604.01,604.01,0.0,1.53
2011-08-11,Capital Link Drybulk,CLDBI,647.31,647.31,647.31,647.31,0.0,7.17
2011-08-15,Capital Link Drybulk,CLDBI,684.56,684.56,684.56,684.56,0.0,5.75
2011-08-16,Capital Link Drybulk,CLDBI,671.28,671.28,671.28,671.28,0.0,-1.94
2011-08-17,Capital Link Drybulk,CLDBI,699.64,699.64,699.64,699.64,0.0,4.22
2011-08-18,Capital Link Drybulk,CLDBI,654.06,654.06,654.06,654.06,0.0,-6.51
2011-08-19,Capital Link Drybulk,CLDBI,640.09,640.09,640.09,640.09,0.0,-2.14
2011-08-22,Capital Link Drybulk,CLDBI,637.09,637.09,637.09,637.09,0.0,-0.47
2011-08-23,Capital Link Drybulk,CLDBI,662.32,662.32,662.32,662.32,0.0,3.96
2011-08-24,Capital Link Drybulk,CLDBI,664.82,664.82,664.82,664.82,0.0,0.38
2011-08-25,Capital Link Drybulk,CLDBI,658.95,658.95,658.95,658.95,0.0,-0.88
2011-08-26,Capital Link Drybulk,CLDBI,669.57,669.57,669.57,669.57,0.0,1.61
2011-08-29,Capital Link Drybulk,CLDBI,699.35,699.35,699.35,699.35,0.0,4.45
2011-08-30,Capital Link Drybulk,CLDBI,703.91,703.91,703.91,703.91,0.0,0.65
2011-08-31,Capital Link Drybulk,CLDBI,699.97,699.97,699.97,699.97,0.0,-0.56
2011-09-01,Capital Link Drybulk,CLDBI,701.07,701.07,701.07,701.07,0.0,0.16
2011-09-02,Capital Link Drybulk,CLDBI,672.28,672.28,672.28,672.28,0.0,-4.11
2011-09-06,Capital Link Drybulk,CLDBI,654.86,654.86,654.86,654.86,0.0,-2.59
2011-09-07,Capital Link Drybulk,CLDBI,672.39,672.39,672.39,672.39,0.0,2.68
2011-09-08,Capital Link Drybulk,CLDBI,666.64,666.64,666.64,666.64,0.0,-0.86
2011-09-09,Capital Link Drybulk,CLDBI,659.09,659.09,659.09,659.09,0.0,-1.13
2011-09-12,Capital Link Drybulk,CLDBI,662.39,662.39,662.39,662.39,0.0,0.5
2011-09-13,Capital Link Drybulk,CLDBI,693.2,693.2,693.2,693.2,0.0,4.65
2011-09-14,Capital Link Drybulk,CLDBI,697.22,697.22,697.22,697.22,0.0,0.58
2011-09-15,Capital Link Drybulk,CLDBI,693.81,693.81,693.81,693.81,0.0,-0.49
2011-09-16,Capital Link Drybulk,CLDBI,674.19,674.19,674.19,674.19,0.0,-2.83
2011-09-19,Capital Link Drybulk,CLDBI,661.89,661.89,661.89,661.89,0.0,-1.82
2011-09-20,Capital Link Drybulk,CLDBI,663.65,663.65,663.65,663.65,0.0,0.27
2011-09-21,Capital Link Drybulk,CLDBI,645.42,645.42,645.42,645.42,0.0,-2.75
2011-09-23,Capital Link Drybulk,CLDBI,657.13,657.13,657.13,657.13,0.0,1.81
2011-09-26,Capital Link Drybulk,CLDBI,646.17,646.17,646.17,646.17,0.0,-1.67
2011-09-27,Capital Link Drybulk,CLDBI,653.49,653.49,653.49,653.49,0.0,1.13
2011-09-28,Capital Link Drybulk,CLDBI,629.91,629.91,629.91,629.91,0.0,-3.61
2011-09-29,Capital Link Drybulk,CLDBI,640.88,640.88,640.88,640.88,0.0,1.74
2011-09-30,Capital Link Drybulk,CLDBI,619.58,619.58,619.58,619.58,0.0,-3.32
2011-10-03,Capital Link Drybulk,CLDBI,575.15,575.15,575.15,575.15,0.0,-7.17
2011-10-04,Capital Link Drybulk,CLDBI,587.31,587.31,587.31,587.31,0.0,2.11
2011-10-05,Capital Link Drybulk,CLDBI,605.62,605.62,605.62,605.62,0.0,3.12
2011-10-06,Capital Link Drybulk,CLDBI,632.73,632.73,632.73,632.73,0.0,4.48
2011-10-07,Capital Link Drybulk,CLDBI,618.11,618.11,618.11,618.11,0.0,-2.31
2011-10-10,Capital Link Drybulk,CLDBI,661.15,661.15,661.15,661.15,0.0,6.96
2011-10-11,Capital Link Drybulk,CLDBI,695.45,695.45,695.45,695.45,0.0,5.19
2011-10-12,Capital Link Drybulk,CLDBI,715.23,715.23,715.23,715.23,0.0,2.84
2011-10-13,Capital Link Drybulk,CLDBI,721.36,721.36,721.36,721.36,0.0,0.86
2011-10-14,Capital Link Drybulk,CLDBI,748.69,748.69,748.69,748.69,0.0,3.79
2011-10-17,Capital Link Drybulk,CLDBI,716.65,716.65,716.65,716.65,0.0,-4.28
2011-10-18,Capital Link Drybulk,CLDBI,732.53,732.53,732.53,732.53,0.0,2.22
2011-10-24,Capital Link Drybulk,CLDBI,730.71,730.71,730.71,730.71,0.0,-0.25
2011-10-25,Capital Link Drybulk,CLDBI,712.84,712.84,712.84,712.84,0.0,-2.45
2011-10-26,Capital Link Drybulk,CLDBI,721.26,721.26,721.26,721.26,0.0,1.18
2011-10-27,Capital Link Drybulk,CLDBI,743.01,743.01,743.01,743.01,0.0,3.02
2011-10-28,Capital Link Drybulk,CLDBI,750.0,750.0,750.0,750.0,0.0,0.94
2011-10-31,Capital Link Drybulk,CLDBI,724.67,724.67,724.67,724.67,0.0,-3.38
2011-11-01,Capital Link Drybulk,CLDBI,720.08,720.08,720.08,720.08,0.0,-0.63
2011-11-02,Capital Link Drybulk,CLDBI,734.66,734.66,734.66,734.66,0.0,2.02
2011-11-03,Capital Link Drybulk,CLDBI,744.42,744.42,744.42,744.42,0.0,1.33
2011-11-04,Capital Link Drybulk,CLDBI,688.96,688.96,688.96,688.96,0.0,-7.45
2011-11-07,Capital Link Drybulk,CLDBI,665.32,665.32,665.32,665.32,0.0,-3.43
2011-11-08,Capital Link Drybulk,CLDBI,675.57,675.57,675.57,675.57,0.0,1.54
2011-11-09,Capital Link Drybulk,CLDBI,639.7,639.7,639.7,639.7,0.0,-5.31
2011-11-10,Capital Link Drybulk,CLDBI,656.07,656.07,656.07,656.07,0.0,2.56
2011-11-11,Capital Link Drybulk,CLDBI,666.41,666.41,666.41,666.41,0.0,1.58
2011-11-14,Capital Link Drybulk,CLDBI,660.13,660.13,660.13,660.13,0.0,-0.94
2011-11-15,Capital Link Drybulk,CLDBI,660.38,660.38,660.38,660.38,0.0,0.04
2011-11-16,Capital Link Drybulk,CLDBI,663.31,663.31,663.31,663.31,0.0,0.44
2011-11-17,Capital Link Drybulk,CLDBI,654.31,654.31,654.31,654.31,0.0,-1.36
2011-11-22,Capital Link Drybulk,CLDBI,617.7,617.7,617.7,617.7,0.0,-5.6
2011-11-23,Capital Link Drybulk,CLDBI,593.11,593.11,593.11,593.11,0.0,-3.98
2011-11-25,Capital Link Drybulk,CLDBI,587.31,587.31,587.31,587.31,0.0,-0.98
2011-11-28,Capital Link Drybulk,CLDBI,606.14,606.14,606.14,606.14,0.0,3.21
2011-11-29,Capital Link Drybulk,CLDBI,598.65,598.65,598.65,598.65,0.0,-1.24
2011-12-01,Capital Link Drybulk,CLDBI,612.97,612.97,612.97,612.97,0.0,2.39
2011-12-02,Capital Link Drybulk,CLDBI,639.36,639.36,639.36,639.36,0.0,4.31
2011-12-05,Capital Link Drybulk,CLDBI,650.66,650.66,650.66,650.66,0.0,1.77
2011-12-06,Capital Link Drybulk,CLDBI,650.07,650.07,650.07,650.07,0.0,-0.09
2011-12-07,Capital Link Drybulk,CLDBI,643.57,643.57,643.57,643.57,0.0,-1.0
2011-12-08,Capital Link Drybulk,CLDBI,637.59,637.59,637.59,637.59,0.0,-0.93
2011-12-12,Capital Link Drybulk,CLDBI,652.66,652.66,652.66,652.66,0.0,2.36
2011-12-13,Capital Link Drybulk,CLDBI,641.91,641.91,641.91,641.91,0.0,-1.65
2011-12-14,Capital Link Drybulk,CLDBI,634.43,634.43,634.43,634.43,0.0,-1.17
2011-12-16,Capital Link Drybulk,CLDBI,631.88,631.88,631.88,631.88,0.0,-0.4
2011-12-19,Capital Link Drybulk,CLDBI,616.76,616.76,616.76,616.76,0.0,-2.39
2011-12-20,Capital Link Drybulk,CLDBI,627.52,627.52,627.52,627.52,0.0,1.74
2011-12-21,Capital Link Drybulk,CLDBI,643.34,643.34,643.34,643.34,0.0,2.52
2011-12-23,Capital Link Drybulk,CLDBI,641.24,641.24,641.24,641.24,0.0,-0.33
2011-12-27,Capital Link Drybulk,CLDBI,637.66,637.66,637.66,637.66,0.0,-0.56
2011-12-28,Capital Link Drybulk,CLDBI,637.4,637.4,637.4,637.4,0.0,-0.04
2011-12-29,Capital Link Drybulk,CLDBI,644.66,644.66,644.66,644.66,0.0,1.14
2011-12-30,Capital Link Drybulk,CLDBI,643.5,643.5,643.5,643.5,0.0,-0.18
2012-01-03,Capital Link Drybulk,CLDBI,661.81,661.81,661.81,661.81,0.0,2.85
2012-01-04,Capital Link Drybulk,CLDBI,665.06,665.06,665.06,665.06,0.0,0.49
2012-01-06,Capital Link Drybulk,CLDBI,674.44,674.44,674.44,674.44,0.0,1.41
2012-01-09,Capital Link Drybulk,CLDBI,684.4,684.4,684.4,684.4,0.0,1.48
2012-01-12,Capital Link Drybulk,CLDBI,701.87,701.87,701.87,701.87,0.0,2.55
2012-01-13,Capital Link Drybulk,CLDBI,690.57,690.57,690.57,690.57,0.0,-1.61
2012-01-17,Capital Link Drybulk,CLDBI,700.04,700.04,700.04,700.04,0.0,1.37
2012-01-18,Capital Link Drybulk,CLDBI,704.31,704.31,704.31,704.31,0.0,0.61
2012-01-20,Capital Link Drybulk,CLDBI,697.54,697.54,697.54,697.54,0.0,-0.96
2012-01-23,Capital Link Drybulk,CLDBI,699.74,699.74,699.74,699.74,0.0,0.32
2012-01-24,Capital Link Drybulk,CLDBI,701.8,701.8,701.8,701.8,0.0,0.29
2012-01-25,Capital Link Drybulk,CLDBI,703.86,703.86,703.86,703.86,0.0,0.29
2012-01-26,Capital Link Drybulk,CLDBI,706.25,706.25,706.25,706.25,0.0,0.34
2012-01-27,Capital Link Drybulk,CLDBI,712.56,712.56,712.56,712.56,0.0,0.89
2012-01-30,Capital Link Drybulk,CLDBI,705.67,705.67,705.67,705.67,0.0,-0.97
2012-01-31,Capital Link Drybulk,CLDBI,703.83,703.83,703.83,703.83,0.0,-0.26
2012-02-01,Capital Link Drybulk,CLDBI,705.87,705.87,705.87,705.87,0.0,0.29
2012-02-02,Capital Link Drybulk,CLDBI,707.09,707.09,707.09,707.09,0.0,0.17
2012-02-03,Capital Link Drybulk,CLDBI,724.97,724.97,724.97,724.97,0.0,2.53
2012-02-06,Capital Link Drybulk,CLDBI,752.03,752.03,752.03,752.03,0.0,3.73
2012-02-07,Capital Link Drybulk,CLDBI,706.6,706.6,706.6,706.6,0.0,-6.04
2012-02-08,Capital Link Drybulk,CLDBI,712.92,712.92,712.92,712.92,0.0,0.89
2012-02-09,Capital Link Drybulk,CLDBI,721.99,721.99,721.99,721.99,0.0,1.27
2012-02-10,Capital Link Drybulk,CLDBI,703.3,703.3,703.3,703.3,0.0,-2.59
2012-02-13,Capital Link Drybulk,CLDBI,735.61,735.61,735.61,735.61,0.0,4.59
2012-02-14,Capital Link Drybulk,CLDBI,747.19,747.19,747.19,747.19,0.0,1.57
2012-02-15,Capital Link Drybulk,CLDBI,705.57,705.57,705.57,705.57,0.0,-5.57
2012-02-16,Capital Link Drybulk,CLDBI,729.25,729.25,729.25,729.25,0.0,3.36
2012-02-17,Capital Link Drybulk,CLDBI,731.1,731.1,731.1,731.1,0.0,0.25
2012-02-21,Capital Link Drybulk,CLDBI,707.69,707.69,707.69,707.69,0.0,-3.2
2012-02-22,Capital Link Drybulk,CLDBI,704.95,704.95,704.95,704.95,0.0,-0.39
2012-02-23,Capital Link Drybulk,CLDBI,705.1,705.1,705.1,705.1,0.0,0.02
2012-02-24,Capital Link Drybulk,CLDBI,699.57,699.57,699.57,699.57,0.0,-0.78
2012-02-27,Capital Link Drybulk,CLDBI,704.36,704.36,704.36,704.36,0.0,0.68
2012-02-28,Capital Link Drybulk,CLDBI,692.96,692.96,692.96,692.96,0.0,-1.62
2012-02-29,Capital Link Drybulk,CLDBI,693.4,693.4,693.4,693.4,0.0,0.06
2012-03-01,Capital Link Drybulk,CLDBI,709.4,709.4,709.4,709.4,0.0,2.31
2012-03-02,Capital Link Drybulk,CLDBI,707.22,707.22,707.22,707.22,0.0,-0.31
2012-03-05,Capital Link Drybulk,CLDBI,691.68,691.68,691.68,691.68,0.0,-2.2
2012-03-06,Capital Link Drybulk,CLDBI,674.81,674.81,674.81,674.81,0.0,-2.44
2012-03-07,Capital Link Drybulk,CLDBI,682.78,682.78,682.78,682.78,0.0,1.18
2012-03-08,Capital Link Drybulk,CLDBI,690.34,690.34,690.34,690.34,0.0,1.11
2012-03-09,Capital Link Drybulk,CLDBI,688.42,688.42,688.42,688.42,0.0,-0.28
2012-03-12,Capital Link Drybulk,CLDBI,678.38,678.38,678.38,678.38,0.0,-1.46
2012-03-13,Capital Link Drybulk,CLDBI,675.19,675.19,675.19,675.19,0.0,-0.47
2012-03-14,Capital Link Drybulk,CLDBI,674.48,674.48,674.48,674.48,0.0,-0.11
2012-03-15,Capital Link Drybulk,CLDBI,695.93,695.93,695.93,695.93,0.0,3.18
2012-03-16,Capital Link Drybulk,CLDBI,711.82,711.82,711.82,711.82,0.0,2.28
2012-03-20,Capital Link Drybulk,CLDBI,702.49,702.49,702.49,702.49,0.0,-1.31
2012-03-21,Capital Link Drybulk,CLDBI,714.15,714.15,714.15,714.15,0.0,1.66
2012-03-22,Capital Link Drybulk,CLDBI,701.89,701.89,701.89,701.89,0.0,-1.72
2012-03-23,Capital Link Drybulk,CLDBI,708.33,708.33,708.33,708.33,0.0,0.92
2012-03-26,Capital Link Drybulk,CLDBI,709.92,709.92,709.92,709.92,0.0,0.22
2012-03-27,Capital Link Drybulk,CLDBI,696.83,696.83,696.83,696.83,0.0,-1.84
2012-03-28,Capital Link Drybulk,CLDBI,702.12,702.12,702.12,702.12,0.0,0.76
2012-03-29,Capital Link Drybulk,CLDBI,705.11,705.11,705.11,705.11,0.0,0.43
2012-03-30,Capital Link Drybulk,CLDBI,717.67,717.67,717.67,717.67,0.0,1.78
2012-04-02,Capital Link Drybulk,CLDBI,715.98,715.98,715.98,715.98,0.0,-0.24
2012-04-03,Capital Link Drybulk,CLDBI,710.35,710.35,710.35,710.35,0.0,-0.79
2012-04-04,Capital Link Drybulk,CLDBI,716.53,716.53,716.53,716.53,0.0,0.87
2012-04-05,Capital Link Drybulk,CLDBI,691.7,691.7,691.7,691.7,0.0,-3.47
2012-04-09,Capital Link Drybulk,CLDBI,670.03,670.03,670.03,670.03,0.0,-3.13
2012-04-10,Capital Link Drybulk,CLDBI,633.62,633.62,633.62,633.62,0.0,-5.43
2012-04-12,Capital Link Drybulk,CLDBI,656.08,656.08,656.08,656.08,0.0,3.54
2012-04-13,Capital Link Drybulk,CLDBI,642.96,642.96,642.96,642.96,0.0,-2.0
2012-04-16,Capital Link Drybulk,CLDBI,647.67,647.67,647.67,647.67,0.0,0.73
2012-04-17,Capital Link Drybulk,CLDBI,659.05,659.05,659.05,659.05,0.0,1.76
2012-04-18,Capital Link Drybulk,CLDBI,644.59,644.59,644.59,644.59,0.0,-2.19
2012-04-19,Capital Link Drybulk,CLDBI,645.91,645.91,645.91,645.91,0.0,0.2
2012-04-20,Capital Link Drybulk,CLDBI,653.07,653.07,653.07,653.07,0.0,1.11
2012-04-23,Capital Link Drybulk,CLDBI,647.29,647.29,647.29,647.29,0.0,-0.89
2012-04-24,Capital Link Drybulk,CLDBI,652.92,652.92,652.92,652.92,0.0,0.87
2012-04-25,Capital Link Drybulk,CLDBI,657.9,657.9,657.9,657.9,0.0,0.76
2012-04-26,Capital Link Drybulk,CLDBI,665.28,665.28,665.28,665.28,0.0,1.12
2012-04-27,Capital Link Drybulk,CLDBI,670.52,670.52,670.52,670.52,0.0,0.79
2012-04-30,Capital Link Drybulk,CLDBI,676.38,676.38,676.38,676.38,0.0,0.87
2012-05-01,Capital Link Drybulk,CLDBI,708.28,708.28,708.28,708.28,0.0,4.72
2012-05-02,Capital Link Drybulk,CLDBI,708.87,708.87,708.87,708.87,0.0,0.08
2012-05-03,Capital Link Drybulk,CLDBI,684.93,684.93,684.93,684.93,0.0,-3.38
2012-05-04,Capital Link Drybulk,CLDBI,694.67,694.67,694.67,694.67,0.0,1.42
2012-05-07,Capital Link Drybulk,CLDBI,692.27,692.27,692.27,692.27,0.0,-0.35
2012-05-08,Capital Link Drybulk,CLDBI,675.05,675.05,675.05,675.05,0.0,-2.49
2012-05-09,Capital Link Drybulk,CLDBI,653.38,653.38,653.38,653.38,0.0,-3.21
2012-05-10,Capital Link Drybulk,CLDBI,651.51,651.51,651.51,651.51,0.0,-0.29
2012-05-14,Capital Link Drybulk,CLDBI,637.64,637.64,637.64,637.64,0.0,-2.13
2012-05-15,Capital Link Drybulk,CLDBI,632.4,632.4,632.4,632.4,0.0,-0.82
2012-05-16,Capital Link Drybulk,CLDBI,619.35,619.35,619.35,619.35,0.0,-2.06
2012-05-17,Capital Link Drybulk,CLDBI,593.29,593.29,593.29,593.29,0.0,-4.21
2012-05-18,Capital Link Drybulk,CLDBI,567.63,567.63,567.63,567.63,0.0,-4.33
2012-05-21,Capital Link Drybulk,CLDBI,600.24,600.24,600.24,600.24,0.0,5.74
2012-05-22,Capital Link Drybulk,CLDBI,615.41,615.41,615.41,615.41,0.0,2.53
2012-05-23,Capital Link Drybulk,CLDBI,623.55,623.55,623.55,623.55,0.0,1.32
2012-05-24,Capital Link Drybulk,CLDBI,625.68,625.68,625.68,625.68,0.0,0.34
2012-05-25,Capital Link Drybulk,CLDBI,675.35,675.35,675.35,675.35,0.0,7.94
2012-05-29,Capital Link Drybulk,CLDBI,675.35,675.35,675.35,675.35,0.0,0.0
2012-05-30,Capital Link Drybulk,CLDBI,665.14,665.14,665.14,665.14,0.0,-1.51
2012-05-31,Capital Link Drybulk,CLDBI,642.51,642.51,642.51,642.51,0.0,-3.4
2012-06-01,Capital Link Drybulk,CLDBI,634.25,634.25,634.25,634.25,0.0,-1.29
2012-06-04,Capital Link Drybulk,CLDBI,621.41,621.41,621.41,621.41,0.0,-2.02
2012-06-05,Capital Link Drybulk,CLDBI,635.05,635.05,635.05,635.05,0.0,2.2
2012-06-06,Capital Link Drybulk,CLDBI,653.29,653.29,653.29,653.29,0.0,2.87
2012-06-07,Capital Link Drybulk,CLDBI,641.87,641.87,641.87,641.87,0.0,-1.75
2012-06-08,Capital Link Drybulk,CLDBI,644.18,644.18,644.18,644.18,0.0,0.36
2012-06-11,Capital Link Drybulk,CLDBI,633.5,633.5,633.5,633.5,0.0,-1.66
2012-06-12,Capital Link Drybulk,CLDBI,634.07,634.07,634.07,634.07,0.0,0.09
2012-06-13,Capital Link Drybulk,CLDBI,624.99,624.99,624.99,624.99,0.0,-1.43
2012-06-14,Capital Link Drybulk,CLDBI,630.66,630.66,630.66,630.66,0.0,0.91
2012-06-15,Capital Link Drybulk,CLDBI,642.25,642.25,642.25,642.25,0.0,1.84
2012-06-18,Capital Link Drybulk,CLDBI,628.45,628.45,628.45,628.45,0.0,-2.15
2012-06-20,Capital Link Drybulk,CLDBI,635.33,635.33,635.33,635.33,0.0,1.09
2012-06-21,Capital Link Drybulk,CLDBI,636.14,636.14,636.14,636.14,0.0,0.13
2012-06-22,Capital Link Drybulk,CLDBI,640.74,640.74,640.74,640.74,0.0,0.72
2012-06-25,Capital Link Drybulk,CLDBI,622.47,622.47,622.47,622.47,0.0,-2.85
2012-06-26,Capital Link Drybulk,CLDBI,622.06,622.06,622.06,622.06,0.0,-0.07
2012-06-27,Capital Link Drybulk,CLDBI,631.56,631.56,631.56,631.56,0.0,1.53
2012-06-28,Capital Link Drybulk,CLDBI,630.83,630.83,630.83,630.83,0.0,-0.12
2012-06-29,Capital Link Drybulk,CLDBI,651.34,651.34,651.34,651.34,0.0,3.25
2012-07-02,Capital Link Drybulk,CLDBI,651.04,651.04,651.04,651.04,0.0,-0.05
2012-07-03,Capital Link Drybulk,CLDBI,659.48,659.48,659.48,659.48,0.0,1.3
2012-07-05,Capital Link Drybulk,CLDBI,664.36,664.36,664.36,664.36,0.0,0.74
2012-07-06,Capital Link Drybulk,CLDBI,648.56,648.56,648.56,648.56,0.0,-2.38
2012-07-09,Capital Link Drybulk,CLDBI,636.95,636.95,636.95,636.95,0.0,-1.79
2012-07-10,Capital Link Drybulk,CLDBI,633.12,633.12,633.12,633.12,0.0,-0.6
2012-07-11,Capital Link Drybulk,CLDBI,629.13,629.13,629.13,629.13,0.0,-0.63
2012-07-12,Capital Link Drybulk,CLDBI,621.53,621.53,621.53,621.53,0.0,-1.21
2012-07-13,Capital Link Drybulk,CLDBI,629.1,629.1,629.1,629.1,0.0,1.22
2012-07-16,Capital Link Drybulk,CLDBI,629.44,629.44,629.44,629.44,0.0,0.05
2012-07-17,Capital Link Drybulk,CLDBI,632.64,632.64,632.64,632.64,0.0,0.51
2012-07-18,Capital Link Drybulk,CLDBI,634.7,634.7,634.7,634.7,0.0,0.33
2012-07-19,Capital Link Drybulk,CLDBI,650.13,650.13,650.13,650.13,0.0,2.43
2012-07-20,Capital Link Drybulk,CLDBI,640.66,640.66,640.66,640.66,0.0,-1.46
2012-07-23,Capital Link Drybulk,CLDBI,628.12,628.12,628.12,628.12,0.0,-1.96
2012-07-25,Capital Link Drybulk,CLDBI,648.94,648.94,648.94,648.94,0.0,3.31
2012-07-26,Capital Link Drybulk,CLDBI,660.48,660.48,660.48,660.48,0.0,1.78
2012-07-27,Capital Link Drybulk,CLDBI,684.55,684.55,684.55,684.55,0.0,3.64
2012-07-30,Capital Link Drybulk,CLDBI,686.04,686.04,686.04,686.04,0.0,0.22
2012-07-31,Capital Link Drybulk,CLDBI,686.61,686.61,686.61,686.61,0.0,0.08
2012-08-01,Capital Link Drybulk,CLDBI,701.23,701.23,701.23,701.23,0.0,2.13
2012-08-02,Capital Link Drybulk,CLDBI,714.23,714.23,714.23,714.23,0.0,1.85
2012-08-03,Capital Link Drybulk,CLDBI,713.55,713.55,713.55,713.55,0.0,-0.1
2012-08-06,Capital Link Drybulk,CLDBI,688.55,688.55,688.55,688.55,0.0,-3.5
2012-08-07,Capital Link Drybulk,CLDBI,667.83,667.83,667.83,667.83,0.0,-3.01
2012-08-08,Capital Link Drybulk,CLDBI,660.34,660.34,660.34,660.34,0.0,-1.12
2012-08-09,Capital Link Drybulk,CLDBI,668.93,668.93,668.93,668.93,0.0,1.3
2012-08-10,Capital Link Drybulk,CLDBI,670.23,670.23,670.23,670.23,0.0,0.19
2012-08-13,Capital Link Drybulk,CLDBI,667.36,667.36,667.36,667.36,0.0,-0.43
2012-08-14,Capital Link Drybulk,CLDBI,679.15,679.15,679.15,679.15,0.0,1.77
2012-08-15,Capital Link Drybulk,CLDBI,684.25,684.25,684.25,684.25,0.0,0.75
2012-08-17,Capital Link Drybulk,CLDBI,677.02,677.02,677.02,677.02,0.0,-1.06
2012-08-20,Capital Link Drybulk,CLDBI,681.87,681.87,681.87,681.87,0.0,0.72
2012-08-22,Capital Link Drybulk,CLDBI,657.02,657.02,657.02,657.02,0.0,-3.64
2012-08-23,Capital Link Drybulk,CLDBI,655.4,655.4,655.4,655.4,0.0,-0.25
2012-08-24,Capital Link Drybulk,CLDBI,661.27,661.27,661.27,661.27,0.0,0.9
2012-08-27,Capital Link Drybulk,CLDBI,658.36,658.36,658.36,658.36,0.0,-0.44
2012-08-28,Capital Link Drybulk,CLDBI,658.2,658.2,658.2,658.2,0.0,-0.02
2012-08-29,Capital Link Drybulk,CLDBI,664.82,664.82,664.82,664.82,0.0,1.01
2012-08-30,Capital Link Drybulk,CLDBI,659.22,659.22,659.22,659.22,0.0,-0.84
2012-08-31,Capital Link Drybulk,CLDBI,671.47,671.47,671.47,671.47,0.0,1.86
2012-09-04,Capital Link Drybulk,CLDBI,683.57,683.57,683.57,683.57,0.0,1.8
2012-09-05,Capital Link Drybulk,CLDBI,691.5,691.5,691.5,691.5,0.0,1.16
2012-09-06,Capital Link Drybulk,CLDBI,674.19,674.19,674.19,674.19,0.0,-2.5
2012-09-07,Capital Link Drybulk,CLDBI,678.95,678.95,678.95,678.95,0.0,0.71
2012-09-10,Capital Link Drybulk,CLDBI,670.45,670.45,670.45,670.45,0.0,-1.25
2012-09-11,Capital Link Drybulk,CLDBI,672.13,672.13,672.13,672.13,0.0,0.25
2012-09-12,Capital Link Drybulk,CLDBI,665.56,665.56,665.56,665.56,0.0,-0.98
2012-09-13,Capital Link Drybulk,CLDBI,668.1,668.1,668.1,668.1,0.0,0.38
2012-09-14,Capital Link Drybulk,CLDBI,678.47,678.47,678.47,678.47,0.0,1.55
2012-09-17,Capital Link Drybulk,CLDBI,666.04,666.04,666.04,666.04,0.0,-1.83
2012-09-18,Capital Link Drybulk,CLDBI,675.87,675.87,675.87,675.87,0.0,1.48
2012-09-19,Capital Link Drybulk,CLDBI,683.08,683.08,683.08,683.08,0.0,1.07
2012-09-20,Capital Link Drybulk,CLDBI,667.08,667.08,667.08,667.08,0.0,-2.34
2012-09-21,Capital Link Drybulk,CLDBI,668.69,668.69,668.69,668.69,0.0,0.24
2012-09-24,Capital Link Drybulk,CLDBI,663.36,663.36,663.36,663.36,0.0,-0.8
2012-09-25,Capital Link Drybulk,CLDBI,644.8,644.8,644.8,644.8,0.0,-2.8
2012-09-26,Capital Link Drybulk,CLDBI,652.27,652.27,652.27,652.27,0.0,1.16
2012-09-27,Capital Link Drybulk,CLDBI,659.46,659.46,659.46,659.46,0.0,1.1
2012-10-01,Capital Link Drybulk,CLDBI,656.81,656.81,656.81,656.81,0.0,-0.4
2012-10-02,Capital Link Drybulk,CLDBI,664.14,664.14,664.14,664.14,0.0,1.12
2012-10-03,Capital Link Drybulk,CLDBI,664.35,664.35,664.35,664.35,0.0,0.03
2012-10-04,Capital Link Drybulk,CLDBI,676.63,676.63,676.63,676.63,0.0,1.85
2012-10-05,Capital Link Drybulk,CLDBI,673.41,673.41,673.41,673.41,0.0,-0.48
2012-10-08,Capital Link Drybulk,CLDBI,666.08,666.08,666.08,666.08,0.0,-1.09
2012-10-09,Capital Link Drybulk,CLDBI,660.69,660.69,660.69,660.69,0.0,-0.81
2012-10-10,Capital Link Drybulk,CLDBI,651.01,651.01,651.01,651.01,0.0,-1.47
2012-10-11,Capital Link Drybulk,CLDBI,654.0,654.0,654.0,654.0,0.0,0.46
2012-10-12,Capital Link Drybulk,CLDBI,652.99,652.99,652.99,652.99,0.0,-0.15
2012-10-15,Capital Link Drybulk,CLDBI,670.37,670.37,670.37,670.37,0.0,2.66
2012-10-16,Capital Link Drybulk,CLDBI,676.6,676.6,676.6,676.6,0.0,0.93
2012-10-17,Capital Link Drybulk,CLDBI,690.22,690.22,690.22,690.22,0.0,2.01
2012-10-18,Capital Link Drybulk,CLDBI,693.04,693.04,693.04,693.04,0.0,0.41
2012-10-19,Capital Link Drybulk,CLDBI,688.07,688.07,688.07,688.07,0.0,-0.72
2012-10-22,Capital Link Drybulk,CLDBI,695.84,695.84,695.84,695.84,0.0,1.13
2012-10-23,Capital Link Drybulk,CLDBI,700.24,700.24,700.24,700.24,0.0,0.63
2012-10-24,Capital Link Drybulk,CLDBI,699.93,699.93,699.93,699.93,0.0,-0.04
2012-10-25,Capital Link Drybulk,CLDBI,697.09,697.09,697.09,697.09,0.0,-0.41
2012-10-26,Capital Link Drybulk,CLDBI,694.1,694.1,694.1,694.1,0.0,-0.43
2012-10-31,Capital Link Drybulk,CLDBI,708.78,708.78,708.78,708.78,0.0,2.11
2012-11-01,Capital Link Drybulk,CLDBI,718.17,718.17,718.17,718.17,0.0,1.32
2012-11-02,Capital Link Drybulk,CLDBI,717.37,717.37,717.37,717.37,0.0,-0.11
2012-11-05,Capital Link Drybulk,CLDBI,717.72,717.72,717.72,717.72,0.0,0.05
2012-11-06,Capital Link Drybulk,CLDBI,711.75,711.75,711.75,711.75,0.0,-0.83
2012-11-07,Capital Link Drybulk,CLDBI,690.57,690.57,690.57,690.57,0.0,-2.98
2012-11-08,Capital Link Drybulk,CLDBI,668.97,668.97,668.97,668.97,0.0,-3.13
2012-11-09,Capital Link Drybulk,CLDBI,658.87,658.87,658.87,658.87,0.0,-1.51
2012-11-12,Capital Link Drybulk,CLDBI,665.19,665.19,665.19,665.19,0.0,0.96
2012-11-13,Capital Link Drybulk,CLDBI,631.97,631.97,631.97,631.97,0.0,-4.99
2012-11-14,Capital Link Drybulk,CLDBI,589.57,589.57,589.57,589.57,0.0,-6.71
2012-11-15,Capital Link Drybulk,CLDBI,585.44,585.44,585.44,585.44,0.0,-0.7
2012-11-16,Capital Link Drybulk,CLDBI,603.2,603.2,603.2,603.2,0.0,3.03
2012-11-19,Capital Link Drybulk,CLDBI,645.33,645.33,645.33,645.33,0.0,6.98
2012-11-20,Capital Link Drybulk,CLDBI,634.83,634.83,634.83,634.83,0.0,-1.63
2012-11-21,Capital Link Drybulk,CLDBI,633.39,633.39,633.39,633.39,0.0,-0.23
2012-11-23,Capital Link Drybulk,CLDBI,647.41,647.41,647.41,647.41,0.0,2.21
2012-11-26,Capital Link Drybulk,CLDBI,641.3,641.3,641.3,641.3,0.0,-0.94
2012-11-27,Capital Link Drybulk,CLDBI,642.92,642.92,642.92,642.92,0.0,0.25
2012-11-29,Capital Link Drybulk,CLDBI,640.31,640.31,640.31,640.31,0.0,-0.41
2012-11-30,Capital Link Drybulk,CLDBI,632.13,632.13,632.13,632.13,0.0,-1.28
2012-12-03,Capital Link Drybulk,CLDBI,634.77,634.77,634.77,634.77,0.0,0.42
2012-12-04,Capital Link Drybulk,CLDBI,630.19,630.19,630.19,630.19,0.0,-0.72
2012-12-05,Capital Link Drybulk,CLDBI,619.16,619.16,619.16,619.16,0.0,-1.75
2012-12-06,Capital Link Drybulk,CLDBI,612.75,612.75,612.75,612.75,0.0,-1.04
2012-12-07,Capital Link Drybulk,CLDBI,607.05,607.05,607.05,607.05,0.0,-0.93
2012-12-10,Capital Link Drybulk,CLDBI,609.26,609.26,609.26,609.26,0.0,0.36
2012-12-11,Capital Link Drybulk,CLDBI,601.65,601.65,601.65,601.65,0.0,-1.25
2012-12-12,Capital Link Drybulk,CLDBI,595.37,595.37,595.37,595.37,0.0,-1.04
2012-12-13,Capital Link Drybulk,CLDBI,593.9,593.9,593.9,593.9,0.0,-0.25
2012-12-14,Capital Link Drybulk,CLDBI,604.75,604.75,604.75,604.75,0.0,1.83
2012-12-17,Capital Link Drybulk,CLDBI,595.18,595.18,595.18,595.18,0.0,-1.58
2012-12-18,Capital Link Drybulk,CLDBI,599.32,599.32,599.32,599.32,0.0,0.7
2012-12-19,Capital Link Drybulk,CLDBI,615.74,615.74,615.74,615.74,0.0,2.74
2012-12-20,Capital Link Drybulk,CLDBI,617.04,617.04,617.04,617.04,0.0,0.21
2012-12-26,Capital Link Drybulk,CLDBI,592.41,592.41,592.41,592.41,0.0,-3.99
2012-12-27,Capital Link Drybulk,CLDBI,594.5,594.5,594.5,594.5,0.0,0.35
2012-12-31,Capital Link Drybulk,CLDBI,587.29,587.29,587.29,587.29,0.0,-1.21
2013-01-02,Capital Link Drybulk,CLDBI,609.62,609.62,609.62,609.62,0.0,3.8
2013-01-03,Capital Link Drybulk,CLDBI,650.68,650.68,650.68,650.68,0.0,6.74
2013-01-04,Capital Link Drybulk,CLDBI,689.94,689.94,689.94,689.94,0.0,6.03
2013-01-07,Capital Link Drybulk,CLDBI,663.15,663.15,663.15,663.15,0.0,-3.88
2013-01-08,Capital Link Drybulk,CLDBI,664.72,664.72,664.72,664.72,0.0,0.24
2013-01-09,Capital Link Drybulk,CLDBI,673.65,673.65,673.65,673.65,0.0,1.34
2013-01-10,Capital Link Drybulk,CLDBI,682.42,682.42,682.42,682.42,0.0,1.3
2013-01-11,Capital Link Drybulk,CLDBI,664.74,664.74,664.74,664.74,0.0,-2.59
2013-01-14,Capital Link Drybulk,CLDBI,666.49,666.49,666.49,666.49,0.0,0.26
2013-01-15,Capital Link Drybulk,CLDBI,661.94,661.94,661.94,661.94,0.0,-0.68
2013-01-16,Capital Link Drybulk,CLDBI,669.86,669.86,669.86,669.86,0.0,1.2
2013-01-17,Capital Link Drybulk,CLDBI,677.59,677.59,677.59,677.59,0.0,1.15
2013-01-18,Capital Link Drybulk,CLDBI,678.24,678.24,678.24,678.24,0.0,0.1
2013-01-22,Capital Link Drybulk,CLDBI,696.28,696.28,696.28,696.28,0.0,2.66
2013-01-23,Capital Link Drybulk,CLDBI,697.7,697.7,697.7,697.7,0.0,0.2
2013-01-24,Capital Link Drybulk,CLDBI,703.05,703.05,703.05,703.05,0.0,0.77
2013-01-25,Capital Link Drybulk,CLDBI,700.31,700.31,700.31,700.31,0.0,-0.39
2013-01-28,Capital Link Drybulk,CLDBI,609.52,609.52,609.52,609.52,0.0,-12.96
2013-01-29,Capital Link Drybulk,CLDBI,611.54,611.54,611.54,611.54,0.0,0.33
2013-01-30,Capital Link Drybulk,CLDBI,608.14,608.14,608.14,608.14,0.0,-0.56
2013-01-31,Capital Link Drybulk,CLDBI,617.58,617.58,617.58,617.58,0.0,1.55
2013-02-04,Capital Link Drybulk,CLDBI,613.3,613.3,613.3,613.3,0.0,-0.69
2013-02-06,Capital Link Drybulk,CLDBI,607.06,607.06,607.06,607.06,0.0,-1.02
2013-02-08,Capital Link Drybulk,CLDBI,588.35,588.35,588.35,588.35,0.0,-3.08
2013-02-11,Capital Link Drybulk,CLDBI,599.74,599.74,599.74,599.74,0.0,1.94
2013-02-12,Capital Link Drybulk,CLDBI,615.54,615.54,615.54,615.54,0.0,2.63
2013-02-13,Capital Link Drybulk,CLDBI,619.63,619.63,619.63,619.63,0.0,0.66
2013-02-15,Capital Link Drybulk,CLDBI,609.26,609.26,609.26,609.26,0.0,-1.67
2013-02-19,Capital Link Drybulk,CLDBI,618.81,618.81,618.81,618.81,0.0,1.57
2013-02-20,Capital Link Drybulk,CLDBI,608.04,608.04,608.04,608.04,0.0,-1.74
2013-02-21,Capital Link Drybulk,CLDBI,602.95,602.95,602.95,602.95,0.0,-0.84
2013-02-25,Capital Link Drybulk,CLDBI,596.14,596.14,596.14,596.14,0.0,-1.13
2013-02-26,Capital Link Drybulk,CLDBI,604.75,604.75,604.75,604.75,0.0,1.44
2013-02-27,Capital Link Drybulk,CLDBI,620.38,620.38,620.38,620.38,0.0,2.58
2013-03-01,Capital Link Drybulk,CLDBI,621.29,621.29,621.29,621.29,0.0,0.15
2013-03-04,Capital Link Drybulk,CLDBI,631.28,631.28,631.28,631.28,0.0,1.61
2013-03-05,Capital Link Drybulk,CLDBI,651.59,651.59,651.59,651.59,0.0,3.22
2013-03-06,Capital Link Drybulk,CLDBI,655.81,655.81,655.81,655.81,0.0,0.65
2013-03-07,Capital Link Drybulk,CLDBI,654.76,654.76,654.76,654.76,0.0,-0.16
2013-03-08,Capital Link Drybulk,CLDBI,666.28,666.28,666.28,666.28,0.0,1.76
2013-03-11,Capital Link Drybulk,CLDBI,669.85,669.85,669.85,669.85,0.0,0.54
2013-03-12,Capital Link Drybulk,CLDBI,649.77,649.77,649.77,649.77,0.0,-3.0
2013-03-13,Capital Link Drybulk,CLDBI,658.69,658.69,658.69,658.69,0.0,1.37
2013-03-14,Capital Link Drybulk,CLDBI,657.52,657.52,657.52,657.52,0.0,-0.18
2013-03-18,Capital Link Drybulk,CLDBI,659.23,659.23,659.23,659.23,0.0,0.26
2013-03-19,Capital Link Drybulk,CLDBI,657.54,657.54,657.54,657.54,0.0,-0.26
2013-03-20,Capital Link Drybulk,CLDBI,659.6,659.6,659.6,659.6,0.0,0.31
2013-03-22,Capital Link Drybulk,CLDBI,691.84,691.84,691.84,691.84,0.0,4.89
2013-03-25,Capital Link Drybulk,CLDBI,685.98,685.98,685.98,685.98,0.0,-0.85
2013-03-26,Capital Link Drybulk,CLDBI,682.2,682.2,682.2,682.2,0.0,-0.55
2013-03-27,Capital Link Drybulk,CLDBI,713.19,713.19,713.19,713.19,0.0,4.54
2013-03-28,Capital Link Drybulk,CLDBI,713.33,713.33,713.33,713.33,0.0,0.02
2013-04-02,Capital Link Drybulk,CLDBI,682.12,682.12,682.12,682.12,0.0,-4.38
2013-04-03,Capital Link Drybulk,CLDBI,667.09,667.09,667.09,667.09,0.0,-2.2
2013-04-04,Capital Link Drybulk,CLDBI,670.68,670.68,670.68,670.68,0.0,0.54
2013-04-05,Capital Link Drybulk,CLDBI,678.25,678.25,678.25,678.25,0.0,1.13
2013-04-09,Capital Link Drybulk,CLDBI,701.59,701.59,701.59,701.59,0.0,3.44
2013-04-10,Capital Link Drybulk,CLDBI,693.47,693.47,693.47,693.47,0.0,-1.16
2013-04-12,Capital Link Drybulk,CLDBI,699.88,699.88,699.88,699.88,0.0,0.92
2013-04-15,Capital Link Drybulk,CLDBI,675.94,675.94,675.94,675.94,0.0,-3.42
2013-04-16,Capital Link Drybulk,CLDBI,693.02,693.02,693.02,693.02,0.0,2.53
2013-04-17,Capital Link Drybulk,CLDBI,686.22,686.22,686.22,686.22,0.0,-0.98
2013-04-18,Capital Link Drybulk,CLDBI,698.05,698.05,698.05,698.05,0.0,1.72
2013-04-19,Capital Link Drybulk,CLDBI,703.22,703.22,703.22,703.22,0.0,0.74
2013-04-22,Capital Link Drybulk,CLDBI,717.52,717.52,717.52,717.52,0.0,2.03
2013-04-23,Capital Link Drybulk,CLDBI,719.44,719.44,719.44,719.44,0.0,0.27
2013-04-24,Capital Link Drybulk,CLDBI,729.59,729.59,729.59,729.59,0.0,1.41
2013-04-26,Capital Link Drybulk,CLDBI,723.09,723.09,723.09,723.09,0.0,-0.89
2013-04-30,Capital Link Drybulk,CLDBI,745.44,745.44,745.44,745.44,0.0,3.09
2013-05-02,Capital Link Drybulk,CLDBI,743.57,743.57,743.57,743.57,0.0,-0.25
2013-05-06,Capital Link Drybulk,CLDBI,758.79,758.79,758.79,758.79,0.0,2.05
2013-05-07,Capital Link Drybulk,CLDBI,757.87,757.87,757.87,757.87,0.0,-0.12
2013-05-08,Capital Link Drybulk,CLDBI,744.76,744.76,744.76,744.76,0.0,-1.73
2013-05-10,Capital Link Drybulk,CLDBI,760.77,760.77,760.77,760.77,0.0,2.15
2013-05-13,Capital Link Drybulk,CLDBI,756.5,756.5,756.5,756.5,0.0,-0.56
2013-05-14,Capital Link Drybulk,CLDBI,748.51,748.51,748.51,748.51,0.0,-1.06
2013-05-15,Capital Link Drybulk,CLDBI,754.02,754.02,754.02,754.02,0.0,0.74
2013-05-17,Capital Link Drybulk,CLDBI,757.5,757.5,757.5,757.5,0.0,0.46
2013-05-20,Capital Link Drybulk,CLDBI,766.53,766.53,766.53,766.53,0.0,1.19
2013-05-21,Capital Link Drybulk,CLDBI,768.96,768.96,768.96,768.96,0.0,0.32
2013-05-22,Capital Link Drybulk,CLDBI,736.44,736.44,736.44,736.44,0.0,-4.23
2013-05-24,Capital Link Drybulk,CLDBI,757.54,757.54,757.54,757.54,0.0,2.87
2013-05-28,Capital Link Drybulk,CLDBI,764.68,764.68,764.68,764.68,0.0,0.94
2013-05-29,Capital Link Drybulk,CLDBI,745.76,745.76,745.76,745.76,0.0,-2.47
2013-05-30,Capital Link Drybulk,CLDBI,739.56,739.56,739.56,739.56,0.0,-0.83
2013-05-31,Capital Link Drybulk,CLDBI,730.96,730.96,730.96,730.96,0.0,-1.16
2013-06-03,Capital Link Drybulk,CLDBI,732.62,732.62,732.62,732.62,0.0,0.23
2013-06-04,Capital Link Drybulk,CLDBI,719.14,719.14,719.14,719.14,0.0,-1.84
2013-06-05,Capital Link Drybulk,CLDBI,714.31,714.31,714.31,714.31,0.0,-0.67
2013-06-07,Capital Link Drybulk,CLDBI,728.11,728.11,728.11,728.11,0.0,1.93
2013-06-11,Capital Link Drybulk,CLDBI,728.33,728.33,728.33,728.33,0.0,0.03
2013-06-14,Capital Link Drybulk,CLDBI,753.83,753.83,753.83,753.83,0.0,3.5
2013-06-18,Capital Link Drybulk,CLDBI,753.13,753.13,753.13,753.13,0.0,-0.09
2013-06-19,Capital Link Drybulk,CLDBI,752.87,752.87,752.87,752.87,0.0,-0.03
2013-06-20,Capital Link Drybulk,CLDBI,724.52,724.52,724.52,724.52,0.0,-3.77
2013-06-24,Capital Link Drybulk,CLDBI,706.02,706.02,706.02,706.02,0.0,-2.55
2013-06-26,Capital Link Drybulk,CLDBI,736.35,736.35,736.35,736.35,0.0,4.3
2013-06-27,Capital Link Drybulk,CLDBI,752.64,752.64,752.64,752.64,0.0,2.21
2013-06-28,Capital Link Drybulk,CLDBI,765.93,765.93,765.93,765.93,0.0,1.77
2013-07-01,Capital Link Drybulk,CLDBI,761.91,761.91,761.91,761.91,0.0,-0.52
2013-07-05,Capital Link Drybulk,CLDBI,747.88,747.88,747.88,747.88,0.0,-1.84
2013-07-08,Capital Link Drybulk,CLDBI,744.79,744.79,744.79,744.79,0.0,-0.41
2013-07-09,Capital Link Drybulk,CLDBI,750.79,750.79,750.79,750.79,0.0,0.81
2013-07-10,Capital Link Drybulk,CLDBI,756.65,756.65,756.65,756.65,0.0,0.78
2013-07-11,Capital Link Drybulk,CLDBI,769.8,769.8,769.8,769.8,0.0,1.74
2013-07-15,Capital Link Drybulk,CLDBI,776.8,776.8,776.8,776.8,0.0,0.91
2013-07-16,Capital Link Drybulk,CLDBI,771.32,771.32,771.32,771.32,0.0,-0.71
2013-07-17,Capital Link Drybulk,CLDBI,775.21,775.21,775.21,775.21,0.0,0.5
2013-07-18,Capital Link Drybulk,CLDBI,798.67,798.67,798.67,798.67,0.0,3.03
2013-07-19,Capital Link Drybulk,CLDBI,786.91,786.91,786.91,786.91,0.0,-1.47
2013-07-22,Capital Link Drybulk,CLDBI,786.2,786.2,786.2,786.2,0.0,-0.09
2013-07-23,Capital Link Drybulk,CLDBI,787.75,787.75,787.75,787.75,0.0,0.2
2013-07-24,Capital Link Drybulk,CLDBI,781.5,781.5,781.5,781.5,0.0,-0.79
2013-07-25,Capital Link Drybulk,CLDBI,788.36,788.36,788.36,788.36,0.0,0.88
2013-07-26,Capital Link Drybulk,CLDBI,788.57,788.57,788.57,788.57,0.0,0.03
2013-07-30,Capital Link Drybulk,CLDBI,768.05,768.05,768.05,768.05,0.0,-2.6
2013-07-31,Capital Link Drybulk,CLDBI,771.75,771.75,771.75,771.75,0.0,0.48
2013-08-02,Capital Link Drybulk,CLDBI,778.94,778.94,778.94,778.94,0.0,0.93
2013-08-05,Capital Link Drybulk,CLDBI,778.98,778.98,778.98,778.98,0.0,0.01
2013-08-06,Capital Link Drybulk,CLDBI,763.25,763.25,763.25,763.25,0.0,-2.02
2013-08-07,Capital Link Drybulk,CLDBI,763.93,763.93,763.93,763.93,0.0,0.09
2013-08-09,Capital Link Drybulk,CLDBI,780.32,780.32,780.32,780.32,0.0,2.15
2013-08-12,Capital Link Drybulk,CLDBI,776.9,776.9,776.9,776.9,0.0,-0.44
2013-08-13,Capital Link Drybulk,CLDBI,774.71,774.71,774.71,774.71,0.0,-0.28
2013-08-15,Capital Link Drybulk,CLDBI,781.08,781.08,781.08,781.08,0.0,0.82
2013-08-16,Capital Link Drybulk,CLDBI,769.71,769.71,769.71,769.71,0.0,-1.46
2013-08-21,Capital Link Drybulk,CLDBI,782.4,782.4,782.4,782.4,0.0,1.65
2013-08-22,Capital Link Drybulk,CLDBI,796.0,796.0,796.0,796.0,0.0,1.74
2013-08-23,Capital Link Drybulk,CLDBI,802.33,802.33,802.33,802.33,0.0,0.8
2013-08-26,Capital Link Drybulk,CLDBI,819.67,819.67,819.67,819.67,0.0,2.16
2013-08-27,Capital Link Drybulk,CLDBI,790.52,790.52,790.52,790.52,0.0,-3.56
2013-08-28,Capital Link Drybulk,CLDBI,783.37,783.37,783.37,783.37,0.0,-0.9
2013-08-29,Capital Link Drybulk,CLDBI,778.54,778.54,778.54,778.54,0.0,-0.62
2013-09-03,Capital Link Drybulk,CLDBI,790.11,790.11,790.11,790.11,0.0,1.49
2013-09-04,Capital Link Drybulk,CLDBI,820.6,820.6,820.6,820.6,0.0,3.86
2013-09-05,Capital Link Drybulk,CLDBI,846.52,846.52,846.52,846.52,0.0,3.16
2013-09-09,Capital Link Drybulk,CLDBI,866.35,866.35,866.35,866.35,0.0,2.34
2013-09-10,Capital Link Drybulk,CLDBI,836.82,836.82,836.82,836.82,0.0,-3.41
2013-09-11,Capital Link Drybulk,CLDBI,845.72,845.72,845.72,845.72,0.0,1.06
2013-09-12,Capital Link Drybulk,CLDBI,827.14,827.14,827.14,827.14,0.0,-2.2
2013-09-13,Capital Link Drybulk,CLDBI,814.41,814.41,814.41,814.41,0.0,-1.54
2013-09-16,Capital Link Drybulk,CLDBI,818.82,818.82,818.82,818.82,0.0,0.54
2013-09-17,Capital Link Drybulk,CLDBI,830.73,830.73,830.73,830.73,0.0,1.45
2013-09-19,Capital Link Drybulk,CLDBI,863.48,863.48,863.48,863.48,0.0,3.94
2013-09-20,Capital Link Drybulk,CLDBI,822.49,822.49,822.49,822.49,0.0,-4.75
2013-09-23,Capital Link Drybulk,CLDBI,811.46,811.46,811.46,811.46,0.0,-1.34
2013-09-25,Capital Link Drybulk,CLDBI,842.59,842.59,842.59,842.59,0.0,3.84
2013-09-27,Capital Link Drybulk,CLDBI,802.97,802.97,802.97,802.97,0.0,-4.7
2013-10-01,Capital Link Drybulk,CLDBI,829.02,829.02,829.02,829.02,0.0,3.24
2013-10-02,Capital Link Drybulk,CLDBI,821.42,821.42,821.42,821.42,0.0,-0.92
2013-10-03,Capital Link Drybulk,CLDBI,815.66,815.66,815.66,815.66,0.0,-0.7
2013-10-04,Capital Link Drybulk,CLDBI,829.75,829.75,829.75,829.75,0.0,1.73
2013-10-07,Capital Link Drybulk,CLDBI,816.24,816.24,816.24,816.24,0.0,-1.63
2013-10-08,Capital Link Drybulk,CLDBI,789.77,789.77,789.77,789.77,0.0,-3.24
2013-10-09,Capital Link Drybulk,CLDBI,785.35,785.35,785.35,785.35,0.0,-0.56
2013-10-11,Capital Link Drybulk,CLDBI,805.68,805.68,805.68,805.68,0.0,2.59
2013-10-14,Capital Link Drybulk,CLDBI,816.49,816.49,816.49,816.49,0.0,1.34
2013-10-15,Capital Link Drybulk,CLDBI,825.0,825.0,825.0,825.0,0.0,1.04
2013-10-16,Capital Link Drybulk,CLDBI,837.75,837.75,837.75,837.75,0.0,1.55
2013-10-17,Capital Link Drybulk,CLDBI,848.51,848.51,848.51,848.51,0.0,1.28
2013-10-21,Capital Link Drybulk,CLDBI,829.21,829.21,829.21,829.21,0.0,-2.27
2013-10-22,Capital Link Drybulk,CLDBI,842.01,842.01,842.01,842.01,0.0,1.54
2013-10-25,Capital Link Drybulk,CLDBI,838.46,838.46,838.46,838.46,0.0,-0.42
2013-10-28,Capital Link Drybulk,CLDBI,824.65,824.65,824.65,824.65,0.0,-1.65
2013-10-29,Capital Link Drybulk,CLDBI,842.62,842.62,842.62,842.62,0.0,2.18
2013-10-31,Capital Link Drybulk,CLDBI,837.65,837.65,837.65,837.65,0.0,-0.59
2013-11-01,Capital Link Drybulk,CLDBI,883.5,883.5,883.5,883.5,0.0,5.47
2013-11-04,Capital Link Drybulk,CLDBI,890.32,890.32,890.32,890.32,0.0,0.77
2013-11-05,Capital Link Drybulk,CLDBI,899.96,899.96,899.96,899.96,0.0,1.08
2013-11-06,Capital Link Drybulk,CLDBI,879.7,879.7,879.7,879.7,0.0,-2.25
2013-11-07,Capital Link Drybulk,CLDBI,855.23,855.23,855.23,855.23,0.0,-2.78
2013-11-08,Capital Link Drybulk,CLDBI,872.1,872.1,872.1,872.1,0.0,1.97
2013-11-11,Capital Link Drybulk,CLDBI,878.28,878.28,878.28,878.28,0.0,0.71
2013-11-12,Capital Link Drybulk,CLDBI,862.62,862.62,862.62,862.62,0.0,-1.78
2013-11-13,Capital Link Drybulk,CLDBI,877.63,877.63,877.63,877.63,0.0,1.74
2013-11-15,Capital Link Drybulk,CLDBI,887.08,887.08,887.08,887.08,0.0,1.08
2013-11-18,Capital Link Drybulk,CLDBI,859.21,859.21,859.21,859.21,0.0,-3.14
2013-11-19,Capital Link Drybulk,CLDBI,845.91,845.91,845.91,845.91,0.0,-1.55
2013-11-20,Capital Link Drybulk,CLDBI,840.89,840.89,840.89,840.89,0.0,-0.59
2013-11-26,Capital Link Drybulk,CLDBI,859.54,859.54,859.54,859.54,0.0,2.22
2013-11-29,Capital Link Drybulk,CLDBI,882.44,882.44,882.44,882.44,0.0,2.66
2013-12-02,Capital Link Drybulk,CLDBI,866.76,866.76,866.76,866.76,0.0,-1.78
2013-12-03,Capital Link Drybulk,CLDBI,869.02,869.02,869.02,869.02,0.0,0.26
2013-12-06,Capital Link Drybulk,CLDBI,890.74,890.74,890.74,890.74,0.0,2.5
2013-12-09,Capital Link Drybulk,CLDBI,895.63,895.63,895.63,895.63,0.0,0.55
2013-12-10,Capital Link Drybulk,CLDBI,895.17,895.17,895.17,895.17,0.0,-0.05
2013-12-11,Capital Link Drybulk,CLDBI,905.76,905.76,905.76,905.76,0.0,1.18
2013-12-13,Capital Link Drybulk,CLDBI,967.42,967.42,967.42,967.42,0.0,6.81
2013-12-17,Capital Link Drybulk,CLDBI,970.24,970.24,970.24,970.24,0.0,0.29
2013-12-18,Capital Link Drybulk,CLDBI,978.77,978.77,978.77,978.77,0.0,0.88
2013-12-20,Capital Link Drybulk,CLDBI,1022.16,1022.16,1022.16,1022.16,0.0,4.43
2013-12-27,Capital Link Drybulk,CLDBI,1054.02,1054.02,1054.02,1054.02,0.0,3.12
2014-01-02,Capital Link Drybulk,CLDBI,1020.38,1020.38,1020.38,1020.38,0.0,-3.19
2014-01-06,Capital Link Drybulk,CLDBI,1013.53,1013.53,1013.53,1013.53,0.0,-0.67
2014-01-07,Capital Link Drybulk,CLDBI,1023.04,1023.04,1023.04,1023.04,0.0,0.94
2014-01-08,Capital Link Drybulk,CLDBI,1023.05,1023.05,1023.05,1023.05,0.0,0.0
2014-01-09,Capital Link Drybulk,CLDBI,1001.8,1001.8,1001.8,1001.8,0.0,-2.08
2014-01-13,Capital Link Drybulk,CLDBI,964.33,964.33,964.33,964.33,0.0,-3.74
2014-01-15,Capital Link Drybulk,CLDBI,1035.01,1035.01,1035.01,1035.01,0.0,7.33
2014-01-16,Capital Link Drybulk,CLDBI,1043.22,1043.22,1043.22,1043.22,0.0,0.79
2014-01-23,Capital Link Drybulk,CLDBI,1007.61,1007.61,1007.61,1007.61,0.0,-3.41
2014-01-27,Capital Link Drybulk,CLDBI,964.68,964.68,964.68,964.68,0.0,-4.26
2014-01-28,Capital Link Drybulk,CLDBI,997.46,997.46,997.46,997.46,0.0,3.4
2014-01-29,Capital Link Drybulk,CLDBI,985.99,985.99,985.99,985.99,0.0,-1.15
2014-01-30,Capital Link Drybulk,CLDBI,984.93,984.93,984.93,984.93,0.0,-0.11
2014-02-03,Capital Link Drybulk,CLDBI,965.99,965.99,965.99,965.99,0.0,-1.92
2014-02-04,Capital Link Drybulk,CLDBI,995.12,995.12,995.12,995.12,0.0,3.02
2014-02-05,Capital Link Drybulk,CLDBI,998.61,998.61,998.61,998.61,0.0,0.35
2014-02-07,Capital Link Drybulk,CLDBI,1005.09,1005.09,1005.09,1005.09,0.0,0.65
2014-02-10,Capital Link Drybulk,CLDBI,999.5,999.5,999.5,999.5,0.0,-0.56
2014-02-11,Capital Link Drybulk,CLDBI,1008.31,1008.31,1008.31,1008.31,0.0,0.88
2014-02-12,Capital Link Drybulk,CLDBI,999.32,999.32,999.32,999.32,0.0,-0.89
2014-02-13,Capital Link Drybulk,CLDBI,1000.39,1000.39,1000.39,1000.39,0.0,0.11
2014-02-14,Capital Link Drybulk,CLDBI,1003.27,1003.27,1003.27,1003.27,0.0,0.29
2014-02-18,Capital Link Drybulk,CLDBI,991.56,991.56,991.56,991.56,0.0,-1.17
2014-02-19,Capital Link Drybulk,CLDBI,951.62,951.62,951.62,951.62,0.0,-4.03
2014-02-20,Capital Link Drybulk,CLDBI,966.51,966.51,966.51,966.51,0.0,1.56
2014-02-21,Capital Link Drybulk,CLDBI,954.31,954.31,954.31,954.31,0.0,-1.26
2014-02-24,Capital Link Drybulk,CLDBI,965.3,965.3,965.3,965.3,0.0,1.15
2014-02-25,Capital Link Drybulk,CLDBI,960.48,960.48,960.48,960.48,0.0,-0.5
2014-02-26,Capital Link Drybulk,CLDBI,966.39,966.39,966.39,966.39,0.0,0.62
2014-02-27,Capital Link Drybulk,CLDBI,987.14,987.14,987.14,987.14,0.0,2.15
2014-02-28,Capital Link Drybulk,CLDBI,991.61,991.61,991.61,991.61,0.0,0.45
2014-03-03,Capital Link Drybulk,CLDBI,991.13,991.13,991.13,991.13,0.0,-0.05
2014-03-04,Capital Link Drybulk,CLDBI,1023.62,1023.62,1023.62,1023.62,0.0,3.28
2014-03-05,Capital Link Drybulk,CLDBI,1051.89,1051.89,1051.89,1051.89,0.0,2.76
2014-03-10,Capital Link Drybulk,CLDBI,1054.26,1054.26,1054.26,1054.26,0.0,0.23
2014-03-11,Capital Link Drybulk,CLDBI,1040.67,1040.67,1040.67,1040.67,0.0,-1.29
2014-03-12,Capital Link Drybulk,CLDBI,1043.05,1043.05,1043.05,1043.05,0.0,0.23
2014-03-13,Capital Link Drybulk,CLDBI,1021.6,1021.6,1021.6,1021.6,0.0,-2.06
2014-03-14,Capital Link Drybulk,CLDBI,1020.59,1020.59,1020.59,1020.59,0.0,-0.1
2014-03-17,Capital Link Drybulk,CLDBI,1043.2,1043.2,1043.2,1043.2,0.0,2.22
2014-03-21,Capital Link Drybulk,CLDBI,1064.39,1064.39,1064.39,1064.39,0.0,2.03
2014-03-24,Capital Link Drybulk,CLDBI,1046.04,1046.04,1046.04,1046.04,0.0,-1.72
2014-03-26,Capital Link Drybulk,CLDBI,1025.54,1025.54,1025.54,1025.54,0.0,-1.96
2014-03-27,Capital Link Drybulk,CLDBI,1041.45,1041.45,1041.45,1041.45,0.0,1.55
2014-03-31,Capital Link Drybulk,CLDBI,1067.9,1067.9,1067.9,1067.9,0.0,2.54
2014-04-01,Capital Link Drybulk,CLDBI,1071.52,1071.52,1071.52,1071.52,0.0,0.34
2014-04-02,Capital Link Drybulk,CLDBI,1052.46,1052.46,1052.46,1052.46,0.0,-1.78
2014-04-03,Capital Link Drybulk,CLDBI,1027.3,1027.3,1027.3,1027.3,0.0,-2.39
2014-04-04,Capital Link Drybulk,CLDBI,1032.36,1032.36,1032.36,1032.36,0.0,0.49
2014-04-08,Capital Link Drybulk,CLDBI,1006.86,1006.86,1006.86,1006.86,0.0,-2.47
2014-04-09,Capital Link Drybulk,CLDBI,1018.99,1018.99,1018.99,1018.99,0.0,1.2
2014-04-10,Capital Link Drybulk,CLDBI,985.44,985.44,985.44,985.44,0.0,-3.29
2014-04-11,Capital Link Drybulk,CLDBI,968.92,968.92,968.92,968.92,0.0,-1.68
2014-04-14,Capital Link Drybulk,CLDBI,978.48,978.48,978.48,978.48,0.0,0.99
2014-04-15,Capital Link Drybulk,CLDBI,984.77,984.77,984.77,984.77,0.0,0.64
2014-04-16,Capital Link Drybulk,CLDBI,1002.55,1002.55,1002.55,1002.55,0.0,1.81
2014-04-21,Capital Link Drybulk,CLDBI,1010.25,1010.25,1010.25,1010.25,0.0,0.77
2014-04-23,Capital Link Drybulk,CLDBI,1009.74,1009.74,1009.74,1009.74,0.0,-0.05
2014-04-25,Capital Link Drybulk,CLDBI,987.67,987.67,987.67,987.67,0.0,-2.19
2014-04-28,Capital Link Drybulk,CLDBI,971.15,971.15,971.15,971.15,0.0,-1.67
2014-04-29,Capital Link Drybulk,CLDBI,976.86,976.86,976.86,976.86,0.0,0.59
2014-05-01,Capital Link Drybulk,CLDBI,998.33,998.33,998.33,998.33,0.0,2.2
2014-05-05,Capital Link Drybulk,CLDBI,999.32,999.32,999.32,999.32,0.0,0.1
2014-05-06,Capital Link Drybulk,CLDBI,983.19,983.19,983.19,983.19,0.0,-1.61
2014-05-08,Capital Link Drybulk,CLDBI,945.75,945.75,945.75,945.75,0.0,-3.81
2014-05-09,Capital Link Drybulk,CLDBI,965.28,965.28,965.28,965.28,0.0,2.07
2014-05-12,Capital Link Drybulk,CLDBI,986.0,986.0,986.0,986.0,0.0,2.15
2014-05-13,Capital Link Drybulk,CLDBI,980.01,980.01,980.01,980.01,0.0,-0.61
2014-05-14,Capital Link Drybulk,CLDBI,983.68,983.68,983.68,983.68,0.0,0.37
2014-05-15,Capital Link Drybulk,CLDBI,989.24,989.24,989.24,989.24,0.0,0.57
2014-05-16,Capital Link Drybulk,CLDBI,988.76,988.76,988.76,988.76,0.0,-0.05
2014-05-19,Capital Link Drybulk,CLDBI,987.27,987.27,987.27,987.27,0.0,-0.15
2014-05-23,Capital Link Drybulk,CLDBI,1012.57,1012.57,1012.57,1012.57,0.0,2.56
2014-05-27,Capital Link Drybulk,CLDBI,1017.0,1017.0,1017.0,1017.0,0.0,0.44
2014-05-28,Capital Link Drybulk,CLDBI,1006.92,1006.92,1006.92,1006.92,0.0,-0.99
2014-05-29,Capital Link Drybulk,CLDBI,1002.17,1002.17,1002.17,1002.17,0.0,-0.47
2014-06-02,Capital Link Drybulk,CLDBI,997.28,997.28,997.28,997.28,0.0,-0.49
2014-06-04,Capital Link Drybulk,CLDBI,1033.02,1033.02,1033.02,1033.02,0.0,3.58
2014-06-06,Capital Link Drybulk,CLDBI,1047.6,1047.6,1047.6,1047.6,0.0,1.41
2014-06-09,Capital Link Drybulk,CLDBI,1053.13,1053.13,1053.13,1053.13,0.0,0.53
2014-06-10,Capital Link Drybulk,CLDBI,1061.46,1061.46,1061.46,1061.46,0.0,0.79
2014-06-11,Capital Link Drybulk,CLDBI,1056.24,1056.24,1056.24,1056.24,0.0,-0.49
2014-06-12,Capital Link Drybulk,CLDBI,1048.96,1048.96,1048.96,1048.96,0.0,-0.69
2014-06-13,Capital Link Drybulk,CLDBI,1058.53,1058.53,1058.53,1058.53,0.0,0.91
2014-06-25,Capital Link Drybulk,CLDBI,1050.31,1050.31,1050.31,1050.31,0.0,-0.78
2014-06-26,Capital Link Drybulk,CLDBI,1041.09,1041.09,1041.09,1041.09,0.0,-0.88
2014-06-27,Capital Link Drybulk,CLDBI,1040.3,1040.3,1040.3,1040.3,0.0,-0.08
2014-06-30,Capital Link Drybulk,CLDBI,1061.24,1061.24,1061.24,1061.24,0.0,2.01
2014-07-01,Capital Link Drybulk,CLDBI,1063.87,1063.87,1063.87,1063.87,0.0,0.25
2014-07-03,Capital Link Drybulk,CLDBI,1051.16,1051.16,1051.16,1051.16,0.0,-1.19
2014-07-07,Capital Link Drybulk,CLDBI,1030.12,1030.12,1030.12,1030.12,0.0,-2.0
2014-07-08,Capital Link Drybulk,CLDBI,1013.75,1013.75,1013.75,1013.75,0.0,-1.59
2014-07-09,Capital Link Drybulk,CLDBI,1018.12,1018.12,1018.12,1018.12,0.0,0.43
2014-07-10,Capital Link Drybulk,CLDBI,1007.99,1007.99,1007.99,1007.99,0.0,-0.99
2014-07-17,Capital Link Drybulk,CLDBI,1008.76,1008.76,1008.76,1008.76,0.0,0.08
2014-07-18,Capital Link Drybulk,CLDBI,1023.08,1023.08,1023.08,1023.08,0.0,1.42
2014-07-21,Capital Link Drybulk,CLDBI,1016.48,1016.48,1016.48,1016.48,0.0,-0.65
2014-07-22,Capital Link Drybulk,CLDBI,1024.77,1024.77,1024.77,1024.77,0.0,0.82
2014-07-23,Capital Link Drybulk,CLDBI,998.94,998.94,998.94,998.94,0.0,-2.52
2014-07-24,Capital Link Drybulk,CLDBI,1000.76,1000.76,1000.76,1000.76,0.0,0.18
2014-07-25,Capital Link Drybulk,CLDBI,994.22,994.22,994.22,994.22,0.0,-0.65
2014-07-28,Capital Link Drybulk,CLDBI,973.71,973.71,973.71,973.71,0.0,-2.06
2014-07-29,Capital Link Drybulk,CLDBI,959.76,959.76,959.76,959.76,0.0,-1.43
2014-07-30,Capital Link Drybulk,CLDBI,948.49,948.49,948.49,948.49,0.0,-1.17
2014-07-31,Capital Link Drybulk,CLDBI,950.65,950.65,950.65,950.65,0.0,0.23
2014-08-01,Capital Link Drybulk,CLDBI,971.36,971.36,971.36,971.36,0.0,2.18
2014-08-04,Capital Link Drybulk,CLDBI,971.21,971.21,971.21,971.21,0.0,-0.02
2014-08-05,Capital Link Drybulk,CLDBI,967.48,967.48,967.48,967.48,0.0,-0.38
2014-08-06,Capital Link Drybulk,CLDBI,963.11,963.11,963.11,963.11,0.0,-0.45
2014-08-07,Capital Link Drybulk,CLDBI,938.29,938.29,938.29,938.29,0.0,-2.58
2014-08-08,Capital Link Drybulk,CLDBI,965.95,965.95,965.95,965.95,0.0,2.95
2014-08-12,Capital Link Drybulk,CLDBI,988.16,988.16,988.16,988.16,0.0,2.3
2014-08-13,Capital Link Drybulk,CLDBI,1009.22,1009.22,1009.22,1009.22,0.0,2.13
2014-08-14,Capital Link Drybulk,CLDBI,1037.92,1037.92,1037.92,1037.92,0.0,2.84
2014-08-19,Capital Link Drybulk,CLDBI,1069.81,1069.81,1069.81,1069.81,0.0,3.07
2014-08-20,Capital Link Drybulk,CLDBI,1072.49,1072.49,1072.49,1072.49,0.0,0.25
2014-08-21,Capital Link Drybulk,CLDBI,1087.57,1087.57,1087.57,1087.57,0.0,1.41
2014-08-22,Capital Link Drybulk,CLDBI,1066.99,1066.99,1066.99,1066.99,0.0,-1.89
2014-08-25,Capital Link Drybulk,CLDBI,1054.85,1054.85,1054.85,1054.85,0.0,-1.14
2014-08-26,Capital Link Drybulk,CLDBI,1062.45,1062.45,1062.45,1062.45,0.0,0.72
2014-08-27,Capital Link Drybulk,CLDBI,1060.27,1060.27,1060.27,1060.27,0.0,-0.21
2014-08-28,Capital Link Drybulk,CLDBI,1064.35,1064.35,1064.35,1064.35,0.0,0.38
2014-09-05,Capital Link Drybulk,CLDBI,1077.57,1077.57,1077.57,1077.57,0.0,1.24
2014-09-08,Capital Link Drybulk,CLDBI,1096.92,1096.92,1096.92,1096.92,0.0,1.8
2014-09-09,Capital Link Drybulk,CLDBI,1096.41,1096.41,1096.41,1096.41,0.0,-0.05
2014-09-10,Capital Link Drybulk,CLDBI,1107.17,1107.17,1107.17,1107.17,0.0,0.98
2014-09-11,Capital Link Drybulk,CLDBI,1089.09,1089.09,1089.09,1089.09,0.0,-1.63
2014-09-12,Capital Link Drybulk,CLDBI,1050.1,1050.1,1050.1,1050.1,0.0,-3.58
2014-09-16,Capital Link Drybulk,CLDBI,1013.02,1013.02,1013.02,1013.02,0.0,-3.53
2014-09-17,Capital Link Drybulk,CLDBI,1019.82,1019.82,1019.82,1019.82,0.0,0.67
2014-09-18,Capital Link Drybulk,CLDBI,1002.11,1002.11,1002.11,1002.11,0.0,-1.74
2014-09-22,Capital Link Drybulk,CLDBI,924.08,924.08,924.08,924.08,0.0,-7.79
2014-09-23,Capital Link Drybulk,CLDBI,924.08,924.08,924.08,924.08,0.0,0.0
2014-09-24,Capital Link Drybulk,CLDBI,897.51,897.51,897.51,897.51,0.0,-2.88
2014-09-30,Capital Link Drybulk,CLDBI,878.9,878.9,878.9,878.9,0.0,-2.07
2014-10-01,Capital Link Drybulk,CLDBI,863.23,863.23,863.23,863.23,0.0,-1.78
2014-10-02,Capital Link Drybulk,CLDBI,878.22,878.22,878.22,878.22,0.0,1.74
2014-10-03,Capital Link Drybulk,CLDBI,889.47,889.47,889.47,889.47,0.0,1.28
2014-10-06,Capital Link Drybulk,CLDBI,900.05,900.05,900.05,900.05,0.0,1.19
2014-10-07,Capital Link Drybulk,CLDBI,863.02,863.02,863.02,863.02,0.0,-4.11
2014-10-08,Capital Link Drybulk,CLDBI,853.64,853.64,853.64,853.64,0.0,-1.09
2014-10-10,Capital Link Drybulk,CLDBI,795.81,795.81,795.81,795.81,0.0,-6.77
2014-10-13,Capital Link Drybulk,CLDBI,740.8,740.8,740.8,740.8,0.0,-6.91
2014-10-14,Capital Link Drybulk,CLDBI,740.3,740.3,740.3,740.3,0.0,-0.07
2014-10-16,Capital Link Drybulk,CLDBI,810.93,810.93,810.93,810.93,0.0,9.54
2014-10-17,Capital Link Drybulk,CLDBI,824.62,824.62,824.62,824.62,0.0,1.69
2014-10-20,Capital Link Drybulk,CLDBI,912.76,912.76,912.76,912.76,0.0,10.69
2014-10-21,Capital Link Drybulk,CLDBI,927.73,927.73,927.73,927.73,0.0,1.64
2014-10-22,Capital Link Drybulk,CLDBI,891.65,891.65,891.65,891.65,0.0,-3.89
2014-10-23,Capital Link Drybulk,CLDBI,912.59,912.59,912.59,912.59,0.0,2.35
2014-10-24,Capital Link Drybulk,CLDBI,893.19,893.19,893.19,893.19,0.0,-2.13
2014-10-27,Capital Link Drybulk,CLDBI,888.31,888.31,888.31,888.31,0.0,-0.55
2014-10-28,Capital Link Drybulk,CLDBI,920.8,920.8,920.8,920.8,0.0,3.66
2014-10-29,Capital Link Drybulk,CLDBI,924.74,924.74,924.74,924.74,0.0,0.43
2014-10-30,Capital Link Drybulk,CLDBI,886.66,886.66,886.66,886.66,0.0,-4.12
2014-10-31,Capital Link Drybulk,CLDBI,874.87,874.87,874.87,874.87,0.0,-1.33
2014-11-03,Capital Link Drybulk,CLDBI,880.19,880.19,880.19,880.19,0.0,0.61
2014-11-04,Capital Link Drybulk,CLDBI,839.92,839.92,839.92,839.92,0.0,-4.58
2014-11-05,Capital Link Drybulk,CLDBI,798.28,798.28,798.28,798.28,0.0,-4.96
2014-11-07,Capital Link Drybulk,CLDBI,778.03,778.03,778.03,778.03,0.0,-2.54
2014-11-10,Capital Link Drybulk,CLDBI,761.55,761.55,761.55,761.55,0.0,-2.12
2014-11-11,Capital Link Drybulk,CLDBI,748.38,748.38,748.38,748.38,0.0,-1.73
2014-11-12,Capital Link Drybulk,CLDBI,758.5,758.5,758.5,758.5,0.0,1.35
2014-11-13,Capital Link Drybulk,CLDBI,725.08,725.08,725.08,725.08,0.0,-4.41
2014-11-14,Capital Link Drybulk,CLDBI,745.81,745.81,745.81,745.81,0.0,2.86
2014-11-17,Capital Link Drybulk,CLDBI,730.3,730.3,730.3,730.3,0.0,-2.08
2014-11-18,Capital Link Drybulk,CLDBI,746.14,746.14,746.14,746.14,0.0,2.17
2014-11-19,Capital Link Drybulk,CLDBI,731.6,731.6,731.6,731.6,0.0,-1.95
2014-11-20,Capital Link Drybulk,CLDBI,736.19,736.19,736.19,736.19,0.0,0.63
2014-11-24,Capital Link Drybulk,CLDBI,728.53,728.53,728.53,728.53,0.0,-1.04
2014-11-25,Capital Link Drybulk,CLDBI,728.74,728.74,728.74,728.74,0.0,0.03
2014-11-26,Capital Link Drybulk,CLDBI,729.73,729.73,729.73,729.73,0.0,0.14
2014-11-28,Capital Link Drybulk,CLDBI,701.78,701.78,701.78,701.78,0.0,-3.83
2014-12-01,Capital Link Drybulk,CLDBI,672.07,672.07,672.07,672.07,0.0,-4.23
2014-12-02,Capital Link Drybulk,CLDBI,664.18,664.18,664.18,664.18,0.0,-1.17
2014-12-03,Capital Link Drybulk,CLDBI,682.2,682.2,682.2,682.2,0.0,2.71
2014-12-04,Capital Link Drybulk,CLDBI,684.51,684.51,684.51,684.51,0.0,0.34
2014-12-08,Capital Link Drybulk,CLDBI,619.9,619.9,619.9,619.9,0.0,-9.44
2014-12-09,Capital Link Drybulk,CLDBI,638.09,638.09,638.09,638.09,0.0,2.93
2014-12-10,Capital Link Drybulk,CLDBI,616.15,616.15,616.15,616.15,0.0,-3.44
2014-12-16,Capital Link Drybulk,CLDBI,589.35,589.35,589.35,589.35,0.0,-4.35
2014-12-17,Capital Link Drybulk,CLDBI,624.6,624.6,624.6,624.6,0.0,5.98
2014-12-18,Capital Link Drybulk,CLDBI,645.11,645.11,645.11,645.11,0.0,3.28
2014-12-22,Capital Link Drybulk,CLDBI,638.08,638.08,638.08,638.08,0.0,-1.09
2014-12-23,Capital Link Drybulk,CLDBI,616.42,616.42,616.42,616.42,0.0,-3.39
2014-12-24,Capital Link Drybulk,CLDBI,600.84,600.84,600.84,600.84,0.0,-2.53
2014-12-26,Capital Link Drybulk,CLDBI,604.11,604.11,604.11,604.11,0.0,0.54
2014-12-29,Capital Link Drybulk,CLDBI,602.1,602.1,602.1,602.1,0.0,-0.33
2015-01-08,Capital Link Drybulk,CLDBI,678.5,678.5,678.5,678.5,0.0,12.69
2015-01-09,Capital Link Drybulk,CLDBI,632.13,632.13,632.13,632.13,0.0,-6.83
2015-01-12,Capital Link Drybulk,CLDBI,639.01,639.01,639.01,639.01,0.0,1.09
2015-01-13,Capital Link Drybulk,CLDBI,626.26,626.26,626.26,626.26,0.0,-2.0
2015-01-14,Capital Link Drybulk,CLDBI,617.41,617.41,617.41,617.41,0.0,-1.41
2015-01-15,Capital Link Drybulk,CLDBI,613.6,613.6,613.6,613.6,0.0,-0.62
2015-01-16,Capital Link Drybulk,CLDBI,628.8,628.8,628.8,628.8,0.0,2.48
2015-01-20,Capital Link Drybulk,CLDBI,625.89,625.89,625.89,625.89,0.0,-0.46
2015-01-21,Capital Link Drybulk,CLDBI,630.88,630.88,630.88,630.88,0.0,0.8
2015-01-22,Capital Link Drybulk,CLDBI,627.54,627.54,627.54,627.54,0.0,-0.53
2015-01-23,Capital Link Drybulk,CLDBI,605.82,605.82,605.82,605.82,0.0,-3.46
2015-01-26,Capital Link Drybulk,CLDBI,597.68,597.68,597.68,597.68,0.0,-1.34
2015-01-27,Capital Link Drybulk,CLDBI,599.5,599.5,599.5,599.5,0.0,0.3
2015-01-28,Capital Link Drybulk,CLDBI,576.18,576.18,576.18,576.18,0.0,-3.89
2015-01-29,Capital Link Drybulk,CLDBI,569.73,569.73,569.73,569.73,0.0,-1.12
2015-01-30,Capital Link Drybulk,CLDBI,570.92,570.92,570.92,570.92,0.0,0.21
2015-02-02,Capital Link Drybulk,CLDBI,595.46,595.46,595.46,595.46,0.0,4.3
2015-02-03,Capital Link Drybulk,CLDBI,642.77,642.77,642.77,642.77,0.0,7.95
2015-02-04,Capital Link Drybulk,CLDBI,632.22,632.22,632.22,632.22,0.0,-1.64
2015-02-05,Capital Link Drybulk,CLDBI,638.89,638.89,638.89,638.89,0.0,1.06
2015-02-06,Capital Link Drybulk,CLDBI,617.45,617.45,617.45,617.45,0.0,-3.36
2015-02-09,Capital Link Drybulk,CLDBI,616.1,616.1,616.1,616.1,0.0,-0.22
2015-02-10,Capital Link Drybulk,CLDBI,602.67,602.67,602.67,602.67,0.0,-2.18
2015-02-11,Capital Link Drybulk,CLDBI,609.68,609.68,609.68,609.68,0.0,1.16
2015-02-12,Capital Link Drybulk,CLDBI,608.32,608.32,608.32,608.32,0.0,-0.22
2015-02-13,Capital Link Drybulk,CLDBI,621.94,621.94,621.94,621.94,0.0,2.24
2015-02-17,Capital Link Drybulk,CLDBI,620.81,620.81,620.81,620.81,0.0,-0.18
2015-02-18,Capital Link Drybulk,CLDBI,616.7,616.7,616.7,616.7,0.0,-0.66
2015-02-19,Capital Link Drybulk,CLDBI,621.66,621.66,621.66,621.66,0.0,0.8
2015-02-20,Capital Link Drybulk,CLDBI,624.49,624.49,624.49,624.49,0.0,0.46
2015-02-23,Capital Link Drybulk,CLDBI,609.89,609.89,609.89,609.89,0.0,-2.34
2015-02-24,Capital Link Drybulk,CLDBI,606.95,606.95,606.95,606.95,0.0,-0.48
2015-02-25,Capital Link Drybulk,CLDBI,614.3,614.3,614.3,614.3,0.0,1.21
2015-02-26,Capital Link Drybulk,CLDBI,625.08,625.08,625.08,625.08,0.0,1.75
2015-02-27,Capital Link Drybulk,CLDBI,628.07,628.07,628.07,628.07,0.0,0.48
2015-03-02,Capital Link Drybulk,CLDBI,636.39,636.39,636.39,636.39,0.0,1.32
2015-03-03,Capital Link Drybulk,CLDBI,638.77,638.77,638.77,638.77,0.0,0.37
2015-03-04,Capital Link Drybulk,CLDBI,639.07,639.07,639.07,639.07,0.0,0.05
2015-03-05,Capital Link Drybulk,CLDBI,625.27,625.27,625.27,625.27,0.0,-2.16
2015-03-06,Capital Link Drybulk,CLDBI,610.66,610.66,610.66,610.66,0.0,-2.34
2015-03-09,Capital Link Drybulk,CLDBI,581.62,581.62,581.62,581.62,0.0,-4.76
2015-03-10,Capital Link Drybulk,CLDBI,563.46,563.46,563.46,563.46,0.0,-3.12
2015-03-11,Capital Link Drybulk,CLDBI,577.39,577.39,577.39,577.39,0.0,2.47
2015-03-12,Capital Link Drybulk,CLDBI,579.43,579.43,579.43,579.43,0.0,0.35
2015-03-13,Capital Link Drybulk,CLDBI,568.41,568.41,568.41,568.41,0.0,-1.9
2015-03-16,Capital Link Drybulk,CLDBI,537.44,537.44,537.44,537.44,0.0,-5.45
2015-03-17,Capital Link Drybulk,CLDBI,523.77,523.77,523.77,523.77,0.0,-2.54
2015-03-18,Capital Link Drybulk,CLDBI,526.67,526.67,526.67,526.67,0.0,0.55
2015-03-19,Capital Link Drybulk,CLDBI,547.06,547.06,547.06,547.06,0.0,3.87
2015-03-20,Capital Link Drybulk,CLDBI,532.1,532.1,532.1,532.1,0.0,-2.73
2015-03-23,Capital Link Drybulk,CLDBI,541.64,541.64,541.64,541.64,0.0,1.79
2015-03-24,Capital Link Drybulk,CLDBI,551.29,551.29,551.29,551.29,0.0,1.78
2015-03-25,Capital Link Drybulk,CLDBI,546.69,546.69,546.69,546.69,0.0,-0.83
2015-03-26,Capital Link Drybulk,CLDBI,541.59,541.59,541.59,541.59,0.0,-0.93
2015-03-27,Capital Link Drybulk,CLDBI,532.22,532.22,532.22,532.22,0.0,-1.73
2015-03-30,Capital Link Drybulk,CLDBI,537.2,537.2,537.2,537.2,0.0,0.94
2015-03-31,Capital Link Drybulk,CLDBI,533.97,533.97,533.97,533.97,0.0,-0.6
2015-04-01,Capital Link Drybulk,CLDBI,541.12,541.12,541.12,541.12,0.0,1.34
2015-04-02,Capital Link Drybulk,CLDBI,554.28,554.28,554.28,554.28,0.0,2.43
2015-04-06,Capital Link Drybulk,CLDBI,568.23,568.23,568.23,568.23,0.0,2.52
2015-04-07,Capital Link Drybulk,CLDBI,575.8,575.8,575.8,575.8,0.0,1.33
2015-04-08,Capital Link Drybulk,CLDBI,569.94,569.94,569.94,569.94,0.0,-1.02
2015-04-09,Capital Link Drybulk,CLDBI,578.27,578.27,578.27,578.27,0.0,1.46
2015-04-10,Capital Link Drybulk,CLDBI,577.68,577.68,577.68,577.68,0.0,-0.1
2015-04-13,Capital Link Drybulk,CLDBI,569.98,569.98,569.98,569.98,0.0,-1.33
2015-04-14,Capital Link Drybulk,CLDBI,572.86,572.86,572.86,572.86,0.0,0.51
2015-04-15,Capital Link Drybulk,CLDBI,584.38,584.38,584.38,584.38,0.0,2.01
2015-04-16,Capital Link Drybulk,CLDBI,586.92,586.92,586.92,586.92,0.0,0.43
2015-04-17,Capital Link Drybulk,CLDBI,592.77,592.77,592.77,592.77,0.0,1.0
2015-04-20,Capital Link Drybulk,CLDBI,610.67,610.67,610.67,610.67,0.0,3.02
2015-04-21,Capital Link Drybulk,CLDBI,599.28,599.28,599.28,599.28,0.0,-1.87
2015-04-22,Capital Link Drybulk,CLDBI,594.95,594.95,594.95,594.95,0.0,-0.72
2015-04-23,Capital Link Drybulk,CLDBI,604.95,604.95,604.95,604.95,0.0,1.68
2015-04-24,Capital Link Drybulk,CLDBI,609.48,609.48,609.48,609.48,0.0,0.75
2015-04-27,Capital Link Drybulk,CLDBI,606.81,606.81,606.81,606.81,0.0,-0.44
2015-04-28,Capital Link Drybulk,CLDBI,604.27,604.27,604.27,604.27,0.0,-0.42
2015-04-29,Capital Link Drybulk,CLDBI,610.46,610.46,610.46,610.46,0.0,1.02
2015-04-30,Capital Link Drybulk,CLDBI,606.36,606.36,606.36,606.36,0.0,-0.67
2015-05-01,Capital Link Drybulk,CLDBI,604.83,604.83,604.83,604.83,0.0,-0.25
2015-05-04,Capital Link Drybulk,CLDBI,596.71,596.71,596.71,596.71,0.0,-1.34
2015-05-05,Capital Link Drybulk,CLDBI,586.04,586.04,586.04,586.04,0.0,-1.79
2015-05-06,Capital Link Drybulk,CLDBI,585.88,585.88,585.88,585.88,0.0,-0.03
2015-05-07,Capital Link Drybulk,CLDBI,568.62,568.62,568.62,568.62,0.0,-2.95
2015-05-08,Capital Link Drybulk,CLDBI,578.26,578.26,578.26,578.26,0.0,1.7
2015-05-11,Capital Link Drybulk,CLDBI,564.82,564.82,564.82,564.82,0.0,-2.32
2015-05-12,Capital Link Drybulk,CLDBI,562.57,562.57,562.57,562.57,0.0,-0.4
2015-05-13,Capital Link Drybulk,CLDBI,557.78,557.78,557.78,557.78,0.0,-0.85
2015-05-14,Capital Link Drybulk,CLDBI,549.39,549.39,549.39,549.39,0.0,-1.5
2015-05-15,Capital Link Drybulk,CLDBI,551.85,551.85,551.85,551.85,0.0,0.45
2015-05-18,Capital Link Drybulk,CLDBI,547.43,547.43,547.43,547.43,0.0,-0.8
2015-05-19,Capital Link Drybulk,CLDBI,539.62,539.62,539.62,539.62,0.0,-1.43
2015-05-20,Capital Link Drybulk,CLDBI,542.98,542.98,542.98,542.98,0.0,0.62
2015-05-21,Capital Link Drybulk,CLDBI,544.72,544.72,544.72,544.72,0.0,0.32
2015-05-22,Capital Link Drybulk,CLDBI,542.73,542.73,542.73,542.73,0.0,-0.37
2015-05-26,Capital Link Drybulk,CLDBI,528.92,528.92,528.92,528.92,0.0,-2.54
2015-05-27,Capital Link Drybulk,CLDBI,531.2,531.2,531.2,531.2,0.0,0.43
2015-05-28,Capital Link Drybulk,CLDBI,519.09,519.09,519.09,519.09,0.0,-2.28
2015-05-29,Capital Link Drybulk,CLDBI,520.81,520.81,520.81,520.81,0.0,0.33
2015-06-01,Capital Link Drybulk,CLDBI,519.75,519.75,519.75,519.75,0.0,-0.2
2015-06-02,Capital Link Drybulk,CLDBI,520.58,520.58,520.58,520.58,0.0,0.16
2015-06-03,Capital Link Drybulk,CLDBI,522.62,522.62,522.62,522.62,0.0,0.39
2015-06-04,Capital Link Drybulk,CLDBI,513.85,513.85,513.85,513.85,0.0,-1.68
2015-06-05,Capital Link Drybulk,CLDBI,518.66,518.66,518.66,518.66,0.0,0.94
2015-06-08,Capital Link Drybulk,CLDBI,523.77,523.77,523.77,523.77,0.0,0.99
2015-06-09,Capital Link Drybulk,CLDBI,517.63,517.63,517.63,517.63,0.0,-1.17
2015-06-10,Capital Link Drybulk,CLDBI,516.06,516.06,516.06,516.06,0.0,-0.3
2015-06-11,Capital Link Drybulk,CLDBI,514.04,514.04,514.04,514.04,0.0,-0.39
2015-06-12,Capital Link Drybulk,CLDBI,518.26,518.26,518.26,518.26,0.0,0.82
2015-06-15,Capital Link Drybulk,CLDBI,502.04,502.04,502.04,502.04,0.0,-3.13
2015-06-16,Capital Link Drybulk,CLDBI,510.8,510.8,510.8,510.8,0.0,1.74
2015-06-17,Capital Link Drybulk,CLDBI,519.69,519.69,519.69,519.69,0.0,1.74
2015-06-18,Capital Link Drybulk,CLDBI,524.43,524.43,524.43,524.43,0.0,0.91
2015-06-19,Capital Link Drybulk,CLDBI,529.72,529.72,529.72,529.72,0.0,1.01
2015-06-22,Capital Link Drybulk,CLDBI,519.21,519.21,519.21,519.21,0.0,-1.98
2015-06-23,Capital Link Drybulk,CLDBI,532.16,532.16,532.16,532.16,0.0,2.49
2015-06-24,Capital Link Drybulk,CLDBI,532.44,532.44,532.44,532.44,0.0,0.05
2015-06-25,Capital Link Drybulk,CLDBI,528.13,528.13,528.13,528.13,0.0,-0.81
2015-06-26,Capital Link Drybulk,CLDBI,527.49,527.49,527.49,527.49,0.0,-0.12
2015-06-29,Capital Link Drybulk,CLDBI,497.05,497.05,497.05,497.05,0.0,-5.77
2015-06-30,Capital Link Drybulk,CLDBI,495.28,495.28,495.28,495.28,0.0,-0.36
2015-07-01,Capital Link Drybulk,CLDBI,495.5,495.5,495.5,495.5,0.0,0.04
2015-07-02,Capital Link Drybulk,CLDBI,509.3,509.3,509.3,509.3,0.0,2.79
2015-07-06,Capital Link Drybulk,CLDBI,498.94,498.94,498.94,498.94,0.0,-2.03
2015-07-07,Capital Link Drybulk,CLDBI,494.32,494.32,494.32,494.32,0.0,-0.93
2015-07-08,Capital Link Drybulk,CLDBI,485.4,485.4,485.4,485.4,0.0,-1.8
2015-07-09,Capital Link Drybulk,CLDBI,489.34,489.34,489.34,489.34,0.0,0.81
2015-07-10,Capital Link Drybulk,CLDBI,514.49,514.49,514.49,514.49,0.0,5.14
2015-07-13,Capital Link Drybulk,CLDBI,533.39,533.39,533.39,533.39,0.0,3.67
2015-07-14,Capital Link Drybulk,CLDBI,524.53,524.53,524.53,524.53,0.0,-1.66
2015-07-15,Capital Link Drybulk,CLDBI,516.38,516.38,516.38,516.38,0.0,-1.55
2015-07-16,Capital Link Drybulk,CLDBI,536.83,536.83,536.83,536.83,0.0,3.96
2015-07-20,Capital Link Drybulk,CLDBI,555.89,555.89,555.89,555.89,0.0,3.55
2015-07-21,Capital Link Drybulk,CLDBI,566.09,566.09,566.09,566.09,0.0,1.83
2015-07-22,Capital Link Drybulk,CLDBI,550.3,550.3,550.3,550.3,0.0,-2.79
2015-07-23,Capital Link Drybulk,CLDBI,540.24,540.24,540.24,540.24,0.0,-1.83
2015-07-24,Capital Link Drybulk,CLDBI,528.43,528.43,528.43,528.43,0.0,-2.19
2015-07-27,Capital Link Drybulk,CLDBI,521.21,521.21,521.21,521.21,0.0,-1.37
2015-07-28,Capital Link Drybulk,CLDBI,538.97,538.97,538.97,538.97,0.0,3.41
2015-07-29,Capital Link Drybulk,CLDBI,545.75,545.75,545.75,545.75,0.0,1.26
2015-07-30,Capital Link Drybulk,CLDBI,531.61,531.61,531.61,531.61,0.0,-2.59
2015-07-31,Capital Link Drybulk,CLDBI,537.36,537.36,537.36,537.36,0.0,1.08
2015-08-03,Capital Link Drybulk,CLDBI,537.21,537.21,537.21,537.21,0.0,-0.03
2015-08-05,Capital Link Drybulk,CLDBI,530.07,530.07,530.07,530.07,0.0,-1.33
2015-08-06,Capital Link Drybulk,CLDBI,533.76,533.76,533.76,533.76,0.0,0.7
2015-08-07,Capital Link Drybulk,CLDBI,528.42,528.42,528.42,528.42,0.0,-1.0
2015-08-10,Capital Link Drybulk,CLDBI,541.39,541.39,541.39,541.39,0.0,2.45
2015-08-11,Capital Link Drybulk,CLDBI,527.09,527.09,527.09,527.09,0.0,-2.64
2015-08-12,Capital Link Drybulk,CLDBI,511.33,511.33,511.33,511.33,0.0,-2.99
2015-08-13,Capital Link Drybulk,CLDBI,501.78,501.78,501.78,501.78,0.0,-1.87
2015-08-14,Capital Link Drybulk,CLDBI,509.07,509.07,509.07,509.07,0.0,1.45
2015-08-17,Capital Link Drybulk,CLDBI,511.08,511.08,511.08,511.08,0.0,0.39
2015-08-18,Capital Link Drybulk,CLDBI,490.18,490.18,490.18,490.18,0.0,-4.09
2015-08-19,Capital Link Drybulk,CLDBI,470.99,470.99,470.99,470.99,0.0,-3.91
2015-08-20,Capital Link Drybulk,CLDBI,447.93,447.93,447.93,447.93,0.0,-4.9
2015-08-21,Capital Link Drybulk,CLDBI,418.3,418.3,418.3,418.3,0.0,-6.61
2015-08-24,Capital Link Drybulk,CLDBI,396.76,396.76,396.76,396.76,0.0,-5.15
2015-08-25,Capital Link Drybulk,CLDBI,402.13,402.13,402.13,402.13,0.0,1.35
2015-08-27,Capital Link Drybulk,CLDBI,413.07,413.07,413.07,413.07,0.0,2.72
2015-08-28,Capital Link Drybulk,CLDBI,427.93,427.93,427.93,427.93,0.0,3.6
2015-08-31,Capital Link Drybulk,CLDBI,447.31,447.31,447.31,447.31,0.0,4.53
2015-09-02,Capital Link Drybulk,CLDBI,435.64,435.64,435.64,435.64,0.0,-2.61
2015-09-03,Capital Link Drybulk,CLDBI,424.72,424.72,424.72,424.72,0.0,-2.51
2015-09-04,Capital Link Drybulk,CLDBI,421.34,421.34,421.34,421.34,0.0,-0.8
2015-09-08,Capital Link Drybulk,CLDBI,424.97,424.97,424.97,424.97,0.0,0.86
2015-09-09,Capital Link Drybulk,CLDBI,428.35,428.35,428.35,428.35,0.0,0.8
2015-09-10,Capital Link Drybulk,CLDBI,429.7,429.7,429.7,429.7,0.0,0.32
2015-09-11,Capital Link Drybulk,CLDBI,435.55,435.55,435.55,435.55,0.0,1.36
2015-09-14,Capital Link Drybulk,CLDBI,431.19,431.19,431.19,431.19,0.0,-1.0
2015-09-15,Capital Link Drybulk,CLDBI,433.31,433.31,433.31,433.31,0.0,0.49
2015-09-16,Capital Link Drybulk,CLDBI,440.76,440.76,440.76,440.76,0.0,1.72
2015-09-17,Capital Link Drybulk,CLDBI,447.76,447.76,447.76,447.76,0.0,1.59
2015-09-18,Capital Link Drybulk,CLDBI,445.86,445.86,445.86,445.86,0.0,-0.42
2015-09-21,Capital Link Drybulk,CLDBI,443.76,443.76,443.76,443.76,0.0,-0.47
2015-09-22,Capital Link Drybulk,CLDBI,426.01,426.01,426.01,426.01,0.0,-4.0
2015-09-23,Capital Link Drybulk,CLDBI,419.27,419.27,419.27,419.27,0.0,-1.58
2015-09-24,Capital Link Drybulk,CLDBI,423.5,423.5,423.5,423.5,0.0,1.01
2015-09-25,Capital Link Drybulk,CLDBI,421.86,421.86,421.86,421.86,0.0,-0.39
2015-09-30,Capital Link Drybulk,CLDBI,394.45,394.45,394.45,394.45,0.0,-6.5
2015-10-01,Capital Link Drybulk,CLDBI,389.09,389.09,389.09,389.09,0.0,-1.36
2015-10-02,Capital Link Drybulk,CLDBI,392.26,392.26,392.26,392.26,0.0,0.81
2015-10-05,Capital Link Drybulk,CLDBI,415.72,415.72,415.72,415.72,0.0,5.98
2015-10-06,Capital Link Drybulk,CLDBI,425.62,425.62,425.62,425.62,0.0,2.38
2015-10-07,Capital Link Drybulk,CLDBI,439.38,439.38,439.38,439.38,0.0,3.23
2015-10-08,Capital Link Drybulk,CLDBI,439.5,439.5,439.5,439.5,0.0,0.03
2015-10-09,Capital Link Drybulk,CLDBI,447.03,447.03,447.03,447.03,0.0,1.71
2015-10-12,Capital Link Drybulk,CLDBI,432.62,432.62,432.62,432.62,0.0,-3.22
2015-10-13,Capital Link Drybulk,CLDBI,421.97,421.97,421.97,421.97,0.0,-2.46
2015-10-14,Capital Link Drybulk,CLDBI,428.21,428.21,428.21,428.21,0.0,1.48
2015-10-15,Capital Link Drybulk,CLDBI,432.44,432.44,432.44,432.44,0.0,0.99
2015-10-16,Capital Link Drybulk,CLDBI,420.99,420.99,420.99,420.99,0.0,-2.65
2015-10-19,Capital Link Drybulk,CLDBI,409.76,409.76,409.76,409.76,0.0,-2.67
2015-10-21,Capital Link Drybulk,CLDBI,407.42,407.42,407.42,407.42,0.0,-0.57
2015-10-22,Capital Link Drybulk,CLDBI,401.11,401.11,401.11,401.11,0.0,-1.55
2015-10-23,Capital Link Drybulk,CLDBI,402.82,402.82,402.82,402.82,0.0,0.43
2015-10-26,Capital Link Drybulk,CLDBI,387.1,387.1,387.1,387.1,0.0,-3.9
2015-10-27,Capital Link Drybulk,CLDBI,373.11,373.11,373.11,373.11,0.0,-3.61
2015-10-28,Capital Link Drybulk,CLDBI,382.47,382.47,382.47,382.47,0.0,2.51
2015-10-29,Capital Link Drybulk,CLDBI,385.59,385.59,385.59,385.59,0.0,0.82
2015-10-30,Capital Link Drybulk,CLDBI,386.41,386.41,386.41,386.41,0.0,0.21
2015-11-02,Capital Link Drybulk,CLDBI,384.62,384.62,384.62,384.62,0.0,-0.46
2015-11-03,Capital Link Drybulk,CLDBI,350.38,350.38,350.38,350.38,0.0,-8.9
2015-11-04,Capital Link Drybulk,CLDBI,348.72,348.72,348.72,348.72,0.0,-0.47
2015-11-05,Capital Link Drybulk,CLDBI,341.08,341.08,341.08,341.08,0.0,-2.19
2015-11-06,Capital Link Drybulk,CLDBI,338.8,338.8,338.8,338.8,0.0,-0.67
2015-11-09,Capital Link Drybulk,CLDBI,324.55,324.55,324.55,324.55,0.0,-4.21
2015-11-10,Capital Link Drybulk,CLDBI,311.6,311.6,311.6,311.6,0.0,-3.99
2015-11-11,Capital Link Drybulk,CLDBI,301.46,301.46,301.46,301.46,0.0,-3.25
2015-11-12,Capital Link Drybulk,CLDBI,285.18,285.18,285.18,285.18,0.0,-5.4
2015-11-13,Capital Link Drybulk,CLDBI,278.32,278.32,278.32,278.32,0.0,-2.41
2015-11-16,Capital Link Drybulk,CLDBI,278.63,278.63,278.63,278.63,0.0,0.11
2015-11-17,Capital Link Drybulk,CLDBI,268.92,268.92,268.92,268.92,0.0,-3.48
2015-11-18,Capital Link Drybulk,CLDBI,248.94,248.94,248.94,248.94,0.0,-7.43
2015-11-19,Capital Link Drybulk,CLDBI,254.93,254.93,254.93,254.93,0.0,2.41
2015-11-20,Capital Link Drybulk,CLDBI,243.25,243.25,243.25,243.25,0.0,-4.58
2015-11-23,Capital Link Drybulk,CLDBI,241.03,241.03,241.03,241.03,0.0,-0.91
2015-11-24,Capital Link Drybulk,CLDBI,237.97,237.97,237.97,237.97,0.0,-1.27
2015-11-25,Capital Link Drybulk,CLDBI,231.18,231.18,231.18,231.18,0.0,-2.85
2015-11-30,Capital Link Drybulk,CLDBI,231.7,231.7,231.7,231.7,0.0,0.22
2015-12-01,Capital Link Drybulk,CLDBI,225.66,225.66,225.66,225.66,0.0,-2.61
2015-12-02,Capital Link Drybulk,CLDBI,214.41,214.41,214.41,214.41,0.0,-4.99
2015-12-03,Capital Link Drybulk,CLDBI,211.64,211.64,211.64,211.64,0.0,-1.29
2015-12-04,Capital Link Drybulk,CLDBI,203.13,203.13,203.13,203.13,0.0,-4.02
2015-12-07,Capital Link Drybulk,CLDBI,188.42,188.42,188.42,188.42,0.0,-7.24
2015-12-08,Capital Link Drybulk,CLDBI,198.49,198.49,198.49,198.49,0.0,5.34
2015-12-09,Capital Link Drybulk,CLDBI,201.12,201.12,201.12,201.12,0.0,1.33
2015-12-10,Capital Link Drybulk,CLDBI,205.81,205.81,205.81,205.81,0.0,2.33
2015-12-11,Capital Link Drybulk,CLDBI,201.75,201.75,201.75,201.75,0.0,-1.97
2015-12-14,Capital Link Drybulk,CLDBI,195.96,195.96,195.96,195.96,0.0,-2.87
2015-12-15,Capital Link Drybulk,CLDBI,189.67,189.67,189.67,189.67,0.0,-3.21
2015-12-16,Capital Link Drybulk,CLDBI,192.35,192.35,192.35,192.35,0.0,1.41
2015-12-17,Capital Link Drybulk,CLDBI,192.94,192.94,192.94,192.94,0.0,0.31
2015-12-18,Capital Link Drybulk,CLDBI,196.3,196.3,196.3,196.3,0.0,1.74
2015-12-21,Capital Link Drybulk,CLDBI,194.35,194.35,194.35,194.35,0.0,-0.99
2015-12-22,Capital Link Drybulk,CLDBI,201.26,201.26,201.26,201.26,0.0,3.56
2015-12-23,Capital Link Drybulk,CLDBI,215.27,215.27,215.27,215.27,0.0,6.96
2015-12-24,Capital Link Drybulk,CLDBI,225.29,225.29,225.29,225.29,0.0,4.65
2015-12-28,Capital Link Drybulk,CLDBI,213.69,213.69,213.69,213.69,0.0,-5.15
2015-12-30,Capital Link Drybulk,CLDBI,308.43,308.43,308.43,308.43,0.0,44.34
2015-12-31,Capital Link Drybulk,CLDBI,339.21,339.21,339.21,339.21,0.0,9.98
2016-01-04,Capital Link Drybulk,CLDBI,323.43,323.43,323.43,323.43,0.0,-4.65
2016-01-05,Capital Link Drybulk,CLDBI,289.3,289.3,289.3,289.3,0.0,-10.55
2016-01-06,Capital Link Drybulk,CLDBI,257.59,257.59,257.59,257.59,0.0,-10.96
2016-01-07,Capital Link Drybulk,CLDBI,232.15,232.15,232.15,232.15,0.0,-9.88
2016-01-08,Capital Link Drybulk,CLDBI,225.8,225.8,225.8,225.8,0.0,-2.74
2016-01-11,Capital Link Drybulk,CLDBI,195.12,195.12,195.12,195.12,0.0,-13.59
2016-01-12,Capital Link Drybulk,CLDBI,180.22,180.22,180.22,180.22,0.0,-7.64
2016-01-13,Capital Link Drybulk,CLDBI,155.36,155.36,155.36,155.36,0.0,-13.79
2016-01-15,Capital Link Drybulk,CLDBI,164.79,164.79,164.79,164.79,0.0,6.07
2016-01-19,Capital Link Drybulk,CLDBI,162.2,162.2,162.2,162.2,0.0,-1.57
2016-01-20,Capital Link Drybulk,CLDBI,161.86,161.86,161.86,161.86,0.0,-0.21
2016-01-21,Capital Link Drybulk,CLDBI,169.61,169.61,169.61,169.61,0.0,4.79
2016-01-22,Capital Link Drybulk,CLDBI,176.22,176.22,176.22,176.22,0.0,3.9
2016-01-26,Capital Link Drybulk,CLDBI,165.57,165.57,165.57,165.57,0.0,-6.04
2016-01-27,Capital Link Drybulk,CLDBI,173.97,173.97,173.97,173.97,0.0,5.07
2016-01-28,Capital Link Drybulk,CLDBI,174.15,174.15,174.15,174.15,0.0,0.1
2016-01-29,Capital Link Drybulk,CLDBI,174.68,174.68,174.68,174.68,0.0,0.3
2016-02-01,Capital Link Drybulk,CLDBI,162.4,162.4,162.4,162.4,0.0,-7.03
2016-02-03,Capital Link Drybulk,CLDBI,151.96,151.96,151.96,151.96,0.0,-6.43
2016-02-04,Capital Link Drybulk,CLDBI,151.33,151.33,151.33,151.33,0.0,-0.41
2016-02-05,Capital Link Drybulk,CLDBI,146.11,146.11,146.11,146.11,0.0,-3.45
2016-02-08,Capital Link Drybulk,CLDBI,139.01,139.01,139.01,139.01,0.0,-4.86
2016-02-09,Capital Link Drybulk,CLDBI,124.63,124.63,124.63,124.63,0.0,-10.34
2016-02-10,Capital Link Drybulk,CLDBI,116.81,116.81,116.81,116.81,0.0,-6.27
2016-02-11,Capital Link Drybulk,CLDBI,111.22,111.22,111.22,111.22,0.0,-4.79
2016-02-12,Capital Link Drybulk,CLDBI,118.45,118.45,118.45,118.45,0.0,6.5
2016-02-17,Capital Link Drybulk,CLDBI,131.94,131.94,131.94,131.94,0.0,11.39
2016-02-18,Capital Link Drybulk,CLDBI,120.75,120.75,120.75,120.75,0.0,-8.48
2016-02-19,Capital Link Drybulk,CLDBI,123.61,123.61,123.61,123.61,0.0,2.37
2016-02-22,Capital Link Drybulk,CLDBI,132.14,132.14,132.14,132.14,0.0,6.9
2016-02-23,Capital Link Drybulk,CLDBI,126.17,126.17,126.17,126.17,0.0,-4.52
2016-02-24,Capital Link Drybulk,CLDBI,119.38,119.38,119.38,119.38,0.0,-5.38
2016-02-25,Capital Link Drybulk,CLDBI,108.78,108.78,108.78,108.78,0.0,-8.88
2016-02-26,Capital Link Drybulk,CLDBI,116.86,116.86,116.86,116.86,0.0,7.43
2016-03-01,Capital Link Drybulk,CLDBI,128.48,128.48,128.48,128.48,0.0,9.94
2016-03-02,Capital Link Drybulk,CLDBI,124.35,124.35,124.35,124.35,0.0,-3.21
2016-03-03,Capital Link Drybulk,CLDBI,141.74,141.74,141.74,141.74,0.0,13.98
2016-03-04,Capital Link Drybulk,CLDBI,162.58,162.58,162.58,162.58,0.0,14.7
2016-03-07,Capital Link Drybulk,CLDBI,179.98,179.98,179.98,179.98,0.0,10.7
2016-03-08,Capital Link Drybulk,CLDBI,164.8,164.8,164.8,164.8,0.0,-8.43
2016-03-09,Capital Link Drybulk,CLDBI,152.04,152.04,152.04,152.04,0.0,-7.74
2016-03-10,Capital Link Drybulk,CLDBI,141.94,141.94,141.94,141.94,0.0,-6.64
2016-03-11,Capital Link Drybulk,CLDBI,159.37,159.37,159.37,159.37,0.0,12.28
2016-03-14,Capital Link Drybulk,CLDBI,163.44,163.44,163.44,163.44,0.0,2.55
2016-03-15,Capital Link Drybulk,CLDBI,155.34,155.34,155.34,155.34,0.0,-4.96
2016-03-16,Capital Link Drybulk,CLDBI,158.93,158.93,158.93,158.93,0.0,2.31
2016-03-17,Capital Link Drybulk,CLDBI,154.6,154.6,154.6,154.6,0.0,-2.72
2016-03-18,Capital Link Drybulk,CLDBI,163.5,163.5,163.5,163.5,0.0,5.76
2016-03-21,Capital Link Drybulk,CLDBI,158.78,158.78,158.78,158.78,0.0,-2.89
2016-03-23,Capital Link Drybulk,CLDBI,145.94,145.94,145.94,145.94,0.0,-8.09
2016-03-24,Capital Link Drybulk,CLDBI,145.87,145.87,145.87,145.87,0.0,-0.05
2016-03-28,Capital Link Drybulk,CLDBI,145.74,145.74,145.74,145.74,0.0,-0.09
2016-03-30,Capital Link Drybulk,CLDBI,153.51,153.51,153.51,153.51,0.0,5.33
2016-03-31,Capital Link Drybulk,CLDBI,157.35,157.35,157.35,157.35,0.0,2.5
2016-04-01,Capital Link Drybulk,CLDBI,155.4,155.4,155.4,155.4,0.0,-1.24
2016-04-04,Capital Link Drybulk,CLDBI,149.17,149.17,149.17,149.17,0.0,-4.01
2016-04-05,Capital Link Drybulk,CLDBI,147.3,147.3,147.3,147.3,0.0,-1.25
2016-04-06,Capital Link Drybulk,CLDBI,151.24,151.24,151.24,151.24,0.0,2.67
2016-04-07,Capital Link Drybulk,CLDBI,156.48,156.48,156.48,156.48,0.0,3.46
2016-04-08,Capital Link Drybulk,CLDBI,171.46,171.46,171.46,171.46,0.0,9.57
2016-04-11,Capital Link Drybulk,CLDBI,183.36,183.36,183.36,183.36,0.0,6.94
2016-04-13,Capital Link Drybulk,CLDBI,180.66,180.66,180.66,180.66,0.0,-1.47
2016-04-14,Capital Link Drybulk,CLDBI,181.53,181.53,181.53,181.53,0.0,0.48
2016-04-15,Capital Link Drybulk,CLDBI,184.8,184.8,184.8,184.8,0.0,1.8
2016-04-18,Capital Link Drybulk,CLDBI,186.16,186.16,186.16,186.16,0.0,0.74
2016-04-19,Capital Link Drybulk,CLDBI,193.07,193.07,193.07,193.07,0.0,3.71
2016-04-20,Capital Link Drybulk,CLDBI,190.84,190.84,190.84,190.84,0.0,-1.16
2016-04-21,Capital Link Drybulk,CLDBI,185.92,185.92,185.92,185.92,0.0,-2.58
2016-04-25,Capital Link Drybulk,CLDBI,184.44,184.44,184.44,184.44,0.0,-0.8
2016-04-26,Capital Link Drybulk,CLDBI,185.67,185.67,185.67,185.67,0.0,0.67
2016-04-27,Capital Link Drybulk,CLDBI,188.66,188.66,188.66,188.66,0.0,1.61
2016-04-28,Capital Link Drybulk,CLDBI,198.37,198.37,198.37,198.37,0.0,5.15
2016-04-29,Capital Link Drybulk,CLDBI,202.08,202.08,202.08,202.08,0.0,1.87
2016-05-02,Capital Link Drybulk,CLDBI,195.17,195.17,195.17,195.17,0.0,-3.42
2016-05-03,Capital Link Drybulk,CLDBI,184.36,184.36,184.36,184.36,0.0,-5.54
2016-05-04,Capital Link Drybulk,CLDBI,184.05,184.05,184.05,184.05,0.0,-0.17
2016-05-05,Capital Link Drybulk,CLDBI,175.1,175.1,175.1,175.1,0.0,-4.86
2016-05-06,Capital Link Drybulk,CLDBI,175.1,175.1,175.1,175.1,0.0,0.0
2016-05-09,Capital Link Drybulk,CLDBI,168.89,168.89,168.89,168.89,0.0,-3.55
2016-05-10,Capital Link Drybulk,CLDBI,178.53,178.53,178.53,178.53,0.0,5.71
2016-05-11,Capital Link Drybulk,CLDBI,177.42,177.42,177.42,177.42,0.0,-0.62
2016-05-12,Capital Link Drybulk,CLDBI,167.44,167.44,167.44,167.44,0.0,-5.63
2016-05-13,Capital Link Drybulk,CLDBI,164.91,164.91,164.91,164.91,0.0,-1.51
2016-05-16,Capital Link Drybulk,CLDBI,168.25,168.25,168.25,168.25,0.0,2.03
2016-05-18,Capital Link Drybulk,CLDBI,159.94,159.94,159.94,159.94,0.0,-4.94
2016-05-19,Capital Link Drybulk,CLDBI,156.71,156.71,156.71,156.71,0.0,-2.02
2016-05-20,Capital Link Drybulk,CLDBI,156.71,156.71,156.71,156.71,0.0,0.0
2016-05-23,Capital Link Drybulk,CLDBI,156.32,156.32,156.32,156.32,0.0,-0.25
2016-05-24,Capital Link Drybulk,CLDBI,154.63,154.63,154.63,154.63,0.0,-1.08
2016-05-25,Capital Link Drybulk,CLDBI,158.47,158.47,158.47,158.47,0.0,2.48
2016-05-26,Capital Link Drybulk,CLDBI,156.82,156.82,156.82,156.82,0.0,-1.04
2016-05-27,Capital Link Drybulk,CLDBI,164.82,164.82,164.82,164.82,0.0,5.1
2016-05-31,Capital Link Drybulk,CLDBI,169.93,169.93,169.93,169.93,0.0,3.1
2016-06-01,Capital Link Drybulk,CLDBI,168.31,168.31,168.31,168.31,0.0,-0.95
2016-06-02,Capital Link Drybulk,CLDBI,163.35,163.35,163.35,163.35,0.0,-2.95
2016-06-03,Capital Link Drybulk,CLDBI,160.3,160.3,160.3,160.3,0.0,-1.87
2016-06-06,Capital Link Drybulk,CLDBI,167.32,167.32,167.32,167.32,0.0,4.38
2016-06-07,Capital Link Drybulk,CLDBI,161.72,161.72,161.72,161.72,0.0,-3.35
2016-06-09,Capital Link Drybulk,CLDBI,162.84,162.84,162.84,162.84,0.0,0.69
2016-06-10,Capital Link Drybulk,CLDBI,155.78,155.78,155.78,155.78,0.0,-4.34
2016-06-13,Capital Link Drybulk,CLDBI,148.44,148.44,148.44,148.44,0.0,-4.71
2016-06-14,Capital Link Drybulk,CLDBI,143.22,143.22,143.22,143.22,0.0,-3.52
2016-06-15,Capital Link Drybulk,CLDBI,138.27,138.27,138.27,138.27,0.0,-3.46
2016-06-16,Capital Link Drybulk,CLDBI,140.13,140.13,140.13,140.13,0.0,1.35
2016-06-17,Capital Link Drybulk,CLDBI,146.59,146.59,146.59,146.59,0.0,4.61
2016-06-20,Capital Link Drybulk,CLDBI,178.41,178.41,178.41,178.41,0.0,21.71
2016-06-21,Capital Link Drybulk,CLDBI,171.9,171.9,171.9,171.9,0.0,-3.65
2016-06-22,Capital Link Drybulk,CLDBI,171.49,171.49,171.49,171.49,0.0,-0.24
2016-06-24,Capital Link Drybulk,CLDBI,165.6,165.6,165.6,165.6,0.0,-3.43
2016-06-27,Capital Link Drybulk,CLDBI,153.89,153.89,153.89,153.89,0.0,-7.07
2016-06-28,Capital Link Drybulk,CLDBI,165.86,165.86,165.86,165.86,0.0,7.78
2016-06-29,Capital Link Drybulk,CLDBI,171.26,171.26,171.26,171.26,0.0,3.26
2016-06-30,Capital Link Drybulk,CLDBI,169.19,169.19,169.19,169.19,0.0,-1.21
2016-07-01,Capital Link Drybulk,CLDBI,178.34,178.34,178.34,178.34,0.0,5.41
2016-07-05,Capital Link Drybulk,CLDBI,173.63,173.63,173.63,173.63,0.0,-2.64
2016-07-06,Capital Link Drybulk,CLDBI,176.04,176.04,176.04,176.04,0.0,1.39
2016-07-07,Capital Link Drybulk,CLDBI,176.9,176.9,176.9,176.9,0.0,0.49
2016-07-08,Capital Link Drybulk,CLDBI,201.7,201.7,201.7,201.7,0.0,14.02
2016-07-11,Capital Link Drybulk,CLDBI,202.63,202.63,202.63,202.63,0.0,0.46
2016-07-12,Capital Link Drybulk,CLDBI,214.41,214.41,214.41,214.41,0.0,5.81
2016-07-13,Capital Link Drybulk,CLDBI,225.1,225.1,225.1,225.1,0.0,4.99
2016-07-14,Capital Link Drybulk,CLDBI,222.91,222.91,222.91,222.91,0.0,-0.97
2016-07-15,Capital Link Drybulk,CLDBI,216.89,216.89,216.89,216.89,0.0,-2.7
2016-07-18,Capital Link Drybulk,CLDBI,220.92,220.92,220.92,220.92,0.0,1.86
2016-07-19,Capital Link Drybulk,CLDBI,222.03,222.03,222.03,222.03,0.0,0.5
2016-07-20,Capital Link Drybulk,CLDBI,223.73,223.73,223.73,223.73,0.0,0.77
2016-07-21,Capital Link Drybulk,CLDBI,237.25,237.25,237.25,237.25,0.0,6.04
2016-07-22,Capital Link Drybulk,CLDBI,231.78,231.78,231.78,231.78,0.0,-2.31
2016-07-25,Capital Link Drybulk,CLDBI,221.06,221.06,221.06,221.06,0.0,-4.63
2016-07-26,Capital Link Drybulk,CLDBI,222.39,222.39,222.39,222.39,0.0,0.6
2016-07-27,Capital Link Drybulk,CLDBI,218.19,218.19,218.19,218.19,0.0,-1.89
2016-07-28,Capital Link Drybulk,CLDBI,216.64,216.64,216.64,216.64,0.0,-0.71
2016-07-29,Capital Link Drybulk,CLDBI,223.67,223.67,223.67,223.67,0.0,3.25
2016-08-01,Capital Link Drybulk,CLDBI,282.79,282.79,282.79,282.79,0.0,26.43
2016-08-02,Capital Link Drybulk,CLDBI,282.3,282.3,282.3,282.3,0.0,-0.17
2016-08-03,Capital Link Drybulk,CLDBI,286.27,286.27,286.27,286.27,0.0,1.41
2016-08-04,Capital Link Drybulk,CLDBI,284.61,284.61,284.61,284.61,0.0,-0.58
2016-08-05,Capital Link Drybulk,CLDBI,299.85,299.85,299.85,299.85,0.0,5.35
2016-08-08,Capital Link Drybulk,CLDBI,308.65,308.65,308.65,308.65,0.0,2.93
2016-08-09,Capital Link Drybulk,CLDBI,297.1,297.1,297.1,297.1,0.0,-3.74
2016-08-10,Capital Link Drybulk,CLDBI,291.24,291.24,291.24,291.24,0.0,-1.97
2016-08-11,Capital Link Drybulk,CLDBI,317.21,317.21,317.21,317.21,0.0,8.92
2016-08-12,Capital Link Drybulk,CLDBI,315.24,315.24,315.24,315.24,0.0,-0.62
2016-08-15,Capital Link Drybulk,CLDBI,313.93,313.93,313.93,313.93,0.0,-0.42
2016-08-16,Capital Link Drybulk,CLDBI,308.25,308.25,308.25,308.25,0.0,-1.81
2016-08-17,Capital Link Drybulk,CLDBI,329.23,329.23,329.23,329.23,0.0,6.81
2016-08-18,Capital Link Drybulk,CLDBI,330.4,330.4,330.4,330.4,0.0,0.36
2016-08-19,Capital Link Drybulk,CLDBI,328.9,328.9,328.9,328.9,0.0,-0.45
2016-08-22,Capital Link Drybulk,CLDBI,334.59,334.59,334.59,334.59,0.0,1.73
2016-08-23,Capital Link Drybulk,CLDBI,340.06,340.06,340.06,340.06,0.0,1.63
2016-08-24,Capital Link Drybulk,CLDBI,342.16,342.16,342.16,342.16,0.0,0.62
2016-08-25,Capital Link Drybulk,CLDBI,357.46,357.46,357.46,357.46,0.0,4.47
2016-08-26,Capital Link Drybulk,CLDBI,407.92,407.92,407.92,407.92,0.0,14.12
2016-08-29,Capital Link Drybulk,CLDBI,431.16,431.16,431.16,431.16,0.0,5.7
2016-08-30,Capital Link Drybulk,CLDBI,403.34,403.34,403.34,403.34,0.0,-6.45
2016-08-31,Capital Link Drybulk,CLDBI,383.57,383.57,383.57,383.57,0.0,-4.9
2016-09-01,Capital Link Drybulk,CLDBI,373.48,373.48,373.48,373.48,0.0,-2.63
2016-09-06,Capital Link Drybulk,CLDBI,388.5,388.5,388.5,388.5,0.0,4.02
2016-09-07,Capital Link Drybulk,CLDBI,406.48,406.48,406.48,406.48,0.0,4.63
2016-09-08,Capital Link Drybulk,CLDBI,441.63,441.63,441.63,441.63,0.0,8.65
2016-09-09,Capital Link Drybulk,CLDBI,424.26,424.26,424.26,424.26,0.0,-3.93
2016-09-12,Capital Link Drybulk,CLDBI,424.5,424.5,424.5,424.5,0.0,0.06
2016-09-13,Capital Link Drybulk,CLDBI,408.52,408.52,408.52,408.52,0.0,-3.76
2016-09-14,Capital Link Drybulk,CLDBI,389.64,389.64,389.64,389.64,0.0,-4.62
2016-09-15,Capital Link Drybulk,CLDBI,387.17,387.17,387.17,387.17,0.0,-0.63
2016-09-19,Capital Link Drybulk,CLDBI,389.34,389.34,389.34,389.34,0.0,0.56
2016-09-20,Capital Link Drybulk,CLDBI,392.56,392.56,392.56,392.56,0.0,0.83
2016-09-21,Capital Link Drybulk,CLDBI,403.54,403.54,403.54,403.54,0.0,2.8
2016-09-23,Capital Link Drybulk,CLDBI,409.72,409.72,409.72,409.72,0.0,1.53
2016-09-26,Capital Link Drybulk,CLDBI,402.95,402.95,402.95,402.95,0.0,-1.65
2016-09-27,Capital Link Drybulk,CLDBI,398.29,398.29,398.29,398.29,0.0,-1.16
2016-09-29,Capital Link Drybulk,CLDBI,391.45,391.45,391.45,391.45,0.0,-1.72
2016-09-30,Capital Link Drybulk,CLDBI,389.28,389.28,389.28,389.28,0.0,-0.55
2016-10-03,Capital Link Drybulk,CLDBI,383.3,383.3,383.3,383.3,0.0,-1.54
2016-10-04,Capital Link Drybulk,CLDBI,375.6,375.6,375.6,375.6,0.0,-2.01
2016-10-05,Capital Link Drybulk,CLDBI,385.01,385.01,385.01,385.01,0.0,2.51
2016-10-06,Capital Link Drybulk,CLDBI,388.3,388.3,388.3,388.3,0.0,0.85
2016-10-07,Capital Link Drybulk,CLDBI,376.55,376.55,376.55,376.55,0.0,-3.03
2016-10-10,Capital Link Drybulk,CLDBI,367.87,367.87,367.87,367.87,0.0,-2.31
2016-10-11,Capital Link Drybulk,CLDBI,354.12,354.12,354.12,354.12,0.0,-3.74
2016-10-12,Capital Link Drybulk,CLDBI,353.08,353.08,353.08,353.08,0.0,-0.29
2016-10-13,Capital Link Drybulk,CLDBI,346.97,346.97,346.97,346.97,0.0,-1.73
2016-10-14,Capital Link Drybulk,CLDBI,345.26,345.26,345.26,345.26,0.0,-0.49
2016-10-17,Capital Link Drybulk,CLDBI,336.17,336.17,336.17,336.17,0.0,-2.63
2016-10-18,Capital Link Drybulk,CLDBI,338.22,338.22,338.22,338.22,0.0,0.61
2016-10-19,Capital Link Drybulk,CLDBI,339.96,339.96,339.96,339.96,0.0,0.51
2016-10-20,Capital Link Drybulk,CLDBI,341.84,341.84,341.84,341.84,0.0,0.55
2016-10-21,Capital Link Drybulk,CLDBI,334.92,334.92,334.92,334.92,0.0,-2.02
2016-10-24,Capital Link Drybulk,CLDBI,333.92,333.92,333.92,333.92,0.0,-0.3
2016-10-25,Capital Link Drybulk,CLDBI,325.35,325.35,325.35,325.35,0.0,-2.57
2016-10-27,Capital Link Drybulk,CLDBI,325.87,325.87,325.87,325.87,0.0,0.16
2016-10-28,Capital Link Drybulk,CLDBI,331.04,331.04,331.04,331.04,0.0,1.59
2016-10-31,Capital Link Drybulk,CLDBI,332.44,332.44,332.44,332.44,0.0,0.42
2016-11-01,Capital Link Drybulk,CLDBI,330.2,330.2,330.2,330.2,0.0,-0.67
2016-11-02,Capital Link Drybulk,CLDBI,322.55,322.55,322.55,322.55,0.0,-2.32
2016-11-03,Capital Link Drybulk,CLDBI,323.63,323.63,323.63,323.63,0.0,0.33
2016-11-04,Capital Link Drybulk,CLDBI,318.88,318.88,318.88,318.88,0.0,-1.47
2016-11-07,Capital Link Drybulk,CLDBI,321.38,321.38,321.38,321.38,0.0,0.78
2016-11-08,Capital Link Drybulk,CLDBI,328.4,328.4,328.4,328.4,0.0,2.18
2016-11-09,Capital Link Drybulk,CLDBI,347.19,347.19,347.19,347.19,0.0,5.72
2016-11-10,Capital Link Drybulk,CLDBI,383.53,383.53,383.53,383.53,0.0,10.47
2016-11-11,Capital Link Drybulk,CLDBI,420.81,420.81,420.81,420.81,0.0,9.72
2016-11-14,Capital Link Drybulk,CLDBI,493.79,493.79,493.79,493.79,0.0,17.34
2016-11-15,Capital Link Drybulk,CLDBI,637.04,637.04,637.04,637.04,0.0,29.01
2016-11-16,Capital Link Drybulk,CLDBI,727.41,727.41,727.41,727.41,0.0,14.19
2016-11-17,Capital Link Drybulk,CLDBI,464.63,464.63,464.63,464.63,0.0,-36.13
2016-11-18,Capital Link Drybulk,CLDBI,452.2,452.2,452.2,452.2,0.0,-2.68
2016-11-21,Capital Link Drybulk,CLDBI,438.44,438.44,438.44,438.44,0.0,-3.04
2016-11-22,Capital Link Drybulk,CLDBI,423.2,423.2,423.2,423.2,0.0,-3.48
2016-11-23,Capital Link Drybulk,CLDBI,438.56,438.56,438.56,438.56,0.0,3.63
2016-11-25,Capital Link Drybulk,CLDBI,425.08,425.08,425.08,425.08,0.0,-3.07
2016-11-28,Capital Link Drybulk,CLDBI,433.12,433.12,433.12,433.12,0.0,1.89
2016-11-30,Capital Link Drybulk,CLDBI,422.16,422.16,422.16,422.16,0.0,-2.53
2016-12-01,Capital Link Drybulk,CLDBI,422.03,422.03,422.03,422.03,0.0,-0.03
2016-12-02,Capital Link Drybulk,CLDBI,419.89,419.89,419.89,419.89,0.0,-0.51
2016-12-05,Capital Link Drybulk,CLDBI,425.92,425.92,425.92,425.92,0.0,1.44
2016-12-06,Capital Link Drybulk,CLDBI,442.57,442.57,442.57,442.57,0.0,3.91
2016-12-07,Capital Link Drybulk,CLDBI,436.33,436.33,436.33,436.33,0.0,-1.41
2016-12-09,Capital Link Drybulk,CLDBI,425.23,425.23,425.23,425.23,0.0,-2.54
2016-12-12,Capital Link Drybulk,CLDBI,412.69,412.69,412.69,412.69,0.0,-2.95
2016-12-13,Capital Link Drybulk,CLDBI,401.43,401.43,401.43,401.43,0.0,-2.73
2016-12-14,Capital Link Drybulk,CLDBI,384.05,384.05,384.05,384.05,0.0,-4.33
2016-12-15,Capital Link Drybulk,CLDBI,421.81,421.81,421.81,421.81,0.0,9.83
2016-12-16,Capital Link Drybulk,CLDBI,411.43,411.43,411.43,411.43,0.0,-2.46
2016-12-19,Capital Link Drybulk,CLDBI,409.17,409.17,409.17,409.17,0.0,-0.55
2016-12-20,Capital Link Drybulk,CLDBI,400.78,400.78,400.78,400.78,0.0,-2.05
2016-12-21,Capital Link Drybulk,CLDBI,403.49,403.49,403.49,403.49,0.0,0.68
2016-12-23,Capital Link Drybulk,CLDBI,418.1,418.1,418.1,418.1,0.0,3.62
2016-12-27,Capital Link Drybulk,CLDBI,420.21,420.21,420.21,420.21,0.0,0.5
2016-12-28,Capital Link Drybulk,CLDBI,415.59,415.59,415.59,415.59,0.0,-1.1
2016-12-29,Capital Link Drybulk,CLDBI,416.61,416.61,416.61,416.61,0.0,0.25
2016-12-30,Capital Link Drybulk,CLDBI,417.38,417.38,417.38,417.38,0.0,0.18
2017-01-03,Capital Link Drybulk,CLDBI,444.57,444.57,444.57,444.57,0.0,6.51
2017-01-04,Capital Link Drybulk,CLDBI,462.22,462.22,462.22,462.22,0.0,3.97
2017-01-05,Capital Link Drybulk,CLDBI,470.21,470.21,470.21,470.21,0.0,1.73
2017-01-06,Capital Link Drybulk,CLDBI,485.31,485.31,485.31,485.31,0.0,3.21
2017-01-09,Capital Link Drybulk,CLDBI,481.48,481.48,481.48,481.48,0.0,-0.79
2017-01-10,Capital Link Drybulk,CLDBI,486.73,486.73,486.73,486.73,0.0,1.09
2017-01-11,Capital Link Drybulk,CLDBI,496.16,496.16,496.16,496.16,0.0,1.94
2017-01-12,Capital Link Drybulk,CLDBI,500.67,500.67,500.67,500.67,0.0,0.91
2017-01-13,Capital Link Drybulk,CLDBI,518.51,518.51,518.51,518.51,0.0,3.56
2017-01-17,Capital Link Drybulk,CLDBI,521.23,521.23,521.23,521.23,0.0,0.52
2017-01-18,Capital Link Drybulk,CLDBI,566.27,566.27,566.27,566.27,0.0,8.64
2017-01-19,Capital Link Drybulk,CLDBI,584.15,584.15,584.15,584.15,0.0,3.16
2017-01-20,Capital Link Drybulk,CLDBI,628.83,628.83,628.83,628.83,0.0,7.65
2017-01-23,Capital Link Drybulk,CLDBI,648.0,648.0,648.0,648.0,0.0,3.05
2017-01-24,Capital Link Drybulk,CLDBI,629.38,629.38,629.38,629.38,0.0,-2.87
2017-01-25,Capital Link Drybulk,CLDBI,635.37,635.37,635.37,635.37,0.0,0.95
2017-01-26,Capital Link Drybulk,CLDBI,628.71,628.71,628.71,628.71,0.0,-1.05
2017-01-27,Capital Link Drybulk,CLDBI,604.37,604.37,604.37,604.37,0.0,-3.87
2017-01-30,Capital Link Drybulk,CLDBI,587.37,587.37,587.37,587.37,0.0,-2.81
2017-01-31,Capital Link Drybulk,CLDBI,594.7,594.7,594.7,594.7,0.0,1.25
2017-02-01,Capital Link Drybulk,CLDBI,593.77,593.77,593.77,593.77,0.0,-0.16
2017-02-02,Capital Link Drybulk,CLDBI,583.85,583.85,583.85,583.85,0.0,-1.67
2017-02-03,Capital Link Drybulk,CLDBI,600.18,600.18,600.18,600.18,0.0,2.8
2017-02-08,Capital Link Drybulk,CLDBI,575.85,575.85,575.85,575.85,0.0,-4.05
2017-02-09,Capital Link Drybulk,CLDBI,583.48,583.48,583.48,583.48,0.0,1.32
2017-02-10,Capital Link Drybulk,CLDBI,581.74,581.74,581.74,581.74,0.0,-0.3
2017-02-13,Capital Link Drybulk,CLDBI,595.41,595.41,595.41,595.41,0.0,2.35
2017-02-14,Capital Link Drybulk,CLDBI,604.41,604.41,604.41,604.41,0.0,1.51
2017-02-15,Capital Link Drybulk,CLDBI,593.98,593.98,593.98,593.98,0.0,-1.73
2017-02-16,Capital Link Drybulk,CLDBI,575.76,575.76,575.76,575.76,0.0,-3.07
2017-02-17,Capital Link Drybulk,CLDBI,582.24,582.24,582.24,582.24,0.0,1.13
2017-02-21,Capital Link Drybulk,CLDBI,637.04,637.04,637.04,637.04,0.0,9.41
2017-02-22,Capital Link Drybulk,CLDBI,649.25,649.25,649.25,649.25,0.0,1.92
2017-02-23,Capital Link Drybulk,CLDBI,658.61,658.61,658.61,658.61,0.0,1.44
2017-02-24,Capital Link Drybulk,CLDBI,642.59,642.59,642.59,642.59,0.0,-2.43
2017-02-27,Capital Link Drybulk,CLDBI,639.22,639.22,639.22,639.22,0.0,-0.52
2017-02-28,Capital Link Drybulk,CLDBI,654.2,654.2,654.2,654.2,0.0,2.34
2017-03-01,Capital Link Drybulk,CLDBI,679.78,679.78,679.78,679.78,0.0,3.91
2017-03-02,Capital Link Drybulk,CLDBI,679.87,679.87,679.87,679.87,0.0,0.01
2017-03-03,Capital Link Drybulk,CLDBI,690.04,690.04,690.04,690.04,0.0,1.5
2017-03-07,Capital Link Drybulk,CLDBI,632.48,632.48,632.48,632.48,0.0,-8.34
2017-03-08,Capital Link Drybulk,CLDBI,618.72,618.72,618.72,618.72,0.0,-2.18
2017-03-09,Capital Link Drybulk,CLDBI,599.07,599.07,599.07,599.07,0.0,-3.18
2017-03-10,Capital Link Drybulk,CLDBI,623.57,623.57,623.57,623.57,0.0,4.09
2017-03-13,Capital Link Drybulk,CLDBI,652.46,652.46,652.46,652.46,0.0,4.63
2017-03-14,Capital Link Drybulk,CLDBI,654.52,654.52,654.52,654.52,0.0,0.32
2017-03-15,Capital Link Drybulk,CLDBI,683.1,683.1,683.1,683.1,0.0,4.37
2017-03-16,Capital Link Drybulk,CLDBI,732.3,732.3,732.3,732.3,0.0,7.2
2017-03-17,Capital Link Drybulk,CLDBI,739.65,739.65,739.65,739.65,0.0,1.0
2017-03-20,Capital Link Drybulk,CLDBI,737.79,737.79,737.79,737.79,0.0,-0.25
2017-03-22,Capital Link Drybulk,CLDBI,660.35,660.35,660.35,660.35,0.0,-10.5
2017-03-23,Capital Link Drybulk,CLDBI,676.35,676.35,676.35,676.35,0.0,2.42
2017-03-24,Capital Link Drybulk,CLDBI,690.26,690.26,690.26,690.26,0.0,2.06
2017-03-27,Capital Link Drybulk,CLDBI,687.83,687.83,687.83,687.83,0.0,-0.35
2017-03-28,Capital Link Drybulk,CLDBI,744.09,744.09,744.09,744.09,0.0,8.18
2017-03-29,Capital Link Drybulk,CLDBI,740.8,740.8,740.8,740.8,0.0,-0.44
2017-03-30,Capital Link Drybulk,CLDBI,743.84,743.84,743.84,743.84,0.0,0.41
2017-03-31,Capital Link Drybulk,CLDBI,741.06,741.06,741.06,741.06,0.0,-0.37
2017-04-03,Capital Link Drybulk,CLDBI,727.4,727.4,727.4,727.4,0.0,-1.84
2017-04-04,Capital Link Drybulk,CLDBI,726.57,726.57,726.57,726.57,0.0,-0.11
2017-04-05,Capital Link Drybulk,CLDBI,709.29,709.29,709.29,709.29,0.0,-2.38
2017-04-06,Capital Link Drybulk,CLDBI,770.36,770.36,770.36,770.36,0.0,8.61
2017-04-07,Capital Link Drybulk,CLDBI,805.23,805.23,805.23,805.23,0.0,4.53
2017-04-10,Capital Link Drybulk,CLDBI,833.32,833.32,833.32,833.32,0.0,3.49
2017-04-11,Capital Link Drybulk,CLDBI,818.01,818.01,818.01,818.01,0.0,-1.84
2017-04-12,Capital Link Drybulk,CLDBI,776.05,776.05,776.05,776.05,0.0,-5.13
2017-04-13,Capital Link Drybulk,CLDBI,758.66,758.66,758.66,758.66,0.0,-2.24
2017-04-17,Capital Link Drybulk,CLDBI,751.74,751.74,751.74,751.74,0.0,-0.91
2017-04-18,Capital Link Drybulk,CLDBI,702.19,702.19,702.19,702.19,0.0,-6.59
2017-04-19,Capital Link Drybulk,CLDBI,671.77,671.77,671.77,671.77,0.0,-4.33
2017-04-20,Capital Link Drybulk,CLDBI,648.66,648.66,648.66,648.66,0.0,-3.44
2017-04-21,Capital Link Drybulk,CLDBI,647.75,647.75,647.75,647.75,0.0,-0.14
2017-04-24,Capital Link Drybulk,CLDBI,651.42,651.42,651.42,651.42,0.0,0.57
2017-04-25,Capital Link Drybulk,CLDBI,655.15,655.15,655.15,655.15,0.0,0.57
2017-04-26,Capital Link Drybulk,CLDBI,671.72,671.72,671.72,671.72,0.0,2.53
2017-04-27,Capital Link Drybulk,CLDBI,670.05,670.05,670.05,670.05,0.0,-0.25
2017-04-28,Capital Link Drybulk,CLDBI,646.57,646.57,646.57,646.57,0.0,-3.5
2017-05-01,Capital Link Drybulk,CLDBI,647.4,647.4,647.4,647.4,0.0,0.13
2017-05-02,Capital Link Drybulk,CLDBI,637.94,637.94,637.94,637.94,0.0,-1.46
2017-05-03,Capital Link Drybulk,CLDBI,592.91,592.91,592.91,592.91,0.0,-7.06
2017-05-04,Capital Link Drybulk,CLDBI,545.95,545.95,545.95,545.95,0.0,-7.92
2017-05-05,Capital Link Drybulk,CLDBI,568.67,568.67,568.67,568.67,0.0,4.16
2017-05-08,Capital Link Drybulk,CLDBI,576.6,576.6,576.6,576.6,0.0,1.39
2017-05-09,Capital Link Drybulk,CLDBI,581.87,581.87,581.87,581.87,0.0,0.91
2017-05-10,Capital Link Drybulk,CLDBI,589.39,589.39,589.39,589.39,0.0,1.29
2017-05-11,Capital Link Drybulk,CLDBI,576.71,576.71,576.71,576.71,0.0,-2.15
2017-05-12,Capital Link Drybulk,CLDBI,570.47,570.47,570.47,570.47,0.0,-1.08
2017-05-15,Capital Link Drybulk,CLDBI,556.65,556.65,556.65,556.65,0.0,-2.42
2017-05-16,Capital Link Drybulk,CLDBI,556.18,556.18,556.18,556.18,0.0,-0.08
2017-05-17,Capital Link Drybulk,CLDBI,550.35,550.35,550.35,550.35,0.0,-1.05
2017-05-18,Capital Link Drybulk,CLDBI,555.36,555.36,555.36,555.36,0.0,0.91
2017-05-19,Capital Link Drybulk,CLDBI,587.34,587.34,587.34,587.34,0.0,5.76
2017-05-23,Capital Link Drybulk,CLDBI,590.65,590.65,590.65,590.65,0.0,0.56
2017-05-24,Capital Link Drybulk,CLDBI,565.3,565.3,565.3,565.3,0.0,-4.29
2017-05-25,Capital Link Drybulk,CLDBI,548.72,548.72,548.72,548.72,0.0,-2.93
2017-05-26,Capital Link Drybulk,CLDBI,563.91,563.91,563.91,563.91,0.0,2.77
2017-05-30,Capital Link Drybulk,CLDBI,543.42,543.42,543.42,543.42,0.0,-3.63
2017-05-31,Capital Link Drybulk,CLDBI,527.49,527.49,527.49,527.49,0.0,-2.93
2017-06-01,Capital Link Drybulk,CLDBI,548.26,548.26,548.26,548.26,0.0,3.94
2017-06-02,Capital Link Drybulk,CLDBI,527.77,527.77,527.77,527.77,0.0,-3.74
2017-06-05,Capital Link Drybulk,CLDBI,528.87,528.87,528.87,528.87,0.0,0.21
2017-06-06,Capital Link Drybulk,CLDBI,539.24,539.24,539.24,539.24,0.0,1.96
2017-06-07,Capital Link Drybulk,CLDBI,530.65,530.65,530.65,530.65,0.0,-1.59
2017-06-08,Capital Link Drybulk,CLDBI,556.49,556.49,556.49,556.49,0.0,4.87
2017-06-09,Capital Link Drybulk,CLDBI,588.35,588.35,588.35,588.35,0.0,5.73
2017-06-12,Capital Link Drybulk,CLDBI,581.41,581.41,581.41,581.41,0.0,-1.18
2017-06-13,Capital Link Drybulk,CLDBI,593.46,593.46,593.46,593.46,0.0,2.07
2017-06-14,Capital Link Drybulk,CLDBI,571.56,571.56,571.56,571.56,0.0,-3.69
2017-06-15,Capital Link Drybulk,CLDBI,536.94,536.94,536.94,536.94,0.0,-6.06
2017-06-19,Capital Link Drybulk,CLDBI,553.46,553.46,553.46,553.46,0.0,3.08
2017-06-20,Capital Link Drybulk,CLDBI,546.25,546.25,546.25,546.25,0.0,-1.3
2017-06-21,Capital Link Drybulk,CLDBI,543.87,543.87,543.87,543.87,0.0,-0.44
2017-06-22,Capital Link Drybulk,CLDBI,558.32,558.32,558.32,558.32,0.0,2.66
2017-06-23,Capital Link Drybulk,CLDBI,581.91,581.91,581.91,581.91,0.0,4.23
2017-06-26,Capital Link Drybulk,CLDBI,583.23,583.23,583.23,583.23,0.0,0.23
2017-06-27,Capital Link Drybulk,CLDBI,592.02,592.02,592.02,592.02,0.0,1.51
2017-06-28,Capital Link Drybulk,CLDBI,588.98,588.98,588.98,588.98,0.0,-0.51
2017-06-30,Capital Link Drybulk,CLDBI,605.49,605.49,605.49,605.49,0.0,2.8
2017-07-03,Capital Link Drybulk,CLDBI,611.42,611.42,611.42,611.42,0.0,0.98
2017-07-05,Capital Link Drybulk,CLDBI,587.55,587.55,587.55,587.55,0.0,-3.9
2017-07-06,Capital Link Drybulk,CLDBI,569.36,569.36,569.36,569.36,0.0,-3.1
2017-07-07,Capital Link Drybulk,CLDBI,563.62,563.62,563.62,563.62,0.0,-1.01
2017-07-10,Capital Link Drybulk,CLDBI,567.28,567.28,567.28,567.28,0.0,0.65
2017-07-11,Capital Link Drybulk,CLDBI,592.94,592.94,592.94,592.94,0.0,4.52
2017-07-12,Capital Link Drybulk,CLDBI,618.24,618.24,618.24,618.24,0.0,4.27
2017-07-13,Capital Link Drybulk,CLDBI,639.88,639.88,639.88,639.88,0.0,3.5
2017-07-14,Capital Link Drybulk,CLDBI,640.7,640.7,640.7,640.7,0.0,0.13
2017-07-17,Capital Link Drybulk,CLDBI,648.91,648.91,648.91,648.91,0.0,1.28
2017-07-18,Capital Link Drybulk,CLDBI,632.49,632.49,632.49,632.49,0.0,-2.53
2017-07-19,Capital Link Drybulk,CLDBI,639.0,639.0,639.0,639.0,0.0,1.03
2017-07-20,Capital Link Drybulk,CLDBI,624.35,624.35,624.35,624.35,0.0,-2.29
2017-07-21,Capital Link Drybulk,CLDBI,624.57,624.57,624.57,624.57,0.0,0.04
2017-07-24,Capital Link Drybulk,CLDBI,615.41,615.41,615.41,615.41,0.0,-1.47
2017-07-25,Capital Link Drybulk,CLDBI,648.0,648.0,648.0,648.0,0.0,5.3
2017-07-26,Capital Link Drybulk,CLDBI,633.76,633.76,633.76,633.76,0.0,-2.2
2017-07-27,Capital Link Drybulk,CLDBI,609.26,609.26,609.26,609.26,0.0,-3.87
2017-07-28,Capital Link Drybulk,CLDBI,611.84,611.84,611.84,611.84,0.0,0.42
2017-07-31,Capital Link Drybulk,CLDBI,630.72,630.72,630.72,630.72,0.0,3.09
2017-08-01,Capital Link Drybulk,CLDBI,657.1,657.1,657.1,657.1,0.0,4.18
2017-08-02,Capital Link Drybulk,CLDBI,659.01,659.01,659.01,659.01,0.0,0.29
2017-08-03,Capital Link Drybulk,CLDBI,638.91,638.91,638.91,638.91,0.0,-3.05
2017-08-04,Capital Link Drybulk,CLDBI,652.27,652.27,652.27,652.27,0.0,2.09
2017-08-07,Capital Link Drybulk,CLDBI,674.66,674.66,674.66,674.66,0.0,3.43
2017-08-08,Capital Link Drybulk,CLDBI,668.42,668.42,668.42,668.42,0.0,-0.92
2017-08-09,Capital Link Drybulk,CLDBI,662.21,662.21,662.21,662.21,0.0,-0.93
2017-08-10,Capital Link Drybulk,CLDBI,665.14,665.14,665.14,665.14,0.0,0.44
2017-08-11,Capital Link Drybulk,CLDBI,679.71,679.71,679.71,679.71,0.0,2.19
2017-08-14,Capital Link Drybulk,CLDBI,709.25,709.25,709.25,709.25,0.0,4.35
2017-08-15,Capital Link Drybulk,CLDBI,693.82,693.82,693.82,693.82,0.0,-2.18
2017-08-16,Capital Link Drybulk,CLDBI,731.29,731.29,731.29,731.29,0.0,5.4
2017-08-17,Capital Link Drybulk,CLDBI,707.36,707.36,707.36,707.36,0.0,-3.27
2017-08-18,Capital Link Drybulk,CLDBI,718.45,718.45,718.45,718.45,0.0,1.57
2017-08-21,Capital Link Drybulk,CLDBI,715.06,715.06,715.06,715.06,0.0,-0.47
2017-08-22,Capital Link Drybulk,CLDBI,733.27,733.27,733.27,733.27,0.0,2.55
2017-08-23,Capital Link Drybulk,CLDBI,740.25,740.25,740.25,740.25,0.0,0.95
2017-08-24,Capital Link Drybulk,CLDBI,738.99,738.99,738.99,738.99,0.0,-0.17
2017-08-25,Capital Link Drybulk,CLDBI,802.78,802.78,802.78,802.78,0.0,8.63
2017-08-28,Capital Link Drybulk,CLDBI,778.66,778.66,778.66,778.66,0.0,-3.0
2017-08-29,Capital Link Drybulk,CLDBI,770.76,770.76,770.76,770.76,0.0,-1.01
2017-08-30,Capital Link Drybulk,CLDBI,753.22,753.22,753.22,753.22,0.0,-2.28
2017-08-31,Capital Link Drybulk,CLDBI,757.23,757.23,757.23,757.23,0.0,0.53
2017-09-01,Capital Link Drybulk,CLDBI,762.65,762.65,762.65,762.65,0.0,0.72
2017-09-05,Capital Link Drybulk,CLDBI,743.28,743.28,743.28,743.28,0.0,-2.54
2017-09-06,Capital Link Drybulk,CLDBI,766.12,766.12,766.12,766.12,0.0,3.07
2017-09-07,Capital Link Drybulk,CLDBI,757.21,757.21,757.21,757.21,0.0,-1.16
2017-09-08,Capital Link Drybulk,CLDBI,762.39,762.39,762.39,762.39,0.0,0.68
2017-09-11,Capital Link Drybulk,CLDBI,762.58,762.58,762.58,762.58,0.0,0.02
2017-09-12,Capital Link Drybulk,CLDBI,732.61,732.61,732.61,732.61,0.0,-3.93
2017-09-13,Capital Link Drybulk,CLDBI,701.4,701.4,701.4,701.4,0.0,-4.26
2017-09-14,Capital Link Drybulk,CLDBI,712.78,712.78,712.78,712.78,0.0,1.62
2017-09-15,Capital Link Drybulk,CLDBI,716.06,716.06,716.06,716.06,0.0,0.46
2017-09-18,Capital Link Drybulk,CLDBI,711.45,711.45,711.45,711.45,0.0,-0.64
2017-09-19,Capital Link Drybulk,CLDBI,713.23,713.23,713.23,713.23,0.0,0.25
2017-09-20,Capital Link Drybulk,CLDBI,726.83,726.83,726.83,726.83,0.0,1.91
2017-09-21,Capital Link Drybulk,CLDBI,700.75,700.75,700.75,700.75,0.0,-3.59
2017-09-22,Capital Link Drybulk,CLDBI,693.1,693.1,693.1,693.1,0.0,-1.09
2017-09-25,Capital Link Drybulk,CLDBI,651.62,651.62,651.62,651.62,0.0,-5.98
2017-09-26,Capital Link Drybulk,CLDBI,646.65,646.65,646.65,646.65,0.0,-0.76
2017-09-27,Capital Link Drybulk,CLDBI,655.07,655.07,655.07,655.07,0.0,1.3
2017-09-28,Capital Link Drybulk,CLDBI,650.5,650.5,650.5,650.5,0.0,-0.7
2017-09-29,Capital Link Drybulk,CLDBI,635.15,635.15,635.15,635.15,0.0,-2.36
2017-10-02,Capital Link Drybulk,CLDBI,630.34,630.34,630.34,630.34,0.0,-0.76
2017-10-03,Capital Link Drybulk,CLDBI,664.18,664.18,664.18,664.18,0.0,5.37
2017-10-04,Capital Link Drybulk,CLDBI,663.23,663.23,663.23,663.23,0.0,-0.14
2017-10-05,Capital Link Drybulk,CLDBI,674.53,674.53,674.53,674.53,0.0,1.7
2017-10-06,Capital Link Drybulk,CLDBI,665.96,665.96,665.96,665.96,0.0,-1.27
2017-10-09,Capital Link Drybulk,CLDBI,636.49,636.49,636.49,636.49,0.0,-4.43
2017-10-10,Capital Link Drybulk,CLDBI,645.81,645.81,645.81,645.81,0.0,1.46
2017-10-11,Capital Link Drybulk,CLDBI,642.94,642.94,642.94,642.94,0.0,-0.44
2017-10-12,Capital Link Drybulk,CLDBI,640.75,640.75,640.75,640.75,0.0,-0.34
2017-10-13,Capital Link Drybulk,CLDBI,662.42,662.42,662.42,662.42,0.0,3.38
2017-10-16,Capital Link Drybulk,CLDBI,679.06,679.06,679.06,679.06,0.0,2.51
2017-10-17,Capital Link Drybulk,CLDBI,669.8,669.8,669.8,669.8,0.0,-1.36
2017-10-18,Capital Link Drybulk,CLDBI,679.27,679.27,679.27,679.27,0.0,1.41
2017-10-19,Capital Link Drybulk,CLDBI,677.61,677.61,677.61,677.61,0.0,-0.24
2017-10-20,Capital Link Drybulk,CLDBI,693.66,693.66,693.66,693.66,0.0,2.37
2017-10-23,Capital Link Drybulk,CLDBI,699.53,699.53,699.53,699.53,0.0,0.85
2017-10-24,Capital Link Drybulk,CLDBI,694.64,694.64,694.64,694.64,0.0,-0.7
2017-10-25,Capital Link Drybulk,CLDBI,686.92,686.92,686.92,686.92,0.0,-1.11
2017-10-26,Capital Link Drybulk,CLDBI,674.14,674.14,674.14,674.14,0.0,-1.86
2017-10-27,Capital Link Drybulk,CLDBI,690.33,690.33,690.33,690.33,0.0,2.4
2017-10-30,Capital Link Drybulk,CLDBI,680.62,680.62,680.62,680.62,0.0,-1.41
2017-10-31,Capital Link Drybulk,CLDBI,683.5,683.5,683.5,683.5,0.0,0.42
2017-11-01,Capital Link Drybulk,CLDBI,669.5,669.5,669.5,669.5,0.0,-2.05
2017-11-02,Capital Link Drybulk,CLDBI,658.63,658.63,658.63,658.63,0.0,-1.62
2017-11-03,Capital Link Drybulk,CLDBI,646.27,646.27,646.27,646.27,0.0,-1.88
2017-11-06,Capital Link Drybulk,CLDBI,680.34,680.34,680.34,680.34,0.0,5.27
2017-11-07,Capital Link Drybulk,CLDBI,667.51,667.51,667.51,667.51,0.0,-1.89
2017-11-08,Capital Link Drybulk,CLDBI,649.48,649.48,649.48,649.48,0.0,-2.7
2017-11-09,Capital Link Drybulk,CLDBI,645.36,645.36,645.36,645.36,0.0,-0.63
2017-11-10,Capital Link Drybulk,CLDBI,642.67,642.67,642.67,642.67,0.0,-0.42
2017-11-13,Capital Link Drybulk,CLDBI,635.1,635.1,635.1,635.1,0.0,-1.18
2017-11-14,Capital Link Drybulk,CLDBI,597.32,597.32,597.32,597.32,0.0,-5.95
2017-11-15,Capital Link Drybulk,CLDBI,592.19,592.19,592.19,592.19,0.0,-0.86
2017-11-16,Capital Link Drybulk,CLDBI,598.72,598.72,598.72,598.72,0.0,1.1
2017-11-17,Capital Link Drybulk,CLDBI,617.07,617.07,617.07,617.07,0.0,3.06
2017-11-20,Capital Link Drybulk,CLDBI,625.6,625.6,625.6,625.6,0.0,1.38
2017-11-21,Capital Link Drybulk,CLDBI,635.08,635.08,635.08,635.08,0.0,1.52
2017-11-22,Capital Link Drybulk,CLDBI,641.72,641.72,641.72,641.72,0.0,1.05
2017-11-24,Capital Link Drybulk,CLDBI,654.9,654.9,654.9,654.9,0.0,2.05
2017-11-27,Capital Link Drybulk,CLDBI,652.72,652.72,652.72,652.72,0.0,-0.33
2017-11-28,Capital Link Drybulk,CLDBI,644.73,644.73,644.73,644.73,0.0,-1.22
2017-11-29,Capital Link Drybulk,CLDBI,645.13,645.13,645.13,645.13,0.0,0.06
2017-11-30,Capital Link Drybulk,CLDBI,653.32,653.32,653.32,653.32,0.0,1.27
2017-12-01,Capital Link Drybulk,CLDBI,674.08,674.08,674.08,674.08,0.0,3.18
2017-12-04,Capital Link Drybulk,CLDBI,684.83,684.83,684.83,684.83,0.0,1.59
2017-12-05,Capital Link Drybulk,CLDBI,660.13,660.13,660.13,660.13,0.0,-3.61
2017-12-06,Capital Link Drybulk,CLDBI,660.47,660.47,660.47,660.47,0.0,0.05
2017-12-07,Capital Link Drybulk,CLDBI,661.77,661.77,661.77,661.77,0.0,0.2
2017-12-08,Capital Link Drybulk,CLDBI,669.04,669.04,669.04,669.04,0.0,1.1
2017-12-11,Capital Link Drybulk,CLDBI,703.94,703.94,703.94,703.94,0.0,5.22
2017-12-12,Capital Link Drybulk,CLDBI,722.24,722.24,722.24,722.24,0.0,2.6
2017-12-13,Capital Link Drybulk,CLDBI,704.64,704.64,704.64,704.64,0.0,-2.44
2017-12-14,Capital Link Drybulk,CLDBI,682.27,682.27,682.27,682.27,0.0,-3.17
2017-12-15,Capital Link Drybulk,CLDBI,690.95,690.95,690.95,690.95,0.0,1.27
2017-12-18,Capital Link Drybulk,CLDBI,700.08,700.08,700.08,700.08,0.0,1.32
2017-12-19,Capital Link Drybulk,CLDBI,689.82,689.82,689.82,689.82,0.0,-1.47
2017-12-20,Capital Link Drybulk,CLDBI,678.49,678.49,678.49,678.49,0.0,-1.64
2017-12-21,Capital Link Drybulk,CLDBI,697.09,697.09,697.09,697.09,0.0,2.74
2017-12-22,Capital Link Drybulk,CLDBI,691.82,691.82,691.82,691.82,0.0,-0.76
2017-12-26,Capital Link Drybulk,CLDBI,683.29,683.29,683.29,683.29,0.0,-1.23
2017-12-27,Capital Link Drybulk,CLDBI,692.45,692.45,692.45,692.45,0.0,1.34
2017-12-28,Capital Link Drybulk,CLDBI,701.07,701.07,701.07,701.07,0.0,1.24
2017-12-29,Capital Link Drybulk,CLDBI,701.81,701.81,701.81,701.81,0.0,0.11
2018-01-02,Capital Link Drybulk,CLDBI,721.04,721.04,721.04,721.04,0.0,2.74
2018-01-03,Capital Link Drybulk,CLDBI,742.49,742.49,742.49,742.49,0.0,2.97
2018-01-04,Capital Link Drybulk,CLDBI,759.21,759.21,759.21,759.21,0.0,2.25
2018-01-05,Capital Link Drybulk,CLDBI,755.1,755.1,755.1,755.1,0.0,-0.54
2018-01-08,Capital Link Drybulk,CLDBI,763.76,763.76,763.76,763.76,0.0,1.15
2018-01-09,Capital Link Drybulk,CLDBI,751.15,751.15,751.15,751.15,0.0,-1.65
2018-01-10,Capital Link Drybulk,CLDBI,735.54,735.54,735.54,735.54,0.0,-2.08
2018-01-11,Capital Link Drybulk,CLDBI,727.64,727.64,727.64,727.64,0.0,-1.07
2018-01-12,Capital Link Drybulk,CLDBI,746.72,746.72,746.72,746.72,0.0,2.62
2018-01-16,Capital Link Drybulk,CLDBI,740.47,740.47,740.47,740.47,0.0,-0.84
2018-01-17,Capital Link Drybulk,CLDBI,740.97,740.97,740.97,740.97,0.0,0.07
2018-01-18,Capital Link Drybulk,CLDBI,733.46,733.46,733.46,733.46,0.0,-1.01
2018-01-19,Capital Link Drybulk,CLDBI,741.43,741.43,741.43,741.43,0.0,1.09
2018-01-22,Capital Link Drybulk,CLDBI,772.86,772.86,772.86,772.86,0.0,4.24
2018-01-23,Capital Link Drybulk,CLDBI,765.81,765.81,765.81,765.81,0.0,-0.91
2018-01-24,Capital Link Drybulk,CLDBI,758.2,758.2,758.2,758.2,0.0,-0.99
2018-01-25,Capital Link Drybulk,CLDBI,758.55,758.55,758.55,758.55,0.0,0.05
2018-01-26,Capital Link Drybulk,CLDBI,768.92,768.92,768.92,768.92,0.0,1.37
2018-01-29,Capital Link Drybulk,CLDBI,750.04,750.04,750.04,750.04,0.0,-2.46
2018-01-30,Capital Link Drybulk,CLDBI,715.73,715.73,715.73,715.73,0.0,-4.57
2018-01-31,Capital Link Drybulk,CLDBI,712.89,712.89,712.89,712.89,0.0,-0.4
2018-02-01,Capital Link Drybulk,CLDBI,710.24,710.24,710.24,710.24,0.0,-0.37
2018-02-02,Capital Link Drybulk,CLDBI,693.41,693.41,693.41,693.41,0.0,-2.37
2018-02-05,Capital Link Drybulk,CLDBI,668.43,668.43,668.43,668.43,0.0,-3.6
2018-02-06,Capital Link Drybulk,CLDBI,684.96,684.96,684.96,684.96,0.0,2.47
2018-02-07,Capital Link Drybulk,CLDBI,686.98,686.98,686.98,686.98,0.0,0.29
2018-02-08,Capital Link Drybulk,CLDBI,660.4,660.4,660.4,660.4,0.0,-3.87
2018-02-09,Capital Link Drybulk,CLDBI,678.81,678.81,678.81,678.81,0.0,2.79
2018-02-12,Capital Link Drybulk,CLDBI,709.06,709.06,709.06,709.06,0.0,4.46
2018-02-13,Capital Link Drybulk,CLDBI,708.41,708.41,708.41,708.41,0.0,-0.09
2018-02-14,Capital Link Drybulk,CLDBI,719.49,719.49,719.49,719.49,0.0,1.56
2018-02-15,Capital Link Drybulk,CLDBI,736.88,736.88,736.88,736.88,0.0,2.42
2018-02-16,Capital Link Drybulk,CLDBI,732.35,732.35,732.35,732.35,0.0,-0.61
2018-02-20,Capital Link Drybulk,CLDBI,761.48,761.48,761.48,761.48,0.0,3.98
2018-02-21,Capital Link Drybulk,CLDBI,765.25,765.25,765.25,765.25,0.0,0.5
2018-02-22,Capital Link Drybulk,CLDBI,771.75,771.75,771.75,771.75,0.0,0.85
2018-02-23,Capital Link Drybulk,CLDBI,762.51,762.51,762.51,762.51,0.0,-1.2
2018-02-26,Capital Link Drybulk,CLDBI,771.61,771.61,771.61,771.61,0.0,1.19
2018-02-27,Capital Link Drybulk,CLDBI,766.58,766.58,766.58,766.58,0.0,-0.65
2018-02-28,Capital Link Drybulk,CLDBI,759.25,759.25,759.25,759.25,0.0,-0.96
2018-03-01,Capital Link Drybulk,CLDBI,769.68,769.68,769.68,769.68,0.0,1.37
2018-03-02,Capital Link Drybulk,CLDBI,772.72,772.72,772.72,772.72,0.0,0.39
2018-03-05,Capital Link Drybulk,CLDBI,783.18,783.18,783.18,783.18,0.0,1.35
2018-03-06,Capital Link Drybulk,CLDBI,794.32,794.32,794.32,794.32,0.0,1.42
2018-03-07,Capital Link Drybulk,CLDBI,772.09,772.09,772.09,772.09,0.0,-2.8
2018-03-08,Capital Link Drybulk,CLDBI,776.43,776.43,776.43,776.43,0.0,0.56
2018-03-09,Capital Link Drybulk,CLDBI,785.65,785.65,785.65,785.65,0.0,1.19
2018-03-12,Capital Link Drybulk,CLDBI,802.99,802.99,802.99,802.99,0.0,2.21
2018-03-13,Capital Link Drybulk,CLDBI,791.15,791.15,791.15,791.15,0.0,-1.47
2018-03-14,Capital Link Drybulk,CLDBI,792.88,792.88,792.88,792.88,0.0,0.22
2018-03-15,Capital Link Drybulk,CLDBI,771.19,771.19,771.19,771.19,0.0,-2.74
2018-03-16,Capital Link Drybulk,CLDBI,772.15,772.15,772.15,772.15,0.0,0.12
2018-03-19,Capital Link Drybulk,CLDBI,759.06,759.06,759.06,759.06,0.0,-1.7
2018-03-20,Capital Link Drybulk,CLDBI,753.12,753.12,753.12,753.12,0.0,-0.78
2018-03-21,Capital Link Drybulk,CLDBI,766.04,766.04,766.04,766.04,0.0,1.72
2018-03-22,Capital Link Drybulk,CLDBI,745.3,745.3,745.3,745.3,0.0,-2.71
2018-03-23,Capital Link Drybulk,CLDBI,722.47,722.47,722.47,722.47,0.0,-3.06
2018-03-26,Capital Link Drybulk,CLDBI,742.99,742.99,742.99,742.99,0.0,2.84
2018-03-27,Capital Link Drybulk,CLDBI,732.76,732.76,732.76,732.76,0.0,-1.38
2018-03-28,Capital Link Drybulk,CLDBI,701.1,701.1,701.1,701.1,0.0,-4.32
2018-03-29,Capital Link Drybulk,CLDBI,720.52,720.52,720.52,720.52,0.0,2.77
2018-04-02,Capital Link Drybulk,CLDBI,709.66,709.66,709.66,709.66,0.0,-1.51
2018-04-03,Capital Link Drybulk,CLDBI,705.3,705.3,705.3,705.3,0.0,-0.61
2018-04-04,Capital Link Drybulk,CLDBI,689.49,689.49,689.49,689.49,0.0,-2.24
2018-04-05,Capital Link Drybulk,CLDBI,716.49,716.49,716.49,716.49,0.0,3.92
2018-04-06,Capital Link Drybulk,CLDBI,687.93,687.93,687.93,687.93,0.0,-3.99
2018-04-09,Capital Link Drybulk,CLDBI,684.04,684.04,684.04,684.04,0.0,-0.57
2018-04-10,Capital Link Drybulk,CLDBI,717.37,717.37,717.37,717.37,0.0,4.87
2018-04-11,Capital Link Drybulk,CLDBI,712.46,712.46,712.46,712.46,0.0,-0.68
2018-04-12,Capital Link Drybulk,CLDBI,725.49,725.49,725.49,725.49,0.0,1.83
2018-04-13,Capital Link Drybulk,CLDBI,738.88,738.88,738.88,738.88,0.0,1.85
2018-04-16,Capital Link Drybulk,CLDBI,742.29,742.29,742.29,742.29,0.0,0.46
2018-04-17,Capital Link Drybulk,CLDBI,744.45,744.45,744.45,744.45,0.0,0.29
2018-04-18,Capital Link Drybulk,CLDBI,775.71,775.71,775.71,775.71,0.0,4.2
2018-04-19,Capital Link Drybulk,CLDBI,776.03,776.03,776.03,776.03,0.0,0.04
2018-04-20,Capital Link Drybulk,CLDBI,778.75,778.75,778.75,778.75,0.0,0.35
2018-04-23,Capital Link Drybulk,CLDBI,800.11,800.11,800.11,800.11,0.0,2.74
2018-04-24,Capital Link Drybulk,CLDBI,785.65,785.65,785.65,785.65,0.0,-1.81
2018-04-25,Capital Link Drybulk,CLDBI,781.04,781.04,781.04,781.04,0.0,-0.59
2018-04-26,Capital Link Drybulk,CLDBI,782.98,782.98,782.98,782.98,0.0,0.25
2018-04-27,Capital Link Drybulk,CLDBI,781.75,781.75,781.75,781.75,0.0,-0.16
2018-04-30,Capital Link Drybulk,CLDBI,772.62,772.62,772.62,772.62,0.0,-1.17
2018-05-02,Capital Link Drybulk,CLDBI,789.97,789.97,789.97,789.97,0.0,2.19
2018-05-03,Capital Link Drybulk,CLDBI,796.11,796.11,796.11,796.11,0.0,0.78
2018-05-04,Capital Link Drybulk,CLDBI,797.53,797.53,797.53,797.53,0.0,0.18
2018-05-07,Capital Link Drybulk,CLDBI,813.24,813.24,813.24,813.24,0.0,1.97
2018-05-08,Capital Link Drybulk,CLDBI,820.11,820.11,820.11,820.11,0.0,0.84
2018-05-09,Capital Link Drybulk,CLDBI,840.85,840.85,840.85,840.85,0.0,2.53
2018-05-10,Capital Link Drybulk,CLDBI,836.06,836.06,836.06,836.06,0.0,-0.57
2018-05-11,Capital Link Drybulk,CLDBI,852.0,852.0,852.0,852.0,0.0,1.91
2018-05-14,Capital Link Drybulk,CLDBI,851.11,851.11,851.11,851.11,0.0,-0.1
2018-05-15,Capital Link Drybulk,CLDBI,840.11,840.11,840.11,840.11,0.0,-1.29
2018-05-16,Capital Link Drybulk,CLDBI,830.9,830.9,830.9,830.9,0.0,-1.1
2018-05-17,Capital Link Drybulk,CLDBI,827.48,827.48,827.48,827.48,0.0,-0.41
2018-05-18,Capital Link Drybulk,CLDBI,824.19,824.19,824.19,824.19,0.0,-0.4
2018-05-21,Capital Link Drybulk,CLDBI,839.5,839.5,839.5,839.5,0.0,1.86
2018-05-22,Capital Link Drybulk,CLDBI,857.72,857.72,857.72,857.72,0.0,2.17
2018-05-23,Capital Link Drybulk,CLDBI,850.14,850.14,850.14,850.14,0.0,-0.88
2018-05-24,Capital Link Drybulk,CLDBI,844.31,844.31,844.31,844.31,0.0,-0.69
2018-05-25,Capital Link Drybulk,CLDBI,825.13,825.13,825.13,825.13,0.0,-2.27
2018-05-29,Capital Link Drybulk,CLDBI,808.15,808.15,808.15,808.15,0.0,-2.06
2018-05-30,Capital Link Drybulk,CLDBI,828.73,828.73,828.73,828.73,0.0,2.55
2018-05-31,Capital Link Drybulk,CLDBI,848.88,848.88,848.88,848.88,0.0,2.43
2018-06-01,Capital Link Drybulk,CLDBI,845.38,845.38,845.38,845.38,0.0,-0.41
2018-06-04,Capital Link Drybulk,CLDBI,865.28,865.28,865.28,865.28,0.0,2.35
2018-06-05,Capital Link Drybulk,CLDBI,872.89,872.89,872.89,872.89,0.0,0.88
2018-06-06,Capital Link Drybulk,CLDBI,861.79,861.79,861.79,861.79,0.0,-1.27
2018-06-07,Capital Link Drybulk,CLDBI,871.14,871.14,871.14,871.14,0.0,1.08
2018-06-08,Capital Link Drybulk,CLDBI,871.64,871.64,871.64,871.64,0.0,0.06
2018-06-11,Capital Link Drybulk,CLDBI,876.11,876.11,876.11,876.11,0.0,0.51
2018-06-12,Capital Link Drybulk,CLDBI,861.96,861.96,861.96,861.96,0.0,-1.62
2018-06-13,Capital Link Drybulk,CLDBI,863.11,863.11,863.11,863.11,0.0,0.13
2018-06-14,Capital Link Drybulk,CLDBI,876.1,876.1,876.1,876.1,0.0,1.51
2018-06-15,Capital Link Drybulk,CLDBI,853.12,853.12,853.12,853.12,0.0,-2.62
2018-06-18,Capital Link Drybulk,CLDBI,880.21,880.21,880.21,880.21,0.0,3.18
2018-06-19,Capital Link Drybulk,CLDBI,883.08,883.08,883.08,883.08,0.0,0.33
2018-06-20,Capital Link Drybulk,CLDBI,876.76,876.76,876.76,876.76,0.0,-0.72
2018-06-21,Capital Link Drybulk,CLDBI,863.97,863.97,863.97,863.97,0.0,-1.46
2018-06-22,Capital Link Drybulk,CLDBI,879.4,879.4,879.4,879.4,0.0,1.79
2018-06-25,Capital Link Drybulk,CLDBI,861.84,861.84,861.84,861.84,0.0,-2.0
2018-06-26,Capital Link Drybulk,CLDBI,860.18,860.18,860.18,860.18,0.0,-0.19
2018-06-27,Capital Link Drybulk,CLDBI,823.79,823.79,823.79,823.79,0.0,-4.23
2018-06-28,Capital Link Drybulk,CLDBI,810.61,810.61,810.61,810.61,0.0,-1.6
2018-06-29,Capital Link Drybulk,CLDBI,809.24,809.24,809.24,809.24,0.0,-0.17
2018-07-02,Capital Link Drybulk,CLDBI,804.68,804.68,804.68,804.68,0.0,-0.56
2018-07-03,Capital Link Drybulk,CLDBI,813.32,813.32,813.32,813.32,0.0,1.07
2018-07-05,Capital Link Drybulk,CLDBI,826.71,826.71,826.71,826.71,0.0,1.65
2018-07-06,Capital Link Drybulk,CLDBI,823.4,823.4,823.4,823.4,0.0,-0.4
2018-07-09,Capital Link Drybulk,CLDBI,821.09,821.09,821.09,821.09,0.0,-0.28
2018-07-10,Capital Link Drybulk,CLDBI,821.91,821.91,821.91,821.91,0.0,0.1
2018-07-11,Capital Link Drybulk,CLDBI,805.01,805.01,805.01,805.01,0.0,-2.06
2018-07-12,Capital Link Drybulk,CLDBI,796.58,796.58,796.58,796.58,0.0,-1.05
2018-07-13,Capital Link Drybulk,CLDBI,789.37,789.37,789.37,789.37,0.0,-0.91
2018-07-16,Capital Link Drybulk,CLDBI,772.46,772.46,772.46,772.46,0.0,-2.14
2018-07-17,Capital Link Drybulk,CLDBI,782.68,782.68,782.68,782.68,0.0,1.32
2018-07-18,Capital Link Drybulk,CLDBI,812.38,812.38,812.38,812.38,0.0,3.79
2018-07-19,Capital Link Drybulk,CLDBI,807.12,807.12,807.12,807.12,0.0,-0.65
2018-07-20,Capital Link Drybulk,CLDBI,789.9,789.9,789.9,789.9,0.0,-2.13
2018-07-23,Capital Link Drybulk,CLDBI,789.07,789.07,789.07,789.07,0.0,-0.11
2018-07-24,Capital Link Drybulk,CLDBI,808.52,808.52,808.52,808.52,0.0,2.46
2018-07-25,Capital Link Drybulk,CLDBI,816.67,816.67,816.67,816.67,0.0,1.01
2018-07-26,Capital Link Drybulk,CLDBI,807.55,807.55,807.55,807.55,0.0,-1.12
2018-07-27,Capital Link Drybulk,CLDBI,800.63,800.63,800.63,800.63,0.0,-0.86
2018-07-30,Capital Link Drybulk,CLDBI,801.05,801.05,801.05,801.05,0.0,0.05
2018-07-31,Capital Link Drybulk,CLDBI,825.62,825.62,825.62,825.62,0.0,3.07
2018-08-01,Capital Link Drybulk,CLDBI,818.68,818.68,818.68,818.68,0.0,-0.84
2018-08-02,Capital Link Drybulk,CLDBI,822.08,822.08,822.08,822.08,0.0,0.42
2018-08-03,Capital Link Drybulk,CLDBI,824.38,824.38,824.38,824.38,0.0,0.28
2018-08-06,Capital Link Drybulk,CLDBI,827.61,827.61,827.61,827.61,0.0,0.39
2018-08-07,Capital Link Drybulk,CLDBI,818.42,818.42,818.42,818.42,0.0,-1.11
2018-08-08,Capital Link Drybulk,CLDBI,850.81,850.81,850.81,850.81,0.0,3.96
2018-08-09,Capital Link Drybulk,CLDBI,828.98,828.98,828.98,828.98,0.0,-2.57
2018-08-10,Capital Link Drybulk,CLDBI,812.64,812.64,812.64,812.64,0.0,-1.97
2018-08-13,Capital Link Drybulk,CLDBI,786.92,786.92,786.92,786.92,0.0,-3.16
2018-08-14,Capital Link Drybulk,CLDBI,797.3,797.3,797.3,797.3,0.0,1.32
2018-08-15,Capital Link Drybulk,CLDBI,767.84,767.84,767.84,767.84,0.0,-3.69
2018-08-16,Capital Link Drybulk,CLDBI,779.23,779.23,779.23,779.23,0.0,1.48
2018-08-17,Capital Link Drybulk,CLDBI,792.28,792.28,792.28,792.28,0.0,1.67
2018-08-20,Capital Link Drybulk,CLDBI,815.0,815.0,815.0,815.0,0.0,2.87
2018-08-21,Capital Link Drybulk,CLDBI,840.49,840.49,840.49,840.49,0.0,3.13
2018-08-22,Capital Link Drybulk,CLDBI,857.12,857.12,857.12,857.12,0.0,1.98
2018-08-23,Capital Link Drybulk,CLDBI,838.18,838.18,838.18,838.18,0.0,-2.21
2018-08-24,Capital Link Drybulk,CLDBI,849.01,849.01,849.01,849.01,0.0,1.29
2018-08-27,Capital Link Drybulk,CLDBI,848.21,848.21,848.21,848.21,0.0,-0.09
2018-08-28,Capital Link Drybulk,CLDBI,846.2,846.2,846.2,846.2,0.0,-0.24
2018-08-29,Capital Link Drybulk,CLDBI,846.57,846.57,846.57,846.57,0.0,0.04
2018-08-30,Capital Link Drybulk,CLDBI,831.12,831.12,831.12,831.12,0.0,-1.83
2018-08-31,Capital Link Drybulk,CLDBI,814.72,814.72,814.72,814.72,0.0,-1.97
2018-09-04,Capital Link Drybulk,CLDBI,802.57,802.57,802.57,802.57,0.0,-1.49
2018-09-05,Capital Link Drybulk,CLDBI,785.25,785.25,785.25,785.25,0.0,-2.16
2018-09-06,Capital Link Drybulk,CLDBI,773.71,773.71,773.71,773.71,0.0,-1.47
2018-09-07,Capital Link Drybulk,CLDBI,769.52,769.52,769.52,769.52,0.0,-0.54
2018-09-10,Capital Link Drybulk,CLDBI,779.81,779.81,779.81,779.81,0.0,1.34
2018-09-11,Capital Link Drybulk,CLDBI,787.87,787.87,787.87,787.87,0.0,1.03
2018-09-12,Capital Link Drybulk,CLDBI,783.79,783.79,783.79,783.79,0.0,-0.52
2018-09-13,Capital Link Drybulk,CLDBI,776.28,776.28,776.28,776.28,0.0,-0.96
2018-09-14,Capital Link Drybulk,CLDBI,795.77,795.77,795.77,795.77,0.0,2.51
2018-09-17,Capital Link Drybulk,CLDBI,788.43,788.43,788.43,788.43,0.0,-0.92
2018-09-18,Capital Link Drybulk,CLDBI,803.46,803.46,803.46,803.46,0.0,1.91
2018-09-19,Capital Link Drybulk,CLDBI,816.91,816.91,816.91,816.91,0.0,1.67
2018-09-20,Capital Link Drybulk,CLDBI,823.18,823.18,823.18,823.18,0.0,0.77
2018-09-21,Capital Link Drybulk,CLDBI,832.41,832.41,832.41,832.41,0.0,1.12
2018-09-24,Capital Link Drybulk,CLDBI,838.04,838.04,838.04,838.04,0.0,0.68
2018-09-25,Capital Link Drybulk,CLDBI,845.08,845.08,845.08,845.08,0.0,0.84
2018-09-26,Capital Link Drybulk,CLDBI,827.9,827.9,827.9,827.9,0.0,-2.03
2018-09-27,Capital Link Drybulk,CLDBI,846.73,846.73,846.73,846.73,0.0,2.27
2018-09-28,Capital Link Drybulk,CLDBI,881.12,881.12,881.12,881.12,0.0,4.06
2018-10-01,Capital Link Drybulk,CLDBI,908.06,908.06,908.06,908.06,0.0,3.06
2018-10-02,Capital Link Drybulk,CLDBI,903.4,903.4,903.4,903.4,0.0,-0.51
2018-10-03,Capital Link Drybulk,CLDBI,901.76,901.76,901.76,901.76,0.0,-0.18
2018-10-04,Capital Link Drybulk,CLDBI,892.07,892.07,892.07,892.07,0.0,-1.07
2018-10-05,Capital Link Drybulk,CLDBI,877.43,877.43,877.43,877.43,0.0,-1.64
2018-10-08,Capital Link Drybulk,CLDBI,868.02,868.02,868.02,868.02,0.0,-1.07
2018-10-09,Capital Link Drybulk,CLDBI,857.35,857.35,857.35,857.35,0.0,-1.23
2018-10-10,Capital Link Drybulk,CLDBI,824.72,824.72,824.72,824.72,0.0,-3.81
2018-10-11,Capital Link Drybulk,CLDBI,817.06,817.06,817.06,817.06,0.0,-0.93
2018-10-12,Capital Link Drybulk,CLDBI,828.22,828.22,828.22,828.22,0.0,1.37
2018-10-15,Capital Link Drybulk,CLDBI,816.24,816.24,816.24,816.24,0.0,-1.45
2018-10-16,Capital Link Drybulk,CLDBI,822.54,822.54,822.54,822.54,0.0,0.77
2018-10-17,Capital Link Drybulk,CLDBI,790.9,790.9,790.9,790.9,0.0,-3.85
2018-10-18,Capital Link Drybulk,CLDBI,781.63,781.63,781.63,781.63,0.0,-1.17
2018-10-19,Capital Link Drybulk,CLDBI,772.41,772.41,772.41,772.41,0.0,-1.18
2018-10-22,Capital Link Drybulk,CLDBI,784.31,784.31,784.31,784.31,0.0,1.54
2018-10-23,Capital Link Drybulk,CLDBI,740.42,740.42,740.42,740.42,0.0,-5.6
2018-10-24,Capital Link Drybulk,CLDBI,696.86,696.86,696.86,696.86,0.0,-5.88
2018-10-25,Capital Link Drybulk,CLDBI,717.4,717.4,717.4,717.4,0.0,2.95
2018-10-26,Capital Link Drybulk,CLDBI,706.04,706.04,706.04,706.04,0.0,-1.58
2018-10-29,Capital Link Drybulk,CLDBI,701.96,701.96,701.96,701.96,0.0,-0.58
2018-10-30,Capital Link Drybulk,CLDBI,699.18,699.18,699.18,699.18,0.0,-0.4
2018-10-31,Capital Link Drybulk,CLDBI,728.27,728.27,728.27,728.27,0.0,4.16
2018-11-01,Capital Link Drybulk,CLDBI,747.43,747.43,747.43,747.43,0.0,2.63
2018-11-02,Capital Link Drybulk,CLDBI,742.31,742.31,742.31,742.31,0.0,-0.69
2018-11-05,Capital Link Drybulk,CLDBI,730.23,730.23,730.23,730.23,0.0,-1.63
2018-11-06,Capital Link Drybulk,CLDBI,720.33,720.33,720.33,720.33,0.0,-1.36
2018-11-07,Capital Link Drybulk,CLDBI,682.76,682.76,682.76,682.76,0.0,-5.22
2018-11-08,Capital Link Drybulk,CLDBI,663.45,663.45,663.45,663.45,0.0,-2.83
2018-11-09,Capital Link Drybulk,CLDBI,658.11,658.11,658.11,658.11,0.0,-0.8
2018-11-12,Capital Link Drybulk,CLDBI,648.23,648.23,648.23,648.23,0.0,-1.5
2018-11-13,Capital Link Drybulk,CLDBI,626.76,626.76,626.76,626.76,0.0,-3.31
2018-11-14,Capital Link Drybulk,CLDBI,601.81,601.81,601.81,601.81,0.0,-3.98
2018-11-15,Capital Link Drybulk,CLDBI,601.21,601.21,601.21,601.21,0.0,-0.1
2018-11-16,Capital Link Drybulk,CLDBI,605.64,605.64,605.64,605.64,0.0,0.74
2018-11-19,Capital Link Drybulk,CLDBI,586.7,586.7,586.7,586.7,0.0,-3.13
2018-11-20,Capital Link Drybulk,CLDBI,556.79,556.79,556.79,556.79,0.0,-5.1
2018-11-21,Capital Link Drybulk,CLDBI,581.66,581.66,581.66,581.66,0.0,4.47
2018-11-23,Capital Link Drybulk,CLDBI,594.82,594.82,594.82,594.82,0.0,2.26
2018-11-26,Capital Link Drybulk,CLDBI,607.8,607.8,607.8,607.8,0.0,2.18
2018-11-27,Capital Link Drybulk,CLDBI,644.55,644.55,644.55,644.55,0.0,6.05
2018-11-28,Capital Link Drybulk,CLDBI,642.17,642.17,642.17,642.17,0.0,-0.37
2018-11-29,Capital Link Drybulk,CLDBI,632.85,632.85,632.85,632.85,0.0,-1.45
2018-11-30,Capital Link Drybulk,CLDBI,620.76,620.76,620.76,620.76,0.0,-1.91
2018-12-03,Capital Link Drybulk,CLDBI,648.49,648.49,648.49,648.49,0.0,4.47
2018-12-04,Capital Link Drybulk,CLDBI,628.61,628.61,628.61,628.61,0.0,-3.07
2018-12-06,Capital Link Drybulk,CLDBI,608.01,608.01,608.01,608.01,0.0,-3.28
2018-12-07,Capital Link Drybulk,CLDBI,613.08,613.08,613.08,613.08,0.0,0.83
2018-12-10,Capital Link Drybulk,CLDBI,608.19,608.19,608.19,608.19,0.0,-0.8
2018-12-11,Capital Link Drybulk,CLDBI,617.69,617.69,617.69,617.69,0.0,1.56
2018-12-12,Capital Link Drybulk,CLDBI,623.33,623.33,623.33,623.33,0.0,0.91
2018-12-13,Capital Link Drybulk,CLDBI,624.43,624.43,624.43,624.43,0.0,0.18
2018-12-14,Capital Link Drybulk,CLDBI,623.09,623.09,623.09,623.09,0.0,-0.21
2018-12-17,Capital Link Drybulk,CLDBI,602.44,602.44,602.44,602.44,0.0,-3.31
2018-12-18,Capital Link Drybulk,CLDBI,584.17,584.17,584.17,584.17,0.0,-3.03
2018-12-19,Capital Link Drybulk,CLDBI,571.88,571.88,571.88,571.88,0.0,-2.1
2018-12-20,Capital Link Drybulk,CLDBI,558.46,558.46,558.46,558.46,0.0,-2.35
2018-12-21,Capital Link Drybulk,CLDBI,549.81,549.81,549.81,549.81,0.0,-1.55
2018-12-24,Capital Link Drybulk,CLDBI,548.18,548.18,548.18,548.18,0.0,-0.3
2018-12-27,Capital Link Drybulk,CLDBI,566.15,566.15,566.15,566.15,0.0,-1.67
2018-12-28,Capital Link Drybulk,CLDBI,573.8,573.8,573.8,573.8,0.0,1.35
2018-12-31,Capital Link Drybulk,CLDBI,584.48,584.48,584.48,584.48,0.0,1.86
2019-01-02,Capital Link Drybulk,CLDBI,603.31,603.31,603.31,603.31,0.0,3.22
2019-01-03,Capital Link Drybulk,CLDBI,597.52,597.52,597.52,597.52,0.0,-0.96
2019-01-04,Capital Link Drybulk,CLDBI,635.03,635.03,635.03,635.03,0.0,6.28
2019-01-07,Capital Link Drybulk,CLDBI,668.28,668.28,668.28,668.28,0.0,5.24
2019-01-08,Capital Link Drybulk,CLDBI,673.34,673.34,673.34,673.34,0.0,0.76
2019-01-09,Capital Link Drybulk,CLDBI,666.68,666.68,666.68,666.68,0.0,-0.99
2019-01-10,Capital Link Drybulk,CLDBI,646.17,646.17,646.17,646.17,0.0,-3.08
2019-01-11,Capital Link Drybulk,CLDBI,635.51,635.51,635.51,635.51,0.0,-1.65
2019-01-14,Capital Link Drybulk,CLDBI,621.2,621.2,621.2,621.2,0.0,-2.25
2019-01-15,Capital Link Drybulk,CLDBI,602.19,602.19,602.19,602.19,0.0,-3.06
2019-01-16,Capital Link Drybulk,CLDBI,603.21,603.21,603.21,603.21,0.0,0.17
2019-01-17,Capital Link Drybulk,CLDBI,614.65,614.65,614.65,614.65,0.0,1.9
2019-01-18,Capital Link Drybulk,CLDBI,642.8,642.8,642.8,642.8,0.0,4.58
2019-01-22,Capital Link Drybulk,CLDBI,588.32,588.32,588.32,588.32,0.0,-8.48
2019-01-23,Capital Link Drybulk,CLDBI,579.43,579.43,579.43,579.43,0.0,-1.51
2019-01-24,Capital Link Drybulk,CLDBI,578.18,578.18,578.18,578.18,0.0,-0.22
2019-01-25,Capital Link Drybulk,CLDBI,569.86,569.86,569.86,569.86,0.0,-1.44
2019-01-28,Capital Link Drybulk,CLDBI,529.1,529.1,529.1,529.1,0.0,-7.15
2019-01-29,Capital Link Drybulk,CLDBI,514.65,514.65,514.65,514.65,0.0,-2.73
2019-01-30,Capital Link Drybulk,CLDBI,500.05,500.05,500.05,500.05,0.0,-2.84
2019-01-31,Capital Link Drybulk,CLDBI,494.35,494.35,494.35,494.35,0.0,-1.14
2019-02-01,Capital Link Drybulk,CLDBI,511.77,511.77,511.77,511.77,0.0,3.52
2019-02-04,Capital Link Drybulk,CLDBI,504.27,504.27,504.27,504.27,0.0,-1.47
2019-02-05,Capital Link Drybulk,CLDBI,506.18,506.18,506.18,506.18,0.0,0.38
2019-02-06,Capital Link Drybulk,CLDBI,514.72,514.72,514.72,514.72,0.0,1.69
2019-02-07,Capital Link Drybulk,CLDBI,502.16,502.16,502.16,502.16,0.0,-2.44
2019-02-08,Capital Link Drybulk,CLDBI,502.89,502.89,502.89,502.89,0.0,0.15
2019-02-11,Capital Link Drybulk,CLDBI,512.31,512.31,512.31,512.31,0.0,1.87
2019-02-12,Capital Link Drybulk,CLDBI,530.44,530.44,530.44,530.44,0.0,3.54
2019-02-13,Capital Link Drybulk,CLDBI,525.0,525.0,525.0,525.0,0.0,-1.03
2019-02-14,Capital Link Drybulk,CLDBI,530.75,530.75,530.75,530.75,0.0,1.1
2019-02-15,Capital Link Drybulk,CLDBI,536.54,536.54,536.54,536.54,0.0,1.09
2019-02-19,Capital Link Drybulk,CLDBI,532.79,532.79,532.79,532.79,0.0,-0.7
2019-02-20,Capital Link Drybulk,CLDBI,523.83,523.83,523.83,523.83,0.0,-1.68
2019-02-21,Capital Link Drybulk,CLDBI,523.61,523.61,523.61,523.61,0.0,-0.04
2019-02-22,Capital Link Drybulk,CLDBI,530.21,530.21,530.21,530.21,0.0,1.26
2019-02-25,Capital Link Drybulk,CLDBI,533.56,533.56,533.56,533.56,0.0,0.63
2019-02-26,Capital Link Drybulk,CLDBI,525.37,525.37,525.37,525.37,0.0,-1.53
2019-02-27,Capital Link Drybulk,CLDBI,519.19,519.19,519.19,519.19,0.0,-1.18
2019-02-28,Capital Link Drybulk,CLDBI,506.36,506.36,506.36,506.36,0.0,-2.47
2019-03-01,Capital Link Drybulk,CLDBI,506.4,506.4,506.4,506.4,0.0,0.01
2019-03-04,Capital Link Drybulk,CLDBI,518.62,518.62,518.62,518.62,0.0,2.41
2019-03-05,Capital Link Drybulk,CLDBI,526.92,526.92,526.92,526.92,0.0,1.6
2019-03-06,Capital Link Drybulk,CLDBI,512.48,512.48,512.48,512.48,0.0,-2.74
2019-03-07,Capital Link Drybulk,CLDBI,493.4,493.4,493.4,493.4,0.0,-3.72
2019-03-08,Capital Link Drybulk,CLDBI,473.3,473.3,473.3,473.3,0.0,-4.07
2019-03-11,Capital Link Drybulk,CLDBI,494.99,494.99,494.99,494.99,0.0,4.58
2019-03-12,Capital Link Drybulk,CLDBI,504.07,504.07,504.07,504.07,0.0,1.83
2019-03-13,Capital Link Drybulk,CLDBI,499.11,499.11,499.11,499.11,0.0,-0.98
2019-03-14,Capital Link Drybulk,CLDBI,504.73,504.73,504.73,504.73,0.0,1.13
2019-03-15,Capital Link Drybulk,CLDBI,508.53,508.53,508.53,508.53,0.0,0.75
2019-03-18,Capital Link Drybulk,CLDBI,497.6,497.6,497.6,497.6,0.0,-2.15
2019-03-19,Capital Link Drybulk,CLDBI,494.1,494.1,494.1,494.1,0.0,-0.7
2019-03-20,Capital Link Drybulk,CLDBI,503.07,503.07,503.07,503.07,0.0,1.82
2019-03-21,Capital Link Drybulk,CLDBI,500.99,500.99,500.99,500.99,0.0,-0.41
2019-03-22,Capital Link Drybulk,CLDBI,478.83,478.83,478.83,478.83,0.0,-4.42
2019-03-25,Capital Link Drybulk,CLDBI,471.27,471.27,471.27,471.27,0.0,-1.58
2019-03-26,Capital Link Drybulk,CLDBI,468.1,468.1,468.1,468.1,0.0,-0.67
2019-03-27,Capital Link Drybulk,CLDBI,471.32,471.32,471.32,471.32,0.0,0.69
2019-03-28,Capital Link Drybulk,CLDBI,465.57,465.57,465.57,465.57,0.0,-1.22
2019-03-29,Capital Link Drybulk,CLDBI,465.15,465.15,465.15,465.15,0.0,-0.09
2019-04-01,Capital Link Drybulk,CLDBI,479.21,479.21,479.21,479.21,0.0,3.02
2019-04-02,Capital Link Drybulk,CLDBI,482.09,482.09,482.09,482.09,0.0,0.6
2019-04-03,Capital Link Drybulk,CLDBI,488.83,488.83,488.83,488.83,0.0,1.4
2019-04-04,Capital Link Drybulk,CLDBI,498.89,498.89,498.89,498.89,0.0,2.06
2019-04-05,Capital Link Drybulk,CLDBI,508.94,508.94,508.94,508.94,0.0,2.01
2019-04-08,Capital Link Drybulk,CLDBI,517.43,517.43,517.43,517.43,0.0,1.67
2019-04-09,Capital Link Drybulk,CLDBI,514.0,514.0,514.0,514.0,0.0,-0.66
2019-04-10,Capital Link Drybulk,CLDBI,534.24,534.24,534.24,534.24,0.0,3.94
2019-04-11,Capital Link Drybulk,CLDBI,538.77,538.77,538.77,538.77,0.0,0.85
2019-04-12,Capital Link Drybulk,CLDBI,534.42,534.42,534.42,534.42,0.0,-0.81
2019-04-15,Capital Link Drybulk,CLDBI,539.55,539.55,539.55,539.55,0.0,0.96
2019-04-16,Capital Link Drybulk,CLDBI,543.7,543.7,543.7,543.7,0.0,0.77
2019-04-17,Capital Link Drybulk,CLDBI,548.82,548.82,548.82,548.82,0.0,0.94
2019-04-18,Capital Link Drybulk,CLDBI,542.54,542.54,542.54,542.54,0.0,-1.14
2019-04-22,Capital Link Drybulk,CLDBI,541.29,541.29,541.29,541.29,0.0,-0.23
2019-04-23,Capital Link Drybulk,CLDBI,549.31,549.31,549.31,549.31,0.0,1.48
2019-04-24,Capital Link Drybulk,CLDBI,540.22,540.22,540.22,540.22,0.0,-1.65
2019-04-25,Capital Link Drybulk,CLDBI,533.05,533.05,533.05,533.05,0.0,-1.33
2019-04-26,Capital Link Drybulk,CLDBI,545.65,545.65,545.65,545.65,0.0,2.36
2019-04-29,Capital Link Drybulk,CLDBI,584.69,584.69,584.69,584.69,0.0,7.15
2019-04-30,Capital Link Drybulk,CLDBI,590.93,590.93,590.93,590.93,0.0,1.07
2019-05-02,Capital Link Drybulk,CLDBI,587.32,587.32,587.32,587.32,0.0,-2.54
2019-05-03,Capital Link Drybulk,CLDBI,600.4,600.4,600.4,600.4,0.0,2.23
2019-05-06,Capital Link Drybulk,CLDBI,582.28,582.28,582.28,582.28,0.0,-3.02
2019-05-07,Capital Link Drybulk,CLDBI,543.97,543.97,543.97,543.97,0.0,-6.58
2019-05-08,Capital Link Drybulk,CLDBI,556.36,556.36,556.36,556.36,0.0,2.28
2019-05-09,Capital Link Drybulk,CLDBI,537.77,537.77,537.77,537.77,0.0,-3.34
2019-05-10,Capital Link Drybulk,CLDBI,548.46,548.46,548.46,548.46,0.0,1.99
2019-05-13,Capital Link Drybulk,CLDBI,520.23,520.23,520.23,520.23,0.0,-5.15
2019-05-14,Capital Link Drybulk,CLDBI,527.55,527.55,527.55,527.55,0.0,1.41
2019-05-15,Capital Link Drybulk,CLDBI,537.61,537.61,537.61,537.61,0.0,1.91
2019-05-16,Capital Link Drybulk,CLDBI,539.45,539.45,539.45,539.45,0.0,0.34
2019-05-17,Capital Link Drybulk,CLDBI,528.1,528.1,528.1,528.1,0.0,-2.1
2019-05-20,Capital Link Drybulk,CLDBI,527.26,527.26,527.26,527.26,0.0,-0.16
2019-05-21,Capital Link Drybulk,CLDBI,579.57,579.57,579.57,579.57,0.0,9.92
2019-05-22,Capital Link Drybulk,CLDBI,582.5,582.5,582.5,582.5,0.0,0.51
2019-05-23,Capital Link Drybulk,CLDBI,548.44,548.44,548.44,548.44,0.0,-5.85
2019-05-24,Capital Link Drybulk,CLDBI,549.88,549.88,549.88,549.88,0.0,0.26
2019-05-28,Capital Link Drybulk,CLDBI,545.9,545.9,545.9,545.9,0.0,-0.72
2019-05-29,Capital Link Drybulk,CLDBI,545.83,545.83,545.83,545.83,0.0,-0.01
2019-05-30,Capital Link Drybulk,CLDBI,539.1,539.1,539.1,539.1,0.0,-1.23
2019-05-31,Capital Link Drybulk,CLDBI,532.77,532.77,532.77,532.77,0.0,-1.17
2019-06-03,Capital Link Drybulk,CLDBI,519.81,519.81,519.81,519.81,0.0,-2.43
2019-06-04,Capital Link Drybulk,CLDBI,545.87,545.87,545.87,545.87,0.0,5.01
2019-06-05,Capital Link Drybulk,CLDBI,542.46,542.46,542.46,542.46,0.0,-0.62
2019-06-06,Capital Link Drybulk,CLDBI,555.45,555.45,555.45,555.45,0.0,2.39
2019-06-07,Capital Link Drybulk,CLDBI,560.26,560.26,560.26,560.26,0.0,0.87
2019-06-10,Capital Link Drybulk,CLDBI,546.66,546.66,546.66,546.66,0.0,-2.43
2019-06-11,Capital Link Drybulk,CLDBI,557.37,557.37,557.37,557.37,0.0,1.96
2019-06-12,Capital Link Drybulk,CLDBI,533.79,533.79,533.79,533.79,0.0,-4.23
2019-06-13,Capital Link Drybulk,CLDBI,558.0,558.0,558.0,558.0,0.0,4.54
2019-06-14,Capital Link Drybulk,CLDBI,542.59,542.59,542.59,542.59,0.0,-2.76
2019-06-17,Capital Link Drybulk,CLDBI,546.23,546.23,546.23,546.23,0.0,0.67
2019-06-18,Capital Link Drybulk,CLDBI,567.03,567.03,567.03,567.03,0.0,3.81
2019-06-19,Capital Link Drybulk,CLDBI,585.59,585.59,585.59,585.59,0.0,3.27
2019-06-20,Capital Link Drybulk,CLDBI,591.65,591.65,591.65,591.65,0.0,1.03
2019-06-21,Capital Link Drybulk,CLDBI,589.69,589.69,589.69,589.69,0.0,-0.33
2019-06-24,Capital Link Drybulk,CLDBI,578.08,578.08,578.08,578.08,0.0,-1.97
2019-06-25,Capital Link Drybulk,CLDBI,580.66,580.66,580.66,580.66,0.0,0.45
2019-06-26,Capital Link Drybulk,CLDBI,598.81,598.81,598.81,598.81,0.0,3.13
2019-06-27,Capital Link Drybulk,CLDBI,619.99,619.99,619.99,619.99,0.0,3.54
2019-06-28,Capital Link Drybulk,CLDBI,642.81,642.81,642.81,642.81,0.0,3.68
2019-07-01,Capital Link Drybulk,CLDBI,662.45,662.45,662.45,662.45,0.0,3.06
2019-07-02,Capital Link Drybulk,CLDBI,667.09,667.09,667.09,667.09,0.0,0.7
2019-07-03,Capital Link Drybulk,CLDBI,672.59,672.59,672.59,672.59,0.0,0.82
2019-07-05,Capital Link Drybulk,CLDBI,715.53,715.53,715.53,715.53,0.0,6.38
2019-07-08,Capital Link Drybulk,CLDBI,720.15,720.15,720.15,720.15,0.0,0.65
2019-07-09,Capital Link Drybulk,CLDBI,739.59,739.59,739.59,739.59,0.0,2.7
2019-07-10,Capital Link Drybulk,CLDBI,738.37,738.37,738.37,738.37,0.0,-0.16
2019-07-11,Capital Link Drybulk,CLDBI,746.62,746.62,746.62,746.62,0.0,1.12
2019-07-12,Capital Link Drybulk,CLDBI,746.61,746.61,746.61,746.61,0.0,0.0
2019-07-15,Capital Link Drybulk,CLDBI,744.09,744.09,744.09,744.09,0.0,-0.34
2019-07-16,Capital Link Drybulk,CLDBI,754.38,754.38,754.38,754.38,0.0,1.38
2019-07-17,Capital Link Drybulk,CLDBI,742.31,742.31,742.31,742.31,0.0,-1.6
2019-07-18,Capital Link Drybulk,CLDBI,752.35,752.35,752.35,752.35,0.0,1.35
2019-07-19,Capital Link Drybulk,CLDBI,759.67,759.67,759.67,759.67,0.0,0.97
2019-07-22,Capital Link Drybulk,CLDBI,791.83,791.83,791.83,791.83,0.0,4.23
2019-07-23,Capital Link Drybulk,CLDBI,776.06,776.06,776.06,776.06,0.0,-1.99
2019-07-24,Capital Link Drybulk,CLDBI,743.19,743.19,743.19,743.19,0.0,-4.24
2019-07-25,Capital Link Drybulk,CLDBI,728.72,728.72,728.72,728.72,0.0,-1.95
2019-07-26,Capital Link Drybulk,CLDBI,731.07,731.07,731.07,731.07,0.0,0.32
2019-07-29,Capital Link Drybulk,CLDBI,715.56,715.56,715.56,715.56,0.0,-2.12
2019-07-30,Capital Link Drybulk,CLDBI,707.97,707.97,707.97,707.97,0.0,-1.06
2019-07-31,Capital Link Drybulk,CLDBI,696.43,696.43,696.43,696.43,0.0,-1.63
2019-08-01,Capital Link Drybulk,CLDBI,666.81,666.81,666.81,666.81,0.0,-4.25
2019-08-02,Capital Link Drybulk,CLDBI,656.04,656.04,656.04,656.04,0.0,-1.62
2019-08-05,Capital Link Drybulk,CLDBI,619.16,619.16,619.16,619.16,0.0,-5.62
2019-08-06,Capital Link Drybulk,CLDBI,631.5,631.5,631.5,631.5,0.0,1.99
2019-08-07,Capital Link Drybulk,CLDBI,620.3,620.3,620.3,620.3,0.0,-1.77
2019-08-08,Capital Link Drybulk,CLDBI,643.46,643.46,643.46,643.46,0.0,3.73
2019-08-09,Capital Link Drybulk,CLDBI,636.34,636.34,636.34,636.34,0.0,-1.11
2019-08-12,Capital Link Drybulk,CLDBI,624.78,624.78,624.78,624.78,0.0,-1.82
2019-08-13,Capital Link Drybulk,CLDBI,640.46,640.46,640.46,640.46,0.0,2.51
2019-08-14,Capital Link Drybulk,CLDBI,616.81,616.81,616.81,616.81,0.0,-3.69
2019-08-15,Capital Link Drybulk,CLDBI,608.03,608.03,608.03,608.03,0.0,-1.42
2019-08-16,Capital Link Drybulk,CLDBI,641.87,641.87,641.87,641.87,0.0,5.57
2019-08-19,Capital Link Drybulk,CLDBI,675.9,675.9,675.9,675.9,0.0,5.3
2019-08-20,Capital Link Drybulk,CLDBI,678.31,678.31,678.31,678.31,0.0,0.36
2019-08-21,Capital Link Drybulk,CLDBI,689.57,689.57,689.57,689.57,0.0,1.66
2019-08-22,Capital Link Drybulk,CLDBI,694.11,694.11,694.11,694.11,0.0,0.66
2019-08-23,Capital Link Drybulk,CLDBI,656.32,656.32,656.32,656.32,0.0,-5.44
2019-08-26,Capital Link Drybulk,CLDBI,668.09,668.09,668.09,668.09,0.0,1.79
2019-08-27,Capital Link Drybulk,CLDBI,665.35,665.35,665.35,665.35,0.0,-0.41
2019-08-28,Capital Link Drybulk,CLDBI,682.4,682.4,682.4,682.4,0.0,2.56
2019-08-29,Capital Link Drybulk,CLDBI,689.4,689.4,689.4,689.4,0.0,1.03
2019-08-30,Capital Link Drybulk,CLDBI,711.9,711.9,711.9,711.9,0.0,3.26
2019-09-03,Capital Link Drybulk,CLDBI,712.24,712.24,712.24,712.24,0.0,0.05
2019-09-04,Capital Link Drybulk,CLDBI,726.68,726.68,726.68,726.68,0.0,2.03
2019-09-05,Capital Link Drybulk,CLDBI,727.22,727.22,727.22,727.22,0.0,0.07
2019-09-06,Capital Link Drybulk,CLDBI,727.04,727.04,727.04,727.04,0.0,-0.02
2019-09-09,Capital Link Drybulk,CLDBI,752.5,752.5,752.5,752.5,0.0,3.5
2019-09-10,Capital Link Drybulk,CLDBI,752.66,752.66,752.66,752.66,0.0,0.02
2019-09-11,Capital Link Drybulk,CLDBI,757.35,757.35,757.35,757.35,0.0,0.62
2019-09-12,Capital Link Drybulk,CLDBI,766.11,766.11,766.11,766.11,0.0,1.16
2019-09-13,Capital Link Drybulk,CLDBI,777.28,777.28,777.28,777.28,0.0,1.46
2019-09-16,Capital Link Drybulk,CLDBI,759.73,759.73,759.73,759.73,0.0,-2.26
2019-09-17,Capital Link Drybulk,CLDBI,740.98,740.98,740.98,740.98,0.0,-2.47
2019-09-18,Capital Link Drybulk,CLDBI,731.76,731.76,731.76,731.76,0.0,-1.24
2019-09-19,Capital Link Drybulk,CLDBI,711.72,711.72,711.72,711.72,0.0,-2.74
2019-09-20,Capital Link Drybulk,CLDBI,703.43,703.43,703.43,703.43,0.0,-1.16
2019-09-23,Capital Link Drybulk,CLDBI,714.5,714.5,714.5,714.5,0.0,1.57
2019-09-24,Capital Link Drybulk,CLDBI,700.47,700.47,700.47,700.47,0.0,-1.96
2019-09-25,Capital Link Drybulk,CLDBI,699.81,699.81,699.81,699.81,0.0,-0.09
2019-09-26,Capital Link Drybulk,CLDBI,694.97,694.97,694.97,694.97,0.0,-0.69
2019-09-27,Capital Link Drybulk,CLDBI,696.11,696.11,696.11,696.11,0.0,0.16
2019-09-30,Capital Link Drybulk,CLDBI,695.93,695.93,695.93,695.93,0.0,-0.03
2019-10-01,Capital Link Drybulk,CLDBI,687.16,687.16,687.16,687.16,0.0,-1.26
2019-10-02,Capital Link Drybulk,CLDBI,680.28,680.28,680.28,680.28,0.0,-1.0
2019-10-03,Capital Link Drybulk,CLDBI,679.17,679.17,679.17,679.17,0.0,-0.16
2019-10-04,Capital Link Drybulk,CLDBI,705.17,705.17,705.17,705.17,0.0,3.83
2019-10-07,Capital Link Drybulk,CLDBI,710.87,710.87,710.87,710.87,0.0,0.81
2019-10-08,Capital Link Drybulk,CLDBI,708.09,708.09,708.09,708.09,0.0,-0.39
2019-10-09,Capital Link Drybulk,CLDBI,742.6,742.6,742.6,742.6,0.0,4.87
2019-10-10,Capital Link Drybulk,CLDBI,770.71,770.71,770.71,770.71,0.0,3.79
2019-10-11,Capital Link Drybulk,CLDBI,769.65,769.65,769.65,769.65,0.0,-0.14
2019-10-14,Capital Link Drybulk,CLDBI,790.32,790.32,790.32,790.32,0.0,2.69
2019-10-15,Capital Link Drybulk,CLDBI,778.6,778.6,778.6,778.6,0.0,-1.48
2019-10-16,Capital Link Drybulk,CLDBI,787.76,787.76,787.76,787.76,0.0,1.18
2019-10-17,Capital Link Drybulk,CLDBI,797.13,797.13,797.13,797.13,0.0,1.19
2019-10-18,Capital Link Drybulk,CLDBI,786.48,786.48,786.48,786.48,0.0,-1.34
2019-10-21,Capital Link Drybulk,CLDBI,781.21,781.21,781.21,781.21,0.0,-0.67
2019-10-22,Capital Link Drybulk,CLDBI,771.73,771.73,771.73,771.73,0.0,-1.21
2019-10-23,Capital Link Drybulk,CLDBI,825.96,825.96,825.96,825.96,0.0,7.03
2019-10-24,Capital Link Drybulk,CLDBI,819.83,819.83,819.83,819.83,0.0,-0.74
2019-10-25,Capital Link Drybulk,CLDBI,791.78,791.78,791.78,791.78,0.0,-3.42
2019-10-28,Capital Link Drybulk,CLDBI,813.08,813.08,813.08,813.08,0.0,2.69
2019-10-29,Capital Link Drybulk,CLDBI,816.42,816.42,816.42,816.42,0.0,0.41
2019-10-30,Capital Link Drybulk,CLDBI,787.96,787.96,787.96,787.96,0.0,-3.49
2019-10-31,Capital Link Drybulk,CLDBI,762.14,762.14,762.14,762.14,0.0,-3.28
2019-11-01,Capital Link Drybulk,CLDBI,792.03,792.03,792.03,792.03,0.0,3.92
2019-11-04,Capital Link Drybulk,CLDBI,796.29,796.29,796.29,796.29,0.0,0.54
2019-11-05,Capital Link Drybulk,CLDBI,789.75,789.75,789.75,789.75,0.0,-0.82
2019-11-06,Capital Link Drybulk,CLDBI,755.49,755.49,755.49,755.49,0.0,-4.34
2019-11-07,Capital Link Drybulk,CLDBI,741.53,741.53,741.53,741.53,0.0,-1.85
2019-11-08,Capital Link Drybulk,CLDBI,747.69,747.69,747.69,747.69,0.0,0.83
2019-11-11,Capital Link Drybulk,CLDBI,741.42,741.42,741.42,741.42,0.0,-0.84
2019-11-12,Capital Link Drybulk,CLDBI,751.05,751.05,751.05,751.05,0.0,1.3
2019-11-13,Capital Link Drybulk,CLDBI,726.65,726.65,726.65,726.65,0.0,-3.25
2019-11-14,Capital Link Drybulk,CLDBI,714.68,714.68,714.68,714.68,0.0,-1.65
2019-11-15,Capital Link Drybulk,CLDBI,731.06,731.06,731.06,731.06,0.0,2.29
2019-11-18,Capital Link Drybulk,CLDBI,729.87,729.87,729.87,729.87,0.0,-0.16
2019-11-19,Capital Link Drybulk,CLDBI,733.69,733.69,733.69,733.69,0.0,0.52
2019-11-20,Capital Link Drybulk,CLDBI,723.19,723.19,723.19,723.19,0.0,-1.43
2019-11-21,Capital Link Drybulk,CLDBI,745.91,745.91,745.91,745.91,0.0,3.14
2019-11-22,Capital Link Drybulk,CLDBI,745.7,745.7,745.7,745.7,0.0,-0.03
2019-11-25,Capital Link Drybulk,CLDBI,753.75,753.75,753.75,753.75,0.0,1.08
2019-11-26,Capital Link Drybulk,CLDBI,752.19,752.19,752.19,752.19,0.0,-0.21
2019-11-27,Capital Link Drybulk,CLDBI,756.82,756.82,756.82,756.82,0.0,0.62
2019-11-29,Capital Link Drybulk,CLDBI,775.6,775.6,775.6,775.6,0.0,2.48
2019-12-02,Capital Link Drybulk,CLDBI,750.92,750.92,750.92,750.92,0.0,-3.18
2019-12-03,Capital Link Drybulk,CLDBI,738.83,738.83,738.83,738.83,0.0,-1.61
2019-12-04,Capital Link Drybulk,CLDBI,744.57,744.57,744.57,744.57,0.0,0.78
2019-12-05,Capital Link Drybulk,CLDBI,740.14,740.14,740.14,740.14,0.0,-0.59
2019-12-06,Capital Link Drybulk,CLDBI,748.11,748.11,748.11,748.11,0.0,1.08
2019-12-09,Capital Link Drybulk,CLDBI,747.85,747.85,747.85,747.85,0.0,-0.03
2019-12-10,Capital Link Drybulk,CLDBI,767.56,767.56,767.56,767.56,0.0,2.64
2019-12-11,Capital Link Drybulk,CLDBI,762.11,762.11,762.11,762.11,0.0,-0.71
2019-12-12,Capital Link Drybulk,CLDBI,747.79,747.79,747.79,747.79,0.0,-1.88
2019-12-13,Capital Link Drybulk,CLDBI,742.57,742.57,742.57,742.57,0.0,-0.7
2019-12-16,Capital Link Drybulk,CLDBI,734.7,734.7,734.7,734.7,0.0,-1.06
2019-12-17,Capital Link Drybulk,CLDBI,725.8,725.8,725.8,725.8,0.0,-1.21
2019-12-18,Capital Link Drybulk,CLDBI,748.37,748.37,748.37,748.37,0.0,3.11
2019-12-19,Capital Link Drybulk,CLDBI,788.04,788.04,788.04,788.04,0.0,5.3
2019-12-20,Capital Link Drybulk,CLDBI,783.36,783.36,783.36,783.36,0.0,-0.59
2019-12-27,Capital Link Drybulk,CLDBI,795.75,795.75,795.75,795.75,0.0,-1.59
2019-12-30,Capital Link Drybulk,CLDBI,796.6,796.6,796.6,796.6,0.0,0.11
2019-12-31,Capital Link Drybulk,CLDBI,803.18,803.18,803.18,803.18,0.0,0.83
2020-01-02,Capital Link Drybulk,CLDBI,780.59,780.59,780.59,780.59,0.0,-2.81
2020-01-03,Capital Link Drybulk,CLDBI,759.95,759.95,759.95,759.95,0.0,-2.64
2020-01-06,Capital Link Drybulk,CLDBI,761.06,761.06,761.06,761.06,0.0,0.15
2020-01-07,Capital Link Drybulk,CLDBI,784.07,784.07,784.07,784.07,0.0,3.02
2020-01-08,Capital Link Drybulk,CLDBI,781.46,781.46,781.46,781.46,0.0,-0.33
2020-01-09,Capital Link Drybulk,CLDBI,772.24,772.24,772.24,772.24,0.0,-1.18
2020-01-10,Capital Link Drybulk,CLDBI,749.12,749.12,749.12,749.12,0.0,-2.99
2020-01-13,Capital Link Drybulk,CLDBI,731.83,731.83,731.83,731.83,0.0,-2.31
2020-01-14,Capital Link Drybulk,CLDBI,740.64,740.64,740.64,740.64,0.0,1.2
2020-01-15,Capital Link Drybulk,CLDBI,730.02,730.02,730.02,730.02,0.0,-1.43
2020-01-16,Capital Link Drybulk,CLDBI,723.41,723.41,723.41,723.41,0.0,-0.91
2020-01-17,Capital Link Drybulk,CLDBI,717.69,717.69,717.69,717.69,0.0,-0.79
2020-01-21,Capital Link Drybulk,CLDBI,694.28,694.28,694.28,694.28,0.0,-3.26
2020-01-22,Capital Link Drybulk,CLDBI,671.07,671.07,671.07,671.07,0.0,-3.34
2020-01-23,Capital Link Drybulk,CLDBI,647.37,647.37,647.37,647.37,0.0,-3.53
2020-01-24,Capital Link Drybulk,CLDBI,635.18,635.18,635.18,635.18,0.0,-1.88
2020-01-27,Capital Link Drybulk,CLDBI,591.83,591.83,591.83,591.83,0.0,-6.82
2020-01-28,Capital Link Drybulk,CLDBI,590.78,590.78,590.78,590.78,0.0,-0.18
2020-01-29,Capital Link Drybulk,CLDBI,599.61,599.61,599.61,599.61,0.0,1.49
2020-01-30,Capital Link Drybulk,CLDBI,580.26,580.26,580.26,580.26,0.0,-3.23
2020-01-31,Capital Link Drybulk,CLDBI,557.37,557.37,557.37,557.37,0.0,-3.94
2020-02-03,Capital Link Drybulk,CLDBI,550.43,550.43,550.43,550.43,0.0,-1.25
2020-02-04,Capital Link Drybulk,CLDBI,561.14,561.14,561.14,561.14,0.0,1.95
2020-02-05,Capital Link Drybulk,CLDBI,577.0,577.0,577.0,577.0,0.0,2.83
2020-02-06,Capital Link Drybulk,CLDBI,562.08,562.08,562.08,562.08,0.0,-2.59
2020-02-07,Capital Link Drybulk,CLDBI,542.27,542.27,542.27,542.27,0.0,-3.52
2020-02-10,Capital Link Drybulk,CLDBI,544.84,544.84,544.84,544.84,0.0,0.47
2020-02-11,Capital Link Drybulk,CLDBI,577.08,577.08,577.08,577.08,0.0,5.92
2020-02-12,Capital Link Drybulk,CLDBI,590.17,590.17,590.17,590.17,0.0,2.27
2020-02-13,Capital Link Drybulk,CLDBI,555.61,555.61,555.61,555.61,0.0,-5.86
2020-02-14,Capital Link Drybulk,CLDBI,561.54,561.54,561.54,561.54,0.0,1.07
2020-02-18,Capital Link Drybulk,CLDBI,550.6,550.6,550.6,550.6,0.0,-1.95
2020-02-19,Capital Link Drybulk,CLDBI,562.09,562.09,562.09,562.09,0.0,2.09
2020-02-20,Capital Link Drybulk,CLDBI,586.55,586.55,586.55,586.55,0.0,4.35
2020-02-21,Capital Link Drybulk,CLDBI,577.86,577.86,577.86,577.86,0.0,-1.48
2020-02-24,Capital Link Drybulk,CLDBI,537.08,537.08,537.08,537.08,0.0,-7.06
2020-02-25,Capital Link Drybulk,CLDBI,518.17,518.17,518.17,518.17,0.0,-3.52
2020-02-26,Capital Link Drybulk,CLDBI,513.15,513.15,513.15,513.15,0.0,-0.97
2020-02-27,Capital Link Drybulk,CLDBI,519.31,519.31,519.31,519.31,0.0,1.2
2020-02-28,Capital Link Drybulk,CLDBI,546.47,546.47,546.47,546.47,0.0,5.23
2020-03-02,Capital Link Drybulk,CLDBI,528.94,528.94,528.94,528.94,0.0,-3.21
2020-03-03,Capital Link Drybulk,CLDBI,527.78,527.78,527.78,527.78,0.0,-0.22
2020-03-04,Capital Link Drybulk,CLDBI,532.53,532.53,532.53,532.53,0.0,0.9
2020-03-05,Capital Link Drybulk,CLDBI,496.87,496.87,496.87,496.87,0.0,-6.7
2020-03-06,Capital Link Drybulk,CLDBI,506.32,506.32,506.32,506.32,0.0,1.9
2020-03-09,Capital Link Drybulk,CLDBI,435.64,435.64,435.64,435.64,0.0,-13.96
2020-03-10,Capital Link Drybulk,CLDBI,478.27,478.27,478.27,478.27,0.0,9.79
2020-03-11,Capital Link Drybulk,CLDBI,459.5,459.5,459.5,459.5,0.0,-3.92
2020-03-12,Capital Link Drybulk,CLDBI,419.89,419.89,419.89,419.89,0.0,-8.62
2020-03-13,Capital Link Drybulk,CLDBI,433.1,433.1,433.1,433.1,0.0,3.15
2020-03-16,Capital Link Drybulk,CLDBI,382.75,382.75,382.75,382.75,0.0,-11.63
2020-03-19,Capital Link Drybulk,CLDBI,369.98,369.98,369.98,369.98,0.0,-3.34
2020-03-20,Capital Link Drybulk,CLDBI,347.74,347.74,347.74,347.74,0.0,-6.01
2020-03-23,Capital Link Drybulk,CLDBI,324.8,324.8,324.8,324.8,0.0,-6.6
2020-03-24,Capital Link Drybulk,CLDBI,334.24,334.24,334.24,334.24,0.0,2.91
2020-03-25,Capital Link Drybulk,CLDBI,327.39,327.39,327.39,327.39,0.0,-2.05
2020-03-26,Capital Link Drybulk,CLDBI,360.86,360.86,360.86,360.86,0.0,10.22
2020-03-27,Capital Link Drybulk,CLDBI,352.34,352.34,352.34,352.34,0.0,-2.36
2020-03-30,Capital Link Drybulk,CLDBI,363.62,363.62,363.62,363.62,0.0,3.2
2020-03-31,Capital Link Drybulk,CLDBI,384.37,384.37,384.37,384.37,0.0,5.71
2020-04-01,Capital Link Drybulk,CLDBI,371.36,371.36,371.36,371.36,0.0,-3.38
2020-04-02,Capital Link Drybulk,CLDBI,362.03,362.03,362.03,362.03,0.0,-2.51
2020-04-03,Capital Link Drybulk,CLDBI,336.57,336.57,336.57,336.57,0.0,-7.03
2020-04-06,Capital Link Drybulk,CLDBI,369.44,369.44,369.44,369.44,0.0,9.77
2020-04-07,Capital Link Drybulk,CLDBI,494.94,494.94,494.94,494.94,0.0,33.97
2020-04-08,Capital Link Drybulk,CLDBI,478.77,478.77,478.77,478.77,0.0,-3.27
2020-04-09,Capital Link Drybulk,CLDBI,490.58,490.58,490.58,490.58,0.0,2.47
2020-04-13,Capital Link Drybulk,CLDBI,502.88,502.88,502.88,502.88,0.0,2.51
2020-04-14,Capital Link Drybulk,CLDBI,550.95,550.95,550.95,550.95,0.0,9.56
2020-04-15,Capital Link Drybulk,CLDBI,542.48,542.48,542.48,542.48,0.0,-1.54
2020-04-16,Capital Link Drybulk,CLDBI,544.32,544.32,544.32,544.32,0.0,0.34
2020-04-17,Capital Link Drybulk,CLDBI,550.83,550.83,550.83,550.83,0.0,1.2
2020-04-21,Capital Link Drybulk,CLDBI,512.24,512.24,512.24,512.24,0.0,-7.01
2020-04-22,Capital Link Drybulk,CLDBI,538.85,538.85,538.85,538.85,0.0,5.19
2020-04-23,Capital Link Drybulk,CLDBI,580.11,580.11,580.11,580.11,0.0,7.66
2020-04-24,Capital Link Drybulk,CLDBI,580.82,580.82,580.82,580.82,0.0,0.12
2020-04-27,Capital Link Drybulk,CLDBI,611.86,611.86,611.86,611.86,0.0,5.34
2020-04-28,Capital Link Drybulk,CLDBI,625.59,625.59,625.59,625.59,0.0,2.24
2020-04-29,Capital Link Drybulk,CLDBI,589.72,589.72,589.72,589.72,0.0,-5.73
2020-04-30,Capital Link Drybulk,CLDBI,589.65,589.65,589.65,589.65,0.0,-0.01
2020-05-04,Capital Link Drybulk,CLDBI,543.93,543.93,543.93,543.93,0.0,-1.87
2020-05-05,Capital Link Drybulk,CLDBI,501.18,501.18,501.18,501.18,0.0,-7.86
2020-05-06,Capital Link Drybulk,CLDBI,453.09,453.09,453.09,453.09,0.0,-9.6
2020-05-07,Capital Link Drybulk,CLDBI,456.55,456.55,456.55,456.55,0.0,0.76
2020-05-08,Capital Link Drybulk,CLDBI,475.13,475.13,475.13,475.13,0.0,4.07
2020-05-11,Capital Link Drybulk,CLDBI,435.9,435.9,435.9,435.9,0.0,-8.26
2020-05-12,Capital Link Drybulk,CLDBI,402.48,402.48,402.48,402.48,0.0,-7.67
2020-05-13,Capital Link Drybulk,CLDBI,375.36,375.36,375.36,375.36,0.0,-6.74
2020-05-14,Capital Link Drybulk,CLDBI,382.12,382.12,382.12,382.12,0.0,1.8
2020-05-15,Capital Link Drybulk,CLDBI,388.45,388.45,388.45,388.45,0.0,1.66
2020-05-18,Capital Link Drybulk,CLDBI,422.19,422.19,422.19,422.19,0.0,8.69
2020-05-19,Capital Link Drybulk,CLDBI,418.0,418.0,418.0,418.0,0.0,-0.99
2020-05-20,Capital Link Drybulk,CLDBI,441.94,441.94,441.94,441.94,0.0,5.73
2020-05-21,Capital Link Drybulk,CLDBI,441.66,441.66,441.66,441.66,0.0,-0.06
2020-05-22,Capital Link Drybulk,CLDBI,437.84,437.84,437.84,437.84,0.0,-0.86
2020-05-26,Capital Link Drybulk,CLDBI,449.48,449.48,449.48,449.48,0.0,2.66
2020-05-27,Capital Link Drybulk,CLDBI,458.27,458.27,458.27,458.27,0.0,1.96
2020-05-28,Capital Link Drybulk,CLDBI,444.72,444.72,444.72,444.72,0.0,-2.96
2020-05-29,Capital Link Drybulk,CLDBI,440.28,440.28,440.28,440.28,0.0,-1.0
2020-06-01,Capital Link Drybulk,CLDBI,453.12,453.12,453.12,453.12,0.0,2.92
2020-06-02,Capital Link Drybulk,CLDBI,467.78,467.78,467.78,467.78,0.0,3.24
2020-06-03,Capital Link Drybulk,CLDBI,527.21,527.21,527.21,527.21,0.0,12.7
2020-06-04,Capital Link Drybulk,CLDBI,544.71,544.71,544.71,544.71,0.0,3.32
2020-06-05,Capital Link Drybulk,CLDBI,585.98,585.98,585.98,585.98,0.0,7.58
2020-06-08,Capital Link Drybulk,CLDBI,610.31,610.31,610.31,610.31,0.0,4.15
2020-06-09,Capital Link Drybulk,CLDBI,562.41,562.41,562.41,562.41,0.0,-7.85
2020-06-10,Capital Link Drybulk,CLDBI,538.82,538.82,538.82,538.82,0.0,-4.19
2020-06-11,Capital Link Drybulk,CLDBI,527.33,527.33,527.33,527.33,0.0,-2.13
2020-06-12,Capital Link Drybulk,CLDBI,561.26,561.26,561.26,561.26,0.0,6.43
2020-06-15,Capital Link Drybulk,CLDBI,569.78,569.78,569.78,569.78,0.0,1.52
2020-06-16,Capital Link Drybulk,CLDBI,584.76,584.76,584.76,584.76,0.0,2.63
2020-06-17,Capital Link Drybulk,CLDBI,595.76,595.76,595.76,595.76,0.0,1.88
2020-06-18,Capital Link Drybulk,CLDBI,632.48,632.48,632.48,632.48,0.0,6.16
2020-06-19,Capital Link Drybulk,CLDBI,604.76,604.76,604.76,604.76,0.0,-4.38
2020-06-22,Capital Link Drybulk,CLDBI,589.08,589.08,589.08,589.08,0.0,-2.59
2020-06-23,Capital Link Drybulk,CLDBI,589.62,589.62,589.62,589.62,0.0,0.09
2020-06-24,Capital Link Drybulk,CLDBI,550.45,550.45,550.45,550.45,0.0,-6.64
2020-06-25,Capital Link Drybulk,CLDBI,545.11,545.11,545.11,545.11,0.0,-0.97
2020-06-26,Capital Link Drybulk,CLDBI,515.91,515.91,515.91,515.91,0.0,-5.36
2020-06-29,Capital Link Drybulk,CLDBI,544.93,544.93,544.93,544.93,0.0,5.63
2020-06-30,Capital Link Drybulk,CLDBI,536.78,536.78,536.78,536.78,0.0,-1.5
2020-07-01,Capital Link Drybulk,CLDBI,535.84,535.84,535.84,535.84,0.0,-0.18
2020-07-02,Capital Link Drybulk,CLDBI,534.66,534.66,534.66,534.66,0.0,-0.22
2020-07-06,Capital Link Drybulk,CLDBI,573.76,573.76,573.76,573.76,0.0,7.31
2020-07-07,Capital Link Drybulk,CLDBI,547.3,547.3,547.3,547.3,0.0,-4.61
2020-07-08,Capital Link Drybulk,CLDBI,542.94,542.94,542.94,542.94,0.0,-0.8
2020-07-09,Capital Link Drybulk,CLDBI,510.42,510.42,510.42,510.42,0.0,-5.99
2020-07-10,Capital Link Drybulk,CLDBI,510.38,510.38,510.38,510.38,0.0,-0.01
2020-07-13,Capital Link Drybulk,CLDBI,494.41,494.41,494.41,494.41,0.0,-3.13
2020-07-14,Capital Link Drybulk,CLDBI,496.75,496.75,496.75,496.75,0.0,0.47
2020-07-15,Capital Link Drybulk,CLDBI,505.84,505.84,505.84,505.84,0.0,1.83
2020-07-16,Capital Link Drybulk,CLDBI,516.36,516.36,516.36,516.36,0.0,2.08
2020-07-17,Capital Link Drybulk,CLDBI,517.05,517.05,517.05,517.05,0.0,0.13
2020-07-20,Capital Link Drybulk,CLDBI,502.53,502.53,502.53,502.53,0.0,-2.81
2020-07-21,Capital Link Drybulk,CLDBI,501.27,501.27,501.27,501.27,0.0,-0.25
2020-07-22,Capital Link Drybulk,CLDBI,481.45,481.45,481.45,481.45,0.0,-3.95
2020-07-23,Capital Link Drybulk,CLDBI,484.17,484.17,484.17,484.17,0.0,0.56
2020-07-24,Capital Link Drybulk,CLDBI,496.04,496.04,496.04,496.04,0.0,2.45
2020-07-27,Capital Link Drybulk,CLDBI,510.15,510.15,510.15,510.15,0.0,2.84
2020-07-28,Capital Link Drybulk,CLDBI,505.79,505.79,505.79,505.79,0.0,-0.85
2020-07-29,Capital Link Drybulk,CLDBI,548.22,548.22,548.22,548.22,0.0,8.39
2020-07-30,Capital Link Drybulk,CLDBI,540.23,540.23,540.23,540.23,0.0,-1.46
2020-07-31,Capital Link Drybulk,CLDBI,531.32,531.32,531.32,531.32,0.0,-1.65
2020-08-03,Capital Link Drybulk,CLDBI,533.77,533.77,533.77,533.77,0.0,0.46
2020-08-04,Capital Link Drybulk,CLDBI,515.66,515.66,515.66,515.66,0.0,-3.39
2020-08-05,Capital Link Drybulk,CLDBI,516.94,516.94,516.94,516.94,0.0,0.25
2020-08-07,Capital Link Drybulk,CLDBI,516.14,516.14,516.14,516.14,0.0,-0.15
2020-08-10,Capital Link Drybulk,CLDBI,525.2,525.2,525.2,525.2,0.0,1.76
2020-08-11,Capital Link Drybulk,CLDBI,553.99,553.99,553.99,553.99,0.0,5.48
2020-08-12,Capital Link Drybulk,CLDBI,561.37,561.37,561.37,561.37,0.0,1.33
2020-08-13,Capital Link Drybulk,CLDBI,561.08,561.08,561.08,561.08,0.0,-0.05
2020-08-14,Capital Link Drybulk,CLDBI,575.02,575.02,575.02,575.02,0.0,2.48
2020-08-17,Capital Link Drybulk,CLDBI,581.37,581.37,581.37,581.37,0.0,1.1
2020-08-18,Capital Link Drybulk,CLDBI,573.59,573.59,573.59,573.59,0.0,-1.34
2020-08-19,Capital Link Drybulk,CLDBI,553.78,553.78,553.78,553.78,0.0,-3.45
2020-08-20,Capital Link Drybulk,CLDBI,540.05,540.05,540.05,540.05,0.0,-2.48
2020-08-21,Capital Link Drybulk,CLDBI,525.89,525.89,525.89,525.89,0.0,-2.62
2020-08-24,Capital Link Drybulk,CLDBI,538.56,538.56,538.56,538.56,0.0,2.41
2020-08-25,Capital Link Drybulk,CLDBI,548.24,548.24,548.24,548.24,0.0,1.8
2020-08-26,Capital Link Drybulk,CLDBI,540.12,540.12,540.12,540.12,0.0,-1.48
2020-08-27,Capital Link Drybulk,CLDBI,520.8,520.8,520.8,520.8,0.0,-3.58
2020-08-28,Capital Link Drybulk,CLDBI,542.28,542.28,542.28,542.28,0.0,4.12
2020-08-31,Capital Link Drybulk,CLDBI,534.01,534.01,534.01,534.01,0.0,-1.53
2020-09-01,Capital Link Drybulk,CLDBI,517.13,517.13,517.13,517.13,0.0,-3.16
2020-09-02,Capital Link Drybulk,CLDBI,496.97,496.97,496.97,496.97,0.0,-3.9
2020-09-03,Capital Link Drybulk,CLDBI,478.07,478.07,478.07,478.07,0.0,-3.8
2020-09-04,Capital Link Drybulk,CLDBI,493.47,493.47,493.47,493.47,0.0,3.22
2020-09-08,Capital Link Drybulk,CLDBI,485.57,485.57,485.57,485.57,0.0,-1.6
2020-09-09,Capital Link Drybulk,CLDBI,618.34,618.34,618.34,618.34,0.0,27.34
2020-09-10,Capital Link Drybulk,CLDBI,625.91,625.91,625.91,625.91,0.0,1.22
2020-09-11,Capital Link Drybulk,CLDBI,635.33,635.33,635.33,635.33,0.0,1.51
2020-09-14,Capital Link Drybulk,CLDBI,645.39,645.39,645.39,645.39,0.0,1.58
2020-09-15,Capital Link Drybulk,CLDBI,631.77,631.77,631.77,631.77,0.0,-2.11
2020-09-16,Capital Link Drybulk,CLDBI,653.6,653.6,653.6,653.6,0.0,3.4554
2020-09-17,Capital Link Drybulk,CLDBI,674.46,674.46,674.46,674.46,0.0,3.1916
2020-09-18,Capital Link Drybulk,CLDBI,713.08,713.08,713.08,713.08,0.0,5.7261
2020-09-21,Capital Link Drybulk,CLDBI,639.23,639.23,639.23,639.23,0.0,-10.3565
2020-09-22,Capital Link Drybulk,CLDBI,591.99,591.99,591.99,591.99,0.0,-7.3901
2020-09-23,Capital Link Drybulk,CLDBI,584.02,584.02,584.02,584.02,0.0,-1.3463
2020-09-24,Capital Link Drybulk,CLDBI,602.71,602.71,602.71,602.71,0.0,3.2002
2020-09-25,Capital Link Drybulk,CLDBI,611.32,611.32,611.32,611.32,0.0,1.4285
2020-09-28,Capital Link Drybulk,CLDBI,616.35,616.35,616.35,616.35,0.0,0.8228
2020-09-29,Capital Link Drybulk,CLDBI,617.3,617.3,617.3,617.3,0.0,0.1541
2020-09-30,Capital Link Drybulk,CLDBI,626.55,626.55,626.55,626.55,0.0,1.4985
2020-10-01,Capital Link Drybulk,CLDBI,652.33,652.33,652.33,652.33,0.0,4.1146
2020-10-02,Capital Link Drybulk,CLDBI,684.0,684.0,684.0,684.0,0.0,4.8549
2020-10-05,Capital Link Drybulk,CLDBI,711.39,711.39,711.39,711.39,0.0,4.0044
2020-10-06,Capital Link Drybulk,CLDBI,690.88,690.88,690.88,690.88,0.0,-2.8831
2020-10-07,Capital Link Drybulk,CLDBI,668.14,668.14,668.14,668.14,0.0,-3.2915
2020-10-08,Capital Link Drybulk,CLDBI,681.62,681.62,681.62,681.62,0.0,2.0175
2020-10-09,Capital Link Drybulk,CLDBI,672.52,672.52,672.52,672.52,0.0,-1.3351
2020-10-12,Capital Link Drybulk,CLDBI,659.37,659.37,659.37,659.37,0.0,-1.9553
2020-10-13,Capital Link Drybulk,CLDBI,636.07,636.07,636.07,636.07,0.0,-3.5337
2020-10-14,Capital Link Drybulk,CLDBI,644.89,644.89,644.89,644.89,0.0,1.3866
2020-10-15,Capital Link Drybulk,CLDBI,668.25,668.25,668.25,668.25,0.0,3.6223
2020-10-16,Capital Link Drybulk,CLDBI,646.78,646.78,646.78,646.78,0.0,-3.2129
2020-10-19,Capital Link Drybulk,CLDBI,624.64,624.64,624.64,624.64,0.0,-3.4231
2020-10-20,Capital Link Drybulk,CLDBI,646.94,646.94,646.94,646.94,0.0,3.5701
2020-10-21,Capital Link Drybulk,CLDBI,655.69,655.69,655.69,655.69,0.0,1.3525
2020-10-22,Capital Link Drybulk,CLDBI,656.97,656.97,656.97,656.97,0.0,0.1952
2020-10-23,Capital Link Drybulk,CLDBI,655.65,655.65,655.65,655.65,0.0,-0.2009
2020-10-25,Capital Link Drybulk,CLDBI,642.89,642.89,642.89,642.89,0.0,-1.9462
2020-10-26,Capital Link Drybulk,CLDBI,622.56,622.56,622.56,622.56,0.0,-3.1623
2020-10-27,Capital Link Drybulk,CLDBI,563.65,563.65,563.65,563.65,0.0,-9.4625
2020-10-28,Capital Link Drybulk,CLDBI,558.56,558.56,558.56,558.56,0.0,-0.903
2020-10-29,Capital Link Drybulk,CLDBI,546.83,546.83,546.83,546.83,0.0,-2.1
2020-11-01,Capital Link Drybulk,CLDBI,552.2,552.2,552.2,552.2,0.0,0.982
2020-11-02,Capital Link Drybulk,CLDBI,569.85,569.85,569.85,569.85,0.0,3.1963
2020-11-03,Capital Link Drybulk,CLDBI,567.78,567.78,567.78,567.78,0.0,-0.3633
2020-11-04,Capital Link Drybulk,CLDBI,574.99,574.99,574.99,574.99,0.0,1.2699
2020-11-05,Capital Link Drybulk,CLDBI,580.01,580.01,580.01,580.01,0.0,0.8731
2020-11-08,Capital Link Drybulk,CLDBI,612.85,612.85,612.85,612.85,0.0,5.662
2020-11-09,Capital Link Drybulk,CLDBI,622.1,622.1,622.1,622.1,0.0,1.5093
2020-11-10,Capital Link Drybulk,CLDBI,619.23,619.23,619.23,619.23,0.0,-0.4613
2020-11-11,Capital Link Drybulk,CLDBI,613.55,613.55,613.55,613.55,0.0,-0.9173
2020-11-12,Capital Link Drybulk,CLDBI,622.24,622.24,622.24,622.24,0.0,1.4163
2020-11-15,Capital Link Drybulk,CLDBI,645.29,645.29,645.29,645.29,0.0,3.7044
2020-11-16,Capital Link Drybulk,CLDBI,638.84,638.84,638.84,638.84,0.0,-0.9996
2020-11-17,Capital Link Drybulk,CLDBI,654.51,654.51,654.51,654.51,0.0,2.4529
2020-11-18,Capital Link Drybulk,CLDBI,668.36,668.36,668.36,668.36,0.0,2.1161
2020-11-19,Capital Link Drybulk,CLDBI,667.73,667.73,667.73,667.73,0.0,-0.0943
2020-11-22,Capital Link Drybulk,CLDBI,707.79,707.79,707.79,707.79,0.0,5.9994
2020-11-23,Capital Link Drybulk,CLDBI,712.84,712.84,712.84,712.84,0.0,0.7135
2020-11-24,Capital Link Drybulk,CLDBI,725.34,725.34,725.34,725.34,0.0,1.7535
2020-11-26,Capital Link Drybulk,CLDBI,743.66,743.66,743.66,743.66,0.0,2.5257
2020-11-29,Capital Link Drybulk,CLDBI,742.63,742.63,742.63,742.63,0.0,-0.1385
2020-11-30,Capital Link Drybulk,CLDBI,714.25,714.25,714.25,714.25,0.0,-3.8216
2020-12-01,Capital Link Drybulk,CLDBI,709.61,709.61,709.61,709.61,0.0,-0.6496
2020-12-02,Capital Link Drybulk,CLDBI,735.38,735.38,735.38,735.38,0.0,3.6316
2020-12-03,Capital Link Drybulk,CLDBI,772.88,772.88,772.88,772.88,0.0,5.0994
2020-12-06,Capital Link Drybulk,CLDBI,741.65,741.65,741.65,741.65,0.0,-4.0407
2020-12-07,Capital Link Drybulk,CLDBI,740.95,740.95,740.95,740.95,0.0,-0.0944
2020-12-08,Capital Link Drybulk,CLDBI,736.97,736.97,736.97,736.97,0.0,-0.5371
2020-12-09,Capital Link Drybulk,CLDBI,757.9,757.9,757.9,757.9,0.0,2.84
2020-12-10,Capital Link Drybulk,CLDBI,738.32,738.32,738.32,738.32,0.0,-2.5835
2020-12-13,Capital Link Drybulk,CLDBI,733.38,733.38,733.38,733.38,0.0,-0.6691
2020-12-14,Capital Link Drybulk,CLDBI,740.03,740.03,740.03,740.03,0.0,0.9068
2020-12-15,Capital Link Drybulk,CLDBI,736.81,736.81,736.81,736.81,0.0,-0.4351
2020-12-16,Capital Link Drybulk,CLDBI,748.73,748.73,748.73,748.73,0.0,1.6178
2020-12-17,Capital Link Drybulk,CLDBI,746.59,746.59,746.59,746.59,0.0,-0.2858
2020-12-20,Capital Link Drybulk,CLDBI,736.52,736.52,736.52,736.52,0.0,-1.3488
2020-12-21,Capital Link Drybulk,CLDBI,743.45,743.45,743.45,743.45,0.0,0.9409
2020-12-22,Capital Link Drybulk,CLDBI,758.84,758.84,758.84,758.84,0.0,2.0701
2020-12-23,Capital Link Drybulk,CLDBI,767.29,767.29,767.29,767.29,0.0,1.1135
2020-12-27,Capital Link Drybulk,CLDBI,757.0,757.0,757.0,757.0,0.0,-1.3411
2020-12-28,Capital Link Drybulk,CLDBI,751.81,751.81,751.81,751.81,0.0,-0.6856
2020-12-29,Capital Link Drybulk,CLDBI,761.2,761.2,761.2,761.2,0.0,1.249
2020-12-30,Capital Link Drybulk,CLDBI,773.89,773.89,773.89,773.89,0.0,1.6671
2021-01-03,Capital Link Drybulk,CLDBI,790.24,790.24,790.24,790.24,0.0,2.1127
2021-01-04,Capital Link Drybulk,CLDBI,807.63,807.63,807.63,807.63,0.0,2.2006
2021-01-05,Capital Link Drybulk,CLDBI,804.2,804.2,804.2,804.2,0.0,-0.4247
2021-01-06,Capital Link Drybulk,CLDBI,844.88,844.88,844.88,844.88,0.0,5.0584
2021-01-07,Capital Link Drybulk,CLDBI,909.06,909.06,909.06,909.06,0.0,7.5963
2021-01-10,Capital Link Drybulk,CLDBI,910.01,910.01,910.01,910.01,0.0,0.1045
2021-01-11,Capital Link Drybulk,CLDBI,931.91,931.91,931.91,931.91,0.0,2.4066
2021-01-12,Capital Link Drybulk,CLDBI,918.33,918.33,918.33,918.33,0.0,-1.4572
2021-01-13,Capital Link Drybulk,CLDBI,965.38,965.38,965.38,965.38,0.0,5.1234
2021-01-14,Capital Link Drybulk,CLDBI,932.19,932.19,932.19,932.19,0.0,-3.438
2021-01-18,Capital Link Drybulk,CLDBI,937.54,937.54,937.54,937.54,0.0,0.5739
2021-01-19,Capital Link Drybulk,CLDBI,917.75,917.75,917.75,917.75,0.0,-2.1108
2021-01-20,Capital Link Drybulk,CLDBI,896.06,896.06,896.06,896.06,0.0,-2.3634
2021-01-21,Capital Link Drybulk,CLDBI,886.2,886.2,886.2,886.2,0.0,-1.1004
2021-01-24,Capital Link Drybulk,CLDBI,855.9,855.9,855.9,855.9,0.0,-3.4191
2021-01-25,Capital Link Drybulk,CLDBI,821.36,821.36,821.36,821.36,0.0,-4.0355
2021-01-26,Capital Link Drybulk,CLDBI,783.02,783.02,783.02,783.02,0.0,-4.6679
2021-01-27,Capital Link Drybulk,CLDBI,773.02,773.02,773.02,773.02,0.0,-1.2771
2021-01-28,Capital Link Drybulk,CLDBI,791.36,791.36,791.36,791.36,0.0,2.3725
2021-01-31,Capital Link Drybulk,CLDBI,811.14,811.14,811.14,811.14,0.0,2.4995
2021-02-01,Capital Link Drybulk,CLDBI,810.44,810.44,810.44,810.44,0.0,-0.0863
2021-02-02,Capital Link Drybulk,CLDBI,842.98,842.98,842.98,842.98,0.0,4.0151
2021-02-03,Capital Link Drybulk,CLDBI,844.34,844.34,844.34,844.34,0.0,0.1613
2021-02-04,Capital Link Drybulk,CLDBI,895.12,895.12,895.12,895.12,0.0,6.0142
2021-02-07,Capital Link Drybulk,CLDBI,900.91,900.91,900.91,900.91,0.0,0.6468
2021-02-08,Capital Link Drybulk,CLDBI,921.85,921.85,921.85,921.85,0.0,2.3243
2021-02-09,Capital Link Drybulk,CLDBI,928.73,928.73,928.73,928.73,0.0,0.7463
2021-02-10,Capital Link Drybulk,CLDBI,956.49,956.49,956.49,956.49,0.0,2.989
2021-02-11,Capital Link Drybulk,CLDBI,1009.43,1009.43,1009.43,1009.43,0.0,5.5348
2021-02-15,Capital Link Drybulk,CLDBI,1064.65,1064.65,1064.65,1064.65,0.0,5.4704
2021-02-16,Capital Link Drybulk,CLDBI,1041.97,1041.97,1041.97,1041.97,0.0,-2.1303
2021-02-17,Capital Link Drybulk,CLDBI,1012.1,1012.1,1012.1,1012.1,0.0,-2.8667
2021-02-18,Capital Link Drybulk,CLDBI,1026.87,1026.87,1026.87,1026.87,0.0,1.4593
2021-02-21,Capital Link Drybulk,CLDBI,1031.84,1031.84,1031.84,1031.84,0.0,0.484
2021-02-22,Capital Link Drybulk,CLDBI,995.55,995.55,995.55,995.55,0.0,-3.517
2021-02-23,Capital Link Drybulk,CLDBI,1063.39,1063.39,1063.39,1063.39,0.0,6.8143
2021-02-24,Capital Link Drybulk,CLDBI,1062.75,1062.75,1062.75,1062.75,0.0,-0.0602
2021-02-25,Capital Link Drybulk,CLDBI,1021.67,1021.67,1021.67,1021.67,0.0,-3.8654
2021-02-28,Capital Link Drybulk,CLDBI,1015.24,1015.24,1015.24,1015.24,0.0,-0.6294
2021-03-01,Capital Link Drybulk,CLDBI,1029.9,1029.9,1029.9,1029.9,0.0,1.444
2021-03-02,Capital Link Drybulk,CLDBI,1069.72,1069.72,1069.72,1069.72,0.0,3.8664
2021-03-03,Capital Link Drybulk,CLDBI,1042.24,1042.24,1042.24,1042.24,0.0,-2.5689
2021-03-04,Capital Link Drybulk,CLDBI,1091.09,1091.09,1091.09,1091.09,0.0,4.687
2021-03-07,Capital Link Drybulk,CLDBI,1104.2,1104.2,1104.2,1104.2,0.0,1.2016
2021-03-08,Capital Link Drybulk,CLDBI,1110.56,1110.56,1110.56,1110.56,0.0,0.576
2021-03-09,Capital Link Drybulk,CLDBI,1174.21,1174.21,1174.21,1174.21,0.0,5.7313
2021-03-10,Capital Link Drybulk,CLDBI,1246.89,1246.89,1246.89,1246.89,0.0,6.1897
2021-03-11,Capital Link Drybulk,CLDBI,1255.61,1255.61,1255.61,1255.61,0.0,0.6993
2021-03-14,Capital Link Drybulk,CLDBI,1289.92,1289.92,1289.92,1289.92,0.0,2.7325
2021-03-15,Capital Link Drybulk,CLDBI,1223.34,1223.34,1223.34,1223.34,0.0,-5.1616
2021-03-16,Capital Link Drybulk,CLDBI,1275.51,1275.51,1275.51,1275.51,0.0,4.2646
2021-03-17,Capital Link Drybulk,CLDBI,1276.18,1276.18,1276.18,1276.18,0.0,0.0525
2021-03-18,Capital Link Drybulk,CLDBI,1331.2,1331.2,1331.2,1331.2,0.0,4.3113
2021-03-21,Capital Link Drybulk,CLDBI,1345.39,1345.39,1345.39,1345.39,0.0,1.066
2021-03-22,Capital Link Drybulk,CLDBI,1189.72,1189.72,1189.72,1189.72,0.0,-11.5706
2021-03-23,Capital Link Drybulk,CLDBI,1159.12,1159.12,1159.12,1159.12,0.0,-2.572
2021-03-24,Capital Link Drybulk,CLDBI,1263.06,1263.06,1263.06,1263.06,0.0,8.9671
2021-03-25,Capital Link Drybulk,CLDBI,1252.6,1252.6,1252.6,1252.6,0.0,-0.8281
2021-03-29,Capital Link Drybulk,CLDBI,1203.63,1203.63,1203.63,1203.63,0.0,-3.9095
2021-03-30,Capital Link Drybulk,CLDBI,1212.57,1212.57,1212.57,1212.57,0.0,0.7428
2021-03-31,Capital Link Drybulk,CLDBI,1205.08,1205.08,1205.08,1205.08,0.0,-0.6177
2021-04-01,Capital Link Drybulk,CLDBI,1161.5,1161.5,1161.5,1161.5,0.0,-3.6164
2021-04-05,Capital Link Drybulk,CLDBI,1127.7,1127.7,1127.7,1127.7,0.0,-2.91
2021-04-06,Capital Link Drybulk,CLDBI,1202.19,1202.19,1202.19,1202.19,0.0,6.6055
2021-04-07,Capital Link Drybulk,CLDBI,1244.6,1244.6,1244.6,1244.6,0.0,3.5277
2021-04-08,Capital Link Drybulk,CLDBI,1277.02,1277.02,1277.02,1277.02,0.0,2.6049
2021-04-09,Capital Link Drybulk,CLDBI,1269.6,1269.6,1269.6,1269.6,0.0,-0.581
2021-04-12,Capital Link Drybulk,CLDBI,1259.01,1259.01,1259.01,1259.01,0.0,-0.8341
2021-04-13,Capital Link Drybulk,CLDBI,1241.31,1241.31,1241.31,1241.31,0.0,-1.4059
2021-04-14,Capital Link Drybulk,CLDBI,1277.41,1277.41,1277.41,1277.41,0.0,2.9082
2021-04-15,Capital Link Drybulk,CLDBI,1274.88,1274.88,1274.88,1274.88,0.0,-0.1981
2021-04-16,Capital Link Drybulk,CLDBI,1308.84,1308.84,1308.84,1308.84,0.0,2.6638
2021-04-19,Capital Link Drybulk,CLDBI,1414.02,1414.02,1414.02,1414.02,0.0,8.0361
2021-04-20,Capital Link Drybulk,CLDBI,1356.47,1356.47,1356.47,1356.47,0.0,-4.07
2021-04-21,Capital Link Drybulk,CLDBI,1488.0,1488.0,1488.0,1488.0,0.0,9.6965
2021-04-22,Capital Link Drybulk,CLDBI,1464.76,1464.76,1464.76,1464.76,0.0,-1.5618
2021-04-23,Capital Link Drybulk,CLDBI,1515.18,1515.18,1515.18,1515.18,0.0,3.4422
2021-04-26,Capital Link Drybulk,CLDBI,1564.3,1564.3,1564.3,1564.3,0.0,3.2419
2021-04-27,Capital Link Drybulk,CLDBI,1564.49,1564.49,1564.49,1564.49,0.0,0.0121
2021-04-28,Capital Link Drybulk,CLDBI,1576.94,1576.94,1576.94,1576.94,0.0,0.7958
2021-04-29,Capital Link Drybulk,CLDBI,1532.44,1532.44,1532.44,1532.44,0.0,-2.8219
2021-04-30,Capital Link Drybulk,CLDBI,1554.77,1554.77,1554.77,1554.77,0.0,1.4572
2021-05-03,Capital Link Drybulk,CLDBI,1687.47,1687.47,1687.47,1687.47,0.0,8.535
2021-05-04,Capital Link Drybulk,CLDBI,1643.7,1643.7,1643.7,1643.7,0.0,-2.5938
2021-05-05,Capital Link Drybulk,CLDBI,1628.17,1628.17,1628.17,1628.17,0.0,-0.9448
2021-05-06,Capital Link Drybulk,CLDBI,1625.67,1625.67,1625.67,1625.67,0.0,-0.1535
2021-05-07,Capital Link Drybulk,CLDBI,1736.58,1736.58,1736.58,1736.58,0.0,6.8224
2021-05-10,Capital Link Drybulk,CLDBI,1727.63,1727.63,1727.63,1727.63,0.0,-0.5154
2021-05-11,Capital Link Drybulk,CLDBI,1727.7,1727.7,1727.7,1727.7,0.0,0.0041
2021-05-12,Capital Link Drybulk,CLDBI,1605.16,1605.16,1605.16,1605.16,0.0,-7.0927
2021-05-13,Capital Link Drybulk,CLDBI,1607.23,1607.23,1607.23,1607.23,0.0,0.129
2021-05-14,Capital Link Drybulk,CLDBI,1644.1,1644.1,1644.1,1644.1,0.0,2.294
2021-05-17,Capital Link Drybulk,CLDBI,1624.79,1624.79,1624.79,1624.79,0.0,-1.1745
2021-05-18,Capital Link Drybulk,CLDBI,1738.89,1738.89,1738.89,1738.89,0.0,7.0224
2021-05-19,Capital Link Drybulk,CLDBI,1747.34,1747.34,1747.34,1747.34,0.0,0.4859
2021-05-20,Capital Link Drybulk,CLDBI,1720.45,1720.45,1720.45,1720.45,0.0,-1.5389
2021-05-21,Capital Link Drybulk,CLDBI,1746.85,1746.85,1746.85,1746.85,0.0,1.5345
2021-05-24,Capital Link Drybulk,CLDBI,1752.19,1752.19,1752.19,1752.19,0.0,0.3057
2021-05-25,Capital Link Drybulk,CLDBI,1621.08,1621.08,1621.08,1621.08,0.0,-7.4826
2021-05-26,Capital Link Drybulk,CLDBI,1581.09,1581.09,1581.09,1581.09,0.0,-2.4669
2021-05-27,Capital Link Drybulk,CLDBI,1577.85,1577.85,1577.85,1577.85,0.0,-0.2049
2021-05-28,Capital Link Drybulk,CLDBI,1586.85,1586.85,1586.85,1586.85,0.0,0.5704
2021-06-01,Capital Link Drybulk,CLDBI,1644.72,1644.72,1644.72,1644.72,0.0,3.6468
2021-06-02,Capital Link Drybulk,CLDBI,1586.59,1586.59,1586.59,1586.59,0.0,-3.5343
2021-06-03,Capital Link Drybulk,CLDBI,1543.86,1543.86,1543.86,1543.86,0.0,-2.6932
2021-06-04,Capital Link Drybulk,CLDBI,1542.95,1542.95,1542.95,1542.95,0.0,-0.0589
2021-06-07,Capital Link Drybulk,CLDBI,1617.04,1617.04,1617.04,1617.04,0.0,4.8018
2021-06-08,Capital Link Drybulk,CLDBI,1629.83,1629.83,1629.83,1629.83,0.0,0.791
2021-06-09,Capital Link Drybulk,CLDBI,1668.23,1668.23,1668.23,1668.23,0.0,2.3561
2021-06-10,Capital Link Drybulk,CLDBI,1703.48,1703.48,1703.48,1703.48,0.0,2.113
2021-06-11,Capital Link Drybulk,CLDBI,1770.15,1770.15,1770.15,1770.15,0.0,3.9138
2021-06-14,Capital Link Drybulk,CLDBI,1721.28,1721.28,1721.28,1721.28,0.0,-2.7608
2021-06-15,Capital Link Drybulk,CLDBI,1766.78,1766.78,1766.78,1766.78,0.0,2.6434
2021-06-16,Capital Link Drybulk,CLDBI,1860.43,1860.43,1860.43,1860.43,0.0,5.3006
2021-06-17,Capital Link Drybulk,CLDBI,1766.7,1766.7,1766.7,1766.7,0.0,-5.0381
2021-06-18,Capital Link Drybulk,CLDBI,1723.56,1723.56,1723.56,1723.56,0.0,-2.4418
2021-06-21,Capital Link Drybulk,CLDBI,1771.27,1771.27,1771.27,1771.27,0.0,2.7681
2021-06-22,Capital Link Drybulk,CLDBI,1822.64,1822.64,1822.64,1822.64,0.0,2.9002
2021-06-23,Capital Link Drybulk,CLDBI,1810.5,1810.5,1810.5,1810.5,0.0,-0.6661
2021-06-24,Capital Link Drybulk,CLDBI,1876.54,1876.54,1876.54,1876.54,0.0,3.6476
2021-06-25,Capital Link Drybulk,CLDBI,1861.27,1861.27,1861.27,1861.27,0.0,-0.8137
2021-06-28,Capital Link Drybulk,CLDBI,1788.5,1788.5,1788.5,1788.5,0.0,-3.9097
2021-06-29,Capital Link Drybulk,CLDBI,1781.69,1781.69,1781.69,1781.69,0.0,-0.3808
2021-06-30,Capital Link Drybulk,CLDBI,1794.81,1794.81,1794.81,1794.81,0.0,0.7364
2021-07-01,Capital Link Drybulk,CLDBI,1678.54,1678.54,1678.54,1678.54,0.0,-6.4781
2021-07-02,Capital Link Drybulk,CLDBI,1632.2,1632.2,1632.2,1632.2,0.0,-2.7607
2021-07-06,Capital Link Drybulk,CLDBI,1629.36,1629.36,1629.36,1629.36,0.0,-0.174
2021-07-07,Capital Link Drybulk,CLDBI,1628.21,1628.21,1628.21,1628.21,0.0,-0.0706
2021-07-08,Capital Link Drybulk,CLDBI,1577.96,1577.96,1577.96,1577.96,0.0,-3.0862
2021-07-09,Capital Link Drybulk,CLDBI,1620.63,1620.63,1620.63,1620.63,0.0,2.7041
2021-07-12,Capital Link Drybulk,CLDBI,1627.82,1627.82,1627.82,1627.82,0.0,0.4437
2021-07-13,Capital Link Drybulk,CLDBI,1547.35,1547.35,1547.35,1547.35,0.0,-4.9434
2021-07-14,Capital Link Drybulk,CLDBI,1519.37,1519.37,1519.37,1519.37,0.0,-1.8083
2021-07-15,Capital Link Drybulk,CLDBI,1507.45,1507.45,1507.45,1507.45,0.0,-0.7845
2021-07-16,Capital Link Drybulk,CLDBI,1398.75,1398.75,1398.75,1398.75,0.0,-7.2109
2021-07-19,Capital Link Drybulk,CLDBI,1388.75,1388.75,1388.75,1388.75,0.0,-0.7149
2021-07-20,Capital Link Drybulk,CLDBI,1402.33,1402.33,1402.33,1402.33,0.0,0.9779
2021-07-21,Capital Link Drybulk,CLDBI,1500.73,1500.73,1500.73,1500.73,0.0,7.0169
2021-07-22,Capital Link Drybulk,CLDBI,1508.79,1508.79,1508.79,1508.79,0.0,0.5371
2021-07-23,Capital Link Drybulk,CLDBI,1502.3,1502.3,1502.3,1502.3,0.0,-0.4301
2021-07-26,Capital Link Drybulk,CLDBI,1525.1,1525.1,1525.1,1525.1,0.0,1.5177
2021-07-27,Capital Link Drybulk,CLDBI,1463.66,1463.66,1463.66,1463.66,0.0,-4.0286
2021-07-28,Capital Link Drybulk,CLDBI,1484.14,1484.14,1484.14,1484.14,0.0,1.3992
2021-07-29,Capital Link Drybulk,CLDBI,1529.5,1529.5,1529.5,1529.5,0.0,3.0563
2021-07-30,Capital Link Drybulk,CLDBI,1509.05,1509.05,1509.05,1509.05,0.0,-1.337
2021-08-02,Capital Link Drybulk,CLDBI,1522.08,1522.08,1522.08,1522.08,0.0,0.8635
2021-08-03,Capital Link Drybulk,CLDBI,1513.1,1513.1,1513.1,1513.1,0.0,-0.59
2021-08-04,Capital Link Drybulk,CLDBI,1493.33,1493.33,1493.33,1493.33,0.0,-1.3066
2021-08-05,Capital Link Drybulk,CLDBI,1556.04,1556.04,1556.04,1556.04,0.0,4.1993
2021-08-06,Capital Link Drybulk,CLDBI,1518.23,1518.23,1518.23,1518.23,0.0,-2.4299
2021-08-09,Capital Link Drybulk,CLDBI,1455.48,1455.48,1455.48,1455.48,0.0,-4.1331
2021-08-10,Capital Link Drybulk,CLDBI,1520.83,1520.83,1520.83,1520.83,0.0,4.4899
2021-08-11,Capital Link Drybulk,CLDBI,1592.39,1592.39,1592.39,1592.39,0.0,4.7053
2021-08-12,Capital Link Drybulk,CLDBI,1584.76,1584.76,1584.76,1584.76,0.0,-0.4792
2021-08-13,Capital Link Drybulk,CLDBI,1597.74,1597.74,1597.74,1597.74,0.0,0.8191
2021-08-16,Capital Link Drybulk,CLDBI,1616.75,1616.75,1616.75,1616.75,0.0,1.1898
2021-08-17,Capital Link Drybulk,CLDBI,1619.94,1619.94,1619.94,1619.94,0.0,0.1973
2021-08-18,Capital Link Drybulk,CLDBI,1656.89,1656.89,1656.89,1656.89,0.0,2.2809
2021-08-19,Capital Link Drybulk,CLDBI,1571.33,1571.33,1571.33,1571.33,0.0,-5.1639
2021-08-20,Capital Link Drybulk,CLDBI,1576.72,1576.72,1576.72,1576.72,0.0,0.343
2021-08-23,Capital Link Drybulk,CLDBI,1670.54,1670.54,1670.54,1670.54,0.0,5.9503
2021-08-24,Capital Link Drybulk,CLDBI,1726.41,1726.41,1726.41,1726.41,0.0,3.3444
2021-08-25,Capital Link Drybulk,CLDBI,1743.26,1743.26,1743.26,1743.26,0.0,0.976
2021-08-26,Capital Link Drybulk,CLDBI,1770.97,1770.97,1770.97,1770.97,0.0,1.5896
2021-08-27,Capital Link Drybulk,CLDBI,1862.08,1862.08,1862.08,1862.08,0.0,5.1446
2021-08-30,Capital Link Drybulk,CLDBI,1886.45,1886.45,1886.45,1886.45,0.0,1.3088
2021-08-31,Capital Link Drybulk,CLDBI,1825.38,1825.38,1825.38,1825.38,0.0,-3.2373
2021-09-01,Capital Link Drybulk,CLDBI,1832.37,1832.37,1832.37,1832.37,0.0,0.3829
2021-09-02,Capital Link Drybulk,CLDBI,1888.86,1888.86,1888.86,1888.86,0.0,3.0829
2021-09-03,Capital Link Drybulk,CLDBI,1890.25,1890.25,1890.25,1890.25,0.0,0.0736
2021-09-07,Capital Link Drybulk,CLDBI,1911.2,1911.2,1911.2,1911.2,0.0,1.1083
2021-09-08,Capital Link Drybulk,CLDBI,1826.73,1826.73,1826.73,1826.73,0.0,-4.4197
2021-09-09,Capital Link Drybulk,CLDBI,1871.02,1871.02,1871.02,1871.02,0.0,2.4246
2021-09-10,Capital Link Drybulk,CLDBI,1885.11,1885.11,1885.11,1885.11,0.0,0.7531
2021-09-13,Capital Link Drybulk,CLDBI,1949.34,1949.34,1949.34,1949.34,0.0,3.4072
2021-09-14,Capital Link Drybulk,CLDBI,1892.24,1892.24,1892.24,1892.24,0.0,-2.9292
2021-09-15,Capital Link Drybulk,CLDBI,1929.34,1929.34,1929.34,1929.34,0.0,1.9606
2021-09-16,Capital Link Drybulk,CLDBI,1916.79,1916.79,1916.79,1916.79,0.0,-0.6505
2021-09-17,Capital Link Drybulk,CLDBI,1836.06,1836.06,1836.06,1836.06,0.0,-4.2117
2021-09-20,Capital Link Drybulk,CLDBI,1589.32,1589.32,1589.32,1589.32,0.0,-13.4386
2021-09-21,Capital Link Drybulk,CLDBI,1612.79,1612.79,1612.79,1612.79,0.0,1.4767
2021-09-22,Capital Link Drybulk,CLDBI,1693.22,1693.22,1693.22,1693.22,0.0,4.987
2021-09-23,Capital Link Drybulk,CLDBI,1732.31,1732.31,1732.31,1732.31,0.0,2.3086
2021-09-24,Capital Link Drybulk,CLDBI,1787.78,1787.78,1787.78,1787.78,0.0,3.2021
2021-09-27,Capital Link Drybulk,CLDBI,1847.98,1847.98,1847.98,1847.98,0.0,3.3673
2021-09-28,Capital Link Drybulk,CLDBI,1870.61,1870.61,1870.61,1870.61,0.0,1.2246
2021-09-29,Capital Link Drybulk,CLDBI,1827.5,1827.5,1827.5,1827.5,0.0,-2.3046
2021-09-30,Capital Link Drybulk,CLDBI,1898.73,1898.73,1898.73,1898.73,0.0,3.8977
2021-10-01,Capital Link Drybulk,CLDBI,1972.71,1972.71,1972.71,1972.71,0.0,3.8963
2021-10-04,Capital Link Drybulk,CLDBI,1839.91,1839.91,1839.91,1839.91,0.0,-6.7319
2021-10-05,Capital Link Drybulk,CLDBI,1954.78,1954.78,1954.78,1954.78,0.0,6.2432
2021-10-06,Capital Link Drybulk,CLDBI,1928.64,1928.64,1928.64,1928.64,0.0,-1.3372
2021-10-07,Capital Link Drybulk,CLDBI,1854.38,1854.38,1854.38,1854.38,0.0,-3.8504
2021-10-08,Capital Link Drybulk,CLDBI,1796.79,1796.79,1796.79,1796.79,0.0,-3.1056
2021-10-11,Capital Link Drybulk,CLDBI,1802.77,1802.77,1802.77,1802.77,0.0,0.3328
2021-10-12,Capital Link Drybulk,CLDBI,1764.95,1764.95,1764.95,1764.95,0.0,-2.0979
2021-10-14,Capital Link Drybulk,CLDBI,1654.27,1654.27,1654.27,1654.27,0.0,-6.271
2021-10-15,Capital Link Drybulk,CLDBI,1671.46,1671.46,1671.46,1671.46,0.0,1.0391
2021-10-18,Capital Link Drybulk,CLDBI,1750.56,1750.56,1750.56,1750.56,0.0,4.7324
2021-10-19,Capital Link Drybulk,CLDBI,1776.84,1776.84,1776.84,1776.84,0.0,1.5012
2021-10-20,Capital Link Drybulk,CLDBI,1803.59,1803.59,1803.59,1803.59,0.0,1.5055
2021-10-21,Capital Link Drybulk,CLDBI,1743.94,1743.94,1743.94,1743.94,0.0,-3.3073
2021-10-22,Capital Link Drybulk,CLDBI,1726.34,1726.34,1726.34,1726.34,0.0,-1.0092
2021-10-25,Capital Link Drybulk,CLDBI,1764.34,1764.34,1764.34,1764.34,0.0,2.2012
2021-10-26,Capital Link Drybulk,CLDBI,1679.04,1679.04,1679.04,1679.04,0.0,-4.8347
2021-10-27,Capital Link Drybulk,CLDBI,1608.27,1608.27,1608.27,1608.27,0.0,-4.2149
2021-10-28,Capital Link Drybulk,CLDBI,1666.24,1666.24,1666.24,1666.24,0.0,3.6045
2021-10-29,Capital Link Drybulk,CLDBI,1671.88,1671.88,1671.88,1671.88,0.0,0.3385
2021-10-31,Capital Link Drybulk,CLDBI,1686.2,1686.2,1686.2,1686.2,0.0,0.8565
2021-11-01,Capital Link Drybulk,CLDBI,1585.64,1585.64,1585.64,1585.64,0.0,-5.9637
2021-11-02,Capital Link Drybulk,CLDBI,1589.1,1589.1,1589.1,1589.1,0.0,0.2182
2021-11-03,Capital Link Drybulk,CLDBI,1579.14,1579.14,1579.14,1579.14,0.0,-0.6268
2021-11-04,Capital Link Drybulk,CLDBI,1570.25,1570.25,1570.25,1570.25,0.0,-0.563
2021-11-07,Capital Link Drybulk,CLDBI,1605.09,1605.09,1605.09,1605.09,0.0,2.2188
2021-11-08,Capital Link Drybulk,CLDBI,1639.32,1639.32,1639.32,1639.32,0.0,2.1326
2021-11-09,Capital Link Drybulk,CLDBI,1560.38,1560.38,1560.38,1560.38,0.0,-4.8154
2021-11-10,Capital Link Drybulk,CLDBI,1596.4,1596.4,1596.4,1596.4,0.0,2.3084
2021-11-11,Capital Link Drybulk,CLDBI,1571.03,1571.03,1571.03,1571.03,0.0,-1.5892
2021-11-14,Capital Link Drybulk,CLDBI,1528.77,1528.77,1528.77,1528.77,0.0,-2.69
2021-11-15,Capital Link Drybulk,CLDBI,1455.43,1455.43,1455.43,1455.43,0.0,-4.7973
2021-11-16,Capital Link Drybulk,CLDBI,1457.34,1457.34,1457.34,1457.34,0.0,0.1312
2021-11-17,Capital Link Drybulk,CLDBI,1488.61,1488.61,1488.61,1488.61,0.0,2.1457
2021-11-18,Capital Link Drybulk,CLDBI,1478.92,1478.92,1478.92,1478.92,0.0,-0.6509
2021-11-21,Capital Link Drybulk,CLDBI,1497.78,1497.78,1497.78,1497.78,0.0,1.2753
2021-11-22,Capital Link Drybulk,CLDBI,1496.59,1496.59,1496.59,1496.59,0.0,-0.0795
2021-11-23,Capital Link Drybulk,CLDBI,1603.83,1603.83,1603.83,1603.83,0.0,7.1656
2021-11-25,Capital Link Drybulk,CLDBI,1582.03,1582.03,1582.03,1582.03,0.0,-1.3592
2021-11-28,Capital Link Drybulk,CLDBI,1657.94,1657.94,1657.94,1657.94,0.0,4.7983
2021-11-29,Capital Link Drybulk,CLDBI,1600.44,1600.44,1600.44,1600.44,0.0,-3.4682
2021-11-30,Capital Link Drybulk,CLDBI,1512.87,1512.87,1512.87,1512.87,0.0,-5.4716
2021-12-01,Capital Link Drybulk,CLDBI,1609.25,1609.25,1609.25,1609.25,0.0,6.3707
2021-12-02,Capital Link Drybulk,CLDBI,1616.89,1616.89,1616.89,1616.89,0.0,0.4748
2021-12-05,Capital Link Drybulk,CLDBI,1697.23,1697.23,1697.23,1697.23,0.0,4.9688
2021-12-06,Capital Link Drybulk,CLDBI,1742.11,1742.11,1742.11,1742.11,0.0,2.6443
2021-12-07,Capital Link Drybulk,CLDBI,1720.45,1720.45,1720.45,1720.45,0.0,-1.2433
2021-12-08,Capital Link Drybulk,CLDBI,1651.66,1651.66,1651.66,1651.66,0.0,-3.9984
2021-12-09,Capital Link Drybulk,CLDBI,1634.94,1634.94,1634.94,1634.94,0.0,-1.0123
2021-12-12,Capital Link Drybulk,CLDBI,1564.54,1564.54,1564.54,1564.54,0.0,-4.306
2021-12-13,Capital Link Drybulk,CLDBI,1479.89,1479.89,1479.89,1479.89,0.0,-5.4105
2021-12-14,Capital Link Drybulk,CLDBI,1517.54,1517.54,1517.54,1517.54,0.0,2.5441
2021-12-15,Capital Link Drybulk,CLDBI,1504.88,1504.88,1504.88,1504.88,0.0,-0.8342
2021-12-16,Capital Link Drybulk,CLDBI,1535.52,1535.52,1535.52,1535.52,0.0,2.036
2021-12-19,Capital Link Drybulk,CLDBI,1529.48,1529.48,1529.48,1529.48,0.0,-0.3934
2021-12-20,Capital Link Drybulk,CLDBI,1553.0,1553.0,1553.0,1553.0,0.0,1.5378
2021-12-21,Capital Link Drybulk,CLDBI,1584.13,1584.13,1584.13,1584.13,0.0,2.0045
2021-12-22,Capital Link Drybulk,CLDBI,1601.53,1601.53,1601.53,1601.53,0.0,1.0984
2021-12-26,Capital Link Drybulk,CLDBI,1621.48,1621.48,1621.48,1621.48,0.0,1.2457
2021-12-27,Capital Link Drybulk,CLDBI,1621.0,1621.0,1621.0,1621.0,0.0,-0.0296
2021-12-28,Capital Link Drybulk,CLDBI,1666.13,1666.13,1666.13,1666.13,0.0,2.7841
2021-12-29,Capital Link Drybulk,CLDBI,1668.43,1668.43,1668.43,1668.43,0.0,0.138
2021-12-30,Capital Link Drybulk,CLDBI,1728.48,1728.48,1728.48,1728.48,0.0,3.5992
2022-01-02,Capital Link Drybulk,CLDBI,1714.21,1714.21,1714.21,1714.21,0.0,-0.8256
2022-01-03,Capital Link Drybulk,CLDBI,1711.12,1711.12,1711.12,1711.12,0.0,-0.1803
2022-01-04,Capital Link Drybulk,CLDBI,1652.25,1652.25,1652.25,1652.25,0.0,-3.4404
2022-01-05,Capital Link Drybulk,CLDBI,1655.56,1655.56,1655.56,1655.56,0.0,0.2003
2022-01-06,Capital Link Drybulk,CLDBI,1655.42,1655.42,1655.42,1655.42,0.0,-0.0085
2022-01-09,Capital Link Drybulk,CLDBI,1631.15,1631.15,1631.15,1631.15,0.0,-1.4661
2022-01-10,Capital Link Drybulk,CLDBI,1681.04,1681.04,1681.04,1681.04,0.0,3.0586
2022-01-11,Capital Link Drybulk,CLDBI,1673.16,1673.16,1673.16,1673.16,0.0,-0.4688
2022-01-12,Capital Link Drybulk,CLDBI,1591.35,1591.35,1591.35,1591.35,0.0,-4.8896
2022-01-13,Capital Link Drybulk,CLDBI,1645.29,1645.29,1645.29,1645.29,0.0,3.3896
2022-01-17,Capital Link Drybulk,CLDBI,1610.07,1610.07,1610.07,1610.07,0.0,-2.1407
2022-01-18,Capital Link Drybulk,CLDBI,1605.58,1605.58,1605.58,1605.58,0.0,-0.2789
2022-01-19,Capital Link Drybulk,CLDBI,1598.34,1598.34,1598.34,1598.34,0.0,-0.4509
2022-01-20,Capital Link Drybulk,CLDBI,1506.74,1506.74,1506.74,1506.74,0.0,-5.7309
2022-01-23,Capital Link Drybulk,CLDBI,1505.98,1505.98,1505.98,1505.98,0.0,-0.0504
2022-01-24,Capital Link Drybulk,CLDBI,1521.34,1521.34,1521.34,1521.34,0.0,1.0199
2022-01-25,Capital Link Drybulk,CLDBI,1517.79,1517.79,1517.79,1517.79,0.0,-0.2333
2022-01-26,Capital Link Drybulk,CLDBI,1615.2,1615.2,1615.2,1615.2,0.0,6.4179
2022-01-27,Capital Link Drybulk,CLDBI,1696.32,1696.32,1696.32,1696.32,0.0,5.0223
2022-01-30,Capital Link Drybulk,CLDBI,1676.83,1676.83,1676.83,1676.83,0.0,-1.149
2022-01-31,Capital Link Drybulk,CLDBI,1769.03,1769.03,1769.03,1769.03,0.0,5.4985
2022-02-01,Capital Link Drybulk,CLDBI,1772.47,1772.47,1772.47,1772.47,0.0,0.1945
2022-02-02,Capital Link Drybulk,CLDBI,1720.29,1720.29,1720.29,1720.29,0.0,-2.9439
2022-02-03,Capital Link Drybulk,CLDBI,1777.46,1777.46,1777.46,1777.46,0.0,3.3233
2022-02-06,Capital Link Drybulk,CLDBI,1850.8,1850.8,1850.8,1850.8,0.0,4.1261
2022-02-07,Capital Link Drybulk,CLDBI,1833.67,1833.67,1833.67,1833.67,0.0,-0.9255
2022-02-08,Capital Link Drybulk,CLDBI,1901.98,1901.98,1901.98,1901.98,0.0,3.7253
2022-02-09,Capital Link Drybulk,CLDBI,1953.13,1953.13,1953.13,1953.13,0.0,2.6893
2022-02-10,Capital Link Drybulk,CLDBI,1935.18,1935.18,1935.18,1935.18,0.0,-0.919
2022-02-13,Capital Link Drybulk,CLDBI,1926.98,1926.98,1926.98,1926.98,0.0,-0.4237
2022-02-14,Capital Link Drybulk,CLDBI,1965.69,1965.69,1965.69,1965.69,0.0,2.0088
2022-02-15,Capital Link Drybulk,CLDBI,1981.34,1981.34,1981.34,1981.34,0.0,0.7962
2022-02-16,Capital Link Drybulk,CLDBI,2067.28,2067.28,2067.28,2067.28,0.0,4.3375
2022-02-17,Capital Link Drybulk,CLDBI,2060.16,2060.16,2060.16,2060.16,0.0,-0.3444
2022-02-21,Capital Link Drybulk,CLDBI,2163.08,2163.08,2163.08,2163.08,0.0,4.9957
2022-02-22,Capital Link Drybulk,CLDBI,2128.32,2128.32,2128.32,2128.32,0.0,-1.607
2022-02-23,Capital Link Drybulk,CLDBI,2067.51,2067.51,2067.51,2067.51,0.0,-2.8572
2022-02-24,Capital Link Drybulk,CLDBI,2203.56,2203.56,2203.56,2203.56,0.0,6.5804
2022-02-27,Capital Link Drybulk,CLDBI,2127.13,2127.13,2127.13,2127.13,0.0,-3.4685
2022-02-28,Capital Link Drybulk,CLDBI,2022.67,2022.67,2022.67,2022.67,0.0,-4.9108
2022-03-01,Capital Link Drybulk,CLDBI,2112.44,2112.44,2112.44,2112.44,0.0,4.4382
2022-03-02,Capital Link Drybulk,CLDBI,2102.53,2102.53,2102.53,2102.53,0.0,-0.4691
2022-03-03,Capital Link Drybulk,CLDBI,2068.46,2068.46,2068.46,2068.46,0.0,-1.6204
2022-03-06,Capital Link Drybulk,CLDBI,2066.15,2066.15,2066.15,2066.15,0.0,-0.1117
2022-03-07,Capital Link Drybulk,CLDBI,2195.59,2195.59,2195.59,2195.59,0.0,6.2648
2022-03-08,Capital Link Drybulk,CLDBI,2198.01,2198.01,2198.01,2198.01,0.0,0.1102
2022-03-09,Capital Link Drybulk,CLDBI,2259.0,2259.0,2259.0,2259.0,0.0,2.7748
2022-03-10,Capital Link Drybulk,CLDBI,2281.87,2281.87,2281.87,2281.87,0.0,1.0124
2022-03-13,Capital Link Drybulk,CLDBI,2098.46,2098.46,2098.46,2098.46,0.0,-8.0377
2022-03-14,Capital Link Drybulk,CLDBI,2030.8,2030.8,2030.8,2030.8,0.0,-3.2243
2022-03-15,Capital Link Drybulk,CLDBI,2097.58,2097.58,2097.58,2097.58,0.0,3.2884
2022-03-16,Capital Link Drybulk,CLDBI,2150.21,2150.21,2150.21,2150.21,0.0,2.5091
2022-03-17,Capital Link Drybulk,CLDBI,2191.64,2191.64,2191.64,2191.64,0.0,1.9268
2022-03-20,Capital Link Drybulk,CLDBI,2251.94,2251.94,2251.94,2251.94,0.0,2.7514
2022-03-21,Capital Link Drybulk,CLDBI,2214.33,2214.33,2214.33,2214.33,0.0,-1.6701
2022-03-22,Capital Link Drybulk,CLDBI,2282.43,2282.43,2282.43,2282.43,0.0,3.0754
2022-03-23,Capital Link Drybulk,CLDBI,2260.93,2260.93,2260.93,2260.93,0.0,-0.942
2022-03-24,Capital Link Drybulk,CLDBI,2271.36,2271.36,2271.36,2271.36,0.0,0.4613
2022-03-28,Capital Link Drybulk,CLDBI,2297.16,2297.16,2297.16,2297.16,0.0,1.1359
2022-03-29,Capital Link Drybulk,CLDBI,2307.94,2307.94,2307.94,2307.94,0.0,0.4693
2022-03-30,Capital Link Drybulk,CLDBI,2317.82,2317.82,2317.82,2317.82,0.0,0.4281
2022-03-31,Capital Link Drybulk,CLDBI,2321.69,2321.69,2321.69,2321.69,0.0,0.167
2022-04-01,Capital Link Drybulk,CLDBI,2368.82,2368.82,2368.82,2368.82,0.0,2.03
2022-04-04,Capital Link Drybulk,CLDBI,2251.93,2251.93,2251.93,2251.93,0.0,-4.9345
2022-04-05,Capital Link Drybulk,CLDBI,2168.47,2168.47,2168.47,2168.47,0.0,-3.7062
2022-04-06,Capital Link Drybulk,CLDBI,2097.17,2097.17,2097.17,2097.17,0.0,-3.288
2022-04-07,Capital Link Drybulk,CLDBI,2135.67,2135.67,2135.67,2135.67,0.0,1.8358
2022-04-08,Capital Link Drybulk,CLDBI,2216.41,2216.41,2216.41,2216.41,0.0,3.7805
2022-04-11,Capital Link Drybulk,CLDBI,2053.42,2053.42,2053.42,2053.42,0.0,-7.3538
2022-04-12,Capital Link Drybulk,CLDBI,2072.84,2072.84,2072.84,2072.84,0.0,0.9457
2022-04-13,Capital Link Drybulk,CLDBI,2186.91,2186.91,2186.91,2186.91,0.0,5.5031
2022-04-14,Capital Link Drybulk,CLDBI,2331.84,2331.84,2331.84,2331.84,0.0,6.6272
2022-04-18,Capital Link Drybulk,CLDBI,2403.5,2403.5,2403.5,2403.5,0.0,3.0731
2022-04-19,Capital Link Drybulk,CLDBI,2435.02,2435.02,2435.02,2435.02,0.0,1.3114
2022-04-20,Capital Link Drybulk,CLDBI,2385.53,2385.53,2385.53,2385.53,0.0,-2.0324
2022-04-21,Capital Link Drybulk,CLDBI,2273.74,2273.74,2273.74,2273.74,0.0,-4.6862
2022-04-22,Capital Link Drybulk,CLDBI,2218.4,2218.4,2218.4,2218.4,0.0,-2.4339
2022-04-25,Capital Link Drybulk,CLDBI,2016.09,2016.09,2016.09,2016.09,0.0,-9.1196
2022-04-26,Capital Link Drybulk,CLDBI,2043.44,2043.44,2043.44,2043.44,0.0,1.3566
2022-04-27,Capital Link Drybulk,CLDBI,2207.21,2207.21,2207.21,2207.21,0.0,8.0144
2022-04-28,Capital Link Drybulk,CLDBI,2209.27,2209.27,2209.27,2209.27,0.0,0.0933
2022-04-29,Capital Link Drybulk,CLDBI,2146.81,2146.81,2146.81,2146.81,0.0,-2.8272
2022-05-02,Capital Link Drybulk,CLDBI,2186.18,2186.18,2186.18,2186.18,0.0,1.8339
2022-05-03,Capital Link Drybulk,CLDBI,2292.29,2292.29,2292.29,2292.29,0.0,4.8537
2022-05-04,Capital Link Drybulk,CLDBI,2356.11,2356.11,2356.11,2356.11,0.0,2.7841
2022-05-05,Capital Link Drybulk,CLDBI,2320.88,2320.88,2320.88,2320.88,0.0,-1.4953
2022-05-06,Capital Link Drybulk,CLDBI,2310.57,2310.57,2310.57,2310.57,0.0,-0.4442
2022-05-09,Capital Link Drybulk,CLDBI,2090.16,2090.16,2090.16,2090.16,0.0,-9.5392
2022-05-10,Capital Link Drybulk,CLDBI,2169.22,2169.22,2169.22,2169.22,0.0,3.7825
2022-05-11,Capital Link Drybulk,CLDBI,2219.38,2219.38,2219.38,2219.38,0.0,2.3124
2022-05-12,Capital Link Drybulk,CLDBI,2133.17,2133.17,2133.17,2133.17,0.0,-3.8844
2022-05-13,Capital Link Drybulk,CLDBI,2192.09,2192.09,2192.09,2192.09,0.0,2.7621
2022-05-16,Capital Link Drybulk,CLDBI,2286.98,2286.98,2286.98,2286.98,0.0,4.3287
2022-05-17,Capital Link Drybulk,CLDBI,2313.97,2313.97,2313.97,2313.97,0.0,1.1802
2022-05-18,Capital Link Drybulk,CLDBI,2236.52,2236.52,2236.52,2236.52,0.0,-3.3471
2022-05-19,Capital Link Drybulk,CLDBI,2353.12,2353.12,2353.12,2353.12,0.0,5.2135
2022-05-20,Capital Link Drybulk,CLDBI,2344.57,2344.57,2344.57,2344.57,0.0,-0.3633
2022-05-23,Capital Link Drybulk,CLDBI,2447.66,2447.66,2447.66,2447.66,0.0,4.397
2022-05-24,Capital Link Drybulk,CLDBI,2396.4,2396.4,2396.4,2396.4,0.0,-2.0942
2022-05-25,Capital Link Drybulk,CLDBI,2369.12,2369.12,2369.12,2369.12,0.0,-1.1384
2022-05-26,Capital Link Drybulk,CLDBI,2413.26,2413.26,2413.26,2413.26,0.0,1.8631
2022-05-27,Capital Link Drybulk,CLDBI,2414.68,2414.68,2414.68,2414.68,0.0,0.0588
2022-05-31,Capital Link Drybulk,CLDBI,2394.96,2394.96,2394.96,2394.96,0.0,-0.8167
2022-06-01,Capital Link Drybulk,CLDBI,2478.05,2478.05,2478.05,2478.05,0.0,3.4694
2022-06-02,Capital Link Drybulk,CLDBI,2411.09,2411.09,2411.09,2411.09,0.0,-2.7021
2022-06-03,Capital Link Drybulk,CLDBI,2469.54,2469.54,2469.54,2469.54,0.0,2.4242
2022-06-06,Capital Link Drybulk,CLDBI,2485.73,2485.73,2485.73,2485.73,0.0,0.6556
2022-06-07,Capital Link Drybulk,CLDBI,2469.36,2469.36,2469.36,2469.36,0.0,-0.6586
2022-06-08,Capital Link Drybulk,CLDBI,2227.43,2227.43,2227.43,2227.43,0.0,-9.7973
2022-06-09,Capital Link Drybulk,CLDBI,2098.66,2098.66,2098.66,2098.66,0.0,-5.7811
2022-06-10,Capital Link Drybulk,CLDBI,2080.06,2080.06,2080.06,2080.06,0.0,-0.8863
2022-06-13,Capital Link Drybulk,CLDBI,1940.7,1940.7,1940.7,1940.7,0.0,-6.6998
2022-06-14,Capital Link Drybulk,CLDBI,1981.3,1981.3,1981.3,1981.3,0.0,2.092
2022-06-15,Capital Link Drybulk,CLDBI,1997.82,1997.82,1997.82,1997.82,0.0,0.8338
2022-06-16,Capital Link Drybulk,CLDBI,1941.5,1941.5,1941.5,1941.5,0.0,-2.8191
2022-06-17,Capital Link Drybulk,CLDBI,1953.22,1953.22,1953.22,1953.22,0.0,0.6037
2022-06-21,Capital Link Drybulk,CLDBI,1969.58,1969.58,1969.58,1969.58,0.0,0.8376
2022-06-22,Capital Link Drybulk,CLDBI,1790.38,1790.38,1790.38,1790.38,0.0,-9.0984
2022-06-23,Capital Link Drybulk,CLDBI,1791.83,1791.83,1791.83,1791.83,0.0,0.081
2022-06-24,Capital Link Drybulk,CLDBI,1754.05,1754.05,1754.05,1754.05,0.0,-2.1085
2022-06-27,Capital Link Drybulk,CLDBI,1874.8,1874.8,1874.8,1874.8,0.0,6.8841
2022-06-28,Capital Link Drybulk,CLDBI,1832.41,1832.41,1832.41,1832.41,0.0,-2.261
2022-06-29,Capital Link Drybulk,CLDBI,1809.32,1809.32,1809.32,1809.32,0.0,-1.2601
2022-06-30,Capital Link Drybulk,CLDBI,1813.77,1813.77,1813.77,1813.77,0.0,0.2459
2022-07-01,Capital Link Drybulk,CLDBI,1708.14,1708.14,1708.14,1708.14,0.0,-5.8238
2022-07-05,Capital Link Drybulk,CLDBI,1635.42,1635.42,1635.42,1635.42,0.0,-4.2573
2022-07-06,Capital Link Drybulk,CLDBI,1534.42,1534.42,1534.42,1534.42,0.0,-6.1758
2022-07-07,Capital Link Drybulk,CLDBI,1596.96,1596.96,1596.96,1596.96,0.0,4.0758
2022-07-08,Capital Link Drybulk,CLDBI,1601.35,1601.35,1601.35,1601.35,0.0,0.2749
2022-07-11,Capital Link Drybulk,CLDBI,1591.21,1591.21,1591.21,1591.21,0.0,-0.6332
2022-07-12,Capital Link Drybulk,CLDBI,1569.16,1569.16,1569.16,1569.16,0.0,-1.3857
2022-07-13,Capital Link Drybulk,CLDBI,1579.63,1579.63,1579.63,1579.63,0.0,0.6672
2022-07-14,Capital Link Drybulk,CLDBI,1589.95,1589.95,1589.95,1589.95,0.0,0.6533
2022-07-15,Capital Link Drybulk,CLDBI,1676.4,1676.4,1676.4,1676.4,0.0,5.4373
2022-07-18,Capital Link Drybulk,CLDBI,1735.28,1735.28,1735.28,1735.28,0.0,3.5123
2022-07-19,Capital Link Drybulk,CLDBI,1808.33,1808.33,1808.33,1808.33,0.0,4.2097
2022-07-20,Capital Link Drybulk,CLDBI,1815.16,1815.16,1815.16,1815.16,0.0,0.3777
2022-07-21,Capital Link Drybulk,CLDBI,1857.3,1857.3,1857.3,1857.3,0.0,2.3216
2022-07-22,Capital Link Drybulk,CLDBI,1800.86,1800.86,1800.86,1800.86,0.0,-3.0388
2022-07-25,Capital Link Drybulk,CLDBI,1818.08,1818.08,1818.08,1818.08,0.0,0.9562
2022-07-26,Capital Link Drybulk,CLDBI,1818.24,1818.24,1818.24,1818.24,0.0,0.0088
2022-07-27,Capital Link Drybulk,CLDBI,1897.47,1897.47,1897.47,1897.47,0.0,4.3575
2022-07-28,Capital Link Drybulk,CLDBI,1910.6,1910.6,1910.6,1910.6,0.0,0.692
2022-07-29,Capital Link Drybulk,CLDBI,1911.39,1911.39,1911.39,1911.39,0.0,0.0413
2022-08-01,Capital Link Drybulk,CLDBI,1971.57,1971.57,1971.57,1971.57,0.0,3.1485
2022-08-02,Capital Link Drybulk,CLDBI,1930.78,1930.78,1930.78,1930.78,0.0,-2.0689
2022-08-03,Capital Link Drybulk,CLDBI,1873.78,1873.78,1873.78,1873.78,0.0,-2.9522
2022-08-04,Capital Link Drybulk,CLDBI,1797.98,1797.98,1797.98,1797.98,0.0,-4.0453
2022-08-05,Capital Link Drybulk,CLDBI,1842.74,1842.74,1842.74,1842.74,0.0,2.4895
2022-08-08,Capital Link Drybulk,CLDBI,1884.26,1884.26,1884.26,1884.26,0.0,2.2532
2022-08-09,Capital Link Drybulk,CLDBI,1909.61,1909.61,1909.61,1909.61,0.0,1.3454
2022-08-10,Capital Link Drybulk,CLDBI,1941.73,1941.73,1941.73,1941.73,0.0,1.682
2022-08-11,Capital Link Drybulk,CLDBI,1962.27,1962.27,1962.27,1962.27,0.0,1.0578
2022-08-12,Capital Link Drybulk,CLDBI,1969.11,1969.11,1969.11,1969.11,0.0,0.3486
2022-08-15,Capital Link Drybulk,CLDBI,1871.9,1871.9,1871.9,1871.9,0.0,-4.9367
2022-08-16,Capital Link Drybulk,CLDBI,1850.3,1850.3,1850.3,1850.3,0.0,-1.1539
2022-08-17,Capital Link Drybulk,CLDBI,1826.83,1826.83,1826.83,1826.83,0.0,-1.2684
2022-08-18,Capital Link Drybulk,CLDBI,1854.77,1854.77,1854.77,1854.77,0.0,1.5294
2022-08-19,Capital Link Drybulk,CLDBI,1790.3,1790.3,1790.3,1790.3,0.0,-3.4759
2022-08-22,Capital Link Drybulk,CLDBI,1798.01,1798.01,1798.01,1798.01,0.0,0.4307
2022-08-23,Capital Link Drybulk,CLDBI,1825.11,1825.11,1825.11,1825.11,0.0,1.5072
2022-08-24,Capital Link Drybulk,CLDBI,1765.06,1765.06,1765.06,1765.06,0.0,-3.2902
2022-08-25,Capital Link Drybulk,CLDBI,1744.41,1744.41,1744.41,1744.41,0.0,-1.1699
2022-08-26,Capital Link Drybulk,CLDBI,1678.57,1678.57,1678.57,1678.57,0.0,-3.7743
2022-08-29,Capital Link Drybulk,CLDBI,1669.57,1669.57,1669.57,1669.57,0.0,-0.5362
2022-08-30,Capital Link Drybulk,CLDBI,1571.78,1571.78,1571.78,1571.78,0.0,-5.8572
2022-08-31,Capital Link Drybulk,CLDBI,1584.73,1584.73,1584.73,1584.73,0.0,0.8239
2022-09-01,Capital Link Drybulk,CLDBI,1590.54,1590.54,1590.54,1590.54,0.0,0.3666
2022-09-02,Capital Link Drybulk,CLDBI,1598.44,1598.44,1598.44,1598.44,0.0,0.4967
2022-09-06,Capital Link Drybulk,CLDBI,1543.39,1543.39,1543.39,1543.39,0.0,-3.444
2022-09-07,Capital Link Drybulk,CLDBI,1522.01,1522.01,1522.01,1522.01,0.0,-1.3853
2022-09-08,Capital Link Drybulk,CLDBI,1556.09,1556.09,1556.09,1556.09,0.0,2.2391
2022-09-09,Capital Link Drybulk,CLDBI,1608.22,1608.22,1608.22,1608.22,0.0,3.3501
2022-09-12,Capital Link Drybulk,CLDBI,1643.12,1643.12,1643.12,1643.12,0.0,2.1701
2022-09-13,Capital Link Drybulk,CLDBI,1662.65,1662.65,1662.65,1662.65,0.0,1.1886
2022-09-14,Capital Link Drybulk,CLDBI,1672.29,1672.29,1672.29,1672.29,0.0,0.5798
2022-09-15,Capital Link Drybulk,CLDBI,1646.72,1646.72,1646.72,1646.72,0.0,-1.529
2022-09-16,Capital Link Drybulk,CLDBI,1572.77,1572.77,1572.77,1572.77,0.0,-4.4907
2022-09-19,Capital Link Drybulk,CLDBI,1543.48,1543.48,1543.48,1543.48,0.0,-1.8623
2022-09-20,Capital Link Drybulk,CLDBI,1656.14,1656.14,1656.14,1656.14,0.0,7.2991
2022-09-21,Capital Link Drybulk,CLDBI,1623.37,1623.37,1623.37,1623.37,0.0,-1.9787
2022-09-22,Capital Link Drybulk,CLDBI,1599.1,1599.1,1599.1,1599.1,0.0,-1.495
2022-09-23,Capital Link Drybulk,CLDBI,1531.06,1531.06,1531.06,1531.06,0.0,-4.2549
2022-09-26,Capital Link Drybulk,CLDBI,1472.94,1472.94,1472.94,1472.94,0.0,-3.7961
2022-09-27,Capital Link Drybulk,CLDBI,1532.96,1532.96,1532.96,1532.96,0.0,4.0748
2022-09-28,Capital Link Drybulk,CLDBI,1511.83,1511.83,1511.83,1511.83,0.0,-1.3784
2022-09-29,Capital Link Drybulk,CLDBI,1456.28,1456.28,1456.28,1456.28,0.0,-3.6744
2022-09-30,Capital Link Drybulk,CLDBI,1496.44,1496.44,1496.44,1496.44,0.0,2.7577
2022-10-03,Capital Link Drybulk,CLDBI,1543.17,1543.17,1543.17,1543.17,0.0,3.1227
2022-10-04,Capital Link Drybulk,CLDBI,1596.62,1596.62,1596.62,1596.62,0.0,3.4636
2022-10-05,Capital Link Drybulk,CLDBI,1615.52,1615.52,1615.52,1615.52,0.0,1.1838
2022-10-06,Capital Link Drybulk,CLDBI,1619.69,1619.69,1619.69,1619.69,0.0,0.2581
2022-10-07,Capital Link Drybulk,CLDBI,1648.21,1648.21,1648.21,1648.21,0.0,1.7608
2022-10-10,Capital Link Drybulk,CLDBI,1597.02,1597.02,1597.02,1597.02,0.0,-3.1058
2022-10-11,Capital Link Drybulk,CLDBI,1603.5,1603.5,1603.5,1603.5,0.0,0.4058
2022-10-12,Capital Link Drybulk,CLDBI,1654.02,1654.02,1654.02,1654.02,0.0,3.1506
2022-10-13,Capital Link Drybulk,CLDBI,1683.73,1683.73,1683.73,1683.73,0.0,1.7962
2022-10-14,Capital Link Drybulk,CLDBI,1694.97,1694.97,1694.97,1694.97,0.0,0.6676
2022-10-17,Capital Link Drybulk,CLDBI,1668.61,1668.61,1668.61,1668.61,0.0,-1.5552
2022-10-18,Capital Link Drybulk,CLDBI,1712.25,1712.25,1712.25,1712.25,0.0,2.6154
2022-10-19,Capital Link Drybulk,CLDBI,1667.52,1667.52,1667.52,1667.52,0.0,-2.6124
2022-10-20,Capital Link Drybulk,CLDBI,1631.65,1631.65,1631.65,1631.65,0.0,-2.1511
2022-10-21,Capital Link Drybulk,CLDBI,1669.31,1669.31,1669.31,1669.31,0.0,2.3081
2022-10-24,Capital Link Drybulk,CLDBI,1664.81,1664.81,1664.81,1664.81,0.0,-0.2696
2022-10-25,Capital Link Drybulk,CLDBI,1694.46,1694.46,1694.46,1694.46,0.0,1.781
2022-10-26,Capital Link Drybulk,CLDBI,1668.19,1668.19,1668.19,1668.19,0.0,-1.5503
2022-10-27,Capital Link Drybulk,CLDBI,1596.16,1596.16,1596.16,1596.16,0.0,-4.3179
2022-10-28,Capital Link Drybulk,CLDBI,1605.28,1605.28,1605.28,1605.28,0.0,0.5714
2022-10-30,Capital Link Drybulk,CLDBI,1589.3,1589.3,1589.3,1589.3,0.0,-0.9955
2022-10-31,Capital Link Drybulk,CLDBI,1630.94,1630.94,1630.94,1630.94,0.0,2.62
2022-11-01,Capital Link Drybulk,CLDBI,1603.72,1603.72,1603.72,1603.72,0.0,-1.669
2022-11-02,Capital Link Drybulk,CLDBI,1609.95,1609.95,1609.95,1609.95,0.0,0.3885
2022-11-03,Capital Link Drybulk,CLDBI,1718.08,1718.08,1718.08,1718.08,0.0,6.7164
2022-11-06,Capital Link Drybulk,CLDBI,1726.68,1726.68,1726.68,1726.68,0.0,0.5006
2022-11-07,Capital Link Drybulk,CLDBI,1760.51,1760.51,1760.51,1760.51,0.0,1.9593
2022-11-08,Capital Link Drybulk,CLDBI,1715.92,1715.92,1715.92,1715.92,0.0,-2.5328
2022-11-09,Capital Link Drybulk,CLDBI,1764.98,1764.98,1764.98,1764.98,0.0,2.8591
2022-11-10,Capital Link Drybulk,CLDBI,1828.78,1828.78,1828.78,1828.78,0.0,3.6148
2022-11-13,Capital Link Drybulk,CLDBI,1775.28,1775.28,1775.28,1775.28,0.0,-2.9254
2022-11-14,Capital Link Drybulk,CLDBI,1759.8,1759.8,1759.8,1759.8,0.0,-0.872
2022-11-15,Capital Link Drybulk,CLDBI,1690.1,1690.1,1690.1,1690.1,0.0,-3.9607
2022-11-16,Capital Link Drybulk,CLDBI,1730.77,1730.77,1730.77,1730.77,0.0,2.4064
2022-11-17,Capital Link Drybulk,CLDBI,1672.67,1672.67,1672.67,1672.67,0.0,-3.3569
2022-11-20,Capital Link Drybulk,CLDBI,1699.05,1699.05,1699.05,1699.05,0.0,1.5771
2022-11-21,Capital Link Drybulk,CLDBI,1703.2,1703.2,1703.2,1703.2,0.0,0.2443
2022-11-22,Capital Link Drybulk,CLDBI,1710.58,1710.58,1710.58,1710.58,0.0,0.4333
2022-11-24,Capital Link Drybulk,CLDBI,1753.35,1753.35,1753.35,1753.35,0.0,2.5003
2022-11-27,Capital Link Drybulk,CLDBI,1695.42,1695.42,1695.42,1695.42,0.0,-3.304
2022-11-28,Capital Link Drybulk,CLDBI,1660.08,1660.08,1660.08,1660.08,0.0,-2.0844
2022-11-29,Capital Link Drybulk,CLDBI,1653.11,1653.11,1653.11,1653.11,0.0,-0.4199
2022-11-30,Capital Link Drybulk,CLDBI,1607.29,1607.29,1607.29,1607.29,0.0,-2.7717
2022-12-01,Capital Link Drybulk,CLDBI,1622.91,1622.91,1622.91,1622.91,0.0,0.9718
2022-12-04,Capital Link Drybulk,CLDBI,1630.94,1630.94,1630.94,1630.94,0.0,0.4948
2022-12-05,Capital Link Drybulk,CLDBI,1609.3,1609.3,1609.3,1609.3,0.0,-1.3268
2022-12-06,Capital Link Drybulk,CLDBI,1568.69,1568.69,1568.69,1568.69,0.0,-2.5235
2022-12-07,Capital Link Drybulk,CLDBI,1614.8,1614.8,1614.8,1614.8,0.0,2.9394
2022-12-08,Capital Link Drybulk,CLDBI,1640.0,1640.0,1640.0,1640.0,0.0,1.5606
2022-12-11,Capital Link Drybulk,CLDBI,1656.76,1656.76,1656.76,1656.76,0.0,1.022
2022-12-12,Capital Link Drybulk,CLDBI,1655.08,1655.08,1655.08,1655.08,0.0,-0.1014
2022-12-13,Capital Link Drybulk,CLDBI,1642.32,1642.32,1642.32,1642.32,0.0,-0.771
2022-12-14,Capital Link Drybulk,CLDBI,1663.43,1663.43,1663.43,1663.43,0.0,1.2854
2022-12-15,Capital Link Drybulk,CLDBI,1618.7,1618.7,1618.7,1618.7,0.0,-2.689
2022-12-18,Capital Link Drybulk,CLDBI,1556.65,1556.65,1556.65,1556.65,0.0,-3.8333
2022-12-19,Capital Link Drybulk,CLDBI,1609.43,1609.43,1609.43,1609.43,0.0,3.3906
2022-12-20,Capital Link Drybulk,CLDBI,1693.09,1693.09,1693.09,1693.09,0.0,5.1981
2022-12-21,Capital Link Drybulk,CLDBI,1664.62,1664.62,1664.62,1664.62,0.0,-1.6815
2022-12-22,Capital Link Drybulk,CLDBI,1690.15,1690.15,1690.15,1690.15,0.0,1.5337
2022-12-26,Capital Link Drybulk,CLDBI,1672.14,1672.14,1672.14,1672.14,0.0,-1.0656
2022-12-27,Capital Link Drybulk,CLDBI,1626.9,1626.9,1626.9,1626.9,0.0,-2.7055
2022-12-28,Capital Link Drybulk,CLDBI,1652.65,1652.65,1652.65,1652.65,0.0,1.5828
2022-12-29,Capital Link Drybulk,CLDBI,1631.07,1631.07,1631.07,1631.07,0.0,-1.3058
2023-01-02,Capital Link Drybulk,CLDBI,1582.71,1582.71,1582.71,1582.71,0.0,-2.9649
2023-01-03,Capital Link Drybulk,CLDBI,1549.61,1549.61,1549.61,1549.61,0.0,-2.0913
2023-01-04,Capital Link Drybulk,CLDBI,1548.25,1548.25,1548.25,1548.25,0.0,-0.0878
2023-01-05,Capital Link Drybulk,CLDBI,1621.7,1621.7,1621.7,1621.7,0.0,4.7441
2023-01-08,Capital Link Drybulk,CLDBI,1626.76,1626.76,1626.76,1626.76,0.0,0.312
2023-01-09,Capital Link Drybulk,CLDBI,1671.59,1671.59,1671.59,1671.59,0.0,2.7558
2023-01-10,Capital Link Drybulk,CLDBI,1653.12,1653.12,1653.12,1653.12,0.0,-1.1049
2023-01-11,Capital Link Drybulk,CLDBI,1680.17,1680.17,1680.17,1680.17,0.0,1.6363
2023-01-12,Capital Link Drybulk,CLDBI,1678.7,1678.7,1678.7,1678.7,0.0,-0.0875
2023-01-16,Capital Link Drybulk,CLDBI,1735.74,1735.74,1735.74,1735.74,0.0,3.3979
2023-01-17,Capital Link Drybulk,CLDBI,1718.57,1718.57,1718.57,1718.57,0.0,-0.9892
2023-01-18,Capital Link Drybulk,CLDBI,1717.99,1717.99,1717.99,1717.99,0.0,-0.0337
2023-01-19,Capital Link Drybulk,CLDBI,1769.78,1769.78,1769.78,1769.78,0.0,3.0146
2023-01-22,Capital Link Drybulk,CLDBI,1746.21,1746.21,1746.21,1746.21,0.0,-1.3318
2023-01-23,Capital Link Drybulk,CLDBI,1718.39,1718.39,1718.39,1718.39,0.0,-1.5932
2023-01-24,Capital Link Drybulk,CLDBI,1740.85,1740.85,1740.85,1740.85,0.0,1.307
2023-01-25,Capital Link Drybulk,CLDBI,1758.81,1758.81,1758.81,1758.81,0.0,1.0317
2023-01-26,Capital Link Drybulk,CLDBI,1821.21,1821.21,1821.21,1821.21,0.0,3.5479
2023-01-29,Capital Link Drybulk,CLDBI,1815.17,1815.17,1815.17,1815.17,0.0,-0.3316
2023-01-30,Capital Link Drybulk,CLDBI,1844.41,1844.41,1844.41,1844.41,0.0,1.6109
2023-01-31,Capital Link Drybulk,CLDBI,1841.78,1841.78,1841.78,1841.78,0.0,-0.1426
2023-02-01,Capital Link Drybulk,CLDBI,1799.77,1799.77,1799.77,1799.77,0.0,-2.2809
2023-02-02,Capital Link Drybulk,CLDBI,1792.49,1792.49,1792.49,1792.49,0.0,-0.4045
2023-02-05,Capital Link Drybulk,CLDBI,1807.26,1807.26,1807.26,1807.26,0.0,0.824
2023-02-06,Capital Link Drybulk,CLDBI,1845.46,1845.46,1845.46,1845.46,0.0,2.1137
2023-02-07,Capital Link Drybulk,CLDBI,1862.28,1862.28,1862.28,1862.28,0.0,0.9114
2023-02-08,Capital Link Drybulk,CLDBI,1871.75,1871.75,1871.75,1871.75,0.0,0.5085
2023-02-09,Capital Link Drybulk,CLDBI,1864.86,1864.86,1864.86,1864.86,0.0,-0.3681
2023-02-12,Capital Link Drybulk,CLDBI,1859.37,1859.37,1859.37,1859.37,0.0,-0.2944
2023-02-13,Capital Link Drybulk,CLDBI,1849.71,1849.71,1849.71,1849.71,0.0,-0.5195
2023-02-14,Capital Link Drybulk,CLDBI,1850.09,1850.09,1850.09,1850.09,0.0,0.0205
2023-02-15,Capital Link Drybulk,CLDBI,1856.88,1856.88,1856.88,1856.88,0.0,0.367
2023-02-16,Capital Link Drybulk,CLDBI,1832.21,1832.21,1832.21,1832.21,0.0,-1.3286
2023-02-20,Capital Link Drybulk,CLDBI,1815.5,1815.5,1815.5,1815.5,0.0,-0.912
2023-02-21,Capital Link Drybulk,CLDBI,1847.56,1847.56,1847.56,1847.56,0.0,1.7659
2023-02-22,Capital Link Drybulk,CLDBI,1942.87,1942.87,1942.87,1942.87,0.0,5.1587
2023-02-23,Capital Link Drybulk,CLDBI,1981.66,1981.66,1981.66,1981.66,0.0,1.9965
2023-02-26,Capital Link Drybulk,CLDBI,1993.12,1993.12,1993.12,1993.12,0.0,0.5783
2023-02-27,Capital Link Drybulk,CLDBI,1997.79,1997.79,1997.79,1997.79,0.0,0.2343
2023-02-28,Capital Link Drybulk,CLDBI,1996.06,1996.06,1996.06,1996.06,0.0,-0.0866
2023-03-01,Capital Link Drybulk,CLDBI,1968.54,1968.54,1968.54,1968.54,0.0,-1.3787
2023-03-02,Capital Link Drybulk,CLDBI,1895.97,1895.97,1895.97,1895.97,0.0,-3.6865
2023-03-05,Capital Link Drybulk,CLDBI,1769.11,1769.11,1769.11,1769.11,0.0,-6.691
2023-03-06,Capital Link Drybulk,CLDBI,1757.64,1757.64,1757.64,1757.64,0.0,-0.6483
2023-03-07,Capital Link Drybulk,CLDBI,1778.9,1778.9,1778.9,1778.9,0.0,1.2096
2023-03-08,Capital Link Drybulk,CLDBI,1681.73,1681.73,1681.73,1681.73,0.0,-5.4624
2023-03-09,Capital Link Drybulk,CLDBI,1661.78,1661.78,1661.78,1661.78,0.0,-1.1863
2023-03-12,Capital Link Drybulk,CLDBI,1653.72,1653.72,1653.72,1653.72,0.0,-0.485
2023-03-13,Capital Link Drybulk,CLDBI,1704.65,1704.65,1704.65,1704.65,0.0,3.0797
2023-03-14,Capital Link Drybulk,CLDBI,1620.44,1620.44,1620.44,1620.44,0.0,-4.94
2023-03-15,Capital Link Drybulk,CLDBI,1618.74,1618.74,1618.74,1618.74,0.0,-0.1049
2023-03-16,Capital Link Drybulk,CLDBI,1556.41,1556.41,1556.41,1556.41,0.0,-3.8505
2023-03-19,Capital Link Drybulk,CLDBI,1544.22,1544.22,1544.22,1544.22,0.0,-0.7832
2023-03-20,Capital Link Drybulk,CLDBI,1596.26,1596.26,1596.26,1596.26,0.0,3.37
2023-03-21,Capital Link Drybulk,CLDBI,1568.38,1568.38,1568.38,1568.38,0.0,-1.7466
2023-03-22,Capital Link Drybulk,CLDBI,1590.76,1590.76,1590.76,1590.76,0.0,1.427
2023-03-23,Capital Link Drybulk,CLDBI,1612.15,1612.15,1612.15,1612.15,0.0,1.3446
2023-03-27,Capital Link Drybulk,CLDBI,1581.14,1581.14,1581.14,1581.14,0.0,-1.9235
2023-03-28,Capital Link Drybulk,CLDBI,1559.16,1559.16,1559.16,1559.16,0.0,-1.3901
2023-03-29,Capital Link Drybulk,CLDBI,1576.62,1576.62,1576.62,1576.62,0.0,1.1198
2023-03-30,Capital Link Drybulk,CLDBI,1561.28,1561.28,1561.28,1561.28,0.0,-0.973
2023-03-31,Capital Link Drybulk,CLDBI,1584.95,1584.95,1584.95,1584.95,0.0,1.5161
2023-04-03,Capital Link Drybulk,CLDBI,1549.12,1549.12,1549.12,1549.12,0.0,-2.2606
2023-04-04,Capital Link Drybulk,CLDBI,1550.33,1550.33,1550.33,1550.33,0.0,0.0781
2023-04-05,Capital Link Drybulk,CLDBI,1526.64,1526.64,1526.64,1526.64,0.0,-1.5281
2023-04-06,Capital Link Drybulk,CLDBI,1511.3,1511.3,1511.3,1511.3,0.0,-1.0048
2023-04-10,Capital Link Drybulk,CLDBI,1557.83,1557.83,1557.83,1557.83,0.0,3.0788
2023-04-11,Capital Link Drybulk,CLDBI,1586.27,1586.27,1586.27,1586.27,0.0,1.8256
2023-04-12,Capital Link Drybulk,CLDBI,1599.74,1599.74,1599.74,1599.74,0.0,0.8492
2023-04-13,Capital Link Drybulk,CLDBI,1629.7,1629.7,1629.7,1629.7,0.0,1.8728
2023-04-14,Capital Link Drybulk,CLDBI,1632.54,1632.54,1632.54,1632.54,0.0,0.1743
2023-04-17,Capital Link Drybulk,CLDBI,1641.75,1641.75,1641.75,1641.75,0.0,0.5642
2023-04-18,Capital Link Drybulk,CLDBI,1650.72,1650.72,1650.72,1650.72,0.0,0.5464
2023-04-19,Capital Link Drybulk,CLDBI,1611.25,1611.25,1611.25,1611.25,0.0,-2.3911
2023-04-20,Capital Link Drybulk,CLDBI,1588.69,1588.69,1588.69,1588.69,0.0,-1.4002
2023-04-21,Capital Link Drybulk,CLDBI,1560.81,1560.81,1560.81,1560.81,0.0,-1.7549
2023-04-24,Capital Link Drybulk,CLDBI,1594.55,1594.55,1594.55,1594.55,0.0,2.1617
2023-04-25,Capital Link Drybulk,CLDBI,1547.94,1547.94,1547.94,1547.94,0.0,-2.9231
2023-04-26,Capital Link Drybulk,CLDBI,1534.92,1534.92,1534.92,1534.92,0.0,-0.8411
2023-04-27,Capital Link Drybulk,CLDBI,1566.15,1566.15,1566.15,1566.15,0.0,2.0346
2023-04-28,Capital Link Drybulk,CLDBI,1565.09,1565.09,1565.09,1565.09,0.0,-0.0677
2023-05-01,Capital Link Drybulk,CLDBI,1521.88,1521.88,1521.88,1521.88,0.0,-2.7609
2023-05-02,Capital Link Drybulk,CLDBI,1466.04,1466.04,1466.04,1466.04,0.0,-3.6691
2023-05-03,Capital Link Drybulk,CLDBI,1449.03,1449.03,1449.03,1449.03,0.0,-1.1603
2023-05-04,Capital Link Drybulk,CLDBI,1388.3,1388.3,1388.3,1388.3,0.0,-4.1911
2023-05-05,Capital Link Drybulk,CLDBI,1428.75,1428.75,1428.75,1428.75,0.0,2.9136
2023-05-08,Capital Link Drybulk,CLDBI,1454.08,1454.08,1454.08,1454.08,0.0,1.7729
2023-05-09,Capital Link Drybulk,CLDBI,1472.6,1472.6,1472.6,1472.6,0.0,1.2737
2023-05-10,Capital Link Drybulk,CLDBI,1450.48,1450.48,1450.48,1450.48,0.0,-1.5021
2023-05-11,Capital Link Drybulk,CLDBI,1442.98,1442.98,1442.98,1442.98,0.0,-0.5171
2023-05-12,Capital Link Drybulk,CLDBI,1437.75,1437.75,1437.75,1437.75,0.0,-0.3624
2023-05-15,Capital Link Drybulk,CLDBI,1437.68,1437.68,1437.68,1437.68,0.0,-0.0049
2023-05-16,Capital Link Drybulk,CLDBI,1423.79,1423.79,1423.79,1423.79,0.0,-0.9661
2023-05-17,Capital Link Drybulk,CLDBI,1454.16,1454.16,1454.16,1454.16,0.0,2.133
2023-05-18,Capital Link Drybulk,CLDBI,1453.51,1453.51,1453.51,1453.51,0.0,-0.0447
2023-05-19,Capital Link Drybulk,CLDBI,1441.78,1441.78,1441.78,1441.78,0.0,-0.807
2023-05-22,Capital Link Drybulk,CLDBI,1432.96,1432.96,1432.96,1432.96,0.0,-0.6117
2023-05-23,Capital Link Drybulk,CLDBI,1421.01,1421.01,1421.01,1421.01,0.0,-0.8339
2023-05-24,Capital Link Drybulk,CLDBI,1397.65,1397.65,1397.65,1397.65,0.0,-1.6439
2023-05-25,Capital Link Drybulk,CLDBI,1361.91,1361.91,1361.91,1361.91,0.0,-2.5571
2023-05-26,Capital Link Drybulk,CLDBI,1362.05,1362.05,1362.05,1362.05,0.0,0.0103
2023-05-30,Capital Link Drybulk,CLDBI,1354.65,1354.65,1354.65,1354.65,0.0,-0.5433
2023-05-31,Capital Link Drybulk,CLDBI,1303.58,1303.58,1303.58,1303.58,0.0,-3.77
2023-06-01,Capital Link Drybulk,CLDBI,1337.46,1337.46,1337.46,1337.46,0.0,2.599
2023-06-02,Capital Link Drybulk,CLDBI,1405.17,1405.17,1405.17,1405.17,0.0,5.0626
2023-06-05,Capital Link Drybulk,CLDBI,1411.66,1411.66,1411.66,1411.66,0.0,0.4619
2023-06-06,Capital Link Drybulk,CLDBI,1415.67,1415.67,1415.67,1415.67,0.0,0.2841
2023-06-07,Capital Link Drybulk,CLDBI,1409.64,1409.64,1409.64,1409.64,0.0,-0.4259
2023-06-08,Capital Link Drybulk,CLDBI,1413.54,1413.54,1413.54,1413.54,0.0,0.2767
2023-06-09,Capital Link Drybulk,CLDBI,1412.04,1412.04,1412.04,1412.04,0.0,-0.1061
2023-06-12,Capital Link Drybulk,CLDBI,1405.48,1405.48,1405.48,1405.48,0.0,-0.4646
2023-06-13,Capital Link Drybulk,CLDBI,1408.35,1408.35,1408.35,1408.35,0.0,0.2042
2023-06-14,Capital Link Drybulk,CLDBI,1435.27,1435.27,1435.27,1435.27,0.0,1.9115
2023-06-15,Capital Link Drybulk,CLDBI,1459.27,1459.27,1459.27,1459.27,0.0,1.6722
2023-06-16,Capital Link Drybulk,CLDBI,1451.21,1451.21,1451.21,1451.21,0.0,-0.5523
2023-06-20,Capital Link Drybulk,CLDBI,1456.1,1456.1,1456.1,1456.1,0.0,0.337
2023-06-21,Capital Link Drybulk,CLDBI,1464.13,1464.13,1464.13,1464.13,0.0,0.5515
2023-06-22,Capital Link Drybulk,CLDBI,1490.4,1490.4,1490.4,1490.4,0.0,1.7942
2023-06-23,Capital Link Drybulk,CLDBI,1483.75,1483.75,1483.75,1483.75,0.0,-0.4462
2023-06-26,Capital Link Drybulk,CLDBI,1451.67,1451.67,1451.67,1451.67,0.0,-2.1621
2023-06-27,Capital Link Drybulk,CLDBI,1427.95,1427.95,1427.95,1427.95,0.0,-1.634
2023-06-28,Capital Link Drybulk,CLDBI,1429.4,1429.4,1429.4,1429.4,0.0,0.1015
2023-06-29,Capital Link Drybulk,CLDBI,1457.29,1457.29,1457.29,1457.29,0.0,1.9512
2023-06-30,Capital Link Drybulk,CLDBI,1477.78,1477.78,1477.78,1477.78,0.0,1.406
2023-07-03,Capital Link Drybulk,CLDBI,1476.56,1476.56,1476.56,1476.56,0.0,-0.0826
2023-07-05,Capital Link Drybulk,CLDBI,1461.25,1461.25,1461.25,1461.25,0.0,-1.0369
2023-07-06,Capital Link Drybulk,CLDBI,1444.03,1444.03,1444.03,1444.03,0.0,-1.1784
2023-07-07,Capital Link Drybulk,CLDBI,1455.25,1455.25,1455.25,1455.25,0.0,0.777
2023-07-10,Capital Link Drybulk,CLDBI,1437.05,1437.05,1437.05,1437.05,0.0,-1.2506
2023-07-11,Capital Link Drybulk,CLDBI,1453.82,1453.82,1453.82,1453.82,0.0,1.167
2023-07-12,Capital Link Drybulk,CLDBI,1466.24,1466.24,1466.24,1466.24,0.0,0.8543
2023-07-13,Capital Link Drybulk,CLDBI,1478.99,1478.99,1478.99,1478.99,0.0,0.8696
2023-07-14,Capital Link Drybulk,CLDBI,1443.12,1443.12,1443.12,1443.12,0.0,-2.4253
2023-07-17,Capital Link Drybulk,CLDBI,1437.54,1437.54,1437.54,1437.54,0.0,-0.3867
2023-07-18,Capital Link Drybulk,CLDBI,1365.36,1365.36,1365.36,1365.36,0.0,-5.0211
2023-07-19,Capital Link Drybulk,CLDBI,1366.76,1366.76,1366.76,1366.76,0.0,0.1025
2023-07-20,Capital Link Drybulk,CLDBI,1364.52,1364.52,1364.52,1364.52,0.0,-0.1639
2023-07-21,Capital Link Drybulk,CLDBI,1350.39,1350.39,1350.39,1350.39,0.0,-1.0355
2023-07-24,Capital Link Drybulk,CLDBI,1351.7,1351.7,1351.7,1351.7,0.0,0.097
2023-07-25,Capital Link Drybulk,CLDBI,1370.62,1370.62,1370.62,1370.62,0.0,1.3997
2023-07-26,Capital Link Drybulk,CLDBI,1386.87,1386.87,1386.87,1386.87,0.0,1.1856
2023-07-27,Capital Link Drybulk,CLDBI,1374.03,1374.03,1374.03,1374.03,0.0,-0.9258
2023-07-28,Capital Link Drybulk,CLDBI,1449.07,1449.07,1449.07,1449.07,0.0,5.4613
2023-07-31,Capital Link Drybulk,CLDBI,1437.16,1437.16,1437.16,1437.16,0.0,-0.8219
2023-08-01,Capital Link Drybulk,CLDBI,1421.24,1421.24,1421.24,1421.24,0.0,-1.1077
2023-08-02,Capital Link Drybulk,CLDBI,1396.86,1396.86,1396.86,1396.86,0.0,-1.7154
2023-08-03,Capital Link Drybulk,CLDBI,1417.7,1417.7,1417.7,1417.7,0.0,1.4919
2023-08-04,Capital Link Drybulk,CLDBI,1426.87,1426.87,1426.87,1426.87,0.0,0.6468
2023-08-07,Capital Link Drybulk,CLDBI,1442.36,1442.36,1442.36,1442.36,0.0,1.0856
2023-08-08,Capital Link Drybulk,CLDBI,1423.69,1423.69,1423.69,1423.69,0.0,-1.2944
2023-08-09,Capital Link Drybulk,CLDBI,1449.27,1449.27,1449.27,1449.27,0.0,1.7967
2023-08-10,Capital Link Drybulk,CLDBI,1451.17,1451.17,1451.17,1451.17,0.0,0.1311
2023-08-11,Capital Link Drybulk,CLDBI,1441.44,1441.44,1441.44,1441.44,0.0,-0.6705
2023-08-14,Capital Link Drybulk,CLDBI,1432.66,1432.66,1432.66,1432.66,0.0,-0.6091
2023-08-15,Capital Link Drybulk,CLDBI,1424.65,1424.65,1424.65,1424.65,0.0,-0.5591
2023-08-16,Capital Link Drybulk,CLDBI,1421.29,1421.29,1421.29,1421.29,0.0,-0.2358
2023-08-17,Capital Link Drybulk,CLDBI,1428.31,1428.31,1428.31,1428.31,0.0,0.4939
2023-08-18,Capital Link Drybulk,CLDBI,1420.41,1420.41,1420.41,1420.41,0.0,-0.5531
2023-08-21,Capital Link Drybulk,CLDBI,1384.69,1384.69,1384.69,1384.69,0.0,-2.5148
2023-08-22,Capital Link Drybulk,CLDBI,1373.8,1373.8,1373.8,1373.8,0.0,-0.7865
2023-08-23,Capital Link Drybulk,CLDBI,1379.84,1379.84,1379.84,1379.84,0.0,0.4397
2023-08-24,Capital Link Drybulk,CLDBI,1346.17,1346.17,1346.17,1346.17,0.0,-2.4401
2023-08-25,Capital Link Drybulk,CLDBI,1326.63,1326.63,1326.63,1326.63,0.0,-1.4515
2023-08-28,Capital Link Drybulk,CLDBI,1330.86,1330.86,1330.86,1330.86,0.0,0.3189
2023-08-29,Capital Link Drybulk,CLDBI,1374.51,1374.51,1374.51,1374.51,0.0,3.2798
2023-08-30,Capital Link Drybulk,CLDBI,1369.31,1369.31,1369.31,1369.31,0.0,-0.3783
2023-08-31,Capital Link Drybulk,CLDBI,1370.7,1370.7,1370.7,1370.7,0.0,0.1015
2023-09-01,Capital Link Drybulk,CLDBI,1378.33,1378.33,1378.33,1378.33,0.0,0.5566
2023-09-05,Capital Link Drybulk,CLDBI,1354.99,1354.99,1354.99,1354.99,0.0,-1.6934
2023-09-06,Capital Link Drybulk,CLDBI,1358.77,1358.77,1358.77,1358.77,0.0,0.279
2023-09-07,Capital Link Drybulk,CLDBI,1340.69,1340.69,1340.69,1340.69,0.0,-1.3306
2023-09-08,Capital Link Drybulk,CLDBI,1357.5,1357.5,1357.5,1357.5,0.0,1.2538
2023-09-11,Capital Link Drybulk,CLDBI,1344.79,1344.79,1344.79,1344.79,0.0,-0.9363
2023-09-12,Capital Link Drybulk,CLDBI,1329.68,1329.68,1329.68,1329.68,0.0,-1.1236
2023-09-13,Capital Link Drybulk,CLDBI,1343.81,1343.81,1343.81,1343.81,0.0,1.0627
2023-09-14,Capital Link Drybulk,CLDBI,1380.99,1380.99,1380.99,1380.99,0.0,2.7668
2023-09-15,Capital Link Drybulk,CLDBI,1366.28,1366.28,1366.28,1366.28,0.0,-1.0652
2023-09-18,Capital Link Drybulk,CLDBI,1343.84,1343.84,1343.84,1343.84,0.0,-1.6424
2023-09-19,Capital Link Drybulk,CLDBI,1352.56,1352.56,1352.56,1352.56,0.0,0.6489
2023-09-20,Capital Link Drybulk,CLDBI,1343.83,1343.83,1343.83,1343.83,0.0,-0.6454
2023-09-21,Capital Link Drybulk,CLDBI,1326.74,1326.74,1326.74,1326.74,0.0,-1.2717
2023-09-22,Capital Link Drybulk,CLDBI,1358.47,1358.47,1358.47,1358.47,0.0,2.3916
2023-09-25,Capital Link Drybulk,CLDBI,1376.6,1376.6,1376.6,1376.6,0.0,1.3346
2023-09-26,Capital Link Drybulk,CLDBI,1385.98,1385.98,1385.98,1385.98,0.0,0.6814
2023-09-27,Capital Link Drybulk,CLDBI,1411.28,1411.28,1411.28,1411.28,0.0,1.8254
2023-09-28,Capital Link Drybulk,CLDBI,1413.12,1413.12,1413.12,1413.12,0.0,0.1304
2023-09-29,Capital Link Drybulk,CLDBI,1416.55,1416.55,1416.55,1416.55,0.0,0.2427
2023-10-02,Capital Link Drybulk,CLDBI,1417.34,1417.34,1417.34,1417.34,0.0,0.0558
2023-10-03,Capital Link Drybulk,CLDBI,1394.38,1394.38,1394.38,1394.38,0.0,-1.6199
2023-10-04,Capital Link Drybulk,CLDBI,1382.07,1382.07,1382.07,1382.07,0.0,-0.8828
2023-10-05,Capital Link Drybulk,CLDBI,1420.1,1420.1,1420.1,1420.1,0.0,2.7517
2023-10-06,Capital Link Drybulk,CLDBI,1442.82,1442.82,1442.82,1442.82,0.0,1.5999
2023-10-09,Capital Link Drybulk,CLDBI,1440.63,1440.63,1440.63,1440.63,0.0,-0.1518
2023-10-10,Capital Link Drybulk,CLDBI,1433.0,1433.0,1433.0,1433.0,0.0,-0.5296
2023-10-11,Capital Link Drybulk,CLDBI,1439.31,1439.31,1439.31,1439.31,0.0,0.4403
2023-10-12,Capital Link Drybulk,CLDBI,1432.96,1432.96,1432.96,1432.96,0.0,-0.4412
2023-10-13,Capital Link Drybulk,CLDBI,1438.29,1438.29,1438.29,1438.29,0.0,0.372
2023-10-16,Capital Link Drybulk,CLDBI,1434.7,1434.7,1434.7,1434.7,0.0,-0.2496
2023-10-17,Capital Link Drybulk,CLDBI,1466.06,1466.06,1466.06,1466.06,0.0,2.1858
2023-10-18,Capital Link Drybulk,CLDBI,1442.35,1442.35,1442.35,1442.35,0.0,-1.6173
2023-10-19,Capital Link Drybulk,CLDBI,1411.53,1411.53,1411.53,1411.53,0.0,-2.1368
2023-10-20,Capital Link Drybulk,CLDBI,1407.74,1407.74,1407.74,1407.74,0.0,-0.2685
2023-10-23,Capital Link Drybulk,CLDBI,1376.29,1376.29,1376.29,1376.29,0.0,-2.2341
2023-10-24,Capital Link Drybulk,CLDBI,1410.59,1410.59,1410.59,1410.59,0.0,2.4922
2023-10-25,Capital Link Drybulk,CLDBI,1387.79,1387.79,1387.79,1387.79,0.0,-1.6163
2023-10-26,Capital Link Drybulk,CLDBI,1373.04,1373.04,1373.04,1373.04,0.0,-1.0628
2023-10-27,Capital Link Drybulk,CLDBI,1362.65,1362.65,1362.65,1362.65,0.0,-0.7567
2023-10-29,Capital Link Drybulk,CLDBI,1357.91,1357.91,1357.91,1357.91,0.0,-0.3479
2023-10-30,Capital Link Drybulk,CLDBI,1360.59,1360.59,1360.59,1360.59,0.0,0.1974
2023-10-31,Capital Link Drybulk,CLDBI,1353.34,1353.34,1353.34,1353.34,0.0,-0.5329
2023-11-01,Capital Link Drybulk,CLDBI,1388.19,1388.19,1388.19,1388.19,0.0,2.5751
2023-11-02,Capital Link Drybulk,CLDBI,1383.7,1383.7,1383.7,1383.7,0.0,-0.3234
2023-11-05,Capital Link Drybulk,CLDBI,1383.06,1383.06,1383.06,1383.06,0.0,-0.0463
2023-11-06,Capital Link Drybulk,CLDBI,1351.81,1351.81,1351.81,1351.81,0.0,-2.2595
2023-11-07,Capital Link Drybulk,CLDBI,1333.42,1333.42,1333.42,1333.42,0.0,-1.3604
2023-11-08,Capital Link Drybulk,CLDBI,1365.85,1365.85,1365.85,1365.85,0.0,2.4321
2023-11-09,Capital Link Drybulk,CLDBI,1358.07,1358.07,1358.07,1358.07,0.0,-0.5696
2023-11-12,Capital Link Drybulk,CLDBI,1364.25,1364.25,1364.25,1364.25,0.0,0.4551
2023-11-13,Capital Link Drybulk,CLDBI,1405.41,1405.41,1405.41,1405.41,0.0,3.017
2023-11-14,Capital Link Drybulk,CLDBI,1399.7,1399.7,1399.7,1399.7,0.0,-0.4063
2023-11-15,Capital Link Drybulk,CLDBI,1383.17,1383.17,1383.17,1383.17,0.0,-1.181
2023-11-16,Capital Link Drybulk,CLDBI,1398.0,1398.0,1398.0,1398.0,0.0,1.0722
2023-11-19,Capital Link Drybulk,CLDBI,1398.1,1398.1,1398.1,1398.1,0.0,0.0072
2023-11-20,Capital Link Drybulk,CLDBI,1435.96,1435.96,1435.96,1435.96,0.0,2.708
2023-11-21,Capital Link Drybulk,CLDBI,1430.21,1430.21,1430.21,1430.21,0.0,-0.4004
2023-11-23,Capital Link Drybulk,CLDBI,1487.74,1487.74,1487.74,1487.74,0.0,4.0225
2023-11-26,Capital Link Drybulk,CLDBI,1469.99,1469.99,1469.99,1469.99,0.0,-1.1931
2023-11-27,Capital Link Drybulk,CLDBI,1470.79,1470.79,1470.79,1470.79,0.0,0.0544
2023-11-28,Capital Link Drybulk,CLDBI,1497.24,1497.24,1497.24,1497.24,0.0,1.7984
2023-11-29,Capital Link Drybulk,CLDBI,1545.01,1545.01,1545.01,1545.01,0.0,3.1905
2023-11-30,Capital Link Drybulk,CLDBI,1596.18,1596.18,1596.18,1596.18,0.0,3.312
2023-12-03,Capital Link Drybulk,CLDBI,1575.04,1575.04,1575.04,1575.04,0.0,-1.3244
2023-12-04,Capital Link Drybulk,CLDBI,1501.15,1501.15,1501.15,1501.15,0.0,-4.6913
2023-12-05,Capital Link Drybulk,CLDBI,1483.25,1483.25,1483.25,1483.25,0.0,-1.1924
2023-12-06,Capital Link Drybulk,CLDBI,1472.25,1472.25,1472.25,1472.25,0.0,-0.7416
2023-12-07,Capital Link Drybulk,CLDBI,1486.83,1486.83,1486.83,1486.83,0.0,0.9903
2023-12-10,Capital Link Drybulk,CLDBI,1487.0,1487.0,1487.0,1487.0,0.0,0.0114
2023-12-11,Capital Link Drybulk,CLDBI,1545.26,1545.26,1545.26,1545.26,0.0,3.918
2023-12-12,Capital Link Drybulk,CLDBI,1562.34,1562.34,1562.34,1562.34,0.0,1.1053
2023-12-13,Capital Link Drybulk,CLDBI,1594.99,1594.99,1594.99,1594.99,0.0,2.0898
2023-12-14,Capital Link Drybulk,CLDBI,1640.1,1640.1,1640.1,1640.1,0.0,2.8282
2023-12-17,Capital Link Drybulk,CLDBI,1642.73,1642.73,1642.73,1642.73,0.0,0.1604
2023-12-18,Capital Link Drybulk,CLDBI,1647.24,1647.24,1647.24,1647.24,0.0,0.2745
2023-12-19,Capital Link Drybulk,CLDBI,1632.38,1632.38,1632.38,1632.38,0.0,-0.9021
2023-12-20,Capital Link Drybulk,CLDBI,1664.34,1664.34,1664.34,1664.34,0.0,1.9579
2023-12-21,Capital Link Drybulk,CLDBI,1683.61,1683.61,1683.61,1683.61,0.0,1.1578
2023-12-25,Capital Link Drybulk,CLDBI,1648.24,1648.24,1648.24,1648.24,0.0,-2.1008
2023-12-26,Capital Link Drybulk,CLDBI,1647.79,1647.79,1647.79,1647.79,0.0,-0.0273
2023-12-27,Capital Link Drybulk,CLDBI,1659.26,1659.26,1659.26,1659.26,0.0,0.6961
2023-12-28,Capital Link Drybulk,CLDBI,1671.38,1671.38,1671.38,1671.38,0.0,0.7304
2024-01-01,Capital Link Drybulk,CLDBI,1658.09,1658.09,1658.09,1658.09,0.0,-0.7952
2024-01-02,Capital Link Drybulk,CLDBI,1704.63,1704.63,1704.63,1704.63,0.0,2.8068
2024-01-03,Capital Link Drybulk,CLDBI,1738.46,1738.46,1738.46,1738.46,0.0,1.9846
2024-01-04,Capital Link Drybulk,CLDBI,1724.68,1724.68,1724.68,1724.68,0.0,-0.7927
2024-01-07,Capital Link Drybulk,CLDBI,1677.22,1677.22,1677.22,1677.22,0.0,-2.7518
2024-01-08,Capital Link Drybulk,CLDBI,1641.05,1641.05,1641.05,1641.05,0.0,-2.1565
2024-01-09,Capital Link Drybulk,CLDBI,1666.88,1666.88,1666.88,1666.88,0.0,1.574
2024-01-10,Capital Link Drybulk,CLDBI,1637.56,1637.56,1637.56,1637.56,0.0,-1.759
2024-01-11,Capital Link Drybulk,CLDBI,1645.42,1645.42,1645.42,1645.42,0.0,0.48
2024-01-15,Capital Link Drybulk,CLDBI,1674.25,1674.25,1674.25,1674.25,0.0,1.7521
2024-01-16,Capital Link Drybulk,CLDBI,1673.72,1673.72,1673.72,1673.72,0.0,-0.0317
2024-01-17,Capital Link Drybulk,CLDBI,1710.06,1710.06,1710.06,1710.06,0.0,2.1712
2024-01-18,Capital Link Drybulk,CLDBI,1699.58,1699.58,1699.58,1699.58,0.0,-0.6128
2024-01-21,Capital Link Drybulk,CLDBI,1686.57,1686.57,1686.57,1686.57,0.0,-0.7655
2024-01-22,Capital Link Drybulk,CLDBI,1671.31,1671.31,1671.31,1671.31,0.0,-0.9048
2024-01-23,Capital Link Drybulk,CLDBI,1713.44,1713.44,1713.44,1713.44,0.0,2.5208
2024-01-24,Capital Link Drybulk,CLDBI,1693.18,1693.18,1693.18,1693.18,0.0,-1.1824
2024-01-25,Capital Link Drybulk,CLDBI,1724.6,1724.6,1724.6,1724.6,0.0,1.8557
2024-01-28,Capital Link Drybulk,CLDBI,1700.13,1700.13,1700.13,1700.13,0.0,-1.4189
2024-01-29,Capital Link Drybulk,CLDBI,1717.89,1717.89,1717.89,1717.89,0.0,1.0446
2024-01-30,Capital Link Drybulk,CLDBI,1702.99,1702.99,1702.99,1702.99,0.0,-0.8673
2024-01-31,Capital Link Drybulk,CLDBI,1684.97,1684.97,1684.97,1684.97,0.0,-1.0581
2024-02-01,Capital Link Drybulk,CLDBI,1672.72,1672.72,1672.72,1672.72,0.0,-0.727
2024-02-04,Capital Link Drybulk,CLDBI,1700.35,1700.35,1700.35,1700.35,0.0,1.6518
2024-02-05,Capital Link Drybulk,CLDBI,1742.4,1742.4,1742.4,1742.4,0.0,2.473
2024-02-06,Capital Link Drybulk,CLDBI,1761.47,1761.47,1761.47,1761.47,0.0,1.0945
2024-02-07,Capital Link Drybulk,CLDBI,1767.57,1767.57,1767.57,1767.57,0.0,0.3463
2024-02-08,Capital Link Drybulk,CLDBI,1767.64,1767.64,1767.64,1767.64,0.0,0.004
2024-02-11,Capital Link Drybulk,CLDBI,1803.91,1803.91,1803.91,1803.91,0.0,2.0519
2024-02-12,Capital Link Drybulk,CLDBI,1769.4,1769.4,1769.4,1769.4,0.0,-1.9131
2024-02-13,Capital Link Drybulk,CLDBI,1766.58,1766.58,1766.58,1766.58,0.0,-0.1594
2024-02-14,Capital Link Drybulk,CLDBI,1802.96,1802.96,1802.96,1802.96,0.0,2.0593
2024-02-15,Capital Link Drybulk,CLDBI,1798.49,1798.49,1798.49,1798.49,0.0,-0.2479
2024-02-19,Capital Link Drybulk,CLDBI,1789.86,1789.86,1789.86,1789.86,0.0,-0.4798
2024-02-20,Capital Link Drybulk,CLDBI,1850.33,1850.33,1850.33,1850.33,0.0,3.3785
2024-02-21,Capital Link Drybulk,CLDBI,1898.54,1898.54,1898.54,1898.54,0.0,2.6055
2024-02-22,Capital Link Drybulk,CLDBI,1948.36,1948.36,1948.36,1948.36,0.0,2.6241
2024-02-25,Capital Link Drybulk,CLDBI,1913.4,1913.4,1913.4,1913.4,0.0,-1.7943
2024-02-26,Capital Link Drybulk,CLDBI,1932.46,1932.46,1932.46,1932.46,0.0,0.9961
2024-02-27,Capital Link Drybulk,CLDBI,1971.24,1971.24,1971.24,1971.24,0.0,2.0068
2024-02-28,Capital Link Drybulk,CLDBI,1973.59,1973.59,1973.59,1973.59,0.0,0.1192
2024-02-29,Capital Link Drybulk,CLDBI,2010.24,2010.24,2010.24,2010.24,0.0,1.857
2024-03-03,Capital Link Drybulk,CLDBI,1968.27,1968.27,1968.27,1968.27,0.0,-2.0878
2024-03-04,Capital Link Drybulk,CLDBI,1987.05,1987.05,1987.05,1987.05,0.0,0.9541
2024-03-05,Capital Link Drybulk,CLDBI,2009.01,2009.01,2009.01,2009.01,0.0,1.1052
2024-03-06,Capital Link Drybulk,CLDBI,2107.11,2107.11,2107.11,2107.11,0.0,4.883
2024-03-07,Capital Link Drybulk,CLDBI,2186.98,2186.98,2186.98,2186.98,0.0,3.7905
2024-03-10,Capital Link Drybulk,CLDBI,2177.51,2177.51,2177.51,2177.51,0.0,-0.433
2024-03-11,Capital Link Drybulk,CLDBI,2218.9,2218.9,2218.9,2218.9,0.0,1.9008
2024-03-12,Capital Link Drybulk,CLDBI,2156.28,2156.28,2156.28,2156.28,0.0,-2.8221
2024-03-13,Capital Link Drybulk,CLDBI,2092.35,2092.35,2092.35,2092.35,0.0,-2.9648
2024-03-14,Capital Link Drybulk,CLDBI,2087.65,2087.65,2087.65,2087.65,0.0,-0.2246
2024-03-17,Capital Link Drybulk,CLDBI,2124.04,2124.04,2124.04,2124.04,0.0,1.7431
2024-03-18,Capital Link Drybulk,CLDBI,2100.32,2100.32,2100.32,2100.32,0.0,-1.1167
2024-03-19,Capital Link Drybulk,CLDBI,2090.81,2090.81,2090.81,2090.81,0.0,-0.4528
2024-03-20,Capital Link Drybulk,CLDBI,2131.93,2131.93,2131.93,2131.93,0.0,1.9667
2024-03-21,Capital Link Drybulk,CLDBI,2136.57,2136.57,2136.57,2136.57,0.0,0.2176
2024-03-24,Capital Link Drybulk,CLDBI,2143.86,2143.86,2143.86,2143.86,0.0,0.3412
2024-03-25,Capital Link Drybulk,CLDBI,2123.8,2123.8,2123.8,2123.8,0.0,-0.9357
2024-03-26,Capital Link Drybulk,CLDBI,2134.79,2134.79,2134.79,2134.79,0.0,0.5175
2024-03-27,Capital Link Drybulk,CLDBI,2133.31,2133.31,2133.31,2133.31,0.0,-0.0693
2024-04-01,Capital Link Drybulk,CLDBI,2113.59,2113.59,2113.59,2113.59,0.0,-0.9244
2024-04-02,Capital Link Drybulk,CLDBI,2096.81,2096.81,2096.81,2096.81,0.0,-0.7939
2024-04-03,Capital Link Drybulk,CLDBI,2159.06,2159.06,2159.06,2159.06,0.0,2.9688
2024-04-04,Capital Link Drybulk,CLDBI,2124.85,2124.85,2124.85,2124.85,0.0,-1.5845
2024-04-05,Capital Link Drybulk,CLDBI,2134.82,2134.82,2134.82,2134.82,0.0,0.4692
2024-04-08,Capital Link Drybulk,CLDBI,2123.47,2123.47,2123.47,2123.47,0.0,-0.5317
2024-04-09,Capital Link Drybulk,CLDBI,1816.99,1816.99,1816.99,1816.99,0.0,-14.433
2024-04-10,Capital Link Drybulk,CLDBI,1861.94,1861.94,1861.94,1861.94,0.0,2.4739
2024-04-11,Capital Link Drybulk,CLDBI,1889.53,1889.53,1889.53,1889.53,0.0,1.4818
2024-04-12,Capital Link Drybulk,CLDBI,1862.12,1862.12,1862.12,1862.12,0.0,-1.4506
2024-04-15,Capital Link Drybulk,CLDBI,1858.95,1858.95,1858.95,1858.95,0.0,-0.1702
2024-04-16,Capital Link Drybulk,CLDBI,1852.37,1852.37,1852.37,1852.37,0.0,-0.354
2024-04-17,Capital Link Drybulk,CLDBI,1848.43,1848.43,1848.43,1848.43,0.0,-0.2127
2024-04-18,Capital Link Drybulk,CLDBI,1847.76,1847.76,1847.76,1847.76,0.0,-0.0362
2024-04-19,Capital Link Drybulk,CLDBI,1836.18,1836.18,1836.18,1836.18,0.0,-0.6267
2024-04-22,Capital Link Drybulk,CLDBI,1862.87,1862.87,1862.87,1862.87,0.0,1.4536
2024-04-23,Capital Link Drybulk,CLDBI,1894.14,1894.14,1894.14,1894.14,0.0,1.6786
2024-04-24,Capital Link Drybulk,CLDBI,1910.52,1910.52,1910.52,1910.52,0.0,0.8648
2024-04-25,Capital Link Drybulk,CLDBI,1945.84,1945.84,1945.84,1945.84,0.0,1.8487
2024-04-26,Capital Link Drybulk,CLDBI,1971.54,1971.54,1971.54,1971.54,0.0,1.3208
2024-04-29,Capital Link Drybulk,CLDBI,1961.13,1961.13,1961.13,1961.13,0.0,-0.528
2024-04-30,Capital Link Drybulk,CLDBI,1939.83,1939.83,1939.83,1939.83,0.0,-1.0861
2024-05-01,Capital Link Drybulk,CLDBI,1937.56,1937.56,1937.56,1937.56,0.0,-0.117
2024-05-02,Capital Link Drybulk,CLDBI,1977.88,1977.88,1977.88,1977.88,0.0,2.081
2024-05-03,Capital Link Drybulk,CLDBI,1993.7,1993.7,1993.7,1993.7,0.0,0.7998
2024-05-06,Capital Link Drybulk,CLDBI,1977.91,1977.91,1977.91,1977.91,0.0,-0.792
2024-05-07,Capital Link Drybulk,CLDBI,2059.28,2059.28,2059.28,2059.28,0.0,4.1139
2024-05-08,Capital Link Drybulk,CLDBI,2074.46,2074.46,2074.46,2074.46,0.0,0.7372
2024-05-09,Capital Link Drybulk,CLDBI,2100.8,2100.8,2100.8,2100.8,0.0,1.2697
2024-05-10,Capital Link Drybulk,CLDBI,2078.02,2078.02,2078.02,2078.02,0.0,-1.0843
2024-05-13,Capital Link Drybulk,CLDBI,2095.87,2095.87,2095.87,2095.87,0.0,0.859
2024-05-14,Capital Link Drybulk,CLDBI,2063.65,2063.65,2063.65,2063.65,0.0,-1.5373
2024-05-15,Capital Link Drybulk,CLDBI,2025.28,2025.28,2025.28,2025.28,0.0,-1.8593
2024-05-16,Capital Link Drybulk,CLDBI,2078.69,2078.69,2078.69,2078.69,0.0,2.6372
2024-05-17,Capital Link Drybulk,CLDBI,2101.85,2101.85,2101.85,2101.85,0.0,1.1142
2024-05-20,Capital Link Drybulk,CLDBI,2132.12,2132.12,2132.12,2132.12,0.0,1.4402
2024-05-21,Capital Link Drybulk,CLDBI,2159.45,2159.45,2159.45,2159.45,0.0,1.2818
2024-05-22,Capital Link Drybulk,CLDBI,2083.49,2083.49,2083.49,2083.49,0.0,-3.5176
2024-05-23,Capital Link Drybulk,CLDBI,2094.88,2094.88,2094.88,2094.88,0.0,0.5467
2024-05-24,Capital Link Drybulk,CLDBI,2144.92,2144.92,2144.92,2144.92,0.0,2.3887
2024-05-28,Capital Link Drybulk,CLDBI,2144.79,2144.79,2144.79,2144.79,0.0,-0.0061
2024-05-29,Capital Link Drybulk,CLDBI,2130.53,2130.53,2130.53,2130.53,0.0,-0.6649
2024-05-30,Capital Link Drybulk,CLDBI,2154.32,2154.32,2154.32,2154.32,0.0,1.1166
2024-05-31,Capital Link Drybulk,CLDBI,2167.5,2167.5,2167.5,2167.5,0.0,0.6118
2024-06-03,Capital Link Drybulk,CLDBI,2154.32,2154.32,2154.32,2154.32,0.0,-0.6081
2024-06-04,Capital Link Drybulk,CLDBI,2122.18,2122.18,2122.18,2122.18,0.0,-1.4919
2024-06-05,Capital Link Drybulk,CLDBI,2200.15,2200.15,2200.15,2200.15,0.0,3.6741
2024-06-06,Capital Link Drybulk,CLDBI,2151.07,2151.07,2151.07,2151.07,0.0,-2.2308
2024-06-07,Capital Link Drybulk,CLDBI,2138.06,2138.06,2138.06,2138.06,0.0,-0.6048
2024-06-10,Capital Link Drybulk,CLDBI,2138.35,2138.35,2138.35,2138.35,0.0,0.0136
2024-06-11,Capital Link Drybulk,CLDBI,2090.76,2090.76,2090.76,2090.76,0.0,-2.2255
2024-06-12,Capital Link Drybulk,CLDBI,2118.44,2118.44,2118.44,2118.44,0.0,1.3239
2024-06-13,Capital Link Drybulk,CLDBI,2087.55,2087.55,2087.55,2087.55,0.0,-1.4581
2024-06-14,Capital Link Drybulk,CLDBI,1994.06,1994.06,1994.06,1994.06,0.0,-4.4785
2024-06-17,Capital Link Drybulk,CLDBI,1999.46,1999.46,1999.46,1999.46,0.0,0.2708
2024-06-18,Capital Link Drybulk,CLDBI,2026.32,2026.32,2026.32,2026.32,0.0,1.3434
2024-06-20,Capital Link Drybulk,CLDBI,2105.37,2105.37,2105.37,2105.37,0.0,3.9012
2024-06-21,Capital Link Drybulk,CLDBI,2087.33,2087.33,2087.33,2087.33,0.0,-0.8569
2024-06-24,Capital Link Drybulk,CLDBI,2081.36,2081.36,2081.36,2081.36,0.0,-0.286
2024-06-25,Capital Link Drybulk,CLDBI,2088.72,2088.72,2088.72,2088.72,0.0,0.3536
2024-06-26,Capital Link Drybulk,CLDBI,2100.38,2100.38,2100.38,2100.38,0.0,0.5582
2024-06-27,Capital Link Drybulk,CLDBI,2104.38,2104.38,2104.38,2104.38,0.0,0.1904
2024-06-28,Capital Link Drybulk,CLDBI,2110.85,2110.85,2110.85,2110.85,0.0,0.3075
2024-07-01,Capital Link Drybulk,CLDBI,2145.11,2145.11,2145.11,2145.11,0.0,1.623
2024-07-02,Capital Link Drybulk,CLDBI,2160.9,2160.9,2160.9,2160.9,0.0,0.7361
2024-07-03,Capital Link Drybulk,CLDBI,2180.31,2180.31,2180.31,2180.31,0.0,0.8982
2024-07-05,Capital Link Drybulk,CLDBI,2112.98,2112.98,2112.98,2112.98,0.0,-3.0881
2024-07-08,Capital Link Drybulk,CLDBI,2077.88,2077.88,2077.88,2077.88,0.0,-1.6612
2024-07-09,Capital Link Drybulk,CLDBI,2072.57,2072.57,2072.57,2072.57,0.0,-0.2555
2024-07-10,Capital Link Drybulk,CLDBI,2100.24,2100.24,2100.24,2100.24,0.0,1.3351
2024-07-11,Capital Link Drybulk,CLDBI,2097.78,2097.78,2097.78,2097.78,0.0,-0.1171
2024-07-12,Capital Link Drybulk,CLDBI,2091.94,2091.94,2091.94,2091.94,0.0,-0.2784
2024-07-15,Capital Link Drybulk,CLDBI,2086.52,2086.52,2086.52,2086.52,0.0,-0.2591
2024-07-16,Capital Link Drybulk,CLDBI,2100.71,2100.71,2100.71,2100.71,0.0,0.6801
2024-07-17,Capital Link Drybulk,CLDBI,2079.44,2079.44,2079.44,2079.44,0.0,-1.0125
2024-07-18,Capital Link Drybulk,CLDBI,2045.89,2045.89,2045.89,2045.89,0.0,-1.6134
2024-07-19,Capital Link Drybulk,CLDBI,2023.46,2023.46,2023.46,2023.46,0.0,-1.0963
2024-07-22,Capital Link Drybulk,CLDBI,2090.4,2090.4,2090.4,2090.4,0.0,3.3082
2024-07-23,Capital Link Drybulk,CLDBI,2064.94,2064.94,2064.94,2064.94,0.0,-1.2179
2024-07-24,Capital Link Drybulk,CLDBI,2013.68,2013.68,2013.68,2013.68,0.0,-2.4824
2024-07-25,Capital Link Drybulk,CLDBI,1955.96,1955.96,1955.96,1955.96,0.0,-2.8664
2024-07-26,Capital Link Drybulk,CLDBI,1947.3,1947.3,1947.3,1947.3,0.0,-0.4427
2024-07-29,Capital Link Drybulk,CLDBI,1949.75,1949.75,1949.75,1949.75,0.0,0.1258
2024-07-30,Capital Link Drybulk,CLDBI,1905.68,1905.68,1905.68,1905.68,0.0,-2.2603
2024-07-31,Capital Link Drybulk,CLDBI,1937.59,1937.59,1937.59,1937.59,0.0,1.6745
2024-08-01,Capital Link Drybulk,CLDBI,1880.67,1880.67,1880.67,1880.67,0.0,-2.9377
2024-08-02,Capital Link Drybulk,CLDBI,1839.49,1839.49,1839.49,1839.49,0.0,-2.1896
2024-08-05,Capital Link Drybulk,CLDBI,1789.39,1789.39,1789.39,1789.39,0.0,-2.7236
2024-08-06,Capital Link Drybulk,CLDBI,1821.09,1821.09,1821.09,1821.09,0.0,1.7716
2024-08-07,Capital Link Drybulk,CLDBI,1817.5,1817.5,1817.5,1817.5,0.0,-0.1971
2024-08-08,Capital Link Drybulk,CLDBI,1826.79,1826.79,1826.79,1826.79,0.0,0.5111
2024-08-09,Capital Link Drybulk,CLDBI,1822.25,1822.25,1822.25,1822.25,0.0,-0.2485
2024-08-12,Capital Link Drybulk,CLDBI,1852.51,1852.51,1852.51,1852.51,0.0,1.6606
2024-08-13,Capital Link Drybulk,CLDBI,1864.24,1864.24,1864.24,1864.24,0.0,0.6332
2024-08-14,Capital Link Drybulk,CLDBI,1857.75,1857.75,1857.75,1857.75,0.0,-0.3481
2024-08-15,Capital Link Drybulk,CLDBI,1871.82,1871.82,1871.82,1871.82,0.0,0.7574
2024-08-16,Capital Link Drybulk,CLDBI,1879.41,1879.41,1879.41,1879.41,0.0,0.4055
2024-08-19,Capital Link Drybulk,CLDBI,1903.8,1903.8,1903.8,1903.8,0.0,1.2977
2024-08-20,Capital Link Drybulk,CLDBI,2020.38,2020.38,2020.38,2020.38,0.0,6.1235
2024-08-21,Capital Link Drybulk,CLDBI,2076.23,2076.23,2076.23,2076.23,0.0,2.7643
2024-08-22,Capital Link Drybulk,CLDBI,2018.39,2018.39,2018.39,2018.39,0.0,-2.7858
2024-08-23,Capital Link Drybulk,CLDBI,2017.93,2017.93,2017.93,2017.93,0.0,-0.0228
2024-08-26,Capital Link Drybulk,CLDBI,2045.96,2045.96,2045.96,2045.96,0.0,1.389
2024-08-27,Capital Link Drybulk,CLDBI,2047.17,2047.17,2047.17,2047.17,0.0,0.0591
2024-08-28,Capital Link Drybulk,CLDBI,1999.24,1999.24,1999.24,1999.24,0.0,-2.3413
2024-08-29,Capital Link Drybulk,CLDBI,2024.52,2024.52,2024.52,2024.52,0.0,1.2645
2024-08-30,Capital Link Drybulk,CLDBI,2051.21,2051.21,2051.21,2051.21,0.0,1.3183
2024-09-03,Capital Link Drybulk,CLDBI,1996.06,1996.06,1996.06,1996.06,0.0,-2.6887
2024-09-04,Capital Link Drybulk,CLDBI,1992.14,1992.14,1992.14,1992.14,0.0,-0.1964
2024-09-05,Capital Link Drybulk,CLDBI,1965.82,1965.82,1965.82,1965.82,0.0,-1.3212
2024-09-06,Capital Link Drybulk,CLDBI,1919.46,1919.46,1919.46,1919.46,0.0,-2.3583
2024-09-09,Capital Link Drybulk,CLDBI,1968.69,1968.69,1968.69,1968.69,0.0,2.5648
2024-09-10,Capital Link Drybulk,CLDBI,1953.14,1953.14,1953.14,1953.14,0.0,-0.7899
2024-09-11,Capital Link Drybulk,CLDBI,2015.86,2015.86,2015.86,2015.86,0.0,3.2112
2024-09-12,Capital Link Drybulk,CLDBI,2081.6,2081.6,2081.6,2081.6,0.0,3.2611
2024-09-13,Capital Link Drybulk,CLDBI,2115.39,2115.39,2115.39,2115.39,0.0,1.6233
2024-09-16,Capital Link Drybulk,CLDBI,2146.24,2146.24,2146.24,2146.24,0.0,1.4584
2024-09-17,Capital Link Drybulk,CLDBI,2123.8,2123.8,2123.8,2123.8,0.0,-1.0455
2024-09-18,Capital Link Drybulk,CLDBI,2100.35,2100.35,2100.35,2100.35,0.0,-1.1042
2024-09-19,Capital Link Drybulk,CLDBI,2169.72,2169.72,2169.72,2169.72,0.0,3.3028
2024-09-20,Capital Link Drybulk,CLDBI,2163.47,2163.47,2163.47,2163.47,0.0,-0.2881
2024-09-23,Capital Link Drybulk,CLDBI,2245.81,2245.81,2245.81,2245.81,0.0,3.8059
2024-09-24,Capital Link Drybulk,CLDBI,2347.96,2347.96,2347.96,2347.96,0.0,4.5485
2024-09-25,Capital Link Drybulk,CLDBI,2349.96,2349.96,2349.96,2349.96,0.0,0.0852
2024-09-26,Capital Link Drybulk,CLDBI,2407.61,2407.61,2407.61,2407.61,0.0,2.4532
2024-09-27,Capital Link Drybulk,CLDBI,2386.06,2386.06,2386.06,2386.06,0.0,-0.8951
2024-09-30,Capital Link Drybulk,CLDBI,2396.28,2396.28,2396.28,2396.28,0.0,0.4283
2024-10-01,Capital Link Drybulk,CLDBI,2358.2,2358.2,2358.2,2358.2,0.0,-1.5891
2024-10-02,Capital Link Drybulk,CLDBI,2375.9,2375.9,2375.9,2375.9,0.0,0.7506
2024-10-03,Capital Link Drybulk,CLDBI,2382.22,2382.22,2382.22,2382.22,0.0,0.266
2024-10-04,Capital Link Drybulk,CLDBI,2368.67,2368.67,2368.67,2368.67,0.0,-0.5688
2024-10-07,Capital Link Drybulk,CLDBI,2360.16,2360.16,2360.16,2360.16,0.0,-0.3593
2024-10-08,Capital Link Drybulk,CLDBI,2316.56,2316.56,2316.56,2316.56,0.0,-1.8473
2024-10-09,Capital Link Drybulk,CLDBI,2276.75,2276.75,2276.75,2276.75,0.0,-1.7185
2024-10-10,Capital Link Drybulk,CLDBI,2301.98,2301.98,2301.98,2301.98,0.0,1.1082
2024-10-11,Capital Link Drybulk,CLDBI,2272.26,2272.26,2272.26,2272.26,0.0,-1.2911
2024-10-14,Capital Link Drybulk,CLDBI,2209.3,2209.3,2209.3,2209.3,0.0,-2.7708
2024-10-15,Capital Link Drybulk,CLDBI,2157.65,2157.65,2157.65,2157.65,0.0,-2.3378
2024-10-16,Capital Link Drybulk,CLDBI,2167.86,2167.86,2167.86,2167.86,0.0,0.4732
2024-10-17,Capital Link Drybulk,CLDBI,2161.09,2161.09,2161.09,2161.09,0.0,-0.3123
2024-10-18,Capital Link Drybulk,CLDBI,2170.78,2170.78,2170.78,2170.78,0.0,0.4484
2024-10-21,Capital Link Drybulk,CLDBI,2162.3,2162.3,2162.3,2162.3,0.0,-0.3906
2024-10-22,Capital Link Drybulk,CLDBI,2169.76,2169.76,2169.76,2169.76,0.0,0.345
2024-10-23,Capital Link Drybulk,CLDBI,2109.17,2109.17,2109.17,2109.17,0.0,-2.7925
2024-10-24,Capital Link Drybulk,CLDBI,2116.51,2116.51,2116.51,2116.51,0.0,0.348
2024-10-25,Capital Link Drybulk,CLDBI,2124.97,2124.97,2124.97,2124.97,0.0,0.3997
2024-10-28,Capital Link Drybulk,CLDBI,2085.08,2085.08,2085.08,2085.08,0.0,-1.8772
2024-10-29,Capital Link Drybulk,CLDBI,2068.19,2068.19,2068.19,2068.19,0.0,-0.81
2024-10-30,Capital Link Drybulk,CLDBI,2008.12,2008.12,2008.12,2008.12,0.0,-2.9045
2024-10-31,Capital Link Drybulk,CLDBI,2005.47,2005.47,2005.47,2005.47,0.0,-0.132
2024-11-01,Capital Link Drybulk,CLDBI,1998.58,1998.58,1998.58,1998.58,0.0,-0.3436
2024-11-04,Capital Link Drybulk,CLDBI,2012.47,2012.47,2012.47,2012.47,0.0,0.695
2024-11-05,Capital Link Drybulk,CLDBI,2049.46,2049.46,2049.46,2049.46,0.0,1.838
2024-11-06,Capital Link Drybulk,CLDBI,2033.38,2033.38,2033.38,2033.38,0.0,-0.7846
2024-11-07,Capital Link Drybulk,CLDBI,2058.51,2058.51,2058.51,2058.51,0.0,1.2359
2024-11-08,Capital Link Drybulk,CLDBI,2040.23,2040.23,2040.23,2040.23,0.0,-0.888
2024-11-11,Capital Link Drybulk,CLDBI,2025.0,2025.0,2025.0,2025.0,0.0,-0.7465
2024-11-12,Capital Link Drybulk,CLDBI,1942.88,1942.88,1942.88,1942.88,0.0,-4.0553
2024-11-13,Capital Link Drybulk,CLDBI,1939.28,1939.28,1939.28,1939.28,0.0,-0.1853
2024-11-14,Capital Link Drybulk,CLDBI,2023.7,2023.7,2023.7,2023.7,0.0,4.3532
2024-11-15,Capital Link Drybulk,CLDBI,2031.91,2031.91,2031.91,2031.91,0.0,0.4057
2024-11-18,Capital Link Drybulk,CLDBI,2038.98,2038.98,2038.98,2038.98,0.0,0.3479
2024-11-19,Capital Link Drybulk,CLDBI,2008.8,2008.8,2008.8,2008.8,0.0,-1.4802
2024-11-20,Capital Link Drybulk,CLDBI,1990.13,1990.13,1990.13,1990.13,0.0,-0.9294
2024-11-21,Capital Link Drybulk,CLDBI,1949.11,1949.11,1949.11,1949.11,0.0,-2.0612
2024-11-22,Capital Link Drybulk,CLDBI,1963.26,1963.26,1963.26,1963.26,0.0,0.726
2024-11-25,Capital Link Drybulk,CLDBI,1912.79,1912.79,1912.79,1912.79,0.0,-2.5707
2024-11-26,Capital Link Drybulk,CLDBI,1844.0,1844.0,1844.0,1844.0,0.0,-3.5963
2024-11-27,Capital Link Drybulk,CLDBI,1808.82,1808.82,1808.82,1808.82,0.0,-1.9078
2024-11-29,Capital Link Drybulk,CLDBI,1828.28,1828.28,1828.28,1828.28,0.0,1.0758
2024-12-02,Capital Link Drybulk,CLDBI,1808.13,1808.13,1808.13,1808.13,0.0,-1.1021
2024-12-03,Capital Link Drybulk,CLDBI,1824.56,1824.56,1824.56,1824.56,0.0,0.9087
2024-12-04,Capital Link Drybulk,CLDBI,1819.25,1819.25,1819.25,1819.25,0.0,-0.291
2024-12-05,Capital Link Drybulk,CLDBI,1833.81,1833.81,1833.81,1833.81,0.0,0.8003
2024-12-06,Capital Link Drybulk,CLDBI,1802.34,1802.34,1802.34,1802.34,0.0,-1.7161
2024-12-09,Capital Link Drybulk,CLDBI,1799.97,1799.97,1799.97,1799.97,0.0,-0.1315
2024-12-10,Capital Link Drybulk,CLDBI,1779.05,1779.05,1779.05,1779.05,0.0,-1.1622
2024-12-11,Capital Link Drybulk,CLDBI,1717.7,1717.7,1717.7,1717.7,0.0,-3.4485
2024-12-12,Capital Link Drybulk,CLDBI,1677.61,1677.61,1677.61,1677.61,0.0,-2.3339
2024-12-13,Capital Link Drybulk,CLDBI,1654.59,1654.59,1654.59,1654.59,0.0,-1.3722
2024-12-16,Capital Link Drybulk,CLDBI,1643.62,1643.62,1643.62,1643.62,0.0,-0.663
2024-12-17,Capital Link Drybulk,CLDBI,1629.67,1629.67,1629.67,1629.67,0.0,-0.8487
2024-12-18,Capital Link Drybulk,CLDBI,1612.13,1612.13,1612.13,1612.13,0.0,-1.0763
2024-12-19,Capital Link Drybulk,CLDBI,1599.28,1599.28,1599.28,1599.28,0.0,-0.7971
2024-12-20,Capital Link Drybulk,CLDBI,1610.37,1610.37,1610.37,1610.37,0.0,0.6934
2024-12-23,Capital Link Drybulk,CLDBI,1664.41,1664.41,1664.41,1664.41,0.0,3.3558
2024-12-24,Capital Link Drybulk,CLDBI,1673.02,1673.02,1673.02,1673.02,0.0,0.5173
2024-12-26,Capital Link Drybulk,CLDBI,1662.71,1662.71,1662.71,1662.71,0.0,-0.6163
2024-12-27,Capital Link Drybulk,CLDBI,1645.85,1645.85,1645.85,1645.85,0.0,-1.014
2024-12-30,Capital Link Drybulk,CLDBI,1621.51,1621.51,1621.51,1621.51,0.0,-1.4789
2024-12-31,Capital Link Drybulk,CLDBI,1635.53,1635.53,1635.53,1635.53,0.0,0.8646
2025-01-02,Capital Link Drybulk,CLDBI,1710.75,1710.75,1710.75,1710.75,0.0,4.5991
2025-01-03,Capital Link Drybulk,CLDBI,1690.73,1690.73,1690.73,1690.73,0.0,-1.1702
2025-01-06,Capital Link Drybulk,CLDBI,1630.89,1630.89,1630.89,1630.89,0.0,-3.5393
2025-01-07,Capital Link Drybulk,CLDBI,1665.24,1665.24,1665.24,1665.24,0.0,2.1062
2025-01-08,Capital Link Drybulk,CLDBI,1668.96,1668.96,1668.96,1668.96,0.0,0.2234
2025-01-10,Capital Link Drybulk,CLDBI,1698.84,1698.84,1698.84,1698.84,0.0,1.7903
2025-01-13,Capital Link Drybulk,CLDBI,1694.5,1694.5,1694.5,1694.5,0.0,-0.2555
2025-01-14,Capital Link Drybulk,CLDBI,1686.6,1686.6,1686.6,1686.6,0.0,-0.4662
2025-01-15,Capital Link Drybulk,CLDBI,1672.51,1672.51,1672.51,1672.51,0.0,-0.8354
2025-01-16,Capital Link Drybulk,CLDBI,1620.14,1620.14,1620.14,1620.14,0.0,-3.1312
2025-01-17,Capital Link Drybulk,CLDBI,1599.56,1599.56,1599.56,1599.56,0.0,-1.2703
2025-01-21,Capital Link Drybulk,CLDBI,1574.36,1574.36,1574.36,1574.36,0.0,-1.5754
2025-01-22,Capital Link Drybulk,CLDBI,1562.52,1562.52,1562.52,1562.52,0.0,-0.7521
2025-01-23,Capital Link Drybulk,CLDBI,1588.26,1588.26,1588.26,1588.26,0.0,1.6473
2025-01-24,Capital Link Drybulk,CLDBI,1567.46,1567.46,1567.46,1567.46,0.0,-1.3096
2025-01-27,Capital Link Drybulk,CLDBI,1560.27,1560.27,1560.27,1560.27,0.0,-0.4587
2025-01-28,Capital Link Drybulk,CLDBI,1542.5,1542.5,1542.5,1542.5,0.0,-1.1389
2025-01-29,Capital Link Drybulk,CLDBI,1578.49,1578.49,1578.49,1578.49,0.0,2.3332
2025-01-30,Capital Link Drybulk,CLDBI,1590.38,1590.38,1590.38,1590.38,0.0,0.7533
2025-01-31,Capital Link Drybulk,CLDBI,1587.52,1587.52,1587.52,1587.52,0.0,-0.1798
2025-02-03,Capital Link Drybulk,CLDBI,1578.01,1578.01,1578.01,1578.01,0.0,-0.599
2025-02-04,Capital Link Drybulk,CLDBI,1642.67,1642.67,1642.67,1642.67,0.0,4.0976
2025-02-05,Capital Link Drybulk,CLDBI,1642.32,1642.32,1642.32,1642.32,0.0,-0.0213
2025-02-06,Capital Link Drybulk,CLDBI,1616.88,1616.88,1616.88,1616.88,0.0,-1.549
2025-02-07,Capital Link Drybulk,CLDBI,1605.19,1605.19,1605.19,1605.19,0.0,-0.723
2025-02-10,Capital Link Drybulk,CLDBI,1624.46,1624.46,1624.46,1624.46,0.0,1.2005
2025-02-11,Capital Link Drybulk,CLDBI,1630.96,1630.96,1630.96,1630.96,0.0,0.4001
2025-02-12,Capital Link Drybulk,CLDBI,1634.53,1634.53,1634.53,1634.53,0.0,0.2189
2025-02-13,Capital Link Drybulk,CLDBI,1650.33,1650.33,1650.33,1650.33,0.0,0.9666
2025-02-14,Capital Link Drybulk,CLDBI,1647.08,1647.08,1647.08,1647.08,0.0,-0.1969
2025-02-18,Capital Link Drybulk,CLDBI,1683.62,1683.62,1683.62,1683.62,0.0,2.2185
2025-02-19,Capital Link Drybulk,CLDBI,1639.95,1639.95,1639.95,1639.95,0.0,-2.5938
2025-02-20,Capital Link Drybulk,CLDBI,1681.98,1681.98,1681.98,1681.98,0.0,2.5629
2025-02-21,Capital Link Drybulk,CLDBI,1623.06,1623.06,1623.06,1623.06,0.0,-3.503
2025-02-24,Capital Link Drybulk,CLDBI,1601.99,1601.99,1601.99,1601.99,0.0,-1.2982
2025-02-25,Capital Link Drybulk,CLDBI,1596.7,1596.7,1596.7,1596.7,0.0,-0.3302
2025-02-26,Capital Link Drybulk,CLDBI,1609.96,1609.96,1609.96,1609.96,0.0,0.8305
2025-02-27,Capital Link Drybulk,CLDBI,1571.61,1571.61,1571.61,1571.61,0.0,-2.382
2025-02-28,Capital Link Drybulk,CLDBI,1552.42,1552.42,1552.42,1552.42,0.0,-1.221
2025-03-03,Capital Link Drybulk,CLDBI,1522.79,1522.79,1522.79,1522.79,0.0,-1.9086
2025-03-04,Capital Link Drybulk,CLDBI,1529.17,1529.17,1529.17,1529.17,0.0,0.419
2025-03-05,Capital Link Drybulk,CLDBI,1487.52,1487.52,1487.52,1487.52,0.0,-2.7237
2025-03-06,Capital Link Drybulk,CLDBI,1546.48,1546.48,1546.48,1546.48,0.0,3.9636
2025-03-07,Capital Link Drybulk,CLDBI,1556.8,1556.8,1556.8,1556.8,0.0,0.6673
2025-03-10,Capital Link Drybulk,CLDBI,1504.66,1504.66,1504.66,1504.66,0.0,-3.3492
2025-03-11,Capital Link Drybulk,CLDBI,1484.4,1484.4,1484.4,1484.4,0.0,-1.3465
2025-03-12,Capital Link Drybulk,CLDBI,1542.54,1542.54,1542.54,1542.54,0.0,3.9167
2025-03-13,Capital Link Drybulk,CLDBI,1524.14,1524.14,1524.14,1524.14,0.0,-1.1928
2025-03-14,Capital Link Drybulk,CLDBI,1545.11,1545.11,1545.11,1545.11,0.0,1.3759
2025-03-17,Capital Link Drybulk,CLDBI,1559.62,1559.62,1559.62,1559.62,0.0,0.9391
2025-03-18,Capital Link Drybulk,CLDBI,1552.98,1552.98,1552.98,1552.98,0.0,-0.4257
2025-03-19,Capital Link Drybulk,CLDBI,1560.07,1560.07,1560.07,1560.07,0.0,0.4565
2025-03-20,Capital Link Drybulk,CLDBI,1581.35,1581.35,1581.35,1581.35,0.0,1.364
2025-03-21,Capital Link Drybulk,CLDBI,1541.65,1541.65,1541.65,1541.65,0.0,-2.5105
2025-03-24,Capital Link Drybulk,CLDBI,1548.23,1548.23,1548.23,1548.23,0.0,0.4268
2025-03-25,Capital Link Drybulk,CLDBI,1541.59,1541.59,1541.59,1541.59,0.0,-0.4289
2025-03-26,Capital Link Drybulk,CLDBI,1530.84,1530.84,1530.84,1530.84,0.0,-0.6973
2025-03-27,Capital Link Drybulk,CLDBI,1512.6,1512.6,1512.6,1512.6,0.0,-1.1915
2025-03-28,Capital Link Drybulk,CLDBI,1508.05,1508.05,1508.05,1508.05,0.0,-0.3008
2025-03-31,Capital Link Drybulk,CLDBI,1478.43,1478.43,1478.43,1478.43,0.0,-1.9641
2025-04-01,Capital Link Drybulk,CLDBI,1516.42,1516.42,1516.42,1516.42,0.0,2.5696
2025-04-02,Capital Link Drybulk,CLDBI,1513.49,1513.49,1513.49,1513.49,0.0,-0.1932
2025-04-03,Capital Link Drybulk,CLDBI,1374.75,1374.75,1374.75,1374.75,0.0,-9.1669
2025-04-04,Capital Link Drybulk,CLDBI,1213.96,1213.96,1213.96,1213.96,0.0,-11.6959
2025-04-07,Capital Link Drybulk,CLDBI,1257.61,1257.61,1257.61,1257.61,0.0,3.5957
2025-04-08,Capital Link Drybulk,CLDBI,1158.66,1158.66,1158.66,1158.66,0.0,-7.8681
2025-04-09,Capital Link Drybulk,CLDBI,1244.1,1244.1,1244.1,1244.1,0.0,7.374
2025-04-10,Capital Link Drybulk,CLDBI,1208.17,1208.17,1208.17,1208.17,0.0,-2.888
2025-04-11,Capital Link Drybulk,CLDBI,1279.45,1279.45,1279.45,1279.45,0.0,5.8998
2025-04-14,Capital Link Drybulk,CLDBI,1288.53,1288.53,1288.53,1288.53,0.0,0.7097
2025-04-15,Capital Link Drybulk,CLDBI,1268.53,1268.53,1268.53,1268.53,0.0,-1.5522
2025-04-16,Capital Link Drybulk,CLDBI,1265.8,1265.8,1265.8,1265.8,0.0,-0.2152
2025-04-17,Capital Link Drybulk,CLDBI,1277.91,1277.91,1277.91,1277.91,0.0,0.9567
2025-04-21,Capital Link Drybulk,CLDBI,1249.44,1249.44,1249.44,1249.44,0.0,-2.2279
2025-04-22,Capital Link Drybulk,CLDBI,1246.95,1246.95,1246.95,1246.95,0.0,-0.1993
2025-04-23,Capital Link Drybulk,CLDBI,1306.3,1306.3,1306.3,1306.3,0.0,4.7596
2025-04-24,Capital Link Drybulk,CLDBI,1335.07,1335.07,1335.07,1335.07,0.0,2.2024
2025-04-25,Capital Link Drybulk,CLDBI,1339.14,1339.14,1339.14,1339.14,0.0,0.3049
2025-04-28,Capital Link Drybulk,CLDBI,1331.14,1331.14,1331.14,1331.14,0.0,-0.5974
2025-04-29,Capital Link Drybulk,CLDBI,1341.33,1341.33,1341.33,1341.33,0.0,0.7655
2025-04-30,Capital Link Drybulk,CLDBI,1347.39,1347.39,1347.39,1347.39,0.0,0.4518
2025-05-01,Capital Link Drybulk,CLDBI,1357.29,1357.29,1357.29,1357.29,0.0,0.7348
2025-05-02,Capital Link Drybulk,CLDBI,1388.01,1388.01,1388.01,1388.01,0.0,2.2633
2025-05-05,Capital Link Drybulk,CLDBI,1405.71,1405.71,1405.71,1405.71,0.0,1.2752
2025-05-06,Capital Link Drybulk,CLDBI,1389.35,1389.35,1389.35,1389.35,0.0,-1.1638
2025-05-07,Capital Link Drybulk,CLDBI,1422.25,1422.25,1422.25,1422.25,0.0,2.368
2025-05-08,Capital Link Drybulk,CLDBI,1497.16,1497.16,1497.16,1497.16,0.0,5.267
2025-05-09,Capital Link Drybulk,CLDBI,1510.95,1510.95,1510.95,1510.95,0.0,0.9211
2025-05-12,Capital Link Drybulk,CLDBI,1587.08,1587.08,1587.08,1587.08,0.0,5.0386
2025-05-13,Capital Link Drybulk,CLDBI,1615.6,1615.6,1615.6,1615.6,0.0,1.797
2025-05-14,Capital Link Drybulk,CLDBI,1629.35,1629.35,1629.35,1629.35,0.0,0.8511
2025-05-15,Capital Link Drybulk,CLDBI,1640.78,1640.78,1640.78,1640.78,0.0,0.7015
2025-05-16,Capital Link Drybulk,CLDBI,1643.17,1643.17,1643.17,1643.17,0.0,0.1457
2025-05-19,Capital Link Drybulk,CLDBI,1630.24,1630.24,1630.24,1630.24,0.0,-0.7869
2025-05-20,Capital Link Drybulk,CLDBI,1625.23,1625.23,1625.23,1625.23,0.0,-0.3073
2025-05-21,Capital Link Drybulk,CLDBI,1582.17,1582.17,1582.17,1582.17,0.0,-2.6495
2025-05-22,Capital Link Drybulk,CLDBI,1553.28,1553.28,1553.28,1553.28,0.0,-1.826
2025-05-23,Capital Link Drybulk,CLDBI,1578.68,1578.68,1578.68,1578.68,0.0,1.6352
2025-05-27,Capital Link Drybulk,CLDBI,1585.23,1585.23,1585.23,1585.23,0.0,0.4149
2025-05-28,Capital Link Drybulk,CLDBI,1572.58,1572.58,1572.58,1572.58,0.0,-0.798
2025-05-29,Capital Link Drybulk,CLDBI,1590.01,1590.01,1590.01,1590.01,0.0,1.1084
2025-05-30,Capital Link Drybulk,CLDBI,1602.48,1602.48,1602.48,1602.48,0.0,0.7843
2025-06-02,Capital Link Drybulk,CLDBI,1596.44,1596.44,1596.44,1596.44,0.0,-0.3769
2025-06-03,Capital Link Drybulk,CLDBI,1593.53,1593.53,1593.53,1593.53,0.0,-0.1823
2025-06-04,Capital Link Drybulk,CLDBI,1594.2,1594.2,1594.2,1594.2,0.0,0.042
2025-06-05,Capital Link Drybulk,CLDBI,1596.5,1596.5,1596.5,1596.5,0.0,0.1443
2025-06-06,Capital Link Drybulk,CLDBI,1602.85,1602.85,1602.85,1602.85,0.0,0.3977
2025-06-09,Capital Link Drybulk,CLDBI,1592.5,1592.5,1592.5,1592.5,0.0,-0.6457
2025-06-10,Capital Link Drybulk,CLDBI,1583.6,1583.6,1583.6,1583.6,0.0,-0.5589
2025-06-11,Capital Link Drybulk,CLDBI,1596.44,1596.44,1596.44,1596.44,0.0,0.8108
2025-06-12,Capital Link Drybulk,CLDBI,1603.8,1603.8,1603.8,1603.8,0.0,0.461
2025-06-13,Capital Link Drybulk,CLDBI,1664.07,1664.07,1664.07,1664.07,0.0,3.7579
2025-06-16,Capital Link Drybulk,CLDBI,1647.38,1647.38,1647.38,1647.38,0.0,-1.003
2025-06-17,Capital Link Drybulk,CLDBI,1635.96,1635.96,1635.96,1635.96,0.0,-0.6932
2025-06-18,Capital Link Drybulk,CLDBI,1639.27,1639.27,1639.27,1639.27,0.0,0.2023
2025-06-20,Capital Link Drybulk,CLDBI,1611.43,1611.43,1611.43,1611.43,0.0,-1.6983
2025-06-23,Capital Link Drybulk,CLDBI,1600.37,1600.37,1600.37,1600.37,0.0,-0.6863
2025-06-24,Capital Link Drybulk,CLDBI,1586.41,1586.41,1586.41,1586.41,0.0,-0.8723
2025-06-25,Capital Link Drybulk,CLDBI,1599.48,1599.48,1599.48,1599.48,0.0,0.8239
2025-06-26,Capital Link Drybulk,CLDBI,1583.8,1583.8,1583.8,1583.8,0.0,-0.9803
2025-06-27,Capital Link Drybulk,CLDBI,1573.46,1573.46,1573.46,1573.46,0.0,-0.6529
2025-06-30,Capital Link Drybulk,CLDBI,1567.22,1567.22,1567.22,1567.22,0.0,-0.3966
2025-07-01,Capital Link Drybulk,CLDBI,1582.91,1582.91,1582.91,1582.91,0.0,1.0011
2025-07-02,Capital Link Drybulk,CLDBI,1622.35,1622.35,1622.35,1622.35,0.0,2.4916
2025-07-03,Capital Link Drybulk,CLDBI,1628.41,1628.41,1628.41,1628.41,0.0,0.3735
2025-07-07,Capital Link Drybulk,CLDBI,1633.18,1633.18,1633.18,1633.18,0.0,0.2929
2025-07-08,Capital Link Drybulk,CLDBI,1628.7,1628.7,1628.7,1628.7,0.0,-0.2743
2025-07-09,Capital Link Drybulk,CLDBI,1585.7,1585.7,1585.7,1585.7,0.0,-2.6401
2025-07-10,Capital Link Drybulk,CLDBI,1639.65,1639.65,1639.65,1639.65,0.0,3.4023
2025-07-11,Capital Link Drybulk,CLDBI,1680.42,1680.42,1680.42,1680.42,0.0,2.4865
2025-07-14,Capital Link Drybulk,CLDBI,1670.43,1670.43,1670.43,1670.43,0.0,-0.5945
2025-07-15,Capital Link Drybulk,CLDBI,1640.4,1640.4,1640.4,1640.4,0.0,-1.7977
2025-07-16,Capital Link Drybulk,CLDBI,1652.29,1652.29,1652.29,1652.29,0.0,0.7248
2025-07-17,Capital Link Drybulk,CLDBI,1708.91,1708.91,1708.91,1708.91,0.0,3.4268
2025-07-18,Capital Link Drybulk,CLDBI,1702.9,1702.9,1702.9,1702.9,0.0,-0.3517
2025-07-21,Capital Link Drybulk,CLDBI,1686.86,1686.86,1686.86,1686.86,0.0,-0.9419
2025-07-22,Capital Link Drybulk,CLDBI,1729.7,1729.7,1729.7,1729.7,0.0,2.5396
2025-07-23,Capital Link Drybulk,CLDBI,1765.49,1765.49,1765.49,1765.49,0.0,2.0691
2025-07-24,Capital Link Drybulk,CLDBI,1782.02,1782.02,1782.02,1782.02,0.0,0.9363
2025-07-25,Capital Link Drybulk,CLDBI,1777.15,1777.15,1777.15,1777.15,0.0,-0.2733
2025-07-28,Capital Link Drybulk,CLDBI,1778.93,1778.93,1778.93,1778.93,0.0,0.1002
2025-07-29,Capital Link Drybulk,CLDBI,1767.38,1767.38,1767.38,1767.38,0.0,-0.6493
2025-07-30,Capital Link Drybulk,CLDBI,1724.55,1724.55,1724.55,1724.55,0.0,-2.4234
2025-07-31,Capital Link Drybulk,CLDBI,1718.38,1718.38,1718.38,1718.38,0.0,-0.3578
2025-08-01,Capital Link Drybulk,CLDBI,1737.43,1737.43,1737.43,1737.43,0.0,1.1086
2025-08-04,Capital Link Drybulk,CLDBI,1809.66,1809.66,1809.66,1809.66,0.0,4.1573
2025-08-05,Capital Link Drybulk,CLDBI,1854.14,1854.14,1854.14,1854.14,0.0,2.4579
2025-08-06,Capital Link Drybulk,CLDBI,1849.76,1849.76,1849.76,1849.76,0.0,-0.2362
2025-08-07,Capital Link Drybulk,CLDBI,1827.29,1827.29,1827.29,1827.29,0.0,-1.2148
2025-08-08,Capital Link Drybulk,CLDBI,1816.41,1816.41,1816.41,1816.41,0.0,-0.5954
2025-08-11,Capital Link Drybulk,CLDBI,1793.18,1793.18,1793.18,1793.18,0.0,-1.2789
2025-08-12,Capital Link Drybulk,CLDBI,1821.23,1821.23,1821.23,1821.23,0.0,1.5643
2025-08-13,Capital Link Drybulk,CLDBI,1821.27,1821.27,1821.27,1821.27,0.0,0.0022
2025-08-14,Capital Link Drybulk,CLDBI,1788.83,1788.83,1788.83,1788.83,0.0,-1.7812
2025-08-15,Capital Link Drybulk,CLDBI,1789.42,1789.42,1789.42,1789.42,0.0,0.033
2025-08-18,Capital Link Drybulk,CLDBI,1811.17,1811.17,1811.17,1811.17,0.0,1.2155
2025-08-19,Capital Link Drybulk,CLDBI,1767.45,1767.45,1767.45,1767.45,0.0,-2.4139
2025-08-20,Capital Link Drybulk,CLDBI,2102.28,2102.28,2102.28,2102.28,0.0,18.9442
2025-08-21,Capital Link Drybulk,CLDBI,2188.24,2188.24,2188.24,2188.24,0.0,4.0889
2025-08-22,Capital Link Drybulk,CLDBI,2221.92,2221.92,2221.92,2221.92,0.0,1.5391
2025-08-25,Capital Link Drybulk,CLDBI,2211.06,2211.06,2211.06,2211.06,0.0,-0.4888
2025-08-26,Capital Link Drybulk,CLDBI,2226.3,2226.3,2226.3,2226.3,0.0,0.6893
2025-08-27,Capital Link Drybulk,CLDBI,2212.01,2212.01,2212.01,2212.01,0.0,-0.6419
2025-08-28,Capital Link Drybulk,CLDBI,2212.03,2212.03,2212.03,2212.03,0.0,0.0009
2025-08-29,Capital Link Drybulk,CLDBI,2193.11,2193.11,2193.11,2193.11,0.0,-0.8553
2025-09-02,Capital Link Drybulk,CLDBI,2197.23,2197.23,2197.23,2197.23,0.0,0.1879
2025-09-03,Capital Link Drybulk,CLDBI,2239.95,2239.95,2239.95,2239.95,0.0,1.9443
2025-09-04,Capital Link Drybulk,CLDBI,2262.98,2262.98,2262.98,2262.98,0.0,1.0281
2025-09-05,Capital Link Drybulk,CLDBI,2271.54,2271.54,2271.54,2271.54,0.0,0.3783
2025-09-08,Capital Link Drybulk,CLDBI,2305.79,2305.79,2305.79,2305.79,0.0,1.5078
2025-09-09,Capital Link Drybulk,CLDBI,2319.43,2319.43,2319.43,2319.43,0.0,0.5916
2025-09-10,Capital Link Drybulk,CLDBI,2269.66,2269.66,2269.66,2269.66,0.0,-2.1458
2025-09-11,Capital Link Drybulk,CLDBI,2253.73,2253.73,2253.73,2253.73,0.0,-0.7019
2025-09-12,Capital Link Drybulk,CLDBI,2253.34,2253.34,2253.34,2253.34,0.0,-0.0173
2025-09-15,Capital Link Drybulk,CLDBI,2285.29,2285.29,2285.29,2285.29,0.0,1.4179
2025-09-16,Capital Link Drybulk,CLDBI,2271.99,2271.99,2271.99,2271.99,0.0,-0.582
2025-09-17,Capital Link Drybulk,CLDBI,2290.49,2290.49,2290.49,2290.49,0.0,0.8143
2025-09-18,Capital Link Drybulk,CLDBI,2310.54,2310.54,2310.54,2310.54,0.0,0.8754
2025-09-19,Capital Link Drybulk,CLDBI,2279.17,2279.17,2279.17,2279.17,0.0,-1.3577
2025-09-22,Capital Link Drybulk,CLDBI,2239.64,2239.64,2239.64,2239.64,0.0,-1.7344
2025-09-23,Capital Link Drybulk,CLDBI,2292.41,2292.41,2292.41,2292.41,0.0,2.3562
2025-09-24,Capital Link Drybulk,CLDBI,2299.0,2299.0,2299.0,2299.0,0.0,0.2875
2025-09-25,Capital Link Drybulk,CLDBI,2246.81,2246.81,2246.81,2246.81,0.0,-2.2701
2025-09-26,Capital Link Drybulk,CLDBI,2246.44,2246.44,2246.44,2246.44,0.0,-0.0165
2025-09-29,Capital Link Drybulk,CLDBI,2195.99,2195.99,2195.99,2195.99,0.0,-2.2458
2025-09-30,Capital Link Drybulk,CLDBI,2148.22,2148.22,2148.22,2148.22,0.0,-2.1753
2025-10-01,Capital Link Drybulk,CLDBI,2154.79,2154.79,2154.79,2154.79,0.0,0.3058
2025-10-02,Capital Link Drybulk,CLDBI,2117.01,2117.01,2117.01,2117.01,0.0,-1.7533
2025-10-03,Capital Link Drybulk,CLDBI,2114.41,2114.41,2114.41,2114.41,0.0,-0.1228
2025-10-06,Capital Link Drybulk,CLDBI,2115.95,2115.95,2115.95,2115.95,0.0,0.0728
2025-10-07,Capital Link Drybulk,CLDBI,2116.07,2116.07,2116.07,2116.07,0.0,0.0057
2025-10-08,Capital Link Drybulk,CLDBI,2094.19,2094.19,2094.19,2094.19,0.0,-1.034
2025-10-09,Capital Link Drybulk,CLDBI,2070.28,2070.28,2070.28,2070.28,0.0,-1.1417
2025-10-10,Capital Link Drybulk,CLDBI,2003.42,2003.42,2003.42,2003.42,0.0,-3.2295
2025-10-13,Capital Link Drybulk,CLDBI,2082.92,2082.92,2082.92,2082.92,0.0,3.9682
2025-10-14,Capital Link Drybulk,CLDBI,2058.09,2058.09,2058.09,2058.09,0.0,-1.1921
2025-10-15,Capital Link Drybulk,CLDBI,2058.24,2058.24,2058.24,2058.24,0.0,0.0073
2025-10-16,Capital Link Drybulk,CLDBI,2060.33,2060.33,2060.33,2060.33,0.0,0.1015
2025-10-17,Capital Link Drybulk,CLDBI,2088.42,2088.42,2088.42,2088.42,0.0,1.3634
2025-10-20,Capital Link Drybulk,CLDBI,2107.9,2107.9,2107.9,2107.9,0.0,0.9328
2025-10-21,Capital Link Drybulk,CLDBI,2081.58,2081.58,2081.58,2081.58,0.0,-1.2486
2025-10-22,Capital Link Drybulk,CLDBI,2105.92,2105.92,2105.92,2105.92,0.0,1.1693
2025-10-23,Capital Link Drybulk,CLDBI,2145.45,2145.45,2145.45,2145.45,0.0,1.8771
2025-10-24,Capital Link Drybulk,CLDBI,2117.71,2117.71,2117.71,2117.71,0.0,-1.293
2025-10-27,Capital Link Drybulk,CLDBI,2129.29,2129.29,2129.29,2129.29,0.0,0.5468
2025-10-28,Capital Link Drybulk,CLDBI,2153.45,2153.45,2153.45,2153.45,0.0,1.1347
2025-10-29,Capital Link Drybulk,CLDBI,2183.19,2183.19,2183.19,2183.19,0.0,1.381
2025-10-30,Capital Link Drybulk,CLDBI,2207.78,2207.78,2207.78,2207.78,0.0,1.1263
2025-10-31,Capital Link Drybulk,CLDBI,2248.38,2248.38,2248.38,2248.38,0.0,1.839
2025-11-03,Capital Link Drybulk,CLDBI,2215.34,2215.34,2215.34,2215.34,0.0,-1.4695
2025-11-04,Capital Link Drybulk,CLDBI,2190.73,2190.73,2190.73,2190.73,0.0,-1.1109
2025-11-05,Capital Link Drybulk,CLDBI,2232.25,2232.25,2232.25,2232.25,0.0,1.8953
2025-11-06,Capital Link Drybulk,CLDBI,2221.56,2221.56,2221.56,2221.56,0.0,-0.4789
2025-11-07,Capital Link Drybulk,CLDBI,2231.03,2231.03,2231.03,2231.03,0.0,0.4263
2025-11-10,Capital Link Drybulk,CLDBI,2281.79,2281.79,2281.79,2281.79,0.0,2.2752
2025-11-11,Capital Link Drybulk,CLDBI,2294.57,2294.57,2294.57,2294.57,0.0,0.5601
2025-11-12,Capital Link Drybulk,CLDBI,2330.35,2330.35,2330.35,2330.35,0.0,1.5593
2025-11-13,Capital Link Drybulk,CLDBI,2372.31,2372.31,2372.31,2372.31,0.0,1.8006
2025-11-14,Capital Link Drybulk,CLDBI,2369.8,2369.8,2369.8,2369.8,0.0,-0.1058
2025-11-17,Capital Link Drybulk,CLDBI,2396.07,2396.07,2396.07,2396.07,0.0,1.1085
2025-11-18,Capital Link Drybulk,CLDBI,2396.9,2396.9,2396.9,2396.9,0.0,0.0346
2025-11-19,Capital Link Drybulk,CLDBI,2385.77,2385.77,2385.77,2385.77,0.0,-0.4643
2025-11-20,Capital Link Drybulk,CLDBI,2366.17,2366.17,2366.17,2366.17,0.0,-0.8215
2025-11-21,Capital Link Drybulk,CLDBI,2396.55,2396.55,2396.55,2396.55,0.0,1.2839
2025-11-24,Capital Link Drybulk,CLDBI,2440.29,2440.29,2440.29,2440.29,0.0,1.8251
2025-11-25,Capital Link Drybulk,CLDBI,2416.27,2416.27,2416.27,2416.27,0.0,-0.9843
2025-11-26,Capital Link Drybulk,CLDBI,2425.96,2425.96,2425.96,2425.96,0.0,0.401
2025-11-28,Capital Link Drybulk,CLDBI,2448.06,2448.06,2448.06,2448.06,0.0,0.911
2025-12-01,Capital Link Drybulk,CLDBI,2435.64,2435.64,2435.64,2435.64,0.0,-0.5073
2025-12-02,Capital Link Drybulk,CLDBI,2440.17,2440.17,2440.17,2440.17,0.0,0.186
2025-12-03,Capital Link Drybulk,CLDBI,2513.05,2513.05,2513.05,2513.05,0.0,2.9867
2025-12-04,Capital Link Drybulk,CLDBI,2502.17,2502.17,2502.17,2502.17,0.0,-0.4329
2025-12-05,Capital Link Drybulk,CLDBI,2499.65,2499.65,2499.65,2499.65,0.0,-0.1007
2025-12-08,Capital Link Drybulk,CLDBI,2470.64,2470.64,2470.64,2470.64,0.0,-1.1606
2025-12-09,Capital Link Drybulk,CLDBI,2417.88,2417.88,2417.88,2417.88,0.0,-2.1355
2025-12-10,Capital Link Drybulk,CLDBI,2375.08,2375.08,2375.08,2375.08,0.0,-1.7701
2025-12-11,Capital Link Drybulk,CLDBI,2310.58,2310.58,2310.58,2310.58,0.0,-2.7157
2025-12-12,Capital Link Drybulk,CLDBI,2289.88,2289.88,2289.88,2289.88,0.0,-0.8959
2025-12-15,Capital Link Drybulk,CLDBI,2282.23,2282.23,2282.23,2282.23,0.0,-0.3341
2025-12-16,Capital Link Drybulk,CLDBI,2264.99,2264.99,2264.99,2264.99,0.0,-0.7554
2025-12-17,Capital Link Drybulk,CLDBI,2273.21,2273.21,2273.21,2273.21,0.0,0.3629
2025-12-18,Capital Link Drybulk,CLDBI,2258.09,2258.09,2258.09,2258.09,0.0,-0.6651
2025-12-19,Capital Link Drybulk,CLDBI,2258.28,2258.28,2258.28,2258.28,0.0,0.0084
2025-12-22,Capital Link Drybulk,CLDBI,2311.73,2311.73,2311.73,2311.73,0.0,2.3668
2025-12-23,Capital Link Drybulk,CLDBI,2325.48,2325.48,2325.48,2325.48,0.0,0.5948
2025-12-24,Capital Link Drybulk,CLDBI,2331.05,2331.05,2331.05,2331.05,0.0,0.2395
2025-12-26,Capital Link Drybulk,CLDBI,2366.9,2366.9,2366.9,2366.9,0.0,1.5379
2025-12-29,Capital Link Drybulk,CLDBI,2398.13,2398.13,2398.13,2398.13,0.0,1.3194
2025-12-30,Capital Link Drybulk,CLDBI,2374.52,2374.52,2374.52,2374.52,0.0,-0.9845
2025-12-31,Capital Link Drybulk,CLDBI,2375.34,2375.34,2375.34,2375.34,0.0,0.0345
2026-01-02,Capital Link Drybulk,CLDBI,2356.04,2356.04,2356.04,2356.04,0.0,-0.8125
2026-01-05,Capital Link Drybulk,CLDBI,2343.11,2343.11,2343.11,2343.11,0.0,-0.5488
2026-01-06,Capital Link Drybulk,CLDBI,2425.87,2425.87,2425.87,2425.87,0.0,3.5321
2026-01-07,Capital Link Drybulk,CLDBI,2492.06,2492.06,2492.06,2492.06,0.0,2.7285
2026-01-08,Capital Link Drybulk,CLDBI,2545.76,2545.76,2545.76,2545.76,0.0,2.1548
2026-01-09,Capital Link Drybulk,CLDBI,2481.93,2481.93,2481.93,2481.93,0.0,-2.5073
2026-01-12,Capital Link Drybulk,CLDBI,2489.31,2489.31,2489.31,2489.31,0.0,0.2973
2026-01-13,Capital Link Drybulk,CLDBI,2512.54,2512.54,2512.54,2512.54,0.0,0.9332
2026-01-14,Capital Link Drybulk,CLDBI,2585.65,2585.65,2585.65,2585.65,0.0,2.9098
2026-01-15,Capital Link Drybulk,CLDBI,2591.89,2591.89,2591.89,2591.89,0.0,0.2413
2026-01-16,Capital Link Drybulk,CLDBI,2510.39,2510.39,2510.39,2510.39,0.0,-3.1444
2026-01-20,Capital Link Drybulk,CLDBI,2551.06,2551.06,2551.06,2551.06,0.0,1.6201
2026-01-21,Capital Link Drybulk,CLDBI,2588.18,2588.18,2588.18,2588.18,0.0,1.4551
2026-01-22,Capital Link Drybulk,CLDBI,2583.24,2583.24,2583.24,2583.24,0.0,-0.1909
2026-01-23,Capital Link Drybulk,CLDBI,2581.44,2581.44,2581.44,2581.44,0.0,-0.0697
2026-01-26,Capital Link Drybulk,CLDBI,2617.48,2617.48,2617.48,2617.48,0.0,1.3961
2026-01-27,Capital Link Drybulk,CLDBI,2670.46,2670.46,2670.46,2670.46,0.0,2.0241
2026-01-28,Capital Link Drybulk,CLDBI,2710.15,2710.15,2710.15,2710.15,0.0,1.4863
2026-01-29,Capital Link Drybulk,CLDBI,2730.15,2730.15,2730.15,2730.15,0.0,0.738
2026-01-30,Capital Link Drybulk,CLDBI,2721.74,2721.74,2721.74,2721.74,0.0,-0.308
2026-02-02,Capital Link Drybulk,CLDBI,2728.36,2728.36,2728.36,2728.36,0.0,0.2432
2026-02-03,Capital Link Drybulk,CLDBI,2735.41,2735.41,2735.41,2735.41,0.0,0.2584
2026-02-04,Capital Link Drybulk,CLDBI,2695.46,2695.46,2695.46,2695.46,0.0,-1.4605
2026-02-05,Capital Link Drybulk,CLDBI,2672.34,2672.34,2672.34,2672.34,0.0,-0.8577
2026-02-06,Capital Link Drybulk,CLDBI,2746.68,2746.68,2746.68,2746.68,0.0,2.7818
2026-02-09,Capital Link Drybulk,CLDBI,2801.73,2801.73,2801.73,2801.73,0.0,2.0042
2026-02-10,Capital Link Drybulk,CLDBI,2803.66,2803.66,2803.66,2803.66,0.0,0.0689
2026-02-11,Capital Link Drybulk,CLDBI,2851.85,2851.85,2851.85,2851.85,0.0,1.7188
2026-02-12,Capital Link Drybulk,CLDBI,2750.91,2750.91,2750.91,2750.91,0.0,-3.5395
2026-02-13,Capital Link Drybulk,CLDBI,2827.27,2827.27,2827.27,2827.27,0.0,2.7758
2026-02-17,Capital Link Drybulk,CLDBI,2872.5,2872.5,2872.5,2872.5,0.0,1.5998
2026-02-18,Capital Link Drybulk,CLDBI,2939.16,2939.16,2939.16,2939.16,0.0,2.3206
2026-02-19,Capital Link Drybulk,CLDBI,3012.28,3012.28,3012.28,3012.28,0.0,2.4878
2026-02-20,Capital Link Drybulk,CLDBI,3084.25,3084.25,3084.25,3084.25,0.0,2.3892
2026-02-23,Capital Link Drybulk,CLDBI,3086.98,3086.98,3086.98,3086.98,0.0,0.0885
2026-02-24,Capital Link Drybulk,CLDBI,3106.05,3106.05,3106.05,3106.05,0.0,0.6178
2026-02-25,Capital Link Drybulk,CLDBI,3074.66,3074.66,3074.66,3074.66,0.0,-1.0106
2026-02-26,Capital Link Drybulk,CLDBI,3105.08,3105.08,3105.08,3105.08,0.0,0.9894
2026-02-27,Capital Link Drybulk,CLDBI,3236.29,3236.29,3236.29,3236.29,0.0,4.2257
2026-03-02,Capital Link Drybulk,CLDBI,3299.81,3299.81,3299.81,3299.81,0.0,1.9627
2026-03-03,Capital Link Drybulk,CLDBI,3219.9,3219.9,3219.9,3219.9,0.0,-2.4217
2026-03-04,Capital Link Drybulk,CLDBI,3206.48,3206.48,3206.48,3206.48,0.0,-0.4168
2026-03-05,Capital Link Drybulk,CLDBI,3091.97,3091.97,3091.97,3091.97,0.0,-3.5712
2026-03-06,Capital Link Drybulk,CLDBI,2984.84,2984.84,2984.84,2984.84,0.0,-3.4648
2026-03-09,Capital Link Drybulk,CLDBI,2999.33,2999.33,2999.33,2999.33,0.0,0.4855
2026-03-10,Capital Link Drybulk,CLDBI,2977.29,2977.29,2977.29,2977.29,0.0,-0.7348
2026-03-11,Capital Link Drybulk,CLDBI,2840.82,2840.82,2840.82,2840.82,0.0,-4.5837
2026-03-12,Capital Link Drybulk,CLDBI,2709.09,2709.09,2709.09,2709.09,0.0,-4.637
2026-03-13,Capital Link Drybulk,CLDBI,2665.96,2665.96,2665.96,2665.96,0.0,-1.592
2026-03-16,Capital Link Drybulk,CLDBI,2778.27,2778.27,2778.27,2778.27,0.0,4.2127
2026-03-17,Capital Link Drybulk,CLDBI,2874.58,2874.58,2874.58,2874.58,0.0,3.4665
2026-03-18,Capital Link Drybulk,CLDBI,2988.48,2988.48,2988.48,2988.48,0.0,3.9623
2026-03-19,Capital Link Drybulk,CLDBI,2987.38,2987.38,2987.38,2987.38,0.0,-0.0368
2026-03-20,Capital Link Drybulk,CLDBI,2888.18,2888.18,2888.18,2888.18,0.0,-3.3206
2026-03-23,Capital Link Drybulk,CLDBI,2941.77,2941.77,2941.77,2941.77,0.0,1.8555
2026-03-24,Capital Link Drybulk,CLDBI,3033.1,3033.1,3033.1,3033.1,0.0,3.1046
2026-03-25,Capital Link Drybulk,CLDBI,2977.27,2977.27,2977.27,2977.27,0.0,-1.8407
2026-03-26,Capital Link Drybulk,CLDBI,2952.14,2952.14,2952.14,2952.14,0.0,-0.8441
2026-03-27,Capital Link Drybulk,CLDBI,2916.79,2916.79,2916.79,2916.79,0.0,-1.1974
2026-03-30,Capital Link Drybulk,CLDBI,2881.02,2881.02,2881.02,2881.02,0.0,-1.2263
2026-03-31,Capital Link Drybulk,CLDBI,2994.62,2994.62,2994.62,2994.62,0.0,3.943
2026-04-01,Capital Link Drybulk,CLDBI,3048.08,3048.08,3048.08,3048.08,0.0,1.7852
2026-04-02,Capital Link Drybulk,CLDBI,3120.32,3120.32,3120.32,3120.32,0.0,2.37
2026-04-06,Capital Link Drybulk,CLDBI,3138.17,3138.17,3138.17,3138.17,0.0,0.5721
2026-04-07,Capital Link Drybulk,CLDBI,3095.16,3095.16,3095.16,3095.16,0.0,-1.3705
2026-04-08,Capital Link Drybulk,CLDBI,3207.01,3207.01,3207.01,3207.01,0.0,3.6137
2026-04-09,Capital Link Drybulk,CLDBI,3135.31,3135.31,3135.31,3135.31,0.0,-2.2357
2026-04-10,Capital Link Drybulk,CLDBI,3110.14,3110.14,3110.14,3110.14,0.0,-0.8028
2026-04-13,Capital Link Drybulk,CLDBI,3151.73,3151.73,3151.73,3151.73,0.0,1.3372
2026-04-14,Capital Link Drybulk,CLDBI,3119.99,3119.99,3119.99,3119.99,0.0,-1.0071
2026-04-15,Capital Link Drybulk,CLDBI,3124.16,3124.16,3124.16,3124.16,0.0,0.1337
2026-04-16,Capital Link Drybulk,CLDBI,3111.39,3111.39,3111.39,3111.39,0.0,-0.4087
2026-04-17,Capital Link Drybulk,CLDBI,3137.32,3137.32,3137.32,3137.32,0.0,0.8334
2026-04-20,Capital Link Drybulk,CLDBI,3140.42,3140.42,3140.42,3140.42,0.0,0.0988
2026-04-21,Capital Link Drybulk,CLDBI,3062.39,3062.39,3062.39,3062.39,0.0,-2.4847
2026-04-22,Capital Link Drybulk,CLDBI,3142.26,3142.26,3142.26,3142.26,0.0,2.6081
2026-04-23,Capital Link Drybulk,CLDBI,3111.36,3111.36,3111.36,3111.36,0.0,-0.9834
2026-04-24,Capital Link Drybulk,CLDBI,3137.99,3137.99,3137.99,3137.99,0.0,0.8559
2026-04-27,Capital Link Drybulk,CLDBI,3227.77,3227.77,3227.77,3227.77,0.0,2.8611
2026-04-28,Capital Link Drybulk,CLDBI,3235.14,3235.14,3235.14,3235.14,0.0,0.2283
2026-04-29,Capital Link Drybulk,CLDBI,3188.94,3188.94,3188.94,3188.94,0.0,-1.4281
2026-04-30,Capital Link Drybulk,CLDBI,3222.89,3222.89,3222.89,3222.89,0.0,1.0646
2026-05-01,Capital Link Drybulk,CLDBI,3218.1,3218.1,3218.1,3218.1,0.0,-0.1486
2026-05-04,Capital Link Drybulk,CLDBI,3191.51,3191.51,3191.51,3191.51,0.0,-0.8263
2026-05-05,Capital Link Drybulk,CLDBI,3411.96,3411.96,3411.96,3411.96,0.0,6.9074
2026-05-06,Capital Link Drybulk,CLDBI,3355.4,3355.4,3355.4,3355.4,0.0,-1.6577
2026-05-07,Capital Link Drybulk,CLDBI,3273.78,3273.78,3273.78,3273.78,0.0,-2.4325
2026-05-08,Capital Link Drybulk,CLDBI,3342.77,3342.77,3342.77,3342.77,0.0,2.1073
2026-05-11,Capital Link Drybulk,CLDBI,3332.24,3332.24,3332.24,3332.24,0.0,-0.315
2026-05-12,Capital Link Drybulk,CLDBI,3361.07,3361.07,3361.07,3361.07,0.0,0.8652
2026-05-13,Capital Link Drybulk,CLDBI,3225.51,3225.51,3225.51,3225.51,0.0,-4.0332
2026-05-14,Capital Link Drybulk,CLDBI,3211.28,3211.28,3211.28,3211.28,0.0,-0.4412
2026-05-15,Capital Link Drybulk,CLDBI,3206.76,3206.76,3206.76,3206.76,0.0,-0.1408
2026-05-18,Capital Link Drybulk,CLDBI,3226.63,3226.63,3226.63,3226.63,0.0,0.6196
2026-05-19,Capital Link Drybulk,CLDBI,3287.04,3287.04,3287.04,3287.04,0.0,1.8722
2026-05-20,Capital Link Drybulk,CLDBI,3385.32,3385.32,3385.32,3385.32,0.0,2.9899
2026-05-21,Capital Link Drybulk,CLDBI,3364.96,3364.96,3364.96,3364.96,0.0,-0.6014
2026-05-22,Capital Link Drybulk,CLDBI,3317.73,3317.73,3317.73,3317.73,0.0,-1.4036
2026-05-26,Capital Link Drybulk,CLDBI,3368.49,3368.49,3368.49,3368.49,0.0,1.53
2026-05-27,Capital Link Drybulk,CLDBI,3243.13,3243.13,3243.13,3243.13,0.0,-3.7215
2026-05-28,Capital Link Drybulk,CLDBI,3210.39,3210.39,3210.39,3210.39,0.0,-1.0095
2026-05-29,Capital Link Drybulk,CLDBI,3194.79,3194.79,3194.79,3194.79,0.0,-0.4859
2026-06-01,Capital Link Drybulk,CLDBI,2092.69,2092.69,2092.69,2092.69,0.0,-34.4968
2026-06-02,Capital Link Drybulk,CLDBI,2048.57,2048.57,2048.57,2048.57,0.0,-2.1083
2026-06-03,Capital Link Drybulk,CLDBI,2017.99,2017.99,2017.99,2017.99,0.0,-1.4927
2026-06-04,Capital Link Drybulk,CLDBI,2026.75,2026.75,2026.75,2026.75,0.0,0.4341
2026-06-05,Capital Link Drybulk,CLDBI,2043.22,2043.22,2043.22,2043.22,0.0,0.8126
2026-06-08,Capital Link Drybulk,CLDBI,2009.46,2009.46,2009.46,2009.46,0.0,-1.6523
2026-06-09,Capital Link Drybulk,CLDBI,2001.33,2001.33,2001.33,2001.33,0.0,-0.4046
2026-06-10,Capital Link Drybulk,CLDBI,1984.95,1984.95,1984.95,1984.95,0.0,-0.8185
2026-06-11,Capital Link Drybulk,CLDBI,2019.5,2019.5,2019.5,2019.5,0.0,1.7406
2026-06-12,Capital Link Drybulk,CLDBI,2037.04,2037.04,2037.04,2037.04,0.0,0.8685
2026-06-15,Capital Link Drybulk,CLDBI,2015.5,2015.5,2015.5,2015.5,0.0,-1.0574
2026-06-16,Capital Link Drybulk,CLDBI,1985.07,1985.07,1985.07,1985.07,0.0,-1.5098
2026-06-17,Capital Link Drybulk,CLDBI,1980.79,1980.79,1980.79,1980.79,0.0,-0.2156
2026-06-18,Capital Link Drybulk,CLDBI,1952.82,1952.82,1952.82,1952.82,0.0,-1.4121
2026-06-22,Capital Link Drybulk,CLDBI,1978.99,1978.99,1978.99,1978.99,0.0,1.3401
2026-06-23,Capital Link Drybulk,CLDBI,1967.18,1967.18,1967.18,1967.18,0.0,-0.5968
2026-06-24,Capital Link Drybulk,CLDBI,1894.22,1894.22,1894.22,1894.22,0.0,-3.7089
2026-06-25,Capital Link Drybulk,CLDBI,1859.19,1859.19,1859.19,1859.19,0.0,-1.8493
2026-06-26,Capital Link Drybulk,CLDBI,1816.46,1816.46,1816.46,1816.46,0.0,-2.2983
2026-06-29,Capital Link Drybulk,CLDBI,1836.43,1836.43,1836.43,1836.43,0.0,1.0994
2026-06-30,Capital Link Drybulk,CLDBI,1859.71,1859.71,1859.71,1859.71,0.0,1.2677
2026-07-01,Capital Link Drybulk,CLDBI,1864.11,1864.11,1864.11,1864.11,0.0,0.2366
2026-07-02,Capital Link Drybulk,CLDBI,1876.6,1876.6,1876.6,1876.6,0.0,0.67
2026-07-06,Capital Link Drybulk,CLDBI,1936.49,1936.49,1936.49,1936.49,0.0,3.1914
2026-07-07,Capital Link Drybulk,CLDBI,1939.36,1939.36,1939.36,1939.36,0.0,0.1482
2026-07-08,Capital Link Drybulk,CLDBI,1962.73,1962.73,1962.73,1962.73,0.0,1.205
2026-07-09,Capital Link Drybulk,CLDBI,1918.61,1918.61,1918.61,1918.61,0.0,-2.2479
2026-07-10,Capital Link Drybulk,CLDBI,1962.69,1962.69,1962.69,1962.69,0.0,2.2975
2026-07-13,Capital Link Drybulk,CLDBI,1975.03,1975.03,1975.03,1975.03,0.0,0.6287
2026-07-14,Capital Link Drybulk,CLDBI,1984.28,1984.28,1984.28,1984.28,0.0,0.4683
2026-07-15,Capital Link Drybulk,CLDBI,1969.5,1969.5,1969.5,1969.5,0.0,-0.7449
2026-07-16,Capital Link Drybulk,CLDBI,1943.24,1943.24,1943.24,1943.24,0.0,-1.3333
2026-07-17,Capital Link Drybulk,CLDBI,1864.37,1864.37,1864.37,1864.37,0.0,-4.0587
2026-07-20,Capital Link Drybulk,CLDBI,1933.74,1933.74,1933.74,1933.74,0.0,3.7208
2026-07-21,Capital Link Drybulk,CLDBI,1981.68,1981.68,1981.68,1981.68,0.0,2.4791
2026-07-22,Capital Link Drybulk,CLDBI,1977.73,1977.73,1977.73,1977.73,0.0,-0.1993
2026-07-23,Capital Link Drybulk,CLDBI,2011.55,2011.55,2011.55,2011.55,0.0,1.71
2026-07-24,Capital Link Drybulk,CLDBI,2070.16,2070.16,2070.16,2070.16,0.0,2.9137
2026-07-27,Capital Link Drybulk,CLDBI,2003.42,2003.42,2003.42,2003.42,0.0,-3.2239
2026-07-28,Capital Link Drybulk,CLDBI,2037.17,2037.17,2037.17,2037.17,0.0,1.6846
2026-07-29,Capital Link Drybulk,CLDBI,2021.16,2021.16,2021.16,2021.16,0.0,-0.7859
2026-07-30,Capital Link Drybulk,CLDBI,2127.87,2127.87,2127.87,2127.87,0.0,5.2796
2026-07-31,Capital Link Drybulk,CLDBI,2108.82,2108.82,2108.82,2108.82,0.0,-0.8953
2026-08-03,Capital Link Drybulk,CLDBI,2118.94,2118.94,2118.94,2118.94,0.0,0.4799
2026-08-04,Capital Link Drybulk,CLDBI,2072.84,2072.84,2072.84,2072.84,0.0,-2.1756
2026-08-05,Capital Link Drybulk,CLDBI,2049.8,2049.8,2049.8,2049.8,0.0,-1.1115
2026-08-06,Capital Link Drybulk,CLDBI,2076.66,2076.66,2076.66,2076.66,0.0,1.3104
2026-08-07,Capital Link Drybulk,CLDBI,2095.81,2095.81,2095.81,2095.81,0.0,0.9222
2026-08-10,Capital Link Drybulk,CLDBI,2077.82,2077.82,2077.82,2077.82,0.0,-0.8584
2026-08-11,Capital Link Drybulk,CLDBI,2033.16,2033.16,2033.16,2033.16,0.0,-2.1494
2026-08-12,Capital Link Drybulk,CLDBI,2060.18,2060.18,2060.18,2060.18,0.0,1.329
2026-08-13,Capital Link Drybulk,CLDBI,2116.43,2116.43,2116.43,2116.43,0.0,2.7303
2026-08-14,Capital Link Drybulk,CLDBI,2133.28,2133.28,2133.28,2133.28,0.0,0.7962
2026-08-17,Capital Link Drybulk,CLDBI,2199.7,2199.7,2199.7,2199.7,0.0,3.1135
2026-08-18,Capital Link Drybulk,CLDBI,2197.04,2197.04,2197.04,2197.04,0.0,-0.1209
2026-08-19,Capital Link Drybulk,CLDBI,2204.9,2204.9,2204.9,2204.9,0.0,0.3578
2026-08-20,Capital Link Drybulk,CLDBI,2204.59,2204.59,2204.59,2204.59,0.0,-0.0141
2026-08-21,Capital Link Drybulk,CLDBI,2240.76,2240.76,2240.76,2240.76,0.0,1.6407
2026-08-24,Capital Link Drybulk,CLDBI,2265.5,2265.5,2265.5,2265.5,0.0,1.1041
2026-08-25,Capital Link Drybulk,CLDBI,2299.06,2299.06,2299.06,2299.06,0.0,1.4814
2026-08-26,Capital Link Drybulk,CLDBI,2186.47,2186.47,2186.47,2186.47,0.0,-4.8972
2026-08-27,Capital Link Drybulk,CLDBI,2225.92,2225.92,2225.92,2225.92,0.0,1.8043
2026-08-28,Capital Link Drybulk,CLDBI,2243.79,2243.79,2243.79,2243.79,0.0,0.8028
2026-08-31,Capital Link Drybulk,CLDBI,2259.03,2259.03,2259.03,2259.03,0.0,0.6792
2026-09-01,Capital Link Drybulk,CLDBI,2274.4,2274.4,2274.4,2274.4,0.0,0.6804
2026-09-02,Capital Link Drybulk,CLDBI,2345.43,2345.43,2345.43,2345.43,0.0,3.123
2026-09-03,Capital Link Drybulk,CLDBI,2345.2,2345.2,2345.2,2345.2,0.0,-0.0098
2026-09-04,Capital Link Drybulk,CLDBI,2402.76,2402.76,2402.76,2402.76,0.0,0.0
