date,CLCI,CLDBI,CLLG,CLMFI,CLMI,CLMLP,CLTI
2005-01-03,4233.0,2261.0,376.19,1908.22,3286.97,,3204.85
2005-01-04,4166.0,2190.0,352.38,1790.55,3236.19,,3150.91
2005-01-05,4191.0,2165.0,360.95,1848.13,3287.07,,3205.24
2005-01-06,4280.0,2260.0,368.43,1876.43,3383.93,,3303.49
2005-01-07,4239.0,2222.4,376.19,1847.99,3316.36,,3233.31
2005-01-10,4233.5,2065.0,381.9,1859.33,3366.56,,3292.87
2005-01-11,4274.0,1985.0,372.38,1881.74,3369.66,,3292.98
2005-01-12,4273.0,2075.0,361.9,1877.73,3408.82,,3334.22
2005-01-13,4285.0,2330.0,361.9,1955.94,3466.78,,3396.43
2005-01-14,4347.0,2489.0,360.95,2032.24,3547.8,,3481.75
2005-01-18,4397.0,2414.0,357.14,2006.14,3509.92,,3436.3
2005-01-19,4367.0,2331.0,338.1,1962.07,3491.99,,3418.12
2005-01-20,4357.0,2265.0,367.62,1928.03,3411.48,,3328.42
2005-01-21,4348.0,2301.0,360.76,1945.69,3417.97,,3334.24
2005-01-24,4378.0,2226.0,364.76,1912.39,3366.23,,3273.81
2005-01-25,4424.0,2129.0,380.95,1942.57,3387.61,,3291.29
2005-01-26,4489.0,2255.0,399.05,1970.86,3460.51,,3363.11
2005-01-27,4694.0,2527.0,413.33,2033.51,3590.91,,3484.43
2005-01-28,4581.0,2500.0,404.76,2104.06,3600.36,,3509.63
2005-01-31,4600.0,2700.0,415.24,2203.95,3699.56,,3619.9
2005-02-01,4637.0,2760.0,433.33,2321.63,3772.68,,3701.21
2005-02-02,4598.0,2710.0,434.29,2268.36,3853.86,,3800.01
2005-02-03,4632.0,2707.0,420.0,2244.28,3884.93,,3833.04
2005-02-04,4650.0,2274.73,447.62,2211.32,3766.84,,3752.9
2005-02-07,4545.0,2219.37,447.62,2186.09,3736.83,,3733.3
2005-02-08,4558.0,2189.73,440.0,2166.31,3714.88,,3708.12
2005-02-09,4465.0,2119.04,446.67,2211.01,3718.18,,3724.61
2005-02-10,4453.0,2158.67,470.48,2227.07,3812.19,,3832.26
2005-02-11,4502.0,1804.89,466.67,2242.55,3781.08,,3835.77
2005-02-14,4506.0,1776.89,480.0,2246.77,3837.26,,3900.78
2005-02-15,4467.0,1817.41,519.05,2223.91,3845.96,,3910.26
2005-02-16,4458.0,1808.99,504.76,2245.9,3859.55,,3930.93
2005-02-17,4437.0,1819.5,561.9,2181.92,3790.24,,3849.28
2005-02-18,4446.0,1840.21,545.71,2156.39,3804.38,,3866.85
2005-02-22,4324.0,1823.05,521.9,2157.37,3765.51,,3835.61
2005-02-23,4372.0,1871.97,503.81,2224.23,3853.91,,3931.14
2005-02-24,4399.0,1991.57,531.43,2198.63,3954.3,,4038.1
2005-02-25,4569.0,2028.06,704.76,2197.85,4098.74,,4191.6
2005-02-28,4540.0,1994.62,752.38,2166.64,4137.68,,4240.95
2005-03-01,4561.0,1987.69,746.67,2113.31,3996.8,,4074.06
2005-03-02,4534.0,1957.42,752.38,2109.25,4000.38,,4087.16
2005-03-03,4489.0,1935.06,733.33,2037.81,3906.19,,3982.97
2005-03-04,4530.0,2004.18,796.19,2109.28,3972.23,,4053.45
2005-03-07,4515.0,2019.69,770.48,2035.83,3900.23,,3972.17
2005-03-08,4443.0,1857.09,746.67,1987.98,3791.04,,3862.49
2005-03-09,4380.0,1822.83,755.24,2015.86,3794.33,,3867.18
2005-03-10,4349.0,1724.43,708.57,2037.47,3672.69,,3734.98
2005-03-11,4335.0,1760.22,693.33,2012.06,3754.91,,3826.61
2005-03-14,4378.0,1768.25,695.24,2055.78,3836.83,,3922.51
2005-03-15,4294.0,1760.08,709.52,2096.75,3835.52,,3926.1
2005-03-16,4272.0,1725.37,719.05,2110.35,3830.83,,3925.71
2005-03-17,4276.0,1755.09,712.38,2126.98,3936.42,,4045.16
2005-03-18,4231.0,1747.36,850.48,2112.77,3896.55,,4001.79
2005-03-21,4245.0,1746.85,800.0,2128.91,3829.72,,4002.2
2005-03-22,4227.0,1762.32,802.86,2102.42,3806.52,,3974.46
2005-03-23,4193.0,1744.49,738.1,2031.26,3710.42,,3868.21
2005-03-24,4176.0,1732.96,766.67,2073.73,3741.82,,3910.52
2005-03-28,4201.0,1701.34,726.67,2043.85,3715.05,,3876.41
2005-03-29,4117.0,1564.94,706.67,1984.16,3602.75,,3760.19
2005-03-30,4144.0,1619.01,728.57,1990.37,3641.11,,3788.68
2005-03-31,4120.0,1637.96,772.38,1996.82,3734.95,,3907.88
2005-04-01,4034.0,1637.08,788.57,1993.96,3765.48,,3950.32
2005-04-04,4089.0,1610.9,817.14,2029.49,3774.63,,3957.36
2005-04-05,4097.0,1609.31,789.52,2025.26,3750.13,,3924.56
2005-04-06,4096.0,1616.87,807.62,2031.04,3823.3,,4011.75
2005-04-07,4112.0,1614.09,851.43,2002.01,3830.7,,4015.68
2005-04-08,4019.0,1597.29,874.29,1983.82,3750.37,,3930.52
2005-04-11,3910.0,1548.41,852.38,1965.54,3723.3,,3916.29
2005-04-12,3895.0,1527.32,821.9,1976.78,3756.91,,3954.92
2005-04-13,3884.0,1514.04,792.38,1957.05,3657.9,,3835.78
2005-04-14,3828.0,1504.35,728.57,1932.77,3541.02,,3722.17
2005-04-15,3764.0,1451.68,738.1,1915.26,3438.74,,3612.87
2005-04-18,3767.0,1435.59,728.57,1916.05,3461.58,,3640.35
2005-04-19,3836.0,1489.01,776.19,1956.68,3597.48,,3787.17
2005-04-20,3782.0,1498.94,770.48,1923.6,3552.13,,3737.4
2005-04-21,3956.0,1516.85,793.33,1959.7,3646.11,,3835.72
2005-04-22,3920.0,1505.2,804.76,1955.88,3625.36,,3812.6
2005-04-25,4011.0,1515.26,811.43,1969.01,3664.15,,3850.06
2005-04-26,4008.0,1495.1,790.48,1977.72,3588.42,,3760.68
2005-04-27,4055.0,1459.67,762.86,1914.04,3532.41,,3693.27
2005-04-28,4007.0,1362.99,722.86,1855.72,3397.95,,3543.55
2005-04-29,4073.0,1353.54,747.62,1848.15,3435.8,,3576.89
2005-05-02,4082.0,1287.69,750.48,1866.05,3490.62,,3646.1
2005-05-03,4050.0,1322.35,739.05,1852.12,3444.62,,3579.56
2005-05-04,4204.0,1365.58,738.1,1875.94,3498.97,,3632.21
2005-05-05,4218.0,1427.41,731.43,1912.16,3564.29,,3704.29
2005-05-06,4246.0,1448.37,2393.09,1948.85,3561.65,2551.0,3741.63
2005-05-09,4230.0,1478.19,2456.0,1931.83,3572.62,2615.0,3751.86
2005-05-10,4124.0,1505.49,2414.01,1914.9,3546.41,2565.0,3734.12
2005-05-11,4182.0,1457.39,2422.65,1921.66,3538.14,2573.0,3727.14
2005-05-12,4138.0,1400.97,2412.64,1886.27,3417.81,2555.0,3580.99
2005-05-13,4060.0,1370.38,2385.67,1874.27,3377.41,2550.0,3542.94
2005-05-16,4184.0,1369.81,2385.07,1849.83,3405.07,2550.0,3564.97
2005-05-17,4229.0,1400.31,2461.99,1881.56,3458.42,2635.0,3616.49
2005-05-18,4287.0,1413.62,2448.17,1865.37,3458.97,2610.0,3612.67
2005-05-19,4562.0,1439.63,2429.13,1860.98,3436.59,2591.0,3553.54
2005-05-20,4495.0,1478.22,2452.98,1841.19,3429.1,2613.0,3543.46
2005-05-23,4503.0,1504.96,2422.35,1836.97,3423.38,2585.0,3540.78
2005-05-24,4505.0,1518.6,2430.97,1811.51,3400.67,2592.0,3511.8
2005-05-25,4419.0,1537.8,2433.79,1817.53,3449.68,2592.0,3583.68
2005-05-26,4526.0,1535.54,2433.23,1828.93,3514.14,2600.0,3655.21
2005-05-27,4481.0,1534.4,2458.37,1844.67,3543.72,2630.0,3691.79
2005-05-31,4445.0,1531.51,2468.29,1907.22,3510.41,2637.0,3654.62
2005-06-01,4442.0,1511.51,2485.66,1933.54,3464.51,2650.0,3600.35
2005-06-02,4410.0,1525.43,2489.23,1983.84,3523.89,2659.0,3677.44
2005-06-03,4364.0,1529.41,2499.75,1970.2,3528.16,2660.0,3686.35
2005-06-06,4401.0,1522.85,2484.93,1856.04,3508.81,2659.0,3657.54
2005-06-07,4387.0,1488.15,2473.83,1806.67,3482.94,2640.0,3627.96
2005-06-08,4341.0,1433.82,2434.6,1776.49,3417.09,2602.0,3554.65
2005-06-09,4382.0,1428.12,2439.89,1783.79,3434.06,2608.0,3568.53
2005-06-10,4380.0,1421.98,2421.31,1768.32,3434.32,2585.0,3569.15
2005-06-13,4436.0,1387.81,2377.07,1744.57,3401.24,2537.0,3523.89
2005-06-14,4432.0,1409.78,2389.42,1728.49,3375.08,2558.0,3484.67
2005-06-15,4455.0,1413.59,2413.35,1757.88,3350.9,2580.0,3454.46
2005-06-16,4525.0,1442.2,2517.97,1740.74,3328.1,2700.0,3410.41
2005-06-17,4661.0,1456.37,2538.38,1754.4,3412.24,2717.0,3502.82
2005-06-20,4604.0,1426.47,2571.06,1733.53,3399.78,2754.0,3490.17
2005-06-21,4605.0,1417.35,2584.81,1722.18,3332.88,2767.0,3404.23
2005-06-22,4600.0,1487.43,2613.95,1746.52,3416.8,2792.0,3503.98
2005-06-23,4521.0,1461.82,2604.57,1748.82,3423.16,2781.0,3530.56
2005-06-24,4518.0,1358.45,2634.22,1747.5,3364.11,2814.0,3517.43
2005-06-27,4589.0,1353.0,2660.21,1738.98,3360.42,2840.0,3519.4
2005-06-28,4625.0,1359.17,2663.17,1757.03,3380.85,2845.0,3538.84
2005-06-29,4615.0,1351.05,2616.75,1767.46,3408.77,2788.0,3578.51
2005-06-30,4635.0,1348.08,2644.42,1770.97,3399.1,2820.0,3558.72
2005-07-01,4693.0,1335.85,2668.26,1810.21,3475.18,2840.0,3641.13
2005-07-05,4781.0,1347.87,2657.52,1807.93,3557.69,2835.0,3730.7
2005-07-06,4790.0,1330.82,2654.15,1791.9,3549.67,2834.0,3717.01
2005-07-07,4753.0,1322.04,2645.4,1788.96,3557.0,2820.0,3729.89
2005-07-08,4797.0,1316.29,2659.06,1791.61,3587.56,2840.0,3763.93
2005-07-11,4872.0,1296.51,2748.37,1790.18,3603.44,2935.0,3770.28
2005-07-12,4904.0,1292.03,2859.99,1831.33,3674.03,3050.0,3847.44
2005-07-13,4902.0,1281.75,2876.75,1822.76,3660.46,3058.0,3827.56
2005-07-14,4913.0,1291.55,2795.37,1815.98,3616.6,2970.0,3773.01
2005-07-15,4869.0,1296.01,2706.43,1831.53,3607.22,2877.0,3772.62
2005-07-18,4846.0,1274.37,2641.96,1812.78,3557.29,2812.0,3748.95
2005-07-19,4971.0,1268.95,2680.96,1816.68,3556.13,2859.0,3731.84
2005-07-20,5310.0,1283.55,2722.95,1848.13,3644.83,2900.0,3798.67
2005-07-21,5404.0,1299.08,2017.0,1834.1,3572.3,2950.0,3784.02
2005-07-22,5481.5,1284.13,2065.78,1820.7,3565.51,2970.0,3772.89
2005-07-25,5310.0,1236.98,2114.68,1801.51,3523.85,3098.0,3736.82
2005-07-26,5320.0,1361.54,2190.07,1777.52,3441.88,3195.0,3662.93
2005-07-27,5224.0,1335.96,2215.99,1768.37,3412.03,3245.0,3637.7
2005-07-28,5312.0,1313.39,2276.21,1764.13,3450.96,3310.0,3677.95
2005-07-29,5348.0,1321.74,2276.79,1767.18,3477.17,3292.0,3699.73
2005-08-01,5280.0,1308.84,2281.68,1765.08,3446.1,3299.0,3668.48
2005-08-02,5273.0,1316.19,2356.21,1775.18,3443.67,3450.0,3659.78
2005-08-03,5235.0,1364.67,2387.99,1780.37,3454.74,3470.0,3675.03
2005-08-04,5226.0,1399.31,2313.97,1800.53,3542.76,3335.0,3815.88
2005-08-05,5139.0,1415.47,2233.42,1797.94,3499.87,3230.0,3770.5
2005-08-08,5154.0,1415.83,2201.69,1765.01,3440.86,3164.0,3698.0
2005-08-09,5161.0,1403.31,2131.31,1751.79,3400.99,3048.0,3653.55
2005-08-10,5186.0,1424.86,2161.54,1760.93,3447.14,3148.0,3705.7
2005-08-11,5213.0,1438.59,2186.11,1758.8,3450.53,3143.0,3703.83
2005-08-12,4529.19,1433.53,2196.53,1754.0,3400.25,3201.0,3683.69
2005-08-15,4542.03,1425.6,2188.46,1749.59,3378.85,3170.0,3653.63
2005-08-16,4381.03,1420.37,2127.81,1765.18,3330.4,3035.0,3615.18
2005-08-17,5019.0,1449.36,2078.66,1761.79,3307.33,2950.0,3543.05
2005-08-18,4987.0,1438.75,2101.07,1763.57,3288.92,3040.0,3528.54
2005-08-19,4364.65,1429.6,2170.28,1797.0,3276.63,3159.0,3548.09
2005-08-22,4349.31,1432.31,2214.21,1799.98,3268.19,3213.0,3531.9
2005-08-23,4299.65,1430.09,2216.15,1790.08,3230.74,3215.0,3490.22
2005-08-24,4348.16,1424.73,2191.15,1863.65,3300.35,3175.0,3591.88
2005-08-25,4326.29,1407.22,2168.1,1902.55,3266.49,3160.0,3538.99
2005-08-26,4279.77,1404.87,2126.11,1892.06,3219.5,3063.0,3481.78
2005-08-29,4506.13,1420.17,2127.42,1886.38,3311.5,3098.0,3577.21
2005-08-30,4473.87,1408.2,2140.45,1887.74,3328.64,3100.0,3596.78
2005-08-31,5241.0,1427.4,2191.92,1916.85,3471.98,3185.0,3729.42
2005-09-01,4579.83,1439.07,2200.87,1895.35,3447.69,3200.0,3731.18
2005-09-02,4472.23,1428.98,2237.09,1890.52,3432.53,3270.0,3727.46
2005-09-06,4489.67,1434.92,2220.88,1891.89,3423.73,3225.0,3714.8
2005-09-07,4450.32,1450.36,2213.22,1887.68,3402.15,3229.0,3687.54
2005-09-08,4411.03,1457.08,2213.52,1898.85,3390.37,3199.0,3681.99
2005-09-09,4413.9,1459.01,2194.93,1896.34,3379.15,3190.0,3672.73
2005-09-12,4395.27,1483.09,2168.23,1884.92,3334.93,3148.0,3611.05
2005-09-13,4302.42,1481.64,2162.38,1886.92,3260.19,3170.0,3526.75
2005-09-14,4299.84,1477.94,2150.93,1882.4,3277.88,3105.0,3562.46
2005-09-15,4406.87,1484.49,2075.63,1881.8,3271.68,3000.0,3538.82
2005-09-16,4477.85,1469.7,2060.05,1885.88,3287.77,3003.0,3551.59
2005-09-19,4476.05,1486.06,2104.5,1890.03,3330.88,3085.0,3599.78
2005-09-20,4478.11,1503.88,2105.65,1871.55,3341.31,3065.0,3613.09
2005-09-21,4500.16,1499.41,2089.03,1858.75,3370.0,3015.0,3655.95
2005-09-22,4480.67,1498.62,2116.17,1847.31,3350.59,3071.0,3624.56
2005-09-23,4544.89,1513.84,2110.11,1827.16,3311.79,3065.0,3562.47
2005-09-26,4545.85,1520.72,2102.97,1841.84,3299.94,3050.0,3547.43
2005-09-27,4531.23,1527.2,2079.59,1846.35,3288.89,3016.0,3535.7
2005-09-28,4160.04,1519.88,2125.77,1834.08,3255.1,3091.0,3527.31
2005-09-29,4275.45,1528.81,2159.22,1863.77,3301.1,3150.0,3570.71
2005-09-30,4298.88,1528.3,2171.73,1883.24,3292.58,3150.0,3548.88
2005-10-03,4290.49,1539.21,2164.84,1913.2,3254.95,3166.0,3495.18
2005-10-04,4171.71,1520.99,2133.0,1858.23,3136.16,3100.0,3352.15
2005-10-05,4014.93,1484.79,2091.53,1808.68,3034.18,3055.0,3247.98
2005-10-06,3965.9,1464.34,2058.72,1789.74,3005.11,3001.0,3222.6
2005-10-07,3993.46,1483.43,2022.56,1817.42,3040.98,3025.0,3278.66
2005-10-10,3849.7,1513.34,2030.71,1821.21,3008.62,3060.0,3250.87
2005-10-11,3901.0,1538.88,2015.19,1826.91,3044.78,3037.0,3305.69
2005-10-12,3794.71,1502.72,1975.7,1803.18,2955.82,2974.0,3199.82
2005-10-13,3712.35,1461.9,1940.32,1767.78,2872.8,2921.0,3105.2
2005-10-14,3786.56,1472.86,1918.89,1780.18,2883.78,2891.0,3102.95
2005-10-17,3798.27,1488.17,1937.1,1782.93,2886.11,2925.0,3093.37
2005-10-18,3760.67,1456.74,1910.44,1733.92,2785.09,2900.0,2962.81
2005-10-19,3707.59,1449.91,1862.5,1703.24,2794.78,2810.0,2996.22
2005-10-20,3644.8,1436.49,1842.87,1700.42,2750.03,2799.0,2941.02
2005-10-21,3690.55,1420.25,1858.28,1691.84,2761.55,2806.0,2952.59
2005-10-24,3837.7,1432.96,1859.99,1722.84,2866.42,2800.0,3073.7
2005-10-25,3851.01,1426.82,1858.15,1744.99,2889.67,2775.0,3098.02
2005-10-26,3844.71,1426.22,1863.62,1771.87,2897.85,2824.0,3109.26
2005-10-27,3744.1,1394.31,1858.99,1747.88,2822.94,2800.0,3023.06
2005-10-28,3789.6,1380.5,1888.05,1773.83,2857.33,2849.99,3068.07
2005-10-31,3909.43,1386.86,1949.92,1785.2,2878.46,2991.0,3070.81
2005-11-01,3972.78,1385.46,1987.34,1786.78,2871.89,2996.0,3043.71
2005-11-02,4028.44,1386.25,2005.55,1792.19,2904.17,3030.0,3077.92
2005-11-03,4064.81,1389.47,1961.02,1783.64,2958.4,2930.0,3152.21
2005-11-04,4026.87,1385.53,1969.68,1789.95,2954.58,2974.0,3146.75
2005-11-07,4044.24,1406.0,1924.36,1786.2,2975.88,2880.0,3179.67
2005-11-08,4006.46,1416.05,1896.4,1784.03,2966.26,2845.0,3176.4
2005-11-09,4013.61,1406.83,1912.42,1792.12,3024.55,2882.0,3262.04
2005-11-10,3968.6,1397.63,1941.69,1773.82,3013.08,2954.0,3243.3
2005-11-11,4037.33,1383.93,1979.78,1797.58,3051.07,3011.0,3288.26
2005-11-14,4023.02,1364.87,1968.18,1793.72,3042.07,2990.0,3275.01
2005-11-15,3971.19,1353.34,1953.9,1773.56,2960.16,2965.0,3163.13
2005-11-16,3999.73,1329.36,1869.38,1761.12,2968.68,2769.0,3188.11
2005-11-17,4003.63,1304.73,1829.5,1768.58,2991.61,2740.0,3218.5
2005-11-18,3982.47,1306.51,1832.17,1772.34,3015.22,2740.0,3250.88
2005-11-21,4002.58,1289.04,1901.46,1771.19,3029.7,2754.0,3265.24
2005-11-22,4079.52,1299.94,1907.02,1782.69,3056.07,2774.0,3279.17
2005-11-23,4084.76,1287.03,1915.24,1768.64,3035.53,2805.0,3250.46
2005-11-25,4071.81,1296.08,1927.96,1731.44,3023.25,2803.0,3231.0
2005-11-28,4008.77,1281.79,1939.21,1691.04,2954.14,2813.0,3145.38
2005-11-29,3930.81,1297.49,1937.0,1712.6,2945.0,2810.0,3150.15
2005-11-30,3901.35,1311.75,1947.8,1718.26,2969.53,2803.0,3193.96
2005-12-01,4014.23,1342.46,1935.78,1748.55,3058.59,2805.0,3302.01
2005-12-02,3956.38,1338.69,1986.46,1716.84,3059.87,2824.0,3303.56
2005-12-05,3941.69,1334.02,1968.97,1717.93,3034.45,2850.0,3278.28
2005-12-06,3975.78,1315.51,1981.05,1708.54,3022.85,2825.0,3255.8
2005-12-07,3946.24,1289.5,1992.04,1706.05,3009.32,2840.0,3241.76
2005-12-08,4127.55,1280.22,1969.13,1693.48,3020.28,2830.0,3231.4
2005-12-09,4167.44,1263.14,1983.6,1705.89,3021.05,2839.0,3213.57
2005-12-12,4190.41,1253.27,1992.25,1702.82,3025.29,2830.0,3214.18
2005-12-13,4234.08,1265.51,1984.81,1720.94,3009.39,2818.0,3176.5
2005-12-14,4232.98,1262.09,2012.78,1710.9,2987.24,2900.0,3140.96
2005-12-15,4235.83,1279.16,2050.98,1720.66,2987.54,2968.0,3133.58
2005-12-16,4241.02,1271.52,2065.91,1700.02,2967.52,2991.0,3106.57
2005-12-19,4222.02,1253.8,2042.02,1678.63,2945.26,2929.0,3085.73
2005-12-20,4239.42,1250.2,2021.7,1676.74,2932.74,2930.0,3066.12
2005-12-21,4286.33,1267.98,2028.71,1676.6,2949.98,2925.0,3076.36
2005-12-22,4340.54,1255.7,2033.89,1673.61,2958.87,2932.0,3079.49
2005-12-23,4317.1,1235.12,2024.04,1648.38,2952.01,2917.0,3072.73
2005-12-27,4228.69,1235.65,1989.01,1629.01,2904.39,2849.0,3019.09
2005-12-28,4226.72,1236.51,1989.05,1622.36,2911.19,2855.99,3034.49
2005-12-29,4250.11,1262.04,2020.15,1609.61,2924.92,2915.0,3040.62
2005-12-30,4223.64,1269.42,2048.64,1610.57,2915.34,2962.0,3031.43
2006-01-03,4232.82,1276.61,2056.39,1386.1,2967.3,2932.0,3112.67
2006-01-04,4229.87,1286.81,2094.33,1411.21,2998.01,3000.0,3151.57
2006-01-05,4194.9,1298.11,2078.37,1413.16,2956.95,2960.0,3100.32
2006-01-06,4187.13,1308.21,2076.42,1412.09,2949.12,2966.0,3095.68
2006-01-09,4188.08,1302.82,2090.95,1427.42,2944.69,2969.0,3089.91
2006-01-10,4191.25,1293.04,2069.33,1412.3,2937.31,2994.0,3081.39
2006-01-11,4172.76,1287.34,2095.37,1431.26,2946.27,2979.0,3092.35
2006-01-12,4170.02,1221.07,2075.38,1421.79,2902.55,2985.0,3040.91
2006-01-13,4195.69,1192.73,2067.96,1431.36,2913.66,2960.0,3045.42
2006-01-17,4207.93,1173.43,2071.23,1426.85,2919.4,2962.0,3047.62
2006-01-18,4164.01,1165.5,2065.38,1418.93,2866.1,2970.0,2974.2
2006-01-19,4165.95,1160.76,2077.32,1430.73,2898.03,2976.0,3023.72
2006-01-20,4129.59,1120.33,2064.08,1433.66,2880.67,2975.0,3011.42
2006-01-23,4058.46,1100.94,2076.81,1467.35,2901.18,2960.0,3052.07
2006-01-24,4105.22,1097.4,2104.44,1482.4,2968.85,2976.0,3138.17
2006-01-25,4090.33,1097.63,2078.65,1469.87,2935.17,2960.0,3087.74
2006-01-26,4083.57,1109.5,2089.07,1461.51,2937.02,2939.0,3090.73
2006-01-27,4069.88,1115.83,2087.02,1436.18,2922.69,2948.0,3075.04
2006-01-30,4087.86,1146.81,2075.98,1453.81,2938.21,2945.0,3094.59
2006-01-31,4092.08,1147.12,2071.15,1446.92,2927.28,2960.0,3083.28
2006-02-01,4145.9,1157.55,2073.69,1448.54,2917.62,2959.0,3055.07
2006-02-02,3934.67,1162.76,2046.59,1440.23,2854.44,2902.0,3007.96
2006-02-03,3885.72,1157.01,2081.37,1445.74,2856.16,2960.0,3028.17
2006-02-06,3846.01,1155.18,2058.61,1436.1,2862.73,2925.0,3049.91
2006-02-07,3698.04,1144.52,2057.01,1426.88,2816.77,2950.0,3011.73
2006-02-08,3718.2,1141.15,2048.32,1433.37,2828.55,2942.0,3032.43
2006-02-09,3746.06,1137.2,2066.32,1437.32,2836.49,2950.0,3032.03
2006-02-10,3699.99,1138.79,2029.27,1437.91,2800.45,2900.0,2991.79
2006-02-13,3679.71,1123.83,2007.92,1427.38,2781.99,2879.9,2975.87
2006-02-14,3767.07,1112.34,2005.92,1443.43,2810.99,2870.0,3000.53
2006-02-15,3773.46,1132.46,2006.72,1439.6,2814.86,2865.0,2994.01
2006-02-16,3816.49,1150.28,2014.43,1446.98,2838.02,2890.0,3022.69
2006-02-17,3835.6,1163.68,2068.87,1479.86,2860.28,2994.0,3043.07
2006-02-21,3810.87,1178.85,2100.89,1472.76,2884.54,3030.0,3081.26
2006-02-22,3801.12,1156.37,2072.24,1478.19,2875.89,3018.0,3082.02
2006-02-23,3774.86,1154.93,2096.36,1482.19,2883.68,3010.0,3089.99
2006-02-24,3784.93,1124.29,2085.49,1466.26,2871.49,3010.0,3078.0
2006-02-27,3797.15,1143.35,2081.02,1459.19,2861.24,3009.0,3049.09
2006-02-28,3776.05,1140.4,2087.27,1461.72,2842.95,3040.0,3029.81
2006-03-01,3790.53,1129.31,2101.55,1459.27,2857.41,3009.0,3050.24
2006-03-02,3812.38,1119.11,2085.18,1444.61,2863.76,3000.0,3056.66
2006-03-03,3821.71,1125.11,2084.82,1444.92,2892.65,2991.0,3094.65
2006-03-06,3759.71,1117.89,2081.63,1433.74,2851.46,3000.0,3045.69
2006-03-07,3706.43,1104.4,2061.97,1410.66,2804.63,2972.0,2993.44
2006-03-08,3730.43,1090.63,2075.93,1402.0,2803.16,2989.0,2987.8
2006-03-09,3719.63,1096.05,2085.97,1405.17,2786.51,2980.0,2960.41
2006-03-10,3737.41,1102.86,2090.24,1396.79,2787.48,2995.0,2959.45
2006-03-13,3753.39,1117.77,2113.33,1371.9,2792.21,3020.0,2958.88
2006-03-14,3725.94,1158.02,2117.44,1310.37,2805.34,3040.0,2982.19
2006-03-15,3694.15,1154.02,2145.98,1305.12,2793.98,3100.0,2977.4
2006-03-16,3656.06,1148.31,2164.07,1304.25,2782.06,3120.0,2966.57
2006-03-17,3658.97,1142.52,2169.79,1305.69,2800.04,3105.0,2993.71
2006-03-20,3696.63,1139.81,2128.53,1289.75,2793.23,3059.0,2978.69
2006-03-21,3751.58,1136.09,2136.67,1270.74,2801.88,3098.0,2975.15
2006-03-22,3781.9,1140.21,2176.17,1279.0,2816.04,3134.0,2981.39
2006-03-23,3732.2,1158.11,2164.87,1285.69,2794.53,3126.0,2958.51
2006-03-24,3722.11,1161.19,2165.84,1304.18,2790.98,3135.0,2960.32
2006-03-27,3679.71,1161.26,2163.49,1295.47,2795.13,3136.0,2976.51
2006-03-28,3714.7,1170.14,2187.65,1306.03,2781.35,3169.0,2943.26
2006-03-29,3692.79,1174.27,2174.94,1379.36,2765.82,3139.0,2927.76
2006-03-30,3708.47,1154.69,2168.44,1357.49,2734.09,3120.0,2881.76
2006-03-31,3701.91,1159.15,2159.83,1369.02,2732.44,3125.0,2878.06
2006-04-03,3718.68,1157.28,2177.43,1372.89,2747.23,3149.01,2894.88
2006-04-04,3768.45,1143.78,2179.11,1375.71,2760.17,3139.0,2904.16
2006-04-05,3844.99,1159.23,2160.17,1378.63,2797.51,3131.0,2939.43
2006-04-06,3860.22,1155.52,2151.97,1383.45,2795.01,3115.0,2931.83
2006-04-07,3851.25,1146.78,2147.37,1369.2,2780.43,3095.0,2910.96
2006-04-10,3873.3,1137.14,2138.62,1364.08,2774.05,3090.0,2897.15
2006-04-11,3833.91,1126.75,2113.4,1338.28,2738.7,3055.0,2853.44
2006-04-12,3776.69,1120.98,2111.03,1349.58,2670.38,3050.0,2761.08
2006-04-13,3804.02,1118.99,2106.57,1390.65,2661.21,3026.0,2743.97
2006-04-17,3762.81,1116.25,2102.48,1390.86,2641.6,3018.0,2722.38
2006-04-18,3744.51,1136.81,2091.82,1425.19,2688.74,3028.0,2799.93
2006-04-19,3811.25,1154.44,2110.83,1444.02,2725.27,3030.0,2835.03
2006-04-20,3804.1,1159.78,2133.16,1459.58,2752.07,3050.0,2871.66
2006-04-21,3798.22,1150.41,2130.65,1489.57,2758.48,3061.0,2888.93
2006-04-24,3812.91,1147.19,2119.41,1473.93,2764.07,3034.0,2895.69
2006-04-25,3807.96,1146.9,2126.01,1452.7,2756.92,3070.0,2881.96
2006-04-26,3761.64,1143.31,2123.33,1452.88,2746.7,3050.0,2877.72
2006-04-27,3814.52,1135.64,2145.45,1429.03,2726.99,3075.0,2834.15
2006-04-28,3871.6,1140.76,2182.89,1451.21,2764.36,3100.0,2869.55
2006-05-01,3831.29,1141.98,2164.76,1451.43,2739.63,3105.0,2842.51
2006-05-02,3774.61,1149.27,2151.78,1458.46,2741.0,3080.0,2861.86
2006-05-03,3719.54,1137.54,2125.61,1457.87,2739.05,3064.0,2880.14
2006-05-04,3747.21,1139.71,2164.8,1475.56,2800.84,3116.0,2960.78
2006-05-05,3783.4,1155.94,2210.08,1490.54,2836.47,3198.0,2994.17
2006-05-08,3798.44,1173.18,2210.19,1443.56,2822.22,3170.0,2967.55
2006-05-09,3852.04,1167.05,2189.15,1445.06,2828.01,3131.0,2973.11
2006-05-10,3845.34,1161.84,2186.45,1452.95,2819.01,3141.0,2958.08
2006-05-11,3806.22,1143.5,2160.23,1458.27,2799.25,3101.0,2944.04
2006-05-12,3772.66,1127.85,2127.29,1432.62,2772.12,3045.0,2913.97
2006-05-15,3703.45,1112.66,2122.99,1416.05,2724.48,3084.0,2857.73
2006-05-16,3670.0,1094.55,2171.89,1420.78,2720.2,3150.0,2856.05
2006-05-17,3563.24,1083.07,2152.01,1394.63,2678.17,3107.0,2817.01
2006-05-18,3517.37,1077.3,2157.55,1396.7,2666.63,3106.0,2812.66
2006-05-19,3465.38,1072.92,2162.15,1398.88,2657.2,3137.0,2811.12
2006-05-22,3493.25,1072.18,2132.73,1387.43,2647.65,3086.0,2797.41
2006-05-23,3457.38,1087.63,2188.76,1417.03,2667.25,3137.0,2823.99
2006-05-24,3472.91,1088.9,2128.01,1400.87,2631.44,3046.0,2779.37
2006-05-25,3489.66,1089.0,2148.24,1406.92,2646.77,3068.0,2794.3
2006-05-26,3495.14,1100.51,2161.01,1422.6,2666.26,3112.0,2819.1
2006-05-30,3469.78,1081.79,2136.99,1418.27,2650.62,3100.0,2809.84
2006-05-31,3503.88,1089.64,2142.0,1426.34,2686.61,3073.0,2851.57
2006-06-01,3546.8,1090.88,2150.22,1445.75,2719.13,3100.0,2889.03
2006-06-02,3536.65,1113.24,2171.95,1443.01,2729.26,3100.0,2896.09
2006-06-05,3496.47,1089.9,2156.47,1427.15,2685.99,3092.0,2850.14
2006-06-06,3490.64,1078.65,2158.74,1419.86,2666.65,3073.0,2822.02
2006-06-07,3449.46,1063.85,2116.72,1435.96,2659.91,3075.0,2829.82
2006-06-08,3406.15,1045.96,2157.17,1408.69,2637.92,3089.0,2797.27
2006-06-09,3375.04,1062.51,2130.21,1425.13,2666.78,3053.0,2849.02
2006-06-12,3315.48,1057.61,2083.59,1415.24,2661.84,3000.0,2872.51
2006-06-13,3270.24,1042.92,2034.28,1393.11,2618.85,2913.0,2826.0
2006-06-14,3163.81,1046.75,2041.81,1409.55,2656.53,2914.0,2902.82
2006-06-15,3259.05,1077.61,2059.42,1434.63,2752.02,2939.0,3016.34
2006-06-16,3261.36,1073.32,2053.55,1422.94,2760.57,2973.0,3025.43
2006-06-19,3205.5,1069.87,2078.7,1396.92,2739.34,3000.0,2998.92
2006-06-20,3247.3,1079.43,2086.86,1417.76,2778.99,2998.0,3051.72
2006-06-21,3274.22,1095.79,2090.99,1437.0,2846.48,3015.0,3143.36
2006-06-22,3243.02,1099.51,2084.64,1427.34,2859.06,3001.0,3167.04
2006-06-23,3248.24,1100.47,2090.77,1439.95,2878.21,2993.0,3193.26
2006-06-26,3210.27,1116.56,2079.6,1421.96,2877.29,2979.0,3196.33
2006-06-27,3186.82,1118.85,2070.15,1414.86,2874.73,2985.0,3203.17
2006-06-28,3272.35,1147.1,2081.92,1423.03,2903.63,2980.0,3224.94
2006-06-29,3385.44,1148.54,2099.13,1451.37,2961.14,3010.0,3291.63
2006-06-30,3415.89,1149.01,2113.14,1461.09,2963.39,3040.0,3280.76
2006-07-03,3431.39,1157.88,2097.67,1510.09,2979.15,3006.99,3301.73
2006-07-05,3335.3,1158.04,2123.87,1525.52,2967.53,3041.0,3296.56
2006-07-06,3330.38,1185.53,2116.7,1521.47,2980.64,3045.0,3316.74
2006-07-07,3310.85,1210.78,2109.78,1519.8,2987.49,3026.0,3328.94
2006-07-10,3321.28,1220.22,2134.48,1511.13,2988.4,3067.0,3324.82
2006-07-11,3329.22,1223.73,2138.96,1518.9,2971.66,3090.0,3298.1
2006-07-12,3296.45,1228.7,2138.4,1530.02,2967.2,3080.0,3298.57
2006-07-13,3240.9,1206.54,2122.09,1516.12,2917.89,3040.0,3241.58
2006-07-14,3228.51,1202.37,2127.94,1516.27,2916.0,3057.0,3241.06
2006-07-17,3206.92,1200.1,2110.76,1539.07,2908.75,3037.0,3236.86
2006-07-18,3196.37,1217.96,2097.66,1555.94,2924.94,3008.0,3262.36
2006-07-19,3264.19,1241.09,2127.24,1569.6,2987.56,3051.0,3336.31
2006-07-20,3141.48,1245.34,2128.5,1555.56,2947.07,3051.0,3298.12
2006-07-21,3110.96,1247.23,2128.87,1567.88,2930.76,3064.0,3285.67
2006-07-24,3176.03,1284.52,2121.0,1583.35,2980.42,3072.0,3342.17
2006-07-25,3158.81,1276.49,2134.68,1597.7,2998.66,3113.0,3373.09
2006-07-26,3121.23,1237.96,2165.25,1586.13,3006.92,3101.0,3390.53
2006-07-27,3088.49,1219.35,2150.59,1577.76,2999.8,3090.0,3384.29
2006-07-28,3111.45,1209.26,2120.28,1595.43,3017.37,3040.0,3410.13
2006-07-31,3113.19,1217.39,2124.36,1633.61,3056.83,3040.0,3459.6
2006-08-01,3155.6,1232.75,2140.56,1664.79,3085.9,3067.0,3487.16
2006-08-02,3187.83,1317.16,2124.82,1625.82,3081.79,3043.0,3467.18
2006-08-03,3239.51,1334.47,2115.31,1633.61,3096.95,3035.0,3497.64
2006-08-04,3252.18,1316.25,2176.7,1681.81,3107.04,3147.0,3506.84
2006-08-07,3191.33,1324.48,2174.84,1675.86,3130.64,3128.0,3552.68
2006-08-08,3190.89,1364.4,2175.17,1689.53,3205.85,3128.0,3650.49
2006-08-09,3161.03,1381.93,2171.43,1684.14,3226.05,3110.0,3675.93
2006-08-10,3160.23,1392.21,2156.97,1679.35,3203.39,3100.0,3642.48
2006-08-11,3152.23,1410.77,2157.15,1671.17,3171.92,3102.0,3602.5
2006-08-14,3153.54,1408.79,2137.5,1650.93,3131.77,3093.0,3551.89
2006-08-15,3225.42,1406.68,2146.87,1646.15,3158.1,3073.0,3585.47
2006-08-16,3260.86,1409.14,2145.45,1670.91,3171.48,3087.0,3597.42
2006-08-17,3266.72,1393.1,2134.5,1645.04,3136.17,3060.0,3549.72
2006-08-18,3272.28,1349.16,2138.41,1662.5,3153.3,3074.0,3582.43
2006-08-21,3284.19,1356.68,2158.14,1666.81,3165.51,3099.0,3582.13
2006-08-22,3290.13,1383.36,2149.98,1711.92,3197.16,3080.0,3625.9
2006-08-23,3315.62,1358.21,2155.26,1706.25,3196.5,3089.0,3622.25
2006-08-24,3326.92,1326.14,2159.79,1710.55,3208.55,3082.0,3650.81
2006-08-25,3320.35,1365.02,2145.99,1725.38,3229.45,3087.01,3677.64
2006-08-28,3346.96,1373.72,2137.68,1746.46,3232.14,3068.0,3682.61
2006-08-29,3375.49,1353.69,2123.19,1716.46,3185.95,3050.0,3617.33
2006-08-30,3371.98,1359.25,2117.05,1680.83,3134.21,3028.0,3542.87
2006-08-31,3391.87,1362.74,2127.01,1680.17,3137.17,3030.0,3550.54
2006-09-01,3373.97,1356.07,2124.41,1678.85,3153.57,3040.0,3582.72
2006-09-05,3388.71,1355.11,2118.21,1692.5,3164.95,3021.0,3594.63
2006-09-06,3262.74,1317.4,2104.74,1628.56,3086.9,3000.0,3504.18
2006-09-07,3266.33,1326.54,2076.57,1625.21,3062.88,2960.0,3474.95
2006-09-08,3255.83,1315.73,2063.86,1599.25,2986.19,2947.0,3369.83
2006-09-11,3244.73,1309.17,2061.09,1564.95,2941.81,2959.0,3314.57
2006-09-12,3318.61,1345.87,2057.83,1605.72,2979.72,2946.0,3354.65
2006-09-13,3355.26,1362.96,2059.85,1605.7,2982.31,2957.0,3350.68
2006-09-14,3339.12,1353.15,2064.87,1607.31,2980.59,2945.0,3353.8
2006-09-15,3341.6,1341.7,2063.66,1581.42,2959.94,2937.0,3322.14
2006-09-18,3334.07,1378.08,2053.71,1594.27,2984.14,2939.0,3356.5
2006-09-19,3314.53,1387.97,2055.6,1601.21,2988.0,2944.0,3366.89
2006-09-20,3307.46,1378.88,2051.96,1590.37,2922.97,2935.0,3272.91
2006-09-21,3283.71,1378.32,2056.86,1591.35,2919.52,2951.0,3278.45
2006-09-22,3283.9,1348.61,2064.8,1580.32,2874.8,2981.0,3235.68
2006-09-25,3279.35,1348.16,2069.3,1575.82,2880.26,2985.0,3247.9
2006-09-26,3347.14,1345.27,2084.54,1608.2,2960.14,2999.0,3357.04
2006-09-27,3360.11,1355.93,2071.61,1628.46,3005.42,2998.0,3410.36
2006-09-28,3362.22,1346.48,2083.25,1624.18,2977.82,2995.0,3360.76
2006-09-29,3346.44,1350.95,2104.29,1618.44,2962.79,3045.0,3338.48
2006-10-02,3311.5,1341.9,2120.39,1626.37,2951.23,3069.0,3330.29
2006-10-03,3302.12,1346.3,2087.42,1607.81,2871.66,3000.0,3213.48
2006-10-04,3334.81,1362.49,2085.12,1589.64,2899.25,3004.0,3256.35
2006-10-05,3403.55,1385.77,2099.2,1581.63,2908.5,3035.0,3246.83
2006-10-06,3376.02,1398.52,2083.36,1579.78,2888.92,3016.0,3227.74
2006-10-09,3080.64,1395.18,2097.58,1584.0,2861.31,3017.0,3229.98
2006-10-10,3106.2,1401.92,2080.26,1592.02,2884.48,3014.0,3261.78
2006-10-11,3078.37,1386.0,2096.7,1585.93,2866.38,3011.0,3239.17
2006-10-12,3105.56,1419.61,2103.2,1594.34,2890.16,3030.0,3261.3
2006-10-13,3107.73,1418.02,2103.92,1595.99,2916.51,3036.0,3305.87
2006-10-16,3118.64,1422.61,2105.01,1591.2,2934.11,3034.0,3326.22
2006-10-17,3112.38,1434.49,2102.88,1573.8,2917.75,3026.0,3296.63
2006-10-18,3075.11,1428.84,2105.28,1588.68,2881.42,3038.0,3255.63
2006-10-19,3123.51,1429.82,2109.16,1607.69,2893.97,3032.0,3265.05
2006-10-20,3116.74,1427.64,2096.86,1593.09,2884.05,3019.0,3250.91
2006-10-23,3115.41,1426.15,2110.95,1602.06,2873.71,3045.0,3234.72
2006-10-24,3150.24,1442.08,2103.23,1639.39,2944.05,3029.0,3340.84
2006-10-25,3126.86,1455.76,2092.3,1657.49,2997.75,3020.0,3423.22
2006-10-26,3115.01,1441.45,2108.61,1664.14,2992.69,3029.0,3414.28
2006-10-27,3168.68,1432.43,2109.19,1694.56,2993.96,3064.0,3403.09
2006-10-30,3194.88,1457.47,2121.39,1705.01,2980.08,3040.0,3363.97
2006-10-31,3168.64,1460.56,2101.69,1709.85,2963.67,3038.0,3357.47
2006-11-01,3156.11,1452.97,2112.02,1708.42,2937.06,3021.0,3315.68
2006-11-02,3132.43,1443.08,2099.15,1705.44,2898.03,3036.0,3265.67
2006-11-03,3103.14,1463.82,2113.8,1712.95,2903.62,3050.0,3279.02
2006-11-06,3031.25,1476.95,2115.52,1699.8,2881.22,3050.0,3259.16
2006-11-07,3064.56,1488.36,2138.03,1723.59,2895.74,3093.0,3272.66
2006-11-08,3070.17,1491.08,2141.59,1734.58,2906.05,3070.0,3285.82
2006-11-09,3046.17,1488.84,2147.72,1763.87,2917.95,3070.0,3309.98
2006-11-10,3043.85,1499.11,2139.38,1777.56,2931.37,3065.0,3331.48
2006-11-13,3071.39,1500.4,2159.02,1807.89,2949.43,3110.0,3352.35
2006-11-14,3069.82,1479.85,2158.82,1833.18,2951.08,3105.0,3360.8
2006-11-15,3088.19,1483.41,2159.05,1865.82,3002.78,3105.0,3437.2
2006-11-16,3075.55,1472.55,2149.55,1795.24,2979.91,3100.0,3405.99
2006-11-17,3093.1,1452.16,2145.84,1802.85,2993.66,3095.0,3426.56
2006-11-20,3099.1,1457.26,2145.83,1838.57,2989.34,3095.0,3413.84
2006-11-21,3083.85,1437.25,2138.11,1838.5,2974.61,3086.0,3406.41
2006-11-22,3068.35,1431.96,2119.43,1819.28,2963.26,3070.0,3391.17
2006-11-24,3056.21,1447.32,2148.83,1848.71,2980.73,3116.0,3416.95
2006-11-27,3050.88,1448.84,2171.94,1843.61,2968.7,3151.0,3394.7
2006-11-28,3058.34,1451.67,2178.46,1805.47,2915.86,3159.0,3305.62
2006-11-29,3082.92,1460.79,2185.57,1776.54,2895.7,3155.0,3271.84
2006-11-30,3100.67,1467.78,2183.77,1822.9,2904.46,3157.0,3281.08
2006-12-01,3102.78,1485.31,2175.39,1822.09,2915.29,3135.0,3292.41
2006-12-04,3125.05,1526.68,2156.24,1824.1,2914.21,3141.0,3277.33
2006-12-05,3144.83,1548.0,2173.13,1839.38,2917.36,3150.0,3266.97
2006-12-06,3150.72,1547.17,2242.68,1866.33,2960.98,3285.0,3335.87
2006-12-07,3155.15,1554.33,2250.39,1851.69,2971.15,3255.0,3343.62
2006-12-08,3170.52,1551.75,2234.87,1859.44,2963.51,3240.0,3329.98
2006-12-11,3165.6,1549.29,2245.97,1898.69,2974.04,3270.0,3346.57
2006-12-12,3143.74,1525.53,2267.21,1925.76,2971.61,3300.0,3350.93
2006-12-13,3147.6,1525.74,2278.79,1932.6,2951.77,3312.0,3365.84
2006-12-14,3158.86,1530.49,2298.38,1958.1,2970.02,3349.0,3391.91
2006-12-15,3166.49,1554.38,2333.91,1953.38,2978.01,3399.0,3388.48
2006-12-18,3132.73,1554.79,2346.46,1965.35,2948.54,3314.64,3347.06
2006-12-19,3120.76,1566.06,2347.88,1964.4,2944.39,3264.34,3342.81
2006-12-20,3120.8,1566.67,2335.48,1935.16,2917.2,3259.58,3299.33
2006-12-21,3121.47,1578.16,2310.45,1927.7,2894.72,3216.89,3262.31
2006-12-22,3126.3,1587.58,2281.77,1923.2,2891.73,3175.32,3262.38
2006-12-26,3132.0,1596.88,2256.25,1950.78,2896.37,3149.86,3269.88
2006-12-27,3161.97,1617.51,2254.08,1956.51,2924.25,3169.97,3303.86
2006-12-28,3141.33,1630.23,2255.77,1968.11,2912.73,3153.79,3285.64
2006-12-29,3137.87,1621.8,2286.19,1969.83,2896.25,3201.74,3262.07
2007-01-03,3162.92,1638.11,2299.91,2062.85,2864.47,3215.33,3244.57
2007-01-04,3173.02,1657.91,2315.35,2023.98,2854.85,3237.18,3221.22
2007-01-05,3137.16,1649.13,2287.28,1997.5,2817.28,3190.43,3178.74
2007-01-08,3142.47,1662.56,2282.4,1985.39,2828.51,3189.18,3196.04
2007-01-09,3170.46,1669.36,2291.41,1969.26,2817.44,3202.66,3167.08
2007-01-10,3142.84,1669.65,2310.4,1959.93,2813.83,3245.33,3169.9
2007-01-11,3180.81,1690.95,2315.88,1956.37,2832.51,3223.81,3185.03
2007-01-12,3245.9,1722.88,2290.95,2012.15,2890.93,3192.94,3262.37
2007-01-16,3278.31,1727.32,2266.53,2009.91,2897.07,3161.21,3260.42
2007-01-17,3294.34,1703.16,2258.35,2022.82,2904.83,3154.6,3270.2
2007-01-18,3285.07,1701.3,2252.66,2038.73,2906.62,3153.5,3274.82
2007-01-19,3313.69,1698.25,2253.44,2059.12,2929.76,3149.92,3305.67
2007-01-22,3328.29,1694.59,2245.23,2063.81,2937.0,3156.54,3312.84
2007-01-23,3379.23,1710.72,2294.34,2098.83,2984.89,3219.11,3368.72
2007-01-24,3390.48,1685.91,2319.59,2086.62,3000.35,3245.58,3390.66
2007-01-25,3363.55,1696.19,2281.06,2091.4,3003.39,3191.74,3402.32
2007-01-26,3331.2,1696.9,2290.19,2070.24,3004.02,3211.21,3414.86
2007-01-29,3386.88,1712.22,2316.33,2081.51,3045.35,3248.39,3462.33
2007-01-30,3398.72,1702.21,2331.65,2100.1,3086.24,3269.76,3529.2
2007-01-31,3433.82,1698.52,2344.1,2092.37,3105.74,3285.59,3545.76
2007-02-01,3435.43,1732.16,2379.63,2079.45,3132.43,3339.23,3576.34
2007-02-02,3445.17,1731.98,2461.44,2125.96,3142.2,3467.09,3585.07
2007-02-05,3421.88,1753.19,2496.64,2122.17,3125.23,3498.21,3554.11
2007-02-06,3408.06,1745.69,2528.2,2123.53,3125.11,3520.12,3567.19
2007-02-07,3402.83,1745.37,2543.37,2138.37,3126.8,3555.32,3568.5
2007-02-08,3392.73,1738.17,2560.22,2148.14,3126.58,3560.37,3572.45
2007-02-09,3385.1,1731.16,2611.74,2146.47,3124.94,3630.46,3567.28
2007-02-12,3384.32,1743.42,2571.83,2131.86,3110.32,3554.18,3547.64
2007-02-13,3408.76,1776.49,2557.97,2155.72,3152.24,3551.89,3609.97
2007-02-14,3449.19,1790.86,2552.15,2190.79,3172.5,3553.54,3626.78
2007-02-15,3474.28,1805.96,2527.62,2188.51,3177.34,3532.44,3626.39
2007-02-16,3472.49,1829.79,2532.44,2220.98,3189.45,3551.16,3645.01
2007-02-20,3533.35,1871.14,2538.99,2255.92,3232.92,3549.81,3690.65
2007-02-21,3538.28,1913.85,2528.16,2262.07,3237.26,3551.3,3687.85
2007-02-22,3553.18,1931.9,2534.97,2271.38,3268.29,3554.18,3743.09
2007-02-23,3544.31,1939.66,2540.59,2263.05,3253.01,3557.4,3716.41
2007-02-26,3491.45,1913.62,2536.5,2214.09,3204.72,3576.14,3661.45
2007-02-27,3399.92,1769.89,2526.19,2157.77,3067.48,3554.61,3495.63
2007-02-28,3422.9,1815.61,2554.9,2262.52,3126.38,3553.81,3560.92
2007-03-01,3409.02,1830.78,2557.53,2238.08,3112.15,3577.98,3536.95
2007-03-02,3388.55,1825.72,2543.31,2239.28,3096.87,3556.18,3534.7
2007-03-05,3341.09,1787.08,2513.97,2195.59,3034.57,3545.73,3451.87
2007-03-06,3360.57,1819.17,2525.4,2268.19,3063.75,3554.34,3486.44
2007-03-07,3363.15,1840.49,2528.32,2324.6,3089.52,3548.92,3532.68
2007-03-08,3377.75,1882.96,2530.15,2349.4,3115.12,3575.5,3562.14
2007-03-09,3395.3,1866.84,2539.52,2387.19,3136.42,3586.21,3603.94
2007-03-12,3419.91,1903.11,2543.82,2450.2,3169.86,3586.52,3630.45
2007-03-13,3384.15,1859.85,2529.44,2378.99,3107.02,3549.81,3547.28
2007-03-14,3374.96,1822.83,2520.49,2353.94,3099.13,3558.08,3555.14
2007-03-15,3390.45,1827.86,2523.79,2351.92,3124.7,3564.03,3584.18
2007-03-16,3388.86,1837.02,2558.71,2346.19,3169.42,3602.78,3656.23
2007-03-19,3407.88,1827.25,2544.6,2336.08,3175.58,3575.41,3662.79
2007-03-20,3472.55,1877.41,2545.23,2353.8,3207.12,3581.38,3680.05
2007-03-21,3512.34,1906.25,2551.69,2366.01,3246.53,3568.86,3734.57
2007-03-22,3534.86,1941.49,2558.87,2380.75,3269.4,3597.68,3754.3
2007-03-23,3601.12,1945.27,2583.62,2392.6,3296.48,3642.84,3782.99
2007-03-26,3584.57,1950.5,2569.02,2412.1,3320.71,3579.58,3827.75
2007-03-27,3564.29,1919.66,2519.2,2398.43,3305.28,3512.68,3830.11
2007-03-28,3543.81,1889.65,2569.85,2398.42,3302.22,3590.25,3830.73
2007-03-29,3523.92,1844.05,2581.83,2428.13,3305.73,3615.61,3852.38
2007-03-30,3554.74,1863.29,2580.53,2413.02,3310.34,3580.46,3841.37
2007-04-02,3596.85,1887.14,2579.21,2422.3,3326.93,3451.15,3847.27
2007-04-03,3621.39,1896.63,2573.44,2387.72,3330.57,3365.96,3842.46
2007-04-04,3639.33,1921.18,2602.39,2417.97,3345.45,3383.96,3852.48
2007-04-05,3670.51,1948.78,2605.79,2433.15,3360.26,3389.01,3865.18
2007-04-09,3679.6,1955.79,2617.84,2475.81,3370.65,3408.85,3880.25
2007-04-10,3675.64,1951.7,2617.43,2464.69,3360.36,3395.61,3865.7
2007-04-11,3631.98,1940.24,2621.96,2473.0,3321.7,3411.46,3814.56
2007-04-12,3660.66,1951.32,2672.33,2493.45,3333.29,3464.19,3821.46
2007-04-13,3705.38,1970.19,2647.74,2452.15,3343.38,3403.51,3825.6
2007-04-16,3743.27,2024.84,2635.73,2472.26,3385.46,3392.46,3876.82
2007-04-17,3766.88,2065.7,2623.43,2451.23,3386.34,3389.0,3861.6
2007-04-18,3793.23,2113.47,2626.02,2517.47,3489.56,3397.75,4031.76
2007-04-19,3772.7,2126.8,2621.48,2483.78,3462.7,3389.85,3977.64
2007-04-20,3809.35,2165.79,2628.8,2518.18,3486.59,3389.84,4005.02
2007-04-23,3808.49,2201.87,2675.12,2559.24,3508.35,3394.18,4027.77
2007-04-24,3796.21,2160.15,2658.84,2575.18,3491.62,3404.55,4036.54
2007-04-25,3806.63,2192.41,2735.48,2615.81,3575.75,3512.78,4165.51
2007-04-26,3810.3,2213.41,2732.99,2594.73,3575.6,3495.99,4171.22
2007-04-27,3786.81,2248.97,2652.97,2610.15,3568.53,3401.84,4166.45
2007-04-30,3750.85,2283.82,2664.11,2597.92,3566.54,3424.83,4158.74
2007-05-01,3739.52,2243.5,2644.23,2577.41,3564.06,3409.29,4183.54
2007-05-02,3774.06,2226.11,2639.77,2557.41,3558.18,3390.49,4156.78
2007-05-03,3777.57,2241.24,2650.54,2571.37,3545.83,3402.41,4140.11
2007-05-04,3792.83,2297.36,2655.52,2591.39,3569.52,3409.02,4160.45
2007-05-07,3825.31,2397.37,2679.38,2620.02,3627.32,3469.3,4222.48
2007-05-08,3838.84,2432.83,2643.08,2656.34,3644.14,3427.89,4253.8
2007-05-09,3862.64,2493.6,2666.48,2677.43,3669.63,3456.53,4265.66
2007-05-10,3794.61,2480.06,2672.31,2649.6,3610.16,3476.7,4188.36
2007-05-11,3818.18,2543.14,2680.98,2679.99,3648.72,3456.21,4232.34
2007-05-14,3779.22,2544.0,2684.77,2696.12,3635.86,3467.03,4225.96
2007-05-15,3773.83,2568.24,2653.82,2696.73,3629.75,3439.55,4212.51
2007-05-16,3812.0,2546.73,2650.14,2703.11,3646.96,3394.87,4249.11
2007-05-17,3826.2,2509.49,2638.58,2668.26,3645.94,3388.1,4249.6
2007-05-18,3802.8,2381.69,2642.12,2619.13,3615.96,3368.08,4245.91
2007-05-21,3774.33,2422.84,2626.22,2632.44,3645.25,3340.31,4286.06
2007-05-22,3787.6,2442.36,2622.79,2645.17,3659.12,3371.85,4308.37
2007-05-23,3752.73,2408.62,2621.47,2657.21,3650.16,3379.42,4311.09
2007-05-24,3696.28,2316.93,2530.27,2612.97,3573.98,3239.25,4226.71
2007-05-25,3725.57,2325.95,2549.24,2634.09,3613.58,3290.18,4280.92
2007-05-29,3766.29,2411.59,2587.44,2679.29,3674.16,3309.39,4345.94
2007-05-30,3796.46,2471.54,2589.78,2687.73,3708.53,3321.16,4305.38
2007-05-31,3833.55,2515.03,2583.27,2707.57,3760.2,3302.89,4450.58
2007-06-01,3873.47,2528.72,2589.48,2733.45,3788.39,3319.31,4484.68
2007-06-04,3821.53,2545.49,2615.13,2717.82,3791.18,3351.34,4494.93
2007-06-05,3802.35,2573.46,2600.9,2739.44,3788.97,3350.34,4498.48
2007-06-06,3762.5,2532.27,2589.77,2636.87,3690.31,3326.99,4347.16
2007-06-07,3699.53,2390.24,2533.95,2430.21,3530.87,3257.52,4139.89
2007-06-08,3723.28,2380.21,2554.02,2461.79,3544.88,3257.05,4162.84
2007-06-11,3733.54,2369.23,2574.42,2479.76,3557.92,3283.7,4181.75
2007-06-12,3683.44,2298.64,2552.74,2454.02,3497.96,3280.0,4110.62
2007-06-13,3748.92,2351.98,2575.44,2480.5,3563.39,3287.73,4182.4
2007-06-14,3800.66,2358.52,2593.79,2504.25,3628.47,3325.34,4282.35
2007-06-15,3800.84,2407.27,2621.02,2541.93,3665.93,3336.78,4316.75
2007-06-18,3794.96,2445.62,2603.48,2588.46,3692.67,3349.17,4363.54
2007-06-19,3797.98,2461.67,2587.2,2617.84,3699.68,3340.12,4369.77
2007-06-20,3792.74,2455.57,2571.98,2574.76,3659.32,3323.59,4300.94
2007-06-21,3797.37,2495.11,2572.97,2587.67,3705.66,3367.86,4378.75
2007-06-22,3774.58,2510.73,2559.15,2609.91,3697.25,3350.61,4362.34
2007-06-25,3727.56,2508.37,2580.46,2595.62,3689.84,3371.34,4363.9
2007-06-26,3735.69,2507.55,2590.53,2541.19,3666.14,3355.73,4321.61
2007-06-27,3763.91,2538.72,2584.67,2544.71,3698.07,3366.33,4369.14
2007-06-28,3812.55,2594.64,2584.7,2575.76,3736.8,3373.37,4401.4
2007-06-29,3835.98,2659.42,2586.39,2582.93,3749.62,3369.62,4396.19
2007-07-02,3899.37,2712.19,2628.4,2606.92,3799.65,3392.98,4455.9
2007-07-03,3911.7,2720.54,2663.12,2621.01,3848.7,3406.9,4536.59
2007-07-05,3929.34,2760.8,2641.89,2667.06,3919.06,3414.12,4643.59
2007-07-06,3916.98,2842.79,2693.27,2696.32,3970.32,3413.52,4697.6
2007-07-09,3920.72,2904.99,2687.64,2704.56,3979.62,3418.72,4691.01
2007-07-10,3887.31,2873.95,2702.56,2602.95,3940.89,3473.14,4648.86
2007-07-11,3944.2,3043.29,2750.58,2639.63,4027.82,3502.89,4721.6
2007-07-12,3994.01,3182.32,2717.52,2636.26,4069.46,3512.32,4743.31
2007-07-13,4052.87,3212.51,2690.2,2625.98,4070.4,3487.64,4726.35
2007-07-16,4015.88,3107.51,2696.4,2564.95,3983.9,3513.85,4620.33
2007-07-17,4121.59,3357.87,2687.07,2570.66,4033.3,3463.22,4578.35
2007-07-18,4141.11,3384.05,2704.36,2543.39,4051.55,3515.99,4616.8
2007-07-19,4297.87,3695.87,2665.52,2641.41,4184.48,3524.09,4693.21
2007-07-20,4174.15,3673.78,2654.04,2621.42,4095.1,3539.61,4575.25
2007-07-23,4153.32,3747.18,2640.75,2614.55,4128.47,3501.92,4618.56
2007-07-24,4062.39,3565.08,2577.15,2563.65,4002.4,3473.62,4489.39
2007-07-25,4112.4,3544.11,2586.43,2563.38,4018.21,3451.91,4511.87
2007-07-26,4004.03,3342.73,2539.15,2466.48,3870.17,3426.13,4361.27
2007-07-27,3921.89,3340.02,2545.11,2368.42,3789.16,3425.55,4229.16
2007-07-30,3981.45,3421.56,2532.48,2318.07,3849.13,3396.49,4301.14
2007-07-31,4034.04,3526.66,2528.82,2392.77,3898.97,3445.25,4327.81
2007-08-01,3999.42,3425.19,2551.33,2347.24,3830.32,3373.61,4255.73
2007-08-02,3906.03,3459.84,2564.49,2324.15,3855.98,3339.08,4318.73
2007-08-03,3864.2,3383.27,2499.04,2213.49,3759.5,3306.7,4178.38
2007-08-06,3751.95,3272.56,2479.36,2178.5,3705.22,3243.65,4168.0
2007-08-07,3933.35,3437.72,2551.3,2224.67,3809.04,3263.27,4216.2
2007-08-08,4012.96,3628.35,2572.54,2243.26,3869.84,3302.29,4225.56
2007-08-09,4018.29,3506.46,2564.07,2301.22,3772.2,3283.64,4104.71
2007-08-10,3925.44,3433.87,2534.47,2226.08,3712.79,3261.63,4058.5
2007-08-13,3912.12,3541.13,2524.25,2252.55,3813.17,3301.02,4210.71
2007-08-14,3746.05,3394.22,2511.58,2239.82,3686.23,3286.37,4072.68
2007-08-15,3533.32,3220.2,2507.8,2172.8,3532.83,3253.57,3926.37
2007-08-16,3435.29,3043.91,2519.42,2122.56,3405.33,3179.41,3788.5
2007-08-17,3592.77,3115.98,2541.76,2208.91,3516.72,3187.55,3923.55
2007-08-20,3672.88,3228.97,2493.64,2243.91,3599.67,3053.36,4010.84
2007-08-21,3651.32,3318.17,2443.84,2246.64,3618.37,3083.3,4018.19
2007-08-22,3718.75,3609.74,2485.02,2374.11,3750.53,3143.42,4117.52
2007-08-23,3669.92,3574.5,2494.68,2356.11,3746.35,3192.07,4141.65
2007-08-24,3714.21,3649.09,2523.44,2431.11,3814.73,3205.0,4217.68
2007-08-27,3720.28,3676.83,2518.26,2397.27,3832.27,3194.24,4230.98
2007-08-28,3617.59,3496.78,2488.9,2308.97,3712.35,3202.62,4117.15
2007-08-29,3718.91,3666.41,2540.95,2341.6,3828.95,3218.17,4226.99
2007-08-30,3707.37,3744.1,2513.05,2313.18,3840.17,3192.66,4209.81
2007-08-31,3749.45,3911.65,2536.08,2463.1,3923.09,3252.18,4279.74
2007-09-04,3802.28,3997.62,2563.05,2442.02,3944.05,3242.94,4254.9
2007-09-05,3785.7,4084.05,2553.47,2392.89,3918.78,3262.76,4162.46
2007-09-06,3756.12,4176.82,2533.5,2403.99,3930.12,3195.36,4150.1
2007-09-07,3675.79,4164.68,2564.34,2330.94,3897.34,3240.23,4110.59
2007-09-10,3629.19,4152.0,2517.92,2269.59,3859.68,3191.41,4064.59
2007-09-11,3671.6,4161.41,2518.31,2291.5,3945.48,3142.18,4227.5
2007-09-12,3714.79,3991.52,2511.7,2239.4,3896.01,3107.44,4197.71
2007-09-13,3677.48,3909.53,2426.41,2225.56,3872.13,3097.34,4224.98
2007-09-14,3680.85,3897.24,2541.87,2245.5,3883.51,3108.77,4210.93
2007-09-17,3655.04,3856.25,2549.82,2225.33,3836.49,3117.26,4140.56
2007-09-18,3776.08,4063.28,2574.51,2317.94,3980.66,3103.27,4282.78
2007-09-19,3781.64,4110.7,2667.24,2379.49,4050.44,3165.05,4380.27
2007-09-20,3711.52,4177.28,2660.14,2350.92,4070.54,3167.15,4415.74
2007-09-21,3752.71,4445.47,2692.44,2393.03,4198.26,3179.76,4501.52
2007-09-24,3702.25,4573.87,2681.18,2337.72,4245.08,3119.63,4527.02
2007-09-25,3728.56,4697.34,2678.41,2315.33,4276.55,3106.97,4515.81
2007-09-26,3731.55,4635.87,2654.46,2310.76,4236.15,3073.11,4474.48
2007-09-27,3744.59,4804.02,2636.88,2281.33,4285.05,3074.43,4480.28
2007-09-28,3751.79,4850.55,2635.41,2265.68,4291.55,3061.7,4422.08
2007-10-01,3797.55,5092.94,2753.36,2344.92,4422.35,3080.03,4524.74
2007-10-02,3795.68,5217.26,2785.25,2325.57,4455.84,3039.97,4514.59
2007-10-03,3742.0,5017.39,2731.9,2294.34,4366.22,3000.59,4455.85
2007-10-04,3756.33,4956.05,2782.11,2288.94,4321.91,3072.41,4413.3
2007-10-05,3844.71,5128.06,2758.87,2332.26,4389.25,3011.55,4419.19
2007-10-08,3847.15,5391.48,2796.62,2313.99,4451.46,2982.51,4349.58
2007-10-09,3869.08,5830.58,2813.73,2302.42,4620.38,3017.3,4374.24
2007-10-10,3876.75,6036.67,2832.1,2304.21,4701.96,3076.38,4354.05
2007-10-11,3834.29,5799.05,2800.55,2252.89,4610.61,3092.42,4314.46
2007-10-12,3866.55,6106.61,2796.88,2296.75,4699.98,3081.45,4304.48
2007-10-15,3826.35,6452.36,2736.83,2352.3,4819.9,3066.03,4260.12
2007-10-16,3784.03,6308.32,2732.11,2330.47,4755.42,3054.08,4202.24
2007-10-17,3796.4,6290.18,2691.58,2309.58,4776.59,3045.65,4244.66
2007-10-18,3816.13,6667.08,2722.08,2340.36,4952.99,3064.91,4311.64
2007-10-19,3695.35,6188.18,2615.04,2341.83,4753.5,3043.24,4261.15
2007-10-22,3686.91,6161.38,2636.26,2349.85,4671.52,2981.45,4127.82
2007-10-23,3777.09,6614.51,2708.88,2397.97,4857.32,2974.0,4104.01
2007-10-24,3754.72,6503.84,2701.88,2402.16,4828.36,2974.9,4068.72
2007-10-25,3755.0,6475.96,2722.55,2362.85,4779.53,3001.68,4070.8
2007-10-26,3859.52,6507.89,2754.34,2383.79,4854.9,3028.09,4138.71
2007-10-29,3813.95,6785.27,2773.5,2407.29,4950.09,3098.14,4160.25
2007-10-30,3728.8,5739.87,2745.91,2349.31,4590.34,3086.86,4169.08
2007-10-31,3821.91,6105.16,2785.06,2397.33,4720.23,3096.17,4282.32
2007-11-01,3796.38,5994.34,2740.04,2319.75,4665.87,3106.01,4188.31
2007-11-02,3782.54,5939.72,2757.26,2289.52,4630.3,3087.58,4146.98
2007-11-05,3707.72,5446.04,2692.69,2262.37,4416.42,3084.4,4091.05
2007-11-06,3724.08,5738.9,2765.38,2272.76,4544.57,3072.2,4194.02
2007-11-07,3618.43,5373.35,2681.83,2166.74,4352.6,2988.14,4070.09
2007-11-08,3582.64,5177.9,2662.25,2273.41,4253.9,2885.11,4061.5
2007-11-09,3517.92,4967.97,2638.34,2237.7,4114.57,2851.33,3951.58
2007-11-12,3430.25,4360.96,2599.18,2195.24,3810.1,2621.93,3757.8
2007-11-13,3607.06,4945.48,2644.22,2210.36,4030.07,2592.7,3808.78
2007-11-14,3524.45,4655.65,2634.55,2191.83,3917.85,2495.46,3720.67
2007-11-15,3474.1,4433.89,2612.79,2162.55,3822.69,2498.2,3687.35
2007-11-16,3425.52,4424.5,2561.81,2147.5,3803.27,2466.12,3689.47
2007-11-19,3338.2,4216.27,2302.48,2067.3,3658.03,2369.97,3584.53
2007-11-20,3325.26,4055.47,2300.55,2090.63,3601.12,2362.03,3599.89
2007-11-21,3247.04,3944.4,2311.49,2101.48,3571.71,2358.49,3636.68
2007-11-23,3311.22,3979.5,2337.62,2149.71,3734.61,2439.56,3938.01
2007-11-26,3214.72,3652.2,2299.38,2083.63,3626.63,2386.72,3943.42
2007-11-27,3276.37,3858.63,2277.63,2078.23,3733.13,2371.64,4017.88
2007-11-28,3418.41,4361.23,2341.38,2151.31,3977.02,2421.55,4162.91
2007-11-29,3411.45,4618.95,2316.66,2182.08,4083.78,2466.09,4206.97
2007-11-30,3470.69,4807.74,2395.71,2143.97,4146.05,2489.42,4153.94
2007-12-03,3412.85,4650.91,2370.6,2096.44,4034.33,2446.37,4016.02
2007-12-04,3389.67,4334.81,2348.43,2059.53,3897.95,2457.48,3907.79
2007-12-05,3418.57,4310.24,2402.05,2033.73,3911.89,2446.17,3963.97
2007-12-06,3471.3,4319.83,2419.49,2092.67,3967.89,2451.03,4061.32
2007-12-07,3512.17,4526.17,2413.97,2155.8,4141.4,2462.02,4289.39
2007-12-10,3551.41,4628.44,2475.5,2212.95,4195.5,2472.66,4317.32
2007-12-11,3501.17,4389.14,2407.79,2150.85,4020.73,2435.35,4127.45
2007-12-12,3514.62,4444.03,2413.41,2149.39,4065.04,2418.5,4208.6
2007-12-13,3482.16,4374.01,2366.85,2149.98,4022.55,2387.63,4177.81
2007-12-14,3460.48,4300.28,2315.26,2123.23,3981.77,2385.86,4144.05
2007-12-17,3330.49,3841.98,2280.96,2087.92,3807.72,2382.02,4135.8
2007-12-18,3433.09,3918.88,2344.11,2148.05,3870.91,2358.47,4163.02
2007-12-19,3418.13,3860.55,2322.36,2241.04,3830.07,2372.06,4125.88
2007-12-20,3405.44,3687.72,2324.15,2235.11,3748.72,2368.84,4068.42
2007-12-21,3444.72,3710.77,2423.33,2279.84,3770.82,2465.03,4062.67
2007-12-24,3445.74,3718.04,2484.05,2286.02,3787.3,2516.41,4088.95
2007-12-26,3414.21,3738.69,2457.48,2280.43,3803.44,2491.19,4111.5
2007-12-27,3413.87,3913.95,2433.53,2245.09,3827.38,2485.48,4065.6
2007-12-28,3405.8,4029.87,2424.7,2283.6,3886.18,2470.19,4119.26
2007-12-31,3371.19,3928.67,2419.35,2243.82,3819.1,2488.7,4078.83
2008-01-02,3308.83,3833.98,2451.92,2236.75,3794.11,2453.34,4083.24
2008-01-03,3266.94,3907.45,2472.7,2232.83,3821.41,2484.42,4110.01
2008-01-04,3166.94,3670.86,2442.23,2136.03,3645.44,2460.84,3922.29
2008-01-07,3170.53,3395.56,2448.34,2111.9,3484.98,2467.24,3780.16
2008-01-08,3080.67,3421.89,2428.9,2107.67,3468.25,2474.72,3756.24
2008-01-09,3066.84,3191.95,2412.6,2132.69,3366.46,2455.28,3711.02
2008-01-10,3068.47,3030.55,2401.06,2126.69,3276.01,2473.16,3623.81
2008-01-11,3057.31,3033.69,2387.0,2117.7,3254.12,2468.86,3578.98
2008-01-14,3073.75,2996.33,2378.67,2130.86,3274.88,2442.61,3639.99
2008-01-15,2996.09,2748.13,2362.04,2069.3,3124.45,2424.74,3505.66
2008-01-16,2993.23,2614.18,2332.05,2005.81,3013.12,2413.36,3357.37
2008-01-17,2935.2,2602.99,2262.45,1962.11,2926.3,2349.45,3218.53
2008-01-18,2993.0,2792.65,2249.37,1928.5,2998.73,2315.12,3252.45
2008-01-22,2958.58,2708.08,2198.49,1919.16,2934.53,2267.06,3186.31
2008-01-23,3064.87,2764.51,2155.82,1927.72,3003.74,2226.56,3264.18
2008-01-24,3058.66,2933.88,2168.03,1914.92,3105.32,2261.34,3353.11
2008-01-25,3100.34,2975.22,2152.54,1922.4,3134.1,2278.31,3384.7
2008-01-28,3108.04,2982.84,2238.24,1969.2,3176.68,2261.83,3439.65
2008-01-29,3177.97,3206.17,2270.06,1991.31,3293.8,2269.87,3526.13
2008-01-30,3181.64,3384.42,2286.84,2029.12,3377.99,2276.62,3586.2
2008-01-31,3218.72,3663.75,2317.53,2114.68,3483.16,2301.38,3628.55
2008-02-01,3328.82,3669.93,2387.1,2155.23,3488.67,2334.11,3580.38
2008-02-04,3213.38,3567.27,2368.34,2114.2,3438.06,2335.64,3585.88
2008-02-05,3196.27,3370.1,2337.28,2094.78,3317.11,2344.17,3474.69
2008-02-06,3226.01,3280.24,2351.03,2112.73,3305.16,2322.99,3502.24
2008-02-07,3232.68,3424.66,2382.01,2179.8,3398.85,2332.41,3598.54
2008-02-08,3251.56,3596.38,2357.08,2146.0,3422.58,2325.08,3539.17
2008-02-11,3297.58,3804.71,2380.41,2162.65,3504.56,2328.04,3562.25
2008-02-12,3322.73,3760.07,2384.94,2192.59,3495.1,2363.21,3553.1
2008-02-13,3346.76,4027.52,2404.18,2269.61,3629.24,2371.71,3656.35
2008-02-14,3290.3,4122.89,2395.38,2273.67,3682.38,2369.81,3702.3
2008-02-15,3272.06,4028.23,2360.79,2245.28,3626.08,2356.06,3642.7
2008-02-19,3292.93,4198.58,2418.83,2296.02,3730.41,2402.7,3734.97
2008-02-20,3271.95,4173.65,2439.27,2298.51,3719.57,2436.45,3752.58
2008-02-21,3263.74,4276.22,2441.57,2230.03,3728.94,2414.93,3710.89
2008-02-22,3222.14,4314.31,2420.87,2152.94,3706.92,2401.57,3639.42
2008-02-25,3258.47,4324.61,2487.84,2210.22,3737.75,2432.65,3680.11
2008-02-26,3281.26,4140.17,2465.21,2188.21,3712.69,2437.34,3763.22
2008-02-27,3268.53,4123.23,2392.99,2159.44,3671.02,2409.54,3712.04
2008-02-28,3188.14,4018.47,2323.89,2157.79,3604.41,2395.0,3666.33
2008-02-29,3100.57,3873.04,2320.14,2143.8,3481.39,2367.78,3530.07
2008-03-03,3099.97,3852.16,2282.69,2131.19,3437.49,2351.4,3452.71
2008-03-04,3107.99,3745.6,2287.44,2123.83,3398.92,2334.43,3432.36
2008-03-05,3118.04,3927.9,2282.49,2179.36,3476.01,2340.3,3481.36
2008-03-06,3020.07,3786.21,2245.45,2083.73,3383.01,2320.0,3386.45
2008-03-07,3008.38,3640.83,2242.31,2040.83,3317.43,2295.94,3354.67
2008-03-10,2902.21,3346.7,2160.32,1962.0,3140.13,2231.2,3232.29
2008-03-11,3010.36,3612.64,2237.37,2042.57,3297.09,2221.3,3340.63
2008-03-12,2953.08,3454.76,2154.7,2025.9,3206.52,2202.53,3270.55
2008-03-13,2995.58,3389.4,2167.01,2081.11,3213.05,2155.98,3324.28
2008-03-14,2929.59,3261.24,2098.08,2033.64,3150.63,2156.13,3308.11
2008-03-17,2861.86,3019.66,2078.49,1942.81,3009.99,2080.05,3187.59
2008-03-18,2946.24,3289.55,2176.11,2068.74,3210.29,2097.41,3391.81
2008-03-19,2918.8,3086.92,2095.02,2006.57,3106.87,2089.67,3325.84
2008-03-20,3010.14,3142.4,2116.88,2058.83,3231.89,2099.63,3535.1
2008-03-24,3017.41,3342.16,2139.9,2108.28,3350.34,2146.42,3633.06
2008-03-25,3073.85,3364.15,2131.03,2124.79,3391.55,2162.88,3667.82
2008-03-26,3019.37,3402.48,2204.87,2148.77,3391.17,2206.37,3643.42
2008-03-27,3014.91,3531.28,2184.11,2159.45,3438.08,2220.69,3676.26
2008-03-28,3005.96,3437.23,2202.31,2177.68,3392.44,2206.21,3634.2
2008-03-31,3005.19,3355.59,2225.01,2160.57,3367.82,2235.71,3637.2
2008-04-01,3123.27,3458.04,2273.19,2188.28,3472.89,2255.86,3748.76
2008-04-02,3153.52,3387.1,2252.43,2185.94,3459.49,2237.53,3748.7
2008-04-03,3145.24,3555.04,2271.72,2217.83,3511.25,2268.36,3748.05
2008-04-04,3146.18,3591.17,2337.62,2225.7,3518.51,2322.23,3733.93
2008-04-07,3130.0,3719.1,2360.84,2231.28,3555.87,2337.54,3744.48
2008-04-08,3160.37,3776.26,2388.37,2263.75,3606.59,2353.2,3800.92
2008-04-09,3097.76,3708.7,2344.01,2252.54,3536.93,2338.46,3721.46
2008-04-10,3103.63,3707.84,2335.8,2284.42,3567.57,2312.53,3780.18
2008-04-11,3051.59,3606.91,2316.87,2271.5,3514.7,2291.37,3747.06
2008-04-14,3037.47,3649.28,2324.84,2276.36,3536.69,2265.19,3759.14
2008-04-15,3077.01,3770.84,2323.38,2317.59,3627.44,2243.09,3862.5
2008-04-16,3191.55,3761.62,2384.35,2370.85,3704.18,2294.59,3984.57
2008-04-17,3256.33,4196.72,2310.11,2398.32,3861.62,2249.78,4044.23
2008-04-18,3280.21,4306.3,2314.68,2406.24,3911.86,2254.23,4063.31
2008-04-21,3308.55,4354.67,2375.11,2412.32,3937.17,2283.62,4082.55
2008-04-22,3311.09,4604.88,2334.88,2399.61,4013.27,2274.77,4092.4
2008-04-23,3350.81,4731.27,2338.74,2415.28,4050.39,2282.68,4057.54
2008-04-24,3359.62,4628.26,2334.68,2423.61,4003.08,2272.61,4024.35
2008-04-25,3389.43,4710.8,2329.1,2431.44,4042.81,2285.11,4054.65
2008-04-28,3392.06,4774.49,2326.64,2450.16,4120.37,2276.27,4168.84
2008-04-29,3393.67,4590.58,2314.03,2437.73,4025.25,2265.85,4086.99
2008-04-30,3308.23,4607.7,2321.88,2471.02,4016.17,2268.66,4097.93
2008-05-01,3316.56,4675.29,2354.88,2534.72,4088.15,2282.46,4162.38
2008-05-02,3303.07,4939.16,2331.32,2522.92,4203.23,2291.57,4221.14
2008-05-05,3283.57,5092.06,2352.18,2497.42,4268.4,2279.47,4222.18
2008-05-06,3297.9,5197.66,2302.93,2512.01,4360.34,2260.27,4352.25
2008-05-07,3213.72,5101.86,2274.1,2499.39,4317.87,2231.99,4340.29
2008-05-08,3206.56,5083.49,2288.29,2487.3,4283.61,2241.43,4271.06
2008-05-09,3206.38,5130.71,2287.66,2471.34,4318.71,2231.14,4313.64
2008-05-12,3262.69,5442.44,2308.83,2509.21,4479.18,2230.84,4411.22
2008-05-13,3235.77,5530.23,2292.71,2538.81,4504.57,2228.8,4387.77
2008-05-14,3223.66,5540.51,2378.37,2538.78,4518.59,2339.5,4387.73
2008-05-15,3294.43,5856.86,2373.27,2554.94,4673.02,2344.87,4454.8
2008-05-16,3287.07,6135.13,2388.82,2600.27,4806.21,2358.12,4499.59
2008-05-19,3304.62,5824.15,2389.47,2577.22,4749.21,2350.17,4597.53
2008-05-20,3315.85,5635.37,2425.6,2628.92,4695.12,2347.32,4661.24
2008-05-21,3266.8,5556.19,2423.17,2611.16,4647.54,2350.64,4658.83
2008-05-22,3238.63,5179.48,2395.51,2494.53,4465.21,2360.68,4550.28
2008-05-23,3216.39,4968.88,2372.68,2440.38,4325.89,2356.43,4433.49
2008-05-27,3247.01,4881.69,2373.22,2457.3,4284.12,2352.63,4399.7
2008-05-28,3294.69,5213.3,2367.34,2467.57,4411.97,2336.72,4424.77
2008-05-29,3313.67,5050.06,2291.84,2487.37,4364.74,2322.19,4413.53
2008-05-30,3332.82,5163.26,2300.11,2511.09,4407.21,2330.4,4430.82
2008-06-02,3315.97,4959.83,2324.77,2530.69,4313.93,2325.32,4331.65
2008-06-03,3294.64,4821.19,2281.88,2511.96,4246.56,2311.76,4311.14
2008-06-04,3287.27,4895.99,2285.55,2551.02,4269.84,2308.76,4311.83
2008-06-05,3322.13,5029.54,2301.3,2557.15,4341.4,2313.38,4339.5
2008-06-06,3161.71,4760.14,2268.72,2466.79,4223.85,2314.42,4308.7
2008-06-09,3139.65,4653.53,2283.63,2464.35,4234.22,2328.96,4435.79
2008-06-10,3141.7,4337.16,2233.96,2472.23,4084.58,2297.78,4363.49
2008-06-11,3019.85,4101.4,2230.69,2389.37,3920.8,2259.13,4232.02
2008-06-12,3017.51,3753.23,2188.91,2355.42,3784.88,2225.37,4209.85
2008-06-13,3110.49,3864.1,2191.85,2335.54,3887.98,2213.44,4316.26
2008-06-16,3084.73,4003.29,2217.93,2346.85,3991.55,2226.79,4431.39
2008-06-17,3114.25,4311.16,2220.05,2421.35,4190.69,2236.69,4619.58
2008-06-18,3067.58,4263.19,2182.31,2427.62,4189.69,2208.3,4647.09
2008-06-19,3150.06,4266.28,2143.81,2443.86,4220.66,2158.51,4679.86
2008-06-20,3126.11,4111.58,2113.9,2373.05,4165.8,2156.78,4687.21
2008-06-23,3065.33,4006.15,2118.47,2398.73,4161.81,2174.75,4751.4
2008-06-24,3003.18,3940.19,2078.94,2410.74,4085.19,2133.54,4652.74
2008-06-25,3026.34,4214.58,2088.23,2408.1,4193.17,2129.17,4697.32
2008-06-26,2961.39,4247.11,2060.88,2391.24,4139.62,2121.03,4585.0
2008-06-27,2977.02,4329.73,2049.66,2370.92,4183.71,2096.64,4607.71
2008-06-30,2950.2,4257.56,2028.47,2398.76,4141.65,2103.81,4570.57
2008-07-01,2927.94,4087.64,2111.2,2381.16,4062.42,2108.29,4521.8
2008-07-02,2849.2,3762.39,2047.86,2309.89,3814.49,2057.57,4287.51
2008-07-03,2849.4,3692.05,1999.33,2280.01,3753.1,2026.66,4218.85
2008-07-07,2886.7,3810.62,1930.52,2232.32,3724.43,1975.52,4082.0
2008-07-08,3002.72,4017.18,1965.66,2277.16,3841.35,1936.57,4156.04
2008-07-09,2941.56,4024.01,1960.11,2269.87,3833.46,1965.48,4148.0
2008-07-10,2927.39,4049.17,1965.14,2325.15,3860.31,1960.85,4186.35
2008-07-11,2929.7,3984.07,1989.33,2380.96,3898.28,1951.81,4309.21
2008-07-14,2856.61,3944.69,1991.02,2423.64,3896.62,1984.07,4344.64
2008-07-15,2817.0,4017.51,1962.26,2381.82,3855.91,1923.31,4215.32
2008-07-16,2883.67,4152.96,1989.49,2392.98,3911.17,1928.61,4219.14
2008-07-17,2964.69,4135.2,2019.79,2401.7,3946.72,1917.21,4291.95
2008-07-18,2942.71,4059.26,2011.12,2380.62,3921.58,1929.81,4296.37
2008-07-21,2935.13,4086.58,2015.16,2398.11,3979.58,1954.1,4397.41
2008-07-22,3022.49,4055.12,2038.85,2398.69,3983.51,1935.27,4419.29
2008-07-23,3072.56,4194.2,2022.14,2434.61,4070.64,1906.22,4504.69
2008-07-24,2890.07,3946.54,1982.87,2408.0,3877.06,1887.92,4318.92
2008-07-25,2876.65,3948.81,2010.45,2433.55,3887.85,1875.04,4341.05
2008-07-28,2814.64,3859.62,2004.56,2356.21,3880.69,1880.31,4404.78
2008-07-29,2788.3,3950.37,2007.9,2417.19,3938.57,1861.89,4467.03
2008-07-30,2739.04,4092.35,2026.63,2428.03,3956.48,1909.58,4394.41
2008-07-31,2848.44,4136.36,2066.19,2436.53,3965.39,1928.73,4348.4
2008-08-01,2787.72,3973.99,2015.96,2377.63,3811.04,1919.61,4164.05
2008-08-04,2695.11,3639.96,1999.48,2189.51,3539.27,1874.77,3870.58
2008-08-05,2774.4,3564.55,1980.58,2179.93,3517.15,1841.04,3890.13
2008-08-06,2791.8,3711.3,2023.92,2199.49,3647.6,1852.67,4046.15
2008-08-07,2757.53,3511.63,1964.44,2103.28,3460.92,1815.95,3799.42
2008-08-08,2894.7,3577.36,1975.95,2128.38,3493.08,1825.29,3795.2
2008-08-11,2944.13,3654.24,1986.9,2161.98,3553.46,1807.44,3866.81
2008-08-12,2949.93,3628.91,2014.62,2171.65,3523.95,1828.38,3812.91
2008-08-13,2985.57,3880.0,1991.58,2236.77,3655.71,1816.95,3919.31
2008-08-14,3058.09,4156.03,1962.24,2284.04,3788.96,1807.16,3962.65
2008-08-15,3018.61,4031.31,1895.99,2265.05,3710.82,1778.18,3908.41
2008-08-18,3033.62,3995.56,1902.76,2279.62,3716.1,1765.86,3947.93
2008-08-19,2974.12,3834.53,1888.02,2226.58,3611.89,1704.42,3866.07
2008-08-20,2951.86,3835.88,1887.45,2237.82,3620.01,1743.17,3891.09
2008-08-21,2935.26,3846.3,1879.25,2267.89,3598.37,1746.14,3843.0
2008-08-22,2980.57,3770.34,1855.84,2264.5,3547.64,1736.08,3777.59
2008-08-25,2952.94,3779.03,1850.64,2246.27,3544.19,1722.17,3772.35
2008-08-26,2918.86,3788.62,1873.7,2267.72,3556.99,1740.52,3805.55
2008-08-27,2910.94,3921.5,1899.55,2311.22,3673.35,1774.53,3956.7
2008-08-28,2929.38,3937.49,1899.96,2328.23,3711.36,1773.13,4013.97
2008-08-29,2917.65,3880.98,1887.12,2280.2,3688.07,1776.32,4005.53
2008-09-02,2866.53,3620.61,1879.95,2253.8,3473.15,1769.08,3743.29
2008-09-03,2837.35,3366.05,1841.94,2219.47,3350.07,1733.47,3704.26
2008-09-04,2834.91,3191.01,1747.0,2156.17,3258.74,1649.47,3643.23
2008-09-05,2787.43,3110.93,1727.05,2036.44,3190.62,1660.48,3557.41
2008-09-08,2808.77,2980.87,1725.13,2026.7,3152.72,1649.45,3576.48
2008-09-09,2735.91,2664.34,1608.22,1820.11,2921.13,1564.12,3337.48
2008-09-10,2847.83,2778.74,1635.09,1842.84,3054.97,1562.45,3495.71
2008-09-11,2854.66,2887.93,1606.99,1828.19,3092.71,1528.47,3501.1
2008-09-12,2909.78,2930.94,1633.93,1855.73,3128.61,1545.98,3525.52
2008-09-15,2730.75,2612.44,1529.9,1710.6,2869.34,1470.53,3264.4
2008-09-16,2720.21,2654.93,1529.9,1743.31,2919.06,1422.78,3341.73
2008-09-17,2639.88,2590.49,1440.54,1654.14,2808.78,1326.38,3188.64
2008-09-18,2792.11,2660.68,1550.49,1750.18,2932.92,1282.04,3341.13
2008-09-19,2891.17,2971.26,1559.81,1950.49,3189.3,1415.89,3652.83
2008-09-22,2722.69,2841.06,1526.87,1932.04,3078.33,1359.55,3538.24
2008-09-23,2628.16,2550.17,1489.06,1889.69,2916.06,1327.41,3420.8
2008-09-24,2639.48,2489.36,1452.53,1897.6,2924.74,1310.03,3457.54
2008-09-25,2634.81,2400.08,1487.63,1918.29,2933.4,1331.75,3512.06
2008-09-26,2624.46,2161.5,1477.56,1845.98,2792.54,1314.73,3363.25
2008-09-29,2527.92,1849.77,1334.37,1593.69,2487.04,1204.54,2976.4
2008-09-30,2587.81,1942.83,1419.63,1739.12,2637.76,1225.8,3185.03
2008-10-01,2606.11,1909.49,1375.07,1677.9,2611.48,1218.66,3151.08
2008-10-02,2484.66,1767.04,1301.04,1520.55,2412.38,1175.39,2887.11
2008-10-03,2473.28,1729.23,1225.54,1465.82,2366.45,1113.74,2840.52
2008-10-06,2282.42,1498.74,1077.05,1345.55,2153.52,987.11,2613.27
2008-10-07,2257.15,1301.46,1003.65,1192.48,2023.86,971.26,2473.73
2008-10-08,2243.06,1233.4,941.87,1106.28,1981.88,909.23,2416.66
2008-10-09,2092.57,1132.67,894.56,1007.19,1829.35,881.69,2224.52
2008-10-10,2155.69,1098.5,873.36,987.66,1786.1,794.55,2144.79
2008-10-13,2450.55,1289.87,1032.57,1240.52,2112.38,1018.55,2570.15
2008-10-14,2427.86,1374.16,1150.32,1300.63,2160.0,1139.48,2616.3
2008-10-15,2201.88,1173.73,1093.47,1145.99,1869.66,1111.2,2245.75
2008-10-16,2282.07,1189.25,1077.88,1169.87,1940.37,1065.09,2335.36
2008-10-17,2154.41,1262.92,1053.46,1120.96,1936.57,1061.81,2316.77
2008-10-20,2205.58,1416.77,1137.97,1194.01,2036.09,1143.63,2426.06
2008-10-21,2132.35,1402.67,1095.28,1193.82,1984.45,1155.61,2368.26
2008-10-22,1972.19,1226.54,1087.54,1093.12,1801.85,1148.84,2155.28
2008-10-23,1878.09,1158.67,1038.06,1050.16,1728.27,1105.13,2079.55
2008-10-24,1710.61,1092.46,1030.82,960.4,1619.9,1090.34,1946.93
2008-10-27,1605.49,1003.9,944.72,901.95,1559.89,1000.24,1920.48
2008-10-28,1617.16,989.19,976.38,924.06,1631.3,999.79,2035.18
2008-10-29,1736.23,1028.92,1041.43,972.32,1708.73,1076.05,2100.86
2008-10-30,1872.86,1140.19,1125.44,1055.94,1796.4,1185.72,2169.0
2008-10-31,1941.09,1282.42,1273.97,1131.9,1900.37,1343.45,2274.98
2008-11-03,1956.07,1378.39,1306.25,1169.95,1965.93,1372.29,2349.18
2008-11-04,1912.84,1413.14,1317.3,1291.95,2103.2,1408.82,2606.65
2008-11-05,1779.01,1342.27,1271.21,1245.39,1961.37,1341.31,2395.13
2008-11-06,1655.57,1112.81,1164.16,1130.38,1726.08,1211.3,2127.18
2008-11-07,1713.66,1101.32,1191.92,1141.11,1802.52,1197.17,2244.39
2008-11-10,1679.47,1111.12,1116.33,1135.27,1808.48,1162.42,2256.17
2008-11-11,1658.43,1012.15,1063.74,1114.44,1728.23,1090.96,2170.64
2008-11-12,1554.64,851.45,955.18,1004.22,1599.94,1027.2,2035.28
2008-11-13,1729.41,908.24,993.82,1121.51,1787.28,1015.24,2260.36
2008-11-14,1723.09,819.15,954.42,1042.37,1681.56,981.53,2103.2
2008-11-17,1674.41,805.04,974.91,1033.3,1695.22,1001.39,2139.39
2008-11-18,1639.51,751.85,978.57,983.04,1670.59,998.05,2116.81
2008-11-19,1494.13,607.24,857.25,908.15,1534.96,899.08,1961.87
2008-11-20,1319.19,498.22,777.79,764.65,1366.89,786.09,1727.82
2008-11-21,1317.29,504.17,758.12,741.96,1425.14,757.25,1803.11
2008-11-24,1433.99,544.0,818.66,806.39,1568.98,828.04,1978.31
2008-11-25,1472.95,550.67,807.09,800.93,1612.19,830.06,2037.46
2008-11-26,1494.69,608.59,959.23,859.53,1745.47,994.11,2210.35
2008-11-28,1569.28,597.17,1003.01,968.56,1699.35,1054.59,2129.88
2008-12-01,1348.44,493.58,926.31,882.04,1443.93,970.0,1800.08
2008-12-02,1451.16,482.8,921.2,854.91,1497.04,936.97,1866.25
2008-12-03,1501.37,475.65,881.44,863.2,1539.61,909.59,1915.43
2008-12-04,1463.83,486.18,844.29,915.54,1537.86,873.13,1925.65
2008-12-05,1536.26,511.65,808.9,824.46,1597.05,842.75,1999.99
2008-12-08,1637.15,616.0,790.31,899.58,1741.92,839.99,2188.15
2008-12-09,1618.89,735.74,772.51,938.31,1745.67,836.11,2191.06
2008-12-10,1572.87,803.57,830.75,998.67,1787.62,866.36,2293.44
2008-12-11,1481.79,699.99,818.9,933.06,1653.14,908.62,2150.68
2008-12-12,1520.31,755.88,922.34,951.48,1709.94,953.77,2177.39
2008-12-15,1480.01,847.84,922.3,953.9,1684.26,982.65,2131.82
2008-12-16,1524.75,932.59,982.64,982.44,1744.74,1029.91,2217.73
2008-12-17,1562.52,1072.05,990.63,1039.52,1808.92,1045.67,2260.95
2008-12-18,1468.59,976.17,1027.76,1026.67,1714.06,1085.19,2196.9
2008-12-19,1455.19,921.22,1082.21,966.41,1718.66,1093.88,2215.71
2008-12-22,1397.84,843.15,1032.39,838.55,1619.78,1063.06,2063.45
2008-12-23,1431.94,831.33,1057.71,841.51,1631.46,1089.28,2076.15
2008-12-24,1442.2,814.59,1078.02,831.72,1651.08,1108.62,2108.05
2008-12-26,1473.01,829.46,1081.44,839.73,1692.61,1113.33,2158.13
2008-12-29,1440.85,776.65,1054.82,812.41,1672.86,1090.04,2154.83
2008-12-30,1534.86,823.85,1065.24,842.55,1737.62,1088.47,2201.89
2008-12-31,1534.08,910.55,1092.97,913.03,1791.78,1129.06,2264.22
2009-01-02,1545.7,1016.86,1190.75,999.07,1878.75,1237.84,2384.38
2009-01-05,1519.91,1073.24,1283.58,1035.66,1899.47,1335.64,2408.51
2009-01-06,1566.22,1149.32,1381.24,1096.78,1973.42,1414.19,2502.12
2009-01-07,1456.74,1011.06,1297.24,1036.92,1839.69,1355.15,2363.03
2009-01-08,1453.93,1094.71,1324.82,1116.52,1886.05,1387.87,2377.14
2009-01-09,1415.76,1148.64,1297.03,1081.06,1854.18,1369.94,2332.2
2009-01-12,1309.93,1037.31,1258.45,962.66,1749.54,1352.76,2234.23
2009-01-13,1385.17,1069.96,1333.37,1004.71,1797.05,1385.47,2267.97
2009-01-14,1327.18,990.04,1283.12,972.21,1714.22,1340.53,2186.58
2009-01-15,1340.02,948.86,1234.43,1031.48,1737.1,1274.67,2234.43
2009-01-16,1347.52,952.59,1239.3,1023.92,1752.02,1309.78,2230.49
2009-01-20,1259.24,854.0,1156.91,917.6,1620.34,1246.57,2077.18
2009-01-21,1334.73,963.47,1210.51,1044.0,1730.46,1294.2,2187.27
2009-01-22,1304.63,870.32,1148.31,964.37,1622.22,1246.59,2057.37
2009-01-23,1315.98,854.09,1209.04,948.4,1634.81,1281.02,2060.16
2009-01-26,1383.79,923.9,1250.02,951.17,1661.02,1332.91,2054.54
2009-01-27,1422.94,938.66,1265.78,953.48,1649.29,1348.02,2040.82
2009-01-28,1476.56,1008.7,1329.88,991.84,1735.24,1387.96,2144.4
2009-01-29,1377.38,925.36,1297.92,949.39,1669.9,1373.04,2097.46
2009-01-30,1333.01,887.25,1304.72,920.21,1630.68,1362.64,2034.04
2009-02-02,1306.44,816.61,1345.84,918.64,1578.61,1404.8,1977.76
2009-02-03,1322.34,891.71,1402.23,945.84,1618.93,1455.23,1993.4
2009-02-04,1298.03,1019.48,1327.37,908.94,1631.47,1403.31,1991.96
2009-02-05,1314.47,1030.8,1348.77,900.6,1630.42,1398.26,2008.96
2009-02-06,1382.52,1095.9,1369.49,942.08,1685.6,1396.89,2052.92
2009-02-09,1376.74,1142.46,1373.14,968.39,1713.82,1418.43,2094.91
2009-02-10,1344.6,1006.48,1329.1,926.52,1616.32,1404.01,1992.9
2009-02-11,1352.02,942.72,1344.24,937.77,1612.91,1395.97,1985.89
2009-02-12,1386.29,960.93,1318.72,938.9,1641.71,1392.11,2003.11
2009-02-13,1338.37,951.64,1337.54,940.05,1615.21,1388.77,1980.87
2009-02-17,1227.66,858.28,1246.58,857.82,1497.72,1320.09,1852.59
2009-02-18,1194.89,815.32,1226.53,808.36,1462.21,1274.31,1806.45
2009-02-19,1185.7,824.95,1222.36,811.81,1472.72,1257.44,1809.25
2009-02-20,1168.05,783.62,1143.04,760.99,1443.79,1159.78,1771.33
2009-02-23,1151.0,717.33,1136.99,718.3,1380.24,1140.34,1676.77
2009-02-24,1212.46,781.71,1211.06,747.26,1455.61,1205.78,1748.69
2009-02-25,1152.15,744.72,1235.33,731.15,1420.49,1223.26,1726.57
2009-02-26,1142.75,727.69,1282.29,700.31,1371.38,1271.21,1639.36
2009-02-27,1141.11,733.01,1307.02,704.13,1352.16,1321.2,1603.28
2009-03-02,1039.91,629.46,1232.86,536.37,1199.54,1230.46,1416.09
2009-03-03,1053.87,630.35,1275.23,461.83,1177.96,1221.03,1364.26
2009-03-04,1131.31,754.27,1319.7,522.75,1283.08,1249.95,1487.51
2009-03-05,1000.05,714.75,1288.57,448.14,1172.25,1225.97,1362.03
2009-03-06,1003.3,749.42,1306.82,408.35,1168.21,1221.99,1342.79
2009-03-09,979.42,771.44,1300.67,360.28,1167.88,1211.78,1337.12
2009-03-10,1056.88,843.81,1417.34,409.16,1253.61,1303.96,1435.03
2009-03-11,1056.17,778.96,1419.39,422.82,1231.48,1328.9,1414.68
2009-03-12,1082.99,815.23,1535.61,441.16,1278.97,1420.23,1453.85
2009-03-13,1083.92,776.92,1509.75,440.48,1255.24,1396.29,1434.67
2009-03-16,1098.83,758.46,1514.2,473.53,1265.38,1409.88,1454.03
2009-03-17,1134.46,776.34,1564.86,541.47,1324.0,1440.53,1520.48
2009-03-18,1201.41,786.69,1511.62,567.32,1344.66,1406.73,1538.02
2009-03-19,1233.93,833.75,1519.71,593.97,1419.96,1428.8,1644.68
2009-03-20,1189.77,746.42,1415.26,522.79,1326.96,1348.24,1545.2
2009-03-23,1213.3,808.24,1488.81,580.19,1433.4,1400.89,1676.97
2009-03-24,1152.06,824.91,1315.67,554.21,1390.33,1316.1,1627.76
2009-03-25,1147.55,781.74,1261.57,555.91,1384.47,1260.76,1665.82
2009-03-26,1216.73,777.32,1267.7,579.39,1412.14,1260.09,1717.59
2009-03-27,1213.72,804.7,1258.15,563.85,1369.47,1249.09,1633.27
2009-03-30,1115.38,703.36,1237.15,528.76,1264.56,1213.08,1543.79
2009-03-31,1146.92,718.21,1258.69,542.46,1272.03,1236.4,1524.75
2009-04-01,1212.9,718.46,1301.56,553.37,1289.48,1251.5,1547.83
2009-04-02,1312.22,770.36,1283.61,592.34,1348.22,1267.64,1612.67
2009-04-03,1357.8,809.16,1278.25,604.69,1380.21,1294.21,1640.93
2009-04-06,1345.94,797.72,1271.33,599.43,1365.13,1256.72,1625.71
2009-04-07,1287.1,742.47,1204.22,580.77,1294.54,1200.94,1546.26
2009-04-08,1291.71,752.46,1260.83,600.54,1325.0,1242.45,1583.56
2009-04-09,1384.57,801.68,1282.81,646.8,1374.08,1272.54,1623.41
2009-04-13,1383.0,851.63,1274.36,678.45,1371.94,1273.44,1611.66
2009-04-14,1370.17,877.63,1292.77,668.7,1360.31,1287.56,1591.82
2009-04-15,1408.64,837.92,1317.57,684.35,1328.35,1309.73,1558.74
2009-04-16,1488.7,884.7,1318.85,705.76,1375.34,1313.62,1593.97
2009-04-17,1573.94,985.34,1296.08,740.0,1433.19,1331.73,1637.56
2009-04-20,1432.71,859.5,1228.56,641.79,1299.43,1263.62,1523.21
2009-04-21,1479.69,947.21,1301.65,684.63,1381.57,1313.29,1601.34
2009-04-22,1492.08,927.58,1277.47,683.08,1374.5,1316.07,1607.66
2009-04-23,1489.83,918.06,1296.3,678.13,1372.78,1320.1,1598.8
2009-04-24,1542.29,952.78,1307.65,708.82,1405.94,1346.93,1627.61
2009-04-27,1529.03,907.65,1297.29,680.95,1351.82,1343.11,1553.8
2009-04-28,1431.43,894.82,1322.83,682.53,1351.19,1359.89,1583.82
2009-04-29,1624.27,928.45,1331.89,704.18,1419.9,1379.2,1670.09
2009-04-30,1626.93,981.4,1315.03,714.62,1460.6,1357.62,1726.31
2009-05-01,1525.8,1052.71,1334.73,763.37,1540.03,1377.21,1878.6
2009-05-04,1568.53,1149.04,1358.48,830.19,1675.15,1406.25,2075.14
2009-05-05,1495.87,1129.42,1320.93,881.67,1623.67,1354.15,2008.34
2009-05-06,1469.13,1204.34,1318.12,976.79,1665.77,1339.53,2061.8
2009-05-07,1441.53,1101.67,1321.32,939.05,1600.9,1339.79,2012.53
2009-05-08,1482.3,1014.89,1374.26,971.1,1632.41,1368.12,2098.54
2009-05-11,1439.63,970.53,1287.8,933.1,1566.21,1330.13,1975.11
2009-05-12,1359.23,968.41,1327.63,926.51,1551.21,1340.82,1959.66
2009-05-13,1262.79,882.05,1268.88,834.37,1429.32,1292.07,1800.91
2009-05-14,1358.41,921.1,1279.05,795.97,1456.73,1308.71,1818.36
2009-05-15,1394.2,955.87,1284.56,821.67,1476.64,1294.64,1831.45
2009-05-18,1415.35,988.58,1345.02,890.81,1534.1,1333.17,1916.83
2009-05-19,1415.3,1043.18,1338.29,962.28,1553.4,1339.7,1924.48
2009-05-20,1391.12,1041.59,1363.93,985.31,1545.85,1367.7,1924.17
2009-05-21,1322.53,990.22,1316.14,907.35,1481.59,1349.51,1859.65
2009-05-22,1312.27,958.67,1366.86,878.9,1445.98,1369.78,1827.86
2009-05-26,1366.69,994.59,1362.13,896.73,1477.72,1379.03,1861.53
2009-05-27,1365.18,1006.42,1338.73,917.24,1483.5,1359.4,1868.45
2009-05-28,1384.14,1064.46,1370.43,921.85,1539.06,1376.82,1933.52
2009-05-29,1444.9,1154.25,1436.9,952.68,1600.56,1447.76,1979.66
2009-06-01,1505.83,1179.45,1438.55,977.46,1634.06,1450.51,2032.46
2009-06-02,1539.44,1182.36,1414.2,975.5,1625.0,1447.09,2000.08
2009-06-03,1507.53,1087.19,1376.48,918.27,1535.63,1407.61,1898.88
2009-06-04,1542.47,1075.73,1396.83,924.37,1566.96,1414.56,1949.09
2009-06-05,1563.38,1056.37,1390.53,914.53,1562.26,1411.09,1935.63
2009-06-08,1555.08,1022.9,1392.95,902.23,1554.76,1398.54,1943.25
2009-06-09,1556.27,1056.83,1411.38,923.24,1625.07,1425.66,2049.64
2009-06-10,1561.54,1068.38,1419.16,957.08,1700.77,1426.23,2198.93
2009-06-11,1581.8,1080.38,1438.45,993.92,1769.86,1442.26,2294.16
2009-06-12,1503.65,1070.09,1455.41,990.61,1737.47,1458.12,2234.67
2009-06-15,1387.1,1019.63,1411.41,927.52,1649.69,1431.62,2123.46
2009-06-16,1378.3,1002.34,1397.38,880.68,1615.39,1404.09,2072.68
2009-06-17,1374.75,975.52,1379.89,861.29,1586.04,1393.8,2033.48
2009-06-18,1393.84,979.06,1392.89,877.84,1604.03,1408.03,2054.65
2009-06-19,1401.55,965.99,1412.37,864.82,1621.56,1431.38,2089.14
2009-06-22,1325.77,867.68,1368.76,773.66,1507.53,1378.32,1932.87
2009-06-23,1350.07,873.55,1399.68,783.09,1517.17,1390.02,1928.54
2009-06-24,1348.98,900.96,1412.42,792.99,1545.18,1402.25,1970.4
2009-06-25,1366.15,903.56,1429.81,837.81,1564.17,1424.96,2004.97
2009-06-26,1403.49,938.48,1444.76,866.69,1579.4,1432.02,2000.4
2009-06-29,1411.4,926.0,1439.88,865.29,1566.56,1435.57,1996.12
2009-06-30,1415.23,900.97,1463.94,843.92,1550.8,1456.52,1967.19
2009-07-01,1497.21,893.1,1489.31,872.14,1573.68,1486.33,1986.81
2009-07-02,1471.11,865.38,1483.1,829.33,1530.86,1475.15,1915.82
2009-07-06,1466.89,824.2,1485.51,798.33,1482.38,1472.66,1845.21
2009-07-07,1457.46,809.42,1428.43,766.72,1449.74,1427.38,1798.76
2009-07-08,1502.01,818.55,1412.72,749.89,1428.74,1442.38,1747.36
2009-07-09,1548.83,833.15,1472.39,744.88,1441.81,1480.85,1754.91
2009-07-10,1545.0,828.21,1489.06,736.42,1443.68,1484.39,1764.76
2009-07-13,1553.32,835.81,1517.51,747.26,1462.45,1504.28,1784.69
2009-07-14,1616.14,911.42,1502.18,780.93,1494.55,1488.02,1794.81
2009-07-15,1665.02,957.51,1523.46,831.46,1540.32,1518.02,1873.66
2009-07-16,1678.06,959.49,1535.93,875.41,1550.54,1540.66,1889.19
2009-07-17,1649.84,963.71,1569.46,866.75,1539.53,1571.07,1852.85
2009-07-20,1696.58,1003.39,1614.17,901.02,1573.93,1611.74,1883.97
2009-07-21,1700.18,1006.11,1612.73,887.03,1551.94,1612.49,1844.49
2009-07-22,1739.13,980.83,1607.81,895.34,1535.88,1605.44,1828.17
2009-07-23,1814.79,1000.96,1651.22,938.67,1582.43,1623.51,1879.32
2009-07-24,1839.24,1019.87,1647.66,947.92,1605.78,1652.9,1910.32
2009-07-27,1802.62,1074.8,1679.82,976.63,1639.26,1665.86,1946.07
2009-07-28,1763.85,1038.5,1664.72,948.55,1595.53,1667.84,1908.05
2009-07-29,1740.28,1007.6,1616.29,914.36,1553.1,1631.66,1854.55
2009-07-30,1825.07,1018.61,1659.57,935.62,1585.73,1636.37,1885.26
2009-07-31,1824.45,1006.15,1665.39,952.41,1583.22,1626.65,1885.73
2009-08-03,1830.64,1046.9,1706.74,987.71,1633.31,1655.57,1947.59
2009-08-04,1824.74,1034.12,1713.92,993.29,1629.52,1634.16,1946.68
2009-08-05,1786.6,1014.7,1689.86,968.24,1627.61,1636.06,1964.27
2009-08-06,1737.33,940.61,1662.96,927.86,1583.61,1620.92,1934.92
2009-08-07,1783.82,937.33,1693.44,962.38,1601.52,1619.18,1936.2
2009-08-10,1801.77,931.27,1675.54,982.41,1603.74,1622.39,1937.77
2009-08-11,1769.55,891.38,1655.99,952.06,1551.73,1608.04,1870.87
2009-08-12,1791.82,913.45,1692.48,970.74,1588.1,1631.02,1915.26
2009-08-13,1803.4,941.23,1680.48,991.25,1626.22,1621.91,1962.1
2009-08-14,1759.91,919.76,1654.68,983.02,1598.8,1602.65,1935.94
2009-08-17,1665.92,867.64,1603.84,941.64,1525.06,1545.94,1850.32
2009-08-18,1691.37,874.95,1638.89,960.98,1550.53,1585.29,1875.94
2009-08-19,1703.34,857.23,1687.74,953.79,1549.34,1614.93,1868.83
2009-08-20,1711.59,884.83,1694.02,992.72,1573.61,1632.79,1887.64
2009-08-21,1762.6,905.96,1767.94,1024.66,1619.19,1681.98,1943.15
2009-08-24,1766.61,900.01,1784.63,1071.8,1636.59,1717.52,1969.82
2009-08-25,1805.26,880.16,1779.4,1074.36,1640.65,1710.14,1971.28
2009-08-26,1821.35,878.23,1747.05,1068.16,1641.28,1685.69,1965.2
2009-08-27,1815.68,922.67,1682.18,1050.46,1638.9,1649.52,1954.33
2009-08-28,1781.54,903.59,1685.4,1008.13,1600.14,1663.11,1924.9
2009-08-31,1760.7,863.58,1719.6,996.77,1556.48,1686.64,1868.27
2009-09-01,1733.58,833.29,1672.51,967.11,1518.97,1658.84,1817.99
2009-09-02,1746.95,838.02,1648.83,937.49,1513.85,1624.85,1801.39
2009-09-03,1789.45,851.68,1690.72,945.31,1543.32,1676.42,1836.78
2009-09-04,1814.61,864.08,1763.45,978.24,1576.61,1724.09,1879.14
2009-09-08,1863.7,887.78,1751.38,953.4,1590.09,1730.43,1874.43
2009-09-09,1898.78,934.05,1760.74,948.81,1604.59,1730.47,1868.42
2009-09-10,1989.12,944.32,1766.6,947.54,1623.93,1746.76,1898.12
2009-09-11,2053.54,950.69,1783.18,941.8,1648.55,1754.04,1925.48
2009-09-14,2110.43,964.7,1780.95,936.22,1664.64,1758.69,1940.61
2009-09-15,2083.49,963.36,1783.79,946.76,1667.48,1760.15,1960.05
2009-09-16,2108.88,1005.08,1818.23,979.31,1719.54,1788.62,2032.74
2009-09-17,2056.37,996.05,1775.4,970.88,1694.97,1757.85,2014.72
2009-09-18,2009.13,978.3,1792.9,954.03,1704.03,1777.56,2050.43
2009-09-21,2024.76,944.45,1783.44,942.1,1685.42,1777.01,2020.56
2009-09-22,2053.09,960.17,1806.75,947.42,1718.44,1795.52,2065.49
2009-09-23,2069.11,919.53,1828.36,951.05,1700.63,1815.91,2047.67
2009-09-24,2044.9,870.66,1837.97,932.22,1667.19,1843.39,1998.25
2009-09-25,2019.65,852.75,1839.44,949.91,1660.62,1826.69,1986.95
2009-09-28,2071.57,858.35,1871.38,966.91,1680.32,1846.7,1987.05
2009-09-29,2041.91,894.66,1884.09,978.67,1694.04,1861.46,1995.91
2009-09-30,1961.8,899.78,1869.98,969.77,1673.61,1832.88,1988.28
2009-10-01,1912.89,874.5,1873.32,934.78,1622.47,1830.47,1916.04
2009-10-02,1876.46,863.73,1861.41,924.79,1607.18,1813.26,1901.0
2009-10-05,1882.85,867.71,1905.02,926.81,1628.25,1843.33,1925.09
2009-10-06,1894.27,902.67,1955.37,947.72,1690.84,1876.11,2023.02
2009-10-07,1887.92,954.1,1997.01,943.79,1714.94,1931.98,2032.65
2009-10-08,1943.34,980.77,2044.37,979.82,1760.71,1969.28,2111.78
2009-10-09,1949.07,952.09,2046.92,980.43,1755.56,1967.86,2104.54
2009-10-12,1959.83,943.3,2084.4,990.53,1771.57,2012.01,2119.79
2009-10-13,1947.08,958.21,2030.3,1004.81,1772.0,1974.42,2118.85
2009-10-14,1999.28,959.43,2005.24,1026.42,1792.59,1957.64,2164.12
2009-10-15,2043.57,972.47,1987.18,1029.87,1824.95,1947.24,2205.87
2009-10-16,2033.25,955.18,2012.24,1029.26,1838.39,1969.19,2239.62
2009-10-19,2048.81,965.1,2052.73,1042.7,1864.54,2002.89,2256.34
2009-10-20,2079.09,1002.77,2013.17,1047.76,1857.19,1969.47,2222.52
2009-10-21,2051.23,999.61,1982.85,1014.13,1813.02,1944.66,2168.44
2009-10-22,2061.85,1015.38,2009.0,1039.81,1828.39,1966.19,2186.05
2009-10-23,2021.67,981.76,1968.36,1005.48,1783.17,1920.34,2117.92
2009-10-26,2015.21,955.63,1931.55,961.87,1744.83,1877.1,2053.25
2009-10-27,1971.11,914.74,1859.15,955.15,1704.11,1824.51,2029.22
2009-10-28,1910.34,869.31,1766.94,922.65,1635.1,1742.55,1939.36
2009-10-29,1878.33,906.38,1835.34,948.46,1703.92,1783.84,2045.68
2009-10-30,1771.82,874.46,1797.95,901.1,1643.92,1773.65,1972.14
2009-11-02,1734.82,863.82,1779.28,898.49,1613.58,1715.89,1925.66
2009-11-03,1696.52,890.25,1773.63,884.63,1620.23,1739.43,1928.91
2009-11-04,1678.89,876.16,1793.54,866.78,1612.61,1776.72,1935.65
2009-11-05,1739.62,899.38,1835.06,883.98,1649.6,1790.67,1966.42
2009-11-06,1754.49,904.63,1798.74,885.46,1631.95,1777.48,1942.71
2009-11-09,1802.37,948.79,1864.87,904.23,1677.48,1829.02,1987.2
2009-11-10,1800.21,944.13,1868.16,906.58,1665.39,1851.93,1968.65
2009-11-12,1806.08,1034.89,1872.5,925.84,1731.34,1866.23,2067.55
2009-11-13,1825.41,1071.12,1928.88,940.1,1777.17,1904.01,2099.62
2009-11-16,1893.56,1136.25,1964.3,974.31,1847.95,1929.13,2192.1
2009-11-17,1930.16,1153.14,1878.63,985.55,1836.59,1873.5,2175.23
2009-11-19,1814.11,1092.21,1856.57,982.09,1800.95,1838.0,2183.91
2009-11-20,1833.76,1099.28,1867.83,985.32,1808.93,1836.98,2164.44
2009-11-24,1867.35,1077.85,1884.24,1020.63,1815.15,1859.3,2182.08
2009-11-25,1886.6,1072.35,1892.77,1062.11,1820.18,1861.6,2193.67
2009-11-27,1861.61,1028.6,1858.29,1024.33,1786.14,1854.48,2153.81
2009-11-30,1868.38,1023.08,1888.53,1032.75,1800.63,1862.76,2165.15
2009-12-01,1912.84,1071.62,1862.68,1077.98,1842.34,1851.62,2215.91
2009-12-02,1953.27,1063.47,1848.79,1091.35,1841.35,1847.56,2228.75
2009-12-04,2015.95,1055.54,1846.62,1125.1,1854.59,1837.07,2244.89
2009-12-07,1998.23,1040.83,1852.01,1115.1,1829.57,1861.93,2201.33
2009-12-08,2005.53,1003.44,1858.5,1097.87,1799.7,1861.75,2161.1
2009-12-09,2022.8,1001.87,1869.65,1088.78,1795.13,1868.12,2137.31
2009-12-10,2055.34,990.92,1873.3,1084.42,1799.99,1883.87,2148.31
2009-12-11,2039.33,986.4,1891.44,1137.24,1816.65,1892.26,2180.42
2009-12-14,2076.2,1007.61,1899.22,1136.69,1857.68,1898.13,2233.39
2009-12-15,2116.93,1021.09,1894.93,1104.64,1864.56,1920.34,2235.72
2009-12-16,2142.91,1014.13,1941.54,1100.53,1890.42,1955.57,2283.2
2009-12-17,2129.96,996.89,1920.37,1087.02,1884.87,1946.11,2276.3
2009-12-18,2116.78,983.68,1888.32,1081.65,1895.53,2055.34,2330.46
2009-12-21,2135.06,978.22,1907.81,1073.66,1899.71,2054.29,2329.26
2009-12-22,2155.67,951.42,1937.21,1081.74,1886.05,2071.44,2296.41
2009-12-23,2189.39,980.51,1969.47,1111.46,1912.26,2101.39,2319.73
2009-12-24,2190.08,979.2,2032.48,1127.61,1919.46,2113.07,2329.86
2009-12-28,2189.58,975.11,2017.51,1111.58,1908.5,2128.82,2299.37
2009-12-29,2216.53,984.56,2028.89,1105.06,1912.73,2123.63,2293.7
2009-12-30,2195.64,978.54,2006.4,1091.96,1901.87,2127.97,2282.12
2009-12-31,2150.8,975.35,2028.74,1078.97,1884.61,2136.72,2251.05
2010-01-06,2207.85,1066.88,2188.99,1104.38,2020.88,2287.9,2389.79
2010-01-07,2175.39,1053.6,2164.12,1109.98,2037.64,2272.71,2429.97
2010-01-08,2223.7,1089.11,2167.11,1178.36,2096.98,2259.15,2512.5
2010-01-11,2227.44,1095.83,2195.96,1221.94,2151.07,2287.45,2638.14
2010-01-12,2140.74,1074.42,2175.06,1232.77,2117.03,2281.05,2588.18
2010-01-13,2137.28,1086.48,2106.65,1269.35,2129.38,2216.47,2623.47
2010-01-14,2151.69,1090.06,2137.76,1296.7,2129.65,2237.76,2614.53
2010-01-15,2103.07,1082.75,2139.58,1263.57,2094.14,2258.93,2556.21
2010-01-19,2125.51,1073.49,2118.83,1264.36,2114.42,2245.9,2600.43
2010-01-20,2114.34,1037.67,2078.97,1280.08,2078.92,2227.71,2539.73
2010-01-21,2095.18,1000.64,2060.0,1254.46,2020.75,2193.77,2436.21
2010-01-22,2029.36,984.65,2033.71,1196.25,1965.88,2149.21,2336.78
2010-01-25,2017.12,1007.67,2057.37,1237.37,2009.57,2180.89,2397.25
2010-01-26,1994.83,985.83,2063.86,1226.36,1994.9,2200.09,2394.09
2010-01-27,2030.62,982.22,2120.93,1247.11,2023.22,2211.92,2429.68
2010-01-28,1990.51,949.19,2081.86,1213.41,1984.26,2174.96,2378.84
2010-01-29,1933.73,907.28,2074.37,1177.64,1948.79,2172.38,2358.7
2010-02-01,1986.78,942.75,2104.7,1212.5,1981.78,2215.31,2367.25
2010-02-02,2059.85,957.85,2110.57,1220.37,1975.86,2242.63,2334.92
2010-02-03,2056.89,943.81,2048.22,1228.28,1939.82,2155.08,2298.68
2010-02-04,1970.46,888.13,1907.03,1185.02,1832.97,2029.81,2172.49
2010-02-05,1980.86,889.88,1935.95,1152.05,1808.53,2028.33,2132.17
2010-02-08,1983.97,884.89,1899.58,1132.55,1800.06,2021.82,2116.35
2010-02-09,1988.89,906.1,1957.41,1159.23,1843.56,2053.23,2174.05
2010-02-11,2009.78,907.43,1974.83,1149.85,1875.56,2070.14,2209.78
2010-02-12,1995.56,904.44,2003.94,1158.79,1859.4,2097.08,2201.58
2010-02-16,2012.8,951.97,2083.7,1209.34,1916.66,2171.04,2274.1
2010-02-17,2014.62,954.31,2105.68,1218.4,1912.28,2171.22,2278.12
2010-02-18,2017.86,945.38,2088.95,1233.24,1913.98,2138.3,2296.79
2010-02-19,2034.76,957.42,2088.99,1234.34,1923.38,2147.66,2296.14
2010-02-22,2061.94,962.02,2088.89,1249.62,1943.35,2151.69,2315.05
2010-02-23,2028.46,921.42,2041.32,1255.62,1889.34,2098.8,2248.87
2010-02-24,2025.13,923.13,2036.96,1274.19,1905.81,2075.96,2264.61
2010-02-25,2023.55,955.87,2071.1,1291.43,1920.59,2114.38,2276.44
2010-02-26,2014.62,943.64,2085.57,1307.1,1904.16,2135.6,2277.02
2010-03-01,2014.91,950.61,2117.04,1362.59,1917.18,2140.53,2291.88
2010-03-02,2005.51,966.25,2141.28,1411.94,1925.34,2170.52,2295.06
2010-03-03,2028.23,987.84,2166.74,1469.64,1945.0,2187.17,2322.81
2010-03-04,2038.22,1001.17,2171.6,1441.4,1945.01,2188.38,2321.75
2010-03-05,2071.38,1002.55,2205.93,1468.81,1942.69,2220.99,2310.37
2010-03-08,2115.48,1020.05,2216.23,1472.31,1969.15,2261.1,2343.19
2010-03-09,2117.53,981.88,2222.23,1493.46,1955.51,2262.91,2347.17
2010-03-10,2144.66,1007.25,2272.21,1538.02,2008.75,2301.68,2410.96
2010-03-11,2132.67,1009.55,2288.71,1575.71,2007.39,2315.78,2425.8
2010-03-12,2142.44,1016.5,2290.51,1615.64,2014.62,2328.12,2438.94
2010-03-15,2120.22,995.53,2252.01,1623.28,1989.78,2303.58,2402.98
2010-03-16,2106.97,999.66,2235.27,1590.02,2001.92,2305.98,2415.75
2010-03-17,2102.95,998.41,2238.94,1580.78,2001.66,2278.14,2408.72
2010-03-18,2111.3,987.87,2228.34,1583.46,1996.06,2269.74,2402.24
2010-03-19,2070.0,970.78,2169.06,1507.48,1959.96,2256.74,2358.91
2010-03-22,2005.37,969.47,2192.88,1522.85,1949.71,2248.51,2346.12
2010-03-23,2041.98,977.0,2224.4,1528.42,1965.86,2268.3,2358.44
2010-03-24,2005.23,964.96,2223.19,1531.96,1954.27,2264.26,2353.63
2010-03-25,1947.86,961.44,2211.94,1504.57,1919.26,2263.76,2299.79
2010-03-26,1946.35,961.05,2225.69,1504.8,1903.49,2272.91,2273.22
2010-03-29,1972.91,985.05,2265.06,1524.82,1932.08,2308.58,2301.71
2010-03-30,2002.41,1015.34,2286.96,1513.35,1946.85,2322.59,2301.22
2010-03-31,2025.75,1008.81,2281.0,1490.32,1938.57,2321.19,2289.15
2010-04-01,2017.61,1017.52,2306.36,1528.15,1969.33,2331.46,2335.29
2010-04-05,2016.0,1029.54,2320.92,1575.88,2014.57,2345.93,2410.88
2010-04-06,2010.89,1036.1,2289.55,1614.2,2021.78,2334.08,2434.72
2010-04-07,1985.31,1010.13,2277.73,1627.05,1995.17,2323.91,2423.94
2010-04-08,1989.59,1011.7,2282.7,1595.05,2009.11,2338.64,2436.18
2010-04-09,2074.29,1041.58,2305.8,1655.32,2092.45,2354.39,2568.21
2010-04-12,2120.3,1042.76,2295.06,1730.88,2109.14,2359.49,2586.99
2010-04-13,2123.21,1044.7,2292.34,1708.15,2092.65,2356.19,2550.06
2010-04-14,2136.26,1058.58,2295.18,1690.05,2123.16,2353.51,2602.45
2010-04-15,2115.05,1060.67,2301.92,1694.31,2129.47,2345.43,2611.01
2010-04-16,2116.12,1027.36,2278.85,1627.55,2091.02,2318.67,2565.99
2010-04-19,2077.37,1012.24,2281.09,1615.7,2075.89,2329.23,2550.18
2010-04-20,2159.88,1034.55,2311.68,1650.0,2135.94,2361.88,2634.81
2010-04-21,2174.2,1025.64,2325.63,1673.51,2141.6,2369.05,2645.2
2010-04-22,2205.29,1029.48,2324.02,1642.51,2133.37,2367.36,2622.66
2010-04-23,2231.05,1056.71,2311.87,1647.24,2161.42,2386.62,2661.65
2010-04-26,2218.89,1074.33,2308.8,1686.21,2160.43,2390.62,2657.39
2010-04-27,2154.11,1057.67,2272.61,1645.89,2087.5,2336.43,2552.88
2010-04-28,2173.51,1069.65,2245.43,1629.05,2074.83,2327.71,2525.11
2010-04-29,2235.66,1069.85,2238.21,1617.65,2095.82,2311.08,2559.39
2010-04-30,2172.8,1038.5,2229.08,1614.9,2101.56,2289.91,2605.44
2010-05-03,2232.4,1068.6,2263.75,1665.96,2189.66,2331.47,2731.71
2010-05-04,2199.53,1026.95,2251.4,1611.03,2101.03,2276.93,2604.33
2010-05-05,2105.07,993.49,2198.8,1551.92,2014.61,2196.14,2483.09
2010-05-06,2046.28,915.81,2198.8,1551.92,1897.23,2043.47,2336.75
2010-05-07,2116.05,894.71,2078.33,1433.46,1851.73,2077.39,2253.74
2010-05-10,2116.05,962.09,2151.94,1559.8,1974.09,2163.88,2411.81
2010-05-11,2071.85,969.06,2181.43,1585.56,1973.88,2171.75,2407.15
2010-05-12,2114.73,999.8,2242.84,1645.87,2021.6,2240.66,2453.6
2010-05-13,2076.08,989.96,2235.03,1620.83,2017.32,2227.32,2454.68
2010-05-14,1964.72,955.22,2243.63,1590.24,1979.78,2239.55,2416.05
2010-05-17,1932.52,930.62,2245.93,1544.2,1951.84,2233.2,2371.41
2010-05-18,1958.62,917.12,2270.08,1521.06,1937.5,2250.6,2350.69
2010-05-19,1981.47,903.34,2175.98,1492.7,1897.68,2178.9,2298.04
2010-05-20,1911.2,855.8,2031.26,1393.28,1785.49,2036.82,2158.21
2010-05-21,1974.92,893.73,2089.19,1414.41,1838.93,2096.28,2221.64
2010-05-24,1930.63,873.49,2065.1,1373.07,1800.71,2082.8,2175.29
2010-05-25,1938.13,878.58,2075.13,1392.32,1795.67,2072.52,2158.49
2010-05-26,1979.83,894.66,2142.8,1454.39,1835.29,2154.93,2208.6
2010-05-27,2030.19,941.14,2211.43,1568.39,1938.71,2221.86,2359.35
2010-05-28,1976.95,913.95,2197.34,1527.22,1910.41,2206.13,2330.31
2010-06-01,1885.49,864.2,2136.16,1455.82,1850.97,2147.57,2272.83
2010-06-02,1948.35,900.56,2177.81,1515.51,1946.82,2199.27,2403.47
2010-06-03,1923.99,894.28,2202.52,1533.11,1956.53,2230.79,2416.45
2010-06-04,1830.03,852.85,2141.91,1484.65,1881.62,2182.33,2318.91
2010-06-07,1794.89,816.29,2117.54,1445.62,1826.69,2143.51,2244.53
2010-06-08,1812.56,804.44,2133.91,1415.86,1825.3,2160.61,2240.9
2010-06-09,1832.16,799.19,2167.3,1416.61,1840.65,2185.41,2258.48
2010-06-10,1895.65,838.96,2227.79,1503.13,1942.08,2229.53,2396.19
2010-06-11,1933.05,849.98,2247.27,1547.71,1992.93,2268.26,2473.84
2010-06-14,1931.39,839.15,2257.84,1554.47,2007.55,2278.32,2498.57
2010-06-15,2002.06,855.73,2276.44,1602.54,2071.46,2313.4,2576.94
2010-06-16,1978.51,850.16,2271.8,1602.34,2048.08,2296.53,2551.9
2010-06-17,1991.64,838.64,2299.86,1609.8,2036.05,2315.51,2530.75
2010-06-18,2012.33,848.33,2301.85,1617.93,2053.66,2327.6,2533.32
2010-06-21,2019.92,850.12,2315.18,1637.2,2068.85,2330.11,2554.07
2010-06-22,1948.2,829.73,2277.77,1598.06,1993.54,2305.4,2447.03
2010-06-23,1932.81,835.95,2283.4,1624.78,1989.9,2305.81,2444.0
2010-06-24,1934.8,820.27,2294.65,1565.14,1957.89,2320.13,2395.04
2010-06-25,1975.85,839.98,2355.77,1611.33,2009.16,2370.1,2458.43
2010-06-28,1953.17,840.24,2379.09,1648.47,2000.47,2400.76,2441.12
2010-06-29,1860.65,794.46,2307.58,1575.46,1889.94,2333.92,2292.9
2010-06-30,1817.97,790.58,2294.67,1522.48,1847.69,2324.06,2221.0
2010-07-01,1803.06,782.39,2255.45,1498.79,1810.91,2277.58,2176.44
2010-07-02,1814.66,786.44,2283.76,1513.44,1811.95,2303.15,2163.67
2010-07-07,1883.27,823.19,2357.46,1582.45,1879.92,2397.03,2243.96
2010-07-08,1911.89,833.25,2364.39,1634.61,1908.97,2400.31,2288.38
2010-07-09,1932.94,850.83,2387.05,1645.39,1930.65,2431.48,2311.13
2010-07-12,1910.74,835.25,2383.45,1589.04,1882.14,2429.82,2247.26
2010-07-13,1957.39,862.73,2423.56,1627.4,1914.0,2460.18,2279.18
2010-07-14,1997.19,877.13,2431.63,1620.83,1917.57,2465.5,2269.79
2010-07-15,2008.18,874.44,2464.44,1605.59,1923.39,2499.61,2278.22
2010-07-16,1951.51,861.57,2478.36,1547.65,1884.86,2500.44,2221.61
2010-07-19,1958.23,857.66,2522.36,1542.53,1885.79,2512.91,2217.66
2010-07-20,2020.76,888.08,2569.19,1583.81,1932.29,2560.46,2268.0
2010-07-21,1977.21,878.03,2592.03,1535.9,1938.59,2579.8,2294.0
2010-07-22,2031.6,901.14,2649.15,1598.49,2012.69,2612.63,2384.21
2010-07-23,2103.32,925.83,2674.11,1641.18,2044.77,2644.54,2419.9
2010-07-26,2164.23,927.09,2701.3,1677.92,2072.98,2656.54,2460.35
2010-07-27,2151.7,908.89,2679.0,1624.81,2041.26,2631.24,2412.62
2010-07-28,2073.87,911.79,2629.57,1622.21,2000.98,2606.55,2363.07
2010-07-29,2098.66,921.33,2613.26,1625.94,1997.1,2595.59,2353.29
2010-07-30,2080.33,921.59,2659.93,1610.73,1969.47,2633.36,2319.25
2010-08-02,2121.05,936.22,2717.99,1654.17,2001.02,2676.64,2358.07
2010-08-03,2053.68,923.92,2720.4,1681.98,1975.86,2693.51,2331.05
2010-08-05,2113.54,926.01,2695.05,1691.77,1962.87,2653.25,2298.74
2010-08-06,2103.6,919.61,2712.38,1674.2,1967.36,2668.37,2313.01
2010-08-09,2167.34,927.44,2710.94,1684.16,1971.94,2655.64,2304.54
2010-08-10,2128.02,910.85,2675.74,1657.68,1936.45,2639.49,2267.31
2010-08-11,2014.58,866.34,2606.12,1605.1,1865.92,2578.05,2189.49
2010-08-12,2016.55,857.57,2564.61,1594.99,1859.27,2510.53,2198.62
2010-08-13,2001.22,858.88,2628.66,1575.19,1857.34,2568.81,2184.91
2010-08-16,2003.96,861.72,2702.58,1596.35,1875.34,2626.51,2201.8
2010-08-17,2074.77,889.9,2660.57,1642.32,1914.67,2573.06,2253.33
2010-08-18,2079.19,888.76,2628.01,1653.25,1908.19,2568.17,2255.14
2010-08-19,2057.56,879.14,2613.81,1614.49,1873.03,2552.31,2197.35
2010-08-20,2068.89,879.28,2635.01,1613.38,1862.82,2558.56,2167.97
2010-08-23,2090.02,874.11,2588.73,1551.73,1827.92,2504.26,2108.7
2010-08-24,2053.32,849.22,2544.9,1463.1,1774.09,2459.82,2041.12
2010-08-25,2070.84,842.55,2524.68,1490.3,1770.58,2443.3,2034.64
2010-08-26,1939.32,833.29,2511.76,1517.6,1765.41,2441.44,2055.89
2010-08-27,1997.7,861.92,2570.48,1548.64,1800.35,2485.64,2073.54
2010-08-30,1964.58,848.61,2514.08,1539.22,1756.05,2458.74,2022.02
2010-08-31,1972.79,844.28,2546.31,1516.75,1763.93,2466.92,2033.15
2010-09-01,2048.6,882.0,2561.07,1590.89,1818.44,2503.78,2095.22
2010-09-02,2083.27,877.01,2542.36,1614.74,1833.75,2504.25,2131.95
2010-09-03,2084.06,889.32,2622.85,1647.45,1877.04,2562.41,2176.42
2010-09-07,2036.13,866.24,2583.74,1605.04,1826.25,2535.99,2108.46
2010-09-08,2054.99,883.05,2600.25,1574.84,1838.74,2535.54,2106.48
2010-09-09,2054.91,881.67,2609.37,1567.46,1838.63,2555.36,2110.88
2010-09-10,2048.36,871.14,2593.04,1573.09,1842.37,2549.09,2123.88
2010-09-13,2074.77,892.41,2595.75,1607.65,1878.41,2556.39,2169.94
2010-09-14,2073.35,880.17,2634.93,1608.97,1874.03,2577.98,2161.88
2010-09-15,2084.97,883.78,2604.34,1599.18,1889.05,2568.38,2184.22
2010-09-16,2065.15,873.96,2572.4,1588.94,1876.63,2534.56,2180.54
2010-09-17,2048.47,864.68,2558.57,1592.2,1872.44,2530.0,2185.29
2010-09-20,2074.94,874.46,2553.12,1630.38,1884.31,2508.15,2193.62
2010-09-21,2102.27,874.01,2517.51,1631.07,1884.09,2499.73,2198.01
2010-09-22,2033.06,867.71,2533.74,1627.23,1876.53,2504.17,2196.48
2010-09-23,1980.35,852.98,2505.2,1581.96,1834.93,2486.38,2141.1
2010-09-24,2036.0,876.96,2494.0,1627.67,1869.49,2473.48,2189.54
2010-09-27,2036.88,893.78,2472.56,1652.45,1882.69,2469.6,2216.59
2010-09-28,2040.16,903.6,2474.81,1670.2,1882.59,2465.95,2220.81
2010-09-29,2039.33,897.16,2499.43,1686.65,1872.33,2488.92,2211.62
2010-09-30,2034.09,899.78,2510.25,1689.48,1863.22,2512.98,2186.93
2010-10-01,2032.42,899.73,2534.53,1673.74,1854.78,2535.13,2164.52
2010-10-04,1998.93,882.41,2509.43,1653.02,1828.92,2519.94,2130.73
2010-10-05,2066.12,902.57,2541.03,1683.56,1861.18,2537.97,2154.7
2010-10-06,2050.38,907.54,2584.19,1704.3,1870.51,2587.96,2169.48
2010-10-07,2048.84,917.48,2601.91,1729.36,1883.13,2606.69,2185.29
2010-10-08,2048.82,919.96,2641.06,1748.15,1902.96,2635.48,2214.08
2010-10-11,2044.61,937.56,2673.48,1756.57,1905.68,2638.91,2210.41
2010-10-12,2034.08,939.19,2677.11,1763.92,1897.47,2643.95,2196.3
2010-10-13,2061.85,952.48,2709.76,1774.69,1918.82,2665.37,2215.63
2010-10-14,2044.51,942.34,2688.25,1773.48,1900.27,2648.71,2195.04
2010-10-15,2018.7,946.43,2661.9,1753.73,1896.13,2642.91,2194.48
2010-10-18,2034.84,951.22,2713.03,1779.83,1916.35,2660.84,2221.54
2010-10-19,1994.99,920.65,2686.29,1755.12,1910.56,2659.53,2239.58
2010-10-20,2026.07,933.78,2710.12,1782.01,1929.33,2664.36,2242.04
2010-10-21,2014.91,928.97,2669.46,1769.42,1918.8,2642.74,2236.81
2010-10-22,2031.0,944.38,2688.37,1784.62,1934.06,2662.36,2248.34
2010-10-25,2008.39,953.45,2696.28,1780.66,1929.2,2666.67,2242.69
2010-10-26,2021.28,948.39,2682.21,1755.89,1928.33,2657.51,2248.87
2010-10-27,1962.03,946.07,2660.1,1746.54,1921.07,2664.01,2253.82
2010-10-28,1945.43,945.19,2685.61,1749.63,1936.19,2680.78,2285.89
2010-10-29,1967.93,950.55,2712.93,1773.5,1957.64,2717.32,2309.61
2010-11-01,1953.82,947.78,2742.56,1782.73,1972.2,2756.6,2330.41
2010-11-02,1994.9,955.86,2787.75,1830.45,2009.48,2768.97,2373.96
2010-11-03,2002.92,954.04,2756.51,1846.48,2008.65,2758.74,2375.91
2010-11-04,2060.24,955.73,2803.39,1907.93,2041.37,2789.11,2415.84
2010-11-05,1902.47,977.57,2823.74,1924.73,2022.72,2835.17,2391.44
2010-11-08,1891.02,982.98,2812.81,1933.76,2010.01,2837.23,2386.97
2010-11-09,1859.38,968.95,2826.03,1913.52,1983.28,2850.61,2352.82
2010-11-10,1867.38,971.92,2825.13,1942.12,1993.56,2861.12,2374.61
2010-11-11,1869.36,980.15,2790.23,1941.03,1987.71,2841.76,2396.78
2010-11-12,1856.73,942.59,2791.9,1893.79,1967.99,2839.16,2371.09
2010-11-15,1873.97,947.52,2814.5,1912.08,1996.75,2859.95,2408.53
2010-11-16,1837.67,911.92,2768.51,1878.71,1961.58,2798.19,2370.05
2010-11-17,1814.51,912.17,2784.61,1891.34,1971.56,2830.25,2378.08
2010-11-18,1835.48,931.78,2799.4,1921.05,1999.35,2856.02,2407.38
2010-11-19,1846.52,921.51,2779.99,1953.29,2011.66,2860.09,2443.95
2010-11-22,1841.85,918.98,2836.97,1947.73,2019.14,2898.94,2441.61
2010-11-23,1818.45,898.56,2822.69,1932.86,1988.6,2894.33,2392.76
2010-11-24,1854.77,909.19,2855.09,1940.46,1999.8,2903.24,2384.95
2010-11-26,1855.32,900.65,2814.78,1903.92,1974.12,2888.89,2348.19
2010-11-29,1864.91,902.88,2839.6,1905.98,1975.37,2903.69,2344.5
2010-11-30,1824.02,914.01,2868.08,1931.08,1960.15,2898.86,2320.54
2010-12-02,1828.43,918.05,2883.87,1939.77,1958.35,2903.75,2309.01
2010-12-03,1932.01,944.36,2933.84,2041.72,1998.19,2906.07,2337.63
2010-12-06,1928.34,950.12,2940.91,2007.33,1997.1,2930.3,2343.56
2010-12-07,1943.49,925.2,2981.47,1998.54,1980.09,2946.37,2333.71
2010-12-08,1954.91,916.67,2956.32,1997.07,1976.69,2923.96,2324.91
2010-12-09,1959.16,922.93,2970.14,1997.86,1984.1,2922.38,2328.27
2010-12-10,1980.22,942.45,2967.21,2031.33,1995.14,2942.73,2336.14
2010-12-13,1975.98,930.96,2999.14,2014.37,1988.29,2927.29,2330.48
2010-12-14,2015.81,923.98,2995.46,1986.14,1978.25,2926.61,2300.55
2010-12-15,2006.29,911.4,2977.85,1961.42,1967.68,2910.97,2289.78
2010-12-16,2032.22,908.63,2922.7,1990.85,1978.93,2887.2,2310.46
2010-12-17,2038.55,902.77,2874.83,1964.0,1971.05,2852.7,2305.49
2010-12-20,2046.42,901.93,2951.1,1936.4,1982.11,2911.36,2308.75
2010-12-22,2098.11,920.5,2980.82,1967.69,2020.24,2940.12,2349.11
2010-12-23,2109.26,914.76,2965.49,1955.44,2006.89,2925.59,2339.96
2010-12-28,2129.38,888.42,2973.7,1912.19,1994.99,2927.6,2312.26
2010-12-30,2133.44,883.8,2986.68,1915.94,2012.06,2952.52,2333.5
2010-12-31,2122.94,895.61,2992.17,1917.52,2013.37,2953.06,2331.35
2011-01-03,2182.51,894.91,3004.87,1943.64,2031.89,2963.32,2355.67
2011-01-05,2170.97,909.79,2943.29,1920.01,2027.98,2919.73,2357.54
2011-01-06,2150.83,924.19,2951.15,1906.14,2057.44,2926.47,2415.74
2011-01-07,2139.08,926.63,2936.48,1985.16,2072.52,2931.03,2453.35
2011-01-10,2138.35,926.26,2938.76,1986.83,2068.7,2929.83,2437.87
2011-01-11,2141.68,927.01,2916.21,1988.77,2052.61,2926.03,2405.46
2011-01-12,2142.36,931.21,2930.87,1995.47,2051.61,2933.88,2398.13
2011-01-13,2162.37,925.83,2938.93,2000.89,2044.7,2938.41,2388.15
2011-01-14,2161.13,919.53,2947.48,1994.84,2040.54,2924.8,2376.35
2011-01-18,2176.57,919.69,2938.62,1979.44,2043.94,2925.92,2380.65
2011-01-19,2131.57,893.07,2826.74,1952.28,2009.94,2821.99,2359.97
2011-01-20,2147.66,872.49,2738.45,2047.15,1974.36,2742.21,2362.75
2011-01-21,2130.99,867.19,2763.16,2028.02,1947.01,2768.96,2301.66
2011-01-24,2133.63,862.2,2787.35,2035.06,1948.52,2802.99,2295.96
2011-01-25,2126.28,834.07,2787.67,1976.26,1936.51,2777.59,2286.83
2011-01-26,2154.13,854.81,2806.67,1977.69,1960.37,2813.83,2293.99
2011-01-27,2181.18,835.69,2905.87,1955.25,1971.18,2890.65,2311.09
2011-01-28,2136.44,840.46,3063.93,1946.36,2027.83,3003.42,2401.33
2011-01-31,2140.06,841.8,3139.13,1963.17,2037.01,3047.19,2371.81
2011-02-01,2191.62,854.79,3134.86,1985.45,2042.2,3042.44,2350.1
2011-02-02,2210.96,873.31,3097.63,1947.31,2041.38,3028.84,2356.31
2011-02-03,2208.98,879.82,3051.96,1955.16,2036.7,2989.53,2380.04
2011-02-04,2195.69,879.73,3001.99,1936.13,2021.94,2939.03,2368.38
2011-02-07,2204.05,868.77,3001.6,1961.61,2026.31,2914.65,2383.33
2011-02-08,2227.9,870.46,2969.32,1952.55,2033.68,2904.2,2390.88
2011-02-09,2225.9,863.71,2950.89,1906.5,2009.19,2888.1,2351.57
2011-02-10,2220.85,854.9,2956.49,1921.71,2012.73,2883.5,2361.22
2011-02-11,2267.09,865.1,2983.48,1964.23,2041.86,2910.43,2384.68
2011-02-14,2282.69,882.96,3024.92,1981.91,2070.16,2959.88,2425.22
2011-02-15,2247.41,888.25,3012.76,1972.4,2054.84,2955.19,2406.12
2011-02-16,2293.42,893.34,3052.17,1998.41,2082.28,2976.38,2442.29
2011-02-17,2313.28,899.32,3073.55,2025.31,2100.28,3002.81,2456.11
2011-02-18,2335.59,895.78,3049.15,2038.27,2093.72,2996.03,2435.5
2011-02-22,2260.34,863.62,2991.74,1986.84,2048.22,2955.24,2400.88
2011-02-23,2228.06,874.09,2977.2,1962.05,2054.01,2925.48,2417.93
2011-02-24,2196.83,884.84,2932.53,1970.72,2035.07,2907.85,2395.5
2011-02-25,2209.54,890.96,3016.16,2013.09,2055.86,2953.76,2419.61
2011-02-28,2239.9,894.18,3033.82,2021.66,2062.89,2980.3,2408.1
2011-03-01,2185.2,884.74,3035.88,1998.79,2036.44,2992.99,2374.66
2011-03-02,2177.44,885.48,3057.98,2016.81,2050.04,3002.75,2399.33
2011-03-03,2245.74,891.25,3073.71,2041.7,2071.79,3019.87,2409.57
2011-03-04,2230.17,889.24,3073.93,2049.13,2071.08,3019.47,2416.53
2011-03-07,2192.95,873.57,3053.4,2060.75,2057.99,3011.19,2408.98
2011-03-08,2250.54,872.93,3036.21,2076.92,2066.69,2990.03,2405.62
2011-03-09,2283.59,868.98,2949.57,2028.57,2057.89,2927.26,2409.57
2011-03-10,2254.06,860.59,2895.59,1936.9,2011.85,2874.06,2349.01
2011-03-11,2266.18,866.71,2947.68,1945.62,2035.62,2896.22,2392.04
2011-03-14,2231.0,863.45,3043.64,1937.77,2046.65,2941.82,2400.5
2011-03-15,2165.7,836.96,3152.58,1896.4,2034.98,3005.82,2370.69
2011-03-16,2171.48,825.31,3135.32,1883.89,2042.53,2994.42,2366.64
2011-03-17,2227.17,828.83,3261.3,1910.63,2071.79,3043.81,2349.15
2011-03-18,2174.46,830.16,3232.55,1921.64,2080.2,3067.99,2378.01
2011-03-21,2215.09,847.92,3353.1,1990.5,2116.79,3174.47,2396.79
2011-03-22,2215.2,853.66,3357.49,1991.72,2129.89,3165.07,2425.81
2011-03-23,2238.98,858.84,3340.02,1992.92,2131.18,3167.9,2419.39
2011-03-25,2394.04,882.84,3342.0,2013.97,2176.1,3158.91,2458.17
2011-03-28,2394.72,879.86,3324.11,1997.98,2160.58,3140.21,2425.56
2011-03-29,2445.71,875.33,3293.42,2024.24,2172.4,3140.28,2448.2
2011-03-30,2521.06,876.01,3293.78,2048.98,2196.45,3132.9,2467.54
2011-03-31,2509.11,883.84,3392.65,2040.39,2212.54,3187.91,2470.97
2011-04-01,2792.09,890.83,3374.8,2038.46,2265.21,3164.43,2461.69
2011-04-04,2949.3,899.6,3461.13,2042.41,2312.88,3157.61,2446.68
2011-04-05,2895.74,896.42,3311.54,2038.04,2290.46,3070.56,2452.08
2011-04-06,2879.63,907.7,3316.38,2035.52,2280.58,3051.78,2436.84
2011-04-07,2821.67,906.74,3313.54,2031.64,2263.07,3062.44,2433.21
2011-04-08,2822.97,895.88,3259.3,2024.82,2236.8,3034.01,2401.05
2011-04-11,2838.42,877.5,3238.42,1991.99,2170.46,2858.49,2360.65
2011-04-12,2783.89,860.09,3107.02,1961.7,2132.44,2914.51,2307.47
2011-04-13,2809.44,866.04,3122.1,1959.98,2138.96,2936.56,2297.36
2011-04-14,2814.23,863.43,3102.17,1955.87,2134.01,2926.21,2292.07
2011-04-15,2796.04,864.97,3099.51,1973.19,2189.49,2901.2,2277.89
2011-04-18,2748.44,849.59,3033.05,1948.19,2153.69,2899.81,2244.41
2011-04-19,2748.5,846.43,3078.98,1922.62,2157.8,2915.35,2238.92
2011-04-20,2796.72,853.1,3258.81,1938.94,2214.9,2958.58,2273.75
2011-04-21,2809.11,859.19,3278.03,1938.09,2233.01,3004.85,2279.45
2011-04-25,2800.45,867.88,3278.88,1923.39,2233.55,2990.52,2275.87
2011-04-26,2784.4,874.47,3342.55,1950.5,2234.53,3008.76,2291.55
2011-04-28,2822.37,872.06,3367.69,1918.08,2233.26,3029.13,2272.29
2011-04-29,2804.24,876.3,3365.85,1920.12,2238.75,3014.66,2281.95
2011-05-02,2791.37,872.59,3337.27,1907.73,2224.35,3023.65,2268.1
2011-05-03,2732.02,858.72,3233.66,1903.95,2203.2,2981.02,2260.8
2011-05-04,2603.83,831.48,3083.22,1887.44,2132.2,2853.6,2228.76
2011-05-05,2543.94,828.91,2998.15,1878.19,2096.5,2738.19,2218.09
2011-05-06,2531.93,835.45,3007.08,1880.71,2101.25,2769.14,2239.64
2011-05-09,2530.16,838.29,3091.61,1938.99,2133.82,2823.53,2284.39
2011-05-10,2530.71,853.8,3119.93,1964.31,2160.1,2865.02,2315.62
2011-05-11,2487.94,839.25,3038.85,1937.97,2117.34,2836.25,2276.86
2011-05-12,2506.39,840.22,3023.97,1946.83,2111.23,2830.4,2255.06
2011-05-13,2493.17,832.66,3014.56,1920.39,2097.14,2837.04,2242.87
2011-05-16,2459.53,825.02,3009.59,1885.42,2074.37,2779.97,2200.42
2011-05-17,2431.28,810.51,2929.74,1887.31,2047.95,2717.48,2172.39
2011-05-18,2494.13,816.03,3056.17,1943.0,2097.04,2781.61,2198.17
2011-05-20,2535.35,819.55,3078.72,1935.49,2123.09,2805.37,2206.34
2011-05-23,2511.98,811.6,3031.04,1899.07,2098.56,2773.98,2173.42
2011-05-24,2564.51,809.26,3059.39,1801.84,2086.46,2775.25,2119.73
2011-05-25,2642.61,812.5,3115.72,1748.98,2112.43,2773.82,2116.79
2011-05-26,2600.41,803.76,3143.47,1754.33,2115.59,2797.36,2129.07
2011-05-27,2582.41,809.23,3187.18,1773.48,2134.14,2814.39,2159.78
2011-05-31,2574.59,828.69,3199.5,1827.12,2158.05,2845.65,2195.72
2011-06-01,2510.83,807.63,3273.17,1795.44,2131.59,2864.93,2161.78
2011-06-02,2472.33,808.08,3225.04,1784.39,2120.3,2807.66,2154.33
2011-06-03,2459.33,804.95,3197.44,1780.01,2094.52,2782.63,2108.8
2011-06-06,2407.08,770.31,3129.22,1749.95,2056.62,2763.99,2104.77
2011-06-07,2425.08,756.26,3187.07,1742.01,2086.66,2784.13,2120.42
2011-06-08,2395.95,737.11,3121.76,1672.66,2051.51,2771.53,2078.07
2011-06-09,2405.55,747.2,3152.84,1668.41,2071.01,2832.75,2099.65
2011-06-10,2374.26,754.6,3133.47,1655.59,2059.74,2819.37,2091.8
2011-06-13,2388.29,748.57,3066.82,1654.16,2045.53,2761.08,2097.67
2011-06-14,2412.1,772.0,3115.46,1707.57,2071.97,2778.85,2112.03
2011-06-15,2412.52,766.32,3082.54,1693.52,2052.8,2767.22,2094.22
2011-06-16,2393.03,765.83,3061.82,1740.41,2054.06,2741.44,2107.68
2011-06-17,2384.07,763.28,3094.33,1737.98,2054.75,2735.71,2102.81
2011-06-20,2414.24,769.63,3135.76,1734.91,2075.45,2780.15,2109.39
2011-06-21,2464.44,784.49,3217.33,1750.64,2112.89,2831.19,2129.3
2011-06-22,2488.93,791.66,3276.42,1731.5,2127.69,2857.93,2117.23
2011-06-23,2448.52,781.21,3260.95,1706.59,2101.98,2843.93,2072.19
2011-06-24,2432.87,773.33,3247.34,1723.88,2089.56,2873.06,2048.43
2011-06-27,2456.83,775.46,3290.88,1739.79,2105.5,2887.03,2048.91
2011-06-28,2470.99,779.55,3337.35,1747.42,2121.15,2904.77,2042.33
2011-06-29,2497.42,787.75,3423.59,1767.42,2157.57,2940.23,2076.94
2011-06-30,2523.18,792.45,3410.86,1784.52,2168.3,2931.82,2086.78
2011-07-01,1206.81,799.0,3490.53,1807.01,2003.82,2957.0,2103.4
2011-07-05,1194.41,781.34,3530.14,1779.09,2002.53,2963.81,2092.11
2011-07-06,1215.95,,,,,,
2011-07-07,1242.44,814.53,3589.7,1799.8,2046.21,2989.67,2098.18
2011-07-08,1237.76,804.98,3651.5,1798.72,2045.92,2977.47,2079.0
2011-07-11,1208.9,783.02,3632.71,1746.91,2027.46,2962.99,2042.79
2011-07-12,1172.88,766.27,3553.7,1749.67,1975.47,2957.12,2023.73
2011-07-13,1198.67,780.25,3568.04,1757.21,2020.66,2948.88,2052.67
2011-07-14,1188.65,774.45,3554.08,1730.18,2003.32,2923.09,2028.72
2011-07-15,1177.53,776.3,3578.78,1735.1,2015.4,2939.09,2051.17
2011-07-18,1157.75,760.04,3538.4,1699.83,1987.13,2906.21,2016.39
2011-07-19,1196.88,761.31,3614.84,1708.56,2014.28,2916.34,2011.92
2011-07-20,1211.24,758.49,3607.27,1708.14,2014.9,2916.76,2001.05
2011-07-21,1217.18,753.81,3631.75,1715.75,2025.49,2937.53,2012.48
2011-07-22,1215.57,728.1,3648.98,1713.25,2027.36,2947.82,2013.76
2011-07-25,1210.74,709.64,3639.07,1675.03,2013.22,2935.94,1967.9
2011-07-26,1208.92,726.43,3604.03,1652.31,2005.89,2921.7,1956.38
2011-07-27,1162.75,729.86,3486.6,1605.68,1945.67,2847.59,1910.44
2011-07-28,1149.2,731.29,3524.38,1611.19,1950.18,2851.92,1906.17
2011-08-01,1135.35,716.75,3556.49,1611.42,1960.45,2883.02,1901.17
2011-08-02,1102.96,690.46,3469.42,1510.77,1900.2,2854.7,1830.27
2011-08-03,1083.63,671.47,3430.92,1461.99,1875.16,2757.47,1787.69
2011-08-04,1006.71,619.19,3170.52,1351.86,1751.17,2577.53,1686.02
2011-08-05,1038.77,589.97,3017.65,1300.3,1703.18,2522.69,1682.73
2011-08-08,983.7,524.07,2738.12,1197.53,1535.88,2327.17,1502.72
2011-08-09,1054.07,594.88,2906.02,1315.13,1654.91,2475.07,1602.08
2011-08-10,1015.59,604.01,2921.53,1281.14,1623.17,2493.24,1541.74
2011-08-11,1039.42,647.31,3163.79,1353.09,1745.53,2617.06,1650.86
2011-08-15,1108.24,684.56,3214.67,1456.46,1794.63,2704.17,1679.61
2011-08-16,1085.1,671.28,3159.7,1380.34,1756.94,2688.38,1668.27
2011-08-17,1085.51,699.64,3168.88,1401.3,1773.9,2691.73,1690.06
2011-08-18,1040.48,654.06,3015.07,1323.2,1684.39,2625.06,1623.93
2011-08-19,1013.47,640.09,2950.49,1308.73,1662.13,2584.37,1620.85
2011-08-22,1019.2,637.09,2922.75,1326.55,1658.08,2541.04,1621.17
2011-08-23,1027.97,662.32,3017.32,1403.34,1708.92,2571.38,1658.19
2011-08-24,1038.42,664.82,3004.66,1430.67,1715.3,2559.42,1665.82
2011-08-25,1030.43,658.95,2982.37,1426.55,1692.24,2515.46,1635.35
2011-08-26,1062.39,669.57,2949.49,1453.17,1703.14,2528.75,1671.86
2011-08-29,1121.53,699.35,3065.52,1545.47,1774.63,2596.43,1761.94
2011-08-30,1130.9,703.91,3147.3,1553.19,1810.98,2632.12,1826.61
2011-08-31,1126.05,699.97,3155.67,1534.47,1809.09,2657.93,1818.71
2011-09-01,1118.25,701.07,3118.02,1504.3,1785.93,2626.29,1770.86
2011-09-02,1083.91,672.28,3069.7,1464.29,1747.25,2599.4,1745.24
2011-09-06,1057.73,654.86,3000.09,1444.82,1726.19,2550.06,1741.17
2011-09-07,1072.89,672.39,3107.87,1403.77,1776.4,2619.95,1797.42
2011-09-08,1051.36,666.64,3129.56,1359.67,1767.2,2610.74,1765.38
2011-09-09,1035.13,659.09,3037.3,1334.33,1737.23,2588.56,1749.07
2011-09-12,1028.13,662.39,3021.8,1340.73,1731.15,2584.74,1756.38
2011-09-13,1048.98,693.2,3068.56,1390.27,1766.74,2605.87,1789.16
2011-09-14,1054.46,697.22,3105.57,1410.09,1775.05,2630.61,1801.82
2011-09-15,1053.01,693.81,3171.47,1423.58,1803.51,2663.91,1842.31
2011-09-16,1044.84,674.19,3111.14,1413.85,1772.65,2614.39,1803.67
2011-09-19,1029.78,661.89,3187.25,1375.2,1783.89,2663.02,1801.61
2011-09-20,1017.32,663.65,3272.3,1351.88,1815.08,2663.89,1792.26
2011-09-21,986.45,645.42,3192.68,1328.73,1772.63,2581.17,1714.81
2011-09-22,940.8,,,,,,
2011-09-23,967.07,657.13,3021.0,1312.4,1711.89,2516.24,1663.1
2011-09-26,972.17,646.17,3057.68,1379.47,1721.02,2522.77,1666.35
2011-09-27,974.14,653.49,3135.44,1412.48,1763.1,2583.92,1699.6
2011-09-28,953.28,629.91,3027.94,1315.03,1696.46,2505.53,1620.96
2011-09-29,955.89,640.88,3042.58,1358.86,1709.21,2507.22,1623.4
2011-09-30,921.33,619.58,3002.54,1311.8,1667.19,2474.47,1566.76
2011-10-03,863.59,575.15,2853.01,1218.5,1589.73,2377.57,1495.58
2011-10-04,869.39,587.31,2870.87,1276.85,1626.48,2369.29,1530.72
2011-10-05,866.65,605.62,2905.65,1266.67,1626.15,2352.77,1500.24
2011-10-06,897.18,632.73,3021.46,1284.37,1672.21,2426.8,1512.02
2011-10-07,872.69,618.11,3007.55,1212.71,1654.33,2427.04,1503.77
2011-10-10,892.05,661.15,3134.1,1298.96,1740.19,2496.67,1570.19
2011-10-11,934.47,695.45,3177.48,1345.25,1779.52,2540.64,1611.99
2011-10-12,952.15,715.23,3232.67,1365.44,1808.34,2568.37,1670.24
2011-10-13,968.05,721.36,3248.54,1391.92,1807.87,2603.53,1667.05
2011-10-14,986.05,748.69,3333.67,1397.82,1847.94,2630.46,1714.7
2011-10-17,990.08,716.65,3294.49,1326.66,1813.97,2589.71,1683.0
2011-10-18,1021.03,732.53,3374.48,1391.72,1877.7,2643.12,1745.08
2011-10-19,1009.48,,,,,,
2011-10-20,1007.3,,,,,,
2011-10-21,1034.44,,,,,,
2011-10-24,1042.92,730.71,3555.45,1411.03,1949.82,2685.95,1756.88
2011-10-25,1026.97,712.84,3490.97,1347.45,1903.89,2657.47,1721.95
2011-10-26,1039.5,721.26,3534.38,1372.52,1936.69,2701.76,1761.16
2011-10-27,1059.14,743.01,3663.81,1414.69,2001.4,2751.94,1804.89
2011-10-28,1058.96,750.0,3691.88,1437.58,2017.92,2781.29,1809.27
2011-10-31,1027.18,724.67,3618.0,1381.01,1959.09,2706.59,1749.09
2011-11-01,1000.59,720.08,3534.86,1346.41,1927.76,2655.3,1717.75
2011-11-02,979.5,734.66,3581.77,1367.97,1953.63,2677.24,1737.05
2011-11-03,971.61,744.42,3576.83,1399.1,1967.83,2610.37,1761.83
2011-11-04,984.25,688.96,3554.53,1401.94,1956.39,2610.41,1784.49
2011-11-07,998.86,665.32,3517.83,1392.77,1947.03,2631.09,1801.52
2011-11-08,983.33,675.57,3546.74,1428.67,1969.67,2632.74,1843.04
2011-11-09,938.04,639.7,3373.87,1392.13,1882.92,2558.7,1794.75
2011-11-10,940.75,656.07,3382.62,1399.7,1895.25,2570.26,1819.68
2011-11-11,945.74,666.41,3539.54,1448.27,1956.51,2601.27,1866.83
2011-11-14,939.08,660.13,3660.38,1454.51,2000.14,2625.01,1861.37
2011-11-15,946.66,660.38,3702.28,1449.78,2038.98,2645.14,1891.66
2011-11-16,927.49,663.31,3643.38,1404.94,2023.13,2626.48,1898.01
2011-11-17,913.86,654.31,3631.83,1385.0,2016.74,2617.22,1908.85
2011-11-18,915.48,,,,,,
2011-11-21,899.8,,,,,,
2011-11-22,889.98,617.7,3561.01,1101.96,1960.05,2584.82,1826.35
2011-11-23,885.27,593.11,3413.01,1072.67,1933.46,2535.14,1847.77
2011-11-25,871.0,587.31,3389.29,1042.56,1945.5,2567.67,1862.61
2011-11-28,881.19,606.14,3517.83,1116.62,2024.01,2620.65,1928.18
2011-11-29,875.2,598.65,3554.26,1032.13,2030.33,2629.68,1929.81
2011-11-30,875.05,,,,,,
2011-12-01,855.61,612.97,3654.79,1069.04,2089.25,2659.66,1930.43
2011-12-02,862.64,639.36,3733.8,1109.56,2120.65,2718.48,1948.92
2011-12-05,880.57,650.66,3746.4,1178.07,2142.36,2717.39,1980.17
2011-12-06,912.11,650.07,3756.5,1223.3,2138.46,2715.89,1959.83
2011-12-07,913.49,643.57,3746.8,1198.01,2109.65,2700.06,1913.42
2011-12-08,896.73,637.59,3629.69,1161.35,2055.84,2654.91,1871.46
2011-12-09,914.57,,,,,,
2011-12-12,921.94,652.66,3704.84,1091.56,2078.45,2655.28,1841.85
2011-12-13,979.98,641.91,3632.84,1067.15,2059.3,2643.38,1830.42
2011-12-14,1002.74,634.43,3567.95,1044.46,2025.53,2614.81,1799.47
2011-12-15,1036.88,,,,,,
2011-12-16,1051.83,631.88,3703.32,1023.19,2085.54,2670.55,1815.3
2011-12-19,1039.5,616.76,3650.77,949.63,2056.98,2666.16,1777.19
2011-12-20,1066.67,627.52,3765.38,995.81,2128.73,2676.61,1819.26
2011-12-21,1064.49,643.34,3807.1,988.27,2146.17,2689.59,1807.19
2011-12-23,1093.55,641.24,3844.59,1002.52,2167.6,2718.36,1840.14
2011-12-27,1091.78,637.66,3810.91,999.9,2155.95,2714.23,1839.38
2011-12-28,1089.33,637.4,3744.1,981.34,2131.64,2700.57,1832.21
2011-12-29,1085.67,644.66,3776.33,986.69,2152.13,2694.74,1858.4
2011-12-30,1095.66,643.5,3795.96,991.59,2165.3,2705.2,1862.93
2012-01-03,1112.58,661.81,3810.14,1030.58,2185.2,2755.12,1888.57
2012-01-04,1116.48,665.06,3845.4,1025.28,2170.74,2805.82,1852.33
2012-01-05,1125.66,,,,,,
2012-01-06,1113.51,674.44,3905.78,1034.52,2188.74,2815.26,1828.13
2012-01-09,1116.61,684.4,3975.75,1042.95,2228.71,2837.44,1847.13
2012-01-10,1131.37,,,,,,
2012-01-11,1137.19,,,,,,
2012-01-12,1124.04,701.87,3875.71,1091.33,2183.99,2845.72,1859.25
2012-01-13,1122.73,690.57,3760.13,1074.14,2142.55,2841.89,1857.13
2012-01-17,1155.07,700.04,3740.96,1089.13,2136.31,2846.37,1864.47
2012-01-18,1193.08,704.31,3636.39,1121.99,2111.66,2849.85,1896.84
2012-01-19,1214.68,,,,,,
2012-01-20,1229.38,697.54,3778.63,1147.27,2154.79,2909.06,1886.12
2012-01-23,1221.38,699.74,3792.69,1149.41,2160.27,2958.57,1907.03
2012-01-24,1216.57,701.8,3786.14,1150.5,2156.88,2953.54,1897.66
2012-01-25,1220.7,703.86,3833.89,1152.64,2182.66,2989.58,1922.97
2012-01-26,1218.98,706.25,3822.83,1165.2,2191.07,3025.13,1938.34
2012-01-27,1193.12,712.56,3829.19,1171.31,2187.42,3020.25,1934.68
2012-01-30,1184.45,705.67,3786.51,1170.24,2170.76,2982.48,1931.49
2012-01-31,1165.68,703.83,3783.21,1150.89,2158.1,2984.18,1921.81
2012-02-01,1168.18,705.87,3797.65,1165.29,2164.4,2985.62,1912.16
2012-02-02,1198.26,707.09,3773.79,1177.3,2156.07,2968.91,1890.24
2012-02-03,1200.61,724.97,3808.49,1207.1,2176.46,2994.94,1912.49
2012-02-06,1243.91,752.03,3843.46,1220.08,2193.03,3019.64,1924.88
2012-02-07,1241.43,706.6,3833.29,1198.71,2149.07,3007.03,1906.65
2012-02-08,1226.61,712.92,3825.28,1213.29,2152.18,2999.43,1902.85
2012-02-09,1214.27,721.99,3889.71,1196.42,2163.81,3007.6,1908.43
2012-02-10,1185.3,703.3,3929.5,1159.39,2158.34,3008.05,1880.89
2012-02-13,1179.65,735.61,3968.03,1199.14,2205.6,3043.21,1909.86
2012-02-14,1178.69,747.19,4092.31,1210.81,2242.03,3055.94,1937.88
2012-02-15,1160.97,705.57,4115.86,1199.4,2231.65,3081.84,1931.47
2012-02-16,1174.17,729.25,4178.64,1224.63,2289.53,3129.47,1965.53
2012-02-17,1158.52,731.1,4178.86,1270.61,2284.61,3139.31,1953.08
2012-02-21,1147.76,707.69,4076.66,1297.36,2236.54,3115.42,1928.85
2012-02-22,1173.11,704.95,3982.56,1261.76,2201.24,3098.6,1925.06
2012-02-23,1229.0,705.1,4064.05,1259.59,2233.28,3148.3,1952.55
2012-02-24,1228.1,699.57,4110.41,1280.13,2258.55,3192.42,1963.47
2012-02-27,1240.24,704.36,4152.18,1289.44,2285.35,3220.12,1982.79
2012-02-28,1216.35,692.96,4011.19,1278.81,2227.99,3176.32,1965.96
2012-02-29,1235.12,693.4,3981.7,1288.9,2219.31,3157.22,1995.25
2012-03-01,1306.86,709.4,4062.76,1299.94,2262.7,3217.96,2020.19
2012-03-02,1355.04,707.22,4045.34,1273.96,2259.36,3223.21,2006.18
2012-03-05,1353.99,691.68,4012.63,1272.26,2241.77,3210.8,1986.35
2012-03-06,1302.88,674.81,3857.6,1253.54,2177.76,3142.33,1945.82
2012-03-07,1343.78,682.78,3912.24,1254.54,2204.13,3163.09,1963.97
2012-03-08,1351.63,690.34,3925.93,1248.43,2209.39,3169.68,1964.08
2012-03-09,1339.94,688.42,3968.65,1278.96,2223.71,3201.3,1987.25
2012-03-12,1323.58,678.38,3881.16,1310.15,2197.65,3169.37,1984.83
2012-03-13,1326.62,675.19,3878.69,1329.77,2207.0,3155.42,2028.52
2012-03-14,1321.86,674.48,3820.72,1289.47,2183.39,3126.08,2022.14
2012-03-15,1343.16,695.93,3844.63,1332.44,2212.33,3116.69,2078.54
2012-03-16,1355.55,711.82,3848.82,1446.21,2240.62,3145.04,2164.24
2012-03-20,1275.21,702.49,3850.6,1405.68,2190.8,3172.99,2107.74
2012-03-21,1301.09,714.15,3822.34,1423.28,2217.45,3151.63,2162.52
2012-03-22,1232.79,701.89,3763.8,1387.31,,3133.55,2130.14
2012-03-23,1222.87,708.33,3774.34,1376.82,2185.13,3137.23,2150.13
2012-03-26,1209.11,709.92,3857.96,1382.4,2199.95,3151.0,2141.98
2012-03-27,1207.62,696.83,3800.44,1389.28,2192.24,3132.88,2149.0
2012-03-28,1213.47,702.12,3773.13,1413.2,2202.79,3124.1,2201.54
2012-03-29,1212.94,705.11,3762.94,1405.95,2193.86,3105.71,2199.21
2012-03-30,1216.36,717.67,3775.44,1401.64,2196.69,3126.23,2196.56
2012-04-02,1217.47,715.98,3840.86,1397.73,2205.59,3137.15,2186.06
2012-04-03,1223.85,710.35,3884.05,1387.23,2238.12,3148.6,2229.6
2012-04-04,1220.12,716.53,3883.13,1389.58,2265.01,3151.24,2260.65
2012-04-05,1200.41,691.7,3868.63,1360.52,2244.53,3146.25,2236.98
2012-04-09,1190.74,670.03,3818.71,1301.94,2224.96,3115.24,2227.24
2012-04-10,1141.23,633.62,3682.64,1212.17,2149.52,3052.84,2153.75
2012-04-12,1192.9,656.08,3696.52,1214.08,2175.61,3081.98,2227.3
2012-04-13,1182.42,642.96,3682.1,1211.19,2150.22,3086.77,2212.61
2012-04-16,1171.39,647.67,3702.25,1230.79,2166.06,3126.46,2223.33
2012-04-17,1165.29,659.05,3730.13,1246.79,2190.46,3139.83,2251.57
2012-04-18,1155.51,644.59,3773.68,1200.41,2172.83,3128.31,2184.88
2012-04-19,1177.9,645.91,3710.64,1202.6,2174.87,3096.31,2191.73
2012-04-20,1206.06,653.07,3732.38,1199.11,2182.59,3103.92,2213.55
2012-04-23,1208.19,647.29,3695.77,1183.74,2163.75,3082.27,2200.4
2012-04-24,1207.35,652.92,3717.19,1212.38,2179.8,3108.53,2223.14
2012-04-25,1212.98,657.9,3779.6,1234.13,2204.38,3131.93,2237.94
2012-04-26,1222.92,665.28,3771.66,1243.19,2220.06,3143.69,2265.9
2012-04-27,1216.65,670.52,3748.04,1251.56,2207.59,3143.52,2260.63
2012-04-30,1205.41,676.38,3784.19,1244.84,2216.39,3184.74,2267.31
2012-05-01,1216.49,708.28,3803.3,1219.26,2224.85,3192.53,2270.11
2012-05-02,1231.18,708.87,3776.25,1217.63,2220.6,3162.62,2268.69
2012-05-03,1204.44,684.93,3678.26,1179.93,2162.71,3120.32,2209.89
2012-05-04,1215.83,694.67,3637.51,1147.71,2135.89,3095.38,2164.01
2012-05-07,1224.56,692.27,3603.67,1142.05,2113.33,3071.27,2131.82
2012-05-08,1227.55,675.05,3561.95,1171.64,2100.22,3054.77,2141.15
2012-05-09,1226.76,653.38,3516.16,1156.17,2071.54,3024.03,2116.2
2012-05-10,1252.65,651.51,3523.43,1180.34,2087.16,3047.81,2145.05
2012-05-14,1204.11,637.64,3560.13,1155.91,2082.14,3030.55,2069.37
2012-05-15,1184.42,632.4,3534.59,1161.73,2077.05,3033.87,2070.22
2012-05-16,1163.69,619.35,3542.58,1158.1,2066.47,3013.72,2033.79
2012-05-17,1104.54,593.29,3459.18,1162.81,2016.3,2944.21,1959.38
2012-05-18,1087.97,567.63,3347.03,1128.55,1954.34,2809.9,1888.71
2012-05-21,1138.26,600.24,3466.83,1182.62,2025.28,2894.99,1955.27
2012-05-22,1134.03,615.41,3521.39,1207.66,2040.1,2942.54,1951.89
2012-05-23,1135.61,623.55,3495.94,1226.99,2043.12,2932.61,1958.99
2012-05-24,1160.73,625.68,3486.01,1319.4,2043.36,2922.38,1961.1
2012-05-25,1183.59,675.35,3566.87,1419.93,2079.81,2973.78,1985.68
2012-05-29,1183.59,675.35,3566.87,1419.93,2079.81,2973.78,1985.68
2012-05-30,1155.5,665.14,3467.45,1356.89,2023.22,2903.92,1908.19
2012-05-31,1155.57,642.51,3484.49,1369.51,2015.54,2872.6,1890.31
2012-06-01,1121.17,634.25,3390.61,1347.49,1927.08,2812.26,1836.58
2012-06-04,1117.49,621.41,3284.86,1297.83,1924.18,2741.14,1806.95
2012-06-05,1117.74,635.05,3345.82,1369.78,1959.87,2776.74,1847.8
2012-06-06,1139.73,653.29,3444.73,1413.46,2017.0,2819.72,1900.87
2012-06-07,1136.98,641.87,3414.0,1420.26,2006.02,2785.75,1901.55
2012-06-08,1156.86,644.18,3417.2,1404.59,2012.67,2797.93,1910.26
2012-06-11,1158.18,633.5,3349.46,1352.36,1970.68,2770.56,1863.03
2012-06-12,1142.3,634.07,3360.67,1379.03,1977.53,2768.09,1873.55
2012-06-13,1124.8,624.99,3385.8,1344.99,1971.33,2772.68,1840.22
2012-06-14,1119.49,630.66,3362.51,1328.78,1978.19,2767.94,1860.68
2012-06-15,1136.59,642.25,3362.64,1343.2,1979.29,2769.21,1857.23
2012-06-18,1124.0,628.45,3344.21,1322.12,1961.45,2749.13,1865.39
2012-06-20,1195.51,635.33,3449.76,1354.04,2031.89,2825.31,1933.11
2012-06-21,1184.56,636.14,3367.94,1294.05,1985.96,2776.12,1897.44
2012-06-22,1212.2,640.74,3378.34,1315.41,1995.96,2783.26,1909.29
2012-06-25,1204.08,622.47,3328.43,1267.38,1960.83,2753.68,1872.23
2012-06-26,1218.55,622.06,3331.36,1279.83,1966.24,2764.29,1866.92
2012-06-27,1221.11,631.56,3484.34,1320.35,1998.82,2813.57,1908.61
2012-06-28,1219.02,630.83,3593.57,1347.39,2051.8,2867.35,1936.02
2012-06-29,1225.55,651.34,3684.2,1370.8,2113.56,2927.06,1984.67
2012-07-02,1224.87,651.04,3723.44,1383.63,2123.21,2946.95,1981.95
2012-07-03,1659.25,659.48,3501.75,1395.79,1976.33,2972.39,1988.33
2012-07-05,1627.97,664.36,3481.41,1386.99,1966.55,2988.38,1995.97
2012-07-06,1604.05,648.56,3567.3,1408.58,1984.65,3012.52,1992.27
2012-07-09,1560.48,636.95,3558.15,1388.56,1993.12,3012.27,1987.22
2012-07-10,1536.27,633.12,3527.82,1372.54,1987.2,3004.69,1980.86
2012-07-11,1518.33,629.13,3488.53,1378.32,1975.95,2991.54,1988.08
2012-07-12,1506.18,621.53,3503.13,1345.56,1981.27,2990.63,1978.16
2012-07-13,1501.36,629.1,3558.9,1365.12,2006.32,2997.21,1972.1
2012-07-16,1483.9,629.44,3528.58,1353.43,1992.01,2995.2,1950.43
2012-07-17,1467.33,632.64,3556.86,1363.11,2008.01,3002.58,1984.14
2012-07-18,1471.89,634.7,3575.15,1374.97,2026.91,3013.65,2007.73
2012-07-19,1468.43,650.13,3566.6,1359.06,2027.22,3011.34,2022.11
2012-07-20,1460.0,640.66,3574.68,1354.02,2023.65,3019.68,2027.59
2012-07-23,1423.56,628.12,3478.13,1328.86,1975.91,2928.59,1962.35
2012-07-25,1394.8,648.94,3418.28,1261.04,1947.05,2881.34,1947.71
2012-07-26,1418.32,660.48,3474.41,1275.25,1976.12,2918.17,1986.33
2012-07-27,1449.86,684.55,3508.65,1311.48,2021.44,2943.37,2079.56
2012-07-30,1444.01,686.04,3535.32,1300.82,2015.12,2947.14,2056.77
2012-07-31,1437.56,686.61,3526.68,1293.92,2017.57,2958.8,2062.42
2012-08-01,1440.88,701.23,3512.47,1274.96,2011.5,2972.51,2038.03
2012-08-02,1448.75,714.23,3483.73,1298.97,2002.71,2954.73,2031.11
2012-08-03,1480.12,713.55,3552.68,1336.5,2039.7,2959.82,2104.02
2012-08-06,1518.14,688.55,3605.5,1335.83,2058.64,2987.52,2115.05
2012-08-07,1529.1,667.83,3625.36,1357.22,2070.79,2995.99,2125.81
2012-08-08,1508.24,660.34,3622.57,1358.98,2067.05,2988.11,2123.87
2012-08-09,1515.18,668.93,3637.03,1374.29,2078.47,2995.6,2134.49
2012-08-10,1517.3,670.23,3640.25,1353.01,2065.49,3023.04,2095.75
2012-08-13,1514.03,667.36,3615.84,1344.78,2062.23,3026.82,2111.6
2012-08-14,1533.98,679.15,3619.66,1340.26,2079.75,3042.19,2143.59
2012-08-15,1546.23,684.25,3642.33,1343.77,2081.33,3041.48,2128.93
2012-08-17,1515.73,677.02,3631.26,1375.95,2075.56,3045.58,2116.53
2012-08-20,1488.79,681.87,3650.33,1422.86,2076.45,3049.4,2100.07
2012-08-22,1465.96,657.02,3617.83,1461.61,2061.2,3065.34,2093.44
2012-08-23,1456.21,655.4,3583.22,1423.72,2050.47,3059.35,2085.65
2012-08-24,1432.28,661.27,3663.29,1420.43,2078.33,3045.41,2095.94
2012-08-27,1425.56,658.36,3685.78,1412.1,2090.94,3028.48,2071.63
2012-08-28,1423.88,658.2,3638.72,1432.32,2085.48,3019.17,2083.17
2012-08-29,1411.59,664.82,3611.68,1436.52,2067.65,3003.07,2062.05
2012-08-30,1387.31,659.22,3549.59,1430.81,2037.27,2981.61,2035.74
2012-08-31,1398.18,671.47,3539.54,1448.39,2040.85,2990.72,2038.71
2012-09-04,1435.39,683.57,3565.1,1514.14,2064.91,2998.48,2070.77
2012-09-05,1451.2,691.5,3479.51,1501.53,2040.11,2914.16,2078.12
2012-09-06,1478.1,674.19,3479.93,1549.91,2046.93,2917.63,2106.35
2012-09-07,1487.77,678.95,3474.6,1565.85,2046.69,2927.95,2123.28
2012-09-10,1500.13,670.45,3455.14,1551.76,2044.15,2940.17,2120.59
2012-09-11,1504.4,672.13,3454.62,1559.36,2043.65,2953.91,2129.26
2012-09-12,1504.07,665.56,3416.67,1536.49,2016.16,2899.41,2104.05
2012-09-13,1503.92,668.1,3448.02,1574.02,2038.67,2909.72,2144.2
2012-09-14,1507.18,678.47,3551.03,1570.92,2080.8,2942.08,2164.94
2012-09-17,1480.26,666.04,3549.87,1549.13,2081.2,2955.25,2158.46
2012-09-18,1455.75,675.87,3527.35,1515.41,2071.7,2948.54,2126.22
2012-09-19,1457.34,683.08,3503.6,1491.8,2063.68,2945.56,2124.29
2012-09-20,1423.22,667.08,3461.09,1451.1,2025.91,2929.19,2089.04
2012-09-21,1404.75,668.69,3484.4,1400.0,2040.68,2941.05,2119.89
2012-09-24,1392.58,663.36,3469.44,1418.47,2039.3,2941.43,2116.99
2012-09-25,1386.11,644.8,3438.61,1399.4,2011.07,2917.97,2076.14
2012-09-26,1381.27,652.27,3398.92,1405.43,2003.63,2882.46,2065.88
2012-09-27,1402.13,659.46,3428.44,1416.64,2023.43,2886.04,2097.12
2012-10-01,1389.83,656.81,3430.41,1432.4,2068.87,2956.19,2121.15
2012-10-02,1407.44,664.14,3442.48,1350.34,2084.09,2970.64,2148.11
2012-10-03,1408.34,664.35,3417.5,1374.97,2068.57,2954.57,2121.05
2012-10-04,1418.94,676.63,3441.8,1383.1,2080.24,2954.61,2135.05
2012-10-05,1422.91,673.41,3444.89,1363.88,2083.9,2976.23,2152.69
2012-10-08,1419.41,666.08,3433.25,1350.94,2072.45,2960.11,2134.91
2012-10-09,1429.68,660.69,3404.23,1346.1,2058.2,2939.45,2119.02
2012-10-10,1428.29,651.01,3370.38,1370.27,2040.76,2918.83,2104.61
2012-10-11,1423.41,654.0,3383.03,1381.62,2047.38,2922.75,2119.87
2012-10-12,1428.62,652.99,3395.49,1355.36,2044.92,2938.07,2105.22
2012-10-15,1425.63,670.37,3393.0,1374.03,2049.45,2934.08,2103.5
2012-10-16,1385.93,676.6,3406.7,1371.23,2043.37,2930.12,2090.09
2012-10-17,1407.62,690.22,3453.76,1391.44,2073.13,2950.97,2119.44
2012-10-18,1397.71,693.04,3456.09,1385.54,2062.93,2937.88,2087.28
2012-10-19,1374.85,688.07,3421.57,1408.2,2045.16,2914.39,2057.51
2012-10-22,1358.27,695.84,3374.82,1401.91,2014.73,2847.8,2007.02
2012-10-23,1360.67,700.24,3349.85,1393.69,2007.82,2826.13,2033.39
2012-10-24,1362.54,699.93,3356.3,1398.39,2008.41,2799.03,2031.16
2012-10-25,1376.24,697.09,3364.76,1405.76,2018.62,2801.17,2054.28
2012-10-26,1356.7,694.1,3384.5,1438.24,2027.92,2832.71,2069.3
2012-10-31,1375.4,708.78,3359.71,1389.92,2024.77,2812.98,2080.43
2012-11-01,1408.36,718.17,3555.53,1424.43,2107.18,2873.72,2108.41
2012-11-02,1417.45,717.37,3539.19,1400.13,2120.35,2858.87,2107.52
2012-11-05,1406.19,717.72,3563.45,1410.72,2125.4,2868.67,2119.4
2012-11-06,1418.71,711.75,3543.49,1441.64,2127.52,2882.73,2143.19
2012-11-07,1390.87,690.57,3465.78,1400.53,2089.51,2863.27,2115.6
2012-11-08,1404.38,668.97,3400.29,1382.66,2059.49,2796.92,2107.37
2012-11-09,1413.14,658.87,3400.59,1365.72,2050.08,2826.36,2104.89
2012-11-12,1417.2,665.19,3374.02,1362.49,2047.17,2819.58,2104.74
2012-11-13,1387.19,631.97,3312.18,1341.55,2002.23,2744.85,2079.04
2012-11-14,1350.08,589.57,3270.15,1300.92,1968.36,2664.32,2027.44
2012-11-15,1336.62,585.44,3198.61,1301.66,1937.29,2639.18,2015.07
2012-11-16,1340.13,603.2,3276.64,1333.81,1983.14,2733.35,2062.7
2012-11-19,1362.8,645.33,3392.97,1341.03,2040.43,2803.18,2012.46
2012-11-20,1383.77,634.83,3397.23,1336.38,2060.93,2798.49,2036.74
2012-11-21,1404.73,633.39,3393.01,1362.22,2061.6,2802.54,2031.54
2012-11-23,1431.52,647.41,3392.18,1387.91,2062.21,2813.27,2035.51
2012-11-26,1428.02,641.3,3376.63,1393.15,2048.48,2813.17,2043.88
2012-11-27,1436.47,642.92,3340.38,1394.12,2042.04,2814.58,2058.98
2012-11-29,1440.76,640.31,3379.4,1462.81,2060.74,2859.44,2080.56
2012-11-30,1466.8,632.13,3397.34,1470.01,2074.68,2884.41,2096.71
2012-12-03,1478.37,634.77,3353.59,1482.2,2074.22,2883.22,2119.46
2012-12-04,1475.18,630.19,3340.98,1485.99,2063.58,2872.92,2117.27
2012-12-05,1481.21,619.16,3317.79,1482.77,2043.12,2870.71,2083.31
2012-12-06,1489.58,612.75,3304.0,1480.28,2028.75,2864.07,2058.32
2012-12-07,1481.99,607.05,3310.78,1509.64,2022.56,2854.81,2030.28
2012-12-10,1484.0,609.26,3318.53,1522.91,2027.64,2851.73,2029.81
2012-12-11,1494.56,601.65,3310.15,1530.1,2028.15,2831.52,2033.36
2012-12-12,1505.63,595.37,3276.15,1500.25,2009.03,2823.54,2014.65
2012-12-13,1519.43,593.9,3261.02,1481.26,1992.02,2816.37,1991.69
2012-12-14,1519.02,604.75,3236.71,1473.43,1985.15,2806.99,1998.48
2012-12-17,1511.69,595.18,3251.57,1496.93,1982.26,2814.05,2002.22
2012-12-18,1544.49,599.32,3348.76,1466.11,2028.93,2871.18,2037.87
2012-12-19,1552.52,615.74,3375.13,1466.59,2055.34,2913.63,2052.65
2012-12-20,1563.07,617.04,3384.68,1480.2,2067.05,2910.65,2081.0
2012-12-26,1531.87,592.41,3270.44,1459.09,1989.57,2846.43,1994.85
2012-12-27,1531.0,594.5,3270.9,1457.63,1994.9,2849.12,1995.25
2012-12-31,1529.09,587.29,3300.56,1520.16,2016.31,2875.77,2044.3
2013-01-02,1588.01,609.62,3423.06,1550.21,2093.02,2972.33,2123.34
2013-01-03,1604.62,650.68,3418.11,1533.17,2114.8,3001.83,2169.09
2013-01-04,1630.79,689.94,3431.89,1570.25,2123.81,3013.36,2190.36
2013-01-07,1615.21,663.15,3425.83,1567.23,2091.69,3008.74,2175.74
2013-01-08,1623.05,664.72,3410.04,1581.03,2083.44,2989.3,2157.52
2013-01-09,1630.38,673.65,3438.41,1581.31,2089.72,3015.32,2156.62
2013-01-10,1621.97,682.42,3452.53,1566.47,2094.54,3020.15,2164.59
2013-01-11,1639.89,664.74,3452.87,1555.55,2086.16,3027.13,2142.41
2013-01-14,1623.46,666.49,3470.11,1564.49,2087.01,3018.37,2118.6
2013-01-15,1632.5,661.94,3479.13,1563.32,2095.36,3027.49,2126.47
2013-01-16,1623.49,669.86,3487.63,1551.93,2107.39,3023.06,2140.14
2013-01-17,1645.2,677.59,3516.83,1578.06,2132.03,3036.11,2162.51
2013-01-18,1650.77,678.24,3531.97,1578.04,2143.53,3056.75,2189.58
2013-01-22,1673.78,696.28,3558.14,1583.34,2168.42,3082.98,2231.86
2013-01-23,1667.26,697.7,3535.75,1600.51,2162.91,3076.54,2252.53
2013-01-24,1677.18,703.05,3542.21,1578.54,2164.2,3068.74,2248.81
2013-01-25,1677.12,700.31,3617.42,1474.26,2204.12,3151.38,2330.7
2013-01-28,1666.95,609.52,3629.98,1152.33,2176.97,3151.06,2332.14
2013-01-29,1676.07,611.54,3632.55,1156.66,2165.18,3126.55,2301.34
2013-01-30,1656.31,608.14,3598.17,1154.77,2128.91,3077.84,2234.95
2013-01-31,1677.48,617.58,3535.48,1167.96,2103.28,2987.22,2184.04
2013-02-04,1664.94,613.3,3522.0,1173.51,2086.77,2963.72,2188.9
2013-02-06,1688.8,607.06,3542.68,1190.37,2107.36,2967.5,2202.89
2013-02-08,1679.35,588.35,3577.75,1204.52,2138.68,3022.19,2233.74
2013-02-11,1666.26,599.74,3583.27,1217.17,2140.85,3041.07,2227.62
2013-02-12,1649.15,615.54,3577.15,1242.33,2143.9,3037.97,2235.45
2013-02-13,1680.23,619.63,3589.31,1258.1,2151.37,3067.42,2239.04
2013-02-15,1678.4,609.26,3566.8,1246.56,2145.03,3102.34,2252.95
2013-02-19,1696.8,618.81,3559.42,1250.84,2149.42,3137.54,2255.23
2013-02-20,1660.65,608.04,3481.99,1194.16,2100.41,3104.48,2223.95
2013-02-21,1639.03,602.95,3415.06,1194.87,2069.4,3002.43,2194.47
2013-02-25,1620.58,596.14,3347.63,1184.9,2027.7,2894.12,2120.34
2013-02-26,1625.47,604.75,3349.76,1222.82,2031.39,2904.26,2115.69
2013-02-27,1647.46,620.38,3369.45,1266.69,2053.81,2927.9,2158.77
2013-03-01,1647.12,621.29,3398.7,1299.76,2089.79,2947.9,2241.02
2013-03-04,1651.0,631.28,3370.8,1270.95,2087.94,2952.79,2234.53
2013-03-05,1691.97,651.59,3374.89,1294.08,2101.19,2974.4,2263.31
2013-03-06,1707.91,655.81,3311.45,1315.69,2065.1,2939.99,2223.51
2013-03-07,1707.8,654.76,3322.69,1317.2,2058.27,2959.98,2217.03
2013-03-08,1683.11,666.28,3269.9,1327.83,2046.84,2963.1,2230.09
2013-03-11,1695.59,669.85,3293.53,1307.75,2045.05,2995.53,2227.38
2013-03-12,1690.87,649.77,3292.21,1302.36,2031.29,2997.97,2206.0
2013-03-13,1697.85,658.69,3310.81,1304.14,2041.8,3025.2,2201.2
2013-03-14,1691.28,657.52,3322.41,1314.4,2039.34,3039.74,2176.95
2013-03-18,1685.3,659.23,3371.35,1313.41,2060.87,3094.19,2175.3
2013-03-19,1670.98,657.54,3360.13,1273.45,2045.36,3067.92,2145.93
2013-03-20,1656.68,659.6,3380.4,1287.62,2056.56,3102.93,2159.05
2013-03-22,1639.54,691.84,3396.95,1359.94,2081.97,3147.84,2200.62
2013-03-25,1647.36,685.98,3440.89,1359.87,2085.38,3136.81,2192.2
2013-03-26,1638.49,682.2,3484.73,1391.74,2106.74,3157.41,2182.62
2013-03-27,1630.74,713.19,3454.04,1396.17,2111.88,3147.6,2185.34
2013-03-28,1631.68,713.33,3484.03,1403.09,2121.18,3167.14,2226.87
2013-04-02,1610.38,682.12,3414.44,1403.47,2090.61,3099.19,2183.63
2013-04-03,1591.24,667.09,3305.76,1378.65,2028.68,3013.13,2108.35
2013-04-04,1596.15,670.68,3336.32,1380.14,2039.03,3029.16,2116.63
2013-04-05,1602.64,678.25,3373.76,1384.44,2069.6,3089.89,2157.23
2013-04-09,1628.29,701.59,3449.79,1430.98,2124.96,3141.47,2210.19
2013-04-10,1633.26,693.47,3448.41,1426.33,2128.11,3153.67,2224.39
2013-04-12,1642.42,699.88,3399.62,1421.73,2102.0,3127.9,2191.79
2013-04-15,1581.67,675.94,3322.65,1368.81,2047.71,3075.99,2136.12
2013-04-16,1596.08,693.02,3372.67,1369.19,2088.07,3120.07,2170.36
2013-04-17,1577.48,686.22,3324.37,1338.22,2073.0,3095.86,2130.53
2013-04-18,1573.61,698.05,3308.7,1328.22,2072.06,3112.58,2140.26
2013-04-19,1584.95,703.22,3306.81,1321.28,2079.74,3106.71,2175.45
2013-04-22,1570.34,717.52,3344.98,1315.53,2090.43,3151.62,2171.78
2013-04-23,1571.17,719.44,3363.32,1337.93,2109.01,3175.95,2193.96
2013-04-24,1591.32,729.59,3387.45,1351.03,2128.18,3194.34,2218.14
2013-04-26,1641.8,723.09,3301.63,1340.33,2099.41,3112.12,2207.02
2013-04-30,1664.65,745.44,3367.04,1369.02,2132.02,3171.99,2251.35
2013-05-02,1675.69,743.57,3379.35,1372.86,2150.42,3201.28,2262.4
2013-05-06,1736.35,758.79,3494.55,1444.61,2210.67,3261.99,2320.63
2013-05-07,1788.49,757.87,3502.87,1461.55,2227.53,3253.01,2346.39
2013-05-08,1808.98,744.76,3549.06,1479.7,2240.47,3272.73,2358.7
2013-05-10,1796.2,760.77,3553.44,1465.45,2235.92,3335.8,2311.02
2013-05-13,1778.77,756.5,3569.69,1458.68,2235.59,3359.26,2297.77
2013-05-14,1778.43,748.51,3571.17,1459.17,2229.02,3355.15,2274.03
2013-05-15,1799.16,754.02,3522.02,1462.42,2225.44,3374.88,2302.68
2013-05-17,1808.55,757.5,3532.35,1483.07,2208.36,3350.81,2294.23
2013-05-20,1810.65,766.53,3589.95,1491.67,2229.08,3373.35,2296.31
2013-05-21,1814.65,768.96,3632.82,1513.95,2257.65,3409.79,2327.46
2013-05-22,1765.0,736.44,3613.61,1476.21,2223.58,3422.04,2281.94
2013-05-24,1774.38,757.54,3537.69,1529.69,2215.79,3366.08,2281.92
2013-05-28,1773.44,764.68,3566.1,1536.17,2230.91,3386.06,2309.41
2013-05-29,1766.0,745.76,3513.96,1541.27,2213.96,3346.3,2318.46
2013-05-30,1781.47,739.56,3479.78,1517.62,2197.07,3328.53,2304.55
2013-05-31,1772.21,730.96,3438.42,1483.68,2177.73,3293.38,2302.7
2013-06-03,1761.92,732.62,3402.86,1478.06,2170.51,3253.09,2314.27
2013-06-04,1780.58,719.14,3427.41,1487.1,2183.35,3284.02,2324.3
2013-06-05,1754.93,714.31,3355.94,1464.28,2150.35,3210.77,2295.13
2013-06-07,1792.88,728.11,3431.52,1495.68,2197.55,3278.87,2356.52
2013-06-11,1790.53,728.33,3362.46,1443.23,2172.33,3220.53,2324.13
2013-06-14,1780.58,753.83,3392.24,1496.44,2193.68,3293.24,2375.21
2013-06-18,1770.84,753.13,3422.72,1395.79,2218.44,3325.01,2426.13
2013-06-19,1770.19,752.87,3402.85,1365.91,2200.19,3297.06,2407.28
2013-06-20,1751.9,724.52,3387.61,1322.17,2166.02,3268.26,2338.48
2013-06-24,1712.04,706.02,3299.53,1267.21,2119.31,3197.71,2305.78
2013-06-26,1730.37,736.35,3409.35,1275.78,2184.17,3316.01,2375.93
2013-06-27,1701.75,752.64,3438.81,1294.67,2203.34,3349.95,2400.48
2013-06-28,1717.67,765.93,3440.37,1304.71,2211.99,3341.04,2415.43
2013-07-01,1736.98,761.91,3448.0,1304.45,2216.85,3388.09,2444.35
2013-07-05,1732.88,747.88,3440.48,1292.15,2213.49,3401.32,2452.96
2013-07-08,1748.85,744.79,3459.37,1293.96,2225.92,3429.78,2466.29
2013-07-09,1799.76,750.79,3481.96,1287.94,2248.21,3351.23,2487.27
2013-07-10,1813.64,756.65,3554.4,1268.59,2265.31,3348.78,2479.4
2013-07-11,1841.8,769.8,3590.65,1326.85,2294.76,3394.91,2485.89
2013-07-15,1875.06,776.8,3577.38,1368.92,2311.71,3434.42,2527.15
2013-07-16,1879.45,771.32,3542.25,1361.4,2284.08,3384.61,2489.87
2013-07-17,1867.96,775.21,3522.47,1377.76,2275.27,3361.9,2488.0
2013-07-18,1890.29,798.67,3497.31,1378.85,2261.48,3327.14,2470.32
2013-07-19,1877.18,786.91,3463.82,1377.83,2226.98,3297.62,2450.88
2013-07-22,1857.37,786.2,3451.37,1373.14,2215.9,3272.43,2443.41
2013-07-23,1837.45,787.75,3464.94,1389.61,2211.3,3253.92,2432.66
2013-07-24,1822.93,781.5,3440.64,1396.91,2185.58,3206.85,2385.23
2013-07-25,1844.47,788.36,3442.0,1416.24,2191.48,3209.71,2389.14
2013-07-26,1827.12,788.57,3487.03,1420.34,2198.37,3200.89,2377.25
2013-07-30,1813.13,768.05,3415.03,1433.59,2164.91,3149.88,2334.83
2013-07-31,1841.28,771.75,3369.69,1428.91,2156.97,3135.67,2343.92
2013-08-02,1863.72,778.94,3374.3,1457.17,2160.52,3124.55,2350.46
2013-08-05,1845.22,778.98,3429.45,1449.81,2204.48,3137.01,2359.88
2013-08-06,1833.6,763.25,3458.25,1435.75,2224.79,3194.43,2387.76
2013-08-07,1818.76,763.93,3465.36,1424.39,2228.48,3170.77,2369.83
2013-08-09,1818.6,780.32,3520.72,1455.0,2224.77,3165.28,2303.2
2013-08-12,1832.59,776.9,3536.98,1457.08,2228.88,3202.38,2308.17
2013-08-13,1831.8,774.71,3539.86,1447.91,2212.88,3179.83,2260.95
2013-08-15,1821.9,781.08,3538.64,1429.13,2207.05,3186.57,2257.15
2013-08-16,1823.5,769.71,3528.93,1423.49,2202.45,3179.34,2260.13
2013-08-21,1830.19,782.4,3537.08,1423.5,2203.66,3142.63,2251.37
2013-08-22,1862.24,796.0,3558.12,1462.19,2219.77,3153.79,2267.91
2013-08-23,1871.33,802.33,3563.94,1468.13,2220.1,3175.37,2281.02
2013-08-26,1881.53,819.67,3578.96,1442.58,2230.32,3160.62,2296.29
2013-08-27,1820.1,790.52,3536.84,1404.86,2198.12,3147.5,2296.22
2013-08-28,1798.8,783.37,3543.21,1398.7,2202.64,3150.44,2302.89
2013-08-29,1811.78,778.54,3544.06,1406.78,2209.77,3155.5,2308.71
2013-09-03,1801.87,790.11,3461.5,1373.24,2200.01,3112.22,2324.46
2013-09-04,1839.12,820.6,3456.55,1387.65,2203.41,3119.68,2337.63
2013-09-05,1832.65,846.52,3483.99,1396.48,2199.65,3149.75,2332.96
2013-09-09,1856.35,866.35,3553.2,1427.02,2217.61,3181.5,2349.73
2013-09-10,1885.96,836.82,3578.31,1374.99,2219.15,3220.5,2357.49
2013-09-11,1871.67,845.72,3556.87,1344.54,2218.11,3223.21,2353.92
2013-09-12,1854.99,827.14,3550.94,1338.12,2203.17,3214.81,2334.3
2013-09-13,1847.82,814.41,3541.01,1344.84,2207.11,3185.86,2335.17
2013-09-16,1861.35,818.82,3552.63,1330.71,2222.47,3209.57,2345.37
2013-09-17,1868.47,830.73,3539.89,1338.64,2222.54,3190.89,2352.32
2013-09-19,1920.62,863.48,3605.83,1365.25,2262.76,3257.32,2411.73
2013-09-20,1901.31,822.49,3560.39,1345.84,2222.03,3247.24,2374.81
2013-09-23,1882.85,811.46,3567.46,1358.9,2235.5,3266.04,2399.62
2013-09-25,1891.68,842.59,3686.99,1352.78,2292.68,3327.96,2435.59
2013-09-27,1901.88,802.97,3616.12,1315.37,2250.71,3281.51,2408.02
2013-10-01,1919.11,829.02,3619.5,1373.87,2282.5,3286.11,2458.35
2013-10-02,1905.84,821.42,3559.58,1361.87,2244.36,3218.16,2427.82
2013-10-03,1894.99,815.66,3541.71,1397.34,2231.87,3213.7,2412.56
2013-10-04,1885.76,829.75,3554.16,1395.2,2240.81,3217.95,2416.22
2013-10-07,1845.07,816.24,3503.72,1393.74,2212.11,3184.06,2396.25
2013-10-08,1744.57,789.77,3412.33,1373.55,2159.26,3133.95,2363.21
2013-10-09,1740.34,785.35,3344.12,1368.26,2151.67,3107.0,2399.37
2013-10-11,1817.3,805.68,3429.31,1390.7,2197.88,3168.31,2461.1
2013-10-14,1828.4,816.49,3416.28,1399.09,2199.93,3163.93,2463.19
2013-10-15,1806.65,825.0,3377.68,1379.31,2175.72,3141.22,2435.1
2013-10-16,1819.76,837.75,3398.55,1388.11,2284.97,3139.31,2456.97
2013-10-17,1819.95,848.51,3428.49,1412.27,2307.83,3173.96,2499.68
2013-10-21,1815.4,829.21,3439.97,1416.53,2296.04,3147.09,2460.6
2013-10-22,1832.33,842.01,3477.34,1440.88,2333.54,3153.62,2465.37
2013-10-25,1846.45,838.46,3428.57,1444.34,2340.31,3122.94,2492.82
2013-10-28,1853.56,824.65,3402.29,1435.68,2324.74,3098.38,2478.76
2013-10-29,1877.02,842.62,3431.81,1443.11,2349.98,3141.79,2493.59
2013-10-31,1868.16,837.65,3429.06,1452.0,2342.48,3154.72,2475.33
2013-11-01,1888.92,883.5,3444.97,1469.32,2360.17,3157.66,2491.82
2013-11-04,1925.63,890.32,3482.01,1469.21,2367.46,3163.95,2505.52
2013-11-05,1927.54,899.96,3463.3,1472.63,2368.43,3172.41,2522.44
2013-11-06,1911.31,879.7,3471.78,1476.23,2360.37,3191.04,2517.98
2013-11-07,1797.61,855.23,3428.69,1461.12,2328.56,3182.26,2501.83
2013-11-08,1827.83,872.1,3462.97,1474.07,2363.09,3197.83,2530.84
2013-11-11,1862.17,878.28,3477.5,1469.75,2360.05,3173.9,2510.55
2013-11-12,1862.06,862.62,3428.76,1456.82,2324.09,3123.17,2467.18
2013-11-13,1874.3,877.63,3419.51,1490.04,2334.52,3094.17,2487.07
2013-11-15,1863.09,887.08,3409.5,1515.54,2323.21,3062.2,2502.78
2013-11-18,1837.98,859.21,3390.06,1510.26,2300.9,3041.07,2473.38
2013-11-19,1839.37,845.91,3352.95,1506.77,2284.29,3046.18,2447.05
2013-11-20,1752.86,840.89,3353.69,1505.34,2274.88,3047.42,2455.67
2013-11-26,1731.68,859.54,3280.3,1504.21,2252.9,3019.23,2474.06
2013-11-29,1764.91,882.44,3318.27,1502.05,2271.11,3079.76,2490.57
2013-12-02,1720.71,866.76,3269.12,1484.08,2236.43,3043.97,2476.5
2013-12-03,1703.42,869.02,3256.21,1466.88,2219.21,3021.35,2445.86
2013-12-06,1743.02,890.74,3175.9,1498.06,2184.9,2926.72,2432.24
2013-12-09,1757.85,895.63,3174.06,1504.01,2168.97,2897.02,2379.32
2013-12-10,1749.82,895.17,3138.05,1444.7,2143.38,2900.51,2350.45
2013-12-11,1710.2,905.76,3090.99,1412.55,2110.42,2850.08,2294.3
2013-12-13,1724.51,967.42,3113.86,1416.96,2130.72,2857.39,2311.19
2013-12-17,1748.57,970.24,3142.07,1410.13,2155.62,2905.55,2352.26
2013-12-18,1749.35,978.77,3170.24,1401.35,2161.17,2926.67,2377.04
2013-12-20,1793.43,1022.16,3170.85,1410.22,2233.89,3026.75,2463.61
2013-12-27,1851.24,1054.02,3260.0,1466.32,2276.82,3103.64,2527.71
2014-01-02,1814.7,1020.38,3212.34,1437.01,2250.12,3062.97,2521.85
2014-01-06,1809.77,1013.53,3193.31,1446.71,2244.94,3044.59,2498.83
2014-01-07,1794.2,1023.04,3214.43,1450.41,2260.72,3061.96,2527.65
2014-01-08,1785.77,1023.05,3242.36,1428.99,2267.67,3061.9,2528.16
2014-01-09,1771.78,1001.8,3211.99,1417.31,2247.7,3052.57,2517.95
2014-01-13,1810.86,964.33,3237.15,1410.26,2275.46,3070.24,2552.27
2014-01-15,1841.92,1035.01,3240.9,1458.79,2368.03,3085.87,2753.02
2014-01-16,1838.37,1043.22,3293.25,1476.63,2386.63,3097.2,2797.92
2014-01-23,1825.71,1007.61,3207.95,1528.83,2353.43,3073.09,2749.29
2014-01-27,1740.39,964.68,3104.6,1521.53,2303.75,3016.86,2704.73
2014-01-28,1792.47,997.46,3126.47,1534.07,2332.7,3023.5,2743.96
2014-01-29,1751.81,985.99,3084.4,1515.93,2300.67,2954.44,2730.81
2014-01-30,1781.01,984.93,3124.7,1522.78,2329.48,2972.6,2765.92
2014-02-03,1713.37,965.99,3064.98,1467.6,2275.32,2972.5,2709.29
2014-02-04,1741.0,995.12,3065.36,1474.99,2298.98,2948.45,2739.98
2014-02-05,1742.73,998.61,3062.17,1483.45,2279.88,2960.68,2690.45
2014-02-07,1819.41,1005.09,3159.68,1510.01,2330.77,3025.87,2716.18
2014-02-10,1863.87,999.5,3118.89,1495.27,2311.49,3031.16,2711.43
2014-02-11,1895.13,1008.31,3143.63,1503.13,2327.73,3022.42,2728.64
2014-02-12,1876.37,999.32,3150.37,1514.83,2330.48,3023.1,2763.2
2014-02-13,1856.42,1000.39,3147.54,1523.15,2330.22,3012.5,2754.21
2014-02-14,1859.86,1003.27,3165.68,1553.02,2339.15,3023.9,2755.27
2014-02-18,1875.77,991.56,3136.58,1550.47,2331.07,3004.43,2752.39
2014-02-19,1821.78,951.62,3069.02,1529.32,2291.34,2964.4,2738.84
2014-02-20,1850.59,966.51,3064.48,1559.57,2318.4,2926.28,2779.36
2014-02-21,1881.58,954.31,3055.2,1581.03,2322.43,2941.31,2798.28
2014-02-24,1874.31,965.3,3074.83,1591.08,2333.17,2938.33,2803.19
2014-02-25,1850.48,960.48,3048.43,1575.49,2310.27,2919.74,2773.45
2014-02-26,1831.57,966.39,3088.41,1581.9,2329.15,2971.29,2800.85
2014-02-27,1813.94,987.14,3107.2,1605.36,2374.11,3026.13,2908.11
2014-02-28,1822.78,991.61,3186.99,1681.47,2424.88,3046.58,2976.1
2014-03-03,1827.28,991.13,3242.57,1679.1,2436.96,3049.51,2954.33
2014-03-04,1842.83,1023.62,3238.26,1724.22,2453.76,3036.38,2971.81
2014-03-05,1850.75,1051.89,3311.11,1717.66,2467.03,3029.82,2957.78
2014-03-10,1868.07,1054.26,3269.01,1632.72,2395.29,2992.25,2824.72
2014-03-11,1869.68,1040.67,3233.45,1662.15,2383.47,2975.55,2805.27
2014-03-12,1888.43,1043.05,3219.45,1723.05,2380.03,2966.54,2798.24
2014-03-13,1868.26,1021.6,3203.54,1675.4,2361.23,2931.79,2776.56
2014-03-14,1875.23,1020.59,3229.0,1695.26,2389.05,2958.74,2819.74
2014-03-17,1866.27,1043.2,3274.19,1697.5,2404.97,2950.71,2794.62
2014-03-21,1855.78,1064.39,3358.96,1660.74,2419.88,2934.04,2753.9
2014-03-24,1844.92,1046.04,3374.93,1666.55,2424.63,2966.96,2759.85
2014-03-26,1814.34,1025.54,3347.27,1653.0,2414.87,2979.68,2758.94
2014-03-27,1822.2,1041.45,3331.41,1679.58,2427.64,2999.13,2779.53
2014-03-31,1889.29,1067.9,3359.42,1715.79,2456.36,3040.15,2828.17
2014-04-01,1875.3,1071.52,3401.08,1684.08,2470.36,3086.28,2846.92
2014-04-02,1874.78,1052.46,3471.96,1710.18,2490.14,3118.2,2844.38
2014-04-03,1855.28,1027.3,3459.86,1685.32,2483.2,3143.73,2830.87
2014-04-04,1844.06,1032.36,3463.94,1662.66,2489.59,3168.45,2831.56
2014-04-08,1839.35,1006.86,3420.56,1660.45,2472.6,3146.2,2842.22
2014-04-09,1854.28,1018.99,3446.63,1655.68,2492.55,3145.13,2859.81
2014-04-10,1835.04,985.44,3413.43,1650.57,2469.68,3114.78,2855.41
2014-04-11,1831.26,968.92,3436.19,1612.37,2471.67,3105.6,2831.38
2014-04-14,1852.64,978.48,3490.83,1622.34,2504.51,3149.66,2842.83
2014-04-15,1854.37,984.77,3548.52,1639.89,2530.77,3150.78,2846.51
2014-04-16,1869.24,1002.55,3609.17,1668.62,2572.11,3193.77,2869.62
2014-04-21,1909.33,1010.25,3578.93,1715.07,2567.56,3228.15,2865.08
2014-04-23,1934.07,1009.74,3559.79,1708.1,2568.33,3159.05,2892.71
2014-04-25,1868.45,987.67,3511.99,1692.68,2522.04,3113.08,2837.93
2014-04-28,1865.99,971.15,3496.49,1685.72,2527.68,3150.89,2853.37
2014-04-29,1871.95,976.86,3559.58,1690.53,2566.38,3170.39,2869.99
2014-05-01,1887.22,998.33,3521.24,1692.18,2565.49,3134.08,2887.99
2014-05-05,1881.56,999.32,3532.68,1702.15,2580.58,3170.12,2926.44
2014-05-06,1870.26,983.19,3591.09,1687.31,2591.0,3191.25,2935.1
2014-05-08,1864.24,945.75,3528.63,1672.23,2601.22,3227.58,2997.37
2014-05-09,1873.96,965.28,3550.96,1682.87,2610.0,3204.48,2985.71
2014-05-12,1891.4,986.0,3577.48,1709.71,2630.98,3246.73,3024.46
2014-05-13,1885.41,980.01,3553.38,1702.13,2608.46,3235.56,3003.49
2014-05-14,1879.6,983.68,3538.96,1684.49,2598.94,3239.84,2996.31
2014-05-15,1871.44,989.24,3496.46,1678.7,2577.23,3195.55,3005.06
2014-05-16,1879.58,988.76,3506.38,1686.32,2580.94,3201.64,3006.75
2014-05-19,1885.87,987.27,3503.4,1715.77,2578.63,3191.57,3000.31
2014-05-23,1939.63,1012.57,3522.61,1756.07,2586.5,3230.13,2986.6
2014-05-27,1953.86,1017.0,3327.95,1791.48,2555.04,3204.36,2985.16
2014-05-28,1978.5,1006.92,3425.6,1775.42,2580.55,3206.79,2979.57
2014-05-29,1966.05,1002.17,3466.47,1753.96,2604.9,3223.62,2995.25
2014-06-02,1950.48,997.28,3512.71,1770.56,2625.17,3262.83,2988.09
2014-06-04,1950.23,1033.02,3541.48,1804.14,2641.75,3292.85,2984.25
2014-06-06,1975.13,1047.6,3566.41,1852.99,2657.97,3218.95,3017.65
2014-06-09,1978.42,1053.13,3603.47,1859.52,2674.11,3309.45,3023.15
2014-06-10,1981.56,1061.46,3622.51,1814.24,2675.12,3302.63,3004.11
2014-06-11,1977.44,1056.24,3631.51,1814.35,2677.54,3285.0,3006.91
2014-06-12,1974.59,1048.96,3656.36,1753.62,2675.32,3277.12,2984.91
2014-06-13,1976.67,1058.53,3695.4,1759.36,2697.84,3295.12,3007.57
2014-06-25,2031.37,1050.31,4083.24,1771.53,2894.2,3423.25,3168.97
2014-06-26,2034.99,1041.09,4097.94,1785.02,2903.91,3429.16,3187.15
2014-06-27,2052.79,1040.3,4118.61,1792.72,2908.17,3449.75,3168.46
2014-06-30,2073.66,1061.24,4217.17,1794.68,3018.67,3419.55,3163.93
2014-07-01,2118.35,1063.87,4242.9,1794.34,3025.41,3418.49,3156.31
2014-07-03,2113.67,1051.16,4201.98,1788.62,3008.9,3407.75,3167.06
2014-07-07,2094.35,1030.12,4107.18,1755.19,2955.89,3368.95,3122.12
2014-07-08,2069.82,1013.75,4089.66,1745.21,2940.04,3354.52,3114.04
2014-07-09,2097.75,1018.12,4120.51,1735.37,2962.71,3374.64,3116.21
2014-07-10,2118.81,1007.99,4098.47,1720.93,2945.27,3344.99,3079.5
2014-07-17,2137.65,1008.76,4166.9,1753.32,2942.08,3394.28,3026.77
2014-07-18,2147.78,1023.08,4163.6,1768.97,2955.35,3355.09,3049.45
2014-07-21,2129.72,1016.48,4172.52,1760.77,2944.19,3342.05,3029.32
2014-07-22,2130.99,1024.77,4204.09,1772.41,2959.64,3357.82,3019.07
2014-07-23,2132.17,998.94,4187.55,1759.73,2929.77,3309.51,2955.79
2014-07-24,2181.33,1000.76,4169.67,1758.46,2918.35,3288.22,2898.47
2014-07-25,2167.27,994.22,4199.89,1759.34,2914.75,3257.53,2874.42
2014-07-28,2148.4,973.71,4193.43,1776.81,2917.64,3258.95,2895.27
2014-07-29,2092.47,959.76,4223.11,1696.25,2915.95,3250.09,2882.4
2014-07-30,2088.84,948.49,4180.29,1523.3,2892.9,3203.79,2879.61
2014-07-31,2075.81,950.65,4106.09,1558.76,2853.01,3171.05,2854.46
2014-08-01,2061.42,971.36,4132.28,1763.51,2870.92,3185.97,2845.02
2014-08-04,2056.47,971.21,4157.57,1769.26,2894.39,3199.15,2871.85
2014-08-05,2026.02,967.48,4062.65,1748.04,2844.35,3153.08,2826.52
2014-08-06,2009.5,963.11,4025.0,1743.56,2823.76,3144.89,2830.06
2014-08-07,2006.13,938.29,4001.24,1744.46,2798.56,3117.75,2796.38
2014-08-08,2022.82,965.95,4051.56,1763.42,2841.61,3153.87,2841.75
2014-08-12,2014.43,988.16,4096.61,1780.68,2858.24,3190.66,2844.54
2014-08-13,2012.38,1009.22,4156.31,1801.04,2879.34,3206.64,2858.29
2014-08-14,2038.43,1037.92,4192.16,1812.77,2913.29,3234.26,2905.7
2014-08-19,2035.77,1069.81,4287.99,1862.79,2971.99,3303.88,3026.36
2014-08-20,2023.43,1072.49,4304.0,1878.55,2980.92,3309.57,3022.36
2014-08-21,2051.16,1087.57,4283.2,1887.66,2979.48,3315.31,3015.65
2014-08-22,2031.79,1066.99,4260.61,1871.13,2955.22,3275.64,3021.64
2014-08-25,2023.3,1054.85,4295.39,1869.5,2980.51,3317.11,3066.77
2014-08-26,2014.58,1062.45,4339.52,1884.19,3009.79,3327.15,3076.62
2014-08-27,2019.91,1060.27,4285.65,1887.53,2993.8,3325.11,3082.3
2014-08-28,1884.12,1064.35,4169.29,1776.41,2915.69,3266.88,3233.46
2014-09-05,1887.99,1077.57,4075.36,1745.21,2914.95,3233.55,3374.1
2014-09-08,1892.46,1096.92,4118.27,1751.36,2925.85,3217.39,3333.91
2014-09-09,1868.07,1096.41,4196.73,1737.41,2942.02,3217.58,3288.72
2014-09-10,1880.09,1107.17,4277.5,1745.48,2983.8,3215.71,3271.59
2014-09-11,1906.29,1089.09,4306.15,1746.0,2999.43,3201.86,3274.98
2014-09-12,1896.58,1050.1,4371.04,1725.38,3007.06,3172.69,3225.84
2014-09-16,1871.66,1013.02,4540.25,1738.01,3098.75,3188.65,3241.23
2014-09-17,1880.11,1019.82,4586.8,1735.57,3131.62,3210.64,3257.42
2014-09-18,1913.46,1002.11,4595.29,1733.5,3131.02,3218.26,3235.97
2014-09-22,1902.3,924.08,4573.99,1708.78,3118.3,3187.96,3177.84
2014-09-23,1902.3,924.08,4573.99,1708.78,3118.3,3187.96,3177.84
2014-09-24,1906.0,897.51,4505.55,1698.92,3086.08,3150.76,3091.39
2014-09-30,1799.96,878.9,4316.53,1703.54,3093.97,3137.48,3555.52
2014-10-01,1756.19,863.23,4214.56,1671.47,3070.72,3093.15,3883.98
2014-10-02,1760.29,878.22,4144.84,3950.48,3062.87,3079.88,1637.97
2014-10-03,1781.51,889.47,4110.92,4070.09,3061.95,3031.59,1632.63
2014-10-06,1762.48,900.05,4093.26,4023.21,3046.02,3019.86,1654.11
2014-10-07,1715.32,863.02,4031.47,3948.27,2990.56,2989.74,1623.37
2014-10-08,1689.93,853.64,3921.52,3893.69,2927.53,2933.85,1587.61
2014-10-10,1647.59,795.81,3508.38,3518.78,2650.84,2803.15,1493.76
2014-10-13,1501.49,740.8,3255.67,3248.06,2463.14,2651.5,1406.15
2014-10-14,1502.83,740.3,3183.57,3106.43,2392.26,2583.08,1352.73
2014-10-16,1557.78,810.93,3420.59,3256.75,2555.38,2805.48,1486.33
2014-10-17,1568.28,824.62,3515.74,3329.98,2622.92,2834.76,1529.55
2014-10-20,1580.71,912.76,3530.12,3323.51,2633.65,2857.81,1553.77
2014-10-21,1618.9,927.73,3706.92,3368.29,2713.45,2926.69,1592.61
2014-10-22,1631.44,891.65,3618.35,3235.82,2646.22,2928.12,1579.77
2014-10-23,1660.04,912.59,3675.49,3239.65,2690.42,2972.97,1605.06
2014-10-24,1660.98,893.19,3724.45,3325.43,2724.97,2989.39,1630.83
2014-10-27,1651.39,888.31,3597.63,3190.37,2652.31,2897.7,1553.71
2014-10-28,1684.0,920.8,3688.8,3299.67,2716.15,2981.18,1587.64
2014-10-29,1708.7,924.74,3663.1,3265.9,2692.52,2942.23,1555.09
2014-10-30,1703.45,886.66,3672.72,3240.79,2653.95,2894.02,1510.67
2014-10-31,1701.2,874.87,3777.87,3304.32,2702.35,2907.28,1519.47
2014-11-03,1716.54,880.19,3792.26,3289.36,2715.55,2917.78,1489.68
2014-11-04,1675.26,839.92,3585.11,3170.03,2580.69,2784.82,1410.06
2014-11-05,1666.76,798.28,3527.22,3171.47,2543.89,2752.84,1398.52
2014-11-07,1684.73,778.03,3512.77,3063.53,2526.82,2784.02,1411.13
2014-11-10,1671.38,761.55,3536.49,3016.75,2520.49,2737.95,1385.01
2014-11-11,1664.11,748.38,3509.33,3008.42,2515.12,2759.48,1396.04
2014-11-12,1670.82,758.5,3471.18,3000.97,2507.88,2764.77,1410.46
2014-11-13,1644.9,725.08,3372.59,2965.3,2438.02,2706.0,1360.73
2014-11-14,1642.15,745.81,3397.71,3046.92,2468.76,2720.49,1365.39
2014-11-17,1646.97,730.3,3456.86,3067.49,2484.08,2731.28,1376.86
2014-11-18,1659.12,746.14,3506.68,3045.22,2512.9,2758.79,1376.31
2014-11-19,1667.15,731.6,3486.15,3062.85,2497.3,2712.57,1330.59
2014-11-20,1685.66,736.19,3593.97,3171.71,2566.66,2745.23,1369.26
2014-11-24,1688.19,728.53,3645.37,3116.34,2586.65,2798.92,1365.17
2014-11-25,1680.66,728.74,3580.08,3081.49,2558.37,2770.56,1354.16
2014-11-26,1680.55,729.73,3495.66,3011.16,2511.73,2778.17,1371.58
2014-11-28,1638.54,701.78,3091.69,2782.6,2293.07,2626.37,1329.92
2014-12-01,1588.27,672.07,2974.14,2575.68,2179.07,2573.29,1305.81
2014-12-02,1588.63,664.18,3066.44,2582.64,2235.51,2634.23,1325.2
2014-12-03,1605.94,682.2,3202.36,2670.94,2325.08,2719.16,1364.72
2014-12-04,1613.28,684.51,3236.19,2693.03,2349.01,2735.94,1358.57
2014-12-08,1562.89,619.9,3062.62,2559.48,2200.93,2607.98,1189.17
2014-12-09,1561.63,638.09,3113.29,2598.43,2247.76,2669.59,1216.18
2014-12-10,1519.8,616.15,2964.64,2455.03,2152.7,2554.25,1172.32
2014-12-16,1461.23,589.35,2756.62,2183.4,2015.35,2554.32,1135.14
2014-12-17,1505.38,624.6,2913.72,2358.69,2129.91,2641.64,1168.58
2014-12-18,1542.2,645.11,2945.31,2571.58,2197.96,2677.64,1198.05
2014-12-22,1524.77,638.08,3023.0,2578.44,2253.84,2806.0,1310.76
2014-12-23,1540.33,616.42,3045.88,2625.48,2276.28,2831.48,1334.55
2014-12-24,1532.53,600.84,3058.13,2594.74,2270.78,2799.04,1327.69
2014-12-26,1506.29,604.11,3058.07,2597.95,2277.66,2818.28,1317.15
2014-12-29,1483.11,602.1,3008.41,2575.79,2255.06,2835.44,1320.35
2015-01-08,1387.02,678.5,2917.67,2060.99,2099.97,2760.65,1265.95
2015-01-09,1393.74,632.13,2841.32,2047.99,2051.1,2684.08,1252.31
2015-01-12,1409.91,639.01,2757.6,1993.81,2002.61,2604.11,1229.84
2015-01-13,1395.2,626.26,2689.28,1871.64,1924.96,2514.16,1169.1
2015-01-14,1406.42,617.41,2655.73,1879.05,1913.3,2508.64,1159.36
2015-01-15,1413.29,613.6,2669.89,1851.19,1906.26,2519.28,1158.76
2015-01-16,1402.24,628.8,2747.51,1837.96,1943.71,2562.83,1189.65
2015-01-20,1405.67,625.89,2663.41,1821.87,1912.65,2490.85,1172.09
2015-01-21,1407.88,630.88,2720.23,1890.53,1940.66,2511.98,1165.6
2015-01-22,1434.79,627.54,2673.56,1981.25,1953.68,2494.95,1179.51
2015-01-23,1417.97,605.82,2663.62,2007.93,1943.26,2475.3,1161.31
2015-01-26,1422.91,597.68,2687.05,2019.53,1958.87,2501.49,1160.29
2015-01-27,1442.8,599.5,2704.86,1990.97,1960.72,2500.58,1143.0
2015-01-28,1441.75,576.18,2639.3,1924.23,1911.81,2478.54,1114.07
2015-01-29,1426.77,569.73,2672.65,1928.02,1922.2,2478.13,1096.78
2015-01-30,1420.47,570.92,2635.82,1962.1,1915.01,2474.43,1087.21
2015-02-02,1417.64,595.46,2684.26,2034.74,1949.79,2455.23,1101.72
2015-02-03,1454.94,642.77,2732.91,2131.91,1996.9,2454.16,1110.27
2015-02-04,1461.81,632.22,2705.46,2158.59,1982.75,2448.33,1123.45
2015-02-05,1506.95,638.89,2819.89,2265.04,2057.7,2516.86,1139.62
2015-02-06,1557.41,617.45,2785.02,2318.93,2053.27,2496.53,1131.44
2015-02-09,1506.56,616.1,2750.55,2287.1,2023.08,2480.69,1137.78
2015-02-10,1476.31,602.67,2756.82,2235.38,2006.5,2502.6,1121.63
2015-02-11,1501.98,609.68,2745.54,2183.68,1998.26,2491.87,1118.15
2015-02-12,1516.34,608.32,2725.5,1888.08,1955.63,2473.66,1125.93
2015-02-13,1536.74,621.94,2809.1,1965.22,2006.08,2517.3,1134.44
2015-02-17,1541.5,620.81,2813.6,1994.38,2018.79,2527.24,1140.41
2015-02-18,1532.76,616.7,2814.42,1998.13,2022.48,2523.92,1155.56
2015-02-19,1518.85,621.66,2778.93,1950.45,2000.68,2513.03,1147.97
2015-02-20,1511.2,624.49,2731.62,1908.32,1970.04,2483.22,1146.43
2015-02-23,1497.18,609.89,2689.36,1864.66,1934.14,2442.22,1139.5
2015-02-24,1511.15,606.95,2720.21,1837.88,1941.08,2461.85,1147.05
2015-02-25,1521.26,614.3,2714.66,1836.67,1947.94,2431.77,1156.81
2015-02-26,1532.14,625.08,2674.54,1841.2,1932.75,2412.0,1161.86
2015-02-27,1536.48,628.07,2689.14,1835.28,1928.92,2437.11,1165.82
2015-03-02,1547.89,636.39,2684.03,1835.21,1932.33,2440.41,1169.46
2015-03-03,1546.88,638.77,2644.89,1840.26,1921.66,2425.96,1174.09
2015-03-04,1555.33,639.07,2630.58,1814.65,1904.7,2401.19,1154.46
2015-03-05,1521.56,625.27,2745.11,1826.72,1938.55,2420.82,1157.27
2015-03-06,1500.56,610.66,2721.46,1823.45,1941.23,2389.69,1143.26
2015-03-09,1487.68,581.62,2667.29,1802.15,1923.37,2369.22,1137.88
2015-03-10,1466.41,563.46,2619.75,1773.4,1887.47,2324.27,1114.44
2015-03-11,1489.29,577.39,2646.31,1804.57,1919.55,2361.39,1138.09
2015-03-12,1493.7,579.43,2680.16,1791.08,1930.64,2353.33,1139.39
2015-03-13,1501.39,568.41,2710.27,1754.14,1930.69,2349.3,1127.9
2015-03-16,1478.78,537.44,2715.54,1740.27,1922.79,2314.84,1123.57
2015-03-17,1491.12,523.77,2763.7,1741.9,1955.46,2355.57,1151.7
2015-03-18,1512.45,526.67,2785.85,1802.39,2007.86,2412.34,1206.2
2015-03-19,1494.55,547.06,2733.09,1820.42,2002.21,2397.41,1225.63
2015-03-20,1507.31,532.1,2741.71,1803.25,1992.55,2403.51,1218.07
2015-03-23,1525.5,541.64,2742.1,1813.33,1997.83,2390.92,1212.24
2015-03-24,1505.59,551.29,2724.25,1793.01,1979.32,2382.38,1216.73
2015-03-25,1508.37,546.69,2754.86,1777.89,1984.6,2397.81,1211.33
2015-03-26,1469.81,541.59,2771.35,1800.96,1992.56,2434.06,1222.52
2015-03-27,1448.08,532.22,2751.8,1769.0,1978.79,2446.69,1222.05
2015-03-30,1439.83,537.2,2753.13,1795.41,1984.62,2458.93,1214.72
2015-03-31,1440.75,533.97,2755.11,1838.69,1991.13,2455.89,1210.46
2015-04-01,1432.86,541.12,2765.48,1830.17,1997.66,2469.98,1226.89
2015-04-02,1432.83,554.28,2792.12,1814.05,2012.45,2492.26,1237.0
2015-04-06,1446.0,568.23,2817.38,1838.7,2039.96,2519.16,1257.72
2015-04-07,1424.92,575.8,2821.34,1859.98,2042.45,2493.7,1252.24
2015-04-08,1429.86,569.94,2804.62,1881.72,2043.24,2491.4,1267.13
2015-04-09,1441.55,578.27,2806.11,1890.95,2052.56,2482.13,1260.75
2015-04-10,1479.17,577.68,2851.88,1942.47,2080.32,2520.75,1290.08
2015-04-13,1500.5,569.98,2838.36,1891.25,2064.79,2506.46,1286.28
2015-04-14,1526.6,572.86,2874.79,1926.45,2093.86,2507.72,1295.62
2015-04-15,1558.96,584.38,2925.34,1979.68,2137.32,2553.6,1322.07
2015-04-16,1559.55,586.92,2874.97,1943.49,2108.76,2520.4,1313.74
2015-04-17,1559.03,592.77,2821.32,1914.95,2077.66,2474.32,1303.97
2015-04-20,1543.15,610.67,2826.72,1916.67,2078.83,2473.91,1312.86
2015-04-21,1545.92,599.28,2863.55,1880.19,2074.19,2485.5,1309.84
2015-04-22,1555.56,594.95,2904.15,1902.39,2103.46,2511.08,1309.47
2015-04-23,1570.96,604.95,2938.34,1938.08,2134.63,2570.17,1322.09
2015-04-24,1575.73,609.48,2974.43,1921.63,2146.53,2631.93,1326.79
2015-04-27,1558.95,606.81,2924.01,1890.76,2115.89,2582.26,1307.25
2015-04-28,1571.8,604.27,2941.57,1920.09,2128.28,2583.82,1318.7
2015-04-29,1613.3,610.46,2980.74,1934.29,2148.17,2611.13,1302.76
2015-04-30,1610.64,606.36,2974.08,1933.84,2140.25,2603.1,1289.22
2015-05-01,1627.63,604.83,3011.84,1945.04,2161.23,2647.95,1301.66
2015-05-04,1619.18,596.71,3049.77,1915.26,2168.46,2635.71,1296.9
2015-05-05,1616.99,586.04,3194.34,1918.48,2211.93,2580.37,1262.63
2015-05-06,1627.49,585.88,3261.31,1937.6,2248.04,2564.39,1257.16
2015-05-07,1607.88,568.62,3264.9,1886.99,2222.75,2503.63,1230.01
2015-05-08,1624.41,578.26,3246.37,1891.22,2228.74,2497.19,1245.9
2015-05-11,1611.79,564.82,3230.21,1843.97,2195.68,2462.58,1228.29
2015-05-12,1613.79,562.57,3227.71,1877.94,2206.24,2455.61,1223.08
2015-05-13,1613.07,557.78,3208.49,1906.75,2203.09,2442.27,1233.62
2015-05-14,1614.58,549.39,3228.41,1873.74,2196.8,2449.3,1258.1
2015-05-15,1612.85,551.85,3298.65,1823.36,2216.68,2479.2,1278.57
2015-05-18,1623.24,547.43,3341.03,1799.05,2234.49,2490.5,1287.76
2015-05-19,1609.63,539.62,3286.14,1772.93,2214.4,2461.53,1295.74
2015-05-20,1603.03,542.98,3279.99,1753.19,2208.37,2435.39,1296.91
2015-05-21,1615.13,544.72,3332.39,1755.8,2229.89,2460.02,1306.54
2015-05-22,1617.68,542.73,3337.65,1753.69,2238.34,2482.99,1320.68
2015-05-26,1598.46,528.92,3252.43,1698.86,2181.93,2456.37,1286.45
2015-05-27,1598.83,531.2,3246.68,1693.43,2179.8,2443.74,1284.03
2015-05-28,1597.39,519.09,3305.68,1686.91,2195.34,2427.88,1276.59
2015-05-29,1603.11,520.81,3243.18,1706.23,2183.21,2417.24,1268.43
2015-06-01,1607.53,519.75,3253.74,1801.72,2198.58,2409.36,1274.9
2015-06-02,1611.79,520.58,3261.88,1866.02,2219.0,2412.57,1281.64
2015-06-03,1624.75,522.62,3210.35,1870.01,2198.43,2389.85,1276.33
2015-06-04,1626.35,513.85,3170.71,1814.32,2156.83,2357.15,1257.44
2015-06-05,1639.44,518.66,3231.07,1824.19,2187.56,2365.33,1273.94
2015-06-08,1639.42,523.77,3147.25,1790.63,2150.59,2335.52,1273.22
2015-06-09,1613.18,517.63,3163.44,1762.33,2135.66,2337.08,1275.4
2015-06-10,1628.93,516.06,3166.91,1753.16,2145.06,2314.98,1287.44
2015-06-11,1632.84,514.04,3186.99,1702.13,2135.5,2320.07,1283.68
2015-06-12,1622.83,518.26,3175.08,1665.7,2128.11,2304.98,1280.71
2015-06-15,1615.67,502.04,3208.8,1661.72,2127.56,2306.41,1255.64
2015-06-16,1617.14,510.8,3241.51,1689.48,2153.72,2317.83,1260.37
2015-06-17,1622.48,519.69,3313.23,1703.04,2186.26,2337.35,1270.94
2015-06-18,1631.89,524.43,3312.62,1705.5,2194.54,2327.76,1284.11
2015-06-19,1628.39,529.72,3300.19,1678.03,2177.77,2296.8,1273.9
2015-06-22,1623.02,519.21,3311.63,1695.8,2187.53,2318.46,1300.01
2015-06-23,1662.63,532.16,3317.71,1708.31,2206.31,2314.8,1313.21
2015-06-24,1646.57,532.44,3287.76,1680.6,2179.55,2276.0,1288.78
2015-06-25,1602.76,528.13,3231.71,1654.46,2133.41,2250.27,1246.89
2015-06-26,1573.92,527.49,3196.91,1669.83,2121.77,2236.2,1246.63
2015-06-29,1511.19,497.05,3095.79,1639.95,2053.41,2171.61,1207.48
2015-06-30,1516.16,495.28,3084.17,1632.6,2055.83,2170.7,1220.16
2015-07-01,1501.84,495.5,3021.16,1635.3,2042.83,2133.44,1241.63
2015-07-02,1515.38,509.3,3003.48,1660.63,2041.83,2122.58,1236.13
2015-07-06,1504.08,498.94,2920.54,1610.82,1989.42,2113.55,1236.14
2015-07-07,1488.69,494.32,2903.82,1601.75,1976.69,2111.21,1230.42
2015-07-08,1441.28,485.4,2795.7,1552.8,1918.58,2058.84,1213.14
2015-07-09,1430.79,489.34,2821.84,1533.74,1926.79,2088.24,1230.89
2015-07-10,1517.63,514.49,2868.04,1556.21,1970.86,2124.24,1248.62
2015-07-13,1526.72,533.39,2893.74,1580.92,1982.93,2128.62,1253.41
2015-07-14,1534.6,524.53,2920.57,1603.09,1997.27,2113.65,1263.06
2015-07-15,1547.74,516.38,2875.22,1573.26,1976.67,2081.57,1261.03
2015-07-16,1536.89,536.83,2849.26,1572.94,1969.24,2077.28,1278.3
2015-07-20,1516.32,555.89,2753.55,1494.85,1877.81,1986.89,1261.92
2015-07-21,1503.33,566.09,2817.98,1479.18,1891.79,1992.6,1271.79
2015-07-22,1484.73,550.3,2862.02,1441.64,1885.72,1928.88,1265.77
2015-07-23,1469.78,540.24,2835.56,1406.43,1854.0,1899.22,1219.56
2015-07-24,1464.55,528.43,2788.87,1393.25,1832.04,1904.68,1216.18
2015-07-27,1433.8,521.21,2698.09,1336.24,1781.92,1880.79,1195.76
2015-07-28,1451.75,538.97,2779.86,1345.85,1813.55,1919.93,1203.05
2015-07-29,1455.14,545.75,2797.7,1387.65,1839.98,1957.08,1221.06
2015-07-30,1432.14,531.61,2811.81,1372.07,1821.32,1932.45,1194.36
2015-07-31,1443.38,537.36,2764.45,1372.37,1813.24,1887.9,1182.19
2015-08-03,1424.13,537.21,2713.92,1348.37,1776.58,1835.12,1176.86
2015-08-05,1387.88,530.07,2603.8,1275.15,1693.68,1735.11,1138.14
2015-08-06,1375.95,533.76,2543.44,1315.36,1686.11,1756.1,1159.52
2015-08-07,1378.84,528.42,2576.87,1296.98,1680.87,1778.91,1143.12
2015-08-10,1419.2,541.39,2693.68,1336.83,1739.28,1860.64,1133.1
2015-08-11,1394.44,527.09,2697.92,1357.77,1744.89,1851.53,1119.85
2015-08-12,1372.91,511.33,2732.43,1378.21,1762.54,1897.76,1116.9
2015-08-13,1374.92,501.78,2654.88,1368.49,1753.49,1885.53,1138.91
2015-08-14,1381.28,509.07,2573.23,1346.83,1725.07,1886.41,1145.64
2015-08-17,1371.28,511.08,2586.78,1361.87,1727.38,1890.42,1154.15
2015-08-18,1342.54,490.18,2578.79,1358.59,1711.82,1852.59,1128.58
2015-08-19,1312.43,470.99,2493.0,1331.71,1666.61,1797.95,1098.04
2015-08-20,1291.62,447.93,2433.32,1299.34,1623.48,1762.17,1069.11
2015-08-21,1275.5,418.3,2353.36,1284.38,1589.26,1724.04,1063.0
2015-08-24,1207.62,396.76,2212.72,1213.97,1500.27,1646.72,1002.64
2015-08-25,1220.24,402.13,2225.81,1251.16,1523.45,1666.67,1036.85
2015-08-27,1300.99,413.07,2410.52,1385.93,1635.26,1785.72,1094.1
2015-08-28,1308.22,427.93,2533.61,1447.2,1704.97,1840.57,1114.5
2015-08-31,1315.83,447.31,2550.98,1477.65,1726.01,1847.97,1111.92
2015-09-02,1280.31,435.64,2524.26,1416.21,1688.88,1788.1,1104.55
2015-09-03,1282.68,424.72,2553.37,1413.5,1705.5,1809.74,1127.2
2015-09-04,1269.47,421.34,2558.21,1386.39,1702.23,1810.5,1123.78
2015-09-08,1296.7,424.97,2520.85,1378.57,1687.89,1797.3,1109.88
2015-09-09,1295.84,428.35,2431.41,1364.14,1651.13,1780.27,1107.65
2015-09-10,1295.05,429.7,2427.88,1332.18,1640.6,1790.78,1113.16
2015-09-11,1288.79,435.55,2373.4,1300.76,1617.08,1777.32,1099.27
2015-09-14,1264.31,431.19,2321.29,1289.03,1586.43,1756.13,1086.17
2015-09-15,1266.59,433.31,2347.35,1314.79,1605.67,1778.0,1104.93
2015-09-16,1291.26,440.76,2386.62,1345.55,1640.11,1807.03,1132.66
2015-09-17,1307.26,447.76,2402.8,1358.9,1661.76,1835.61,1165.26
2015-09-18,1289.71,445.86,2335.2,1330.57,1626.8,1776.59,1160.19
2015-09-21,1267.07,443.76,2319.28,1319.61,1610.54,1764.92,1158.19
2015-09-22,1247.57,426.01,2230.49,1300.59,1572.11,1726.16,1152.24
2015-09-23,1219.9,419.27,2141.94,1263.85,1520.34,1684.96,1121.69
2015-09-24,1227.78,423.5,2110.78,1258.63,1498.55,1643.7,1105.45
2015-09-25,1209.61,421.86,2087.02,1236.78,1472.3,1608.45,1083.35
2015-09-30,1141.67,394.45,1959.78,1236.2,1402.39,1567.33,1062.24
2015-10-01,1139.19,389.09,1959.76,1235.7,1417.62,1575.51,1088.87
2015-10-02,1173.44,392.26,2048.17,1246.14,1463.83,1607.46,1123.95
2015-10-05,1221.3,415.72,2169.19,1299.81,1547.7,1697.14,1182.37
2015-10-06,1230.47,425.62,2223.66,1333.28,1577.54,1730.44,1187.27
2015-10-07,1243.57,439.38,2293.53,1369.05,1620.28,1782.09,1201.94
2015-10-08,1254.05,439.5,2284.25,1384.31,1628.01,1769.96,1203.94
2015-10-09,1252.93,447.03,2251.18,1385.79,1616.0,1766.68,1193.49
2015-10-12,1260.73,432.62,2150.67,1374.85,1579.42,1719.79,1191.99
2015-10-13,1276.71,421.97,2102.88,1343.15,1548.75,1691.73,1172.67
2015-10-14,1289.39,428.21,2151.52,1346.1,1558.58,1714.91,1160.84
2015-10-15,1319.57,432.44,2198.63,1365.65,1582.44,1720.94,1167.01
2015-10-16,1308.53,420.99,2215.03,1369.62,1586.72,1729.02,1163.69
2015-10-19,1287.68,409.76,2195.28,1362.4,1575.3,1728.19,1149.46
2015-10-21,1285.08,407.42,2130.85,1343.0,1553.68,1721.24,1158.57
2015-10-22,1277.4,401.11,2107.98,1349.65,1552.28,1710.85,1174.41
2015-10-23,1289.5,402.82,2109.19,1333.84,1549.46,1704.82,1178.45
2015-10-26,1267.13,387.1,2038.83,1297.35,1503.57,1689.33,1153.07
2015-10-27,1233.63,373.11,1985.36,1265.35,1466.05,1667.17,1127.68
2015-10-28,1248.91,382.47,2075.9,1296.74,1507.14,1694.44,1137.04
2015-10-29,1249.82,385.59,2062.22,1286.68,1503.23,1681.85,1119.35
2015-10-30,1257.3,386.41,2082.9,1304.21,1515.98,1683.83,1123.08
2015-11-02,1275.9,384.62,2122.19,1309.93,1540.44,1717.42,1144.73
2015-11-03,1272.42,350.38,2148.02,1316.51,1543.96,1708.36,1129.94
2015-11-04,1238.16,348.72,2125.79,1300.19,1520.16,1696.54,1077.06
2015-11-05,1237.27,341.08,2085.3,1274.1,1488.95,1659.78,1054.6
2015-11-06,1242.76,338.8,2085.6,1268.21,1487.83,1662.2,1068.55
2015-11-09,1219.45,324.55,2044.46,1233.74,1460.11,1623.1,1067.9
2015-11-10,1193.36,311.6,2024.43,1231.86,1441.28,1605.31,1050.25
2015-11-11,1201.46,301.46,2059.45,1222.12,1444.85,1583.07,1029.23
2015-11-12,1160.35,285.18,2034.0,1221.35,1434.62,1556.26,1019.29
2015-11-13,1173.36,278.32,2061.16,1243.26,1454.64,1588.4,1030.47
2015-11-16,1180.52,278.63,2077.01,1266.9,1476.11,1608.14,1050.09
2015-11-17,1162.95,268.92,2011.26,1237.68,1437.57,1564.58,1031.72
2015-11-18,1159.49,248.94,2021.52,1238.8,1435.86,1564.45,1034.46
2015-11-19,1162.24,254.93,1988.62,1231.15,1426.28,1552.33,1017.64
2015-11-20,1147.01,243.25,1961.1,1229.76,1410.38,1532.98,1012.89
2015-11-23,1137.9,241.03,1923.21,1228.45,1395.94,1522.17,998.72
2015-11-24,1154.0,237.97,1960.46,1247.85,1417.86,1542.91,1011.93
2015-11-25,1154.58,231.18,1964.28,1266.13,1426.06,1543.07,1015.66
2015-11-30,1161.59,231.7,1931.51,1266.12,1410.22,1540.7,1013.51
2015-12-01,1153.29,225.66,1899.64,1266.92,1407.1,1508.86,1024.22
2015-12-02,1129.72,214.41,1801.01,1224.43,1353.2,1456.28,1007.83
2015-12-03,1127.17,211.64,1743.76,1154.73,1264.66,1425.54,907.68
2015-12-04,1108.0,203.13,1651.05,1126.68,1226.52,1374.99,918.34
2015-12-07,1067.37,188.42,1471.29,1076.1,1130.15,1251.1,881.04
2015-12-08,1069.95,198.49,1443.58,1066.1,1110.29,1243.61,876.23
2015-12-09,1085.22,201.12,1544.15,1045.93,1146.26,1319.14,899.14
2015-12-10,1083.73,205.81,1506.26,1013.81,1134.65,1288.31,888.71
2015-12-11,1066.24,201.75,1431.16,982.14,1082.34,1211.59,849.58
2015-12-14,1029.68,195.96,1385.35,978.75,1052.22,1161.84,838.35
2015-12-15,1046.55,189.67,1415.49,994.05,1054.98,1205.09,831.27
2015-12-16,1108.77,192.35,1418.8,1008.15,1073.25,1224.34,849.32
2015-12-17,1068.22,192.94,1064.36,888.42,895.35,825.08,782.95
2015-12-18,1066.56,196.3,1114.1,1144.68,923.16,897.05,813.72
2015-12-21,1073.66,194.35,1164.71,1097.13,935.04,965.28,807.0
2015-12-22,1101.83,201.26,1209.86,1144.16,964.86,1016.37,817.99
2015-12-23,1134.76,215.27,1294.9,1197.54,1013.46,1094.54,848.73
2015-12-24,1171.07,225.29,1310.42,1164.41,1020.67,1112.94,848.29
2015-12-28,1143.0,213.69,1281.78,1180.45,1002.87,1112.58,834.97
2015-12-30,1131.79,308.43,1252.71,1181.08,1015.57,1089.41,861.47
2015-12-31,1166.07,339.21,1286.87,1199.17,1038.51,1131.33,873.07
2016-01-04,1120.5,323.43,1325.11,1165.83,1026.98,1130.22,848.82
2016-01-05,1096.43,289.3,1304.87,1144.36,1007.82,1114.45,822.7
2016-01-06,1082.27,257.59,1257.1,1141.58,986.18,1082.6,810.38
2016-01-07,1028.02,232.15,1187.89,1116.69,945.01,1021.65,783.86
2016-01-08,1034.55,225.8,1197.32,1142.61,952.53,1024.19,786.22
2016-01-11,1048.87,195.12,1155.86,1132.86,920.0,968.73,745.57
2016-01-12,1066.18,180.22,1108.1,1099.86,885.62,895.27,704.21
2016-01-13,1056.46,155.36,1061.8,1066.99,857.88,860.77,678.78
2016-01-15,1000.27,164.79,1053.62,1000.2,836.86,856.53,658.65
2016-01-19,1047.78,162.2,992.63,959.0,826.99,821.92,677.47
2016-01-20,1065.54,161.86,906.54,915.24,796.19,792.26,670.87
2016-01-21,1126.12,169.61,988.15,937.93,838.07,846.19,698.66
2016-01-22,1173.68,176.22,1225.82,959.02,918.12,966.63,713.57
2016-01-26,1130.98,165.57,1266.07,974.96,939.17,1002.44,711.53
2016-01-27,1157.74,173.97,1290.12,1102.45,933.52,993.25,693.76
2016-01-28,1217.62,174.15,1332.63,1133.59,964.75,1036.97,709.77
2016-01-29,1150.26,174.68,1352.04,1149.44,975.25,1068.52,727.39
2016-02-01,1155.49,162.4,1347.33,1158.1,976.65,1060.18,732.52
2016-02-03,1163.01,151.96,1304.11,1138.31,1003.78,1018.81,822.41
2016-02-04,1167.44,151.33,1331.98,1125.1,1015.65,1048.25,822.23
2016-02-05,1156.85,146.11,1310.6,1137.46,1000.58,1039.25,798.3
2016-02-08,1142.71,139.01,1247.62,1086.4,960.18,1011.9,759.16
2016-02-09,1136.94,124.63,1165.08,1038.38,919.54,956.83,731.12
2016-02-10,1142.3,116.81,1168.12,943.92,913.23,955.65,728.23
2016-02-11,1076.72,111.22,1144.2,887.59,896.1,931.41,734.81
2016-02-12,1107.31,118.45,1207.76,1001.27,946.94,986.91,780.35
2016-02-16,,,,,974.33,,
2016-02-17,1206.41,131.94,1285.21,1108.8,1008.9,1057.82,826.48
2016-02-18,1179.52,120.75,1263.17,1103.65,994.06,1050.92,815.21
2016-02-19,1170.29,123.61,1244.08,1062.01,986.22,1024.64,817.35
2016-02-22,1187.26,132.14,1305.94,1092.85,1020.23,1090.52,843.33
2016-02-23,1200.86,126.17,1262.86,1055.26,998.0,1050.14,824.63
2016-02-24,1215.14,119.38,1269.27,1085.78,1006.26,1062.2,829.59
2016-02-25,1188.82,108.78,1277.98,1088.71,998.43,1061.38,827.19
2016-02-26,1202.57,116.86,1316.85,1104.52,1009.62,1087.25,814.74
2016-03-01,1233.47,128.48,1435.15,1170.02,1064.92,1164.31,828.58
2016-03-02,1287.73,124.35,1460.44,1186.81,1080.06,1205.98,816.47
2016-03-03,1317.22,141.74,1465.34,1207.05,1097.15,1224.96,825.6
2016-03-04,1350.48,162.58,1501.72,1262.65,1122.88,1210.18,848.81
2016-03-07,1359.05,179.98,1561.26,1301.3,1139.81,1252.21,
2016-03-08,1248.13,164.8,1428.2,1170.82,1045.81,1172.52,794.78
2016-03-09,1274.34,152.04,1465.99,1230.88,1073.54,1198.01,811.81
2016-03-10,1244.15,141.94,1434.34,1206.13,1059.99,1176.99,806.11
2016-03-11,1256.54,159.37,1485.84,1253.05,1099.55,1201.96,848.94
2016-03-14,1358.81,163.44,1486.42,1212.38,1115.87,1215.57,865.79
2016-03-15,1378.16,155.34,1458.29,1198.14,1100.36,1196.22,849.68
2016-03-16,1407.8,158.93,1505.74,1246.38,1138.03,1255.02,892.16
2016-03-17,1445.48,154.6,1553.59,1300.23,1168.53,1282.35,
2016-03-18,1393.46,163.5,1529.21,1283.42,1145.97,1243.85,871.99
2016-03-21,1367.95,158.78,1505.35,1253.57,1121.25,1212.93,849.99
2016-03-23,1333.76,145.94,1416.71,1133.8,1065.62,1167.99,808.35
2016-03-24,1376.33,145.87,1408.14,1197.0,1079.69,1174.23,826.74
2016-03-28,1344.29,145.74,1397.58,1165.37,1062.71,1165.46,812.51
2016-03-30,1371.38,153.51,1401.2,1191.89,1079.69,1199.46,838.71
2016-03-31,1363.52,157.35,1435.05,1215.3,1089.16,1222.24,839.84
2016-04-01,1312.88,155.4,1388.51,1199.53,1062.89,1197.91,827.89
2016-04-04,1304.31,149.17,1367.53,1167.2,1042.81,1182.39,809.58
2016-04-05,1298.39,147.3,1359.83,1164.87,1038.32,1176.79,803.47
2016-04-06,1308.14,151.24,1396.02,1192.16,1062.07,1209.98,820.74
2016-04-07,1271.13,156.48,1381.42,1164.87,1045.4,1197.65,807.59
2016-04-08,1284.14,171.46,1417.66,1211.68,1068.12,1235.15,823.96
2016-04-11,1313.75,183.36,1437.28,1235.75,1079.96,1251.13,827.78
2016-04-13,1367.34,180.66,1544.5,1289.57,1143.95,1304.87,864.58
2016-04-14,1339.92,181.53,1547.37,1273.41,1137.18,1287.05,862.08
2016-04-15,1343.99,184.8,1509.87,1273.42,1122.03,1268.74,854.0
2016-04-18,1339.12,186.16,1530.13,1284.87,1133.0,1312.46,869.9
2016-04-19,1314.12,193.07,1596.58,1323.06,1167.01,1350.14,898.82
2016-04-20,1327.46,190.84,1660.74,1338.04,1193.99,1360.86,906.82
2016-04-21,1313.22,185.92,1669.05,1328.37,1197.76,1376.8,905.58
2016-04-25,1284.52,184.44,1656.92,1320.51,1193.51,1397.31,901.91
2016-04-26,1275.42,185.67,1659.56,1361.63,1194.96,1396.18,906.83
2016-04-27,1250.2,188.66,1656.33,1370.81,1199.7,1426.82,922.74
2016-04-28,1270.6,198.37,1645.95,1366.49,1194.26,1416.4,912.65
2016-04-29,1236.26,202.08,1505.9,1368.0,1137.28,1397.19,898.65
2016-05-02,1211.55,195.17,1512.34,1349.52,1130.39,1398.04,908.73
2016-05-03,1203.3,184.36,1467.08,1298.19,1100.91,1366.27,879.47
2016-05-04,1186.35,184.05,1453.1,1293.5,1093.67,1347.61,872.4
2016-05-05,1162.15,175.1,1424.52,1292.98,1078.79,1315.19,865.66
2016-05-06,1178.1,175.1,1437.96,1308.74,1091.14,1321.7,873.58
2016-05-09,1184.4,168.89,1444.19,1305.39,1095.73,1314.09,880.86
2016-05-10,1200.75,178.53,1513.27,1323.73,1125.32,1362.98,882.52
2016-05-11,1193.46,177.42,1538.07,1356.82,1137.93,1391.84,881.61
2016-05-12,1167.37,167.44,1499.13,1343.95,1115.81,1376.06,864.87
2016-05-13,1180.37,164.91,1474.54,1316.86,1107.13,1359.93,864.61
2016-05-16,1193.11,168.25,1507.98,1363.43,1126.6,1404.1,875.51
2016-05-18,1196.57,159.94,1477.25,1336.05,1100.8,1387.88,833.54
2016-05-19,1248.38,156.71,1490.87,1368.73,1099.53,1395.94,828.46
2016-05-20,1248.38,156.71,1490.87,1368.73,1115.27,1395.94,828.46
2016-05-23,1204.09,156.32,1465.27,1346.63,1100.28,1375.37,827.9
2016-05-24,1119.78,154.63,1475.49,1348.14,1098.35,1384.37,844.97
2016-05-25,1113.46,158.47,1512.74,1403.15,1122.17,1408.84,861.21
2016-05-26,1119.2,156.82,1495.33,1366.58,1112.06,1392.5,857.91
2016-05-27,1136.88,164.82,1501.72,1380.76,1121.14,1401.65,871.26
2016-05-31,1148.83,169.93,1508.31,1413.52,1134.7,1410.88,897.07
2016-06-01,1139.28,168.31,1483.25,1359.01,1110.06,1393.77,880.34
2016-06-02,1134.14,163.35,1488.92,1344.47,1109.04,1403.32,880.6
2016-06-03,1159.99,160.3,1488.37,1349.34,1115.12,1403.96,883.95
2016-06-06,1163.93,167.32,1536.09,1390.3,1144.15,1453.59,906.84
2016-06-07,1168.31,161.72,1564.6,1386.85,1155.69,1472.73,913.12
2016-06-09,1185.27,162.84,1563.77,1389.64,1161.97,1442.99,917.57
2016-06-10,1171.03,155.78,1492.56,1305.19,1113.41,1393.49,882.42
2016-06-13,1154.0,148.44,1438.19,1278.29,1080.67,1348.9,858.34
2016-06-14,1129.38,143.22,1403.62,1258.43,1050.77,1317.17,824.14
2016-06-15,1125.48,138.27,1400.44,1272.9,1049.01,1333.38,815.6
2016-06-16,1134.11,140.13,1378.5,1251.96,1036.82,1322.24,807.3
2016-06-17,1139.61,146.59,1416.62,1274.04,1058.48,1359.64,819.56
2016-06-20,1141.15,178.41,1438.28,1286.77,1072.23,1353.21,828.0
2016-06-21,1129.69,171.9,1429.15,1270.97,1064.18,1358.8,825.0
2016-06-22,1132.03,171.49,1428.01,1242.74,1060.19,1341.36,820.46
2016-06-24,1105.28,165.6,1433.73,1242.68,1054.48,1342.88,810.14
2016-06-27,1038.2,153.89,1337.28,1187.39,993.11,1273.71,767.19
2016-06-28,1070.02,165.86,1389.25,1226.07,1034.53,1329.78,805.77
2016-06-29,1084.44,171.26,1442.41,1260.65,1059.36,1365.05,813.54
2016-06-30,1041.59,169.19,1426.02,1254.27,1046.42,1366.08,802.7
2016-07-01,1078.98,178.34,1475.46,1277.61,1076.17,1385.43,818.92
2016-07-05,1034.18,173.63,1408.55,1218.81,1028.86,1345.09,783.71
2016-07-06,1048.69,176.04,1422.35,1223.42,1037.98,1361.96,791.14
2016-07-07,1051.29,176.9,1407.62,1182.82,1017.03,1349.26,757.46
2016-07-08,1074.0,201.7,1438.59,1220.18,1046.45,1367.38,779.2
2016-07-11,1076.81,202.63,1456.84,1267.84,1060.32,1374.3,792.82
2016-07-12,1121.67,214.41,1512.04,1305.0,1097.24,1414.24,814.94
2016-07-13,1138.34,225.1,1478.48,1267.31,1077.87,1383.92,796.86
2016-07-14,1127.52,222.91,1482.51,1264.33,1072.48,1392.8,794.24
2016-07-15,1141.32,216.89,1476.85,1264.77,1072.4,1395.94,794.03
2016-07-18,1126.33,220.92,1492.59,1273.04,1082.24,1413.15,806.8
2016-07-19,1107.33,222.03,1451.26,1258.82,1057.53,1390.09,791.81
2016-07-20,1113.1,223.73,1459.76,1271.33,1064.96,1386.86,803.65
2016-07-21,1111.51,237.25,1464.91,1286.2,1067.03,1393.73,803.1
2016-07-22,1111.2,231.78,1471.49,1276.16,1061.07,1400.12,793.7
2016-07-25,1113.33,221.06,1495.45,1274.4,1070.14,1401.02,792.59
2016-07-26,1144.3,222.39,1512.53,1289.77,1085.86,1407.13,792.11
2016-07-27,1150.31,218.19,1501.72,1264.88,1077.55,1398.23,779.86
2016-07-28,1153.23,216.64,1476.09,1264.76,1066.42,1393.05,768.88
2016-07-29,1137.42,223.67,1504.82,1281.87,1079.07,1428.39,776.37
2016-08-01,1131.99,282.79,1472.14,1257.02,1060.24,1402.72,749.12
2016-08-02,1103.78,282.3,1441.86,1254.74,1043.78,1373.55,738.32
2016-08-03,1122.89,286.27,1484.32,1285.89,1066.02,1385.73,756.74
2016-08-04,1114.66,284.61,1498.27,1288.59,1070.33,1387.57,754.5
2016-08-05,1132.96,299.85,1522.96,1292.86,1091.3,1398.84,769.97
2016-08-08,1137.87,308.65,1562.55,1319.02,1107.82,1419.84,778.63
2016-08-09,1125.64,297.1,1538.9,1307.31,1094.9,1405.56,769.82
2016-08-10,1118.97,291.24,1540.71,1295.8,1092.72,1400.0,769.07
2016-08-11,1127.21,317.21,1559.61,1326.38,1104.55,1419.26,776.69
2016-08-12,1132.61,315.24,1558.94,1326.9,1108.23,1426.92,780.62
2016-08-15,1140.75,313.93,1606.59,1336.91,1129.86,1462.11,792.97
2016-08-16,1147.14,308.25,1609.67,1331.28,1127.94,1451.87,779.16
2016-08-17,1131.36,329.23,1610.87,1337.72,1116.45,1429.0,764.14
2016-08-18,1154.57,330.4,1640.07,1359.87,1137.07,1450.89,775.22
2016-08-19,1141.58,328.9,1626.07,1341.82,1123.08,1421.72,760.47
2016-08-22,1127.14,334.59,1611.57,1327.09,1112.05,1415.72,751.75
2016-08-23,1128.3,340.06,1634.59,1351.69,1130.49,1439.88,771.71
2016-08-24,1114.7,342.16,1601.53,1312.28,1104.7,1406.22,747.34
2016-08-25,1106.33,357.46,1593.19,1292.47,1093.22,1396.92,728.57
2016-08-26,1097.06,407.92,1597.98,1286.46,1095.12,1407.18,721.0
2016-08-29,1102.92,431.16,1602.33,1301.67,1099.28,1407.84,723.11
2016-08-30,1106.05,403.34,1601.9,1308.78,1102.65,1408.33,736.93
2016-08-31,1093.72,383.57,1619.99,1289.63,1098.81,1414.03,724.03
2016-09-01,1076.03,373.48,1612.76,1266.78,1092.18,1417.73,712.76
2016-09-06,1062.81,388.5,1676.68,1303.64,1132.35,1455.39,743.72
2016-09-07,1077.62,406.48,1692.43,1323.82,1142.52,1464.08,754.24
2016-09-08,1094.97,441.63,1729.92,1305.56,1161.04,1495.51,770.5
2016-09-09,1046.26,424.26,1690.77,1250.6,1120.1,1471.51,733.93
2016-09-12,1055.95,424.5,1681.12,1256.48,1124.64,1464.4,737.97
2016-09-13,1033.04,408.52,1633.9,1218.07,1092.6,1429.37,718.07
2016-09-14,1029.64,389.64,1628.75,1222.65,1086.11,1430.97,707.12
2016-09-15,1025.3,387.17,1645.92,1214.4,1097.27,1443.6,712.02
2016-09-19,1048.33,389.34,1641.3,1233.31,1100.77,1421.76,721.89
2016-09-20,1041.05,392.56,1629.36,1228.75,1088.2,1419.43,703.92
2016-09-21,1058.52,403.54,1659.15,1246.38,1109.8,1445.55,718.58
2016-09-23,1078.21,409.72,1624.59,1233.3,1095.84,1454.34,722.57
2016-09-26,1051.3,402.95,1622.59,1231.28,1089.61,1464.84,720.43
2016-09-27,1040.56,398.29,1629.86,1190.52,1087.11,1468.07,712.25
2016-09-29,1021.85,391.45,1681.21,1220.81,1112.21,1507.55,714.81
2016-09-30,1040.6,389.28,1706.28,1242.88,1133.61,1526.58,729.23
2016-10-03,1054.51,383.3,1708.33,1242.35,1132.81,1521.23,722.03
2016-10-04,986.54,375.6,1695.61,1247.09,1121.98,1512.69,721.76
2016-10-05,1002.47,385.01,1731.14,1253.74,1142.77,1523.76,735.87
2016-10-06,1013.6,388.3,1740.65,1254.64,1151.46,1509.28,748.14
2016-10-07,995.91,376.55,1743.64,1236.38,1142.22,1514.94,738.75
2016-10-10,1015.96,367.87,1778.21,1252.86,1165.56,1538.67,748.12
2016-10-11,1005.42,354.12,1776.04,1236.63,1159.07,1531.26,733.39
2016-10-12,1007.38,353.08,1763.12,1230.65,1153.45,1524.86,718.67
2016-10-13,1005.08,346.97,1740.78,1214.78,1141.23,1517.48,707.99
2016-10-14,1011.5,345.26,1779.49,1196.0,1158.85,1556.09,715.3
2016-10-17,1003.3,336.17,1783.93,1174.06,1164.0,1559.27,723.35
2016-10-18,977.92,338.22,1834.9,1193.16,1184.67,1577.19,732.12
2016-10-19,973.83,339.96,1862.84,1202.08,1201.13,1584.48,738.07
2016-10-20,980.79,341.84,1865.6,1209.68,1205.94,1592.88,741.08
2016-10-21,963.98,334.92,1853.0,1193.45,1193.26,1574.33,731.35
2016-10-24,972.75,333.92,1861.94,1171.13,1197.28,1597.62,727.99
2016-10-25,970.53,325.35,1832.3,1155.39,1184.02,1580.51,723.5
2016-10-27,954.75,325.87,1816.81,1134.23,1169.76,1557.32,706.37
2016-10-28,948.17,331.04,1761.54,1078.73,1140.15,1527.77,691.06
2016-10-31,929.71,332.44,1725.04,1056.53,1113.74,1499.98,675.82
2016-11-01,880.98,330.2,1698.95,1055.17,1098.23,1488.2,675.61
2016-11-02,806.28,322.55,1641.73,1035.38,1056.58,1443.83,649.75
2016-11-03,776.63,323.63,1644.03,1031.87,1057.89,1427.31,655.4
2016-11-04,745.59,318.88,1625.83,1044.97,1047.28,1407.51,651.47
2016-11-07,714.86,321.38,1663.02,1070.82,1064.92,1434.45,663.12
2016-11-08,674.17,328.4,1665.7,1061.78,1065.78,1428.62,664.01
2016-11-09,687.11,347.19,1704.23,1091.39,1097.5,1474.8,691.02
2016-11-10,702.15,383.53,1750.75,1111.47,1127.06,1465.21,715.06
2016-11-11,713.15,420.81,1784.82,1104.39,1133.18,1480.45,704.87
2016-11-14,743.15,493.79,1781.47,1128.72,1141.68,1506.1,704.75
2016-11-15,787.2,637.04,1842.84,1146.16,1177.98,1530.12,706.47
2016-11-16,796.26,727.41,1834.62,1147.78,1190.49,1500.72,720.27
2016-11-17,708.72,464.63,1812.25,1137.11,1128.69,1474.0,704.59
2016-11-18,738.8,452.2,1835.49,1158.72,1156.49,1503.25,709.89
2016-11-21,742.51,438.44,1865.99,1199.62,1179.13,1551.25,730.32
2016-11-22,736.15,423.2,1867.42,1216.44,1178.54,1548.06,720.01
2016-11-23,744.31,438.56,1894.41,1207.94,1194.68,1580.87,714.7
2016-11-25,741.34,425.08,1844.39,1185.61,1175.23,1560.33,715.71
2016-11-28,728.78,433.12,1787.99,1173.48,1145.46,1549.46,704.59
2016-11-30,663.54,422.16,1839.54,1225.28,1153.52,1593.73,695.92
2016-12-01,650.9,422.03,1825.59,1210.3,1158.14,1571.35,680.75
2016-12-02,649.21,419.89,1831.38,1227.72,1164.98,1588.86,686.71
2016-12-05,659.47,425.92,1845.15,1252.88,1184.54,1596.8,701.74
2016-12-06,677.01,442.57,1838.41,1276.16,1188.28,1600.56,707.52
2016-12-07,690.05,436.33,1827.29,1272.93,1182.59,1596.66,717.01
2016-12-09,706.27,425.23,1841.43,1246.87,1185.15,1596.7,720.16
2016-12-12,708.17,412.69,1828.7,1219.64,1170.39,1590.61,699.35
2016-12-13,704.4,401.43,1849.28,1228.4,1186.22,1602.81,714.37
2016-12-14,682.29,384.05,1786.7,1215.36,1153.81,1570.87,701.35
2016-12-15,706.36,421.81,1806.17,1231.82,1171.66,1587.35,714.71
2016-12-16,675.14,411.43,1839.35,1243.46,1175.23,1615.75,715.0
2016-12-19,673.29,409.17,1803.58,1240.33,1163.1,1601.04,703.34
2016-12-20,668.01,400.78,1828.49,1238.93,1171.87,1607.79,708.13
2016-12-21,663.4,403.49,1838.29,1237.12,1181.29,1604.48,717.48
2016-12-23,652.75,418.1,1812.79,1246.59,1164.97,1594.98,724.49
2016-12-27,654.77,420.21,1810.6,1260.64,1164.87,1611.14,728.73
2016-12-28,675.21,415.59,1828.56,1241.51,1168.76,1608.9,727.2
2016-12-29,675.59,416.61,1838.95,1243.28,1176.0,1636.01,727.79
2016-12-30,672.9,417.38,1842.6,1258.48,1182.24,1665.88,731.19
2017-01-03,708.8,444.57,1877.12,1285.67,1215.7,1681.56,763.4
2017-01-04,720.67,462.22,1900.77,1300.47,1220.63,1682.66,762.15
2017-01-05,716.39,470.21,1890.56,1285.71,1210.51,1637.92,745.61
2017-01-06,709.45,485.31,1907.86,1281.8,1215.01,1660.28,774.92
2017-01-09,745.06,481.48,1895.6,1262.96,1214.54,1656.82,768.71
2017-01-10,751.24,486.73,1874.68,1277.04,1208.43,1639.5,767.27
2017-01-11,794.82,496.16,1914.67,1317.42,1232.7,1656.22,774.04
2017-01-12,808.09,500.67,1907.6,1320.01,1231.75,1650.64,770.48
2017-01-13,844.38,518.51,1927.5,1313.48,1244.2,1652.69,773.02
2017-01-17,830.7,521.23,1920.22,1317.84,1238.48,1646.51,769.38
2017-01-18,814.92,566.27,1935.79,1337.21,1252.93,1654.85,774.47
2017-01-19,805.36,584.15,1944.77,1339.14,1256.68,1676.01,774.92
2017-01-20,816.31,628.83,1986.03,1366.62,1284.94,1686.45,783.19
2017-01-23,789.37,648.0,1995.53,1352.63,1277.82,1698.81,761.76
2017-01-24,777.48,629.38,2022.76,1386.64,1295.95,1736.18,775.45
2017-01-25,752.7,635.37,2059.95,1412.27,1317.98,1741.76,774.83
2017-01-26,748.43,628.71,2076.04,1377.67,1322.62,1760.85,764.55
2017-01-27,745.15,604.37,2067.79,1391.91,1322.65,1779.36,762.52
2017-01-30,706.79,587.37,2016.42,1344.05,1296.42,1766.4,761.05
2017-01-31,702.97,594.7,2014.05,1312.38,1288.53,1776.35,760.08
2017-02-01,629.58,593.77,2054.48,1288.51,1288.16,1788.67,749.73
2017-02-02,571.48,583.85,2032.42,1246.1,1279.34,1782.45,747.15
2017-02-03,565.99,600.18,2067.57,1273.42,1302.34,1790.49,754.57
2017-02-08,530.37,575.85,1992.43,1253.14,1255.0,1723.74,737.48
2017-02-09,547.45,583.48,2029.54,1271.7,1279.51,1750.69,740.27
2017-02-10,560.72,581.74,2089.99,1289.52,1312.29,1771.6,752.4
2017-02-13,596.47,595.41,2080.8,1302.52,1316.91,1772.21,754.57
2017-02-14,618.5,604.41,2087.66,1320.93,1318.13,1787.03,760.04
2017-02-15,639.14,593.98,2070.99,1309.72,1306.15,1790.61,758.32
2017-02-16,612.65,575.76,2042.97,1278.76,1288.94,1795.06,759.11
2017-02-17,623.91,582.24,2029.33,1271.89,1287.57,1780.59,760.18
2017-02-21,627.46,637.04,2075.43,1318.22,1315.36,1819.25,768.1
2017-02-22,606.32,649.25,2034.67,1301.3,1294.68,1800.79,764.05
2017-02-23,594.89,658.61,2061.15,1280.84,1301.27,1802.77,761.95
2017-02-24,606.03,642.59,2033.19,1264.99,1289.03,1801.19,748.19
2017-02-27,612.44,639.22,2018.77,1279.2,1286.54,1781.61,751.26
2017-02-28,609.09,654.2,2028.65,1282.95,1290.53,1765.79,749.95
2017-03-01,618.68,679.78,2080.84,1311.84,1321.36,1789.68,758.37
2017-03-02,628.29,679.87,2051.93,1287.23,1308.97,1781.09,758.78
2017-03-03,630.48,690.04,2063.64,1287.82,1315.12,1794.21,761.29
2017-03-07,586.43,632.48,2081.43,1285.67,1309.84,1767.58,752.15
2017-03-08,566.11,618.72,2030.56,1267.26,1290.6,1740.15,752.0
2017-03-09,560.36,599.07,2010.29,1259.83,1271.24,1711.62,747.18
2017-03-10,569.22,623.57,2009.48,1263.42,1275.3,1719.41,746.1
2017-03-13,575.3,652.46,2011.43,1264.37,1275.79,1715.87,746.4
2017-03-14,571.59,654.52,1974.35,1221.78,1251.4,1700.62,737.71
2017-03-15,578.9,683.1,2010.36,1254.01,1273.86,1725.17,746.68
2017-03-16,594.75,732.3,2004.2,1253.97,1281.58,1726.73,757.05
2017-03-17,598.18,739.65,2020.24,1257.55,1279.52,1717.31,764.02
2017-03-20,564.83,737.79,2036.03,1260.6,1279.6,1719.87,761.36
2017-03-22,520.07,660.35,1960.66,1223.83,1239.88,1678.61,743.69
2017-03-23,534.24,676.35,1996.12,1241.53,1259.26,1695.53,751.6
2017-03-24,540.8,690.26,2016.96,1236.18,1271.52,1710.25,753.57
2017-03-27,535.11,687.83,1985.7,1222.41,1256.14,1690.72,747.09
2017-03-28,555.79,744.09,2027.61,1240.93,1287.08,1730.38,760.21
2017-03-29,574.43,740.8,2060.58,1258.14,1299.02,1742.98,765.8
2017-03-30,575.79,743.84,2071.07,1269.5,1304.57,1748.1,765.49
2017-03-31,588.72,741.06,2066.33,1256.62,1305.07,1756.58,771.6
2017-04-03,567.84,727.4,2055.3,1258.68,1296.48,1742.26,770.65
2017-04-04,565.0,726.57,2053.66,1229.67,1292.27,1733.05,759.44
2017-04-05,551.0,709.29,2003.78,1203.91,1265.73,1704.74,749.84
2017-04-06,564.54,770.36,2028.9,1205.99,1290.7,1721.74,764.75
2017-04-07,548.6,805.23,2021.96,1193.79,1285.65,1719.86,765.13
2017-04-10,590.4,833.32,2062.92,1244.61,1315.76,1730.25,787.96
2017-04-11,604.6,818.01,2065.16,1254.12,1311.01,1735.88,782.38
2017-04-12,587.66,776.05,2030.19,1227.0,1284.49,1722.03,770.37
2017-04-13,594.13,758.66,1989.98,1205.07,1262.95,1702.61,757.56
2017-04-17,598.87,751.74,1979.78,1223.41,1261.12,1701.57,765.52
2017-04-18,590.39,702.19,1999.31,1217.97,1257.39,1714.44,765.42
2017-04-19,566.68,671.77,1959.23,1195.92,1241.13,1695.35,764.19
2017-04-20,562.08,648.66,1961.23,1205.56,1241.93,1713.78,775.28
2017-04-21,557.04,647.75,1956.18,1201.23,1239.87,1716.15,770.04
2017-04-24,544.26,651.42,1981.66,1216.05,1254.76,1734.54,788.15
2017-04-25,556.68,655.15,2009.68,1222.61,1269.24,1746.61,793.98
2017-04-26,579.04,671.72,1995.4,1222.57,1267.24,1743.18,794.48
2017-04-27,620.66,670.05,1967.94,1215.51,1253.56,1734.79,792.73
2017-04-28,604.23,646.57,1959.08,1215.4,1237.59,1739.27,784.91
2017-05-01,629.95,647.4,1983.03,1193.68,1248.46,1767.4,780.82
2017-05-02,645.69,637.94,1987.47,1174.93,1248.05,1749.04,776.2
2017-05-03,632.9,592.91,1955.52,1179.04,1222.48,1708.97,758.6
2017-05-04,619.72,545.95,1896.19,1155.22,1187.87,1656.74,738.58
2017-05-05,614.2,568.67,1942.09,1184.86,1215.69,1702.54,742.05
2017-05-08,635.55,576.6,1953.29,1185.39,1225.43,1683.04,740.93
2017-05-09,623.34,581.87,1929.53,1181.88,1216.71,1662.17,745.83
2017-05-10,630.92,589.39,1968.04,1198.47,1230.86,1684.53,751.03
2017-05-11,617.61,576.71,1958.28,1184.47,1222.78,1672.6,743.5
2017-05-12,599.83,570.47,1966.35,1180.12,1226.91,1671.77,744.73
2017-05-15,603.29,556.65,2003.47,1199.7,1242.77,1684.55,743.45
2017-05-16,596.32,556.18,1984.89,1179.32,1238.62,1676.03,742.05
2017-05-17,595.84,550.35,1926.78,1158.49,1207.6,1645.22,734.99
2017-05-18,582.2,555.36,1926.4,1136.81,1195.71,1631.38,719.02
2017-05-19,611.59,587.34,1979.59,1176.79,1235.1,1673.43,732.53
2017-05-23,625.74,590.65,1988.62,1158.0,1237.71,1684.47,728.44
2017-05-24,609.61,565.3,1958.51,1136.51,1212.33,1652.01,710.52
2017-05-25,564.23,548.72,1934.64,1121.37,1194.49,1653.64,706.24
2017-05-26,567.31,563.91,1930.12,1111.83,1193.81,1660.9,695.97
2017-05-30,535.4,543.42,1859.77,1122.67,1156.61,1617.08,685.09
2017-05-31,527.69,527.49,1780.41,1137.72,1122.71,1584.51,685.73
2017-06-01,557.17,548.26,1812.99,1183.01,1139.21,1626.12,697.07
2017-06-02,536.82,527.77,1777.68,1157.45,1110.99,1616.33,678.87
2017-06-05,532.93,528.87,1776.5,1136.54,1113.95,1621.7,682.33
2017-06-06,531.44,539.24,1786.44,1148.48,1122.85,1629.37,687.86
2017-06-07,526.41,530.65,1742.89,1129.96,1098.23,1604.56,675.09
2017-06-08,531.92,556.49,1722.96,1142.22,1095.41,1586.14,679.65
2017-06-09,556.98,588.35,1763.33,1149.97,1111.09,1587.18,680.81
2017-06-12,562.35,581.41,1799.87,1161.42,1130.74,1656.03,701.91
2017-06-13,572.79,593.46,1815.09,1176.27,1151.06,1687.16,720.39
2017-06-14,575.85,571.56,1746.15,1089.85,1111.63,1647.8,714.41
2017-06-15,545.78,536.94,1686.83,1062.08,1070.04,1604.89,701.53
2017-06-19,567.06,553.46,1708.32,1071.79,1091.7,1622.32,717.91
2017-06-20,552.27,546.25,1678.54,1054.77,1069.78,1597.95,708.43
2017-06-21,552.08,543.87,1704.11,1047.41,1077.25,1597.32,703.55
2017-06-22,557.08,558.32,1726.65,1064.73,1097.25,1620.51,713.96
2017-06-23,579.47,581.91,1763.74,1084.23,1118.48,1651.23,724.2
2017-06-26,582.21,583.23,1773.43,1080.36,1116.53,1658.32,714.8
2017-06-27,579.63,592.02,1754.02,1082.5,1112.1,1628.95,713.02
2017-06-28,598.01,588.98,1783.9,1106.17,1123.51,1642.15,716.19
2017-06-30,640.13,605.49,1783.15,1143.68,1136.18,1646.64,723.57
2017-07-03,668.94,611.42,1880.58,1188.9,1177.7,1733.79,735.27
2017-07-05,628.61,587.55,1854.95,1133.81,1157.88,1701.44,716.4
2017-07-06,634.29,569.36,1837.17,1126.03,1152.6,1689.61,714.46
2017-07-07,594.15,563.62,1818.56,1087.19,1137.03,1668.18,709.99
2017-07-10,590.76,567.28,1824.93,1094.97,1143.91,1677.79,712.88
2017-07-11,602.06,592.94,1830.83,1105.16,1155.14,1694.76,719.24
2017-07-12,615.99,618.24,1839.41,1104.3,1161.89,1701.53,729.13
2017-07-13,627.99,639.88,1880.86,1126.61,1180.18,1709.13,734.43
2017-07-14,614.23,640.7,1877.54,1130.53,1181.4,1715.74,735.16
2017-07-17,606.01,648.91,1892.63,1148.81,1189.6,1735.79,734.58
2017-07-18,580.61,632.49,1894.57,1139.07,1185.27,1744.22,735.09
2017-07-19,596.36,639.0,1924.87,1163.19,1208.56,1757.28,742.49
2017-07-20,590.91,624.35,1913.98,1165.06,1203.48,1749.29,739.21
2017-07-21,580.74,624.57,1902.79,1144.9,1195.46,1756.58,729.56
2017-07-24,576.76,615.41,1928.96,1167.48,1207.98,1776.74,730.98
2017-07-25,592.82,648.0,1950.02,1181.29,1231.0,1792.9,738.54
2017-07-26,566.29,633.76,1946.43,1162.9,1211.7,,690.17
2017-07-27,567.19,609.26,1966.1,1200.07,1222.37,1793.71,689.13
2017-07-28,567.06,611.84,1986.58,1194.33,1244.63,1824.17,694.8
2017-07-31,573.35,630.72,1986.93,1207.7,1245.36,1812.86,686.57
2017-08-01,589.81,657.1,1974.68,1225.17,1242.69,1802.55,678.07
2017-08-02,599.59,659.01,1937.97,1226.76,1224.47,1758.3,678.39
2017-08-03,584.34,638.91,1860.53,1213.99,1178.66,1714.1,663.45
2017-08-04,598.92,652.27,1878.09,1219.36,1186.98,1724.86,667.58
2017-08-07,594.9,674.66,1868.69,1229.57,1186.36,1724.75,665.57
2017-08-08,588.49,668.42,1829.73,1217.83,1165.52,1695.07,662.36
2017-08-09,581.26,662.21,1831.45,1204.86,1160.26,1693.6,658.99
2017-08-10,569.57,665.14,1791.01,1185.78,1144.02,1679.69,659.24
2017-08-11,567.42,679.71,1795.76,1204.26,1145.09,1692.89,654.82
2017-08-14,584.9,709.25,1804.86,1211.35,1155.78,1696.32,654.35
2017-08-15,579.47,693.82,1781.59,1186.81,1136.53,1668.21,645.77
2017-08-16,583.21,731.29,1773.84,1177.82,1140.21,1663.75,642.92
2017-08-17,579.23,707.36,1768.42,1171.7,1128.15,1652.26,637.74
2017-08-18,591.02,718.45,1772.94,1180.21,1135.9,1654.71,636.36
2017-08-21,581.39,715.06,1759.29,1157.73,1123.6,1639.96,630.81
2017-08-22,590.39,733.27,1798.89,1180.08,1150.18,1666.19,644.36
2017-08-23,631.89,740.25,1822.68,1202.09,1169.12,1688.17,654.51
2017-08-24,634.41,738.99,1824.01,1202.45,1168.94,1690.06,660.45
2017-08-25,621.24,802.78,1837.16,1213.09,1188.53,1706.53,676.27
2017-08-28,617.84,778.66,1820.77,1204.89,1168.77,1689.55,674.37
2017-08-29,617.0,770.76,1823.73,1205.6,1168.64,1690.7,675.18
2017-08-30,606.56,753.22,1808.6,1158.95,1151.27,1686.98,657.99
2017-08-31,605.31,757.23,1840.54,1154.39,1168.25,1707.92,665.44
2017-09-01,615.09,762.65,1844.39,1145.04,1175.28,1723.51,672.35
2017-09-05,596.34,743.28,1817.43,1137.49,1149.97,1703.49,660.21
2017-09-06,592.28,766.12,1818.94,1176.09,1161.37,1707.6,670.11
2017-09-07,576.87,757.21,1817.68,1174.59,1151.08,1684.77,666.37
2017-09-08,579.0,762.39,1804.19,1164.12,1144.43,1682.52,657.92
2017-09-11,586.4,762.58,1808.05,1169.88,1143.3,1681.83,652.64
2017-09-12,585.9,732.61,1801.1,1164.65,1136.25,1683.5,657.17
2017-09-13,586.36,701.4,1820.31,1220.81,1144.99,1690.53,662.17
2017-09-14,577.87,712.78,1823.72,1247.91,1156.34,1697.89,664.11
2017-09-15,587.4,716.06,1826.7,1225.31,1153.15,1691.8,658.4
2017-09-18,606.42,711.45,1830.32,1230.69,1154.02,1700.87,657.13
2017-09-19,599.03,713.23,1821.17,1229.51,1158.56,1708.62,673.63
2017-09-20,600.08,726.83,1852.07,1235.66,1170.9,1729.25,675.58
2017-09-21,601.02,700.75,1836.81,1233.11,1159.33,1715.05,667.09
2017-09-22,592.88,693.1,1854.12,1229.42,1167.32,1722.91,673.58
2017-09-25,593.41,651.62,1854.64,1236.73,1153.86,1709.55,666.6
2017-09-26,601.07,646.65,1867.12,1242.38,1166.92,1716.7,667.41
2017-09-27,608.72,655.07,1875.06,1255.65,1178.16,1719.5,677.38
2017-09-28,606.31,650.5,1885.82,1250.37,1177.71,1726.28,674.49
2017-09-29,598.49,635.15,1902.24,1249.26,1163.23,1629.67,646.29
2017-10-02,603.19,630.34,1916.37,1265.04,1174.23,1628.58,650.89
2017-10-03,600.27,664.18,1917.16,1271.53,1178.84,1620.02,647.03
2017-10-04,591.33,663.23,1905.79,1262.74,1166.49,1623.11,642.5
2017-10-05,585.97,674.53,1920.14,1266.46,1177.37,1641.73,652.96
2017-10-06,579.63,665.96,1907.14,1240.5,1166.03,1637.76,645.5
2017-10-09,585.97,636.49,1888.86,1258.6,1153.6,1637.04,641.57
2017-10-10,600.26,645.81,1886.46,1248.73,1156.97,1632.81,648.58
2017-10-11,613.15,642.94,1896.88,1248.38,1157.52,1628.88,648.23
2017-10-12,614.61,640.75,1917.68,1255.94,1167.54,1641.57,649.01
2017-10-13,604.95,662.42,1908.7,1268.57,1173.34,1631.77,655.14
2017-10-16,621.63,679.06,1912.71,1276.44,1177.35,1629.81,665.71
2017-10-17,625.75,669.8,1893.93,1283.14,1163.13,1615.72,661.56
2017-10-18,623.78,679.27,1881.66,1276.17,1156.62,1610.49,659.11
2017-10-19,620.37,677.61,1871.75,1267.68,1148.64,1612.86,654.43
2017-10-20,612.1,693.66,1873.07,1267.57,1151.74,1616.92,653.59
2017-10-23,605.19,699.53,1841.66,1250.91,1136.08,1605.65,646.06
2017-10-24,592.47,694.64,1836.82,1242.95,1130.58,1613.26,648.74
2017-10-25,584.47,686.92,1800.58,1226.75,1111.78,1586.27,639.9
2017-10-26,582.09,674.14,1798.93,1248.95,1106.34,1592.92,638.73
2017-10-27,598.52,690.33,1819.35,1266.83,1125.08,1605.1,650.03
2017-10-30,597.1,680.62,1843.17,1264.35,1127.17,1601.17,643.98
2017-10-31,593.9,683.5,1835.89,1261.82,1130.66,1587.19,644.53
2017-11-01,568.55,669.5,1844.12,1278.17,1130.55,1572.84,648.57
2017-11-02,550.11,658.63,1828.59,1268.9,1124.49,1551.53,647.35
2017-11-03,551.67,646.27,1859.56,1264.66,1130.47,1555.97,640.32
2017-11-06,568.11,680.34,1906.84,1292.86,1166.36,1594.65,645.9
2017-11-07,560.71,667.51,1928.31,1281.61,1165.24,1581.49,629.72
2017-11-08,540.64,649.48,1902.33,1287.5,1154.79,1554.04,630.0
2017-11-09,542.48,645.36,1931.61,1312.2,1165.72,1564.16,627.78
2017-11-10,537.65,642.67,1931.33,1309.82,1170.08,1569.78,624.11
2017-11-13,516.58,635.1,1911.04,1295.4,1158.28,1545.48,617.25
2017-11-14,508.24,597.32,1864.78,1258.92,1129.06,1505.13,606.95
2017-11-15,500.3,592.19,1855.56,1274.22,1127.69,1520.8,608.95
2017-11-16,508.43,598.72,1848.18,1277.15,1126.92,1508.02,608.08
2017-11-17,512.25,617.07,1888.61,1280.34,1146.31,1532.73,614.71
2017-11-20,519.15,625.6,1880.34,1274.63,1145.91,1519.94,618.7
2017-11-21,511.11,635.08,1871.21,1270.63,1142.06,1513.37,624.82
2017-11-22,522.89,641.72,1900.56,1295.59,1154.4,1517.08,622.17
2017-11-24,521.52,654.9,1911.42,1326.73,1169.69,1531.77,627.86
2017-11-27,512.95,652.72,1898.83,1332.1,1161.9,1524.54,619.4
2017-11-28,511.67,644.73,1921.31,1342.29,1169.61,1532.78,614.06
2017-11-29,510.52,645.13,1927.72,1350.62,1174.74,1525.28,604.87
2017-11-30,517.78,653.32,1905.0,1302.5,1152.93,1500.52,585.09
2017-12-01,525.89,674.08,1885.13,1291.95,1147.9,1497.98,592.16
2017-12-04,527.41,684.83,1896.37,1287.66,1148.54,1506.92,595.22
2017-12-05,516.06,660.13,1880.31,1284.34,1135.42,1499.26,585.72
2017-12-06,507.33,660.47,1868.22,1257.51,1129.42,1480.23,568.28
2017-12-07,510.43,661.77,1897.88,1262.64,1145.76,1501.52,569.67
2017-12-08,514.49,669.04,1912.4,1241.16,1154.91,1493.43,571.95
2017-12-11,520.07,703.94,1965.82,1247.55,1181.97,1517.99,571.68
2017-12-12,518.32,722.24,1990.96,1260.31,1199.9,1525.85,580.51
2017-12-13,515.93,704.64,2008.88,1262.35,1200.08,1534.03,570.9
2017-12-14,515.89,682.27,2034.57,1262.05,1213.95,1558.16,570.85
2017-12-15,524.4,690.95,2063.24,1271.5,1236.25,1565.55,574.21
2017-12-18,553.93,700.08,2143.77,1280.68,1272.85,1617.04,576.05
2017-12-19,563.38,689.82,2139.26,1283.4,1276.67,1613.34,571.58
2017-12-20,574.92,678.49,2165.16,1279.04,1287.72,1623.51,571.16
2017-12-21,594.01,697.09,2172.88,1287.28,1302.66,1620.01,581.89
2017-12-22,590.29,691.82,2179.05,1295.81,1300.9,1632.55,594.55
2017-12-26,578.24,683.29,2202.43,1315.29,1311.43,1646.22,601.91
2017-12-27,568.93,692.45,2215.05,1317.98,1325.43,1648.27,611.53
2017-12-28,572.99,701.07,2228.95,1340.2,1334.85,1665.55,616.3
2017-12-29,567.41,701.81,2224.0,1319.63,1330.25,1667.5,615.13
2018-01-02,593.65,721.04,2274.25,1347.28,1363.75,1691.95,633.32
2018-01-03,595.85,742.49,2284.08,1346.32,1368.7,1693.59,635.44
2018-01-04,601.75,759.21,2279.88,1336.39,1369.52,1700.3,646.05
2018-01-05,599.2,755.1,2234.21,1339.57,1342.78,1681.67,636.82
2018-01-08,604.35,763.76,2227.44,1334.52,1336.77,1688.06,628.55
2018-01-09,594.61,751.15,2206.96,1312.37,1324.75,1680.31,629.85
2018-01-10,605.11,735.54,2174.24,1332.17,1308.12,1661.75,626.61
2018-01-11,619.15,727.64,2203.84,1357.21,1314.71,1655.5,623.74
2018-01-12,618.51,746.72,2236.84,1364.11,1336.12,1677.5,628.2
2018-01-16,608.77,740.47,2178.38,1345.19,1309.95,1666.83,623.21
2018-01-17,597.99,740.97,2178.75,1350.81,1306.2,1663.37,622.63
2018-01-18,593.13,733.46,2159.86,1339.45,1297.53,1649.28,619.59
2018-01-19,594.3,741.43,2192.21,1348.13,1312.81,1673.28,622.13
2018-01-22,599.25,772.86,2252.73,1377.15,1347.59,1697.22,623.02
2018-01-23,589.37,765.81,2246.09,1381.89,1346.71,1690.54,623.45
2018-01-24,619.59,758.2,2203.36,1319.99,1324.93,1672.66,619.0
2018-01-25,652.7,758.55,2174.85,1303.89,1311.69,1661.98,625.24
2018-01-26,659.25,768.92,2179.33,1295.74,1308.87,1661.29,624.0
2018-01-29,644.79,750.04,2143.92,1289.56,1289.27,1630.53,613.76
2018-01-30,636.61,715.73,2098.05,1279.53,1265.51,1609.28,608.32
2018-01-31,618.51,712.89,2090.1,1254.18,1258.26,1605.89,596.68
2018-02-01,630.15,710.24,2114.83,1261.6,1275.27,1622.41,591.12
2018-02-02,611.56,693.41,2047.78,1230.0,1243.6,1587.65,573.62
2018-02-05,589.03,668.43,1999.19,1193.99,1210.36,1564.82,555.64
2018-02-06,619.61,684.96,2045.26,1207.2,1242.27,1579.34,566.94
2018-02-07,613.29,686.98,2037.41,1217.37,1240.63,1571.56,572.01
2018-02-08,595.81,660.4,1974.33,1194.7,1201.92,1532.0,558.02
2018-02-09,597.92,678.81,1947.24,1191.79,1194.47,1523.57,558.71
2018-02-12,604.51,709.06,2025.54,1235.84,1237.17,1567.79,587.26
2018-02-13,605.45,708.41,2034.34,1217.88,1236.14,1540.23,581.4
2018-02-14,615.6,719.49,2094.07,1238.4,1267.62,1555.88,592.66
2018-02-15,619.98,736.88,2102.95,1236.69,1276.2,1567.4,590.62
2018-02-16,620.16,732.35,2027.44,1228.95,1242.16,1544.35,591.19
2018-02-20,608.06,761.48,2002.66,1234.39,1228.51,1536.64,591.99
2018-02-21,597.36,765.25,1999.72,1228.43,1223.11,1535.82,593.92
2018-02-22,582.46,771.75,1995.33,1239.45,1221.65,1522.63,596.57
2018-02-23,585.74,762.51,2027.81,1252.36,1227.37,1518.31,590.42
2018-02-26,591.63,771.61,2024.14,1246.91,1229.9,1523.08,585.25
2018-02-27,586.99,766.58,2001.4,1228.23,1211.79,1508.78,573.45
2018-02-28,539.35,759.25,1948.12,1191.03,1181.86,1470.7,561.68
2018-03-01,551.4,769.68,1975.53,1188.48,1192.89,1500.48,568.58
2018-03-02,552.14,772.72,1986.38,1210.42,1205.54,1499.53,580.64
2018-03-05,553.6,783.18,2021.4,1220.66,1220.51,1494.88,581.48
2018-03-06,540.9,794.32,2016.18,1224.43,1222.06,1475.05,584.49
2018-03-07,541.19,772.09,2002.19,1223.79,1208.66,1468.63,582.82
2018-03-08,544.89,776.43,2005.36,1214.54,1214.85,1477.62,577.57
2018-03-09,541.69,785.65,2049.08,1239.3,1239.38,1487.2,583.4
2018-03-12,542.88,802.99,2083.8,1259.21,1265.26,1492.67,595.71
2018-03-13,535.29,791.15,2088.6,1249.8,1260.62,1499.02,595.69
2018-03-14,572.34,792.88,2055.96,1243.89,1251.09,1480.47,589.48
2018-03-15,589.06,771.19,2016.53,1215.0,1222.7,1462.69,581.41
2018-03-16,610.26,772.15,2037.52,1222.12,1233.26,1481.94,590.94
2018-03-19,585.64,759.06,1973.63,1188.63,1197.99,1447.41,581.19
2018-03-20,581.5,753.12,1948.97,1185.15,1183.64,1429.19,579.07
2018-03-21,605.36,766.04,1986.97,1211.16,1206.4,1443.81,589.65
2018-03-22,589.01,745.3,1954.65,1176.51,1183.25,1427.63,579.34
2018-03-23,577.67,722.47,1921.2,1180.53,1168.59,1434.57,581.61
2018-03-26,573.61,742.99,1939.27,1206.4,1173.57,1386.85,589.87
2018-03-27,568.27,732.76,1914.93,1195.2,1158.61,1377.71,579.49
2018-03-28,568.16,701.1,1882.04,1183.85,1139.22,1368.58,572.53
2018-03-29,586.15,720.52,1920.45,1200.82,1163.6,1387.32,574.97
2018-04-02,594.27,709.66,1901.14,1178.34,1152.41,1380.21,566.97
2018-04-03,608.54,705.3,1962.01,1205.91,1191.24,1446.78,578.91
2018-04-04,600.11,689.49,1944.39,1206.48,1187.72,1446.56,583.71
2018-04-05,625.44,716.49,2016.32,1227.49,1225.04,1476.69,591.41
2018-04-06,616.83,687.93,1986.48,1201.07,1203.53,1464.07,577.99
2018-04-09,605.92,684.04,1962.4,1200.1,1195.83,1447.4,578.97
2018-04-10,618.2,717.37,2022.14,1236.08,1231.04,1473.71,594.85
2018-04-11,617.95,712.46,2039.53,1243.22,1235.93,1481.06,601.46
2018-04-12,617.63,725.49,2024.4,1235.3,1229.08,1476.59,598.68
2018-04-13,615.38,738.88,2031.64,1240.07,1228.61,1476.76,594.53
2018-04-16,627.35,742.29,2041.3,1243.92,1237.41,1494.49,605.32
2018-04-17,622.92,744.45,2042.51,1247.58,1237.32,1494.2,604.92
2018-04-18,634.6,775.71,2066.41,1261.03,1257.19,1505.07,607.99
2018-04-19,632.68,776.03,2120.13,1227.39,1271.83,1508.11,608.34
2018-04-20,676.48,778.75,2191.18,1208.11,1306.79,1522.54,612.0
2018-04-23,682.42,800.11,2160.35,1209.29,1304.05,1517.66,616.73
2018-04-24,667.31,785.65,2138.76,1213.11,1281.87,1497.36,610.08
2018-04-25,671.39,781.04,2163.21,1213.43,1289.71,1492.73,599.84
2018-04-26,666.14,782.98,2172.95,1232.98,1296.99,1491.5,596.99
2018-04-27,668.22,781.75,2150.29,1220.93,1281.52,1487.95,585.36
2018-04-30,667.97,772.62,2173.04,1219.36,1290.96,1509.85,590.93
2018-05-02,708.92,789.97,2211.09,1228.05,1316.09,1505.48,580.79
2018-05-03,706.73,796.11,2191.54,1215.5,1303.83,1476.97,576.05
2018-05-04,711.76,797.53,2241.29,1227.88,1322.48,1488.55,580.37
2018-05-07,740.21,813.24,2254.45,1225.88,1336.71,1497.35,581.2
2018-05-08,758.14,820.11,2285.46,1241.48,1352.3,1515.36,588.08
2018-05-09,760.97,840.85,2273.18,1259.91,1356.51,1513.35,599.09
2018-05-10,776.28,836.06,2239.05,1249.72,1332.81,1514.72,594.46
2018-05-11,789.63,852.0,2231.69,1241.53,1329.31,1497.68,592.95
2018-05-14,778.4,851.11,2250.92,1239.38,1331.35,1516.34,593.76
2018-05-15,772.58,840.11,2259.17,1238.05,1332.64,1497.25,586.66
2018-05-16,740.86,830.9,2259.19,1236.62,1334.6,1503.17,589.7
2018-05-17,743.26,827.48,2274.1,1209.66,1337.51,1491.16,584.67
2018-05-18,742.88,824.19,2281.76,1216.38,1344.01,1497.31,581.7
2018-05-21,763.5,839.5,2308.09,1210.06,1363.96,1518.58,590.22
2018-05-22,774.97,857.72,2300.32,1209.85,1368.11,1527.33,600.44
2018-05-23,768.29,850.14,2302.54,1210.53,1358.85,1513.42,596.82
2018-05-24,762.64,844.31,2279.19,1204.38,1350.83,1511.29,596.37
2018-05-25,723.67,825.13,2242.01,1190.56,1328.99,1512.45,601.07
2018-05-29,729.01,808.15,2248.16,1191.29,1329.36,1513.5,610.07
2018-05-30,751.24,828.73,2307.34,1223.28,1365.04,1528.77,631.52
2018-05-31,746.34,848.88,1958.32,1202.65,1234.06,1434.66,638.38
2018-06-01,755.69,845.38,1891.69,1259.32,1178.61,1397.91,637.37
2018-06-04,769.73,865.28,1938.46,1292.97,1200.4,1407.95,638.64
2018-06-05,767.59,872.89,1952.27,1300.12,1209.12,1408.64,637.89
2018-06-06,752.41,861.79,1937.52,1302.66,1199.09,1403.67,635.72
2018-06-07,755.79,871.14,1947.94,1308.52,1207.59,1410.2,644.15
2018-06-08,761.88,871.64,1929.97,1296.7,1199.42,1397.12,638.01
2018-06-11,775.65,876.11,1942.25,1316.67,1206.71,1411.26,633.7
2018-06-12,765.58,861.96,1929.86,1306.69,1210.5,1402.51,631.43
2018-06-13,781.7,863.11,1926.52,1295.22,1212.27,1411.85,637.78
2018-06-14,786.53,876.1,1957.73,1283.46,1216.55,1413.12,656.27
2018-06-15,751.84,853.12,1943.38,1268.38,1199.24,1396.47,636.11
2018-06-18,753.9,880.21,1966.22,1289.79,1228.3,1423.17,672.97
2018-06-19,757.93,883.08,1965.05,1283.77,1219.9,1407.69,674.95
2018-06-20,765.89,876.76,1987.84,1297.77,1227.63,1415.89,682.01
2018-06-21,760.26,863.97,1974.96,1277.74,1219.7,1413.53,680.15
2018-06-22,780.01,879.4,2012.28,1286.48,1242.09,1418.75,694.82
2018-06-25,767.52,861.84,1972.77,1268.37,1214.9,1393.22,676.95
2018-06-26,769.8,860.18,1994.12,1277.82,1223.22,1395.3,678.3
2018-06-27,796.19,823.79,2037.91,1275.8,1242.64,1407.18,679.81
2018-06-28,808.55,810.61,2019.89,1283.73,1236.29,1395.26,670.46
2018-06-29,847.12,809.24,2036.67,1283.23,1249.82,1414.82,673.88
2018-07-02,824.52,804.68,2030.74,1279.3,2714.55,1397.09,788.73
2018-07-03,827.01,813.32,2046.27,1279.27,2746.19,1400.73,788.33
2018-07-05,847.24,826.71,2057.59,1290.72,2774.07,1409.65,792.08
2018-07-06,868.26,823.4,2062.7,1290.31,2771.55,1410.59,790.26
2018-07-09,867.14,821.09,2061.09,1296.16,2777.64,1410.15,792.42
2018-07-10,828.45,821.91,2050.16,1290.08,2787.42,1411.31,806.78
2018-07-11,825.21,805.01,2002.7,1270.38,2788.65,1383.28,778.43
2018-07-12,816.91,796.58,1980.86,1247.32,2647.68,1379.57,765.18
2018-07-13,797.57,789.37,1958.1,1243.75,2595.88,1382.18,757.47
2018-07-16,781.04,772.46,1899.88,1228.98,2532.59,1367.78,748.79
2018-07-17,772.86,782.68,1900.83,1223.32,2499.27,1374.84,749.07
2018-07-18,775.56,812.38,1951.55,1222.46,2538.89,1395.1,760.81
2018-07-19,773.25,807.12,1960.52,1232.02,2536.56,1401.57,759.82
2018-07-20,754.59,789.9,1926.33,1211.77,2528.35,1392.02,750.93
2018-07-23,736.67,789.07,1902.51,1211.94,2524.68,1402.88,755.5
2018-07-24,724.35,808.52,1901.48,1220.44,2480.96,1413.9,752.76
2018-07-25,716.44,816.67,1913.32,1224.54,2441.07,1419.32,756.0
2018-07-26,711.09,807.55,1923.75,1221.05,2524.6,1443.59,771.4
2018-07-27,710.54,800.63,1889.73,1208.03,2610.41,1425.99,758.86
2018-07-30,715.37,801.05,1908.52,1212.43,2562.22,1447.62,756.93
2018-07-31,730.94,825.62,1902.72,1223.33,2533.61,1448.53,756.76
2018-08-01,730.54,818.68,1897.27,1231.35,2548.32,1444.83,757.1
2018-08-02,744.39,822.08,1907.16,1253.49,2543.45,1447.7,766.78
2018-08-03,746.77,824.38,1892.36,1240.23,2574.9,1436.06,752.91
2018-08-06,738.79,827.61,1863.92,1235.49,2505.29,1420.45,751.49
2018-08-07,729.18,818.42,1851.18,1262.48,2508.41,1401.53,752.15
2018-08-08,732.55,850.81,1846.81,1247.16,2482.14,1401.51,749.22
2018-08-09,733.08,828.98,1862.24,1248.25,2445.19,1410.39,743.42
2018-08-10,731.39,812.64,1861.48,1232.72,2375.24,1423.41,736.64
2018-08-13,725.87,786.92,1831.62,1229.93,2395.09,1408.38,727.42
2018-08-14,744.47,797.3,1842.03,1234.85,2366.14,1419.13,722.48
2018-08-15,735.37,767.84,1788.33,1214.87,2301.75,1404.14,711.08
2018-08-16,755.73,779.23,1801.41,1222.54,2308.82,1418.81,718.05
2018-08-17,758.15,792.28,1796.85,1226.28,2271.39,1413.99,726.46
2018-08-20,741.92,815.0,1837.29,1247.4,2275.7,1440.66,737.72
2018-08-21,753.27,840.49,1829.05,1235.56,2319.73,1430.84,746.94
2018-08-22,780.56,857.12,1866.26,1230.88,2383.12,1444.2,758.81
2018-08-23,784.42,838.18,1869.32,1230.72,2430.45,1433.29,757.7
2018-08-24,782.02,849.01,1872.0,1233.12,2433.62,1424.86,761.73
2018-08-27,787.09,848.21,1886.59,1236.15,2466.93,1427.22,761.17
2018-08-28,777.44,846.2,1897.92,1218.26,2444.71,1423.15,759.52
2018-08-29,785.39,846.57,1903.1,1213.99,2467.45,1418.65,760.77
2018-08-30,786.34,831.12,1869.1,1189.63,2441.31,1402.72,761.67
2018-08-31,777.61,814.72,1849.47,1188.95,2460.87,1391.49,752.64
2018-09-04,766.31,802.57,1829.56,1180.52,2374.77,1380.62,736.31
2018-09-05,768.44,785.25,1835.24,1172.03,2285.91,1370.41,723.02
2018-09-06,761.67,773.71,1814.8,1171.95,2206.1,1360.26,704.44
2018-09-07,753.82,769.52,1836.4,1163.24,2138.11,1366.23,710.79
2018-09-10,748.6,779.81,1849.22,1160.93,2196.13,1378.7,730.52
2018-09-11,752.09,787.87,1871.08,1163.27,2242.92,1386.35,737.17
2018-09-12,772.19,783.79,1885.94,1174.29,2231.18,1395.08,731.11
2018-09-13,734.64,776.28,1871.32,1154.56,2197.07,1394.4,727.62
2018-09-14,732.21,795.77,1864.27,1154.31,2179.83,1386.37,724.56
2018-09-17,726.28,788.43,1878.69,1144.49,2138.86,1393.5,716.82
2018-09-18,729.02,803.46,1906.25,1145.32,2154.83,1387.17,725.81
2018-09-19,737.9,816.91,1945.2,1144.42,2218.53,1399.36,736.8
2018-09-20,683.01,823.18,1960.52,1149.14,2288.76,1385.34,738.58
2018-09-21,663.51,832.41,1994.85,1150.53,2311.24,1394.15,743.76
2018-09-24,667.75,838.04,2002.95,1151.41,2388.11,1396.9,745.41
2018-09-25,659.54,845.08,1998.42,1157.14,2357.73,1401.93,749.35
2018-09-26,663.97,827.9,1949.05,1128.04,2383.44,1389.43,735.74
2018-09-27,705.98,846.73,1964.14,1143.48,2311.61,1411.64,744.42
2018-09-28,684.27,881.12,1995.69,1164.24,2324.97,1443.04,751.23
2018-10-01,689.34,908.06,2024.96,1172.17,2376.16,1460.96,776.42
2018-10-02,664.76,903.4,2014.5,1153.23,2521.84,1446.12,780.4
2018-10-03,668.56,901.76,2030.08,1168.72,2589.11,1459.9,796.81
2018-10-04,668.0,892.07,1993.01,1152.32,2580.56,1436.2,783.28
2018-10-05,662.51,877.43,1988.37,1151.4,2515.87,1436.62,783.48
2018-10-08,663.08,868.02,1977.77,1148.17,2501.57,1435.53,777.47
2018-10-09,660.95,857.35,1975.15,1141.38,2524.74,1439.3,789.58
2018-10-10,659.8,824.72,1899.65,1105.2,2527.99,1396.32,764.75
2018-10-11,669.38,817.06,1891.99,1096.95,2462.16,1398.06,745.65
2018-10-12,659.11,828.22,1910.05,1102.26,2400.43,1407.16,751.05
2018-10-15,668.6,816.24,1925.46,1114.28,2401.9,1405.69,758.64
2018-10-16,679.09,822.54,1998.19,1109.03,2461.53,1429.52,776.01
2018-10-17,682.84,790.9,2013.7,1102.15,2510.37,1427.79,774.16
2018-10-18,674.06,781.63,1996.4,1099.18,2534.47,1415.63,760.56
2018-10-19,670.64,772.41,1983.9,1081.19,2470.1,1419.46,765.91
2018-10-22,684.99,784.31,1974.63,1088.08,2533.96,1421.28,761.56
2018-10-23,662.11,740.42,1951.74,1036.26,2468.55,1412.38,748.89
2018-10-24,587.29,696.86,1896.28,996.01,2435.2,1395.13,728.12
2018-10-25,579.79,717.4,1914.69,1026.26,2352.39,1407.2,738.02
2018-10-26,586.97,706.04,1910.49,1026.38,2326.64,1407.04,750.49
2018-10-29,577.16,701.96,1885.06,1036.47,2388.43,1386.23,765.22
2018-10-30,586.03,699.18,1923.26,1046.2,2555.0,1395.08,765.98
2018-10-31,686.86,728.27,1944.1,1049.91,2577.6,1397.81,764.25
2018-11-01,759.94,747.43,2048.43,1065.64,2555.49,1421.05,771.0
2018-11-02,752.19,742.31,2055.49,1060.55,2544.5,1414.16,772.51
2018-11-05,764.66,730.23,2083.88,1063.29,2546.13,1429.56,762.91
2018-11-06,766.4,720.33,2094.75,1078.0,2553.76,1432.36,770.31
2018-11-07,765.31,682.76,2103.3,1078.67,2608.71,1441.7,744.49
2018-11-08,748.87,663.45,2061.89,1064.01,2285.59,1417.02,718.0
2018-11-09,739.59,658.11,2022.76,1055.89,2201.07,1407.85,705.85
2018-11-12,732.21,648.23,1981.24,1036.68,2078.06,1396.92,675.68
2018-11-13,748.69,626.76,1904.67,1015.97,2036.72,1362.48,668.15
2018-11-14,741.89,601.81,1888.4,1011.65,2016.04,1383.04,679.95
2018-11-15,750.45,601.21,1897.44,997.68,2042.75,1384.17,690.37
2018-11-16,745.25,605.64,1914.82,1002.41,2061.35,1387.68,692.91
2018-11-19,741.29,586.7,1884.96,988.25,2002.27,1358.77,680.2
2018-11-20,708.28,556.79,1768.01,1003.18,1926.22,1313.13,652.78
2018-11-21,722.93,581.66,1824.75,1060.86,1943.58,1322.66,682.88
2018-11-23,705.27,594.82,1775.52,1040.36,1978.73,1319.5,679.34
2018-11-26,723.21,607.8,1798.57,1068.69,2029.23,1301.74,686.02
2018-11-27,739.18,644.55,1827.97,1078.89,2069.59,1310.51,726.61
2018-11-28,749.41,642.17,1894.65,1091.82,2254.54,1320.06,735.66
2018-11-29,756.35,632.85,1927.12,1106.63,2244.64,1341.47,744.53
2018-11-30,750.37,620.76,1912.54,1080.82,2233.41,1334.24,717.46
2018-12-03,769.66,648.49,1959.73,1098.64,2302.36,1352.12,734.25
2018-12-04,761.15,628.61,1898.9,1064.91,2264.24,1319.76,709.45
2018-12-06,741.12,608.01,1843.54,1056.29,2138.83,1306.0,694.59
2018-12-07,748.36,613.08,1823.21,1063.56,2174.88,1309.5,701.31
2018-12-10,736.0,608.19,1818.76,1043.14,2147.02,1282.44,680.24
2018-12-11,755.24,617.69,1834.16,1017.84,2133.07,1295.82,681.89
2018-12-12,773.89,623.33,1845.15,1023.4,2158.69,1315.18,702.48
2018-12-13,752.37,624.43,1814.46,1014.82,2181.68,1315.98,697.22
2018-12-14,734.69,623.09,1768.4,993.05,2209.71,1294.75,682.18
2018-12-17,686.71,602.44,1711.39,987.87,2127.68,1239.17,652.41
2018-12-18,662.67,584.17,1633.3,961.56,2071.86,1212.76,643.14
2018-12-19,627.92,571.88,1606.44,952.33,2014.75,1214.6,637.14
2018-12-20,614.84,558.46,1565.95,911.0,1997.36,1176.41,614.89
2018-12-21,603.31,549.81,1568.07,911.67,1996.87,1179.95,620.82
2018-12-24,587.49,548.18,1542.8,897.04,1968.68,1148.59,612.09
2018-12-27,634.28,566.15,1573.4,900.35,2065.55,1157.07,617.96
2018-12-28,638.81,573.8,1559.71,905.94,2005.13,1168.61,614.35
2018-12-31,628.84,584.48,1579.11,885.34,1992.25,1186.64,612.45
2019-01-02,653.23,603.31,1637.95,915.02,2032.72,1235.91,638.0
2019-01-03,651.52,597.52,1635.05,899.08,2095.05,1224.3,636.84
2019-01-04,679.35,635.03,1715.3,961.28,2151.55,1305.1,659.5
2019-01-07,709.65,668.28,1739.57,982.96,2243.3,1332.3,672.13
2019-01-08,725.05,673.34,1775.45,970.16,2267.64,1334.46,675.67
2019-01-09,745.98,666.68,1778.91,969.95,2240.16,1329.92,674.76
2019-01-10,744.72,646.17,1749.93,957.94,2150.89,1314.76,654.11
2019-01-11,738.73,635.51,1709.23,949.0,2044.64,1291.75,646.97
2019-01-14,708.33,621.2,1695.62,953.89,2049.95,1287.8,642.03
2019-01-15,717.52,602.19,1683.78,966.3,2058.26,1286.64,652.94
2019-01-16,719.69,603.21,1672.32,968.7,2056.98,1287.81,651.96
2019-01-17,716.17,614.65,1673.22,969.39,2099.42,1292.29,655.9
2019-01-18,724.8,642.8,1722.95,996.8,2216.29,1330.07,928.99
2019-01-22,704.06,588.32,1665.62,965.94,2206.57,1305.08,898.92
2019-01-23,706.65,579.43,1636.12,965.71,2148.64,1303.11,896.43
2019-01-24,733.4,578.18,1648.05,985.62,2078.5,1331.39,896.49
2019-01-25,750.67,569.86,1657.67,986.9,2083.47,1334.07,908.92
2019-01-28,748.82,529.1,1646.8,984.6,2120.57,1332.61,908.88
2019-01-29,746.23,514.65,1662.26,989.31,2145.89,1346.18,906.73
2019-01-30,747.59,500.05,1717.54,1008.13,2174.48,1382.95,913.32
2019-01-31,743.34,494.35,1719.72,1017.84,2223.28,1392.86,891.77
2019-02-01,718.46,511.77,1726.85,1044.71,2261.71,1388.36,876.55
2019-02-04,694.47,504.27,1723.64,1049.05,2234.32,1384.05,875.78
2019-02-05,693.85,506.18,1716.96,1048.5,2256.67,1396.31,868.73
2019-02-06,699.39,514.72,1715.54,1040.15,2164.8,1405.23,848.23
2019-02-07,678.73,502.16,1674.48,1023.71,2099.76,1377.24,819.52
2019-02-08,686.01,502.89,1663.96,1025.53,2031.54,1365.56,810.7
2019-02-11,703.83,512.31,1670.4,1045.08,2032.57,1359.44,813.33
2019-02-12,711.28,530.44,1702.38,1044.23,2040.62,1358.65,841.22
2019-02-13,726.84,525.0,1731.96,1052.44,2152.4,1371.37,849.88
2019-02-14,745.12,530.75,1737.7,1057.94,2114.56,1396.87,877.74
2019-02-15,737.97,536.54,1749.06,1053.58,2108.28,1416.63,901.63
2019-02-19,745.16,532.79,1736.98,1048.47,2166.18,1409.35,909.33
2019-02-20,749.2,523.83,1707.04,1047.97,2219.36,1398.97,898.19
2019-02-21,736.11,523.61,1706.85,1036.58,2102.45,1404.53,890.28
2019-02-22,742.86,530.21,1690.79,1038.22,2111.08,1393.86,897.94
2019-02-25,740.35,533.56,1707.63,1041.85,2201.26,1407.13,888.76
2019-02-26,734.66,525.37,1694.79,1069.29,2125.32,1414.52,892.24
2019-02-27,729.83,519.19,1673.33,1039.4,2083.26,1402.52,884.03
2019-02-28,719.72,506.36,1641.34,1031.61,2040.3,1388.52,865.31
2019-03-01,714.2,506.4,1622.93,1024.75,2006.54,1357.83,868.17
2019-03-04,717.6,518.62,1667.85,1030.13,2029.47,1381.67,878.5
2019-03-05,713.52,526.92,1677.44,1037.74,2076.11,1394.37,883.09
2019-03-06,693.62,512.48,1651.23,1007.1,2090.08,1385.68,857.39
2019-03-07,679.77,493.4,1646.62,1017.39,2046.3,1385.47,843.69
2019-03-08,655.07,473.3,1631.69,1005.41,2038.42,1372.73,839.04
2019-03-11,643.64,494.99,1658.74,980.72,2068.72,1398.33,855.06
2019-03-12,646.28,504.07,1708.03,995.3,2146.62,1418.76,880.49
2019-03-13,667.33,499.11,1701.48,994.73,2323.03,1411.1,884.17
2019-03-14,650.18,504.73,1704.96,1004.54,2286.03,1425.65,879.22
2019-03-15,651.81,508.53,1729.62,1001.62,2268.71,1449.87,899.63
2019-03-18,664.85,497.6,1749.34,1024.16,2303.05,1468.76,928.31
2019-03-19,659.81,494.1,1733.19,1005.55,2321.05,1462.29,924.16
2019-03-20,658.45,503.07,1746.76,1012.83,2283.87,1465.17,929.49
2019-03-21,673.46,500.99,1759.91,1011.24,2283.92,1464.53,936.64
2019-03-22,652.31,478.83,1702.28,988.02,2218.93,1438.37,906.94
2019-03-25,669.46,471.27,1698.11,997.9,2163.91,1437.37,904.06
2019-03-26,685.85,468.1,1712.66,1009.37,2250.29,1454.4,916.09
2019-03-27,705.0,471.32,1721.57,1023.26,2226.93,1470.52,917.19
2019-03-28,707.47,465.57,1690.87,1016.5,2184.3,1498.12,946.16
2019-03-29,721.89,465.15,1706.19,1027.31,2158.27,1513.49,954.07
2019-04-01,759.13,479.21,1714.89,1046.16,2137.08,1522.33,962.17
2019-04-02,756.92,482.09,1698.21,1053.19,2124.29,1519.01,952.83
2019-04-03,750.64,488.83,1670.66,1050.32,2083.08,1507.91,950.6
2019-04-04,753.16,498.89,1661.84,1058.87,2079.88,1489.87,950.25
2019-04-05,777.56,508.94,1673.01,1068.41,2074.81,1494.97,958.75
2019-04-08,771.05,517.43,1666.68,1072.6,2085.14,1475.48,994.66
2019-04-09,760.76,514.0,1641.11,1044.98,2092.01,1466.15,997.31
2019-04-10,792.94,534.24,1680.98,1065.07,2206.0,1492.15,1046.87
2019-04-11,810.2,538.77,1692.55,1064.35,2257.31,1488.66,1085.85
2019-04-12,819.33,534.42,1685.16,1067.11,2300.34,1486.06,1109.16
2019-04-15,825.78,539.55,1685.21,1049.26,2389.41,1495.84,1119.31
2019-04-16,849.03,543.7,1663.11,1054.52,2373.96,1490.77,1113.12
2019-04-17,855.89,548.82,1638.89,1058.47,2330.62,1451.57,1124.36
2019-04-18,843.93,542.54,1627.34,1053.18,2362.66,1429.64,1115.81
2019-04-22,841.93,541.29,1628.34,1068.83,2306.13,1440.22,1125.61
2019-04-23,859.44,549.31,1646.63,1059.84,2335.28,1448.64,1127.37
2019-04-24,877.64,540.22,1627.5,1049.28,2251.89,1441.2,1138.25
2019-04-25,860.25,533.05,1623.99,1057.61,2317.13,1455.56,1137.99
2019-04-26,864.73,545.65,1593.09,1065.95,2209.69,1461.57,1139.69
2019-04-29,868.39,584.69,1598.43,1075.98,2188.78,1470.05,1159.03
2019-04-30,865.37,590.93,1597.86,1071.56,2159.43,1467.31,1145.73
2019-05-02,933.27,587.32,1603.53,1067.46,2157.78,1459.07,1174.95
2019-05-03,932.69,600.4,1625.31,1078.47,2168.91,1473.08,1206.37
2019-05-06,895.38,582.28,1587.48,1070.9,2186.05,1446.19,1188.88
2019-05-07,882.63,543.97,1564.8,1059.38,2181.76,1424.65,1171.68
2019-05-08,901.45,556.36,1554.94,1062.92,2210.39,1416.53,1171.69
2019-05-09,887.02,537.77,1529.84,1052.19,2225.2,1391.0,1166.33
2019-05-10,887.23,548.46,1558.27,1062.74,2345.66,1422.93,1190.14
2019-05-13,868.79,520.23,1522.93,1041.3,2377.5,1393.5,1157.55
2019-05-14,885.7,527.55,1542.32,1071.14,2399.7,1416.14,1188.53
2019-05-15,892.99,537.61,1555.01,1078.23,2436.32,1443.08,1210.63
2019-05-16,921.11,539.45,1581.36,1093.69,2424.65,1453.85,1208.4
2019-05-17,934.3,528.1,1558.77,1083.67,2398.01,1442.64,1176.46
2019-05-20,916.44,527.26,1557.29,1074.54,2325.24,1440.97,1191.97
2019-05-21,905.97,579.57,1604.51,1112.13,2396.99,1504.45,1193.92
2019-05-22,880.57,582.5,1586.7,1112.33,2358.2,1490.74,1172.74
2019-05-23,844.03,548.44,1537.95,1073.24,2324.28,1463.35,1123.62
2019-05-24,846.49,549.88,1557.11,1066.35,2311.66,1480.55,1144.33
2019-05-28,867.24,545.9,1531.28,1052.28,2245.98,1463.92,1134.69
2019-05-29,870.14,545.83,1517.0,1050.84,2207.28,1440.04,1131.47
2019-05-30,872.17,539.1,1499.76,1039.44,2196.98,1426.82,1124.57
2019-05-31,854.09,532.77,1486.79,1041.74,2138.61,1416.01,1116.8
2019-06-03,842.28,519.81,1517.19,1028.77,2185.95,1435.7,1123.07
2019-06-04,861.32,545.87,1532.96,1051.69,2211.93,1463.54,1137.0
2019-06-05,852.95,542.46,1493.3,1040.81,2231.61,1437.11,1131.98
2019-06-06,845.34,555.45,1482.03,1043.19,2217.06,1427.08,1132.6
2019-06-07,835.89,560.26,1467.9,1057.12,2201.83,1427.0,1138.25
2019-06-10,840.06,546.66,1454.92,1015.2,2227.8,1424.45,1130.29
2019-06-11,848.17,557.37,1463.91,1014.52,2178.12,1422.2,1125.58
2019-06-12,841.01,533.79,1413.76,1000.67,2173.01,1403.7,1055.83
2019-06-13,850.52,558.0,1440.22,1014.17,2124.92,1426.7,1102.97
2019-06-14,837.86,542.59,1429.1,1009.1,2092.89,1426.51,1088.04
2019-06-17,829.38,546.23,1444.85,1033.97,2101.54,1429.09,1096.71
2019-06-18,827.78,567.03,1462.74,1043.81,2158.25,1439.56,1117.42
2019-06-19,833.53,585.59,1457.08,1044.38,2153.98,1442.53,1113.02
2019-06-20,846.83,591.65,1441.83,1024.71,2172.31,1436.56,1129.51
2019-06-21,855.69,589.69,1443.06,1019.91,2236.81,1437.7,1131.14
2019-06-24,840.13,578.08,1430.27,1016.37,2179.93,1425.58,1119.23
2019-06-25,844.37,580.66,1434.72,1016.75,2163.19,1416.43,1132.52
2019-06-26,866.35,598.81,1452.63,1027.66,2225.88,1431.38,1170.26
2019-06-27,850.43,619.99,1480.59,1033.19,2272.86,1436.38,1174.33
2019-06-28,871.62,642.81,1513.27,1040.08,2333.35,1445.91,1213.75
2019-07-01,899.72,662.45,1517.48,1048.05,2322.69,1448.71,1247.5
2019-07-02,903.47,667.09,1498.74,1042.53,2345.2,1446.67,1248.76
2019-07-03,904.55,672.59,1502.51,1048.24,2296.97,1458.71,1225.31
2019-07-05,909.43,715.53,1518.96,1057.69,2268.44,1484.84,1243.2
2019-07-08,909.93,720.15,1528.22,1056.52,2304.26,1489.9,1250.03
2019-07-09,914.15,739.59,1517.28,1057.0,2287.06,1477.27,1234.84
2019-07-10,925.38,738.37,1531.34,1057.32,2296.54,1495.64,1249.38
2019-07-11,923.57,746.62,1537.09,1056.91,2304.13,1502.21,1247.66
2019-07-12,917.8,746.61,1560.83,1069.92,2313.16,1527.49,1239.51
2019-07-15,927.03,744.09,1550.4,1046.12,2323.69,1519.54,1205.07
2019-07-16,925.81,754.38,1550.65,1060.93,2258.47,1530.92,1222.83
2019-07-17,913.35,742.31,1524.86,1039.02,2246.61,1518.86,1199.23
2019-07-18,908.88,752.35,1524.57,1048.48,2137.17,1518.57,1189.91
2019-07-19,893.27,759.67,1499.56,1048.65,2111.64,1507.51,1178.56
2019-07-22,895.44,791.83,1507.99,1064.42,2119.52,1523.14,1178.75
2019-07-23,921.13,776.06,1519.22,1061.42,2084.08,1538.04,1186.99
2019-07-24,932.2,743.19,1548.61,1076.34,2113.49,1544.74,1202.4
2019-07-25,913.55,728.72,1533.53,1063.87,2134.1,1539.13,1179.96
2019-07-26,916.07,731.07,1524.84,1080.39,2086.2,1551.39,1181.21
2019-07-29,912.21,715.56,1490.85,1065.96,2063.47,1518.38,1129.88
2019-07-30,914.68,707.97,1502.61,1082.75,2032.74,1524.74,1120.36
2019-07-31,913.48,696.43,1497.72,1080.08,2035.36,1511.61,1118.14
2019-08-01,886.06,666.81,1493.82,1069.17,2017.06,1517.06,1091.41
2019-08-02,865.23,656.04,1443.58,1062.9,1967.13,1480.57,1077.33
2019-08-05,828.81,619.16,1360.02,1024.57,1876.82,1426.54,1026.09
2019-08-06,868.94,631.5,1377.53,1048.0,1872.18,1416.37,1050.57
2019-08-07,883.87,620.3,1355.34,1060.45,1892.49,1406.26,1048.6
2019-08-08,901.49,643.46,1351.9,1075.31,1890.48,1412.66,1056.54
2019-08-09,890.53,636.34,1309.18,1049.09,1887.78,1386.69,1024.82
2019-08-12,891.65,624.78,1289.02,1056.93,1891.42,1363.21,1007.99
2019-08-13,884.57,640.46,1308.6,1074.25,1906.29,1371.14,1029.52
2019-08-14,862.81,616.81,1250.82,1042.4,1899.99,1318.44,991.56
2019-08-15,855.41,608.03,1248.34,1034.24,1901.95,1322.11,980.26
2019-08-16,881.91,641.87,1276.41,1061.79,1936.65,1351.53,1023.25
2019-08-19,910.29,675.9,1330.23,1068.53,1957.6,1404.23,1081.83
2019-08-20,907.36,678.31,1329.33,1086.57,1980.8,1400.96,1087.93
2019-08-21,927.94,689.57,1351.63,1158.95,2000.9,1419.25,1110.83
2019-08-22,928.07,694.11,1322.9,1154.09,2007.05,1392.82,1104.41
2019-08-23,896.65,656.32,1292.12,1134.51,1997.41,1372.8,1067.3
2019-08-26,899.28,668.09,1290.39,1147.31,1983.25,1362.09,1073.69
2019-08-27,891.89,665.35,1282.35,1135.25,1989.5,1351.94,1056.93
2019-08-28,911.11,682.4,1313.81,1162.67,2038.79,1369.73,1087.59
2019-08-29,917.86,689.4,1278.0,1172.68,2025.96,1374.13,1108.92
2019-08-30,913.84,711.9,1277.67,1173.01,2045.59,1368.34,1112.95
2019-09-03,895.89,712.24,1255.24,1169.94,2026.86,1353.77,1103.69
2019-09-04,915.57,726.68,1269.98,1189.37,2070.95,1369.6,1134.79
2019-09-05,918.55,727.22,1302.09,1200.6,2124.54,1394.75,1169.3
2019-09-06,924.55,727.04,1298.82,1198.44,2147.32,1389.9,1198.07
2019-09-09,966.32,752.5,1343.65,1222.86,2185.83,1416.45,1250.58
2019-09-10,972.16,752.66,1364.19,1226.8,2202.49,1446.06,1255.73
2019-09-11,1010.71,757.35,1359.88,1193.15,2265.16,1444.77,1250.59
2019-09-12,1012.68,766.11,1353.11,1181.39,2263.35,1436.49,1264.96
2019-09-13,1011.92,777.28,1381.66,1176.21,2292.13,1454.45,1298.19
2019-09-16,1001.31,759.73,1408.64,1173.42,2268.73,1468.32,1269.48
2019-09-17,994.26,740.98,1392.11,1171.11,2257.28,1463.21,1245.94
2019-09-18,994.49,731.76,1382.51,1167.36,2222.01,1449.3,1221.01
2019-09-19,985.78,711.72,1368.87,1157.86,2175.09,1439.99,1191.46
2019-09-20,991.35,703.43,1380.12,1154.42,2189.82,1441.4,1189.44
2019-09-23,995.29,714.5,1383.04,1172.85,2174.9,1438.48,1179.4
2019-09-24,979.96,700.47,1366.3,1149.62,2159.75,1429.5,1146.48
2019-09-25,952.17,699.81,1361.11,1154.13,2126.09,1425.41,1160.65
2019-09-26,962.3,694.97,1345.2,1156.18,2225.54,1414.13,1211.5
2019-09-27,960.27,696.11,1343.04,1150.09,2274.64,1408.03,1223.18
2019-09-30,939.26,695.93,1306.11,1151.61,2257.07,1367.97,1230.68
2019-10-01,926.84,687.16,1284.22,1154.9,2275.84,1353.35,1243.7
2019-10-02,905.8,680.28,1256.46,1150.45,2331.34,1297.1,1268.53
2019-10-03,916.04,679.17,1274.24,1163.37,2348.74,1298.96,1291.43
2019-10-04,932.67,705.17,1297.75,1190.27,2383.54,1316.66,1384.6
2019-10-07,931.84,710.87,1322.87,1196.06,2491.93,1340.07,1442.96
2019-10-08,914.01,708.09,1302.91,1176.3,2854.8,1332.91,1443.94
2019-10-09,933.55,742.6,1321.58,1173.98,2922.17,1348.81,1446.27
2019-10-10,969.24,770.71,1376.48,1201.01,2881.45,1382.19,1447.68
2019-10-11,996.46,769.65,1401.19,1212.21,2924.65,1400.81,1484.01
2019-10-14,1004.88,790.32,1395.38,1202.59,3080.9,1400.27,1511.95
2019-10-15,1006.92,778.6,1375.38,1198.67,3101.72,1388.23,1460.35
2019-10-16,1008.98,787.76,1385.09,1196.7,2993.55,1393.33,1469.08
2019-10-17,1016.66,797.13,1387.82,1216.09,3043.86,1392.3,1483.4
2019-10-18,999.65,786.48,1377.14,1210.96,3004.02,1381.23,1467.24
2019-10-21,999.94,781.21,1387.69,1232.94,3051.12,1389.75,1424.45
2019-10-22,1012.49,771.73,1426.9,1254.78,2970.58,1433.66,1425.91
2019-10-23,1041.51,825.96,1475.03,1243.83,3014.45,1465.07,1481.98
2019-10-24,1021.01,819.83,1458.26,1222.47,3168.98,1456.04,1447.07
2019-10-25,1022.45,791.78,1460.98,1209.09,3141.3,1451.35,1437.72
2019-10-28,1039.92,813.08,1456.99,1217.54,3176.95,1451.03,1424.95
2019-10-29,1047.35,816.42,1427.78,1195.7,3133.42,1428.52,1414.85
2019-10-30,1015.32,787.96,1408.68,1192.38,3082.22,1401.0,1430.59
2019-10-31,988.62,762.14,1371.56,1174.55,3079.88,1383.87,1378.28
2019-11-01,1009.11,792.03,1412.41,1209.88,3052.63,1403.06,1424.86
2019-11-04,1012.63,796.29,1418.88,1202.69,3029.71,1409.27,1438.95
2019-11-05,1031.86,789.75,1416.09,1202.92,3064.94,1411.58,1398.82
2019-11-06,1022.52,755.49,1355.99,1175.5,2998.43,1380.07,1363.88
2019-11-07,989.62,741.53,1294.63,1164.92,2839.05,1328.87,1309.29
2019-11-08,988.01,747.69,1274.32,1165.18,2794.48,1310.1,1326.68
2019-11-11,1000.65,741.42,1261.38,1157.75,2917.76,1295.78,1327.18
2019-11-12,1007.12,751.05,1275.67,1163.49,3057.07,1305.13,1366.88
2019-11-13,1005.54,726.65,1247.79,1152.99,3082.22,1287.95,1350.47
2019-11-14,990.66,714.68,1289.26,1171.74,3055.8,1332.01,1369.95
2019-11-15,1005.19,731.06,1310.01,1207.19,3151.61,1338.93,1396.37
2019-11-18,999.92,729.87,1287.46,1183.89,3139.04,1317.01,1360.16
2019-11-19,1021.38,733.69,1256.41,1195.11,3108.68,1282.58,1376.23
2019-11-20,1023.53,723.19,1245.39,1199.06,3173.59,1269.57,1433.05
2019-11-21,1016.74,745.91,1272.58,1178.69,3272.91,1289.11,1437.47
2019-11-22,1013.15,745.7,1276.01,1173.2,3297.85,1296.25,1437.47
2019-11-25,1008.31,753.75,1278.78,1174.67,3361.97,1305.68,1582.22
2019-11-26,1014.81,752.19,1266.2,1153.39,3420.16,1292.78,1554.95
2019-11-27,1036.95,756.82,1280.61,1164.09,3344.85,1285.79,1553.35
2019-11-29,1044.07,775.6,1274.88,1159.44,3249.77,1287.12,1544.57
2019-12-02,1046.2,750.92,1252.68,1152.51,3227.15,1262.53,1511.88
2019-12-03,1049.93,738.83,1243.93,1149.92,3217.92,1264.27,1505.91
2019-12-04,1078.58,744.57,1255.67,1154.04,3206.13,1272.92,1514.62
2019-12-05,1123.29,740.14,1252.17,1159.11,3250.38,1263.32,1518.07
2019-12-06,1153.47,748.11,1275.88,1190.45,3344.62,1271.46,1577.9
2019-12-09,1168.88,747.85,1296.13,1208.16,3453.97,1278.14,1609.88
2019-12-10,1190.06,767.56,1322.11,1202.78,3432.37,1308.18,1619.79
2019-12-11,1209.33,762.11,1312.04,1205.57,3416.98,1309.41,1603.29
2019-12-12,1230.0,747.79,1300.75,1195.56,3404.92,1297.93,1591.71
2019-12-13,1226.06,742.57,1295.21,1179.23,3398.27,1293.57,1602.04
2019-12-16,1233.32,734.7,1293.22,1178.31,3449.78,1297.75,1618.84
2019-12-17,1213.51,725.8,1277.54,1163.56,3471.09,1289.66,1605.69
2019-12-18,1223.78,748.37,1322.13,1181.6,3532.92,1316.29,1636.5
2019-12-19,1258.77,788.04,1346.96,1191.89,3561.13,1344.95,1711.86
2019-12-20,1244.59,783.36,1330.45,1191.96,3721.24,1340.77,1676.94
2019-12-27,1255.14,795.75,1321.56,1187.05,3592.09,1318.51,1701.63
2019-12-30,1244.25,796.6,1307.67,1186.61,3585.56,1309.68,1737.26
2019-12-31,1248.99,803.18,1349.47,1189.54,3668.47,1330.47,1765.25
2020-01-02,1244.39,780.59,1353.54,1190.86,3701.28,1329.18,1782.5
2020-01-03,1243.94,759.95,1351.22,1190.8,3709.97,1325.51,1791.5
2020-01-06,1257.0,761.06,1354.81,1186.5,3727.27,1330.94,1760.29
2020-01-07,1255.85,784.07,1365.82,1187.24,3735.62,1333.69,1774.78
2020-01-08,1230.43,781.46,1331.15,1175.25,3783.38,1321.7,1708.03
2020-01-09,1244.34,772.24,1343.7,1204.77,3712.22,1322.55,1749.85
2020-01-10,1244.78,749.12,1341.79,1195.79,3656.78,1315.08,1660.38
2020-01-13,1273.68,731.83,1344.41,1207.16,3591.5,1315.52,1630.01
2020-01-14,1287.12,740.64,1346.27,1208.77,3572.71,1327.7,1588.88
2020-01-15,1280.79,730.02,1346.42,1186.59,3450.74,1326.36,1536.5
2020-01-16,1259.46,723.41,1351.86,1193.81,3332.35,1330.31,1541.37
2020-01-17,1251.47,717.69,1323.98,1186.93,3295.25,1317.78,1550.88
2020-01-21,1232.06,694.28,1278.09,1167.2,3188.12,1294.09,1502.7
2020-01-22,1152.51,671.07,1265.25,1158.76,3255.96,1299.64,1487.23
2020-01-23,1112.19,647.37,1225.11,1153.66,3264.9,1434.5,1524.33
2020-01-24,1083.41,635.18,1170.98,1131.65,3227.57,1388.6,1457.31
2020-01-27,1074.21,591.83,1145.34,1111.63,3043.84,1371.0,1387.68
2020-01-28,1096.21,590.78,1149.67,1121.8,3025.32,1369.4,1365.23
2020-01-29,1101.04,599.61,1134.02,1113.04,3026.47,1347.82,1366.68
2020-01-30,1083.93,580.26,1110.12,1113.94,2913.93,1310.87,1298.2
2020-01-31,1058.53,557.37,1069.34,1089.48,2742.03,1277.85,1242.36
2020-02-03,1056.7,550.43,1079.96,1095.4,2785.75,1266.75,1234.4
2020-02-04,1080.4,561.14,1080.15,1098.87,2758.15,1271.59,1258.5
2020-02-05,1100.08,577.0,1082.7,1123.63,2811.6,1283.48,1283.08
2020-02-06,1061.59,562.08,985.18,1104.52,2821.31,1155.49,1213.36
2020-02-07,1087.94,542.27,1005.78,1094.18,2817.05,1213.51,1163.3
2020-02-10,1049.95,544.84,988.12,1092.18,2550.43,1193.31,1177.4
2020-02-11,1071.33,577.08,1012.07,1100.87,2564.54,1219.69,1226.94
2020-02-12,1089.12,590.17,1041.39,1113.76,2665.9,1243.39,1244.47
2020-02-13,1061.46,555.61,1043.78,1110.21,2698.74,1237.92,1229.06
2020-02-14,1069.36,561.54,1035.19,1109.7,2643.26,1230.1,1211.03
2020-02-18,1057.43,550.6,1038.08,1096.34,2633.91,1235.73,1193.13
2020-02-19,1055.4,562.09,1044.6,1101.67,2572.54,1213.7,1217.33
2020-02-20,1019.25,586.55,1060.61,1106.98,2580.6,1226.6,1183.58
2020-02-21,992.87,577.86,1038.69,1093.86,2524.33,1201.76,1131.64
2020-02-24,943.37,537.08,980.24,1070.42,2451.83,1155.72,1048.01
2020-02-25,899.93,518.17,974.99,1051.67,2350.77,1121.01,1017.59
2020-02-26,914.36,513.15,972.72,1050.24,2335.01,1118.21,1028.16
2020-02-27,871.22,519.31,990.01,1034.09,2336.35,1148.6,1063.16
2020-02-28,673.98,546.47,1021.69,1017.3,2514.71,1134.23,1115.72
2020-03-02,662.68,528.94,1050.04,1018.4,2656.67,1159.37,1123.27
2020-03-03,664.82,527.78,1011.75,1019.53,2801.12,1130.07,1072.51
2020-03-04,681.14,532.53,1006.86,1038.52,2795.48,1125.54,1065.17
2020-03-05,654.65,496.87,959.79,1014.42,2582.83,1097.04,984.79
2020-03-06,642.8,506.32,905.93,997.3,2445.22,1073.78,1004.3
2020-03-09,564.42,435.64,742.94,901.38,2613.59,908.3,1018.68
2020-03-10,604.33,478.27,865.05,997.75,2992.89,992.99,1180.53
2020-03-11,564.87,459.5,794.75,931.36,3072.82,916.71,1112.86
2020-03-12,501.8,419.89,672.71,855.56,3057.34,798.47,1081.05
2020-03-13,489.83,433.1,712.26,925.57,3201.84,846.1,1200.09
2020-03-16,417.28,382.75,642.37,793.94,3416.09,770.3,1019.2
2020-03-19,366.28,369.98,596.33,628.97,2439.76,678.56,961.45
2020-03-20,377.87,347.74,590.64,615.28,2833.49,662.2,911.5
2020-03-23,358.57,324.8,595.17,578.51,2595.23,646.78,978.05
2020-03-24,389.58,334.24,685.91,655.06,2927.5,714.05,1086.18
2020-03-25,429.15,327.39,668.13,698.26,3123.4,738.25,1055.3
2020-03-26,493.23,360.86,701.46,784.84,2867.71,784.12,1127.05
2020-03-27,442.32,352.34,686.44,810.74,3090.22,764.04,1216.57
2020-03-30,444.63,363.62,681.96,788.82,3473.83,754.81,1309.86
2020-03-31,460.06,384.37,703.37,794.83,3573.96,787.34,1224.05
2020-04-01,444.95,371.36,653.42,763.39,3597.77,741.55,1228.52
2020-04-02,422.25,362.03,612.81,750.42,3469.9,724.88,1045.77
2020-04-03,403.99,336.57,607.67,767.64,3344.26,730.17,987.06
2020-04-06,416.6,369.44,644.39,799.64,3146.78,773.73,1041.48
2020-04-07,430.86,494.94,599.54,769.05,3141.11,743.68,1030.63
2020-04-08,470.93,478.77,631.25,794.57,2972.34,777.1,1036.91
2020-04-09,486.58,490.58,649.04,835.74,2968.42,833.57,1121.62
2020-04-13,499.06,502.88,657.86,836.98,3545.12,898.46,1097.0
2020-04-14,516.4,550.95,715.57,869.22,3308.85,969.14,1140.28
2020-04-15,498.9,542.48,681.36,840.38,3531.99,898.33,1145.77
2020-04-16,488.09,544.32,702.89,835.1,3543.61,922.91,1181.61
2020-04-17,507.12,550.83,736.02,851.3,3517.41,947.83,1208.5
2020-04-21,494.64,512.24,744.71,823.35,3900.28,941.93,1380.2
2020-04-22,472.71,538.85,741.36,820.73,3933.14,950.52,1386.46
2020-04-23,516.97,580.11,750.15,858.96,4080.79,978.99,1356.35
2020-04-24,647.33,580.82,741.32,789.77,3616.94,981.18,1356.83
2020-04-27,673.17,611.86,771.73,825.74,3633.68,1020.63,1444.94
2020-04-28,665.07,625.59,808.71,820.58,3911.28,1052.17,1405.09
2020-04-29,699.55,589.72,838.04,851.64,3607.98,1095.59,1241.32
2020-04-30,669.91,589.65,790.0,835.19,3197.74,1022.44,1218.76
2020-05-04,629.32,543.93,744.99,772.66,3132.86,986.67,1251.19
2020-05-05,639.93,501.18,735.92,773.36,3317.31,952.76,1142.5
2020-05-06,594.02,453.09,704.98,728.94,2851.42,938.34,1058.03
2020-05-07,604.62,456.55,728.5,751.78,2683.47,958.66,1097.02
2020-05-08,637.9,475.13,746.29,795.09,2760.09,974.34,1109.76
2020-05-11,603.74,435.9,742.0,761.48,2730.0,976.63,1061.85
2020-05-12,591.69,402.48,733.88,751.57,2851.36,971.62,1031.29
2020-05-13,574.13,375.36,694.89,747.31,2812.19,929.47,1061.8
2020-05-14,563.78,382.12,699.03,721.52,2889.59,933.38,1016.93
2020-05-15,567.3,388.45,687.58,714.71,2711.25,933.77,1019.75
2020-05-18,612.07,422.19,734.41,746.38,2806.51,973.25,1024.65
2020-05-19,633.43,418.0,702.75,759.15,2632.05,952.91,1004.3
2020-05-20,667.17,441.94,746.2,787.8,2607.85,990.49,1029.57
2020-05-21,652.23,441.66,740.57,768.78,2649.17,991.4,1036.63
2020-05-22,646.06,437.84,757.01,756.8,2768.66,1010.7,1033.82
2020-05-26,676.84,449.48,755.64,799.8,2792.62,1022.27,1088.05
2020-05-27,693.18,458.27,780.67,825.22,2931.36,1034.83,1152.44
2020-05-28,659.73,444.72,748.99,781.39,3009.38,1006.38,1099.56
2020-05-29,632.18,440.28,771.5,761.53,2786.63,1006.25,1096.33
2020-06-01,655.27,453.12,773.23,779.13,2947.78,1002.3,1100.38
2020-06-02,660.59,467.78,788.0,783.82,3017.03,1019.06,1065.69
2020-06-03,689.66,527.21,801.24,804.09,2692.36,1039.21,1030.31
2020-06-04,696.42,544.71,778.63,808.61,2557.03,1026.11,1024.89
2020-06-05,749.49,585.98,847.55,862.44,2562.36,1079.62,1058.34
2020-06-08,798.73,610.31,889.86,899.79,2707.35,1146.44,1138.91
2020-06-09,762.07,562.41,865.34,856.91,2851.94,1129.46,1120.98
2020-06-10,717.11,538.82,839.74,820.57,2836.78,1093.91,1065.53
2020-06-11,670.14,527.33,760.81,765.24,2544.21,1003.01,984.65
2020-06-12,674.3,561.26,782.98,781.0,2451.02,1022.9,1014.9
2020-06-15,685.13,569.78,807.47,794.32,2417.12,1051.23,989.54
2020-06-16,681.11,584.76,834.8,801.87,2377.44,1085.83,971.66
2020-06-17,674.82,595.76,807.18,779.13,2370.39,1048.1,920.32
2020-06-18,671.57,632.48,832.07,776.95,2219.19,1067.62,931.83
2020-06-19,684.04,604.76,823.42,780.79,2220.9,1050.46,930.5
2020-06-22,670.22,589.08,807.09,764.59,2181.31,1043.83,895.9
2020-06-23,708.65,589.62,785.77,788.85,2070.34,1011.78,896.67
2020-06-24,667.54,550.45,743.07,748.29,2030.53,970.02,868.2
2020-06-25,665.54,545.11,746.96,753.83,1964.83,980.48,852.8
2020-06-26,651.73,515.91,719.22,732.32,1914.83,959.72,824.29
2020-06-29,676.84,544.93,756.5,758.38,1897.74,986.9,849.69
2020-06-30,681.85,536.78,750.67,765.47,2029.63,983.54,835.86
2020-07-01,672.51,535.84,759.1,767.9,1924.43,984.69,887.13
2020-07-02,645.88,534.66,728.05,740.39,1995.86,964.71,849.3
2020-07-06,668.96,573.76,752.96,764.22,1863.4,979.26,891.26
2020-07-07,650.82,547.3,736.5,736.42,1912.02,967.27,863.49
2020-07-08,641.13,542.94,735.31,732.39,1832.39,974.69,884.33
2020-07-09,626.13,510.42,717.38,715.57,1848.2,950.49,851.9
2020-07-10,641.19,510.38,733.3,736.68,1796.26,968.62,897.06
2020-07-13,633.72,494.41,699.64,723.57,1913.82,918.71,873.33
2020-07-14,646.53,496.75,719.41,736.14,1901.41,940.57,891.63
2020-07-15,667.04,505.84,755.48,756.88,1972.1,972.36,908.41
2020-07-16,667.75,516.36,746.49,753.0,1975.76,987.08,894.53
2020-07-17,655.1,517.05,749.23,737.64,1908.77,997.44,901.75
2020-07-20,635.17,502.53,750.95,715.62,1920.8,1003.12,903.12
2020-07-21,635.43,501.27,771.61,717.79,1934.92,1010.78,899.54
2020-07-22,640.06,481.45,755.57,710.1,1907.71,1000.64,904.91
2020-07-23,684.1,484.17,779.51,737.75,1929.11,1007.57,915.86
2020-07-24,655.27,496.04,780.26,714.02,2006.48,1008.87,924.75
2020-07-27,651.65,510.15,786.82,714.55,2018.42,1004.38,929.62
2020-07-28,635.49,505.79,785.5,707.3,2009.14,994.33,936.58
2020-07-29,638.84,548.22,803.87,717.09,2054.65,981.72,965.03
2020-07-30,628.46,540.23,770.68,701.34,2083.56,947.04,942.03
2020-07-31,617.96,531.32,756.27,698.93,2022.8,925.22,938.25
2020-08-03,616.74,533.77,766.84,696.86,2030.24,929.02,928.89
2020-08-04,626.81,515.66,776.62,698.33,2009.83,940.82,943.75
2020-08-05,632.01,516.94,794.47,707.41,2059.48,953.24,950.61
2020-08-07,663.81,516.14,817.19,736.3,2022.85,967.63,940.25
2020-08-10,686.18,525.2,831.44,755.98,1963.81,986.18,936.25
2020-08-11,733.41,553.99,851.26,814.64,1970.32,987.46,955.18
2020-08-12,730.78,561.37,863.69,814.34,2021.23,1005.51,984.66
2020-08-13,736.87,561.08,883.89,812.81,2080.57,1026.75,966.62
2020-08-14,763.93,575.02,907.17,834.18,2108.87,1058.85,982.09
2020-08-17,755.04,581.37,914.06,830.21,2154.75,1038.43,977.85
2020-08-18,734.93,573.59,884.31,809.0,2075.42,993.38,948.89
2020-08-19,717.27,553.78,863.21,794.05,2058.15,979.71,926.68
2020-08-20,714.89,540.05,862.62,788.99,2002.96,979.46,928.57
2020-08-21,709.47,525.89,839.66,780.3,2015.53,959.25,921.19
2020-08-24,727.69,538.56,855.61,802.83,2012.29,977.53,920.69
2020-08-25,715.39,548.24,861.66,795.91,1977.22,975.54,920.26
2020-08-26,733.21,540.12,834.48,805.13,2039.28,957.21,902.37
2020-08-27,720.98,520.8,810.26,782.68,1915.94,939.98,855.47
2020-08-28,746.36,542.28,826.61,809.22,1847.89,946.97,876.18
2020-08-31,745.23,534.01,840.38,805.65,1880.63,927.27,874.67
2020-09-01,739.56,517.13,851.15,802.96,1877.87,908.92,851.34
2020-09-02,736.5,496.97,850.31,802.04,1770.75,915.8,827.82
2020-09-03,738.76,478.07,837.72,803.09,1778.19,921.09,817.07
2020-09-04,768.37,493.47,834.95,835.78,1751.23,923.16,832.9
2020-09-08,750.24,485.57,830.38,815.98,1755.07,913.46,857.72
2020-09-09,765.54,618.34,858.64,830.32,1802.99,918.92,874.02
2020-09-10,796.67,625.91,856.76,852.72,1782.43,917.22,867.9
2020-09-11,808.1,635.33,888.18,864.53,1894.49,927.6,902.58
2020-09-14,817.06,645.39,904.31,872.01,1920.81,948.11,923.7
2020-09-15,835.59,631.77,902.42,885.09,1969.17,940.07,896.38
2020-09-16,857.28,653.6,922.73,894.82,1912.66,965.04,902.05
2020-09-17,844.76,674.46,936.56,885.93,1937.23,961.18,897.18
2020-09-18,853.97,713.08,965.58,883.85,1911.26,961.52,892.01
2020-09-21,777.47,639.23,895.31,814.19,1804.27,943.65,845.94
2020-09-22,767.91,591.99,856.22,798.01,1697.58,919.89,821.51
2020-09-23,758.67,584.02,811.66,782.26,1621.63,905.19,783.61
2020-09-24,769.83,602.71,726.48,793.88,1589.93,906.9,784.3
2020-09-25,762.65,611.32,733.18,783.54,1584.05,908.16,795.41
2020-09-28,775.76,616.35,726.13,780.64,1609.33,912.27,791.33
2020-09-29,786.74,617.3,722.2,778.75,1600.04,909.93,793.4
2020-09-30,793.53,626.55,732.63,794.38,1620.24,918.54,804.01
2020-10-01,812.22,652.33,753.08,807.59,1637.24,929.25,809.56
2020-10-02,819.79,684.0,762.88,804.52,1660.92,941.04,812.78
2020-10-05,828.67,711.39,786.92,825.37,798.76,956.02,838.61
2020-10-06,794.76,690.88,767.81,796.58,778.93,943.18,823.49
2020-10-07,818.12,668.14,781.56,813.24,780.3,944.06,817.49
2020-10-08,837.65,681.62,809.67,829.17,801.52,974.52,837.43
2020-10-09,835.01,672.52,799.8,824.72,796.22,968.7,835.97
2020-10-12,842.2,659.37,801.5,827.75,788.32,970.39,817.24
2020-10-13,842.1,636.07,782.63,821.61,775.38,956.94,805.66
2020-10-14,851.28,644.89,789.97,835.47,789.52,970.16,826.84
2020-10-15,899.27,668.25,807.73,874.92,808.78,976.71,832.37
2020-10-16,876.8,646.78,805.84,851.91,793.74,974.9,815.22
2020-10-19,846.8,624.64,793.57,821.75,774.4,961.98,795.53
2020-10-20,878.75,646.94,814.29,837.32,786.47,979.4,791.72
2020-10-21,846.72,655.69,813.42,817.79,773.68,969.1,774.55
2020-10-22,846.39,656.97,833.41,821.91,784.01,1004.54,787.79
2020-10-23,852.05,655.65,842.62,821.61,779.79,1043.11,771.34
2020-10-25,812.81,642.89,823.98,791.65,759.66,1019.23,757.01
2020-10-26,835.59,622.56,812.87,801.34,754.07,1011.93,748.5
2020-10-27,769.61,563.65,773.04,750.79,709.46,979.11,711.99
2020-10-28,788.86,558.56,796.39,775.27,721.56,971.36,719.47
2020-10-29,773.95,546.83,760.76,756.23,703.37,949.16,704.98
2020-11-01,804.6,552.2,766.47,788.81,719.35,944.92,725.22
2020-11-02,840.74,569.85,767.87,823.14,729.56,938.28,723.12
2020-11-03,828.48,567.78,761.44,810.8,720.64,927.99,712.51
2020-11-04,847.84,574.99,786.57,829.19,742.22,946.18,739.26
2020-11-05,838.86,580.01,767.93,817.81,732.24,930.02,729.4
2020-11-08,926.34,612.85,835.71,913.22,793.46,987.55,781.32
2020-11-09,949.84,622.1,845.18,924.57,819.8,995.74,820.27
2020-11-10,972.17,619.23,875.58,946.14,822.83,1042.1,802.28
2020-11-11,928.13,613.55,842.09,886.39,784.94,1020.82,763.1
2020-11-12,972.01,622.24,855.49,941.56,808.04,1029.27,785.08
2020-11-15,1026.84,645.29,876.23,985.08,844.11,1046.79,821.19
2020-11-16,1058.38,638.84,879.92,998.55,850.75,1058.99,820.29
2020-11-17,1043.59,654.51,869.95,981.28,843.06,1036.24,807.9
2020-11-18,1058.22,668.36,897.66,1001.13,860.46,1062.27,823.78
2020-11-19,1056.46,667.73,908.31,1002.16,862.94,1087.48,826.86
2020-11-22,1066.18,707.79,943.7,1005.27,892.84,1115.84,864.47
2020-11-23,1048.75,712.84,947.94,1009.52,896.4,1133.47,879.52
2020-11-24,1063.14,725.34,955.4,1007.83,893.6,1131.77,861.49
2020-11-26,1056.47,743.66,953.01,996.91,894.49,1132.25,859.91
2020-11-29,1019.32,742.63,902.93,960.66,861.23,1081.43,828.22
2020-11-30,985.11,714.25,892.21,922.31,841.51,1086.52,814.98
2020-12-01,994.92,709.61,917.12,927.74,853.65,1110.62,828.79
2020-12-02,1015.1,735.38,905.15,944.89,860.73,1111.37,833.86
2020-12-03,1047.44,772.88,948.39,973.72,904.01,1152.25,886.57
2020-12-06,1028.06,741.65,934.63,951.39,885.06,1141.0,870.24
2020-12-07,1027.47,740.95,942.89,947.16,886.96,1149.15,870.53
2020-12-08,1022.27,736.97,938.41,940.59,883.96,1136.7,868.07
2020-12-09,1062.12,757.9,977.74,969.14,920.16,1158.66,909.38
2020-12-10,1060.57,738.32,970.29,948.0,905.17,1147.87,884.3
2020-12-13,1050.95,733.38,950.78,928.59,890.62,1125.13,864.88
2020-12-14,1096.86,740.03,969.51,964.17,908.35,1136.78,871.85
2020-12-15,1016.86,736.81,953.73,872.24,885.42,1113.09,864.74
2020-12-16,1026.85,748.73,952.89,864.97,884.61,1112.98,857.94
2020-12-17,1037.69,746.59,960.25,860.43,880.89,1105.81,837.86
2020-12-20,1052.91,736.52,940.66,863.06,870.48,1098.24,819.31
2020-12-21,1027.47,743.45,938.04,848.18,858.7,1080.92,798.93
2020-12-22,1074.26,758.84,949.39,885.68,884.66,1078.95,827.9
2020-12-23,1073.15,767.29,953.97,893.33,888.71,1085.2,831.13
2020-12-27,1070.73,757.0,947.68,884.88,880.11,1072.75,819.57
2020-12-28,1055.62,751.81,942.54,880.26,874.6,1069.27,816.79
2020-12-29,1078.23,761.2,960.27,902.43,885.07,1078.72,816.51
2020-12-30,1101.52,773.89,969.9,919.32,895.93,1110.33,817.24
2021-01-03,1090.86,790.24,988.4,910.0,913.05,1118.48,848.4
2021-01-04,1125.33,807.63,1008.24,913.83,922.7,1141.66,841.99
2021-01-05,1139.26,804.2,1018.61,911.91,928.32,1143.16,841.33
2021-01-06,1195.95,844.88,1075.62,932.4,977.31,1183.35,880.8
2021-01-07,1224.37,909.06,1071.56,933.89,1003.64,1189.39,917.25
2021-01-10,1291.71,910.01,1074.98,952.91,1005.44,1208.08,886.32
2021-01-11,1362.43,931.91,1130.6,988.99,1056.3,1263.47,923.03
2021-01-12,1309.07,918.33,1122.1,948.47,1037.67,1267.93,916.48
2021-01-13,1322.89,965.38,1143.28,983.42,1063.54,1289.82,947.1
2021-01-14,1269.18,932.19,1109.31,941.72,1027.58,1277.51,919.88
2021-01-18,1273.43,937.54,1104.62,941.64,1019.78,1285.74,896.13
2021-01-19,1276.1,917.75,1082.58,939.08,1007.93,1268.26,885.2
2021-01-20,1242.96,896.06,1062.75,920.33,989.61,1239.76,877.56
2021-01-21,1283.3,886.2,1056.9,954.54,992.72,1239.65,865.77
2021-01-24,1231.19,855.9,1028.74,925.99,968.99,1229.38,856.87
2021-01-25,1204.82,821.36,1022.91,932.28,955.98,1227.28,860.87
2021-01-26,1190.84,783.02,978.26,956.57,929.43,1212.75,843.43
2021-01-27,1185.25,773.02,993.18,961.47,928.45,1198.59,836.41
2021-01-28,1191.24,791.36,989.66,950.88,932.7,1180.89,836.76
2021-01-31,1246.06,811.14,994.06,970.14,948.1,1173.9,833.75
2021-02-01,1237.0,810.44,1015.95,976.3,954.1,1184.36,839.49
2021-02-02,1263.79,842.98,1029.87,997.19,977.49,1188.82,866.34
2021-02-03,1340.1,844.34,1024.87,1019.58,991.58,1187.02,862.86
2021-02-04,1375.04,895.12,1042.96,1034.2,1031.28,1210.06,908.75
2021-02-07,1412.41,900.91,1052.56,1063.42,1049.66,1223.6,937.09
2021-02-08,1434.54,921.85,1043.94,1075.22,1057.45,1228.64,936.84
2021-02-09,1448.6,928.73,1035.39,1072.82,1068.07,1228.21,958.28
2021-02-10,1443.78,956.49,1031.07,1075.67,1069.12,1219.29,959.16
2021-02-11,1512.79,1009.43,1078.06,1110.92,1119.29,1258.3,1004.88
2021-02-15,1562.64,1064.65,1093.5,1121.44,1154.54,1290.3,1032.87
2021-02-16,1582.54,1041.97,1090.26,1117.48,1140.31,1280.55,1003.32
2021-02-17,1525.69,1012.1,1045.09,1106.0,1104.62,1259.85,972.24
2021-02-18,1565.54,1026.87,1068.45,1129.5,1137.88,1281.87,1016.9
2021-02-21,1588.68,1031.84,1082.88,1146.34,1140.66,1295.26,994.95
2021-02-22,1548.66,995.55,1058.84,1145.82,1111.25,1284.55,967.42
2021-02-23,1588.28,1063.39,1088.43,1155.42,1146.01,1321.74,982.66
2021-02-24,1567.54,1062.75,1090.46,1120.54,1139.04,1299.96,975.01
2021-02-25,1613.25,1021.67,1055.58,1119.35,1115.35,1272.43,930.14
2021-02-28,1608.35,1015.24,1077.16,1130.19,1130.39,1310.77,952.37
2021-03-01,1631.57,1029.9,1069.25,1160.73,1141.5,1323.46,969.81
2021-03-02,1661.1,1069.72,1067.44,1182.46,1167.65,1338.75,1002.58
2021-03-03,1612.7,1042.24,1050.9,1176.2,1136.11,1335.62,967.26
2021-03-04,1597.0,1091.09,1061.97,1183.28,1146.98,1332.79,975.73
2021-03-07,1601.58,1104.2,1072.94,1201.52,1153.84,1342.25,981.88
2021-03-08,1596.7,1110.56,1066.85,1146.03,1152.23,1335.9,980.0
2021-03-09,1743.3,1174.21,1097.19,1220.95,1227.63,1377.87,1044.72
2021-03-10,1821.02,1246.89,1091.39,1227.78,1263.07,1381.38,1055.41
2021-03-11,1825.25,1255.61,1106.55,1221.99,1273.2,1405.13,1063.73
2021-03-14,1848.13,1289.92,1108.23,1234.91,1299.27,1430.19,1108.26
2021-03-15,1823.23,1223.34,1117.29,1203.51,1268.9,1418.88,1073.39
2021-03-16,1855.52,1275.51,1121.3,1211.97,1295.94,1453.96,1097.52
2021-03-17,1841.61,1276.18,1088.04,1199.34,1278.81,1422.81,1077.61
2021-03-18,1925.86,1331.2,1100.96,1229.4,1321.01,1466.47,1097.32
2021-03-21,1957.34,1345.39,1108.58,1223.34,1332.38,1497.95,1089.89
2021-03-22,1800.86,1189.72,1055.09,1170.49,1230.12,1430.16,1020.18
2021-03-23,1793.18,1159.12,1062.01,1169.7,1246.03,1407.26,1039.31
2021-03-24,1879.46,1263.06,1062.51,1196.61,1275.35,1437.64,1059.03
2021-03-25,1950.01,1252.6,1091.07,1211.44,1316.41,1475.92,1107.9
2021-03-29,1875.22,1203.63,1054.41,1151.97,1253.68,1442.07,1034.58
2021-03-30,1868.53,1212.57,1049.85,1151.99,1250.64,1422.46,1030.41
2021-03-31,1822.42,1205.08,1042.63,1149.97,1244.68,1397.83,1049.35
2021-04-01,2137.2,1161.5,1058.32,1194.14,1381.8,1408.62,1063.33
2021-04-05,2157.71,1127.7,1051.22,1189.3,1388.1,1389.79,1062.0
2021-04-06,2156.39,1202.19,1055.78,1249.65,1403.4,1475.91,1066.45
2021-04-07,2215.19,1244.6,1066.22,1260.81,1429.55,1531.25,1074.21
2021-04-08,2358.54,1277.02,1067.94,1287.98,1477.55,1553.88,1058.41
2021-04-09,2421.08,1269.6,1061.56,1277.55,1499.12,1533.74,1032.97
2021-04-12,2341.23,1259.01,1040.58,1273.44,1459.15,1539.23,982.07
2021-04-13,2243.03,1241.31,1040.8,1269.92,1423.67,1545.25,968.0
2021-04-14,2260.01,1277.41,1078.1,1279.09,1448.16,1560.43,1003.95
2021-04-15,2273.86,1274.88,1077.65,1270.11,1447.63,1544.79,1004.6
2021-04-16,2384.88,1308.84,1121.56,1277.3,1506.23,1643.35,1020.29
2021-04-19,2392.38,1414.02,1152.14,1309.71,1552.2,1714.01,1053.42
2021-04-20,2216.29,1356.47,1123.75,1244.31,1464.39,1655.67,1028.7
2021-04-21,2271.55,1488.0,1158.15,1297.31,1512.34,1708.14,1052.65
2021-04-22,2290.2,1464.76,1152.37,1295.34,1508.48,1732.48,1034.95
2021-04-23,2384.35,1515.18,1169.04,1328.2,1552.04,1784.42,1025.88
2021-04-26,2478.73,1564.3,1187.7,1355.2,1602.79,1839.88,1029.97
2021-04-27,2472.93,1564.49,1185.17,1357.39,1602.7,1850.1,1023.35
2021-04-28,2518.49,1576.94,1201.68,1355.62,1628.43,1848.72,1047.01
2021-04-29,2583.16,1532.44,1203.09,1332.5,1638.28,1823.24,1048.8
2021-04-30,2661.51,1554.77,1181.57,1334.47,1659.94,1816.25,1028.45
2021-05-03,2828.8,1687.47,1225.87,1404.65,1772.49,1899.76,1074.55
2021-05-04,2888.14,1643.7,1198.69,1362.35,1771.79,1855.74,1052.68
2021-05-05,3049.82,1628.17,1204.68,1360.58,1830.55,1828.22,1052.12
2021-05-06,2954.45,1625.67,1188.03,1352.01,1809.97,1818.86,1063.82
2021-05-07,2968.51,1736.58,1202.64,1369.68,1840.06,1833.15,1107.06
2021-05-10,2919.25,1727.63,1186.26,1365.57,1818.65,1808.67,1117.6
2021-05-11,2625.5,1727.7,1179.7,1315.12,1714.29,1772.39,1095.23
2021-05-12,2620.61,1605.16,1174.32,1257.86,1663.08,1703.82,1075.68
2021-05-13,2609.7,1607.23,1179.35,1258.36,1672.52,1700.48,1096.61
2021-05-14,2766.52,1644.1,1214.18,1320.64,1732.3,1744.76,1110.01
2021-05-17,2926.49,1624.79,1238.58,1330.73,1799.75,1786.89,1121.86
2021-05-18,2986.51,1738.89,1228.7,1357.38,1853.15,1792.1,1139.26
2021-05-19,3159.95,1747.34,1224.27,1322.44,1908.49,1793.69,1135.06
2021-05-20,3148.22,1720.45,1220.36,1361.08,1917.75,1833.36,1153.05
2021-05-21,3138.12,1746.85,1258.1,1381.63,1927.18,1870.07,1192.23
2021-05-24,3178.79,1752.19,1264.87,1367.07,1932.33,1822.32,1193.38
2021-05-25,3005.96,1621.08,1237.43,1314.73,1842.63,1717.06,1168.59
2021-05-26,2995.49,1581.09,1247.2,1294.49,1822.14,1715.5,1165.71
2021-05-27,3169.92,1577.85,1259.94,1289.93,1875.0,1721.43,1149.18
2021-05-28,3298.64,1586.85,1277.62,1299.16,1947.45,1717.66,1166.32
2021-06-01,3207.25,1644.72,1293.89,1316.53,1942.16,1734.85,1183.79
2021-06-02,3191.95,1586.59,1293.47,1291.79,1901.57,1721.61,1159.43
2021-06-03,3024.46,1543.86,1287.08,1264.27,1839.82,1711.04,1146.79
2021-06-04,2949.76,1542.95,1272.17,1263.24,1799.8,1713.23,1139.29
2021-06-07,3121.72,1617.04,1281.29,1295.5,1876.56,1732.97,1161.18
2021-06-08,3184.43,1629.83,1285.03,1285.94,1913.51,1733.94,1167.77
2021-06-09,3229.58,1668.23,1342.21,1283.82,1952.51,1738.56,1159.64
2021-06-10,3324.29,1703.48,1364.62,1301.04,2001.67,1764.52,1168.88
2021-06-11,3470.41,1770.15,1370.98,1341.74,2066.71,1791.02,1167.39
2021-06-14,3377.47,1721.28,1380.77,1300.82,2035.45,1770.7,1151.47
2021-06-15,3234.67,1766.78,1393.44,1298.72,1994.52,1798.35,1146.12
2021-06-16,3366.38,1860.43,1392.22,1324.59,2052.04,1818.41,1162.43
2021-06-17,3261.37,1766.7,1354.07,1272.57,1991.88,1758.77,1132.13
2021-06-18,3233.51,1723.56,1324.83,1242.4,1960.22,1706.68,1116.47
2021-06-21,3309.88,1771.27,1356.84,1260.95,2012.98,1731.71,1141.46
2021-06-22,3356.88,1822.64,1354.54,1279.91,2042.61,1754.66,1153.24
2021-06-23,3369.28,1810.5,1374.38,1282.67,2054.87,1770.05,1177.26
2021-06-24,3536.76,1876.54,1387.61,1336.36,2129.07,1781.95,1205.69
2021-06-25,3645.73,1861.27,1383.69,1347.66,2176.45,1784.23,1212.95
2021-06-28,3462.21,1788.5,1346.58,1309.56,2090.33,1753.86,1164.02
2021-06-29,3348.76,1781.69,1344.31,1294.93,2038.26,1753.07,1151.44
2021-06-30,3435.18,1794.81,1348.28,1331.51,2062.73,1780.46,1159.08
2021-07-01,3310.82,1678.54,1348.96,1322.07,1994.96,1757.09,1127.42
2021-07-02,3252.61,1632.2,1358.72,1300.3,1967.24,1734.93,1146.3
2021-07-06,3194.03,1629.36,1338.74,1282.24,1938.22,1705.4,1144.36
2021-07-07,3179.93,1628.21,1307.09,1262.98,1914.39,1673.13,1111.4
2021-07-08,3021.48,1577.96,1282.8,1213.42,1847.56,1639.88,1091.21
2021-07-09,3170.49,1620.63,1297.52,1256.67,1901.73,1668.08,1110.13
2021-07-12,3240.18,1627.82,1309.99,1272.16,1936.03,1697.62,1092.98
2021-07-13,3108.54,1547.35,1281.07,1232.92,1866.69,1656.96,1048.77
2021-07-14,2975.66,1519.37,1265.42,1212.89,1811.38,1611.46,1040.18
2021-07-15,2996.34,1507.45,1257.92,1210.51,1801.79,1602.71,1026.42
2021-07-16,2844.41,1398.75,1227.13,1152.6,1732.6,1562.94,995.8
2021-07-19,2839.07,1388.75,1186.9,1119.47,1706.19,1522.46,986.97
2021-07-20,2886.95,1402.33,1229.21,1147.67,1740.95,1571.26,1000.0
2021-07-21,3063.63,1500.73,1263.89,1195.12,1836.48,1610.64,1048.1
2021-07-22,3033.25,1508.79,1235.65,1178.31,1822.89,1616.0,1032.08
2021-07-23,2947.47,1502.3,1228.39,1169.55,1791.22,1610.6,1032.62
2021-07-26,2883.81,1525.1,1250.03,1186.14,1776.64,1646.52,1048.76
2021-07-27,2744.52,1463.66,1223.75,1148.66,1699.97,1596.8,1031.8
2021-07-28,2862.46,1484.14,1104.39,1157.29,1719.21,1388.66,1031.64
2021-07-29,3023.58,1529.5,1147.38,1174.86,1808.78,1477.13,1033.97
2021-07-30,3000.85,1509.05,1137.69,1168.53,1804.41,1466.31,1021.78
2021-08-02,3065.1,1522.08,1146.88,1182.23,1829.1,1466.61,1014.81
2021-08-03,3153.74,1513.1,1138.05,1186.74,1861.09,1462.04,1005.29
2021-08-04,3140.25,1493.33,1113.59,1168.33,1852.32,1432.97,974.97
2021-08-05,3209.04,1556.04,1102.95,1204.56,1890.36,1432.88,950.63
2021-08-06,3233.7,1518.23,1113.07,1201.18,1907.85,1427.4,963.61
2021-08-09,3195.25,1455.48,1105.77,1177.46,1873.0,1416.81,935.55
2021-08-10,3278.18,1520.83,1105.94,1237.11,1929.99,1443.69,955.09
2021-08-11,3281.05,1592.39,1136.68,1286.72,1969.4,1495.68,997.11
2021-08-12,3250.87,1584.76,1134.88,1284.06,1940.98,1505.94,972.01
2021-08-13,3299.01,1597.74,1139.64,1294.15,1967.52,1530.57,966.64
2021-08-16,3354.74,1616.75,1155.11,1303.55,2003.75,1544.26,970.46
2021-08-17,3394.41,1619.94,1118.85,1289.68,2014.97,1523.28,980.54
2021-08-18,3505.72,1656.89,1115.41,1303.8,2063.84,1523.47,971.21
2021-08-19,3399.96,1571.33,1097.03,1251.25,2007.97,1476.67,945.33
2021-08-20,3478.56,1576.72,1104.78,1243.62,2030.86,1482.69,946.14
2021-08-23,3693.22,1670.54,1135.78,1288.61,2146.2,1518.16,968.54
2021-08-24,3814.64,1726.41,1161.96,1329.93,2219.28,1564.35,978.05
2021-08-25,3822.75,1743.26,1151.59,1335.08,2230.27,1555.35,980.87
2021-08-26,3705.67,1770.97,1145.15,1327.5,2190.14,1520.87,970.92
2021-08-27,3790.84,1862.08,1170.07,1379.85,2238.25,1573.11,984.98
2021-08-30,3766.15,1886.45,1158.62,1392.08,2230.25,1616.35,974.21
2021-08-31,3735.09,1825.38,1159.66,1420.54,2211.28,1628.54,991.64
2021-09-01,3868.6,1832.37,1161.15,1480.24,2272.81,1659.31,1032.44
2021-09-02,3980.59,1888.86,1211.48,1504.84,2344.48,1728.47,1039.2
2021-09-03,4036.8,1890.25,1235.29,1518.64,2370.01,1770.71,1037.07
2021-09-07,4110.64,1911.2,1254.92,1530.7,2413.62,1801.69,1048.91
2021-09-08,4116.51,1826.73,1235.81,1509.04,2388.58,1752.47,1018.96
2021-09-09,4225.53,1871.02,1257.6,1495.28,2462.15,1789.31,1027.17
2021-09-10,4269.3,1885.11,1247.2,1519.52,2483.82,1780.03,1010.16
2021-09-13,4237.41,1949.34,1259.69,1529.58,2506.69,1805.82,1019.96
2021-09-14,4135.88,1892.24,1233.62,1509.72,2437.45,1765.02,1010.75
2021-09-15,4294.13,1929.34,1250.93,1550.87,2514.63,1777.43,1027.74
2021-09-16,4322.18,1916.79,1255.36,1536.13,2536.18,1762.53,1020.69
2021-09-17,4231.7,1836.06,1229.72,1480.99,2478.72,1695.28,1007.13
2021-09-20,3929.58,1589.32,1171.66,1390.99,2279.05,1596.37,956.98
2021-09-21,3979.0,1612.79,1198.57,1395.84,2311.69,1614.13,981.92
2021-09-22,3995.85,1693.22,1229.36,1450.43,2345.54,1662.92,1018.56
2021-09-23,4156.62,1732.31,1256.86,1475.62,2406.15,1714.92,1026.98
2021-09-24,4093.16,1787.78,1258.05,1486.72,2416.18,1721.49,1050.79
2021-09-27,4025.52,1847.98,1282.4,1532.21,2394.79,1792.43,1099.79
2021-09-28,3935.11,1870.61,1280.85,1530.26,2332.3,1823.75,1084.99
2021-09-29,3823.92,1827.5,1261.79,1511.65,2266.68,1828.46,1087.48
2021-09-30,3798.29,1898.73,1290.42,1517.76,2272.47,1837.2,1114.85
2021-10-01,3763.54,1972.71,1336.17,1543.92,2274.39,1881.9,1147.57
2021-10-04,3323.94,1839.91,1364.08,1443.68,2069.92,1885.54,1122.68
2021-10-05,3333.71,1954.78,1380.37,1471.12,2068.41,1892.45,1132.9
2021-10-06,3349.89,1928.64,1379.73,1484.44,2064.84,1906.58,1109.33
2021-10-07,3352.64,1854.38,1399.57,1474.63,2058.21,1886.86,1109.93
2021-10-08,3301.95,1796.79,1376.38,1444.84,2019.73,1857.98,1095.74
2021-10-11,3284.01,1802.77,1378.46,1443.0,2020.9,1862.37,1115.08
2021-10-12,3407.42,1764.95,1358.93,1441.65,2037.62,1855.42,1087.34
2021-10-14,3235.14,1654.27,1367.76,1369.89,1973.61,1777.13,1076.36
2021-10-15,3265.53,1671.46,1375.59,1378.36,1989.61,1762.2,1114.63
2021-10-18,3399.29,1750.56,1415.83,1428.65,2064.86,1801.51,1140.26
2021-10-19,3575.95,1776.84,1422.01,1432.44,2148.21,1828.83,1182.77
2021-10-20,3680.49,1803.59,1417.0,1454.68,2188.44,1889.63,1168.32
2021-10-21,3639.22,1743.94,1391.62,1439.07,2156.16,1887.92,1138.93
2021-10-22,3608.41,1726.34,1393.7,1425.84,2153.74,1875.24,1149.41
2021-10-25,3687.56,1764.34,1400.36,1450.33,2187.16,1875.14,1150.15
2021-10-26,3598.84,1679.04,1374.81,1414.74,2132.38,1827.02,1113.89
2021-10-27,3454.38,1608.27,1362.05,1358.63,2061.79,1780.69,1096.35
2021-10-28,3591.38,1666.24,1370.73,1382.74,2110.62,1814.25,1096.46
2021-10-29,3705.6,1671.88,1384.59,1395.34,2162.16,1831.66,1088.35
2021-10-31,3897.9,1686.2,1408.01,1437.09,2255.91,1859.63,1117.23
2021-11-01,3885.16,1585.64,1392.44,1400.76,2234.63,1829.84,1096.53
2021-11-02,3957.59,1589.1,1415.74,1408.98,2280.87,1831.15,1117.86
2021-11-03,3835.17,1579.14,1410.89,1390.92,2230.99,1813.79,1110.67
2021-11-04,3639.62,1570.25,1404.02,1373.29,2142.24,1805.03,1090.98
2021-11-07,3628.12,1605.09,1417.13,1397.44,2134.48,1818.65,1089.3
2021-11-08,3762.67,1639.32,1417.79,1477.5,2201.5,1860.87,1095.68
2021-11-09,3575.04,1560.38,1380.79,1419.01,2123.22,1815.05,1064.02
2021-11-10,3705.05,1596.4,1404.07,1419.55,2198.51,1810.05,1095.54
2021-11-11,3758.26,1571.03,1425.63,1412.44,2210.53,1808.01,1116.6
2021-11-14,3698.06,1528.77,1418.32,1393.97,2170.92,1787.44,1079.6
2021-11-15,3679.17,1455.43,1441.3,1323.43,2148.9,1747.41,1053.2
2021-11-16,3844.35,1457.34,1453.04,1314.14,2215.1,1721.14,1040.04
2021-11-17,3954.95,1488.61,1436.53,1323.2,2273.26,1714.01,1018.39
2021-11-18,4083.58,1478.92,1415.39,1310.9,2326.62,1688.38,990.7
2021-11-21,4121.1,1497.78,1449.94,1314.92,2372.43,1700.61,977.03
2021-11-22,4009.08,1496.59,1460.39,1306.64,2326.2,1695.41,967.94
2021-11-23,3984.26,1603.83,1465.93,1321.18,2334.74,1716.11,990.17
2021-11-25,3899.13,1582.03,1446.9,1305.01,2267.77,1711.86,949.98
2021-11-28,4096.88,1657.94,1483.52,1321.42,2367.97,1711.98,936.68
2021-11-29,3980.62,1600.44,1487.7,1292.27,2334.03,1698.38,936.03
2021-11-30,3822.21,1512.87,1385.55,1234.95,2201.63,1615.24,861.39
2021-12-01,3952.76,1609.25,1399.74,1293.39,2290.77,1645.8,879.57
2021-12-02,3907.1,1616.89,1378.88,1290.91,2268.73,1665.46,852.2
2021-12-05,3985.54,1697.23,1358.51,1326.72,2327.18,1711.28,889.04
2021-12-06,4119.04,1742.11,1393.73,1356.24,2395.53,1743.13,927.39
2021-12-07,4079.54,1720.45,1409.71,1363.93,2378.42,1763.96,944.96
2021-12-08,3897.02,1651.66,1395.76,1344.92,2262.33,1733.7,921.83
2021-12-09,3757.48,1634.94,1401.23,1334.26,2213.6,1712.52,931.29
2021-12-12,3584.65,1564.54,1357.5,1303.45,2100.87,1683.35,889.21
2021-12-13,3483.6,1479.89,1337.7,1265.82,2037.45,1645.22,870.17
2021-12-14,3565.95,1517.54,1369.07,1283.99,2089.83,1632.78,880.67
2021-12-15,3588.36,1504.88,1374.97,1277.36,2102.06,1618.64,879.67
2021-12-16,3653.14,1535.52,1369.76,1270.1,2131.35,1604.43,873.72
2021-12-19,3641.93,1529.48,1381.58,1249.24,2137.29,1565.24,871.66
2021-12-20,3732.45,1553.0,1410.44,1265.26,2178.16,1585.18,879.48
2021-12-21,3746.42,1584.13,1444.5,1284.01,2204.86,1613.53,901.03
2021-12-22,3803.65,1601.53,1446.24,1289.53,2219.34,1621.61,895.36
2021-12-26,3891.21,1621.48,1455.3,1304.21,2264.25,1638.9,878.14
2021-12-27,3891.69,1621.0,1442.38,1299.74,2277.18,1624.48,888.8
2021-12-28,4003.73,1666.13,1442.08,1304.77,2324.07,1629.37,876.16
2021-12-29,4085.88,1668.43,1452.51,1307.08,2379.59,1624.09,883.6
2021-12-30,4178.03,1728.48,1473.09,1323.35,2436.73,1645.02,889.46
2022-01-02,4002.47,1714.21,1476.48,1361.54,2424.17,1689.95,1108.83
2022-01-03,3938.2,1711.12,1459.32,1360.88,2359.14,1683.75,1106.09
2022-01-04,3808.59,1652.25,1445.76,1332.83,2286.6,1651.48,1067.67
2022-01-05,3850.86,1655.56,1447.6,1333.91,2300.51,1656.48,1064.47
2022-01-06,3902.28,1655.42,1465.9,1339.99,2334.8,1662.67,1082.83
2022-01-09,3997.58,1631.15,1490.28,1339.03,2368.53,1643.02,1074.36
2022-01-10,4196.58,1681.04,1541.25,1362.36,2489.19,1663.84,1104.45
2022-01-11,4313.93,1673.16,1556.14,1362.54,2541.95,1664.49,1107.22
2022-01-12,4353.31,1591.35,1503.11,1365.99,2574.15,1627.67,1085.85
2022-01-13,4376.06,1645.29,1519.56,1381.41,2617.49,1664.39,1094.36
2022-01-17,4399.98,1610.07,1441.21,1378.66,2600.84,1683.83,1074.27
2022-01-18,4345.88,1605.58,1370.11,1364.06,2594.06,1698.77,1079.27
2022-01-19,4345.09,1598.34,1296.6,1356.45,2573.3,1703.63,1067.25
2022-01-20,4133.63,1506.74,1235.87,1303.03,2460.32,1627.96,1018.8
2022-01-23,4085.15,1505.98,1225.98,1293.39,2438.25,1610.2,1012.15
2022-01-24,4097.64,1521.34,1270.21,1304.2,2454.88,1660.05,1044.03
2022-01-25,4218.94,1517.79,1279.94,1308.69,2491.58,1651.7,1041.76
2022-01-26,4414.03,1615.2,1361.29,1347.11,2632.49,1699.03,1066.68
2022-01-27,4708.55,1696.32,1371.31,1405.37,2782.07,1791.38,1091.16
2022-01-30,4804.12,1676.83,1342.46,1406.69,2853.2,1799.16,1093.43
2022-01-31,4971.41,1769.03,1376.7,1452.08,2978.51,1884.47,1142.45
2022-02-01,4968.59,1772.47,1399.79,1487.32,2966.36,1925.33,1148.5
2022-02-02,4941.17,1720.29,1380.67,1474.56,2939.57,1899.16,1132.38
2022-02-03,4981.22,1777.46,1390.87,1486.84,2995.44,1930.84,1166.04
2022-02-06,5117.11,1850.8,1399.61,1515.62,3060.3,1944.63,1188.33
2022-02-07,5108.31,1833.67,1370.89,1488.83,3050.27,1890.63,1171.99
2022-02-08,5234.74,1901.98,1371.19,1521.84,3119.51,1920.3,1178.61
2022-02-09,5276.04,1953.13,1386.38,1542.7,3159.61,2010.71,1223.65
2022-02-10,5107.81,1935.18,1421.49,1528.06,3080.3,2013.73,1243.69
2022-02-13,5028.4,1926.98,1414.35,1519.73,3001.11,1967.88,1217.72
2022-02-14,5193.53,1965.69,1388.53,1542.58,3082.67,1999.37,1236.03
2022-02-15,5202.06,1981.34,1442.99,1570.02,3119.53,2016.59,1258.0
2022-02-16,5107.87,2067.28,1448.01,1497.32,3082.52,1980.4,1261.82
2022-02-17,5049.78,2060.16,1415.14,1472.67,3010.78,1934.91,1218.88
2022-02-21,4979.39,2163.08,1477.88,1481.43,3024.88,1971.52,1258.51
2022-02-22,4850.92,2128.32,1482.24,1474.29,2921.83,1983.19,1244.64
2022-02-23,4852.9,2067.51,1503.62,1467.27,2913.99,1980.36,1288.46
2022-02-24,5049.24,2203.56,1574.99,1518.01,3021.56,2099.32,1324.65
2022-02-27,5022.75,2127.13,1618.88,1511.88,3001.73,2118.81,1359.15
2022-02-28,4879.94,2022.67,1599.34,1475.82,2890.66,2035.22,1315.35
2022-03-01,5019.79,2112.44,1616.74,1504.34,2962.64,2050.26,1311.64
2022-03-02,5238.17,2102.53,1568.44,1522.84,3066.26,2063.55,1329.36
2022-03-03,5100.68,2068.46,1533.91,1502.24,3041.4,2036.88,1341.74
2022-03-06,4917.86,2066.15,1572.36,1478.96,2954.73,2030.81,1375.72
2022-03-07,5028.35,2195.59,1623.84,1518.23,2977.8,2075.14,1346.55
2022-03-08,5271.86,2198.01,1575.19,1568.56,3075.05,2162.81,1337.49
2022-03-09,5428.01,2259.0,1602.88,1630.81,3229.34,2234.38,1372.73
2022-03-10,5527.4,2281.87,1569.75,1636.76,3270.93,2273.76,1336.56
2022-03-13,5686.83,2098.46,1506.52,1579.38,3328.3,2128.46,1289.48
2022-03-14,5961.63,2030.8,1534.05,1536.11,3501.23,2000.57,1264.01
2022-03-15,6303.07,2097.58,1562.24,1568.39,3695.06,1982.36,1272.15
2022-03-16,6262.2,2150.21,1608.08,1591.15,3717.86,2049.76,1299.76
2022-03-17,6086.26,2191.64,1687.48,1601.5,3629.91,2045.77,1316.72
2022-03-20,6219.93,2251.94,1751.61,1634.55,3677.61,2126.66,1346.07
2022-03-21,5706.45,2214.33,1748.23,1630.47,3449.35,2122.94,1345.9
2022-03-22,5523.16,2282.43,1818.65,1634.23,3339.89,2142.33,1351.01
2022-03-23,5282.96,2260.93,1881.39,1619.78,3209.82,2122.55,1319.52
2022-03-24,5082.58,2271.36,2054.45,1623.21,3138.97,2136.99,1362.71
2022-03-28,5262.21,2297.16,2000.87,1649.71,3155.55,2118.69,1343.96
2022-03-29,5360.98,2307.94,1925.8,1659.95,3234.19,2144.81,1353.97
2022-03-30,5318.09,2317.82,2029.57,1674.3,3256.74,2189.86,1404.51
2022-03-31,5250.36,2321.69,2045.78,1630.82,3202.7,2165.71,1402.66
2022-04-01,5261.31,2368.82,2088.68,1642.92,3215.45,2184.23,1436.26
2022-04-04,4952.4,2251.93,2048.9,1602.43,3039.55,2127.03,1435.45
2022-04-05,4584.61,2168.47,2073.18,1529.29,2847.53,2035.63,1392.08
2022-04-06,4381.07,2097.17,2054.51,1481.02,2715.95,1967.38,1375.81
2022-04-07,4407.09,2135.67,2057.29,1480.68,2720.34,1986.95,1400.64
2022-04-08,4327.05,2216.41,2069.35,1486.93,2721.98,2026.81,1466.03
2022-04-11,4138.28,2053.42,2049.61,1443.1,2567.14,1915.87,1409.78
2022-04-12,4109.24,2072.84,2086.32,1445.31,2568.1,1917.99,1422.36
2022-04-13,4168.65,2186.91,2161.09,1477.84,2628.66,1980.6,1448.6
2022-04-14,4162.85,2331.84,2216.67,1506.45,2671.29,2040.48,1466.38
2022-04-18,4255.76,2403.5,2216.17,1517.46,2715.8,2077.55,1474.77
2022-04-19,4447.86,2435.02,2108.45,1532.4,2782.47,2102.56,1463.59
2022-04-20,4409.18,2385.53,2076.69,1531.77,2775.36,2117.55,1466.7
2022-04-21,4160.41,2273.74,1973.82,1471.07,2636.87,2018.79,1428.47
2022-04-22,4029.69,2218.4,1912.35,1438.71,2549.99,1962.21,1397.82
2022-04-25,3785.67,2016.09,1843.02,1361.73,2387.79,1846.69,1333.34
2022-04-26,3786.88,2043.44,1902.54,1330.78,2413.15,1849.6,1365.78
2022-04-27,4086.65,2207.21,2006.99,1377.04,2579.92,1898.4,1434.98
2022-04-28,4180.46,2209.27,2010.16,1390.69,2625.22,1909.84,1458.62
2022-04-29,4074.66,2146.81,1939.31,1347.41,2556.94,1830.16,1431.15
2022-05-02,4172.42,2186.18,1952.71,1373.4,2601.28,1872.39,1437.72
2022-05-03,4457.23,2292.29,2042.72,1415.12,2763.22,1939.43,1493.18
2022-05-04,4660.78,2356.11,2086.6,1455.6,2877.0,2020.41,1535.29
2022-05-05,4688.24,2320.88,2073.3,1437.19,2874.79,2022.59,1516.81
2022-05-06,4713.91,2310.57,2033.43,1428.78,2883.44,1998.1,1526.07
2022-05-09,4316.82,2090.16,1837.85,1357.53,2618.84,1851.72,1368.37
2022-05-10,4336.1,2169.22,1903.93,1355.07,2699.38,1800.79,1428.28
2022-05-11,4205.48,2219.38,1894.74,1321.54,2652.98,1778.46,1436.6
2022-05-12,4190.59,2133.17,1879.65,1290.12,2600.78,1706.18,1418.59
2022-05-13,4489.87,2192.09,1951.24,1347.7,2748.67,1780.94,1485.4
2022-05-16,4651.61,2286.98,2062.25,1381.75,2882.56,1805.04,1569.28
2022-05-17,4577.55,2313.97,2025.38,1368.29,2833.55,1810.18,1537.37
2022-05-18,4314.55,2236.52,1990.02,1325.74,2723.91,1765.81,1559.26
2022-05-19,4464.52,2353.12,2008.43,1360.14,2780.75,1806.89,1577.93
2022-05-20,4563.12,2344.57,2008.08,1367.38,2815.74,1814.61,1559.96
2022-05-23,4851.25,2447.66,2049.65,1405.48,2972.4,1871.72,1619.99
2022-05-24,4884.88,2396.4,1974.88,1395.08,2981.55,1856.78,1631.47
2022-05-25,4927.93,2369.12,2052.02,1412.05,3019.87,1901.68,1695.52
2022-05-26,4900.58,2413.26,2015.22,1429.73,2996.57,1903.77,1706.61
2022-05-27,4815.56,2414.68,2056.75,1437.4,2982.72,1891.08,1746.12
2022-05-31,4553.18,2394.96,2043.55,1416.32,2854.4,1863.03,1681.38
2022-06-01,4584.41,2478.05,2135.76,1445.59,2917.73,1917.77,1780.69
2022-06-02,4684.79,2411.09,2169.39,1455.63,2928.77,1922.25,1781.66
2022-06-03,4757.56,2469.54,2152.69,1457.34,2982.08,1922.68,1794.36
2022-06-06,4728.29,2485.73,2245.62,1454.41,2991.6,1916.16,1794.82
2022-06-07,4775.04,2469.36,2239.29,1454.61,3001.08,1925.23,1821.15
2022-06-08,4201.51,2227.43,2100.17,1382.37,2724.52,1827.53,1792.63
2022-06-09,3796.38,2098.66,1964.61,1331.36,2483.51,1765.93,1714.82
2022-06-10,3715.46,2080.06,1945.13,1328.88,2454.75,1731.39,1752.17
2022-06-13,3421.95,1940.7,1822.8,1231.96,2280.02,1610.0,1652.12
2022-06-14,3571.74,1981.3,1855.43,1246.33,2339.6,1625.87,1671.04
2022-06-15,3676.53,1997.82,1886.29,1259.85,2404.75,1652.95,1709.58
2022-06-16,3507.89,1941.5,1793.78,1210.15,2304.63,1595.5,1648.56
2022-06-17,3549.69,1953.22,1760.66,1188.31,2298.9,1555.82,1591.44
2022-06-21,3649.5,1969.58,1890.61,1221.05,2401.92,1598.18,1712.18
2022-06-22,3408.23,1790.38,1812.0,1154.06,2236.32,1539.08,1638.24
2022-06-23,3356.47,1791.83,1837.15,1143.07,2200.48,1503.76,1575.37
2022-06-24,3293.23,1754.05,1917.99,1155.58,2195.91,1519.98,1606.13
2022-06-27,3404.37,1874.8,1985.35,1205.3,2277.46,1602.62,1684.72
2022-06-28,3348.36,1832.41,1950.69,1189.4,2248.25,1576.2,1693.12
2022-06-29,3314.37,1809.32,1921.47,1161.53,2206.83,1534.0,1625.9
2022-06-30,3333.68,1813.77,1911.4,1165.23,2203.87,1521.21,1589.15
2022-07-01,3143.66,1708.14,1870.43,1158.51,2118.27,1529.24,1596.79
2022-07-05,3022.51,1635.42,1844.01,1118.69,2040.87,1491.63,1547.36
2022-07-06,2959.96,1534.42,1764.82,1068.87,1944.13,1423.32,1409.02
2022-07-07,3101.85,1596.96,1861.81,1090.51,2047.87,1459.81,1470.32
2022-07-08,3151.04,1601.35,1904.78,1095.11,2080.08,1457.57,1503.22
2022-07-11,3102.74,1591.21,1868.86,1085.21,2054.75,1451.14,1492.26
2022-07-12,3110.87,1569.16,1807.6,1083.02,2044.19,1432.28,1495.87
2022-07-13,3221.26,1579.63,1855.2,1080.44,2107.64,1442.15,1539.58
2022-07-14,3145.47,1589.95,1799.5,1067.51,2078.15,1438.19,1545.59
2022-07-15,3258.26,1676.4,1857.27,1104.71,2150.52,1488.4,1610.38
2022-07-18,3373.79,1735.28,1895.53,1138.0,2221.77,1518.92,1662.88
2022-07-19,3517.34,1808.33,1935.08,1157.94,2310.87,1543.91,1733.48
2022-07-20,3628.72,1815.16,1979.26,1169.56,2355.41,1562.82,1739.02
2022-07-21,3589.84,1857.3,1967.09,1173.74,2360.14,1582.85,1754.42
2022-07-22,3327.89,1800.86,1926.79,1153.88,2241.13,1576.77,1711.04
2022-07-25,3360.18,1818.08,2028.15,1181.06,2279.33,1623.02,1785.24
2022-07-26,3295.35,1818.24,2023.23,1174.49,2265.69,1607.39,1804.21
2022-07-27,3387.38,1897.47,2049.39,1207.99,2327.03,1616.81,1871.51
2022-07-28,3510.7,1910.6,2043.66,1264.26,2334.56,1762.06,1823.22
2022-07-29,3615.82,1911.39,2050.34,1300.34,2381.26,1836.15,1829.86
2022-08-01,3656.84,1971.57,2043.81,1322.18,2437.63,1875.87,1910.49
2022-08-02,3688.21,1930.78,2061.39,1318.6,2434.56,1893.36,1920.82
2022-08-03,3654.49,1873.78,2069.24,1310.9,2404.57,1856.43,1887.02
2022-08-04,3625.33,1797.98,1979.51,1263.15,2356.07,1772.85,1838.03
2022-08-05,3747.11,1842.74,2026.28,1376.08,2427.77,1778.9,1872.37
2022-08-08,3735.55,1884.26,2073.84,1381.9,2472.24,1803.5,1928.64
2022-08-09,3732.06,1909.61,2152.1,1383.68,2514.48,1829.78,2016.98
2022-08-10,3799.81,1941.73,2185.86,1390.49,2532.79,1842.48,2011.94
2022-08-11,3834.36,1962.27,2281.38,1409.11,2581.24,1876.89,2059.88
2022-08-12,3759.05,1969.11,2340.97,1413.74,2558.17,1890.77,2048.42
2022-08-15,3656.87,1871.9,2355.62,1390.48,2492.09,1826.85,2012.0
2022-08-16,3589.47,1850.3,2410.5,1386.23,2479.91,1816.9,1987.32
2022-08-17,3436.95,1826.83,2428.13,1399.17,2448.32,1766.56,2023.39
2022-08-18,3565.62,1854.77,2454.39,1403.38,2482.76,1781.85,2037.19
2022-08-19,3484.75,1790.3,2377.95,1391.71,2438.7,1750.21,2000.05
2022-08-22,3513.31,1798.01,2404.32,1381.29,2461.39,1735.97,2030.33
2022-08-23,3421.16,1825.11,2367.58,1374.48,2431.8,1718.19,2011.65
2022-08-24,3395.06,1765.06,2451.3,1390.38,2436.09,1715.08,2068.02
2022-08-25,3385.4,1744.41,2481.98,1401.69,2417.45,1693.73,2025.44
2022-08-26,3058.37,1678.57,2439.21,1387.53,2305.27,1689.27,2033.67
2022-08-29,2907.28,1669.57,2427.56,1385.12,2265.77,1694.34,2090.37
2022-08-30,2835.73,1571.78,2297.27,1364.14,2165.49,1631.6,1994.07
2022-08-31,2830.8,1584.73,2287.56,1370.8,2183.43,1646.22,2028.75
2022-09-01,2766.39,1590.54,2213.24,1359.65,2139.21,1629.03,1993.75
2022-09-02,2731.48,1598.44,2289.06,1366.22,2165.39,1652.15,2065.72
2022-09-06,2663.54,1543.39,2307.96,1367.52,2162.36,1623.73,2134.04
2022-09-07,2560.17,1522.01,2217.93,1351.76,2079.4,1596.4,2032.74
2022-09-08,2582.66,1556.09,2252.16,1363.74,2113.3,1614.28,2078.75
2022-09-09,2676.62,1608.22,2341.65,1385.94,2197.91,1654.17,2176.88
2022-09-12,2727.42,1643.12,2321.57,1401.44,2216.8,1687.35,2187.67
2022-09-13,2691.37,1662.65,2275.16,1387.64,2194.76,1689.36,2167.9
2022-09-14,2658.03,1672.29,2367.16,1408.01,2228.35,1713.58,2247.51
2022-09-15,2588.25,1646.72,2344.14,1385.13,2187.93,1696.32,2212.9
2022-09-16,2501.06,1572.77,2214.2,1358.76,2117.76,1643.39,2174.63
2022-09-19,2422.46,1543.48,2247.97,1353.35,2132.31,1640.92,2260.35
2022-09-20,2416.35,1656.14,2221.77,1357.53,2134.97,1672.35,2235.45
2022-09-21,2334.92,1623.37,2191.87,1332.79,2091.02,1665.14,2215.11
2022-09-22,2295.26,1599.1,2153.21,1320.54,2073.61,1621.95,2217.89
2022-09-23,2194.53,1531.06,1979.08,1262.21,1944.21,1547.42,2056.29
2022-09-26,2159.33,1472.94,1991.53,1260.97,1929.89,1574.97,2058.27
2022-09-27,2210.82,1532.96,2091.56,1280.92,1992.85,1637.76,2112.75
2022-09-28,2235.38,1511.83,2219.84,1295.89,2018.0,1670.34,2124.99
2022-09-29,2112.68,1456.28,2184.63,1267.31,1943.65,1617.27,2051.11
2022-09-30,2124.48,1496.44,2197.32,1271.38,1978.13,1611.94,2105.83
2022-10-03,2165.51,1543.17,2244.58,1282.46,2001.93,1663.37,2103.24
2022-10-04,2248.47,1596.62,2250.02,1295.93,2013.49,1687.31,2059.13
2022-10-05,2232.74,1615.52,2210.9,1294.88,1985.63,1685.93,2004.64
2022-10-06,2214.31,1619.69,2183.73,1294.57,1999.71,1667.58,2066.54
2022-10-07,2211.73,1648.21,2173.04,1326.28,2018.95,1653.89,2100.43
2022-10-10,2155.19,1597.02,2126.0,1307.13,1975.57,1608.78,2066.32
2022-10-11,2140.53,1603.5,2123.01,1310.42,1975.5,1606.51,2071.16
2022-10-12,2175.5,1654.02,2109.07,1325.46,2029.71,1629.33,2171.1
2022-10-13,2275.94,1683.73,2160.79,1338.69,2099.87,1670.44,2248.76
2022-10-14,2275.6,1694.97,2112.11,1346.57,2121.83,1682.61,2312.77
2022-10-17,2238.7,1668.61,2187.62,1357.54,2146.92,1723.27,2382.41
2022-10-18,2254.51,1712.25,2216.11,1367.33,2194.99,1737.88,2449.78
2022-10-19,2207.72,1667.52,2210.01,1355.69,2170.81,1749.82,2442.4
2022-10-20,2177.56,1631.65,2173.28,1345.94,2135.54,1712.87,2399.5
2022-10-21,2214.4,1669.31,2185.94,1355.92,2165.24,1718.43,2428.13
2022-10-24,2232.13,1664.81,2214.25,1360.12,2173.19,1738.27,2429.91
2022-10-25,2263.76,1694.46,2350.24,1380.02,2221.54,1771.13,2465.73
2022-10-26,2241.13,1668.19,2348.4,1366.41,2216.85,1723.47,2471.74
2022-10-27,2168.3,1596.16,2317.58,1341.58,2179.93,1667.49,2456.3
2022-10-28,2171.99,1605.28,2280.4,1343.63,2161.41,1656.7,2418.65
2022-10-30,2176.88,1589.3,2318.29,1343.8,2182.87,1636.56,2459.98
2022-10-31,2268.17,1630.94,2321.31,1376.25,2268.93,1668.65,2586.19
2022-11-01,2180.43,1603.72,2344.96,1365.74,2243.47,1632.69,2569.81
2022-11-02,2165.93,1609.95,2369.47,1369.57,2261.63,1652.93,2606.08
2022-11-03,2237.9,1718.08,2379.89,1392.61,2324.03,1700.62,2666.97
2022-11-06,2315.44,1726.68,2411.16,1404.56,2331.31,1750.19,2643.49
2022-11-07,2288.98,1760.51,2403.97,1408.94,2354.99,1760.29,2703.76
2022-11-08,2202.79,1715.92,2244.76,1386.81,2259.6,1729.02,2604.56
2022-11-09,2255.25,1764.98,2273.94,1394.95,2271.31,1731.89,2570.22
2022-11-10,2373.03,1828.78,2305.96,1410.87,2295.93,1765.44,2538.95
2022-11-13,2329.47,1775.28,2346.03,1406.84,2282.12,1742.1,2537.85
2022-11-14,2315.9,1759.8,2319.77,1404.05,2291.88,1725.65,2583.22
2022-11-15,2303.54,1690.1,2194.7,1384.31,2243.04,1696.73,2542.04
2022-11-16,2248.37,1730.77,2254.29,1387.14,2286.11,1687.08,2621.14
2022-11-17,2206.0,1672.67,2232.38,1378.83,2283.69,1674.43,2662.21
2022-11-20,2207.29,1699.05,2287.19,1380.52,2312.29,1696.4,2692.8
2022-11-21,2224.7,1703.2,2356.0,1383.67,2312.84,1673.83,2653.54
2022-11-22,2250.81,1710.58,2409.66,1377.66,2290.76,1658.92,2575.7
2022-11-24,2258.74,1753.35,2412.15,1383.28,2316.16,1666.47,2618.73
2022-11-27,2103.44,1695.42,2328.1,1360.56,2211.1,1634.53,2517.52
2022-11-28,2090.29,1660.08,2393.17,1361.45,2229.75,1636.84,2560.67
2022-11-29,2096.35,1653.11,2420.74,1370.67,2256.72,1597.26,2605.24
2022-11-30,2071.29,1607.29,2417.24,1365.56,2230.88,1592.61,2570.16
2022-12-01,2059.7,1622.91,2399.78,1375.4,2283.58,1620.3,2692.54
2022-12-04,2045.74,1630.94,2355.5,1368.6,2259.39,1619.46,2647.36
2022-12-05,2009.01,1609.3,2288.3,1354.89,2187.15,1565.55,2538.16
2022-12-06,1955.19,1568.69,2269.69,1340.95,2110.03,1540.15,2423.46
2022-12-07,2001.42,1614.8,2284.31,1354.85,2182.82,1534.79,2546.56
2022-12-08,2020.78,1640.0,2264.01,1354.49,2178.62,1553.88,2521.71
2022-12-11,2005.34,1656.76,2328.8,1359.88,2260.46,1556.81,2688.21
2022-12-12,2016.0,1655.08,2366.02,1351.69,2262.58,1546.84,2650.41
2022-12-13,2004.59,1642.32,2284.52,1342.0,2244.08,1514.8,2650.41
2022-12-14,2016.18,1663.43,2283.54,1344.42,2275.18,1526.16,2710.17
2022-12-15,1992.21,1618.7,2239.0,1342.57,2238.15,1535.23,2677.09
2022-12-18,1926.34,1556.65,2202.43,1335.26,2185.87,1514.72,2626.34
2022-12-19,1962.72,1609.43,2233.51,1345.91,2228.69,1543.87,2675.37
2022-12-20,2020.84,1693.09,2263.45,1366.64,2236.9,1619.16,2634.44
2022-12-21,1999.25,1664.62,2207.32,1360.08,2187.27,1636.23,2588.48
2022-12-22,2015.56,1690.15,2258.42,1377.94,2220.62,1668.66,2632.11
2022-12-26,1995.7,1672.14,2244.82,1373.77,2211.94,1647.04,2634.67
2022-12-27,1982.76,1626.9,2154.62,1360.33,2139.35,1604.54,2517.76
2022-12-28,2026.92,1652.65,2185.53,1375.05,2171.63,1635.46,2556.84
2022-12-29,1985.37,1631.07,2179.3,1373.28,2166.0,1658.28,2578.53
2023-01-02,1976.01,1582.71,2072.45,1362.12,2092.26,1595.28,2465.73
2023-01-03,1969.83,1549.61,2025.59,1349.64,2003.24,1554.53,2293.91
2023-01-04,1966.48,1548.25,1988.95,1351.82,2016.71,1551.13,2358.61
2023-01-05,1998.17,1621.7,2012.3,1365.75,2049.83,1583.47,2370.58
2023-01-08,2000.51,1626.76,2029.44,1361.28,2039.74,1587.07,2345.33
2023-01-09,2027.16,1671.59,2057.06,1372.07,2089.07,1620.36,2420.49
2023-01-10,2013.13,1653.12,2054.54,1364.79,2057.09,1602.45,2355.91
2023-01-11,2017.61,1680.17,2100.05,1380.7,2099.0,1550.72,2432.86
2023-01-12,2016.54,1678.7,2122.79,1371.99,2119.71,1612.3,2472.03
2023-01-16,2050.03,1735.74,2119.16,1382.3,2163.55,1641.79,2527.91
2023-01-17,2057.08,1718.57,2098.96,1372.21,2131.56,1638.33,2463.45
2023-01-18,2045.42,1717.99,2131.45,1371.3,2125.49,1637.69,2444.54
2023-01-19,2075.69,1769.78,2175.66,1375.0,2156.81,1641.18,2463.56
2023-01-22,2092.23,1746.21,2173.2,1371.25,2116.35,1643.1,2373.37
2023-01-23,2095.58,1718.39,2125.01,1366.94,2088.24,1642.95,2343.57
2023-01-24,2080.48,1740.85,2120.48,1368.19,2075.22,1691.9,2312.8
2023-01-25,2078.77,1758.81,2110.61,1370.01,2062.79,1680.46,2288.44
2023-01-26,2114.87,1821.21,2109.8,1378.53,2113.0,1706.08,2365.1
2023-01-29,2106.03,1815.17,2104.68,1366.78,2099.1,1693.9,2335.71
2023-01-30,2123.49,1844.41,2136.99,1375.15,2139.07,1702.98,2397.28
2023-01-31,2198.8,1841.78,2194.27,1388.14,2198.95,1726.23,2482.09
2023-02-01,2228.98,1799.77,2173.05,1381.42,2191.14,1688.78,2459.44
2023-02-02,2237.98,1792.49,2144.61,1379.8,2206.48,1670.52,2501.65
2023-02-05,2237.04,1807.26,2128.54,1397.52,2253.07,1699.21,2609.15
2023-02-06,2237.87,1845.46,2183.28,1408.53,2303.32,1716.75,2681.35
2023-02-07,2240.72,1862.28,2167.92,1403.54,2320.93,1727.12,2717.77
2023-02-08,2260.23,1871.75,2195.71,1408.11,2372.54,1718.54,2811.35
2023-02-09,2249.49,1864.86,2240.71,1406.02,2369.01,1726.96,2784.23
2023-02-12,2201.6,1859.37,2260.15,1409.63,2412.37,1734.5,2909.74
2023-02-13,2196.9,1849.71,2284.94,1403.99,2424.87,1742.23,2917.91
2023-02-14,2180.56,1850.09,2294.1,1408.42,2440.32,1754.43,2947.03
2023-02-15,2187.72,1856.88,2276.29,1408.71,2454.17,1766.78,2977.22
2023-02-16,2230.67,1832.21,2247.43,1423.94,2451.55,1791.45,2960.87
2023-02-20,2180.27,1815.5,2240.1,1394.85,2430.46,1666.11,2928.5
2023-02-21,2148.84,1847.56,2214.35,1382.4,2391.62,1614.76,2854.93
2023-02-22,2211.81,1942.87,2262.53,1405.65,2490.77,1664.38,3005.56
2023-02-23,2259.47,1981.66,2251.03,1408.16,2530.53,1680.49,3051.13
2023-02-26,2291.61,1993.12,2261.65,1413.18,2567.53,1698.93,3104.06
2023-02-27,2240.88,1997.79,2265.33,1403.97,2564.28,1691.5,3107.49
2023-02-28,2258.99,1996.06,2260.4,1409.21,2576.34,1691.8,3127.42
2023-03-01,2236.33,1968.54,2267.25,1409.76,2563.14,1700.64,3114.31
2023-03-02,2229.62,1895.97,2306.6,1409.9,2572.45,1702.89,3152.44
2023-03-05,2183.22,1769.11,2277.25,1393.16,2490.21,1662.05,3047.76
2023-03-06,2174.14,1757.64,2254.43,1389.79,2504.03,1635.13,3093.78
2023-03-07,2168.41,1778.9,2268.99,1392.2,2540.73,1643.61,3156.63
2023-03-08,2097.54,1681.73,2224.85,1375.09,2457.79,1583.83,3051.83
2023-03-09,2067.83,1661.78,2186.33,1365.61,2414.97,1549.18,2983.03
2023-03-12,2080.14,1653.72,2144.54,1357.56,2360.68,1513.47,2880.33
2023-03-13,2143.94,1704.65,2187.1,1365.83,2418.86,1525.8,2953.15
2023-03-14,2155.74,1620.44,2078.43,1347.67,2302.93,1481.19,2761.93
2023-03-15,2157.32,1618.74,2068.51,1350.15,2289.71,1462.66,2745.22
2023-03-16,2112.67,1556.41,2011.87,1334.93,2253.8,1444.29,2739.36
2023-03-19,2067.96,1544.22,2080.38,1344.8,2287.14,1443.94,2808.79
2023-03-20,2105.46,1596.26,2177.79,1355.92,2372.68,1515.52,2926.65
2023-03-21,2117.4,1568.38,2138.2,1347.7,2355.31,1504.02,2893.95
2023-03-22,2133.53,1590.76,2106.24,1342.5,2335.12,1492.66,2842.97
2023-03-23,2102.98,1612.15,2096.71,1348.71,2294.64,1503.72,2778.89
2023-03-27,2445.89,1581.14,2117.9,1142.01,2377.34,1505.14,2815.41
2023-03-28,2451.7,1559.16,2119.93,1143.74,2385.54,1502.17,2828.93
2023-03-29,2504.2,1576.62,2123.68,1144.72,2376.87,1503.74,2784.31
2023-03-30,2522.84,1561.28,2133.91,1140.73,2331.28,1498.44,2698.41
2023-03-31,2526.96,1584.95,2165.21,1158.91,2371.22,1517.86,2766.56
2023-04-03,2519.72,1549.12,2147.39,1128.81,2278.79,1485.19,2597.46
2023-04-04,2351.89,1550.33,2115.04,1118.42,2250.36,1473.85,2621.05
2023-04-05,2318.48,1526.64,2110.62,1123.77,2269.43,1465.15,2680.38
2023-04-06,2314.94,1511.3,2124.46,1106.56,2246.73,1446.14,2622.6
2023-04-10,2363.14,1557.83,2162.0,1128.38,2288.06,1473.01,2667.88
2023-04-11,2483.65,1586.27,2188.92,1145.75,2328.47,1502.05,2698.33
2023-04-12,2472.25,1599.74,2192.4,1151.91,2334.84,1504.47,2706.3
2023-04-13,2536.6,1629.7,2239.7,1165.54,2383.83,1506.68,2760.2
2023-04-14,2593.9,1632.54,2253.94,1160.57,2413.85,1501.76,2792.78
2023-04-17,2617.38,1641.75,2289.45,1186.11,2488.93,1531.82,2921.36
2023-04-18,2624.12,1650.72,2287.62,1184.31,2533.59,1545.87,2991.6
2023-04-19,2609.47,1611.25,2244.34,1165.08,2487.3,1528.23,2925.14
2023-04-20,2536.64,1588.69,2226.04,1144.36,2417.84,1494.52,2823.29
2023-04-21,2446.87,1560.81,2207.33,1125.84,2356.68,1472.59,2752.3
2023-04-24,2453.52,1594.55,2222.05,1134.26,2422.38,1488.86,2871.52
2023-04-25,2406.64,1547.94,2171.05,1096.47,2354.84,1456.85,2770.51
2023-04-26,2388.65,1534.92,2144.22,1089.75,2288.02,1444.37,2656.98
2023-04-27,2405.52,1566.15,2245.82,1104.8,2311.4,1467.83,2664.01
2023-04-28,2434.73,1565.09,2259.47,1126.28,2309.66,1493.55,2656.93
2023-05-01,2386.98,1521.88,2227.78,1109.37,2266.08,1480.17,2607.46
2023-05-02,2352.81,1466.04,2179.85,1074.92,2197.3,1431.13,2508.95
2023-05-03,2329.01,1449.03,2142.53,1055.82,2152.82,1395.25,2441.12
2023-05-04,2270.05,1388.3,2092.18,1025.2,2102.92,1353.49,2395.01
2023-05-05,2378.08,1428.75,2107.94,1059.12,2155.43,1382.1,2450.0
2023-05-08,2404.71,1454.08,2132.2,1078.11,2145.13,1433.09,2413.14
2023-05-09,2385.2,1472.6,2134.8,1079.37,2151.3,1441.67,2428.69
2023-05-10,2392.42,1450.48,2146.76,1084.59,2179.87,1447.92,2492.65
2023-05-11,2394.05,1442.98,2155.66,1098.62,2223.89,1452.06,2573.15
2023-05-12,2380.27,1437.75,2169.14,1080.27,2198.96,1450.32,2517.78
2023-05-15,2465.48,1437.68,2160.42,1090.05,2191.72,1470.91,2489.71
2023-05-16,2495.02,1423.79,2082.15,1080.85,2172.64,1461.42,2469.01
2023-05-17,2582.98,1454.16,2081.17,1092.31,2188.48,1463.69,2459.06
2023-05-18,2580.81,1453.51,2098.15,1097.97,2192.92,1456.33,2462.99
2023-05-19,2553.41,1441.78,2125.29,1087.91,2227.31,1447.28,2538.58
2023-05-22,2411.95,1432.96,2135.34,1085.37,2172.98,1445.5,2468.13
2023-05-23,2433.79,1421.01,2170.55,1086.07,2151.48,1434.34,2413.51
2023-05-24,2434.61,1397.65,2126.29,1072.13,2128.94,1415.77,2393.7
2023-05-25,2397.7,1361.91,2129.19,1051.13,2102.94,1395.09,2360.06
2023-05-26,2366.21,1362.05,2159.86,1041.79,2139.52,1359.64,2419.16
2023-05-30,2424.49,1354.65,2103.82,1026.73,2114.45,1339.58,2369.83
2023-05-31,2351.68,1303.58,2041.9,988.66,2042.72,1273.14,2280.16
2023-06-01,2413.29,1337.46,2085.33,999.1,2088.28,1274.76,2330.94
2023-06-02,2490.38,1405.17,2128.47,1034.9,2153.99,1311.54,2405.11
2023-06-05,2440.9,1411.66,2111.64,1032.87,2089.52,1322.58,2298.31
2023-06-06,2530.33,1415.67,2112.83,1057.72,2096.78,1334.14,2299.29
2023-06-07,2578.21,1409.64,2137.65,1083.69,2113.1,1362.54,2307.89
2023-06-08,2609.72,1413.54,2119.52,1089.2,2103.65,1373.3,2279.74
2023-06-09,2584.83,1412.04,2118.91,1091.17,2108.88,1364.76,2299.21
2023-06-12,2603.38,1405.48,2093.27,1078.48,2088.34,1341.32,2261.99
2023-06-13,2586.46,1408.35,2111.79,1086.62,2093.99,1344.92,2267.79
2023-06-14,2600.73,1435.27,2133.96,1090.53,2133.65,1347.02,2325.27
2023-06-15,2630.56,1459.27,2146.77,1090.35,2152.5,1370.69,2344.31
2023-06-16,2598.22,1451.21,2136.16,1077.74,2147.02,1353.07,2345.74
2023-06-20,2606.73,1456.1,2109.7,1071.88,2122.72,1346.32,2302.67
2023-06-21,2641.09,1464.13,2112.14,1080.5,2135.24,1346.3,2318.33
2023-06-22,2652.55,1490.4,2095.64,1086.77,2134.11,1361.64,2309.69
2023-06-23,2640.19,1483.75,2058.93,1082.83,2102.4,1357.72,2266.87
2023-06-26,2629.63,1451.67,2041.67,1081.17,2057.17,1364.36,2196.76
2023-06-27,2666.42,1427.95,2024.34,1082.26,2042.89,1359.06,2174.67
2023-06-28,2654.49,1429.4,2027.72,1093.42,2055.26,1370.5,2201.97
2023-06-29,2646.37,1457.29,2061.54,1112.64,2085.39,1395.97,2241.0
2023-06-30,2647.26,1477.78,2086.27,1117.71,2142.44,1407.49,2341.5
2023-07-03,2719.1,1476.56,2091.89,1138.07,2155.02,1420.53,2344.13
2023-07-05,2698.7,1461.25,2152.08,1137.43,2171.69,1422.03,2364.98
2023-07-06,2687.24,1444.03,2119.72,1127.22,2120.87,1416.8,2282.8
2023-07-07,2715.95,1455.25,2167.81,1143.81,2164.67,1423.53,2342.56
2023-07-10,2734.04,1437.05,2164.39,1138.69,2148.51,1426.61,2311.19
2023-07-11,2788.08,1453.82,2193.5,1159.27,2184.33,1460.11,2354.14
2023-07-12,2725.94,1466.24,2217.26,1162.46,2175.52,1473.41,2337.4
2023-07-13,2748.23,1478.99,2321.61,1171.11,2190.84,1714.94,2331.44
2023-07-14,2679.55,1443.12,2273.0,1147.8,2114.79,1690.69,2228.85
2023-07-17,2652.14,1437.54,2280.76,1156.77,2120.08,1679.41,2246.0
2023-07-18,2691.32,1365.36,2286.27,1167.24,2110.25,1704.68,2236.25
2023-07-19,2708.2,1366.76,2314.37,1164.4,2114.08,1705.56,2222.03
2023-07-20,2669.43,1364.52,2315.01,1154.99,2110.86,1702.24,2223.52
2023-07-21,2633.85,1350.39,2294.33,1153.22,2084.87,1688.44,2195.97
2023-07-24,2674.91,1351.7,2332.2,1160.82,2126.53,1701.54,2255.86
2023-07-25,2659.31,1370.62,2336.82,1165.21,2158.64,1701.06,2309.22
2023-07-26,2702.4,1386.87,2341.18,1167.95,2160.74,1711.01,2296.31
2023-07-27,2695.57,1374.03,2341.64,1160.83,2162.89,1711.18,2309.84
2023-07-28,2869.01,1449.07,2394.87,1242.57,2262.26,1756.69,2419.94
2023-07-31,2798.36,1437.16,2426.22,1233.38,2308.61,1765.28,2515.96
2023-08-01,2777.51,1421.24,2412.99,1219.3,2287.04,1736.3,2487.0
2023-08-02,2730.07,1396.86,2377.51,1214.03,2280.08,1728.27,2508.03
2023-08-03,2764.77,1417.7,2405.69,1234.59,2340.96,1756.51,2598.0
2023-08-04,2714.94,1426.87,2401.04,1235.01,2333.88,1749.68,2593.05
2023-08-07,2701.57,1442.36,2421.84,1243.19,2346.6,1761.89,2611.91
2023-08-08,2733.98,1423.69,2412.13,1229.56,2341.13,1735.93,2602.42
2023-08-09,2763.67,1449.27,2427.57,1241.52,2376.97,1751.72,2649.12
2023-08-10,2778.81,1451.17,2334.64,1232.37,2357.01,1758.25,2637.45
2023-08-11,2771.6,1441.44,2294.8,1222.66,2346.28,1744.17,2633.96
2023-08-14,2748.97,1432.66,2283.07,1236.53,2344.67,1733.74,2637.99
2023-08-15,2747.11,1424.65,2294.45,1235.56,2341.08,1737.86,2632.16
2023-08-16,2726.47,1421.29,2239.3,1221.92,2344.48,1724.51,2661.97
2023-08-17,2794.56,1428.31,2232.17,1237.57,2373.09,1727.18,2696.2
2023-08-18,2761.27,1420.41,2231.83,1228.89,2384.13,1693.94,2715.45
2023-08-21,2766.5,1384.69,2241.71,1212.76,2376.27,1666.3,2705.23
2023-08-22,2703.21,1373.8,2261.03,1210.31,2361.44,1678.22,2683.88
2023-08-23,2709.54,1379.84,2239.89,1221.65,2339.22,1709.87,2654.2
2023-08-24,2653.62,1346.17,2210.84,1215.03,2312.02,1685.55,2637.39
2023-08-25,2634.78,1326.63,2215.31,1207.55,2299.91,1671.17,2616.45
2023-08-28,2639.69,1330.86,2241.71,1207.07,2292.11,1653.9,2588.5
2023-08-29,2689.66,1374.51,2264.2,1223.05,2333.93,1667.78,2638.72
2023-08-30,2695.3,1369.31,2251.82,1227.65,2318.5,1678.18,2617.13
2023-08-31,2684.71,1370.7,2237.28,1218.24,2283.08,1675.42,2555.23
2023-09-01,2701.6,1378.33,2297.12,1230.25,2297.42,1661.05,2563.11
2023-09-05,2586.03,1354.99,2272.25,1189.49,2218.9,1621.99,2456.36
2023-09-06,2582.89,1358.77,2295.8,1182.46,2210.24,1604.26,2438.6
2023-09-07,2550.29,1340.69,2297.77,1162.26,2201.28,1577.79,2435.8
2023-09-08,2604.29,1357.5,2307.62,1182.44,2272.58,1593.42,2553.46
2023-09-11,2598.98,1344.79,2319.58,1165.66,2252.34,1560.66,2505.85
2023-09-12,2590.83,1329.68,2332.4,1174.92,2249.82,1586.11,2509.82
2023-09-13,2581.52,1343.81,2304.26,1186.46,2226.77,1650.48,2480.43
2023-09-14,2595.96,1380.99,2328.77,1205.98,2260.11,1679.52,2520.87
2023-09-15,2564.96,1366.28,2312.5,1184.57,2255.28,1642.49,2536.59
2023-09-18,2600.07,1343.84,2333.82,1191.07,2293.49,1650.94,2600.72
2023-09-19,2593.15,1352.56,2303.35,1187.1,2274.2,1661.51,2562.0
2023-09-20,2584.49,1343.83,2305.26,1186.38,2268.98,1655.98,2555.96
2023-09-21,2619.08,1326.74,2294.17,1175.71,2290.3,1633.72,2593.18
2023-09-22,2674.44,1358.47,2336.21,1189.38,2323.22,1644.0,2609.04
2023-09-25,2653.86,1376.6,2355.72,1198.79,2338.13,1664.44,2639.26
2023-09-26,2662.89,1385.98,2348.28,1199.37,2357.48,1660.67,2675.41
2023-09-27,2684.0,1411.28,2356.31,1209.27,2379.56,1698.13,2701.19
2023-09-28,2684.56,1413.12,2374.26,1216.13,2388.04,1698.36,2716.02
2023-09-29,2679.45,1416.55,2368.99,1211.32,2374.19,1688.5,2688.69
2023-10-02,2655.47,1417.34,2304.91,1195.07,2297.06,1677.93,2573.27
2023-10-03,2635.45,1394.38,2245.51,1180.35,2265.16,1657.91,2552.11
2023-10-04,2628.28,1382.07,2191.44,1159.98,2205.43,1620.75,2459.36
2023-10-05,2661.57,1420.1,2257.55,1176.15,2296.14,1630.07,2593.22
2023-10-06,2717.27,1442.82,2285.44,1192.53,2308.94,1650.59,2579.18
2023-10-09,2724.35,1440.63,2347.91,1205.41,2363.47,1679.77,2671.17
2023-10-10,2728.64,1433.0,2391.19,1205.68,2377.26,1674.87,2676.65
2023-10-11,2713.36,1439.31,2384.27,1206.37,2386.32,1680.16,2694.83
2023-10-12,2682.17,1432.96,2378.32,1204.83,2395.47,1676.62,2724.57
2023-10-13,2709.23,1438.29,2408.02,1206.31,2440.08,1676.35,2785.97
2023-10-16,2673.29,1434.7,2426.2,1206.79,2450.56,1697.71,2805.83
2023-10-17,2681.67,1466.06,2435.61,1219.12,2470.1,1705.19,2824.18
2023-10-18,2662.96,1442.35,2434.4,1199.67,2453.39,1675.14,2807.61
2023-10-19,2657.19,1411.53,2365.16,1179.16,2423.06,1651.74,2781.31
2023-10-20,2674.8,1407.74,2370.83,1171.74,2424.28,1622.7,2775.54
2023-10-23,2684.67,1376.29,2372.83,1170.85,2423.03,1629.93,2780.14
2023-10-24,2734.77,1410.59,2396.05,1182.91,2487.77,1651.91,2862.72
2023-10-25,2705.33,1387.79,2385.63,1180.17,2490.01,1659.46,2885.08
2023-10-26,2700.62,1373.04,2383.15,1174.52,2485.7,1645.38,2874.12
2023-10-27,2668.52,1362.65,2366.04,1171.62,2523.46,1634.46,2952.94
2023-10-29,2718.94,1357.91,2332.7,1165.72,2507.1,1628.96,2911.11
2023-10-30,2722.4,1360.59,2367.8,1166.04,2520.02,1625.82,2925.82
2023-10-31,2724.63,1353.34,2437.78,1173.39,2575.92,1631.71,3003.5
2023-11-01,2791.73,1388.19,2569.71,1193.07,2627.44,1624.28,3026.54
2023-11-02,2733.53,1383.7,2572.41,1192.63,2625.67,1652.49,3043.61
2023-11-05,2700.21,1383.06,2559.28,1183.74,2600.05,1646.9,3009.77
2023-11-06,2665.81,1351.81,2501.76,1159.88,2540.61,1612.45,2937.65
2023-11-07,2614.74,1333.42,2469.07,1145.24,2506.21,1580.73,2899.43
2023-11-08,2620.44,1365.85,2456.56,1138.84,2535.87,1571.05,2945.47
2023-11-09,2606.85,1358.07,2484.19,1142.04,2568.53,1567.52,3002.27
2023-11-12,2623.22,1364.25,2528.05,1151.13,2583.6,1590.29,3010.39
2023-11-13,2778.28,1405.41,2543.94,1189.23,2607.57,1634.67,3010.45
2023-11-14,2822.38,1399.7,2534.7,1203.2,2586.29,1658.11,2967.76
2023-11-15,2779.15,1383.17,2506.46,1181.54,2539.41,1646.48,2905.34
2023-11-16,2818.49,1398.0,2579.3,1207.94,2582.04,1683.22,2954.88
2023-11-19,2815.6,1398.1,2664.8,1213.6,2606.58,1697.73,2973.62
2023-11-20,2859.77,1435.96,2630.07,1210.47,2584.08,1698.64,2921.98
2023-11-21,2882.28,1430.21,2666.24,1215.03,2595.28,1706.47,2947.55
2023-11-23,2909.09,1487.74,2710.75,1243.35,2638.94,1758.9,2996.9
2023-11-26,2892.3,1469.99,2696.71,1252.31,2606.31,1787.58,2954.07
2023-11-27,2906.68,1470.79,2621.99,1249.15,2548.8,1807.9,2871.66
2023-11-28,2914.73,1497.24,2600.47,1270.5,2516.37,1869.64,2819.37
2023-11-29,2940.92,1545.01,2597.25,1295.01,2524.19,1872.13,2822.57
2023-11-30,3007.31,1596.18,2652.84,1321.09,2578.32,1911.11,2885.25
2023-12-03,2960.61,1575.04,2654.29,1301.52,2549.32,1894.43,2845.92
2023-12-04,2874.48,1501.15,2633.82,1281.03,2504.02,1878.71,2812.45
2023-12-05,2876.87,1483.25,2588.81,1267.55,2483.78,1869.34,2785.76
2023-12-06,2838.48,1472.25,2483.03,1259.41,2445.68,1861.06,2756.39
2023-12-07,2846.03,1486.83,2482.74,1267.93,2453.33,1860.04,2762.17
2023-12-10,2811.11,1487.0,2426.67,1252.73,2437.67,1834.39,2759.04
2023-12-11,2783.68,1545.26,2407.79,1252.81,2414.26,1838.67,2708.09
2023-12-12,2841.95,1562.34,2498.51,1283.77,2461.45,1902.84,2766.51
2023-12-13,2873.46,1594.99,2538.94,1317.17,2486.3,1969.54,2778.1
2023-12-14,2949.48,1640.1,2603.25,1344.8,2582.52,1984.3,2899.49
2023-12-17,2901.04,1642.73,2657.3,1340.56,2622.97,1976.31,2958.25
2023-12-18,2949.74,1647.24,2710.09,1361.99,2682.11,2007.79,3040.38
2023-12-19,2953.39,1632.38,2711.56,1351.54,2676.82,2007.34,3029.88
2023-12-20,3024.67,1664.34,2761.39,1387.49,2743.02,2046.35,3112.51
2023-12-21,3061.71,1683.61,2803.14,1400.85,2793.45,2066.04,3179.06
2023-12-25,2972.2,1648.24,2803.14,1384.31,2718.55,2051.29,3070.12
2023-12-26,3025.01,1647.79,2772.96,1378.42,2690.07,2040.92,3019.57
2023-12-27,3013.81,1659.26,2727.22,1370.08,2664.09,2040.94,2986.86
2023-12-28,3043.75,1671.38,2698.57,1373.03,2661.43,2053.13,2984.57
2024-01-01,3101.6,1658.09,2732.3,1391.74,2705.44,2068.06,3048.93
2024-01-02,3013.13,1704.63,2695.5,1429.43,2777.62,1959.24,3165.2
2024-01-03,3065.0,1738.46,2741.01,1448.9,2797.87,1976.91,3162.59
2024-01-04,3110.89,1724.68,2789.47,1483.6,2813.49,2026.88,3151.67
2024-01-07,3025.34,1677.22,2777.03,1461.01,2758.73,2005.45,3080.53
2024-01-08,3005.24,1641.05,2737.05,1459.27,2741.92,2030.85,3077.35
2024-01-09,3001.86,1666.88,2661.24,1463.6,2725.68,2018.25,3053.2
2024-01-10,3004.5,1637.56,2584.22,1464.4,2709.1,2005.39,3060.31
2024-01-11,2975.28,1645.42,2602.57,1474.83,2759.82,2022.0,3152.35
2024-01-15,2991.43,1674.25,2541.09,1477.76,2746.14,2024.67,3128.3
2024-01-16,3028.49,1673.72,2555.85,1494.77,2768.29,2062.86,3161.64
2024-01-17,3019.84,1710.06,2554.71,1513.99,2798.92,2086.98,3206.77
2024-01-18,2972.02,1699.58,2551.0,1517.36,2800.19,2098.51,3232.65
2024-01-21,2972.83,1686.57,2536.17,1503.68,2791.44,2069.57,3219.6
2024-01-22,2985.31,1671.31,2537.94,1490.25,2794.49,2054.87,3228.25
2024-01-23,3033.33,1713.44,2582.61,1509.94,2872.4,2063.23,3332.88
2024-01-24,3013.72,1693.18,2570.71,1498.91,2854.33,2056.06,3309.49
2024-01-25,3027.22,1724.6,2551.83,1507.61,2913.78,2083.72,3413.2
2024-01-28,3037.44,1700.13,2498.82,1493.5,2886.41,2049.59,3378.19
2024-01-29,3065.86,1717.89,2514.03,1517.86,2929.82,2083.12,3440.76
2024-01-30,3019.79,1702.99,2449.1,1499.18,2904.57,2065.9,3422.57
2024-01-31,2938.6,1684.97,2454.96,1480.42,2839.79,2026.88,3327.17
2024-02-01,2950.15,1672.72,2380.17,1467.79,2783.56,2031.47,3253.32
2024-02-04,2938.5,1700.35,2323.26,1457.89,2769.61,2011.76,3239.89
2024-02-05,2922.76,1742.4,2352.58,1462.16,2751.42,2015.08,3192.19
2024-02-06,2998.72,1761.47,2323.06,1482.75,2779.38,2024.99,3238.65
2024-02-07,2930.13,1767.57,2309.5,1493.87,2762.18,2053.5,3222.04
2024-02-08,2937.36,1767.64,2275.3,1493.26,2753.39,2045.99,3214.78
2024-02-11,3009.75,1803.91,2311.79,1538.16,2818.91,2108.27,3301.2
2024-02-12,2957.53,1769.4,2271.43,1513.08,2788.87,2085.81,3275.12
2024-02-13,2937.53,1766.58,2298.98,1535.28,2785.69,2147.94,3270.95
2024-02-14,2913.86,1802.96,2319.04,1590.72,2839.38,2204.41,3355.49
2024-02-15,2879.01,1798.49,2293.05,1583.3,2830.04,2199.66,3357.05
2024-02-19,2851.74,1789.86,2255.83,1574.44,2761.6,2203.79,3254.19
2024-02-20,2888.5,1850.33,2288.03,1618.71,2768.39,2261.51,3242.2
2024-02-21,2918.91,1898.54,2276.53,1626.48,2769.26,2309.87,3244.31
2024-02-22,2942.35,1948.36,2275.8,1658.62,2765.77,2329.79,3217.9
2024-02-25,2950.86,1913.4,2268.09,1652.39,2787.51,2302.78,3274.69
2024-02-26,2952.45,1932.46,2242.24,1638.24,2776.34,2280.71,3242.86
2024-02-27,2933.48,1971.24,2269.85,1654.27,2788.54,2318.64,3261.02
2024-02-28,2923.69,1973.59,2250.84,1656.06,2775.88,2339.84,3250.46
2024-02-29,2963.47,2010.24,2270.95,1666.61,2801.19,2342.15,3270.13
2024-03-03,2843.62,1968.27,2218.84,1633.04,2725.02,2313.0,3190.94
2024-03-04,2863.62,1987.05,2257.78,1639.53,2765.55,2291.91,3237.92
2024-03-05,2969.38,2009.01,2290.5,1705.45,2800.9,2453.19,3283.14
2024-03-06,3029.39,2107.11,2308.86,1817.33,2833.27,2685.78,3321.89
2024-03-07,3092.82,2186.98,2324.8,1936.63,2839.13,2946.26,3328.81
2024-03-10,3115.48,2177.51,2333.77,1984.53,2816.76,3020.7,3305.56
2024-03-11,3167.08,2218.9,2396.97,2026.27,2845.76,3089.75,3322.68
2024-03-12,3065.4,2156.28,2418.78,1967.67,2858.32,2953.9,3368.39
2024-03-13,3029.64,2092.35,2405.26,1895.32,2881.73,2839.6,3421.52
2024-03-14,3053.82,2087.65,2394.45,1876.57,2869.34,2818.2,3384.28
2024-03-17,3075.89,2124.04,2394.65,1911.14,2878.17,2886.21,3393.32
2024-03-18,3058.42,2100.32,2413.42,1891.33,2878.93,2864.83,3416.51
2024-03-19,3100.59,2090.81,2419.78,1887.29,2881.71,2834.59,3407.0
2024-03-20,3104.78,2131.93,2435.87,1884.36,2935.3,2839.88,3493.18
2024-03-21,3082.03,2136.57,2417.79,1870.02,2900.83,2828.74,3428.87
2024-03-24,3130.85,2143.86,2400.86,1907.19,2904.02,2914.85,3442.67
2024-03-25,3140.64,2123.8,2376.86,1911.14,2873.08,2910.43,3392.68
2024-03-26,3139.92,2134.79,2393.14,1909.03,2885.86,2898.62,3401.79
2024-03-27,3138.11,2133.31,2427.56,1908.17,2911.44,2896.49,3439.56
2024-04-01,3143.09,2113.59,2486.75,1908.94,2956.12,2878.62,3507.06
2024-04-02,3097.55,2096.81,2519.15,1888.14,2952.3,2861.85,3495.74
2024-04-03,3227.1,2159.06,2579.38,1917.42,3023.84,2910.44,3568.41
2024-04-04,3175.73,2124.85,2533.14,1894.92,2968.55,2887.27,3498.76
2024-04-05,3177.5,2134.82,2524.49,1899.74,2956.89,2899.79,3477.3
2024-04-08,3160.77,2123.47,2516.65,1887.47,2921.04,2874.12,3423.53
2024-04-09,3120.11,1816.99,2481.76,1860.35,2700.24,2829.48,3388.15
2024-04-10,3149.57,1861.94,2483.42,1866.86,2715.24,2835.43,3406.85
2024-04-11,3181.55,1889.53,2500.85,1906.16,2784.2,2889.39,3521.86
2024-04-12,3123.31,1862.12,2478.54,1887.11,2744.66,2900.82,3468.06
2024-04-15,3138.36,1858.95,2460.71,1882.53,2724.49,2863.84,3434.05
2024-04-16,3127.77,1852.37,2465.52,1875.65,2728.76,2872.29,3452.68
2024-04-17,3115.54,1848.43,2491.94,1863.88,2729.22,2845.07,3441.09
2024-04-18,3089.89,1847.76,2477.74,1845.76,2672.84,2815.05,3344.97
2024-04-19,3132.46,1836.18,2504.64,1857.57,2699.65,2794.6,3388.86
2024-04-22,3186.06,1862.87,2529.09,1873.4,2719.37,2834.21,3404.01
2024-04-23,3188.79,1894.14,2567.22,1892.99,2753.78,2840.81,3448.56
2024-04-24,3170.55,1910.52,2552.66,1908.92,2741.21,2897.49,3436.63
2024-04-25,3190.38,1945.84,2545.97,1938.37,2778.15,2940.45,3506.75
2024-04-26,3277.21,1971.54,2562.38,1969.44,2823.55,3015.35,3559.47
2024-04-29,3241.52,1961.13,2345.86,1953.85,2772.16,2959.91,3547.8
2024-04-30,3252.56,1939.83,2322.75,1932.4,2745.1,2927.73,3500.24
2024-05-01,3222.87,1937.56,2312.61,1917.59,2715.56,2863.88,3452.51
2024-05-02,3219.99,1977.88,2348.98,1945.07,2772.03,2918.61,3551.67
2024-05-03,3314.29,1993.7,2375.08,1965.88,2802.73,2975.45,3578.42
2024-05-06,3327.02,1977.91,2367.75,1954.28,2804.35,2922.82,3575.58
2024-05-07,3387.45,2059.28,2386.65,1994.57,2839.86,3026.82,3614.09
2024-05-08,3453.08,2074.46,2435.66,2059.62,2928.46,3120.2,3768.05
2024-05-09,3531.33,2100.8,2451.83,2098.51,3005.74,3192.23,3872.88
2024-05-10,3518.57,2078.02,2449.02,2077.87,3020.37,3169.51,3897.23
2024-05-13,3549.83,2095.87,2466.68,2102.15,3051.27,3242.4,3942.23
2024-05-14,3517.67,2063.65,2486.82,2058.16,3078.35,3079.21,3981.7
2024-05-15,3487.99,2025.28,2515.71,2006.4,3088.21,3016.62,3995.14
2024-05-16,3561.32,2078.69,2515.87,2054.48,3133.18,3091.86,4050.1
2024-05-17,3563.11,2101.85,2519.68,2077.32,3139.74,3157.45,4059.54
2024-05-20,3613.4,2132.12,2528.23,2125.98,3163.76,3258.64,4100.0
2024-05-21,3619.46,2159.45,2541.79,2165.19,3184.68,3322.46,4130.4
2024-05-22,3649.35,2083.49,2530.61,2147.89,3101.93,3295.06,3984.63
2024-05-23,3657.02,2094.88,2536.8,2122.09,3141.03,3238.37,4054.21
2024-05-24,3787.57,2144.92,2639.16,2152.99,3211.3,3303.81,4123.28
2024-05-28,3735.48,2144.79,2602.16,2147.48,3201.87,3242.84,4124.22
2024-05-29,3721.09,2130.53,2583.0,2125.85,3169.71,3206.12,4070.91
2024-05-30,3851.89,2154.32,2734.34,2159.75,3243.93,3253.44,4133.7
2024-05-31,3959.37,2167.5,2734.64,2185.84,3253.07,3300.06,4133.94
2024-06-03,3929.64,2154.32,2707.83,2182.71,3214.81,3274.69,4078.68
2024-06-04,3858.85,2122.18,2646.48,2152.92,3140.7,3243.45,3977.03
2024-06-05,4058.49,2200.15,2702.3,2261.9,3220.78,3447.74,4073.53
2024-06-06,3851.92,2151.07,2588.67,2246.84,3144.75,3445.73,4024.48
2024-06-07,3931.18,2138.06,2566.96,2236.72,3132.33,3421.27,3997.82
2024-06-10,3972.88,2138.35,2533.49,2260.27,3152.64,3456.09,4038.8
2024-06-11,3799.66,2090.76,2506.86,2237.39,3061.83,3430.05,3914.74
2024-06-12,3850.91,2118.44,2543.44,2242.81,3093.38,3398.07,3948.58
2024-06-13,3798.4,2087.55,2470.53,2174.83,3025.71,3268.68,3850.82
2024-06-14,3712.65,1994.06,2414.46,2095.22,2924.26,3162.5,3696.13
2024-06-17,3723.33,1999.46,2468.18,2107.51,2959.37,3178.45,3749.97
2024-06-18,3742.87,2026.32,2514.37,2156.39,3018.37,3254.59,3855.28
2024-06-20,3822.11,2105.37,2532.94,2206.42,3079.5,3311.37,3928.44
2024-06-21,3802.04,2087.33,2541.53,2214.91,3098.07,3287.88,3977.63
2024-06-24,3850.85,2081.36,2588.09,2216.09,3142.97,3312.81,4024.07
2024-06-25,3875.2,2088.72,2600.85,2224.3,3149.2,3289.21,4018.06
2024-06-26,3854.0,2100.38,2615.13,2198.06,3175.31,3260.02,4057.42
2024-06-27,3839.09,2104.38,2602.8,2212.1,3163.33,3327.24,4053.82
2024-06-28,3852.68,2110.85,2618.9,2234.32,3136.06,3375.04,3994.55
2024-07-01,3871.83,2145.11,2614.61,2248.18,3109.19,3381.66,3942.24
2024-07-02,3866.96,2160.9,2603.98,2287.08,3120.39,3453.23,3984.02
2024-07-03,3893.39,2180.31,2655.17,2311.27,3151.18,3473.05,4011.49
2024-07-05,3789.84,2112.98,2686.98,2251.91,3092.57,3447.26,3929.14
2024-07-08,3630.14,2077.88,2660.87,2207.32,3015.1,3377.67,3833.36
2024-07-09,3699.58,2072.57,2673.16,2208.02,3008.01,3384.3,3801.73
2024-07-10,3748.48,2100.24,2690.77,2236.91,3030.67,3395.19,3824.4
2024-07-11,3705.68,2097.78,2661.76,2239.67,3011.9,3408.83,3819.58
2024-07-12,3680.36,2091.94,2615.72,2219.11,2975.4,3391.7,3771.18
2024-07-15,3725.12,2086.52,2656.79,2222.31,2993.14,3378.98,3774.83
2024-07-16,3720.95,2100.71,2673.76,2237.44,3021.6,3384.89,3823.02
2024-07-17,3678.96,2079.44,2650.52,2216.29,2980.46,3364.17,3762.26
2024-07-18,3604.21,2045.89,2615.81,2164.73,2934.22,3303.18,3706.24
2024-07-19,3565.25,2023.46,2623.61,2136.9,2937.55,3247.95,3723.6
2024-07-22,3668.87,2090.4,2659.44,2208.92,3047.24,3342.56,3882.29
2024-07-23,3657.43,2064.94,2710.58,2195.86,3041.51,3334.85,3852.32
2024-07-24,3570.03,2013.68,2686.19,2101.03,2961.6,3270.79,3747.2
2024-07-25,3512.33,1955.96,2676.26,2063.47,2920.22,3147.19,3672.27
2024-07-26,3499.31,1947.3,2686.51,2034.56,2904.59,3112.1,3637.54
2024-07-29,3574.89,1949.75,2674.04,2034.66,2936.75,3105.45,3684.77
2024-07-30,3510.46,1905.68,2655.82,1996.01,2946.45,3020.61,3723.33
2024-07-31,3599.32,1937.59,2682.04,2031.8,3000.77,3068.14,3790.4
2024-08-01,3483.16,1880.67,2631.28,1984.39,2926.39,3043.95,3692.47
2024-08-02,3416.13,1839.49,2507.47,1942.5,2823.77,2964.92,3559.68
2024-08-05,3370.16,1789.39,2433.2,1897.95,2739.15,2879.51,3434.27
2024-08-06,3403.22,1821.09,2491.79,1931.61,2803.47,2911.44,3519.05
2024-08-07,3375.92,1817.5,2486.46,1928.16,2777.26,2906.3,3483.26
2024-08-08,3410.38,1826.79,2485.62,1953.88,2790.11,2933.44,3503.04
2024-08-09,3380.71,1822.25,2486.84,1945.29,2781.63,2931.4,3499.93
2024-08-12,3450.36,1852.51,2519.09,1954.14,2821.91,2960.38,3538.03
2024-08-13,3488.13,1864.24,2501.76,1969.29,2802.54,2985.96,3497.55
2024-08-14,3471.15,1857.75,2545.82,1993.01,2814.26,3041.35,3519.13
2024-08-15,3477.74,1871.82,2558.52,2018.26,2850.38,3069.8,3585.9
2024-08-16,3484.35,1879.41,2558.92,1992.35,2852.62,3050.1,3570.4
2024-08-19,3641.05,1903.8,2552.21,2029.08,2869.24,3113.77,3558.88
2024-08-20,3695.07,2020.38,2517.9,2211.82,2845.82,3540.06,3540.54
2024-08-21,3662.67,2076.23,2541.95,2293.66,2843.2,3626.21,3535.75
2024-08-22,3600.2,2018.39,2509.28,2221.84,2800.87,3495.5,3487.8
2024-08-23,3591.87,2017.93,2579.95,2220.17,2833.88,3491.3,3530.63
2024-08-26,3630.58,2045.96,2568.44,2239.91,2844.87,4385.86,3558.29
2024-08-27,3649.51,2047.17,2583.77,2262.53,2847.5,4411.28,3563.0
2024-08-28,3588.23,1999.24,2537.89,2225.9,2795.38,4332.45,3496.43
2024-08-29,3560.03,2024.52,2555.7,2215.16,2799.93,4301.9,3494.52
2024-08-30,3620.01,2051.21,2598.88,2279.67,2836.49,4448.97,3558.06
2024-09-03,3504.44,1996.06,2492.37,2227.7,2713.43,4395.89,3394.78
2024-09-04,3507.05,1992.14,2477.6,2219.56,2705.41,4262.13,3371.16
2024-09-05,3452.73,1965.82,2454.28,2173.38,2695.64,4201.51,3367.04
2024-09-06,3399.68,1919.46,2420.54,2133.65,2664.32,4128.97,3340.51
2024-09-09,3429.96,1968.69,2415.51,2190.28,2680.33,4283.56,3360.86
2024-09-10,3404.01,1953.14,2358.11,2179.7,2631.15,4266.29,3306.84
2024-09-11,3537.89,2015.86,2384.32,2236.74,2676.98,4411.45,3350.42
2024-09-12,3581.2,2081.6,2412.94,2338.19,2720.66,4655.13,3410.62
2024-09-13,3588.65,2115.39,2429.05,2377.28,2731.88,4715.63,3427.68
2024-09-16,3639.6,2146.24,2460.99,2399.24,2780.12,4776.55,3495.88
2024-09-17,3664.74,2123.8,2519.17,2384.83,2801.94,4706.41,3517.21
2024-09-18,3593.03,2100.35,2486.39,2343.8,2784.83,4600.62,3499.68
2024-09-19,3719.45,2169.72,2539.25,2405.97,2850.49,4806.13,3576.3
2024-09-20,3685.28,2163.47,2515.44,2423.19,2780.43,4804.51,3457.5
2024-09-23,3836.07,2245.81,2532.36,2536.68,2826.67,5160.12,3525.54
2024-09-24,3936.95,2347.96,2603.52,2632.48,2904.26,5215.95,3605.0
2024-09-25,3954.52,2349.96,2533.96,2652.57,2851.52,5384.16,3534.31
2024-09-26,3997.08,2407.61,2586.94,2715.31,2931.97,5425.03,3656.93
2024-09-27,3999.9,2386.06,2637.16,2679.55,2931.94,5427.97,3633.2
2024-09-30,4047.52,2396.28,2633.68,2677.3,2940.2,5355.85,3621.22
2024-10-01,3973.59,2358.2,2728.07,2658.95,2937.57,5312.67,3598.98
2024-10-02,4025.08,2375.9,2769.5,2707.18,2986.6,5429.74,3688.12
2024-10-03,3992.05,2382.22,2766.57,2707.91,3012.57,5465.09,3755.48
2024-10-04,3906.78,2368.67,2757.57,2678.8,2975.97,5427.39,3704.05
2024-10-07,3981.0,2360.16,2766.46,2675.76,2999.22,5405.98,3745.1
2024-10-08,3960.12,2316.56,2738.51,2644.09,2960.79,5346.44,3678.17
2024-10-09,3886.61,2276.75,2701.78,2606.26,2899.32,5258.65,3590.1
2024-10-10,3952.11,2301.98,2709.41,2619.86,2921.84,5241.72,3611.57
2024-10-11,3966.93,2272.26,2736.68,2604.21,2916.09,5224.03,3594.18
2024-10-14,3896.02,2209.3,2741.88,2546.61,2863.29,5066.61,3497.59
2024-10-15,3741.6,2157.65,2670.2,2475.54,2766.75,4979.18,3367.5
2024-10-16,3789.9,2167.86,2687.31,2506.72,2781.97,4953.82,3381.27
2024-10-17,3747.97,2161.09,2677.9,2476.5,2776.49,4885.39,3365.6
2024-10-18,3834.28,2170.78,2664.79,2496.6,2796.97,4969.4,3390.98
2024-10-21,3866.8,2162.3,2638.96,2501.12,2790.92,5001.17,3370.49
2024-10-22,3838.33,2169.76,2593.11,2493.64,2747.84,4988.42,3297.73
2024-10-23,3699.02,2109.17,2541.65,2442.47,2631.33,4872.75,3135.69
2024-10-24,3727.96,2116.51,2586.76,2456.29,2628.05,4872.62,3111.77
2024-10-25,3741.88,2124.97,2606.14,2462.51,2643.49,4875.99,3135.02
2024-10-28,3694.64,2085.08,2576.63,2420.03,2609.02,4795.36,3086.16
2024-10-29,3634.15,2068.19,2554.03,2374.85,2573.7,4647.24,3028.77
2024-10-30,3573.54,2008.12,2526.69,2317.58,2525.5,4530.86,2958.7
2024-10-31,3660.29,2005.47,2502.99,2313.1,2538.77,4509.29,2959.91
2024-11-01,3649.73,1998.58,2480.89,2290.04,2531.78,4504.37,2947.98
2024-11-04,3640.94,2012.47,2448.56,2311.21,2514.44,4535.61,2926.3
2024-11-05,3685.64,2049.46,2471.87,2324.21,2526.72,4561.67,2919.53
2024-11-06,3644.21,2033.38,2549.99,2315.53,2536.31,4517.95,2926.54
2024-11-07,3691.51,2058.51,2594.84,2311.88,2555.97,4512.69,2907.98
2024-11-08,3643.94,2040.23,2546.06,2315.69,2502.22,4503.82,2833.04
2024-11-11,3561.19,2025.0,2548.11,2256.41,2480.39,4375.09,2813.8
2024-11-12,3556.02,1942.88,2497.01,2164.05,2437.35,4088.9,2737.74
2024-11-13,3663.73,1939.28,2449.69,2168.04,2474.55,4133.06,2786.62
2024-11-14,3746.34,2023.7,2443.3,2270.0,2505.05,4444.07,2826.3
2024-11-15,3752.68,2031.91,2380.02,2270.75,2463.81,4382.08,2764.75
2024-11-18,3772.89,2038.98,2404.29,2281.92,2499.82,4401.23,2814.32
2024-11-19,3759.59,2008.8,2420.65,2267.44,2507.22,4330.34,2828.99
2024-11-20,3757.73,1990.13,2462.86,2269.48,2496.44,4378.27,2804.46
2024-11-21,3615.17,1949.11,2492.53,2241.12,2436.26,4289.44,2722.12
2024-11-22,3664.73,1963.26,2516.29,2236.64,2447.14,4304.62,2724.99
2024-11-25,3511.78,1912.79,2653.32,2164.93,2423.26,4102.24,2668.74
2024-11-26,3383.15,1844.0,2619.56,2077.7,2364.42,3912.16,2596.73
2024-11-27,3426.14,1808.82,2569.82,2081.37,2340.95,3917.86,2571.81
2024-11-29,3415.53,1828.28,2579.07,2096.81,2335.77,3975.86,2564.64
2024-12-02,3367.32,1808.13,2581.61,2075.64,2310.97,3922.93,2529.95
2024-12-03,3460.78,1824.56,2598.98,2108.28,2371.86,3966.3,2633.77
2024-12-04,3461.99,1819.25,2607.45,2089.02,2332.12,3998.97,2551.01
2024-12-05,3492.14,1833.81,2684.16,2133.35,2343.76,4042.41,2521.12
2024-12-06,3481.57,1802.34,2697.27,2127.45,2324.84,4032.37,2483.15
2024-12-09,3455.57,1799.97,2710.1,2101.7,2345.94,3936.77,2493.03
2024-12-10,3463.17,1779.05,2747.79,2091.33,2348.55,3921.21,2478.0
2024-12-11,3322.37,1717.7,2762.62,2018.51,2297.17,3740.16,2408.88
2024-12-12,3310.63,1677.61,2757.54,1963.32,2277.78,3593.9,2365.73
2024-12-13,3306.0,1654.59,2773.25,1951.94,2295.03,3547.13,2393.55
2024-12-16,3256.3,1643.62,2710.51,1928.01,2245.17,3557.62,2334.67
2024-12-17,3215.64,1629.67,2695.09,1934.89,2233.25,3520.92,2337.21
2024-12-18,3195.65,1612.13,2627.6,1902.5,2213.32,3455.36,2336.42
2024-12-19,3195.54,1599.28,2635.4,1896.97,2196.83,3484.94,2300.77
2024-12-20,3188.95,1610.37,2648.42,1903.72,2207.49,3473.09,2312.28
2024-12-23,3335.23,1664.41,2688.67,1956.99,2285.81,3610.99,2410.15
2024-12-24,3370.41,1673.02,2725.36,1979.27,2328.25,3618.39,2466.12
2024-12-26,3341.36,1662.71,2701.91,1962.98,2303.89,3572.05,2437.32
2024-12-27,3319.38,1645.85,2679.35,1949.09,2292.41,3539.82,2428.33
2024-12-30,3279.86,1621.51,2683.07,1914.32,2276.56,3448.61,2395.08
2024-12-31,3325.2,1635.53,2709.34,1925.04,2311.27,3475.77,2438.82
2025-01-02,3504.82,1710.75,2804.13,2018.23,2389.58,3735.36,2514.15
2025-01-03,3428.44,1690.73,2780.23,2013.01,2341.88,3693.13,2447.19
2025-01-06,3323.59,1630.89,2740.29,1953.2,2306.83,3539.74,2425.7
2025-01-07,3388.36,1665.24,2725.29,1991.48,2378.97,3614.68,2589.7
2025-01-08,3347.32,1668.96,2698.25,1986.83,2362.44,3612.18,2578.64
2025-01-10,3291.48,1698.84,2725.33,2008.64,2422.8,3669.52,2724.69
2025-01-13,3295.23,1694.5,2701.67,2018.1,2443.93,3678.6,2799.45
2025-01-14,3328.07,1686.6,2747.05,2004.19,2456.36,3641.82,2787.0
2025-01-15,3315.22,1672.51,2750.78,1980.73,2456.46,3603.15,2782.56
2025-01-16,3235.84,1620.14,2681.84,1923.8,2366.98,3505.13,2650.3
2025-01-17,3219.05,1599.56,2685.11,1907.77,2340.59,3423.58,2598.34
2025-01-21,3169.22,1574.36,2673.09,1851.21,2269.27,3346.92,2449.16
2025-01-22,3184.04,1562.52,2669.91,1862.77,2259.8,3350.91,2426.15
2025-01-23,3206.19,1588.26,2639.84,1874.53,2268.71,3349.12,2435.43
2025-01-24,3180.54,1567.46,2602.16,1849.95,2220.45,3324.76,2372.5
2025-01-27,3211.2,1560.27,2568.38,1846.22,2213.76,3291.78,2356.51
2025-01-28,3160.0,1542.5,2561.0,1834.34,2211.35,3274.99,2373.98
2025-01-29,3250.44,1578.49,2608.33,1861.56,2265.23,3324.11,2431.5
2025-01-30,3270.94,1590.38,2681.09,1883.57,2312.72,3383.74,2491.47
2025-01-31,3256.9,1587.52,2628.99,1880.87,2287.06,3390.76,2466.95
2025-02-03,3221.6,1578.01,2678.03,1879.66,2299.3,3417.26,2489.47
2025-02-04,3316.41,1642.67,2768.5,1937.71,2392.4,3530.96,2611.16
2025-02-05,3331.23,1642.32,2773.41,1946.26,2379.12,3578.66,2583.05
2025-02-06,3298.16,1616.88,2665.46,1917.1,2326.72,3539.47,2534.44
2025-02-07,3314.91,1605.19,2633.3,1912.33,2303.28,3477.53,2492.05
2025-02-10,3387.89,1624.46,2666.68,1928.29,2331.19,3562.43,2507.33
2025-02-11,3469.69,1630.96,2629.55,1930.11,2340.91,3587.26,2513.87
2025-02-12,3437.78,1634.53,2610.57,1914.38,2337.45,3610.19,2526.0
2025-02-13,3439.75,1650.33,2627.96,1922.85,2302.32,3592.72,2439.24
2025-02-14,3468.12,1647.08,2621.77,1917.1,2296.8,3586.76,2409.27
2025-02-18,3503.24,1683.62,2626.13,1965.11,2308.26,3704.25,2411.69
2025-02-19,3513.58,1639.95,2626.96,1960.41,2288.82,3689.9,2389.85
2025-02-20,3541.36,1681.98,2607.29,1967.81,2284.84,3712.34,2349.62
2025-02-21,3504.19,1623.06,2532.66,1933.81,2242.05,3595.5,2305.87
2025-02-24,3473.97,1601.99,2532.76,1915.13,2241.92,3553.41,2318.92
2025-02-25,3417.78,1596.7,2477.16,1885.98,2205.29,3506.0,2274.85
2025-02-26,3413.79,1609.96,2477.8,1904.62,2205.59,3513.16,2276.74
2025-02-27,3285.57,1571.61,2446.21,1847.62,2126.52,3377.08,2164.58
2025-02-28,3266.1,1552.42,2458.57,1818.26,2136.03,3343.5,2173.84
2025-03-03,3197.56,1522.79,2379.4,1780.22,2099.7,3225.73,2152.72
2025-03-04,3188.54,1529.17,2352.63,1784.83,2103.91,3229.73,2181.52
2025-03-05,3235.2,1487.52,2325.93,1796.4,2074.34,3251.02,2143.14
2025-03-06,3287.26,1546.48,2231.83,1820.15,2105.96,3273.78,2213.16
2025-03-07,3307.59,1556.8,2191.0,1841.77,2098.09,3312.27,2218.77
2025-03-10,3245.49,1504.66,2110.99,1788.64,2023.22,3181.16,2107.73
2025-03-11,3240.8,1484.4,2144.13,1766.3,2033.43,3119.79,2095.5
2025-03-12,3248.08,1542.54,2232.25,1791.94,2064.73,3216.16,2112.67
2025-03-13,3178.6,1524.14,2211.89,1791.37,2044.08,3201.42,2121.6
2025-03-14,3228.55,1545.11,2232.38,1825.78,2068.86,3267.28,2158.11
2025-03-17,3251.9,1559.62,2313.15,1841.46,2117.91,3325.19,2222.24
2025-03-18,3227.53,1552.98,2325.37,1831.18,2115.45,3254.83,2210.35
2025-03-19,3275.43,1560.07,2422.99,1831.34,2177.14,3258.89,2272.02
2025-03-20,3307.14,1581.35,2478.66,1838.92,2197.4,3320.34,2277.06
2025-03-21,3274.23,1541.65,2454.39,1809.52,2141.23,3230.66,2186.44
2025-03-24,3215.53,1548.23,2576.8,1828.32,2169.67,3250.06,2205.46
2025-03-25,3249.01,1541.59,2596.18,1826.38,2163.64,3248.62,2177.57
2025-03-26,3250.92,1530.84,2566.43,1817.41,2153.83,3196.11,2168.87
2025-03-27,3190.99,1512.6,2525.0,1788.71,2106.26,3134.67,2105.05
2025-03-28,3192.11,1508.05,2490.11,1785.39,2101.79,3104.29,2114.12
2025-03-31,3134.55,1478.43,2456.97,1765.26,2073.73,3121.55,2099.76
2025-04-01,3229.55,1516.42,2436.75,1803.54,2092.73,3136.9,2117.55
2025-04-02,3222.59,1513.49,2416.87,1810.53,2082.1,3136.83,2101.61
2025-04-03,2918.33,1374.75,2243.87,1669.38,1928.54,2778.58,1964.82
2025-04-04,2732.88,1213.96,2018.47,1506.21,1757.71,2458.64,1792.24
2025-04-07,2740.54,1257.61,2123.35,1499.44,1860.22,2424.05,1932.92
2025-04-08,2608.62,1158.66,2097.09,1411.11,1770.7,2312.07,1826.69
2025-04-09,2817.81,1244.1,2255.91,1465.11,1899.63,2413.96,1924.01
2025-04-10,2716.75,1208.17,2184.45,1427.94,1838.06,2397.61,1876.31
2025-04-11,2863.23,1279.45,2380.13,1478.38,1979.79,2469.92,2019.54
2025-04-14,2994.16,1288.53,2390.84,1506.93,1983.7,2591.21,1982.54
2025-04-15,2967.82,1268.53,2386.06,1511.21,1956.96,2567.86,1927.42
2025-04-16,2968.43,1265.8,2427.37,1530.55,1982.57,2547.84,1958.03
2025-04-17,2983.84,1277.91,2460.58,1503.13,2029.62,2558.0,2027.0
2025-04-21,2936.6,1249.44,2420.65,1461.1,1985.1,2505.6,1973.84
2025-04-22,2981.72,1246.95,2491.69,1476.76,2000.29,2504.13,1965.9
2025-04-23,3101.19,1306.3,2541.8,1527.41,2059.97,2609.77,2014.99
2025-04-24,3167.57,1335.07,2597.17,1581.2,2108.12,2694.12,2074.67
2025-04-25,3147.74,1339.14,2615.0,1576.92,2137.39,2702.39,2131.03
2025-04-28,3135.2,1331.14,2615.21,1561.94,2128.29,2673.4,2113.62
2025-04-29,3137.73,1341.33,2657.59,1556.59,2161.44,2669.88,2157.74
2025-04-30,3194.19,1347.39,2705.87,1585.9,2176.04,2694.33,2154.96
2025-05-01,3144.35,1357.29,2726.41,1590.42,2180.81,2716.61,2159.98
2025-05-02,3236.02,1388.01,2630.8,1645.9,2193.85,2780.26,2218.65
2025-05-05,3236.46,1405.71,2580.65,1682.0,2211.88,2880.88,2292.07
2025-05-06,3161.98,1389.35,2591.98,1868.86,2196.61,2826.27,2291.13
2025-05-07,3181.28,1422.25,2553.18,1873.6,2145.95,2857.58,2271.96
2025-05-08,3365.9,1497.16,2524.79,1897.49,2182.28,2909.53,2263.86
2025-05-09,3353.69,1510.95,2499.46,1934.67,2194.53,2933.25,2299.59
2025-05-12,3508.97,1587.08,2500.25,1955.23,2250.24,3053.34,2351.41
2025-05-13,3572.08,1615.6,2584.47,2009.67,2295.15,3153.49,2380.19
2025-05-14,3545.29,1629.35,2622.73,2070.07,2303.72,3216.82,2392.08
2025-05-15,3469.99,1640.78,2586.97,2109.33,2280.34,3212.79,2377.98
2025-05-16,3520.81,1643.17,2608.61,2144.36,2308.94,3281.89,2417.04
2025-05-19,3559.6,1630.24,2604.05,2147.48,2304.55,3244.12,2397.64
2025-05-20,3477.28,1625.23,2620.59,2141.34,2286.05,3224.81,2363.86
2025-05-21,3432.61,1582.17,2524.81,2103.06,2234.34,3134.16,2328.03
2025-05-22,3417.18,1553.28,2466.49,2071.76,2183.39,3075.18,2255.11
2025-05-23,3412.83,1578.68,2501.96,2089.19,2222.24,3107.78,2316.09
2025-05-27,3418.13,1585.23,2561.64,2083.88,2251.53,3137.59,2346.49
2025-05-28,3397.73,1572.58,2657.72,2076.97,2228.27,3110.42,2257.79
2025-05-29,3419.18,1590.01,2704.32,2073.05,2259.1,3118.87,2273.39
2025-05-30,3673.33,1602.48,2679.47,2315.46,2268.31,3137.51,2249.44
2025-06-02,3672.74,1596.44,2702.75,2337.41,2273.46,3163.45,2255.61
2025-06-03,3658.96,1593.53,2712.68,2344.28,2267.14,3179.63,2251.35
2025-06-04,3663.24,1594.2,2687.83,2344.81,2272.82,3163.83,2270.15
2025-06-05,3718.82,1596.5,2712.36,2330.87,2286.26,3163.94,2267.8
2025-06-06,3742.11,1602.85,2700.02,2326.8,2280.24,3139.79,2239.27
2025-06-09,3695.48,1592.5,2694.09,2309.46,2264.77,3124.07,2223.22
2025-06-10,3660.25,1583.6,2687.53,2279.17,2255.25,3075.16,2218.96
2025-06-11,3699.17,1596.44,2709.19,2283.25,2287.69,3089.45,2265.67
2025-06-12,3724.22,1603.8,2735.0,2276.12,2316.62,3115.17,2316.31
2025-06-13,3865.96,1664.07,2755.35,2425.48,2388.0,3295.54,2422.71
2025-06-16,3788.52,1647.38,2737.9,2418.47,2339.28,3253.67,2346.29
2025-06-17,3739.02,1635.96,2788.6,2415.77,2385.11,3261.58,2433.35
2025-06-18,3814.35,1639.27,2763.8,2420.9,2385.31,3261.06,2432.92
2025-06-20,3726.91,1611.43,2733.36,2367.12,2345.65,3212.42,2383.7
2025-06-23,3735.38,1600.37,2698.06,2336.57,2315.54,3152.15,2329.58
2025-06-24,3697.09,1586.41,2700.17,2274.97,2269.19,3071.23,2236.92
2025-06-25,3758.38,1599.48,2700.73,2297.67,2294.04,3103.88,2267.46
2025-06-26,3762.16,1583.8,2711.13,2267.07,2292.54,3062.21,2253.11
2025-06-27,3777.28,1573.46,2695.44,2222.27,2275.95,3009.78,2210.45
2025-06-30,3705.36,1567.22,2605.92,2219.17,2228.76,3003.68,2158.98
2025-07-01,3702.9,1582.91,2577.77,2224.48,2232.3,3003.78,2179.48
2025-07-02,3733.63,1622.35,2621.9,2266.89,2283.65,3047.57,2257.93
2025-07-03,3769.84,1628.41,2642.51,2265.97,2311.5,3074.85,2309.87
2025-07-07,3843.14,1633.18,2665.36,2276.58,2352.29,3080.04,2368.94
2025-07-08,3893.75,1628.7,2675.17,2272.89,2345.23,3065.45,2332.32
2025-07-09,3760.7,1585.7,2623.54,2221.4,2290.44,2988.83,2271.08
2025-07-10,3844.12,1639.65,2641.49,2266.67,2349.42,3055.26,2367.37
2025-07-11,3899.01,1680.42,2649.86,2345.77,2377.96,3182.59,2414.46
2025-07-14,3882.88,1670.43,2645.93,2343.04,2351.2,3193.02,2374.87
2025-07-15,3834.79,1640.4,2620.66,2304.82,2320.37,3104.02,2332.9
2025-07-16,3853.74,1652.29,2616.63,2316.02,2316.59,3110.34,2317.58
2025-07-17,3933.53,1708.91,2656.5,2414.5,2357.22,3250.85,2359.91
2025-07-18,3936.4,1702.9,2656.43,2399.97,2349.47,3254.64,2348.95
2025-07-21,3887.16,1686.86,2611.44,2363.33,2309.52,3195.4,2317.54
2025-07-22,3961.1,1729.7,2626.29,2421.0,2333.84,3272.51,2340.99
2025-07-23,4063.33,1765.49,2661.91,2496.4,2392.27,3397.68,2427.61
2025-07-24,4044.16,1782.02,2654.04,2526.97,2392.65,3445.55,2436.32
2025-07-25,4050.43,1777.15,2625.52,2530.44,2372.85,3451.6,2408.27
2025-07-28,4069.28,1778.93,2664.04,2547.47,2406.85,3463.77,2457.25
2025-07-29,4099.63,1767.38,2684.05,2519.82,2413.22,3425.86,2450.99
2025-07-30,4022.87,1724.55,2684.91,2447.47,2398.17,3333.93,2436.92
2025-07-31,4020.44,1718.38,2671.73,2416.72,2374.55,3300.47,2390.8
2025-08-01,3979.61,1737.43,2617.6,2446.82,2370.87,3350.67,2423.97
2025-08-04,4065.14,1809.66,2670.43,2604.71,2431.05,3544.32,2512.31
2025-08-05,4092.88,1854.14,2733.13,2650.78,2494.51,3595.85,2606.63
2025-08-06,4148.69,1849.76,2712.44,2661.68,2473.23,3636.44,2566.42
2025-08-07,4133.15,1827.29,2696.58,2644.62,2462.21,3589.44,2547.61
2025-08-08,4114.34,1816.41,2686.92,2634.74,2435.15,3587.97,2494.56
2025-08-11,4190.89,1793.18,2635.8,2608.24,2407.45,3540.36,2432.29
2025-08-12,4117.02,1821.23,2650.27,2637.05,2428.31,3575.05,2464.38
2025-08-13,4136.37,1821.27,2639.17,2631.74,2436.63,3565.87,2487.36
2025-08-14,4069.87,1788.83,2631.11,2590.44,2416.2,3525.84,2467.23
2025-08-15,4058.72,1789.42,2642.03,2576.35,2421.48,3453.45,2472.45
2025-08-18,4144.8,1811.17,2689.88,2611.3,2464.55,3527.2,2519.45
2025-08-19,4078.39,1767.45,2676.14,2509.3,2419.89,3492.88,2467.06
2025-08-20,4122.72,2102.28,2727.52,1920.28,2521.2,3611.41,2684.14
2025-08-21,4177.12,2188.24,2795.41,1842.38,2575.67,3792.89,2824.15
2025-08-22,4224.95,2221.92,2883.86,1865.1,2612.1,3813.51,2848.76
2025-08-25,4185.33,2211.06,2862.03,1856.77,2590.45,3790.9,2823.84
2025-08-26,4193.21,2226.3,2892.46,1854.26,2589.04,3837.67,2814.68
2025-08-27,4160.72,2212.01,2899.86,1836.9,2605.61,3824.07,2861.98
2025-08-28,4164.52,2212.03,2900.0,1890.46,2620.17,3819.42,2881.86
2025-08-29,4173.59,2193.11,2853.49,1870.72,2609.81,3814.88,2901.12
2025-09-02,4197.33,2197.23,2789.69,1853.4,2594.45,3777.62,2902.29
2025-09-03,4274.16,2239.95,2806.84,1899.22,2641.54,3829.48,2975.22
2025-09-04,4281.96,2262.98,2831.47,1907.03,2648.72,3873.27,2977.72
2025-09-05,4327.95,2271.54,2843.19,1908.58,2684.94,3884.85,3030.67
2025-09-08,4377.47,2305.79,2753.5,1954.06,2729.68,3976.73,3159.65
2025-09-09,4376.46,2319.43,2708.09,1962.61,2706.17,3960.6,3131.81
2025-09-10,4297.31,2269.66,2718.16,1899.11,2673.17,3896.74,3105.58
2025-09-11,4327.16,2253.73,2691.25,1899.13,2685.51,3840.5,3133.34
2025-09-12,4321.39,2253.34,2674.96,1912.3,2698.34,3866.88,3157.72
2025-09-15,4373.3,2285.29,2667.99,1932.47,2757.4,3943.69,3283.23
2025-09-16,4273.3,2271.99,2652.68,1914.04,2732.96,3885.28,3253.11
2025-09-17,4318.46,2290.49,2641.74,1924.76,2745.51,3892.91,3267.5
2025-09-18,4321.68,2310.54,2651.56,1942.02,2742.06,3941.81,3251.14
2025-09-19,4187.21,2279.17,2617.28,1906.34,2680.35,3884.04,3177.66
2025-09-22,4229.63,2239.64,2645.48,1895.68,2681.61,3797.48,3146.23
2025-09-23,4226.59,2292.41,2678.57,1930.88,2725.02,3863.21,3220.45
2025-09-24,4236.17,2299.0,2710.3,1897.16,2706.83,3909.69,3179.75
2025-09-25,4196.28,2246.81,2668.75,1860.97,2666.3,3825.75,3128.92
2025-09-26,4185.51,2246.44,2661.04,1888.3,2666.66,3807.83,3128.18
2025-09-29,4080.27,2195.99,2620.75,1816.6,2614.29,3712.27,3079.57
2025-09-30,4041.19,2148.22,2623.23,1772.11,2598.07,3590.2,3044.87
2025-10-01,4065.28,2154.79,2611.7,1773.64,2604.35,3617.78,3059.85
2025-10-02,3992.79,2117.01,2573.04,1736.31,2571.23,3546.83,3026.14
2025-10-03,3996.65,2114.41,2569.4,1761.35,2603.66,3570.06,3086.56
2025-10-06,3968.25,2115.95,2560.03,1744.23,2575.39,3556.26,3043.79
2025-10-07,3936.58,2116.07,2524.97,1727.27,2515.51,3573.68,2946.65
2025-10-08,3919.42,2094.19,2499.62,1739.53,2503.45,3581.43,2942.84
2025-10-09,3858.1,2070.28,2518.47,1730.51,2525.41,3512.67,2996.51
2025-10-10,3790.47,2003.42,2484.34,1707.95,2476.67,3470.76,2931.76
2025-10-13,3890.4,2082.92,2543.11,1743.53,2513.91,3578.28,2950.86
2025-10-14,3846.1,2058.09,2482.98,1714.64,2466.73,3430.97,2895.38
2025-10-15,3881.22,2058.24,2525.02,1737.21,2520.25,3410.21,2968.49
2025-10-16,3873.54,2060.33,2501.14,1738.99,2537.7,3398.3,3018.52
2025-10-17,3922.61,2088.42,2494.8,1757.83,2572.54,3485.29,3092.21
2025-10-20,3907.26,2107.9,2508.25,1785.49,2598.11,3533.19,3139.79
2025-10-21,3883.52,2081.58,2480.39,1743.21,2554.22,3468.36,3066.47
2025-10-22,3922.07,2105.92,2502.17,1787.8,2611.49,3536.94,3164.45
2025-10-23,3950.31,2145.45,2524.96,1818.02,2679.65,3593.46,3290.57
2025-10-24,3942.29,2117.71,2495.64,1780.13,2649.04,3537.68,3245.55
2025-10-27,3994.39,2129.29,2619.8,1783.83,2700.47,3555.46,3273.55
2025-10-28,4033.18,2153.45,2663.42,1804.63,2743.76,3558.63,3319.98
2025-10-29,4058.93,2183.19,2649.26,1838.27,2766.96,3621.76,3364.64
2025-10-30,4060.35,2207.78,2609.8,1855.32,2744.37,3692.37,3330.06
2025-10-31,4150.65,2248.38,2654.45,1918.81,2793.05,3812.07,3399.61
2025-11-03,4131.41,2215.34,2662.47,1884.11,2775.06,3794.39,3364.21
2025-11-04,4054.41,2190.73,2626.41,1861.72,2725.76,3691.34,3292.57
2025-11-05,4151.71,2232.25,2603.74,1887.6,2759.12,3729.84,3341.13
2025-11-06,4138.95,2221.56,2546.34,1911.11,2779.98,3765.99,3416.8
2025-11-07,4140.06,2231.03,2530.83,1916.05,2797.49,3742.58,3444.41
2025-11-10,4295.06,2281.79,2543.55,1951.52,2841.5,3873.81,3498.36
2025-11-11,4287.38,2294.57,2512.87,1992.27,2820.37,3952.74,3464.17
2025-11-12,4330.92,2330.35,2475.13,2009.99,2830.01,4028.85,3502.37
2025-11-13,4332.05,2372.31,2466.35,2056.08,2834.23,4090.68,3495.97
2025-11-14,4301.24,2369.8,2507.14,2043.45,2843.29,4101.06,3512.88
2025-11-17,4361.5,2396.07,2467.72,2067.46,2839.94,4154.23,3504.36
2025-11-18,4327.54,2396.9,2442.8,2081.51,2853.94,4132.14,3544.43
2025-11-19,4292.47,2385.77,2410.06,2077.44,2810.51,4139.43,3473.49
2025-11-20,4221.39,2366.17,2378.87,2046.47,2764.54,4090.83,3423.18
2025-11-21,4235.05,2396.55,2389.48,2050.64,2811.68,4069.68,3504.99
2025-11-24,4339.24,2440.29,2357.97,2063.72,2798.36,4113.56,3449.9
2025-11-25,4413.93,2416.27,2381.35,2067.8,2784.44,4109.5,3378.77
2025-11-26,4357.34,2425.96,2405.94,2073.39,2770.94,4145.36,3345.09
2025-11-28,4404.53,2448.06,2417.62,2153.85,2776.76,4237.4,3336.97
2025-12-01,4353.48,2435.64,2401.74,2086.0,2721.05,4204.19,3257.35
2025-12-02,4388.58,2440.17,2410.71,2119.86,2733.33,4235.47,3267.49
2025-12-03,4442.62,2513.05,2476.35,2173.06,2778.64,4349.87,3315.61
2025-12-04,4444.79,2502.17,2496.56,2151.84,2763.02,4322.56,3272.04
2025-12-05,4406.65,2499.65,2470.03,2154.97,2748.57,4346.75,3268.65
2025-12-08,4405.79,2470.64,2474.65,2140.81,2745.5,4264.28,3260.6
2025-12-09,4315.92,2417.88,2473.2,2057.63,2696.7,4131.72,3178.7
2025-12-10,4280.87,2375.08,2435.66,2033.7,2672.67,4050.32,3155.2
2025-12-11,4202.2,2310.58,2415.29,2003.52,2650.81,3974.87,3141.92
2025-12-12,4130.77,2289.88,2405.77,1973.96,2617.49,3928.64,3097.37
2025-12-15,4214.39,2282.23,2403.72,1985.31,2632.04,3881.18,3095.43
2025-12-16,4165.48,2264.99,2400.72,1954.08,2610.74,3862.76,3061.39
2025-12-17,4132.33,2273.21,2422.56,1958.82,2626.92,3870.15,3097.89
2025-12-18,4136.74,2258.09,2413.97,1939.3,2594.56,3828.7,3034.4
2025-12-19,4110.95,2258.28,2440.33,1955.38,2600.13,3841.53,3040.13
2025-12-22,4191.61,2311.73,2424.37,1970.08,2618.31,3889.32,3062.82
2025-12-23,4227.61,2325.48,2401.99,1985.46,2610.04,3953.99,3033.58
2025-12-24,4194.6,2331.05,2402.16,2005.27,2611.9,3945.32,3035.78
2025-12-26,4217.72,2366.9,2401.06,2021.87,2631.69,3996.07,3073.81
2025-12-29,4239.81,2398.13,2420.32,2045.01,2649.6,4051.97,3098.39
2025-12-30,4202.71,2374.52,2401.93,2033.53,2617.24,4039.49,3048.45
2025-12-31,4208.1,2375.34,2411.38,2051.35,2625.07,4045.87,3059.44
2026-01-02,4220.37,2356.04,2424.02,2006.67,2592.2,3971.55,2966.17
2026-01-05,4153.49,2343.11,2451.89,1998.84,2593.9,3944.13,2973.17
2026-01-06,4304.55,2425.87,2453.26,2052.56,2653.67,4085.75,3072.92
2026-01-07,4381.38,2492.06,2510.84,2171.71,2801.4,4280.88,3346.92
2026-01-08,4391.07,2545.76,2530.63,2210.39,2842.87,4375.29,3414.79
2026-01-09,4379.4,2481.93,2589.99,2172.51,2829.91,4342.25,3377.91
2026-01-12,4453.6,2489.31,2601.76,2146.43,2844.61,4316.53,3374.8
2026-01-13,4376.04,2512.54,2646.59,2199.97,2915.28,4365.31,3515.35
2026-01-14,4501.87,2585.65,2668.3,2208.44,2945.9,4422.6,3545.85
2026-01-15,4474.96,2591.89,2668.68,2211.67,2917.96,4426.24,3489.18
2026-01-16,4363.79,2510.39,2661.18,2172.23,2902.95,4331.62,3505.16
2026-01-20,4407.59,2551.06,2620.03,2167.72,2891.23,4351.45,3485.67
2026-01-21,4490.75,2588.18,2682.0,2228.84,2949.21,4426.01,3552.96
2026-01-22,4458.9,2583.24,2685.81,2190.46,2908.44,4392.38,3470.85
2026-01-23,4477.45,2581.44,2690.03,2236.91,2938.68,4452.67,3536.38
2026-01-26,4541.55,2617.48,2651.82,2267.56,2945.14,4518.31,3542.01
2026-01-27,4562.36,2670.46,2682.5,2323.0,2989.48,4619.47,3600.51
2026-01-28,4625.94,2710.15,2727.31,2362.92,3061.88,4638.01,3719.06
2026-01-29,4662.91,2730.15,2756.06,2353.69,3086.76,4700.01,3751.76
2026-01-30,4604.67,2721.74,2730.42,2351.4,3079.7,4700.23,3768.51
2026-02-02,4657.61,2728.36,2745.94,2337.92,3093.94,4683.53,3779.76
2026-02-03,4593.7,2735.41,2781.0,2356.54,3107.52,4785.29,3825.02
2026-02-04,4504.62,2695.46,2725.86,2319.54,3043.85,4691.73,3747.47
2026-02-05,4464.1,2672.34,2705.14,2298.28,3032.42,4629.31,3751.79
2026-02-06,4596.12,2746.68,2818.05,2364.63,3148.68,4730.09,3901.39
2026-02-09,4664.61,2801.73,2855.87,2404.38,3169.5,4868.27,3903.9
2026-02-10,4687.35,2803.66,2874.1,2405.97,3172.36,4872.94,3910.71
2026-02-11,4791.66,2851.85,2922.84,2456.22,3256.11,4935.85,4024.81
2026-02-12,4695.92,2750.91,2888.25,2364.19,3194.0,4787.97,3938.78
2026-02-13,4830.27,2827.27,2920.47,2428.13,3287.33,4883.11,4066.77
2026-02-17,4970.4,2872.5,2952.44,2465.08,3342.64,4931.37,4099.47
2026-02-18,4912.46,2939.16,3004.87,2518.62,3399.03,5092.38,4195.85
2026-02-19,4935.06,3012.28,3026.52,2606.13,3444.54,5278.26,4276.35
2026-02-20,5041.67,3084.25,3078.42,2688.3,3511.99,5446.77,4358.61
2026-02-23,4994.98,3086.98,3032.39,2701.2,3484.59,5469.65,4342.83
2026-02-24,5084.54,3106.05,3029.27,2721.66,3559.9,5504.09,4473.85
2026-02-25,5165.79,3074.66,2969.7,2681.02,3569.36,5467.32,4473.08
2026-02-26,5251.22,3105.08,2971.85,2709.51,3655.93,5542.13,4613.0
2026-02-27,5369.86,3236.29,3014.01,2828.4,3752.37,5799.53,4738.71
2026-03-02,5420.66,3299.81,3109.85,2856.54,3809.42,5861.45,4811.25
2026-03-03,5266.91,3219.9,3094.9,2794.34,3714.69,5735.89,4668.44
2026-03-04,5271.94,3206.48,3137.04,2800.27,3696.19,5757.32,4650.54
2026-03-05,5103.37,3091.97,3080.07,2715.37,3586.8,5549.2,4504.14
2026-03-06,5015.77,2984.84,3102.37,2622.72,3540.17,5316.46,4423.53
2026-03-09,5115.94,2999.33,3049.49,2645.87,3591.44,5333.45,4513.21
2026-03-10,5085.12,2977.29,3032.31,2603.1,3569.42,5239.77,4444.62
2026-03-11,5013.54,2840.82,2957.09,2483.4,3455.73,5004.42,4265.37
2026-03-12,4854.71,2709.09,2898.86,2348.33,3280.64,4735.35,3978.79
2026-03-13,4770.81,2665.96,2831.73,2317.41,3222.93,4635.58,3913.57
2026-03-16,4905.81,2778.27,2944.84,2437.82,3339.21,4907.44,4079.25
2026-03-17,5032.92,2874.58,3011.55,2513.96,3344.56,5154.86,4027.2
2026-03-18,5115.19,2988.48,3126.81,2639.76,3431.58,5372.5,4142.69
2026-03-19,5148.79,2987.38,3287.5,2646.95,3500.45,5349.2,4214.04
2026-03-20,4996.91,2888.18,3320.87,2532.85,3425.48,5136.24,4096.37
2026-03-23,5081.87,2941.77,3390.33,2575.54,3528.41,5256.4,4251.44
2026-03-24,5214.56,3033.1,3490.76,2664.42,3669.04,5437.48,4461.97
2026-03-25,5093.41,2977.27,3418.2,2628.37,3564.52,5348.33,4302.99
2026-03-26,5042.6,2952.14,3424.64,2604.93,3552.46,5317.17,4310.51
2026-03-27,4965.29,2916.79,3480.78,2571.96,3579.93,5226.49,4370.65
2026-03-30,4907.73,2881.02,3449.06,2524.77,3553.77,5098.88,4335.37
2026-03-31,5086.62,2994.62,3470.38,2612.56,3633.0,5363.67,4441.04
2026-04-01,5124.27,3048.08,3410.35,2644.26,3620.83,5416.65,4421.98
2026-04-02,5224.56,3120.32,3516.77,2729.99,3745.15,5561.74,4598.12
2026-04-06,5284.97,3138.17,3539.41,2771.36,3766.67,5708.05,4622.88
2026-04-07,5200.82,3095.16,3472.9,2707.63,3673.64,5548.59,4482.24
2026-04-08,5325.99,3207.01,3511.9,2811.18,3762.35,5782.4,4623.99
2026-04-09,5263.73,3135.31,3421.96,2761.37,3690.44,5676.48,4532.22
2026-04-10,5221.12,3110.14,3408.14,2708.86,3647.15,5598.02,4465.59
2026-04-13,5269.09,3151.73,3435.46,2745.63,3703.22,5616.57,4547.57
2026-04-14,5290.71,3119.99,3416.92,2740.49,3646.21,5588.78,4424.39
2026-04-15,5292.89,3124.16,3456.96,2735.16,3691.04,5597.7,4514.74
2026-04-16,5327.91,3111.39,3449.55,2709.49,3687.47,5582.49,4494.58
2026-04-17,5351.57,3137.32,3398.13,2736.13,3739.31,5637.22,4610.87
2026-04-20,5296.02,3140.42,3411.86,2744.52,3756.75,5653.76,4641.06
2026-04-21,5189.63,3062.39,3402.59,2663.84,3669.76,5524.53,4509.82
2026-04-22,5303.08,3142.26,3423.11,2724.72,3686.53,5638.67,4523.16
2026-04-23,5299.03,3111.36,3405.69,2704.26,3703.79,5615.26,4580.15
2026-04-24,5326.41,3137.99,3404.87,2690.28,3755.57,5649.79,4690.19
2026-04-27,5442.97,3227.77,3449.1,2782.44,3831.64,5849.99,4778.0
2026-04-28,5477.65,3235.14,3463.97,2776.14,3863.91,5799.43,4826.05
2026-04-29,5433.77,3188.94,3486.47,2737.67,3860.96,5708.94,4822.08
2026-04-30,5495.31,3222.89,3546.67,2765.27,3900.87,5793.67,4866.48
2026-05-01,5440.3,3218.1,3590.48,2739.77,3940.0,5752.22,4949.56
2026-05-04,5475.75,3191.51,3621.32,2746.42,3962.16,5703.88,4952.35
2026-05-05,5842.42,3411.96,3703.0,2919.86,4116.84,6119.89,5146.87
2026-05-06,5788.1,3355.4,3562.28,2847.25,4007.97,5931.37,4989.92
2026-05-07,5766.35,3273.78,3586.23,2780.55,4058.1,5766.3,5062.5
2026-05-08,5967.72,3342.77,3632.33,2840.45,4145.82,6012.68,5176.47
2026-05-11,5895.16,3332.24,3684.57,2840.38,4117.37,5923.83,5100.58
2026-05-12,5869.79,3361.07,3716.67,2860.2,4111.51,5913.01,5081.91
2026-05-13,5825.32,3225.51,3680.89,2755.66,3993.48,5755.04,4898.0
2026-05-14,5848.28,3211.28,3720.67,2737.38,4003.47,5728.39,4898.99
2026-05-15,5760.24,3206.76,3716.69,2747.53,3983.03,5747.54,4889.17
2026-05-18,5803.32,3226.63,3719.56,2766.41,4006.77,5799.91,4933.83
2026-05-19,5794.09,3287.04,3682.97,2915.69,3965.06,5997.79,4859.25
2026-05-20,5906.03,3385.32,3752.61,2944.9,4053.64,6065.21,5010.57
2026-05-21,5915.68,3364.96,3600.91,2897.99,3993.3,6022.66,4939.98
2026-05-22,5798.72,3317.73,3569.47,2867.3,3918.59,5988.34,4846.97
2026-05-26,5767.6,3368.49,3524.51,2838.72,3887.43,5922.12,4808.5
2026-05-27,5650.75,3243.13,3433.79,2741.0,3785.33,5735.75,4671.04
2026-05-28,5536.28,3210.39,3350.61,2698.03,3676.88,5589.47,4487.34
2026-05-29,5507.6,3194.79,3307.97,2674.04,3646.98,5525.48,4461.77
2026-06-01,5403.18,2092.69,3417.64,2752.58,3749.32,5914.33,4407.48
2026-06-02,5399.01,2048.57,3460.97,2769.65,3741.62,5961.22,4372.33
2026-06-03,5347.65,2017.99,3443.83,2733.23,3716.7,5919.75,4351.0
2026-06-04,5460.51,2026.75,3455.86,2732.21,3729.62,5915.12,4339.13
2026-06-05,5424.41,2043.22,3430.43,2773.67,3782.63,5934.13,4442.42
2026-06-08,5408.45,2009.46,3449.1,2725.51,3782.14,5882.44,4444.8
2026-06-09,5453.32,2001.33,3471.56,2778.29,3823.03,5968.64,4495.61
2026-06-10,5388.11,1984.95,3474.87,2790.47,3824.11,5995.74,4511.15
2026-06-11,5450.49,2019.5,3463.13,2814.99,3844.49,6084.91,4538.93
2026-06-12,5539.4,2037.04,3515.52,2910.93,3945.03,6261.3,4683.57
2026-06-15,5455.26,2015.5,3458.97,2878.07,3915.32,6205.12,4668.86
2026-06-16,5427.99,1985.07,3366.53,2837.52,3877.92,6178.73,4645.86
2026-06-17,5339.9,1980.79,3326.99,2788.48,3833.24,6053.15,4591.49
2026-06-18,5328.14,1952.82,3313.73,2718.47,3890.39,5863.62,4746.2
2026-06-22,5386.47,1978.99,3402.3,2799.02,4014.98,5977.1,4901.33
2026-06-23,5386.77,1967.18,3440.82,2772.46,4055.71,6044.54,4642.1
2026-06-24,5309.02,1894.22,3358.11,2682.36,3926.98,5946.29,4474.01
2026-06-25,5252.16,1859.19,3310.4,2604.95,3774.02,5828.07,4210.06
2026-06-26,5193.25,1816.46,3276.65,2585.81,3658.58,5753.74,4013.32
2026-06-29,5192.98,1836.43,3265.0,2610.0,3627.28,5796.14,3946.47
2026-06-30,5186.11,1859.71,3255.59,2630.34,3596.1,5851.1,3883.13
2026-07-01,5175.98,1864.11,3271.86,2677.49,3615.01,5934.65,3912.9
2026-07-02,5217.08,1876.6,3279.06,2755.22,3734.62,6066.79,4139.26
2026-07-06,5218.15,1936.49,3318.23,2839.57,3792.7,6268.57,4200.8
2026-07-07,5314.91,1939.36,3377.42,2843.71,3831.21,6308.26,4255.61
2026-07-08,5413.47,1962.73,3464.55,2879.43,3923.9,6327.28,4375.78
2026-07-09,5371.52,1918.61,3366.53,2786.6,3810.97,6156.43,4211.85
2026-07-10,5447.79,1962.69,3435.17,2880.2,3944.2,6316.01,4418.17
2026-07-13,5499.76,1975.03,3430.64,2854.46,3903.41,6302.9,4322.89
2026-07-14,5521.6,1984.28,3503.89,2856.98,3962.05,6229.12,4414.1
2026-07-15,5517.5,1969.5,3454.39,2822.56,3946.4,6257.78,4409.6
2026-07-16,5519.66,1943.24,3403.29,2819.11,3922.97,6214.86,4381.52
2026-07-17,5377.68,1864.37,3376.25,2714.0,3835.73,5990.81,4282.58
2026-07-20,5418.33,1933.74,3424.88,2732.87,3899.54,6060.4,4366.35
2026-07-21,5587.67,1981.68,3458.53,2815.31,4006.69,6207.62,4513.19
2026-07-22,5621.44,1977.73,3436.25,2782.31,3971.99,6179.77,4443.69
2026-07-23,5824.74,2011.55,3477.82,2883.75,4057.37,6398.89,4522.94
2026-07-24,5920.68,2070.16,3432.62,2966.11,4094.03,6620.51,4559.64
2026-07-27,5965.97,2003.42,3394.71,2942.15,4052.35,6566.18,4501.78
2026-07-28,5980.45,2037.17,3404.61,2979.03,4098.92,6669.66,4566.32
2026-07-29,5974.79,2021.16,3389.31,2976.95,4110.7,6596.92,4609.44
2026-07-30,6068.06,2127.87,3420.08,3005.32,4138.92,6688.72,4598.55
2026-07-31,6101.26,2108.82,3474.75,3044.25,4167.0,6814.6,4640.78
2026-08-03,6100.23,2118.94,3445.53,3071.8,4179.68,6838.55,4666.94
2026-08-04,6007.89,2072.84,3406.3,2980.01,4088.38,6608.13,4543.53
2026-08-05,5861.93,2049.8,3413.7,2957.64,4021.66,6583.87,4438.88
2026-08-06,6049.95,2076.66,3505.32,3012.43,4139.49,6657.98,4594.43
2026-08-07,6048.59,2095.81,3495.63,2995.31,4129.77,6656.76,4575.04
2026-08-10,5868.68,2077.82,3475.49,2978.0,4056.16,6633.3,4484.38
2026-08-11,5767.62,2033.16,3444.72,2976.16,4006.75,6576.11,4439.3
2026-08-12,5954.27,2060.18,3510.68,3031.42,4120.54,6688.33,4594.31
2026-08-13,6056.07,2116.43,3528.5,3075.42,4214.51,6847.38,4729.53
2026-08-14,6081.44,2133.28,3608.07,3116.08,4270.69,6906.49,4790.04
2026-08-17,6217.72,2199.7,3647.49,3135.69,4349.52,6976.57,4883.85
2026-08-18,6166.52,2197.04,3635.26,3141.22,4361.98,6995.88,4923.62
2026-08-19,6207.61,2204.9,3670.95,3181.17,4411.0,7068.59,4991.64
2026-08-20,6300.94,2204.59,3665.02,3195.75,4398.93,7221.64,4943.43
2026-08-21,6407.37,2240.76,3705.41,3337.91,4448.68,7534.52,4966.44
2026-08-24,6394.07,2265.5,3676.05,3398.92,4449.48,7641.88,4965.71
2026-08-25,6459.41,2299.06,3685.97,3437.34,4442.85,7753.92,4915.34
2026-08-26,6296.42,2186.47,3573.16,3290.7,4247.51,7315.96,4656.94
2026-08-27,6436.36,2225.92,3642.76,3377.25,4412.81,7496.75,4912.16
2026-08-28,6408.0,2243.79,3590.81,3354.73,4421.05,7437.56,4947.57
2026-08-31,6439.76,2259.03,3639.13,3351.3,4429.1,7488.2,4933.44
2026-09-01,6438.26,2274.4,3680.01,3384.03,4458.74,7559.44,4976.28
2026-09-02,6552.35,2345.43,3745.11,3476.71,4548.38,7770.85,5073.4
2026-09-03,6550.52,2345.2,3737.54,3487.58,4550.41,7776.2,5082.88
2026-09-04,6655.13,2402.76,3770.46,3553.51,4636.47,7855.32,5189.28
