date,index_name,index_code,close,open,high,low,volume,change_pct
2005-01-03,Capital Link LNG/LPG,CLLG,376.19,376.19,376.19,376.19,0.0,0.0
2005-01-04,Capital Link LNG/LPG,CLLG,352.38,352.38,352.38,352.38,0.0,-6.33
2005-01-05,Capital Link LNG/LPG,CLLG,360.95,360.95,360.95,360.95,0.0,2.43
2005-01-06,Capital Link LNG/LPG,CLLG,368.43,368.43,368.43,368.43,0.0,2.07
2005-01-07,Capital Link LNG/LPG,CLLG,376.19,376.19,376.19,376.19,0.0,2.11
2005-01-10,Capital Link LNG/LPG,CLLG,381.9,381.9,381.9,381.9,0.0,1.52
2005-01-11,Capital Link LNG/LPG,CLLG,372.38,372.38,372.38,372.38,0.0,-2.49
2005-01-12,Capital Link LNG/LPG,CLLG,361.9,361.9,361.9,361.9,0.0,-2.81
2005-01-13,Capital Link LNG/LPG,CLLG,361.9,361.9,361.9,361.9,0.0,0.0
2005-01-14,Capital Link LNG/LPG,CLLG,360.95,360.95,360.95,360.95,0.0,-0.26
2005-01-18,Capital Link LNG/LPG,CLLG,357.14,357.14,357.14,357.14,0.0,-1.06
2005-01-19,Capital Link LNG/LPG,CLLG,338.1,338.1,338.1,338.1,0.0,-5.33
2005-01-20,Capital Link LNG/LPG,CLLG,367.62,367.62,367.62,367.62,0.0,8.73
2005-01-21,Capital Link LNG/LPG,CLLG,360.76,360.76,360.76,360.76,0.0,-1.87
2005-01-24,Capital Link LNG/LPG,CLLG,364.76,364.76,364.76,364.76,0.0,1.11
2005-01-25,Capital Link LNG/LPG,CLLG,380.95,380.95,380.95,380.95,0.0,4.44
2005-01-26,Capital Link LNG/LPG,CLLG,399.05,399.05,399.05,399.05,0.0,4.75
2005-01-27,Capital Link LNG/LPG,CLLG,413.33,413.33,413.33,413.33,0.0,3.58
2005-01-28,Capital Link LNG/LPG,CLLG,404.76,404.76,404.76,404.76,0.0,-2.07
2005-01-31,Capital Link LNG/LPG,CLLG,415.24,415.24,415.24,415.24,0.0,2.59
2005-02-01,Capital Link LNG/LPG,CLLG,433.33,433.33,433.33,433.33,0.0,4.36
2005-02-02,Capital Link LNG/LPG,CLLG,434.29,434.29,434.29,434.29,0.0,0.22
2005-02-03,Capital Link LNG/LPG,CLLG,420.0,420.0,420.0,420.0,0.0,-3.29
2005-02-04,Capital Link LNG/LPG,CLLG,447.62,447.62,447.62,447.62,0.0,6.58
2005-02-07,Capital Link LNG/LPG,CLLG,447.62,447.62,447.62,447.62,0.0,0.0
2005-02-08,Capital Link LNG/LPG,CLLG,440.0,440.0,440.0,440.0,0.0,-1.7
2005-02-09,Capital Link LNG/LPG,CLLG,446.67,446.67,446.67,446.67,0.0,1.52
2005-02-10,Capital Link LNG/LPG,CLLG,470.48,470.48,470.48,470.48,0.0,5.33
2005-02-11,Capital Link LNG/LPG,CLLG,466.67,466.67,466.67,466.67,0.0,-0.81
2005-02-14,Capital Link LNG/LPG,CLLG,480.0,480.0,480.0,480.0,0.0,2.86
2005-02-15,Capital Link LNG/LPG,CLLG,519.05,519.05,519.05,519.05,0.0,8.14
2005-02-16,Capital Link LNG/LPG,CLLG,504.76,504.76,504.76,504.76,0.0,-2.75
2005-02-17,Capital Link LNG/LPG,CLLG,561.9,561.9,561.9,561.9,0.0,11.32
2005-02-18,Capital Link LNG/LPG,CLLG,545.71,545.71,545.71,545.71,0.0,-2.88
2005-02-22,Capital Link LNG/LPG,CLLG,521.9,521.9,521.9,521.9,0.0,-4.36
2005-02-23,Capital Link LNG/LPG,CLLG,503.81,503.81,503.81,503.81,0.0,-3.47
2005-02-24,Capital Link LNG/LPG,CLLG,531.43,531.43,531.43,531.43,0.0,5.48
2005-02-25,Capital Link LNG/LPG,CLLG,704.76,704.76,704.76,704.76,0.0,32.62
2005-02-28,Capital Link LNG/LPG,CLLG,752.38,752.38,752.38,752.38,0.0,6.76
2005-03-01,Capital Link LNG/LPG,CLLG,746.67,746.67,746.67,746.67,0.0,-0.76
2005-03-02,Capital Link LNG/LPG,CLLG,752.38,752.38,752.38,752.38,0.0,0.76
2005-03-03,Capital Link LNG/LPG,CLLG,733.33,733.33,733.33,733.33,0.0,-2.53
2005-03-04,Capital Link LNG/LPG,CLLG,796.19,796.19,796.19,796.19,0.0,8.57
2005-03-07,Capital Link LNG/LPG,CLLG,770.48,770.48,770.48,770.48,0.0,-3.23
2005-03-08,Capital Link LNG/LPG,CLLG,746.67,746.67,746.67,746.67,0.0,-3.09
2005-03-09,Capital Link LNG/LPG,CLLG,755.24,755.24,755.24,755.24,0.0,1.15
2005-03-10,Capital Link LNG/LPG,CLLG,708.57,708.57,708.57,708.57,0.0,-6.18
2005-03-11,Capital Link LNG/LPG,CLLG,693.33,693.33,693.33,693.33,0.0,-2.15
2005-03-14,Capital Link LNG/LPG,CLLG,695.24,695.24,695.24,695.24,0.0,0.28
2005-03-15,Capital Link LNG/LPG,CLLG,709.52,709.52,709.52,709.52,0.0,2.05
2005-03-16,Capital Link LNG/LPG,CLLG,719.05,719.05,719.05,719.05,0.0,1.34
2005-03-17,Capital Link LNG/LPG,CLLG,712.38,712.38,712.38,712.38,0.0,-0.93
2005-03-18,Capital Link LNG/LPG,CLLG,850.48,850.48,850.48,850.48,0.0,19.39
2005-03-21,Capital Link LNG/LPG,CLLG,800.0,800.0,800.0,800.0,0.0,-5.94
2005-03-22,Capital Link LNG/LPG,CLLG,802.86,802.86,802.86,802.86,0.0,0.36
2005-03-23,Capital Link LNG/LPG,CLLG,738.1,738.1,738.1,738.1,0.0,-8.07
2005-03-24,Capital Link LNG/LPG,CLLG,766.67,766.67,766.67,766.67,0.0,3.87
2005-03-28,Capital Link LNG/LPG,CLLG,726.67,726.67,726.67,726.67,0.0,-5.22
2005-03-29,Capital Link LNG/LPG,CLLG,706.67,706.67,706.67,706.67,0.0,-2.75
2005-03-30,Capital Link LNG/LPG,CLLG,728.57,728.57,728.57,728.57,0.0,3.1
2005-03-31,Capital Link LNG/LPG,CLLG,772.38,772.38,772.38,772.38,0.0,6.01
2005-04-01,Capital Link LNG/LPG,CLLG,788.57,788.57,788.57,788.57,0.0,2.1
2005-04-04,Capital Link LNG/LPG,CLLG,817.14,817.14,817.14,817.14,0.0,3.62
2005-04-05,Capital Link LNG/LPG,CLLG,789.52,789.52,789.52,789.52,0.0,-3.38
2005-04-06,Capital Link LNG/LPG,CLLG,807.62,807.62,807.62,807.62,0.0,2.29
2005-04-07,Capital Link LNG/LPG,CLLG,851.43,851.43,851.43,851.43,0.0,5.42
2005-04-08,Capital Link LNG/LPG,CLLG,874.29,874.29,874.29,874.29,0.0,2.68
2005-04-11,Capital Link LNG/LPG,CLLG,852.38,852.38,852.38,852.38,0.0,-2.51
2005-04-12,Capital Link LNG/LPG,CLLG,821.9,821.9,821.9,821.9,0.0,-3.58
2005-04-13,Capital Link LNG/LPG,CLLG,792.38,792.38,792.38,792.38,0.0,-3.59
2005-04-14,Capital Link LNG/LPG,CLLG,728.57,728.57,728.57,728.57,0.0,-8.05
2005-04-15,Capital Link LNG/LPG,CLLG,738.1,738.1,738.1,738.1,0.0,1.31
2005-04-18,Capital Link LNG/LPG,CLLG,728.57,728.57,728.57,728.57,0.0,-1.29
2005-04-19,Capital Link LNG/LPG,CLLG,776.19,776.19,776.19,776.19,0.0,6.54
2005-04-20,Capital Link LNG/LPG,CLLG,770.48,770.48,770.48,770.48,0.0,-0.74
2005-04-21,Capital Link LNG/LPG,CLLG,793.33,793.33,793.33,793.33,0.0,2.97
2005-04-22,Capital Link LNG/LPG,CLLG,804.76,804.76,804.76,804.76,0.0,1.44
2005-04-25,Capital Link LNG/LPG,CLLG,811.43,811.43,811.43,811.43,0.0,0.83
2005-04-26,Capital Link LNG/LPG,CLLG,790.48,790.48,790.48,790.48,0.0,-2.58
2005-04-27,Capital Link LNG/LPG,CLLG,762.86,762.86,762.86,762.86,0.0,-3.49
2005-04-28,Capital Link LNG/LPG,CLLG,722.86,722.86,722.86,722.86,0.0,-5.24
2005-04-29,Capital Link LNG/LPG,CLLG,747.62,747.62,747.62,747.62,0.0,3.43
2005-05-02,Capital Link LNG/LPG,CLLG,750.48,750.48,750.48,750.48,0.0,0.38
2005-05-03,Capital Link LNG/LPG,CLLG,739.05,739.05,739.05,739.05,0.0,-1.52
2005-05-04,Capital Link LNG/LPG,CLLG,738.1,738.1,738.1,738.1,0.0,-0.13
2005-05-05,Capital Link LNG/LPG,CLLG,731.43,731.43,731.43,731.43,0.0,-0.9
2005-05-06,Capital Link LNG/LPG,CLLG,2393.09,2393.09,2393.09,2393.09,0.0,227.18
2005-05-09,Capital Link LNG/LPG,CLLG,2456.0,2456.0,2456.0,2456.0,0.0,2.63
2005-05-10,Capital Link LNG/LPG,CLLG,2414.01,2414.01,2414.01,2414.01,0.0,-1.71
2005-05-11,Capital Link LNG/LPG,CLLG,2422.65,2422.65,2422.65,2422.65,0.0,0.36
2005-05-12,Capital Link LNG/LPG,CLLG,2412.64,2412.64,2412.64,2412.64,0.0,-0.41
2005-05-13,Capital Link LNG/LPG,CLLG,2385.67,2385.67,2385.67,2385.67,0.0,-1.12
2005-05-16,Capital Link LNG/LPG,CLLG,2385.07,2385.07,2385.07,2385.07,0.0,-0.03
2005-05-17,Capital Link LNG/LPG,CLLG,2461.99,2461.99,2461.99,2461.99,0.0,3.23
2005-05-18,Capital Link LNG/LPG,CLLG,2448.17,2448.17,2448.17,2448.17,0.0,-0.56
2005-05-19,Capital Link LNG/LPG,CLLG,2429.13,2429.13,2429.13,2429.13,0.0,-0.78
2005-05-20,Capital Link LNG/LPG,CLLG,2452.98,2452.98,2452.98,2452.98,0.0,0.98
2005-05-23,Capital Link LNG/LPG,CLLG,2422.35,2422.35,2422.35,2422.35,0.0,-1.25
2005-05-24,Capital Link LNG/LPG,CLLG,2430.97,2430.97,2430.97,2430.97,0.0,0.36
2005-05-25,Capital Link LNG/LPG,CLLG,2433.79,2433.79,2433.79,2433.79,0.0,0.12
2005-05-26,Capital Link LNG/LPG,CLLG,2433.23,2433.23,2433.23,2433.23,0.0,-0.02
2005-05-27,Capital Link LNG/LPG,CLLG,2458.37,2458.37,2458.37,2458.37,0.0,1.03
2005-05-31,Capital Link LNG/LPG,CLLG,2468.29,2468.29,2468.29,2468.29,0.0,0.4
2005-06-01,Capital Link LNG/LPG,CLLG,2485.66,2485.66,2485.66,2485.66,0.0,0.7
2005-06-02,Capital Link LNG/LPG,CLLG,2489.23,2489.23,2489.23,2489.23,0.0,0.14
2005-06-03,Capital Link LNG/LPG,CLLG,2499.75,2499.75,2499.75,2499.75,0.0,0.42
2005-06-06,Capital Link LNG/LPG,CLLG,2484.93,2484.93,2484.93,2484.93,0.0,-0.59
2005-06-07,Capital Link LNG/LPG,CLLG,2473.83,2473.83,2473.83,2473.83,0.0,-0.45
2005-06-08,Capital Link LNG/LPG,CLLG,2434.6,2434.6,2434.6,2434.6,0.0,-1.59
2005-06-09,Capital Link LNG/LPG,CLLG,2439.89,2439.89,2439.89,2439.89,0.0,0.22
2005-06-10,Capital Link LNG/LPG,CLLG,2421.31,2421.31,2421.31,2421.31,0.0,-0.76
2005-06-13,Capital Link LNG/LPG,CLLG,2377.07,2377.07,2377.07,2377.07,0.0,-1.83
2005-06-14,Capital Link LNG/LPG,CLLG,2389.42,2389.42,2389.42,2389.42,0.0,0.52
2005-06-15,Capital Link LNG/LPG,CLLG,2413.35,2413.35,2413.35,2413.35,0.0,1.0
2005-06-16,Capital Link LNG/LPG,CLLG,2517.97,2517.97,2517.97,2517.97,0.0,4.34
2005-06-17,Capital Link LNG/LPG,CLLG,2538.38,2538.38,2538.38,2538.38,0.0,0.81
2005-06-20,Capital Link LNG/LPG,CLLG,2571.06,2571.06,2571.06,2571.06,0.0,1.29
2005-06-21,Capital Link LNG/LPG,CLLG,2584.81,2584.81,2584.81,2584.81,0.0,0.53
2005-06-22,Capital Link LNG/LPG,CLLG,2613.95,2613.95,2613.95,2613.95,0.0,1.13
2005-06-23,Capital Link LNG/LPG,CLLG,2604.57,2604.57,2604.57,2604.57,0.0,-0.36
2005-06-24,Capital Link LNG/LPG,CLLG,2634.22,2634.22,2634.22,2634.22,0.0,1.14
2005-06-27,Capital Link LNG/LPG,CLLG,2660.21,2660.21,2660.21,2660.21,0.0,0.99
2005-06-28,Capital Link LNG/LPG,CLLG,2663.17,2663.17,2663.17,2663.17,0.0,0.11
2005-06-29,Capital Link LNG/LPG,CLLG,2616.75,2616.75,2616.75,2616.75,0.0,-1.74
2005-06-30,Capital Link LNG/LPG,CLLG,2644.42,2644.42,2644.42,2644.42,0.0,1.06
2005-07-01,Capital Link LNG/LPG,CLLG,2668.26,2668.26,2668.26,2668.26,0.0,0.9
2005-07-05,Capital Link LNG/LPG,CLLG,2657.52,2657.52,2657.52,2657.52,0.0,-0.4
2005-07-06,Capital Link LNG/LPG,CLLG,2654.15,2654.15,2654.15,2654.15,0.0,-0.13
2005-07-07,Capital Link LNG/LPG,CLLG,2645.4,2645.4,2645.4,2645.4,0.0,-0.33
2005-07-08,Capital Link LNG/LPG,CLLG,2659.06,2659.06,2659.06,2659.06,0.0,0.52
2005-07-11,Capital Link LNG/LPG,CLLG,2748.37,2748.37,2748.37,2748.37,0.0,3.36
2005-07-12,Capital Link LNG/LPG,CLLG,2859.99,2859.99,2859.99,2859.99,0.0,4.06
2005-07-13,Capital Link LNG/LPG,CLLG,2876.75,2876.75,2876.75,2876.75,0.0,0.59
2005-07-14,Capital Link LNG/LPG,CLLG,2795.37,2795.37,2795.37,2795.37,0.0,-2.83
2005-07-15,Capital Link LNG/LPG,CLLG,2706.43,2706.43,2706.43,2706.43,0.0,-3.18
2005-07-18,Capital Link LNG/LPG,CLLG,2641.96,2641.96,2641.96,2641.96,0.0,-2.38
2005-07-19,Capital Link LNG/LPG,CLLG,2680.96,2680.96,2680.96,2680.96,0.0,1.48
2005-07-20,Capital Link LNG/LPG,CLLG,2722.95,2722.95,2722.95,2722.95,0.0,1.57
2005-07-21,Capital Link LNG/LPG,CLLG,2017.0,2017.0,2017.0,2017.0,0.0,-25.93
2005-07-22,Capital Link LNG/LPG,CLLG,2065.78,2065.78,2065.78,2065.78,0.0,2.42
2005-07-25,Capital Link LNG/LPG,CLLG,2114.68,2114.68,2114.68,2114.68,0.0,2.37
2005-07-26,Capital Link LNG/LPG,CLLG,2190.07,2190.07,2190.07,2190.07,0.0,3.57
2005-07-27,Capital Link LNG/LPG,CLLG,2215.99,2215.99,2215.99,2215.99,0.0,1.18
2005-07-28,Capital Link LNG/LPG,CLLG,2276.21,2276.21,2276.21,2276.21,0.0,2.72
2005-07-29,Capital Link LNG/LPG,CLLG,2276.79,2276.79,2276.79,2276.79,0.0,0.03
2005-08-01,Capital Link LNG/LPG,CLLG,2281.68,2281.68,2281.68,2281.68,0.0,0.21
2005-08-02,Capital Link LNG/LPG,CLLG,2356.21,2356.21,2356.21,2356.21,0.0,3.27
2005-08-03,Capital Link LNG/LPG,CLLG,2387.99,2387.99,2387.99,2387.99,0.0,1.35
2005-08-04,Capital Link LNG/LPG,CLLG,2313.97,2313.97,2313.97,2313.97,0.0,-3.1
2005-08-05,Capital Link LNG/LPG,CLLG,2233.42,2233.42,2233.42,2233.42,0.0,-3.48
2005-08-08,Capital Link LNG/LPG,CLLG,2201.69,2201.69,2201.69,2201.69,0.0,-1.42
2005-08-09,Capital Link LNG/LPG,CLLG,2131.31,2131.31,2131.31,2131.31,0.0,-3.2
2005-08-10,Capital Link LNG/LPG,CLLG,2161.54,2161.54,2161.54,2161.54,0.0,1.42
2005-08-11,Capital Link LNG/LPG,CLLG,2186.11,2186.11,2186.11,2186.11,0.0,1.14
2005-08-12,Capital Link LNG/LPG,CLLG,2196.53,2196.53,2196.53,2196.53,0.0,0.48
2005-08-15,Capital Link LNG/LPG,CLLG,2188.46,2188.46,2188.46,2188.46,0.0,-0.37
2005-08-16,Capital Link LNG/LPG,CLLG,2127.81,2127.81,2127.81,2127.81,0.0,-2.77
2005-08-17,Capital Link LNG/LPG,CLLG,2078.66,2078.66,2078.66,2078.66,0.0,-2.31
2005-08-18,Capital Link LNG/LPG,CLLG,2101.07,2101.07,2101.07,2101.07,0.0,1.08
2005-08-19,Capital Link LNG/LPG,CLLG,2170.28,2170.28,2170.28,2170.28,0.0,3.29
2005-08-22,Capital Link LNG/LPG,CLLG,2214.21,2214.21,2214.21,2214.21,0.0,2.02
2005-08-23,Capital Link LNG/LPG,CLLG,2216.15,2216.15,2216.15,2216.15,0.0,0.09
2005-08-24,Capital Link LNG/LPG,CLLG,2191.15,2191.15,2191.15,2191.15,0.0,-1.13
2005-08-25,Capital Link LNG/LPG,CLLG,2168.1,2168.1,2168.1,2168.1,0.0,-1.05
2005-08-26,Capital Link LNG/LPG,CLLG,2126.11,2126.11,2126.11,2126.11,0.0,-1.94
2005-08-29,Capital Link LNG/LPG,CLLG,2127.42,2127.42,2127.42,2127.42,0.0,0.06
2005-08-30,Capital Link LNG/LPG,CLLG,2140.45,2140.45,2140.45,2140.45,0.0,0.61
2005-08-31,Capital Link LNG/LPG,CLLG,2191.92,2191.92,2191.92,2191.92,0.0,2.4
2005-09-01,Capital Link LNG/LPG,CLLG,2200.87,2200.87,2200.87,2200.87,0.0,0.41
2005-09-02,Capital Link LNG/LPG,CLLG,2237.09,2237.09,2237.09,2237.09,0.0,1.65
2005-09-06,Capital Link LNG/LPG,CLLG,2220.88,2220.88,2220.88,2220.88,0.0,-0.72
2005-09-07,Capital Link LNG/LPG,CLLG,2213.22,2213.22,2213.22,2213.22,0.0,-0.34
2005-09-08,Capital Link LNG/LPG,CLLG,2213.52,2213.52,2213.52,2213.52,0.0,0.01
2005-09-09,Capital Link LNG/LPG,CLLG,2194.93,2194.93,2194.93,2194.93,0.0,-0.84
2005-09-12,Capital Link LNG/LPG,CLLG,2168.23,2168.23,2168.23,2168.23,0.0,-1.22
2005-09-13,Capital Link LNG/LPG,CLLG,2162.38,2162.38,2162.38,2162.38,0.0,-0.27
2005-09-14,Capital Link LNG/LPG,CLLG,2150.93,2150.93,2150.93,2150.93,0.0,-0.53
2005-09-15,Capital Link LNG/LPG,CLLG,2075.63,2075.63,2075.63,2075.63,0.0,-3.5
2005-09-16,Capital Link LNG/LPG,CLLG,2060.05,2060.05,2060.05,2060.05,0.0,-0.75
2005-09-19,Capital Link LNG/LPG,CLLG,2104.5,2104.5,2104.5,2104.5,0.0,2.16
2005-09-20,Capital Link LNG/LPG,CLLG,2105.65,2105.65,2105.65,2105.65,0.0,0.05
2005-09-21,Capital Link LNG/LPG,CLLG,2089.03,2089.03,2089.03,2089.03,0.0,-0.79
2005-09-22,Capital Link LNG/LPG,CLLG,2116.17,2116.17,2116.17,2116.17,0.0,1.3
2005-09-23,Capital Link LNG/LPG,CLLG,2110.11,2110.11,2110.11,2110.11,0.0,-0.29
2005-09-26,Capital Link LNG/LPG,CLLG,2102.97,2102.97,2102.97,2102.97,0.0,-0.34
2005-09-27,Capital Link LNG/LPG,CLLG,2079.59,2079.59,2079.59,2079.59,0.0,-1.11
2005-09-28,Capital Link LNG/LPG,CLLG,2125.77,2125.77,2125.77,2125.77,0.0,2.22
2005-09-29,Capital Link LNG/LPG,CLLG,2159.22,2159.22,2159.22,2159.22,0.0,1.57
2005-09-30,Capital Link LNG/LPG,CLLG,2171.73,2171.73,2171.73,2171.73,0.0,0.58
2005-10-03,Capital Link LNG/LPG,CLLG,2164.84,2164.84,2164.84,2164.84,0.0,-0.32
2005-10-04,Capital Link LNG/LPG,CLLG,2133.0,2133.0,2133.0,2133.0,0.0,-1.47
2005-10-05,Capital Link LNG/LPG,CLLG,2091.53,2091.53,2091.53,2091.53,0.0,-1.94
2005-10-06,Capital Link LNG/LPG,CLLG,2058.72,2058.72,2058.72,2058.72,0.0,-1.57
2005-10-07,Capital Link LNG/LPG,CLLG,2022.56,2022.56,2022.56,2022.56,0.0,-1.76
2005-10-10,Capital Link LNG/LPG,CLLG,2030.71,2030.71,2030.71,2030.71,0.0,0.4
2005-10-11,Capital Link LNG/LPG,CLLG,2015.19,2015.19,2015.19,2015.19,0.0,-0.76
2005-10-12,Capital Link LNG/LPG,CLLG,1975.7,1975.7,1975.7,1975.7,0.0,-1.96
2005-10-13,Capital Link LNG/LPG,CLLG,1940.32,1940.32,1940.32,1940.32,0.0,-1.79
2005-10-14,Capital Link LNG/LPG,CLLG,1918.89,1918.89,1918.89,1918.89,0.0,-1.1
2005-10-17,Capital Link LNG/LPG,CLLG,1937.1,1937.1,1937.1,1937.1,0.0,0.95
2005-10-18,Capital Link LNG/LPG,CLLG,1910.44,1910.44,1910.44,1910.44,0.0,-1.38
2005-10-19,Capital Link LNG/LPG,CLLG,1862.5,1862.5,1862.5,1862.5,0.0,-2.51
2005-10-20,Capital Link LNG/LPG,CLLG,1842.87,1842.87,1842.87,1842.87,0.0,-1.05
2005-10-21,Capital Link LNG/LPG,CLLG,1858.28,1858.28,1858.28,1858.28,0.0,0.84
2005-10-24,Capital Link LNG/LPG,CLLG,1859.99,1859.99,1859.99,1859.99,0.0,0.09
2005-10-25,Capital Link LNG/LPG,CLLG,1858.15,1858.15,1858.15,1858.15,0.0,-0.1
2005-10-26,Capital Link LNG/LPG,CLLG,1863.62,1863.62,1863.62,1863.62,0.0,0.29
2005-10-27,Capital Link LNG/LPG,CLLG,1858.99,1858.99,1858.99,1858.99,0.0,-0.25
2005-10-28,Capital Link LNG/LPG,CLLG,1888.05,1888.05,1888.05,1888.05,0.0,1.56
2005-10-31,Capital Link LNG/LPG,CLLG,1949.92,1949.92,1949.92,1949.92,0.0,3.28
2005-11-01,Capital Link LNG/LPG,CLLG,1987.34,1987.34,1987.34,1987.34,0.0,1.92
2005-11-02,Capital Link LNG/LPG,CLLG,2005.55,2005.55,2005.55,2005.55,0.0,0.92
2005-11-03,Capital Link LNG/LPG,CLLG,1961.02,1961.02,1961.02,1961.02,0.0,-2.22
2005-11-04,Capital Link LNG/LPG,CLLG,1969.68,1969.68,1969.68,1969.68,0.0,0.44
2005-11-07,Capital Link LNG/LPG,CLLG,1924.36,1924.36,1924.36,1924.36,0.0,-2.3
2005-11-08,Capital Link LNG/LPG,CLLG,1896.4,1896.4,1896.4,1896.4,0.0,-1.45
2005-11-09,Capital Link LNG/LPG,CLLG,1912.42,1912.42,1912.42,1912.42,0.0,0.84
2005-11-10,Capital Link LNG/LPG,CLLG,1941.69,1941.69,1941.69,1941.69,0.0,1.53
2005-11-11,Capital Link LNG/LPG,CLLG,1979.78,1979.78,1979.78,1979.78,0.0,1.96
2005-11-14,Capital Link LNG/LPG,CLLG,1968.18,1968.18,1968.18,1968.18,0.0,-0.59
2005-11-15,Capital Link LNG/LPG,CLLG,1953.9,1953.9,1953.9,1953.9,0.0,-0.73
2005-11-16,Capital Link LNG/LPG,CLLG,1869.38,1869.38,1869.38,1869.38,0.0,-4.33
2005-11-17,Capital Link LNG/LPG,CLLG,1829.5,1829.5,1829.5,1829.5,0.0,-2.13
2005-11-18,Capital Link LNG/LPG,CLLG,1832.17,1832.17,1832.17,1832.17,0.0,0.15
2005-11-21,Capital Link LNG/LPG,CLLG,1901.46,1901.46,1901.46,1901.46,0.0,3.78
2005-11-22,Capital Link LNG/LPG,CLLG,1907.02,1907.02,1907.02,1907.02,0.0,0.29
2005-11-23,Capital Link LNG/LPG,CLLG,1915.24,1915.24,1915.24,1915.24,0.0,0.43
2005-11-25,Capital Link LNG/LPG,CLLG,1927.96,1927.96,1927.96,1927.96,0.0,0.66
2005-11-28,Capital Link LNG/LPG,CLLG,1939.21,1939.21,1939.21,1939.21,0.0,0.58
2005-11-29,Capital Link LNG/LPG,CLLG,1937.0,1937.0,1937.0,1937.0,0.0,-0.11
2005-11-30,Capital Link LNG/LPG,CLLG,1947.8,1947.8,1947.8,1947.8,0.0,0.56
2005-12-01,Capital Link LNG/LPG,CLLG,1935.78,1935.78,1935.78,1935.78,0.0,-0.62
2005-12-02,Capital Link LNG/LPG,CLLG,1986.46,1986.46,1986.46,1986.46,0.0,2.62
2005-12-05,Capital Link LNG/LPG,CLLG,1968.97,1968.97,1968.97,1968.97,0.0,-0.88
2005-12-06,Capital Link LNG/LPG,CLLG,1981.05,1981.05,1981.05,1981.05,0.0,0.61
2005-12-07,Capital Link LNG/LPG,CLLG,1992.04,1992.04,1992.04,1992.04,0.0,0.55
2005-12-08,Capital Link LNG/LPG,CLLG,1969.13,1969.13,1969.13,1969.13,0.0,-1.15
2005-12-09,Capital Link LNG/LPG,CLLG,1983.6,1983.6,1983.6,1983.6,0.0,0.73
2005-12-12,Capital Link LNG/LPG,CLLG,1992.25,1992.25,1992.25,1992.25,0.0,0.44
2005-12-13,Capital Link LNG/LPG,CLLG,1984.81,1984.81,1984.81,1984.81,0.0,-0.37
2005-12-14,Capital Link LNG/LPG,CLLG,2012.78,2012.78,2012.78,2012.78,0.0,1.41
2005-12-15,Capital Link LNG/LPG,CLLG,2050.98,2050.98,2050.98,2050.98,0.0,1.9
2005-12-16,Capital Link LNG/LPG,CLLG,2065.91,2065.91,2065.91,2065.91,0.0,0.73
2005-12-19,Capital Link LNG/LPG,CLLG,2042.02,2042.02,2042.02,2042.02,0.0,-1.16
2005-12-20,Capital Link LNG/LPG,CLLG,2021.7,2021.7,2021.7,2021.7,0.0,-1.0
2005-12-21,Capital Link LNG/LPG,CLLG,2028.71,2028.71,2028.71,2028.71,0.0,0.35
2005-12-22,Capital Link LNG/LPG,CLLG,2033.89,2033.89,2033.89,2033.89,0.0,0.26
2005-12-23,Capital Link LNG/LPG,CLLG,2024.04,2024.04,2024.04,2024.04,0.0,-0.48
2005-12-27,Capital Link LNG/LPG,CLLG,1989.01,1989.01,1989.01,1989.01,0.0,-1.73
2005-12-28,Capital Link LNG/LPG,CLLG,1989.05,1989.05,1989.05,1989.05,0.0,0.0
2005-12-29,Capital Link LNG/LPG,CLLG,2020.15,2020.15,2020.15,2020.15,0.0,1.56
2005-12-30,Capital Link LNG/LPG,CLLG,2048.64,2048.64,2048.64,2048.64,0.0,1.41
2006-01-03,Capital Link LNG/LPG,CLLG,2056.39,2056.39,2056.39,2056.39,0.0,0.38
2006-01-04,Capital Link LNG/LPG,CLLG,2094.33,2094.33,2094.33,2094.33,0.0,1.84
2006-01-05,Capital Link LNG/LPG,CLLG,2078.37,2078.37,2078.37,2078.37,0.0,-0.76
2006-01-06,Capital Link LNG/LPG,CLLG,2076.42,2076.42,2076.42,2076.42,0.0,-0.09
2006-01-09,Capital Link LNG/LPG,CLLG,2090.95,2090.95,2090.95,2090.95,0.0,0.7
2006-01-10,Capital Link LNG/LPG,CLLG,2069.33,2069.33,2069.33,2069.33,0.0,-1.03
2006-01-11,Capital Link LNG/LPG,CLLG,2095.37,2095.37,2095.37,2095.37,0.0,1.26
2006-01-12,Capital Link LNG/LPG,CLLG,2075.38,2075.38,2075.38,2075.38,0.0,-0.95
2006-01-13,Capital Link LNG/LPG,CLLG,2067.96,2067.96,2067.96,2067.96,0.0,-0.36
2006-01-17,Capital Link LNG/LPG,CLLG,2071.23,2071.23,2071.23,2071.23,0.0,0.16
2006-01-18,Capital Link LNG/LPG,CLLG,2065.38,2065.38,2065.38,2065.38,0.0,-0.28
2006-01-19,Capital Link LNG/LPG,CLLG,2077.32,2077.32,2077.32,2077.32,0.0,0.58
2006-01-20,Capital Link LNG/LPG,CLLG,2064.08,2064.08,2064.08,2064.08,0.0,-0.64
2006-01-23,Capital Link LNG/LPG,CLLG,2076.81,2076.81,2076.81,2076.81,0.0,0.62
2006-01-24,Capital Link LNG/LPG,CLLG,2104.44,2104.44,2104.44,2104.44,0.0,1.33
2006-01-25,Capital Link LNG/LPG,CLLG,2078.65,2078.65,2078.65,2078.65,0.0,-1.23
2006-01-26,Capital Link LNG/LPG,CLLG,2089.07,2089.07,2089.07,2089.07,0.0,0.5
2006-01-27,Capital Link LNG/LPG,CLLG,2087.02,2087.02,2087.02,2087.02,0.0,-0.1
2006-01-30,Capital Link LNG/LPG,CLLG,2075.98,2075.98,2075.98,2075.98,0.0,-0.53
2006-01-31,Capital Link LNG/LPG,CLLG,2071.15,2071.15,2071.15,2071.15,0.0,-0.23
2006-02-01,Capital Link LNG/LPG,CLLG,2073.69,2073.69,2073.69,2073.69,0.0,0.12
2006-02-02,Capital Link LNG/LPG,CLLG,2046.59,2046.59,2046.59,2046.59,0.0,-1.31
2006-02-03,Capital Link LNG/LPG,CLLG,2081.37,2081.37,2081.37,2081.37,0.0,1.7
2006-02-06,Capital Link LNG/LPG,CLLG,2058.61,2058.61,2058.61,2058.61,0.0,-1.09
2006-02-07,Capital Link LNG/LPG,CLLG,2057.01,2057.01,2057.01,2057.01,0.0,-0.08
2006-02-08,Capital Link LNG/LPG,CLLG,2048.32,2048.32,2048.32,2048.32,0.0,-0.42
2006-02-09,Capital Link LNG/LPG,CLLG,2066.32,2066.32,2066.32,2066.32,0.0,0.88
2006-02-10,Capital Link LNG/LPG,CLLG,2029.27,2029.27,2029.27,2029.27,0.0,-1.79
2006-02-13,Capital Link LNG/LPG,CLLG,2007.92,2007.92,2007.92,2007.92,0.0,-1.05
2006-02-14,Capital Link LNG/LPG,CLLG,2005.92,2005.92,2005.92,2005.92,0.0,-0.1
2006-02-15,Capital Link LNG/LPG,CLLG,2006.72,2006.72,2006.72,2006.72,0.0,0.04
2006-02-16,Capital Link LNG/LPG,CLLG,2014.43,2014.43,2014.43,2014.43,0.0,0.38
2006-02-17,Capital Link LNG/LPG,CLLG,2068.87,2068.87,2068.87,2068.87,0.0,2.7
2006-02-21,Capital Link LNG/LPG,CLLG,2100.89,2100.89,2100.89,2100.89,0.0,1.55
2006-02-22,Capital Link LNG/LPG,CLLG,2072.24,2072.24,2072.24,2072.24,0.0,-1.36
2006-02-23,Capital Link LNG/LPG,CLLG,2096.36,2096.36,2096.36,2096.36,0.0,1.16
2006-02-24,Capital Link LNG/LPG,CLLG,2085.49,2085.49,2085.49,2085.49,0.0,-0.52
2006-02-27,Capital Link LNG/LPG,CLLG,2081.02,2081.02,2081.02,2081.02,0.0,-0.21
2006-02-28,Capital Link LNG/LPG,CLLG,2087.27,2087.27,2087.27,2087.27,0.0,0.3
2006-03-01,Capital Link LNG/LPG,CLLG,2101.55,2101.55,2101.55,2101.55,0.0,0.68
2006-03-02,Capital Link LNG/LPG,CLLG,2085.18,2085.18,2085.18,2085.18,0.0,-0.78
2006-03-03,Capital Link LNG/LPG,CLLG,2084.82,2084.82,2084.82,2084.82,0.0,-0.02
2006-03-06,Capital Link LNG/LPG,CLLG,2081.63,2081.63,2081.63,2081.63,0.0,-0.15
2006-03-07,Capital Link LNG/LPG,CLLG,2061.97,2061.97,2061.97,2061.97,0.0,-0.94
2006-03-08,Capital Link LNG/LPG,CLLG,2075.93,2075.93,2075.93,2075.93,0.0,0.68
2006-03-09,Capital Link LNG/LPG,CLLG,2085.97,2085.97,2085.97,2085.97,0.0,0.48
2006-03-10,Capital Link LNG/LPG,CLLG,2090.24,2090.24,2090.24,2090.24,0.0,0.2
2006-03-13,Capital Link LNG/LPG,CLLG,2113.33,2113.33,2113.33,2113.33,0.0,1.1
2006-03-14,Capital Link LNG/LPG,CLLG,2117.44,2117.44,2117.44,2117.44,0.0,0.19
2006-03-15,Capital Link LNG/LPG,CLLG,2145.98,2145.98,2145.98,2145.98,0.0,1.35
2006-03-16,Capital Link LNG/LPG,CLLG,2164.07,2164.07,2164.07,2164.07,0.0,0.84
2006-03-17,Capital Link LNG/LPG,CLLG,2169.79,2169.79,2169.79,2169.79,0.0,0.26
2006-03-20,Capital Link LNG/LPG,CLLG,2128.53,2128.53,2128.53,2128.53,0.0,-1.9
2006-03-21,Capital Link LNG/LPG,CLLG,2136.67,2136.67,2136.67,2136.67,0.0,0.38
2006-03-22,Capital Link LNG/LPG,CLLG,2176.17,2176.17,2176.17,2176.17,0.0,1.85
2006-03-23,Capital Link LNG/LPG,CLLG,2164.87,2164.87,2164.87,2164.87,0.0,-0.52
2006-03-24,Capital Link LNG/LPG,CLLG,2165.84,2165.84,2165.84,2165.84,0.0,0.04
2006-03-27,Capital Link LNG/LPG,CLLG,2163.49,2163.49,2163.49,2163.49,0.0,-0.11
2006-03-28,Capital Link LNG/LPG,CLLG,2187.65,2187.65,2187.65,2187.65,0.0,1.12
2006-03-29,Capital Link LNG/LPG,CLLG,2174.94,2174.94,2174.94,2174.94,0.0,-0.58
2006-03-30,Capital Link LNG/LPG,CLLG,2168.44,2168.44,2168.44,2168.44,0.0,-0.3
2006-03-31,Capital Link LNG/LPG,CLLG,2159.83,2159.83,2159.83,2159.83,0.0,-0.4
2006-04-03,Capital Link LNG/LPG,CLLG,2177.43,2177.43,2177.43,2177.43,0.0,0.81
2006-04-04,Capital Link LNG/LPG,CLLG,2179.11,2179.11,2179.11,2179.11,0.0,0.08
2006-04-05,Capital Link LNG/LPG,CLLG,2160.17,2160.17,2160.17,2160.17,0.0,-0.87
2006-04-06,Capital Link LNG/LPG,CLLG,2151.97,2151.97,2151.97,2151.97,0.0,-0.38
2006-04-07,Capital Link LNG/LPG,CLLG,2147.37,2147.37,2147.37,2147.37,0.0,-0.21
2006-04-10,Capital Link LNG/LPG,CLLG,2138.62,2138.62,2138.62,2138.62,0.0,-0.41
2006-04-11,Capital Link LNG/LPG,CLLG,2113.4,2113.4,2113.4,2113.4,0.0,-1.18
2006-04-12,Capital Link LNG/LPG,CLLG,2111.03,2111.03,2111.03,2111.03,0.0,-0.11
2006-04-13,Capital Link LNG/LPG,CLLG,2106.57,2106.57,2106.57,2106.57,0.0,-0.21
2006-04-17,Capital Link LNG/LPG,CLLG,2102.48,2102.48,2102.48,2102.48,0.0,-0.19
2006-04-18,Capital Link LNG/LPG,CLLG,2091.82,2091.82,2091.82,2091.82,0.0,-0.51
2006-04-19,Capital Link LNG/LPG,CLLG,2110.83,2110.83,2110.83,2110.83,0.0,0.91
2006-04-20,Capital Link LNG/LPG,CLLG,2133.16,2133.16,2133.16,2133.16,0.0,1.06
2006-04-21,Capital Link LNG/LPG,CLLG,2130.65,2130.65,2130.65,2130.65,0.0,-0.12
2006-04-24,Capital Link LNG/LPG,CLLG,2119.41,2119.41,2119.41,2119.41,0.0,-0.53
2006-04-25,Capital Link LNG/LPG,CLLG,2126.01,2126.01,2126.01,2126.01,0.0,0.31
2006-04-26,Capital Link LNG/LPG,CLLG,2123.33,2123.33,2123.33,2123.33,0.0,-0.13
2006-04-27,Capital Link LNG/LPG,CLLG,2145.45,2145.45,2145.45,2145.45,0.0,1.04
2006-04-28,Capital Link LNG/LPG,CLLG,2182.89,2182.89,2182.89,2182.89,0.0,1.75
2006-05-01,Capital Link LNG/LPG,CLLG,2164.76,2164.76,2164.76,2164.76,0.0,-0.83
2006-05-02,Capital Link LNG/LPG,CLLG,2151.78,2151.78,2151.78,2151.78,0.0,-0.6
2006-05-03,Capital Link LNG/LPG,CLLG,2125.61,2125.61,2125.61,2125.61,0.0,-1.22
2006-05-04,Capital Link LNG/LPG,CLLG,2164.8,2164.8,2164.8,2164.8,0.0,1.84
2006-05-05,Capital Link LNG/LPG,CLLG,2210.08,2210.08,2210.08,2210.08,0.0,2.09
2006-05-08,Capital Link LNG/LPG,CLLG,2210.19,2210.19,2210.19,2210.19,0.0,0.0
2006-05-09,Capital Link LNG/LPG,CLLG,2189.15,2189.15,2189.15,2189.15,0.0,-0.95
2006-05-10,Capital Link LNG/LPG,CLLG,2186.45,2186.45,2186.45,2186.45,0.0,-0.12
2006-05-11,Capital Link LNG/LPG,CLLG,2160.23,2160.23,2160.23,2160.23,0.0,-1.2
2006-05-12,Capital Link LNG/LPG,CLLG,2127.29,2127.29,2127.29,2127.29,0.0,-1.52
2006-05-15,Capital Link LNG/LPG,CLLG,2122.99,2122.99,2122.99,2122.99,0.0,-0.2
2006-05-16,Capital Link LNG/LPG,CLLG,2171.89,2171.89,2171.89,2171.89,0.0,2.3
2006-05-17,Capital Link LNG/LPG,CLLG,2152.01,2152.01,2152.01,2152.01,0.0,-0.92
2006-05-18,Capital Link LNG/LPG,CLLG,2157.55,2157.55,2157.55,2157.55,0.0,0.26
2006-05-19,Capital Link LNG/LPG,CLLG,2162.15,2162.15,2162.15,2162.15,0.0,0.21
2006-05-22,Capital Link LNG/LPG,CLLG,2132.73,2132.73,2132.73,2132.73,0.0,-1.36
2006-05-23,Capital Link LNG/LPG,CLLG,2188.76,2188.76,2188.76,2188.76,0.0,2.63
2006-05-24,Capital Link LNG/LPG,CLLG,2128.01,2128.01,2128.01,2128.01,0.0,-2.78
2006-05-25,Capital Link LNG/LPG,CLLG,2148.24,2148.24,2148.24,2148.24,0.0,0.95
2006-05-26,Capital Link LNG/LPG,CLLG,2161.01,2161.01,2161.01,2161.01,0.0,0.59
2006-05-30,Capital Link LNG/LPG,CLLG,2136.99,2136.99,2136.99,2136.99,0.0,-1.11
2006-05-31,Capital Link LNG/LPG,CLLG,2142.0,2142.0,2142.0,2142.0,0.0,0.23
2006-06-01,Capital Link LNG/LPG,CLLG,2150.22,2150.22,2150.22,2150.22,0.0,0.38
2006-06-02,Capital Link LNG/LPG,CLLG,2171.95,2171.95,2171.95,2171.95,0.0,1.01
2006-06-05,Capital Link LNG/LPG,CLLG,2156.47,2156.47,2156.47,2156.47,0.0,-0.71
2006-06-06,Capital Link LNG/LPG,CLLG,2158.74,2158.74,2158.74,2158.74,0.0,0.11
2006-06-07,Capital Link LNG/LPG,CLLG,2116.72,2116.72,2116.72,2116.72,0.0,-1.95
2006-06-08,Capital Link LNG/LPG,CLLG,2157.17,2157.17,2157.17,2157.17,0.0,1.91
2006-06-09,Capital Link LNG/LPG,CLLG,2130.21,2130.21,2130.21,2130.21,0.0,-1.25
2006-06-12,Capital Link LNG/LPG,CLLG,2083.59,2083.59,2083.59,2083.59,0.0,-2.19
2006-06-13,Capital Link LNG/LPG,CLLG,2034.28,2034.28,2034.28,2034.28,0.0,-2.37
2006-06-14,Capital Link LNG/LPG,CLLG,2041.81,2041.81,2041.81,2041.81,0.0,0.37
2006-06-15,Capital Link LNG/LPG,CLLG,2059.42,2059.42,2059.42,2059.42,0.0,0.86
2006-06-16,Capital Link LNG/LPG,CLLG,2053.55,2053.55,2053.55,2053.55,0.0,-0.29
2006-06-19,Capital Link LNG/LPG,CLLG,2078.7,2078.7,2078.7,2078.7,0.0,1.22
2006-06-20,Capital Link LNG/LPG,CLLG,2086.86,2086.86,2086.86,2086.86,0.0,0.39
2006-06-21,Capital Link LNG/LPG,CLLG,2090.99,2090.99,2090.99,2090.99,0.0,0.2
2006-06-22,Capital Link LNG/LPG,CLLG,2084.64,2084.64,2084.64,2084.64,0.0,-0.3
2006-06-23,Capital Link LNG/LPG,CLLG,2090.77,2090.77,2090.77,2090.77,0.0,0.29
2006-06-26,Capital Link LNG/LPG,CLLG,2079.6,2079.6,2079.6,2079.6,0.0,-0.53
2006-06-27,Capital Link LNG/LPG,CLLG,2070.15,2070.15,2070.15,2070.15,0.0,-0.45
2006-06-28,Capital Link LNG/LPG,CLLG,2081.92,2081.92,2081.92,2081.92,0.0,0.57
2006-06-29,Capital Link LNG/LPG,CLLG,2099.13,2099.13,2099.13,2099.13,0.0,0.83
2006-06-30,Capital Link LNG/LPG,CLLG,2113.14,2113.14,2113.14,2113.14,0.0,0.67
2006-07-03,Capital Link LNG/LPG,CLLG,2097.67,2097.67,2097.67,2097.67,0.0,-0.73
2006-07-05,Capital Link LNG/LPG,CLLG,2123.87,2123.87,2123.87,2123.87,0.0,1.25
2006-07-06,Capital Link LNG/LPG,CLLG,2116.7,2116.7,2116.7,2116.7,0.0,-0.34
2006-07-07,Capital Link LNG/LPG,CLLG,2109.78,2109.78,2109.78,2109.78,0.0,-0.33
2006-07-10,Capital Link LNG/LPG,CLLG,2134.48,2134.48,2134.48,2134.48,0.0,1.17
2006-07-11,Capital Link LNG/LPG,CLLG,2138.96,2138.96,2138.96,2138.96,0.0,0.21
2006-07-12,Capital Link LNG/LPG,CLLG,2138.4,2138.4,2138.4,2138.4,0.0,-0.03
2006-07-13,Capital Link LNG/LPG,CLLG,2122.09,2122.09,2122.09,2122.09,0.0,-0.76
2006-07-14,Capital Link LNG/LPG,CLLG,2127.94,2127.94,2127.94,2127.94,0.0,0.28
2006-07-17,Capital Link LNG/LPG,CLLG,2110.76,2110.76,2110.76,2110.76,0.0,-0.81
2006-07-18,Capital Link LNG/LPG,CLLG,2097.66,2097.66,2097.66,2097.66,0.0,-0.62
2006-07-19,Capital Link LNG/LPG,CLLG,2127.24,2127.24,2127.24,2127.24,0.0,1.41
2006-07-20,Capital Link LNG/LPG,CLLG,2128.5,2128.5,2128.5,2128.5,0.0,0.06
2006-07-21,Capital Link LNG/LPG,CLLG,2128.87,2128.87,2128.87,2128.87,0.0,0.02
2006-07-24,Capital Link LNG/LPG,CLLG,2121.0,2121.0,2121.0,2121.0,0.0,-0.37
2006-07-25,Capital Link LNG/LPG,CLLG,2134.68,2134.68,2134.68,2134.68,0.0,0.64
2006-07-26,Capital Link LNG/LPG,CLLG,2165.25,2165.25,2165.25,2165.25,0.0,1.43
2006-07-27,Capital Link LNG/LPG,CLLG,2150.59,2150.59,2150.59,2150.59,0.0,-0.68
2006-07-28,Capital Link LNG/LPG,CLLG,2120.28,2120.28,2120.28,2120.28,0.0,-1.41
2006-07-31,Capital Link LNG/LPG,CLLG,2124.36,2124.36,2124.36,2124.36,0.0,0.19
2006-08-01,Capital Link LNG/LPG,CLLG,2140.56,2140.56,2140.56,2140.56,0.0,0.76
2006-08-02,Capital Link LNG/LPG,CLLG,2124.82,2124.82,2124.82,2124.82,0.0,-0.74
2006-08-03,Capital Link LNG/LPG,CLLG,2115.31,2115.31,2115.31,2115.31,0.0,-0.45
2006-08-04,Capital Link LNG/LPG,CLLG,2176.7,2176.7,2176.7,2176.7,0.0,2.9
2006-08-07,Capital Link LNG/LPG,CLLG,2174.84,2174.84,2174.84,2174.84,0.0,-0.09
2006-08-08,Capital Link LNG/LPG,CLLG,2175.17,2175.17,2175.17,2175.17,0.0,0.02
2006-08-09,Capital Link LNG/LPG,CLLG,2171.43,2171.43,2171.43,2171.43,0.0,-0.17
2006-08-10,Capital Link LNG/LPG,CLLG,2156.97,2156.97,2156.97,2156.97,0.0,-0.67
2006-08-11,Capital Link LNG/LPG,CLLG,2157.15,2157.15,2157.15,2157.15,0.0,0.01
2006-08-14,Capital Link LNG/LPG,CLLG,2137.5,2137.5,2137.5,2137.5,0.0,-0.91
2006-08-15,Capital Link LNG/LPG,CLLG,2146.87,2146.87,2146.87,2146.87,0.0,0.44
2006-08-16,Capital Link LNG/LPG,CLLG,2145.45,2145.45,2145.45,2145.45,0.0,-0.07
2006-08-17,Capital Link LNG/LPG,CLLG,2134.5,2134.5,2134.5,2134.5,0.0,-0.51
2006-08-18,Capital Link LNG/LPG,CLLG,2138.41,2138.41,2138.41,2138.41,0.0,0.18
2006-08-21,Capital Link LNG/LPG,CLLG,2158.14,2158.14,2158.14,2158.14,0.0,0.92
2006-08-22,Capital Link LNG/LPG,CLLG,2149.98,2149.98,2149.98,2149.98,0.0,-0.38
2006-08-23,Capital Link LNG/LPG,CLLG,2155.26,2155.26,2155.26,2155.26,0.0,0.25
2006-08-24,Capital Link LNG/LPG,CLLG,2159.79,2159.79,2159.79,2159.79,0.0,0.21
2006-08-25,Capital Link LNG/LPG,CLLG,2145.99,2145.99,2145.99,2145.99,0.0,-0.64
2006-08-28,Capital Link LNG/LPG,CLLG,2137.68,2137.68,2137.68,2137.68,0.0,-0.39
2006-08-29,Capital Link LNG/LPG,CLLG,2123.19,2123.19,2123.19,2123.19,0.0,-0.68
2006-08-30,Capital Link LNG/LPG,CLLG,2117.05,2117.05,2117.05,2117.05,0.0,-0.29
2006-08-31,Capital Link LNG/LPG,CLLG,2127.01,2127.01,2127.01,2127.01,0.0,0.47
2006-09-01,Capital Link LNG/LPG,CLLG,2124.41,2124.41,2124.41,2124.41,0.0,-0.12
2006-09-05,Capital Link LNG/LPG,CLLG,2118.21,2118.21,2118.21,2118.21,0.0,-0.29
2006-09-06,Capital Link LNG/LPG,CLLG,2104.74,2104.74,2104.74,2104.74,0.0,-0.64
2006-09-07,Capital Link LNG/LPG,CLLG,2076.57,2076.57,2076.57,2076.57,0.0,-1.34
2006-09-08,Capital Link LNG/LPG,CLLG,2063.86,2063.86,2063.86,2063.86,0.0,-0.61
2006-09-11,Capital Link LNG/LPG,CLLG,2061.09,2061.09,2061.09,2061.09,0.0,-0.13
2006-09-12,Capital Link LNG/LPG,CLLG,2057.83,2057.83,2057.83,2057.83,0.0,-0.16
2006-09-13,Capital Link LNG/LPG,CLLG,2059.85,2059.85,2059.85,2059.85,0.0,0.1
2006-09-14,Capital Link LNG/LPG,CLLG,2064.87,2064.87,2064.87,2064.87,0.0,0.24
2006-09-15,Capital Link LNG/LPG,CLLG,2063.66,2063.66,2063.66,2063.66,0.0,-0.06
2006-09-18,Capital Link LNG/LPG,CLLG,2053.71,2053.71,2053.71,2053.71,0.0,-0.48
2006-09-19,Capital Link LNG/LPG,CLLG,2055.6,2055.6,2055.6,2055.6,0.0,0.09
2006-09-20,Capital Link LNG/LPG,CLLG,2051.96,2051.96,2051.96,2051.96,0.0,-0.18
2006-09-21,Capital Link LNG/LPG,CLLG,2056.86,2056.86,2056.86,2056.86,0.0,0.24
2006-09-22,Capital Link LNG/LPG,CLLG,2064.8,2064.8,2064.8,2064.8,0.0,0.39
2006-09-25,Capital Link LNG/LPG,CLLG,2069.3,2069.3,2069.3,2069.3,0.0,0.22
2006-09-26,Capital Link LNG/LPG,CLLG,2084.54,2084.54,2084.54,2084.54,0.0,0.74
2006-09-27,Capital Link LNG/LPG,CLLG,2071.61,2071.61,2071.61,2071.61,0.0,-0.62
2006-09-28,Capital Link LNG/LPG,CLLG,2083.25,2083.25,2083.25,2083.25,0.0,0.56
2006-09-29,Capital Link LNG/LPG,CLLG,2104.29,2104.29,2104.29,2104.29,0.0,1.01
2006-10-02,Capital Link LNG/LPG,CLLG,2120.39,2120.39,2120.39,2120.39,0.0,0.77
2006-10-03,Capital Link LNG/LPG,CLLG,2087.42,2087.42,2087.42,2087.42,0.0,-1.55
2006-10-04,Capital Link LNG/LPG,CLLG,2085.12,2085.12,2085.12,2085.12,0.0,-0.11
2006-10-05,Capital Link LNG/LPG,CLLG,2099.2,2099.2,2099.2,2099.2,0.0,0.68
2006-10-06,Capital Link LNG/LPG,CLLG,2083.36,2083.36,2083.36,2083.36,0.0,-0.75
2006-10-09,Capital Link LNG/LPG,CLLG,2097.58,2097.58,2097.58,2097.58,0.0,0.68
2006-10-10,Capital Link LNG/LPG,CLLG,2080.26,2080.26,2080.26,2080.26,0.0,-0.83
2006-10-11,Capital Link LNG/LPG,CLLG,2096.7,2096.7,2096.7,2096.7,0.0,0.79
2006-10-12,Capital Link LNG/LPG,CLLG,2103.2,2103.2,2103.2,2103.2,0.0,0.31
2006-10-13,Capital Link LNG/LPG,CLLG,2103.92,2103.92,2103.92,2103.92,0.0,0.03
2006-10-16,Capital Link LNG/LPG,CLLG,2105.01,2105.01,2105.01,2105.01,0.0,0.05
2006-10-17,Capital Link LNG/LPG,CLLG,2102.88,2102.88,2102.88,2102.88,0.0,-0.1
2006-10-18,Capital Link LNG/LPG,CLLG,2105.28,2105.28,2105.28,2105.28,0.0,0.11
2006-10-19,Capital Link LNG/LPG,CLLG,2109.16,2109.16,2109.16,2109.16,0.0,0.18
2006-10-20,Capital Link LNG/LPG,CLLG,2096.86,2096.86,2096.86,2096.86,0.0,-0.58
2006-10-23,Capital Link LNG/LPG,CLLG,2110.95,2110.95,2110.95,2110.95,0.0,0.67
2006-10-24,Capital Link LNG/LPG,CLLG,2103.23,2103.23,2103.23,2103.23,0.0,-0.37
2006-10-25,Capital Link LNG/LPG,CLLG,2092.3,2092.3,2092.3,2092.3,0.0,-0.52
2006-10-26,Capital Link LNG/LPG,CLLG,2108.61,2108.61,2108.61,2108.61,0.0,0.78
2006-10-27,Capital Link LNG/LPG,CLLG,2109.19,2109.19,2109.19,2109.19,0.0,0.03
2006-10-30,Capital Link LNG/LPG,CLLG,2121.39,2121.39,2121.39,2121.39,0.0,0.58
2006-10-31,Capital Link LNG/LPG,CLLG,2101.69,2101.69,2101.69,2101.69,0.0,-0.93
2006-11-01,Capital Link LNG/LPG,CLLG,2112.02,2112.02,2112.02,2112.02,0.0,0.49
2006-11-02,Capital Link LNG/LPG,CLLG,2099.15,2099.15,2099.15,2099.15,0.0,-0.61
2006-11-03,Capital Link LNG/LPG,CLLG,2113.8,2113.8,2113.8,2113.8,0.0,0.7
2006-11-06,Capital Link LNG/LPG,CLLG,2115.52,2115.52,2115.52,2115.52,0.0,0.08
2006-11-07,Capital Link LNG/LPG,CLLG,2138.03,2138.03,2138.03,2138.03,0.0,1.06
2006-11-08,Capital Link LNG/LPG,CLLG,2141.59,2141.59,2141.59,2141.59,0.0,0.17
2006-11-09,Capital Link LNG/LPG,CLLG,2147.72,2147.72,2147.72,2147.72,0.0,0.29
2006-11-10,Capital Link LNG/LPG,CLLG,2139.38,2139.38,2139.38,2139.38,0.0,-0.39
2006-11-13,Capital Link LNG/LPG,CLLG,2159.02,2159.02,2159.02,2159.02,0.0,0.92
2006-11-14,Capital Link LNG/LPG,CLLG,2158.82,2158.82,2158.82,2158.82,0.0,-0.01
2006-11-15,Capital Link LNG/LPG,CLLG,2159.05,2159.05,2159.05,2159.05,0.0,0.01
2006-11-16,Capital Link LNG/LPG,CLLG,2149.55,2149.55,2149.55,2149.55,0.0,-0.44
2006-11-17,Capital Link LNG/LPG,CLLG,2145.84,2145.84,2145.84,2145.84,0.0,-0.17
2006-11-20,Capital Link LNG/LPG,CLLG,2145.83,2145.83,2145.83,2145.83,0.0,0.0
2006-11-21,Capital Link LNG/LPG,CLLG,2138.11,2138.11,2138.11,2138.11,0.0,-0.36
2006-11-22,Capital Link LNG/LPG,CLLG,2119.43,2119.43,2119.43,2119.43,0.0,-0.87
2006-11-24,Capital Link LNG/LPG,CLLG,2148.83,2148.83,2148.83,2148.83,0.0,1.39
2006-11-27,Capital Link LNG/LPG,CLLG,2171.94,2171.94,2171.94,2171.94,0.0,1.08
2006-11-28,Capital Link LNG/LPG,CLLG,2178.46,2178.46,2178.46,2178.46,0.0,0.3
2006-11-29,Capital Link LNG/LPG,CLLG,2185.57,2185.57,2185.57,2185.57,0.0,0.33
2006-11-30,Capital Link LNG/LPG,CLLG,2183.77,2183.77,2183.77,2183.77,0.0,-0.08
2006-12-01,Capital Link LNG/LPG,CLLG,2175.39,2175.39,2175.39,2175.39,0.0,-0.38
2006-12-04,Capital Link LNG/LPG,CLLG,2156.24,2156.24,2156.24,2156.24,0.0,-0.88
2006-12-05,Capital Link LNG/LPG,CLLG,2173.13,2173.13,2173.13,2173.13,0.0,0.78
2006-12-06,Capital Link LNG/LPG,CLLG,2242.68,2242.68,2242.68,2242.68,0.0,3.2
2006-12-07,Capital Link LNG/LPG,CLLG,2250.39,2250.39,2250.39,2250.39,0.0,0.34
2006-12-08,Capital Link LNG/LPG,CLLG,2234.87,2234.87,2234.87,2234.87,0.0,-0.69
2006-12-11,Capital Link LNG/LPG,CLLG,2245.97,2245.97,2245.97,2245.97,0.0,0.5
2006-12-12,Capital Link LNG/LPG,CLLG,2267.21,2267.21,2267.21,2267.21,0.0,0.95
2006-12-13,Capital Link LNG/LPG,CLLG,2278.79,2278.79,2278.79,2278.79,0.0,0.51
2006-12-14,Capital Link LNG/LPG,CLLG,2298.38,2298.38,2298.38,2298.38,0.0,0.86
2006-12-15,Capital Link LNG/LPG,CLLG,2333.91,2333.91,2333.91,2333.91,0.0,1.55
2006-12-18,Capital Link LNG/LPG,CLLG,2346.46,2346.46,2346.46,2346.46,0.0,0.54
2006-12-19,Capital Link LNG/LPG,CLLG,2347.88,2347.88,2347.88,2347.88,0.0,0.06
2006-12-20,Capital Link LNG/LPG,CLLG,2335.48,2335.48,2335.48,2335.48,0.0,-0.53
2006-12-21,Capital Link LNG/LPG,CLLG,2310.45,2310.45,2310.45,2310.45,0.0,-1.07
2006-12-22,Capital Link LNG/LPG,CLLG,2281.77,2281.77,2281.77,2281.77,0.0,-1.24
2006-12-26,Capital Link LNG/LPG,CLLG,2256.25,2256.25,2256.25,2256.25,0.0,-1.12
2006-12-27,Capital Link LNG/LPG,CLLG,2254.08,2254.08,2254.08,2254.08,0.0,-0.1
2006-12-28,Capital Link LNG/LPG,CLLG,2255.77,2255.77,2255.77,2255.77,0.0,0.07
2006-12-29,Capital Link LNG/LPG,CLLG,2286.19,2286.19,2286.19,2286.19,0.0,1.35
2007-01-03,Capital Link LNG/LPG,CLLG,2299.91,2299.91,2299.91,2299.91,0.0,0.6
2007-01-04,Capital Link LNG/LPG,CLLG,2315.35,2315.35,2315.35,2315.35,0.0,0.67
2007-01-05,Capital Link LNG/LPG,CLLG,2287.28,2287.28,2287.28,2287.28,0.0,-1.21
2007-01-08,Capital Link LNG/LPG,CLLG,2282.4,2282.4,2282.4,2282.4,0.0,-0.21
2007-01-09,Capital Link LNG/LPG,CLLG,2291.41,2291.41,2291.41,2291.41,0.0,0.39
2007-01-10,Capital Link LNG/LPG,CLLG,2310.4,2310.4,2310.4,2310.4,0.0,0.83
2007-01-11,Capital Link LNG/LPG,CLLG,2315.88,2315.88,2315.88,2315.88,0.0,0.24
2007-01-12,Capital Link LNG/LPG,CLLG,2290.95,2290.95,2290.95,2290.95,0.0,-1.08
2007-01-16,Capital Link LNG/LPG,CLLG,2266.53,2266.53,2266.53,2266.53,0.0,-1.07
2007-01-17,Capital Link LNG/LPG,CLLG,2258.35,2258.35,2258.35,2258.35,0.0,-0.36
2007-01-18,Capital Link LNG/LPG,CLLG,2252.66,2252.66,2252.66,2252.66,0.0,-0.25
2007-01-19,Capital Link LNG/LPG,CLLG,2253.44,2253.44,2253.44,2253.44,0.0,0.03
2007-01-22,Capital Link LNG/LPG,CLLG,2245.23,2245.23,2245.23,2245.23,0.0,-0.36
2007-01-23,Capital Link LNG/LPG,CLLG,2294.34,2294.34,2294.34,2294.34,0.0,2.19
2007-01-24,Capital Link LNG/LPG,CLLG,2319.59,2319.59,2319.59,2319.59,0.0,1.1
2007-01-25,Capital Link LNG/LPG,CLLG,2281.06,2281.06,2281.06,2281.06,0.0,-1.66
2007-01-26,Capital Link LNG/LPG,CLLG,2290.19,2290.19,2290.19,2290.19,0.0,0.4
2007-01-29,Capital Link LNG/LPG,CLLG,2316.33,2316.33,2316.33,2316.33,0.0,1.14
2007-01-30,Capital Link LNG/LPG,CLLG,2331.65,2331.65,2331.65,2331.65,0.0,0.66
2007-01-31,Capital Link LNG/LPG,CLLG,2344.1,2344.1,2344.1,2344.1,0.0,0.53
2007-02-01,Capital Link LNG/LPG,CLLG,2379.63,2379.63,2379.63,2379.63,0.0,1.52
2007-02-02,Capital Link LNG/LPG,CLLG,2461.44,2461.44,2461.44,2461.44,0.0,3.44
2007-02-05,Capital Link LNG/LPG,CLLG,2496.64,2496.64,2496.64,2496.64,0.0,1.43
2007-02-06,Capital Link LNG/LPG,CLLG,2528.2,2528.2,2528.2,2528.2,0.0,1.26
2007-02-07,Capital Link LNG/LPG,CLLG,2543.37,2543.37,2543.37,2543.37,0.0,0.6
2007-02-08,Capital Link LNG/LPG,CLLG,2560.22,2560.22,2560.22,2560.22,0.0,0.66
2007-02-09,Capital Link LNG/LPG,CLLG,2611.74,2611.74,2611.74,2611.74,0.0,2.01
2007-02-12,Capital Link LNG/LPG,CLLG,2571.83,2571.83,2571.83,2571.83,0.0,-1.53
2007-02-13,Capital Link LNG/LPG,CLLG,2557.97,2557.97,2557.97,2557.97,0.0,-0.54
2007-02-14,Capital Link LNG/LPG,CLLG,2552.15,2552.15,2552.15,2552.15,0.0,-0.23
2007-02-15,Capital Link LNG/LPG,CLLG,2527.62,2527.62,2527.62,2527.62,0.0,-0.96
2007-02-16,Capital Link LNG/LPG,CLLG,2532.44,2532.44,2532.44,2532.44,0.0,0.19
2007-02-20,Capital Link LNG/LPG,CLLG,2538.99,2538.99,2538.99,2538.99,0.0,0.26
2007-02-21,Capital Link LNG/LPG,CLLG,2528.16,2528.16,2528.16,2528.16,0.0,-0.43
2007-02-22,Capital Link LNG/LPG,CLLG,2534.97,2534.97,2534.97,2534.97,0.0,0.27
2007-02-23,Capital Link LNG/LPG,CLLG,2540.59,2540.59,2540.59,2540.59,0.0,0.22
2007-02-26,Capital Link LNG/LPG,CLLG,2536.5,2536.5,2536.5,2536.5,0.0,-0.16
2007-02-27,Capital Link LNG/LPG,CLLG,2526.19,2526.19,2526.19,2526.19,0.0,-0.41
2007-02-28,Capital Link LNG/LPG,CLLG,2554.9,2554.9,2554.9,2554.9,0.0,1.14
2007-03-01,Capital Link LNG/LPG,CLLG,2557.53,2557.53,2557.53,2557.53,0.0,0.1
2007-03-02,Capital Link LNG/LPG,CLLG,2543.31,2543.31,2543.31,2543.31,0.0,-0.56
2007-03-05,Capital Link LNG/LPG,CLLG,2513.97,2513.97,2513.97,2513.97,0.0,-1.15
2007-03-06,Capital Link LNG/LPG,CLLG,2525.4,2525.4,2525.4,2525.4,0.0,0.45
2007-03-07,Capital Link LNG/LPG,CLLG,2528.32,2528.32,2528.32,2528.32,0.0,0.12
2007-03-08,Capital Link LNG/LPG,CLLG,2530.15,2530.15,2530.15,2530.15,0.0,0.07
2007-03-09,Capital Link LNG/LPG,CLLG,2539.52,2539.52,2539.52,2539.52,0.0,0.37
2007-03-12,Capital Link LNG/LPG,CLLG,2543.82,2543.82,2543.82,2543.82,0.0,0.17
2007-03-13,Capital Link LNG/LPG,CLLG,2529.44,2529.44,2529.44,2529.44,0.0,-0.57
2007-03-14,Capital Link LNG/LPG,CLLG,2520.49,2520.49,2520.49,2520.49,0.0,-0.35
2007-03-15,Capital Link LNG/LPG,CLLG,2523.79,2523.79,2523.79,2523.79,0.0,0.13
2007-03-16,Capital Link LNG/LPG,CLLG,2558.71,2558.71,2558.71,2558.71,0.0,1.38
2007-03-19,Capital Link LNG/LPG,CLLG,2544.6,2544.6,2544.6,2544.6,0.0,-0.55
2007-03-20,Capital Link LNG/LPG,CLLG,2545.23,2545.23,2545.23,2545.23,0.0,0.02
2007-03-21,Capital Link LNG/LPG,CLLG,2551.69,2551.69,2551.69,2551.69,0.0,0.25
2007-03-22,Capital Link LNG/LPG,CLLG,2558.87,2558.87,2558.87,2558.87,0.0,0.28
2007-03-23,Capital Link LNG/LPG,CLLG,2583.62,2583.62,2583.62,2583.62,0.0,0.97
2007-03-26,Capital Link LNG/LPG,CLLG,2569.02,2569.02,2569.02,2569.02,0.0,-0.57
2007-03-27,Capital Link LNG/LPG,CLLG,2519.2,2519.2,2519.2,2519.2,0.0,-1.94
2007-03-28,Capital Link LNG/LPG,CLLG,2569.85,2569.85,2569.85,2569.85,0.0,2.01
2007-03-29,Capital Link LNG/LPG,CLLG,2581.83,2581.83,2581.83,2581.83,0.0,0.47
2007-03-30,Capital Link LNG/LPG,CLLG,2580.53,2580.53,2580.53,2580.53,0.0,-0.05
2007-04-02,Capital Link LNG/LPG,CLLG,2579.21,2579.21,2579.21,2579.21,0.0,-0.05
2007-04-03,Capital Link LNG/LPG,CLLG,2573.44,2573.44,2573.44,2573.44,0.0,-0.22
2007-04-04,Capital Link LNG/LPG,CLLG,2602.39,2602.39,2602.39,2602.39,0.0,1.12
2007-04-05,Capital Link LNG/LPG,CLLG,2605.79,2605.79,2605.79,2605.79,0.0,0.13
2007-04-09,Capital Link LNG/LPG,CLLG,2617.84,2617.84,2617.84,2617.84,0.0,0.46
2007-04-10,Capital Link LNG/LPG,CLLG,2617.43,2617.43,2617.43,2617.43,0.0,-0.02
2007-04-11,Capital Link LNG/LPG,CLLG,2621.96,2621.96,2621.96,2621.96,0.0,0.17
2007-04-12,Capital Link LNG/LPG,CLLG,2672.33,2672.33,2672.33,2672.33,0.0,1.92
2007-04-13,Capital Link LNG/LPG,CLLG,2647.74,2647.74,2647.74,2647.74,0.0,-0.92
2007-04-16,Capital Link LNG/LPG,CLLG,2635.73,2635.73,2635.73,2635.73,0.0,-0.45
2007-04-17,Capital Link LNG/LPG,CLLG,2623.43,2623.43,2623.43,2623.43,0.0,-0.47
2007-04-18,Capital Link LNG/LPG,CLLG,2626.02,2626.02,2626.02,2626.02,0.0,0.1
2007-04-19,Capital Link LNG/LPG,CLLG,2621.48,2621.48,2621.48,2621.48,0.0,-0.17
2007-04-20,Capital Link LNG/LPG,CLLG,2628.8,2628.8,2628.8,2628.8,0.0,0.28
2007-04-23,Capital Link LNG/LPG,CLLG,2675.12,2675.12,2675.12,2675.12,0.0,1.76
2007-04-24,Capital Link LNG/LPG,CLLG,2658.84,2658.84,2658.84,2658.84,0.0,-0.61
2007-04-25,Capital Link LNG/LPG,CLLG,2735.48,2735.48,2735.48,2735.48,0.0,2.88
2007-04-26,Capital Link LNG/LPG,CLLG,2732.99,2732.99,2732.99,2732.99,0.0,-0.09
2007-04-27,Capital Link LNG/LPG,CLLG,2652.97,2652.97,2652.97,2652.97,0.0,-2.93
2007-04-30,Capital Link LNG/LPG,CLLG,2664.11,2664.11,2664.11,2664.11,0.0,0.42
2007-05-01,Capital Link LNG/LPG,CLLG,2644.23,2644.23,2644.23,2644.23,0.0,-0.75
2007-05-02,Capital Link LNG/LPG,CLLG,2639.77,2639.77,2639.77,2639.77,0.0,-0.17
2007-05-03,Capital Link LNG/LPG,CLLG,2650.54,2650.54,2650.54,2650.54,0.0,0.41
2007-05-04,Capital Link LNG/LPG,CLLG,2655.52,2655.52,2655.52,2655.52,0.0,0.19
2007-05-07,Capital Link LNG/LPG,CLLG,2679.38,2679.38,2679.38,2679.38,0.0,0.9
2007-05-08,Capital Link LNG/LPG,CLLG,2643.08,2643.08,2643.08,2643.08,0.0,-1.35
2007-05-09,Capital Link LNG/LPG,CLLG,2666.48,2666.48,2666.48,2666.48,0.0,0.89
2007-05-10,Capital Link LNG/LPG,CLLG,2672.31,2672.31,2672.31,2672.31,0.0,0.22
2007-05-11,Capital Link LNG/LPG,CLLG,2680.98,2680.98,2680.98,2680.98,0.0,0.32
2007-05-14,Capital Link LNG/LPG,CLLG,2684.77,2684.77,2684.77,2684.77,0.0,0.14
2007-05-15,Capital Link LNG/LPG,CLLG,2653.82,2653.82,2653.82,2653.82,0.0,-1.15
2007-05-16,Capital Link LNG/LPG,CLLG,2650.14,2650.14,2650.14,2650.14,0.0,-0.14
2007-05-17,Capital Link LNG/LPG,CLLG,2638.58,2638.58,2638.58,2638.58,0.0,-0.44
2007-05-18,Capital Link LNG/LPG,CLLG,2642.12,2642.12,2642.12,2642.12,0.0,0.13
2007-05-21,Capital Link LNG/LPG,CLLG,2626.22,2626.22,2626.22,2626.22,0.0,-0.6
2007-05-22,Capital Link LNG/LPG,CLLG,2622.79,2622.79,2622.79,2622.79,0.0,-0.13
2007-05-23,Capital Link LNG/LPG,CLLG,2621.47,2621.47,2621.47,2621.47,0.0,-0.05
2007-05-24,Capital Link LNG/LPG,CLLG,2530.27,2530.27,2530.27,2530.27,0.0,-3.48
2007-05-25,Capital Link LNG/LPG,CLLG,2549.24,2549.24,2549.24,2549.24,0.0,0.75
2007-05-29,Capital Link LNG/LPG,CLLG,2587.44,2587.44,2587.44,2587.44,0.0,1.5
2007-05-30,Capital Link LNG/LPG,CLLG,2589.78,2589.78,2589.78,2589.78,0.0,0.09
2007-05-31,Capital Link LNG/LPG,CLLG,2583.27,2583.27,2583.27,2583.27,0.0,-0.25
2007-06-01,Capital Link LNG/LPG,CLLG,2589.48,2589.48,2589.48,2589.48,0.0,0.24
2007-06-04,Capital Link LNG/LPG,CLLG,2615.13,2615.13,2615.13,2615.13,0.0,0.99
2007-06-05,Capital Link LNG/LPG,CLLG,2600.9,2600.9,2600.9,2600.9,0.0,-0.54
2007-06-06,Capital Link LNG/LPG,CLLG,2589.77,2589.77,2589.77,2589.77,0.0,-0.43
2007-06-07,Capital Link LNG/LPG,CLLG,2533.95,2533.95,2533.95,2533.95,0.0,-2.16
2007-06-08,Capital Link LNG/LPG,CLLG,2554.02,2554.02,2554.02,2554.02,0.0,0.79
2007-06-11,Capital Link LNG/LPG,CLLG,2574.42,2574.42,2574.42,2574.42,0.0,0.8
2007-06-12,Capital Link LNG/LPG,CLLG,2552.74,2552.74,2552.74,2552.74,0.0,-0.84
2007-06-13,Capital Link LNG/LPG,CLLG,2575.44,2575.44,2575.44,2575.44,0.0,0.89
2007-06-14,Capital Link LNG/LPG,CLLG,2593.79,2593.79,2593.79,2593.79,0.0,0.71
2007-06-15,Capital Link LNG/LPG,CLLG,2621.02,2621.02,2621.02,2621.02,0.0,1.05
2007-06-18,Capital Link LNG/LPG,CLLG,2603.48,2603.48,2603.48,2603.48,0.0,-0.67
2007-06-19,Capital Link LNG/LPG,CLLG,2587.2,2587.2,2587.2,2587.2,0.0,-0.63
2007-06-20,Capital Link LNG/LPG,CLLG,2571.98,2571.98,2571.98,2571.98,0.0,-0.59
2007-06-21,Capital Link LNG/LPG,CLLG,2572.97,2572.97,2572.97,2572.97,0.0,0.04
2007-06-22,Capital Link LNG/LPG,CLLG,2559.15,2559.15,2559.15,2559.15,0.0,-0.54
2007-06-25,Capital Link LNG/LPG,CLLG,2580.46,2580.46,2580.46,2580.46,0.0,0.83
2007-06-26,Capital Link LNG/LPG,CLLG,2590.53,2590.53,2590.53,2590.53,0.0,0.39
2007-06-27,Capital Link LNG/LPG,CLLG,2584.67,2584.67,2584.67,2584.67,0.0,-0.23
2007-06-28,Capital Link LNG/LPG,CLLG,2584.7,2584.7,2584.7,2584.7,0.0,0.0
2007-06-29,Capital Link LNG/LPG,CLLG,2586.39,2586.39,2586.39,2586.39,0.0,0.07
2007-07-02,Capital Link LNG/LPG,CLLG,2628.4,2628.4,2628.4,2628.4,0.0,1.62
2007-07-03,Capital Link LNG/LPG,CLLG,2663.12,2663.12,2663.12,2663.12,0.0,1.32
2007-07-05,Capital Link LNG/LPG,CLLG,2641.89,2641.89,2641.89,2641.89,0.0,-0.8
2007-07-06,Capital Link LNG/LPG,CLLG,2693.27,2693.27,2693.27,2693.27,0.0,1.94
2007-07-09,Capital Link LNG/LPG,CLLG,2687.64,2687.64,2687.64,2687.64,0.0,-0.21
2007-07-10,Capital Link LNG/LPG,CLLG,2702.56,2702.56,2702.56,2702.56,0.0,0.56
2007-07-11,Capital Link LNG/LPG,CLLG,2750.58,2750.58,2750.58,2750.58,0.0,1.78
2007-07-12,Capital Link LNG/LPG,CLLG,2717.52,2717.52,2717.52,2717.52,0.0,-1.2
2007-07-13,Capital Link LNG/LPG,CLLG,2690.2,2690.2,2690.2,2690.2,0.0,-1.01
2007-07-16,Capital Link LNG/LPG,CLLG,2696.4,2696.4,2696.4,2696.4,0.0,0.23
2007-07-17,Capital Link LNG/LPG,CLLG,2687.07,2687.07,2687.07,2687.07,0.0,-0.35
2007-07-18,Capital Link LNG/LPG,CLLG,2704.36,2704.36,2704.36,2704.36,0.0,0.64
2007-07-19,Capital Link LNG/LPG,CLLG,2665.52,2665.52,2665.52,2665.52,0.0,-1.44
2007-07-20,Capital Link LNG/LPG,CLLG,2654.04,2654.04,2654.04,2654.04,0.0,-0.43
2007-07-23,Capital Link LNG/LPG,CLLG,2640.75,2640.75,2640.75,2640.75,0.0,-0.5
2007-07-24,Capital Link LNG/LPG,CLLG,2577.15,2577.15,2577.15,2577.15,0.0,-2.41
2007-07-25,Capital Link LNG/LPG,CLLG,2586.43,2586.43,2586.43,2586.43,0.0,0.36
2007-07-26,Capital Link LNG/LPG,CLLG,2539.15,2539.15,2539.15,2539.15,0.0,-1.83
2007-07-27,Capital Link LNG/LPG,CLLG,2545.11,2545.11,2545.11,2545.11,0.0,0.23
2007-07-30,Capital Link LNG/LPG,CLLG,2532.48,2532.48,2532.48,2532.48,0.0,-0.5
2007-07-31,Capital Link LNG/LPG,CLLG,2528.82,2528.82,2528.82,2528.82,0.0,-0.14
2007-08-01,Capital Link LNG/LPG,CLLG,2551.33,2551.33,2551.33,2551.33,0.0,0.89
2007-08-02,Capital Link LNG/LPG,CLLG,2564.49,2564.49,2564.49,2564.49,0.0,0.52
2007-08-03,Capital Link LNG/LPG,CLLG,2499.04,2499.04,2499.04,2499.04,0.0,-2.55
2007-08-06,Capital Link LNG/LPG,CLLG,2479.36,2479.36,2479.36,2479.36,0.0,-0.79
2007-08-07,Capital Link LNG/LPG,CLLG,2551.3,2551.3,2551.3,2551.3,0.0,2.9
2007-08-08,Capital Link LNG/LPG,CLLG,2572.54,2572.54,2572.54,2572.54,0.0,0.83
2007-08-09,Capital Link LNG/LPG,CLLG,2564.07,2564.07,2564.07,2564.07,0.0,-0.33
2007-08-10,Capital Link LNG/LPG,CLLG,2534.47,2534.47,2534.47,2534.47,0.0,-1.15
2007-08-13,Capital Link LNG/LPG,CLLG,2524.25,2524.25,2524.25,2524.25,0.0,-0.4
2007-08-14,Capital Link LNG/LPG,CLLG,2511.58,2511.58,2511.58,2511.58,0.0,-0.5
2007-08-15,Capital Link LNG/LPG,CLLG,2507.8,2507.8,2507.8,2507.8,0.0,-0.15
2007-08-16,Capital Link LNG/LPG,CLLG,2519.42,2519.42,2519.42,2519.42,0.0,0.46
2007-08-17,Capital Link LNG/LPG,CLLG,2541.76,2541.76,2541.76,2541.76,0.0,0.89
2007-08-20,Capital Link LNG/LPG,CLLG,2493.64,2493.64,2493.64,2493.64,0.0,-1.89
2007-08-21,Capital Link LNG/LPG,CLLG,2443.84,2443.84,2443.84,2443.84,0.0,-2.0
2007-08-22,Capital Link LNG/LPG,CLLG,2485.02,2485.02,2485.02,2485.02,0.0,1.69
2007-08-23,Capital Link LNG/LPG,CLLG,2494.68,2494.68,2494.68,2494.68,0.0,0.39
2007-08-24,Capital Link LNG/LPG,CLLG,2523.44,2523.44,2523.44,2523.44,0.0,1.15
2007-08-27,Capital Link LNG/LPG,CLLG,2518.26,2518.26,2518.26,2518.26,0.0,-0.21
2007-08-28,Capital Link LNG/LPG,CLLG,2488.9,2488.9,2488.9,2488.9,0.0,-1.17
2007-08-29,Capital Link LNG/LPG,CLLG,2540.95,2540.95,2540.95,2540.95,0.0,2.09
2007-08-30,Capital Link LNG/LPG,CLLG,2513.05,2513.05,2513.05,2513.05,0.0,-1.1
2007-08-31,Capital Link LNG/LPG,CLLG,2536.08,2536.08,2536.08,2536.08,0.0,0.92
2007-09-04,Capital Link LNG/LPG,CLLG,2563.05,2563.05,2563.05,2563.05,0.0,1.06
2007-09-05,Capital Link LNG/LPG,CLLG,2553.47,2553.47,2553.47,2553.47,0.0,-0.37
2007-09-06,Capital Link LNG/LPG,CLLG,2533.5,2533.5,2533.5,2533.5,0.0,-0.78
2007-09-07,Capital Link LNG/LPG,CLLG,2564.34,2564.34,2564.34,2564.34,0.0,1.22
2007-09-10,Capital Link LNG/LPG,CLLG,2517.92,2517.92,2517.92,2517.92,0.0,-1.81
2007-09-11,Capital Link LNG/LPG,CLLG,2518.31,2518.31,2518.31,2518.31,0.0,0.02
2007-09-12,Capital Link LNG/LPG,CLLG,2511.7,2511.7,2511.7,2511.7,0.0,-0.26
2007-09-13,Capital Link LNG/LPG,CLLG,2426.41,2426.41,2426.41,2426.41,0.0,-3.4
2007-09-14,Capital Link LNG/LPG,CLLG,2541.87,2541.87,2541.87,2541.87,0.0,4.76
2007-09-17,Capital Link LNG/LPG,CLLG,2549.82,2549.82,2549.82,2549.82,0.0,0.31
2007-09-18,Capital Link LNG/LPG,CLLG,2574.51,2574.51,2574.51,2574.51,0.0,0.97
2007-09-19,Capital Link LNG/LPG,CLLG,2667.24,2667.24,2667.24,2667.24,0.0,3.6
2007-09-20,Capital Link LNG/LPG,CLLG,2660.14,2660.14,2660.14,2660.14,0.0,-0.27
2007-09-21,Capital Link LNG/LPG,CLLG,2692.44,2692.44,2692.44,2692.44,0.0,1.21
2007-09-24,Capital Link LNG/LPG,CLLG,2681.18,2681.18,2681.18,2681.18,0.0,-0.42
2007-09-25,Capital Link LNG/LPG,CLLG,2678.41,2678.41,2678.41,2678.41,0.0,-0.1
2007-09-26,Capital Link LNG/LPG,CLLG,2654.46,2654.46,2654.46,2654.46,0.0,-0.89
2007-09-27,Capital Link LNG/LPG,CLLG,2636.88,2636.88,2636.88,2636.88,0.0,-0.66
2007-09-28,Capital Link LNG/LPG,CLLG,2635.41,2635.41,2635.41,2635.41,0.0,-0.06
2007-10-01,Capital Link LNG/LPG,CLLG,2753.36,2753.36,2753.36,2753.36,0.0,4.48
2007-10-02,Capital Link LNG/LPG,CLLG,2785.25,2785.25,2785.25,2785.25,0.0,1.16
2007-10-03,Capital Link LNG/LPG,CLLG,2731.9,2731.9,2731.9,2731.9,0.0,-1.92
2007-10-04,Capital Link LNG/LPG,CLLG,2782.11,2782.11,2782.11,2782.11,0.0,1.84
2007-10-05,Capital Link LNG/LPG,CLLG,2758.87,2758.87,2758.87,2758.87,0.0,-0.84
2007-10-08,Capital Link LNG/LPG,CLLG,2796.62,2796.62,2796.62,2796.62,0.0,1.37
2007-10-09,Capital Link LNG/LPG,CLLG,2813.73,2813.73,2813.73,2813.73,0.0,0.61
2007-10-10,Capital Link LNG/LPG,CLLG,2832.1,2832.1,2832.1,2832.1,0.0,0.65
2007-10-11,Capital Link LNG/LPG,CLLG,2800.55,2800.55,2800.55,2800.55,0.0,-1.11
2007-10-12,Capital Link LNG/LPG,CLLG,2796.88,2796.88,2796.88,2796.88,0.0,-0.13
2007-10-15,Capital Link LNG/LPG,CLLG,2736.83,2736.83,2736.83,2736.83,0.0,-2.15
2007-10-16,Capital Link LNG/LPG,CLLG,2732.11,2732.11,2732.11,2732.11,0.0,-0.17
2007-10-17,Capital Link LNG/LPG,CLLG,2691.58,2691.58,2691.58,2691.58,0.0,-1.48
2007-10-18,Capital Link LNG/LPG,CLLG,2722.08,2722.08,2722.08,2722.08,0.0,1.13
2007-10-19,Capital Link LNG/LPG,CLLG,2615.04,2615.04,2615.04,2615.04,0.0,-3.93
2007-10-22,Capital Link LNG/LPG,CLLG,2636.26,2636.26,2636.26,2636.26,0.0,0.81
2007-10-23,Capital Link LNG/LPG,CLLG,2708.88,2708.88,2708.88,2708.88,0.0,2.75
2007-10-24,Capital Link LNG/LPG,CLLG,2701.88,2701.88,2701.88,2701.88,0.0,-0.26
2007-10-25,Capital Link LNG/LPG,CLLG,2722.55,2722.55,2722.55,2722.55,0.0,0.77
2007-10-26,Capital Link LNG/LPG,CLLG,2754.34,2754.34,2754.34,2754.34,0.0,1.17
2007-10-29,Capital Link LNG/LPG,CLLG,2773.5,2773.5,2773.5,2773.5,0.0,0.7
2007-10-30,Capital Link LNG/LPG,CLLG,2745.91,2745.91,2745.91,2745.91,0.0,-0.99
2007-10-31,Capital Link LNG/LPG,CLLG,2785.06,2785.06,2785.06,2785.06,0.0,1.43
2007-11-01,Capital Link LNG/LPG,CLLG,2740.04,2740.04,2740.04,2740.04,0.0,-1.62
2007-11-02,Capital Link LNG/LPG,CLLG,2757.26,2757.26,2757.26,2757.26,0.0,0.63
2007-11-05,Capital Link LNG/LPG,CLLG,2692.69,2692.69,2692.69,2692.69,0.0,-2.34
2007-11-06,Capital Link LNG/LPG,CLLG,2765.38,2765.38,2765.38,2765.38,0.0,2.7
2007-11-07,Capital Link LNG/LPG,CLLG,2681.83,2681.83,2681.83,2681.83,0.0,-3.02
2007-11-08,Capital Link LNG/LPG,CLLG,2662.25,2662.25,2662.25,2662.25,0.0,-0.73
2007-11-09,Capital Link LNG/LPG,CLLG,2638.34,2638.34,2638.34,2638.34,0.0,-0.9
2007-11-12,Capital Link LNG/LPG,CLLG,2599.18,2599.18,2599.18,2599.18,0.0,-1.48
2007-11-13,Capital Link LNG/LPG,CLLG,2644.22,2644.22,2644.22,2644.22,0.0,1.73
2007-11-14,Capital Link LNG/LPG,CLLG,2634.55,2634.55,2634.55,2634.55,0.0,-0.37
2007-11-15,Capital Link LNG/LPG,CLLG,2612.79,2612.79,2612.79,2612.79,0.0,-0.83
2007-11-16,Capital Link LNG/LPG,CLLG,2561.81,2561.81,2561.81,2561.81,0.0,-1.95
2007-11-19,Capital Link LNG/LPG,CLLG,2302.48,2302.48,2302.48,2302.48,0.0,-10.12
2007-11-20,Capital Link LNG/LPG,CLLG,2300.55,2300.55,2300.55,2300.55,0.0,-0.08
2007-11-21,Capital Link LNG/LPG,CLLG,2311.49,2311.49,2311.49,2311.49,0.0,0.48
2007-11-23,Capital Link LNG/LPG,CLLG,2337.62,2337.62,2337.62,2337.62,0.0,1.13
2007-11-26,Capital Link LNG/LPG,CLLG,2299.38,2299.38,2299.38,2299.38,0.0,-1.64
2007-11-27,Capital Link LNG/LPG,CLLG,2277.63,2277.63,2277.63,2277.63,0.0,-0.95
2007-11-28,Capital Link LNG/LPG,CLLG,2341.38,2341.38,2341.38,2341.38,0.0,2.8
2007-11-29,Capital Link LNG/LPG,CLLG,2316.66,2316.66,2316.66,2316.66,0.0,-1.06
2007-11-30,Capital Link LNG/LPG,CLLG,2395.71,2395.71,2395.71,2395.71,0.0,3.41
2007-12-03,Capital Link LNG/LPG,CLLG,2370.6,2370.6,2370.6,2370.6,0.0,-1.05
2007-12-04,Capital Link LNG/LPG,CLLG,2348.43,2348.43,2348.43,2348.43,0.0,-0.94
2007-12-05,Capital Link LNG/LPG,CLLG,2402.05,2402.05,2402.05,2402.05,0.0,2.28
2007-12-06,Capital Link LNG/LPG,CLLG,2419.49,2419.49,2419.49,2419.49,0.0,0.73
2007-12-07,Capital Link LNG/LPG,CLLG,2413.97,2413.97,2413.97,2413.97,0.0,-0.23
2007-12-10,Capital Link LNG/LPG,CLLG,2475.5,2475.5,2475.5,2475.5,0.0,2.55
2007-12-11,Capital Link LNG/LPG,CLLG,2407.79,2407.79,2407.79,2407.79,0.0,-2.74
2007-12-12,Capital Link LNG/LPG,CLLG,2413.41,2413.41,2413.41,2413.41,0.0,0.23
2007-12-13,Capital Link LNG/LPG,CLLG,2366.85,2366.85,2366.85,2366.85,0.0,-1.93
2007-12-14,Capital Link LNG/LPG,CLLG,2315.26,2315.26,2315.26,2315.26,0.0,-2.18
2007-12-17,Capital Link LNG/LPG,CLLG,2280.96,2280.96,2280.96,2280.96,0.0,-1.48
2007-12-18,Capital Link LNG/LPG,CLLG,2344.11,2344.11,2344.11,2344.11,0.0,2.77
2007-12-19,Capital Link LNG/LPG,CLLG,2322.36,2322.36,2322.36,2322.36,0.0,-0.93
2007-12-20,Capital Link LNG/LPG,CLLG,2324.15,2324.15,2324.15,2324.15,0.0,0.08
2007-12-21,Capital Link LNG/LPG,CLLG,2423.33,2423.33,2423.33,2423.33,0.0,4.27
2007-12-24,Capital Link LNG/LPG,CLLG,2484.05,2484.05,2484.05,2484.05,0.0,2.51
2007-12-26,Capital Link LNG/LPG,CLLG,2457.48,2457.48,2457.48,2457.48,0.0,-1.07
2007-12-27,Capital Link LNG/LPG,CLLG,2433.53,2433.53,2433.53,2433.53,0.0,-0.97
2007-12-28,Capital Link LNG/LPG,CLLG,2424.7,2424.7,2424.7,2424.7,0.0,-0.36
2007-12-31,Capital Link LNG/LPG,CLLG,2419.35,2419.35,2419.35,2419.35,0.0,-0.22
2008-01-02,Capital Link LNG/LPG,CLLG,2451.92,2451.92,2451.92,2451.92,0.0,1.35
2008-01-03,Capital Link LNG/LPG,CLLG,2472.7,2472.7,2472.7,2472.7,0.0,0.85
2008-01-04,Capital Link LNG/LPG,CLLG,2442.23,2442.23,2442.23,2442.23,0.0,-1.23
2008-01-07,Capital Link LNG/LPG,CLLG,2448.34,2448.34,2448.34,2448.34,0.0,0.25
2008-01-08,Capital Link LNG/LPG,CLLG,2428.9,2428.9,2428.9,2428.9,0.0,-0.79
2008-01-09,Capital Link LNG/LPG,CLLG,2412.6,2412.6,2412.6,2412.6,0.0,-0.67
2008-01-10,Capital Link LNG/LPG,CLLG,2401.06,2401.06,2401.06,2401.06,0.0,-0.48
2008-01-11,Capital Link LNG/LPG,CLLG,2387.0,2387.0,2387.0,2387.0,0.0,-0.59
2008-01-14,Capital Link LNG/LPG,CLLG,2378.67,2378.67,2378.67,2378.67,0.0,-0.35
2008-01-15,Capital Link LNG/LPG,CLLG,2362.04,2362.04,2362.04,2362.04,0.0,-0.7
2008-01-16,Capital Link LNG/LPG,CLLG,2332.05,2332.05,2332.05,2332.05,0.0,-1.27
2008-01-17,Capital Link LNG/LPG,CLLG,2262.45,2262.45,2262.45,2262.45,0.0,-2.98
2008-01-18,Capital Link LNG/LPG,CLLG,2249.37,2249.37,2249.37,2249.37,0.0,-0.58
2008-01-22,Capital Link LNG/LPG,CLLG,2198.49,2198.49,2198.49,2198.49,0.0,-2.26
2008-01-23,Capital Link LNG/LPG,CLLG,2155.82,2155.82,2155.82,2155.82,0.0,-1.94
2008-01-24,Capital Link LNG/LPG,CLLG,2168.03,2168.03,2168.03,2168.03,0.0,0.57
2008-01-25,Capital Link LNG/LPG,CLLG,2152.54,2152.54,2152.54,2152.54,0.0,-0.71
2008-01-28,Capital Link LNG/LPG,CLLG,2238.24,2238.24,2238.24,2238.24,0.0,3.98
2008-01-29,Capital Link LNG/LPG,CLLG,2270.06,2270.06,2270.06,2270.06,0.0,1.42
2008-01-30,Capital Link LNG/LPG,CLLG,2286.84,2286.84,2286.84,2286.84,0.0,0.74
2008-01-31,Capital Link LNG/LPG,CLLG,2317.53,2317.53,2317.53,2317.53,0.0,1.34
2008-02-01,Capital Link LNG/LPG,CLLG,2387.1,2387.1,2387.1,2387.1,0.0,3.0
2008-02-04,Capital Link LNG/LPG,CLLG,2368.34,2368.34,2368.34,2368.34,0.0,-0.79
2008-02-05,Capital Link LNG/LPG,CLLG,2337.28,2337.28,2337.28,2337.28,0.0,-1.31
2008-02-06,Capital Link LNG/LPG,CLLG,2351.03,2351.03,2351.03,2351.03,0.0,0.59
2008-02-07,Capital Link LNG/LPG,CLLG,2382.01,2382.01,2382.01,2382.01,0.0,1.32
2008-02-08,Capital Link LNG/LPG,CLLG,2357.08,2357.08,2357.08,2357.08,0.0,-1.05
2008-02-11,Capital Link LNG/LPG,CLLG,2380.41,2380.41,2380.41,2380.41,0.0,0.99
2008-02-12,Capital Link LNG/LPG,CLLG,2384.94,2384.94,2384.94,2384.94,0.0,0.19
2008-02-13,Capital Link LNG/LPG,CLLG,2404.18,2404.18,2404.18,2404.18,0.0,0.81
2008-02-14,Capital Link LNG/LPG,CLLG,2395.38,2395.38,2395.38,2395.38,0.0,-0.37
2008-02-15,Capital Link LNG/LPG,CLLG,2360.79,2360.79,2360.79,2360.79,0.0,-1.44
2008-02-19,Capital Link LNG/LPG,CLLG,2418.83,2418.83,2418.83,2418.83,0.0,2.46
2008-02-20,Capital Link LNG/LPG,CLLG,2439.27,2439.27,2439.27,2439.27,0.0,0.85
2008-02-21,Capital Link LNG/LPG,CLLG,2441.57,2441.57,2441.57,2441.57,0.0,0.09
2008-02-22,Capital Link LNG/LPG,CLLG,2420.87,2420.87,2420.87,2420.87,0.0,-0.85
2008-02-25,Capital Link LNG/LPG,CLLG,2487.84,2487.84,2487.84,2487.84,0.0,2.77
2008-02-26,Capital Link LNG/LPG,CLLG,2465.21,2465.21,2465.21,2465.21,0.0,-0.91
2008-02-27,Capital Link LNG/LPG,CLLG,2392.99,2392.99,2392.99,2392.99,0.0,-2.93
2008-02-28,Capital Link LNG/LPG,CLLG,2323.89,2323.89,2323.89,2323.89,0.0,-2.89
2008-02-29,Capital Link LNG/LPG,CLLG,2320.14,2320.14,2320.14,2320.14,0.0,-0.16
2008-03-03,Capital Link LNG/LPG,CLLG,2282.69,2282.69,2282.69,2282.69,0.0,-1.61
2008-03-04,Capital Link LNG/LPG,CLLG,2287.44,2287.44,2287.44,2287.44,0.0,0.21
2008-03-05,Capital Link LNG/LPG,CLLG,2282.49,2282.49,2282.49,2282.49,0.0,-0.22
2008-03-06,Capital Link LNG/LPG,CLLG,2245.45,2245.45,2245.45,2245.45,0.0,-1.62
2008-03-07,Capital Link LNG/LPG,CLLG,2242.31,2242.31,2242.31,2242.31,0.0,-0.14
2008-03-10,Capital Link LNG/LPG,CLLG,2160.32,2160.32,2160.32,2160.32,0.0,-3.66
2008-03-11,Capital Link LNG/LPG,CLLG,2237.37,2237.37,2237.37,2237.37,0.0,3.57
2008-03-12,Capital Link LNG/LPG,CLLG,2154.7,2154.7,2154.7,2154.7,0.0,-3.69
2008-03-13,Capital Link LNG/LPG,CLLG,2167.01,2167.01,2167.01,2167.01,0.0,0.57
2008-03-14,Capital Link LNG/LPG,CLLG,2098.08,2098.08,2098.08,2098.08,0.0,-3.18
2008-03-17,Capital Link LNG/LPG,CLLG,2078.49,2078.49,2078.49,2078.49,0.0,-0.93
2008-03-18,Capital Link LNG/LPG,CLLG,2176.11,2176.11,2176.11,2176.11,0.0,4.7
2008-03-19,Capital Link LNG/LPG,CLLG,2095.02,2095.02,2095.02,2095.02,0.0,-3.73
2008-03-20,Capital Link LNG/LPG,CLLG,2116.88,2116.88,2116.88,2116.88,0.0,1.04
2008-03-24,Capital Link LNG/LPG,CLLG,2139.9,2139.9,2139.9,2139.9,0.0,1.09
2008-03-25,Capital Link LNG/LPG,CLLG,2131.03,2131.03,2131.03,2131.03,0.0,-0.41
2008-03-26,Capital Link LNG/LPG,CLLG,2204.87,2204.87,2204.87,2204.87,0.0,3.46
2008-03-27,Capital Link LNG/LPG,CLLG,2184.11,2184.11,2184.11,2184.11,0.0,-0.94
2008-03-28,Capital Link LNG/LPG,CLLG,2202.31,2202.31,2202.31,2202.31,0.0,0.83
2008-03-31,Capital Link LNG/LPG,CLLG,2225.01,2225.01,2225.01,2225.01,0.0,1.03
2008-04-01,Capital Link LNG/LPG,CLLG,2273.19,2273.19,2273.19,2273.19,0.0,2.17
2008-04-02,Capital Link LNG/LPG,CLLG,2252.43,2252.43,2252.43,2252.43,0.0,-0.91
2008-04-03,Capital Link LNG/LPG,CLLG,2271.72,2271.72,2271.72,2271.72,0.0,0.86
2008-04-04,Capital Link LNG/LPG,CLLG,2337.62,2337.62,2337.62,2337.62,0.0,2.9
2008-04-07,Capital Link LNG/LPG,CLLG,2360.84,2360.84,2360.84,2360.84,0.0,0.99
2008-04-08,Capital Link LNG/LPG,CLLG,2388.37,2388.37,2388.37,2388.37,0.0,1.17
2008-04-09,Capital Link LNG/LPG,CLLG,2344.01,2344.01,2344.01,2344.01,0.0,-1.86
2008-04-10,Capital Link LNG/LPG,CLLG,2335.8,2335.8,2335.8,2335.8,0.0,-0.35
2008-04-11,Capital Link LNG/LPG,CLLG,2316.87,2316.87,2316.87,2316.87,0.0,-0.81
2008-04-14,Capital Link LNG/LPG,CLLG,2324.84,2324.84,2324.84,2324.84,0.0,0.34
2008-04-15,Capital Link LNG/LPG,CLLG,2323.38,2323.38,2323.38,2323.38,0.0,-0.06
2008-04-16,Capital Link LNG/LPG,CLLG,2384.35,2384.35,2384.35,2384.35,0.0,2.62
2008-04-17,Capital Link LNG/LPG,CLLG,2310.11,2310.11,2310.11,2310.11,0.0,-3.11
2008-04-18,Capital Link LNG/LPG,CLLG,2314.68,2314.68,2314.68,2314.68,0.0,0.2
2008-04-21,Capital Link LNG/LPG,CLLG,2375.11,2375.11,2375.11,2375.11,0.0,2.61
2008-04-22,Capital Link LNG/LPG,CLLG,2334.88,2334.88,2334.88,2334.88,0.0,-1.69
2008-04-23,Capital Link LNG/LPG,CLLG,2338.74,2338.74,2338.74,2338.74,0.0,0.17
2008-04-24,Capital Link LNG/LPG,CLLG,2334.68,2334.68,2334.68,2334.68,0.0,-0.17
2008-04-25,Capital Link LNG/LPG,CLLG,2329.1,2329.1,2329.1,2329.1,0.0,-0.24
2008-04-28,Capital Link LNG/LPG,CLLG,2326.64,2326.64,2326.64,2326.64,0.0,-0.11
2008-04-29,Capital Link LNG/LPG,CLLG,2314.03,2314.03,2314.03,2314.03,0.0,-0.54
2008-04-30,Capital Link LNG/LPG,CLLG,2321.88,2321.88,2321.88,2321.88,0.0,0.34
2008-05-01,Capital Link LNG/LPG,CLLG,2354.88,2354.88,2354.88,2354.88,0.0,1.42
2008-05-02,Capital Link LNG/LPG,CLLG,2331.32,2331.32,2331.32,2331.32,0.0,-1.0
2008-05-05,Capital Link LNG/LPG,CLLG,2352.18,2352.18,2352.18,2352.18,0.0,0.89
2008-05-06,Capital Link LNG/LPG,CLLG,2302.93,2302.93,2302.93,2302.93,0.0,-2.09
2008-05-07,Capital Link LNG/LPG,CLLG,2274.1,2274.1,2274.1,2274.1,0.0,-1.25
2008-05-08,Capital Link LNG/LPG,CLLG,2288.29,2288.29,2288.29,2288.29,0.0,0.62
2008-05-09,Capital Link LNG/LPG,CLLG,2287.66,2287.66,2287.66,2287.66,0.0,-0.03
2008-05-12,Capital Link LNG/LPG,CLLG,2308.83,2308.83,2308.83,2308.83,0.0,0.93
2008-05-13,Capital Link LNG/LPG,CLLG,2292.71,2292.71,2292.71,2292.71,0.0,-0.7
2008-05-14,Capital Link LNG/LPG,CLLG,2378.37,2378.37,2378.37,2378.37,0.0,3.74
2008-05-15,Capital Link LNG/LPG,CLLG,2373.27,2373.27,2373.27,2373.27,0.0,-0.21
2008-05-16,Capital Link LNG/LPG,CLLG,2388.82,2388.82,2388.82,2388.82,0.0,0.66
2008-05-19,Capital Link LNG/LPG,CLLG,2389.47,2389.47,2389.47,2389.47,0.0,0.03
2008-05-20,Capital Link LNG/LPG,CLLG,2425.6,2425.6,2425.6,2425.6,0.0,1.51
2008-05-21,Capital Link LNG/LPG,CLLG,2423.17,2423.17,2423.17,2423.17,0.0,-0.1
2008-05-22,Capital Link LNG/LPG,CLLG,2395.51,2395.51,2395.51,2395.51,0.0,-1.14
2008-05-23,Capital Link LNG/LPG,CLLG,2372.68,2372.68,2372.68,2372.68,0.0,-0.95
2008-05-27,Capital Link LNG/LPG,CLLG,2373.22,2373.22,2373.22,2373.22,0.0,0.02
2008-05-28,Capital Link LNG/LPG,CLLG,2367.34,2367.34,2367.34,2367.34,0.0,-0.25
2008-05-29,Capital Link LNG/LPG,CLLG,2291.84,2291.84,2291.84,2291.84,0.0,-3.19
2008-05-30,Capital Link LNG/LPG,CLLG,2300.11,2300.11,2300.11,2300.11,0.0,0.36
2008-06-02,Capital Link LNG/LPG,CLLG,2324.77,2324.77,2324.77,2324.77,0.0,1.07
2008-06-03,Capital Link LNG/LPG,CLLG,2281.88,2281.88,2281.88,2281.88,0.0,-1.84
2008-06-04,Capital Link LNG/LPG,CLLG,2285.55,2285.55,2285.55,2285.55,0.0,0.16
2008-06-05,Capital Link LNG/LPG,CLLG,2301.3,2301.3,2301.3,2301.3,0.0,0.69
2008-06-06,Capital Link LNG/LPG,CLLG,2268.72,2268.72,2268.72,2268.72,0.0,-1.42
2008-06-09,Capital Link LNG/LPG,CLLG,2283.63,2283.63,2283.63,2283.63,0.0,0.66
2008-06-10,Capital Link LNG/LPG,CLLG,2233.96,2233.96,2233.96,2233.96,0.0,-2.18
2008-06-11,Capital Link LNG/LPG,CLLG,2230.69,2230.69,2230.69,2230.69,0.0,-0.15
2008-06-12,Capital Link LNG/LPG,CLLG,2188.91,2188.91,2188.91,2188.91,0.0,-1.87
2008-06-13,Capital Link LNG/LPG,CLLG,2191.85,2191.85,2191.85,2191.85,0.0,0.13
2008-06-16,Capital Link LNG/LPG,CLLG,2217.93,2217.93,2217.93,2217.93,0.0,1.19
2008-06-17,Capital Link LNG/LPG,CLLG,2220.05,2220.05,2220.05,2220.05,0.0,0.1
2008-06-18,Capital Link LNG/LPG,CLLG,2182.31,2182.31,2182.31,2182.31,0.0,-1.7
2008-06-19,Capital Link LNG/LPG,CLLG,2143.81,2143.81,2143.81,2143.81,0.0,-1.76
2008-06-20,Capital Link LNG/LPG,CLLG,2113.9,2113.9,2113.9,2113.9,0.0,-1.4
2008-06-23,Capital Link LNG/LPG,CLLG,2118.47,2118.47,2118.47,2118.47,0.0,0.22
2008-06-24,Capital Link LNG/LPG,CLLG,2078.94,2078.94,2078.94,2078.94,0.0,-1.87
2008-06-25,Capital Link LNG/LPG,CLLG,2088.23,2088.23,2088.23,2088.23,0.0,0.45
2008-06-26,Capital Link LNG/LPG,CLLG,2060.88,2060.88,2060.88,2060.88,0.0,-1.31
2008-06-27,Capital Link LNG/LPG,CLLG,2049.66,2049.66,2049.66,2049.66,0.0,-0.54
2008-06-30,Capital Link LNG/LPG,CLLG,2028.47,2028.47,2028.47,2028.47,0.0,-1.03
2008-07-01,Capital Link LNG/LPG,CLLG,2111.2,2111.2,2111.2,2111.2,0.0,4.08
2008-07-02,Capital Link LNG/LPG,CLLG,2047.86,2047.86,2047.86,2047.86,0.0,-3.0
2008-07-03,Capital Link LNG/LPG,CLLG,1999.33,1999.33,1999.33,1999.33,0.0,-2.37
2008-07-07,Capital Link LNG/LPG,CLLG,1930.52,1930.52,1930.52,1930.52,0.0,-3.44
2008-07-08,Capital Link LNG/LPG,CLLG,1965.66,1965.66,1965.66,1965.66,0.0,1.82
2008-07-09,Capital Link LNG/LPG,CLLG,1960.11,1960.11,1960.11,1960.11,0.0,-0.28
2008-07-10,Capital Link LNG/LPG,CLLG,1965.14,1965.14,1965.14,1965.14,0.0,0.26
2008-07-11,Capital Link LNG/LPG,CLLG,1989.33,1989.33,1989.33,1989.33,0.0,1.23
2008-07-14,Capital Link LNG/LPG,CLLG,1991.02,1991.02,1991.02,1991.02,0.0,0.08
2008-07-15,Capital Link LNG/LPG,CLLG,1962.26,1962.26,1962.26,1962.26,0.0,-1.44
2008-07-16,Capital Link LNG/LPG,CLLG,1989.49,1989.49,1989.49,1989.49,0.0,1.39
2008-07-17,Capital Link LNG/LPG,CLLG,2019.79,2019.79,2019.79,2019.79,0.0,1.52
2008-07-18,Capital Link LNG/LPG,CLLG,2011.12,2011.12,2011.12,2011.12,0.0,-0.43
2008-07-21,Capital Link LNG/LPG,CLLG,2015.16,2015.16,2015.16,2015.16,0.0,0.2
2008-07-22,Capital Link LNG/LPG,CLLG,2038.85,2038.85,2038.85,2038.85,0.0,1.18
2008-07-23,Capital Link LNG/LPG,CLLG,2022.14,2022.14,2022.14,2022.14,0.0,-0.82
2008-07-24,Capital Link LNG/LPG,CLLG,1982.87,1982.87,1982.87,1982.87,0.0,-1.94
2008-07-25,Capital Link LNG/LPG,CLLG,2010.45,2010.45,2010.45,2010.45,0.0,1.39
2008-07-28,Capital Link LNG/LPG,CLLG,2004.56,2004.56,2004.56,2004.56,0.0,-0.29
2008-07-29,Capital Link LNG/LPG,CLLG,2007.9,2007.9,2007.9,2007.9,0.0,0.17
2008-07-30,Capital Link LNG/LPG,CLLG,2026.63,2026.63,2026.63,2026.63,0.0,0.93
2008-07-31,Capital Link LNG/LPG,CLLG,2066.19,2066.19,2066.19,2066.19,0.0,1.95
2008-08-01,Capital Link LNG/LPG,CLLG,2015.96,2015.96,2015.96,2015.96,0.0,-2.43
2008-08-04,Capital Link LNG/LPG,CLLG,1999.48,1999.48,1999.48,1999.48,0.0,-0.82
2008-08-05,Capital Link LNG/LPG,CLLG,1980.58,1980.58,1980.58,1980.58,0.0,-0.95
2008-08-06,Capital Link LNG/LPG,CLLG,2023.92,2023.92,2023.92,2023.92,0.0,2.19
2008-08-07,Capital Link LNG/LPG,CLLG,1964.44,1964.44,1964.44,1964.44,0.0,-2.94
2008-08-08,Capital Link LNG/LPG,CLLG,1975.95,1975.95,1975.95,1975.95,0.0,0.59
2008-08-11,Capital Link LNG/LPG,CLLG,1986.9,1986.9,1986.9,1986.9,0.0,0.55
2008-08-12,Capital Link LNG/LPG,CLLG,2014.62,2014.62,2014.62,2014.62,0.0,1.4
2008-08-13,Capital Link LNG/LPG,CLLG,1991.58,1991.58,1991.58,1991.58,0.0,-1.14
2008-08-14,Capital Link LNG/LPG,CLLG,1962.24,1962.24,1962.24,1962.24,0.0,-1.47
2008-08-15,Capital Link LNG/LPG,CLLG,1895.99,1895.99,1895.99,1895.99,0.0,-3.38
2008-08-18,Capital Link LNG/LPG,CLLG,1902.76,1902.76,1902.76,1902.76,0.0,0.36
2008-08-19,Capital Link LNG/LPG,CLLG,1888.02,1888.02,1888.02,1888.02,0.0,-0.77
2008-08-20,Capital Link LNG/LPG,CLLG,1887.45,1887.45,1887.45,1887.45,0.0,-0.03
2008-08-21,Capital Link LNG/LPG,CLLG,1879.25,1879.25,1879.25,1879.25,0.0,-0.43
2008-08-22,Capital Link LNG/LPG,CLLG,1855.84,1855.84,1855.84,1855.84,0.0,-1.25
2008-08-25,Capital Link LNG/LPG,CLLG,1850.64,1850.64,1850.64,1850.64,0.0,-0.28
2008-08-26,Capital Link LNG/LPG,CLLG,1873.7,1873.7,1873.7,1873.7,0.0,1.25
2008-08-27,Capital Link LNG/LPG,CLLG,1899.55,1899.55,1899.55,1899.55,0.0,1.38
2008-08-28,Capital Link LNG/LPG,CLLG,1899.96,1899.96,1899.96,1899.96,0.0,0.02
2008-08-29,Capital Link LNG/LPG,CLLG,1887.12,1887.12,1887.12,1887.12,0.0,-0.68
2008-09-02,Capital Link LNG/LPG,CLLG,1879.95,1879.95,1879.95,1879.95,0.0,-0.38
2008-09-03,Capital Link LNG/LPG,CLLG,1841.94,1841.94,1841.94,1841.94,0.0,-2.02
2008-09-04,Capital Link LNG/LPG,CLLG,1747.0,1747.0,1747.0,1747.0,0.0,-5.15
2008-09-05,Capital Link LNG/LPG,CLLG,1727.05,1727.05,1727.05,1727.05,0.0,-1.14
2008-09-08,Capital Link LNG/LPG,CLLG,1725.13,1725.13,1725.13,1725.13,0.0,-0.11
2008-09-09,Capital Link LNG/LPG,CLLG,1608.22,1608.22,1608.22,1608.22,0.0,-6.78
2008-09-10,Capital Link LNG/LPG,CLLG,1635.09,1635.09,1635.09,1635.09,0.0,1.67
2008-09-11,Capital Link LNG/LPG,CLLG,1606.99,1606.99,1606.99,1606.99,0.0,-1.72
2008-09-12,Capital Link LNG/LPG,CLLG,1633.93,1633.93,1633.93,1633.93,0.0,1.68
2008-09-15,Capital Link LNG/LPG,CLLG,1529.9,1529.9,1529.9,1529.9,0.0,-6.37
2008-09-16,Capital Link LNG/LPG,CLLG,1529.9,1529.9,1529.9,1529.9,0.0,0.0
2008-09-17,Capital Link LNG/LPG,CLLG,1440.54,1440.54,1440.54,1440.54,0.0,-5.84
2008-09-18,Capital Link LNG/LPG,CLLG,1550.49,1550.49,1550.49,1550.49,0.0,7.63
2008-09-19,Capital Link LNG/LPG,CLLG,1559.81,1559.81,1559.81,1559.81,0.0,0.6
2008-09-22,Capital Link LNG/LPG,CLLG,1526.87,1526.87,1526.87,1526.87,0.0,-2.11
2008-09-23,Capital Link LNG/LPG,CLLG,1489.06,1489.06,1489.06,1489.06,0.0,-2.48
2008-09-24,Capital Link LNG/LPG,CLLG,1452.53,1452.53,1452.53,1452.53,0.0,-2.45
2008-09-25,Capital Link LNG/LPG,CLLG,1487.63,1487.63,1487.63,1487.63,0.0,2.42
2008-09-26,Capital Link LNG/LPG,CLLG,1477.56,1477.56,1477.56,1477.56,0.0,-0.68
2008-09-29,Capital Link LNG/LPG,CLLG,1334.37,1334.37,1334.37,1334.37,0.0,-9.69
2008-09-30,Capital Link LNG/LPG,CLLG,1419.63,1419.63,1419.63,1419.63,0.0,6.39
2008-10-01,Capital Link LNG/LPG,CLLG,1375.07,1375.07,1375.07,1375.07,0.0,-3.14
2008-10-02,Capital Link LNG/LPG,CLLG,1301.04,1301.04,1301.04,1301.04,0.0,-5.38
2008-10-03,Capital Link LNG/LPG,CLLG,1225.54,1225.54,1225.54,1225.54,0.0,-5.8
2008-10-06,Capital Link LNG/LPG,CLLG,1077.05,1077.05,1077.05,1077.05,0.0,-12.12
2008-10-07,Capital Link LNG/LPG,CLLG,1003.65,1003.65,1003.65,1003.65,0.0,-6.81
2008-10-08,Capital Link LNG/LPG,CLLG,941.87,941.87,941.87,941.87,0.0,-6.16
2008-10-09,Capital Link LNG/LPG,CLLG,894.56,894.56,894.56,894.56,0.0,-5.02
2008-10-10,Capital Link LNG/LPG,CLLG,873.36,873.36,873.36,873.36,0.0,-2.37
2008-10-13,Capital Link LNG/LPG,CLLG,1032.57,1032.57,1032.57,1032.57,0.0,18.23
2008-10-14,Capital Link LNG/LPG,CLLG,1150.32,1150.32,1150.32,1150.32,0.0,11.4
2008-10-15,Capital Link LNG/LPG,CLLG,1093.47,1093.47,1093.47,1093.47,0.0,-4.94
2008-10-16,Capital Link LNG/LPG,CLLG,1077.88,1077.88,1077.88,1077.88,0.0,-1.43
2008-10-17,Capital Link LNG/LPG,CLLG,1053.46,1053.46,1053.46,1053.46,0.0,-2.27
2008-10-20,Capital Link LNG/LPG,CLLG,1137.97,1137.97,1137.97,1137.97,0.0,8.02
2008-10-21,Capital Link LNG/LPG,CLLG,1095.28,1095.28,1095.28,1095.28,0.0,-3.75
2008-10-22,Capital Link LNG/LPG,CLLG,1087.54,1087.54,1087.54,1087.54,0.0,-0.71
2008-10-23,Capital Link LNG/LPG,CLLG,1038.06,1038.06,1038.06,1038.06,0.0,-4.55
2008-10-24,Capital Link LNG/LPG,CLLG,1030.82,1030.82,1030.82,1030.82,0.0,-0.7
2008-10-27,Capital Link LNG/LPG,CLLG,944.72,944.72,944.72,944.72,0.0,-8.35
2008-10-28,Capital Link LNG/LPG,CLLG,976.38,976.38,976.38,976.38,0.0,3.35
2008-10-29,Capital Link LNG/LPG,CLLG,1041.43,1041.43,1041.43,1041.43,0.0,6.66
2008-10-30,Capital Link LNG/LPG,CLLG,1125.44,1125.44,1125.44,1125.44,0.0,8.07
2008-10-31,Capital Link LNG/LPG,CLLG,1273.97,1273.97,1273.97,1273.97,0.0,13.2
2008-11-03,Capital Link LNG/LPG,CLLG,1306.25,1306.25,1306.25,1306.25,0.0,2.53
2008-11-04,Capital Link LNG/LPG,CLLG,1317.3,1317.3,1317.3,1317.3,0.0,0.85
2008-11-05,Capital Link LNG/LPG,CLLG,1271.21,1271.21,1271.21,1271.21,0.0,-3.5
2008-11-06,Capital Link LNG/LPG,CLLG,1164.16,1164.16,1164.16,1164.16,0.0,-8.42
2008-11-07,Capital Link LNG/LPG,CLLG,1191.92,1191.92,1191.92,1191.92,0.0,2.38
2008-11-10,Capital Link LNG/LPG,CLLG,1116.33,1116.33,1116.33,1116.33,0.0,-6.34
2008-11-11,Capital Link LNG/LPG,CLLG,1063.74,1063.74,1063.74,1063.74,0.0,-4.71
2008-11-12,Capital Link LNG/LPG,CLLG,955.18,955.18,955.18,955.18,0.0,-10.21
2008-11-13,Capital Link LNG/LPG,CLLG,993.82,993.82,993.82,993.82,0.0,4.05
2008-11-14,Capital Link LNG/LPG,CLLG,954.42,954.42,954.42,954.42,0.0,-3.96
2008-11-17,Capital Link LNG/LPG,CLLG,974.91,974.91,974.91,974.91,0.0,2.15
2008-11-18,Capital Link LNG/LPG,CLLG,978.57,978.57,978.57,978.57,0.0,0.38
2008-11-19,Capital Link LNG/LPG,CLLG,857.25,857.25,857.25,857.25,0.0,-12.4
2008-11-20,Capital Link LNG/LPG,CLLG,777.79,777.79,777.79,777.79,0.0,-9.27
2008-11-21,Capital Link LNG/LPG,CLLG,758.12,758.12,758.12,758.12,0.0,-2.53
2008-11-24,Capital Link LNG/LPG,CLLG,818.66,818.66,818.66,818.66,0.0,7.99
2008-11-25,Capital Link LNG/LPG,CLLG,807.09,807.09,807.09,807.09,0.0,-1.41
2008-11-26,Capital Link LNG/LPG,CLLG,959.23,959.23,959.23,959.23,0.0,18.85
2008-11-28,Capital Link LNG/LPG,CLLG,1003.01,1003.01,1003.01,1003.01,0.0,4.56
2008-12-01,Capital Link LNG/LPG,CLLG,926.31,926.31,926.31,926.31,0.0,-7.65
2008-12-02,Capital Link LNG/LPG,CLLG,921.2,921.2,921.2,921.2,0.0,-0.55
2008-12-03,Capital Link LNG/LPG,CLLG,881.44,881.44,881.44,881.44,0.0,-4.32
2008-12-04,Capital Link LNG/LPG,CLLG,844.29,844.29,844.29,844.29,0.0,-4.21
2008-12-05,Capital Link LNG/LPG,CLLG,808.9,808.9,808.9,808.9,0.0,-4.19
2008-12-08,Capital Link LNG/LPG,CLLG,790.31,790.31,790.31,790.31,0.0,-2.3
2008-12-09,Capital Link LNG/LPG,CLLG,772.51,772.51,772.51,772.51,0.0,-2.25
2008-12-10,Capital Link LNG/LPG,CLLG,830.75,830.75,830.75,830.75,0.0,7.54
2008-12-11,Capital Link LNG/LPG,CLLG,818.9,818.9,818.9,818.9,0.0,-1.43
2008-12-12,Capital Link LNG/LPG,CLLG,922.34,922.34,922.34,922.34,0.0,12.63
2008-12-15,Capital Link LNG/LPG,CLLG,922.3,922.3,922.3,922.3,0.0,0.0
2008-12-16,Capital Link LNG/LPG,CLLG,982.64,982.64,982.64,982.64,0.0,6.54
2008-12-17,Capital Link LNG/LPG,CLLG,990.63,990.63,990.63,990.63,0.0,0.81
2008-12-18,Capital Link LNG/LPG,CLLG,1027.76,1027.76,1027.76,1027.76,0.0,3.75
2008-12-19,Capital Link LNG/LPG,CLLG,1082.21,1082.21,1082.21,1082.21,0.0,5.3
2008-12-22,Capital Link LNG/LPG,CLLG,1032.39,1032.39,1032.39,1032.39,0.0,-4.6
2008-12-23,Capital Link LNG/LPG,CLLG,1057.71,1057.71,1057.71,1057.71,0.0,2.45
2008-12-24,Capital Link LNG/LPG,CLLG,1078.02,1078.02,1078.02,1078.02,0.0,1.92
2008-12-26,Capital Link LNG/LPG,CLLG,1081.44,1081.44,1081.44,1081.44,0.0,0.32
2008-12-29,Capital Link LNG/LPG,CLLG,1054.82,1054.82,1054.82,1054.82,0.0,-2.46
2008-12-30,Capital Link LNG/LPG,CLLG,1065.24,1065.24,1065.24,1065.24,0.0,0.99
2008-12-31,Capital Link LNG/LPG,CLLG,1092.97,1092.97,1092.97,1092.97,0.0,2.6
2009-01-02,Capital Link LNG/LPG,CLLG,1190.75,1190.75,1190.75,1190.75,0.0,8.95
2009-01-05,Capital Link LNG/LPG,CLLG,1283.58,1283.58,1283.58,1283.58,0.0,7.8
2009-01-06,Capital Link LNG/LPG,CLLG,1381.24,1381.24,1381.24,1381.24,0.0,7.61
2009-01-07,Capital Link LNG/LPG,CLLG,1297.24,1297.24,1297.24,1297.24,0.0,-6.08
2009-01-08,Capital Link LNG/LPG,CLLG,1324.82,1324.82,1324.82,1324.82,0.0,2.13
2009-01-09,Capital Link LNG/LPG,CLLG,1297.03,1297.03,1297.03,1297.03,0.0,-2.1
2009-01-12,Capital Link LNG/LPG,CLLG,1258.45,1258.45,1258.45,1258.45,0.0,-2.97
2009-01-13,Capital Link LNG/LPG,CLLG,1333.37,1333.37,1333.37,1333.37,0.0,5.95
2009-01-14,Capital Link LNG/LPG,CLLG,1283.12,1283.12,1283.12,1283.12,0.0,-3.77
2009-01-15,Capital Link LNG/LPG,CLLG,1234.43,1234.43,1234.43,1234.43,0.0,-3.79
2009-01-16,Capital Link LNG/LPG,CLLG,1239.3,1239.3,1239.3,1239.3,0.0,0.39
2009-01-20,Capital Link LNG/LPG,CLLG,1156.91,1156.91,1156.91,1156.91,0.0,-6.65
2009-01-21,Capital Link LNG/LPG,CLLG,1210.51,1210.51,1210.51,1210.51,0.0,4.63
2009-01-22,Capital Link LNG/LPG,CLLG,1148.31,1148.31,1148.31,1148.31,0.0,-5.14
2009-01-23,Capital Link LNG/LPG,CLLG,1209.04,1209.04,1209.04,1209.04,0.0,5.29
2009-01-26,Capital Link LNG/LPG,CLLG,1250.02,1250.02,1250.02,1250.02,0.0,3.39
2009-01-27,Capital Link LNG/LPG,CLLG,1265.78,1265.78,1265.78,1265.78,0.0,1.26
2009-01-28,Capital Link LNG/LPG,CLLG,1329.88,1329.88,1329.88,1329.88,0.0,5.06
2009-01-29,Capital Link LNG/LPG,CLLG,1297.92,1297.92,1297.92,1297.92,0.0,-2.4
2009-01-30,Capital Link LNG/LPG,CLLG,1304.72,1304.72,1304.72,1304.72,0.0,0.52
2009-02-02,Capital Link LNG/LPG,CLLG,1345.84,1345.84,1345.84,1345.84,0.0,3.15
2009-02-03,Capital Link LNG/LPG,CLLG,1402.23,1402.23,1402.23,1402.23,0.0,4.19
2009-02-04,Capital Link LNG/LPG,CLLG,1327.37,1327.37,1327.37,1327.37,0.0,-5.34
2009-02-05,Capital Link LNG/LPG,CLLG,1348.77,1348.77,1348.77,1348.77,0.0,1.61
2009-02-06,Capital Link LNG/LPG,CLLG,1369.49,1369.49,1369.49,1369.49,0.0,1.54
2009-02-09,Capital Link LNG/LPG,CLLG,1373.14,1373.14,1373.14,1373.14,0.0,0.27
2009-02-10,Capital Link LNG/LPG,CLLG,1329.1,1329.1,1329.1,1329.1,0.0,-3.21
2009-02-11,Capital Link LNG/LPG,CLLG,1344.24,1344.24,1344.24,1344.24,0.0,1.14
2009-02-12,Capital Link LNG/LPG,CLLG,1318.72,1318.72,1318.72,1318.72,0.0,-1.9
2009-02-13,Capital Link LNG/LPG,CLLG,1337.54,1337.54,1337.54,1337.54,0.0,1.43
2009-02-17,Capital Link LNG/LPG,CLLG,1246.58,1246.58,1246.58,1246.58,0.0,-6.8
2009-02-18,Capital Link LNG/LPG,CLLG,1226.53,1226.53,1226.53,1226.53,0.0,-1.61
2009-02-19,Capital Link LNG/LPG,CLLG,1222.36,1222.36,1222.36,1222.36,0.0,-0.34
2009-02-20,Capital Link LNG/LPG,CLLG,1143.04,1143.04,1143.04,1143.04,0.0,-6.49
2009-02-23,Capital Link LNG/LPG,CLLG,1136.99,1136.99,1136.99,1136.99,0.0,-0.53
2009-02-24,Capital Link LNG/LPG,CLLG,1211.06,1211.06,1211.06,1211.06,0.0,6.51
2009-02-25,Capital Link LNG/LPG,CLLG,1235.33,1235.33,1235.33,1235.33,0.0,2.0
2009-02-26,Capital Link LNG/LPG,CLLG,1282.29,1282.29,1282.29,1282.29,0.0,3.8
2009-02-27,Capital Link LNG/LPG,CLLG,1307.02,1307.02,1307.02,1307.02,0.0,1.93
2009-03-02,Capital Link LNG/LPG,CLLG,1232.86,1232.86,1232.86,1232.86,0.0,-5.67
2009-03-03,Capital Link LNG/LPG,CLLG,1275.23,1275.23,1275.23,1275.23,0.0,3.44
2009-03-04,Capital Link LNG/LPG,CLLG,1319.7,1319.7,1319.7,1319.7,0.0,3.49
2009-03-05,Capital Link LNG/LPG,CLLG,1288.57,1288.57,1288.57,1288.57,0.0,-2.36
2009-03-06,Capital Link LNG/LPG,CLLG,1306.82,1306.82,1306.82,1306.82,0.0,1.42
2009-03-09,Capital Link LNG/LPG,CLLG,1300.67,1300.67,1300.67,1300.67,0.0,-0.47
2009-03-10,Capital Link LNG/LPG,CLLG,1417.34,1417.34,1417.34,1417.34,0.0,8.97
2009-03-11,Capital Link LNG/LPG,CLLG,1419.39,1419.39,1419.39,1419.39,0.0,0.14
2009-03-12,Capital Link LNG/LPG,CLLG,1535.61,1535.61,1535.61,1535.61,0.0,8.19
2009-03-13,Capital Link LNG/LPG,CLLG,1509.75,1509.75,1509.75,1509.75,0.0,-1.68
2009-03-16,Capital Link LNG/LPG,CLLG,1514.2,1514.2,1514.2,1514.2,0.0,0.29
2009-03-17,Capital Link LNG/LPG,CLLG,1564.86,1564.86,1564.86,1564.86,0.0,3.35
2009-03-18,Capital Link LNG/LPG,CLLG,1511.62,1511.62,1511.62,1511.62,0.0,-3.4
2009-03-19,Capital Link LNG/LPG,CLLG,1519.71,1519.71,1519.71,1519.71,0.0,0.54
2009-03-20,Capital Link LNG/LPG,CLLG,1415.26,1415.26,1415.26,1415.26,0.0,-6.87
2009-03-23,Capital Link LNG/LPG,CLLG,1488.81,1488.81,1488.81,1488.81,0.0,5.2
2009-03-24,Capital Link LNG/LPG,CLLG,1315.67,1315.67,1315.67,1315.67,0.0,-11.63
2009-03-25,Capital Link LNG/LPG,CLLG,1261.57,1261.57,1261.57,1261.57,0.0,-4.11
2009-03-26,Capital Link LNG/LPG,CLLG,1267.7,1267.7,1267.7,1267.7,0.0,0.49
2009-03-27,Capital Link LNG/LPG,CLLG,1258.15,1258.15,1258.15,1258.15,0.0,-0.75
2009-03-30,Capital Link LNG/LPG,CLLG,1237.15,1237.15,1237.15,1237.15,0.0,-1.67
2009-03-31,Capital Link LNG/LPG,CLLG,1258.69,1258.69,1258.69,1258.69,0.0,1.74
2009-04-01,Capital Link LNG/LPG,CLLG,1301.56,1301.56,1301.56,1301.56,0.0,3.41
2009-04-02,Capital Link LNG/LPG,CLLG,1283.61,1283.61,1283.61,1283.61,0.0,-1.38
2009-04-03,Capital Link LNG/LPG,CLLG,1278.25,1278.25,1278.25,1278.25,0.0,-0.42
2009-04-06,Capital Link LNG/LPG,CLLG,1271.33,1271.33,1271.33,1271.33,0.0,-0.54
2009-04-07,Capital Link LNG/LPG,CLLG,1204.22,1204.22,1204.22,1204.22,0.0,-5.28
2009-04-08,Capital Link LNG/LPG,CLLG,1260.83,1260.83,1260.83,1260.83,0.0,4.7
2009-04-09,Capital Link LNG/LPG,CLLG,1282.81,1282.81,1282.81,1282.81,0.0,1.74
2009-04-13,Capital Link LNG/LPG,CLLG,1274.36,1274.36,1274.36,1274.36,0.0,-0.66
2009-04-14,Capital Link LNG/LPG,CLLG,1292.77,1292.77,1292.77,1292.77,0.0,1.44
2009-04-15,Capital Link LNG/LPG,CLLG,1317.57,1317.57,1317.57,1317.57,0.0,1.92
2009-04-16,Capital Link LNG/LPG,CLLG,1318.85,1318.85,1318.85,1318.85,0.0,0.1
2009-04-17,Capital Link LNG/LPG,CLLG,1296.08,1296.08,1296.08,1296.08,0.0,-1.73
2009-04-20,Capital Link LNG/LPG,CLLG,1228.56,1228.56,1228.56,1228.56,0.0,-5.21
2009-04-21,Capital Link LNG/LPG,CLLG,1301.65,1301.65,1301.65,1301.65,0.0,5.95
2009-04-22,Capital Link LNG/LPG,CLLG,1277.47,1277.47,1277.47,1277.47,0.0,-1.86
2009-04-23,Capital Link LNG/LPG,CLLG,1296.3,1296.3,1296.3,1296.3,0.0,1.47
2009-04-24,Capital Link LNG/LPG,CLLG,1307.65,1307.65,1307.65,1307.65,0.0,0.88
2009-04-27,Capital Link LNG/LPG,CLLG,1297.29,1297.29,1297.29,1297.29,0.0,-0.79
2009-04-28,Capital Link LNG/LPG,CLLG,1322.83,1322.83,1322.83,1322.83,0.0,1.97
2009-04-29,Capital Link LNG/LPG,CLLG,1331.89,1331.89,1331.89,1331.89,0.0,0.68
2009-04-30,Capital Link LNG/LPG,CLLG,1315.03,1315.03,1315.03,1315.03,0.0,-1.27
2009-05-01,Capital Link LNG/LPG,CLLG,1334.73,1334.73,1334.73,1334.73,0.0,1.5
2009-05-04,Capital Link LNG/LPG,CLLG,1358.48,1358.48,1358.48,1358.48,0.0,1.78
2009-05-05,Capital Link LNG/LPG,CLLG,1320.93,1320.93,1320.93,1320.93,0.0,-2.76
2009-05-06,Capital Link LNG/LPG,CLLG,1318.12,1318.12,1318.12,1318.12,0.0,-0.21
2009-05-07,Capital Link LNG/LPG,CLLG,1321.32,1321.32,1321.32,1321.32,0.0,0.24
2009-05-08,Capital Link LNG/LPG,CLLG,1374.26,1374.26,1374.26,1374.26,0.0,4.01
2009-05-11,Capital Link LNG/LPG,CLLG,1287.8,1287.8,1287.8,1287.8,0.0,-6.29
2009-05-12,Capital Link LNG/LPG,CLLG,1327.63,1327.63,1327.63,1327.63,0.0,3.09
2009-05-13,Capital Link LNG/LPG,CLLG,1268.88,1268.88,1268.88,1268.88,0.0,-4.43
2009-05-14,Capital Link LNG/LPG,CLLG,1279.05,1279.05,1279.05,1279.05,0.0,0.8
2009-05-15,Capital Link LNG/LPG,CLLG,1284.56,1284.56,1284.56,1284.56,0.0,0.43
2009-05-18,Capital Link LNG/LPG,CLLG,1345.02,1345.02,1345.02,1345.02,0.0,4.71
2009-05-19,Capital Link LNG/LPG,CLLG,1338.29,1338.29,1338.29,1338.29,0.0,-0.5
2009-05-20,Capital Link LNG/LPG,CLLG,1363.93,1363.93,1363.93,1363.93,0.0,1.92
2009-05-21,Capital Link LNG/LPG,CLLG,1316.14,1316.14,1316.14,1316.14,0.0,-3.5
2009-05-22,Capital Link LNG/LPG,CLLG,1366.86,1366.86,1366.86,1366.86,0.0,3.85
2009-05-26,Capital Link LNG/LPG,CLLG,1362.13,1362.13,1362.13,1362.13,0.0,-0.35
2009-05-27,Capital Link LNG/LPG,CLLG,1338.73,1338.73,1338.73,1338.73,0.0,-1.72
2009-05-28,Capital Link LNG/LPG,CLLG,1370.43,1370.43,1370.43,1370.43,0.0,2.37
2009-05-29,Capital Link LNG/LPG,CLLG,1436.9,1436.9,1436.9,1436.9,0.0,4.85
2009-06-01,Capital Link LNG/LPG,CLLG,1438.55,1438.55,1438.55,1438.55,0.0,0.11
2009-06-02,Capital Link LNG/LPG,CLLG,1414.2,1414.2,1414.2,1414.2,0.0,-1.69
2009-06-03,Capital Link LNG/LPG,CLLG,1376.48,1376.48,1376.48,1376.48,0.0,-2.67
2009-06-04,Capital Link LNG/LPG,CLLG,1396.83,1396.83,1396.83,1396.83,0.0,1.48
2009-06-05,Capital Link LNG/LPG,CLLG,1390.53,1390.53,1390.53,1390.53,0.0,-0.45
2009-06-08,Capital Link LNG/LPG,CLLG,1392.95,1392.95,1392.95,1392.95,0.0,0.17
2009-06-09,Capital Link LNG/LPG,CLLG,1411.38,1411.38,1411.38,1411.38,0.0,1.32
2009-06-10,Capital Link LNG/LPG,CLLG,1419.16,1419.16,1419.16,1419.16,0.0,0.55
2009-06-11,Capital Link LNG/LPG,CLLG,1438.45,1438.45,1438.45,1438.45,0.0,1.36
2009-06-12,Capital Link LNG/LPG,CLLG,1455.41,1455.41,1455.41,1455.41,0.0,1.18
2009-06-15,Capital Link LNG/LPG,CLLG,1411.41,1411.41,1411.41,1411.41,0.0,-3.02
2009-06-16,Capital Link LNG/LPG,CLLG,1397.38,1397.38,1397.38,1397.38,0.0,-0.99
2009-06-17,Capital Link LNG/LPG,CLLG,1379.89,1379.89,1379.89,1379.89,0.0,-1.25
2009-06-18,Capital Link LNG/LPG,CLLG,1392.89,1392.89,1392.89,1392.89,0.0,0.94
2009-06-19,Capital Link LNG/LPG,CLLG,1412.37,1412.37,1412.37,1412.37,0.0,1.4
2009-06-22,Capital Link LNG/LPG,CLLG,1368.76,1368.76,1368.76,1368.76,0.0,-3.09
2009-06-23,Capital Link LNG/LPG,CLLG,1399.68,1399.68,1399.68,1399.68,0.0,2.26
2009-06-24,Capital Link LNG/LPG,CLLG,1412.42,1412.42,1412.42,1412.42,0.0,0.91
2009-06-25,Capital Link LNG/LPG,CLLG,1429.81,1429.81,1429.81,1429.81,0.0,1.23
2009-06-26,Capital Link LNG/LPG,CLLG,1444.76,1444.76,1444.76,1444.76,0.0,1.05
2009-06-29,Capital Link LNG/LPG,CLLG,1439.88,1439.88,1439.88,1439.88,0.0,-0.34
2009-06-30,Capital Link LNG/LPG,CLLG,1463.94,1463.94,1463.94,1463.94,0.0,1.67
2009-07-01,Capital Link LNG/LPG,CLLG,1489.31,1489.31,1489.31,1489.31,0.0,1.73
2009-07-02,Capital Link LNG/LPG,CLLG,1483.1,1483.1,1483.1,1483.1,0.0,-0.42
2009-07-06,Capital Link LNG/LPG,CLLG,1485.51,1485.51,1485.51,1485.51,0.0,0.16
2009-07-07,Capital Link LNG/LPG,CLLG,1428.43,1428.43,1428.43,1428.43,0.0,-3.84
2009-07-08,Capital Link LNG/LPG,CLLG,1412.72,1412.72,1412.72,1412.72,0.0,-1.1
2009-07-09,Capital Link LNG/LPG,CLLG,1472.39,1472.39,1472.39,1472.39,0.0,4.22
2009-07-10,Capital Link LNG/LPG,CLLG,1489.06,1489.06,1489.06,1489.06,0.0,1.13
2009-07-13,Capital Link LNG/LPG,CLLG,1517.51,1517.51,1517.51,1517.51,0.0,1.91
2009-07-14,Capital Link LNG/LPG,CLLG,1502.18,1502.18,1502.18,1502.18,0.0,-1.01
2009-07-15,Capital Link LNG/LPG,CLLG,1523.46,1523.46,1523.46,1523.46,0.0,1.42
2009-07-16,Capital Link LNG/LPG,CLLG,1535.93,1535.93,1535.93,1535.93,0.0,0.82
2009-07-17,Capital Link LNG/LPG,CLLG,1569.46,1569.46,1569.46,1569.46,0.0,2.18
2009-07-20,Capital Link LNG/LPG,CLLG,1614.17,1614.17,1614.17,1614.17,0.0,2.85
2009-07-21,Capital Link LNG/LPG,CLLG,1612.73,1612.73,1612.73,1612.73,0.0,-0.09
2009-07-22,Capital Link LNG/LPG,CLLG,1607.81,1607.81,1607.81,1607.81,0.0,-0.31
2009-07-23,Capital Link LNG/LPG,CLLG,1651.22,1651.22,1651.22,1651.22,0.0,2.7
2009-07-24,Capital Link LNG/LPG,CLLG,1647.66,1647.66,1647.66,1647.66,0.0,-0.22
2009-07-27,Capital Link LNG/LPG,CLLG,1679.82,1679.82,1679.82,1679.82,0.0,1.95
2009-07-28,Capital Link LNG/LPG,CLLG,1664.72,1664.72,1664.72,1664.72,0.0,-0.9
2009-07-29,Capital Link LNG/LPG,CLLG,1616.29,1616.29,1616.29,1616.29,0.0,-2.91
2009-07-30,Capital Link LNG/LPG,CLLG,1659.57,1659.57,1659.57,1659.57,0.0,2.68
2009-07-31,Capital Link LNG/LPG,CLLG,1665.39,1665.39,1665.39,1665.39,0.0,0.35
2009-08-03,Capital Link LNG/LPG,CLLG,1706.74,1706.74,1706.74,1706.74,0.0,2.48
2009-08-04,Capital Link LNG/LPG,CLLG,1713.92,1713.92,1713.92,1713.92,0.0,0.42
2009-08-05,Capital Link LNG/LPG,CLLG,1689.86,1689.86,1689.86,1689.86,0.0,-1.4
2009-08-06,Capital Link LNG/LPG,CLLG,1662.96,1662.96,1662.96,1662.96,0.0,-1.59
2009-08-07,Capital Link LNG/LPG,CLLG,1693.44,1693.44,1693.44,1693.44,0.0,1.83
2009-08-10,Capital Link LNG/LPG,CLLG,1675.54,1675.54,1675.54,1675.54,0.0,-1.06
2009-08-11,Capital Link LNG/LPG,CLLG,1655.99,1655.99,1655.99,1655.99,0.0,-1.17
2009-08-12,Capital Link LNG/LPG,CLLG,1692.48,1692.48,1692.48,1692.48,0.0,2.2
2009-08-13,Capital Link LNG/LPG,CLLG,1680.48,1680.48,1680.48,1680.48,0.0,-0.71
2009-08-14,Capital Link LNG/LPG,CLLG,1654.68,1654.68,1654.68,1654.68,0.0,-1.54
2009-08-17,Capital Link LNG/LPG,CLLG,1603.84,1603.84,1603.84,1603.84,0.0,-3.07
2009-08-18,Capital Link LNG/LPG,CLLG,1638.89,1638.89,1638.89,1638.89,0.0,2.19
2009-08-19,Capital Link LNG/LPG,CLLG,1687.74,1687.74,1687.74,1687.74,0.0,2.98
2009-08-20,Capital Link LNG/LPG,CLLG,1694.02,1694.02,1694.02,1694.02,0.0,0.37
2009-08-21,Capital Link LNG/LPG,CLLG,1767.94,1767.94,1767.94,1767.94,0.0,4.36
2009-08-24,Capital Link LNG/LPG,CLLG,1784.63,1784.63,1784.63,1784.63,0.0,0.94
2009-08-25,Capital Link LNG/LPG,CLLG,1779.4,1779.4,1779.4,1779.4,0.0,-0.29
2009-08-26,Capital Link LNG/LPG,CLLG,1747.05,1747.05,1747.05,1747.05,0.0,-1.82
2009-08-27,Capital Link LNG/LPG,CLLG,1682.18,1682.18,1682.18,1682.18,0.0,-3.71
2009-08-28,Capital Link LNG/LPG,CLLG,1685.4,1685.4,1685.4,1685.4,0.0,0.19
2009-08-31,Capital Link LNG/LPG,CLLG,1719.6,1719.6,1719.6,1719.6,0.0,2.03
2009-09-01,Capital Link LNG/LPG,CLLG,1672.51,1672.51,1672.51,1672.51,0.0,-2.74
2009-09-02,Capital Link LNG/LPG,CLLG,1648.83,1648.83,1648.83,1648.83,0.0,-1.42
2009-09-03,Capital Link LNG/LPG,CLLG,1690.72,1690.72,1690.72,1690.72,0.0,2.54
2009-09-04,Capital Link LNG/LPG,CLLG,1763.45,1763.45,1763.45,1763.45,0.0,4.3
2009-09-08,Capital Link LNG/LPG,CLLG,1751.38,1751.38,1751.38,1751.38,0.0,-0.68
2009-09-09,Capital Link LNG/LPG,CLLG,1760.74,1760.74,1760.74,1760.74,0.0,0.53
2009-09-10,Capital Link LNG/LPG,CLLG,1766.6,1766.6,1766.6,1766.6,0.0,0.33
2009-09-11,Capital Link LNG/LPG,CLLG,1783.18,1783.18,1783.18,1783.18,0.0,0.94
2009-09-14,Capital Link LNG/LPG,CLLG,1780.95,1780.95,1780.95,1780.95,0.0,-0.13
2009-09-15,Capital Link LNG/LPG,CLLG,1783.79,1783.79,1783.79,1783.79,0.0,0.16
2009-09-16,Capital Link LNG/LPG,CLLG,1818.23,1818.23,1818.23,1818.23,0.0,1.93
2009-09-17,Capital Link LNG/LPG,CLLG,1775.4,1775.4,1775.4,1775.4,0.0,-2.36
2009-09-18,Capital Link LNG/LPG,CLLG,1792.9,1792.9,1792.9,1792.9,0.0,0.99
2009-09-21,Capital Link LNG/LPG,CLLG,1783.44,1783.44,1783.44,1783.44,0.0,-0.53
2009-09-22,Capital Link LNG/LPG,CLLG,1806.75,1806.75,1806.75,1806.75,0.0,1.31
2009-09-23,Capital Link LNG/LPG,CLLG,1828.36,1828.36,1828.36,1828.36,0.0,1.2
2009-09-24,Capital Link LNG/LPG,CLLG,1837.97,1837.97,1837.97,1837.97,0.0,0.53
2009-09-25,Capital Link LNG/LPG,CLLG,1839.44,1839.44,1839.44,1839.44,0.0,0.08
2009-09-28,Capital Link LNG/LPG,CLLG,1871.38,1871.38,1871.38,1871.38,0.0,1.74
2009-09-29,Capital Link LNG/LPG,CLLG,1884.09,1884.09,1884.09,1884.09,0.0,0.68
2009-09-30,Capital Link LNG/LPG,CLLG,1869.98,1869.98,1869.98,1869.98,0.0,-0.75
2009-10-01,Capital Link LNG/LPG,CLLG,1873.32,1873.32,1873.32,1873.32,0.0,0.18
2009-10-02,Capital Link LNG/LPG,CLLG,1861.41,1861.41,1861.41,1861.41,0.0,-0.64
2009-10-05,Capital Link LNG/LPG,CLLG,1905.02,1905.02,1905.02,1905.02,0.0,2.34
2009-10-06,Capital Link LNG/LPG,CLLG,1955.37,1955.37,1955.37,1955.37,0.0,2.64
2009-10-07,Capital Link LNG/LPG,CLLG,1997.01,1997.01,1997.01,1997.01,0.0,2.13
2009-10-08,Capital Link LNG/LPG,CLLG,2044.37,2044.37,2044.37,2044.37,0.0,2.37
2009-10-09,Capital Link LNG/LPG,CLLG,2046.92,2046.92,2046.92,2046.92,0.0,0.12
2009-10-12,Capital Link LNG/LPG,CLLG,2084.4,2084.4,2084.4,2084.4,0.0,1.83
2009-10-13,Capital Link LNG/LPG,CLLG,2030.3,2030.3,2030.3,2030.3,0.0,-2.6
2009-10-14,Capital Link LNG/LPG,CLLG,2005.24,2005.24,2005.24,2005.24,0.0,-1.23
2009-10-15,Capital Link LNG/LPG,CLLG,1987.18,1987.18,1987.18,1987.18,0.0,-0.9
2009-10-16,Capital Link LNG/LPG,CLLG,2012.24,2012.24,2012.24,2012.24,0.0,1.26
2009-10-19,Capital Link LNG/LPG,CLLG,2052.73,2052.73,2052.73,2052.73,0.0,2.01
2009-10-20,Capital Link LNG/LPG,CLLG,2013.17,2013.17,2013.17,2013.17,0.0,-1.93
2009-10-21,Capital Link LNG/LPG,CLLG,1982.85,1982.85,1982.85,1982.85,0.0,-1.51
2009-10-22,Capital Link LNG/LPG,CLLG,2009.0,2009.0,2009.0,2009.0,0.0,1.32
2009-10-23,Capital Link LNG/LPG,CLLG,1968.36,1968.36,1968.36,1968.36,0.0,-2.02
2009-10-26,Capital Link LNG/LPG,CLLG,1931.55,1931.55,1931.55,1931.55,0.0,-1.87
2009-10-27,Capital Link LNG/LPG,CLLG,1859.15,1859.15,1859.15,1859.15,0.0,-3.75
2009-10-28,Capital Link LNG/LPG,CLLG,1766.94,1766.94,1766.94,1766.94,0.0,-4.96
2009-10-29,Capital Link LNG/LPG,CLLG,1835.34,1835.34,1835.34,1835.34,0.0,3.87
2009-10-30,Capital Link LNG/LPG,CLLG,1797.95,1797.95,1797.95,1797.95,0.0,-2.04
2009-11-02,Capital Link LNG/LPG,CLLG,1779.28,1779.28,1779.28,1779.28,0.0,-1.04
2009-11-03,Capital Link LNG/LPG,CLLG,1773.63,1773.63,1773.63,1773.63,0.0,-0.32
2009-11-04,Capital Link LNG/LPG,CLLG,1793.54,1793.54,1793.54,1793.54,0.0,1.12
2009-11-05,Capital Link LNG/LPG,CLLG,1835.06,1835.06,1835.06,1835.06,0.0,2.31
2009-11-06,Capital Link LNG/LPG,CLLG,1798.74,1798.74,1798.74,1798.74,0.0,-1.98
2009-11-09,Capital Link LNG/LPG,CLLG,1864.87,1864.87,1864.87,1864.87,0.0,3.68
2009-11-10,Capital Link LNG/LPG,CLLG,1868.16,1868.16,1868.16,1868.16,0.0,0.18
2009-11-12,Capital Link LNG/LPG,CLLG,1872.5,1872.5,1872.5,1872.5,0.0,0.23
2009-11-13,Capital Link LNG/LPG,CLLG,1928.88,1928.88,1928.88,1928.88,0.0,3.01
2009-11-16,Capital Link LNG/LPG,CLLG,1964.3,1964.3,1964.3,1964.3,0.0,1.84
2009-11-17,Capital Link LNG/LPG,CLLG,1878.63,1878.63,1878.63,1878.63,0.0,-4.36
2009-11-19,Capital Link LNG/LPG,CLLG,1856.57,1856.57,1856.57,1856.57,0.0,-1.17
2009-11-20,Capital Link LNG/LPG,CLLG,1867.83,1867.83,1867.83,1867.83,0.0,0.61
2009-11-24,Capital Link LNG/LPG,CLLG,1884.24,1884.24,1884.24,1884.24,0.0,0.88
2009-11-25,Capital Link LNG/LPG,CLLG,1892.77,1892.77,1892.77,1892.77,0.0,0.45
2009-11-27,Capital Link LNG/LPG,CLLG,1858.29,1858.29,1858.29,1858.29,0.0,-1.82
2009-11-30,Capital Link LNG/LPG,CLLG,1888.53,1888.53,1888.53,1888.53,0.0,1.63
2009-12-01,Capital Link LNG/LPG,CLLG,1862.68,1862.68,1862.68,1862.68,0.0,-1.37
2009-12-02,Capital Link LNG/LPG,CLLG,1848.79,1848.79,1848.79,1848.79,0.0,-0.75
2009-12-04,Capital Link LNG/LPG,CLLG,1846.62,1846.62,1846.62,1846.62,0.0,-0.12
2009-12-07,Capital Link LNG/LPG,CLLG,1852.01,1852.01,1852.01,1852.01,0.0,0.29
2009-12-08,Capital Link LNG/LPG,CLLG,1858.5,1858.5,1858.5,1858.5,0.0,0.35
2009-12-09,Capital Link LNG/LPG,CLLG,1869.65,1869.65,1869.65,1869.65,0.0,0.6
2009-12-10,Capital Link LNG/LPG,CLLG,1873.3,1873.3,1873.3,1873.3,0.0,0.2
2009-12-11,Capital Link LNG/LPG,CLLG,1891.44,1891.44,1891.44,1891.44,0.0,0.97
2009-12-14,Capital Link LNG/LPG,CLLG,1899.22,1899.22,1899.22,1899.22,0.0,0.41
2009-12-15,Capital Link LNG/LPG,CLLG,1894.93,1894.93,1894.93,1894.93,0.0,-0.23
2009-12-16,Capital Link LNG/LPG,CLLG,1941.54,1941.54,1941.54,1941.54,0.0,2.46
2009-12-17,Capital Link LNG/LPG,CLLG,1920.37,1920.37,1920.37,1920.37,0.0,-1.09
2009-12-18,Capital Link LNG/LPG,CLLG,1888.32,1888.32,1888.32,1888.32,0.0,-1.67
2009-12-21,Capital Link LNG/LPG,CLLG,1907.81,1907.81,1907.81,1907.81,0.0,1.03
2009-12-22,Capital Link LNG/LPG,CLLG,1937.21,1937.21,1937.21,1937.21,0.0,1.54
2009-12-23,Capital Link LNG/LPG,CLLG,1969.47,1969.47,1969.47,1969.47,0.0,1.67
2009-12-24,Capital Link LNG/LPG,CLLG,2032.48,2032.48,2032.48,2032.48,0.0,3.2
2009-12-28,Capital Link LNG/LPG,CLLG,2017.51,2017.51,2017.51,2017.51,0.0,-0.74
2009-12-29,Capital Link LNG/LPG,CLLG,2028.89,2028.89,2028.89,2028.89,0.0,0.56
2009-12-30,Capital Link LNG/LPG,CLLG,2006.4,2006.4,2006.4,2006.4,0.0,-1.11
2009-12-31,Capital Link LNG/LPG,CLLG,2028.74,2028.74,2028.74,2028.74,0.0,1.11
2010-01-06,Capital Link LNG/LPG,CLLG,2188.99,2188.99,2188.99,2188.99,0.0,7.9
2010-01-07,Capital Link LNG/LPG,CLLG,2164.12,2164.12,2164.12,2164.12,0.0,-1.14
2010-01-08,Capital Link LNG/LPG,CLLG,2167.11,2167.11,2167.11,2167.11,0.0,0.14
2010-01-11,Capital Link LNG/LPG,CLLG,2195.96,2195.96,2195.96,2195.96,0.0,1.33
2010-01-12,Capital Link LNG/LPG,CLLG,2175.06,2175.06,2175.06,2175.06,0.0,-0.95
2010-01-13,Capital Link LNG/LPG,CLLG,2106.65,2106.65,2106.65,2106.65,0.0,-3.15
2010-01-14,Capital Link LNG/LPG,CLLG,2137.76,2137.76,2137.76,2137.76,0.0,1.48
2010-01-15,Capital Link LNG/LPG,CLLG,2139.58,2139.58,2139.58,2139.58,0.0,0.09
2010-01-19,Capital Link LNG/LPG,CLLG,2118.83,2118.83,2118.83,2118.83,0.0,-0.97
2010-01-20,Capital Link LNG/LPG,CLLG,2078.97,2078.97,2078.97,2078.97,0.0,-1.88
2010-01-21,Capital Link LNG/LPG,CLLG,2060.0,2060.0,2060.0,2060.0,0.0,-0.91
2010-01-22,Capital Link LNG/LPG,CLLG,2033.71,2033.71,2033.71,2033.71,0.0,-1.28
2010-01-25,Capital Link LNG/LPG,CLLG,2057.37,2057.37,2057.37,2057.37,0.0,1.16
2010-01-26,Capital Link LNG/LPG,CLLG,2063.86,2063.86,2063.86,2063.86,0.0,0.32
2010-01-27,Capital Link LNG/LPG,CLLG,2120.93,2120.93,2120.93,2120.93,0.0,2.77
2010-01-28,Capital Link LNG/LPG,CLLG,2081.86,2081.86,2081.86,2081.86,0.0,-1.84
2010-01-29,Capital Link LNG/LPG,CLLG,2074.37,2074.37,2074.37,2074.37,0.0,-0.36
2010-02-01,Capital Link LNG/LPG,CLLG,2104.7,2104.7,2104.7,2104.7,0.0,1.46
2010-02-02,Capital Link LNG/LPG,CLLG,2110.57,2110.57,2110.57,2110.57,0.0,0.28
2010-02-03,Capital Link LNG/LPG,CLLG,2048.22,2048.22,2048.22,2048.22,0.0,-2.95
2010-02-04,Capital Link LNG/LPG,CLLG,1907.03,1907.03,1907.03,1907.03,0.0,-6.89
2010-02-05,Capital Link LNG/LPG,CLLG,1935.95,1935.95,1935.95,1935.95,0.0,1.52
2010-02-08,Capital Link LNG/LPG,CLLG,1899.58,1899.58,1899.58,1899.58,0.0,-1.88
2010-02-09,Capital Link LNG/LPG,CLLG,1957.41,1957.41,1957.41,1957.41,0.0,3.04
2010-02-11,Capital Link LNG/LPG,CLLG,1974.83,1974.83,1974.83,1974.83,0.0,0.89
2010-02-12,Capital Link LNG/LPG,CLLG,2003.94,2003.94,2003.94,2003.94,0.0,1.47
2010-02-16,Capital Link LNG/LPG,CLLG,2083.7,2083.7,2083.7,2083.7,0.0,3.98
2010-02-17,Capital Link LNG/LPG,CLLG,2105.68,2105.68,2105.68,2105.68,0.0,1.05
2010-02-18,Capital Link LNG/LPG,CLLG,2088.95,2088.95,2088.95,2088.95,0.0,-0.79
2010-02-19,Capital Link LNG/LPG,CLLG,2088.99,2088.99,2088.99,2088.99,0.0,0.0
2010-02-22,Capital Link LNG/LPG,CLLG,2088.89,2088.89,2088.89,2088.89,0.0,0.0
2010-02-23,Capital Link LNG/LPG,CLLG,2041.32,2041.32,2041.32,2041.32,0.0,-2.28
2010-02-24,Capital Link LNG/LPG,CLLG,2036.96,2036.96,2036.96,2036.96,0.0,-0.21
2010-02-25,Capital Link LNG/LPG,CLLG,2071.1,2071.1,2071.1,2071.1,0.0,1.68
2010-02-26,Capital Link LNG/LPG,CLLG,2085.57,2085.57,2085.57,2085.57,0.0,0.7
2010-03-01,Capital Link LNG/LPG,CLLG,2117.04,2117.04,2117.04,2117.04,0.0,1.51
2010-03-02,Capital Link LNG/LPG,CLLG,2141.28,2141.28,2141.28,2141.28,0.0,1.14
2010-03-03,Capital Link LNG/LPG,CLLG,2166.74,2166.74,2166.74,2166.74,0.0,1.19
2010-03-04,Capital Link LNG/LPG,CLLG,2171.6,2171.6,2171.6,2171.6,0.0,0.22
2010-03-05,Capital Link LNG/LPG,CLLG,2205.93,2205.93,2205.93,2205.93,0.0,1.58
2010-03-08,Capital Link LNG/LPG,CLLG,2216.23,2216.23,2216.23,2216.23,0.0,0.47
2010-03-09,Capital Link LNG/LPG,CLLG,2222.23,2222.23,2222.23,2222.23,0.0,0.27
2010-03-10,Capital Link LNG/LPG,CLLG,2272.21,2272.21,2272.21,2272.21,0.0,2.25
2010-03-11,Capital Link LNG/LPG,CLLG,2288.71,2288.71,2288.71,2288.71,0.0,0.73
2010-03-12,Capital Link LNG/LPG,CLLG,2290.51,2290.51,2290.51,2290.51,0.0,0.08
2010-03-15,Capital Link LNG/LPG,CLLG,2252.01,2252.01,2252.01,2252.01,0.0,-1.68
2010-03-16,Capital Link LNG/LPG,CLLG,2235.27,2235.27,2235.27,2235.27,0.0,-0.74
2010-03-17,Capital Link LNG/LPG,CLLG,2238.94,2238.94,2238.94,2238.94,0.0,0.16
2010-03-18,Capital Link LNG/LPG,CLLG,2228.34,2228.34,2228.34,2228.34,0.0,-0.47
2010-03-19,Capital Link LNG/LPG,CLLG,2169.06,2169.06,2169.06,2169.06,0.0,-2.66
2010-03-22,Capital Link LNG/LPG,CLLG,2192.88,2192.88,2192.88,2192.88,0.0,1.1
2010-03-23,Capital Link LNG/LPG,CLLG,2224.4,2224.4,2224.4,2224.4,0.0,1.44
2010-03-24,Capital Link LNG/LPG,CLLG,2223.19,2223.19,2223.19,2223.19,0.0,-0.05
2010-03-25,Capital Link LNG/LPG,CLLG,2211.94,2211.94,2211.94,2211.94,0.0,-0.51
2010-03-26,Capital Link LNG/LPG,CLLG,2225.69,2225.69,2225.69,2225.69,0.0,0.62
2010-03-29,Capital Link LNG/LPG,CLLG,2265.06,2265.06,2265.06,2265.06,0.0,1.77
2010-03-30,Capital Link LNG/LPG,CLLG,2286.96,2286.96,2286.96,2286.96,0.0,0.97
2010-03-31,Capital Link LNG/LPG,CLLG,2281.0,2281.0,2281.0,2281.0,0.0,-0.26
2010-04-01,Capital Link LNG/LPG,CLLG,2306.36,2306.36,2306.36,2306.36,0.0,1.11
2010-04-05,Capital Link LNG/LPG,CLLG,2320.92,2320.92,2320.92,2320.92,0.0,0.63
2010-04-06,Capital Link LNG/LPG,CLLG,2289.55,2289.55,2289.55,2289.55,0.0,-1.35
2010-04-07,Capital Link LNG/LPG,CLLG,2277.73,2277.73,2277.73,2277.73,0.0,-0.52
2010-04-08,Capital Link LNG/LPG,CLLG,2282.7,2282.7,2282.7,2282.7,0.0,0.22
2010-04-09,Capital Link LNG/LPG,CLLG,2305.8,2305.8,2305.8,2305.8,0.0,1.01
2010-04-12,Capital Link LNG/LPG,CLLG,2295.06,2295.06,2295.06,2295.06,0.0,-0.47
2010-04-13,Capital Link LNG/LPG,CLLG,2292.34,2292.34,2292.34,2292.34,0.0,-0.12
2010-04-14,Capital Link LNG/LPG,CLLG,2295.18,2295.18,2295.18,2295.18,0.0,0.12
2010-04-15,Capital Link LNG/LPG,CLLG,2301.92,2301.92,2301.92,2301.92,0.0,0.29
2010-04-16,Capital Link LNG/LPG,CLLG,2278.85,2278.85,2278.85,2278.85,0.0,-1.0
2010-04-19,Capital Link LNG/LPG,CLLG,2281.09,2281.09,2281.09,2281.09,0.0,0.1
2010-04-20,Capital Link LNG/LPG,CLLG,2311.68,2311.68,2311.68,2311.68,0.0,1.34
2010-04-21,Capital Link LNG/LPG,CLLG,2325.63,2325.63,2325.63,2325.63,0.0,0.6
2010-04-22,Capital Link LNG/LPG,CLLG,2324.02,2324.02,2324.02,2324.02,0.0,-0.07
2010-04-23,Capital Link LNG/LPG,CLLG,2311.87,2311.87,2311.87,2311.87,0.0,-0.52
2010-04-26,Capital Link LNG/LPG,CLLG,2308.8,2308.8,2308.8,2308.8,0.0,-0.13
2010-04-27,Capital Link LNG/LPG,CLLG,2272.61,2272.61,2272.61,2272.61,0.0,-1.57
2010-04-28,Capital Link LNG/LPG,CLLG,2245.43,2245.43,2245.43,2245.43,0.0,-1.2
2010-04-29,Capital Link LNG/LPG,CLLG,2238.21,2238.21,2238.21,2238.21,0.0,-0.32
2010-04-30,Capital Link LNG/LPG,CLLG,2229.08,2229.08,2229.08,2229.08,0.0,-0.41
2010-05-03,Capital Link LNG/LPG,CLLG,2263.75,2263.75,2263.75,2263.75,0.0,1.56
2010-05-04,Capital Link LNG/LPG,CLLG,2251.4,2251.4,2251.4,2251.4,0.0,-0.55
2010-05-05,Capital Link LNG/LPG,CLLG,2198.8,2198.8,2198.8,2198.8,0.0,-2.34
2010-05-06,Capital Link LNG/LPG,CLLG,2198.8,2198.8,2198.8,2198.8,0.0,0.0
2010-05-07,Capital Link LNG/LPG,CLLG,2078.33,2078.33,2078.33,2078.33,0.0,-5.48
2010-05-10,Capital Link LNG/LPG,CLLG,2151.94,2151.94,2151.94,2151.94,0.0,3.54
2010-05-11,Capital Link LNG/LPG,CLLG,2181.43,2181.43,2181.43,2181.43,0.0,1.37
2010-05-12,Capital Link LNG/LPG,CLLG,2242.84,2242.84,2242.84,2242.84,0.0,2.82
2010-05-13,Capital Link LNG/LPG,CLLG,2235.03,2235.03,2235.03,2235.03,0.0,-0.35
2010-05-14,Capital Link LNG/LPG,CLLG,2243.63,2243.63,2243.63,2243.63,0.0,0.38
2010-05-17,Capital Link LNG/LPG,CLLG,2245.93,2245.93,2245.93,2245.93,0.0,0.1
2010-05-18,Capital Link LNG/LPG,CLLG,2270.08,2270.08,2270.08,2270.08,0.0,1.08
2010-05-19,Capital Link LNG/LPG,CLLG,2175.98,2175.98,2175.98,2175.98,0.0,-4.15
2010-05-20,Capital Link LNG/LPG,CLLG,2031.26,2031.26,2031.26,2031.26,0.0,-6.65
2010-05-21,Capital Link LNG/LPG,CLLG,2089.19,2089.19,2089.19,2089.19,0.0,2.85
2010-05-24,Capital Link LNG/LPG,CLLG,2065.1,2065.1,2065.1,2065.1,0.0,-1.15
2010-05-25,Capital Link LNG/LPG,CLLG,2075.13,2075.13,2075.13,2075.13,0.0,0.49
2010-05-26,Capital Link LNG/LPG,CLLG,2142.8,2142.8,2142.8,2142.8,0.0,3.26
2010-05-27,Capital Link LNG/LPG,CLLG,2211.43,2211.43,2211.43,2211.43,0.0,3.2
2010-05-28,Capital Link LNG/LPG,CLLG,2197.34,2197.34,2197.34,2197.34,0.0,-0.64
2010-06-01,Capital Link LNG/LPG,CLLG,2136.16,2136.16,2136.16,2136.16,0.0,-2.78
2010-06-02,Capital Link LNG/LPG,CLLG,2177.81,2177.81,2177.81,2177.81,0.0,1.95
2010-06-03,Capital Link LNG/LPG,CLLG,2202.52,2202.52,2202.52,2202.52,0.0,1.13
2010-06-04,Capital Link LNG/LPG,CLLG,2141.91,2141.91,2141.91,2141.91,0.0,-2.75
2010-06-07,Capital Link LNG/LPG,CLLG,2117.54,2117.54,2117.54,2117.54,0.0,-1.14
2010-06-08,Capital Link LNG/LPG,CLLG,2133.91,2133.91,2133.91,2133.91,0.0,0.77
2010-06-09,Capital Link LNG/LPG,CLLG,2167.3,2167.3,2167.3,2167.3,0.0,1.56
2010-06-10,Capital Link LNG/LPG,CLLG,2227.79,2227.79,2227.79,2227.79,0.0,2.79
2010-06-11,Capital Link LNG/LPG,CLLG,2247.27,2247.27,2247.27,2247.27,0.0,0.87
2010-06-14,Capital Link LNG/LPG,CLLG,2257.84,2257.84,2257.84,2257.84,0.0,0.47
2010-06-15,Capital Link LNG/LPG,CLLG,2276.44,2276.44,2276.44,2276.44,0.0,0.82
2010-06-16,Capital Link LNG/LPG,CLLG,2271.8,2271.8,2271.8,2271.8,0.0,-0.2
2010-06-17,Capital Link LNG/LPG,CLLG,2299.86,2299.86,2299.86,2299.86,0.0,1.24
2010-06-18,Capital Link LNG/LPG,CLLG,2301.85,2301.85,2301.85,2301.85,0.0,0.09
2010-06-21,Capital Link LNG/LPG,CLLG,2315.18,2315.18,2315.18,2315.18,0.0,0.58
2010-06-22,Capital Link LNG/LPG,CLLG,2277.77,2277.77,2277.77,2277.77,0.0,-1.62
2010-06-23,Capital Link LNG/LPG,CLLG,2283.4,2283.4,2283.4,2283.4,0.0,0.25
2010-06-24,Capital Link LNG/LPG,CLLG,2294.65,2294.65,2294.65,2294.65,0.0,0.49
2010-06-25,Capital Link LNG/LPG,CLLG,2355.77,2355.77,2355.77,2355.77,0.0,2.66
2010-06-28,Capital Link LNG/LPG,CLLG,2379.09,2379.09,2379.09,2379.09,0.0,0.99
2010-06-29,Capital Link LNG/LPG,CLLG,2307.58,2307.58,2307.58,2307.58,0.0,-3.01
2010-06-30,Capital Link LNG/LPG,CLLG,2294.67,2294.67,2294.67,2294.67,0.0,-0.56
2010-07-01,Capital Link LNG/LPG,CLLG,2255.45,2255.45,2255.45,2255.45,0.0,-1.71
2010-07-02,Capital Link LNG/LPG,CLLG,2283.76,2283.76,2283.76,2283.76,0.0,1.26
2010-07-07,Capital Link LNG/LPG,CLLG,2357.46,2357.46,2357.46,2357.46,0.0,3.23
2010-07-08,Capital Link LNG/LPG,CLLG,2364.39,2364.39,2364.39,2364.39,0.0,0.29
2010-07-09,Capital Link LNG/LPG,CLLG,2387.05,2387.05,2387.05,2387.05,0.0,0.96
2010-07-12,Capital Link LNG/LPG,CLLG,2383.45,2383.45,2383.45,2383.45,0.0,-0.15
2010-07-13,Capital Link LNG/LPG,CLLG,2423.56,2423.56,2423.56,2423.56,0.0,1.68
2010-07-14,Capital Link LNG/LPG,CLLG,2431.63,2431.63,2431.63,2431.63,0.0,0.33
2010-07-15,Capital Link LNG/LPG,CLLG,2464.44,2464.44,2464.44,2464.44,0.0,1.35
2010-07-16,Capital Link LNG/LPG,CLLG,2478.36,2478.36,2478.36,2478.36,0.0,0.56
2010-07-19,Capital Link LNG/LPG,CLLG,2522.36,2522.36,2522.36,2522.36,0.0,1.78
2010-07-20,Capital Link LNG/LPG,CLLG,2569.19,2569.19,2569.19,2569.19,0.0,1.86
2010-07-21,Capital Link LNG/LPG,CLLG,2592.03,2592.03,2592.03,2592.03,0.0,0.89
2010-07-22,Capital Link LNG/LPG,CLLG,2649.15,2649.15,2649.15,2649.15,0.0,2.2
2010-07-23,Capital Link LNG/LPG,CLLG,2674.11,2674.11,2674.11,2674.11,0.0,0.94
2010-07-26,Capital Link LNG/LPG,CLLG,2701.3,2701.3,2701.3,2701.3,0.0,1.02
2010-07-27,Capital Link LNG/LPG,CLLG,2679.0,2679.0,2679.0,2679.0,0.0,-0.83
2010-07-28,Capital Link LNG/LPG,CLLG,2629.57,2629.57,2629.57,2629.57,0.0,-1.85
2010-07-29,Capital Link LNG/LPG,CLLG,2613.26,2613.26,2613.26,2613.26,0.0,-0.62
2010-07-30,Capital Link LNG/LPG,CLLG,2659.93,2659.93,2659.93,2659.93,0.0,1.79
2010-08-02,Capital Link LNG/LPG,CLLG,2717.99,2717.99,2717.99,2717.99,0.0,2.18
2010-08-03,Capital Link LNG/LPG,CLLG,2720.4,2720.4,2720.4,2720.4,0.0,0.09
2010-08-05,Capital Link LNG/LPG,CLLG,2695.05,2695.05,2695.05,2695.05,0.0,-0.93
2010-08-06,Capital Link LNG/LPG,CLLG,2712.38,2712.38,2712.38,2712.38,0.0,0.64
2010-08-09,Capital Link LNG/LPG,CLLG,2710.94,2710.94,2710.94,2710.94,0.0,-0.05
2010-08-10,Capital Link LNG/LPG,CLLG,2675.74,2675.74,2675.74,2675.74,0.0,-1.3
2010-08-11,Capital Link LNG/LPG,CLLG,2606.12,2606.12,2606.12,2606.12,0.0,-2.6
2010-08-12,Capital Link LNG/LPG,CLLG,2564.61,2564.61,2564.61,2564.61,0.0,-1.59
2010-08-13,Capital Link LNG/LPG,CLLG,2628.66,2628.66,2628.66,2628.66,0.0,2.5
2010-08-16,Capital Link LNG/LPG,CLLG,2702.58,2702.58,2702.58,2702.58,0.0,2.81
2010-08-17,Capital Link LNG/LPG,CLLG,2660.57,2660.57,2660.57,2660.57,0.0,-1.55
2010-08-18,Capital Link LNG/LPG,CLLG,2628.01,2628.01,2628.01,2628.01,0.0,-1.22
2010-08-19,Capital Link LNG/LPG,CLLG,2613.81,2613.81,2613.81,2613.81,0.0,-0.54
2010-08-20,Capital Link LNG/LPG,CLLG,2635.01,2635.01,2635.01,2635.01,0.0,0.81
2010-08-23,Capital Link LNG/LPG,CLLG,2588.73,2588.73,2588.73,2588.73,0.0,-1.76
2010-08-24,Capital Link LNG/LPG,CLLG,2544.9,2544.9,2544.9,2544.9,0.0,-1.69
2010-08-25,Capital Link LNG/LPG,CLLG,2524.68,2524.68,2524.68,2524.68,0.0,-0.79
2010-08-26,Capital Link LNG/LPG,CLLG,2511.76,2511.76,2511.76,2511.76,0.0,-0.51
2010-08-27,Capital Link LNG/LPG,CLLG,2570.48,2570.48,2570.48,2570.48,0.0,2.34
2010-08-30,Capital Link LNG/LPG,CLLG,2514.08,2514.08,2514.08,2514.08,0.0,-2.19
2010-08-31,Capital Link LNG/LPG,CLLG,2546.31,2546.31,2546.31,2546.31,0.0,1.28
2010-09-01,Capital Link LNG/LPG,CLLG,2561.07,2561.07,2561.07,2561.07,0.0,0.58
2010-09-02,Capital Link LNG/LPG,CLLG,2542.36,2542.36,2542.36,2542.36,0.0,-0.73
2010-09-03,Capital Link LNG/LPG,CLLG,2622.85,2622.85,2622.85,2622.85,0.0,3.17
2010-09-07,Capital Link LNG/LPG,CLLG,2583.74,2583.74,2583.74,2583.74,0.0,-1.49
2010-09-08,Capital Link LNG/LPG,CLLG,2600.25,2600.25,2600.25,2600.25,0.0,0.64
2010-09-09,Capital Link LNG/LPG,CLLG,2609.37,2609.37,2609.37,2609.37,0.0,0.35
2010-09-10,Capital Link LNG/LPG,CLLG,2593.04,2593.04,2593.04,2593.04,0.0,-0.63
2010-09-13,Capital Link LNG/LPG,CLLG,2595.75,2595.75,2595.75,2595.75,0.0,0.1
2010-09-14,Capital Link LNG/LPG,CLLG,2634.93,2634.93,2634.93,2634.93,0.0,1.51
2010-09-15,Capital Link LNG/LPG,CLLG,2604.34,2604.34,2604.34,2604.34,0.0,-1.16
2010-09-16,Capital Link LNG/LPG,CLLG,2572.4,2572.4,2572.4,2572.4,0.0,-1.23
2010-09-17,Capital Link LNG/LPG,CLLG,2558.57,2558.57,2558.57,2558.57,0.0,-0.54
2010-09-20,Capital Link LNG/LPG,CLLG,2553.12,2553.12,2553.12,2553.12,0.0,-0.21
2010-09-21,Capital Link LNG/LPG,CLLG,2517.51,2517.51,2517.51,2517.51,0.0,-1.39
2010-09-22,Capital Link LNG/LPG,CLLG,2533.74,2533.74,2533.74,2533.74,0.0,0.64
2010-09-23,Capital Link LNG/LPG,CLLG,2505.2,2505.2,2505.2,2505.2,0.0,-1.13
2010-09-24,Capital Link LNG/LPG,CLLG,2494.0,2494.0,2494.0,2494.0,0.0,-0.45
2010-09-27,Capital Link LNG/LPG,CLLG,2472.56,2472.56,2472.56,2472.56,0.0,-0.86
2010-09-28,Capital Link LNG/LPG,CLLG,2474.81,2474.81,2474.81,2474.81,0.0,0.09
2010-09-29,Capital Link LNG/LPG,CLLG,2499.43,2499.43,2499.43,2499.43,0.0,0.99
2010-09-30,Capital Link LNG/LPG,CLLG,2510.25,2510.25,2510.25,2510.25,0.0,0.43
2010-10-01,Capital Link LNG/LPG,CLLG,2534.53,2534.53,2534.53,2534.53,0.0,0.97
2010-10-04,Capital Link LNG/LPG,CLLG,2509.43,2509.43,2509.43,2509.43,0.0,-0.99
2010-10-05,Capital Link LNG/LPG,CLLG,2541.03,2541.03,2541.03,2541.03,0.0,1.26
2010-10-06,Capital Link LNG/LPG,CLLG,2584.19,2584.19,2584.19,2584.19,0.0,1.7
2010-10-07,Capital Link LNG/LPG,CLLG,2601.91,2601.91,2601.91,2601.91,0.0,0.69
2010-10-08,Capital Link LNG/LPG,CLLG,2641.06,2641.06,2641.06,2641.06,0.0,1.5
2010-10-11,Capital Link LNG/LPG,CLLG,2673.48,2673.48,2673.48,2673.48,0.0,1.23
2010-10-12,Capital Link LNG/LPG,CLLG,2677.11,2677.11,2677.11,2677.11,0.0,0.14
2010-10-13,Capital Link LNG/LPG,CLLG,2709.76,2709.76,2709.76,2709.76,0.0,1.22
2010-10-14,Capital Link LNG/LPG,CLLG,2688.25,2688.25,2688.25,2688.25,0.0,-0.79
2010-10-15,Capital Link LNG/LPG,CLLG,2661.9,2661.9,2661.9,2661.9,0.0,-0.98
2010-10-18,Capital Link LNG/LPG,CLLG,2713.03,2713.03,2713.03,2713.03,0.0,1.92
2010-10-19,Capital Link LNG/LPG,CLLG,2686.29,2686.29,2686.29,2686.29,0.0,-0.99
2010-10-20,Capital Link LNG/LPG,CLLG,2710.12,2710.12,2710.12,2710.12,0.0,0.89
2010-10-21,Capital Link LNG/LPG,CLLG,2669.46,2669.46,2669.46,2669.46,0.0,-1.5
2010-10-22,Capital Link LNG/LPG,CLLG,2688.37,2688.37,2688.37,2688.37,0.0,0.71
2010-10-25,Capital Link LNG/LPG,CLLG,2696.28,2696.28,2696.28,2696.28,0.0,0.29
2010-10-26,Capital Link LNG/LPG,CLLG,2682.21,2682.21,2682.21,2682.21,0.0,-0.52
2010-10-27,Capital Link LNG/LPG,CLLG,2660.1,2660.1,2660.1,2660.1,0.0,-0.82
2010-10-28,Capital Link LNG/LPG,CLLG,2685.61,2685.61,2685.61,2685.61,0.0,0.96
2010-10-29,Capital Link LNG/LPG,CLLG,2712.93,2712.93,2712.93,2712.93,0.0,1.02
2010-11-01,Capital Link LNG/LPG,CLLG,2742.56,2742.56,2742.56,2742.56,0.0,1.09
2010-11-02,Capital Link LNG/LPG,CLLG,2787.75,2787.75,2787.75,2787.75,0.0,1.65
2010-11-03,Capital Link LNG/LPG,CLLG,2756.51,2756.51,2756.51,2756.51,0.0,-1.12
2010-11-04,Capital Link LNG/LPG,CLLG,2803.39,2803.39,2803.39,2803.39,0.0,1.7
2010-11-05,Capital Link LNG/LPG,CLLG,2823.74,2823.74,2823.74,2823.74,0.0,0.73
2010-11-08,Capital Link LNG/LPG,CLLG,2812.81,2812.81,2812.81,2812.81,0.0,-0.39
2010-11-09,Capital Link LNG/LPG,CLLG,2826.03,2826.03,2826.03,2826.03,0.0,0.47
2010-11-10,Capital Link LNG/LPG,CLLG,2825.13,2825.13,2825.13,2825.13,0.0,-0.03
2010-11-11,Capital Link LNG/LPG,CLLG,2790.23,2790.23,2790.23,2790.23,0.0,-1.24
2010-11-12,Capital Link LNG/LPG,CLLG,2791.9,2791.9,2791.9,2791.9,0.0,0.06
2010-11-15,Capital Link LNG/LPG,CLLG,2814.5,2814.5,2814.5,2814.5,0.0,0.81
2010-11-16,Capital Link LNG/LPG,CLLG,2768.51,2768.51,2768.51,2768.51,0.0,-1.63
2010-11-17,Capital Link LNG/LPG,CLLG,2784.61,2784.61,2784.61,2784.61,0.0,0.58
2010-11-18,Capital Link LNG/LPG,CLLG,2799.4,2799.4,2799.4,2799.4,0.0,0.53
2010-11-19,Capital Link LNG/LPG,CLLG,2779.99,2779.99,2779.99,2779.99,0.0,-0.69
2010-11-22,Capital Link LNG/LPG,CLLG,2836.97,2836.97,2836.97,2836.97,0.0,2.05
2010-11-23,Capital Link LNG/LPG,CLLG,2822.69,2822.69,2822.69,2822.69,0.0,-0.5
2010-11-24,Capital Link LNG/LPG,CLLG,2855.09,2855.09,2855.09,2855.09,0.0,1.15
2010-11-26,Capital Link LNG/LPG,CLLG,2814.78,2814.78,2814.78,2814.78,0.0,-1.41
2010-11-29,Capital Link LNG/LPG,CLLG,2839.6,2839.6,2839.6,2839.6,0.0,0.88
2010-11-30,Capital Link LNG/LPG,CLLG,2868.08,2868.08,2868.08,2868.08,0.0,1.0
2010-12-02,Capital Link LNG/LPG,CLLG,2883.87,2883.87,2883.87,2883.87,0.0,0.55
2010-12-03,Capital Link LNG/LPG,CLLG,2933.84,2933.84,2933.84,2933.84,0.0,1.73
2010-12-06,Capital Link LNG/LPG,CLLG,2940.91,2940.91,2940.91,2940.91,0.0,0.24
2010-12-07,Capital Link LNG/LPG,CLLG,2981.47,2981.47,2981.47,2981.47,0.0,1.38
2010-12-08,Capital Link LNG/LPG,CLLG,2956.32,2956.32,2956.32,2956.32,0.0,-0.84
2010-12-09,Capital Link LNG/LPG,CLLG,2970.14,2970.14,2970.14,2970.14,0.0,0.47
2010-12-10,Capital Link LNG/LPG,CLLG,2967.21,2967.21,2967.21,2967.21,0.0,-0.1
2010-12-13,Capital Link LNG/LPG,CLLG,2999.14,2999.14,2999.14,2999.14,0.0,1.08
2010-12-14,Capital Link LNG/LPG,CLLG,2995.46,2995.46,2995.46,2995.46,0.0,-0.12
2010-12-15,Capital Link LNG/LPG,CLLG,2977.85,2977.85,2977.85,2977.85,0.0,-0.59
2010-12-16,Capital Link LNG/LPG,CLLG,2922.7,2922.7,2922.7,2922.7,0.0,-1.85
2010-12-17,Capital Link LNG/LPG,CLLG,2874.83,2874.83,2874.83,2874.83,0.0,-1.64
2010-12-20,Capital Link LNG/LPG,CLLG,2951.1,2951.1,2951.1,2951.1,0.0,2.65
2010-12-22,Capital Link LNG/LPG,CLLG,2980.82,2980.82,2980.82,2980.82,0.0,1.01
2010-12-23,Capital Link LNG/LPG,CLLG,2965.49,2965.49,2965.49,2965.49,0.0,-0.51
2010-12-28,Capital Link LNG/LPG,CLLG,2973.7,2973.7,2973.7,2973.7,0.0,0.28
2010-12-30,Capital Link LNG/LPG,CLLG,2986.68,2986.68,2986.68,2986.68,0.0,0.44
2010-12-31,Capital Link LNG/LPG,CLLG,2992.17,2992.17,2992.17,2992.17,0.0,0.18
2011-01-03,Capital Link LNG/LPG,CLLG,3004.87,3004.87,3004.87,3004.87,0.0,0.42
2011-01-05,Capital Link LNG/LPG,CLLG,2943.29,2943.29,2943.29,2943.29,0.0,-2.05
2011-01-06,Capital Link LNG/LPG,CLLG,2951.15,2951.15,2951.15,2951.15,0.0,0.27
2011-01-07,Capital Link LNG/LPG,CLLG,2936.48,2936.48,2936.48,2936.48,0.0,-0.5
2011-01-10,Capital Link LNG/LPG,CLLG,2938.76,2938.76,2938.76,2938.76,0.0,0.08
2011-01-11,Capital Link LNG/LPG,CLLG,2916.21,2916.21,2916.21,2916.21,0.0,-0.77
2011-01-12,Capital Link LNG/LPG,CLLG,2930.87,2930.87,2930.87,2930.87,0.0,0.5
2011-01-13,Capital Link LNG/LPG,CLLG,2938.93,2938.93,2938.93,2938.93,0.0,0.28
2011-01-14,Capital Link LNG/LPG,CLLG,2947.48,2947.48,2947.48,2947.48,0.0,0.29
2011-01-18,Capital Link LNG/LPG,CLLG,2938.62,2938.62,2938.62,2938.62,0.0,-0.3
2011-01-19,Capital Link LNG/LPG,CLLG,2826.74,2826.74,2826.74,2826.74,0.0,-3.81
2011-01-20,Capital Link LNG/LPG,CLLG,2738.45,2738.45,2738.45,2738.45,0.0,-3.12
2011-01-21,Capital Link LNG/LPG,CLLG,2763.16,2763.16,2763.16,2763.16,0.0,0.9
2011-01-24,Capital Link LNG/LPG,CLLG,2787.35,2787.35,2787.35,2787.35,0.0,0.88
2011-01-25,Capital Link LNG/LPG,CLLG,2787.67,2787.67,2787.67,2787.67,0.0,0.01
2011-01-26,Capital Link LNG/LPG,CLLG,2806.67,2806.67,2806.67,2806.67,0.0,0.68
2011-01-27,Capital Link LNG/LPG,CLLG,2905.87,2905.87,2905.87,2905.87,0.0,3.53
2011-01-28,Capital Link LNG/LPG,CLLG,3063.93,3063.93,3063.93,3063.93,0.0,5.44
2011-01-31,Capital Link LNG/LPG,CLLG,3139.13,3139.13,3139.13,3139.13,0.0,2.45
2011-02-01,Capital Link LNG/LPG,CLLG,3134.86,3134.86,3134.86,3134.86,0.0,-0.14
2011-02-02,Capital Link LNG/LPG,CLLG,3097.63,3097.63,3097.63,3097.63,0.0,-1.19
2011-02-03,Capital Link LNG/LPG,CLLG,3051.96,3051.96,3051.96,3051.96,0.0,-1.47
2011-02-04,Capital Link LNG/LPG,CLLG,3001.99,3001.99,3001.99,3001.99,0.0,-1.64
2011-02-07,Capital Link LNG/LPG,CLLG,3001.6,3001.6,3001.6,3001.6,0.0,-0.01
2011-02-08,Capital Link LNG/LPG,CLLG,2969.32,2969.32,2969.32,2969.32,0.0,-1.08
2011-02-09,Capital Link LNG/LPG,CLLG,2950.89,2950.89,2950.89,2950.89,0.0,-0.62
2011-02-10,Capital Link LNG/LPG,CLLG,2956.49,2956.49,2956.49,2956.49,0.0,0.19
2011-02-11,Capital Link LNG/LPG,CLLG,2983.48,2983.48,2983.48,2983.48,0.0,0.91
2011-02-14,Capital Link LNG/LPG,CLLG,3024.92,3024.92,3024.92,3024.92,0.0,1.39
2011-02-15,Capital Link LNG/LPG,CLLG,3012.76,3012.76,3012.76,3012.76,0.0,-0.4
2011-02-16,Capital Link LNG/LPG,CLLG,3052.17,3052.17,3052.17,3052.17,0.0,1.31
2011-02-17,Capital Link LNG/LPG,CLLG,3073.55,3073.55,3073.55,3073.55,0.0,0.7
2011-02-18,Capital Link LNG/LPG,CLLG,3049.15,3049.15,3049.15,3049.15,0.0,-0.79
2011-02-22,Capital Link LNG/LPG,CLLG,2991.74,2991.74,2991.74,2991.74,0.0,-1.88
2011-02-23,Capital Link LNG/LPG,CLLG,2977.2,2977.2,2977.2,2977.2,0.0,-0.49
2011-02-24,Capital Link LNG/LPG,CLLG,2932.53,2932.53,2932.53,2932.53,0.0,-1.5
2011-02-25,Capital Link LNG/LPG,CLLG,3016.16,3016.16,3016.16,3016.16,0.0,2.85
2011-02-28,Capital Link LNG/LPG,CLLG,3033.82,3033.82,3033.82,3033.82,0.0,0.59
2011-03-01,Capital Link LNG/LPG,CLLG,3035.88,3035.88,3035.88,3035.88,0.0,0.07
2011-03-02,Capital Link LNG/LPG,CLLG,3057.98,3057.98,3057.98,3057.98,0.0,0.73
2011-03-03,Capital Link LNG/LPG,CLLG,3073.71,3073.71,3073.71,3073.71,0.0,0.51
2011-03-04,Capital Link LNG/LPG,CLLG,3073.93,3073.93,3073.93,3073.93,0.0,0.01
2011-03-07,Capital Link LNG/LPG,CLLG,3053.4,3053.4,3053.4,3053.4,0.0,-0.67
2011-03-08,Capital Link LNG/LPG,CLLG,3036.21,3036.21,3036.21,3036.21,0.0,-0.56
2011-03-09,Capital Link LNG/LPG,CLLG,2949.57,2949.57,2949.57,2949.57,0.0,-2.85
2011-03-10,Capital Link LNG/LPG,CLLG,2895.59,2895.59,2895.59,2895.59,0.0,-1.83
2011-03-11,Capital Link LNG/LPG,CLLG,2947.68,2947.68,2947.68,2947.68,0.0,1.8
2011-03-14,Capital Link LNG/LPG,CLLG,3043.64,3043.64,3043.64,3043.64,0.0,3.26
2011-03-15,Capital Link LNG/LPG,CLLG,3152.58,3152.58,3152.58,3152.58,0.0,3.58
2011-03-16,Capital Link LNG/LPG,CLLG,3135.32,3135.32,3135.32,3135.32,0.0,-0.55
2011-03-17,Capital Link LNG/LPG,CLLG,3261.3,3261.3,3261.3,3261.3,0.0,4.02
2011-03-18,Capital Link LNG/LPG,CLLG,3232.55,3232.55,3232.55,3232.55,0.0,-0.88
2011-03-21,Capital Link LNG/LPG,CLLG,3353.1,3353.1,3353.1,3353.1,0.0,3.73
2011-03-22,Capital Link LNG/LPG,CLLG,3357.49,3357.49,3357.49,3357.49,0.0,0.13
2011-03-23,Capital Link LNG/LPG,CLLG,3340.02,3340.02,3340.02,3340.02,0.0,-0.52
2011-03-25,Capital Link LNG/LPG,CLLG,3342.0,3342.0,3342.0,3342.0,0.0,0.06
2011-03-28,Capital Link LNG/LPG,CLLG,3324.11,3324.11,3324.11,3324.11,0.0,-0.54
2011-03-29,Capital Link LNG/LPG,CLLG,3293.42,3293.42,3293.42,3293.42,0.0,-0.92
2011-03-30,Capital Link LNG/LPG,CLLG,3293.78,3293.78,3293.78,3293.78,0.0,0.01
2011-03-31,Capital Link LNG/LPG,CLLG,3392.65,3392.65,3392.65,3392.65,0.0,3.0
2011-04-01,Capital Link LNG/LPG,CLLG,3374.8,3374.8,3374.8,3374.8,0.0,-0.53
2011-04-04,Capital Link LNG/LPG,CLLG,3461.13,3461.13,3461.13,3461.13,0.0,2.56
2011-04-05,Capital Link LNG/LPG,CLLG,3311.54,3311.54,3311.54,3311.54,0.0,-4.32
2011-04-06,Capital Link LNG/LPG,CLLG,3316.38,3316.38,3316.38,3316.38,0.0,0.15
2011-04-07,Capital Link LNG/LPG,CLLG,3313.54,3313.54,3313.54,3313.54,0.0,-0.09
2011-04-08,Capital Link LNG/LPG,CLLG,3259.3,3259.3,3259.3,3259.3,0.0,-1.64
2011-04-11,Capital Link LNG/LPG,CLLG,3238.42,3238.42,3238.42,3238.42,0.0,-0.64
2011-04-12,Capital Link LNG/LPG,CLLG,3107.02,3107.02,3107.02,3107.02,0.0,-4.06
2011-04-13,Capital Link LNG/LPG,CLLG,3122.1,3122.1,3122.1,3122.1,0.0,0.49
2011-04-14,Capital Link LNG/LPG,CLLG,3102.17,3102.17,3102.17,3102.17,0.0,-0.64
2011-04-15,Capital Link LNG/LPG,CLLG,3099.51,3099.51,3099.51,3099.51,0.0,-0.09
2011-04-18,Capital Link LNG/LPG,CLLG,3033.05,3033.05,3033.05,3033.05,0.0,-2.14
2011-04-19,Capital Link LNG/LPG,CLLG,3078.98,3078.98,3078.98,3078.98,0.0,1.51
2011-04-20,Capital Link LNG/LPG,CLLG,3258.81,3258.81,3258.81,3258.81,0.0,5.84
2011-04-21,Capital Link LNG/LPG,CLLG,3278.03,3278.03,3278.03,3278.03,0.0,0.59
2011-04-25,Capital Link LNG/LPG,CLLG,3278.88,3278.88,3278.88,3278.88,0.0,0.03
2011-04-26,Capital Link LNG/LPG,CLLG,3342.55,3342.55,3342.55,3342.55,0.0,1.94
2011-04-28,Capital Link LNG/LPG,CLLG,3367.69,3367.69,3367.69,3367.69,0.0,0.75
2011-04-29,Capital Link LNG/LPG,CLLG,3365.85,3365.85,3365.85,3365.85,0.0,-0.05
2011-05-02,Capital Link LNG/LPG,CLLG,3337.27,3337.27,3337.27,3337.27,0.0,-0.85
2011-05-03,Capital Link LNG/LPG,CLLG,3233.66,3233.66,3233.66,3233.66,0.0,-3.1
2011-05-04,Capital Link LNG/LPG,CLLG,3083.22,3083.22,3083.22,3083.22,0.0,-4.65
2011-05-05,Capital Link LNG/LPG,CLLG,2998.15,2998.15,2998.15,2998.15,0.0,-2.76
2011-05-06,Capital Link LNG/LPG,CLLG,3007.08,3007.08,3007.08,3007.08,0.0,0.3
2011-05-09,Capital Link LNG/LPG,CLLG,3091.61,3091.61,3091.61,3091.61,0.0,2.81
2011-05-10,Capital Link LNG/LPG,CLLG,3119.93,3119.93,3119.93,3119.93,0.0,0.92
2011-05-11,Capital Link LNG/LPG,CLLG,3038.85,3038.85,3038.85,3038.85,0.0,-2.6
2011-05-12,Capital Link LNG/LPG,CLLG,3023.97,3023.97,3023.97,3023.97,0.0,-0.49
2011-05-13,Capital Link LNG/LPG,CLLG,3014.56,3014.56,3014.56,3014.56,0.0,-0.31
2011-05-16,Capital Link LNG/LPG,CLLG,3009.59,3009.59,3009.59,3009.59,0.0,-0.16
2011-05-17,Capital Link LNG/LPG,CLLG,2929.74,2929.74,2929.74,2929.74,0.0,-2.65
2011-05-18,Capital Link LNG/LPG,CLLG,3056.17,3056.17,3056.17,3056.17,0.0,4.32
2011-05-20,Capital Link LNG/LPG,CLLG,3078.72,3078.72,3078.72,3078.72,0.0,0.74
2011-05-23,Capital Link LNG/LPG,CLLG,3031.04,3031.04,3031.04,3031.04,0.0,-1.55
2011-05-24,Capital Link LNG/LPG,CLLG,3059.39,3059.39,3059.39,3059.39,0.0,0.94
2011-05-25,Capital Link LNG/LPG,CLLG,3115.72,3115.72,3115.72,3115.72,0.0,1.84
2011-05-26,Capital Link LNG/LPG,CLLG,3143.47,3143.47,3143.47,3143.47,0.0,0.89
2011-05-27,Capital Link LNG/LPG,CLLG,3187.18,3187.18,3187.18,3187.18,0.0,1.39
2011-05-31,Capital Link LNG/LPG,CLLG,3199.5,3199.5,3199.5,3199.5,0.0,0.39
2011-06-01,Capital Link LNG/LPG,CLLG,3273.17,3273.17,3273.17,3273.17,0.0,2.3
2011-06-02,Capital Link LNG/LPG,CLLG,3225.04,3225.04,3225.04,3225.04,0.0,-1.47
2011-06-03,Capital Link LNG/LPG,CLLG,3197.44,3197.44,3197.44,3197.44,0.0,-0.86
2011-06-06,Capital Link LNG/LPG,CLLG,3129.22,3129.22,3129.22,3129.22,0.0,-2.13
2011-06-07,Capital Link LNG/LPG,CLLG,3187.07,3187.07,3187.07,3187.07,0.0,1.85
2011-06-08,Capital Link LNG/LPG,CLLG,3121.76,3121.76,3121.76,3121.76,0.0,-2.05
2011-06-09,Capital Link LNG/LPG,CLLG,3152.84,3152.84,3152.84,3152.84,0.0,1.0
2011-06-10,Capital Link LNG/LPG,CLLG,3133.47,3133.47,3133.47,3133.47,0.0,-0.61
2011-06-13,Capital Link LNG/LPG,CLLG,3066.82,3066.82,3066.82,3066.82,0.0,-2.13
2011-06-14,Capital Link LNG/LPG,CLLG,3115.46,3115.46,3115.46,3115.46,0.0,1.59
2011-06-15,Capital Link LNG/LPG,CLLG,3082.54,3082.54,3082.54,3082.54,0.0,-1.06
2011-06-16,Capital Link LNG/LPG,CLLG,3061.82,3061.82,3061.82,3061.82,0.0,-0.67
2011-06-17,Capital Link LNG/LPG,CLLG,3094.33,3094.33,3094.33,3094.33,0.0,1.06
2011-06-20,Capital Link LNG/LPG,CLLG,3135.76,3135.76,3135.76,3135.76,0.0,1.34
2011-06-21,Capital Link LNG/LPG,CLLG,3217.33,3217.33,3217.33,3217.33,0.0,2.6
2011-06-22,Capital Link LNG/LPG,CLLG,3276.42,3276.42,3276.42,3276.42,0.0,1.84
2011-06-23,Capital Link LNG/LPG,CLLG,3260.95,3260.95,3260.95,3260.95,0.0,-0.47
2011-06-24,Capital Link LNG/LPG,CLLG,3247.34,3247.34,3247.34,3247.34,0.0,-0.42
2011-06-27,Capital Link LNG/LPG,CLLG,3290.88,3290.88,3290.88,3290.88,0.0,1.34
2011-06-28,Capital Link LNG/LPG,CLLG,3337.35,3337.35,3337.35,3337.35,0.0,1.41
2011-06-29,Capital Link LNG/LPG,CLLG,3423.59,3423.59,3423.59,3423.59,0.0,2.58
2011-06-30,Capital Link LNG/LPG,CLLG,3410.86,3410.86,3410.86,3410.86,0.0,-0.37
2011-07-01,Capital Link LNG/LPG,CLLG,3490.53,3490.53,3490.53,3490.53,0.0,2.34
2011-07-05,Capital Link LNG/LPG,CLLG,3530.14,3530.14,3530.14,3530.14,0.0,1.13
2011-07-07,Capital Link LNG/LPG,CLLG,3589.7,3589.7,3589.7,3589.7,0.0,1.69
2011-07-08,Capital Link LNG/LPG,CLLG,3651.5,3651.5,3651.5,3651.5,0.0,1.72
2011-07-11,Capital Link LNG/LPG,CLLG,3632.71,3632.71,3632.71,3632.71,0.0,-0.51
2011-07-12,Capital Link LNG/LPG,CLLG,3553.7,3553.7,3553.7,3553.7,0.0,-2.17
2011-07-13,Capital Link LNG/LPG,CLLG,3568.04,3568.04,3568.04,3568.04,0.0,0.4
2011-07-14,Capital Link LNG/LPG,CLLG,3554.08,3554.08,3554.08,3554.08,0.0,-0.39
2011-07-15,Capital Link LNG/LPG,CLLG,3578.78,3578.78,3578.78,3578.78,0.0,0.69
2011-07-18,Capital Link LNG/LPG,CLLG,3538.4,3538.4,3538.4,3538.4,0.0,-1.13
2011-07-19,Capital Link LNG/LPG,CLLG,3614.84,3614.84,3614.84,3614.84,0.0,2.16
2011-07-20,Capital Link LNG/LPG,CLLG,3607.27,3607.27,3607.27,3607.27,0.0,-0.21
2011-07-21,Capital Link LNG/LPG,CLLG,3631.75,3631.75,3631.75,3631.75,0.0,0.68
2011-07-22,Capital Link LNG/LPG,CLLG,3648.98,3648.98,3648.98,3648.98,0.0,0.47
2011-07-25,Capital Link LNG/LPG,CLLG,3639.07,3639.07,3639.07,3639.07,0.0,-0.27
2011-07-26,Capital Link LNG/LPG,CLLG,3604.03,3604.03,3604.03,3604.03,0.0,-0.96
2011-07-27,Capital Link LNG/LPG,CLLG,3486.6,3486.6,3486.6,3486.6,0.0,-3.26
2011-07-28,Capital Link LNG/LPG,CLLG,3524.38,3524.38,3524.38,3524.38,0.0,1.08
2011-08-01,Capital Link LNG/LPG,CLLG,3556.49,3556.49,3556.49,3556.49,0.0,0.91
2011-08-02,Capital Link LNG/LPG,CLLG,3469.42,3469.42,3469.42,3469.42,0.0,-2.45
2011-08-03,Capital Link LNG/LPG,CLLG,3430.92,3430.92,3430.92,3430.92,0.0,-1.11
2011-08-04,Capital Link LNG/LPG,CLLG,3170.52,3170.52,3170.52,3170.52,0.0,-7.59
2011-08-05,Capital Link LNG/LPG,CLLG,3017.65,3017.65,3017.65,3017.65,0.0,-4.82
2011-08-08,Capital Link LNG/LPG,CLLG,2738.12,2738.12,2738.12,2738.12,0.0,-9.26
2011-08-09,Capital Link LNG/LPG,CLLG,2906.02,2906.02,2906.02,2906.02,0.0,6.13
2011-08-10,Capital Link LNG/LPG,CLLG,2921.53,2921.53,2921.53,2921.53,0.0,0.53
2011-08-11,Capital Link LNG/LPG,CLLG,3163.79,3163.79,3163.79,3163.79,0.0,8.29
2011-08-15,Capital Link LNG/LPG,CLLG,3214.67,3214.67,3214.67,3214.67,0.0,1.61
2011-08-16,Capital Link LNG/LPG,CLLG,3159.7,3159.7,3159.7,3159.7,0.0,-1.71
2011-08-17,Capital Link LNG/LPG,CLLG,3168.88,3168.88,3168.88,3168.88,0.0,0.29
2011-08-18,Capital Link LNG/LPG,CLLG,3015.07,3015.07,3015.07,3015.07,0.0,-4.85
2011-08-19,Capital Link LNG/LPG,CLLG,2950.49,2950.49,2950.49,2950.49,0.0,-2.14
2011-08-22,Capital Link LNG/LPG,CLLG,2922.75,2922.75,2922.75,2922.75,0.0,-0.94
2011-08-23,Capital Link LNG/LPG,CLLG,3017.32,3017.32,3017.32,3017.32,0.0,3.24
2011-08-24,Capital Link LNG/LPG,CLLG,3004.66,3004.66,3004.66,3004.66,0.0,-0.42
2011-08-25,Capital Link LNG/LPG,CLLG,2982.37,2982.37,2982.37,2982.37,0.0,-0.74
2011-08-26,Capital Link LNG/LPG,CLLG,2949.49,2949.49,2949.49,2949.49,0.0,-1.1
2011-08-29,Capital Link LNG/LPG,CLLG,3065.52,3065.52,3065.52,3065.52,0.0,3.93
2011-08-30,Capital Link LNG/LPG,CLLG,3147.3,3147.3,3147.3,3147.3,0.0,2.67
2011-08-31,Capital Link LNG/LPG,CLLG,3155.67,3155.67,3155.67,3155.67,0.0,0.27
2011-09-01,Capital Link LNG/LPG,CLLG,3118.02,3118.02,3118.02,3118.02,0.0,-1.19
2011-09-02,Capital Link LNG/LPG,CLLG,3069.7,3069.7,3069.7,3069.7,0.0,-1.55
2011-09-06,Capital Link LNG/LPG,CLLG,3000.09,3000.09,3000.09,3000.09,0.0,-2.27
2011-09-07,Capital Link LNG/LPG,CLLG,3107.87,3107.87,3107.87,3107.87,0.0,3.59
2011-09-08,Capital Link LNG/LPG,CLLG,3129.56,3129.56,3129.56,3129.56,0.0,0.7
2011-09-09,Capital Link LNG/LPG,CLLG,3037.3,3037.3,3037.3,3037.3,0.0,-2.95
2011-09-12,Capital Link LNG/LPG,CLLG,3021.8,3021.8,3021.8,3021.8,0.0,-0.51
2011-09-13,Capital Link LNG/LPG,CLLG,3068.56,3068.56,3068.56,3068.56,0.0,1.55
2011-09-14,Capital Link LNG/LPG,CLLG,3105.57,3105.57,3105.57,3105.57,0.0,1.21
2011-09-15,Capital Link LNG/LPG,CLLG,3171.47,3171.47,3171.47,3171.47,0.0,2.12
2011-09-16,Capital Link LNG/LPG,CLLG,3111.14,3111.14,3111.14,3111.14,0.0,-1.9
2011-09-19,Capital Link LNG/LPG,CLLG,3187.25,3187.25,3187.25,3187.25,0.0,2.45
2011-09-20,Capital Link LNG/LPG,CLLG,3272.3,3272.3,3272.3,3272.3,0.0,2.67
2011-09-21,Capital Link LNG/LPG,CLLG,3192.68,3192.68,3192.68,3192.68,0.0,-2.43
2011-09-23,Capital Link LNG/LPG,CLLG,3021.0,3021.0,3021.0,3021.0,0.0,-5.38
2011-09-26,Capital Link LNG/LPG,CLLG,3057.68,3057.68,3057.68,3057.68,0.0,1.21
2011-09-27,Capital Link LNG/LPG,CLLG,3135.44,3135.44,3135.44,3135.44,0.0,2.54
2011-09-28,Capital Link LNG/LPG,CLLG,3027.94,3027.94,3027.94,3027.94,0.0,-3.43
2011-09-29,Capital Link LNG/LPG,CLLG,3042.58,3042.58,3042.58,3042.58,0.0,0.48
2011-09-30,Capital Link LNG/LPG,CLLG,3002.54,3002.54,3002.54,3002.54,0.0,-1.32
2011-10-03,Capital Link LNG/LPG,CLLG,2853.01,2853.01,2853.01,2853.01,0.0,-4.98
2011-10-04,Capital Link LNG/LPG,CLLG,2870.87,2870.87,2870.87,2870.87,0.0,0.63
2011-10-05,Capital Link LNG/LPG,CLLG,2905.65,2905.65,2905.65,2905.65,0.0,1.21
2011-10-06,Capital Link LNG/LPG,CLLG,3021.46,3021.46,3021.46,3021.46,0.0,3.99
2011-10-07,Capital Link LNG/LPG,CLLG,3007.55,3007.55,3007.55,3007.55,0.0,-0.46
2011-10-10,Capital Link LNG/LPG,CLLG,3134.1,3134.1,3134.1,3134.1,0.0,4.21
2011-10-11,Capital Link LNG/LPG,CLLG,3177.48,3177.48,3177.48,3177.48,0.0,1.38
2011-10-12,Capital Link LNG/LPG,CLLG,3232.67,3232.67,3232.67,3232.67,0.0,1.74
2011-10-13,Capital Link LNG/LPG,CLLG,3248.54,3248.54,3248.54,3248.54,0.0,0.49
2011-10-14,Capital Link LNG/LPG,CLLG,3333.67,3333.67,3333.67,3333.67,0.0,2.62
2011-10-17,Capital Link LNG/LPG,CLLG,3294.49,3294.49,3294.49,3294.49,0.0,-1.18
2011-10-18,Capital Link LNG/LPG,CLLG,3374.48,3374.48,3374.48,3374.48,0.0,2.43
2011-10-24,Capital Link LNG/LPG,CLLG,3555.45,3555.45,3555.45,3555.45,0.0,5.36
2011-10-25,Capital Link LNG/LPG,CLLG,3490.97,3490.97,3490.97,3490.97,0.0,-1.81
2011-10-26,Capital Link LNG/LPG,CLLG,3534.38,3534.38,3534.38,3534.38,0.0,1.24
2011-10-27,Capital Link LNG/LPG,CLLG,3663.81,3663.81,3663.81,3663.81,0.0,3.66
2011-10-28,Capital Link LNG/LPG,CLLG,3691.88,3691.88,3691.88,3691.88,0.0,0.77
2011-10-31,Capital Link LNG/LPG,CLLG,3618.0,3618.0,3618.0,3618.0,0.0,-2.0
2011-11-01,Capital Link LNG/LPG,CLLG,3534.86,3534.86,3534.86,3534.86,0.0,-2.3
2011-11-02,Capital Link LNG/LPG,CLLG,3581.77,3581.77,3581.77,3581.77,0.0,1.33
2011-11-03,Capital Link LNG/LPG,CLLG,3576.83,3576.83,3576.83,3576.83,0.0,-0.14
2011-11-04,Capital Link LNG/LPG,CLLG,3554.53,3554.53,3554.53,3554.53,0.0,-0.62
2011-11-07,Capital Link LNG/LPG,CLLG,3517.83,3517.83,3517.83,3517.83,0.0,-1.03
2011-11-08,Capital Link LNG/LPG,CLLG,3546.74,3546.74,3546.74,3546.74,0.0,0.82
2011-11-09,Capital Link LNG/LPG,CLLG,3373.87,3373.87,3373.87,3373.87,0.0,-4.87
2011-11-10,Capital Link LNG/LPG,CLLG,3382.62,3382.62,3382.62,3382.62,0.0,0.26
2011-11-11,Capital Link LNG/LPG,CLLG,3539.54,3539.54,3539.54,3539.54,0.0,4.64
2011-11-14,Capital Link LNG/LPG,CLLG,3660.38,3660.38,3660.38,3660.38,0.0,3.41
2011-11-15,Capital Link LNG/LPG,CLLG,3702.28,3702.28,3702.28,3702.28,0.0,1.14
2011-11-16,Capital Link LNG/LPG,CLLG,3643.38,3643.38,3643.38,3643.38,0.0,-1.59
2011-11-17,Capital Link LNG/LPG,CLLG,3631.83,3631.83,3631.83,3631.83,0.0,-0.32
2011-11-22,Capital Link LNG/LPG,CLLG,3561.01,3561.01,3561.01,3561.01,0.0,-1.95
2011-11-23,Capital Link LNG/LPG,CLLG,3413.01,3413.01,3413.01,3413.01,0.0,-4.16
2011-11-25,Capital Link LNG/LPG,CLLG,3389.29,3389.29,3389.29,3389.29,0.0,-0.69
2011-11-28,Capital Link LNG/LPG,CLLG,3517.83,3517.83,3517.83,3517.83,0.0,3.79
2011-11-29,Capital Link LNG/LPG,CLLG,3554.26,3554.26,3554.26,3554.26,0.0,1.04
2011-12-01,Capital Link LNG/LPG,CLLG,3654.79,3654.79,3654.79,3654.79,0.0,2.83
2011-12-02,Capital Link LNG/LPG,CLLG,3733.8,3733.8,3733.8,3733.8,0.0,2.16
2011-12-05,Capital Link LNG/LPG,CLLG,3746.4,3746.4,3746.4,3746.4,0.0,0.34
2011-12-06,Capital Link LNG/LPG,CLLG,3756.5,3756.5,3756.5,3756.5,0.0,0.27
2011-12-07,Capital Link LNG/LPG,CLLG,3746.8,3746.8,3746.8,3746.8,0.0,-0.26
2011-12-08,Capital Link LNG/LPG,CLLG,3629.69,3629.69,3629.69,3629.69,0.0,-3.13
2011-12-12,Capital Link LNG/LPG,CLLG,3704.84,3704.84,3704.84,3704.84,0.0,2.07
2011-12-13,Capital Link LNG/LPG,CLLG,3632.84,3632.84,3632.84,3632.84,0.0,-1.94
2011-12-14,Capital Link LNG/LPG,CLLG,3567.95,3567.95,3567.95,3567.95,0.0,-1.79
2011-12-16,Capital Link LNG/LPG,CLLG,3703.32,3703.32,3703.32,3703.32,0.0,3.79
2011-12-19,Capital Link LNG/LPG,CLLG,3650.77,3650.77,3650.77,3650.77,0.0,-1.42
2011-12-20,Capital Link LNG/LPG,CLLG,3765.38,3765.38,3765.38,3765.38,0.0,3.14
2011-12-21,Capital Link LNG/LPG,CLLG,3807.1,3807.1,3807.1,3807.1,0.0,1.11
2011-12-23,Capital Link LNG/LPG,CLLG,3844.59,3844.59,3844.59,3844.59,0.0,0.98
2011-12-27,Capital Link LNG/LPG,CLLG,3810.91,3810.91,3810.91,3810.91,0.0,-0.88
2011-12-28,Capital Link LNG/LPG,CLLG,3744.1,3744.1,3744.1,3744.1,0.0,-1.75
2011-12-29,Capital Link LNG/LPG,CLLG,3776.33,3776.33,3776.33,3776.33,0.0,0.86
2011-12-30,Capital Link LNG/LPG,CLLG,3795.96,3795.96,3795.96,3795.96,0.0,0.52
2012-01-03,Capital Link LNG/LPG,CLLG,3810.14,3810.14,3810.14,3810.14,0.0,0.37
2012-01-04,Capital Link LNG/LPG,CLLG,3845.4,3845.4,3845.4,3845.4,0.0,0.93
2012-01-06,Capital Link LNG/LPG,CLLG,3905.78,3905.78,3905.78,3905.78,0.0,1.57
2012-01-09,Capital Link LNG/LPG,CLLG,3975.75,3975.75,3975.75,3975.75,0.0,1.79
2012-01-12,Capital Link LNG/LPG,CLLG,3875.71,3875.71,3875.71,3875.71,0.0,-2.52
2012-01-13,Capital Link LNG/LPG,CLLG,3760.13,3760.13,3760.13,3760.13,0.0,-2.98
2012-01-17,Capital Link LNG/LPG,CLLG,3740.96,3740.96,3740.96,3740.96,0.0,-0.51
2012-01-18,Capital Link LNG/LPG,CLLG,3636.39,3636.39,3636.39,3636.39,0.0,-2.8
2012-01-20,Capital Link LNG/LPG,CLLG,3778.63,3778.63,3778.63,3778.63,0.0,3.91
2012-01-23,Capital Link LNG/LPG,CLLG,3792.69,3792.69,3792.69,3792.69,0.0,0.37
2012-01-24,Capital Link LNG/LPG,CLLG,3786.14,3786.14,3786.14,3786.14,0.0,-0.17
2012-01-25,Capital Link LNG/LPG,CLLG,3833.89,3833.89,3833.89,3833.89,0.0,1.26
2012-01-26,Capital Link LNG/LPG,CLLG,3822.83,3822.83,3822.83,3822.83,0.0,-0.29
2012-01-27,Capital Link LNG/LPG,CLLG,3829.19,3829.19,3829.19,3829.19,0.0,0.17
2012-01-30,Capital Link LNG/LPG,CLLG,3786.51,3786.51,3786.51,3786.51,0.0,-1.11
2012-01-31,Capital Link LNG/LPG,CLLG,3783.21,3783.21,3783.21,3783.21,0.0,-0.09
2012-02-01,Capital Link LNG/LPG,CLLG,3797.65,3797.65,3797.65,3797.65,0.0,0.38
2012-02-02,Capital Link LNG/LPG,CLLG,3773.79,3773.79,3773.79,3773.79,0.0,-0.63
2012-02-03,Capital Link LNG/LPG,CLLG,3808.49,3808.49,3808.49,3808.49,0.0,0.92
2012-02-06,Capital Link LNG/LPG,CLLG,3843.46,3843.46,3843.46,3843.46,0.0,0.92
2012-02-07,Capital Link LNG/LPG,CLLG,3833.29,3833.29,3833.29,3833.29,0.0,-0.26
2012-02-08,Capital Link LNG/LPG,CLLG,3825.28,3825.28,3825.28,3825.28,0.0,-0.21
2012-02-09,Capital Link LNG/LPG,CLLG,3889.71,3889.71,3889.71,3889.71,0.0,1.68
2012-02-10,Capital Link LNG/LPG,CLLG,3929.5,3929.5,3929.5,3929.5,0.0,1.02
2012-02-13,Capital Link LNG/LPG,CLLG,3968.03,3968.03,3968.03,3968.03,0.0,0.98
2012-02-14,Capital Link LNG/LPG,CLLG,4092.31,4092.31,4092.31,4092.31,0.0,3.13
2012-02-15,Capital Link LNG/LPG,CLLG,4115.86,4115.86,4115.86,4115.86,0.0,0.58
2012-02-16,Capital Link LNG/LPG,CLLG,4178.64,4178.64,4178.64,4178.64,0.0,1.53
2012-02-17,Capital Link LNG/LPG,CLLG,4178.86,4178.86,4178.86,4178.86,0.0,0.01
2012-02-21,Capital Link LNG/LPG,CLLG,4076.66,4076.66,4076.66,4076.66,0.0,-2.45
2012-02-22,Capital Link LNG/LPG,CLLG,3982.56,3982.56,3982.56,3982.56,0.0,-2.31
2012-02-23,Capital Link LNG/LPG,CLLG,4064.05,4064.05,4064.05,4064.05,0.0,2.05
2012-02-24,Capital Link LNG/LPG,CLLG,4110.41,4110.41,4110.41,4110.41,0.0,1.14
2012-02-27,Capital Link LNG/LPG,CLLG,4152.18,4152.18,4152.18,4152.18,0.0,1.02
2012-02-28,Capital Link LNG/LPG,CLLG,4011.19,4011.19,4011.19,4011.19,0.0,-3.4
2012-02-29,Capital Link LNG/LPG,CLLG,3981.7,3981.7,3981.7,3981.7,0.0,-0.74
2012-03-01,Capital Link LNG/LPG,CLLG,4062.76,4062.76,4062.76,4062.76,0.0,2.04
2012-03-02,Capital Link LNG/LPG,CLLG,4045.34,4045.34,4045.34,4045.34,0.0,-0.43
2012-03-05,Capital Link LNG/LPG,CLLG,4012.63,4012.63,4012.63,4012.63,0.0,-0.81
2012-03-06,Capital Link LNG/LPG,CLLG,3857.6,3857.6,3857.6,3857.6,0.0,-3.86
2012-03-07,Capital Link LNG/LPG,CLLG,3912.24,3912.24,3912.24,3912.24,0.0,1.42
2012-03-08,Capital Link LNG/LPG,CLLG,3925.93,3925.93,3925.93,3925.93,0.0,0.35
2012-03-09,Capital Link LNG/LPG,CLLG,3968.65,3968.65,3968.65,3968.65,0.0,1.09
2012-03-12,Capital Link LNG/LPG,CLLG,3881.16,3881.16,3881.16,3881.16,0.0,-2.2
2012-03-13,Capital Link LNG/LPG,CLLG,3878.69,3878.69,3878.69,3878.69,0.0,-0.06
2012-03-14,Capital Link LNG/LPG,CLLG,3820.72,3820.72,3820.72,3820.72,0.0,-1.49
2012-03-15,Capital Link LNG/LPG,CLLG,3844.63,3844.63,3844.63,3844.63,0.0,0.63
2012-03-16,Capital Link LNG/LPG,CLLG,3848.82,3848.82,3848.82,3848.82,0.0,0.11
2012-03-20,Capital Link LNG/LPG,CLLG,3850.6,3850.6,3850.6,3850.6,0.0,0.05
2012-03-21,Capital Link LNG/LPG,CLLG,3822.34,3822.34,3822.34,3822.34,0.0,-0.73
2012-03-22,Capital Link LNG/LPG,CLLG,3763.8,3763.8,3763.8,3763.8,0.0,-1.53
2012-03-23,Capital Link LNG/LPG,CLLG,3774.34,3774.34,3774.34,3774.34,0.0,0.28
2012-03-26,Capital Link LNG/LPG,CLLG,3857.96,3857.96,3857.96,3857.96,0.0,2.22
2012-03-27,Capital Link LNG/LPG,CLLG,3800.44,3800.44,3800.44,3800.44,0.0,-1.49
2012-03-28,Capital Link LNG/LPG,CLLG,3773.13,3773.13,3773.13,3773.13,0.0,-0.72
2012-03-29,Capital Link LNG/LPG,CLLG,3762.94,3762.94,3762.94,3762.94,0.0,-0.27
2012-03-30,Capital Link LNG/LPG,CLLG,3775.44,3775.44,3775.44,3775.44,0.0,0.33
2012-04-02,Capital Link LNG/LPG,CLLG,3840.86,3840.86,3840.86,3840.86,0.0,1.73
2012-04-03,Capital Link LNG/LPG,CLLG,3884.05,3884.05,3884.05,3884.05,0.0,1.12
2012-04-04,Capital Link LNG/LPG,CLLG,3883.13,3883.13,3883.13,3883.13,0.0,-0.02
2012-04-05,Capital Link LNG/LPG,CLLG,3868.63,3868.63,3868.63,3868.63,0.0,-0.37
2012-04-09,Capital Link LNG/LPG,CLLG,3818.71,3818.71,3818.71,3818.71,0.0,-1.29
2012-04-10,Capital Link LNG/LPG,CLLG,3682.64,3682.64,3682.64,3682.64,0.0,-3.56
2012-04-12,Capital Link LNG/LPG,CLLG,3696.52,3696.52,3696.52,3696.52,0.0,0.38
2012-04-13,Capital Link LNG/LPG,CLLG,3682.1,3682.1,3682.1,3682.1,0.0,-0.39
2012-04-16,Capital Link LNG/LPG,CLLG,3702.25,3702.25,3702.25,3702.25,0.0,0.55
2012-04-17,Capital Link LNG/LPG,CLLG,3730.13,3730.13,3730.13,3730.13,0.0,0.75
2012-04-18,Capital Link LNG/LPG,CLLG,3773.68,3773.68,3773.68,3773.68,0.0,1.17
2012-04-19,Capital Link LNG/LPG,CLLG,3710.64,3710.64,3710.64,3710.64,0.0,-1.67
2012-04-20,Capital Link LNG/LPG,CLLG,3732.38,3732.38,3732.38,3732.38,0.0,0.59
2012-04-23,Capital Link LNG/LPG,CLLG,3695.77,3695.77,3695.77,3695.77,0.0,-0.98
2012-04-24,Capital Link LNG/LPG,CLLG,3717.19,3717.19,3717.19,3717.19,0.0,0.58
2012-04-25,Capital Link LNG/LPG,CLLG,3779.6,3779.6,3779.6,3779.6,0.0,1.68
2012-04-26,Capital Link LNG/LPG,CLLG,3771.66,3771.66,3771.66,3771.66,0.0,-0.21
2012-04-27,Capital Link LNG/LPG,CLLG,3748.04,3748.04,3748.04,3748.04,0.0,-0.63
2012-04-30,Capital Link LNG/LPG,CLLG,3784.19,3784.19,3784.19,3784.19,0.0,0.96
2012-05-01,Capital Link LNG/LPG,CLLG,3803.3,3803.3,3803.3,3803.3,0.0,0.5
2012-05-02,Capital Link LNG/LPG,CLLG,3776.25,3776.25,3776.25,3776.25,0.0,-0.71
2012-05-03,Capital Link LNG/LPG,CLLG,3678.26,3678.26,3678.26,3678.26,0.0,-2.59
2012-05-04,Capital Link LNG/LPG,CLLG,3637.51,3637.51,3637.51,3637.51,0.0,-1.11
2012-05-07,Capital Link LNG/LPG,CLLG,3603.67,3603.67,3603.67,3603.67,0.0,-0.93
2012-05-08,Capital Link LNG/LPG,CLLG,3561.95,3561.95,3561.95,3561.95,0.0,-1.16
2012-05-09,Capital Link LNG/LPG,CLLG,3516.16,3516.16,3516.16,3516.16,0.0,-1.29
2012-05-10,Capital Link LNG/LPG,CLLG,3523.43,3523.43,3523.43,3523.43,0.0,0.21
2012-05-14,Capital Link LNG/LPG,CLLG,3560.13,3560.13,3560.13,3560.13,0.0,1.04
2012-05-15,Capital Link LNG/LPG,CLLG,3534.59,3534.59,3534.59,3534.59,0.0,-0.72
2012-05-16,Capital Link LNG/LPG,CLLG,3542.58,3542.58,3542.58,3542.58,0.0,0.23
2012-05-17,Capital Link LNG/LPG,CLLG,3459.18,3459.18,3459.18,3459.18,0.0,-2.35
2012-05-18,Capital Link LNG/LPG,CLLG,3347.03,3347.03,3347.03,3347.03,0.0,-3.24
2012-05-21,Capital Link LNG/LPG,CLLG,3466.83,3466.83,3466.83,3466.83,0.0,3.58
2012-05-22,Capital Link LNG/LPG,CLLG,3521.39,3521.39,3521.39,3521.39,0.0,1.57
2012-05-23,Capital Link LNG/LPG,CLLG,3495.94,3495.94,3495.94,3495.94,0.0,-0.72
2012-05-24,Capital Link LNG/LPG,CLLG,3486.01,3486.01,3486.01,3486.01,0.0,-0.28
2012-05-25,Capital Link LNG/LPG,CLLG,3566.87,3566.87,3566.87,3566.87,0.0,2.32
2012-05-29,Capital Link LNG/LPG,CLLG,3566.87,3566.87,3566.87,3566.87,0.0,0.0
2012-05-30,Capital Link LNG/LPG,CLLG,3467.45,3467.45,3467.45,3467.45,0.0,-2.79
2012-05-31,Capital Link LNG/LPG,CLLG,3484.49,3484.49,3484.49,3484.49,0.0,0.49
2012-06-01,Capital Link LNG/LPG,CLLG,3390.61,3390.61,3390.61,3390.61,0.0,-2.69
2012-06-04,Capital Link LNG/LPG,CLLG,3284.86,3284.86,3284.86,3284.86,0.0,-3.12
2012-06-05,Capital Link LNG/LPG,CLLG,3345.82,3345.82,3345.82,3345.82,0.0,1.86
2012-06-06,Capital Link LNG/LPG,CLLG,3444.73,3444.73,3444.73,3444.73,0.0,2.96
2012-06-07,Capital Link LNG/LPG,CLLG,3414.0,3414.0,3414.0,3414.0,0.0,-0.89
2012-06-08,Capital Link LNG/LPG,CLLG,3417.2,3417.2,3417.2,3417.2,0.0,0.09
2012-06-11,Capital Link LNG/LPG,CLLG,3349.46,3349.46,3349.46,3349.46,0.0,-1.98
2012-06-12,Capital Link LNG/LPG,CLLG,3360.67,3360.67,3360.67,3360.67,0.0,0.33
2012-06-13,Capital Link LNG/LPG,CLLG,3385.8,3385.8,3385.8,3385.8,0.0,0.75
2012-06-14,Capital Link LNG/LPG,CLLG,3362.51,3362.51,3362.51,3362.51,0.0,-0.69
2012-06-15,Capital Link LNG/LPG,CLLG,3362.64,3362.64,3362.64,3362.64,0.0,0.0
2012-06-18,Capital Link LNG/LPG,CLLG,3344.21,3344.21,3344.21,3344.21,0.0,-0.55
2012-06-20,Capital Link LNG/LPG,CLLG,3449.76,3449.76,3449.76,3449.76,0.0,3.16
2012-06-21,Capital Link LNG/LPG,CLLG,3367.94,3367.94,3367.94,3367.94,0.0,-2.37
2012-06-22,Capital Link LNG/LPG,CLLG,3378.34,3378.34,3378.34,3378.34,0.0,0.31
2012-06-25,Capital Link LNG/LPG,CLLG,3328.43,3328.43,3328.43,3328.43,0.0,-1.48
2012-06-26,Capital Link LNG/LPG,CLLG,3331.36,3331.36,3331.36,3331.36,0.0,0.09
2012-06-27,Capital Link LNG/LPG,CLLG,3484.34,3484.34,3484.34,3484.34,0.0,4.59
2012-06-28,Capital Link LNG/LPG,CLLG,3593.57,3593.57,3593.57,3593.57,0.0,3.13
2012-06-29,Capital Link LNG/LPG,CLLG,3684.2,3684.2,3684.2,3684.2,0.0,2.52
2012-07-02,Capital Link LNG/LPG,CLLG,3723.44,3723.44,3723.44,3723.44,0.0,1.07
2012-07-03,Capital Link LNG/LPG,CLLG,3501.75,3501.75,3501.75,3501.75,0.0,-5.95
2012-07-05,Capital Link LNG/LPG,CLLG,3481.41,3481.41,3481.41,3481.41,0.0,-0.58
2012-07-06,Capital Link LNG/LPG,CLLG,3567.3,3567.3,3567.3,3567.3,0.0,2.47
2012-07-09,Capital Link LNG/LPG,CLLG,3558.15,3558.15,3558.15,3558.15,0.0,-0.26
2012-07-10,Capital Link LNG/LPG,CLLG,3527.82,3527.82,3527.82,3527.82,0.0,-0.85
2012-07-11,Capital Link LNG/LPG,CLLG,3488.53,3488.53,3488.53,3488.53,0.0,-1.11
2012-07-12,Capital Link LNG/LPG,CLLG,3503.13,3503.13,3503.13,3503.13,0.0,0.42
2012-07-13,Capital Link LNG/LPG,CLLG,3558.9,3558.9,3558.9,3558.9,0.0,1.59
2012-07-16,Capital Link LNG/LPG,CLLG,3528.58,3528.58,3528.58,3528.58,0.0,-0.85
2012-07-17,Capital Link LNG/LPG,CLLG,3556.86,3556.86,3556.86,3556.86,0.0,0.8
2012-07-18,Capital Link LNG/LPG,CLLG,3575.15,3575.15,3575.15,3575.15,0.0,0.51
2012-07-19,Capital Link LNG/LPG,CLLG,3566.6,3566.6,3566.6,3566.6,0.0,-0.24
2012-07-20,Capital Link LNG/LPG,CLLG,3574.68,3574.68,3574.68,3574.68,0.0,0.23
2012-07-23,Capital Link LNG/LPG,CLLG,3478.13,3478.13,3478.13,3478.13,0.0,-2.7
2012-07-25,Capital Link LNG/LPG,CLLG,3418.28,3418.28,3418.28,3418.28,0.0,-1.72
2012-07-26,Capital Link LNG/LPG,CLLG,3474.41,3474.41,3474.41,3474.41,0.0,1.64
2012-07-27,Capital Link LNG/LPG,CLLG,3508.65,3508.65,3508.65,3508.65,0.0,0.99
2012-07-30,Capital Link LNG/LPG,CLLG,3535.32,3535.32,3535.32,3535.32,0.0,0.76
2012-07-31,Capital Link LNG/LPG,CLLG,3526.68,3526.68,3526.68,3526.68,0.0,-0.24
2012-08-01,Capital Link LNG/LPG,CLLG,3512.47,3512.47,3512.47,3512.47,0.0,-0.4
2012-08-02,Capital Link LNG/LPG,CLLG,3483.73,3483.73,3483.73,3483.73,0.0,-0.82
2012-08-03,Capital Link LNG/LPG,CLLG,3552.68,3552.68,3552.68,3552.68,0.0,1.98
2012-08-06,Capital Link LNG/LPG,CLLG,3605.5,3605.5,3605.5,3605.5,0.0,1.49
2012-08-07,Capital Link LNG/LPG,CLLG,3625.36,3625.36,3625.36,3625.36,0.0,0.55
2012-08-08,Capital Link LNG/LPG,CLLG,3622.57,3622.57,3622.57,3622.57,0.0,-0.08
2012-08-09,Capital Link LNG/LPG,CLLG,3637.03,3637.03,3637.03,3637.03,0.0,0.4
2012-08-10,Capital Link LNG/LPG,CLLG,3640.25,3640.25,3640.25,3640.25,0.0,0.09
2012-08-13,Capital Link LNG/LPG,CLLG,3615.84,3615.84,3615.84,3615.84,0.0,-0.67
2012-08-14,Capital Link LNG/LPG,CLLG,3619.66,3619.66,3619.66,3619.66,0.0,0.11
2012-08-15,Capital Link LNG/LPG,CLLG,3642.33,3642.33,3642.33,3642.33,0.0,0.63
2012-08-17,Capital Link LNG/LPG,CLLG,3631.26,3631.26,3631.26,3631.26,0.0,-0.3
2012-08-20,Capital Link LNG/LPG,CLLG,3650.33,3650.33,3650.33,3650.33,0.0,0.53
2012-08-22,Capital Link LNG/LPG,CLLG,3617.83,3617.83,3617.83,3617.83,0.0,-0.89
2012-08-23,Capital Link LNG/LPG,CLLG,3583.22,3583.22,3583.22,3583.22,0.0,-0.96
2012-08-24,Capital Link LNG/LPG,CLLG,3663.29,3663.29,3663.29,3663.29,0.0,2.23
2012-08-27,Capital Link LNG/LPG,CLLG,3685.78,3685.78,3685.78,3685.78,0.0,0.61
2012-08-28,Capital Link LNG/LPG,CLLG,3638.72,3638.72,3638.72,3638.72,0.0,-1.28
2012-08-29,Capital Link LNG/LPG,CLLG,3611.68,3611.68,3611.68,3611.68,0.0,-0.74
2012-08-30,Capital Link LNG/LPG,CLLG,3549.59,3549.59,3549.59,3549.59,0.0,-1.72
2012-08-31,Capital Link LNG/LPG,CLLG,3539.54,3539.54,3539.54,3539.54,0.0,-0.28
2012-09-04,Capital Link LNG/LPG,CLLG,3565.1,3565.1,3565.1,3565.1,0.0,0.72
2012-09-05,Capital Link LNG/LPG,CLLG,3479.51,3479.51,3479.51,3479.51,0.0,-2.4
2012-09-06,Capital Link LNG/LPG,CLLG,3479.93,3479.93,3479.93,3479.93,0.0,0.01
2012-09-07,Capital Link LNG/LPG,CLLG,3474.6,3474.6,3474.6,3474.6,0.0,-0.15
2012-09-10,Capital Link LNG/LPG,CLLG,3455.14,3455.14,3455.14,3455.14,0.0,-0.56
2012-09-11,Capital Link LNG/LPG,CLLG,3454.62,3454.62,3454.62,3454.62,0.0,-0.02
2012-09-12,Capital Link LNG/LPG,CLLG,3416.67,3416.67,3416.67,3416.67,0.0,-1.1
2012-09-13,Capital Link LNG/LPG,CLLG,3448.02,3448.02,3448.02,3448.02,0.0,0.92
2012-09-14,Capital Link LNG/LPG,CLLG,3551.03,3551.03,3551.03,3551.03,0.0,2.99
2012-09-17,Capital Link LNG/LPG,CLLG,3549.87,3549.87,3549.87,3549.87,0.0,-0.03
2012-09-18,Capital Link LNG/LPG,CLLG,3527.35,3527.35,3527.35,3527.35,0.0,-0.63
2012-09-19,Capital Link LNG/LPG,CLLG,3503.6,3503.6,3503.6,3503.6,0.0,-0.67
2012-09-20,Capital Link LNG/LPG,CLLG,3461.09,3461.09,3461.09,3461.09,0.0,-1.21
2012-09-21,Capital Link LNG/LPG,CLLG,3484.4,3484.4,3484.4,3484.4,0.0,0.67
2012-09-24,Capital Link LNG/LPG,CLLG,3469.44,3469.44,3469.44,3469.44,0.0,-0.43
2012-09-25,Capital Link LNG/LPG,CLLG,3438.61,3438.61,3438.61,3438.61,0.0,-0.89
2012-09-26,Capital Link LNG/LPG,CLLG,3398.92,3398.92,3398.92,3398.92,0.0,-1.15
2012-09-27,Capital Link LNG/LPG,CLLG,3428.44,3428.44,3428.44,3428.44,0.0,0.87
2012-10-01,Capital Link LNG/LPG,CLLG,3430.41,3430.41,3430.41,3430.41,0.0,0.06
2012-10-02,Capital Link LNG/LPG,CLLG,3442.48,3442.48,3442.48,3442.48,0.0,0.35
2012-10-03,Capital Link LNG/LPG,CLLG,3417.5,3417.5,3417.5,3417.5,0.0,-0.73
2012-10-04,Capital Link LNG/LPG,CLLG,3441.8,3441.8,3441.8,3441.8,0.0,0.71
2012-10-05,Capital Link LNG/LPG,CLLG,3444.89,3444.89,3444.89,3444.89,0.0,0.09
2012-10-08,Capital Link LNG/LPG,CLLG,3433.25,3433.25,3433.25,3433.25,0.0,-0.34
2012-10-09,Capital Link LNG/LPG,CLLG,3404.23,3404.23,3404.23,3404.23,0.0,-0.85
2012-10-10,Capital Link LNG/LPG,CLLG,3370.38,3370.38,3370.38,3370.38,0.0,-0.99
2012-10-11,Capital Link LNG/LPG,CLLG,3383.03,3383.03,3383.03,3383.03,0.0,0.38
2012-10-12,Capital Link LNG/LPG,CLLG,3395.49,3395.49,3395.49,3395.49,0.0,0.37
2012-10-15,Capital Link LNG/LPG,CLLG,3393.0,3393.0,3393.0,3393.0,0.0,-0.07
2012-10-16,Capital Link LNG/LPG,CLLG,3406.7,3406.7,3406.7,3406.7,0.0,0.4
2012-10-17,Capital Link LNG/LPG,CLLG,3453.76,3453.76,3453.76,3453.76,0.0,1.38
2012-10-18,Capital Link LNG/LPG,CLLG,3456.09,3456.09,3456.09,3456.09,0.0,0.07
2012-10-19,Capital Link LNG/LPG,CLLG,3421.57,3421.57,3421.57,3421.57,0.0,-1.0
2012-10-22,Capital Link LNG/LPG,CLLG,3374.82,3374.82,3374.82,3374.82,0.0,-1.37
2012-10-23,Capital Link LNG/LPG,CLLG,3349.85,3349.85,3349.85,3349.85,0.0,-0.74
2012-10-24,Capital Link LNG/LPG,CLLG,3356.3,3356.3,3356.3,3356.3,0.0,0.19
2012-10-25,Capital Link LNG/LPG,CLLG,3364.76,3364.76,3364.76,3364.76,0.0,0.25
2012-10-26,Capital Link LNG/LPG,CLLG,3384.5,3384.5,3384.5,3384.5,0.0,0.59
2012-10-31,Capital Link LNG/LPG,CLLG,3359.71,3359.71,3359.71,3359.71,0.0,-0.73
2012-11-01,Capital Link LNG/LPG,CLLG,3555.53,3555.53,3555.53,3555.53,0.0,5.83
2012-11-02,Capital Link LNG/LPG,CLLG,3539.19,3539.19,3539.19,3539.19,0.0,-0.46
2012-11-05,Capital Link LNG/LPG,CLLG,3563.45,3563.45,3563.45,3563.45,0.0,0.69
2012-11-06,Capital Link LNG/LPG,CLLG,3543.49,3543.49,3543.49,3543.49,0.0,-0.56
2012-11-07,Capital Link LNG/LPG,CLLG,3465.78,3465.78,3465.78,3465.78,0.0,-2.19
2012-11-08,Capital Link LNG/LPG,CLLG,3400.29,3400.29,3400.29,3400.29,0.0,-1.89
2012-11-09,Capital Link LNG/LPG,CLLG,3400.59,3400.59,3400.59,3400.59,0.0,0.01
2012-11-12,Capital Link LNG/LPG,CLLG,3374.02,3374.02,3374.02,3374.02,0.0,-0.78
2012-11-13,Capital Link LNG/LPG,CLLG,3312.18,3312.18,3312.18,3312.18,0.0,-1.83
2012-11-14,Capital Link LNG/LPG,CLLG,3270.15,3270.15,3270.15,3270.15,0.0,-1.27
2012-11-15,Capital Link LNG/LPG,CLLG,3198.61,3198.61,3198.61,3198.61,0.0,-2.19
2012-11-16,Capital Link LNG/LPG,CLLG,3276.64,3276.64,3276.64,3276.64,0.0,2.44
2012-11-19,Capital Link LNG/LPG,CLLG,3392.97,3392.97,3392.97,3392.97,0.0,3.55
2012-11-20,Capital Link LNG/LPG,CLLG,3397.23,3397.23,3397.23,3397.23,0.0,0.13
2012-11-21,Capital Link LNG/LPG,CLLG,3393.01,3393.01,3393.01,3393.01,0.0,-0.12
2012-11-23,Capital Link LNG/LPG,CLLG,3392.18,3392.18,3392.18,3392.18,0.0,-0.02
2012-11-26,Capital Link LNG/LPG,CLLG,3376.63,3376.63,3376.63,3376.63,0.0,-0.46
2012-11-27,Capital Link LNG/LPG,CLLG,3340.38,3340.38,3340.38,3340.38,0.0,-1.07
2012-11-29,Capital Link LNG/LPG,CLLG,3379.4,3379.4,3379.4,3379.4,0.0,1.17
2012-11-30,Capital Link LNG/LPG,CLLG,3397.34,3397.34,3397.34,3397.34,0.0,0.53
2012-12-03,Capital Link LNG/LPG,CLLG,3353.59,3353.59,3353.59,3353.59,0.0,-1.29
2012-12-04,Capital Link LNG/LPG,CLLG,3340.98,3340.98,3340.98,3340.98,0.0,-0.38
2012-12-05,Capital Link LNG/LPG,CLLG,3317.79,3317.79,3317.79,3317.79,0.0,-0.69
2012-12-06,Capital Link LNG/LPG,CLLG,3304.0,3304.0,3304.0,3304.0,0.0,-0.42
2012-12-07,Capital Link LNG/LPG,CLLG,3310.78,3310.78,3310.78,3310.78,0.0,0.21
2012-12-10,Capital Link LNG/LPG,CLLG,3318.53,3318.53,3318.53,3318.53,0.0,0.23
2012-12-11,Capital Link LNG/LPG,CLLG,3310.15,3310.15,3310.15,3310.15,0.0,-0.25
2012-12-12,Capital Link LNG/LPG,CLLG,3276.15,3276.15,3276.15,3276.15,0.0,-1.03
2012-12-13,Capital Link LNG/LPG,CLLG,3261.02,3261.02,3261.02,3261.02,0.0,-0.46
2012-12-14,Capital Link LNG/LPG,CLLG,3236.71,3236.71,3236.71,3236.71,0.0,-0.75
2012-12-17,Capital Link LNG/LPG,CLLG,3251.57,3251.57,3251.57,3251.57,0.0,0.46
2012-12-18,Capital Link LNG/LPG,CLLG,3348.76,3348.76,3348.76,3348.76,0.0,2.99
2012-12-19,Capital Link LNG/LPG,CLLG,3375.13,3375.13,3375.13,3375.13,0.0,0.79
2012-12-20,Capital Link LNG/LPG,CLLG,3384.68,3384.68,3384.68,3384.68,0.0,0.28
2012-12-26,Capital Link LNG/LPG,CLLG,3270.44,3270.44,3270.44,3270.44,0.0,-3.38
2012-12-27,Capital Link LNG/LPG,CLLG,3270.9,3270.9,3270.9,3270.9,0.0,0.01
2012-12-31,Capital Link LNG/LPG,CLLG,3300.56,3300.56,3300.56,3300.56,0.0,0.91
2013-01-02,Capital Link LNG/LPG,CLLG,3423.06,3423.06,3423.06,3423.06,0.0,3.71
2013-01-03,Capital Link LNG/LPG,CLLG,3418.11,3418.11,3418.11,3418.11,0.0,-0.14
2013-01-04,Capital Link LNG/LPG,CLLG,3431.89,3431.89,3431.89,3431.89,0.0,0.4
2013-01-07,Capital Link LNG/LPG,CLLG,3425.83,3425.83,3425.83,3425.83,0.0,-0.18
2013-01-08,Capital Link LNG/LPG,CLLG,3410.04,3410.04,3410.04,3410.04,0.0,-0.46
2013-01-09,Capital Link LNG/LPG,CLLG,3438.41,3438.41,3438.41,3438.41,0.0,0.83
2013-01-10,Capital Link LNG/LPG,CLLG,3452.53,3452.53,3452.53,3452.53,0.0,0.41
2013-01-11,Capital Link LNG/LPG,CLLG,3452.87,3452.87,3452.87,3452.87,0.0,0.01
2013-01-14,Capital Link LNG/LPG,CLLG,3470.11,3470.11,3470.11,3470.11,0.0,0.5
2013-01-15,Capital Link LNG/LPG,CLLG,3479.13,3479.13,3479.13,3479.13,0.0,0.26
2013-01-16,Capital Link LNG/LPG,CLLG,3487.63,3487.63,3487.63,3487.63,0.0,0.24
2013-01-17,Capital Link LNG/LPG,CLLG,3516.83,3516.83,3516.83,3516.83,0.0,0.84
2013-01-18,Capital Link LNG/LPG,CLLG,3531.97,3531.97,3531.97,3531.97,0.0,0.43
2013-01-22,Capital Link LNG/LPG,CLLG,3558.14,3558.14,3558.14,3558.14,0.0,0.74
2013-01-23,Capital Link LNG/LPG,CLLG,3535.75,3535.75,3535.75,3535.75,0.0,-0.63
2013-01-24,Capital Link LNG/LPG,CLLG,3542.21,3542.21,3542.21,3542.21,0.0,0.18
2013-01-25,Capital Link LNG/LPG,CLLG,3617.42,3617.42,3617.42,3617.42,0.0,2.12
2013-01-28,Capital Link LNG/LPG,CLLG,3629.98,3629.98,3629.98,3629.98,0.0,0.35
2013-01-29,Capital Link LNG/LPG,CLLG,3632.55,3632.55,3632.55,3632.55,0.0,0.07
2013-01-30,Capital Link LNG/LPG,CLLG,3598.17,3598.17,3598.17,3598.17,0.0,-0.95
2013-01-31,Capital Link LNG/LPG,CLLG,3535.48,3535.48,3535.48,3535.48,0.0,-1.74
2013-02-04,Capital Link LNG/LPG,CLLG,3522.0,3522.0,3522.0,3522.0,0.0,-0.38
2013-02-06,Capital Link LNG/LPG,CLLG,3542.68,3542.68,3542.68,3542.68,0.0,0.59
2013-02-08,Capital Link LNG/LPG,CLLG,3577.75,3577.75,3577.75,3577.75,0.0,0.99
2013-02-11,Capital Link LNG/LPG,CLLG,3583.27,3583.27,3583.27,3583.27,0.0,0.15
2013-02-12,Capital Link LNG/LPG,CLLG,3577.15,3577.15,3577.15,3577.15,0.0,-0.17
2013-02-13,Capital Link LNG/LPG,CLLG,3589.31,3589.31,3589.31,3589.31,0.0,0.34
2013-02-15,Capital Link LNG/LPG,CLLG,3566.8,3566.8,3566.8,3566.8,0.0,-0.63
2013-02-19,Capital Link LNG/LPG,CLLG,3559.42,3559.42,3559.42,3559.42,0.0,-0.21
2013-02-20,Capital Link LNG/LPG,CLLG,3481.99,3481.99,3481.99,3481.99,0.0,-2.18
2013-02-21,Capital Link LNG/LPG,CLLG,3415.06,3415.06,3415.06,3415.06,0.0,-1.92
2013-02-25,Capital Link LNG/LPG,CLLG,3347.63,3347.63,3347.63,3347.63,0.0,-1.97
2013-02-26,Capital Link LNG/LPG,CLLG,3349.76,3349.76,3349.76,3349.76,0.0,0.06
2013-02-27,Capital Link LNG/LPG,CLLG,3369.45,3369.45,3369.45,3369.45,0.0,0.59
2013-03-01,Capital Link LNG/LPG,CLLG,3398.7,3398.7,3398.7,3398.7,0.0,0.87
2013-03-04,Capital Link LNG/LPG,CLLG,3370.8,3370.8,3370.8,3370.8,0.0,-0.82
2013-03-05,Capital Link LNG/LPG,CLLG,3374.89,3374.89,3374.89,3374.89,0.0,0.12
2013-03-06,Capital Link LNG/LPG,CLLG,3311.45,3311.45,3311.45,3311.45,0.0,-1.88
2013-03-07,Capital Link LNG/LPG,CLLG,3322.69,3322.69,3322.69,3322.69,0.0,0.34
2013-03-08,Capital Link LNG/LPG,CLLG,3269.9,3269.9,3269.9,3269.9,0.0,-1.59
2013-03-11,Capital Link LNG/LPG,CLLG,3293.53,3293.53,3293.53,3293.53,0.0,0.72
2013-03-12,Capital Link LNG/LPG,CLLG,3292.21,3292.21,3292.21,3292.21,0.0,-0.04
2013-03-13,Capital Link LNG/LPG,CLLG,3310.81,3310.81,3310.81,3310.81,0.0,0.56
2013-03-14,Capital Link LNG/LPG,CLLG,3322.41,3322.41,3322.41,3322.41,0.0,0.35
2013-03-18,Capital Link LNG/LPG,CLLG,3371.35,3371.35,3371.35,3371.35,0.0,1.47
2013-03-19,Capital Link LNG/LPG,CLLG,3360.13,3360.13,3360.13,3360.13,0.0,-0.33
2013-03-20,Capital Link LNG/LPG,CLLG,3380.4,3380.4,3380.4,3380.4,0.0,0.6
2013-03-22,Capital Link LNG/LPG,CLLG,3396.95,3396.95,3396.95,3396.95,0.0,0.49
2013-03-25,Capital Link LNG/LPG,CLLG,3440.89,3440.89,3440.89,3440.89,0.0,1.29
2013-03-26,Capital Link LNG/LPG,CLLG,3484.73,3484.73,3484.73,3484.73,0.0,1.27
2013-03-27,Capital Link LNG/LPG,CLLG,3454.04,3454.04,3454.04,3454.04,0.0,-0.88
2013-03-28,Capital Link LNG/LPG,CLLG,3484.03,3484.03,3484.03,3484.03,0.0,0.87
2013-04-02,Capital Link LNG/LPG,CLLG,3414.44,3414.44,3414.44,3414.44,0.0,-2.0
2013-04-03,Capital Link LNG/LPG,CLLG,3305.76,3305.76,3305.76,3305.76,0.0,-3.18
2013-04-04,Capital Link LNG/LPG,CLLG,3336.32,3336.32,3336.32,3336.32,0.0,0.92
2013-04-05,Capital Link LNG/LPG,CLLG,3373.76,3373.76,3373.76,3373.76,0.0,1.12
2013-04-09,Capital Link LNG/LPG,CLLG,3449.79,3449.79,3449.79,3449.79,0.0,2.25
2013-04-10,Capital Link LNG/LPG,CLLG,3448.41,3448.41,3448.41,3448.41,0.0,-0.04
2013-04-12,Capital Link LNG/LPG,CLLG,3399.62,3399.62,3399.62,3399.62,0.0,-1.41
2013-04-15,Capital Link LNG/LPG,CLLG,3322.65,3322.65,3322.65,3322.65,0.0,-2.26
2013-04-16,Capital Link LNG/LPG,CLLG,3372.67,3372.67,3372.67,3372.67,0.0,1.51
2013-04-17,Capital Link LNG/LPG,CLLG,3324.37,3324.37,3324.37,3324.37,0.0,-1.43
2013-04-18,Capital Link LNG/LPG,CLLG,3308.7,3308.7,3308.7,3308.7,0.0,-0.47
2013-04-19,Capital Link LNG/LPG,CLLG,3306.81,3306.81,3306.81,3306.81,0.0,-0.06
2013-04-22,Capital Link LNG/LPG,CLLG,3344.98,3344.98,3344.98,3344.98,0.0,1.15
2013-04-23,Capital Link LNG/LPG,CLLG,3363.32,3363.32,3363.32,3363.32,0.0,0.55
2013-04-24,Capital Link LNG/LPG,CLLG,3387.45,3387.45,3387.45,3387.45,0.0,0.72
2013-04-26,Capital Link LNG/LPG,CLLG,3301.63,3301.63,3301.63,3301.63,0.0,-2.53
2013-04-30,Capital Link LNG/LPG,CLLG,3367.04,3367.04,3367.04,3367.04,0.0,1.98
2013-05-02,Capital Link LNG/LPG,CLLG,3379.35,3379.35,3379.35,3379.35,0.0,0.37
2013-05-06,Capital Link LNG/LPG,CLLG,3494.55,3494.55,3494.55,3494.55,0.0,3.41
2013-05-07,Capital Link LNG/LPG,CLLG,3502.87,3502.87,3502.87,3502.87,0.0,0.24
2013-05-08,Capital Link LNG/LPG,CLLG,3549.06,3549.06,3549.06,3549.06,0.0,1.32
2013-05-10,Capital Link LNG/LPG,CLLG,3553.44,3553.44,3553.44,3553.44,0.0,0.12
2013-05-13,Capital Link LNG/LPG,CLLG,3569.69,3569.69,3569.69,3569.69,0.0,0.46
2013-05-14,Capital Link LNG/LPG,CLLG,3571.17,3571.17,3571.17,3571.17,0.0,0.04
2013-05-15,Capital Link LNG/LPG,CLLG,3522.02,3522.02,3522.02,3522.02,0.0,-1.38
2013-05-17,Capital Link LNG/LPG,CLLG,3532.35,3532.35,3532.35,3532.35,0.0,0.29
2013-05-20,Capital Link LNG/LPG,CLLG,3589.95,3589.95,3589.95,3589.95,0.0,1.63
2013-05-21,Capital Link LNG/LPG,CLLG,3632.82,3632.82,3632.82,3632.82,0.0,1.19
2013-05-22,Capital Link LNG/LPG,CLLG,3613.61,3613.61,3613.61,3613.61,0.0,-0.53
2013-05-24,Capital Link LNG/LPG,CLLG,3537.69,3537.69,3537.69,3537.69,0.0,-2.1
2013-05-28,Capital Link LNG/LPG,CLLG,3566.1,3566.1,3566.1,3566.1,0.0,0.8
2013-05-29,Capital Link LNG/LPG,CLLG,3513.96,3513.96,3513.96,3513.96,0.0,-1.46
2013-05-30,Capital Link LNG/LPG,CLLG,3479.78,3479.78,3479.78,3479.78,0.0,-0.97
2013-05-31,Capital Link LNG/LPG,CLLG,3438.42,3438.42,3438.42,3438.42,0.0,-1.19
2013-06-03,Capital Link LNG/LPG,CLLG,3402.86,3402.86,3402.86,3402.86,0.0,-1.03
2013-06-04,Capital Link LNG/LPG,CLLG,3427.41,3427.41,3427.41,3427.41,0.0,0.72
2013-06-05,Capital Link LNG/LPG,CLLG,3355.94,3355.94,3355.94,3355.94,0.0,-2.09
2013-06-07,Capital Link LNG/LPG,CLLG,3431.52,3431.52,3431.52,3431.52,0.0,2.25
2013-06-11,Capital Link LNG/LPG,CLLG,3362.46,3362.46,3362.46,3362.46,0.0,-2.01
2013-06-14,Capital Link LNG/LPG,CLLG,3392.24,3392.24,3392.24,3392.24,0.0,0.89
2013-06-18,Capital Link LNG/LPG,CLLG,3422.72,3422.72,3422.72,3422.72,0.0,0.9
2013-06-19,Capital Link LNG/LPG,CLLG,3402.85,3402.85,3402.85,3402.85,0.0,-0.58
2013-06-20,Capital Link LNG/LPG,CLLG,3387.61,3387.61,3387.61,3387.61,0.0,-0.45
2013-06-24,Capital Link LNG/LPG,CLLG,3299.53,3299.53,3299.53,3299.53,0.0,-2.6
2013-06-26,Capital Link LNG/LPG,CLLG,3409.35,3409.35,3409.35,3409.35,0.0,3.33
2013-06-27,Capital Link LNG/LPG,CLLG,3438.81,3438.81,3438.81,3438.81,0.0,0.86
2013-06-28,Capital Link LNG/LPG,CLLG,3440.37,3440.37,3440.37,3440.37,0.0,0.05
2013-07-01,Capital Link LNG/LPG,CLLG,3448.0,3448.0,3448.0,3448.0,0.0,0.22
2013-07-05,Capital Link LNG/LPG,CLLG,3440.48,3440.48,3440.48,3440.48,0.0,-0.22
2013-07-08,Capital Link LNG/LPG,CLLG,3459.37,3459.37,3459.37,3459.37,0.0,0.55
2013-07-09,Capital Link LNG/LPG,CLLG,3481.96,3481.96,3481.96,3481.96,0.0,0.65
2013-07-10,Capital Link LNG/LPG,CLLG,3554.4,3554.4,3554.4,3554.4,0.0,2.08
2013-07-11,Capital Link LNG/LPG,CLLG,3590.65,3590.65,3590.65,3590.65,0.0,1.02
2013-07-15,Capital Link LNG/LPG,CLLG,3577.38,3577.38,3577.38,3577.38,0.0,-0.37
2013-07-16,Capital Link LNG/LPG,CLLG,3542.25,3542.25,3542.25,3542.25,0.0,-0.98
2013-07-17,Capital Link LNG/LPG,CLLG,3522.47,3522.47,3522.47,3522.47,0.0,-0.56
2013-07-18,Capital Link LNG/LPG,CLLG,3497.31,3497.31,3497.31,3497.31,0.0,-0.71
2013-07-19,Capital Link LNG/LPG,CLLG,3463.82,3463.82,3463.82,3463.82,0.0,-0.96
2013-07-22,Capital Link LNG/LPG,CLLG,3451.37,3451.37,3451.37,3451.37,0.0,-0.36
2013-07-23,Capital Link LNG/LPG,CLLG,3464.94,3464.94,3464.94,3464.94,0.0,0.39
2013-07-24,Capital Link LNG/LPG,CLLG,3440.64,3440.64,3440.64,3440.64,0.0,-0.7
2013-07-25,Capital Link LNG/LPG,CLLG,3442.0,3442.0,3442.0,3442.0,0.0,0.04
2013-07-26,Capital Link LNG/LPG,CLLG,3487.03,3487.03,3487.03,3487.03,0.0,1.31
2013-07-30,Capital Link LNG/LPG,CLLG,3415.03,3415.03,3415.03,3415.03,0.0,-2.06
2013-07-31,Capital Link LNG/LPG,CLLG,3369.69,3369.69,3369.69,3369.69,0.0,-1.33
2013-08-02,Capital Link LNG/LPG,CLLG,3374.3,3374.3,3374.3,3374.3,0.0,0.14
2013-08-05,Capital Link LNG/LPG,CLLG,3429.45,3429.45,3429.45,3429.45,0.0,1.63
2013-08-06,Capital Link LNG/LPG,CLLG,3458.25,3458.25,3458.25,3458.25,0.0,0.84
2013-08-07,Capital Link LNG/LPG,CLLG,3465.36,3465.36,3465.36,3465.36,0.0,0.21
2013-08-09,Capital Link LNG/LPG,CLLG,3520.72,3520.72,3520.72,3520.72,0.0,1.6
2013-08-12,Capital Link LNG/LPG,CLLG,3536.98,3536.98,3536.98,3536.98,0.0,0.46
2013-08-13,Capital Link LNG/LPG,CLLG,3539.86,3539.86,3539.86,3539.86,0.0,0.08
2013-08-15,Capital Link LNG/LPG,CLLG,3538.64,3538.64,3538.64,3538.64,0.0,-0.03
2013-08-16,Capital Link LNG/LPG,CLLG,3528.93,3528.93,3528.93,3528.93,0.0,-0.27
2013-08-21,Capital Link LNG/LPG,CLLG,3537.08,3537.08,3537.08,3537.08,0.0,0.23
2013-08-22,Capital Link LNG/LPG,CLLG,3558.12,3558.12,3558.12,3558.12,0.0,0.59
2013-08-23,Capital Link LNG/LPG,CLLG,3563.94,3563.94,3563.94,3563.94,0.0,0.16
2013-08-26,Capital Link LNG/LPG,CLLG,3578.96,3578.96,3578.96,3578.96,0.0,0.42
2013-08-27,Capital Link LNG/LPG,CLLG,3536.84,3536.84,3536.84,3536.84,0.0,-1.18
2013-08-28,Capital Link LNG/LPG,CLLG,3543.21,3543.21,3543.21,3543.21,0.0,0.18
2013-08-29,Capital Link LNG/LPG,CLLG,3544.06,3544.06,3544.06,3544.06,0.0,0.02
2013-09-03,Capital Link LNG/LPG,CLLG,3461.5,3461.5,3461.5,3461.5,0.0,-2.33
2013-09-04,Capital Link LNG/LPG,CLLG,3456.55,3456.55,3456.55,3456.55,0.0,-0.14
2013-09-05,Capital Link LNG/LPG,CLLG,3483.99,3483.99,3483.99,3483.99,0.0,0.79
2013-09-09,Capital Link LNG/LPG,CLLG,3553.2,3553.2,3553.2,3553.2,0.0,1.99
2013-09-10,Capital Link LNG/LPG,CLLG,3578.31,3578.31,3578.31,3578.31,0.0,0.71
2013-09-11,Capital Link LNG/LPG,CLLG,3556.87,3556.87,3556.87,3556.87,0.0,-0.6
2013-09-12,Capital Link LNG/LPG,CLLG,3550.94,3550.94,3550.94,3550.94,0.0,-0.17
2013-09-13,Capital Link LNG/LPG,CLLG,3541.01,3541.01,3541.01,3541.01,0.0,-0.28
2013-09-16,Capital Link LNG/LPG,CLLG,3552.63,3552.63,3552.63,3552.63,0.0,0.33
2013-09-17,Capital Link LNG/LPG,CLLG,3539.89,3539.89,3539.89,3539.89,0.0,-0.36
2013-09-19,Capital Link LNG/LPG,CLLG,3605.83,3605.83,3605.83,3605.83,0.0,1.86
2013-09-20,Capital Link LNG/LPG,CLLG,3560.39,3560.39,3560.39,3560.39,0.0,-1.26
2013-09-23,Capital Link LNG/LPG,CLLG,3567.46,3567.46,3567.46,3567.46,0.0,0.2
2013-09-25,Capital Link LNG/LPG,CLLG,3686.99,3686.99,3686.99,3686.99,0.0,3.35
2013-09-27,Capital Link LNG/LPG,CLLG,3616.12,3616.12,3616.12,3616.12,0.0,-1.92
2013-10-01,Capital Link LNG/LPG,CLLG,3619.5,3619.5,3619.5,3619.5,0.0,0.09
2013-10-02,Capital Link LNG/LPG,CLLG,3559.58,3559.58,3559.58,3559.58,0.0,-1.66
2013-10-03,Capital Link LNG/LPG,CLLG,3541.71,3541.71,3541.71,3541.71,0.0,-0.5
2013-10-04,Capital Link LNG/LPG,CLLG,3554.16,3554.16,3554.16,3554.16,0.0,0.35
2013-10-07,Capital Link LNG/LPG,CLLG,3503.72,3503.72,3503.72,3503.72,0.0,-1.42
2013-10-08,Capital Link LNG/LPG,CLLG,3412.33,3412.33,3412.33,3412.33,0.0,-2.61
2013-10-09,Capital Link LNG/LPG,CLLG,3344.12,3344.12,3344.12,3344.12,0.0,-2.0
2013-10-11,Capital Link LNG/LPG,CLLG,3429.31,3429.31,3429.31,3429.31,0.0,2.55
2013-10-14,Capital Link LNG/LPG,CLLG,3416.28,3416.28,3416.28,3416.28,0.0,-0.38
2013-10-15,Capital Link LNG/LPG,CLLG,3377.68,3377.68,3377.68,3377.68,0.0,-1.13
2013-10-16,Capital Link LNG/LPG,CLLG,3398.55,3398.55,3398.55,3398.55,0.0,0.62
2013-10-17,Capital Link LNG/LPG,CLLG,3428.49,3428.49,3428.49,3428.49,0.0,0.88
2013-10-21,Capital Link LNG/LPG,CLLG,3439.97,3439.97,3439.97,3439.97,0.0,0.33
2013-10-22,Capital Link LNG/LPG,CLLG,3477.34,3477.34,3477.34,3477.34,0.0,1.09
2013-10-25,Capital Link LNG/LPG,CLLG,3428.57,3428.57,3428.57,3428.57,0.0,-1.4
2013-10-28,Capital Link LNG/LPG,CLLG,3402.29,3402.29,3402.29,3402.29,0.0,-0.77
2013-10-29,Capital Link LNG/LPG,CLLG,3431.81,3431.81,3431.81,3431.81,0.0,0.87
2013-10-31,Capital Link LNG/LPG,CLLG,3429.06,3429.06,3429.06,3429.06,0.0,-0.08
2013-11-01,Capital Link LNG/LPG,CLLG,3444.97,3444.97,3444.97,3444.97,0.0,0.46
2013-11-04,Capital Link LNG/LPG,CLLG,3482.01,3482.01,3482.01,3482.01,0.0,1.08
2013-11-05,Capital Link LNG/LPG,CLLG,3463.3,3463.3,3463.3,3463.3,0.0,-0.54
2013-11-06,Capital Link LNG/LPG,CLLG,3471.78,3471.78,3471.78,3471.78,0.0,0.24
2013-11-07,Capital Link LNG/LPG,CLLG,3428.69,3428.69,3428.69,3428.69,0.0,-1.24
2013-11-08,Capital Link LNG/LPG,CLLG,3462.97,3462.97,3462.97,3462.97,0.0,1.0
2013-11-11,Capital Link LNG/LPG,CLLG,3477.5,3477.5,3477.5,3477.5,0.0,0.42
2013-11-12,Capital Link LNG/LPG,CLLG,3428.76,3428.76,3428.76,3428.76,0.0,-1.4
2013-11-13,Capital Link LNG/LPG,CLLG,3419.51,3419.51,3419.51,3419.51,0.0,-0.27
2013-11-15,Capital Link LNG/LPG,CLLG,3409.5,3409.5,3409.5,3409.5,0.0,-0.29
2013-11-18,Capital Link LNG/LPG,CLLG,3390.06,3390.06,3390.06,3390.06,0.0,-0.57
2013-11-19,Capital Link LNG/LPG,CLLG,3352.95,3352.95,3352.95,3352.95,0.0,-1.09
2013-11-20,Capital Link LNG/LPG,CLLG,3353.69,3353.69,3353.69,3353.69,0.0,0.02
2013-11-26,Capital Link LNG/LPG,CLLG,3280.3,3280.3,3280.3,3280.3,0.0,-2.19
2013-11-29,Capital Link LNG/LPG,CLLG,3318.27,3318.27,3318.27,3318.27,0.0,1.16
2013-12-02,Capital Link LNG/LPG,CLLG,3269.12,3269.12,3269.12,3269.12,0.0,-1.48
2013-12-03,Capital Link LNG/LPG,CLLG,3256.21,3256.21,3256.21,3256.21,0.0,-0.39
2013-12-06,Capital Link LNG/LPG,CLLG,3175.9,3175.9,3175.9,3175.9,0.0,-2.47
2013-12-09,Capital Link LNG/LPG,CLLG,3174.06,3174.06,3174.06,3174.06,0.0,-0.06
2013-12-10,Capital Link LNG/LPG,CLLG,3138.05,3138.05,3138.05,3138.05,0.0,-1.13
2013-12-11,Capital Link LNG/LPG,CLLG,3090.99,3090.99,3090.99,3090.99,0.0,-1.5
2013-12-13,Capital Link LNG/LPG,CLLG,3113.86,3113.86,3113.86,3113.86,0.0,0.74
2013-12-17,Capital Link LNG/LPG,CLLG,3142.07,3142.07,3142.07,3142.07,0.0,0.91
2013-12-18,Capital Link LNG/LPG,CLLG,3170.24,3170.24,3170.24,3170.24,0.0,0.9
2013-12-20,Capital Link LNG/LPG,CLLG,3170.85,3170.85,3170.85,3170.85,0.0,0.02
2013-12-27,Capital Link LNG/LPG,CLLG,3260.0,3260.0,3260.0,3260.0,0.0,2.81
2014-01-02,Capital Link LNG/LPG,CLLG,3212.34,3212.34,3212.34,3212.34,0.0,-1.46
2014-01-06,Capital Link LNG/LPG,CLLG,3193.31,3193.31,3193.31,3193.31,0.0,-0.59
2014-01-07,Capital Link LNG/LPG,CLLG,3214.43,3214.43,3214.43,3214.43,0.0,0.66
2014-01-08,Capital Link LNG/LPG,CLLG,3242.36,3242.36,3242.36,3242.36,0.0,0.87
2014-01-09,Capital Link LNG/LPG,CLLG,3211.99,3211.99,3211.99,3211.99,0.0,-0.94
2014-01-13,Capital Link LNG/LPG,CLLG,3237.15,3237.15,3237.15,3237.15,0.0,0.78
2014-01-15,Capital Link LNG/LPG,CLLG,3240.9,3240.9,3240.9,3240.9,0.0,0.12
2014-01-16,Capital Link LNG/LPG,CLLG,3293.25,3293.25,3293.25,3293.25,0.0,1.62
2014-01-23,Capital Link LNG/LPG,CLLG,3207.95,3207.95,3207.95,3207.95,0.0,-2.59
2014-01-27,Capital Link LNG/LPG,CLLG,3104.6,3104.6,3104.6,3104.6,0.0,-3.22
2014-01-28,Capital Link LNG/LPG,CLLG,3126.47,3126.47,3126.47,3126.47,0.0,0.7
2014-01-29,Capital Link LNG/LPG,CLLG,3084.4,3084.4,3084.4,3084.4,0.0,-1.35
2014-01-30,Capital Link LNG/LPG,CLLG,3124.7,3124.7,3124.7,3124.7,0.0,1.31
2014-02-03,Capital Link LNG/LPG,CLLG,3064.98,3064.98,3064.98,3064.98,0.0,-1.91
2014-02-04,Capital Link LNG/LPG,CLLG,3065.36,3065.36,3065.36,3065.36,0.0,0.01
2014-02-05,Capital Link LNG/LPG,CLLG,3062.17,3062.17,3062.17,3062.17,0.0,-0.1
2014-02-07,Capital Link LNG/LPG,CLLG,3159.68,3159.68,3159.68,3159.68,0.0,3.18
2014-02-10,Capital Link LNG/LPG,CLLG,3118.89,3118.89,3118.89,3118.89,0.0,-1.29
2014-02-11,Capital Link LNG/LPG,CLLG,3143.63,3143.63,3143.63,3143.63,0.0,0.79
2014-02-12,Capital Link LNG/LPG,CLLG,3150.37,3150.37,3150.37,3150.37,0.0,0.21
2014-02-13,Capital Link LNG/LPG,CLLG,3147.54,3147.54,3147.54,3147.54,0.0,-0.09
2014-02-14,Capital Link LNG/LPG,CLLG,3165.68,3165.68,3165.68,3165.68,0.0,0.58
2014-02-18,Capital Link LNG/LPG,CLLG,3136.58,3136.58,3136.58,3136.58,0.0,-0.92
2014-02-19,Capital Link LNG/LPG,CLLG,3069.02,3069.02,3069.02,3069.02,0.0,-2.15
2014-02-20,Capital Link LNG/LPG,CLLG,3064.48,3064.48,3064.48,3064.48,0.0,-0.15
2014-02-21,Capital Link LNG/LPG,CLLG,3055.2,3055.2,3055.2,3055.2,0.0,-0.3
2014-02-24,Capital Link LNG/LPG,CLLG,3074.83,3074.83,3074.83,3074.83,0.0,0.64
2014-02-25,Capital Link LNG/LPG,CLLG,3048.43,3048.43,3048.43,3048.43,0.0,-0.86
2014-02-26,Capital Link LNG/LPG,CLLG,3088.41,3088.41,3088.41,3088.41,0.0,1.31
2014-02-27,Capital Link LNG/LPG,CLLG,3107.2,3107.2,3107.2,3107.2,0.0,0.61
2014-02-28,Capital Link LNG/LPG,CLLG,3186.99,3186.99,3186.99,3186.99,0.0,2.57
2014-03-03,Capital Link LNG/LPG,CLLG,3242.57,3242.57,3242.57,3242.57,0.0,1.74
2014-03-04,Capital Link LNG/LPG,CLLG,3238.26,3238.26,3238.26,3238.26,0.0,-0.13
2014-03-05,Capital Link LNG/LPG,CLLG,3311.11,3311.11,3311.11,3311.11,0.0,2.25
2014-03-10,Capital Link LNG/LPG,CLLG,3269.01,3269.01,3269.01,3269.01,0.0,-1.27
2014-03-11,Capital Link LNG/LPG,CLLG,3233.45,3233.45,3233.45,3233.45,0.0,-1.09
2014-03-12,Capital Link LNG/LPG,CLLG,3219.45,3219.45,3219.45,3219.45,0.0,-0.43
2014-03-13,Capital Link LNG/LPG,CLLG,3203.54,3203.54,3203.54,3203.54,0.0,-0.49
2014-03-14,Capital Link LNG/LPG,CLLG,3229.0,3229.0,3229.0,3229.0,0.0,0.79
2014-03-17,Capital Link LNG/LPG,CLLG,3274.19,3274.19,3274.19,3274.19,0.0,1.4
2014-03-21,Capital Link LNG/LPG,CLLG,3358.96,3358.96,3358.96,3358.96,0.0,2.59
2014-03-24,Capital Link LNG/LPG,CLLG,3374.93,3374.93,3374.93,3374.93,0.0,0.48
2014-03-26,Capital Link LNG/LPG,CLLG,3347.27,3347.27,3347.27,3347.27,0.0,-0.82
2014-03-27,Capital Link LNG/LPG,CLLG,3331.41,3331.41,3331.41,3331.41,0.0,-0.47
2014-03-31,Capital Link LNG/LPG,CLLG,3359.42,3359.42,3359.42,3359.42,0.0,0.84
2014-04-01,Capital Link LNG/LPG,CLLG,3401.08,3401.08,3401.08,3401.08,0.0,1.24
2014-04-02,Capital Link LNG/LPG,CLLG,3471.96,3471.96,3471.96,3471.96,0.0,2.08
2014-04-03,Capital Link LNG/LPG,CLLG,3459.86,3459.86,3459.86,3459.86,0.0,-0.35
2014-04-04,Capital Link LNG/LPG,CLLG,3463.94,3463.94,3463.94,3463.94,0.0,0.12
2014-04-08,Capital Link LNG/LPG,CLLG,3420.56,3420.56,3420.56,3420.56,0.0,-1.25
2014-04-09,Capital Link LNG/LPG,CLLG,3446.63,3446.63,3446.63,3446.63,0.0,0.76
2014-04-10,Capital Link LNG/LPG,CLLG,3413.43,3413.43,3413.43,3413.43,0.0,-0.96
2014-04-11,Capital Link LNG/LPG,CLLG,3436.19,3436.19,3436.19,3436.19,0.0,0.67
2014-04-14,Capital Link LNG/LPG,CLLG,3490.83,3490.83,3490.83,3490.83,0.0,1.59
2014-04-15,Capital Link LNG/LPG,CLLG,3548.52,3548.52,3548.52,3548.52,0.0,1.65
2014-04-16,Capital Link LNG/LPG,CLLG,3609.17,3609.17,3609.17,3609.17,0.0,1.71
2014-04-21,Capital Link LNG/LPG,CLLG,3578.93,3578.93,3578.93,3578.93,0.0,-0.84
2014-04-23,Capital Link LNG/LPG,CLLG,3559.79,3559.79,3559.79,3559.79,0.0,-0.53
2014-04-25,Capital Link LNG/LPG,CLLG,3511.99,3511.99,3511.99,3511.99,0.0,-1.34
2014-04-28,Capital Link LNG/LPG,CLLG,3496.49,3496.49,3496.49,3496.49,0.0,-0.44
2014-04-29,Capital Link LNG/LPG,CLLG,3559.58,3559.58,3559.58,3559.58,0.0,1.8
2014-05-01,Capital Link LNG/LPG,CLLG,3521.24,3521.24,3521.24,3521.24,0.0,-1.08
2014-05-05,Capital Link LNG/LPG,CLLG,3532.68,3532.68,3532.68,3532.68,0.0,0.32
2014-05-06,Capital Link LNG/LPG,CLLG,3591.09,3591.09,3591.09,3591.09,0.0,1.65
2014-05-08,Capital Link LNG/LPG,CLLG,3528.63,3528.63,3528.63,3528.63,0.0,-1.74
2014-05-09,Capital Link LNG/LPG,CLLG,3550.96,3550.96,3550.96,3550.96,0.0,0.63
2014-05-12,Capital Link LNG/LPG,CLLG,3577.48,3577.48,3577.48,3577.48,0.0,0.75
2014-05-13,Capital Link LNG/LPG,CLLG,3553.38,3553.38,3553.38,3553.38,0.0,-0.67
2014-05-14,Capital Link LNG/LPG,CLLG,3538.96,3538.96,3538.96,3538.96,0.0,-0.41
2014-05-15,Capital Link LNG/LPG,CLLG,3496.46,3496.46,3496.46,3496.46,0.0,-1.2
2014-05-16,Capital Link LNG/LPG,CLLG,3506.38,3506.38,3506.38,3506.38,0.0,0.28
2014-05-19,Capital Link LNG/LPG,CLLG,3503.4,3503.4,3503.4,3503.4,0.0,-0.08
2014-05-23,Capital Link LNG/LPG,CLLG,3522.61,3522.61,3522.61,3522.61,0.0,0.55
2014-05-27,Capital Link LNG/LPG,CLLG,3327.95,3327.95,3327.95,3327.95,0.0,-5.53
2014-05-28,Capital Link LNG/LPG,CLLG,3425.6,3425.6,3425.6,3425.6,0.0,2.93
2014-05-29,Capital Link LNG/LPG,CLLG,3466.47,3466.47,3466.47,3466.47,0.0,1.19
2014-06-02,Capital Link LNG/LPG,CLLG,3512.71,3512.71,3512.71,3512.71,0.0,1.33
2014-06-04,Capital Link LNG/LPG,CLLG,3541.48,3541.48,3541.48,3541.48,0.0,0.82
2014-06-06,Capital Link LNG/LPG,CLLG,3566.41,3566.41,3566.41,3566.41,0.0,0.7
2014-06-09,Capital Link LNG/LPG,CLLG,3603.47,3603.47,3603.47,3603.47,0.0,1.04
2014-06-10,Capital Link LNG/LPG,CLLG,3622.51,3622.51,3622.51,3622.51,0.0,0.53
2014-06-11,Capital Link LNG/LPG,CLLG,3631.51,3631.51,3631.51,3631.51,0.0,0.25
2014-06-12,Capital Link LNG/LPG,CLLG,3656.36,3656.36,3656.36,3656.36,0.0,0.68
2014-06-13,Capital Link LNG/LPG,CLLG,3695.4,3695.4,3695.4,3695.4,0.0,1.07
2014-06-25,Capital Link LNG/LPG,CLLG,4083.24,4083.24,4083.24,4083.24,0.0,10.5
2014-06-26,Capital Link LNG/LPG,CLLG,4097.94,4097.94,4097.94,4097.94,0.0,0.36
2014-06-27,Capital Link LNG/LPG,CLLG,4118.61,4118.61,4118.61,4118.61,0.0,0.5
2014-06-30,Capital Link LNG/LPG,CLLG,4217.17,4217.17,4217.17,4217.17,0.0,2.39
2014-07-01,Capital Link LNG/LPG,CLLG,4242.9,4242.9,4242.9,4242.9,0.0,0.61
2014-07-03,Capital Link LNG/LPG,CLLG,4201.98,4201.98,4201.98,4201.98,0.0,-0.96
2014-07-07,Capital Link LNG/LPG,CLLG,4107.18,4107.18,4107.18,4107.18,0.0,-2.26
2014-07-08,Capital Link LNG/LPG,CLLG,4089.66,4089.66,4089.66,4089.66,0.0,-0.43
2014-07-09,Capital Link LNG/LPG,CLLG,4120.51,4120.51,4120.51,4120.51,0.0,0.75
2014-07-10,Capital Link LNG/LPG,CLLG,4098.47,4098.47,4098.47,4098.47,0.0,-0.53
2014-07-17,Capital Link LNG/LPG,CLLG,4166.9,4166.9,4166.9,4166.9,0.0,1.67
2014-07-18,Capital Link LNG/LPG,CLLG,4163.6,4163.6,4163.6,4163.6,0.0,-0.08
2014-07-21,Capital Link LNG/LPG,CLLG,4172.52,4172.52,4172.52,4172.52,0.0,0.21
2014-07-22,Capital Link LNG/LPG,CLLG,4204.09,4204.09,4204.09,4204.09,0.0,0.76
2014-07-23,Capital Link LNG/LPG,CLLG,4187.55,4187.55,4187.55,4187.55,0.0,-0.39
2014-07-24,Capital Link LNG/LPG,CLLG,4169.67,4169.67,4169.67,4169.67,0.0,-0.43
2014-07-25,Capital Link LNG/LPG,CLLG,4199.89,4199.89,4199.89,4199.89,0.0,0.72
2014-07-28,Capital Link LNG/LPG,CLLG,4193.43,4193.43,4193.43,4193.43,0.0,-0.15
2014-07-29,Capital Link LNG/LPG,CLLG,4223.11,4223.11,4223.11,4223.11,0.0,0.71
2014-07-30,Capital Link LNG/LPG,CLLG,4180.29,4180.29,4180.29,4180.29,0.0,-1.01
2014-07-31,Capital Link LNG/LPG,CLLG,4106.09,4106.09,4106.09,4106.09,0.0,-1.77
2014-08-01,Capital Link LNG/LPG,CLLG,4132.28,4132.28,4132.28,4132.28,0.0,0.64
2014-08-04,Capital Link LNG/LPG,CLLG,4157.57,4157.57,4157.57,4157.57,0.0,0.61
2014-08-05,Capital Link LNG/LPG,CLLG,4062.65,4062.65,4062.65,4062.65,0.0,-2.28
2014-08-06,Capital Link LNG/LPG,CLLG,4025.0,4025.0,4025.0,4025.0,0.0,-0.93
2014-08-07,Capital Link LNG/LPG,CLLG,4001.24,4001.24,4001.24,4001.24,0.0,-0.59
2014-08-08,Capital Link LNG/LPG,CLLG,4051.56,4051.56,4051.56,4051.56,0.0,1.26
2014-08-12,Capital Link LNG/LPG,CLLG,4096.61,4096.61,4096.61,4096.61,0.0,1.11
2014-08-13,Capital Link LNG/LPG,CLLG,4156.31,4156.31,4156.31,4156.31,0.0,1.46
2014-08-14,Capital Link LNG/LPG,CLLG,4192.16,4192.16,4192.16,4192.16,0.0,0.86
2014-08-19,Capital Link LNG/LPG,CLLG,4287.99,4287.99,4287.99,4287.99,0.0,2.29
2014-08-20,Capital Link LNG/LPG,CLLG,4304.0,4304.0,4304.0,4304.0,0.0,0.37
2014-08-21,Capital Link LNG/LPG,CLLG,4283.2,4283.2,4283.2,4283.2,0.0,-0.48
2014-08-22,Capital Link LNG/LPG,CLLG,4260.61,4260.61,4260.61,4260.61,0.0,-0.53
2014-08-25,Capital Link LNG/LPG,CLLG,4295.39,4295.39,4295.39,4295.39,0.0,0.82
2014-08-26,Capital Link LNG/LPG,CLLG,4339.52,4339.52,4339.52,4339.52,0.0,1.03
2014-08-27,Capital Link LNG/LPG,CLLG,4285.65,4285.65,4285.65,4285.65,0.0,-1.24
2014-08-28,Capital Link LNG/LPG,CLLG,4169.29,4169.29,4169.29,4169.29,0.0,-2.72
2014-09-05,Capital Link LNG/LPG,CLLG,4075.36,4075.36,4075.36,4075.36,0.0,-2.25
2014-09-08,Capital Link LNG/LPG,CLLG,4118.27,4118.27,4118.27,4118.27,0.0,1.05
2014-09-09,Capital Link LNG/LPG,CLLG,4196.73,4196.73,4196.73,4196.73,0.0,1.91
2014-09-10,Capital Link LNG/LPG,CLLG,4277.5,4277.5,4277.5,4277.5,0.0,1.92
2014-09-11,Capital Link LNG/LPG,CLLG,4306.15,4306.15,4306.15,4306.15,0.0,0.67
2014-09-12,Capital Link LNG/LPG,CLLG,4371.04,4371.04,4371.04,4371.04,0.0,1.51
2014-09-16,Capital Link LNG/LPG,CLLG,4540.25,4540.25,4540.25,4540.25,0.0,3.87
2014-09-17,Capital Link LNG/LPG,CLLG,4586.8,4586.8,4586.8,4586.8,0.0,1.03
2014-09-18,Capital Link LNG/LPG,CLLG,4595.29,4595.29,4595.29,4595.29,0.0,0.19
2014-09-22,Capital Link LNG/LPG,CLLG,4573.99,4573.99,4573.99,4573.99,0.0,-0.46
2014-09-23,Capital Link LNG/LPG,CLLG,4573.99,4573.99,4573.99,4573.99,0.0,0.0
2014-09-24,Capital Link LNG/LPG,CLLG,4505.55,4505.55,4505.55,4505.55,0.0,-1.5
2014-09-30,Capital Link LNG/LPG,CLLG,4316.53,4316.53,4316.53,4316.53,0.0,-4.2
2014-10-01,Capital Link LNG/LPG,CLLG,4214.56,4214.56,4214.56,4214.56,0.0,-2.36
2014-10-02,Capital Link LNG/LPG,CLLG,4144.84,4144.84,4144.84,4144.84,0.0,-1.65
2014-10-03,Capital Link LNG/LPG,CLLG,4110.92,4110.92,4110.92,4110.92,0.0,-0.82
2014-10-06,Capital Link LNG/LPG,CLLG,4093.26,4093.26,4093.26,4093.26,0.0,-0.43
2014-10-07,Capital Link LNG/LPG,CLLG,4031.47,4031.47,4031.47,4031.47,0.0,-1.51
2014-10-08,Capital Link LNG/LPG,CLLG,3921.52,3921.52,3921.52,3921.52,0.0,-2.73
2014-10-10,Capital Link LNG/LPG,CLLG,3508.38,3508.38,3508.38,3508.38,0.0,-10.54
2014-10-13,Capital Link LNG/LPG,CLLG,3255.67,3255.67,3255.67,3255.67,0.0,-7.2
2014-10-14,Capital Link LNG/LPG,CLLG,3183.57,3183.57,3183.57,3183.57,0.0,-2.21
2014-10-16,Capital Link LNG/LPG,CLLG,3420.59,3420.59,3420.59,3420.59,0.0,7.45
2014-10-17,Capital Link LNG/LPG,CLLG,3515.74,3515.74,3515.74,3515.74,0.0,2.78
2014-10-20,Capital Link LNG/LPG,CLLG,3530.12,3530.12,3530.12,3530.12,0.0,0.41
2014-10-21,Capital Link LNG/LPG,CLLG,3706.92,3706.92,3706.92,3706.92,0.0,5.01
2014-10-22,Capital Link LNG/LPG,CLLG,3618.35,3618.35,3618.35,3618.35,0.0,-2.39
2014-10-23,Capital Link LNG/LPG,CLLG,3675.49,3675.49,3675.49,3675.49,0.0,1.58
2014-10-24,Capital Link LNG/LPG,CLLG,3724.45,3724.45,3724.45,3724.45,0.0,1.33
2014-10-27,Capital Link LNG/LPG,CLLG,3597.63,3597.63,3597.63,3597.63,0.0,-3.41
2014-10-28,Capital Link LNG/LPG,CLLG,3688.8,3688.8,3688.8,3688.8,0.0,2.53
2014-10-29,Capital Link LNG/LPG,CLLG,3663.1,3663.1,3663.1,3663.1,0.0,-0.7
2014-10-30,Capital Link LNG/LPG,CLLG,3672.72,3672.72,3672.72,3672.72,0.0,0.26
2014-10-31,Capital Link LNG/LPG,CLLG,3777.87,3777.87,3777.87,3777.87,0.0,2.86
2014-11-03,Capital Link LNG/LPG,CLLG,3792.26,3792.26,3792.26,3792.26,0.0,0.38
2014-11-04,Capital Link LNG/LPG,CLLG,3585.11,3585.11,3585.11,3585.11,0.0,-5.46
2014-11-05,Capital Link LNG/LPG,CLLG,3527.22,3527.22,3527.22,3527.22,0.0,-1.61
2014-11-07,Capital Link LNG/LPG,CLLG,3512.77,3512.77,3512.77,3512.77,0.0,-0.41
2014-11-10,Capital Link LNG/LPG,CLLG,3536.49,3536.49,3536.49,3536.49,0.0,0.68
2014-11-11,Capital Link LNG/LPG,CLLG,3509.33,3509.33,3509.33,3509.33,0.0,-0.77
2014-11-12,Capital Link LNG/LPG,CLLG,3471.18,3471.18,3471.18,3471.18,0.0,-1.09
2014-11-13,Capital Link LNG/LPG,CLLG,3372.59,3372.59,3372.59,3372.59,0.0,-2.84
2014-11-14,Capital Link LNG/LPG,CLLG,3397.71,3397.71,3397.71,3397.71,0.0,0.74
2014-11-17,Capital Link LNG/LPG,CLLG,3456.86,3456.86,3456.86,3456.86,0.0,1.74
2014-11-18,Capital Link LNG/LPG,CLLG,3506.68,3506.68,3506.68,3506.68,0.0,1.44
2014-11-19,Capital Link LNG/LPG,CLLG,3486.15,3486.15,3486.15,3486.15,0.0,-0.59
2014-11-20,Capital Link LNG/LPG,CLLG,3593.97,3593.97,3593.97,3593.97,0.0,3.09
2014-11-24,Capital Link LNG/LPG,CLLG,3645.37,3645.37,3645.37,3645.37,0.0,1.43
2014-11-25,Capital Link LNG/LPG,CLLG,3580.08,3580.08,3580.08,3580.08,0.0,-1.79
2014-11-26,Capital Link LNG/LPG,CLLG,3495.66,3495.66,3495.66,3495.66,0.0,-2.36
2014-11-28,Capital Link LNG/LPG,CLLG,3091.69,3091.69,3091.69,3091.69,0.0,-11.56
2014-12-01,Capital Link LNG/LPG,CLLG,2974.14,2974.14,2974.14,2974.14,0.0,-3.8
2014-12-02,Capital Link LNG/LPG,CLLG,3066.44,3066.44,3066.44,3066.44,0.0,3.1
2014-12-03,Capital Link LNG/LPG,CLLG,3202.36,3202.36,3202.36,3202.36,0.0,4.43
2014-12-04,Capital Link LNG/LPG,CLLG,3236.19,3236.19,3236.19,3236.19,0.0,1.06
2014-12-08,Capital Link LNG/LPG,CLLG,3062.62,3062.62,3062.62,3062.62,0.0,-5.36
2014-12-09,Capital Link LNG/LPG,CLLG,3113.29,3113.29,3113.29,3113.29,0.0,1.65
2014-12-10,Capital Link LNG/LPG,CLLG,2964.64,2964.64,2964.64,2964.64,0.0,-4.77
2014-12-16,Capital Link LNG/LPG,CLLG,2756.62,2756.62,2756.62,2756.62,0.0,-7.02
2014-12-17,Capital Link LNG/LPG,CLLG,2913.72,2913.72,2913.72,2913.72,0.0,5.7
2014-12-18,Capital Link LNG/LPG,CLLG,2945.31,2945.31,2945.31,2945.31,0.0,1.08
2014-12-22,Capital Link LNG/LPG,CLLG,3023.0,3023.0,3023.0,3023.0,0.0,2.64
2014-12-23,Capital Link LNG/LPG,CLLG,3045.88,3045.88,3045.88,3045.88,0.0,0.76
2014-12-24,Capital Link LNG/LPG,CLLG,3058.13,3058.13,3058.13,3058.13,0.0,0.4
2014-12-26,Capital Link LNG/LPG,CLLG,3058.07,3058.07,3058.07,3058.07,0.0,0.0
2014-12-29,Capital Link LNG/LPG,CLLG,3008.41,3008.41,3008.41,3008.41,0.0,-1.62
2015-01-08,Capital Link LNG/LPG,CLLG,2917.67,2917.67,2917.67,2917.67,0.0,-3.02
2015-01-09,Capital Link LNG/LPG,CLLG,2841.32,2841.32,2841.32,2841.32,0.0,-2.62
2015-01-12,Capital Link LNG/LPG,CLLG,2757.6,2757.6,2757.6,2757.6,0.0,-2.95
2015-01-13,Capital Link LNG/LPG,CLLG,2689.28,2689.28,2689.28,2689.28,0.0,-2.48
2015-01-14,Capital Link LNG/LPG,CLLG,2655.73,2655.73,2655.73,2655.73,0.0,-1.25
2015-01-15,Capital Link LNG/LPG,CLLG,2669.89,2669.89,2669.89,2669.89,0.0,0.53
2015-01-16,Capital Link LNG/LPG,CLLG,2747.51,2747.51,2747.51,2747.51,0.0,2.91
2015-01-20,Capital Link LNG/LPG,CLLG,2663.41,2663.41,2663.41,2663.41,0.0,-3.06
2015-01-21,Capital Link LNG/LPG,CLLG,2720.23,2720.23,2720.23,2720.23,0.0,2.13
2015-01-22,Capital Link LNG/LPG,CLLG,2673.56,2673.56,2673.56,2673.56,0.0,-1.72
2015-01-23,Capital Link LNG/LPG,CLLG,2663.62,2663.62,2663.62,2663.62,0.0,-0.37
2015-01-26,Capital Link LNG/LPG,CLLG,2687.05,2687.05,2687.05,2687.05,0.0,0.88
2015-01-27,Capital Link LNG/LPG,CLLG,2704.86,2704.86,2704.86,2704.86,0.0,0.66
2015-01-28,Capital Link LNG/LPG,CLLG,2639.3,2639.3,2639.3,2639.3,0.0,-2.42
2015-01-29,Capital Link LNG/LPG,CLLG,2672.65,2672.65,2672.65,2672.65,0.0,1.26
2015-01-30,Capital Link LNG/LPG,CLLG,2635.82,2635.82,2635.82,2635.82,0.0,-1.38
2015-02-02,Capital Link LNG/LPG,CLLG,2684.26,2684.26,2684.26,2684.26,0.0,1.84
2015-02-03,Capital Link LNG/LPG,CLLG,2732.91,2732.91,2732.91,2732.91,0.0,1.81
2015-02-04,Capital Link LNG/LPG,CLLG,2705.46,2705.46,2705.46,2705.46,0.0,-1.0
2015-02-05,Capital Link LNG/LPG,CLLG,2819.89,2819.89,2819.89,2819.89,0.0,4.23
2015-02-06,Capital Link LNG/LPG,CLLG,2785.02,2785.02,2785.02,2785.02,0.0,-1.24
2015-02-09,Capital Link LNG/LPG,CLLG,2750.55,2750.55,2750.55,2750.55,0.0,-1.24
2015-02-10,Capital Link LNG/LPG,CLLG,2756.82,2756.82,2756.82,2756.82,0.0,0.23
2015-02-11,Capital Link LNG/LPG,CLLG,2745.54,2745.54,2745.54,2745.54,0.0,-0.41
2015-02-12,Capital Link LNG/LPG,CLLG,2725.5,2725.5,2725.5,2725.5,0.0,-0.73
2015-02-13,Capital Link LNG/LPG,CLLG,2809.1,2809.1,2809.1,2809.1,0.0,3.07
2015-02-17,Capital Link LNG/LPG,CLLG,2813.6,2813.6,2813.6,2813.6,0.0,0.16
2015-02-18,Capital Link LNG/LPG,CLLG,2814.42,2814.42,2814.42,2814.42,0.0,0.03
2015-02-19,Capital Link LNG/LPG,CLLG,2778.93,2778.93,2778.93,2778.93,0.0,-1.26
2015-02-20,Capital Link LNG/LPG,CLLG,2731.62,2731.62,2731.62,2731.62,0.0,-1.7
2015-02-23,Capital Link LNG/LPG,CLLG,2689.36,2689.36,2689.36,2689.36,0.0,-1.55
2015-02-24,Capital Link LNG/LPG,CLLG,2720.21,2720.21,2720.21,2720.21,0.0,1.15
2015-02-25,Capital Link LNG/LPG,CLLG,2714.66,2714.66,2714.66,2714.66,0.0,-0.2
2015-02-26,Capital Link LNG/LPG,CLLG,2674.54,2674.54,2674.54,2674.54,0.0,-1.48
2015-02-27,Capital Link LNG/LPG,CLLG,2689.14,2689.14,2689.14,2689.14,0.0,0.55
2015-03-02,Capital Link LNG/LPG,CLLG,2684.03,2684.03,2684.03,2684.03,0.0,-0.19
2015-03-03,Capital Link LNG/LPG,CLLG,2644.89,2644.89,2644.89,2644.89,0.0,-1.46
2015-03-04,Capital Link LNG/LPG,CLLG,2630.58,2630.58,2630.58,2630.58,0.0,-0.54
2015-03-05,Capital Link LNG/LPG,CLLG,2745.11,2745.11,2745.11,2745.11,0.0,4.35
2015-03-06,Capital Link LNG/LPG,CLLG,2721.46,2721.46,2721.46,2721.46,0.0,-0.86
2015-03-09,Capital Link LNG/LPG,CLLG,2667.29,2667.29,2667.29,2667.29,0.0,-1.99
2015-03-10,Capital Link LNG/LPG,CLLG,2619.75,2619.75,2619.75,2619.75,0.0,-1.78
2015-03-11,Capital Link LNG/LPG,CLLG,2646.31,2646.31,2646.31,2646.31,0.0,1.01
2015-03-12,Capital Link LNG/LPG,CLLG,2680.16,2680.16,2680.16,2680.16,0.0,1.28
2015-03-13,Capital Link LNG/LPG,CLLG,2710.27,2710.27,2710.27,2710.27,0.0,1.12
2015-03-16,Capital Link LNG/LPG,CLLG,2715.54,2715.54,2715.54,2715.54,0.0,0.19
2015-03-17,Capital Link LNG/LPG,CLLG,2763.7,2763.7,2763.7,2763.7,0.0,1.77
2015-03-18,Capital Link LNG/LPG,CLLG,2785.85,2785.85,2785.85,2785.85,0.0,0.8
2015-03-19,Capital Link LNG/LPG,CLLG,2733.09,2733.09,2733.09,2733.09,0.0,-1.89
2015-03-20,Capital Link LNG/LPG,CLLG,2741.71,2741.71,2741.71,2741.71,0.0,0.32
2015-03-23,Capital Link LNG/LPG,CLLG,2742.1,2742.1,2742.1,2742.1,0.0,0.01
2015-03-24,Capital Link LNG/LPG,CLLG,2724.25,2724.25,2724.25,2724.25,0.0,-0.65
2015-03-25,Capital Link LNG/LPG,CLLG,2754.86,2754.86,2754.86,2754.86,0.0,1.12
2015-03-26,Capital Link LNG/LPG,CLLG,2771.35,2771.35,2771.35,2771.35,0.0,0.6
2015-03-27,Capital Link LNG/LPG,CLLG,2751.8,2751.8,2751.8,2751.8,0.0,-0.71
2015-03-30,Capital Link LNG/LPG,CLLG,2753.13,2753.13,2753.13,2753.13,0.0,0.05
2015-03-31,Capital Link LNG/LPG,CLLG,2755.11,2755.11,2755.11,2755.11,0.0,0.07
2015-04-01,Capital Link LNG/LPG,CLLG,2765.48,2765.48,2765.48,2765.48,0.0,0.38
2015-04-02,Capital Link LNG/LPG,CLLG,2792.12,2792.12,2792.12,2792.12,0.0,0.96
2015-04-06,Capital Link LNG/LPG,CLLG,2817.38,2817.38,2817.38,2817.38,0.0,0.9
2015-04-07,Capital Link LNG/LPG,CLLG,2821.34,2821.34,2821.34,2821.34,0.0,0.14
2015-04-08,Capital Link LNG/LPG,CLLG,2804.62,2804.62,2804.62,2804.62,0.0,-0.59
2015-04-09,Capital Link LNG/LPG,CLLG,2806.11,2806.11,2806.11,2806.11,0.0,0.05
2015-04-10,Capital Link LNG/LPG,CLLG,2851.88,2851.88,2851.88,2851.88,0.0,1.63
2015-04-13,Capital Link LNG/LPG,CLLG,2838.36,2838.36,2838.36,2838.36,0.0,-0.47
2015-04-14,Capital Link LNG/LPG,CLLG,2874.79,2874.79,2874.79,2874.79,0.0,1.28
2015-04-15,Capital Link LNG/LPG,CLLG,2925.34,2925.34,2925.34,2925.34,0.0,1.76
2015-04-16,Capital Link LNG/LPG,CLLG,2874.97,2874.97,2874.97,2874.97,0.0,-1.72
2015-04-17,Capital Link LNG/LPG,CLLG,2821.32,2821.32,2821.32,2821.32,0.0,-1.87
2015-04-20,Capital Link LNG/LPG,CLLG,2826.72,2826.72,2826.72,2826.72,0.0,0.19
2015-04-21,Capital Link LNG/LPG,CLLG,2863.55,2863.55,2863.55,2863.55,0.0,1.3
2015-04-22,Capital Link LNG/LPG,CLLG,2904.15,2904.15,2904.15,2904.15,0.0,1.42
2015-04-23,Capital Link LNG/LPG,CLLG,2938.34,2938.34,2938.34,2938.34,0.0,1.18
2015-04-24,Capital Link LNG/LPG,CLLG,2974.43,2974.43,2974.43,2974.43,0.0,1.23
2015-04-27,Capital Link LNG/LPG,CLLG,2924.01,2924.01,2924.01,2924.01,0.0,-1.7
2015-04-28,Capital Link LNG/LPG,CLLG,2941.57,2941.57,2941.57,2941.57,0.0,0.6
2015-04-29,Capital Link LNG/LPG,CLLG,2980.74,2980.74,2980.74,2980.74,0.0,1.33
2015-04-30,Capital Link LNG/LPG,CLLG,2974.08,2974.08,2974.08,2974.08,0.0,-0.22
2015-05-01,Capital Link LNG/LPG,CLLG,3011.84,3011.84,3011.84,3011.84,0.0,1.27
2015-05-04,Capital Link LNG/LPG,CLLG,3049.77,3049.77,3049.77,3049.77,0.0,1.26
2015-05-05,Capital Link LNG/LPG,CLLG,3194.34,3194.34,3194.34,3194.34,0.0,4.74
2015-05-06,Capital Link LNG/LPG,CLLG,3261.31,3261.31,3261.31,3261.31,0.0,2.1
2015-05-07,Capital Link LNG/LPG,CLLG,3264.9,3264.9,3264.9,3264.9,0.0,0.11
2015-05-08,Capital Link LNG/LPG,CLLG,3246.37,3246.37,3246.37,3246.37,0.0,-0.57
2015-05-11,Capital Link LNG/LPG,CLLG,3230.21,3230.21,3230.21,3230.21,0.0,-0.5
2015-05-12,Capital Link LNG/LPG,CLLG,3227.71,3227.71,3227.71,3227.71,0.0,-0.08
2015-05-13,Capital Link LNG/LPG,CLLG,3208.49,3208.49,3208.49,3208.49,0.0,-0.6
2015-05-14,Capital Link LNG/LPG,CLLG,3228.41,3228.41,3228.41,3228.41,0.0,0.62
2015-05-15,Capital Link LNG/LPG,CLLG,3298.65,3298.65,3298.65,3298.65,0.0,2.18
2015-05-18,Capital Link LNG/LPG,CLLG,3341.03,3341.03,3341.03,3341.03,0.0,1.28
2015-05-19,Capital Link LNG/LPG,CLLG,3286.14,3286.14,3286.14,3286.14,0.0,-1.64
2015-05-20,Capital Link LNG/LPG,CLLG,3279.99,3279.99,3279.99,3279.99,0.0,-0.19
2015-05-21,Capital Link LNG/LPG,CLLG,3332.39,3332.39,3332.39,3332.39,0.0,1.6
2015-05-22,Capital Link LNG/LPG,CLLG,3337.65,3337.65,3337.65,3337.65,0.0,0.16
2015-05-26,Capital Link LNG/LPG,CLLG,3252.43,3252.43,3252.43,3252.43,0.0,-2.55
2015-05-27,Capital Link LNG/LPG,CLLG,3246.68,3246.68,3246.68,3246.68,0.0,-0.18
2015-05-28,Capital Link LNG/LPG,CLLG,3305.68,3305.68,3305.68,3305.68,0.0,1.82
2015-05-29,Capital Link LNG/LPG,CLLG,3243.18,3243.18,3243.18,3243.18,0.0,-1.89
2015-06-01,Capital Link LNG/LPG,CLLG,3253.74,3253.74,3253.74,3253.74,0.0,0.33
2015-06-02,Capital Link LNG/LPG,CLLG,3261.88,3261.88,3261.88,3261.88,0.0,0.25
2015-06-03,Capital Link LNG/LPG,CLLG,3210.35,3210.35,3210.35,3210.35,0.0,-1.58
2015-06-04,Capital Link LNG/LPG,CLLG,3170.71,3170.71,3170.71,3170.71,0.0,-1.23
2015-06-05,Capital Link LNG/LPG,CLLG,3231.07,3231.07,3231.07,3231.07,0.0,1.9
2015-06-08,Capital Link LNG/LPG,CLLG,3147.25,3147.25,3147.25,3147.25,0.0,-2.59
2015-06-09,Capital Link LNG/LPG,CLLG,3163.44,3163.44,3163.44,3163.44,0.0,0.51
2015-06-10,Capital Link LNG/LPG,CLLG,3166.91,3166.91,3166.91,3166.91,0.0,0.11
2015-06-11,Capital Link LNG/LPG,CLLG,3186.99,3186.99,3186.99,3186.99,0.0,0.63
2015-06-12,Capital Link LNG/LPG,CLLG,3175.08,3175.08,3175.08,3175.08,0.0,-0.37
2015-06-15,Capital Link LNG/LPG,CLLG,3208.8,3208.8,3208.8,3208.8,0.0,1.06
2015-06-16,Capital Link LNG/LPG,CLLG,3241.51,3241.51,3241.51,3241.51,0.0,1.02
2015-06-17,Capital Link LNG/LPG,CLLG,3313.23,3313.23,3313.23,3313.23,0.0,2.21
2015-06-18,Capital Link LNG/LPG,CLLG,3312.62,3312.62,3312.62,3312.62,0.0,-0.02
2015-06-19,Capital Link LNG/LPG,CLLG,3300.19,3300.19,3300.19,3300.19,0.0,-0.38
2015-06-22,Capital Link LNG/LPG,CLLG,3311.63,3311.63,3311.63,3311.63,0.0,0.35
2015-06-23,Capital Link LNG/LPG,CLLG,3317.71,3317.71,3317.71,3317.71,0.0,0.18
2015-06-24,Capital Link LNG/LPG,CLLG,3287.76,3287.76,3287.76,3287.76,0.0,-0.9
2015-06-25,Capital Link LNG/LPG,CLLG,3231.71,3231.71,3231.71,3231.71,0.0,-1.7
2015-06-26,Capital Link LNG/LPG,CLLG,3196.91,3196.91,3196.91,3196.91,0.0,-1.08
2015-06-29,Capital Link LNG/LPG,CLLG,3095.79,3095.79,3095.79,3095.79,0.0,-3.16
2015-06-30,Capital Link LNG/LPG,CLLG,3084.17,3084.17,3084.17,3084.17,0.0,-0.38
2015-07-01,Capital Link LNG/LPG,CLLG,3021.16,3021.16,3021.16,3021.16,0.0,-2.04
2015-07-02,Capital Link LNG/LPG,CLLG,3003.48,3003.48,3003.48,3003.48,0.0,-0.59
2015-07-06,Capital Link LNG/LPG,CLLG,2920.54,2920.54,2920.54,2920.54,0.0,-2.76
2015-07-07,Capital Link LNG/LPG,CLLG,2903.82,2903.82,2903.82,2903.82,0.0,-0.57
2015-07-08,Capital Link LNG/LPG,CLLG,2795.7,2795.7,2795.7,2795.7,0.0,-3.72
2015-07-09,Capital Link LNG/LPG,CLLG,2821.84,2821.84,2821.84,2821.84,0.0,0.94
2015-07-10,Capital Link LNG/LPG,CLLG,2868.04,2868.04,2868.04,2868.04,0.0,1.64
2015-07-13,Capital Link LNG/LPG,CLLG,2893.74,2893.74,2893.74,2893.74,0.0,0.9
2015-07-14,Capital Link LNG/LPG,CLLG,2920.57,2920.57,2920.57,2920.57,0.0,0.93
2015-07-15,Capital Link LNG/LPG,CLLG,2875.22,2875.22,2875.22,2875.22,0.0,-1.55
2015-07-16,Capital Link LNG/LPG,CLLG,2849.26,2849.26,2849.26,2849.26,0.0,-0.9
2015-07-20,Capital Link LNG/LPG,CLLG,2753.55,2753.55,2753.55,2753.55,0.0,-3.36
2015-07-21,Capital Link LNG/LPG,CLLG,2817.98,2817.98,2817.98,2817.98,0.0,2.34
2015-07-22,Capital Link LNG/LPG,CLLG,2862.02,2862.02,2862.02,2862.02,0.0,1.56
2015-07-23,Capital Link LNG/LPG,CLLG,2835.56,2835.56,2835.56,2835.56,0.0,-0.92
2015-07-24,Capital Link LNG/LPG,CLLG,2788.87,2788.87,2788.87,2788.87,0.0,-1.65
2015-07-27,Capital Link LNG/LPG,CLLG,2698.09,2698.09,2698.09,2698.09,0.0,-3.26
2015-07-28,Capital Link LNG/LPG,CLLG,2779.86,2779.86,2779.86,2779.86,0.0,3.03
2015-07-29,Capital Link LNG/LPG,CLLG,2797.7,2797.7,2797.7,2797.7,0.0,0.64
2015-07-30,Capital Link LNG/LPG,CLLG,2811.81,2811.81,2811.81,2811.81,0.0,0.5
2015-07-31,Capital Link LNG/LPG,CLLG,2764.45,2764.45,2764.45,2764.45,0.0,-1.68
2015-08-03,Capital Link LNG/LPG,CLLG,2713.92,2713.92,2713.92,2713.92,0.0,-1.83
2015-08-05,Capital Link LNG/LPG,CLLG,2603.8,2603.8,2603.8,2603.8,0.0,-4.06
2015-08-06,Capital Link LNG/LPG,CLLG,2543.44,2543.44,2543.44,2543.44,0.0,-2.32
2015-08-07,Capital Link LNG/LPG,CLLG,2576.87,2576.87,2576.87,2576.87,0.0,1.31
2015-08-10,Capital Link LNG/LPG,CLLG,2693.68,2693.68,2693.68,2693.68,0.0,4.53
2015-08-11,Capital Link LNG/LPG,CLLG,2697.92,2697.92,2697.92,2697.92,0.0,0.16
2015-08-12,Capital Link LNG/LPG,CLLG,2732.43,2732.43,2732.43,2732.43,0.0,1.28
2015-08-13,Capital Link LNG/LPG,CLLG,2654.88,2654.88,2654.88,2654.88,0.0,-2.84
2015-08-14,Capital Link LNG/LPG,CLLG,2573.23,2573.23,2573.23,2573.23,0.0,-3.08
2015-08-17,Capital Link LNG/LPG,CLLG,2586.78,2586.78,2586.78,2586.78,0.0,0.53
2015-08-18,Capital Link LNG/LPG,CLLG,2578.79,2578.79,2578.79,2578.79,0.0,-0.31
2015-08-19,Capital Link LNG/LPG,CLLG,2493.0,2493.0,2493.0,2493.0,0.0,-3.33
2015-08-20,Capital Link LNG/LPG,CLLG,2433.32,2433.32,2433.32,2433.32,0.0,-2.39
2015-08-21,Capital Link LNG/LPG,CLLG,2353.36,2353.36,2353.36,2353.36,0.0,-3.29
2015-08-24,Capital Link LNG/LPG,CLLG,2212.72,2212.72,2212.72,2212.72,0.0,-5.98
2015-08-25,Capital Link LNG/LPG,CLLG,2225.81,2225.81,2225.81,2225.81,0.0,0.59
2015-08-27,Capital Link LNG/LPG,CLLG,2410.52,2410.52,2410.52,2410.52,0.0,8.3
2015-08-28,Capital Link LNG/LPG,CLLG,2533.61,2533.61,2533.61,2533.61,0.0,5.11
2015-08-31,Capital Link LNG/LPG,CLLG,2550.98,2550.98,2550.98,2550.98,0.0,0.69
2015-09-02,Capital Link LNG/LPG,CLLG,2524.26,2524.26,2524.26,2524.26,0.0,-1.05
2015-09-03,Capital Link LNG/LPG,CLLG,2553.37,2553.37,2553.37,2553.37,0.0,1.15
2015-09-04,Capital Link LNG/LPG,CLLG,2558.21,2558.21,2558.21,2558.21,0.0,0.19
2015-09-08,Capital Link LNG/LPG,CLLG,2520.85,2520.85,2520.85,2520.85,0.0,-1.46
2015-09-09,Capital Link LNG/LPG,CLLG,2431.41,2431.41,2431.41,2431.41,0.0,-3.55
2015-09-10,Capital Link LNG/LPG,CLLG,2427.88,2427.88,2427.88,2427.88,0.0,-0.15
2015-09-11,Capital Link LNG/LPG,CLLG,2373.4,2373.4,2373.4,2373.4,0.0,-2.24
2015-09-14,Capital Link LNG/LPG,CLLG,2321.29,2321.29,2321.29,2321.29,0.0,-2.2
2015-09-15,Capital Link LNG/LPG,CLLG,2347.35,2347.35,2347.35,2347.35,0.0,1.12
2015-09-16,Capital Link LNG/LPG,CLLG,2386.62,2386.62,2386.62,2386.62,0.0,1.67
2015-09-17,Capital Link LNG/LPG,CLLG,2402.8,2402.8,2402.8,2402.8,0.0,0.68
2015-09-18,Capital Link LNG/LPG,CLLG,2335.2,2335.2,2335.2,2335.2,0.0,-2.81
2015-09-21,Capital Link LNG/LPG,CLLG,2319.28,2319.28,2319.28,2319.28,0.0,-0.68
2015-09-22,Capital Link LNG/LPG,CLLG,2230.49,2230.49,2230.49,2230.49,0.0,-3.83
2015-09-23,Capital Link LNG/LPG,CLLG,2141.94,2141.94,2141.94,2141.94,0.0,-3.97
2015-09-24,Capital Link LNG/LPG,CLLG,2110.78,2110.78,2110.78,2110.78,0.0,-1.45
2015-09-25,Capital Link LNG/LPG,CLLG,2087.02,2087.02,2087.02,2087.02,0.0,-1.13
2015-09-30,Capital Link LNG/LPG,CLLG,1959.78,1959.78,1959.78,1959.78,0.0,-6.1
2015-10-01,Capital Link LNG/LPG,CLLG,1959.76,1959.76,1959.76,1959.76,0.0,0.0
2015-10-02,Capital Link LNG/LPG,CLLG,2048.17,2048.17,2048.17,2048.17,0.0,4.51
2015-10-05,Capital Link LNG/LPG,CLLG,2169.19,2169.19,2169.19,2169.19,0.0,5.91
2015-10-06,Capital Link LNG/LPG,CLLG,2223.66,2223.66,2223.66,2223.66,0.0,2.51
2015-10-07,Capital Link LNG/LPG,CLLG,2293.53,2293.53,2293.53,2293.53,0.0,3.14
2015-10-08,Capital Link LNG/LPG,CLLG,2284.25,2284.25,2284.25,2284.25,0.0,-0.4
2015-10-09,Capital Link LNG/LPG,CLLG,2251.18,2251.18,2251.18,2251.18,0.0,-1.45
2015-10-12,Capital Link LNG/LPG,CLLG,2150.67,2150.67,2150.67,2150.67,0.0,-4.46
2015-10-13,Capital Link LNG/LPG,CLLG,2102.88,2102.88,2102.88,2102.88,0.0,-2.22
2015-10-14,Capital Link LNG/LPG,CLLG,2151.52,2151.52,2151.52,2151.52,0.0,2.31
2015-10-15,Capital Link LNG/LPG,CLLG,2198.63,2198.63,2198.63,2198.63,0.0,2.19
2015-10-16,Capital Link LNG/LPG,CLLG,2215.03,2215.03,2215.03,2215.03,0.0,0.75
2015-10-19,Capital Link LNG/LPG,CLLG,2195.28,2195.28,2195.28,2195.28,0.0,-0.89
2015-10-21,Capital Link LNG/LPG,CLLG,2130.85,2130.85,2130.85,2130.85,0.0,-2.93
2015-10-22,Capital Link LNG/LPG,CLLG,2107.98,2107.98,2107.98,2107.98,0.0,-1.07
2015-10-23,Capital Link LNG/LPG,CLLG,2109.19,2109.19,2109.19,2109.19,0.0,0.06
2015-10-26,Capital Link LNG/LPG,CLLG,2038.83,2038.83,2038.83,2038.83,0.0,-3.34
2015-10-27,Capital Link LNG/LPG,CLLG,1985.36,1985.36,1985.36,1985.36,0.0,-2.62
2015-10-28,Capital Link LNG/LPG,CLLG,2075.9,2075.9,2075.9,2075.9,0.0,4.56
2015-10-29,Capital Link LNG/LPG,CLLG,2062.22,2062.22,2062.22,2062.22,0.0,-0.66
2015-10-30,Capital Link LNG/LPG,CLLG,2082.9,2082.9,2082.9,2082.9,0.0,1.0
2015-11-02,Capital Link LNG/LPG,CLLG,2122.19,2122.19,2122.19,2122.19,0.0,1.89
2015-11-03,Capital Link LNG/LPG,CLLG,2148.02,2148.02,2148.02,2148.02,0.0,1.22
2015-11-04,Capital Link LNG/LPG,CLLG,2125.79,2125.79,2125.79,2125.79,0.0,-1.03
2015-11-05,Capital Link LNG/LPG,CLLG,2085.3,2085.3,2085.3,2085.3,0.0,-1.9
2015-11-06,Capital Link LNG/LPG,CLLG,2085.6,2085.6,2085.6,2085.6,0.0,0.01
2015-11-09,Capital Link LNG/LPG,CLLG,2044.46,2044.46,2044.46,2044.46,0.0,-1.97
2015-11-10,Capital Link LNG/LPG,CLLG,2024.43,2024.43,2024.43,2024.43,0.0,-0.98
2015-11-11,Capital Link LNG/LPG,CLLG,2059.45,2059.45,2059.45,2059.45,0.0,1.73
2015-11-12,Capital Link LNG/LPG,CLLG,2034.0,2034.0,2034.0,2034.0,0.0,-1.24
2015-11-13,Capital Link LNG/LPG,CLLG,2061.16,2061.16,2061.16,2061.16,0.0,1.34
2015-11-16,Capital Link LNG/LPG,CLLG,2077.01,2077.01,2077.01,2077.01,0.0,0.77
2015-11-17,Capital Link LNG/LPG,CLLG,2011.26,2011.26,2011.26,2011.26,0.0,-3.17
2015-11-18,Capital Link LNG/LPG,CLLG,2021.52,2021.52,2021.52,2021.52,0.0,0.51
2015-11-19,Capital Link LNG/LPG,CLLG,1988.62,1988.62,1988.62,1988.62,0.0,-1.63
2015-11-20,Capital Link LNG/LPG,CLLG,1961.1,1961.1,1961.1,1961.1,0.0,-1.38
2015-11-23,Capital Link LNG/LPG,CLLG,1923.21,1923.21,1923.21,1923.21,0.0,-1.93
2015-11-24,Capital Link LNG/LPG,CLLG,1960.46,1960.46,1960.46,1960.46,0.0,1.94
2015-11-25,Capital Link LNG/LPG,CLLG,1964.28,1964.28,1964.28,1964.28,0.0,0.19
2015-11-30,Capital Link LNG/LPG,CLLG,1931.51,1931.51,1931.51,1931.51,0.0,-1.67
2015-12-01,Capital Link LNG/LPG,CLLG,1899.64,1899.64,1899.64,1899.64,0.0,-1.65
2015-12-02,Capital Link LNG/LPG,CLLG,1801.01,1801.01,1801.01,1801.01,0.0,-5.19
2015-12-03,Capital Link LNG/LPG,CLLG,1743.76,1743.76,1743.76,1743.76,0.0,-3.18
2015-12-04,Capital Link LNG/LPG,CLLG,1651.05,1651.05,1651.05,1651.05,0.0,-5.32
2015-12-07,Capital Link LNG/LPG,CLLG,1471.29,1471.29,1471.29,1471.29,0.0,-10.89
2015-12-08,Capital Link LNG/LPG,CLLG,1443.58,1443.58,1443.58,1443.58,0.0,-1.88
2015-12-09,Capital Link LNG/LPG,CLLG,1544.15,1544.15,1544.15,1544.15,0.0,6.97
2015-12-10,Capital Link LNG/LPG,CLLG,1506.26,1506.26,1506.26,1506.26,0.0,-2.45
2015-12-11,Capital Link LNG/LPG,CLLG,1431.16,1431.16,1431.16,1431.16,0.0,-4.99
2015-12-14,Capital Link LNG/LPG,CLLG,1385.35,1385.35,1385.35,1385.35,0.0,-3.2
2015-12-15,Capital Link LNG/LPG,CLLG,1415.49,1415.49,1415.49,1415.49,0.0,2.18
2015-12-16,Capital Link LNG/LPG,CLLG,1418.8,1418.8,1418.8,1418.8,0.0,0.23
2015-12-17,Capital Link LNG/LPG,CLLG,1064.36,1064.36,1064.36,1064.36,0.0,-24.98
2015-12-18,Capital Link LNG/LPG,CLLG,1114.1,1114.1,1114.1,1114.1,0.0,4.67
2015-12-21,Capital Link LNG/LPG,CLLG,1164.71,1164.71,1164.71,1164.71,0.0,4.54
2015-12-22,Capital Link LNG/LPG,CLLG,1209.86,1209.86,1209.86,1209.86,0.0,3.88
2015-12-23,Capital Link LNG/LPG,CLLG,1294.9,1294.9,1294.9,1294.9,0.0,7.03
2015-12-24,Capital Link LNG/LPG,CLLG,1310.42,1310.42,1310.42,1310.42,0.0,1.2
2015-12-28,Capital Link LNG/LPG,CLLG,1281.78,1281.78,1281.78,1281.78,0.0,-2.19
2015-12-30,Capital Link LNG/LPG,CLLG,1252.71,1252.71,1252.71,1252.71,0.0,-2.27
2015-12-31,Capital Link LNG/LPG,CLLG,1286.87,1286.87,1286.87,1286.87,0.0,2.73
2016-01-04,Capital Link LNG/LPG,CLLG,1325.11,1325.11,1325.11,1325.11,0.0,2.97
2016-01-05,Capital Link LNG/LPG,CLLG,1304.87,1304.87,1304.87,1304.87,0.0,-1.53
2016-01-06,Capital Link LNG/LPG,CLLG,1257.1,1257.1,1257.1,1257.1,0.0,-3.66
2016-01-07,Capital Link LNG/LPG,CLLG,1187.89,1187.89,1187.89,1187.89,0.0,-5.51
2016-01-08,Capital Link LNG/LPG,CLLG,1197.32,1197.32,1197.32,1197.32,0.0,0.79
2016-01-11,Capital Link LNG/LPG,CLLG,1155.86,1155.86,1155.86,1155.86,0.0,-3.46
2016-01-12,Capital Link LNG/LPG,CLLG,1108.1,1108.1,1108.1,1108.1,0.0,-4.13
2016-01-13,Capital Link LNG/LPG,CLLG,1061.8,1061.8,1061.8,1061.8,0.0,-4.18
2016-01-15,Capital Link LNG/LPG,CLLG,1053.62,1053.62,1053.62,1053.62,0.0,-0.77
2016-01-19,Capital Link LNG/LPG,CLLG,992.63,992.63,992.63,992.63,0.0,-5.79
2016-01-20,Capital Link LNG/LPG,CLLG,906.54,906.54,906.54,906.54,0.0,-8.67
2016-01-21,Capital Link LNG/LPG,CLLG,988.15,988.15,988.15,988.15,0.0,9.0
2016-01-22,Capital Link LNG/LPG,CLLG,1225.82,1225.82,1225.82,1225.82,0.0,24.05
2016-01-26,Capital Link LNG/LPG,CLLG,1266.07,1266.07,1266.07,1266.07,0.0,3.28
2016-01-27,Capital Link LNG/LPG,CLLG,1290.12,1290.12,1290.12,1290.12,0.0,1.9
2016-01-28,Capital Link LNG/LPG,CLLG,1332.63,1332.63,1332.63,1332.63,0.0,3.3
2016-01-29,Capital Link LNG/LPG,CLLG,1352.04,1352.04,1352.04,1352.04,0.0,1.46
2016-02-01,Capital Link LNG/LPG,CLLG,1347.33,1347.33,1347.33,1347.33,0.0,-0.35
2016-02-03,Capital Link LNG/LPG,CLLG,1304.11,1304.11,1304.11,1304.11,0.0,-3.21
2016-02-04,Capital Link LNG/LPG,CLLG,1331.98,1331.98,1331.98,1331.98,0.0,2.14
2016-02-05,Capital Link LNG/LPG,CLLG,1310.6,1310.6,1310.6,1310.6,0.0,-1.61
2016-02-08,Capital Link LNG/LPG,CLLG,1247.62,1247.62,1247.62,1247.62,0.0,-4.81
2016-02-09,Capital Link LNG/LPG,CLLG,1165.08,1165.08,1165.08,1165.08,0.0,-6.62
2016-02-10,Capital Link LNG/LPG,CLLG,1168.12,1168.12,1168.12,1168.12,0.0,0.26
2016-02-11,Capital Link LNG/LPG,CLLG,1144.2,1144.2,1144.2,1144.2,0.0,-2.05
2016-02-12,Capital Link LNG/LPG,CLLG,1207.76,1207.76,1207.76,1207.76,0.0,5.55
2016-02-17,Capital Link LNG/LPG,CLLG,1285.21,1285.21,1285.21,1285.21,0.0,6.41
2016-02-18,Capital Link LNG/LPG,CLLG,1263.17,1263.17,1263.17,1263.17,0.0,-1.71
2016-02-19,Capital Link LNG/LPG,CLLG,1244.08,1244.08,1244.08,1244.08,0.0,-1.51
2016-02-22,Capital Link LNG/LPG,CLLG,1305.94,1305.94,1305.94,1305.94,0.0,4.97
2016-02-23,Capital Link LNG/LPG,CLLG,1262.86,1262.86,1262.86,1262.86,0.0,-3.3
2016-02-24,Capital Link LNG/LPG,CLLG,1269.27,1269.27,1269.27,1269.27,0.0,0.51
2016-02-25,Capital Link LNG/LPG,CLLG,1277.98,1277.98,1277.98,1277.98,0.0,0.69
2016-02-26,Capital Link LNG/LPG,CLLG,1316.85,1316.85,1316.85,1316.85,0.0,3.04
2016-03-01,Capital Link LNG/LPG,CLLG,1435.15,1435.15,1435.15,1435.15,0.0,8.98
2016-03-02,Capital Link LNG/LPG,CLLG,1460.44,1460.44,1460.44,1460.44,0.0,1.76
2016-03-03,Capital Link LNG/LPG,CLLG,1465.34,1465.34,1465.34,1465.34,0.0,0.34
2016-03-04,Capital Link LNG/LPG,CLLG,1501.72,1501.72,1501.72,1501.72,0.0,2.48
2016-03-07,Capital Link LNG/LPG,CLLG,1561.26,1561.26,1561.26,1561.26,0.0,3.96
2016-03-08,Capital Link LNG/LPG,CLLG,1428.2,1428.2,1428.2,1428.2,0.0,-8.52
2016-03-09,Capital Link LNG/LPG,CLLG,1465.99,1465.99,1465.99,1465.99,0.0,2.65
2016-03-10,Capital Link LNG/LPG,CLLG,1434.34,1434.34,1434.34,1434.34,0.0,-2.16
2016-03-11,Capital Link LNG/LPG,CLLG,1485.84,1485.84,1485.84,1485.84,0.0,3.59
2016-03-14,Capital Link LNG/LPG,CLLG,1486.42,1486.42,1486.42,1486.42,0.0,0.04
2016-03-15,Capital Link LNG/LPG,CLLG,1458.29,1458.29,1458.29,1458.29,0.0,-1.89
2016-03-16,Capital Link LNG/LPG,CLLG,1505.74,1505.74,1505.74,1505.74,0.0,3.25
2016-03-17,Capital Link LNG/LPG,CLLG,1553.59,1553.59,1553.59,1553.59,0.0,3.18
2016-03-18,Capital Link LNG/LPG,CLLG,1529.21,1529.21,1529.21,1529.21,0.0,-1.57
2016-03-21,Capital Link LNG/LPG,CLLG,1505.35,1505.35,1505.35,1505.35,0.0,-1.56
2016-03-23,Capital Link LNG/LPG,CLLG,1416.71,1416.71,1416.71,1416.71,0.0,-5.89
2016-03-24,Capital Link LNG/LPG,CLLG,1408.14,1408.14,1408.14,1408.14,0.0,-0.6
2016-03-28,Capital Link LNG/LPG,CLLG,1397.58,1397.58,1397.58,1397.58,0.0,-0.75
2016-03-30,Capital Link LNG/LPG,CLLG,1401.2,1401.2,1401.2,1401.2,0.0,0.26
2016-03-31,Capital Link LNG/LPG,CLLG,1435.05,1435.05,1435.05,1435.05,0.0,2.42
2016-04-01,Capital Link LNG/LPG,CLLG,1388.51,1388.51,1388.51,1388.51,0.0,-3.24
2016-04-04,Capital Link LNG/LPG,CLLG,1367.53,1367.53,1367.53,1367.53,0.0,-1.51
2016-04-05,Capital Link LNG/LPG,CLLG,1359.83,1359.83,1359.83,1359.83,0.0,-0.56
2016-04-06,Capital Link LNG/LPG,CLLG,1396.02,1396.02,1396.02,1396.02,0.0,2.66
2016-04-07,Capital Link LNG/LPG,CLLG,1381.42,1381.42,1381.42,1381.42,0.0,-1.05
2016-04-08,Capital Link LNG/LPG,CLLG,1417.66,1417.66,1417.66,1417.66,0.0,2.62
2016-04-11,Capital Link LNG/LPG,CLLG,1437.28,1437.28,1437.28,1437.28,0.0,1.38
2016-04-13,Capital Link LNG/LPG,CLLG,1544.5,1544.5,1544.5,1544.5,0.0,7.46
2016-04-14,Capital Link LNG/LPG,CLLG,1547.37,1547.37,1547.37,1547.37,0.0,0.19
2016-04-15,Capital Link LNG/LPG,CLLG,1509.87,1509.87,1509.87,1509.87,0.0,-2.42
2016-04-18,Capital Link LNG/LPG,CLLG,1530.13,1530.13,1530.13,1530.13,0.0,1.34
2016-04-19,Capital Link LNG/LPG,CLLG,1596.58,1596.58,1596.58,1596.58,0.0,4.34
2016-04-20,Capital Link LNG/LPG,CLLG,1660.74,1660.74,1660.74,1660.74,0.0,4.02
2016-04-21,Capital Link LNG/LPG,CLLG,1669.05,1669.05,1669.05,1669.05,0.0,0.5
2016-04-25,Capital Link LNG/LPG,CLLG,1656.92,1656.92,1656.92,1656.92,0.0,-0.73
2016-04-26,Capital Link LNG/LPG,CLLG,1659.56,1659.56,1659.56,1659.56,0.0,0.16
2016-04-27,Capital Link LNG/LPG,CLLG,1656.33,1656.33,1656.33,1656.33,0.0,-0.19
2016-04-28,Capital Link LNG/LPG,CLLG,1645.95,1645.95,1645.95,1645.95,0.0,-0.63
2016-04-29,Capital Link LNG/LPG,CLLG,1505.9,1505.9,1505.9,1505.9,0.0,-8.51
2016-05-02,Capital Link LNG/LPG,CLLG,1512.34,1512.34,1512.34,1512.34,0.0,0.43
2016-05-03,Capital Link LNG/LPG,CLLG,1467.08,1467.08,1467.08,1467.08,0.0,-2.99
2016-05-04,Capital Link LNG/LPG,CLLG,1453.1,1453.1,1453.1,1453.1,0.0,-0.95
2016-05-05,Capital Link LNG/LPG,CLLG,1424.52,1424.52,1424.52,1424.52,0.0,-1.97
2016-05-06,Capital Link LNG/LPG,CLLG,1437.96,1437.96,1437.96,1437.96,0.0,0.94
2016-05-09,Capital Link LNG/LPG,CLLG,1444.19,1444.19,1444.19,1444.19,0.0,0.43
2016-05-10,Capital Link LNG/LPG,CLLG,1513.27,1513.27,1513.27,1513.27,0.0,4.78
2016-05-11,Capital Link LNG/LPG,CLLG,1538.07,1538.07,1538.07,1538.07,0.0,1.64
2016-05-12,Capital Link LNG/LPG,CLLG,1499.13,1499.13,1499.13,1499.13,0.0,-2.53
2016-05-13,Capital Link LNG/LPG,CLLG,1474.54,1474.54,1474.54,1474.54,0.0,-1.64
2016-05-16,Capital Link LNG/LPG,CLLG,1507.98,1507.98,1507.98,1507.98,0.0,2.27
2016-05-18,Capital Link LNG/LPG,CLLG,1477.25,1477.25,1477.25,1477.25,0.0,-2.04
2016-05-19,Capital Link LNG/LPG,CLLG,1490.87,1490.87,1490.87,1490.87,0.0,0.92
2016-05-20,Capital Link LNG/LPG,CLLG,1490.87,1490.87,1490.87,1490.87,0.0,0.0
2016-05-23,Capital Link LNG/LPG,CLLG,1465.27,1465.27,1465.27,1465.27,0.0,-1.72
2016-05-24,Capital Link LNG/LPG,CLLG,1475.49,1475.49,1475.49,1475.49,0.0,0.7
2016-05-25,Capital Link LNG/LPG,CLLG,1512.74,1512.74,1512.74,1512.74,0.0,2.52
2016-05-26,Capital Link LNG/LPG,CLLG,1495.33,1495.33,1495.33,1495.33,0.0,-1.15
2016-05-27,Capital Link LNG/LPG,CLLG,1501.72,1501.72,1501.72,1501.72,0.0,0.43
2016-05-31,Capital Link LNG/LPG,CLLG,1508.31,1508.31,1508.31,1508.31,0.0,0.44
2016-06-01,Capital Link LNG/LPG,CLLG,1483.25,1483.25,1483.25,1483.25,0.0,-1.66
2016-06-02,Capital Link LNG/LPG,CLLG,1488.92,1488.92,1488.92,1488.92,0.0,0.38
2016-06-03,Capital Link LNG/LPG,CLLG,1488.37,1488.37,1488.37,1488.37,0.0,-0.04
2016-06-06,Capital Link LNG/LPG,CLLG,1536.09,1536.09,1536.09,1536.09,0.0,3.21
2016-06-07,Capital Link LNG/LPG,CLLG,1564.6,1564.6,1564.6,1564.6,0.0,1.86
2016-06-09,Capital Link LNG/LPG,CLLG,1563.77,1563.77,1563.77,1563.77,0.0,-0.05
2016-06-10,Capital Link LNG/LPG,CLLG,1492.56,1492.56,1492.56,1492.56,0.0,-4.55
2016-06-13,Capital Link LNG/LPG,CLLG,1438.19,1438.19,1438.19,1438.19,0.0,-3.64
2016-06-14,Capital Link LNG/LPG,CLLG,1403.62,1403.62,1403.62,1403.62,0.0,-2.4
2016-06-15,Capital Link LNG/LPG,CLLG,1400.44,1400.44,1400.44,1400.44,0.0,-0.23
2016-06-16,Capital Link LNG/LPG,CLLG,1378.5,1378.5,1378.5,1378.5,0.0,-1.57
2016-06-17,Capital Link LNG/LPG,CLLG,1416.62,1416.62,1416.62,1416.62,0.0,2.77
2016-06-20,Capital Link LNG/LPG,CLLG,1438.28,1438.28,1438.28,1438.28,0.0,1.53
2016-06-21,Capital Link LNG/LPG,CLLG,1429.15,1429.15,1429.15,1429.15,0.0,-0.63
2016-06-22,Capital Link LNG/LPG,CLLG,1428.01,1428.01,1428.01,1428.01,0.0,-0.08
2016-06-24,Capital Link LNG/LPG,CLLG,1433.73,1433.73,1433.73,1433.73,0.0,0.4
2016-06-27,Capital Link LNG/LPG,CLLG,1337.28,1337.28,1337.28,1337.28,0.0,-6.73
2016-06-28,Capital Link LNG/LPG,CLLG,1389.25,1389.25,1389.25,1389.25,0.0,3.89
2016-06-29,Capital Link LNG/LPG,CLLG,1442.41,1442.41,1442.41,1442.41,0.0,3.83
2016-06-30,Capital Link LNG/LPG,CLLG,1426.02,1426.02,1426.02,1426.02,0.0,-1.14
2016-07-01,Capital Link LNG/LPG,CLLG,1475.46,1475.46,1475.46,1475.46,0.0,3.47
2016-07-05,Capital Link LNG/LPG,CLLG,1408.55,1408.55,1408.55,1408.55,0.0,-4.53
2016-07-06,Capital Link LNG/LPG,CLLG,1422.35,1422.35,1422.35,1422.35,0.0,0.98
2016-07-07,Capital Link LNG/LPG,CLLG,1407.62,1407.62,1407.62,1407.62,0.0,-1.04
2016-07-08,Capital Link LNG/LPG,CLLG,1438.59,1438.59,1438.59,1438.59,0.0,2.2
2016-07-11,Capital Link LNG/LPG,CLLG,1456.84,1456.84,1456.84,1456.84,0.0,1.27
2016-07-12,Capital Link LNG/LPG,CLLG,1512.04,1512.04,1512.04,1512.04,0.0,3.79
2016-07-13,Capital Link LNG/LPG,CLLG,1478.48,1478.48,1478.48,1478.48,0.0,-2.22
2016-07-14,Capital Link LNG/LPG,CLLG,1482.51,1482.51,1482.51,1482.51,0.0,0.27
2016-07-15,Capital Link LNG/LPG,CLLG,1476.85,1476.85,1476.85,1476.85,0.0,-0.38
2016-07-18,Capital Link LNG/LPG,CLLG,1492.59,1492.59,1492.59,1492.59,0.0,1.07
2016-07-19,Capital Link LNG/LPG,CLLG,1451.26,1451.26,1451.26,1451.26,0.0,-2.77
2016-07-20,Capital Link LNG/LPG,CLLG,1459.76,1459.76,1459.76,1459.76,0.0,0.59
2016-07-21,Capital Link LNG/LPG,CLLG,1464.91,1464.91,1464.91,1464.91,0.0,0.35
2016-07-22,Capital Link LNG/LPG,CLLG,1471.49,1471.49,1471.49,1471.49,0.0,0.45
2016-07-25,Capital Link LNG/LPG,CLLG,1495.45,1495.45,1495.45,1495.45,0.0,1.63
2016-07-26,Capital Link LNG/LPG,CLLG,1512.53,1512.53,1512.53,1512.53,0.0,1.14
2016-07-27,Capital Link LNG/LPG,CLLG,1501.72,1501.72,1501.72,1501.72,0.0,-0.71
2016-07-28,Capital Link LNG/LPG,CLLG,1476.09,1476.09,1476.09,1476.09,0.0,-1.71
2016-07-29,Capital Link LNG/LPG,CLLG,1504.82,1504.82,1504.82,1504.82,0.0,1.95
2016-08-01,Capital Link LNG/LPG,CLLG,1472.14,1472.14,1472.14,1472.14,0.0,-2.17
2016-08-02,Capital Link LNG/LPG,CLLG,1441.86,1441.86,1441.86,1441.86,0.0,-2.06
2016-08-03,Capital Link LNG/LPG,CLLG,1484.32,1484.32,1484.32,1484.32,0.0,2.94
2016-08-04,Capital Link LNG/LPG,CLLG,1498.27,1498.27,1498.27,1498.27,0.0,0.94
2016-08-05,Capital Link LNG/LPG,CLLG,1522.96,1522.96,1522.96,1522.96,0.0,1.65
2016-08-08,Capital Link LNG/LPG,CLLG,1562.55,1562.55,1562.55,1562.55,0.0,2.6
2016-08-09,Capital Link LNG/LPG,CLLG,1538.9,1538.9,1538.9,1538.9,0.0,-1.51
2016-08-10,Capital Link LNG/LPG,CLLG,1540.71,1540.71,1540.71,1540.71,0.0,0.12
2016-08-11,Capital Link LNG/LPG,CLLG,1559.61,1559.61,1559.61,1559.61,0.0,1.23
2016-08-12,Capital Link LNG/LPG,CLLG,1558.94,1558.94,1558.94,1558.94,0.0,-0.04
2016-08-15,Capital Link LNG/LPG,CLLG,1606.59,1606.59,1606.59,1606.59,0.0,3.06
2016-08-16,Capital Link LNG/LPG,CLLG,1609.67,1609.67,1609.67,1609.67,0.0,0.19
2016-08-17,Capital Link LNG/LPG,CLLG,1610.87,1610.87,1610.87,1610.87,0.0,0.07
2016-08-18,Capital Link LNG/LPG,CLLG,1640.07,1640.07,1640.07,1640.07,0.0,1.81
2016-08-19,Capital Link LNG/LPG,CLLG,1626.07,1626.07,1626.07,1626.07,0.0,-0.85
2016-08-22,Capital Link LNG/LPG,CLLG,1611.57,1611.57,1611.57,1611.57,0.0,-0.89
2016-08-23,Capital Link LNG/LPG,CLLG,1634.59,1634.59,1634.59,1634.59,0.0,1.43
2016-08-24,Capital Link LNG/LPG,CLLG,1601.53,1601.53,1601.53,1601.53,0.0,-2.02
2016-08-25,Capital Link LNG/LPG,CLLG,1593.19,1593.19,1593.19,1593.19,0.0,-0.52
2016-08-26,Capital Link LNG/LPG,CLLG,1597.98,1597.98,1597.98,1597.98,0.0,0.3
2016-08-29,Capital Link LNG/LPG,CLLG,1602.33,1602.33,1602.33,1602.33,0.0,0.27
2016-08-30,Capital Link LNG/LPG,CLLG,1601.9,1601.9,1601.9,1601.9,0.0,-0.03
2016-08-31,Capital Link LNG/LPG,CLLG,1619.99,1619.99,1619.99,1619.99,0.0,1.13
2016-09-01,Capital Link LNG/LPG,CLLG,1612.76,1612.76,1612.76,1612.76,0.0,-0.45
2016-09-06,Capital Link LNG/LPG,CLLG,1676.68,1676.68,1676.68,1676.68,0.0,3.96
2016-09-07,Capital Link LNG/LPG,CLLG,1692.43,1692.43,1692.43,1692.43,0.0,0.94
2016-09-08,Capital Link LNG/LPG,CLLG,1729.92,1729.92,1729.92,1729.92,0.0,2.22
2016-09-09,Capital Link LNG/LPG,CLLG,1690.77,1690.77,1690.77,1690.77,0.0,-2.26
2016-09-12,Capital Link LNG/LPG,CLLG,1681.12,1681.12,1681.12,1681.12,0.0,-0.57
2016-09-13,Capital Link LNG/LPG,CLLG,1633.9,1633.9,1633.9,1633.9,0.0,-2.81
2016-09-14,Capital Link LNG/LPG,CLLG,1628.75,1628.75,1628.75,1628.75,0.0,-0.32
2016-09-15,Capital Link LNG/LPG,CLLG,1645.92,1645.92,1645.92,1645.92,0.0,1.05
2016-09-19,Capital Link LNG/LPG,CLLG,1641.3,1641.3,1641.3,1641.3,0.0,-0.28
2016-09-20,Capital Link LNG/LPG,CLLG,1629.36,1629.36,1629.36,1629.36,0.0,-0.73
2016-09-21,Capital Link LNG/LPG,CLLG,1659.15,1659.15,1659.15,1659.15,0.0,1.83
2016-09-23,Capital Link LNG/LPG,CLLG,1624.59,1624.59,1624.59,1624.59,0.0,-2.08
2016-09-26,Capital Link LNG/LPG,CLLG,1622.59,1622.59,1622.59,1622.59,0.0,-0.12
2016-09-27,Capital Link LNG/LPG,CLLG,1629.86,1629.86,1629.86,1629.86,0.0,0.45
2016-09-29,Capital Link LNG/LPG,CLLG,1681.21,1681.21,1681.21,1681.21,0.0,3.15
2016-09-30,Capital Link LNG/LPG,CLLG,1706.28,1706.28,1706.28,1706.28,0.0,1.49
2016-10-03,Capital Link LNG/LPG,CLLG,1708.33,1708.33,1708.33,1708.33,0.0,0.12
2016-10-04,Capital Link LNG/LPG,CLLG,1695.61,1695.61,1695.61,1695.61,0.0,-0.74
2016-10-05,Capital Link LNG/LPG,CLLG,1731.14,1731.14,1731.14,1731.14,0.0,2.1
2016-10-06,Capital Link LNG/LPG,CLLG,1740.65,1740.65,1740.65,1740.65,0.0,0.55
2016-10-07,Capital Link LNG/LPG,CLLG,1743.64,1743.64,1743.64,1743.64,0.0,0.17
2016-10-10,Capital Link LNG/LPG,CLLG,1778.21,1778.21,1778.21,1778.21,0.0,1.98
2016-10-11,Capital Link LNG/LPG,CLLG,1776.04,1776.04,1776.04,1776.04,0.0,-0.12
2016-10-12,Capital Link LNG/LPG,CLLG,1763.12,1763.12,1763.12,1763.12,0.0,-0.73
2016-10-13,Capital Link LNG/LPG,CLLG,1740.78,1740.78,1740.78,1740.78,0.0,-1.27
2016-10-14,Capital Link LNG/LPG,CLLG,1779.49,1779.49,1779.49,1779.49,0.0,2.22
2016-10-17,Capital Link LNG/LPG,CLLG,1783.93,1783.93,1783.93,1783.93,0.0,0.25
2016-10-18,Capital Link LNG/LPG,CLLG,1834.9,1834.9,1834.9,1834.9,0.0,2.86
2016-10-19,Capital Link LNG/LPG,CLLG,1862.84,1862.84,1862.84,1862.84,0.0,1.52
2016-10-20,Capital Link LNG/LPG,CLLG,1865.6,1865.6,1865.6,1865.6,0.0,0.15
2016-10-21,Capital Link LNG/LPG,CLLG,1853.0,1853.0,1853.0,1853.0,0.0,-0.68
2016-10-24,Capital Link LNG/LPG,CLLG,1861.94,1861.94,1861.94,1861.94,0.0,0.48
2016-10-25,Capital Link LNG/LPG,CLLG,1832.3,1832.3,1832.3,1832.3,0.0,-1.59
2016-10-27,Capital Link LNG/LPG,CLLG,1816.81,1816.81,1816.81,1816.81,0.0,-0.85
2016-10-28,Capital Link LNG/LPG,CLLG,1761.54,1761.54,1761.54,1761.54,0.0,-3.04
2016-10-31,Capital Link LNG/LPG,CLLG,1725.04,1725.04,1725.04,1725.04,0.0,-2.07
2016-11-01,Capital Link LNG/LPG,CLLG,1698.95,1698.95,1698.95,1698.95,0.0,-1.51
2016-11-02,Capital Link LNG/LPG,CLLG,1641.73,1641.73,1641.73,1641.73,0.0,-3.37
2016-11-03,Capital Link LNG/LPG,CLLG,1644.03,1644.03,1644.03,1644.03,0.0,0.14
2016-11-04,Capital Link LNG/LPG,CLLG,1625.83,1625.83,1625.83,1625.83,0.0,-1.11
2016-11-07,Capital Link LNG/LPG,CLLG,1663.02,1663.02,1663.02,1663.02,0.0,2.29
2016-11-08,Capital Link LNG/LPG,CLLG,1665.7,1665.7,1665.7,1665.7,0.0,0.16
2016-11-09,Capital Link LNG/LPG,CLLG,1704.23,1704.23,1704.23,1704.23,0.0,2.31
2016-11-10,Capital Link LNG/LPG,CLLG,1750.75,1750.75,1750.75,1750.75,0.0,2.73
2016-11-11,Capital Link LNG/LPG,CLLG,1784.82,1784.82,1784.82,1784.82,0.0,1.95
2016-11-14,Capital Link LNG/LPG,CLLG,1781.47,1781.47,1781.47,1781.47,0.0,-0.19
2016-11-15,Capital Link LNG/LPG,CLLG,1842.84,1842.84,1842.84,1842.84,0.0,3.44
2016-11-16,Capital Link LNG/LPG,CLLG,1834.62,1834.62,1834.62,1834.62,0.0,-0.45
2016-11-17,Capital Link LNG/LPG,CLLG,1812.25,1812.25,1812.25,1812.25,0.0,-1.22
2016-11-18,Capital Link LNG/LPG,CLLG,1835.49,1835.49,1835.49,1835.49,0.0,1.28
2016-11-21,Capital Link LNG/LPG,CLLG,1865.99,1865.99,1865.99,1865.99,0.0,1.66
2016-11-22,Capital Link LNG/LPG,CLLG,1867.42,1867.42,1867.42,1867.42,0.0,0.08
2016-11-23,Capital Link LNG/LPG,CLLG,1894.41,1894.41,1894.41,1894.41,0.0,1.45
2016-11-25,Capital Link LNG/LPG,CLLG,1844.39,1844.39,1844.39,1844.39,0.0,-2.64
2016-11-28,Capital Link LNG/LPG,CLLG,1787.99,1787.99,1787.99,1787.99,0.0,-3.06
2016-11-30,Capital Link LNG/LPG,CLLG,1839.54,1839.54,1839.54,1839.54,0.0,2.88
2016-12-01,Capital Link LNG/LPG,CLLG,1825.59,1825.59,1825.59,1825.59,0.0,-0.76
2016-12-02,Capital Link LNG/LPG,CLLG,1831.38,1831.38,1831.38,1831.38,0.0,0.32
2016-12-05,Capital Link LNG/LPG,CLLG,1845.15,1845.15,1845.15,1845.15,0.0,0.75
2016-12-06,Capital Link LNG/LPG,CLLG,1838.41,1838.41,1838.41,1838.41,0.0,-0.37
2016-12-07,Capital Link LNG/LPG,CLLG,1827.29,1827.29,1827.29,1827.29,0.0,-0.6
2016-12-09,Capital Link LNG/LPG,CLLG,1841.43,1841.43,1841.43,1841.43,0.0,0.77
2016-12-12,Capital Link LNG/LPG,CLLG,1828.7,1828.7,1828.7,1828.7,0.0,-0.69
2016-12-13,Capital Link LNG/LPG,CLLG,1849.28,1849.28,1849.28,1849.28,0.0,1.13
2016-12-14,Capital Link LNG/LPG,CLLG,1786.7,1786.7,1786.7,1786.7,0.0,-3.38
2016-12-15,Capital Link LNG/LPG,CLLG,1806.17,1806.17,1806.17,1806.17,0.0,1.09
2016-12-16,Capital Link LNG/LPG,CLLG,1839.35,1839.35,1839.35,1839.35,0.0,1.84
2016-12-19,Capital Link LNG/LPG,CLLG,1803.58,1803.58,1803.58,1803.58,0.0,-1.94
2016-12-20,Capital Link LNG/LPG,CLLG,1828.49,1828.49,1828.49,1828.49,0.0,1.38
2016-12-21,Capital Link LNG/LPG,CLLG,1838.29,1838.29,1838.29,1838.29,0.0,0.54
2016-12-23,Capital Link LNG/LPG,CLLG,1812.79,1812.79,1812.79,1812.79,0.0,-1.39
2016-12-27,Capital Link LNG/LPG,CLLG,1810.6,1810.6,1810.6,1810.6,0.0,-0.12
2016-12-28,Capital Link LNG/LPG,CLLG,1828.56,1828.56,1828.56,1828.56,0.0,0.99
2016-12-29,Capital Link LNG/LPG,CLLG,1838.95,1838.95,1838.95,1838.95,0.0,0.57
2016-12-30,Capital Link LNG/LPG,CLLG,1842.6,1842.6,1842.6,1842.6,0.0,0.2
2017-01-03,Capital Link LNG/LPG,CLLG,1877.12,1877.12,1877.12,1877.12,0.0,1.87
2017-01-04,Capital Link LNG/LPG,CLLG,1900.77,1900.77,1900.77,1900.77,0.0,1.26
2017-01-05,Capital Link LNG/LPG,CLLG,1890.56,1890.56,1890.56,1890.56,0.0,-0.54
2017-01-06,Capital Link LNG/LPG,CLLG,1907.86,1907.86,1907.86,1907.86,0.0,0.92
2017-01-09,Capital Link LNG/LPG,CLLG,1895.6,1895.6,1895.6,1895.6,0.0,-0.64
2017-01-10,Capital Link LNG/LPG,CLLG,1874.68,1874.68,1874.68,1874.68,0.0,-1.1
2017-01-11,Capital Link LNG/LPG,CLLG,1914.67,1914.67,1914.67,1914.67,0.0,2.13
2017-01-12,Capital Link LNG/LPG,CLLG,1907.6,1907.6,1907.6,1907.6,0.0,-0.37
2017-01-13,Capital Link LNG/LPG,CLLG,1927.5,1927.5,1927.5,1927.5,0.0,1.04
2017-01-17,Capital Link LNG/LPG,CLLG,1920.22,1920.22,1920.22,1920.22,0.0,-0.38
2017-01-18,Capital Link LNG/LPG,CLLG,1935.79,1935.79,1935.79,1935.79,0.0,0.81
2017-01-19,Capital Link LNG/LPG,CLLG,1944.77,1944.77,1944.77,1944.77,0.0,0.46
2017-01-20,Capital Link LNG/LPG,CLLG,1986.03,1986.03,1986.03,1986.03,0.0,2.12
2017-01-23,Capital Link LNG/LPG,CLLG,1995.53,1995.53,1995.53,1995.53,0.0,0.48
2017-01-24,Capital Link LNG/LPG,CLLG,2022.76,2022.76,2022.76,2022.76,0.0,1.36
2017-01-25,Capital Link LNG/LPG,CLLG,2059.95,2059.95,2059.95,2059.95,0.0,1.84
2017-01-26,Capital Link LNG/LPG,CLLG,2076.04,2076.04,2076.04,2076.04,0.0,0.78
2017-01-27,Capital Link LNG/LPG,CLLG,2067.79,2067.79,2067.79,2067.79,0.0,-0.4
2017-01-30,Capital Link LNG/LPG,CLLG,2016.42,2016.42,2016.42,2016.42,0.0,-2.48
2017-01-31,Capital Link LNG/LPG,CLLG,2014.05,2014.05,2014.05,2014.05,0.0,-0.12
2017-02-01,Capital Link LNG/LPG,CLLG,2054.48,2054.48,2054.48,2054.48,0.0,2.01
2017-02-02,Capital Link LNG/LPG,CLLG,2032.42,2032.42,2032.42,2032.42,0.0,-1.07
2017-02-03,Capital Link LNG/LPG,CLLG,2067.57,2067.57,2067.57,2067.57,0.0,1.73
2017-02-08,Capital Link LNG/LPG,CLLG,1992.43,1992.43,1992.43,1992.43,0.0,-3.63
2017-02-09,Capital Link LNG/LPG,CLLG,2029.54,2029.54,2029.54,2029.54,0.0,1.86
2017-02-10,Capital Link LNG/LPG,CLLG,2089.99,2089.99,2089.99,2089.99,0.0,2.98
2017-02-13,Capital Link LNG/LPG,CLLG,2080.8,2080.8,2080.8,2080.8,0.0,-0.44
2017-02-14,Capital Link LNG/LPG,CLLG,2087.66,2087.66,2087.66,2087.66,0.0,0.33
2017-02-15,Capital Link LNG/LPG,CLLG,2070.99,2070.99,2070.99,2070.99,0.0,-0.8
2017-02-16,Capital Link LNG/LPG,CLLG,2042.97,2042.97,2042.97,2042.97,0.0,-1.35
2017-02-17,Capital Link LNG/LPG,CLLG,2029.33,2029.33,2029.33,2029.33,0.0,-0.67
2017-02-21,Capital Link LNG/LPG,CLLG,2075.43,2075.43,2075.43,2075.43,0.0,2.27
2017-02-22,Capital Link LNG/LPG,CLLG,2034.67,2034.67,2034.67,2034.67,0.0,-1.96
2017-02-23,Capital Link LNG/LPG,CLLG,2061.15,2061.15,2061.15,2061.15,0.0,1.3
2017-02-24,Capital Link LNG/LPG,CLLG,2033.19,2033.19,2033.19,2033.19,0.0,-1.36
2017-02-27,Capital Link LNG/LPG,CLLG,2018.77,2018.77,2018.77,2018.77,0.0,-0.71
2017-02-28,Capital Link LNG/LPG,CLLG,2028.65,2028.65,2028.65,2028.65,0.0,0.49
2017-03-01,Capital Link LNG/LPG,CLLG,2080.84,2080.84,2080.84,2080.84,0.0,2.57
2017-03-02,Capital Link LNG/LPG,CLLG,2051.93,2051.93,2051.93,2051.93,0.0,-1.39
2017-03-03,Capital Link LNG/LPG,CLLG,2063.64,2063.64,2063.64,2063.64,0.0,0.57
2017-03-07,Capital Link LNG/LPG,CLLG,2081.43,2081.43,2081.43,2081.43,0.0,0.86
2017-03-08,Capital Link LNG/LPG,CLLG,2030.56,2030.56,2030.56,2030.56,0.0,-2.44
2017-03-09,Capital Link LNG/LPG,CLLG,2010.29,2010.29,2010.29,2010.29,0.0,-1.0
2017-03-10,Capital Link LNG/LPG,CLLG,2009.48,2009.48,2009.48,2009.48,0.0,-0.04
2017-03-13,Capital Link LNG/LPG,CLLG,2011.43,2011.43,2011.43,2011.43,0.0,0.1
2017-03-14,Capital Link LNG/LPG,CLLG,1974.35,1974.35,1974.35,1974.35,0.0,-1.84
2017-03-15,Capital Link LNG/LPG,CLLG,2010.36,2010.36,2010.36,2010.36,0.0,1.82
2017-03-16,Capital Link LNG/LPG,CLLG,2004.2,2004.2,2004.2,2004.2,0.0,-0.31
2017-03-17,Capital Link LNG/LPG,CLLG,2020.24,2020.24,2020.24,2020.24,0.0,0.8
2017-03-20,Capital Link LNG/LPG,CLLG,2036.03,2036.03,2036.03,2036.03,0.0,0.78
2017-03-22,Capital Link LNG/LPG,CLLG,1960.66,1960.66,1960.66,1960.66,0.0,-3.7
2017-03-23,Capital Link LNG/LPG,CLLG,1996.12,1996.12,1996.12,1996.12,0.0,1.81
2017-03-24,Capital Link LNG/LPG,CLLG,2016.96,2016.96,2016.96,2016.96,0.0,1.04
2017-03-27,Capital Link LNG/LPG,CLLG,1985.7,1985.7,1985.7,1985.7,0.0,-1.55
2017-03-28,Capital Link LNG/LPG,CLLG,2027.61,2027.61,2027.61,2027.61,0.0,2.11
2017-03-29,Capital Link LNG/LPG,CLLG,2060.58,2060.58,2060.58,2060.58,0.0,1.63
2017-03-30,Capital Link LNG/LPG,CLLG,2071.07,2071.07,2071.07,2071.07,0.0,0.51
2017-03-31,Capital Link LNG/LPG,CLLG,2066.33,2066.33,2066.33,2066.33,0.0,-0.23
2017-04-03,Capital Link LNG/LPG,CLLG,2055.3,2055.3,2055.3,2055.3,0.0,-0.53
2017-04-04,Capital Link LNG/LPG,CLLG,2053.66,2053.66,2053.66,2053.66,0.0,-0.08
2017-04-05,Capital Link LNG/LPG,CLLG,2003.78,2003.78,2003.78,2003.78,0.0,-2.43
2017-04-06,Capital Link LNG/LPG,CLLG,2028.9,2028.9,2028.9,2028.9,0.0,1.25
2017-04-07,Capital Link LNG/LPG,CLLG,2021.96,2021.96,2021.96,2021.96,0.0,-0.34
2017-04-10,Capital Link LNG/LPG,CLLG,2062.92,2062.92,2062.92,2062.92,0.0,2.03
2017-04-11,Capital Link LNG/LPG,CLLG,2065.16,2065.16,2065.16,2065.16,0.0,0.11
2017-04-12,Capital Link LNG/LPG,CLLG,2030.19,2030.19,2030.19,2030.19,0.0,-1.69
2017-04-13,Capital Link LNG/LPG,CLLG,1989.98,1989.98,1989.98,1989.98,0.0,-1.98
2017-04-17,Capital Link LNG/LPG,CLLG,1979.78,1979.78,1979.78,1979.78,0.0,-0.51
2017-04-18,Capital Link LNG/LPG,CLLG,1999.31,1999.31,1999.31,1999.31,0.0,0.99
2017-04-19,Capital Link LNG/LPG,CLLG,1959.23,1959.23,1959.23,1959.23,0.0,-2.0
2017-04-20,Capital Link LNG/LPG,CLLG,1961.23,1961.23,1961.23,1961.23,0.0,0.1
2017-04-21,Capital Link LNG/LPG,CLLG,1956.18,1956.18,1956.18,1956.18,0.0,-0.26
2017-04-24,Capital Link LNG/LPG,CLLG,1981.66,1981.66,1981.66,1981.66,0.0,1.3
2017-04-25,Capital Link LNG/LPG,CLLG,2009.68,2009.68,2009.68,2009.68,0.0,1.41
2017-04-26,Capital Link LNG/LPG,CLLG,1995.4,1995.4,1995.4,1995.4,0.0,-0.71
2017-04-27,Capital Link LNG/LPG,CLLG,1967.94,1967.94,1967.94,1967.94,0.0,-1.38
2017-04-28,Capital Link LNG/LPG,CLLG,1959.08,1959.08,1959.08,1959.08,0.0,-0.45
2017-05-01,Capital Link LNG/LPG,CLLG,1983.03,1983.03,1983.03,1983.03,0.0,1.22
2017-05-02,Capital Link LNG/LPG,CLLG,1987.47,1987.47,1987.47,1987.47,0.0,0.22
2017-05-03,Capital Link LNG/LPG,CLLG,1955.52,1955.52,1955.52,1955.52,0.0,-1.61
2017-05-04,Capital Link LNG/LPG,CLLG,1896.19,1896.19,1896.19,1896.19,0.0,-3.03
2017-05-05,Capital Link LNG/LPG,CLLG,1942.09,1942.09,1942.09,1942.09,0.0,2.42
2017-05-08,Capital Link LNG/LPG,CLLG,1953.29,1953.29,1953.29,1953.29,0.0,0.58
2017-05-09,Capital Link LNG/LPG,CLLG,1929.53,1929.53,1929.53,1929.53,0.0,-1.22
2017-05-10,Capital Link LNG/LPG,CLLG,1968.04,1968.04,1968.04,1968.04,0.0,2.0
2017-05-11,Capital Link LNG/LPG,CLLG,1958.28,1958.28,1958.28,1958.28,0.0,-0.5
2017-05-12,Capital Link LNG/LPG,CLLG,1966.35,1966.35,1966.35,1966.35,0.0,0.41
2017-05-15,Capital Link LNG/LPG,CLLG,2003.47,2003.47,2003.47,2003.47,0.0,1.89
2017-05-16,Capital Link LNG/LPG,CLLG,1984.89,1984.89,1984.89,1984.89,0.0,-0.93
2017-05-17,Capital Link LNG/LPG,CLLG,1926.78,1926.78,1926.78,1926.78,0.0,-2.93
2017-05-18,Capital Link LNG/LPG,CLLG,1926.4,1926.4,1926.4,1926.4,0.0,-0.02
2017-05-19,Capital Link LNG/LPG,CLLG,1979.59,1979.59,1979.59,1979.59,0.0,2.76
2017-05-23,Capital Link LNG/LPG,CLLG,1988.62,1988.62,1988.62,1988.62,0.0,0.46
2017-05-24,Capital Link LNG/LPG,CLLG,1958.51,1958.51,1958.51,1958.51,0.0,-1.51
2017-05-25,Capital Link LNG/LPG,CLLG,1934.64,1934.64,1934.64,1934.64,0.0,-1.22
2017-05-26,Capital Link LNG/LPG,CLLG,1930.12,1930.12,1930.12,1930.12,0.0,-0.23
2017-05-30,Capital Link LNG/LPG,CLLG,1859.77,1859.77,1859.77,1859.77,0.0,-3.64
2017-05-31,Capital Link LNG/LPG,CLLG,1780.41,1780.41,1780.41,1780.41,0.0,-4.27
2017-06-01,Capital Link LNG/LPG,CLLG,1812.99,1812.99,1812.99,1812.99,0.0,1.83
2017-06-02,Capital Link LNG/LPG,CLLG,1777.68,1777.68,1777.68,1777.68,0.0,-1.95
2017-06-05,Capital Link LNG/LPG,CLLG,1776.5,1776.5,1776.5,1776.5,0.0,-0.07
2017-06-06,Capital Link LNG/LPG,CLLG,1786.44,1786.44,1786.44,1786.44,0.0,0.56
2017-06-07,Capital Link LNG/LPG,CLLG,1742.89,1742.89,1742.89,1742.89,0.0,-2.44
2017-06-08,Capital Link LNG/LPG,CLLG,1722.96,1722.96,1722.96,1722.96,0.0,-1.14
2017-06-09,Capital Link LNG/LPG,CLLG,1763.33,1763.33,1763.33,1763.33,0.0,2.34
2017-06-12,Capital Link LNG/LPG,CLLG,1799.87,1799.87,1799.87,1799.87,0.0,2.07
2017-06-13,Capital Link LNG/LPG,CLLG,1815.09,1815.09,1815.09,1815.09,0.0,0.85
2017-06-14,Capital Link LNG/LPG,CLLG,1746.15,1746.15,1746.15,1746.15,0.0,-3.8
2017-06-15,Capital Link LNG/LPG,CLLG,1686.83,1686.83,1686.83,1686.83,0.0,-3.4
2017-06-19,Capital Link LNG/LPG,CLLG,1708.32,1708.32,1708.32,1708.32,0.0,1.27
2017-06-20,Capital Link LNG/LPG,CLLG,1678.54,1678.54,1678.54,1678.54,0.0,-1.74
2017-06-21,Capital Link LNG/LPG,CLLG,1704.11,1704.11,1704.11,1704.11,0.0,1.52
2017-06-22,Capital Link LNG/LPG,CLLG,1726.65,1726.65,1726.65,1726.65,0.0,1.32
2017-06-23,Capital Link LNG/LPG,CLLG,1763.74,1763.74,1763.74,1763.74,0.0,2.15
2017-06-26,Capital Link LNG/LPG,CLLG,1773.43,1773.43,1773.43,1773.43,0.0,0.55
2017-06-27,Capital Link LNG/LPG,CLLG,1754.02,1754.02,1754.02,1754.02,0.0,-1.09
2017-06-28,Capital Link LNG/LPG,CLLG,1783.9,1783.9,1783.9,1783.9,0.0,1.7
2017-06-30,Capital Link LNG/LPG,CLLG,1783.15,1783.15,1783.15,1783.15,0.0,-0.04
2017-07-03,Capital Link LNG/LPG,CLLG,1880.58,1880.58,1880.58,1880.58,0.0,5.46
2017-07-05,Capital Link LNG/LPG,CLLG,1854.95,1854.95,1854.95,1854.95,0.0,-1.36
2017-07-06,Capital Link LNG/LPG,CLLG,1837.17,1837.17,1837.17,1837.17,0.0,-0.96
2017-07-07,Capital Link LNG/LPG,CLLG,1818.56,1818.56,1818.56,1818.56,0.0,-1.01
2017-07-10,Capital Link LNG/LPG,CLLG,1824.93,1824.93,1824.93,1824.93,0.0,0.35
2017-07-11,Capital Link LNG/LPG,CLLG,1830.83,1830.83,1830.83,1830.83,0.0,0.32
2017-07-12,Capital Link LNG/LPG,CLLG,1839.41,1839.41,1839.41,1839.41,0.0,0.47
2017-07-13,Capital Link LNG/LPG,CLLG,1880.86,1880.86,1880.86,1880.86,0.0,2.25
2017-07-14,Capital Link LNG/LPG,CLLG,1877.54,1877.54,1877.54,1877.54,0.0,-0.18
2017-07-17,Capital Link LNG/LPG,CLLG,1892.63,1892.63,1892.63,1892.63,0.0,0.8
2017-07-18,Capital Link LNG/LPG,CLLG,1894.57,1894.57,1894.57,1894.57,0.0,0.1
2017-07-19,Capital Link LNG/LPG,CLLG,1924.87,1924.87,1924.87,1924.87,0.0,1.6
2017-07-20,Capital Link LNG/LPG,CLLG,1913.98,1913.98,1913.98,1913.98,0.0,-0.57
2017-07-21,Capital Link LNG/LPG,CLLG,1902.79,1902.79,1902.79,1902.79,0.0,-0.58
2017-07-24,Capital Link LNG/LPG,CLLG,1928.96,1928.96,1928.96,1928.96,0.0,1.38
2017-07-25,Capital Link LNG/LPG,CLLG,1950.02,1950.02,1950.02,1950.02,0.0,1.09
2017-07-26,Capital Link LNG/LPG,CLLG,1946.43,1946.43,1946.43,1946.43,0.0,-0.18
2017-07-27,Capital Link LNG/LPG,CLLG,1966.1,1966.1,1966.1,1966.1,0.0,1.01
2017-07-28,Capital Link LNG/LPG,CLLG,1986.58,1986.58,1986.58,1986.58,0.0,1.04
2017-07-31,Capital Link LNG/LPG,CLLG,1986.93,1986.93,1986.93,1986.93,0.0,0.02
2017-08-01,Capital Link LNG/LPG,CLLG,1974.68,1974.68,1974.68,1974.68,0.0,-0.62
2017-08-02,Capital Link LNG/LPG,CLLG,1937.97,1937.97,1937.97,1937.97,0.0,-1.86
2017-08-03,Capital Link LNG/LPG,CLLG,1860.53,1860.53,1860.53,1860.53,0.0,-4.0
2017-08-04,Capital Link LNG/LPG,CLLG,1878.09,1878.09,1878.09,1878.09,0.0,0.94
2017-08-07,Capital Link LNG/LPG,CLLG,1868.69,1868.69,1868.69,1868.69,0.0,-0.5
2017-08-08,Capital Link LNG/LPG,CLLG,1829.73,1829.73,1829.73,1829.73,0.0,-2.08
2017-08-09,Capital Link LNG/LPG,CLLG,1831.45,1831.45,1831.45,1831.45,0.0,0.09
2017-08-10,Capital Link LNG/LPG,CLLG,1791.01,1791.01,1791.01,1791.01,0.0,-2.21
2017-08-11,Capital Link LNG/LPG,CLLG,1795.76,1795.76,1795.76,1795.76,0.0,0.27
2017-08-14,Capital Link LNG/LPG,CLLG,1804.86,1804.86,1804.86,1804.86,0.0,0.51
2017-08-15,Capital Link LNG/LPG,CLLG,1781.59,1781.59,1781.59,1781.59,0.0,-1.29
2017-08-16,Capital Link LNG/LPG,CLLG,1773.84,1773.84,1773.84,1773.84,0.0,-0.44
2017-08-17,Capital Link LNG/LPG,CLLG,1768.42,1768.42,1768.42,1768.42,0.0,-0.31
2017-08-18,Capital Link LNG/LPG,CLLG,1772.94,1772.94,1772.94,1772.94,0.0,0.26
2017-08-21,Capital Link LNG/LPG,CLLG,1759.29,1759.29,1759.29,1759.29,0.0,-0.77
2017-08-22,Capital Link LNG/LPG,CLLG,1798.89,1798.89,1798.89,1798.89,0.0,2.25
2017-08-23,Capital Link LNG/LPG,CLLG,1822.68,1822.68,1822.68,1822.68,0.0,1.32
2017-08-24,Capital Link LNG/LPG,CLLG,1824.01,1824.01,1824.01,1824.01,0.0,0.07
2017-08-25,Capital Link LNG/LPG,CLLG,1837.16,1837.16,1837.16,1837.16,0.0,0.72
2017-08-28,Capital Link LNG/LPG,CLLG,1820.77,1820.77,1820.77,1820.77,0.0,-0.89
2017-08-29,Capital Link LNG/LPG,CLLG,1823.73,1823.73,1823.73,1823.73,0.0,0.16
2017-08-30,Capital Link LNG/LPG,CLLG,1808.6,1808.6,1808.6,1808.6,0.0,-0.83
2017-08-31,Capital Link LNG/LPG,CLLG,1840.54,1840.54,1840.54,1840.54,0.0,1.77
2017-09-01,Capital Link LNG/LPG,CLLG,1844.39,1844.39,1844.39,1844.39,0.0,0.21
2017-09-05,Capital Link LNG/LPG,CLLG,1817.43,1817.43,1817.43,1817.43,0.0,-1.46
2017-09-06,Capital Link LNG/LPG,CLLG,1818.94,1818.94,1818.94,1818.94,0.0,0.08
2017-09-07,Capital Link LNG/LPG,CLLG,1817.68,1817.68,1817.68,1817.68,0.0,-0.07
2017-09-08,Capital Link LNG/LPG,CLLG,1804.19,1804.19,1804.19,1804.19,0.0,-0.74
2017-09-11,Capital Link LNG/LPG,CLLG,1808.05,1808.05,1808.05,1808.05,0.0,0.21
2017-09-12,Capital Link LNG/LPG,CLLG,1801.1,1801.1,1801.1,1801.1,0.0,-0.38
2017-09-13,Capital Link LNG/LPG,CLLG,1820.31,1820.31,1820.31,1820.31,0.0,1.07
2017-09-14,Capital Link LNG/LPG,CLLG,1823.72,1823.72,1823.72,1823.72,0.0,0.19
2017-09-15,Capital Link LNG/LPG,CLLG,1826.7,1826.7,1826.7,1826.7,0.0,0.16
2017-09-18,Capital Link LNG/LPG,CLLG,1830.32,1830.32,1830.32,1830.32,0.0,0.2
2017-09-19,Capital Link LNG/LPG,CLLG,1821.17,1821.17,1821.17,1821.17,0.0,-0.5
2017-09-20,Capital Link LNG/LPG,CLLG,1852.07,1852.07,1852.07,1852.07,0.0,1.7
2017-09-21,Capital Link LNG/LPG,CLLG,1836.81,1836.81,1836.81,1836.81,0.0,-0.82
2017-09-22,Capital Link LNG/LPG,CLLG,1854.12,1854.12,1854.12,1854.12,0.0,0.94
2017-09-25,Capital Link LNG/LPG,CLLG,1854.64,1854.64,1854.64,1854.64,0.0,0.03
2017-09-26,Capital Link LNG/LPG,CLLG,1867.12,1867.12,1867.12,1867.12,0.0,0.67
2017-09-27,Capital Link LNG/LPG,CLLG,1875.06,1875.06,1875.06,1875.06,0.0,0.43
2017-09-28,Capital Link LNG/LPG,CLLG,1885.82,1885.82,1885.82,1885.82,0.0,0.57
2017-09-29,Capital Link LNG/LPG,CLLG,1902.24,1902.24,1902.24,1902.24,0.0,0.87
2017-10-02,Capital Link LNG/LPG,CLLG,1916.37,1916.37,1916.37,1916.37,0.0,0.74
2017-10-03,Capital Link LNG/LPG,CLLG,1917.16,1917.16,1917.16,1917.16,0.0,0.04
2017-10-04,Capital Link LNG/LPG,CLLG,1905.79,1905.79,1905.79,1905.79,0.0,-0.59
2017-10-05,Capital Link LNG/LPG,CLLG,1920.14,1920.14,1920.14,1920.14,0.0,0.75
2017-10-06,Capital Link LNG/LPG,CLLG,1907.14,1907.14,1907.14,1907.14,0.0,-0.68
2017-10-09,Capital Link LNG/LPG,CLLG,1888.86,1888.86,1888.86,1888.86,0.0,-0.96
2017-10-10,Capital Link LNG/LPG,CLLG,1886.46,1886.46,1886.46,1886.46,0.0,-0.13
2017-10-11,Capital Link LNG/LPG,CLLG,1896.88,1896.88,1896.88,1896.88,0.0,0.55
2017-10-12,Capital Link LNG/LPG,CLLG,1917.68,1917.68,1917.68,1917.68,0.0,1.1
2017-10-13,Capital Link LNG/LPG,CLLG,1908.7,1908.7,1908.7,1908.7,0.0,-0.47
2017-10-16,Capital Link LNG/LPG,CLLG,1912.71,1912.71,1912.71,1912.71,0.0,0.21
2017-10-17,Capital Link LNG/LPG,CLLG,1893.93,1893.93,1893.93,1893.93,0.0,-0.98
2017-10-18,Capital Link LNG/LPG,CLLG,1881.66,1881.66,1881.66,1881.66,0.0,-0.65
2017-10-19,Capital Link LNG/LPG,CLLG,1871.75,1871.75,1871.75,1871.75,0.0,-0.53
2017-10-20,Capital Link LNG/LPG,CLLG,1873.07,1873.07,1873.07,1873.07,0.0,0.07
2017-10-23,Capital Link LNG/LPG,CLLG,1841.66,1841.66,1841.66,1841.66,0.0,-1.68
2017-10-24,Capital Link LNG/LPG,CLLG,1836.82,1836.82,1836.82,1836.82,0.0,-0.26
2017-10-25,Capital Link LNG/LPG,CLLG,1800.58,1800.58,1800.58,1800.58,0.0,-1.97
2017-10-26,Capital Link LNG/LPG,CLLG,1798.93,1798.93,1798.93,1798.93,0.0,-0.09
2017-10-27,Capital Link LNG/LPG,CLLG,1819.35,1819.35,1819.35,1819.35,0.0,1.14
2017-10-30,Capital Link LNG/LPG,CLLG,1843.17,1843.17,1843.17,1843.17,0.0,1.31
2017-10-31,Capital Link LNG/LPG,CLLG,1835.89,1835.89,1835.89,1835.89,0.0,-0.39
2017-11-01,Capital Link LNG/LPG,CLLG,1844.12,1844.12,1844.12,1844.12,0.0,0.45
2017-11-02,Capital Link LNG/LPG,CLLG,1828.59,1828.59,1828.59,1828.59,0.0,-0.84
2017-11-03,Capital Link LNG/LPG,CLLG,1859.56,1859.56,1859.56,1859.56,0.0,1.69
2017-11-06,Capital Link LNG/LPG,CLLG,1906.84,1906.84,1906.84,1906.84,0.0,2.54
2017-11-07,Capital Link LNG/LPG,CLLG,1928.31,1928.31,1928.31,1928.31,0.0,1.13
2017-11-08,Capital Link LNG/LPG,CLLG,1902.33,1902.33,1902.33,1902.33,0.0,-1.35
2017-11-09,Capital Link LNG/LPG,CLLG,1931.61,1931.61,1931.61,1931.61,0.0,1.54
2017-11-10,Capital Link LNG/LPG,CLLG,1931.33,1931.33,1931.33,1931.33,0.0,-0.01
2017-11-13,Capital Link LNG/LPG,CLLG,1911.04,1911.04,1911.04,1911.04,0.0,-1.05
2017-11-14,Capital Link LNG/LPG,CLLG,1864.78,1864.78,1864.78,1864.78,0.0,-2.42
2017-11-15,Capital Link LNG/LPG,CLLG,1855.56,1855.56,1855.56,1855.56,0.0,-0.49
2017-11-16,Capital Link LNG/LPG,CLLG,1848.18,1848.18,1848.18,1848.18,0.0,-0.4
2017-11-17,Capital Link LNG/LPG,CLLG,1888.61,1888.61,1888.61,1888.61,0.0,2.19
2017-11-20,Capital Link LNG/LPG,CLLG,1880.34,1880.34,1880.34,1880.34,0.0,-0.44
2017-11-21,Capital Link LNG/LPG,CLLG,1871.21,1871.21,1871.21,1871.21,0.0,-0.49
2017-11-22,Capital Link LNG/LPG,CLLG,1900.56,1900.56,1900.56,1900.56,0.0,1.57
2017-11-24,Capital Link LNG/LPG,CLLG,1911.42,1911.42,1911.42,1911.42,0.0,0.57
2017-11-27,Capital Link LNG/LPG,CLLG,1898.83,1898.83,1898.83,1898.83,0.0,-0.66
2017-11-28,Capital Link LNG/LPG,CLLG,1921.31,1921.31,1921.31,1921.31,0.0,1.18
2017-11-29,Capital Link LNG/LPG,CLLG,1927.72,1927.72,1927.72,1927.72,0.0,0.33
2017-11-30,Capital Link LNG/LPG,CLLG,1905.0,1905.0,1905.0,1905.0,0.0,-1.18
2017-12-01,Capital Link LNG/LPG,CLLG,1885.13,1885.13,1885.13,1885.13,0.0,-1.04
2017-12-04,Capital Link LNG/LPG,CLLG,1896.37,1896.37,1896.37,1896.37,0.0,0.6
2017-12-05,Capital Link LNG/LPG,CLLG,1880.31,1880.31,1880.31,1880.31,0.0,-0.85
2017-12-06,Capital Link LNG/LPG,CLLG,1868.22,1868.22,1868.22,1868.22,0.0,-0.64
2017-12-07,Capital Link LNG/LPG,CLLG,1897.88,1897.88,1897.88,1897.88,0.0,1.59
2017-12-08,Capital Link LNG/LPG,CLLG,1912.4,1912.4,1912.4,1912.4,0.0,0.77
2017-12-11,Capital Link LNG/LPG,CLLG,1965.82,1965.82,1965.82,1965.82,0.0,2.79
2017-12-12,Capital Link LNG/LPG,CLLG,1990.96,1990.96,1990.96,1990.96,0.0,1.28
2017-12-13,Capital Link LNG/LPG,CLLG,2008.88,2008.88,2008.88,2008.88,0.0,0.9
2017-12-14,Capital Link LNG/LPG,CLLG,2034.57,2034.57,2034.57,2034.57,0.0,1.28
2017-12-15,Capital Link LNG/LPG,CLLG,2063.24,2063.24,2063.24,2063.24,0.0,1.41
2017-12-18,Capital Link LNG/LPG,CLLG,2143.77,2143.77,2143.77,2143.77,0.0,3.9
2017-12-19,Capital Link LNG/LPG,CLLG,2139.26,2139.26,2139.26,2139.26,0.0,-0.21
2017-12-20,Capital Link LNG/LPG,CLLG,2165.16,2165.16,2165.16,2165.16,0.0,1.21
2017-12-21,Capital Link LNG/LPG,CLLG,2172.88,2172.88,2172.88,2172.88,0.0,0.36
2017-12-22,Capital Link LNG/LPG,CLLG,2179.05,2179.05,2179.05,2179.05,0.0,0.28
2017-12-26,Capital Link LNG/LPG,CLLG,2202.43,2202.43,2202.43,2202.43,0.0,1.07
2017-12-27,Capital Link LNG/LPG,CLLG,2215.05,2215.05,2215.05,2215.05,0.0,0.57
2017-12-28,Capital Link LNG/LPG,CLLG,2228.95,2228.95,2228.95,2228.95,0.0,0.63
2017-12-29,Capital Link LNG/LPG,CLLG,2224.0,2224.0,2224.0,2224.0,0.0,-0.22
2018-01-02,Capital Link LNG/LPG,CLLG,2274.25,2274.25,2274.25,2274.25,0.0,2.26
2018-01-03,Capital Link LNG/LPG,CLLG,2284.08,2284.08,2284.08,2284.08,0.0,0.43
2018-01-04,Capital Link LNG/LPG,CLLG,2279.88,2279.88,2279.88,2279.88,0.0,-0.18
2018-01-05,Capital Link LNG/LPG,CLLG,2234.21,2234.21,2234.21,2234.21,0.0,-2.0
2018-01-08,Capital Link LNG/LPG,CLLG,2227.44,2227.44,2227.44,2227.44,0.0,-0.3
2018-01-09,Capital Link LNG/LPG,CLLG,2206.96,2206.96,2206.96,2206.96,0.0,-0.92
2018-01-10,Capital Link LNG/LPG,CLLG,2174.24,2174.24,2174.24,2174.24,0.0,-1.48
2018-01-11,Capital Link LNG/LPG,CLLG,2203.84,2203.84,2203.84,2203.84,0.0,1.36
2018-01-12,Capital Link LNG/LPG,CLLG,2236.84,2236.84,2236.84,2236.84,0.0,1.5
2018-01-16,Capital Link LNG/LPG,CLLG,2178.38,2178.38,2178.38,2178.38,0.0,-2.61
2018-01-17,Capital Link LNG/LPG,CLLG,2178.75,2178.75,2178.75,2178.75,0.0,0.02
2018-01-18,Capital Link LNG/LPG,CLLG,2159.86,2159.86,2159.86,2159.86,0.0,-0.87
2018-01-19,Capital Link LNG/LPG,CLLG,2192.21,2192.21,2192.21,2192.21,0.0,1.5
2018-01-22,Capital Link LNG/LPG,CLLG,2252.73,2252.73,2252.73,2252.73,0.0,2.76
2018-01-23,Capital Link LNG/LPG,CLLG,2246.09,2246.09,2246.09,2246.09,0.0,-0.29
2018-01-24,Capital Link LNG/LPG,CLLG,2203.36,2203.36,2203.36,2203.36,0.0,-1.9
2018-01-25,Capital Link LNG/LPG,CLLG,2174.85,2174.85,2174.85,2174.85,0.0,-1.29
2018-01-26,Capital Link LNG/LPG,CLLG,2179.33,2179.33,2179.33,2179.33,0.0,0.21
2018-01-29,Capital Link LNG/LPG,CLLG,2143.92,2143.92,2143.92,2143.92,0.0,-1.62
2018-01-30,Capital Link LNG/LPG,CLLG,2098.05,2098.05,2098.05,2098.05,0.0,-2.14
2018-01-31,Capital Link LNG/LPG,CLLG,2090.1,2090.1,2090.1,2090.1,0.0,-0.38
2018-02-01,Capital Link LNG/LPG,CLLG,2114.83,2114.83,2114.83,2114.83,0.0,1.18
2018-02-02,Capital Link LNG/LPG,CLLG,2047.78,2047.78,2047.78,2047.78,0.0,-3.17
2018-02-05,Capital Link LNG/LPG,CLLG,1999.19,1999.19,1999.19,1999.19,0.0,-2.37
2018-02-06,Capital Link LNG/LPG,CLLG,2045.26,2045.26,2045.26,2045.26,0.0,2.3
2018-02-07,Capital Link LNG/LPG,CLLG,2037.41,2037.41,2037.41,2037.41,0.0,-0.38
2018-02-08,Capital Link LNG/LPG,CLLG,1974.33,1974.33,1974.33,1974.33,0.0,-3.1
2018-02-09,Capital Link LNG/LPG,CLLG,1947.24,1947.24,1947.24,1947.24,0.0,-1.37
2018-02-12,Capital Link LNG/LPG,CLLG,2025.54,2025.54,2025.54,2025.54,0.0,4.02
2018-02-13,Capital Link LNG/LPG,CLLG,2034.34,2034.34,2034.34,2034.34,0.0,0.43
2018-02-14,Capital Link LNG/LPG,CLLG,2094.07,2094.07,2094.07,2094.07,0.0,2.94
2018-02-15,Capital Link LNG/LPG,CLLG,2102.95,2102.95,2102.95,2102.95,0.0,0.42
2018-02-16,Capital Link LNG/LPG,CLLG,2027.44,2027.44,2027.44,2027.44,0.0,-3.59
2018-02-20,Capital Link LNG/LPG,CLLG,2002.66,2002.66,2002.66,2002.66,0.0,-1.22
2018-02-21,Capital Link LNG/LPG,CLLG,1999.72,1999.72,1999.72,1999.72,0.0,-0.15
2018-02-22,Capital Link LNG/LPG,CLLG,1995.33,1995.33,1995.33,1995.33,0.0,-0.22
2018-02-23,Capital Link LNG/LPG,CLLG,2027.81,2027.81,2027.81,2027.81,0.0,1.63
2018-02-26,Capital Link LNG/LPG,CLLG,2024.14,2024.14,2024.14,2024.14,0.0,-0.18
2018-02-27,Capital Link LNG/LPG,CLLG,2001.4,2001.4,2001.4,2001.4,0.0,-1.12
2018-02-28,Capital Link LNG/LPG,CLLG,1948.12,1948.12,1948.12,1948.12,0.0,-2.66
2018-03-01,Capital Link LNG/LPG,CLLG,1975.53,1975.53,1975.53,1975.53,0.0,1.41
2018-03-02,Capital Link LNG/LPG,CLLG,1986.38,1986.38,1986.38,1986.38,0.0,0.55
2018-03-05,Capital Link LNG/LPG,CLLG,2021.4,2021.4,2021.4,2021.4,0.0,1.76
2018-03-06,Capital Link LNG/LPG,CLLG,2016.18,2016.18,2016.18,2016.18,0.0,-0.26
2018-03-07,Capital Link LNG/LPG,CLLG,2002.19,2002.19,2002.19,2002.19,0.0,-0.69
2018-03-08,Capital Link LNG/LPG,CLLG,2005.36,2005.36,2005.36,2005.36,0.0,0.16
2018-03-09,Capital Link LNG/LPG,CLLG,2049.08,2049.08,2049.08,2049.08,0.0,2.18
2018-03-12,Capital Link LNG/LPG,CLLG,2083.8,2083.8,2083.8,2083.8,0.0,1.69
2018-03-13,Capital Link LNG/LPG,CLLG,2088.6,2088.6,2088.6,2088.6,0.0,0.23
2018-03-14,Capital Link LNG/LPG,CLLG,2055.96,2055.96,2055.96,2055.96,0.0,-1.56
2018-03-15,Capital Link LNG/LPG,CLLG,2016.53,2016.53,2016.53,2016.53,0.0,-1.92
2018-03-16,Capital Link LNG/LPG,CLLG,2037.52,2037.52,2037.52,2037.52,0.0,1.04
2018-03-19,Capital Link LNG/LPG,CLLG,1973.63,1973.63,1973.63,1973.63,0.0,-3.14
2018-03-20,Capital Link LNG/LPG,CLLG,1948.97,1948.97,1948.97,1948.97,0.0,-1.25
2018-03-21,Capital Link LNG/LPG,CLLG,1986.97,1986.97,1986.97,1986.97,0.0,1.95
2018-03-22,Capital Link LNG/LPG,CLLG,1954.65,1954.65,1954.65,1954.65,0.0,-1.63
2018-03-23,Capital Link LNG/LPG,CLLG,1921.2,1921.2,1921.2,1921.2,0.0,-1.71
2018-03-26,Capital Link LNG/LPG,CLLG,1939.27,1939.27,1939.27,1939.27,0.0,0.94
2018-03-27,Capital Link LNG/LPG,CLLG,1914.93,1914.93,1914.93,1914.93,0.0,-1.26
2018-03-28,Capital Link LNG/LPG,CLLG,1882.04,1882.04,1882.04,1882.04,0.0,-1.72
2018-03-29,Capital Link LNG/LPG,CLLG,1920.45,1920.45,1920.45,1920.45,0.0,2.04
2018-04-02,Capital Link LNG/LPG,CLLG,1901.14,1901.14,1901.14,1901.14,0.0,-1.01
2018-04-03,Capital Link LNG/LPG,CLLG,1962.01,1962.01,1962.01,1962.01,0.0,3.2
2018-04-04,Capital Link LNG/LPG,CLLG,1944.39,1944.39,1944.39,1944.39,0.0,-0.9
2018-04-05,Capital Link LNG/LPG,CLLG,2016.32,2016.32,2016.32,2016.32,0.0,3.7
2018-04-06,Capital Link LNG/LPG,CLLG,1986.48,1986.48,1986.48,1986.48,0.0,-1.48
2018-04-09,Capital Link LNG/LPG,CLLG,1962.4,1962.4,1962.4,1962.4,0.0,-1.21
2018-04-10,Capital Link LNG/LPG,CLLG,2022.14,2022.14,2022.14,2022.14,0.0,3.04
2018-04-11,Capital Link LNG/LPG,CLLG,2039.53,2039.53,2039.53,2039.53,0.0,0.86
2018-04-12,Capital Link LNG/LPG,CLLG,2024.4,2024.4,2024.4,2024.4,0.0,-0.74
2018-04-13,Capital Link LNG/LPG,CLLG,2031.64,2031.64,2031.64,2031.64,0.0,0.36
2018-04-16,Capital Link LNG/LPG,CLLG,2041.3,2041.3,2041.3,2041.3,0.0,0.48
2018-04-17,Capital Link LNG/LPG,CLLG,2042.51,2042.51,2042.51,2042.51,0.0,0.06
2018-04-18,Capital Link LNG/LPG,CLLG,2066.41,2066.41,2066.41,2066.41,0.0,1.17
2018-04-19,Capital Link LNG/LPG,CLLG,2120.13,2120.13,2120.13,2120.13,0.0,2.6
2018-04-20,Capital Link LNG/LPG,CLLG,2191.18,2191.18,2191.18,2191.18,0.0,3.35
2018-04-23,Capital Link LNG/LPG,CLLG,2160.35,2160.35,2160.35,2160.35,0.0,-1.41
2018-04-24,Capital Link LNG/LPG,CLLG,2138.76,2138.76,2138.76,2138.76,0.0,-1.0
2018-04-25,Capital Link LNG/LPG,CLLG,2163.21,2163.21,2163.21,2163.21,0.0,1.14
2018-04-26,Capital Link LNG/LPG,CLLG,2172.95,2172.95,2172.95,2172.95,0.0,0.45
2018-04-27,Capital Link LNG/LPG,CLLG,2150.29,2150.29,2150.29,2150.29,0.0,-1.04
2018-04-30,Capital Link LNG/LPG,CLLG,2173.04,2173.04,2173.04,2173.04,0.0,1.06
2018-05-02,Capital Link LNG/LPG,CLLG,2211.09,2211.09,2211.09,2211.09,0.0,0.94
2018-05-03,Capital Link LNG/LPG,CLLG,2191.54,2191.54,2191.54,2191.54,0.0,-0.88
2018-05-04,Capital Link LNG/LPG,CLLG,2241.29,2241.29,2241.29,2241.29,0.0,2.27
2018-05-07,Capital Link LNG/LPG,CLLG,2254.45,2254.45,2254.45,2254.45,0.0,0.59
2018-05-08,Capital Link LNG/LPG,CLLG,2285.46,2285.46,2285.46,2285.46,0.0,1.38
2018-05-09,Capital Link LNG/LPG,CLLG,2273.18,2273.18,2273.18,2273.18,0.0,-0.54
2018-05-10,Capital Link LNG/LPG,CLLG,2239.05,2239.05,2239.05,2239.05,0.0,-1.5
2018-05-11,Capital Link LNG/LPG,CLLG,2231.69,2231.69,2231.69,2231.69,0.0,-0.33
2018-05-14,Capital Link LNG/LPG,CLLG,2250.92,2250.92,2250.92,2250.92,0.0,0.86
2018-05-15,Capital Link LNG/LPG,CLLG,2259.17,2259.17,2259.17,2259.17,0.0,0.37
2018-05-16,Capital Link LNG/LPG,CLLG,2259.19,2259.19,2259.19,2259.19,0.0,0.0
2018-05-17,Capital Link LNG/LPG,CLLG,2274.1,2274.1,2274.1,2274.1,0.0,0.66
2018-05-18,Capital Link LNG/LPG,CLLG,2281.76,2281.76,2281.76,2281.76,0.0,0.34
2018-05-21,Capital Link LNG/LPG,CLLG,2308.09,2308.09,2308.09,2308.09,0.0,1.15
2018-05-22,Capital Link LNG/LPG,CLLG,2300.32,2300.32,2300.32,2300.32,0.0,-0.34
2018-05-23,Capital Link LNG/LPG,CLLG,2302.54,2302.54,2302.54,2302.54,0.0,0.1
2018-05-24,Capital Link LNG/LPG,CLLG,2279.19,2279.19,2279.19,2279.19,0.0,-1.01
2018-05-25,Capital Link LNG/LPG,CLLG,2242.01,2242.01,2242.01,2242.01,0.0,-1.63
2018-05-29,Capital Link LNG/LPG,CLLG,2248.16,2248.16,2248.16,2248.16,0.0,0.27
2018-05-30,Capital Link LNG/LPG,CLLG,2307.34,2307.34,2307.34,2307.34,0.0,2.63
2018-05-31,Capital Link LNG/LPG,CLLG,1958.32,1958.32,1958.32,1958.32,0.0,-15.13
2018-06-01,Capital Link LNG/LPG,CLLG,1891.69,1891.69,1891.69,1891.69,0.0,-3.4
2018-06-04,Capital Link LNG/LPG,CLLG,1938.46,1938.46,1938.46,1938.46,0.0,2.47
2018-06-05,Capital Link LNG/LPG,CLLG,1952.27,1952.27,1952.27,1952.27,0.0,0.71
2018-06-06,Capital Link LNG/LPG,CLLG,1937.52,1937.52,1937.52,1937.52,0.0,-0.76
2018-06-07,Capital Link LNG/LPG,CLLG,1947.94,1947.94,1947.94,1947.94,0.0,0.54
2018-06-08,Capital Link LNG/LPG,CLLG,1929.97,1929.97,1929.97,1929.97,0.0,-0.92
2018-06-11,Capital Link LNG/LPG,CLLG,1942.25,1942.25,1942.25,1942.25,0.0,0.64
2018-06-12,Capital Link LNG/LPG,CLLG,1929.86,1929.86,1929.86,1929.86,0.0,-0.64
2018-06-13,Capital Link LNG/LPG,CLLG,1926.52,1926.52,1926.52,1926.52,0.0,-0.17
2018-06-14,Capital Link LNG/LPG,CLLG,1957.73,1957.73,1957.73,1957.73,0.0,1.62
2018-06-15,Capital Link LNG/LPG,CLLG,1943.38,1943.38,1943.38,1943.38,0.0,-0.73
2018-06-18,Capital Link LNG/LPG,CLLG,1966.22,1966.22,1966.22,1966.22,0.0,1.18
2018-06-19,Capital Link LNG/LPG,CLLG,1965.05,1965.05,1965.05,1965.05,0.0,-0.06
2018-06-20,Capital Link LNG/LPG,CLLG,1987.84,1987.84,1987.84,1987.84,0.0,1.16
2018-06-21,Capital Link LNG/LPG,CLLG,1974.96,1974.96,1974.96,1974.96,0.0,-0.65
2018-06-22,Capital Link LNG/LPG,CLLG,2012.28,2012.28,2012.28,2012.28,0.0,1.89
2018-06-25,Capital Link LNG/LPG,CLLG,1972.77,1972.77,1972.77,1972.77,0.0,-1.96
2018-06-26,Capital Link LNG/LPG,CLLG,1994.12,1994.12,1994.12,1994.12,0.0,1.08
2018-06-27,Capital Link LNG/LPG,CLLG,2037.91,2037.91,2037.91,2037.91,0.0,2.2
2018-06-28,Capital Link LNG/LPG,CLLG,2019.89,2019.89,2019.89,2019.89,0.0,-0.88
2018-06-29,Capital Link LNG/LPG,CLLG,2036.67,2036.67,2036.67,2036.67,0.0,0.83
2018-07-02,Capital Link LNG/LPG,CLLG,2030.74,2030.74,2030.74,2030.74,0.0,-0.29
2018-07-03,Capital Link LNG/LPG,CLLG,2046.27,2046.27,2046.27,2046.27,0.0,0.76
2018-07-05,Capital Link LNG/LPG,CLLG,2057.59,2057.59,2057.59,2057.59,0.0,0.55
2018-07-06,Capital Link LNG/LPG,CLLG,2062.7,2062.7,2062.7,2062.7,0.0,0.25
2018-07-09,Capital Link LNG/LPG,CLLG,2061.09,2061.09,2061.09,2061.09,0.0,-0.08
2018-07-10,Capital Link LNG/LPG,CLLG,2050.16,2050.16,2050.16,2050.16,0.0,-0.53
2018-07-11,Capital Link LNG/LPG,CLLG,2002.7,2002.7,2002.7,2002.7,0.0,-2.31
2018-07-12,Capital Link LNG/LPG,CLLG,1980.86,1980.86,1980.86,1980.86,0.0,-1.09
2018-07-13,Capital Link LNG/LPG,CLLG,1958.1,1958.1,1958.1,1958.1,0.0,-1.15
2018-07-16,Capital Link LNG/LPG,CLLG,1899.88,1899.88,1899.88,1899.88,0.0,-2.97
2018-07-17,Capital Link LNG/LPG,CLLG,1900.83,1900.83,1900.83,1900.83,0.0,0.05
2018-07-18,Capital Link LNG/LPG,CLLG,1951.55,1951.55,1951.55,1951.55,0.0,2.67
2018-07-19,Capital Link LNG/LPG,CLLG,1960.52,1960.52,1960.52,1960.52,0.0,0.46
2018-07-20,Capital Link LNG/LPG,CLLG,1926.33,1926.33,1926.33,1926.33,0.0,-1.74
2018-07-23,Capital Link LNG/LPG,CLLG,1902.51,1902.51,1902.51,1902.51,0.0,-1.24
2018-07-24,Capital Link LNG/LPG,CLLG,1901.48,1901.48,1901.48,1901.48,0.0,-0.05
2018-07-25,Capital Link LNG/LPG,CLLG,1913.32,1913.32,1913.32,1913.32,0.0,0.62
2018-07-26,Capital Link LNG/LPG,CLLG,1923.75,1923.75,1923.75,1923.75,0.0,0.55
2018-07-27,Capital Link LNG/LPG,CLLG,1889.73,1889.73,1889.73,1889.73,0.0,-1.77
2018-07-30,Capital Link LNG/LPG,CLLG,1908.52,1908.52,1908.52,1908.52,0.0,0.99
2018-07-31,Capital Link LNG/LPG,CLLG,1902.72,1902.72,1902.72,1902.72,0.0,-0.3
2018-08-01,Capital Link LNG/LPG,CLLG,1897.27,1897.27,1897.27,1897.27,0.0,-0.29
2018-08-02,Capital Link LNG/LPG,CLLG,1907.16,1907.16,1907.16,1907.16,0.0,0.52
2018-08-03,Capital Link LNG/LPG,CLLG,1892.36,1892.36,1892.36,1892.36,0.0,-0.78
2018-08-06,Capital Link LNG/LPG,CLLG,1863.92,1863.92,1863.92,1863.92,0.0,-1.5
2018-08-07,Capital Link LNG/LPG,CLLG,1851.18,1851.18,1851.18,1851.18,0.0,-0.68
2018-08-08,Capital Link LNG/LPG,CLLG,1846.81,1846.81,1846.81,1846.81,0.0,-0.24
2018-08-09,Capital Link LNG/LPG,CLLG,1862.24,1862.24,1862.24,1862.24,0.0,0.84
2018-08-10,Capital Link LNG/LPG,CLLG,1861.48,1861.48,1861.48,1861.48,0.0,-0.04
2018-08-13,Capital Link LNG/LPG,CLLG,1831.62,1831.62,1831.62,1831.62,0.0,-1.6
2018-08-14,Capital Link LNG/LPG,CLLG,1842.03,1842.03,1842.03,1842.03,0.0,0.57
2018-08-15,Capital Link LNG/LPG,CLLG,1788.33,1788.33,1788.33,1788.33,0.0,-2.92
2018-08-16,Capital Link LNG/LPG,CLLG,1801.41,1801.41,1801.41,1801.41,0.0,0.73
2018-08-17,Capital Link LNG/LPG,CLLG,1796.85,1796.85,1796.85,1796.85,0.0,-0.25
2018-08-20,Capital Link LNG/LPG,CLLG,1837.29,1837.29,1837.29,1837.29,0.0,2.25
2018-08-21,Capital Link LNG/LPG,CLLG,1829.05,1829.05,1829.05,1829.05,0.0,-0.45
2018-08-22,Capital Link LNG/LPG,CLLG,1866.26,1866.26,1866.26,1866.26,0.0,2.03
2018-08-23,Capital Link LNG/LPG,CLLG,1869.32,1869.32,1869.32,1869.32,0.0,0.16
2018-08-24,Capital Link LNG/LPG,CLLG,1872.0,1872.0,1872.0,1872.0,0.0,0.14
2018-08-27,Capital Link LNG/LPG,CLLG,1886.59,1886.59,1886.59,1886.59,0.0,0.78
2018-08-28,Capital Link LNG/LPG,CLLG,1897.92,1897.92,1897.92,1897.92,0.0,0.6
2018-08-29,Capital Link LNG/LPG,CLLG,1903.1,1903.1,1903.1,1903.1,0.0,0.27
2018-08-30,Capital Link LNG/LPG,CLLG,1869.1,1869.1,1869.1,1869.1,0.0,-1.79
2018-08-31,Capital Link LNG/LPG,CLLG,1849.47,1849.47,1849.47,1849.47,0.0,-1.05
2018-09-04,Capital Link LNG/LPG,CLLG,1829.56,1829.56,1829.56,1829.56,0.0,-1.08
2018-09-05,Capital Link LNG/LPG,CLLG,1835.24,1835.24,1835.24,1835.24,0.0,0.31
2018-09-06,Capital Link LNG/LPG,CLLG,1814.8,1814.8,1814.8,1814.8,0.0,-1.11
2018-09-07,Capital Link LNG/LPG,CLLG,1836.4,1836.4,1836.4,1836.4,0.0,1.19
2018-09-10,Capital Link LNG/LPG,CLLG,1849.22,1849.22,1849.22,1849.22,0.0,0.7
2018-09-11,Capital Link LNG/LPG,CLLG,1871.08,1871.08,1871.08,1871.08,0.0,1.18
2018-09-12,Capital Link LNG/LPG,CLLG,1885.94,1885.94,1885.94,1885.94,0.0,0.79
2018-09-13,Capital Link LNG/LPG,CLLG,1871.32,1871.32,1871.32,1871.32,0.0,-0.78
2018-09-14,Capital Link LNG/LPG,CLLG,1864.27,1864.27,1864.27,1864.27,0.0,-0.38
2018-09-17,Capital Link LNG/LPG,CLLG,1878.69,1878.69,1878.69,1878.69,0.0,0.77
2018-09-18,Capital Link LNG/LPG,CLLG,1906.25,1906.25,1906.25,1906.25,0.0,1.47
2018-09-19,Capital Link LNG/LPG,CLLG,1945.2,1945.2,1945.2,1945.2,0.0,2.04
2018-09-20,Capital Link LNG/LPG,CLLG,1960.52,1960.52,1960.52,1960.52,0.0,0.79
2018-09-21,Capital Link LNG/LPG,CLLG,1994.85,1994.85,1994.85,1994.85,0.0,1.75
2018-09-24,Capital Link LNG/LPG,CLLG,2002.95,2002.95,2002.95,2002.95,0.0,0.41
2018-09-25,Capital Link LNG/LPG,CLLG,1998.42,1998.42,1998.42,1998.42,0.0,-0.23
2018-09-26,Capital Link LNG/LPG,CLLG,1949.05,1949.05,1949.05,1949.05,0.0,-2.47
2018-09-27,Capital Link LNG/LPG,CLLG,1964.14,1964.14,1964.14,1964.14,0.0,0.77
2018-09-28,Capital Link LNG/LPG,CLLG,1995.69,1995.69,1995.69,1995.69,0.0,1.61
2018-10-01,Capital Link LNG/LPG,CLLG,2024.96,2024.96,2024.96,2024.96,0.0,1.47
2018-10-02,Capital Link LNG/LPG,CLLG,2014.5,2014.5,2014.5,2014.5,0.0,-0.52
2018-10-03,Capital Link LNG/LPG,CLLG,2030.08,2030.08,2030.08,2030.08,0.0,0.77
2018-10-04,Capital Link LNG/LPG,CLLG,1993.01,1993.01,1993.01,1993.01,0.0,-1.83
2018-10-05,Capital Link LNG/LPG,CLLG,1988.37,1988.37,1988.37,1988.37,0.0,-0.23
2018-10-08,Capital Link LNG/LPG,CLLG,1977.77,1977.77,1977.77,1977.77,0.0,-0.53
2018-10-09,Capital Link LNG/LPG,CLLG,1975.15,1975.15,1975.15,1975.15,0.0,-0.13
2018-10-10,Capital Link LNG/LPG,CLLG,1899.65,1899.65,1899.65,1899.65,0.0,-3.82
2018-10-11,Capital Link LNG/LPG,CLLG,1891.99,1891.99,1891.99,1891.99,0.0,-0.4
2018-10-12,Capital Link LNG/LPG,CLLG,1910.05,1910.05,1910.05,1910.05,0.0,0.95
2018-10-15,Capital Link LNG/LPG,CLLG,1925.46,1925.46,1925.46,1925.46,0.0,0.81
2018-10-16,Capital Link LNG/LPG,CLLG,1998.19,1998.19,1998.19,1998.19,0.0,3.78
2018-10-17,Capital Link LNG/LPG,CLLG,2013.7,2013.7,2013.7,2013.7,0.0,0.78
2018-10-18,Capital Link LNG/LPG,CLLG,1996.4,1996.4,1996.4,1996.4,0.0,-0.86
2018-10-19,Capital Link LNG/LPG,CLLG,1983.9,1983.9,1983.9,1983.9,0.0,-0.63
2018-10-22,Capital Link LNG/LPG,CLLG,1974.63,1974.63,1974.63,1974.63,0.0,-0.47
2018-10-23,Capital Link LNG/LPG,CLLG,1951.74,1951.74,1951.74,1951.74,0.0,-1.16
2018-10-24,Capital Link LNG/LPG,CLLG,1896.28,1896.28,1896.28,1896.28,0.0,-2.84
2018-10-25,Capital Link LNG/LPG,CLLG,1914.69,1914.69,1914.69,1914.69,0.0,0.97
2018-10-26,Capital Link LNG/LPG,CLLG,1910.49,1910.49,1910.49,1910.49,0.0,-0.22
2018-10-29,Capital Link LNG/LPG,CLLG,1885.06,1885.06,1885.06,1885.06,0.0,-1.33
2018-10-30,Capital Link LNG/LPG,CLLG,1923.26,1923.26,1923.26,1923.26,0.0,2.03
2018-10-31,Capital Link LNG/LPG,CLLG,1944.1,1944.1,1944.1,1944.1,0.0,1.08
2018-11-01,Capital Link LNG/LPG,CLLG,2048.43,2048.43,2048.43,2048.43,0.0,5.37
2018-11-02,Capital Link LNG/LPG,CLLG,2055.49,2055.49,2055.49,2055.49,0.0,0.34
2018-11-05,Capital Link LNG/LPG,CLLG,2083.88,2083.88,2083.88,2083.88,0.0,1.38
2018-11-06,Capital Link LNG/LPG,CLLG,2094.75,2094.75,2094.75,2094.75,0.0,0.52
2018-11-07,Capital Link LNG/LPG,CLLG,2103.3,2103.3,2103.3,2103.3,0.0,0.41
2018-11-08,Capital Link LNG/LPG,CLLG,2061.89,2061.89,2061.89,2061.89,0.0,-1.97
2018-11-09,Capital Link LNG/LPG,CLLG,2022.76,2022.76,2022.76,2022.76,0.0,-1.9
2018-11-12,Capital Link LNG/LPG,CLLG,1981.24,1981.24,1981.24,1981.24,0.0,-2.05
2018-11-13,Capital Link LNG/LPG,CLLG,1904.67,1904.67,1904.67,1904.67,0.0,-3.86
2018-11-14,Capital Link LNG/LPG,CLLG,1888.4,1888.4,1888.4,1888.4,0.0,-0.85
2018-11-15,Capital Link LNG/LPG,CLLG,1897.44,1897.44,1897.44,1897.44,0.0,0.48
2018-11-16,Capital Link LNG/LPG,CLLG,1914.82,1914.82,1914.82,1914.82,0.0,0.92
2018-11-19,Capital Link LNG/LPG,CLLG,1884.96,1884.96,1884.96,1884.96,0.0,-1.56
2018-11-20,Capital Link LNG/LPG,CLLG,1768.01,1768.01,1768.01,1768.01,0.0,-6.2
2018-11-21,Capital Link LNG/LPG,CLLG,1824.75,1824.75,1824.75,1824.75,0.0,3.21
2018-11-23,Capital Link LNG/LPG,CLLG,1775.52,1775.52,1775.52,1775.52,0.0,-2.7
2018-11-26,Capital Link LNG/LPG,CLLG,1798.57,1798.57,1798.57,1798.57,0.0,1.3
2018-11-27,Capital Link LNG/LPG,CLLG,1827.97,1827.97,1827.97,1827.97,0.0,1.63
2018-11-28,Capital Link LNG/LPG,CLLG,1894.65,1894.65,1894.65,1894.65,0.0,3.65
2018-11-29,Capital Link LNG/LPG,CLLG,1927.12,1927.12,1927.12,1927.12,0.0,1.71
2018-11-30,Capital Link LNG/LPG,CLLG,1912.54,1912.54,1912.54,1912.54,0.0,-0.76
2018-12-03,Capital Link LNG/LPG,CLLG,1959.73,1959.73,1959.73,1959.73,0.0,2.47
2018-12-04,Capital Link LNG/LPG,CLLG,1898.9,1898.9,1898.9,1898.9,0.0,-3.1
2018-12-06,Capital Link LNG/LPG,CLLG,1843.54,1843.54,1843.54,1843.54,0.0,-2.92
2018-12-07,Capital Link LNG/LPG,CLLG,1823.21,1823.21,1823.21,1823.21,0.0,-1.1
2018-12-10,Capital Link LNG/LPG,CLLG,1818.76,1818.76,1818.76,1818.76,0.0,-0.24
2018-12-11,Capital Link LNG/LPG,CLLG,1834.16,1834.16,1834.16,1834.16,0.0,0.85
2018-12-12,Capital Link LNG/LPG,CLLG,1845.15,1845.15,1845.15,1845.15,0.0,0.6
2018-12-13,Capital Link LNG/LPG,CLLG,1814.46,1814.46,1814.46,1814.46,0.0,-1.66
2018-12-14,Capital Link LNG/LPG,CLLG,1768.4,1768.4,1768.4,1768.4,0.0,-2.54
2018-12-17,Capital Link LNG/LPG,CLLG,1711.39,1711.39,1711.39,1711.39,0.0,-3.22
2018-12-18,Capital Link LNG/LPG,CLLG,1633.3,1633.3,1633.3,1633.3,0.0,-4.56
2018-12-19,Capital Link LNG/LPG,CLLG,1606.44,1606.44,1606.44,1606.44,0.0,-1.64
2018-12-20,Capital Link LNG/LPG,CLLG,1565.95,1565.95,1565.95,1565.95,0.0,-2.52
2018-12-21,Capital Link LNG/LPG,CLLG,1568.07,1568.07,1568.07,1568.07,0.0,0.14
2018-12-24,Capital Link LNG/LPG,CLLG,1542.8,1542.8,1542.8,1542.8,0.0,-1.61
2018-12-27,Capital Link LNG/LPG,CLLG,1573.4,1573.4,1573.4,1573.4,0.0,-2.93
2018-12-28,Capital Link LNG/LPG,CLLG,1559.71,1559.71,1559.71,1559.71,0.0,-0.87
2018-12-31,Capital Link LNG/LPG,CLLG,1579.11,1579.11,1579.11,1579.11,0.0,1.24
2019-01-02,Capital Link LNG/LPG,CLLG,1637.95,1637.95,1637.95,1637.95,0.0,3.73
2019-01-03,Capital Link LNG/LPG,CLLG,1635.05,1635.05,1635.05,1635.05,0.0,-0.18
2019-01-04,Capital Link LNG/LPG,CLLG,1715.3,1715.3,1715.3,1715.3,0.0,4.91
2019-01-07,Capital Link LNG/LPG,CLLG,1739.57,1739.57,1739.57,1739.57,0.0,1.41
2019-01-08,Capital Link LNG/LPG,CLLG,1775.45,1775.45,1775.45,1775.45,0.0,2.06
2019-01-09,Capital Link LNG/LPG,CLLG,1778.91,1778.91,1778.91,1778.91,0.0,0.19
2019-01-10,Capital Link LNG/LPG,CLLG,1749.93,1749.93,1749.93,1749.93,0.0,-1.63
2019-01-11,Capital Link LNG/LPG,CLLG,1709.23,1709.23,1709.23,1709.23,0.0,-2.33
2019-01-14,Capital Link LNG/LPG,CLLG,1695.62,1695.62,1695.62,1695.62,0.0,-0.8
2019-01-15,Capital Link LNG/LPG,CLLG,1683.78,1683.78,1683.78,1683.78,0.0,-0.7
2019-01-16,Capital Link LNG/LPG,CLLG,1672.32,1672.32,1672.32,1672.32,0.0,-0.68
2019-01-17,Capital Link LNG/LPG,CLLG,1673.22,1673.22,1673.22,1673.22,0.0,0.05
2019-01-18,Capital Link LNG/LPG,CLLG,1722.95,1722.95,1722.95,1722.95,0.0,2.97
2019-01-22,Capital Link LNG/LPG,CLLG,1665.62,1665.62,1665.62,1665.62,0.0,-3.33
2019-01-23,Capital Link LNG/LPG,CLLG,1636.12,1636.12,1636.12,1636.12,0.0,-1.77
2019-01-24,Capital Link LNG/LPG,CLLG,1648.05,1648.05,1648.05,1648.05,0.0,0.73
2019-01-25,Capital Link LNG/LPG,CLLG,1657.67,1657.67,1657.67,1657.67,0.0,0.58
2019-01-28,Capital Link LNG/LPG,CLLG,1646.8,1646.8,1646.8,1646.8,0.0,-0.66
2019-01-29,Capital Link LNG/LPG,CLLG,1662.26,1662.26,1662.26,1662.26,0.0,0.94
2019-01-30,Capital Link LNG/LPG,CLLG,1717.54,1717.54,1717.54,1717.54,0.0,3.33
2019-01-31,Capital Link LNG/LPG,CLLG,1719.72,1719.72,1719.72,1719.72,0.0,0.13
2019-02-01,Capital Link LNG/LPG,CLLG,1726.85,1726.85,1726.85,1726.85,0.0,0.41
2019-02-04,Capital Link LNG/LPG,CLLG,1723.64,1723.64,1723.64,1723.64,0.0,-0.19
2019-02-05,Capital Link LNG/LPG,CLLG,1716.96,1716.96,1716.96,1716.96,0.0,-0.39
2019-02-06,Capital Link LNG/LPG,CLLG,1715.54,1715.54,1715.54,1715.54,0.0,-0.08
2019-02-07,Capital Link LNG/LPG,CLLG,1674.48,1674.48,1674.48,1674.48,0.0,-2.39
2019-02-08,Capital Link LNG/LPG,CLLG,1663.96,1663.96,1663.96,1663.96,0.0,-0.63
2019-02-11,Capital Link LNG/LPG,CLLG,1670.4,1670.4,1670.4,1670.4,0.0,0.39
2019-02-12,Capital Link LNG/LPG,CLLG,1702.38,1702.38,1702.38,1702.38,0.0,1.91
2019-02-13,Capital Link LNG/LPG,CLLG,1731.96,1731.96,1731.96,1731.96,0.0,1.74
2019-02-14,Capital Link LNG/LPG,CLLG,1737.7,1737.7,1737.7,1737.7,0.0,0.33
2019-02-15,Capital Link LNG/LPG,CLLG,1749.06,1749.06,1749.06,1749.06,0.0,0.65
2019-02-19,Capital Link LNG/LPG,CLLG,1736.98,1736.98,1736.98,1736.98,0.0,-0.69
2019-02-20,Capital Link LNG/LPG,CLLG,1707.04,1707.04,1707.04,1707.04,0.0,-1.72
2019-02-21,Capital Link LNG/LPG,CLLG,1706.85,1706.85,1706.85,1706.85,0.0,-0.01
2019-02-22,Capital Link LNG/LPG,CLLG,1690.79,1690.79,1690.79,1690.79,0.0,-0.94
2019-02-25,Capital Link LNG/LPG,CLLG,1707.63,1707.63,1707.63,1707.63,0.0,1.0
2019-02-26,Capital Link LNG/LPG,CLLG,1694.79,1694.79,1694.79,1694.79,0.0,-0.75
2019-02-27,Capital Link LNG/LPG,CLLG,1673.33,1673.33,1673.33,1673.33,0.0,-1.27
2019-02-28,Capital Link LNG/LPG,CLLG,1641.34,1641.34,1641.34,1641.34,0.0,-1.91
2019-03-01,Capital Link LNG/LPG,CLLG,1622.93,1622.93,1622.93,1622.93,0.0,-1.12
2019-03-04,Capital Link LNG/LPG,CLLG,1667.85,1667.85,1667.85,1667.85,0.0,2.77
2019-03-05,Capital Link LNG/LPG,CLLG,1677.44,1677.44,1677.44,1677.44,0.0,0.57
2019-03-06,Capital Link LNG/LPG,CLLG,1651.23,1651.23,1651.23,1651.23,0.0,-1.56
2019-03-07,Capital Link LNG/LPG,CLLG,1646.62,1646.62,1646.62,1646.62,0.0,-0.28
2019-03-08,Capital Link LNG/LPG,CLLG,1631.69,1631.69,1631.69,1631.69,0.0,-0.91
2019-03-11,Capital Link LNG/LPG,CLLG,1658.74,1658.74,1658.74,1658.74,0.0,1.66
2019-03-12,Capital Link LNG/LPG,CLLG,1708.03,1708.03,1708.03,1708.03,0.0,2.97
2019-03-13,Capital Link LNG/LPG,CLLG,1701.48,1701.48,1701.48,1701.48,0.0,-0.38
2019-03-14,Capital Link LNG/LPG,CLLG,1704.96,1704.96,1704.96,1704.96,0.0,0.2
2019-03-15,Capital Link LNG/LPG,CLLG,1729.62,1729.62,1729.62,1729.62,0.0,1.45
2019-03-18,Capital Link LNG/LPG,CLLG,1749.34,1749.34,1749.34,1749.34,0.0,1.14
2019-03-19,Capital Link LNG/LPG,CLLG,1733.19,1733.19,1733.19,1733.19,0.0,-0.92
2019-03-20,Capital Link LNG/LPG,CLLG,1746.76,1746.76,1746.76,1746.76,0.0,0.78
2019-03-21,Capital Link LNG/LPG,CLLG,1759.91,1759.91,1759.91,1759.91,0.0,0.75
2019-03-22,Capital Link LNG/LPG,CLLG,1702.28,1702.28,1702.28,1702.28,0.0,-3.27
2019-03-25,Capital Link LNG/LPG,CLLG,1698.11,1698.11,1698.11,1698.11,0.0,-0.24
2019-03-26,Capital Link LNG/LPG,CLLG,1712.66,1712.66,1712.66,1712.66,0.0,0.86
2019-03-27,Capital Link LNG/LPG,CLLG,1721.57,1721.57,1721.57,1721.57,0.0,0.52
2019-03-28,Capital Link LNG/LPG,CLLG,1690.87,1690.87,1690.87,1690.87,0.0,-1.78
2019-03-29,Capital Link LNG/LPG,CLLG,1706.19,1706.19,1706.19,1706.19,0.0,0.91
2019-04-01,Capital Link LNG/LPG,CLLG,1714.89,1714.89,1714.89,1714.89,0.0,0.51
2019-04-02,Capital Link LNG/LPG,CLLG,1698.21,1698.21,1698.21,1698.21,0.0,-0.97
2019-04-03,Capital Link LNG/LPG,CLLG,1670.66,1670.66,1670.66,1670.66,0.0,-1.62
2019-04-04,Capital Link LNG/LPG,CLLG,1661.84,1661.84,1661.84,1661.84,0.0,-0.53
2019-04-05,Capital Link LNG/LPG,CLLG,1673.01,1673.01,1673.01,1673.01,0.0,0.67
2019-04-08,Capital Link LNG/LPG,CLLG,1666.68,1666.68,1666.68,1666.68,0.0,-0.38
2019-04-09,Capital Link LNG/LPG,CLLG,1641.11,1641.11,1641.11,1641.11,0.0,-1.53
2019-04-10,Capital Link LNG/LPG,CLLG,1680.98,1680.98,1680.98,1680.98,0.0,2.43
2019-04-11,Capital Link LNG/LPG,CLLG,1692.55,1692.55,1692.55,1692.55,0.0,0.69
2019-04-12,Capital Link LNG/LPG,CLLG,1685.16,1685.16,1685.16,1685.16,0.0,-0.44
2019-04-15,Capital Link LNG/LPG,CLLG,1685.21,1685.21,1685.21,1685.21,0.0,0.0
2019-04-16,Capital Link LNG/LPG,CLLG,1663.11,1663.11,1663.11,1663.11,0.0,-1.31
2019-04-17,Capital Link LNG/LPG,CLLG,1638.89,1638.89,1638.89,1638.89,0.0,-1.46
2019-04-18,Capital Link LNG/LPG,CLLG,1627.34,1627.34,1627.34,1627.34,0.0,-0.7
2019-04-22,Capital Link LNG/LPG,CLLG,1628.34,1628.34,1628.34,1628.34,0.0,0.06
2019-04-23,Capital Link LNG/LPG,CLLG,1646.63,1646.63,1646.63,1646.63,0.0,1.12
2019-04-24,Capital Link LNG/LPG,CLLG,1627.5,1627.5,1627.5,1627.5,0.0,-1.16
2019-04-25,Capital Link LNG/LPG,CLLG,1623.99,1623.99,1623.99,1623.99,0.0,-0.22
2019-04-26,Capital Link LNG/LPG,CLLG,1593.09,1593.09,1593.09,1593.09,0.0,-1.9
2019-04-29,Capital Link LNG/LPG,CLLG,1598.43,1598.43,1598.43,1598.43,0.0,0.34
2019-04-30,Capital Link LNG/LPG,CLLG,1597.86,1597.86,1597.86,1597.86,0.0,-0.04
2019-05-02,Capital Link LNG/LPG,CLLG,1603.53,1603.53,1603.53,1603.53,0.0,0.54
2019-05-03,Capital Link LNG/LPG,CLLG,1625.31,1625.31,1625.31,1625.31,0.0,1.36
2019-05-06,Capital Link LNG/LPG,CLLG,1587.48,1587.48,1587.48,1587.48,0.0,-2.33
2019-05-07,Capital Link LNG/LPG,CLLG,1564.8,1564.8,1564.8,1564.8,0.0,-1.43
2019-05-08,Capital Link LNG/LPG,CLLG,1554.94,1554.94,1554.94,1554.94,0.0,-0.63
2019-05-09,Capital Link LNG/LPG,CLLG,1529.84,1529.84,1529.84,1529.84,0.0,-1.61
2019-05-10,Capital Link LNG/LPG,CLLG,1558.27,1558.27,1558.27,1558.27,0.0,1.86
2019-05-13,Capital Link LNG/LPG,CLLG,1522.93,1522.93,1522.93,1522.93,0.0,-2.27
2019-05-14,Capital Link LNG/LPG,CLLG,1542.32,1542.32,1542.32,1542.32,0.0,1.27
2019-05-15,Capital Link LNG/LPG,CLLG,1555.01,1555.01,1555.01,1555.01,0.0,0.82
2019-05-16,Capital Link LNG/LPG,CLLG,1581.36,1581.36,1581.36,1581.36,0.0,1.69
2019-05-17,Capital Link LNG/LPG,CLLG,1558.77,1558.77,1558.77,1558.77,0.0,-1.43
2019-05-20,Capital Link LNG/LPG,CLLG,1557.29,1557.29,1557.29,1557.29,0.0,-0.09
2019-05-21,Capital Link LNG/LPG,CLLG,1604.51,1604.51,1604.51,1604.51,0.0,3.03
2019-05-22,Capital Link LNG/LPG,CLLG,1586.7,1586.7,1586.7,1586.7,0.0,-1.11
2019-05-23,Capital Link LNG/LPG,CLLG,1537.95,1537.95,1537.95,1537.95,0.0,-3.07
2019-05-24,Capital Link LNG/LPG,CLLG,1557.11,1557.11,1557.11,1557.11,0.0,1.25
2019-05-28,Capital Link LNG/LPG,CLLG,1531.28,1531.28,1531.28,1531.28,0.0,-1.66
2019-05-29,Capital Link LNG/LPG,CLLG,1517.0,1517.0,1517.0,1517.0,0.0,-0.93
2019-05-30,Capital Link LNG/LPG,CLLG,1499.76,1499.76,1499.76,1499.76,0.0,-1.14
2019-05-31,Capital Link LNG/LPG,CLLG,1486.79,1486.79,1486.79,1486.79,0.0,-0.86
2019-06-03,Capital Link LNG/LPG,CLLG,1517.19,1517.19,1517.19,1517.19,0.0,2.04
2019-06-04,Capital Link LNG/LPG,CLLG,1532.96,1532.96,1532.96,1532.96,0.0,1.04
2019-06-05,Capital Link LNG/LPG,CLLG,1493.3,1493.3,1493.3,1493.3,0.0,-2.59
2019-06-06,Capital Link LNG/LPG,CLLG,1482.03,1482.03,1482.03,1482.03,0.0,-0.75
2019-06-07,Capital Link LNG/LPG,CLLG,1467.9,1467.9,1467.9,1467.9,0.0,-0.95
2019-06-10,Capital Link LNG/LPG,CLLG,1454.92,1454.92,1454.92,1454.92,0.0,-0.88
2019-06-11,Capital Link LNG/LPG,CLLG,1463.91,1463.91,1463.91,1463.91,0.0,0.62
2019-06-12,Capital Link LNG/LPG,CLLG,1413.76,1413.76,1413.76,1413.76,0.0,-3.43
2019-06-13,Capital Link LNG/LPG,CLLG,1440.22,1440.22,1440.22,1440.22,0.0,1.87
2019-06-14,Capital Link LNG/LPG,CLLG,1429.1,1429.1,1429.1,1429.1,0.0,-0.77
2019-06-17,Capital Link LNG/LPG,CLLG,1444.85,1444.85,1444.85,1444.85,0.0,1.1
2019-06-18,Capital Link LNG/LPG,CLLG,1462.74,1462.74,1462.74,1462.74,0.0,1.24
2019-06-19,Capital Link LNG/LPG,CLLG,1457.08,1457.08,1457.08,1457.08,0.0,-0.39
2019-06-20,Capital Link LNG/LPG,CLLG,1441.83,1441.83,1441.83,1441.83,0.0,-1.05
2019-06-21,Capital Link LNG/LPG,CLLG,1443.06,1443.06,1443.06,1443.06,0.0,0.09
2019-06-24,Capital Link LNG/LPG,CLLG,1430.27,1430.27,1430.27,1430.27,0.0,-0.89
2019-06-25,Capital Link LNG/LPG,CLLG,1434.72,1434.72,1434.72,1434.72,0.0,0.31
2019-06-26,Capital Link LNG/LPG,CLLG,1452.63,1452.63,1452.63,1452.63,0.0,1.25
2019-06-27,Capital Link LNG/LPG,CLLG,1480.59,1480.59,1480.59,1480.59,0.0,1.92
2019-06-28,Capital Link LNG/LPG,CLLG,1513.27,1513.27,1513.27,1513.27,0.0,2.21
2019-07-01,Capital Link LNG/LPG,CLLG,1517.48,1517.48,1517.48,1517.48,0.0,0.28
2019-07-02,Capital Link LNG/LPG,CLLG,1498.74,1498.74,1498.74,1498.74,0.0,-1.23
2019-07-03,Capital Link LNG/LPG,CLLG,1502.51,1502.51,1502.51,1502.51,0.0,0.25
2019-07-05,Capital Link LNG/LPG,CLLG,1518.96,1518.96,1518.96,1518.96,0.0,1.09
2019-07-08,Capital Link LNG/LPG,CLLG,1528.22,1528.22,1528.22,1528.22,0.0,0.61
2019-07-09,Capital Link LNG/LPG,CLLG,1517.28,1517.28,1517.28,1517.28,0.0,-0.72
2019-07-10,Capital Link LNG/LPG,CLLG,1531.34,1531.34,1531.34,1531.34,0.0,0.93
2019-07-11,Capital Link LNG/LPG,CLLG,1537.09,1537.09,1537.09,1537.09,0.0,0.38
2019-07-12,Capital Link LNG/LPG,CLLG,1560.83,1560.83,1560.83,1560.83,0.0,1.54
2019-07-15,Capital Link LNG/LPG,CLLG,1550.4,1550.4,1550.4,1550.4,0.0,-0.67
2019-07-16,Capital Link LNG/LPG,CLLG,1550.65,1550.65,1550.65,1550.65,0.0,0.02
2019-07-17,Capital Link LNG/LPG,CLLG,1524.86,1524.86,1524.86,1524.86,0.0,-1.66
2019-07-18,Capital Link LNG/LPG,CLLG,1524.57,1524.57,1524.57,1524.57,0.0,-0.02
2019-07-19,Capital Link LNG/LPG,CLLG,1499.56,1499.56,1499.56,1499.56,0.0,-1.64
2019-07-22,Capital Link LNG/LPG,CLLG,1507.99,1507.99,1507.99,1507.99,0.0,0.56
2019-07-23,Capital Link LNG/LPG,CLLG,1519.22,1519.22,1519.22,1519.22,0.0,0.74
2019-07-24,Capital Link LNG/LPG,CLLG,1548.61,1548.61,1548.61,1548.61,0.0,1.93
2019-07-25,Capital Link LNG/LPG,CLLG,1533.53,1533.53,1533.53,1533.53,0.0,-0.97
2019-07-26,Capital Link LNG/LPG,CLLG,1524.84,1524.84,1524.84,1524.84,0.0,-0.57
2019-07-29,Capital Link LNG/LPG,CLLG,1490.85,1490.85,1490.85,1490.85,0.0,-2.23
2019-07-30,Capital Link LNG/LPG,CLLG,1502.61,1502.61,1502.61,1502.61,0.0,0.79
2019-07-31,Capital Link LNG/LPG,CLLG,1497.72,1497.72,1497.72,1497.72,0.0,-0.33
2019-08-01,Capital Link LNG/LPG,CLLG,1493.82,1493.82,1493.82,1493.82,0.0,-0.26
2019-08-02,Capital Link LNG/LPG,CLLG,1443.58,1443.58,1443.58,1443.58,0.0,-3.36
2019-08-05,Capital Link LNG/LPG,CLLG,1360.02,1360.02,1360.02,1360.02,0.0,-5.79
2019-08-06,Capital Link LNG/LPG,CLLG,1377.53,1377.53,1377.53,1377.53,0.0,1.29
2019-08-07,Capital Link LNG/LPG,CLLG,1355.34,1355.34,1355.34,1355.34,0.0,-1.61
2019-08-08,Capital Link LNG/LPG,CLLG,1351.9,1351.9,1351.9,1351.9,0.0,-0.25
2019-08-09,Capital Link LNG/LPG,CLLG,1309.18,1309.18,1309.18,1309.18,0.0,-3.16
2019-08-12,Capital Link LNG/LPG,CLLG,1289.02,1289.02,1289.02,1289.02,0.0,-1.54
2019-08-13,Capital Link LNG/LPG,CLLG,1308.6,1308.6,1308.6,1308.6,0.0,1.52
2019-08-14,Capital Link LNG/LPG,CLLG,1250.82,1250.82,1250.82,1250.82,0.0,-4.42
2019-08-15,Capital Link LNG/LPG,CLLG,1248.34,1248.34,1248.34,1248.34,0.0,-0.2
2019-08-16,Capital Link LNG/LPG,CLLG,1276.41,1276.41,1276.41,1276.41,0.0,2.25
2019-08-19,Capital Link LNG/LPG,CLLG,1330.23,1330.23,1330.23,1330.23,0.0,4.22
2019-08-20,Capital Link LNG/LPG,CLLG,1329.33,1329.33,1329.33,1329.33,0.0,-0.07
2019-08-21,Capital Link LNG/LPG,CLLG,1351.63,1351.63,1351.63,1351.63,0.0,1.68
2019-08-22,Capital Link LNG/LPG,CLLG,1322.9,1322.9,1322.9,1322.9,0.0,-2.13
2019-08-23,Capital Link LNG/LPG,CLLG,1292.12,1292.12,1292.12,1292.12,0.0,-2.33
2019-08-26,Capital Link LNG/LPG,CLLG,1290.39,1290.39,1290.39,1290.39,0.0,-0.13
2019-08-27,Capital Link LNG/LPG,CLLG,1282.35,1282.35,1282.35,1282.35,0.0,-0.62
2019-08-28,Capital Link LNG/LPG,CLLG,1313.81,1313.81,1313.81,1313.81,0.0,2.45
2019-08-29,Capital Link LNG/LPG,CLLG,1278.0,1278.0,1278.0,1278.0,0.0,-2.73
2019-08-30,Capital Link LNG/LPG,CLLG,1277.67,1277.67,1277.67,1277.67,0.0,-0.03
2019-09-03,Capital Link LNG/LPG,CLLG,1255.24,1255.24,1255.24,1255.24,0.0,-1.76
2019-09-04,Capital Link LNG/LPG,CLLG,1269.98,1269.98,1269.98,1269.98,0.0,1.17
2019-09-05,Capital Link LNG/LPG,CLLG,1302.09,1302.09,1302.09,1302.09,0.0,2.53
2019-09-06,Capital Link LNG/LPG,CLLG,1298.82,1298.82,1298.82,1298.82,0.0,-0.25
2019-09-09,Capital Link LNG/LPG,CLLG,1343.65,1343.65,1343.65,1343.65,0.0,3.45
2019-09-10,Capital Link LNG/LPG,CLLG,1364.19,1364.19,1364.19,1364.19,0.0,1.53
2019-09-11,Capital Link LNG/LPG,CLLG,1359.88,1359.88,1359.88,1359.88,0.0,-0.32
2019-09-12,Capital Link LNG/LPG,CLLG,1353.11,1353.11,1353.11,1353.11,0.0,-0.5
2019-09-13,Capital Link LNG/LPG,CLLG,1381.66,1381.66,1381.66,1381.66,0.0,2.11
2019-09-16,Capital Link LNG/LPG,CLLG,1408.64,1408.64,1408.64,1408.64,0.0,1.95
2019-09-17,Capital Link LNG/LPG,CLLG,1392.11,1392.11,1392.11,1392.11,0.0,-1.17
2019-09-18,Capital Link LNG/LPG,CLLG,1382.51,1382.51,1382.51,1382.51,0.0,-0.69
2019-09-19,Capital Link LNG/LPG,CLLG,1368.87,1368.87,1368.87,1368.87,0.0,-0.99
2019-09-20,Capital Link LNG/LPG,CLLG,1380.12,1380.12,1380.12,1380.12,0.0,0.82
2019-09-23,Capital Link LNG/LPG,CLLG,1383.04,1383.04,1383.04,1383.04,0.0,0.21
2019-09-24,Capital Link LNG/LPG,CLLG,1366.3,1366.3,1366.3,1366.3,0.0,-1.21
2019-09-25,Capital Link LNG/LPG,CLLG,1361.11,1361.11,1361.11,1361.11,0.0,-0.38
2019-09-26,Capital Link LNG/LPG,CLLG,1345.2,1345.2,1345.2,1345.2,0.0,-1.17
2019-09-27,Capital Link LNG/LPG,CLLG,1343.04,1343.04,1343.04,1343.04,0.0,-0.16
2019-09-30,Capital Link LNG/LPG,CLLG,1306.11,1306.11,1306.11,1306.11,0.0,-2.75
2019-10-01,Capital Link LNG/LPG,CLLG,1284.22,1284.22,1284.22,1284.22,0.0,-1.68
2019-10-02,Capital Link LNG/LPG,CLLG,1256.46,1256.46,1256.46,1256.46,0.0,-2.16
2019-10-03,Capital Link LNG/LPG,CLLG,1274.24,1274.24,1274.24,1274.24,0.0,1.42
2019-10-04,Capital Link LNG/LPG,CLLG,1297.75,1297.75,1297.75,1297.75,0.0,1.85
2019-10-07,Capital Link LNG/LPG,CLLG,1322.87,1322.87,1322.87,1322.87,0.0,1.94
2019-10-08,Capital Link LNG/LPG,CLLG,1302.91,1302.91,1302.91,1302.91,0.0,-1.51
2019-10-09,Capital Link LNG/LPG,CLLG,1321.58,1321.58,1321.58,1321.58,0.0,1.43
2019-10-10,Capital Link LNG/LPG,CLLG,1376.48,1376.48,1376.48,1376.48,0.0,4.15
2019-10-11,Capital Link LNG/LPG,CLLG,1401.19,1401.19,1401.19,1401.19,0.0,1.8
2019-10-14,Capital Link LNG/LPG,CLLG,1395.38,1395.38,1395.38,1395.38,0.0,-0.41
2019-10-15,Capital Link LNG/LPG,CLLG,1375.38,1375.38,1375.38,1375.38,0.0,-1.43
2019-10-16,Capital Link LNG/LPG,CLLG,1385.09,1385.09,1385.09,1385.09,0.0,0.71
2019-10-17,Capital Link LNG/LPG,CLLG,1387.82,1387.82,1387.82,1387.82,0.0,0.2
2019-10-18,Capital Link LNG/LPG,CLLG,1377.14,1377.14,1377.14,1377.14,0.0,-0.77
2019-10-21,Capital Link LNG/LPG,CLLG,1387.69,1387.69,1387.69,1387.69,0.0,0.77
2019-10-22,Capital Link LNG/LPG,CLLG,1426.9,1426.9,1426.9,1426.9,0.0,2.83
2019-10-23,Capital Link LNG/LPG,CLLG,1475.03,1475.03,1475.03,1475.03,0.0,3.37
2019-10-24,Capital Link LNG/LPG,CLLG,1458.26,1458.26,1458.26,1458.26,0.0,-1.14
2019-10-25,Capital Link LNG/LPG,CLLG,1460.98,1460.98,1460.98,1460.98,0.0,0.19
2019-10-28,Capital Link LNG/LPG,CLLG,1456.99,1456.99,1456.99,1456.99,0.0,-0.27
2019-10-29,Capital Link LNG/LPG,CLLG,1427.78,1427.78,1427.78,1427.78,0.0,-2.0
2019-10-30,Capital Link LNG/LPG,CLLG,1408.68,1408.68,1408.68,1408.68,0.0,-1.34
2019-10-31,Capital Link LNG/LPG,CLLG,1371.56,1371.56,1371.56,1371.56,0.0,-2.64
2019-11-01,Capital Link LNG/LPG,CLLG,1412.41,1412.41,1412.41,1412.41,0.0,2.98
2019-11-04,Capital Link LNG/LPG,CLLG,1418.88,1418.88,1418.88,1418.88,0.0,0.46
2019-11-05,Capital Link LNG/LPG,CLLG,1416.09,1416.09,1416.09,1416.09,0.0,-0.2
2019-11-06,Capital Link LNG/LPG,CLLG,1355.99,1355.99,1355.99,1355.99,0.0,-4.24
2019-11-07,Capital Link LNG/LPG,CLLG,1294.63,1294.63,1294.63,1294.63,0.0,-4.53
2019-11-08,Capital Link LNG/LPG,CLLG,1274.32,1274.32,1274.32,1274.32,0.0,-1.57
2019-11-11,Capital Link LNG/LPG,CLLG,1261.38,1261.38,1261.38,1261.38,0.0,-1.02
2019-11-12,Capital Link LNG/LPG,CLLG,1275.67,1275.67,1275.67,1275.67,0.0,1.13
2019-11-13,Capital Link LNG/LPG,CLLG,1247.79,1247.79,1247.79,1247.79,0.0,-2.19
2019-11-14,Capital Link LNG/LPG,CLLG,1289.26,1289.26,1289.26,1289.26,0.0,3.32
2019-11-15,Capital Link LNG/LPG,CLLG,1310.01,1310.01,1310.01,1310.01,0.0,1.61
2019-11-18,Capital Link LNG/LPG,CLLG,1287.46,1287.46,1287.46,1287.46,0.0,-1.72
2019-11-19,Capital Link LNG/LPG,CLLG,1256.41,1256.41,1256.41,1256.41,0.0,-2.41
2019-11-20,Capital Link LNG/LPG,CLLG,1245.39,1245.39,1245.39,1245.39,0.0,-0.88
2019-11-21,Capital Link LNG/LPG,CLLG,1272.58,1272.58,1272.58,1272.58,0.0,2.18
2019-11-22,Capital Link LNG/LPG,CLLG,1276.01,1276.01,1276.01,1276.01,0.0,0.27
2019-11-25,Capital Link LNG/LPG,CLLG,1278.78,1278.78,1278.78,1278.78,0.0,0.22
2019-11-26,Capital Link LNG/LPG,CLLG,1266.2,1266.2,1266.2,1266.2,0.0,-0.98
2019-11-27,Capital Link LNG/LPG,CLLG,1280.61,1280.61,1280.61,1280.61,0.0,1.14
2019-11-29,Capital Link LNG/LPG,CLLG,1274.88,1274.88,1274.88,1274.88,0.0,-0.45
2019-12-02,Capital Link LNG/LPG,CLLG,1252.68,1252.68,1252.68,1252.68,0.0,-1.74
2019-12-03,Capital Link LNG/LPG,CLLG,1243.93,1243.93,1243.93,1243.93,0.0,-0.7
2019-12-04,Capital Link LNG/LPG,CLLG,1255.67,1255.67,1255.67,1255.67,0.0,0.94
2019-12-05,Capital Link LNG/LPG,CLLG,1252.17,1252.17,1252.17,1252.17,0.0,-0.28
2019-12-06,Capital Link LNG/LPG,CLLG,1275.88,1275.88,1275.88,1275.88,0.0,1.89
2019-12-09,Capital Link LNG/LPG,CLLG,1296.13,1296.13,1296.13,1296.13,0.0,1.59
2019-12-10,Capital Link LNG/LPG,CLLG,1322.11,1322.11,1322.11,1322.11,0.0,2.0
2019-12-11,Capital Link LNG/LPG,CLLG,1312.04,1312.04,1312.04,1312.04,0.0,-0.76
2019-12-12,Capital Link LNG/LPG,CLLG,1300.75,1300.75,1300.75,1300.75,0.0,-0.86
2019-12-13,Capital Link LNG/LPG,CLLG,1295.21,1295.21,1295.21,1295.21,0.0,-0.43
2019-12-16,Capital Link LNG/LPG,CLLG,1293.22,1293.22,1293.22,1293.22,0.0,-0.15
2019-12-17,Capital Link LNG/LPG,CLLG,1277.54,1277.54,1277.54,1277.54,0.0,-1.21
2019-12-18,Capital Link LNG/LPG,CLLG,1322.13,1322.13,1322.13,1322.13,0.0,3.49
2019-12-19,Capital Link LNG/LPG,CLLG,1346.96,1346.96,1346.96,1346.96,0.0,1.88
2019-12-20,Capital Link LNG/LPG,CLLG,1330.45,1330.45,1330.45,1330.45,0.0,-1.23
2019-12-27,Capital Link LNG/LPG,CLLG,1321.56,1321.56,1321.56,1321.56,0.0,-1.79
2019-12-30,Capital Link LNG/LPG,CLLG,1307.67,1307.67,1307.67,1307.67,0.0,-1.05
2019-12-31,Capital Link LNG/LPG,CLLG,1349.47,1349.47,1349.47,1349.47,0.0,3.2
2020-01-02,Capital Link LNG/LPG,CLLG,1353.54,1353.54,1353.54,1353.54,0.0,0.3
2020-01-03,Capital Link LNG/LPG,CLLG,1351.22,1351.22,1351.22,1351.22,0.0,-0.17
2020-01-06,Capital Link LNG/LPG,CLLG,1354.81,1354.81,1354.81,1354.81,0.0,0.27
2020-01-07,Capital Link LNG/LPG,CLLG,1365.82,1365.82,1365.82,1365.82,0.0,0.81
2020-01-08,Capital Link LNG/LPG,CLLG,1331.15,1331.15,1331.15,1331.15,0.0,-2.54
2020-01-09,Capital Link LNG/LPG,CLLG,1343.7,1343.7,1343.7,1343.7,0.0,0.94
2020-01-10,Capital Link LNG/LPG,CLLG,1341.79,1341.79,1341.79,1341.79,0.0,-0.14
2020-01-13,Capital Link LNG/LPG,CLLG,1344.41,1344.41,1344.41,1344.41,0.0,0.2
2020-01-14,Capital Link LNG/LPG,CLLG,1346.27,1346.27,1346.27,1346.27,0.0,0.14
2020-01-15,Capital Link LNG/LPG,CLLG,1346.42,1346.42,1346.42,1346.42,0.0,0.01
2020-01-16,Capital Link LNG/LPG,CLLG,1351.86,1351.86,1351.86,1351.86,0.0,0.4
2020-01-17,Capital Link LNG/LPG,CLLG,1323.98,1323.98,1323.98,1323.98,0.0,-2.06
2020-01-21,Capital Link LNG/LPG,CLLG,1278.09,1278.09,1278.09,1278.09,0.0,-3.47
2020-01-22,Capital Link LNG/LPG,CLLG,1265.25,1265.25,1265.25,1265.25,0.0,-1.0
2020-01-23,Capital Link LNG/LPG,CLLG,1225.11,1225.11,1225.11,1225.11,0.0,-3.17
2020-01-24,Capital Link LNG/LPG,CLLG,1170.98,1170.98,1170.98,1170.98,0.0,-4.42
2020-01-27,Capital Link LNG/LPG,CLLG,1145.34,1145.34,1145.34,1145.34,0.0,-2.19
2020-01-28,Capital Link LNG/LPG,CLLG,1149.67,1149.67,1149.67,1149.67,0.0,0.38
2020-01-29,Capital Link LNG/LPG,CLLG,1134.02,1134.02,1134.02,1134.02,0.0,-1.36
2020-01-30,Capital Link LNG/LPG,CLLG,1110.12,1110.12,1110.12,1110.12,0.0,-2.11
2020-01-31,Capital Link LNG/LPG,CLLG,1069.34,1069.34,1069.34,1069.34,0.0,-3.67
2020-02-03,Capital Link LNG/LPG,CLLG,1079.96,1079.96,1079.96,1079.96,0.0,0.99
2020-02-04,Capital Link LNG/LPG,CLLG,1080.15,1080.15,1080.15,1080.15,0.0,0.02
2020-02-05,Capital Link LNG/LPG,CLLG,1082.7,1082.7,1082.7,1082.7,0.0,0.24
2020-02-06,Capital Link LNG/LPG,CLLG,985.18,985.18,985.18,985.18,0.0,-9.01
2020-02-07,Capital Link LNG/LPG,CLLG,1005.78,1005.78,1005.78,1005.78,0.0,2.09
2020-02-10,Capital Link LNG/LPG,CLLG,988.12,988.12,988.12,988.12,0.0,-1.76
2020-02-11,Capital Link LNG/LPG,CLLG,1012.07,1012.07,1012.07,1012.07,0.0,2.42
2020-02-12,Capital Link LNG/LPG,CLLG,1041.39,1041.39,1041.39,1041.39,0.0,2.9
2020-02-13,Capital Link LNG/LPG,CLLG,1043.78,1043.78,1043.78,1043.78,0.0,0.23
2020-02-14,Capital Link LNG/LPG,CLLG,1035.19,1035.19,1035.19,1035.19,0.0,-0.82
2020-02-18,Capital Link LNG/LPG,CLLG,1038.08,1038.08,1038.08,1038.08,0.0,0.28
2020-02-19,Capital Link LNG/LPG,CLLG,1044.6,1044.6,1044.6,1044.6,0.0,0.63
2020-02-20,Capital Link LNG/LPG,CLLG,1060.61,1060.61,1060.61,1060.61,0.0,1.53
2020-02-21,Capital Link LNG/LPG,CLLG,1038.69,1038.69,1038.69,1038.69,0.0,-2.07
2020-02-24,Capital Link LNG/LPG,CLLG,980.24,980.24,980.24,980.24,0.0,-5.63
2020-02-25,Capital Link LNG/LPG,CLLG,974.99,974.99,974.99,974.99,0.0,-0.54
2020-02-26,Capital Link LNG/LPG,CLLG,972.72,972.72,972.72,972.72,0.0,-0.23
2020-02-27,Capital Link LNG/LPG,CLLG,990.01,990.01,990.01,990.01,0.0,1.78
2020-02-28,Capital Link LNG/LPG,CLLG,1021.69,1021.69,1021.69,1021.69,0.0,3.2
2020-03-02,Capital Link LNG/LPG,CLLG,1050.04,1050.04,1050.04,1050.04,0.0,2.77
2020-03-03,Capital Link LNG/LPG,CLLG,1011.75,1011.75,1011.75,1011.75,0.0,-3.65
2020-03-04,Capital Link LNG/LPG,CLLG,1006.86,1006.86,1006.86,1006.86,0.0,-0.48
2020-03-05,Capital Link LNG/LPG,CLLG,959.79,959.79,959.79,959.79,0.0,-4.67
2020-03-06,Capital Link LNG/LPG,CLLG,905.93,905.93,905.93,905.93,0.0,-5.61
2020-03-09,Capital Link LNG/LPG,CLLG,742.94,742.94,742.94,742.94,0.0,-17.99
2020-03-10,Capital Link LNG/LPG,CLLG,865.05,865.05,865.05,865.05,0.0,16.44
2020-03-11,Capital Link LNG/LPG,CLLG,794.75,794.75,794.75,794.75,0.0,-8.13
2020-03-12,Capital Link LNG/LPG,CLLG,672.71,672.71,672.71,672.71,0.0,-15.36
2020-03-13,Capital Link LNG/LPG,CLLG,712.26,712.26,712.26,712.26,0.0,5.88
2020-03-16,Capital Link LNG/LPG,CLLG,642.37,642.37,642.37,642.37,0.0,-9.81
2020-03-19,Capital Link LNG/LPG,CLLG,596.33,596.33,596.33,596.33,0.0,-7.17
2020-03-20,Capital Link LNG/LPG,CLLG,590.64,590.64,590.64,590.64,0.0,-0.95
2020-03-23,Capital Link LNG/LPG,CLLG,595.17,595.17,595.17,595.17,0.0,0.77
2020-03-24,Capital Link LNG/LPG,CLLG,685.91,685.91,685.91,685.91,0.0,15.25
2020-03-25,Capital Link LNG/LPG,CLLG,668.13,668.13,668.13,668.13,0.0,-2.59
2020-03-26,Capital Link LNG/LPG,CLLG,701.46,701.46,701.46,701.46,0.0,4.99
2020-03-27,Capital Link LNG/LPG,CLLG,686.44,686.44,686.44,686.44,0.0,-2.14
2020-03-30,Capital Link LNG/LPG,CLLG,681.96,681.96,681.96,681.96,0.0,-0.65
2020-03-31,Capital Link LNG/LPG,CLLG,703.37,703.37,703.37,703.37,0.0,3.14
2020-04-01,Capital Link LNG/LPG,CLLG,653.42,653.42,653.42,653.42,0.0,-7.1
2020-04-02,Capital Link LNG/LPG,CLLG,612.81,612.81,612.81,612.81,0.0,-6.21
2020-04-03,Capital Link LNG/LPG,CLLG,607.67,607.67,607.67,607.67,0.0,-0.84
2020-04-06,Capital Link LNG/LPG,CLLG,644.39,644.39,644.39,644.39,0.0,6.04
2020-04-07,Capital Link LNG/LPG,CLLG,599.54,599.54,599.54,599.54,0.0,-6.96
2020-04-08,Capital Link LNG/LPG,CLLG,631.25,631.25,631.25,631.25,0.0,5.29
2020-04-09,Capital Link LNG/LPG,CLLG,649.04,649.04,649.04,649.04,0.0,2.82
2020-04-13,Capital Link LNG/LPG,CLLG,657.86,657.86,657.86,657.86,0.0,1.36
2020-04-14,Capital Link LNG/LPG,CLLG,715.57,715.57,715.57,715.57,0.0,8.77
2020-04-15,Capital Link LNG/LPG,CLLG,681.36,681.36,681.36,681.36,0.0,-4.78
2020-04-16,Capital Link LNG/LPG,CLLG,702.89,702.89,702.89,702.89,0.0,3.16
2020-04-17,Capital Link LNG/LPG,CLLG,736.02,736.02,736.02,736.02,0.0,4.71
2020-04-21,Capital Link LNG/LPG,CLLG,744.71,744.71,744.71,744.71,0.0,1.18
2020-04-22,Capital Link LNG/LPG,CLLG,741.36,741.36,741.36,741.36,0.0,-0.45
2020-04-23,Capital Link LNG/LPG,CLLG,750.15,750.15,750.15,750.15,0.0,1.19
2020-04-24,Capital Link LNG/LPG,CLLG,741.32,741.32,741.32,741.32,0.0,-1.18
2020-04-27,Capital Link LNG/LPG,CLLG,771.73,771.73,771.73,771.73,0.0,4.1
2020-04-28,Capital Link LNG/LPG,CLLG,808.71,808.71,808.71,808.71,0.0,4.79
2020-04-29,Capital Link LNG/LPG,CLLG,838.04,838.04,838.04,838.04,0.0,3.63
2020-04-30,Capital Link LNG/LPG,CLLG,790.0,790.0,790.0,790.0,0.0,-5.73
2020-05-04,Capital Link LNG/LPG,CLLG,744.99,744.99,744.99,744.99,0.0,1.32
2020-05-05,Capital Link LNG/LPG,CLLG,735.92,735.92,735.92,735.92,0.0,-1.22
2020-05-06,Capital Link LNG/LPG,CLLG,704.98,704.98,704.98,704.98,0.0,-4.2
2020-05-07,Capital Link LNG/LPG,CLLG,728.5,728.5,728.5,728.5,0.0,3.34
2020-05-08,Capital Link LNG/LPG,CLLG,746.29,746.29,746.29,746.29,0.0,2.44
2020-05-11,Capital Link LNG/LPG,CLLG,742.0,742.0,742.0,742.0,0.0,-0.57
2020-05-12,Capital Link LNG/LPG,CLLG,733.88,733.88,733.88,733.88,0.0,-1.09
2020-05-13,Capital Link LNG/LPG,CLLG,694.89,694.89,694.89,694.89,0.0,-5.31
2020-05-14,Capital Link LNG/LPG,CLLG,699.03,699.03,699.03,699.03,0.0,0.6
2020-05-15,Capital Link LNG/LPG,CLLG,687.58,687.58,687.58,687.58,0.0,-1.64
2020-05-18,Capital Link LNG/LPG,CLLG,734.41,734.41,734.41,734.41,0.0,6.81
2020-05-19,Capital Link LNG/LPG,CLLG,702.75,702.75,702.75,702.75,0.0,-4.31
2020-05-20,Capital Link LNG/LPG,CLLG,746.2,746.2,746.2,746.2,0.0,6.18
2020-05-21,Capital Link LNG/LPG,CLLG,740.57,740.57,740.57,740.57,0.0,-0.75
2020-05-22,Capital Link LNG/LPG,CLLG,757.01,757.01,757.01,757.01,0.0,2.22
2020-05-26,Capital Link LNG/LPG,CLLG,755.64,755.64,755.64,755.64,0.0,-0.18
2020-05-27,Capital Link LNG/LPG,CLLG,780.67,780.67,780.67,780.67,0.0,3.31
2020-05-28,Capital Link LNG/LPG,CLLG,748.99,748.99,748.99,748.99,0.0,-4.06
2020-05-29,Capital Link LNG/LPG,CLLG,771.5,771.5,771.5,771.5,0.0,3.01
2020-06-01,Capital Link LNG/LPG,CLLG,773.23,773.23,773.23,773.23,0.0,0.22
2020-06-02,Capital Link LNG/LPG,CLLG,788.0,788.0,788.0,788.0,0.0,1.91
2020-06-03,Capital Link LNG/LPG,CLLG,801.24,801.24,801.24,801.24,0.0,1.68
2020-06-04,Capital Link LNG/LPG,CLLG,778.63,778.63,778.63,778.63,0.0,-2.82
2020-06-05,Capital Link LNG/LPG,CLLG,847.55,847.55,847.55,847.55,0.0,8.85
2020-06-08,Capital Link LNG/LPG,CLLG,889.86,889.86,889.86,889.86,0.0,4.99
2020-06-09,Capital Link LNG/LPG,CLLG,865.34,865.34,865.34,865.34,0.0,-2.76
2020-06-10,Capital Link LNG/LPG,CLLG,839.74,839.74,839.74,839.74,0.0,-2.96
2020-06-11,Capital Link LNG/LPG,CLLG,760.81,760.81,760.81,760.81,0.0,-9.4
2020-06-12,Capital Link LNG/LPG,CLLG,782.98,782.98,782.98,782.98,0.0,2.91
2020-06-15,Capital Link LNG/LPG,CLLG,807.47,807.47,807.47,807.47,0.0,3.13
2020-06-16,Capital Link LNG/LPG,CLLG,834.8,834.8,834.8,834.8,0.0,3.38
2020-06-17,Capital Link LNG/LPG,CLLG,807.18,807.18,807.18,807.18,0.0,-3.31
2020-06-18,Capital Link LNG/LPG,CLLG,832.07,832.07,832.07,832.07,0.0,3.08
2020-06-19,Capital Link LNG/LPG,CLLG,823.42,823.42,823.42,823.42,0.0,-1.04
2020-06-22,Capital Link LNG/LPG,CLLG,807.09,807.09,807.09,807.09,0.0,-1.98
2020-06-23,Capital Link LNG/LPG,CLLG,785.77,785.77,785.77,785.77,0.0,-2.64
2020-06-24,Capital Link LNG/LPG,CLLG,743.07,743.07,743.07,743.07,0.0,-5.43
2020-06-25,Capital Link LNG/LPG,CLLG,746.96,746.96,746.96,746.96,0.0,0.52
2020-06-26,Capital Link LNG/LPG,CLLG,719.22,719.22,719.22,719.22,0.0,-3.71
2020-06-29,Capital Link LNG/LPG,CLLG,756.5,756.5,756.5,756.5,0.0,5.18
2020-06-30,Capital Link LNG/LPG,CLLG,750.67,750.67,750.67,750.67,0.0,-0.77
2020-07-01,Capital Link LNG/LPG,CLLG,759.1,759.1,759.1,759.1,0.0,1.12
2020-07-02,Capital Link LNG/LPG,CLLG,728.05,728.05,728.05,728.05,0.0,-4.09
2020-07-06,Capital Link LNG/LPG,CLLG,752.96,752.96,752.96,752.96,0.0,3.42
2020-07-07,Capital Link LNG/LPG,CLLG,736.5,736.5,736.5,736.5,0.0,-2.19
2020-07-08,Capital Link LNG/LPG,CLLG,735.31,735.31,735.31,735.31,0.0,-0.16
2020-07-09,Capital Link LNG/LPG,CLLG,717.38,717.38,717.38,717.38,0.0,-2.44
2020-07-10,Capital Link LNG/LPG,CLLG,733.3,733.3,733.3,733.3,0.0,2.22
2020-07-13,Capital Link LNG/LPG,CLLG,699.64,699.64,699.64,699.64,0.0,-4.59
2020-07-14,Capital Link LNG/LPG,CLLG,719.41,719.41,719.41,719.41,0.0,2.83
2020-07-15,Capital Link LNG/LPG,CLLG,755.48,755.48,755.48,755.48,0.0,5.01
2020-07-16,Capital Link LNG/LPG,CLLG,746.49,746.49,746.49,746.49,0.0,-1.19
2020-07-17,Capital Link LNG/LPG,CLLG,749.23,749.23,749.23,749.23,0.0,0.37
2020-07-20,Capital Link LNG/LPG,CLLG,750.95,750.95,750.95,750.95,0.0,0.23
2020-07-21,Capital Link LNG/LPG,CLLG,771.61,771.61,771.61,771.61,0.0,2.75
2020-07-22,Capital Link LNG/LPG,CLLG,755.57,755.57,755.57,755.57,0.0,-2.08
2020-07-23,Capital Link LNG/LPG,CLLG,779.51,779.51,779.51,779.51,0.0,3.17
2020-07-24,Capital Link LNG/LPG,CLLG,780.26,780.26,780.26,780.26,0.0,0.1
2020-07-27,Capital Link LNG/LPG,CLLG,786.82,786.82,786.82,786.82,0.0,0.84
2020-07-28,Capital Link LNG/LPG,CLLG,785.5,785.5,785.5,785.5,0.0,-0.17
2020-07-29,Capital Link LNG/LPG,CLLG,803.87,803.87,803.87,803.87,0.0,2.34
2020-07-30,Capital Link LNG/LPG,CLLG,770.68,770.68,770.68,770.68,0.0,-4.13
2020-07-31,Capital Link LNG/LPG,CLLG,756.27,756.27,756.27,756.27,0.0,-1.87
2020-08-03,Capital Link LNG/LPG,CLLG,766.84,766.84,766.84,766.84,0.0,1.4
2020-08-04,Capital Link LNG/LPG,CLLG,776.62,776.62,776.62,776.62,0.0,1.28
2020-08-05,Capital Link LNG/LPG,CLLG,794.47,794.47,794.47,794.47,0.0,2.3
2020-08-07,Capital Link LNG/LPG,CLLG,817.19,817.19,817.19,817.19,0.0,2.86
2020-08-10,Capital Link LNG/LPG,CLLG,831.44,831.44,831.44,831.44,0.0,1.74
2020-08-11,Capital Link LNG/LPG,CLLG,851.26,851.26,851.26,851.26,0.0,2.38
2020-08-12,Capital Link LNG/LPG,CLLG,863.69,863.69,863.69,863.69,0.0,1.46
2020-08-13,Capital Link LNG/LPG,CLLG,883.89,883.89,883.89,883.89,0.0,2.34
2020-08-14,Capital Link LNG/LPG,CLLG,907.17,907.17,907.17,907.17,0.0,2.63
2020-08-17,Capital Link LNG/LPG,CLLG,914.06,914.06,914.06,914.06,0.0,0.76
2020-08-18,Capital Link LNG/LPG,CLLG,884.31,884.31,884.31,884.31,0.0,-3.25
2020-08-19,Capital Link LNG/LPG,CLLG,863.21,863.21,863.21,863.21,0.0,-2.39
2020-08-20,Capital Link LNG/LPG,CLLG,862.62,862.62,862.62,862.62,0.0,-0.07
2020-08-21,Capital Link LNG/LPG,CLLG,839.66,839.66,839.66,839.66,0.0,-2.66
2020-08-24,Capital Link LNG/LPG,CLLG,855.61,855.61,855.61,855.61,0.0,1.9
2020-08-25,Capital Link LNG/LPG,CLLG,861.66,861.66,861.66,861.66,0.0,0.71
2020-08-26,Capital Link LNG/LPG,CLLG,834.48,834.48,834.48,834.48,0.0,-3.15
2020-08-27,Capital Link LNG/LPG,CLLG,810.26,810.26,810.26,810.26,0.0,-2.9
2020-08-28,Capital Link LNG/LPG,CLLG,826.61,826.61,826.61,826.61,0.0,2.02
2020-08-31,Capital Link LNG/LPG,CLLG,840.38,840.38,840.38,840.38,0.0,1.67
2020-09-01,Capital Link LNG/LPG,CLLG,851.15,851.15,851.15,851.15,0.0,1.28
2020-09-02,Capital Link LNG/LPG,CLLG,850.31,850.31,850.31,850.31,0.0,-0.1
2020-09-03,Capital Link LNG/LPG,CLLG,837.72,837.72,837.72,837.72,0.0,-1.48
2020-09-04,Capital Link LNG/LPG,CLLG,834.95,834.95,834.95,834.95,0.0,-0.33
2020-09-08,Capital Link LNG/LPG,CLLG,830.38,830.38,830.38,830.38,0.0,-0.55
2020-09-09,Capital Link LNG/LPG,CLLG,858.64,858.64,858.64,858.64,0.0,3.4
2020-09-10,Capital Link LNG/LPG,CLLG,856.76,856.76,856.76,856.76,0.0,-0.22
2020-09-11,Capital Link LNG/LPG,CLLG,888.18,888.18,888.18,888.18,0.0,3.67
2020-09-14,Capital Link LNG/LPG,CLLG,904.31,904.31,904.31,904.31,0.0,1.82
2020-09-15,Capital Link LNG/LPG,CLLG,902.42,902.42,902.42,902.42,0.0,-0.21
2020-09-16,Capital Link LNG/LPG,CLLG,922.73,922.73,922.73,922.73,0.0,2.2506
2020-09-17,Capital Link LNG/LPG,CLLG,936.56,936.56,936.56,936.56,0.0,1.4988
2020-09-18,Capital Link LNG/LPG,CLLG,965.58,965.58,965.58,965.58,0.0,3.0986
2020-09-21,Capital Link LNG/LPG,CLLG,895.31,895.31,895.31,895.31,0.0,-7.2775
2020-09-22,Capital Link LNG/LPG,CLLG,856.22,856.22,856.22,856.22,0.0,-4.3661
2020-09-23,Capital Link LNG/LPG,CLLG,811.66,811.66,811.66,811.66,0.0,-5.2043
2020-09-24,Capital Link LNG/LPG,CLLG,726.48,726.48,726.48,726.48,0.0,-10.4945
2020-09-25,Capital Link LNG/LPG,CLLG,733.18,733.18,733.18,733.18,0.0,0.9223
2020-09-28,Capital Link LNG/LPG,CLLG,726.13,726.13,726.13,726.13,0.0,-0.9616
2020-09-29,Capital Link LNG/LPG,CLLG,722.2,722.2,722.2,722.2,0.0,-0.5412
2020-09-30,Capital Link LNG/LPG,CLLG,732.63,732.63,732.63,732.63,0.0,1.4442
2020-10-01,Capital Link LNG/LPG,CLLG,753.08,753.08,753.08,753.08,0.0,2.7913
2020-10-02,Capital Link LNG/LPG,CLLG,762.88,762.88,762.88,762.88,0.0,1.3013
2020-10-05,Capital Link LNG/LPG,CLLG,786.92,786.92,786.92,786.92,0.0,3.1512
2020-10-06,Capital Link LNG/LPG,CLLG,767.81,767.81,767.81,767.81,0.0,-2.4285
2020-10-07,Capital Link LNG/LPG,CLLG,781.56,781.56,781.56,781.56,0.0,1.7908
2020-10-08,Capital Link LNG/LPG,CLLG,809.67,809.67,809.67,809.67,0.0,3.5967
2020-10-09,Capital Link LNG/LPG,CLLG,799.8,799.8,799.8,799.8,0.0,-1.219
2020-10-12,Capital Link LNG/LPG,CLLG,801.5,801.5,801.5,801.5,0.0,0.2126
2020-10-13,Capital Link LNG/LPG,CLLG,782.63,782.63,782.63,782.63,0.0,-2.3543
2020-10-14,Capital Link LNG/LPG,CLLG,789.97,789.97,789.97,789.97,0.0,0.9379
2020-10-15,Capital Link LNG/LPG,CLLG,807.73,807.73,807.73,807.73,0.0,2.2482
2020-10-16,Capital Link LNG/LPG,CLLG,805.84,805.84,805.84,805.84,0.0,-0.234
2020-10-19,Capital Link LNG/LPG,CLLG,793.57,793.57,793.57,793.57,0.0,-1.5226
2020-10-20,Capital Link LNG/LPG,CLLG,814.29,814.29,814.29,814.29,0.0,2.611
2020-10-21,Capital Link LNG/LPG,CLLG,813.42,813.42,813.42,813.42,0.0,-0.1068
2020-10-22,Capital Link LNG/LPG,CLLG,833.41,833.41,833.41,833.41,0.0,2.4575
2020-10-23,Capital Link LNG/LPG,CLLG,842.62,842.62,842.62,842.62,0.0,1.1051
2020-10-25,Capital Link LNG/LPG,CLLG,823.98,823.98,823.98,823.98,0.0,-2.2121
2020-10-26,Capital Link LNG/LPG,CLLG,812.87,812.87,812.87,812.87,0.0,-1.3483
2020-10-27,Capital Link LNG/LPG,CLLG,773.04,773.04,773.04,773.04,0.0,-4.8999
2020-10-28,Capital Link LNG/LPG,CLLG,796.39,796.39,796.39,796.39,0.0,3.0205
2020-10-29,Capital Link LNG/LPG,CLLG,760.76,760.76,760.76,760.76,0.0,-4.4739
2020-11-01,Capital Link LNG/LPG,CLLG,766.47,766.47,766.47,766.47,0.0,0.7506
2020-11-02,Capital Link LNG/LPG,CLLG,767.87,767.87,767.87,767.87,0.0,0.1827
2020-11-03,Capital Link LNG/LPG,CLLG,761.44,761.44,761.44,761.44,0.0,-0.8374
2020-11-04,Capital Link LNG/LPG,CLLG,786.57,786.57,786.57,786.57,0.0,3.3003
2020-11-05,Capital Link LNG/LPG,CLLG,767.93,767.93,767.93,767.93,0.0,-2.3698
2020-11-08,Capital Link LNG/LPG,CLLG,835.71,835.71,835.71,835.71,0.0,8.8263
2020-11-09,Capital Link LNG/LPG,CLLG,845.18,845.18,845.18,845.18,0.0,1.1332
2020-11-10,Capital Link LNG/LPG,CLLG,875.58,875.58,875.58,875.58,0.0,3.5969
2020-11-11,Capital Link LNG/LPG,CLLG,842.09,842.09,842.09,842.09,0.0,-3.8249
2020-11-12,Capital Link LNG/LPG,CLLG,855.49,855.49,855.49,855.49,0.0,1.5913
2020-11-15,Capital Link LNG/LPG,CLLG,876.23,876.23,876.23,876.23,0.0,2.4243
2020-11-16,Capital Link LNG/LPG,CLLG,879.92,879.92,879.92,879.92,0.0,0.4211
2020-11-17,Capital Link LNG/LPG,CLLG,869.95,869.95,869.95,869.95,0.0,-1.1331
2020-11-18,Capital Link LNG/LPG,CLLG,897.66,897.66,897.66,897.66,0.0,3.1852
2020-11-19,Capital Link LNG/LPG,CLLG,908.31,908.31,908.31,908.31,0.0,1.1864
2020-11-22,Capital Link LNG/LPG,CLLG,943.7,943.7,943.7,943.7,0.0,3.8962
2020-11-23,Capital Link LNG/LPG,CLLG,947.94,947.94,947.94,947.94,0.0,0.4493
2020-11-24,Capital Link LNG/LPG,CLLG,955.4,955.4,955.4,955.4,0.0,0.787
2020-11-26,Capital Link LNG/LPG,CLLG,953.01,953.01,953.01,953.01,0.0,-0.2502
2020-11-29,Capital Link LNG/LPG,CLLG,902.93,902.93,902.93,902.93,0.0,-5.2549
2020-11-30,Capital Link LNG/LPG,CLLG,892.21,892.21,892.21,892.21,0.0,-1.1872
2020-12-01,Capital Link LNG/LPG,CLLG,917.12,917.12,917.12,917.12,0.0,2.7919
2020-12-02,Capital Link LNG/LPG,CLLG,905.15,905.15,905.15,905.15,0.0,-1.3052
2020-12-03,Capital Link LNG/LPG,CLLG,948.39,948.39,948.39,948.39,0.0,4.7771
2020-12-06,Capital Link LNG/LPG,CLLG,934.63,934.63,934.63,934.63,0.0,-1.4509
2020-12-07,Capital Link LNG/LPG,CLLG,942.89,942.89,942.89,942.89,0.0,0.8838
2020-12-08,Capital Link LNG/LPG,CLLG,938.41,938.41,938.41,938.41,0.0,-0.4751
2020-12-09,Capital Link LNG/LPG,CLLG,977.74,977.74,977.74,977.74,0.0,4.1911
2020-12-10,Capital Link LNG/LPG,CLLG,970.29,970.29,970.29,970.29,0.0,-0.762
2020-12-13,Capital Link LNG/LPG,CLLG,950.78,950.78,950.78,950.78,0.0,-2.0107
2020-12-14,Capital Link LNG/LPG,CLLG,969.51,969.51,969.51,969.51,0.0,1.97
2020-12-15,Capital Link LNG/LPG,CLLG,953.73,953.73,953.73,953.73,0.0,-1.6276
2020-12-16,Capital Link LNG/LPG,CLLG,952.89,952.89,952.89,952.89,0.0,-0.0881
2020-12-17,Capital Link LNG/LPG,CLLG,960.25,960.25,960.25,960.25,0.0,0.7724
2020-12-20,Capital Link LNG/LPG,CLLG,940.66,940.66,940.66,940.66,0.0,-2.0401
2020-12-21,Capital Link LNG/LPG,CLLG,938.04,938.04,938.04,938.04,0.0,-0.2785
2020-12-22,Capital Link LNG/LPG,CLLG,949.39,949.39,949.39,949.39,0.0,1.21
2020-12-23,Capital Link LNG/LPG,CLLG,953.97,953.97,953.97,953.97,0.0,0.4824
2020-12-27,Capital Link LNG/LPG,CLLG,947.68,947.68,947.68,947.68,0.0,-0.6593
2020-12-28,Capital Link LNG/LPG,CLLG,942.54,942.54,942.54,942.54,0.0,-0.5424
2020-12-29,Capital Link LNG/LPG,CLLG,960.27,960.27,960.27,960.27,0.0,1.8811
2020-12-30,Capital Link LNG/LPG,CLLG,969.9,969.9,969.9,969.9,0.0,1.0028
2021-01-03,Capital Link LNG/LPG,CLLG,988.4,988.4,988.4,988.4,0.0,1.9074
2021-01-04,Capital Link LNG/LPG,CLLG,1008.24,1008.24,1008.24,1008.24,0.0,2.0073
2021-01-05,Capital Link LNG/LPG,CLLG,1018.61,1018.61,1018.61,1018.61,0.0,1.0285
2021-01-06,Capital Link LNG/LPG,CLLG,1075.62,1075.62,1075.62,1075.62,0.0,5.5968
2021-01-07,Capital Link LNG/LPG,CLLG,1071.56,1071.56,1071.56,1071.56,0.0,-0.3775
2021-01-10,Capital Link LNG/LPG,CLLG,1074.98,1074.98,1074.98,1074.98,0.0,0.3192
2021-01-11,Capital Link LNG/LPG,CLLG,1130.6,1130.6,1130.6,1130.6,0.0,5.174
2021-01-12,Capital Link LNG/LPG,CLLG,1122.1,1122.1,1122.1,1122.1,0.0,-0.7518
2021-01-13,Capital Link LNG/LPG,CLLG,1143.28,1143.28,1143.28,1143.28,0.0,1.8875
2021-01-14,Capital Link LNG/LPG,CLLG,1109.31,1109.31,1109.31,1109.31,0.0,-2.9713
2021-01-18,Capital Link LNG/LPG,CLLG,1104.62,1104.62,1104.62,1104.62,0.0,-0.4228
2021-01-19,Capital Link LNG/LPG,CLLG,1082.58,1082.58,1082.58,1082.58,0.0,-1.9953
2021-01-20,Capital Link LNG/LPG,CLLG,1062.75,1062.75,1062.75,1062.75,0.0,-1.8317
2021-01-21,Capital Link LNG/LPG,CLLG,1056.9,1056.9,1056.9,1056.9,0.0,-0.5505
2021-01-24,Capital Link LNG/LPG,CLLG,1028.74,1028.74,1028.74,1028.74,0.0,-2.6644
2021-01-25,Capital Link LNG/LPG,CLLG,1022.91,1022.91,1022.91,1022.91,0.0,-0.5667
2021-01-26,Capital Link LNG/LPG,CLLG,978.26,978.26,978.26,978.26,0.0,-4.365
2021-01-27,Capital Link LNG/LPG,CLLG,993.18,993.18,993.18,993.18,0.0,1.5252
2021-01-28,Capital Link LNG/LPG,CLLG,989.66,989.66,989.66,989.66,0.0,-0.3544
2021-01-31,Capital Link LNG/LPG,CLLG,994.06,994.06,994.06,994.06,0.0,0.4446
2021-02-01,Capital Link LNG/LPG,CLLG,1015.95,1015.95,1015.95,1015.95,0.0,2.2021
2021-02-02,Capital Link LNG/LPG,CLLG,1029.87,1029.87,1029.87,1029.87,0.0,1.3701
2021-02-03,Capital Link LNG/LPG,CLLG,1024.87,1024.87,1024.87,1024.87,0.0,-0.4855
2021-02-04,Capital Link LNG/LPG,CLLG,1042.96,1042.96,1042.96,1042.96,0.0,1.7651
2021-02-07,Capital Link LNG/LPG,CLLG,1052.56,1052.56,1052.56,1052.56,0.0,0.9205
2021-02-08,Capital Link LNG/LPG,CLLG,1043.94,1043.94,1043.94,1043.94,0.0,-0.819
2021-02-09,Capital Link LNG/LPG,CLLG,1035.39,1035.39,1035.39,1035.39,0.0,-0.819
2021-02-10,Capital Link LNG/LPG,CLLG,1031.07,1031.07,1031.07,1031.07,0.0,-0.4172
2021-02-11,Capital Link LNG/LPG,CLLG,1078.06,1078.06,1078.06,1078.06,0.0,4.5574
2021-02-15,Capital Link LNG/LPG,CLLG,1093.5,1093.5,1093.5,1093.5,0.0,1.4322
2021-02-16,Capital Link LNG/LPG,CLLG,1090.26,1090.26,1090.26,1090.26,0.0,-0.2963
2021-02-17,Capital Link LNG/LPG,CLLG,1045.09,1045.09,1045.09,1045.09,0.0,-4.143
2021-02-18,Capital Link LNG/LPG,CLLG,1068.45,1068.45,1068.45,1068.45,0.0,2.2352
2021-02-21,Capital Link LNG/LPG,CLLG,1082.88,1082.88,1082.88,1082.88,0.0,1.3506
2021-02-22,Capital Link LNG/LPG,CLLG,1058.84,1058.84,1058.84,1058.84,0.0,-2.22
2021-02-23,Capital Link LNG/LPG,CLLG,1088.43,1088.43,1088.43,1088.43,0.0,2.7946
2021-02-24,Capital Link LNG/LPG,CLLG,1090.46,1090.46,1090.46,1090.46,0.0,0.1865
2021-02-25,Capital Link LNG/LPG,CLLG,1055.58,1055.58,1055.58,1055.58,0.0,-3.1987
2021-02-28,Capital Link LNG/LPG,CLLG,1077.16,1077.16,1077.16,1077.16,0.0,2.0444
2021-03-01,Capital Link LNG/LPG,CLLG,1069.25,1069.25,1069.25,1069.25,0.0,-0.7343
2021-03-02,Capital Link LNG/LPG,CLLG,1067.44,1067.44,1067.44,1067.44,0.0,-0.1693
2021-03-03,Capital Link LNG/LPG,CLLG,1050.9,1050.9,1050.9,1050.9,0.0,-1.5495
2021-03-04,Capital Link LNG/LPG,CLLG,1061.97,1061.97,1061.97,1061.97,0.0,1.0534
2021-03-07,Capital Link LNG/LPG,CLLG,1072.94,1072.94,1072.94,1072.94,0.0,1.033
2021-03-08,Capital Link LNG/LPG,CLLG,1066.85,1066.85,1066.85,1066.85,0.0,-0.5676
2021-03-09,Capital Link LNG/LPG,CLLG,1097.19,1097.19,1097.19,1097.19,0.0,2.8439
2021-03-10,Capital Link LNG/LPG,CLLG,1091.39,1091.39,1091.39,1091.39,0.0,-0.5286
2021-03-11,Capital Link LNG/LPG,CLLG,1106.55,1106.55,1106.55,1106.55,0.0,1.3891
2021-03-14,Capital Link LNG/LPG,CLLG,1108.23,1108.23,1108.23,1108.23,0.0,0.1518
2021-03-15,Capital Link LNG/LPG,CLLG,1117.29,1117.29,1117.29,1117.29,0.0,0.8175
2021-03-16,Capital Link LNG/LPG,CLLG,1121.3,1121.3,1121.3,1121.3,0.0,0.3589
2021-03-17,Capital Link LNG/LPG,CLLG,1088.04,1088.04,1088.04,1088.04,0.0,-2.9662
2021-03-18,Capital Link LNG/LPG,CLLG,1100.96,1100.96,1100.96,1100.96,0.0,1.1875
2021-03-21,Capital Link LNG/LPG,CLLG,1108.58,1108.58,1108.58,1108.58,0.0,0.6921
2021-03-22,Capital Link LNG/LPG,CLLG,1055.09,1055.09,1055.09,1055.09,0.0,-4.8251
2021-03-23,Capital Link LNG/LPG,CLLG,1062.01,1062.01,1062.01,1062.01,0.0,0.6559
2021-03-24,Capital Link LNG/LPG,CLLG,1062.51,1062.51,1062.51,1062.51,0.0,0.0471
2021-03-25,Capital Link LNG/LPG,CLLG,1091.07,1091.07,1091.07,1091.07,0.0,2.688
2021-03-29,Capital Link LNG/LPG,CLLG,1054.41,1054.41,1054.41,1054.41,0.0,-3.36
2021-03-30,Capital Link LNG/LPG,CLLG,1049.85,1049.85,1049.85,1049.85,0.0,-0.4325
2021-03-31,Capital Link LNG/LPG,CLLG,1042.63,1042.63,1042.63,1042.63,0.0,-0.6877
2021-04-01,Capital Link LNG/LPG,CLLG,1058.32,1058.32,1058.32,1058.32,0.0,1.5048
2021-04-05,Capital Link LNG/LPG,CLLG,1051.22,1051.22,1051.22,1051.22,0.0,-0.6709
2021-04-06,Capital Link LNG/LPG,CLLG,1055.78,1055.78,1055.78,1055.78,0.0,0.4338
2021-04-07,Capital Link LNG/LPG,CLLG,1066.22,1066.22,1066.22,1066.22,0.0,0.9888
2021-04-08,Capital Link LNG/LPG,CLLG,1067.94,1067.94,1067.94,1067.94,0.0,0.1613
2021-04-09,Capital Link LNG/LPG,CLLG,1061.56,1061.56,1061.56,1061.56,0.0,-0.5974
2021-04-12,Capital Link LNG/LPG,CLLG,1040.58,1040.58,1040.58,1040.58,0.0,-1.9763
2021-04-13,Capital Link LNG/LPG,CLLG,1040.8,1040.8,1040.8,1040.8,0.0,0.0211
2021-04-14,Capital Link LNG/LPG,CLLG,1078.1,1078.1,1078.1,1078.1,0.0,3.5838
2021-04-15,Capital Link LNG/LPG,CLLG,1077.65,1077.65,1077.65,1077.65,0.0,-0.0417
2021-04-16,Capital Link LNG/LPG,CLLG,1121.56,1121.56,1121.56,1121.56,0.0,4.0746
2021-04-19,Capital Link LNG/LPG,CLLG,1152.14,1152.14,1152.14,1152.14,0.0,2.7266
2021-04-20,Capital Link LNG/LPG,CLLG,1123.75,1123.75,1123.75,1123.75,0.0,-2.4641
2021-04-21,Capital Link LNG/LPG,CLLG,1158.15,1158.15,1158.15,1158.15,0.0,3.0612
2021-04-22,Capital Link LNG/LPG,CLLG,1152.37,1152.37,1152.37,1152.37,0.0,-0.4991
2021-04-23,Capital Link LNG/LPG,CLLG,1169.04,1169.04,1169.04,1169.04,0.0,1.4466
2021-04-26,Capital Link LNG/LPG,CLLG,1187.7,1187.7,1187.7,1187.7,0.0,1.5962
2021-04-27,Capital Link LNG/LPG,CLLG,1185.17,1185.17,1185.17,1185.17,0.0,-0.213
2021-04-28,Capital Link LNG/LPG,CLLG,1201.68,1201.68,1201.68,1201.68,0.0,1.393
2021-04-29,Capital Link LNG/LPG,CLLG,1203.09,1203.09,1203.09,1203.09,0.0,0.1173
2021-04-30,Capital Link LNG/LPG,CLLG,1181.57,1181.57,1181.57,1181.57,0.0,-1.7887
2021-05-03,Capital Link LNG/LPG,CLLG,1225.87,1225.87,1225.87,1225.87,0.0,3.7492
2021-05-04,Capital Link LNG/LPG,CLLG,1198.69,1198.69,1198.69,1198.69,0.0,-2.2172
2021-05-05,Capital Link LNG/LPG,CLLG,1204.68,1204.68,1204.68,1204.68,0.0,0.4997
2021-05-06,Capital Link LNG/LPG,CLLG,1188.03,1188.03,1188.03,1188.03,0.0,-1.3821
2021-05-07,Capital Link LNG/LPG,CLLG,1202.64,1202.64,1202.64,1202.64,0.0,1.2298
2021-05-10,Capital Link LNG/LPG,CLLG,1186.26,1186.26,1186.26,1186.26,0.0,-1.362
2021-05-11,Capital Link LNG/LPG,CLLG,1179.7,1179.7,1179.7,1179.7,0.0,-0.553
2021-05-12,Capital Link LNG/LPG,CLLG,1174.32,1174.32,1174.32,1174.32,0.0,-0.456
2021-05-13,Capital Link LNG/LPG,CLLG,1179.35,1179.35,1179.35,1179.35,0.0,0.4283
2021-05-14,Capital Link LNG/LPG,CLLG,1214.18,1214.18,1214.18,1214.18,0.0,2.9533
2021-05-17,Capital Link LNG/LPG,CLLG,1238.58,1238.58,1238.58,1238.58,0.0,2.0096
2021-05-18,Capital Link LNG/LPG,CLLG,1228.7,1228.7,1228.7,1228.7,0.0,-0.7977
2021-05-19,Capital Link LNG/LPG,CLLG,1224.27,1224.27,1224.27,1224.27,0.0,-0.3605
2021-05-20,Capital Link LNG/LPG,CLLG,1220.36,1220.36,1220.36,1220.36,0.0,-0.3194
2021-05-21,Capital Link LNG/LPG,CLLG,1258.1,1258.1,1258.1,1258.1,0.0,3.0925
2021-05-24,Capital Link LNG/LPG,CLLG,1264.87,1264.87,1264.87,1264.87,0.0,0.5381
2021-05-25,Capital Link LNG/LPG,CLLG,1237.43,1237.43,1237.43,1237.43,0.0,-2.1694
2021-05-26,Capital Link LNG/LPG,CLLG,1247.2,1247.2,1247.2,1247.2,0.0,0.7895
2021-05-27,Capital Link LNG/LPG,CLLG,1259.94,1259.94,1259.94,1259.94,0.0,1.0215
2021-05-28,Capital Link LNG/LPG,CLLG,1277.62,1277.62,1277.62,1277.62,0.0,1.4032
2021-06-01,Capital Link LNG/LPG,CLLG,1293.89,1293.89,1293.89,1293.89,0.0,1.2735
2021-06-02,Capital Link LNG/LPG,CLLG,1293.47,1293.47,1293.47,1293.47,0.0,-0.0325
2021-06-03,Capital Link LNG/LPG,CLLG,1287.08,1287.08,1287.08,1287.08,0.0,-0.494
2021-06-04,Capital Link LNG/LPG,CLLG,1272.17,1272.17,1272.17,1272.17,0.0,-1.1584
2021-06-07,Capital Link LNG/LPG,CLLG,1281.29,1281.29,1281.29,1281.29,0.0,0.7169
2021-06-08,Capital Link LNG/LPG,CLLG,1285.03,1285.03,1285.03,1285.03,0.0,0.2919
2021-06-09,Capital Link LNG/LPG,CLLG,1342.21,1342.21,1342.21,1342.21,0.0,4.4497
2021-06-10,Capital Link LNG/LPG,CLLG,1364.62,1364.62,1364.62,1364.62,0.0,1.6696
2021-06-11,Capital Link LNG/LPG,CLLG,1370.98,1370.98,1370.98,1370.98,0.0,0.4661
2021-06-14,Capital Link LNG/LPG,CLLG,1380.77,1380.77,1380.77,1380.77,0.0,0.7141
2021-06-15,Capital Link LNG/LPG,CLLG,1393.44,1393.44,1393.44,1393.44,0.0,0.9176
2021-06-16,Capital Link LNG/LPG,CLLG,1392.22,1392.22,1392.22,1392.22,0.0,-0.0876
2021-06-17,Capital Link LNG/LPG,CLLG,1354.07,1354.07,1354.07,1354.07,0.0,-2.7402
2021-06-18,Capital Link LNG/LPG,CLLG,1324.83,1324.83,1324.83,1324.83,0.0,-2.1594
2021-06-21,Capital Link LNG/LPG,CLLG,1356.84,1356.84,1356.84,1356.84,0.0,2.4162
2021-06-22,Capital Link LNG/LPG,CLLG,1354.54,1354.54,1354.54,1354.54,0.0,-0.1695
2021-06-23,Capital Link LNG/LPG,CLLG,1374.38,1374.38,1374.38,1374.38,0.0,1.4647
2021-06-24,Capital Link LNG/LPG,CLLG,1387.61,1387.61,1387.61,1387.61,0.0,0.9626
2021-06-25,Capital Link LNG/LPG,CLLG,1383.69,1383.69,1383.69,1383.69,0.0,-0.2825
2021-06-28,Capital Link LNG/LPG,CLLG,1346.58,1346.58,1346.58,1346.58,0.0,-2.682
2021-06-29,Capital Link LNG/LPG,CLLG,1344.31,1344.31,1344.31,1344.31,0.0,-0.1686
2021-06-30,Capital Link LNG/LPG,CLLG,1348.28,1348.28,1348.28,1348.28,0.0,0.2953
2021-07-01,Capital Link LNG/LPG,CLLG,1348.96,1348.96,1348.96,1348.96,0.0,0.0504
2021-07-02,Capital Link LNG/LPG,CLLG,1358.72,1358.72,1358.72,1358.72,0.0,0.7235
2021-07-06,Capital Link LNG/LPG,CLLG,1338.74,1338.74,1338.74,1338.74,0.0,-1.4705
2021-07-07,Capital Link LNG/LPG,CLLG,1307.09,1307.09,1307.09,1307.09,0.0,-2.3642
2021-07-08,Capital Link LNG/LPG,CLLG,1282.8,1282.8,1282.8,1282.8,0.0,-1.8583
2021-07-09,Capital Link LNG/LPG,CLLG,1297.52,1297.52,1297.52,1297.52,0.0,1.1475
2021-07-12,Capital Link LNG/LPG,CLLG,1309.99,1309.99,1309.99,1309.99,0.0,0.9611
2021-07-13,Capital Link LNG/LPG,CLLG,1281.07,1281.07,1281.07,1281.07,0.0,-2.2077
2021-07-14,Capital Link LNG/LPG,CLLG,1265.42,1265.42,1265.42,1265.42,0.0,-1.2216
2021-07-15,Capital Link LNG/LPG,CLLG,1257.92,1257.92,1257.92,1257.92,0.0,-0.5927
2021-07-16,Capital Link LNG/LPG,CLLG,1227.13,1227.13,1227.13,1227.13,0.0,-2.4477
2021-07-19,Capital Link LNG/LPG,CLLG,1186.9,1186.9,1186.9,1186.9,0.0,-3.2784
2021-07-20,Capital Link LNG/LPG,CLLG,1229.21,1229.21,1229.21,1229.21,0.0,3.5647
2021-07-21,Capital Link LNG/LPG,CLLG,1263.89,1263.89,1263.89,1263.89,0.0,2.8213
2021-07-22,Capital Link LNG/LPG,CLLG,1235.65,1235.65,1235.65,1235.65,0.0,-2.2344
2021-07-23,Capital Link LNG/LPG,CLLG,1228.39,1228.39,1228.39,1228.39,0.0,-0.5875
2021-07-26,Capital Link LNG/LPG,CLLG,1250.03,1250.03,1250.03,1250.03,0.0,1.7617
2021-07-27,Capital Link LNG/LPG,CLLG,1223.75,1223.75,1223.75,1223.75,0.0,-2.1023
2021-07-28,Capital Link LNG/LPG,CLLG,1104.39,1104.39,1104.39,1104.39,0.0,-9.7536
2021-07-29,Capital Link LNG/LPG,CLLG,1147.38,1147.38,1147.38,1147.38,0.0,3.8926
2021-07-30,Capital Link LNG/LPG,CLLG,1137.69,1137.69,1137.69,1137.69,0.0,-0.8445
2021-08-02,Capital Link LNG/LPG,CLLG,1146.88,1146.88,1146.88,1146.88,0.0,0.8078
2021-08-03,Capital Link LNG/LPG,CLLG,1138.05,1138.05,1138.05,1138.05,0.0,-0.7699
2021-08-04,Capital Link LNG/LPG,CLLG,1113.59,1113.59,1113.59,1113.59,0.0,-2.1493
2021-08-05,Capital Link LNG/LPG,CLLG,1102.95,1102.95,1102.95,1102.95,0.0,-0.9555
2021-08-06,Capital Link LNG/LPG,CLLG,1113.07,1113.07,1113.07,1113.07,0.0,0.9175
2021-08-09,Capital Link LNG/LPG,CLLG,1105.77,1105.77,1105.77,1105.77,0.0,-0.6558
2021-08-10,Capital Link LNG/LPG,CLLG,1105.94,1105.94,1105.94,1105.94,0.0,0.0154
2021-08-11,Capital Link LNG/LPG,CLLG,1136.68,1136.68,1136.68,1136.68,0.0,2.7795
2021-08-12,Capital Link LNG/LPG,CLLG,1134.88,1134.88,1134.88,1134.88,0.0,-0.1584
2021-08-13,Capital Link LNG/LPG,CLLG,1139.64,1139.64,1139.64,1139.64,0.0,0.4194
2021-08-16,Capital Link LNG/LPG,CLLG,1155.11,1155.11,1155.11,1155.11,0.0,1.3574
2021-08-17,Capital Link LNG/LPG,CLLG,1118.85,1118.85,1118.85,1118.85,0.0,-3.1391
2021-08-18,Capital Link LNG/LPG,CLLG,1115.41,1115.41,1115.41,1115.41,0.0,-0.3075
2021-08-19,Capital Link LNG/LPG,CLLG,1097.03,1097.03,1097.03,1097.03,0.0,-1.6478
2021-08-20,Capital Link LNG/LPG,CLLG,1104.78,1104.78,1104.78,1104.78,0.0,0.7065
2021-08-23,Capital Link LNG/LPG,CLLG,1135.78,1135.78,1135.78,1135.78,0.0,2.806
2021-08-24,Capital Link LNG/LPG,CLLG,1161.96,1161.96,1161.96,1161.96,0.0,2.305
2021-08-25,Capital Link LNG/LPG,CLLG,1151.59,1151.59,1151.59,1151.59,0.0,-0.8925
2021-08-26,Capital Link LNG/LPG,CLLG,1145.15,1145.15,1145.15,1145.15,0.0,-0.5592
2021-08-27,Capital Link LNG/LPG,CLLG,1170.07,1170.07,1170.07,1170.07,0.0,2.1761
2021-08-30,Capital Link LNG/LPG,CLLG,1158.62,1158.62,1158.62,1158.62,0.0,-0.9786
2021-08-31,Capital Link LNG/LPG,CLLG,1159.66,1159.66,1159.66,1159.66,0.0,0.0898
2021-09-01,Capital Link LNG/LPG,CLLG,1161.15,1161.15,1161.15,1161.15,0.0,0.1285
2021-09-02,Capital Link LNG/LPG,CLLG,1211.48,1211.48,1211.48,1211.48,0.0,4.3345
2021-09-03,Capital Link LNG/LPG,CLLG,1235.29,1235.29,1235.29,1235.29,0.0,1.9654
2021-09-07,Capital Link LNG/LPG,CLLG,1254.92,1254.92,1254.92,1254.92,0.0,1.5891
2021-09-08,Capital Link LNG/LPG,CLLG,1235.81,1235.81,1235.81,1235.81,0.0,-1.5228
2021-09-09,Capital Link LNG/LPG,CLLG,1257.6,1257.6,1257.6,1257.6,0.0,1.7632
2021-09-10,Capital Link LNG/LPG,CLLG,1247.2,1247.2,1247.2,1247.2,0.0,-0.827
2021-09-13,Capital Link LNG/LPG,CLLG,1259.69,1259.69,1259.69,1259.69,0.0,1.0014
2021-09-14,Capital Link LNG/LPG,CLLG,1233.62,1233.62,1233.62,1233.62,0.0,-2.0696
2021-09-15,Capital Link LNG/LPG,CLLG,1250.93,1250.93,1250.93,1250.93,0.0,1.4032
2021-09-16,Capital Link LNG/LPG,CLLG,1255.36,1255.36,1255.36,1255.36,0.0,0.3541
2021-09-17,Capital Link LNG/LPG,CLLG,1229.72,1229.72,1229.72,1229.72,0.0,-2.0424
2021-09-20,Capital Link LNG/LPG,CLLG,1171.66,1171.66,1171.66,1171.66,0.0,-4.7214
2021-09-21,Capital Link LNG/LPG,CLLG,1198.57,1198.57,1198.57,1198.57,0.0,2.2967
2021-09-22,Capital Link LNG/LPG,CLLG,1229.36,1229.36,1229.36,1229.36,0.0,2.5689
2021-09-23,Capital Link LNG/LPG,CLLG,1256.86,1256.86,1256.86,1256.86,0.0,2.2369
2021-09-24,Capital Link LNG/LPG,CLLG,1258.05,1258.05,1258.05,1258.05,0.0,0.0947
2021-09-27,Capital Link LNG/LPG,CLLG,1282.4,1282.4,1282.4,1282.4,0.0,1.9355
2021-09-28,Capital Link LNG/LPG,CLLG,1280.85,1280.85,1280.85,1280.85,0.0,-0.1209
2021-09-29,Capital Link LNG/LPG,CLLG,1261.79,1261.79,1261.79,1261.79,0.0,-1.4881
2021-09-30,Capital Link LNG/LPG,CLLG,1290.42,1290.42,1290.42,1290.42,0.0,2.269
2021-10-01,Capital Link LNG/LPG,CLLG,1336.17,1336.17,1336.17,1336.17,0.0,3.5454
2021-10-04,Capital Link LNG/LPG,CLLG,1364.08,1364.08,1364.08,1364.08,0.0,2.0888
2021-10-05,Capital Link LNG/LPG,CLLG,1380.37,1380.37,1380.37,1380.37,0.0,1.1942
2021-10-06,Capital Link LNG/LPG,CLLG,1379.73,1379.73,1379.73,1379.73,0.0,-0.0464
2021-10-07,Capital Link LNG/LPG,CLLG,1399.57,1399.57,1399.57,1399.57,0.0,1.438
2021-10-08,Capital Link LNG/LPG,CLLG,1376.38,1376.38,1376.38,1376.38,0.0,-1.6569
2021-10-11,Capital Link LNG/LPG,CLLG,1378.46,1378.46,1378.46,1378.46,0.0,0.1511
2021-10-12,Capital Link LNG/LPG,CLLG,1358.93,1358.93,1358.93,1358.93,0.0,-1.4168
2021-10-14,Capital Link LNG/LPG,CLLG,1367.76,1367.76,1367.76,1367.76,0.0,0.6498
2021-10-15,Capital Link LNG/LPG,CLLG,1375.59,1375.59,1375.59,1375.59,0.0,0.5725
2021-10-18,Capital Link LNG/LPG,CLLG,1415.83,1415.83,1415.83,1415.83,0.0,2.9253
2021-10-19,Capital Link LNG/LPG,CLLG,1422.01,1422.01,1422.01,1422.01,0.0,0.4365
2021-10-20,Capital Link LNG/LPG,CLLG,1417.0,1417.0,1417.0,1417.0,0.0,-0.3523
2021-10-21,Capital Link LNG/LPG,CLLG,1391.62,1391.62,1391.62,1391.62,0.0,-1.7911
2021-10-22,Capital Link LNG/LPG,CLLG,1393.7,1393.7,1393.7,1393.7,0.0,0.1495
2021-10-25,Capital Link LNG/LPG,CLLG,1400.36,1400.36,1400.36,1400.36,0.0,0.4779
2021-10-26,Capital Link LNG/LPG,CLLG,1374.81,1374.81,1374.81,1374.81,0.0,-1.8245
2021-10-27,Capital Link LNG/LPG,CLLG,1362.05,1362.05,1362.05,1362.05,0.0,-0.9281
2021-10-28,Capital Link LNG/LPG,CLLG,1370.73,1370.73,1370.73,1370.73,0.0,0.6373
2021-10-29,Capital Link LNG/LPG,CLLG,1384.59,1384.59,1384.59,1384.59,0.0,1.0111
2021-10-31,Capital Link LNG/LPG,CLLG,1408.01,1408.01,1408.01,1408.01,0.0,1.6915
2021-11-01,Capital Link LNG/LPG,CLLG,1392.44,1392.44,1392.44,1392.44,0.0,-1.1058
2021-11-02,Capital Link LNG/LPG,CLLG,1415.74,1415.74,1415.74,1415.74,0.0,1.6733
2021-11-03,Capital Link LNG/LPG,CLLG,1410.89,1410.89,1410.89,1410.89,0.0,-0.3426
2021-11-04,Capital Link LNG/LPG,CLLG,1404.02,1404.02,1404.02,1404.02,0.0,-0.4869
2021-11-07,Capital Link LNG/LPG,CLLG,1417.13,1417.13,1417.13,1417.13,0.0,0.9337
2021-11-08,Capital Link LNG/LPG,CLLG,1417.79,1417.79,1417.79,1417.79,0.0,0.0466
2021-11-09,Capital Link LNG/LPG,CLLG,1380.79,1380.79,1380.79,1380.79,0.0,-2.6097
2021-11-10,Capital Link LNG/LPG,CLLG,1404.07,1404.07,1404.07,1404.07,0.0,1.686
2021-11-11,Capital Link LNG/LPG,CLLG,1425.63,1425.63,1425.63,1425.63,0.0,1.5355
2021-11-14,Capital Link LNG/LPG,CLLG,1418.32,1418.32,1418.32,1418.32,0.0,-0.5128
2021-11-15,Capital Link LNG/LPG,CLLG,1441.3,1441.3,1441.3,1441.3,0.0,1.6202
2021-11-16,Capital Link LNG/LPG,CLLG,1453.04,1453.04,1453.04,1453.04,0.0,0.8145
2021-11-17,Capital Link LNG/LPG,CLLG,1436.53,1436.53,1436.53,1436.53,0.0,-1.1362
2021-11-18,Capital Link LNG/LPG,CLLG,1415.39,1415.39,1415.39,1415.39,0.0,-1.4716
2021-11-21,Capital Link LNG/LPG,CLLG,1449.94,1449.94,1449.94,1449.94,0.0,2.441
2021-11-22,Capital Link LNG/LPG,CLLG,1460.39,1460.39,1460.39,1460.39,0.0,0.7207
2021-11-23,Capital Link LNG/LPG,CLLG,1465.93,1465.93,1465.93,1465.93,0.0,0.3794
2021-11-25,Capital Link LNG/LPG,CLLG,1446.9,1446.9,1446.9,1446.9,0.0,-1.2982
2021-11-28,Capital Link LNG/LPG,CLLG,1483.52,1483.52,1483.52,1483.52,0.0,2.5309
2021-11-29,Capital Link LNG/LPG,CLLG,1487.7,1487.7,1487.7,1487.7,0.0,0.2818
2021-11-30,Capital Link LNG/LPG,CLLG,1385.55,1385.55,1385.55,1385.55,0.0,-6.8663
2021-12-01,Capital Link LNG/LPG,CLLG,1399.74,1399.74,1399.74,1399.74,0.0,1.0241
2021-12-02,Capital Link LNG/LPG,CLLG,1378.88,1378.88,1378.88,1378.88,0.0,-1.4903
2021-12-05,Capital Link LNG/LPG,CLLG,1358.51,1358.51,1358.51,1358.51,0.0,-1.4773
2021-12-06,Capital Link LNG/LPG,CLLG,1393.73,1393.73,1393.73,1393.73,0.0,2.5925
2021-12-07,Capital Link LNG/LPG,CLLG,1409.71,1409.71,1409.71,1409.71,0.0,1.1466
2021-12-08,Capital Link LNG/LPG,CLLG,1395.76,1395.76,1395.76,1395.76,0.0,-0.9896
2021-12-09,Capital Link LNG/LPG,CLLG,1401.23,1401.23,1401.23,1401.23,0.0,0.3919
2021-12-12,Capital Link LNG/LPG,CLLG,1357.5,1357.5,1357.5,1357.5,0.0,-3.1208
2021-12-13,Capital Link LNG/LPG,CLLG,1337.7,1337.7,1337.7,1337.7,0.0,-1.4586
2021-12-14,Capital Link LNG/LPG,CLLG,1369.07,1369.07,1369.07,1369.07,0.0,2.3451
2021-12-15,Capital Link LNG/LPG,CLLG,1374.97,1374.97,1374.97,1374.97,0.0,0.4309
2021-12-16,Capital Link LNG/LPG,CLLG,1369.76,1369.76,1369.76,1369.76,0.0,-0.3789
2021-12-19,Capital Link LNG/LPG,CLLG,1381.58,1381.58,1381.58,1381.58,0.0,0.8629
2021-12-20,Capital Link LNG/LPG,CLLG,1410.44,1410.44,1410.44,1410.44,0.0,2.0889
2021-12-21,Capital Link LNG/LPG,CLLG,1444.5,1444.5,1444.5,1444.5,0.0,2.4148
2021-12-22,Capital Link LNG/LPG,CLLG,1446.24,1446.24,1446.24,1446.24,0.0,0.1205
2021-12-26,Capital Link LNG/LPG,CLLG,1455.3,1455.3,1455.3,1455.3,0.0,0.6265
2021-12-27,Capital Link LNG/LPG,CLLG,1442.38,1442.38,1442.38,1442.38,0.0,-0.8878
2021-12-28,Capital Link LNG/LPG,CLLG,1442.08,1442.08,1442.08,1442.08,0.0,-0.0208
2021-12-29,Capital Link LNG/LPG,CLLG,1452.51,1452.51,1452.51,1452.51,0.0,0.7233
2021-12-30,Capital Link LNG/LPG,CLLG,1473.09,1473.09,1473.09,1473.09,0.0,1.4169
2022-01-02,Capital Link LNG/LPG,CLLG,1476.48,1476.48,1476.48,1476.48,0.0,0.2301
2022-01-03,Capital Link LNG/LPG,CLLG,1459.32,1459.32,1459.32,1459.32,0.0,-1.1622
2022-01-04,Capital Link LNG/LPG,CLLG,1445.76,1445.76,1445.76,1445.76,0.0,-0.9292
2022-01-05,Capital Link LNG/LPG,CLLG,1447.6,1447.6,1447.6,1447.6,0.0,0.1273
2022-01-06,Capital Link LNG/LPG,CLLG,1465.9,1465.9,1465.9,1465.9,0.0,1.2642
2022-01-09,Capital Link LNG/LPG,CLLG,1490.28,1490.28,1490.28,1490.28,0.0,1.6631
2022-01-10,Capital Link LNG/LPG,CLLG,1541.25,1541.25,1541.25,1541.25,0.0,3.4202
2022-01-11,Capital Link LNG/LPG,CLLG,1556.14,1556.14,1556.14,1556.14,0.0,0.9661
2022-01-12,Capital Link LNG/LPG,CLLG,1503.11,1503.11,1503.11,1503.11,0.0,-3.4078
2022-01-13,Capital Link LNG/LPG,CLLG,1519.56,1519.56,1519.56,1519.56,0.0,1.0944
2022-01-17,Capital Link LNG/LPG,CLLG,1441.21,1441.21,1441.21,1441.21,0.0,-5.1561
2022-01-18,Capital Link LNG/LPG,CLLG,1370.11,1370.11,1370.11,1370.11,0.0,-4.9334
2022-01-19,Capital Link LNG/LPG,CLLG,1296.6,1296.6,1296.6,1296.6,0.0,-5.3653
2022-01-20,Capital Link LNG/LPG,CLLG,1235.87,1235.87,1235.87,1235.87,0.0,-4.6838
2022-01-23,Capital Link LNG/LPG,CLLG,1225.98,1225.98,1225.98,1225.98,0.0,-0.8002
2022-01-24,Capital Link LNG/LPG,CLLG,1270.21,1270.21,1270.21,1270.21,0.0,3.6077
2022-01-25,Capital Link LNG/LPG,CLLG,1279.94,1279.94,1279.94,1279.94,0.0,0.766
2022-01-26,Capital Link LNG/LPG,CLLG,1361.29,1361.29,1361.29,1361.29,0.0,6.3558
2022-01-27,Capital Link LNG/LPG,CLLG,1371.31,1371.31,1371.31,1371.31,0.0,0.7361
2022-01-30,Capital Link LNG/LPG,CLLG,1342.46,1342.46,1342.46,1342.46,0.0,-2.1038
2022-01-31,Capital Link LNG/LPG,CLLG,1376.7,1376.7,1376.7,1376.7,0.0,2.5505
2022-02-01,Capital Link LNG/LPG,CLLG,1399.79,1399.79,1399.79,1399.79,0.0,1.6772
2022-02-02,Capital Link LNG/LPG,CLLG,1380.67,1380.67,1380.67,1380.67,0.0,-1.3659
2022-02-03,Capital Link LNG/LPG,CLLG,1390.87,1390.87,1390.87,1390.87,0.0,0.7388
2022-02-06,Capital Link LNG/LPG,CLLG,1399.61,1399.61,1399.61,1399.61,0.0,0.6284
2022-02-07,Capital Link LNG/LPG,CLLG,1370.89,1370.89,1370.89,1370.89,0.0,-2.052
2022-02-08,Capital Link LNG/LPG,CLLG,1371.19,1371.19,1371.19,1371.19,0.0,0.0219
2022-02-09,Capital Link LNG/LPG,CLLG,1386.38,1386.38,1386.38,1386.38,0.0,1.1078
2022-02-10,Capital Link LNG/LPG,CLLG,1421.49,1421.49,1421.49,1421.49,0.0,2.5325
2022-02-13,Capital Link LNG/LPG,CLLG,1414.35,1414.35,1414.35,1414.35,0.0,-0.5023
2022-02-14,Capital Link LNG/LPG,CLLG,1388.53,1388.53,1388.53,1388.53,0.0,-1.8256
2022-02-15,Capital Link LNG/LPG,CLLG,1442.99,1442.99,1442.99,1442.99,0.0,3.9221
2022-02-16,Capital Link LNG/LPG,CLLG,1448.01,1448.01,1448.01,1448.01,0.0,0.3479
2022-02-17,Capital Link LNG/LPG,CLLG,1415.14,1415.14,1415.14,1415.14,0.0,-2.27
2022-02-21,Capital Link LNG/LPG,CLLG,1477.88,1477.88,1477.88,1477.88,0.0,4.4335
2022-02-22,Capital Link LNG/LPG,CLLG,1482.24,1482.24,1482.24,1482.24,0.0,0.295
2022-02-23,Capital Link LNG/LPG,CLLG,1503.62,1503.62,1503.62,1503.62,0.0,1.4424
2022-02-24,Capital Link LNG/LPG,CLLG,1574.99,1574.99,1574.99,1574.99,0.0,4.7465
2022-02-27,Capital Link LNG/LPG,CLLG,1618.88,1618.88,1618.88,1618.88,0.0,2.7867
2022-02-28,Capital Link LNG/LPG,CLLG,1599.34,1599.34,1599.34,1599.34,0.0,-1.207
2022-03-01,Capital Link LNG/LPG,CLLG,1616.74,1616.74,1616.74,1616.74,0.0,1.0879
2022-03-02,Capital Link LNG/LPG,CLLG,1568.44,1568.44,1568.44,1568.44,0.0,-2.9875
2022-03-03,Capital Link LNG/LPG,CLLG,1533.91,1533.91,1533.91,1533.91,0.0,-2.2016
2022-03-06,Capital Link LNG/LPG,CLLG,1572.36,1572.36,1572.36,1572.36,0.0,2.5067
2022-03-07,Capital Link LNG/LPG,CLLG,1623.84,1623.84,1623.84,1623.84,0.0,3.2741
2022-03-08,Capital Link LNG/LPG,CLLG,1575.19,1575.19,1575.19,1575.19,0.0,-2.996
2022-03-09,Capital Link LNG/LPG,CLLG,1602.88,1602.88,1602.88,1602.88,0.0,1.7579
2022-03-10,Capital Link LNG/LPG,CLLG,1569.75,1569.75,1569.75,1569.75,0.0,-2.0669
2022-03-13,Capital Link LNG/LPG,CLLG,1506.52,1506.52,1506.52,1506.52,0.0,-4.028
2022-03-14,Capital Link LNG/LPG,CLLG,1534.05,1534.05,1534.05,1534.05,0.0,1.8274
2022-03-15,Capital Link LNG/LPG,CLLG,1562.24,1562.24,1562.24,1562.24,0.0,1.8376
2022-03-16,Capital Link LNG/LPG,CLLG,1608.08,1608.08,1608.08,1608.08,0.0,2.9342
2022-03-17,Capital Link LNG/LPG,CLLG,1687.48,1687.48,1687.48,1687.48,0.0,4.9376
2022-03-20,Capital Link LNG/LPG,CLLG,1751.61,1751.61,1751.61,1751.61,0.0,3.8003
2022-03-21,Capital Link LNG/LPG,CLLG,1748.23,1748.23,1748.23,1748.23,0.0,-0.193
2022-03-22,Capital Link LNG/LPG,CLLG,1818.65,1818.65,1818.65,1818.65,0.0,4.0281
2022-03-23,Capital Link LNG/LPG,CLLG,1881.39,1881.39,1881.39,1881.39,0.0,3.4498
2022-03-24,Capital Link LNG/LPG,CLLG,2054.45,2054.45,2054.45,2054.45,0.0,9.1985
2022-03-28,Capital Link LNG/LPG,CLLG,2000.87,2000.87,2000.87,2000.87,0.0,-2.608
2022-03-29,Capital Link LNG/LPG,CLLG,1925.8,1925.8,1925.8,1925.8,0.0,-3.7519
2022-03-30,Capital Link LNG/LPG,CLLG,2029.57,2029.57,2029.57,2029.57,0.0,5.3884
2022-03-31,Capital Link LNG/LPG,CLLG,2045.78,2045.78,2045.78,2045.78,0.0,0.7987
2022-04-01,Capital Link LNG/LPG,CLLG,2088.68,2088.68,2088.68,2088.68,0.0,2.097
2022-04-04,Capital Link LNG/LPG,CLLG,2048.9,2048.9,2048.9,2048.9,0.0,-1.9046
2022-04-05,Capital Link LNG/LPG,CLLG,2073.18,2073.18,2073.18,2073.18,0.0,1.185
2022-04-06,Capital Link LNG/LPG,CLLG,2054.51,2054.51,2054.51,2054.51,0.0,-0.9005
2022-04-07,Capital Link LNG/LPG,CLLG,2057.29,2057.29,2057.29,2057.29,0.0,0.1353
2022-04-08,Capital Link LNG/LPG,CLLG,2069.35,2069.35,2069.35,2069.35,0.0,0.5862
2022-04-11,Capital Link LNG/LPG,CLLG,2049.61,2049.61,2049.61,2049.61,0.0,-0.9539
2022-04-12,Capital Link LNG/LPG,CLLG,2086.32,2086.32,2086.32,2086.32,0.0,1.7911
2022-04-13,Capital Link LNG/LPG,CLLG,2161.09,2161.09,2161.09,2161.09,0.0,3.5838
2022-04-14,Capital Link LNG/LPG,CLLG,2216.67,2216.67,2216.67,2216.67,0.0,2.5719
2022-04-18,Capital Link LNG/LPG,CLLG,2216.17,2216.17,2216.17,2216.17,0.0,-0.0226
2022-04-19,Capital Link LNG/LPG,CLLG,2108.45,2108.45,2108.45,2108.45,0.0,-4.8606
2022-04-20,Capital Link LNG/LPG,CLLG,2076.69,2076.69,2076.69,2076.69,0.0,-1.5063
2022-04-21,Capital Link LNG/LPG,CLLG,1973.82,1973.82,1973.82,1973.82,0.0,-4.9536
2022-04-22,Capital Link LNG/LPG,CLLG,1912.35,1912.35,1912.35,1912.35,0.0,-3.1143
2022-04-25,Capital Link LNG/LPG,CLLG,1843.02,1843.02,1843.02,1843.02,0.0,-3.6254
2022-04-26,Capital Link LNG/LPG,CLLG,1902.54,1902.54,1902.54,1902.54,0.0,3.2295
2022-04-27,Capital Link LNG/LPG,CLLG,2006.99,2006.99,2006.99,2006.99,0.0,5.49
2022-04-28,Capital Link LNG/LPG,CLLG,2010.16,2010.16,2010.16,2010.16,0.0,0.1579
2022-04-29,Capital Link LNG/LPG,CLLG,1939.31,1939.31,1939.31,1939.31,0.0,-3.5246
2022-05-02,Capital Link LNG/LPG,CLLG,1952.71,1952.71,1952.71,1952.71,0.0,0.691
2022-05-03,Capital Link LNG/LPG,CLLG,2042.72,2042.72,2042.72,2042.72,0.0,4.6095
2022-05-04,Capital Link LNG/LPG,CLLG,2086.6,2086.6,2086.6,2086.6,0.0,2.1481
2022-05-05,Capital Link LNG/LPG,CLLG,2073.3,2073.3,2073.3,2073.3,0.0,-0.6374
2022-05-06,Capital Link LNG/LPG,CLLG,2033.43,2033.43,2033.43,2033.43,0.0,-1.923
2022-05-09,Capital Link LNG/LPG,CLLG,1837.85,1837.85,1837.85,1837.85,0.0,-9.6182
2022-05-10,Capital Link LNG/LPG,CLLG,1903.93,1903.93,1903.93,1903.93,0.0,3.5955
2022-05-11,Capital Link LNG/LPG,CLLG,1894.74,1894.74,1894.74,1894.74,0.0,-0.4827
2022-05-12,Capital Link LNG/LPG,CLLG,1879.65,1879.65,1879.65,1879.65,0.0,-0.7964
2022-05-13,Capital Link LNG/LPG,CLLG,1951.24,1951.24,1951.24,1951.24,0.0,3.8087
2022-05-16,Capital Link LNG/LPG,CLLG,2062.25,2062.25,2062.25,2062.25,0.0,5.6892
2022-05-17,Capital Link LNG/LPG,CLLG,2025.38,2025.38,2025.38,2025.38,0.0,-1.7879
2022-05-18,Capital Link LNG/LPG,CLLG,1990.02,1990.02,1990.02,1990.02,0.0,-1.7458
2022-05-19,Capital Link LNG/LPG,CLLG,2008.43,2008.43,2008.43,2008.43,0.0,0.9251
2022-05-20,Capital Link LNG/LPG,CLLG,2008.08,2008.08,2008.08,2008.08,0.0,-0.0174
2022-05-23,Capital Link LNG/LPG,CLLG,2049.65,2049.65,2049.65,2049.65,0.0,2.0701
2022-05-24,Capital Link LNG/LPG,CLLG,1974.88,1974.88,1974.88,1974.88,0.0,-3.6479
2022-05-25,Capital Link LNG/LPG,CLLG,2052.02,2052.02,2052.02,2052.02,0.0,3.9061
2022-05-26,Capital Link LNG/LPG,CLLG,2015.22,2015.22,2015.22,2015.22,0.0,-1.7934
2022-05-27,Capital Link LNG/LPG,CLLG,2056.75,2056.75,2056.75,2056.75,0.0,2.0608
2022-05-31,Capital Link LNG/LPG,CLLG,2043.55,2043.55,2043.55,2043.55,0.0,-0.6418
2022-06-01,Capital Link LNG/LPG,CLLG,2135.76,2135.76,2135.76,2135.76,0.0,4.5122
2022-06-02,Capital Link LNG/LPG,CLLG,2169.39,2169.39,2169.39,2169.39,0.0,1.5746
2022-06-03,Capital Link LNG/LPG,CLLG,2152.69,2152.69,2152.69,2152.69,0.0,-0.7698
2022-06-06,Capital Link LNG/LPG,CLLG,2245.62,2245.62,2245.62,2245.62,0.0,4.3169
2022-06-07,Capital Link LNG/LPG,CLLG,2239.29,2239.29,2239.29,2239.29,0.0,-0.2819
2022-06-08,Capital Link LNG/LPG,CLLG,2100.17,2100.17,2100.17,2100.17,0.0,-6.2127
2022-06-09,Capital Link LNG/LPG,CLLG,1964.61,1964.61,1964.61,1964.61,0.0,-6.4547
2022-06-10,Capital Link LNG/LPG,CLLG,1945.13,1945.13,1945.13,1945.13,0.0,-0.9915
2022-06-13,Capital Link LNG/LPG,CLLG,1822.8,1822.8,1822.8,1822.8,0.0,-6.289
2022-06-14,Capital Link LNG/LPG,CLLG,1855.43,1855.43,1855.43,1855.43,0.0,1.7901
2022-06-15,Capital Link LNG/LPG,CLLG,1886.29,1886.29,1886.29,1886.29,0.0,1.6632
2022-06-16,Capital Link LNG/LPG,CLLG,1793.78,1793.78,1793.78,1793.78,0.0,-4.9043
2022-06-17,Capital Link LNG/LPG,CLLG,1760.66,1760.66,1760.66,1760.66,0.0,-1.8464
2022-06-21,Capital Link LNG/LPG,CLLG,1890.61,1890.61,1890.61,1890.61,0.0,7.3808
2022-06-22,Capital Link LNG/LPG,CLLG,1812.0,1812.0,1812.0,1812.0,0.0,-4.1579
2022-06-23,Capital Link LNG/LPG,CLLG,1837.15,1837.15,1837.15,1837.15,0.0,1.388
2022-06-24,Capital Link LNG/LPG,CLLG,1917.99,1917.99,1917.99,1917.99,0.0,4.4003
2022-06-27,Capital Link LNG/LPG,CLLG,1985.35,1985.35,1985.35,1985.35,0.0,3.512
2022-06-28,Capital Link LNG/LPG,CLLG,1950.69,1950.69,1950.69,1950.69,0.0,-1.7458
2022-06-29,Capital Link LNG/LPG,CLLG,1921.47,1921.47,1921.47,1921.47,0.0,-1.4979
2022-06-30,Capital Link LNG/LPG,CLLG,1911.4,1911.4,1911.4,1911.4,0.0,-0.5241
2022-07-01,Capital Link LNG/LPG,CLLG,1870.43,1870.43,1870.43,1870.43,0.0,-2.1435
2022-07-05,Capital Link LNG/LPG,CLLG,1844.01,1844.01,1844.01,1844.01,0.0,-1.4125
2022-07-06,Capital Link LNG/LPG,CLLG,1764.82,1764.82,1764.82,1764.82,0.0,-4.2944
2022-07-07,Capital Link LNG/LPG,CLLG,1861.81,1861.81,1861.81,1861.81,0.0,5.4957
2022-07-08,Capital Link LNG/LPG,CLLG,1904.78,1904.78,1904.78,1904.78,0.0,2.308
2022-07-11,Capital Link LNG/LPG,CLLG,1868.86,1868.86,1868.86,1868.86,0.0,-1.8858
2022-07-12,Capital Link LNG/LPG,CLLG,1807.6,1807.6,1807.6,1807.6,0.0,-3.2779
2022-07-13,Capital Link LNG/LPG,CLLG,1855.2,1855.2,1855.2,1855.2,0.0,2.6333
2022-07-14,Capital Link LNG/LPG,CLLG,1799.5,1799.5,1799.5,1799.5,0.0,-3.0024
2022-07-15,Capital Link LNG/LPG,CLLG,1857.27,1857.27,1857.27,1857.27,0.0,3.2103
2022-07-18,Capital Link LNG/LPG,CLLG,1895.53,1895.53,1895.53,1895.53,0.0,2.06
2022-07-19,Capital Link LNG/LPG,CLLG,1935.08,1935.08,1935.08,1935.08,0.0,2.0865
2022-07-20,Capital Link LNG/LPG,CLLG,1979.26,1979.26,1979.26,1979.26,0.0,2.2831
2022-07-21,Capital Link LNG/LPG,CLLG,1967.09,1967.09,1967.09,1967.09,0.0,-0.6149
2022-07-22,Capital Link LNG/LPG,CLLG,1926.79,1926.79,1926.79,1926.79,0.0,-2.0487
2022-07-25,Capital Link LNG/LPG,CLLG,2028.15,2028.15,2028.15,2028.15,0.0,5.2606
2022-07-26,Capital Link LNG/LPG,CLLG,2023.23,2023.23,2023.23,2023.23,0.0,-0.2426
2022-07-27,Capital Link LNG/LPG,CLLG,2049.39,2049.39,2049.39,2049.39,0.0,1.293
2022-07-28,Capital Link LNG/LPG,CLLG,2043.66,2043.66,2043.66,2043.66,0.0,-0.2796
2022-07-29,Capital Link LNG/LPG,CLLG,2050.34,2050.34,2050.34,2050.34,0.0,0.3269
2022-08-01,Capital Link LNG/LPG,CLLG,2043.81,2043.81,2043.81,2043.81,0.0,-0.3185
2022-08-02,Capital Link LNG/LPG,CLLG,2061.39,2061.39,2061.39,2061.39,0.0,0.8602
2022-08-03,Capital Link LNG/LPG,CLLG,2069.24,2069.24,2069.24,2069.24,0.0,0.3808
2022-08-04,Capital Link LNG/LPG,CLLG,1979.51,1979.51,1979.51,1979.51,0.0,-4.3364
2022-08-05,Capital Link LNG/LPG,CLLG,2026.28,2026.28,2026.28,2026.28,0.0,2.3627
2022-08-08,Capital Link LNG/LPG,CLLG,2073.84,2073.84,2073.84,2073.84,0.0,2.3472
2022-08-09,Capital Link LNG/LPG,CLLG,2152.1,2152.1,2152.1,2152.1,0.0,3.7737
2022-08-10,Capital Link LNG/LPG,CLLG,2185.86,2185.86,2185.86,2185.86,0.0,1.5687
2022-08-11,Capital Link LNG/LPG,CLLG,2281.38,2281.38,2281.38,2281.38,0.0,4.3699
2022-08-12,Capital Link LNG/LPG,CLLG,2340.97,2340.97,2340.97,2340.97,0.0,2.612
2022-08-15,Capital Link LNG/LPG,CLLG,2355.62,2355.62,2355.62,2355.62,0.0,0.6258
2022-08-16,Capital Link LNG/LPG,CLLG,2410.5,2410.5,2410.5,2410.5,0.0,2.3297
2022-08-17,Capital Link LNG/LPG,CLLG,2428.13,2428.13,2428.13,2428.13,0.0,0.7314
2022-08-18,Capital Link LNG/LPG,CLLG,2454.39,2454.39,2454.39,2454.39,0.0,1.0815
2022-08-19,Capital Link LNG/LPG,CLLG,2377.95,2377.95,2377.95,2377.95,0.0,-3.1144
2022-08-22,Capital Link LNG/LPG,CLLG,2404.32,2404.32,2404.32,2404.32,0.0,1.1089
2022-08-23,Capital Link LNG/LPG,CLLG,2367.58,2367.58,2367.58,2367.58,0.0,-1.5281
2022-08-24,Capital Link LNG/LPG,CLLG,2451.3,2451.3,2451.3,2451.3,0.0,3.5361
2022-08-25,Capital Link LNG/LPG,CLLG,2481.98,2481.98,2481.98,2481.98,0.0,1.2516
2022-08-26,Capital Link LNG/LPG,CLLG,2439.21,2439.21,2439.21,2439.21,0.0,-1.7232
2022-08-29,Capital Link LNG/LPG,CLLG,2427.56,2427.56,2427.56,2427.56,0.0,-0.4776
2022-08-30,Capital Link LNG/LPG,CLLG,2297.27,2297.27,2297.27,2297.27,0.0,-5.3671
2022-08-31,Capital Link LNG/LPG,CLLG,2287.56,2287.56,2287.56,2287.56,0.0,-0.4227
2022-09-01,Capital Link LNG/LPG,CLLG,2213.24,2213.24,2213.24,2213.24,0.0,-3.2489
2022-09-02,Capital Link LNG/LPG,CLLG,2289.06,2289.06,2289.06,2289.06,0.0,3.4257
2022-09-06,Capital Link LNG/LPG,CLLG,2307.96,2307.96,2307.96,2307.96,0.0,0.8257
2022-09-07,Capital Link LNG/LPG,CLLG,2217.93,2217.93,2217.93,2217.93,0.0,-3.9008
2022-09-08,Capital Link LNG/LPG,CLLG,2252.16,2252.16,2252.16,2252.16,0.0,1.5433
2022-09-09,Capital Link LNG/LPG,CLLG,2341.65,2341.65,2341.65,2341.65,0.0,3.9735
2022-09-12,Capital Link LNG/LPG,CLLG,2321.57,2321.57,2321.57,2321.57,0.0,-0.8575
2022-09-13,Capital Link LNG/LPG,CLLG,2275.16,2275.16,2275.16,2275.16,0.0,-1.9991
2022-09-14,Capital Link LNG/LPG,CLLG,2367.16,2367.16,2367.16,2367.16,0.0,4.0437
2022-09-15,Capital Link LNG/LPG,CLLG,2344.14,2344.14,2344.14,2344.14,0.0,-0.9725
2022-09-16,Capital Link LNG/LPG,CLLG,2214.2,2214.2,2214.2,2214.2,0.0,-5.5432
2022-09-19,Capital Link LNG/LPG,CLLG,2247.97,2247.97,2247.97,2247.97,0.0,1.5252
2022-09-20,Capital Link LNG/LPG,CLLG,2221.77,2221.77,2221.77,2221.77,0.0,-1.1655
2022-09-21,Capital Link LNG/LPG,CLLG,2191.87,2191.87,2191.87,2191.87,0.0,-1.3458
2022-09-22,Capital Link LNG/LPG,CLLG,2153.21,2153.21,2153.21,2153.21,0.0,-1.7638
2022-09-23,Capital Link LNG/LPG,CLLG,1979.08,1979.08,1979.08,1979.08,0.0,-8.087
2022-09-26,Capital Link LNG/LPG,CLLG,1991.53,1991.53,1991.53,1991.53,0.0,0.6291
2022-09-27,Capital Link LNG/LPG,CLLG,2091.56,2091.56,2091.56,2091.56,0.0,5.0228
2022-09-28,Capital Link LNG/LPG,CLLG,2219.84,2219.84,2219.84,2219.84,0.0,6.1332
2022-09-29,Capital Link LNG/LPG,CLLG,2184.63,2184.63,2184.63,2184.63,0.0,-1.5862
2022-09-30,Capital Link LNG/LPG,CLLG,2197.32,2197.32,2197.32,2197.32,0.0,0.5809
2022-10-03,Capital Link LNG/LPG,CLLG,2244.58,2244.58,2244.58,2244.58,0.0,2.1508
2022-10-04,Capital Link LNG/LPG,CLLG,2250.02,2250.02,2250.02,2250.02,0.0,0.2424
2022-10-05,Capital Link LNG/LPG,CLLG,2210.9,2210.9,2210.9,2210.9,0.0,-1.7387
2022-10-06,Capital Link LNG/LPG,CLLG,2183.73,2183.73,2183.73,2183.73,0.0,-1.2289
2022-10-07,Capital Link LNG/LPG,CLLG,2173.04,2173.04,2173.04,2173.04,0.0,-0.4895
2022-10-10,Capital Link LNG/LPG,CLLG,2126.0,2126.0,2126.0,2126.0,0.0,-2.1647
2022-10-11,Capital Link LNG/LPG,CLLG,2123.01,2123.01,2123.01,2123.01,0.0,-0.1406
2022-10-12,Capital Link LNG/LPG,CLLG,2109.07,2109.07,2109.07,2109.07,0.0,-0.6566
2022-10-13,Capital Link LNG/LPG,CLLG,2160.79,2160.79,2160.79,2160.79,0.0,2.4523
2022-10-14,Capital Link LNG/LPG,CLLG,2112.11,2112.11,2112.11,2112.11,0.0,-2.2529
2022-10-17,Capital Link LNG/LPG,CLLG,2187.62,2187.62,2187.62,2187.62,0.0,3.5751
2022-10-18,Capital Link LNG/LPG,CLLG,2216.11,2216.11,2216.11,2216.11,0.0,1.3023
2022-10-19,Capital Link LNG/LPG,CLLG,2210.01,2210.01,2210.01,2210.01,0.0,-0.2753
2022-10-20,Capital Link LNG/LPG,CLLG,2173.28,2173.28,2173.28,2173.28,0.0,-1.662
2022-10-21,Capital Link LNG/LPG,CLLG,2185.94,2185.94,2185.94,2185.94,0.0,0.5825
2022-10-24,Capital Link LNG/LPG,CLLG,2214.25,2214.25,2214.25,2214.25,0.0,1.2951
2022-10-25,Capital Link LNG/LPG,CLLG,2350.24,2350.24,2350.24,2350.24,0.0,6.1416
2022-10-26,Capital Link LNG/LPG,CLLG,2348.4,2348.4,2348.4,2348.4,0.0,-0.0783
2022-10-27,Capital Link LNG/LPG,CLLG,2317.58,2317.58,2317.58,2317.58,0.0,-1.3124
2022-10-28,Capital Link LNG/LPG,CLLG,2280.4,2280.4,2280.4,2280.4,0.0,-1.6043
2022-10-30,Capital Link LNG/LPG,CLLG,2318.29,2318.29,2318.29,2318.29,0.0,1.6616
2022-10-31,Capital Link LNG/LPG,CLLG,2321.31,2321.31,2321.31,2321.31,0.0,0.1303
2022-11-01,Capital Link LNG/LPG,CLLG,2344.96,2344.96,2344.96,2344.96,0.0,1.0188
2022-11-02,Capital Link LNG/LPG,CLLG,2369.47,2369.47,2369.47,2369.47,0.0,1.0452
2022-11-03,Capital Link LNG/LPG,CLLG,2379.89,2379.89,2379.89,2379.89,0.0,0.4398
2022-11-06,Capital Link LNG/LPG,CLLG,2411.16,2411.16,2411.16,2411.16,0.0,1.3139
2022-11-07,Capital Link LNG/LPG,CLLG,2403.97,2403.97,2403.97,2403.97,0.0,-0.2982
2022-11-08,Capital Link LNG/LPG,CLLG,2244.76,2244.76,2244.76,2244.76,0.0,-6.6228
2022-11-09,Capital Link LNG/LPG,CLLG,2273.94,2273.94,2273.94,2273.94,0.0,1.2999
2022-11-10,Capital Link LNG/LPG,CLLG,2305.96,2305.96,2305.96,2305.96,0.0,1.4081
2022-11-13,Capital Link LNG/LPG,CLLG,2346.03,2346.03,2346.03,2346.03,0.0,1.7377
2022-11-14,Capital Link LNG/LPG,CLLG,2319.77,2319.77,2319.77,2319.77,0.0,-1.1193
2022-11-15,Capital Link LNG/LPG,CLLG,2194.7,2194.7,2194.7,2194.7,0.0,-5.3915
2022-11-16,Capital Link LNG/LPG,CLLG,2254.29,2254.29,2254.29,2254.29,0.0,2.7152
2022-11-17,Capital Link LNG/LPG,CLLG,2232.38,2232.38,2232.38,2232.38,0.0,-0.9719
2022-11-20,Capital Link LNG/LPG,CLLG,2287.19,2287.19,2287.19,2287.19,0.0,2.4552
2022-11-21,Capital Link LNG/LPG,CLLG,2356.0,2356.0,2356.0,2356.0,0.0,3.0085
2022-11-22,Capital Link LNG/LPG,CLLG,2409.66,2409.66,2409.66,2409.66,0.0,2.2776
2022-11-24,Capital Link LNG/LPG,CLLG,2412.15,2412.15,2412.15,2412.15,0.0,0.1033
2022-11-27,Capital Link LNG/LPG,CLLG,2328.1,2328.1,2328.1,2328.1,0.0,-3.4844
2022-11-28,Capital Link LNG/LPG,CLLG,2393.17,2393.17,2393.17,2393.17,0.0,2.795
2022-11-29,Capital Link LNG/LPG,CLLG,2420.74,2420.74,2420.74,2420.74,0.0,1.152
2022-11-30,Capital Link LNG/LPG,CLLG,2417.24,2417.24,2417.24,2417.24,0.0,-0.1446
2022-12-01,Capital Link LNG/LPG,CLLG,2399.78,2399.78,2399.78,2399.78,0.0,-0.7223
2022-12-04,Capital Link LNG/LPG,CLLG,2355.5,2355.5,2355.5,2355.5,0.0,-1.8452
2022-12-05,Capital Link LNG/LPG,CLLG,2288.3,2288.3,2288.3,2288.3,0.0,-2.8529
2022-12-06,Capital Link LNG/LPG,CLLG,2269.69,2269.69,2269.69,2269.69,0.0,-0.8133
2022-12-07,Capital Link LNG/LPG,CLLG,2284.31,2284.31,2284.31,2284.31,0.0,0.6441
2022-12-08,Capital Link LNG/LPG,CLLG,2264.01,2264.01,2264.01,2264.01,0.0,-0.8887
2022-12-11,Capital Link LNG/LPG,CLLG,2328.8,2328.8,2328.8,2328.8,0.0,2.8617
2022-12-12,Capital Link LNG/LPG,CLLG,2366.02,2366.02,2366.02,2366.02,0.0,1.5982
2022-12-13,Capital Link LNG/LPG,CLLG,2284.52,2284.52,2284.52,2284.52,0.0,-3.4446
2022-12-14,Capital Link LNG/LPG,CLLG,2283.54,2283.54,2283.54,2283.54,0.0,-0.0429
2022-12-15,Capital Link LNG/LPG,CLLG,2239.0,2239.0,2239.0,2239.0,0.0,-1.9505
2022-12-18,Capital Link LNG/LPG,CLLG,2202.43,2202.43,2202.43,2202.43,0.0,-1.6333
2022-12-19,Capital Link LNG/LPG,CLLG,2233.51,2233.51,2233.51,2233.51,0.0,1.4112
2022-12-20,Capital Link LNG/LPG,CLLG,2263.45,2263.45,2263.45,2263.45,0.0,1.3405
2022-12-21,Capital Link LNG/LPG,CLLG,2207.32,2207.32,2207.32,2207.32,0.0,-2.4798
2022-12-22,Capital Link LNG/LPG,CLLG,2258.42,2258.42,2258.42,2258.42,0.0,2.315
2022-12-26,Capital Link LNG/LPG,CLLG,2244.82,2244.82,2244.82,2244.82,0.0,-0.6022
2022-12-27,Capital Link LNG/LPG,CLLG,2154.62,2154.62,2154.62,2154.62,0.0,-4.0181
2022-12-28,Capital Link LNG/LPG,CLLG,2185.53,2185.53,2185.53,2185.53,0.0,1.4346
2022-12-29,Capital Link LNG/LPG,CLLG,2179.3,2179.3,2179.3,2179.3,0.0,-0.2851
2023-01-02,Capital Link LNG/LPG,CLLG,2072.45,2072.45,2072.45,2072.45,0.0,-4.903
2023-01-03,Capital Link LNG/LPG,CLLG,2025.59,2025.59,2025.59,2025.59,0.0,-2.2611
2023-01-04,Capital Link LNG/LPG,CLLG,1988.95,1988.95,1988.95,1988.95,0.0,-1.8089
2023-01-05,Capital Link LNG/LPG,CLLG,2012.3,2012.3,2012.3,2012.3,0.0,1.174
2023-01-08,Capital Link LNG/LPG,CLLG,2029.44,2029.44,2029.44,2029.44,0.0,0.8518
2023-01-09,Capital Link LNG/LPG,CLLG,2057.06,2057.06,2057.06,2057.06,0.0,1.361
2023-01-10,Capital Link LNG/LPG,CLLG,2054.54,2054.54,2054.54,2054.54,0.0,-0.1225
2023-01-11,Capital Link LNG/LPG,CLLG,2100.05,2100.05,2100.05,2100.05,0.0,2.2151
2023-01-12,Capital Link LNG/LPG,CLLG,2122.79,2122.79,2122.79,2122.79,0.0,1.0828
2023-01-16,Capital Link LNG/LPG,CLLG,2119.16,2119.16,2119.16,2119.16,0.0,-0.171
2023-01-17,Capital Link LNG/LPG,CLLG,2098.96,2098.96,2098.96,2098.96,0.0,-0.9532
2023-01-18,Capital Link LNG/LPG,CLLG,2131.45,2131.45,2131.45,2131.45,0.0,1.5479
2023-01-19,Capital Link LNG/LPG,CLLG,2175.66,2175.66,2175.66,2175.66,0.0,2.0742
2023-01-22,Capital Link LNG/LPG,CLLG,2173.2,2173.2,2173.2,2173.2,0.0,-0.1131
2023-01-23,Capital Link LNG/LPG,CLLG,2125.01,2125.01,2125.01,2125.01,0.0,-2.2175
2023-01-24,Capital Link LNG/LPG,CLLG,2120.48,2120.48,2120.48,2120.48,0.0,-0.2132
2023-01-25,Capital Link LNG/LPG,CLLG,2110.61,2110.61,2110.61,2110.61,0.0,-0.4655
2023-01-26,Capital Link LNG/LPG,CLLG,2109.8,2109.8,2109.8,2109.8,0.0,-0.0384
2023-01-29,Capital Link LNG/LPG,CLLG,2104.68,2104.68,2104.68,2104.68,0.0,-0.2427
2023-01-30,Capital Link LNG/LPG,CLLG,2136.99,2136.99,2136.99,2136.99,0.0,1.5352
2023-01-31,Capital Link LNG/LPG,CLLG,2194.27,2194.27,2194.27,2194.27,0.0,2.6804
2023-02-01,Capital Link LNG/LPG,CLLG,2173.05,2173.05,2173.05,2173.05,0.0,-0.9671
2023-02-02,Capital Link LNG/LPG,CLLG,2144.61,2144.61,2144.61,2144.61,0.0,-1.3088
2023-02-05,Capital Link LNG/LPG,CLLG,2128.54,2128.54,2128.54,2128.54,0.0,-0.7493
2023-02-06,Capital Link LNG/LPG,CLLG,2183.28,2183.28,2183.28,2183.28,0.0,2.5717
2023-02-07,Capital Link LNG/LPG,CLLG,2167.92,2167.92,2167.92,2167.92,0.0,-0.7035
2023-02-08,Capital Link LNG/LPG,CLLG,2195.71,2195.71,2195.71,2195.71,0.0,1.2819
2023-02-09,Capital Link LNG/LPG,CLLG,2240.71,2240.71,2240.71,2240.71,0.0,2.0495
2023-02-12,Capital Link LNG/LPG,CLLG,2260.15,2260.15,2260.15,2260.15,0.0,0.8676
2023-02-13,Capital Link LNG/LPG,CLLG,2284.94,2284.94,2284.94,2284.94,0.0,1.0968
2023-02-14,Capital Link LNG/LPG,CLLG,2294.1,2294.1,2294.1,2294.1,0.0,0.4009
2023-02-15,Capital Link LNG/LPG,CLLG,2276.29,2276.29,2276.29,2276.29,0.0,-0.7763
2023-02-16,Capital Link LNG/LPG,CLLG,2247.43,2247.43,2247.43,2247.43,0.0,-1.2679
2023-02-20,Capital Link LNG/LPG,CLLG,2240.1,2240.1,2240.1,2240.1,0.0,-0.3262
2023-02-21,Capital Link LNG/LPG,CLLG,2214.35,2214.35,2214.35,2214.35,0.0,-1.1495
2023-02-22,Capital Link LNG/LPG,CLLG,2262.53,2262.53,2262.53,2262.53,0.0,2.1758
2023-02-23,Capital Link LNG/LPG,CLLG,2251.03,2251.03,2251.03,2251.03,0.0,-0.5083
2023-02-26,Capital Link LNG/LPG,CLLG,2261.65,2261.65,2261.65,2261.65,0.0,0.4718
2023-02-27,Capital Link LNG/LPG,CLLG,2265.33,2265.33,2265.33,2265.33,0.0,0.1627
2023-02-28,Capital Link LNG/LPG,CLLG,2260.4,2260.4,2260.4,2260.4,0.0,-0.2176
2023-03-01,Capital Link LNG/LPG,CLLG,2267.25,2267.25,2267.25,2267.25,0.0,0.303
2023-03-02,Capital Link LNG/LPG,CLLG,2306.6,2306.6,2306.6,2306.6,0.0,1.7356
2023-03-05,Capital Link LNG/LPG,CLLG,2277.25,2277.25,2277.25,2277.25,0.0,-1.2724
2023-03-06,Capital Link LNG/LPG,CLLG,2254.43,2254.43,2254.43,2254.43,0.0,-1.0021
2023-03-07,Capital Link LNG/LPG,CLLG,2268.99,2268.99,2268.99,2268.99,0.0,0.6458
2023-03-08,Capital Link LNG/LPG,CLLG,2224.85,2224.85,2224.85,2224.85,0.0,-1.9454
2023-03-09,Capital Link LNG/LPG,CLLG,2186.33,2186.33,2186.33,2186.33,0.0,-1.7314
2023-03-12,Capital Link LNG/LPG,CLLG,2144.54,2144.54,2144.54,2144.54,0.0,-1.9114
2023-03-13,Capital Link LNG/LPG,CLLG,2187.1,2187.1,2187.1,2187.1,0.0,1.9846
2023-03-14,Capital Link LNG/LPG,CLLG,2078.43,2078.43,2078.43,2078.43,0.0,-4.9687
2023-03-15,Capital Link LNG/LPG,CLLG,2068.51,2068.51,2068.51,2068.51,0.0,-0.4773
2023-03-16,Capital Link LNG/LPG,CLLG,2011.87,2011.87,2011.87,2011.87,0.0,-2.7382
2023-03-19,Capital Link LNG/LPG,CLLG,2080.38,2080.38,2080.38,2080.38,0.0,3.4053
2023-03-20,Capital Link LNG/LPG,CLLG,2177.79,2177.79,2177.79,2177.79,0.0,4.6823
2023-03-21,Capital Link LNG/LPG,CLLG,2138.2,2138.2,2138.2,2138.2,0.0,-1.8179
2023-03-22,Capital Link LNG/LPG,CLLG,2106.24,2106.24,2106.24,2106.24,0.0,-1.4947
2023-03-23,Capital Link LNG/LPG,CLLG,2096.71,2096.71,2096.71,2096.71,0.0,-0.4525
2023-03-27,Capital Link LNG/LPG,CLLG,2117.9,2117.9,2117.9,2117.9,0.0,1.0106
2023-03-28,Capital Link LNG/LPG,CLLG,2119.93,2119.93,2119.93,2119.93,0.0,0.0958
2023-03-29,Capital Link LNG/LPG,CLLG,2123.68,2123.68,2123.68,2123.68,0.0,0.1769
2023-03-30,Capital Link LNG/LPG,CLLG,2133.91,2133.91,2133.91,2133.91,0.0,0.4817
2023-03-31,Capital Link LNG/LPG,CLLG,2165.21,2165.21,2165.21,2165.21,0.0,1.4668
2023-04-03,Capital Link LNG/LPG,CLLG,2147.39,2147.39,2147.39,2147.39,0.0,-0.823
2023-04-04,Capital Link LNG/LPG,CLLG,2115.04,2115.04,2115.04,2115.04,0.0,-1.5065
2023-04-05,Capital Link LNG/LPG,CLLG,2110.62,2110.62,2110.62,2110.62,0.0,-0.209
2023-04-06,Capital Link LNG/LPG,CLLG,2124.46,2124.46,2124.46,2124.46,0.0,0.6557
2023-04-10,Capital Link LNG/LPG,CLLG,2162.0,2162.0,2162.0,2162.0,0.0,1.767
2023-04-11,Capital Link LNG/LPG,CLLG,2188.92,2188.92,2188.92,2188.92,0.0,1.2451
2023-04-12,Capital Link LNG/LPG,CLLG,2192.4,2192.4,2192.4,2192.4,0.0,0.159
2023-04-13,Capital Link LNG/LPG,CLLG,2239.7,2239.7,2239.7,2239.7,0.0,2.1575
2023-04-14,Capital Link LNG/LPG,CLLG,2253.94,2253.94,2253.94,2253.94,0.0,0.6358
2023-04-17,Capital Link LNG/LPG,CLLG,2289.45,2289.45,2289.45,2289.45,0.0,1.5755
2023-04-18,Capital Link LNG/LPG,CLLG,2287.62,2287.62,2287.62,2287.62,0.0,-0.0799
2023-04-19,Capital Link LNG/LPG,CLLG,2244.34,2244.34,2244.34,2244.34,0.0,-1.8919
2023-04-20,Capital Link LNG/LPG,CLLG,2226.04,2226.04,2226.04,2226.04,0.0,-0.8154
2023-04-21,Capital Link LNG/LPG,CLLG,2207.33,2207.33,2207.33,2207.33,0.0,-0.8405
2023-04-24,Capital Link LNG/LPG,CLLG,2222.05,2222.05,2222.05,2222.05,0.0,0.6669
2023-04-25,Capital Link LNG/LPG,CLLG,2171.05,2171.05,2171.05,2171.05,0.0,-2.2952
2023-04-26,Capital Link LNG/LPG,CLLG,2144.22,2144.22,2144.22,2144.22,0.0,-1.2358
2023-04-27,Capital Link LNG/LPG,CLLG,2245.82,2245.82,2245.82,2245.82,0.0,4.7383
2023-04-28,Capital Link LNG/LPG,CLLG,2259.47,2259.47,2259.47,2259.47,0.0,0.6078
2023-05-01,Capital Link LNG/LPG,CLLG,2227.78,2227.78,2227.78,2227.78,0.0,-1.4025
2023-05-02,Capital Link LNG/LPG,CLLG,2179.85,2179.85,2179.85,2179.85,0.0,-2.1515
2023-05-03,Capital Link LNG/LPG,CLLG,2142.53,2142.53,2142.53,2142.53,0.0,-1.712
2023-05-04,Capital Link LNG/LPG,CLLG,2092.18,2092.18,2092.18,2092.18,0.0,-2.35
2023-05-05,Capital Link LNG/LPG,CLLG,2107.94,2107.94,2107.94,2107.94,0.0,0.7533
2023-05-08,Capital Link LNG/LPG,CLLG,2132.2,2132.2,2132.2,2132.2,0.0,1.1509
2023-05-09,Capital Link LNG/LPG,CLLG,2134.8,2134.8,2134.8,2134.8,0.0,0.1219
2023-05-10,Capital Link LNG/LPG,CLLG,2146.76,2146.76,2146.76,2146.76,0.0,0.5602
2023-05-11,Capital Link LNG/LPG,CLLG,2155.66,2155.66,2155.66,2155.66,0.0,0.4146
2023-05-12,Capital Link LNG/LPG,CLLG,2169.14,2169.14,2169.14,2169.14,0.0,0.6253
2023-05-15,Capital Link LNG/LPG,CLLG,2160.42,2160.42,2160.42,2160.42,0.0,-0.402
2023-05-16,Capital Link LNG/LPG,CLLG,2082.15,2082.15,2082.15,2082.15,0.0,-3.6229
2023-05-17,Capital Link LNG/LPG,CLLG,2081.17,2081.17,2081.17,2081.17,0.0,-0.0471
2023-05-18,Capital Link LNG/LPG,CLLG,2098.15,2098.15,2098.15,2098.15,0.0,0.8159
2023-05-19,Capital Link LNG/LPG,CLLG,2125.29,2125.29,2125.29,2125.29,0.0,1.2935
2023-05-22,Capital Link LNG/LPG,CLLG,2135.34,2135.34,2135.34,2135.34,0.0,0.4729
2023-05-23,Capital Link LNG/LPG,CLLG,2170.55,2170.55,2170.55,2170.55,0.0,1.6489
2023-05-24,Capital Link LNG/LPG,CLLG,2126.29,2126.29,2126.29,2126.29,0.0,-2.0391
2023-05-25,Capital Link LNG/LPG,CLLG,2129.19,2129.19,2129.19,2129.19,0.0,0.1364
2023-05-26,Capital Link LNG/LPG,CLLG,2159.86,2159.86,2159.86,2159.86,0.0,1.4405
2023-05-30,Capital Link LNG/LPG,CLLG,2103.82,2103.82,2103.82,2103.82,0.0,-2.5946
2023-05-31,Capital Link LNG/LPG,CLLG,2041.9,2041.9,2041.9,2041.9,0.0,-2.9432
2023-06-01,Capital Link LNG/LPG,CLLG,2085.33,2085.33,2085.33,2085.33,0.0,2.1269
2023-06-02,Capital Link LNG/LPG,CLLG,2128.47,2128.47,2128.47,2128.47,0.0,2.0687
2023-06-05,Capital Link LNG/LPG,CLLG,2111.64,2111.64,2111.64,2111.64,0.0,-0.7907
2023-06-06,Capital Link LNG/LPG,CLLG,2112.83,2112.83,2112.83,2112.83,0.0,0.0564
2023-06-07,Capital Link LNG/LPG,CLLG,2137.65,2137.65,2137.65,2137.65,0.0,1.1747
2023-06-08,Capital Link LNG/LPG,CLLG,2119.52,2119.52,2119.52,2119.52,0.0,-0.8481
2023-06-09,Capital Link LNG/LPG,CLLG,2118.91,2118.91,2118.91,2118.91,0.0,-0.0288
2023-06-12,Capital Link LNG/LPG,CLLG,2093.27,2093.27,2093.27,2093.27,0.0,-1.2101
2023-06-13,Capital Link LNG/LPG,CLLG,2111.79,2111.79,2111.79,2111.79,0.0,0.8847
2023-06-14,Capital Link LNG/LPG,CLLG,2133.96,2133.96,2133.96,2133.96,0.0,1.0498
2023-06-15,Capital Link LNG/LPG,CLLG,2146.77,2146.77,2146.77,2146.77,0.0,0.6003
2023-06-16,Capital Link LNG/LPG,CLLG,2136.16,2136.16,2136.16,2136.16,0.0,-0.4942
2023-06-20,Capital Link LNG/LPG,CLLG,2109.7,2109.7,2109.7,2109.7,0.0,-1.2387
2023-06-21,Capital Link LNG/LPG,CLLG,2112.14,2112.14,2112.14,2112.14,0.0,0.1157
2023-06-22,Capital Link LNG/LPG,CLLG,2095.64,2095.64,2095.64,2095.64,0.0,-0.7812
2023-06-23,Capital Link LNG/LPG,CLLG,2058.93,2058.93,2058.93,2058.93,0.0,-1.7517
2023-06-26,Capital Link LNG/LPG,CLLG,2041.67,2041.67,2041.67,2041.67,0.0,-0.8383
2023-06-27,Capital Link LNG/LPG,CLLG,2024.34,2024.34,2024.34,2024.34,0.0,-0.8488
2023-06-28,Capital Link LNG/LPG,CLLG,2027.72,2027.72,2027.72,2027.72,0.0,0.167
2023-06-29,Capital Link LNG/LPG,CLLG,2061.54,2061.54,2061.54,2061.54,0.0,1.6679
2023-06-30,Capital Link LNG/LPG,CLLG,2086.27,2086.27,2086.27,2086.27,0.0,1.1996
2023-07-03,Capital Link LNG/LPG,CLLG,2091.89,2091.89,2091.89,2091.89,0.0,0.2694
2023-07-05,Capital Link LNG/LPG,CLLG,2152.08,2152.08,2152.08,2152.08,0.0,2.8773
2023-07-06,Capital Link LNG/LPG,CLLG,2119.72,2119.72,2119.72,2119.72,0.0,-1.5037
2023-07-07,Capital Link LNG/LPG,CLLG,2167.81,2167.81,2167.81,2167.81,0.0,2.2687
2023-07-10,Capital Link LNG/LPG,CLLG,2164.39,2164.39,2164.39,2164.39,0.0,-0.1578
2023-07-11,Capital Link LNG/LPG,CLLG,2193.5,2193.5,2193.5,2193.5,0.0,1.345
2023-07-12,Capital Link LNG/LPG,CLLG,2217.26,2217.26,2217.26,2217.26,0.0,1.0832
2023-07-13,Capital Link LNG/LPG,CLLG,2321.61,2321.61,2321.61,2321.61,0.0,4.7063
2023-07-14,Capital Link LNG/LPG,CLLG,2273.0,2273.0,2273.0,2273.0,0.0,-2.0938
2023-07-17,Capital Link LNG/LPG,CLLG,2280.76,2280.76,2280.76,2280.76,0.0,0.3414
2023-07-18,Capital Link LNG/LPG,CLLG,2286.27,2286.27,2286.27,2286.27,0.0,0.2416
2023-07-19,Capital Link LNG/LPG,CLLG,2314.37,2314.37,2314.37,2314.37,0.0,1.2291
2023-07-20,Capital Link LNG/LPG,CLLG,2315.01,2315.01,2315.01,2315.01,0.0,0.0277
2023-07-21,Capital Link LNG/LPG,CLLG,2294.33,2294.33,2294.33,2294.33,0.0,-0.8933
2023-07-24,Capital Link LNG/LPG,CLLG,2332.2,2332.2,2332.2,2332.2,0.0,1.6506
2023-07-25,Capital Link LNG/LPG,CLLG,2336.82,2336.82,2336.82,2336.82,0.0,0.1981
2023-07-26,Capital Link LNG/LPG,CLLG,2341.18,2341.18,2341.18,2341.18,0.0,0.1866
2023-07-27,Capital Link LNG/LPG,CLLG,2341.64,2341.64,2341.64,2341.64,0.0,0.0196
2023-07-28,Capital Link LNG/LPG,CLLG,2394.87,2394.87,2394.87,2394.87,0.0,2.2732
2023-07-31,Capital Link LNG/LPG,CLLG,2426.22,2426.22,2426.22,2426.22,0.0,1.309
2023-08-01,Capital Link LNG/LPG,CLLG,2412.99,2412.99,2412.99,2412.99,0.0,-0.5453
2023-08-02,Capital Link LNG/LPG,CLLG,2377.51,2377.51,2377.51,2377.51,0.0,-1.4704
2023-08-03,Capital Link LNG/LPG,CLLG,2405.69,2405.69,2405.69,2405.69,0.0,1.1853
2023-08-04,Capital Link LNG/LPG,CLLG,2401.04,2401.04,2401.04,2401.04,0.0,-0.1933
2023-08-07,Capital Link LNG/LPG,CLLG,2421.84,2421.84,2421.84,2421.84,0.0,0.8663
2023-08-08,Capital Link LNG/LPG,CLLG,2412.13,2412.13,2412.13,2412.13,0.0,-0.4009
2023-08-09,Capital Link LNG/LPG,CLLG,2427.57,2427.57,2427.57,2427.57,0.0,0.6401
2023-08-10,Capital Link LNG/LPG,CLLG,2334.64,2334.64,2334.64,2334.64,0.0,-3.8281
2023-08-11,Capital Link LNG/LPG,CLLG,2294.8,2294.8,2294.8,2294.8,0.0,-1.7065
2023-08-14,Capital Link LNG/LPG,CLLG,2283.07,2283.07,2283.07,2283.07,0.0,-0.5112
2023-08-15,Capital Link LNG/LPG,CLLG,2294.45,2294.45,2294.45,2294.45,0.0,0.4985
2023-08-16,Capital Link LNG/LPG,CLLG,2239.3,2239.3,2239.3,2239.3,0.0,-2.4036
2023-08-17,Capital Link LNG/LPG,CLLG,2232.17,2232.17,2232.17,2232.17,0.0,-0.3184
2023-08-18,Capital Link LNG/LPG,CLLG,2231.83,2231.83,2231.83,2231.83,0.0,-0.0152
2023-08-21,Capital Link LNG/LPG,CLLG,2241.71,2241.71,2241.71,2241.71,0.0,0.4427
2023-08-22,Capital Link LNG/LPG,CLLG,2261.03,2261.03,2261.03,2261.03,0.0,0.8618
2023-08-23,Capital Link LNG/LPG,CLLG,2239.89,2239.89,2239.89,2239.89,0.0,-0.935
2023-08-24,Capital Link LNG/LPG,CLLG,2210.84,2210.84,2210.84,2210.84,0.0,-1.2969
2023-08-25,Capital Link LNG/LPG,CLLG,2215.31,2215.31,2215.31,2215.31,0.0,0.2022
2023-08-28,Capital Link LNG/LPG,CLLG,2241.71,2241.71,2241.71,2241.71,0.0,1.1917
2023-08-29,Capital Link LNG/LPG,CLLG,2264.2,2264.2,2264.2,2264.2,0.0,1.0033
2023-08-30,Capital Link LNG/LPG,CLLG,2251.82,2251.82,2251.82,2251.82,0.0,-0.5468
2023-08-31,Capital Link LNG/LPG,CLLG,2237.28,2237.28,2237.28,2237.28,0.0,-0.6457
2023-09-01,Capital Link LNG/LPG,CLLG,2297.12,2297.12,2297.12,2297.12,0.0,2.6747
2023-09-05,Capital Link LNG/LPG,CLLG,2272.25,2272.25,2272.25,2272.25,0.0,-1.0827
2023-09-06,Capital Link LNG/LPG,CLLG,2295.8,2295.8,2295.8,2295.8,0.0,1.0364
2023-09-07,Capital Link LNG/LPG,CLLG,2297.77,2297.77,2297.77,2297.77,0.0,0.0858
2023-09-08,Capital Link LNG/LPG,CLLG,2307.62,2307.62,2307.62,2307.62,0.0,0.4287
2023-09-11,Capital Link LNG/LPG,CLLG,2319.58,2319.58,2319.58,2319.58,0.0,0.5183
2023-09-12,Capital Link LNG/LPG,CLLG,2332.4,2332.4,2332.4,2332.4,0.0,0.5527
2023-09-13,Capital Link LNG/LPG,CLLG,2304.26,2304.26,2304.26,2304.26,0.0,-1.2065
2023-09-14,Capital Link LNG/LPG,CLLG,2328.77,2328.77,2328.77,2328.77,0.0,1.0637
2023-09-15,Capital Link LNG/LPG,CLLG,2312.5,2312.5,2312.5,2312.5,0.0,-0.6987
2023-09-18,Capital Link LNG/LPG,CLLG,2333.82,2333.82,2333.82,2333.82,0.0,0.9219
2023-09-19,Capital Link LNG/LPG,CLLG,2303.35,2303.35,2303.35,2303.35,0.0,-1.3056
2023-09-20,Capital Link LNG/LPG,CLLG,2305.26,2305.26,2305.26,2305.26,0.0,0.0829
2023-09-21,Capital Link LNG/LPG,CLLG,2294.17,2294.17,2294.17,2294.17,0.0,-0.4811
2023-09-22,Capital Link LNG/LPG,CLLG,2336.21,2336.21,2336.21,2336.21,0.0,1.8325
2023-09-25,Capital Link LNG/LPG,CLLG,2355.72,2355.72,2355.72,2355.72,0.0,0.8351
2023-09-26,Capital Link LNG/LPG,CLLG,2348.28,2348.28,2348.28,2348.28,0.0,-0.3158
2023-09-27,Capital Link LNG/LPG,CLLG,2356.31,2356.31,2356.31,2356.31,0.0,0.342
2023-09-28,Capital Link LNG/LPG,CLLG,2374.26,2374.26,2374.26,2374.26,0.0,0.7618
2023-09-29,Capital Link LNG/LPG,CLLG,2368.99,2368.99,2368.99,2368.99,0.0,-0.222
2023-10-02,Capital Link LNG/LPG,CLLG,2304.91,2304.91,2304.91,2304.91,0.0,-2.705
2023-10-03,Capital Link LNG/LPG,CLLG,2245.51,2245.51,2245.51,2245.51,0.0,-2.5771
2023-10-04,Capital Link LNG/LPG,CLLG,2191.44,2191.44,2191.44,2191.44,0.0,-2.4079
2023-10-05,Capital Link LNG/LPG,CLLG,2257.55,2257.55,2257.55,2257.55,0.0,3.0167
2023-10-06,Capital Link LNG/LPG,CLLG,2285.44,2285.44,2285.44,2285.44,0.0,1.2354
2023-10-09,Capital Link LNG/LPG,CLLG,2347.91,2347.91,2347.91,2347.91,0.0,2.7334
2023-10-10,Capital Link LNG/LPG,CLLG,2391.19,2391.19,2391.19,2391.19,0.0,1.8433
2023-10-11,Capital Link LNG/LPG,CLLG,2384.27,2384.27,2384.27,2384.27,0.0,-0.2894
2023-10-12,Capital Link LNG/LPG,CLLG,2378.32,2378.32,2378.32,2378.32,0.0,-0.2496
2023-10-13,Capital Link LNG/LPG,CLLG,2408.02,2408.02,2408.02,2408.02,0.0,1.2488
2023-10-16,Capital Link LNG/LPG,CLLG,2426.2,2426.2,2426.2,2426.2,0.0,0.755
2023-10-17,Capital Link LNG/LPG,CLLG,2435.61,2435.61,2435.61,2435.61,0.0,0.3878
2023-10-18,Capital Link LNG/LPG,CLLG,2434.4,2434.4,2434.4,2434.4,0.0,-0.0497
2023-10-19,Capital Link LNG/LPG,CLLG,2365.16,2365.16,2365.16,2365.16,0.0,-2.8442
2023-10-20,Capital Link LNG/LPG,CLLG,2370.83,2370.83,2370.83,2370.83,0.0,0.2397
2023-10-23,Capital Link LNG/LPG,CLLG,2372.83,2372.83,2372.83,2372.83,0.0,0.0844
2023-10-24,Capital Link LNG/LPG,CLLG,2396.05,2396.05,2396.05,2396.05,0.0,0.9786
2023-10-25,Capital Link LNG/LPG,CLLG,2385.63,2385.63,2385.63,2385.63,0.0,-0.4349
2023-10-26,Capital Link LNG/LPG,CLLG,2383.15,2383.15,2383.15,2383.15,0.0,-0.104
2023-10-27,Capital Link LNG/LPG,CLLG,2366.04,2366.04,2366.04,2366.04,0.0,-0.718
2023-10-29,Capital Link LNG/LPG,CLLG,2332.7,2332.7,2332.7,2332.7,0.0,-1.4091
2023-10-30,Capital Link LNG/LPG,CLLG,2367.8,2367.8,2367.8,2367.8,0.0,1.5047
2023-10-31,Capital Link LNG/LPG,CLLG,2437.78,2437.78,2437.78,2437.78,0.0,2.9555
2023-11-01,Capital Link LNG/LPG,CLLG,2569.71,2569.71,2569.71,2569.71,0.0,5.4119
2023-11-02,Capital Link LNG/LPG,CLLG,2572.41,2572.41,2572.41,2572.41,0.0,0.1051
2023-11-05,Capital Link LNG/LPG,CLLG,2559.28,2559.28,2559.28,2559.28,0.0,-0.5104
2023-11-06,Capital Link LNG/LPG,CLLG,2501.76,2501.76,2501.76,2501.76,0.0,-2.2475
2023-11-07,Capital Link LNG/LPG,CLLG,2469.07,2469.07,2469.07,2469.07,0.0,-1.3067
2023-11-08,Capital Link LNG/LPG,CLLG,2456.56,2456.56,2456.56,2456.56,0.0,-0.5067
2023-11-09,Capital Link LNG/LPG,CLLG,2484.19,2484.19,2484.19,2484.19,0.0,1.1247
2023-11-12,Capital Link LNG/LPG,CLLG,2528.05,2528.05,2528.05,2528.05,0.0,1.7656
2023-11-13,Capital Link LNG/LPG,CLLG,2543.94,2543.94,2543.94,2543.94,0.0,0.6285
2023-11-14,Capital Link LNG/LPG,CLLG,2534.7,2534.7,2534.7,2534.7,0.0,-0.3632
2023-11-15,Capital Link LNG/LPG,CLLG,2506.46,2506.46,2506.46,2506.46,0.0,-1.1141
2023-11-16,Capital Link LNG/LPG,CLLG,2579.3,2579.3,2579.3,2579.3,0.0,2.9061
2023-11-19,Capital Link LNG/LPG,CLLG,2664.8,2664.8,2664.8,2664.8,0.0,3.3149
2023-11-20,Capital Link LNG/LPG,CLLG,2630.07,2630.07,2630.07,2630.07,0.0,-1.3033
2023-11-21,Capital Link LNG/LPG,CLLG,2666.24,2666.24,2666.24,2666.24,0.0,1.3752
2023-11-23,Capital Link LNG/LPG,CLLG,2710.75,2710.75,2710.75,2710.75,0.0,1.6694
2023-11-26,Capital Link LNG/LPG,CLLG,2696.71,2696.71,2696.71,2696.71,0.0,-0.5179
2023-11-27,Capital Link LNG/LPG,CLLG,2621.99,2621.99,2621.99,2621.99,0.0,-2.7708
2023-11-28,Capital Link LNG/LPG,CLLG,2600.47,2600.47,2600.47,2600.47,0.0,-0.8208
2023-11-29,Capital Link LNG/LPG,CLLG,2597.25,2597.25,2597.25,2597.25,0.0,-0.1238
2023-11-30,Capital Link LNG/LPG,CLLG,2652.84,2652.84,2652.84,2652.84,0.0,2.1403
2023-12-03,Capital Link LNG/LPG,CLLG,2654.29,2654.29,2654.29,2654.29,0.0,0.0547
2023-12-04,Capital Link LNG/LPG,CLLG,2633.82,2633.82,2633.82,2633.82,0.0,-0.7712
2023-12-05,Capital Link LNG/LPG,CLLG,2588.81,2588.81,2588.81,2588.81,0.0,-1.7089
2023-12-06,Capital Link LNG/LPG,CLLG,2483.03,2483.03,2483.03,2483.03,0.0,-4.086
2023-12-07,Capital Link LNG/LPG,CLLG,2482.74,2482.74,2482.74,2482.74,0.0,-0.0117
2023-12-10,Capital Link LNG/LPG,CLLG,2426.67,2426.67,2426.67,2426.67,0.0,-2.2584
2023-12-11,Capital Link LNG/LPG,CLLG,2407.79,2407.79,2407.79,2407.79,0.0,-0.778
2023-12-12,Capital Link LNG/LPG,CLLG,2498.51,2498.51,2498.51,2498.51,0.0,3.7678
2023-12-13,Capital Link LNG/LPG,CLLG,2538.94,2538.94,2538.94,2538.94,0.0,1.6182
2023-12-14,Capital Link LNG/LPG,CLLG,2603.25,2603.25,2603.25,2603.25,0.0,2.5329
2023-12-17,Capital Link LNG/LPG,CLLG,2657.3,2657.3,2657.3,2657.3,0.0,2.0763
2023-12-18,Capital Link LNG/LPG,CLLG,2710.09,2710.09,2710.09,2710.09,0.0,1.9866
2023-12-19,Capital Link LNG/LPG,CLLG,2711.56,2711.56,2711.56,2711.56,0.0,0.0542
2023-12-20,Capital Link LNG/LPG,CLLG,2761.39,2761.39,2761.39,2761.39,0.0,1.8377
2023-12-21,Capital Link LNG/LPG,CLLG,2803.14,2803.14,2803.14,2803.14,0.0,1.5119
2023-12-25,Capital Link LNG/LPG,CLLG,2803.14,2803.14,2803.14,2803.14,0.0,0.0
2023-12-26,Capital Link LNG/LPG,CLLG,2772.96,2772.96,2772.96,2772.96,0.0,-1.0766
2023-12-27,Capital Link LNG/LPG,CLLG,2727.22,2727.22,2727.22,2727.22,0.0,-1.6495
2023-12-28,Capital Link LNG/LPG,CLLG,2698.57,2698.57,2698.57,2698.57,0.0,-1.0505
2024-01-01,Capital Link LNG/LPG,CLLG,2732.3,2732.3,2732.3,2732.3,0.0,1.2499
2024-01-02,Capital Link LNG/LPG,CLLG,2695.5,2695.5,2695.5,2695.5,0.0,-1.3469
2024-01-03,Capital Link LNG/LPG,CLLG,2741.01,2741.01,2741.01,2741.01,0.0,1.6884
2024-01-04,Capital Link LNG/LPG,CLLG,2789.47,2789.47,2789.47,2789.47,0.0,1.768
2024-01-07,Capital Link LNG/LPG,CLLG,2777.03,2777.03,2777.03,2777.03,0.0,-0.446
2024-01-08,Capital Link LNG/LPG,CLLG,2737.05,2737.05,2737.05,2737.05,0.0,-1.4397
2024-01-09,Capital Link LNG/LPG,CLLG,2661.24,2661.24,2661.24,2661.24,0.0,-2.7698
2024-01-10,Capital Link LNG/LPG,CLLG,2584.22,2584.22,2584.22,2584.22,0.0,-2.8941
2024-01-11,Capital Link LNG/LPG,CLLG,2602.57,2602.57,2602.57,2602.57,0.0,0.7101
2024-01-15,Capital Link LNG/LPG,CLLG,2541.09,2541.09,2541.09,2541.09,0.0,-2.3623
2024-01-16,Capital Link LNG/LPG,CLLG,2555.85,2555.85,2555.85,2555.85,0.0,0.5809
2024-01-17,Capital Link LNG/LPG,CLLG,2554.71,2554.71,2554.71,2554.71,0.0,-0.0446
2024-01-18,Capital Link LNG/LPG,CLLG,2551.0,2551.0,2551.0,2551.0,0.0,-0.1452
2024-01-21,Capital Link LNG/LPG,CLLG,2536.17,2536.17,2536.17,2536.17,0.0,-0.5813
2024-01-22,Capital Link LNG/LPG,CLLG,2537.94,2537.94,2537.94,2537.94,0.0,0.0698
2024-01-23,Capital Link LNG/LPG,CLLG,2582.61,2582.61,2582.61,2582.61,0.0,1.7601
2024-01-24,Capital Link LNG/LPG,CLLG,2570.71,2570.71,2570.71,2570.71,0.0,-0.4608
2024-01-25,Capital Link LNG/LPG,CLLG,2551.83,2551.83,2551.83,2551.83,0.0,-0.7344
2024-01-28,Capital Link LNG/LPG,CLLG,2498.82,2498.82,2498.82,2498.82,0.0,-2.0773
2024-01-29,Capital Link LNG/LPG,CLLG,2514.03,2514.03,2514.03,2514.03,0.0,0.6087
2024-01-30,Capital Link LNG/LPG,CLLG,2449.1,2449.1,2449.1,2449.1,0.0,-2.5827
2024-01-31,Capital Link LNG/LPG,CLLG,2454.96,2454.96,2454.96,2454.96,0.0,0.2393
2024-02-01,Capital Link LNG/LPG,CLLG,2380.17,2380.17,2380.17,2380.17,0.0,-3.0465
2024-02-04,Capital Link LNG/LPG,CLLG,2323.26,2323.26,2323.26,2323.26,0.0,-2.391
2024-02-05,Capital Link LNG/LPG,CLLG,2352.58,2352.58,2352.58,2352.58,0.0,1.262
2024-02-06,Capital Link LNG/LPG,CLLG,2323.06,2323.06,2323.06,2323.06,0.0,-1.2548
2024-02-07,Capital Link LNG/LPG,CLLG,2309.5,2309.5,2309.5,2309.5,0.0,-0.5837
2024-02-08,Capital Link LNG/LPG,CLLG,2275.3,2275.3,2275.3,2275.3,0.0,-1.4808
2024-02-11,Capital Link LNG/LPG,CLLG,2311.79,2311.79,2311.79,2311.79,0.0,1.6037
2024-02-12,Capital Link LNG/LPG,CLLG,2271.43,2271.43,2271.43,2271.43,0.0,-1.7458
2024-02-13,Capital Link LNG/LPG,CLLG,2298.98,2298.98,2298.98,2298.98,0.0,1.2129
2024-02-14,Capital Link LNG/LPG,CLLG,2319.04,2319.04,2319.04,2319.04,0.0,0.8726
2024-02-15,Capital Link LNG/LPG,CLLG,2293.05,2293.05,2293.05,2293.05,0.0,-1.1207
2024-02-19,Capital Link LNG/LPG,CLLG,2255.83,2255.83,2255.83,2255.83,0.0,-1.6232
2024-02-20,Capital Link LNG/LPG,CLLG,2288.03,2288.03,2288.03,2288.03,0.0,1.4274
2024-02-21,Capital Link LNG/LPG,CLLG,2276.53,2276.53,2276.53,2276.53,0.0,-0.5026
2024-02-22,Capital Link LNG/LPG,CLLG,2275.8,2275.8,2275.8,2275.8,0.0,-0.0321
2024-02-25,Capital Link LNG/LPG,CLLG,2268.09,2268.09,2268.09,2268.09,0.0,-0.3388
2024-02-26,Capital Link LNG/LPG,CLLG,2242.24,2242.24,2242.24,2242.24,0.0,-1.1397
2024-02-27,Capital Link LNG/LPG,CLLG,2269.85,2269.85,2269.85,2269.85,0.0,1.2314
2024-02-28,Capital Link LNG/LPG,CLLG,2250.84,2250.84,2250.84,2250.84,0.0,-0.8375
2024-02-29,Capital Link LNG/LPG,CLLG,2270.95,2270.95,2270.95,2270.95,0.0,0.8934
2024-03-03,Capital Link LNG/LPG,CLLG,2218.84,2218.84,2218.84,2218.84,0.0,-2.2946
2024-03-04,Capital Link LNG/LPG,CLLG,2257.78,2257.78,2257.78,2257.78,0.0,1.755
2024-03-05,Capital Link LNG/LPG,CLLG,2290.5,2290.5,2290.5,2290.5,0.0,1.4492
2024-03-06,Capital Link LNG/LPG,CLLG,2308.86,2308.86,2308.86,2308.86,0.0,0.8016
2024-03-07,Capital Link LNG/LPG,CLLG,2324.8,2324.8,2324.8,2324.8,0.0,0.6904
2024-03-10,Capital Link LNG/LPG,CLLG,2333.77,2333.77,2333.77,2333.77,0.0,0.3858
2024-03-11,Capital Link LNG/LPG,CLLG,2396.97,2396.97,2396.97,2396.97,0.0,2.7081
2024-03-12,Capital Link LNG/LPG,CLLG,2418.78,2418.78,2418.78,2418.78,0.0,0.9099
2024-03-13,Capital Link LNG/LPG,CLLG,2405.26,2405.26,2405.26,2405.26,0.0,-0.559
2024-03-14,Capital Link LNG/LPG,CLLG,2394.45,2394.45,2394.45,2394.45,0.0,-0.4494
2024-03-17,Capital Link LNG/LPG,CLLG,2394.65,2394.65,2394.65,2394.65,0.0,0.0084
2024-03-18,Capital Link LNG/LPG,CLLG,2413.42,2413.42,2413.42,2413.42,0.0,0.7838
2024-03-19,Capital Link LNG/LPG,CLLG,2419.78,2419.78,2419.78,2419.78,0.0,0.2635
2024-03-20,Capital Link LNG/LPG,CLLG,2435.87,2435.87,2435.87,2435.87,0.0,0.6649
2024-03-21,Capital Link LNG/LPG,CLLG,2417.79,2417.79,2417.79,2417.79,0.0,-0.7422
2024-03-24,Capital Link LNG/LPG,CLLG,2400.86,2400.86,2400.86,2400.86,0.0,-0.7002
2024-03-25,Capital Link LNG/LPG,CLLG,2376.86,2376.86,2376.86,2376.86,0.0,-0.9996
2024-03-26,Capital Link LNG/LPG,CLLG,2393.14,2393.14,2393.14,2393.14,0.0,0.6849
2024-03-27,Capital Link LNG/LPG,CLLG,2427.56,2427.56,2427.56,2427.56,0.0,1.4383
2024-04-01,Capital Link LNG/LPG,CLLG,2486.75,2486.75,2486.75,2486.75,0.0,2.4383
2024-04-02,Capital Link LNG/LPG,CLLG,2519.15,2519.15,2519.15,2519.15,0.0,1.3029
2024-04-03,Capital Link LNG/LPG,CLLG,2579.38,2579.38,2579.38,2579.38,0.0,2.3909
2024-04-04,Capital Link LNG/LPG,CLLG,2533.14,2533.14,2533.14,2533.14,0.0,-1.7927
2024-04-05,Capital Link LNG/LPG,CLLG,2524.49,2524.49,2524.49,2524.49,0.0,-0.3415
2024-04-08,Capital Link LNG/LPG,CLLG,2516.65,2516.65,2516.65,2516.65,0.0,-0.3106
2024-04-09,Capital Link LNG/LPG,CLLG,2481.76,2481.76,2481.76,2481.76,0.0,-1.3864
2024-04-10,Capital Link LNG/LPG,CLLG,2483.42,2483.42,2483.42,2483.42,0.0,0.0669
2024-04-11,Capital Link LNG/LPG,CLLG,2500.85,2500.85,2500.85,2500.85,0.0,0.7019
2024-04-12,Capital Link LNG/LPG,CLLG,2478.54,2478.54,2478.54,2478.54,0.0,-0.8921
2024-04-15,Capital Link LNG/LPG,CLLG,2460.71,2460.71,2460.71,2460.71,0.0,-0.7194
2024-04-16,Capital Link LNG/LPG,CLLG,2465.52,2465.52,2465.52,2465.52,0.0,0.1955
2024-04-17,Capital Link LNG/LPG,CLLG,2491.94,2491.94,2491.94,2491.94,0.0,1.0716
2024-04-18,Capital Link LNG/LPG,CLLG,2477.74,2477.74,2477.74,2477.74,0.0,-0.5698
2024-04-19,Capital Link LNG/LPG,CLLG,2504.64,2504.64,2504.64,2504.64,0.0,1.0857
2024-04-22,Capital Link LNG/LPG,CLLG,2529.09,2529.09,2529.09,2529.09,0.0,0.9762
2024-04-23,Capital Link LNG/LPG,CLLG,2567.22,2567.22,2567.22,2567.22,0.0,1.5077
2024-04-24,Capital Link LNG/LPG,CLLG,2552.66,2552.66,2552.66,2552.66,0.0,-0.5672
2024-04-25,Capital Link LNG/LPG,CLLG,2545.97,2545.97,2545.97,2545.97,0.0,-0.2621
2024-04-26,Capital Link LNG/LPG,CLLG,2562.38,2562.38,2562.38,2562.38,0.0,0.6445
2024-04-29,Capital Link LNG/LPG,CLLG,2345.86,2345.86,2345.86,2345.86,0.0,-8.45
2024-04-30,Capital Link LNG/LPG,CLLG,2322.75,2322.75,2322.75,2322.75,0.0,-0.9851
2024-05-01,Capital Link LNG/LPG,CLLG,2312.61,2312.61,2312.61,2312.61,0.0,-0.4366
2024-05-02,Capital Link LNG/LPG,CLLG,2348.98,2348.98,2348.98,2348.98,0.0,1.5727
2024-05-03,Capital Link LNG/LPG,CLLG,2375.08,2375.08,2375.08,2375.08,0.0,1.1111
2024-05-06,Capital Link LNG/LPG,CLLG,2367.75,2367.75,2367.75,2367.75,0.0,-0.3086
2024-05-07,Capital Link LNG/LPG,CLLG,2386.65,2386.65,2386.65,2386.65,0.0,0.7982
2024-05-08,Capital Link LNG/LPG,CLLG,2435.66,2435.66,2435.66,2435.66,0.0,2.0535
2024-05-09,Capital Link LNG/LPG,CLLG,2451.83,2451.83,2451.83,2451.83,0.0,0.6639
2024-05-10,Capital Link LNG/LPG,CLLG,2449.02,2449.02,2449.02,2449.02,0.0,-0.1146
2024-05-13,Capital Link LNG/LPG,CLLG,2466.68,2466.68,2466.68,2466.68,0.0,0.7211
2024-05-14,Capital Link LNG/LPG,CLLG,2486.82,2486.82,2486.82,2486.82,0.0,0.8165
2024-05-15,Capital Link LNG/LPG,CLLG,2515.71,2515.71,2515.71,2515.71,0.0,1.1617
2024-05-16,Capital Link LNG/LPG,CLLG,2515.87,2515.87,2515.87,2515.87,0.0,0.0064
2024-05-17,Capital Link LNG/LPG,CLLG,2519.68,2519.68,2519.68,2519.68,0.0,0.1514
2024-05-20,Capital Link LNG/LPG,CLLG,2528.23,2528.23,2528.23,2528.23,0.0,0.3393
2024-05-21,Capital Link LNG/LPG,CLLG,2541.79,2541.79,2541.79,2541.79,0.0,0.5363
2024-05-22,Capital Link LNG/LPG,CLLG,2530.61,2530.61,2530.61,2530.61,0.0,-0.4398
2024-05-23,Capital Link LNG/LPG,CLLG,2536.8,2536.8,2536.8,2536.8,0.0,0.2446
2024-05-24,Capital Link LNG/LPG,CLLG,2639.16,2639.16,2639.16,2639.16,0.0,4.035
2024-05-28,Capital Link LNG/LPG,CLLG,2602.16,2602.16,2602.16,2602.16,0.0,-1.402
2024-05-29,Capital Link LNG/LPG,CLLG,2583.0,2583.0,2583.0,2583.0,0.0,-0.7363
2024-05-30,Capital Link LNG/LPG,CLLG,2734.34,2734.34,2734.34,2734.34,0.0,5.8591
2024-05-31,Capital Link LNG/LPG,CLLG,2734.64,2734.64,2734.64,2734.64,0.0,0.011
2024-06-03,Capital Link LNG/LPG,CLLG,2707.83,2707.83,2707.83,2707.83,0.0,-0.9804
2024-06-04,Capital Link LNG/LPG,CLLG,2646.48,2646.48,2646.48,2646.48,0.0,-2.2657
2024-06-05,Capital Link LNG/LPG,CLLG,2702.3,2702.3,2702.3,2702.3,0.0,2.1092
2024-06-06,Capital Link LNG/LPG,CLLG,2588.67,2588.67,2588.67,2588.67,0.0,-4.2049
2024-06-07,Capital Link LNG/LPG,CLLG,2566.96,2566.96,2566.96,2566.96,0.0,-0.8387
2024-06-10,Capital Link LNG/LPG,CLLG,2533.49,2533.49,2533.49,2533.49,0.0,-1.3039
2024-06-11,Capital Link LNG/LPG,CLLG,2506.86,2506.86,2506.86,2506.86,0.0,-1.0511
2024-06-12,Capital Link LNG/LPG,CLLG,2543.44,2543.44,2543.44,2543.44,0.0,1.4592
2024-06-13,Capital Link LNG/LPG,CLLG,2470.53,2470.53,2470.53,2470.53,0.0,-2.8666
2024-06-14,Capital Link LNG/LPG,CLLG,2414.46,2414.46,2414.46,2414.46,0.0,-2.2696
2024-06-17,Capital Link LNG/LPG,CLLG,2468.18,2468.18,2468.18,2468.18,0.0,2.2249
2024-06-18,Capital Link LNG/LPG,CLLG,2514.37,2514.37,2514.37,2514.37,0.0,1.8714
2024-06-20,Capital Link LNG/LPG,CLLG,2532.94,2532.94,2532.94,2532.94,0.0,0.7386
2024-06-21,Capital Link LNG/LPG,CLLG,2541.53,2541.53,2541.53,2541.53,0.0,0.3391
2024-06-24,Capital Link LNG/LPG,CLLG,2588.09,2588.09,2588.09,2588.09,0.0,1.832
2024-06-25,Capital Link LNG/LPG,CLLG,2600.85,2600.85,2600.85,2600.85,0.0,0.493
2024-06-26,Capital Link LNG/LPG,CLLG,2615.13,2615.13,2615.13,2615.13,0.0,0.5491
2024-06-27,Capital Link LNG/LPG,CLLG,2602.8,2602.8,2602.8,2602.8,0.0,-0.4715
2024-06-28,Capital Link LNG/LPG,CLLG,2618.9,2618.9,2618.9,2618.9,0.0,0.6186
2024-07-01,Capital Link LNG/LPG,CLLG,2614.61,2614.61,2614.61,2614.61,0.0,-0.1638
2024-07-02,Capital Link LNG/LPG,CLLG,2603.98,2603.98,2603.98,2603.98,0.0,-0.4066
2024-07-03,Capital Link LNG/LPG,CLLG,2655.17,2655.17,2655.17,2655.17,0.0,1.9658
2024-07-05,Capital Link LNG/LPG,CLLG,2686.98,2686.98,2686.98,2686.98,0.0,1.198
2024-07-08,Capital Link LNG/LPG,CLLG,2660.87,2660.87,2660.87,2660.87,0.0,-0.9717
2024-07-09,Capital Link LNG/LPG,CLLG,2673.16,2673.16,2673.16,2673.16,0.0,0.4619
2024-07-10,Capital Link LNG/LPG,CLLG,2690.77,2690.77,2690.77,2690.77,0.0,0.6588
2024-07-11,Capital Link LNG/LPG,CLLG,2661.76,2661.76,2661.76,2661.76,0.0,-1.0781
2024-07-12,Capital Link LNG/LPG,CLLG,2615.72,2615.72,2615.72,2615.72,0.0,-1.7297
2024-07-15,Capital Link LNG/LPG,CLLG,2656.79,2656.79,2656.79,2656.79,0.0,1.5701
2024-07-16,Capital Link LNG/LPG,CLLG,2673.76,2673.76,2673.76,2673.76,0.0,0.6387
2024-07-17,Capital Link LNG/LPG,CLLG,2650.52,2650.52,2650.52,2650.52,0.0,-0.8692
2024-07-18,Capital Link LNG/LPG,CLLG,2615.81,2615.81,2615.81,2615.81,0.0,-1.3096
2024-07-19,Capital Link LNG/LPG,CLLG,2623.61,2623.61,2623.61,2623.61,0.0,0.2982
2024-07-22,Capital Link LNG/LPG,CLLG,2659.44,2659.44,2659.44,2659.44,0.0,1.3657
2024-07-23,Capital Link LNG/LPG,CLLG,2710.58,2710.58,2710.58,2710.58,0.0,1.923
2024-07-24,Capital Link LNG/LPG,CLLG,2686.19,2686.19,2686.19,2686.19,0.0,-0.8998
2024-07-25,Capital Link LNG/LPG,CLLG,2676.26,2676.26,2676.26,2676.26,0.0,-0.3697
2024-07-26,Capital Link LNG/LPG,CLLG,2686.51,2686.51,2686.51,2686.51,0.0,0.383
2024-07-29,Capital Link LNG/LPG,CLLG,2674.04,2674.04,2674.04,2674.04,0.0,-0.4642
2024-07-30,Capital Link LNG/LPG,CLLG,2655.82,2655.82,2655.82,2655.82,0.0,-0.6814
2024-07-31,Capital Link LNG/LPG,CLLG,2682.04,2682.04,2682.04,2682.04,0.0,0.9873
2024-08-01,Capital Link LNG/LPG,CLLG,2631.28,2631.28,2631.28,2631.28,0.0,-1.8926
2024-08-02,Capital Link LNG/LPG,CLLG,2507.47,2507.47,2507.47,2507.47,0.0,-4.7053
2024-08-05,Capital Link LNG/LPG,CLLG,2433.2,2433.2,2433.2,2433.2,0.0,-2.9619
2024-08-06,Capital Link LNG/LPG,CLLG,2491.79,2491.79,2491.79,2491.79,0.0,2.4079
2024-08-07,Capital Link LNG/LPG,CLLG,2486.46,2486.46,2486.46,2486.46,0.0,-0.2139
2024-08-08,Capital Link LNG/LPG,CLLG,2485.62,2485.62,2485.62,2485.62,0.0,-0.0338
2024-08-09,Capital Link LNG/LPG,CLLG,2486.84,2486.84,2486.84,2486.84,0.0,0.0491
2024-08-12,Capital Link LNG/LPG,CLLG,2519.09,2519.09,2519.09,2519.09,0.0,1.2968
2024-08-13,Capital Link LNG/LPG,CLLG,2501.76,2501.76,2501.76,2501.76,0.0,-0.6879
2024-08-14,Capital Link LNG/LPG,CLLG,2545.82,2545.82,2545.82,2545.82,0.0,1.7612
2024-08-15,Capital Link LNG/LPG,CLLG,2558.52,2558.52,2558.52,2558.52,0.0,0.4989
2024-08-16,Capital Link LNG/LPG,CLLG,2558.92,2558.92,2558.92,2558.92,0.0,0.0156
2024-08-19,Capital Link LNG/LPG,CLLG,2552.21,2552.21,2552.21,2552.21,0.0,-0.2622
2024-08-20,Capital Link LNG/LPG,CLLG,2517.9,2517.9,2517.9,2517.9,0.0,-1.3443
2024-08-21,Capital Link LNG/LPG,CLLG,2541.95,2541.95,2541.95,2541.95,0.0,0.9552
2024-08-22,Capital Link LNG/LPG,CLLG,2509.28,2509.28,2509.28,2509.28,0.0,-1.2852
2024-08-23,Capital Link LNG/LPG,CLLG,2579.95,2579.95,2579.95,2579.95,0.0,2.8163
2024-08-26,Capital Link LNG/LPG,CLLG,2568.44,2568.44,2568.44,2568.44,0.0,-0.4461
2024-08-27,Capital Link LNG/LPG,CLLG,2583.77,2583.77,2583.77,2583.77,0.0,0.5969
2024-08-28,Capital Link LNG/LPG,CLLG,2537.89,2537.89,2537.89,2537.89,0.0,-1.7757
2024-08-29,Capital Link LNG/LPG,CLLG,2555.7,2555.7,2555.7,2555.7,0.0,0.7018
2024-08-30,Capital Link LNG/LPG,CLLG,2598.88,2598.88,2598.88,2598.88,0.0,1.6896
2024-09-03,Capital Link LNG/LPG,CLLG,2492.37,2492.37,2492.37,2492.37,0.0,-4.0983
2024-09-04,Capital Link LNG/LPG,CLLG,2477.6,2477.6,2477.6,2477.6,0.0,-0.5926
2024-09-05,Capital Link LNG/LPG,CLLG,2454.28,2454.28,2454.28,2454.28,0.0,-0.9412
2024-09-06,Capital Link LNG/LPG,CLLG,2420.54,2420.54,2420.54,2420.54,0.0,-1.3747
2024-09-09,Capital Link LNG/LPG,CLLG,2415.51,2415.51,2415.51,2415.51,0.0,-0.2078
2024-09-10,Capital Link LNG/LPG,CLLG,2358.11,2358.11,2358.11,2358.11,0.0,-2.3763
2024-09-11,Capital Link LNG/LPG,CLLG,2384.32,2384.32,2384.32,2384.32,0.0,1.1115
2024-09-12,Capital Link LNG/LPG,CLLG,2412.94,2412.94,2412.94,2412.94,0.0,1.2003
2024-09-13,Capital Link LNG/LPG,CLLG,2429.05,2429.05,2429.05,2429.05,0.0,0.6677
2024-09-16,Capital Link LNG/LPG,CLLG,2460.99,2460.99,2460.99,2460.99,0.0,1.3149
2024-09-17,Capital Link LNG/LPG,CLLG,2519.17,2519.17,2519.17,2519.17,0.0,2.3641
2024-09-18,Capital Link LNG/LPG,CLLG,2486.39,2486.39,2486.39,2486.39,0.0,-1.3012
2024-09-19,Capital Link LNG/LPG,CLLG,2539.25,2539.25,2539.25,2539.25,0.0,2.126
2024-09-20,Capital Link LNG/LPG,CLLG,2515.44,2515.44,2515.44,2515.44,0.0,-0.9377
2024-09-23,Capital Link LNG/LPG,CLLG,2532.36,2532.36,2532.36,2532.36,0.0,0.6726
2024-09-24,Capital Link LNG/LPG,CLLG,2603.52,2603.52,2603.52,2603.52,0.0,2.81
2024-09-25,Capital Link LNG/LPG,CLLG,2533.96,2533.96,2533.96,2533.96,0.0,-2.6718
2024-09-26,Capital Link LNG/LPG,CLLG,2586.94,2586.94,2586.94,2586.94,0.0,2.0908
2024-09-27,Capital Link LNG/LPG,CLLG,2637.16,2637.16,2637.16,2637.16,0.0,1.9413
2024-09-30,Capital Link LNG/LPG,CLLG,2633.68,2633.68,2633.68,2633.68,0.0,-0.132
2024-10-01,Capital Link LNG/LPG,CLLG,2728.07,2728.07,2728.07,2728.07,0.0,3.584
2024-10-02,Capital Link LNG/LPG,CLLG,2769.5,2769.5,2769.5,2769.5,0.0,1.5187
2024-10-03,Capital Link LNG/LPG,CLLG,2766.57,2766.57,2766.57,2766.57,0.0,-0.1058
2024-10-04,Capital Link LNG/LPG,CLLG,2757.57,2757.57,2757.57,2757.57,0.0,-0.3253
2024-10-07,Capital Link LNG/LPG,CLLG,2766.46,2766.46,2766.46,2766.46,0.0,0.3224
2024-10-08,Capital Link LNG/LPG,CLLG,2738.51,2738.51,2738.51,2738.51,0.0,-1.0103
2024-10-09,Capital Link LNG/LPG,CLLG,2701.78,2701.78,2701.78,2701.78,0.0,-1.3412
2024-10-10,Capital Link LNG/LPG,CLLG,2709.41,2709.41,2709.41,2709.41,0.0,0.2824
2024-10-11,Capital Link LNG/LPG,CLLG,2736.68,2736.68,2736.68,2736.68,0.0,1.0065
2024-10-14,Capital Link LNG/LPG,CLLG,2741.88,2741.88,2741.88,2741.88,0.0,0.19
2024-10-15,Capital Link LNG/LPG,CLLG,2670.2,2670.2,2670.2,2670.2,0.0,-2.6143
2024-10-16,Capital Link LNG/LPG,CLLG,2687.31,2687.31,2687.31,2687.31,0.0,0.6408
2024-10-17,Capital Link LNG/LPG,CLLG,2677.9,2677.9,2677.9,2677.9,0.0,-0.3502
2024-10-18,Capital Link LNG/LPG,CLLG,2664.79,2664.79,2664.79,2664.79,0.0,-0.4896
2024-10-21,Capital Link LNG/LPG,CLLG,2638.96,2638.96,2638.96,2638.96,0.0,-0.9693
2024-10-22,Capital Link LNG/LPG,CLLG,2593.11,2593.11,2593.11,2593.11,0.0,-1.7374
2024-10-23,Capital Link LNG/LPG,CLLG,2541.65,2541.65,2541.65,2541.65,0.0,-1.9845
2024-10-24,Capital Link LNG/LPG,CLLG,2586.76,2586.76,2586.76,2586.76,0.0,1.7748
2024-10-25,Capital Link LNG/LPG,CLLG,2606.14,2606.14,2606.14,2606.14,0.0,0.7492
2024-10-28,Capital Link LNG/LPG,CLLG,2576.63,2576.63,2576.63,2576.63,0.0,-1.1323
2024-10-29,Capital Link LNG/LPG,CLLG,2554.03,2554.03,2554.03,2554.03,0.0,-0.8771
2024-10-30,Capital Link LNG/LPG,CLLG,2526.69,2526.69,2526.69,2526.69,0.0,-1.0705
2024-10-31,Capital Link LNG/LPG,CLLG,2502.99,2502.99,2502.99,2502.99,0.0,-0.938
2024-11-01,Capital Link LNG/LPG,CLLG,2480.89,2480.89,2480.89,2480.89,0.0,-0.8829
2024-11-04,Capital Link LNG/LPG,CLLG,2448.56,2448.56,2448.56,2448.56,0.0,-1.3032
2024-11-05,Capital Link LNG/LPG,CLLG,2471.87,2471.87,2471.87,2471.87,0.0,0.952
2024-11-06,Capital Link LNG/LPG,CLLG,2549.99,2549.99,2549.99,2549.99,0.0,3.1604
2024-11-07,Capital Link LNG/LPG,CLLG,2594.84,2594.84,2594.84,2594.84,0.0,1.7588
2024-11-08,Capital Link LNG/LPG,CLLG,2546.06,2546.06,2546.06,2546.06,0.0,-1.8799
2024-11-11,Capital Link LNG/LPG,CLLG,2548.11,2548.11,2548.11,2548.11,0.0,0.0805
2024-11-12,Capital Link LNG/LPG,CLLG,2497.01,2497.01,2497.01,2497.01,0.0,-2.0054
2024-11-13,Capital Link LNG/LPG,CLLG,2449.69,2449.69,2449.69,2449.69,0.0,-1.8951
2024-11-14,Capital Link LNG/LPG,CLLG,2443.3,2443.3,2443.3,2443.3,0.0,-0.2608
2024-11-15,Capital Link LNG/LPG,CLLG,2380.02,2380.02,2380.02,2380.02,0.0,-2.5899
2024-11-18,Capital Link LNG/LPG,CLLG,2404.29,2404.29,2404.29,2404.29,0.0,1.0197
2024-11-19,Capital Link LNG/LPG,CLLG,2420.65,2420.65,2420.65,2420.65,0.0,0.6805
2024-11-20,Capital Link LNG/LPG,CLLG,2462.86,2462.86,2462.86,2462.86,0.0,1.7437
2024-11-21,Capital Link LNG/LPG,CLLG,2492.53,2492.53,2492.53,2492.53,0.0,1.2047
2024-11-22,Capital Link LNG/LPG,CLLG,2516.29,2516.29,2516.29,2516.29,0.0,0.9532
2024-11-25,Capital Link LNG/LPG,CLLG,2653.32,2653.32,2653.32,2653.32,0.0,5.4457
2024-11-26,Capital Link LNG/LPG,CLLG,2619.56,2619.56,2619.56,2619.56,0.0,-1.2724
2024-11-27,Capital Link LNG/LPG,CLLG,2569.82,2569.82,2569.82,2569.82,0.0,-1.8988
2024-11-29,Capital Link LNG/LPG,CLLG,2579.07,2579.07,2579.07,2579.07,0.0,0.3599
2024-12-02,Capital Link LNG/LPG,CLLG,2581.61,2581.61,2581.61,2581.61,0.0,0.0985
2024-12-03,Capital Link LNG/LPG,CLLG,2598.98,2598.98,2598.98,2598.98,0.0,0.6728
2024-12-04,Capital Link LNG/LPG,CLLG,2607.45,2607.45,2607.45,2607.45,0.0,0.3259
2024-12-05,Capital Link LNG/LPG,CLLG,2684.16,2684.16,2684.16,2684.16,0.0,2.942
2024-12-06,Capital Link LNG/LPG,CLLG,2697.27,2697.27,2697.27,2697.27,0.0,0.4884
2024-12-09,Capital Link LNG/LPG,CLLG,2710.1,2710.1,2710.1,2710.1,0.0,0.4757
2024-12-10,Capital Link LNG/LPG,CLLG,2747.79,2747.79,2747.79,2747.79,0.0,1.3907
2024-12-11,Capital Link LNG/LPG,CLLG,2762.62,2762.62,2762.62,2762.62,0.0,0.5397
2024-12-12,Capital Link LNG/LPG,CLLG,2757.54,2757.54,2757.54,2757.54,0.0,-0.1839
2024-12-13,Capital Link LNG/LPG,CLLG,2773.25,2773.25,2773.25,2773.25,0.0,0.5697
2024-12-16,Capital Link LNG/LPG,CLLG,2710.51,2710.51,2710.51,2710.51,0.0,-2.2623
2024-12-17,Capital Link LNG/LPG,CLLG,2695.09,2695.09,2695.09,2695.09,0.0,-0.5689
2024-12-18,Capital Link LNG/LPG,CLLG,2627.6,2627.6,2627.6,2627.6,0.0,-2.5042
2024-12-19,Capital Link LNG/LPG,CLLG,2635.4,2635.4,2635.4,2635.4,0.0,0.2968
2024-12-20,Capital Link LNG/LPG,CLLG,2648.42,2648.42,2648.42,2648.42,0.0,0.494
2024-12-23,Capital Link LNG/LPG,CLLG,2688.67,2688.67,2688.67,2688.67,0.0,1.5198
2024-12-24,Capital Link LNG/LPG,CLLG,2725.36,2725.36,2725.36,2725.36,0.0,1.3646
2024-12-26,Capital Link LNG/LPG,CLLG,2701.91,2701.91,2701.91,2701.91,0.0,-0.8604
2024-12-27,Capital Link LNG/LPG,CLLG,2679.35,2679.35,2679.35,2679.35,0.0,-0.835
2024-12-30,Capital Link LNG/LPG,CLLG,2683.07,2683.07,2683.07,2683.07,0.0,0.1388
2024-12-31,Capital Link LNG/LPG,CLLG,2709.34,2709.34,2709.34,2709.34,0.0,0.9791
2025-01-02,Capital Link LNG/LPG,CLLG,2804.13,2804.13,2804.13,2804.13,0.0,3.4986
2025-01-03,Capital Link LNG/LPG,CLLG,2780.23,2780.23,2780.23,2780.23,0.0,-0.8523
2025-01-06,Capital Link LNG/LPG,CLLG,2740.29,2740.29,2740.29,2740.29,0.0,-1.4366
2025-01-07,Capital Link LNG/LPG,CLLG,2725.29,2725.29,2725.29,2725.29,0.0,-0.5474
2025-01-08,Capital Link LNG/LPG,CLLG,2698.25,2698.25,2698.25,2698.25,0.0,-0.9922
2025-01-10,Capital Link LNG/LPG,CLLG,2725.33,2725.33,2725.33,2725.33,0.0,1.0036
2025-01-13,Capital Link LNG/LPG,CLLG,2701.67,2701.67,2701.67,2701.67,0.0,-0.8682
2025-01-14,Capital Link LNG/LPG,CLLG,2747.05,2747.05,2747.05,2747.05,0.0,1.6797
2025-01-15,Capital Link LNG/LPG,CLLG,2750.78,2750.78,2750.78,2750.78,0.0,0.1358
2025-01-16,Capital Link LNG/LPG,CLLG,2681.84,2681.84,2681.84,2681.84,0.0,-2.5062
2025-01-17,Capital Link LNG/LPG,CLLG,2685.11,2685.11,2685.11,2685.11,0.0,0.1219
2025-01-21,Capital Link LNG/LPG,CLLG,2673.09,2673.09,2673.09,2673.09,0.0,-0.4477
2025-01-22,Capital Link LNG/LPG,CLLG,2669.91,2669.91,2669.91,2669.91,0.0,-0.119
2025-01-23,Capital Link LNG/LPG,CLLG,2639.84,2639.84,2639.84,2639.84,0.0,-1.1263
2025-01-24,Capital Link LNG/LPG,CLLG,2602.16,2602.16,2602.16,2602.16,0.0,-1.4274
2025-01-27,Capital Link LNG/LPG,CLLG,2568.38,2568.38,2568.38,2568.38,0.0,-1.2982
2025-01-28,Capital Link LNG/LPG,CLLG,2561.0,2561.0,2561.0,2561.0,0.0,-0.2873
2025-01-29,Capital Link LNG/LPG,CLLG,2608.33,2608.33,2608.33,2608.33,0.0,1.8481
2025-01-30,Capital Link LNG/LPG,CLLG,2681.09,2681.09,2681.09,2681.09,0.0,2.7895
2025-01-31,Capital Link LNG/LPG,CLLG,2628.99,2628.99,2628.99,2628.99,0.0,-1.9432
2025-02-03,Capital Link LNG/LPG,CLLG,2678.03,2678.03,2678.03,2678.03,0.0,1.8654
2025-02-04,Capital Link LNG/LPG,CLLG,2768.5,2768.5,2768.5,2768.5,0.0,3.3782
2025-02-05,Capital Link LNG/LPG,CLLG,2773.41,2773.41,2773.41,2773.41,0.0,0.1774
2025-02-06,Capital Link LNG/LPG,CLLG,2665.46,2665.46,2665.46,2665.46,0.0,-3.8923
2025-02-07,Capital Link LNG/LPG,CLLG,2633.3,2633.3,2633.3,2633.3,0.0,-1.2065
2025-02-10,Capital Link LNG/LPG,CLLG,2666.68,2666.68,2666.68,2666.68,0.0,1.2676
2025-02-11,Capital Link LNG/LPG,CLLG,2629.55,2629.55,2629.55,2629.55,0.0,-1.3924
2025-02-12,Capital Link LNG/LPG,CLLG,2610.57,2610.57,2610.57,2610.57,0.0,-0.7218
2025-02-13,Capital Link LNG/LPG,CLLG,2627.96,2627.96,2627.96,2627.96,0.0,0.6661
2025-02-14,Capital Link LNG/LPG,CLLG,2621.77,2621.77,2621.77,2621.77,0.0,-0.2355
2025-02-18,Capital Link LNG/LPG,CLLG,2626.13,2626.13,2626.13,2626.13,0.0,0.1663
2025-02-19,Capital Link LNG/LPG,CLLG,2626.96,2626.96,2626.96,2626.96,0.0,0.0316
2025-02-20,Capital Link LNG/LPG,CLLG,2607.29,2607.29,2607.29,2607.29,0.0,-0.7488
2025-02-21,Capital Link LNG/LPG,CLLG,2532.66,2532.66,2532.66,2532.66,0.0,-2.8624
2025-02-24,Capital Link LNG/LPG,CLLG,2532.76,2532.76,2532.76,2532.76,0.0,0.0039
2025-02-25,Capital Link LNG/LPG,CLLG,2477.16,2477.16,2477.16,2477.16,0.0,-2.1952
2025-02-26,Capital Link LNG/LPG,CLLG,2477.8,2477.8,2477.8,2477.8,0.0,0.0258
2025-02-27,Capital Link LNG/LPG,CLLG,2446.21,2446.21,2446.21,2446.21,0.0,-1.2749
2025-02-28,Capital Link LNG/LPG,CLLG,2458.57,2458.57,2458.57,2458.57,0.0,0.5053
2025-03-03,Capital Link LNG/LPG,CLLG,2379.4,2379.4,2379.4,2379.4,0.0,-3.2202
2025-03-04,Capital Link LNG/LPG,CLLG,2352.63,2352.63,2352.63,2352.63,0.0,-1.1251
2025-03-05,Capital Link LNG/LPG,CLLG,2325.93,2325.93,2325.93,2325.93,0.0,-1.1349
2025-03-06,Capital Link LNG/LPG,CLLG,2231.83,2231.83,2231.83,2231.83,0.0,-4.0457
2025-03-07,Capital Link LNG/LPG,CLLG,2191.0,2191.0,2191.0,2191.0,0.0,-1.8294
2025-03-10,Capital Link LNG/LPG,CLLG,2110.99,2110.99,2110.99,2110.99,0.0,-3.6518
2025-03-11,Capital Link LNG/LPG,CLLG,2144.13,2144.13,2144.13,2144.13,0.0,1.5699
2025-03-12,Capital Link LNG/LPG,CLLG,2232.25,2232.25,2232.25,2232.25,0.0,4.1098
2025-03-13,Capital Link LNG/LPG,CLLG,2211.89,2211.89,2211.89,2211.89,0.0,-0.9121
2025-03-14,Capital Link LNG/LPG,CLLG,2232.38,2232.38,2232.38,2232.38,0.0,0.9264
2025-03-17,Capital Link LNG/LPG,CLLG,2313.15,2313.15,2313.15,2313.15,0.0,3.6181
2025-03-18,Capital Link LNG/LPG,CLLG,2325.37,2325.37,2325.37,2325.37,0.0,0.5283
2025-03-19,Capital Link LNG/LPG,CLLG,2422.99,2422.99,2422.99,2422.99,0.0,4.198
2025-03-20,Capital Link LNG/LPG,CLLG,2478.66,2478.66,2478.66,2478.66,0.0,2.2976
2025-03-21,Capital Link LNG/LPG,CLLG,2454.39,2454.39,2454.39,2454.39,0.0,-0.9792
2025-03-24,Capital Link LNG/LPG,CLLG,2576.8,2576.8,2576.8,2576.8,0.0,4.9874
2025-03-25,Capital Link LNG/LPG,CLLG,2596.18,2596.18,2596.18,2596.18,0.0,0.7521
2025-03-26,Capital Link LNG/LPG,CLLG,2566.43,2566.43,2566.43,2566.43,0.0,-1.1459
2025-03-27,Capital Link LNG/LPG,CLLG,2525.0,2525.0,2525.0,2525.0,0.0,-1.6143
2025-03-28,Capital Link LNG/LPG,CLLG,2490.11,2490.11,2490.11,2490.11,0.0,-1.3818
2025-03-31,Capital Link LNG/LPG,CLLG,2456.97,2456.97,2456.97,2456.97,0.0,-1.3309
2025-04-01,Capital Link LNG/LPG,CLLG,2436.75,2436.75,2436.75,2436.75,0.0,-0.823
2025-04-02,Capital Link LNG/LPG,CLLG,2416.87,2416.87,2416.87,2416.87,0.0,-0.8158
2025-04-03,Capital Link LNG/LPG,CLLG,2243.87,2243.87,2243.87,2243.87,0.0,-7.158
2025-04-04,Capital Link LNG/LPG,CLLG,2018.47,2018.47,2018.47,2018.47,0.0,-10.0451
2025-04-07,Capital Link LNG/LPG,CLLG,2123.35,2123.35,2123.35,2123.35,0.0,5.196
2025-04-08,Capital Link LNG/LPG,CLLG,2097.09,2097.09,2097.09,2097.09,0.0,-1.2367
2025-04-09,Capital Link LNG/LPG,CLLG,2255.91,2255.91,2255.91,2255.91,0.0,7.5734
2025-04-10,Capital Link LNG/LPG,CLLG,2184.45,2184.45,2184.45,2184.45,0.0,-3.1677
2025-04-11,Capital Link LNG/LPG,CLLG,2380.13,2380.13,2380.13,2380.13,0.0,8.9579
2025-04-14,Capital Link LNG/LPG,CLLG,2390.84,2390.84,2390.84,2390.84,0.0,0.45
2025-04-15,Capital Link LNG/LPG,CLLG,2386.06,2386.06,2386.06,2386.06,0.0,-0.1999
2025-04-16,Capital Link LNG/LPG,CLLG,2427.37,2427.37,2427.37,2427.37,0.0,1.7313
2025-04-17,Capital Link LNG/LPG,CLLG,2460.58,2460.58,2460.58,2460.58,0.0,1.3681
2025-04-21,Capital Link LNG/LPG,CLLG,2420.65,2420.65,2420.65,2420.65,0.0,-1.6228
2025-04-22,Capital Link LNG/LPG,CLLG,2491.69,2491.69,2491.69,2491.69,0.0,2.9347
2025-04-23,Capital Link LNG/LPG,CLLG,2541.8,2541.8,2541.8,2541.8,0.0,2.0111
2025-04-24,Capital Link LNG/LPG,CLLG,2597.17,2597.17,2597.17,2597.17,0.0,2.1784
2025-04-25,Capital Link LNG/LPG,CLLG,2615.0,2615.0,2615.0,2615.0,0.0,0.6865
2025-04-28,Capital Link LNG/LPG,CLLG,2615.21,2615.21,2615.21,2615.21,0.0,0.008
2025-04-29,Capital Link LNG/LPG,CLLG,2657.59,2657.59,2657.59,2657.59,0.0,1.6205
2025-04-30,Capital Link LNG/LPG,CLLG,2705.87,2705.87,2705.87,2705.87,0.0,1.8167
2025-05-01,Capital Link LNG/LPG,CLLG,2726.41,2726.41,2726.41,2726.41,0.0,0.7591
2025-05-02,Capital Link LNG/LPG,CLLG,2630.8,2630.8,2630.8,2630.8,0.0,-3.5068
2025-05-05,Capital Link LNG/LPG,CLLG,2580.65,2580.65,2580.65,2580.65,0.0,-1.9063
2025-05-06,Capital Link LNG/LPG,CLLG,2591.98,2591.98,2591.98,2591.98,0.0,0.439
2025-05-07,Capital Link LNG/LPG,CLLG,2553.18,2553.18,2553.18,2553.18,0.0,-1.4969
2025-05-08,Capital Link LNG/LPG,CLLG,2524.79,2524.79,2524.79,2524.79,0.0,-1.1119
2025-05-09,Capital Link LNG/LPG,CLLG,2499.46,2499.46,2499.46,2499.46,0.0,-1.0033
2025-05-12,Capital Link LNG/LPG,CLLG,2500.25,2500.25,2500.25,2500.25,0.0,0.0316
2025-05-13,Capital Link LNG/LPG,CLLG,2584.47,2584.47,2584.47,2584.47,0.0,3.3685
2025-05-14,Capital Link LNG/LPG,CLLG,2622.73,2622.73,2622.73,2622.73,0.0,1.4804
2025-05-15,Capital Link LNG/LPG,CLLG,2586.97,2586.97,2586.97,2586.97,0.0,-1.3635
2025-05-16,Capital Link LNG/LPG,CLLG,2608.61,2608.61,2608.61,2608.61,0.0,0.8365
2025-05-19,Capital Link LNG/LPG,CLLG,2604.05,2604.05,2604.05,2604.05,0.0,-0.1748
2025-05-20,Capital Link LNG/LPG,CLLG,2620.59,2620.59,2620.59,2620.59,0.0,0.6352
2025-05-21,Capital Link LNG/LPG,CLLG,2524.81,2524.81,2524.81,2524.81,0.0,-3.6549
2025-05-22,Capital Link LNG/LPG,CLLG,2466.49,2466.49,2466.49,2466.49,0.0,-2.3099
2025-05-23,Capital Link LNG/LPG,CLLG,2501.96,2501.96,2501.96,2501.96,0.0,1.4381
2025-05-27,Capital Link LNG/LPG,CLLG,2561.64,2561.64,2561.64,2561.64,0.0,2.3853
2025-05-28,Capital Link LNG/LPG,CLLG,2657.72,2657.72,2657.72,2657.72,0.0,3.7507
2025-05-29,Capital Link LNG/LPG,CLLG,2704.32,2704.32,2704.32,2704.32,0.0,1.7534
2025-05-30,Capital Link LNG/LPG,CLLG,2679.47,2679.47,2679.47,2679.47,0.0,-0.9189
2025-06-02,Capital Link LNG/LPG,CLLG,2702.75,2702.75,2702.75,2702.75,0.0,0.8688
2025-06-03,Capital Link LNG/LPG,CLLG,2712.68,2712.68,2712.68,2712.68,0.0,0.3674
2025-06-04,Capital Link LNG/LPG,CLLG,2687.83,2687.83,2687.83,2687.83,0.0,-0.9161
2025-06-05,Capital Link LNG/LPG,CLLG,2712.36,2712.36,2712.36,2712.36,0.0,0.9126
2025-06-06,Capital Link LNG/LPG,CLLG,2700.02,2700.02,2700.02,2700.02,0.0,-0.455
2025-06-09,Capital Link LNG/LPG,CLLG,2694.09,2694.09,2694.09,2694.09,0.0,-0.2196
2025-06-10,Capital Link LNG/LPG,CLLG,2687.53,2687.53,2687.53,2687.53,0.0,-0.2435
2025-06-11,Capital Link LNG/LPG,CLLG,2709.19,2709.19,2709.19,2709.19,0.0,0.8059
2025-06-12,Capital Link LNG/LPG,CLLG,2735.0,2735.0,2735.0,2735.0,0.0,0.9527
2025-06-13,Capital Link LNG/LPG,CLLG,2755.35,2755.35,2755.35,2755.35,0.0,0.7441
2025-06-16,Capital Link LNG/LPG,CLLG,2737.9,2737.9,2737.9,2737.9,0.0,-0.6333
2025-06-17,Capital Link LNG/LPG,CLLG,2788.6,2788.6,2788.6,2788.6,0.0,1.8518
2025-06-18,Capital Link LNG/LPG,CLLG,2763.8,2763.8,2763.8,2763.8,0.0,-0.8893
2025-06-20,Capital Link LNG/LPG,CLLG,2733.36,2733.36,2733.36,2733.36,0.0,-1.1014
2025-06-23,Capital Link LNG/LPG,CLLG,2698.06,2698.06,2698.06,2698.06,0.0,-1.2915
2025-06-24,Capital Link LNG/LPG,CLLG,2700.17,2700.17,2700.17,2700.17,0.0,0.0782
2025-06-25,Capital Link LNG/LPG,CLLG,2700.73,2700.73,2700.73,2700.73,0.0,0.0207
2025-06-26,Capital Link LNG/LPG,CLLG,2711.13,2711.13,2711.13,2711.13,0.0,0.3851
2025-06-27,Capital Link LNG/LPG,CLLG,2695.44,2695.44,2695.44,2695.44,0.0,-0.5787
2025-06-30,Capital Link LNG/LPG,CLLG,2605.92,2605.92,2605.92,2605.92,0.0,-3.3212
2025-07-01,Capital Link LNG/LPG,CLLG,2577.77,2577.77,2577.77,2577.77,0.0,-1.0802
2025-07-02,Capital Link LNG/LPG,CLLG,2621.9,2621.9,2621.9,2621.9,0.0,1.7119
2025-07-03,Capital Link LNG/LPG,CLLG,2642.51,2642.51,2642.51,2642.51,0.0,0.7861
2025-07-07,Capital Link LNG/LPG,CLLG,2665.36,2665.36,2665.36,2665.36,0.0,0.8647
2025-07-08,Capital Link LNG/LPG,CLLG,2675.17,2675.17,2675.17,2675.17,0.0,0.3681
2025-07-09,Capital Link LNG/LPG,CLLG,2623.54,2623.54,2623.54,2623.54,0.0,-1.93
2025-07-10,Capital Link LNG/LPG,CLLG,2641.49,2641.49,2641.49,2641.49,0.0,0.6842
2025-07-11,Capital Link LNG/LPG,CLLG,2649.86,2649.86,2649.86,2649.86,0.0,0.3169
2025-07-14,Capital Link LNG/LPG,CLLG,2645.93,2645.93,2645.93,2645.93,0.0,-0.1483
2025-07-15,Capital Link LNG/LPG,CLLG,2620.66,2620.66,2620.66,2620.66,0.0,-0.9551
2025-07-16,Capital Link LNG/LPG,CLLG,2616.63,2616.63,2616.63,2616.63,0.0,-0.1538
2025-07-17,Capital Link LNG/LPG,CLLG,2656.5,2656.5,2656.5,2656.5,0.0,1.5237
2025-07-18,Capital Link LNG/LPG,CLLG,2656.43,2656.43,2656.43,2656.43,0.0,-0.0026
2025-07-21,Capital Link LNG/LPG,CLLG,2611.44,2611.44,2611.44,2611.44,0.0,-1.6936
2025-07-22,Capital Link LNG/LPG,CLLG,2626.29,2626.29,2626.29,2626.29,0.0,0.5687
2025-07-23,Capital Link LNG/LPG,CLLG,2661.91,2661.91,2661.91,2661.91,0.0,1.3563
2025-07-24,Capital Link LNG/LPG,CLLG,2654.04,2654.04,2654.04,2654.04,0.0,-0.2957
2025-07-25,Capital Link LNG/LPG,CLLG,2625.52,2625.52,2625.52,2625.52,0.0,-1.0746
2025-07-28,Capital Link LNG/LPG,CLLG,2664.04,2664.04,2664.04,2664.04,0.0,1.4671
2025-07-29,Capital Link LNG/LPG,CLLG,2684.05,2684.05,2684.05,2684.05,0.0,0.7511
2025-07-30,Capital Link LNG/LPG,CLLG,2684.91,2684.91,2684.91,2684.91,0.0,0.032
2025-07-31,Capital Link LNG/LPG,CLLG,2671.73,2671.73,2671.73,2671.73,0.0,-0.4909
2025-08-01,Capital Link LNG/LPG,CLLG,2617.6,2617.6,2617.6,2617.6,0.0,-2.026
2025-08-04,Capital Link LNG/LPG,CLLG,2670.43,2670.43,2670.43,2670.43,0.0,2.0183
2025-08-05,Capital Link LNG/LPG,CLLG,2733.13,2733.13,2733.13,2733.13,0.0,2.3479
2025-08-06,Capital Link LNG/LPG,CLLG,2712.44,2712.44,2712.44,2712.44,0.0,-0.757
2025-08-07,Capital Link LNG/LPG,CLLG,2696.58,2696.58,2696.58,2696.58,0.0,-0.5847
2025-08-08,Capital Link LNG/LPG,CLLG,2686.92,2686.92,2686.92,2686.92,0.0,-0.3582
2025-08-11,Capital Link LNG/LPG,CLLG,2635.8,2635.8,2635.8,2635.8,0.0,-1.9026
2025-08-12,Capital Link LNG/LPG,CLLG,2650.27,2650.27,2650.27,2650.27,0.0,0.549
2025-08-13,Capital Link LNG/LPG,CLLG,2639.17,2639.17,2639.17,2639.17,0.0,-0.4188
2025-08-14,Capital Link LNG/LPG,CLLG,2631.11,2631.11,2631.11,2631.11,0.0,-0.3054
2025-08-15,Capital Link LNG/LPG,CLLG,2642.03,2642.03,2642.03,2642.03,0.0,0.415
2025-08-18,Capital Link LNG/LPG,CLLG,2689.88,2689.88,2689.88,2689.88,0.0,1.8111
2025-08-19,Capital Link LNG/LPG,CLLG,2676.14,2676.14,2676.14,2676.14,0.0,-0.5108
2025-08-20,Capital Link LNG/LPG,CLLG,2727.52,2727.52,2727.52,2727.52,0.0,1.9199
2025-08-21,Capital Link LNG/LPG,CLLG,2795.41,2795.41,2795.41,2795.41,0.0,2.4891
2025-08-22,Capital Link LNG/LPG,CLLG,2883.86,2883.86,2883.86,2883.86,0.0,3.1641
2025-08-25,Capital Link LNG/LPG,CLLG,2862.03,2862.03,2862.03,2862.03,0.0,-0.757
2025-08-26,Capital Link LNG/LPG,CLLG,2892.46,2892.46,2892.46,2892.46,0.0,1.0632
2025-08-27,Capital Link LNG/LPG,CLLG,2899.86,2899.86,2899.86,2899.86,0.0,0.2558
2025-08-28,Capital Link LNG/LPG,CLLG,2900.0,2900.0,2900.0,2900.0,0.0,0.0048
2025-08-29,Capital Link LNG/LPG,CLLG,2853.49,2853.49,2853.49,2853.49,0.0,-1.6038
2025-09-02,Capital Link LNG/LPG,CLLG,2789.69,2789.69,2789.69,2789.69,0.0,-2.2359
2025-09-03,Capital Link LNG/LPG,CLLG,2806.84,2806.84,2806.84,2806.84,0.0,0.6148
2025-09-04,Capital Link LNG/LPG,CLLG,2831.47,2831.47,2831.47,2831.47,0.0,0.8775
2025-09-05,Capital Link LNG/LPG,CLLG,2843.19,2843.19,2843.19,2843.19,0.0,0.4139
2025-09-08,Capital Link LNG/LPG,CLLG,2753.5,2753.5,2753.5,2753.5,0.0,-3.1546
2025-09-09,Capital Link LNG/LPG,CLLG,2708.09,2708.09,2708.09,2708.09,0.0,-1.6492
2025-09-10,Capital Link LNG/LPG,CLLG,2718.16,2718.16,2718.16,2718.16,0.0,0.3718
2025-09-11,Capital Link LNG/LPG,CLLG,2691.25,2691.25,2691.25,2691.25,0.0,-0.99
2025-09-12,Capital Link LNG/LPG,CLLG,2674.96,2674.96,2674.96,2674.96,0.0,-0.6053
2025-09-15,Capital Link LNG/LPG,CLLG,2667.99,2667.99,2667.99,2667.99,0.0,-0.2606
2025-09-16,Capital Link LNG/LPG,CLLG,2652.68,2652.68,2652.68,2652.68,0.0,-0.5738
2025-09-17,Capital Link LNG/LPG,CLLG,2641.74,2641.74,2641.74,2641.74,0.0,-0.4124
2025-09-18,Capital Link LNG/LPG,CLLG,2651.56,2651.56,2651.56,2651.56,0.0,0.3717
2025-09-19,Capital Link LNG/LPG,CLLG,2617.28,2617.28,2617.28,2617.28,0.0,-1.2928
2025-09-22,Capital Link LNG/LPG,CLLG,2645.48,2645.48,2645.48,2645.48,0.0,1.0775
2025-09-23,Capital Link LNG/LPG,CLLG,2678.57,2678.57,2678.57,2678.57,0.0,1.2508
2025-09-24,Capital Link LNG/LPG,CLLG,2710.3,2710.3,2710.3,2710.3,0.0,1.1846
2025-09-25,Capital Link LNG/LPG,CLLG,2668.75,2668.75,2668.75,2668.75,0.0,-1.533
2025-09-26,Capital Link LNG/LPG,CLLG,2661.04,2661.04,2661.04,2661.04,0.0,-0.2889
2025-09-29,Capital Link LNG/LPG,CLLG,2620.75,2620.75,2620.75,2620.75,0.0,-1.5141
2025-09-30,Capital Link LNG/LPG,CLLG,2623.23,2623.23,2623.23,2623.23,0.0,0.0946
2025-10-01,Capital Link LNG/LPG,CLLG,2611.7,2611.7,2611.7,2611.7,0.0,-0.4395
2025-10-02,Capital Link LNG/LPG,CLLG,2573.04,2573.04,2573.04,2573.04,0.0,-1.4803
2025-10-03,Capital Link LNG/LPG,CLLG,2569.4,2569.4,2569.4,2569.4,0.0,-0.1415
2025-10-06,Capital Link LNG/LPG,CLLG,2560.03,2560.03,2560.03,2560.03,0.0,-0.3647
2025-10-07,Capital Link LNG/LPG,CLLG,2524.97,2524.97,2524.97,2524.97,0.0,-1.3695
2025-10-08,Capital Link LNG/LPG,CLLG,2499.62,2499.62,2499.62,2499.62,0.0,-1.004
2025-10-09,Capital Link LNG/LPG,CLLG,2518.47,2518.47,2518.47,2518.47,0.0,0.7541
2025-10-10,Capital Link LNG/LPG,CLLG,2484.34,2484.34,2484.34,2484.34,0.0,-1.3552
2025-10-13,Capital Link LNG/LPG,CLLG,2543.11,2543.11,2543.11,2543.11,0.0,2.3656
2025-10-14,Capital Link LNG/LPG,CLLG,2482.98,2482.98,2482.98,2482.98,0.0,-2.3644
2025-10-15,Capital Link LNG/LPG,CLLG,2525.02,2525.02,2525.02,2525.02,0.0,1.6931
2025-10-16,Capital Link LNG/LPG,CLLG,2501.14,2501.14,2501.14,2501.14,0.0,-0.9457
2025-10-17,Capital Link LNG/LPG,CLLG,2494.8,2494.8,2494.8,2494.8,0.0,-0.2535
2025-10-20,Capital Link LNG/LPG,CLLG,2508.25,2508.25,2508.25,2508.25,0.0,0.5391
2025-10-21,Capital Link LNG/LPG,CLLG,2480.39,2480.39,2480.39,2480.39,0.0,-1.1107
2025-10-22,Capital Link LNG/LPG,CLLG,2502.17,2502.17,2502.17,2502.17,0.0,0.8781
2025-10-23,Capital Link LNG/LPG,CLLG,2524.96,2524.96,2524.96,2524.96,0.0,0.9108
2025-10-24,Capital Link LNG/LPG,CLLG,2495.64,2495.64,2495.64,2495.64,0.0,-1.1612
2025-10-27,Capital Link LNG/LPG,CLLG,2619.8,2619.8,2619.8,2619.8,0.0,4.9751
2025-10-28,Capital Link LNG/LPG,CLLG,2663.42,2663.42,2663.42,2663.42,0.0,1.665
2025-10-29,Capital Link LNG/LPG,CLLG,2649.26,2649.26,2649.26,2649.26,0.0,-0.5316
2025-10-30,Capital Link LNG/LPG,CLLG,2609.8,2609.8,2609.8,2609.8,0.0,-1.4895
2025-10-31,Capital Link LNG/LPG,CLLG,2654.45,2654.45,2654.45,2654.45,0.0,1.7109
2025-11-03,Capital Link LNG/LPG,CLLG,2662.47,2662.47,2662.47,2662.47,0.0,0.3021
2025-11-04,Capital Link LNG/LPG,CLLG,2626.41,2626.41,2626.41,2626.41,0.0,-1.3544
2025-11-05,Capital Link LNG/LPG,CLLG,2603.74,2603.74,2603.74,2603.74,0.0,-0.8632
2025-11-06,Capital Link LNG/LPG,CLLG,2546.34,2546.34,2546.34,2546.34,0.0,-2.2045
2025-11-07,Capital Link LNG/LPG,CLLG,2530.83,2530.83,2530.83,2530.83,0.0,-0.6091
2025-11-10,Capital Link LNG/LPG,CLLG,2543.55,2543.55,2543.55,2543.55,0.0,0.5026
2025-11-11,Capital Link LNG/LPG,CLLG,2512.87,2512.87,2512.87,2512.87,0.0,-1.2062
2025-11-12,Capital Link LNG/LPG,CLLG,2475.13,2475.13,2475.13,2475.13,0.0,-1.5019
2025-11-13,Capital Link LNG/LPG,CLLG,2466.35,2466.35,2466.35,2466.35,0.0,-0.3547
2025-11-14,Capital Link LNG/LPG,CLLG,2507.14,2507.14,2507.14,2507.14,0.0,1.6539
2025-11-17,Capital Link LNG/LPG,CLLG,2467.72,2467.72,2467.72,2467.72,0.0,-1.5723
2025-11-18,Capital Link LNG/LPG,CLLG,2442.8,2442.8,2442.8,2442.8,0.0,-1.0098
2025-11-19,Capital Link LNG/LPG,CLLG,2410.06,2410.06,2410.06,2410.06,0.0,-1.3403
2025-11-20,Capital Link LNG/LPG,CLLG,2378.87,2378.87,2378.87,2378.87,0.0,-1.2942
2025-11-21,Capital Link LNG/LPG,CLLG,2389.48,2389.48,2389.48,2389.48,0.0,0.446
2025-11-24,Capital Link LNG/LPG,CLLG,2357.97,2357.97,2357.97,2357.97,0.0,-1.3187
2025-11-25,Capital Link LNG/LPG,CLLG,2381.35,2381.35,2381.35,2381.35,0.0,0.9915
2025-11-26,Capital Link LNG/LPG,CLLG,2405.94,2405.94,2405.94,2405.94,0.0,1.0326
2025-11-28,Capital Link LNG/LPG,CLLG,2417.62,2417.62,2417.62,2417.62,0.0,0.4855
2025-12-01,Capital Link LNG/LPG,CLLG,2401.74,2401.74,2401.74,2401.74,0.0,-0.6568
2025-12-02,Capital Link LNG/LPG,CLLG,2410.71,2410.71,2410.71,2410.71,0.0,0.3735
2025-12-03,Capital Link LNG/LPG,CLLG,2476.35,2476.35,2476.35,2476.35,0.0,2.7228
2025-12-04,Capital Link LNG/LPG,CLLG,2496.56,2496.56,2496.56,2496.56,0.0,0.8161
2025-12-05,Capital Link LNG/LPG,CLLG,2470.03,2470.03,2470.03,2470.03,0.0,-1.0627
2025-12-08,Capital Link LNG/LPG,CLLG,2474.65,2474.65,2474.65,2474.65,0.0,0.187
2025-12-09,Capital Link LNG/LPG,CLLG,2473.2,2473.2,2473.2,2473.2,0.0,-0.0586
2025-12-10,Capital Link LNG/LPG,CLLG,2435.66,2435.66,2435.66,2435.66,0.0,-1.5179
2025-12-11,Capital Link LNG/LPG,CLLG,2415.29,2415.29,2415.29,2415.29,0.0,-0.8363
2025-12-12,Capital Link LNG/LPG,CLLG,2405.77,2405.77,2405.77,2405.77,0.0,-0.3942
2025-12-15,Capital Link LNG/LPG,CLLG,2403.72,2403.72,2403.72,2403.72,0.0,-0.0852
2025-12-16,Capital Link LNG/LPG,CLLG,2400.72,2400.72,2400.72,2400.72,0.0,-0.1248
2025-12-17,Capital Link LNG/LPG,CLLG,2422.56,2422.56,2422.56,2422.56,0.0,0.9097
2025-12-18,Capital Link LNG/LPG,CLLG,2413.97,2413.97,2413.97,2413.97,0.0,-0.3546
2025-12-19,Capital Link LNG/LPG,CLLG,2440.33,2440.33,2440.33,2440.33,0.0,1.092
2025-12-22,Capital Link LNG/LPG,CLLG,2424.37,2424.37,2424.37,2424.37,0.0,-0.654
2025-12-23,Capital Link LNG/LPG,CLLG,2401.99,2401.99,2401.99,2401.99,0.0,-0.9231
2025-12-24,Capital Link LNG/LPG,CLLG,2402.16,2402.16,2402.16,2402.16,0.0,0.0071
2025-12-26,Capital Link LNG/LPG,CLLG,2401.06,2401.06,2401.06,2401.06,0.0,-0.0458
2025-12-29,Capital Link LNG/LPG,CLLG,2420.32,2420.32,2420.32,2420.32,0.0,0.8021
2025-12-30,Capital Link LNG/LPG,CLLG,2401.93,2401.93,2401.93,2401.93,0.0,-0.7598
2025-12-31,Capital Link LNG/LPG,CLLG,2411.38,2411.38,2411.38,2411.38,0.0,0.3934
2026-01-02,Capital Link LNG/LPG,CLLG,2424.02,2424.02,2424.02,2424.02,0.0,0.5242
2026-01-05,Capital Link LNG/LPG,CLLG,2451.89,2451.89,2451.89,2451.89,0.0,1.1497
2026-01-06,Capital Link LNG/LPG,CLLG,2453.26,2453.26,2453.26,2453.26,0.0,0.0559
2026-01-07,Capital Link LNG/LPG,CLLG,2510.84,2510.84,2510.84,2510.84,0.0,2.3471
2026-01-08,Capital Link LNG/LPG,CLLG,2530.63,2530.63,2530.63,2530.63,0.0,0.7882
2026-01-09,Capital Link LNG/LPG,CLLG,2589.99,2589.99,2589.99,2589.99,0.0,2.3457
2026-01-12,Capital Link LNG/LPG,CLLG,2601.76,2601.76,2601.76,2601.76,0.0,0.4544
2026-01-13,Capital Link LNG/LPG,CLLG,2646.59,2646.59,2646.59,2646.59,0.0,1.7231
2026-01-14,Capital Link LNG/LPG,CLLG,2668.3,2668.3,2668.3,2668.3,0.0,0.8203
2026-01-15,Capital Link LNG/LPG,CLLG,2668.68,2668.68,2668.68,2668.68,0.0,0.0142
2026-01-16,Capital Link LNG/LPG,CLLG,2661.18,2661.18,2661.18,2661.18,0.0,-0.281
2026-01-20,Capital Link LNG/LPG,CLLG,2620.03,2620.03,2620.03,2620.03,0.0,-1.5463
2026-01-21,Capital Link LNG/LPG,CLLG,2682.0,2682.0,2682.0,2682.0,0.0,2.3652
2026-01-22,Capital Link LNG/LPG,CLLG,2685.81,2685.81,2685.81,2685.81,0.0,0.1421
2026-01-23,Capital Link LNG/LPG,CLLG,2690.03,2690.03,2690.03,2690.03,0.0,0.1571
2026-01-26,Capital Link LNG/LPG,CLLG,2651.82,2651.82,2651.82,2651.82,0.0,-1.4204
2026-01-27,Capital Link LNG/LPG,CLLG,2682.5,2682.5,2682.5,2682.5,0.0,1.1569
2026-01-28,Capital Link LNG/LPG,CLLG,2727.31,2727.31,2727.31,2727.31,0.0,1.6705
2026-01-29,Capital Link LNG/LPG,CLLG,2756.06,2756.06,2756.06,2756.06,0.0,1.0542
2026-01-30,Capital Link LNG/LPG,CLLG,2730.42,2730.42,2730.42,2730.42,0.0,-0.9303
2026-02-02,Capital Link LNG/LPG,CLLG,2745.94,2745.94,2745.94,2745.94,0.0,0.5684
2026-02-03,Capital Link LNG/LPG,CLLG,2781.0,2781.0,2781.0,2781.0,0.0,1.2768
2026-02-04,Capital Link LNG/LPG,CLLG,2725.86,2725.86,2725.86,2725.86,0.0,-1.9827
2026-02-05,Capital Link LNG/LPG,CLLG,2705.14,2705.14,2705.14,2705.14,0.0,-0.7601
2026-02-06,Capital Link LNG/LPG,CLLG,2818.05,2818.05,2818.05,2818.05,0.0,4.1739
2026-02-09,Capital Link LNG/LPG,CLLG,2855.87,2855.87,2855.87,2855.87,0.0,1.3421
2026-02-10,Capital Link LNG/LPG,CLLG,2874.1,2874.1,2874.1,2874.1,0.0,0.6383
2026-02-11,Capital Link LNG/LPG,CLLG,2922.84,2922.84,2922.84,2922.84,0.0,1.6958
2026-02-12,Capital Link LNG/LPG,CLLG,2888.25,2888.25,2888.25,2888.25,0.0,-1.1834
2026-02-13,Capital Link LNG/LPG,CLLG,2920.47,2920.47,2920.47,2920.47,0.0,1.1156
2026-02-17,Capital Link LNG/LPG,CLLG,2952.44,2952.44,2952.44,2952.44,0.0,1.0947
2026-02-18,Capital Link LNG/LPG,CLLG,3004.87,3004.87,3004.87,3004.87,0.0,1.7758
2026-02-19,Capital Link LNG/LPG,CLLG,3026.52,3026.52,3026.52,3026.52,0.0,0.7205
2026-02-20,Capital Link LNG/LPG,CLLG,3078.42,3078.42,3078.42,3078.42,0.0,1.7148
2026-02-23,Capital Link LNG/LPG,CLLG,3032.39,3032.39,3032.39,3032.39,0.0,-1.4952
2026-02-24,Capital Link LNG/LPG,CLLG,3029.27,3029.27,3029.27,3029.27,0.0,-0.1029
2026-02-25,Capital Link LNG/LPG,CLLG,2969.7,2969.7,2969.7,2969.7,0.0,-1.9665
2026-02-26,Capital Link LNG/LPG,CLLG,2971.85,2971.85,2971.85,2971.85,0.0,0.0724
2026-02-27,Capital Link LNG/LPG,CLLG,3014.01,3014.01,3014.01,3014.01,0.0,1.4186
2026-03-02,Capital Link LNG/LPG,CLLG,3109.85,3109.85,3109.85,3109.85,0.0,3.1798
2026-03-03,Capital Link LNG/LPG,CLLG,3094.9,3094.9,3094.9,3094.9,0.0,-0.4807
2026-03-04,Capital Link LNG/LPG,CLLG,3137.04,3137.04,3137.04,3137.04,0.0,1.3616
2026-03-05,Capital Link LNG/LPG,CLLG,3080.07,3080.07,3080.07,3080.07,0.0,-1.816
2026-03-06,Capital Link LNG/LPG,CLLG,3102.37,3102.37,3102.37,3102.37,0.0,0.724
2026-03-09,Capital Link LNG/LPG,CLLG,3049.49,3049.49,3049.49,3049.49,0.0,-1.7045
2026-03-10,Capital Link LNG/LPG,CLLG,3032.31,3032.31,3032.31,3032.31,0.0,-0.5634
2026-03-11,Capital Link LNG/LPG,CLLG,2957.09,2957.09,2957.09,2957.09,0.0,-2.4806
2026-03-12,Capital Link LNG/LPG,CLLG,2898.86,2898.86,2898.86,2898.86,0.0,-1.9692
2026-03-13,Capital Link LNG/LPG,CLLG,2831.73,2831.73,2831.73,2831.73,0.0,-2.3157
2026-03-16,Capital Link LNG/LPG,CLLG,2944.84,2944.84,2944.84,2944.84,0.0,3.9944
2026-03-17,Capital Link LNG/LPG,CLLG,3011.55,3011.55,3011.55,3011.55,0.0,2.2653
2026-03-18,Capital Link LNG/LPG,CLLG,3126.81,3126.81,3126.81,3126.81,0.0,3.8273
2026-03-19,Capital Link LNG/LPG,CLLG,3287.5,3287.5,3287.5,3287.5,0.0,5.1391
2026-03-20,Capital Link LNG/LPG,CLLG,3320.87,3320.87,3320.87,3320.87,0.0,1.0151
2026-03-23,Capital Link LNG/LPG,CLLG,3390.33,3390.33,3390.33,3390.33,0.0,2.0916
2026-03-24,Capital Link LNG/LPG,CLLG,3490.76,3490.76,3490.76,3490.76,0.0,2.9622
2026-03-25,Capital Link LNG/LPG,CLLG,3418.2,3418.2,3418.2,3418.2,0.0,-2.0786
2026-03-26,Capital Link LNG/LPG,CLLG,3424.64,3424.64,3424.64,3424.64,0.0,0.1884
2026-03-27,Capital Link LNG/LPG,CLLG,3480.78,3480.78,3480.78,3480.78,0.0,1.6393
2026-03-30,Capital Link LNG/LPG,CLLG,3449.06,3449.06,3449.06,3449.06,0.0,-0.9113
2026-03-31,Capital Link LNG/LPG,CLLG,3470.38,3470.38,3470.38,3470.38,0.0,0.6181
2026-04-01,Capital Link LNG/LPG,CLLG,3410.35,3410.35,3410.35,3410.35,0.0,-1.7298
2026-04-02,Capital Link LNG/LPG,CLLG,3516.77,3516.77,3516.77,3516.77,0.0,3.1205
2026-04-06,Capital Link LNG/LPG,CLLG,3539.41,3539.41,3539.41,3539.41,0.0,0.6438
2026-04-07,Capital Link LNG/LPG,CLLG,3472.9,3472.9,3472.9,3472.9,0.0,-1.8791
2026-04-08,Capital Link LNG/LPG,CLLG,3511.9,3511.9,3511.9,3511.9,0.0,1.123
2026-04-09,Capital Link LNG/LPG,CLLG,3421.96,3421.96,3421.96,3421.96,0.0,-2.561
2026-04-10,Capital Link LNG/LPG,CLLG,3408.14,3408.14,3408.14,3408.14,0.0,-0.4039
2026-04-13,Capital Link LNG/LPG,CLLG,3435.46,3435.46,3435.46,3435.46,0.0,0.8016
2026-04-14,Capital Link LNG/LPG,CLLG,3416.92,3416.92,3416.92,3416.92,0.0,-0.5397
2026-04-15,Capital Link LNG/LPG,CLLG,3456.96,3456.96,3456.96,3456.96,0.0,1.1718
2026-04-16,Capital Link LNG/LPG,CLLG,3449.55,3449.55,3449.55,3449.55,0.0,-0.2144
2026-04-17,Capital Link LNG/LPG,CLLG,3398.13,3398.13,3398.13,3398.13,0.0,-1.4906
2026-04-20,Capital Link LNG/LPG,CLLG,3411.86,3411.86,3411.86,3411.86,0.0,0.404
2026-04-21,Capital Link LNG/LPG,CLLG,3402.59,3402.59,3402.59,3402.59,0.0,-0.2717
2026-04-22,Capital Link LNG/LPG,CLLG,3423.11,3423.11,3423.11,3423.11,0.0,0.6031
2026-04-23,Capital Link LNG/LPG,CLLG,3405.69,3405.69,3405.69,3405.69,0.0,-0.5089
2026-04-24,Capital Link LNG/LPG,CLLG,3404.87,3404.87,3404.87,3404.87,0.0,-0.0241
2026-04-27,Capital Link LNG/LPG,CLLG,3449.1,3449.1,3449.1,3449.1,0.0,1.299
2026-04-28,Capital Link LNG/LPG,CLLG,3463.97,3463.97,3463.97,3463.97,0.0,0.4311
2026-04-29,Capital Link LNG/LPG,CLLG,3486.47,3486.47,3486.47,3486.47,0.0,0.6495
2026-04-30,Capital Link LNG/LPG,CLLG,3546.67,3546.67,3546.67,3546.67,0.0,1.7267
2026-05-01,Capital Link LNG/LPG,CLLG,3590.48,3590.48,3590.48,3590.48,0.0,1.2352
2026-05-04,Capital Link LNG/LPG,CLLG,3621.32,3621.32,3621.32,3621.32,0.0,0.8589
2026-05-05,Capital Link LNG/LPG,CLLG,3703.0,3703.0,3703.0,3703.0,0.0,2.2555
2026-05-06,Capital Link LNG/LPG,CLLG,3562.28,3562.28,3562.28,3562.28,0.0,-3.8002
2026-05-07,Capital Link LNG/LPG,CLLG,3586.23,3586.23,3586.23,3586.23,0.0,0.6723
2026-05-08,Capital Link LNG/LPG,CLLG,3632.33,3632.33,3632.33,3632.33,0.0,1.2855
2026-05-11,Capital Link LNG/LPG,CLLG,3684.57,3684.57,3684.57,3684.57,0.0,1.4382
2026-05-12,Capital Link LNG/LPG,CLLG,3716.67,3716.67,3716.67,3716.67,0.0,0.8712
2026-05-13,Capital Link LNG/LPG,CLLG,3680.89,3680.89,3680.89,3680.89,0.0,-0.9627
2026-05-14,Capital Link LNG/LPG,CLLG,3720.67,3720.67,3720.67,3720.67,0.0,1.0807
2026-05-15,Capital Link LNG/LPG,CLLG,3716.69,3716.69,3716.69,3716.69,0.0,-0.107
2026-05-18,Capital Link LNG/LPG,CLLG,3719.56,3719.56,3719.56,3719.56,0.0,0.0772
2026-05-19,Capital Link LNG/LPG,CLLG,3682.97,3682.97,3682.97,3682.97,0.0,-0.9837
2026-05-20,Capital Link LNG/LPG,CLLG,3752.61,3752.61,3752.61,3752.61,0.0,1.8909
2026-05-21,Capital Link LNG/LPG,CLLG,3600.91,3600.91,3600.91,3600.91,0.0,-4.0425
2026-05-22,Capital Link LNG/LPG,CLLG,3569.47,3569.47,3569.47,3569.47,0.0,-0.8731
2026-05-26,Capital Link LNG/LPG,CLLG,3524.51,3524.51,3524.51,3524.51,0.0,-1.2596
2026-05-27,Capital Link LNG/LPG,CLLG,3433.79,3433.79,3433.79,3433.79,0.0,-2.574
2026-05-28,Capital Link LNG/LPG,CLLG,3350.61,3350.61,3350.61,3350.61,0.0,-2.4224
2026-05-29,Capital Link LNG/LPG,CLLG,3307.97,3307.97,3307.97,3307.97,0.0,-1.2726
2026-06-01,Capital Link LNG/LPG,CLLG,3417.64,3417.64,3417.64,3417.64,0.0,3.3153
2026-06-02,Capital Link LNG/LPG,CLLG,3460.97,3460.97,3460.97,3460.97,0.0,1.2678
2026-06-03,Capital Link LNG/LPG,CLLG,3443.83,3443.83,3443.83,3443.83,0.0,-0.4952
2026-06-04,Capital Link LNG/LPG,CLLG,3455.86,3455.86,3455.86,3455.86,0.0,0.3493
2026-06-05,Capital Link LNG/LPG,CLLG,3430.43,3430.43,3430.43,3430.43,0.0,-0.7359
2026-06-08,Capital Link LNG/LPG,CLLG,3449.1,3449.1,3449.1,3449.1,0.0,0.5442
2026-06-09,Capital Link LNG/LPG,CLLG,3471.56,3471.56,3471.56,3471.56,0.0,0.6512
2026-06-10,Capital Link LNG/LPG,CLLG,3474.87,3474.87,3474.87,3474.87,0.0,0.0953
2026-06-11,Capital Link LNG/LPG,CLLG,3463.13,3463.13,3463.13,3463.13,0.0,-0.3379
2026-06-12,Capital Link LNG/LPG,CLLG,3515.52,3515.52,3515.52,3515.52,0.0,1.5128
2026-06-15,Capital Link LNG/LPG,CLLG,3458.97,3458.97,3458.97,3458.97,0.0,-1.6086
2026-06-16,Capital Link LNG/LPG,CLLG,3366.53,3366.53,3366.53,3366.53,0.0,-2.6725
2026-06-17,Capital Link LNG/LPG,CLLG,3326.99,3326.99,3326.99,3326.99,0.0,-1.1745
2026-06-18,Capital Link LNG/LPG,CLLG,3313.73,3313.73,3313.73,3313.73,0.0,-0.3986
2026-06-22,Capital Link LNG/LPG,CLLG,3402.3,3402.3,3402.3,3402.3,0.0,2.6728
2026-06-23,Capital Link LNG/LPG,CLLG,3440.82,3440.82,3440.82,3440.82,0.0,1.1322
2026-06-24,Capital Link LNG/LPG,CLLG,3358.11,3358.11,3358.11,3358.11,0.0,-2.4038
2026-06-25,Capital Link LNG/LPG,CLLG,3310.4,3310.4,3310.4,3310.4,0.0,-1.4207
2026-06-26,Capital Link LNG/LPG,CLLG,3276.65,3276.65,3276.65,3276.65,0.0,-1.0195
2026-06-29,Capital Link LNG/LPG,CLLG,3265.0,3265.0,3265.0,3265.0,0.0,-0.3555
2026-06-30,Capital Link LNG/LPG,CLLG,3255.59,3255.59,3255.59,3255.59,0.0,-0.2882
2026-07-01,Capital Link LNG/LPG,CLLG,3271.86,3271.86,3271.86,3271.86,0.0,0.4998
2026-07-02,Capital Link LNG/LPG,CLLG,3279.06,3279.06,3279.06,3279.06,0.0,0.2201
2026-07-06,Capital Link LNG/LPG,CLLG,3318.23,3318.23,3318.23,3318.23,0.0,1.1945
2026-07-07,Capital Link LNG/LPG,CLLG,3377.42,3377.42,3377.42,3377.42,0.0,1.7838
2026-07-08,Capital Link LNG/LPG,CLLG,3464.55,3464.55,3464.55,3464.55,0.0,2.5798
2026-07-09,Capital Link LNG/LPG,CLLG,3366.53,3366.53,3366.53,3366.53,0.0,-2.8292
2026-07-10,Capital Link LNG/LPG,CLLG,3435.17,3435.17,3435.17,3435.17,0.0,2.0389
2026-07-13,Capital Link LNG/LPG,CLLG,3430.64,3430.64,3430.64,3430.64,0.0,-0.1319
2026-07-14,Capital Link LNG/LPG,CLLG,3503.89,3503.89,3503.89,3503.89,0.0,2.1352
2026-07-15,Capital Link LNG/LPG,CLLG,3454.39,3454.39,3454.39,3454.39,0.0,-1.4127
2026-07-16,Capital Link LNG/LPG,CLLG,3403.29,3403.29,3403.29,3403.29,0.0,-1.4793
2026-07-17,Capital Link LNG/LPG,CLLG,3376.25,3376.25,3376.25,3376.25,0.0,-0.7945
2026-07-20,Capital Link LNG/LPG,CLLG,3424.88,3424.88,3424.88,3424.88,0.0,1.4404
2026-07-21,Capital Link LNG/LPG,CLLG,3458.53,3458.53,3458.53,3458.53,0.0,0.9825
2026-07-22,Capital Link LNG/LPG,CLLG,3436.25,3436.25,3436.25,3436.25,0.0,-0.6442
2026-07-23,Capital Link LNG/LPG,CLLG,3477.82,3477.82,3477.82,3477.82,0.0,1.2097
2026-07-24,Capital Link LNG/LPG,CLLG,3432.62,3432.62,3432.62,3432.62,0.0,-1.2997
2026-07-27,Capital Link LNG/LPG,CLLG,3394.71,3394.71,3394.71,3394.71,0.0,-1.1044
2026-07-28,Capital Link LNG/LPG,CLLG,3404.61,3404.61,3404.61,3404.61,0.0,0.2916
2026-07-29,Capital Link LNG/LPG,CLLG,3389.31,3389.31,3389.31,3389.31,0.0,-0.4494
2026-07-30,Capital Link LNG/LPG,CLLG,3420.08,3420.08,3420.08,3420.08,0.0,0.9079
2026-07-31,Capital Link LNG/LPG,CLLG,3474.75,3474.75,3474.75,3474.75,0.0,1.5985
2026-08-03,Capital Link LNG/LPG,CLLG,3445.53,3445.53,3445.53,3445.53,0.0,-0.8409
2026-08-04,Capital Link LNG/LPG,CLLG,3406.3,3406.3,3406.3,3406.3,0.0,-1.1386
2026-08-05,Capital Link LNG/LPG,CLLG,3413.7,3413.7,3413.7,3413.7,0.0,0.2172
2026-08-06,Capital Link LNG/LPG,CLLG,3505.32,3505.32,3505.32,3505.32,0.0,2.6839
2026-08-07,Capital Link LNG/LPG,CLLG,3495.63,3495.63,3495.63,3495.63,0.0,-0.2764
2026-08-10,Capital Link LNG/LPG,CLLG,3475.49,3475.49,3475.49,3475.49,0.0,-0.5761
2026-08-11,Capital Link LNG/LPG,CLLG,3444.72,3444.72,3444.72,3444.72,0.0,-0.8853
2026-08-12,Capital Link LNG/LPG,CLLG,3510.68,3510.68,3510.68,3510.68,0.0,1.9148
2026-08-13,Capital Link LNG/LPG,CLLG,3528.5,3528.5,3528.5,3528.5,0.0,0.5076
2026-08-14,Capital Link LNG/LPG,CLLG,3608.07,3608.07,3608.07,3608.07,0.0,2.2551
2026-08-17,Capital Link LNG/LPG,CLLG,3647.49,3647.49,3647.49,3647.49,0.0,1.0926
2026-08-18,Capital Link LNG/LPG,CLLG,3635.26,3635.26,3635.26,3635.26,0.0,-0.3353
2026-08-19,Capital Link LNG/LPG,CLLG,3670.95,3670.95,3670.95,3670.95,0.0,0.9818
2026-08-20,Capital Link LNG/LPG,CLLG,3665.02,3665.02,3665.02,3665.02,0.0,-0.1615
2026-08-21,Capital Link LNG/LPG,CLLG,3705.41,3705.41,3705.41,3705.41,0.0,1.102
2026-08-24,Capital Link LNG/LPG,CLLG,3676.05,3676.05,3676.05,3676.05,0.0,-0.7924
2026-08-25,Capital Link LNG/LPG,CLLG,3685.97,3685.97,3685.97,3685.97,0.0,0.2699
2026-08-26,Capital Link LNG/LPG,CLLG,3573.16,3573.16,3573.16,3573.16,0.0,-3.0605
2026-08-27,Capital Link LNG/LPG,CLLG,3642.76,3642.76,3642.76,3642.76,0.0,1.9479
2026-08-28,Capital Link LNG/LPG,CLLG,3590.81,3590.81,3590.81,3590.81,0.0,-1.4261
2026-08-31,Capital Link LNG/LPG,CLLG,3639.13,3639.13,3639.13,3639.13,0.0,1.3457
2026-09-01,Capital Link LNG/LPG,CLLG,3680.01,3680.01,3680.01,3680.01,0.0,1.1233
2026-09-02,Capital Link LNG/LPG,CLLG,3745.11,3745.11,3745.11,3745.11,0.0,1.769
2026-09-03,Capital Link LNG/LPG,CLLG,3737.54,3737.54,3737.54,3737.54,0.0,-0.2021
2026-09-04,Capital Link LNG/LPG,CLLG,3770.46,3770.46,3770.46,3770.46,0.0,0.0
