date,port_locode,asset_class,live_calls,hist_min,hist_max,hist_mean
2019-01-06,AUDAM,Dry Bulk,11.0,11.0,21.0,16.38
2019-01-13,AUDAM,Dry Bulk,16.0,13.0,22.0,16.12
2019-01-20,AUDAM,Dry Bulk,16.0,9.0,18.0,14.5
2019-01-27,AUDAM,Dry Bulk,11.0,8.0,18.0,14.25
2019-02-03,AUDAM,Dry Bulk,25.0,15.0,25.0,18.62
2019-02-10,AUDAM,Dry Bulk,19.0,9.0,19.0,13.75
2019-02-17,AUDAM,Dry Bulk,20.0,11.0,23.0,17.62
2019-02-24,AUDAM,Dry Bulk,19.0,12.0,22.0,17.75
2019-03-03,AUDAM,Dry Bulk,19.0,10.0,19.0,15.0
2019-03-10,AUDAM,Dry Bulk,19.0,11.0,19.0,17.0
2019-03-17,AUDAM,Dry Bulk,17.0,17.0,20.0,18.38
2019-03-24,AUDAM,Dry Bulk,3.0,3.0,24.0,17.38
2019-03-31,AUDAM,Dry Bulk,17.0,9.0,19.0,16.62
2019-04-07,AUDAM,Dry Bulk,22.0,15.0,22.0,17.75
2019-04-14,AUDAM,Dry Bulk,18.0,14.0,23.0,18.38
2019-04-21,AUDAM,Dry Bulk,20.0,13.0,22.0,18.0
2019-04-28,AUDAM,Dry Bulk,17.0,15.0,20.0,17.38
2019-05-05,AUDAM,Dry Bulk,22.0,18.0,22.0,19.25
2019-05-12,AUDAM,Dry Bulk,19.0,10.0,19.0,15.5
2019-05-19,AUDAM,Dry Bulk,19.0,14.0,19.0,16.38
2019-05-26,AUDAM,Dry Bulk,20.0,7.0,22.0,15.25
2019-06-02,AUDAM,Dry Bulk,21.0,11.0,22.0,16.88
2019-06-09,AUDAM,Dry Bulk,15.0,14.0,22.0,17.38
2019-06-16,AUDAM,Dry Bulk,13.0,13.0,21.0,17.5
2019-06-23,AUDAM,Dry Bulk,18.0,14.0,26.0,19.38
2019-06-30,AUDAM,Dry Bulk,17.0,14.0,21.0,18.5
2019-07-07,AUDAM,Dry Bulk,18.0,16.0,19.0,17.62
2019-07-14,AUDAM,Dry Bulk,13.0,13.0,22.0,17.38
2019-07-21,AUDAM,Dry Bulk,23.0,13.0,23.0,17.12
2019-07-28,AUDAM,Dry Bulk,16.0,11.0,19.0,15.75
2019-08-04,AUDAM,Dry Bulk,19.0,14.0,22.0,18.38
2019-08-11,AUDAM,Dry Bulk,17.0,11.0,21.0,15.25
2019-08-18,AUDAM,Dry Bulk,19.0,14.0,20.0,16.5
2019-08-25,AUDAM,Dry Bulk,15.0,15.0,21.0,17.0
2019-09-01,AUDAM,Dry Bulk,18.0,11.0,22.0,15.88
2019-09-08,AUDAM,Dry Bulk,19.0,13.0,19.0,17.0
2019-09-15,AUDAM,Dry Bulk,18.0,16.0,22.0,19.29
2019-09-22,AUDAM,Dry Bulk,15.0,15.0,22.0,18.86
2019-09-29,AUDAM,Dry Bulk,16.0,16.0,22.0,18.14
2019-10-06,AUDAM,Dry Bulk,14.0,14.0,22.0,18.43
2019-10-13,AUDAM,Dry Bulk,15.0,15.0,22.0,18.86
2019-10-20,AUDAM,Dry Bulk,17.0,12.0,23.0,17.29
2019-10-27,AUDAM,Dry Bulk,18.0,13.0,21.0,16.57
2019-11-03,AUDAM,Dry Bulk,18.0,18.0,24.0,19.86
2019-11-10,AUDAM,Dry Bulk,20.0,16.0,20.0,17.71
2019-11-17,AUDAM,Dry Bulk,18.0,15.0,22.0,19.0
2019-11-24,AUDAM,Dry Bulk,14.0,14.0,22.0,18.0
2019-12-01,AUDAM,Dry Bulk,14.0,14.0,21.0,16.71
2019-12-08,AUDAM,Dry Bulk,16.0,16.0,25.0,20.0
2019-12-15,AUDAM,Dry Bulk,20.0,16.0,24.0,20.43
2019-12-22,AUDAM,Dry Bulk,23.0,18.0,23.0,21.0
2019-12-29,AUDAM,Dry Bulk,24.0,13.0,24.0,19.29
2020-01-05,AUDAM,Dry Bulk,13.0,11.0,21.0,16.38
2020-01-12,AUDAM,Dry Bulk,13.0,13.0,22.0,16.12
2020-01-19,AUDAM,Dry Bulk,14.0,9.0,18.0,14.5
2020-01-26,AUDAM,Dry Bulk,18.0,8.0,18.0,14.25
2020-02-02,AUDAM,Dry Bulk,18.0,15.0,25.0,18.62
2020-02-09,AUDAM,Dry Bulk,9.0,9.0,19.0,13.75
2020-02-16,AUDAM,Dry Bulk,13.0,11.0,23.0,17.62
2020-02-23,AUDAM,Dry Bulk,13.0,12.0,22.0,17.75
2020-03-01,AUDAM,Dry Bulk,13.0,10.0,19.0,15.0
2020-03-08,AUDAM,Dry Bulk,18.0,11.0,19.0,17.0
2020-03-15,AUDAM,Dry Bulk,18.0,17.0,20.0,18.38
2020-03-22,AUDAM,Dry Bulk,18.0,3.0,24.0,17.38
2020-03-29,AUDAM,Dry Bulk,17.0,9.0,19.0,16.62
2020-04-05,AUDAM,Dry Bulk,17.0,15.0,22.0,17.75
2020-04-12,AUDAM,Dry Bulk,14.0,14.0,23.0,18.38
2020-04-19,AUDAM,Dry Bulk,22.0,13.0,22.0,18.0
2020-04-26,AUDAM,Dry Bulk,20.0,15.0,20.0,17.38
2020-05-03,AUDAM,Dry Bulk,18.0,18.0,22.0,19.25
2020-05-10,AUDAM,Dry Bulk,18.0,10.0,19.0,15.5
2020-05-17,AUDAM,Dry Bulk,15.0,14.0,19.0,16.38
2020-05-24,AUDAM,Dry Bulk,10.0,7.0,22.0,15.25
2020-05-31,AUDAM,Dry Bulk,19.0,11.0,22.0,16.88
2020-06-07,AUDAM,Dry Bulk,22.0,14.0,22.0,17.38
2020-06-14,AUDAM,Dry Bulk,19.0,13.0,21.0,17.5
2020-06-21,AUDAM,Dry Bulk,17.0,14.0,26.0,19.38
2020-06-28,AUDAM,Dry Bulk,18.0,14.0,21.0,18.5
2020-07-05,AUDAM,Dry Bulk,18.0,16.0,19.0,17.62
2020-07-12,AUDAM,Dry Bulk,19.0,13.0,22.0,17.38
2020-07-19,AUDAM,Dry Bulk,16.0,13.0,23.0,17.12
2020-07-26,AUDAM,Dry Bulk,19.0,11.0,19.0,15.75
2020-08-02,AUDAM,Dry Bulk,16.0,14.0,22.0,18.38
2020-08-09,AUDAM,Dry Bulk,13.0,11.0,21.0,15.25
2020-08-16,AUDAM,Dry Bulk,14.0,14.0,20.0,16.5
2020-08-23,AUDAM,Dry Bulk,17.0,15.0,21.0,17.0
2020-08-30,AUDAM,Dry Bulk,11.0,11.0,22.0,15.88
2020-09-06,AUDAM,Dry Bulk,19.0,13.0,19.0,17.0
2020-09-13,AUDAM,Dry Bulk,21.0,16.0,22.0,19.29
2020-09-20,AUDAM,Dry Bulk,15.0,15.0,22.0,18.86
2020-09-27,AUDAM,Dry Bulk,16.0,16.0,22.0,18.14
2020-10-04,AUDAM,Dry Bulk,21.0,14.0,22.0,18.43
2020-10-11,AUDAM,Dry Bulk,21.0,15.0,22.0,18.86
2020-10-18,AUDAM,Dry Bulk,20.0,12.0,23.0,17.29
2020-10-25,AUDAM,Dry Bulk,13.0,13.0,21.0,16.57
2020-11-01,AUDAM,Dry Bulk,18.0,18.0,24.0,19.86
2020-11-08,AUDAM,Dry Bulk,17.0,16.0,20.0,17.71
2020-11-15,AUDAM,Dry Bulk,18.0,15.0,22.0,19.0
2020-11-22,AUDAM,Dry Bulk,15.0,14.0,22.0,18.0
2020-11-29,AUDAM,Dry Bulk,21.0,14.0,21.0,16.71
2020-12-06,AUDAM,Dry Bulk,18.0,16.0,25.0,20.0
2020-12-13,AUDAM,Dry Bulk,21.0,16.0,24.0,20.43
2020-12-20,AUDAM,Dry Bulk,18.0,18.0,23.0,21.0
2020-12-27,AUDAM,Dry Bulk,23.0,13.0,24.0,19.29
2021-01-03,AUDAM,Dry Bulk,20.0,16.0,24.0,20.0
2021-01-10,AUDAM,Dry Bulk,13.0,11.0,21.0,16.38
2021-01-17,AUDAM,Dry Bulk,16.0,13.0,22.0,16.12
2021-01-24,AUDAM,Dry Bulk,16.0,9.0,18.0,14.5
2021-01-31,AUDAM,Dry Bulk,8.0,8.0,18.0,14.25
2021-02-07,AUDAM,Dry Bulk,19.0,15.0,25.0,18.62
2021-02-14,AUDAM,Dry Bulk,17.0,9.0,19.0,13.75
2021-02-21,AUDAM,Dry Bulk,19.0,11.0,23.0,17.62
2021-02-28,AUDAM,Dry Bulk,22.0,12.0,22.0,17.75
2021-03-07,AUDAM,Dry Bulk,13.0,10.0,19.0,15.0
2021-03-14,AUDAM,Dry Bulk,19.0,11.0,19.0,17.0
2021-03-21,AUDAM,Dry Bulk,17.0,17.0,20.0,18.38
2021-03-28,AUDAM,Dry Bulk,19.0,3.0,24.0,17.38
2021-04-04,AUDAM,Dry Bulk,18.0,9.0,19.0,16.62
2021-04-11,AUDAM,Dry Bulk,16.0,15.0,22.0,17.75
2021-04-18,AUDAM,Dry Bulk,20.0,14.0,23.0,18.38
2021-04-25,AUDAM,Dry Bulk,16.0,13.0,22.0,18.0
2021-05-02,AUDAM,Dry Bulk,17.0,15.0,20.0,17.38
2021-05-09,AUDAM,Dry Bulk,18.0,18.0,22.0,19.25
2021-05-16,AUDAM,Dry Bulk,16.0,10.0,19.0,15.5
2021-05-23,AUDAM,Dry Bulk,15.0,14.0,19.0,16.38
2021-05-30,AUDAM,Dry Bulk,12.0,7.0,22.0,15.25
2021-06-06,AUDAM,Dry Bulk,16.0,11.0,22.0,16.88
2021-06-13,AUDAM,Dry Bulk,14.0,14.0,22.0,17.38
2021-06-20,AUDAM,Dry Bulk,13.0,13.0,21.0,17.5
2021-06-27,AUDAM,Dry Bulk,14.0,14.0,26.0,19.38
2021-07-04,AUDAM,Dry Bulk,18.0,14.0,21.0,18.5
2021-07-11,AUDAM,Dry Bulk,17.0,16.0,19.0,17.62
2021-07-18,AUDAM,Dry Bulk,17.0,13.0,22.0,17.38
2021-07-25,AUDAM,Dry Bulk,16.0,13.0,23.0,17.12
2021-08-01,AUDAM,Dry Bulk,15.0,11.0,19.0,15.75
2021-08-08,AUDAM,Dry Bulk,18.0,14.0,22.0,18.38
2021-08-15,AUDAM,Dry Bulk,11.0,11.0,21.0,15.25
2021-08-22,AUDAM,Dry Bulk,17.0,14.0,20.0,16.5
2021-08-29,AUDAM,Dry Bulk,16.0,15.0,21.0,17.0
2021-09-05,AUDAM,Dry Bulk,17.0,11.0,22.0,15.88
2021-09-12,AUDAM,Dry Bulk,14.0,13.0,19.0,17.0
2021-09-19,AUDAM,Dry Bulk,22.0,16.0,22.0,19.29
2021-09-26,AUDAM,Dry Bulk,19.0,15.0,22.0,18.86
2021-10-03,AUDAM,Dry Bulk,19.0,16.0,22.0,18.14
2021-10-10,AUDAM,Dry Bulk,16.0,14.0,22.0,18.43
2021-10-17,AUDAM,Dry Bulk,21.0,15.0,22.0,18.86
2021-10-24,AUDAM,Dry Bulk,12.0,12.0,23.0,17.29
2021-10-31,AUDAM,Dry Bulk,14.0,13.0,21.0,16.57
2021-11-07,AUDAM,Dry Bulk,18.0,18.0,24.0,19.86
2021-11-14,AUDAM,Dry Bulk,16.0,16.0,20.0,17.71
2021-11-21,AUDAM,Dry Bulk,21.0,15.0,22.0,19.0
2021-11-28,AUDAM,Dry Bulk,21.0,14.0,22.0,18.0
2021-12-05,AUDAM,Dry Bulk,15.0,14.0,21.0,16.71
2021-12-12,AUDAM,Dry Bulk,18.0,16.0,25.0,20.0
2021-12-19,AUDAM,Dry Bulk,24.0,16.0,24.0,20.43
2021-12-26,AUDAM,Dry Bulk,23.0,18.0,23.0,21.0
2022-01-02,AUDAM,Dry Bulk,18.0,13.0,24.0,19.29
2022-01-09,AUDAM,Dry Bulk,17.0,11.0,21.0,16.38
2022-01-16,AUDAM,Dry Bulk,16.0,13.0,22.0,16.12
2022-01-23,AUDAM,Dry Bulk,15.0,9.0,18.0,14.5
2022-01-30,AUDAM,Dry Bulk,12.0,8.0,18.0,14.25
2022-02-06,AUDAM,Dry Bulk,15.0,15.0,25.0,18.62
2022-02-13,AUDAM,Dry Bulk,12.0,9.0,19.0,13.75
2022-02-20,AUDAM,Dry Bulk,19.0,11.0,23.0,17.62
2022-02-27,AUDAM,Dry Bulk,18.0,12.0,22.0,17.75
2022-03-06,AUDAM,Dry Bulk,10.0,10.0,19.0,15.0
2022-03-13,AUDAM,Dry Bulk,11.0,11.0,19.0,17.0
2022-03-20,AUDAM,Dry Bulk,18.0,17.0,20.0,18.38
2022-03-27,AUDAM,Dry Bulk,17.0,3.0,24.0,17.38
2022-04-03,AUDAM,Dry Bulk,17.0,9.0,19.0,16.62
2022-04-10,AUDAM,Dry Bulk,16.0,15.0,22.0,17.75
2022-04-17,AUDAM,Dry Bulk,16.0,14.0,23.0,18.38
2022-04-24,AUDAM,Dry Bulk,17.0,13.0,22.0,18.0
2022-05-01,AUDAM,Dry Bulk,15.0,15.0,20.0,17.38
2022-05-08,AUDAM,Dry Bulk,19.0,18.0,22.0,19.25
2022-05-15,AUDAM,Dry Bulk,15.0,10.0,19.0,15.5
2022-05-22,AUDAM,Dry Bulk,14.0,14.0,19.0,16.38
2022-05-29,AUDAM,Dry Bulk,9.0,7.0,22.0,15.25
2022-06-05,AUDAM,Dry Bulk,12.0,11.0,22.0,16.88
2022-06-12,AUDAM,Dry Bulk,16.0,14.0,22.0,17.38
2022-06-19,AUDAM,Dry Bulk,16.0,13.0,21.0,17.5
2022-06-26,AUDAM,Dry Bulk,21.0,14.0,26.0,19.38
2022-07-03,AUDAM,Dry Bulk,20.0,14.0,21.0,18.5
2022-07-10,AUDAM,Dry Bulk,18.0,16.0,19.0,17.62
2022-07-17,AUDAM,Dry Bulk,18.0,13.0,22.0,17.38
2022-07-24,AUDAM,Dry Bulk,17.0,13.0,23.0,17.12
2022-07-31,AUDAM,Dry Bulk,14.0,11.0,19.0,15.75
2022-08-07,AUDAM,Dry Bulk,21.0,14.0,22.0,18.38
2022-08-14,AUDAM,Dry Bulk,19.0,11.0,21.0,15.25
2022-08-21,AUDAM,Dry Bulk,16.0,14.0,20.0,16.5
2022-08-28,AUDAM,Dry Bulk,17.0,15.0,21.0,17.0
2022-09-04,AUDAM,Dry Bulk,12.0,11.0,22.0,15.88
2022-09-11,AUDAM,Dry Bulk,18.0,13.0,19.0,17.0
2022-09-18,AUDAM,Dry Bulk,18.0,16.0,22.0,19.29
2022-09-25,AUDAM,Dry Bulk,21.0,15.0,22.0,18.86
2022-10-02,AUDAM,Dry Bulk,20.0,16.0,22.0,18.14
2022-10-09,AUDAM,Dry Bulk,18.0,14.0,22.0,18.43
2022-10-16,AUDAM,Dry Bulk,22.0,15.0,22.0,18.86
2022-10-23,AUDAM,Dry Bulk,14.0,12.0,23.0,17.29
2022-10-30,AUDAM,Dry Bulk,17.0,13.0,21.0,16.57
2022-11-06,AUDAM,Dry Bulk,21.0,18.0,24.0,19.86
2022-11-13,AUDAM,Dry Bulk,16.0,16.0,20.0,17.71
2022-11-20,AUDAM,Dry Bulk,22.0,15.0,22.0,19.0
2022-11-27,AUDAM,Dry Bulk,15.0,14.0,22.0,18.0
2022-12-04,AUDAM,Dry Bulk,16.0,14.0,21.0,16.71
2022-12-11,AUDAM,Dry Bulk,25.0,16.0,25.0,20.0
2022-12-18,AUDAM,Dry Bulk,21.0,16.0,24.0,20.43
2022-12-25,AUDAM,Dry Bulk,20.0,18.0,23.0,21.0
2023-01-01,AUDAM,Dry Bulk,16.0,13.0,24.0,19.29
2023-01-08,AUDAM,Dry Bulk,19.0,11.0,21.0,16.38
2023-01-15,AUDAM,Dry Bulk,22.0,13.0,22.0,16.12
2023-01-22,AUDAM,Dry Bulk,13.0,9.0,18.0,14.5
2023-01-29,AUDAM,Dry Bulk,18.0,8.0,18.0,14.25
2023-02-05,AUDAM,Dry Bulk,21.0,15.0,25.0,18.62
2023-02-12,AUDAM,Dry Bulk,16.0,9.0,19.0,13.75
2023-02-19,AUDAM,Dry Bulk,23.0,11.0,23.0,17.62
2023-02-26,AUDAM,Dry Bulk,18.0,12.0,22.0,17.75
2023-03-05,AUDAM,Dry Bulk,14.0,10.0,19.0,15.0
2023-03-12,AUDAM,Dry Bulk,12.0,11.0,19.0,17.0
2023-03-19,AUDAM,Dry Bulk,20.0,17.0,20.0,18.38
2023-03-26,AUDAM,Dry Bulk,20.0,3.0,24.0,17.38
2023-04-02,AUDAM,Dry Bulk,18.0,9.0,19.0,16.62
2023-04-09,AUDAM,Dry Bulk,15.0,15.0,22.0,17.75
2023-04-16,AUDAM,Dry Bulk,16.0,14.0,23.0,18.38
2023-04-23,AUDAM,Dry Bulk,13.0,13.0,22.0,18.0
2023-04-30,AUDAM,Dry Bulk,18.0,15.0,20.0,17.38
2023-05-07,AUDAM,Dry Bulk,20.0,18.0,22.0,19.25
2023-05-14,AUDAM,Dry Bulk,15.0,10.0,19.0,15.5
2023-05-21,AUDAM,Dry Bulk,16.0,14.0,19.0,16.38
2023-05-28,AUDAM,Dry Bulk,7.0,7.0,22.0,15.25
2023-06-04,AUDAM,Dry Bulk,16.0,11.0,22.0,16.88
2023-06-11,AUDAM,Dry Bulk,17.0,14.0,22.0,17.38
2023-06-18,AUDAM,Dry Bulk,21.0,13.0,21.0,17.5
2023-06-25,AUDAM,Dry Bulk,18.0,14.0,26.0,19.38
2023-07-02,AUDAM,Dry Bulk,19.0,14.0,21.0,18.5
2023-07-09,AUDAM,Dry Bulk,19.0,16.0,19.0,17.62
2023-07-16,AUDAM,Dry Bulk,22.0,13.0,22.0,17.38
2023-07-23,AUDAM,Dry Bulk,15.0,13.0,23.0,17.12
2023-07-30,AUDAM,Dry Bulk,11.0,11.0,19.0,15.75
2023-08-06,AUDAM,Dry Bulk,14.0,14.0,22.0,18.38
2023-08-13,AUDAM,Dry Bulk,14.0,11.0,21.0,15.25
2023-08-20,AUDAM,Dry Bulk,16.0,14.0,20.0,16.5
2023-08-27,AUDAM,Dry Bulk,16.0,15.0,21.0,17.0
2023-09-03,AUDAM,Dry Bulk,16.0,11.0,22.0,15.88
2023-09-10,AUDAM,Dry Bulk,17.0,13.0,19.0,17.0
2023-09-17,AUDAM,Dry Bulk,21.0,16.0,22.0,19.29
2023-09-24,AUDAM,Dry Bulk,20.0,15.0,22.0,18.86
2023-10-01,AUDAM,Dry Bulk,16.0,16.0,22.0,18.14
2023-10-08,AUDAM,Dry Bulk,22.0,14.0,22.0,18.43
2023-10-15,AUDAM,Dry Bulk,17.0,15.0,22.0,18.86
2023-10-22,AUDAM,Dry Bulk,18.0,12.0,23.0,17.29
2023-10-29,AUDAM,Dry Bulk,17.0,13.0,21.0,16.57
2023-11-05,AUDAM,Dry Bulk,19.0,18.0,24.0,19.86
2023-11-12,AUDAM,Dry Bulk,17.0,16.0,20.0,17.71
2023-11-19,AUDAM,Dry Bulk,18.0,15.0,22.0,19.0
2023-11-26,AUDAM,Dry Bulk,22.0,14.0,22.0,18.0
2023-12-03,AUDAM,Dry Bulk,15.0,14.0,21.0,16.71
2023-12-10,AUDAM,Dry Bulk,19.0,16.0,25.0,20.0
2023-12-17,AUDAM,Dry Bulk,21.0,16.0,24.0,20.43
2023-12-24,AUDAM,Dry Bulk,20.0,18.0,23.0,21.0
2023-12-31,AUDAM,Dry Bulk,13.0,13.0,24.0,19.29
2024-01-07,AUDAM,Dry Bulk,20.0,11.0,21.0,16.38
2024-01-14,AUDAM,Dry Bulk,13.0,13.0,22.0,16.12
2024-01-21,AUDAM,Dry Bulk,18.0,9.0,18.0,14.5
2024-01-28,AUDAM,Dry Bulk,17.0,8.0,18.0,14.25
2024-02-04,AUDAM,Dry Bulk,16.0,15.0,25.0,18.62
2024-02-11,AUDAM,Dry Bulk,15.0,9.0,19.0,13.75
2024-02-18,AUDAM,Dry Bulk,18.0,11.0,23.0,17.62
2024-02-25,AUDAM,Dry Bulk,12.0,12.0,22.0,17.75
2024-03-03,AUDAM,Dry Bulk,17.0,10.0,19.0,15.0
2024-03-10,AUDAM,Dry Bulk,19.0,11.0,19.0,17.0
2024-03-17,AUDAM,Dry Bulk,18.0,17.0,20.0,18.38
2024-03-24,AUDAM,Dry Bulk,24.0,3.0,24.0,17.38
2024-03-31,AUDAM,Dry Bulk,19.0,9.0,19.0,16.62
2024-04-07,AUDAM,Dry Bulk,20.0,15.0,22.0,17.75
2024-04-14,AUDAM,Dry Bulk,18.0,14.0,23.0,18.38
2024-04-21,AUDAM,Dry Bulk,19.0,13.0,22.0,18.0
2024-04-28,AUDAM,Dry Bulk,17.0,15.0,20.0,17.38
2024-05-05,AUDAM,Dry Bulk,19.0,18.0,22.0,19.25
2024-05-12,AUDAM,Dry Bulk,19.0,10.0,19.0,15.5
2024-05-19,AUDAM,Dry Bulk,17.0,14.0,19.0,16.38
2024-05-26,AUDAM,Dry Bulk,22.0,7.0,22.0,15.25
2024-06-02,AUDAM,Dry Bulk,11.0,11.0,22.0,16.88
2024-06-09,AUDAM,Dry Bulk,18.0,14.0,22.0,17.38
2024-06-16,AUDAM,Dry Bulk,20.0,13.0,21.0,17.5
2024-06-23,AUDAM,Dry Bulk,26.0,14.0,26.0,19.38
2024-06-30,AUDAM,Dry Bulk,21.0,14.0,21.0,18.5
2024-07-07,AUDAM,Dry Bulk,16.0,16.0,19.0,17.62
2024-07-14,AUDAM,Dry Bulk,18.0,13.0,22.0,17.38
2024-07-21,AUDAM,Dry Bulk,17.0,13.0,23.0,17.12
2024-07-28,AUDAM,Dry Bulk,19.0,11.0,19.0,15.75
2024-08-04,AUDAM,Dry Bulk,19.0,14.0,22.0,18.38
2024-08-11,AUDAM,Dry Bulk,15.0,11.0,21.0,15.25
2024-08-18,AUDAM,Dry Bulk,20.0,14.0,20.0,16.5
2024-08-25,AUDAM,Dry Bulk,17.0,15.0,21.0,17.0
2024-09-01,AUDAM,Dry Bulk,19.0,11.0,22.0,15.88
2024-09-08,AUDAM,Dry Bulk,13.0,13.0,19.0,17.0
2024-09-15,AUDAM,Dry Bulk,19.0,16.0,22.0,19.29
2024-09-22,AUDAM,Dry Bulk,22.0,15.0,22.0,18.86
2024-09-29,AUDAM,Dry Bulk,22.0,16.0,22.0,18.14
2024-10-06,AUDAM,Dry Bulk,20.0,14.0,22.0,18.43
2024-10-13,AUDAM,Dry Bulk,16.0,15.0,22.0,18.86
2024-10-20,AUDAM,Dry Bulk,17.0,12.0,23.0,17.29
2024-10-27,AUDAM,Dry Bulk,16.0,13.0,21.0,16.57
2024-11-03,AUDAM,Dry Bulk,24.0,18.0,24.0,19.86
2024-11-10,AUDAM,Dry Bulk,19.0,16.0,20.0,17.71
2024-11-17,AUDAM,Dry Bulk,15.0,15.0,22.0,19.0
2024-11-24,AUDAM,Dry Bulk,21.0,14.0,22.0,18.0
2024-12-01,AUDAM,Dry Bulk,18.0,14.0,21.0,16.71
2024-12-08,AUDAM,Dry Bulk,22.0,16.0,25.0,20.0
2024-12-15,AUDAM,Dry Bulk,16.0,16.0,24.0,20.43
2024-12-22,AUDAM,Dry Bulk,21.0,18.0,23.0,21.0
2024-12-29,AUDAM,Dry Bulk,20.0,13.0,24.0,19.29
2025-01-05,AUDAM,Dry Bulk,21.0,11.0,21.0,16.38
2025-01-12,AUDAM,Dry Bulk,16.0,13.0,22.0,16.12
2025-01-19,AUDAM,Dry Bulk,9.0,9.0,18.0,14.5
2025-01-26,AUDAM,Dry Bulk,13.0,8.0,18.0,14.25
2025-02-02,AUDAM,Dry Bulk,16.0,15.0,25.0,18.62
2025-02-09,AUDAM,Dry Bulk,11.0,9.0,19.0,13.75
2025-02-16,AUDAM,Dry Bulk,11.0,11.0,23.0,17.62
2025-02-23,AUDAM,Dry Bulk,20.0,12.0,22.0,17.75
2025-03-02,AUDAM,Dry Bulk,15.0,10.0,19.0,15.0
2025-03-09,AUDAM,Dry Bulk,19.0,11.0,19.0,17.0
2025-03-16,AUDAM,Dry Bulk,19.0,17.0,20.0,18.38
2025-03-23,AUDAM,Dry Bulk,21.0,3.0,24.0,17.38
2025-03-30,AUDAM,Dry Bulk,18.0,9.0,19.0,16.62
2025-04-06,AUDAM,Dry Bulk,17.0,15.0,22.0,17.75
2025-04-13,AUDAM,Dry Bulk,23.0,14.0,23.0,18.38
2025-04-20,AUDAM,Dry Bulk,19.0,13.0,22.0,18.0
2025-04-27,AUDAM,Dry Bulk,16.0,15.0,20.0,17.38
2025-05-04,AUDAM,Dry Bulk,18.0,18.0,22.0,19.25
2025-05-11,AUDAM,Dry Bulk,12.0,10.0,19.0,15.5
2025-05-18,AUDAM,Dry Bulk,19.0,14.0,19.0,16.38
2025-05-25,AUDAM,Dry Bulk,20.0,7.0,22.0,15.25
2025-06-01,AUDAM,Dry Bulk,18.0,11.0,22.0,16.88
2025-06-08,AUDAM,Dry Bulk,16.0,14.0,22.0,17.38
2025-06-15,AUDAM,Dry Bulk,19.0,13.0,21.0,17.5
2025-06-22,AUDAM,Dry Bulk,23.0,14.0,26.0,19.38
2025-06-29,AUDAM,Dry Bulk,21.0,14.0,21.0,18.5
2025-07-06,AUDAM,Dry Bulk,16.0,16.0,19.0,17.62
2025-07-13,AUDAM,Dry Bulk,18.0,13.0,22.0,17.38
2025-07-20,AUDAM,Dry Bulk,20.0,13.0,23.0,17.12
2025-07-27,AUDAM,Dry Bulk,15.0,11.0,19.0,15.75
2025-08-03,AUDAM,Dry Bulk,22.0,14.0,22.0,18.38
2025-08-10,AUDAM,Dry Bulk,21.0,11.0,21.0,15.25
2025-08-17,AUDAM,Dry Bulk,16.0,14.0,20.0,16.5
2025-08-24,AUDAM,Dry Bulk,21.0,15.0,21.0,17.0
2025-08-31,AUDAM,Dry Bulk,22.0,11.0,22.0,15.88
2025-09-07,AUDAM,Dry Bulk,19.0,13.0,19.0,17.0
2025-09-14,AUDAM,Dry Bulk,16.0,16.0,22.0,19.29
2025-09-21,AUDAM,Dry Bulk,20.0,15.0,22.0,18.86
2025-09-28,AUDAM,Dry Bulk,18.0,16.0,22.0,18.14
2025-10-05,AUDAM,Dry Bulk,18.0,14.0,22.0,18.43
2025-10-12,AUDAM,Dry Bulk,20.0,15.0,22.0,18.86
2025-10-19,AUDAM,Dry Bulk,23.0,12.0,23.0,17.29
2025-10-26,AUDAM,Dry Bulk,21.0,13.0,21.0,16.57
2025-11-02,AUDAM,Dry Bulk,21.0,18.0,24.0,19.86
2025-11-09,AUDAM,Dry Bulk,19.0,16.0,20.0,17.71
2025-11-16,AUDAM,Dry Bulk,21.0,15.0,22.0,19.0
2025-11-23,AUDAM,Dry Bulk,18.0,14.0,22.0,18.0
2025-11-30,AUDAM,Dry Bulk,18.0,14.0,21.0,16.71
2025-12-07,AUDAM,Dry Bulk,22.0,16.0,25.0,20.0
2025-12-14,AUDAM,Dry Bulk,20.0,16.0,24.0,20.43
2025-12-21,AUDAM,Dry Bulk,22.0,18.0,23.0,21.0
2025-12-28,AUDAM,Dry Bulk,21.0,13.0,24.0,19.29
2026-01-04,AUDAM,Dry Bulk,17.0,11.0,21.0,16.38
2026-01-11,AUDAM,Dry Bulk,17.0,13.0,22.0,16.12
2026-01-18,AUDAM,Dry Bulk,15.0,9.0,18.0,14.5
2026-01-25,AUDAM,Dry Bulk,17.0,8.0,18.0,14.25
2026-02-01,AUDAM,Dry Bulk,19.0,15.0,25.0,18.62
2026-02-08,AUDAM,Dry Bulk,11.0,9.0,19.0,13.75
2026-02-15,AUDAM,Dry Bulk,18.0,11.0,23.0,17.62
2026-02-22,AUDAM,Dry Bulk,20.0,12.0,22.0,17.75
2026-03-01,AUDAM,Dry Bulk,19.0,10.0,19.0,15.0
2026-03-08,AUDAM,Dry Bulk,19.0,11.0,19.0,17.0
2026-03-15,AUDAM,Dry Bulk,20.0,17.0,20.0,18.38
2026-03-22,AUDAM,Dry Bulk,17.0,3.0,24.0,17.38
2026-03-29,AUDAM,Dry Bulk,9.0,9.0,19.0,16.62
2026-04-05,AUDAM,Dry Bulk,19.0,15.0,22.0,17.75
2026-04-12,AUDAM,Dry Bulk,22.0,14.0,23.0,18.38
2026-04-19,AUDAM,Dry Bulk,18.0,13.0,22.0,18.0
2026-04-26,AUDAM,Dry Bulk,19.0,15.0,20.0,17.38
2026-05-03,AUDAM,Dry Bulk,20.0,18.0,22.0,19.25
2026-05-10,AUDAM,Dry Bulk,10.0,10.0,19.0,15.5
2026-05-17,AUDAM,Dry Bulk,16.0,14.0,19.0,16.38
2026-05-24,AUDAM,Dry Bulk,22.0,7.0,22.0,15.25
2026-05-31,AUDAM,Dry Bulk,22.0,11.0,22.0,16.88
2026-06-07,AUDAM,Dry Bulk,21.0,14.0,22.0,17.38
2026-06-14,AUDAM,Dry Bulk,19.0,13.0,21.0,17.5
2026-06-21,AUDAM,Dry Bulk,18.0,14.0,26.0,19.38
2026-06-28,AUDAM,Dry Bulk,14.0,14.0,21.0,18.5
2026-07-05,AUDAM,Dry Bulk,19.0,16.0,19.0,17.62
2026-07-12,AUDAM,Dry Bulk,14.0,13.0,22.0,17.38
2026-07-19,AUDAM,Dry Bulk,13.0,13.0,23.0,17.12
2026-07-26,AUDAM,Dry Bulk,17.0,11.0,19.0,15.75
2026-08-02,AUDAM,Dry Bulk,18.0,14.0,22.0,18.38
2026-08-09,AUDAM,Dry Bulk,12.0,11.0,21.0,15.25
2026-08-16,AUDAM,Dry Bulk,14.0,14.0,20.0,16.5
2026-08-23,AUDAM,Dry Bulk,17.0,15.0,21.0,17.0
2026-08-30,AUDAM,Dry Bulk,12.0,11.0,22.0,15.88
2019-01-06,AUGLT,Dry Bulk,17.0,17.0,30.0,24.12
2019-01-13,AUGLT,Dry Bulk,23.0,19.0,26.0,22.25
2019-01-20,AUGLT,Dry Bulk,25.0,21.0,28.0,24.0
2019-01-27,AUGLT,Dry Bulk,22.0,18.0,29.0,23.12
2019-02-03,AUGLT,Dry Bulk,22.0,17.0,31.0,25.0
2019-02-10,AUGLT,Dry Bulk,17.0,14.0,26.0,21.0
2019-02-17,AUGLT,Dry Bulk,16.0,16.0,25.0,21.75
2019-02-24,AUGLT,Dry Bulk,26.0,18.0,30.0,24.38
2019-03-03,AUGLT,Dry Bulk,24.0,20.0,30.0,23.5
2019-03-10,AUGLT,Dry Bulk,27.0,18.0,27.0,22.25
2019-03-17,AUGLT,Dry Bulk,20.0,20.0,24.0,21.88
2019-03-24,AUGLT,Dry Bulk,27.0,17.0,29.0,24.0
2019-03-31,AUGLT,Dry Bulk,20.0,19.0,26.0,21.38
2019-04-07,AUGLT,Dry Bulk,23.0,19.0,26.0,22.25
2019-04-14,AUGLT,Dry Bulk,26.0,20.0,26.0,21.75
2019-04-21,AUGLT,Dry Bulk,25.0,14.0,27.0,21.38
2019-04-28,AUGLT,Dry Bulk,24.0,20.0,26.0,23.38
2019-05-05,AUGLT,Dry Bulk,24.0,23.0,27.0,24.38
2019-05-12,AUGLT,Dry Bulk,26.0,15.0,26.0,21.25
2019-05-19,AUGLT,Dry Bulk,23.0,19.0,24.0,21.5
2019-05-26,AUGLT,Dry Bulk,22.0,20.0,25.0,22.75
2019-06-02,AUGLT,Dry Bulk,21.0,17.0,32.0,23.38
2019-06-09,AUGLT,Dry Bulk,30.0,22.0,30.0,24.88
2019-06-16,AUGLT,Dry Bulk,24.0,22.0,28.0,24.25
2019-06-23,AUGLT,Dry Bulk,21.0,20.0,30.0,24.38
2019-06-30,AUGLT,Dry Bulk,24.0,22.0,30.0,25.12
2019-07-07,AUGLT,Dry Bulk,22.0,14.0,31.0,23.75
2019-07-14,AUGLT,Dry Bulk,22.0,21.0,27.0,23.5
2019-07-21,AUGLT,Dry Bulk,26.0,19.0,34.0,24.25
2019-07-28,AUGLT,Dry Bulk,22.0,16.0,27.0,23.0
2019-08-04,AUGLT,Dry Bulk,19.0,15.0,29.0,22.62
2019-08-11,AUGLT,Dry Bulk,26.0,22.0,30.0,25.0
2019-08-18,AUGLT,Dry Bulk,21.0,17.0,26.0,21.12
2019-08-25,AUGLT,Dry Bulk,18.0,17.0,27.0,21.38
2019-09-01,AUGLT,Dry Bulk,25.0,16.0,25.0,21.5
2019-09-08,AUGLT,Dry Bulk,17.0,17.0,24.0,20.14
2019-09-15,AUGLT,Dry Bulk,23.0,17.0,25.0,22.86
2019-09-22,AUGLT,Dry Bulk,18.0,18.0,25.0,23.14
2019-09-29,AUGLT,Dry Bulk,28.0,23.0,29.0,25.29
2019-10-06,AUGLT,Dry Bulk,21.0,21.0,27.0,23.14
2019-10-13,AUGLT,Dry Bulk,22.0,18.0,24.0,22.14
2019-10-20,AUGLT,Dry Bulk,21.0,18.0,24.0,22.14
2019-10-27,AUGLT,Dry Bulk,26.0,17.0,26.0,22.29
2019-11-03,AUGLT,Dry Bulk,24.0,21.0,30.0,25.29
2019-11-10,AUGLT,Dry Bulk,22.0,22.0,28.0,25.71
2019-11-17,AUGLT,Dry Bulk,27.0,21.0,28.0,24.86
2019-11-24,AUGLT,Dry Bulk,19.0,19.0,26.0,22.0
2019-12-01,AUGLT,Dry Bulk,27.0,21.0,27.0,24.0
2019-12-08,AUGLT,Dry Bulk,26.0,24.0,28.0,26.0
2019-12-15,AUGLT,Dry Bulk,21.0,21.0,26.0,24.14
2019-12-22,AUGLT,Dry Bulk,25.0,22.0,28.0,25.0
2019-12-29,AUGLT,Dry Bulk,27.0,22.0,30.0,26.43
2020-01-05,AUGLT,Dry Bulk,30.0,17.0,30.0,24.12
2020-01-12,AUGLT,Dry Bulk,25.0,19.0,26.0,22.25
2020-01-19,AUGLT,Dry Bulk,26.0,21.0,28.0,24.0
2020-01-26,AUGLT,Dry Bulk,24.0,18.0,29.0,23.12
2020-02-02,AUGLT,Dry Bulk,31.0,17.0,31.0,25.0
2020-02-09,AUGLT,Dry Bulk,26.0,14.0,26.0,21.0
2020-02-16,AUGLT,Dry Bulk,21.0,16.0,25.0,21.75
2020-02-23,AUGLT,Dry Bulk,27.0,18.0,30.0,24.38
2020-03-01,AUGLT,Dry Bulk,30.0,20.0,30.0,23.5
2020-03-08,AUGLT,Dry Bulk,20.0,18.0,27.0,22.25
2020-03-15,AUGLT,Dry Bulk,23.0,20.0,24.0,21.88
2020-03-22,AUGLT,Dry Bulk,21.0,17.0,29.0,24.0
2020-03-29,AUGLT,Dry Bulk,20.0,19.0,26.0,21.38
2020-04-05,AUGLT,Dry Bulk,20.0,19.0,26.0,22.25
2020-04-12,AUGLT,Dry Bulk,23.0,20.0,26.0,21.75
2020-04-19,AUGLT,Dry Bulk,22.0,14.0,27.0,21.38
2020-04-26,AUGLT,Dry Bulk,26.0,20.0,26.0,23.38
2020-05-03,AUGLT,Dry Bulk,26.0,23.0,27.0,24.38
2020-05-10,AUGLT,Dry Bulk,23.0,15.0,26.0,21.25
2020-05-17,AUGLT,Dry Bulk,21.0,19.0,24.0,21.5
2020-05-24,AUGLT,Dry Bulk,23.0,20.0,25.0,22.75
2020-05-31,AUGLT,Dry Bulk,17.0,17.0,32.0,23.38
2020-06-07,AUGLT,Dry Bulk,27.0,22.0,30.0,24.88
2020-06-14,AUGLT,Dry Bulk,25.0,22.0,28.0,24.25
2020-06-21,AUGLT,Dry Bulk,24.0,20.0,30.0,24.38
2020-06-28,AUGLT,Dry Bulk,26.0,22.0,30.0,25.12
2020-07-05,AUGLT,Dry Bulk,29.0,14.0,31.0,23.75
2020-07-12,AUGLT,Dry Bulk,23.0,21.0,27.0,23.5
2020-07-19,AUGLT,Dry Bulk,22.0,19.0,34.0,24.25
2020-07-26,AUGLT,Dry Bulk,23.0,16.0,27.0,23.0
2020-08-02,AUGLT,Dry Bulk,25.0,15.0,29.0,22.62
2020-08-09,AUGLT,Dry Bulk,23.0,22.0,30.0,25.0
2020-08-16,AUGLT,Dry Bulk,25.0,17.0,26.0,21.12
2020-08-23,AUGLT,Dry Bulk,25.0,17.0,27.0,21.38
2020-08-30,AUGLT,Dry Bulk,22.0,16.0,25.0,21.5
2020-09-06,AUGLT,Dry Bulk,24.0,17.0,24.0,20.14
2020-09-13,AUGLT,Dry Bulk,17.0,17.0,25.0,22.86
2020-09-20,AUGLT,Dry Bulk,23.0,18.0,25.0,23.14
2020-09-27,AUGLT,Dry Bulk,25.0,23.0,29.0,25.29
2020-10-04,AUGLT,Dry Bulk,23.0,21.0,27.0,23.14
2020-10-11,AUGLT,Dry Bulk,24.0,18.0,24.0,22.14
2020-10-18,AUGLT,Dry Bulk,22.0,18.0,24.0,22.14
2020-10-25,AUGLT,Dry Bulk,23.0,17.0,26.0,22.29
2020-11-01,AUGLT,Dry Bulk,21.0,21.0,30.0,25.29
2020-11-08,AUGLT,Dry Bulk,27.0,22.0,28.0,25.71
2020-11-15,AUGLT,Dry Bulk,25.0,21.0,28.0,24.86
2020-11-22,AUGLT,Dry Bulk,26.0,19.0,26.0,22.0
2020-11-29,AUGLT,Dry Bulk,25.0,21.0,27.0,24.0
2020-12-06,AUGLT,Dry Bulk,24.0,24.0,28.0,26.0
2020-12-13,AUGLT,Dry Bulk,26.0,21.0,26.0,24.14
2020-12-20,AUGLT,Dry Bulk,28.0,22.0,28.0,25.0
2020-12-27,AUGLT,Dry Bulk,27.0,22.0,30.0,26.43
2021-01-03,AUGLT,Dry Bulk,22.0,17.6,26.4,22.0
2021-01-10,AUGLT,Dry Bulk,24.0,17.0,30.0,24.12
2021-01-17,AUGLT,Dry Bulk,26.0,19.0,26.0,22.25
2021-01-24,AUGLT,Dry Bulk,22.0,21.0,28.0,24.0
2021-01-31,AUGLT,Dry Bulk,21.0,18.0,29.0,23.12
2021-02-07,AUGLT,Dry Bulk,23.0,17.0,31.0,25.0
2021-02-14,AUGLT,Dry Bulk,26.0,14.0,26.0,21.0
2021-02-21,AUGLT,Dry Bulk,24.0,16.0,25.0,21.75
2021-02-28,AUGLT,Dry Bulk,30.0,18.0,30.0,24.38
2021-03-07,AUGLT,Dry Bulk,21.0,20.0,30.0,23.5
2021-03-14,AUGLT,Dry Bulk,25.0,18.0,27.0,22.25
2021-03-21,AUGLT,Dry Bulk,20.0,20.0,24.0,21.88
2021-03-28,AUGLT,Dry Bulk,29.0,17.0,29.0,24.0
2021-04-04,AUGLT,Dry Bulk,20.0,19.0,26.0,21.38
2021-04-11,AUGLT,Dry Bulk,23.0,19.0,26.0,22.25
2021-04-18,AUGLT,Dry Bulk,21.0,20.0,26.0,21.75
2021-04-25,AUGLT,Dry Bulk,27.0,14.0,27.0,21.38
2021-05-02,AUGLT,Dry Bulk,24.0,20.0,26.0,23.38
2021-05-09,AUGLT,Dry Bulk,25.0,23.0,27.0,24.38
2021-05-16,AUGLT,Dry Bulk,21.0,15.0,26.0,21.25
2021-05-23,AUGLT,Dry Bulk,20.0,19.0,24.0,21.5
2021-05-30,AUGLT,Dry Bulk,24.0,20.0,25.0,22.75
2021-06-06,AUGLT,Dry Bulk,32.0,17.0,32.0,23.38
2021-06-13,AUGLT,Dry Bulk,26.0,22.0,30.0,24.88
2021-06-20,AUGLT,Dry Bulk,23.0,22.0,28.0,24.25
2021-06-27,AUGLT,Dry Bulk,25.0,20.0,30.0,24.38
2021-07-04,AUGLT,Dry Bulk,25.0,22.0,30.0,25.12
2021-07-11,AUGLT,Dry Bulk,31.0,14.0,31.0,23.75
2021-07-18,AUGLT,Dry Bulk,24.0,21.0,27.0,23.5
2021-07-25,AUGLT,Dry Bulk,26.0,19.0,34.0,24.25
2021-08-01,AUGLT,Dry Bulk,27.0,16.0,27.0,23.0
2021-08-08,AUGLT,Dry Bulk,25.0,15.0,29.0,22.62
2021-08-15,AUGLT,Dry Bulk,30.0,22.0,30.0,25.0
2021-08-22,AUGLT,Dry Bulk,26.0,17.0,26.0,21.12
2021-08-29,AUGLT,Dry Bulk,17.0,17.0,27.0,21.38
2021-09-05,AUGLT,Dry Bulk,22.0,16.0,25.0,21.5
2021-09-12,AUGLT,Dry Bulk,21.0,17.0,24.0,20.14
2021-09-19,AUGLT,Dry Bulk,23.0,17.0,25.0,22.86
2021-09-26,AUGLT,Dry Bulk,25.0,18.0,25.0,23.14
2021-10-03,AUGLT,Dry Bulk,23.0,23.0,29.0,25.29
2021-10-10,AUGLT,Dry Bulk,22.0,21.0,27.0,23.14
2021-10-17,AUGLT,Dry Bulk,18.0,18.0,24.0,22.14
2021-10-24,AUGLT,Dry Bulk,24.0,18.0,24.0,22.14
2021-10-31,AUGLT,Dry Bulk,17.0,17.0,26.0,22.29
2021-11-07,AUGLT,Dry Bulk,30.0,21.0,30.0,25.29
2021-11-14,AUGLT,Dry Bulk,26.0,22.0,28.0,25.71
2021-11-21,AUGLT,Dry Bulk,22.0,21.0,28.0,24.86
2021-11-28,AUGLT,Dry Bulk,21.0,19.0,26.0,22.0
2021-12-05,AUGLT,Dry Bulk,21.0,21.0,27.0,24.0
2021-12-12,AUGLT,Dry Bulk,28.0,24.0,28.0,26.0
2021-12-19,AUGLT,Dry Bulk,24.0,21.0,26.0,24.14
2021-12-26,AUGLT,Dry Bulk,22.0,22.0,28.0,25.0
2022-01-02,AUGLT,Dry Bulk,22.0,22.0,30.0,26.43
2022-01-09,AUGLT,Dry Bulk,23.0,17.0,30.0,24.12
2022-01-16,AUGLT,Dry Bulk,19.0,19.0,26.0,22.25
2022-01-23,AUGLT,Dry Bulk,25.0,21.0,28.0,24.0
2022-01-30,AUGLT,Dry Bulk,28.0,18.0,29.0,23.12
2022-02-06,AUGLT,Dry Bulk,28.0,17.0,31.0,25.0
2022-02-13,AUGLT,Dry Bulk,25.0,14.0,26.0,21.0
2022-02-20,AUGLT,Dry Bulk,24.0,16.0,25.0,21.75
2022-02-27,AUGLT,Dry Bulk,21.0,18.0,30.0,24.38
2022-03-06,AUGLT,Dry Bulk,26.0,20.0,30.0,23.5
2022-03-13,AUGLT,Dry Bulk,20.0,18.0,27.0,22.25
2022-03-20,AUGLT,Dry Bulk,22.0,20.0,24.0,21.88
2022-03-27,AUGLT,Dry Bulk,29.0,17.0,29.0,24.0
2022-04-03,AUGLT,Dry Bulk,20.0,19.0,26.0,21.38
2022-04-10,AUGLT,Dry Bulk,19.0,19.0,26.0,22.25
2022-04-17,AUGLT,Dry Bulk,22.0,20.0,26.0,21.75
2022-04-24,AUGLT,Dry Bulk,20.0,14.0,27.0,21.38
2022-05-01,AUGLT,Dry Bulk,20.0,20.0,26.0,23.38
2022-05-08,AUGLT,Dry Bulk,23.0,23.0,27.0,24.38
2022-05-15,AUGLT,Dry Bulk,23.0,15.0,26.0,21.25
2022-05-22,AUGLT,Dry Bulk,19.0,19.0,24.0,21.5
2022-05-29,AUGLT,Dry Bulk,20.0,20.0,25.0,22.75
2022-06-05,AUGLT,Dry Bulk,27.0,17.0,32.0,23.38
2022-06-12,AUGLT,Dry Bulk,25.0,22.0,30.0,24.88
2022-06-19,AUGLT,Dry Bulk,25.0,22.0,28.0,24.25
2022-06-26,AUGLT,Dry Bulk,24.0,20.0,30.0,24.38
2022-07-03,AUGLT,Dry Bulk,22.0,22.0,30.0,25.12
2022-07-10,AUGLT,Dry Bulk,23.0,14.0,31.0,23.75
2022-07-17,AUGLT,Dry Bulk,27.0,21.0,27.0,23.5
2022-07-24,AUGLT,Dry Bulk,23.0,19.0,34.0,24.25
2022-07-31,AUGLT,Dry Bulk,25.0,16.0,27.0,23.0
2022-08-07,AUGLT,Dry Bulk,15.0,15.0,29.0,22.62
2022-08-14,AUGLT,Dry Bulk,25.0,22.0,30.0,25.0
2022-08-21,AUGLT,Dry Bulk,21.0,17.0,26.0,21.12
2022-08-28,AUGLT,Dry Bulk,27.0,17.0,27.0,21.38
2022-09-04,AUGLT,Dry Bulk,20.0,16.0,25.0,21.5
2022-09-11,AUGLT,Dry Bulk,19.0,17.0,24.0,20.14
2022-09-18,AUGLT,Dry Bulk,24.0,17.0,25.0,22.86
2022-09-25,AUGLT,Dry Bulk,24.0,18.0,25.0,23.14
2022-10-02,AUGLT,Dry Bulk,24.0,23.0,29.0,25.29
2022-10-09,AUGLT,Dry Bulk,22.0,21.0,27.0,23.14
2022-10-16,AUGLT,Dry Bulk,24.0,18.0,24.0,22.14
2022-10-23,AUGLT,Dry Bulk,18.0,18.0,24.0,22.14
2022-10-30,AUGLT,Dry Bulk,22.0,17.0,26.0,22.29
2022-11-06,AUGLT,Dry Bulk,28.0,21.0,30.0,25.29
2022-11-13,AUGLT,Dry Bulk,28.0,22.0,28.0,25.71
2022-11-20,AUGLT,Dry Bulk,21.0,21.0,28.0,24.86
2022-11-27,AUGLT,Dry Bulk,20.0,19.0,26.0,22.0
2022-12-04,AUGLT,Dry Bulk,23.0,21.0,27.0,24.0
2022-12-11,AUGLT,Dry Bulk,24.0,24.0,28.0,26.0
2022-12-18,AUGLT,Dry Bulk,24.0,21.0,26.0,24.14
2022-12-25,AUGLT,Dry Bulk,24.0,22.0,28.0,25.0
2023-01-01,AUGLT,Dry Bulk,30.0,22.0,30.0,26.43
2023-01-08,AUGLT,Dry Bulk,25.0,17.0,30.0,24.12
2023-01-15,AUGLT,Dry Bulk,20.0,19.0,26.0,22.25
2023-01-22,AUGLT,Dry Bulk,22.0,21.0,28.0,24.0
2023-01-29,AUGLT,Dry Bulk,29.0,18.0,29.0,23.12
2023-02-05,AUGLT,Dry Bulk,17.0,17.0,31.0,25.0
2023-02-12,AUGLT,Dry Bulk,14.0,14.0,26.0,21.0
2023-02-19,AUGLT,Dry Bulk,20.0,16.0,25.0,21.75
2023-02-26,AUGLT,Dry Bulk,26.0,18.0,30.0,24.38
2023-03-05,AUGLT,Dry Bulk,20.0,20.0,30.0,23.5
2023-03-12,AUGLT,Dry Bulk,22.0,18.0,27.0,22.25
2023-03-19,AUGLT,Dry Bulk,20.0,20.0,24.0,21.88
2023-03-26,AUGLT,Dry Bulk,24.0,17.0,29.0,24.0
2023-04-02,AUGLT,Dry Bulk,22.0,19.0,26.0,21.38
2023-04-09,AUGLT,Dry Bulk,26.0,19.0,26.0,22.25
2023-04-16,AUGLT,Dry Bulk,22.0,20.0,26.0,21.75
2023-04-23,AUGLT,Dry Bulk,21.0,14.0,27.0,21.38
2023-04-30,AUGLT,Dry Bulk,21.0,20.0,26.0,23.38
2023-05-07,AUGLT,Dry Bulk,23.0,23.0,27.0,24.38
2023-05-14,AUGLT,Dry Bulk,15.0,15.0,26.0,21.25
2023-05-21,AUGLT,Dry Bulk,19.0,19.0,24.0,21.5
2023-05-28,AUGLT,Dry Bulk,24.0,20.0,25.0,22.75
2023-06-04,AUGLT,Dry Bulk,26.0,17.0,32.0,23.38
2023-06-11,AUGLT,Dry Bulk,22.0,22.0,30.0,24.88
2023-06-18,AUGLT,Dry Bulk,28.0,22.0,28.0,24.25
2023-06-25,AUGLT,Dry Bulk,26.0,20.0,30.0,24.38
2023-07-02,AUGLT,Dry Bulk,24.0,22.0,30.0,25.12
2023-07-09,AUGLT,Dry Bulk,27.0,14.0,31.0,23.75
2023-07-16,AUGLT,Dry Bulk,24.0,21.0,27.0,23.5
2023-07-23,AUGLT,Dry Bulk,34.0,19.0,34.0,24.25
2023-07-30,AUGLT,Dry Bulk,25.0,16.0,27.0,23.0
2023-08-06,AUGLT,Dry Bulk,23.0,15.0,29.0,22.62
2023-08-13,AUGLT,Dry Bulk,22.0,22.0,30.0,25.0
2023-08-20,AUGLT,Dry Bulk,22.0,17.0,26.0,21.12
2023-08-27,AUGLT,Dry Bulk,17.0,17.0,27.0,21.38
2023-09-03,AUGLT,Dry Bulk,23.0,16.0,25.0,21.5
2023-09-10,AUGLT,Dry Bulk,19.0,17.0,24.0,20.14
2023-09-17,AUGLT,Dry Bulk,25.0,17.0,25.0,22.86
2023-09-24,AUGLT,Dry Bulk,25.0,18.0,25.0,23.14
2023-10-01,AUGLT,Dry Bulk,23.0,23.0,29.0,25.29
2023-10-08,AUGLT,Dry Bulk,27.0,21.0,27.0,23.14
2023-10-15,AUGLT,Dry Bulk,22.0,18.0,24.0,22.14
2023-10-22,AUGLT,Dry Bulk,23.0,18.0,24.0,22.14
2023-10-29,AUGLT,Dry Bulk,25.0,17.0,26.0,22.29
2023-11-05,AUGLT,Dry Bulk,24.0,21.0,30.0,25.29
2023-11-12,AUGLT,Dry Bulk,25.0,22.0,28.0,25.71
2023-11-19,AUGLT,Dry Bulk,24.0,21.0,28.0,24.86
2023-11-26,AUGLT,Dry Bulk,20.0,19.0,26.0,22.0
2023-12-03,AUGLT,Dry Bulk,23.0,21.0,27.0,24.0
2023-12-10,AUGLT,Dry Bulk,27.0,24.0,28.0,26.0
2023-12-17,AUGLT,Dry Bulk,26.0,21.0,26.0,24.14
2023-12-24,AUGLT,Dry Bulk,25.0,22.0,28.0,25.0
2023-12-31,AUGLT,Dry Bulk,24.0,22.0,30.0,26.43
2024-01-07,AUGLT,Dry Bulk,24.0,17.0,30.0,24.12
2024-01-14,AUGLT,Dry Bulk,21.0,19.0,26.0,22.25
2024-01-21,AUGLT,Dry Bulk,28.0,21.0,28.0,24.0
2024-01-28,AUGLT,Dry Bulk,18.0,18.0,29.0,23.12
2024-02-04,AUGLT,Dry Bulk,26.0,17.0,31.0,25.0
2024-02-11,AUGLT,Dry Bulk,19.0,14.0,26.0,21.0
2024-02-18,AUGLT,Dry Bulk,25.0,16.0,25.0,21.75
2024-02-25,AUGLT,Dry Bulk,23.0,18.0,30.0,24.38
2024-03-03,AUGLT,Dry Bulk,23.0,20.0,30.0,23.5
2024-03-10,AUGLT,Dry Bulk,18.0,18.0,27.0,22.25
2024-03-17,AUGLT,Dry Bulk,24.0,20.0,24.0,21.88
2024-03-24,AUGLT,Dry Bulk,22.0,17.0,29.0,24.0
2024-03-31,AUGLT,Dry Bulk,26.0,19.0,26.0,21.38
2024-04-07,AUGLT,Dry Bulk,23.0,19.0,26.0,22.25
2024-04-14,AUGLT,Dry Bulk,20.0,20.0,26.0,21.75
2024-04-21,AUGLT,Dry Bulk,14.0,14.0,27.0,21.38
2024-04-28,AUGLT,Dry Bulk,23.0,20.0,26.0,23.38
2024-05-05,AUGLT,Dry Bulk,23.0,23.0,27.0,24.38
2024-05-12,AUGLT,Dry Bulk,21.0,15.0,26.0,21.25
2024-05-19,AUGLT,Dry Bulk,23.0,19.0,24.0,21.5
2024-05-26,AUGLT,Dry Bulk,21.0,20.0,25.0,22.75
2024-06-02,AUGLT,Dry Bulk,25.0,17.0,32.0,23.38
2024-06-09,AUGLT,Dry Bulk,23.0,22.0,30.0,24.88
2024-06-16,AUGLT,Dry Bulk,23.0,22.0,28.0,24.25
2024-06-23,AUGLT,Dry Bulk,25.0,20.0,30.0,24.38
2024-06-30,AUGLT,Dry Bulk,24.0,22.0,30.0,25.12
2024-07-07,AUGLT,Dry Bulk,22.0,14.0,31.0,23.75
2024-07-14,AUGLT,Dry Bulk,21.0,21.0,27.0,23.5
2024-07-21,AUGLT,Dry Bulk,22.0,19.0,34.0,24.25
2024-07-28,AUGLT,Dry Bulk,16.0,16.0,27.0,23.0
2024-08-04,AUGLT,Dry Bulk,19.0,15.0,29.0,22.62
2024-08-11,AUGLT,Dry Bulk,24.0,22.0,30.0,25.0
2024-08-18,AUGLT,Dry Bulk,20.0,17.0,26.0,21.12
2024-08-25,AUGLT,Dry Bulk,21.0,17.0,27.0,21.38
2024-09-01,AUGLT,Dry Bulk,22.0,16.0,25.0,21.5
2024-09-08,AUGLT,Dry Bulk,17.0,17.0,24.0,20.14
2024-09-15,AUGLT,Dry Bulk,24.0,17.0,25.0,22.86
2024-09-22,AUGLT,Dry Bulk,24.0,18.0,25.0,23.14
2024-09-29,AUGLT,Dry Bulk,25.0,23.0,29.0,25.29
2024-10-06,AUGLT,Dry Bulk,22.0,21.0,27.0,23.14
2024-10-13,AUGLT,Dry Bulk,22.0,18.0,24.0,22.14
2024-10-20,AUGLT,Dry Bulk,24.0,18.0,24.0,22.14
2024-10-27,AUGLT,Dry Bulk,24.0,17.0,26.0,22.29
2024-11-03,AUGLT,Dry Bulk,27.0,21.0,30.0,25.29
2024-11-10,AUGLT,Dry Bulk,28.0,22.0,28.0,25.71
2024-11-17,AUGLT,Dry Bulk,28.0,21.0,28.0,24.86
2024-11-24,AUGLT,Dry Bulk,24.0,19.0,26.0,22.0
2024-12-01,AUGLT,Dry Bulk,27.0,21.0,27.0,24.0
2024-12-08,AUGLT,Dry Bulk,26.0,24.0,28.0,26.0
2024-12-15,AUGLT,Dry Bulk,22.0,21.0,26.0,24.14
2024-12-22,AUGLT,Dry Bulk,26.0,22.0,28.0,25.0
2024-12-29,AUGLT,Dry Bulk,27.0,22.0,30.0,26.43
2025-01-05,AUGLT,Dry Bulk,23.0,17.0,30.0,24.12
2025-01-12,AUGLT,Dry Bulk,20.0,19.0,26.0,22.25
2025-01-19,AUGLT,Dry Bulk,21.0,21.0,28.0,24.0
2025-01-26,AUGLT,Dry Bulk,19.0,18.0,29.0,23.12
2025-02-02,AUGLT,Dry Bulk,25.0,17.0,31.0,25.0
2025-02-09,AUGLT,Dry Bulk,20.0,14.0,26.0,21.0
2025-02-16,AUGLT,Dry Bulk,24.0,16.0,25.0,21.75
2025-02-23,AUGLT,Dry Bulk,18.0,18.0,30.0,24.38
2025-03-02,AUGLT,Dry Bulk,21.0,20.0,30.0,23.5
2025-03-09,AUGLT,Dry Bulk,25.0,18.0,27.0,22.25
2025-03-16,AUGLT,Dry Bulk,24.0,20.0,24.0,21.88
2025-03-23,AUGLT,Dry Bulk,17.0,17.0,29.0,24.0
2025-03-30,AUGLT,Dry Bulk,24.0,19.0,26.0,21.38
2025-04-06,AUGLT,Dry Bulk,20.0,19.0,26.0,22.25
2025-04-13,AUGLT,Dry Bulk,20.0,20.0,26.0,21.75
2025-04-20,AUGLT,Dry Bulk,18.0,14.0,27.0,21.38
2025-04-27,AUGLT,Dry Bulk,24.0,20.0,26.0,23.38
2025-05-04,AUGLT,Dry Bulk,24.0,23.0,27.0,24.38
2025-05-11,AUGLT,Dry Bulk,18.0,15.0,26.0,21.25
2025-05-18,AUGLT,Dry Bulk,24.0,19.0,24.0,21.5
2025-05-25,AUGLT,Dry Bulk,25.0,20.0,25.0,22.75
2025-06-01,AUGLT,Dry Bulk,20.0,17.0,32.0,23.38
2025-06-08,AUGLT,Dry Bulk,23.0,22.0,30.0,24.88
2025-06-15,AUGLT,Dry Bulk,22.0,22.0,28.0,24.25
2025-06-22,AUGLT,Dry Bulk,30.0,20.0,30.0,24.38
2025-06-29,AUGLT,Dry Bulk,26.0,22.0,30.0,25.12
2025-07-06,AUGLT,Dry Bulk,22.0,14.0,31.0,23.75
2025-07-13,AUGLT,Dry Bulk,26.0,21.0,27.0,23.5
2025-07-20,AUGLT,Dry Bulk,19.0,19.0,34.0,24.25
2025-07-27,AUGLT,Dry Bulk,23.0,16.0,27.0,23.0
2025-08-03,AUGLT,Dry Bulk,29.0,15.0,29.0,22.62
2025-08-10,AUGLT,Dry Bulk,24.0,22.0,30.0,25.0
2025-08-17,AUGLT,Dry Bulk,17.0,17.0,26.0,21.12
2025-08-24,AUGLT,Dry Bulk,24.0,17.0,27.0,21.38
2025-08-31,AUGLT,Dry Bulk,22.0,16.0,25.0,21.5
2025-09-07,AUGLT,Dry Bulk,24.0,17.0,24.0,20.14
2025-09-14,AUGLT,Dry Bulk,24.0,17.0,25.0,22.86
2025-09-21,AUGLT,Dry Bulk,23.0,18.0,25.0,23.14
2025-09-28,AUGLT,Dry Bulk,29.0,23.0,29.0,25.29
2025-10-05,AUGLT,Dry Bulk,25.0,21.0,27.0,23.14
2025-10-12,AUGLT,Dry Bulk,23.0,18.0,24.0,22.14
2025-10-19,AUGLT,Dry Bulk,23.0,18.0,24.0,22.14
2025-10-26,AUGLT,Dry Bulk,19.0,17.0,26.0,22.29
2025-11-02,AUGLT,Dry Bulk,23.0,21.0,30.0,25.29
2025-11-09,AUGLT,Dry Bulk,24.0,22.0,28.0,25.71
2025-11-16,AUGLT,Dry Bulk,27.0,21.0,28.0,24.86
2025-11-23,AUGLT,Dry Bulk,24.0,19.0,26.0,22.0
2025-11-30,AUGLT,Dry Bulk,22.0,21.0,27.0,24.0
2025-12-07,AUGLT,Dry Bulk,27.0,24.0,28.0,26.0
2025-12-14,AUGLT,Dry Bulk,26.0,21.0,26.0,24.14
2025-12-21,AUGLT,Dry Bulk,25.0,22.0,28.0,25.0
2025-12-28,AUGLT,Dry Bulk,28.0,22.0,30.0,26.43
2026-01-04,AUGLT,Dry Bulk,27.0,17.0,30.0,24.12
2026-01-11,AUGLT,Dry Bulk,24.0,19.0,26.0,22.25
2026-01-18,AUGLT,Dry Bulk,23.0,21.0,28.0,24.0
2026-01-25,AUGLT,Dry Bulk,24.0,18.0,29.0,23.12
2026-02-01,AUGLT,Dry Bulk,28.0,17.0,31.0,25.0
2026-02-08,AUGLT,Dry Bulk,21.0,14.0,26.0,21.0
2026-02-15,AUGLT,Dry Bulk,20.0,16.0,25.0,21.75
2026-02-22,AUGLT,Dry Bulk,24.0,18.0,30.0,24.38
2026-03-01,AUGLT,Dry Bulk,23.0,20.0,30.0,23.5
2026-03-08,AUGLT,Dry Bulk,21.0,18.0,27.0,22.25
2026-03-15,AUGLT,Dry Bulk,22.0,20.0,24.0,21.88
2026-03-22,AUGLT,Dry Bulk,23.0,17.0,29.0,24.0
2026-03-29,AUGLT,Dry Bulk,19.0,19.0,26.0,21.38
2026-04-05,AUGLT,Dry Bulk,24.0,19.0,26.0,22.25
2026-04-12,AUGLT,Dry Bulk,20.0,20.0,26.0,21.75
2026-04-19,AUGLT,Dry Bulk,24.0,14.0,27.0,21.38
2026-04-26,AUGLT,Dry Bulk,25.0,20.0,26.0,23.38
2026-05-03,AUGLT,Dry Bulk,27.0,23.0,27.0,24.38
2026-05-10,AUGLT,Dry Bulk,23.0,15.0,26.0,21.25
2026-05-17,AUGLT,Dry Bulk,23.0,19.0,24.0,21.5
2026-05-24,AUGLT,Dry Bulk,23.0,20.0,25.0,22.75
2026-05-31,AUGLT,Dry Bulk,19.0,17.0,32.0,23.38
2026-06-07,AUGLT,Dry Bulk,23.0,22.0,30.0,24.88
2026-06-14,AUGLT,Dry Bulk,24.0,22.0,28.0,24.25
2026-06-21,AUGLT,Dry Bulk,20.0,20.0,30.0,24.38
2026-06-28,AUGLT,Dry Bulk,30.0,22.0,30.0,25.12
2026-07-05,AUGLT,Dry Bulk,14.0,14.0,31.0,23.75
2026-07-12,AUGLT,Dry Bulk,21.0,21.0,27.0,23.5
2026-07-19,AUGLT,Dry Bulk,22.0,19.0,34.0,24.25
2026-07-26,AUGLT,Dry Bulk,23.0,16.0,27.0,23.0
2026-08-02,AUGLT,Dry Bulk,26.0,15.0,29.0,22.62
2026-08-09,AUGLT,Dry Bulk,26.0,22.0,30.0,25.0
2026-08-16,AUGLT,Dry Bulk,17.0,17.0,26.0,21.12
2026-08-23,AUGLT,Dry Bulk,22.0,17.0,27.0,21.38
2026-08-30,AUGLT,Dry Bulk,16.0,16.0,25.0,21.5
2019-01-06,AUHPT,Dry Bulk,22.0,14.0,26.0,20.88
2019-01-13,AUHPT,Dry Bulk,23.0,2.0,25.0,17.62
2019-01-20,AUHPT,Dry Bulk,20.0,12.0,21.0,17.25
2019-01-27,AUHPT,Dry Bulk,30.0,13.0,30.0,21.62
2019-02-03,AUHPT,Dry Bulk,15.0,12.0,24.0,19.25
2019-02-10,AUHPT,Dry Bulk,17.0,11.0,22.0,17.62
2019-02-17,AUHPT,Dry Bulk,24.0,13.0,26.0,20.62
2019-02-24,AUHPT,Dry Bulk,18.0,11.0,24.0,18.5
2019-03-03,AUHPT,Dry Bulk,22.0,12.0,23.0,19.25
2019-03-10,AUHPT,Dry Bulk,25.0,7.0,25.0,15.12
2019-03-17,AUHPT,Dry Bulk,17.0,9.0,26.0,18.75
2019-03-24,AUHPT,Dry Bulk,21.0,20.0,28.0,23.12
2019-03-31,AUHPT,Dry Bulk,24.0,18.0,25.0,22.0
2019-04-07,AUHPT,Dry Bulk,21.0,13.0,26.0,19.5
2019-04-14,AUHPT,Dry Bulk,18.0,18.0,27.0,21.12
2019-04-21,AUHPT,Dry Bulk,22.0,16.0,24.0,19.88
2019-04-28,AUHPT,Dry Bulk,23.0,15.0,24.0,20.38
2019-05-05,AUHPT,Dry Bulk,23.0,11.0,25.0,20.0
2019-05-12,AUHPT,Dry Bulk,24.0,17.0,25.0,21.12
2019-05-19,AUHPT,Dry Bulk,21.0,17.0,26.0,20.75
2019-05-26,AUHPT,Dry Bulk,27.0,17.0,28.0,23.25
2019-06-02,AUHPT,Dry Bulk,22.0,17.0,26.0,23.5
2019-06-09,AUHPT,Dry Bulk,23.0,21.0,26.0,23.75
2019-06-16,AUHPT,Dry Bulk,24.0,22.0,30.0,24.5
2019-06-23,AUHPT,Dry Bulk,26.0,16.0,28.0,22.38
2019-06-30,AUHPT,Dry Bulk,27.0,20.0,28.0,24.0
2019-07-07,AUHPT,Dry Bulk,17.0,11.0,17.0,14.38
2019-07-14,AUHPT,Dry Bulk,20.0,12.0,25.0,19.12
2019-07-21,AUHPT,Dry Bulk,26.0,15.0,26.0,21.5
2019-07-28,AUHPT,Dry Bulk,22.0,13.0,27.0,20.0
2019-08-04,AUHPT,Dry Bulk,22.0,17.0,30.0,21.0
2019-08-11,AUHPT,Dry Bulk,24.0,16.0,31.0,22.12
2019-08-18,AUHPT,Dry Bulk,13.0,13.0,26.0,19.5
2019-08-25,AUHPT,Dry Bulk,25.0,17.0,26.0,21.12
2019-09-01,AUHPT,Dry Bulk,23.0,13.0,29.0,21.5
2019-09-08,AUHPT,Dry Bulk,25.0,10.0,25.0,17.29
2019-09-15,AUHPT,Dry Bulk,29.0,18.0,29.0,22.29
2019-09-22,AUHPT,Dry Bulk,23.0,19.0,32.0,24.71
2019-09-29,AUHPT,Dry Bulk,18.0,17.0,28.0,22.0
2019-10-06,AUHPT,Dry Bulk,24.0,14.0,24.0,20.0
2019-10-13,AUHPT,Dry Bulk,21.0,19.0,22.0,20.43
2019-10-20,AUHPT,Dry Bulk,21.0,16.0,22.0,19.29
2019-10-27,AUHPT,Dry Bulk,20.0,15.0,22.0,18.57
2019-11-03,AUHPT,Dry Bulk,19.0,9.0,23.0,17.57
2019-11-10,AUHPT,Dry Bulk,23.0,16.0,25.0,21.0
2019-11-17,AUHPT,Dry Bulk,18.0,17.0,25.0,21.0
2019-11-24,AUHPT,Dry Bulk,22.0,20.0,24.0,22.14
2019-12-01,AUHPT,Dry Bulk,24.0,11.0,24.0,19.0
2019-12-08,AUHPT,Dry Bulk,28.0,13.0,28.0,22.43
2019-12-15,AUHPT,Dry Bulk,24.0,18.0,27.0,22.14
2019-12-22,AUHPT,Dry Bulk,24.0,17.0,26.0,22.43
2019-12-29,AUHPT,Dry Bulk,29.0,19.0,32.0,25.0
2020-01-05,AUHPT,Dry Bulk,26.0,14.0,26.0,20.88
2020-01-12,AUHPT,Dry Bulk,23.0,2.0,25.0,17.62
2020-01-19,AUHPT,Dry Bulk,21.0,12.0,21.0,17.25
2020-01-26,AUHPT,Dry Bulk,21.0,13.0,30.0,21.62
2020-02-02,AUHPT,Dry Bulk,20.0,12.0,24.0,19.25
2020-02-09,AUHPT,Dry Bulk,18.0,11.0,22.0,17.62
2020-02-16,AUHPT,Dry Bulk,20.0,13.0,26.0,20.62
2020-02-23,AUHPT,Dry Bulk,23.0,11.0,24.0,18.5
2020-03-01,AUHPT,Dry Bulk,18.0,12.0,23.0,19.25
2020-03-08,AUHPT,Dry Bulk,18.0,7.0,25.0,15.12
2020-03-15,AUHPT,Dry Bulk,9.0,9.0,26.0,18.75
2020-03-22,AUHPT,Dry Bulk,26.0,20.0,28.0,23.12
2020-03-29,AUHPT,Dry Bulk,24.0,18.0,25.0,22.0
2020-04-05,AUHPT,Dry Bulk,18.0,13.0,26.0,19.5
2020-04-12,AUHPT,Dry Bulk,20.0,18.0,27.0,21.12
2020-04-19,AUHPT,Dry Bulk,19.0,16.0,24.0,19.88
2020-04-26,AUHPT,Dry Bulk,15.0,15.0,24.0,20.38
2020-05-03,AUHPT,Dry Bulk,25.0,11.0,25.0,20.0
2020-05-10,AUHPT,Dry Bulk,19.0,17.0,25.0,21.12
2020-05-17,AUHPT,Dry Bulk,21.0,17.0,26.0,20.75
2020-05-24,AUHPT,Dry Bulk,17.0,17.0,28.0,23.25
2020-05-31,AUHPT,Dry Bulk,24.0,17.0,26.0,23.5
2020-06-07,AUHPT,Dry Bulk,21.0,21.0,26.0,23.75
2020-06-14,AUHPT,Dry Bulk,25.0,22.0,30.0,24.5
2020-06-21,AUHPT,Dry Bulk,20.0,16.0,28.0,22.38
2020-06-28,AUHPT,Dry Bulk,23.0,20.0,28.0,24.0
2020-07-05,AUHPT,Dry Bulk,11.0,11.0,17.0,14.38
2020-07-12,AUHPT,Dry Bulk,25.0,12.0,25.0,19.12
2020-07-19,AUHPT,Dry Bulk,20.0,15.0,26.0,21.5
2020-07-26,AUHPT,Dry Bulk,21.0,13.0,27.0,20.0
2020-08-02,AUHPT,Dry Bulk,19.0,17.0,30.0,21.0
2020-08-09,AUHPT,Dry Bulk,16.0,16.0,31.0,22.12
2020-08-16,AUHPT,Dry Bulk,19.0,13.0,26.0,19.5
2020-08-23,AUHPT,Dry Bulk,17.0,17.0,26.0,21.12
2020-08-30,AUHPT,Dry Bulk,23.0,13.0,29.0,21.5
2020-09-06,AUHPT,Dry Bulk,19.0,10.0,25.0,17.29
2020-09-13,AUHPT,Dry Bulk,22.0,18.0,29.0,22.29
2020-09-20,AUHPT,Dry Bulk,19.0,19.0,32.0,24.71
2020-09-27,AUHPT,Dry Bulk,25.0,17.0,28.0,22.0
2020-10-04,AUHPT,Dry Bulk,20.0,14.0,24.0,20.0
2020-10-11,AUHPT,Dry Bulk,22.0,19.0,22.0,20.43
2020-10-18,AUHPT,Dry Bulk,20.0,16.0,22.0,19.29
2020-10-25,AUHPT,Dry Bulk,15.0,15.0,22.0,18.57
2020-11-01,AUHPT,Dry Bulk,15.0,9.0,23.0,17.57
2020-11-08,AUHPT,Dry Bulk,16.0,16.0,25.0,21.0
2020-11-15,AUHPT,Dry Bulk,23.0,17.0,25.0,21.0
2020-11-22,AUHPT,Dry Bulk,20.0,20.0,24.0,22.14
2020-11-29,AUHPT,Dry Bulk,16.0,11.0,24.0,19.0
2020-12-06,AUHPT,Dry Bulk,24.0,13.0,28.0,22.43
2020-12-13,AUHPT,Dry Bulk,27.0,18.0,27.0,22.14
2020-12-20,AUHPT,Dry Bulk,23.0,17.0,26.0,22.43
2020-12-27,AUHPT,Dry Bulk,25.0,19.0,32.0,25.0
2021-01-03,AUHPT,Dry Bulk,13.0,10.4,15.6,13.0
2021-01-10,AUHPT,Dry Bulk,14.0,14.0,26.0,20.88
2021-01-17,AUHPT,Dry Bulk,25.0,2.0,25.0,17.62
2021-01-24,AUHPT,Dry Bulk,21.0,12.0,21.0,17.25
2021-01-31,AUHPT,Dry Bulk,26.0,13.0,30.0,21.62
2021-02-07,AUHPT,Dry Bulk,22.0,12.0,24.0,19.25
2021-02-14,AUHPT,Dry Bulk,21.0,11.0,22.0,17.62
2021-02-21,AUHPT,Dry Bulk,18.0,13.0,26.0,20.62
2021-02-28,AUHPT,Dry Bulk,22.0,11.0,24.0,18.5
2021-03-07,AUHPT,Dry Bulk,20.0,12.0,23.0,19.25
2021-03-14,AUHPT,Dry Bulk,13.0,7.0,25.0,15.12
2021-03-21,AUHPT,Dry Bulk,20.0,9.0,26.0,18.75
2021-03-28,AUHPT,Dry Bulk,20.0,20.0,28.0,23.12
2021-04-04,AUHPT,Dry Bulk,20.0,18.0,25.0,22.0
2021-04-11,AUHPT,Dry Bulk,22.0,13.0,26.0,19.5
2021-04-18,AUHPT,Dry Bulk,22.0,18.0,27.0,21.12
2021-04-25,AUHPT,Dry Bulk,19.0,16.0,24.0,19.88
2021-05-02,AUHPT,Dry Bulk,22.0,15.0,24.0,20.38
2021-05-09,AUHPT,Dry Bulk,22.0,11.0,25.0,20.0
2021-05-16,AUHPT,Dry Bulk,22.0,17.0,25.0,21.12
2021-05-23,AUHPT,Dry Bulk,20.0,17.0,26.0,20.75
2021-05-30,AUHPT,Dry Bulk,25.0,17.0,28.0,23.25
2021-06-06,AUHPT,Dry Bulk,17.0,17.0,26.0,23.5
2021-06-13,AUHPT,Dry Bulk,25.0,21.0,26.0,23.75
2021-06-20,AUHPT,Dry Bulk,24.0,22.0,30.0,24.5
2021-06-27,AUHPT,Dry Bulk,20.0,16.0,28.0,22.38
2021-07-04,AUHPT,Dry Bulk,22.0,20.0,28.0,24.0
2021-07-11,AUHPT,Dry Bulk,11.0,11.0,17.0,14.38
2021-07-18,AUHPT,Dry Bulk,23.0,12.0,25.0,19.12
2021-07-25,AUHPT,Dry Bulk,23.0,15.0,26.0,21.5
2021-08-01,AUHPT,Dry Bulk,23.0,13.0,27.0,20.0
2021-08-08,AUHPT,Dry Bulk,30.0,17.0,30.0,21.0
2021-08-15,AUHPT,Dry Bulk,21.0,16.0,31.0,22.12
2021-08-22,AUHPT,Dry Bulk,20.0,13.0,26.0,19.5
2021-08-29,AUHPT,Dry Bulk,21.0,17.0,26.0,21.12
2021-09-05,AUHPT,Dry Bulk,24.0,13.0,29.0,21.5
2021-09-12,AUHPT,Dry Bulk,19.0,10.0,25.0,17.29
2021-09-19,AUHPT,Dry Bulk,22.0,18.0,29.0,22.29
2021-09-26,AUHPT,Dry Bulk,22.0,19.0,32.0,24.71
2021-10-03,AUHPT,Dry Bulk,20.0,17.0,28.0,22.0
2021-10-10,AUHPT,Dry Bulk,18.0,14.0,24.0,20.0
2021-10-17,AUHPT,Dry Bulk,19.0,19.0,22.0,20.43
2021-10-24,AUHPT,Dry Bulk,22.0,16.0,22.0,19.29
2021-10-31,AUHPT,Dry Bulk,22.0,15.0,22.0,18.57
2021-11-07,AUHPT,Dry Bulk,20.0,9.0,23.0,17.57
2021-11-14,AUHPT,Dry Bulk,17.0,16.0,25.0,21.0
2021-11-21,AUHPT,Dry Bulk,23.0,17.0,25.0,21.0
2021-11-28,AUHPT,Dry Bulk,24.0,20.0,24.0,22.14
2021-12-05,AUHPT,Dry Bulk,11.0,11.0,24.0,19.0
2021-12-12,AUHPT,Dry Bulk,25.0,13.0,28.0,22.43
2021-12-19,AUHPT,Dry Bulk,21.0,18.0,27.0,22.14
2021-12-26,AUHPT,Dry Bulk,20.0,17.0,26.0,22.43
2022-01-02,AUHPT,Dry Bulk,21.0,19.0,32.0,25.0
2022-01-09,AUHPT,Dry Bulk,21.0,14.0,26.0,20.88
2022-01-16,AUHPT,Dry Bulk,14.0,2.0,25.0,17.62
2022-01-23,AUHPT,Dry Bulk,21.0,12.0,21.0,17.25
2022-01-30,AUHPT,Dry Bulk,25.0,13.0,30.0,21.62
2022-02-06,AUHPT,Dry Bulk,19.0,12.0,24.0,19.25
2022-02-13,AUHPT,Dry Bulk,22.0,11.0,22.0,17.62
2022-02-20,AUHPT,Dry Bulk,13.0,13.0,26.0,20.62
2022-02-27,AUHPT,Dry Bulk,24.0,11.0,24.0,18.5
2022-03-06,AUHPT,Dry Bulk,23.0,12.0,23.0,19.25
2022-03-13,AUHPT,Dry Bulk,15.0,7.0,25.0,15.12
2022-03-20,AUHPT,Dry Bulk,24.0,9.0,26.0,18.75
2022-03-27,AUHPT,Dry Bulk,20.0,20.0,28.0,23.12
2022-04-03,AUHPT,Dry Bulk,20.0,18.0,25.0,22.0
2022-04-10,AUHPT,Dry Bulk,19.0,13.0,26.0,19.5
2022-04-17,AUHPT,Dry Bulk,22.0,18.0,27.0,21.12
2022-04-24,AUHPT,Dry Bulk,16.0,16.0,24.0,19.88
2022-05-01,AUHPT,Dry Bulk,23.0,15.0,24.0,20.38
2022-05-08,AUHPT,Dry Bulk,20.0,11.0,25.0,20.0
2022-05-15,AUHPT,Dry Bulk,25.0,17.0,25.0,21.12
2022-05-22,AUHPT,Dry Bulk,20.0,17.0,26.0,20.75
2022-05-29,AUHPT,Dry Bulk,24.0,17.0,28.0,23.25
2022-06-05,AUHPT,Dry Bulk,24.0,17.0,26.0,23.5
2022-06-12,AUHPT,Dry Bulk,23.0,21.0,26.0,23.75
2022-06-19,AUHPT,Dry Bulk,22.0,22.0,30.0,24.5
2022-06-26,AUHPT,Dry Bulk,25.0,16.0,28.0,22.38
2022-07-03,AUHPT,Dry Bulk,20.0,20.0,28.0,24.0
2022-07-10,AUHPT,Dry Bulk,12.0,11.0,17.0,14.38
2022-07-17,AUHPT,Dry Bulk,16.0,12.0,25.0,19.12
2022-07-24,AUHPT,Dry Bulk,23.0,15.0,26.0,21.5
2022-07-31,AUHPT,Dry Bulk,27.0,13.0,27.0,20.0
2022-08-07,AUHPT,Dry Bulk,18.0,17.0,30.0,21.0
2022-08-14,AUHPT,Dry Bulk,22.0,16.0,31.0,22.12
2022-08-21,AUHPT,Dry Bulk,17.0,13.0,26.0,19.5
2022-08-28,AUHPT,Dry Bulk,21.0,17.0,26.0,21.12
2022-09-04,AUHPT,Dry Bulk,29.0,13.0,29.0,21.5
2022-09-11,AUHPT,Dry Bulk,22.0,10.0,25.0,17.29
2022-09-18,AUHPT,Dry Bulk,23.0,18.0,29.0,22.29
2022-09-25,AUHPT,Dry Bulk,26.0,19.0,32.0,24.71
2022-10-02,AUHPT,Dry Bulk,17.0,17.0,28.0,22.0
2022-10-09,AUHPT,Dry Bulk,14.0,14.0,24.0,20.0
2022-10-16,AUHPT,Dry Bulk,21.0,19.0,22.0,20.43
2022-10-23,AUHPT,Dry Bulk,16.0,16.0,22.0,19.29
2022-10-30,AUHPT,Dry Bulk,19.0,15.0,22.0,18.57
2022-11-06,AUHPT,Dry Bulk,19.0,9.0,23.0,17.57
2022-11-13,AUHPT,Dry Bulk,19.0,16.0,25.0,21.0
2022-11-20,AUHPT,Dry Bulk,25.0,17.0,25.0,21.0
2022-11-27,AUHPT,Dry Bulk,23.0,20.0,24.0,22.14
2022-12-04,AUHPT,Dry Bulk,19.0,11.0,24.0,19.0
2022-12-11,AUHPT,Dry Bulk,24.0,13.0,28.0,22.43
2022-12-18,AUHPT,Dry Bulk,19.0,18.0,27.0,22.14
2022-12-25,AUHPT,Dry Bulk,25.0,17.0,26.0,22.43
2023-01-01,AUHPT,Dry Bulk,29.0,19.0,32.0,25.0
2023-01-08,AUHPT,Dry Bulk,24.0,14.0,26.0,20.88
2023-01-15,AUHPT,Dry Bulk,10.0,2.0,25.0,17.62
2023-01-22,AUHPT,Dry Bulk,12.0,12.0,21.0,17.25
2023-01-29,AUHPT,Dry Bulk,20.0,13.0,30.0,21.62
2023-02-05,AUHPT,Dry Bulk,24.0,12.0,24.0,19.25
2023-02-12,AUHPT,Dry Bulk,14.0,11.0,22.0,17.62
2023-02-19,AUHPT,Dry Bulk,23.0,13.0,26.0,20.62
2023-02-26,AUHPT,Dry Bulk,17.0,11.0,24.0,18.5
2023-03-05,AUHPT,Dry Bulk,22.0,12.0,23.0,19.25
2023-03-12,AUHPT,Dry Bulk,20.0,7.0,25.0,15.12
2023-03-19,AUHPT,Dry Bulk,18.0,9.0,26.0,18.75
2023-03-26,AUHPT,Dry Bulk,20.0,20.0,28.0,23.12
2023-04-02,AUHPT,Dry Bulk,23.0,18.0,25.0,22.0
2023-04-09,AUHPT,Dry Bulk,24.0,13.0,26.0,19.5
2023-04-16,AUHPT,Dry Bulk,23.0,18.0,27.0,21.12
2023-04-23,AUHPT,Dry Bulk,17.0,16.0,24.0,19.88
2023-04-30,AUHPT,Dry Bulk,24.0,15.0,24.0,20.38
2023-05-07,AUHPT,Dry Bulk,24.0,11.0,25.0,20.0
2023-05-14,AUHPT,Dry Bulk,18.0,17.0,25.0,21.12
2023-05-21,AUHPT,Dry Bulk,23.0,17.0,26.0,20.75
2023-05-28,AUHPT,Dry Bulk,28.0,17.0,28.0,23.25
2023-06-04,AUHPT,Dry Bulk,26.0,17.0,26.0,23.5
2023-06-11,AUHPT,Dry Bulk,23.0,21.0,26.0,23.75
2023-06-18,AUHPT,Dry Bulk,30.0,22.0,30.0,24.5
2023-06-25,AUHPT,Dry Bulk,28.0,16.0,28.0,22.38
2023-07-02,AUHPT,Dry Bulk,23.0,20.0,28.0,24.0
2023-07-09,AUHPT,Dry Bulk,17.0,11.0,17.0,14.38
2023-07-16,AUHPT,Dry Bulk,12.0,12.0,25.0,19.12
2023-07-23,AUHPT,Dry Bulk,25.0,15.0,26.0,21.5
2023-07-30,AUHPT,Dry Bulk,22.0,13.0,27.0,20.0
2023-08-06,AUHPT,Dry Bulk,19.0,17.0,30.0,21.0
2023-08-13,AUHPT,Dry Bulk,21.0,16.0,31.0,22.12
2023-08-20,AUHPT,Dry Bulk,26.0,13.0,26.0,19.5
2023-08-27,AUHPT,Dry Bulk,21.0,17.0,26.0,21.12
2023-09-03,AUHPT,Dry Bulk,17.0,13.0,29.0,21.5
2023-09-10,AUHPT,Dry Bulk,15.0,10.0,25.0,17.29
2023-09-17,AUHPT,Dry Bulk,18.0,18.0,29.0,22.29
2023-09-24,AUHPT,Dry Bulk,22.0,19.0,32.0,24.71
2023-10-01,AUHPT,Dry Bulk,22.0,17.0,28.0,22.0
2023-10-08,AUHPT,Dry Bulk,18.0,14.0,24.0,20.0
2023-10-15,AUHPT,Dry Bulk,19.0,19.0,22.0,20.43
2023-10-22,AUHPT,Dry Bulk,17.0,16.0,22.0,19.29
2023-10-29,AUHPT,Dry Bulk,15.0,15.0,22.0,18.57
2023-11-05,AUHPT,Dry Bulk,23.0,9.0,23.0,17.57
2023-11-12,AUHPT,Dry Bulk,24.0,16.0,25.0,21.0
2023-11-19,AUHPT,Dry Bulk,20.0,17.0,25.0,21.0
2023-11-26,AUHPT,Dry Bulk,21.0,20.0,24.0,22.14
2023-12-03,AUHPT,Dry Bulk,20.0,11.0,24.0,19.0
2023-12-10,AUHPT,Dry Bulk,13.0,13.0,28.0,22.43
2023-12-17,AUHPT,Dry Bulk,24.0,18.0,27.0,22.14
2023-12-24,AUHPT,Dry Bulk,22.0,17.0,26.0,22.43
2023-12-31,AUHPT,Dry Bulk,20.0,19.0,32.0,25.0
2024-01-07,AUHPT,Dry Bulk,16.0,14.0,26.0,20.88
2024-01-14,AUHPT,Dry Bulk,25.0,2.0,25.0,17.62
2024-01-21,AUHPT,Dry Bulk,15.0,12.0,21.0,17.25
2024-01-28,AUHPT,Dry Bulk,13.0,13.0,30.0,21.62
2024-02-04,AUHPT,Dry Bulk,20.0,12.0,24.0,19.25
2024-02-11,AUHPT,Dry Bulk,21.0,11.0,22.0,17.62
2024-02-18,AUHPT,Dry Bulk,26.0,13.0,26.0,20.62
2024-02-25,AUHPT,Dry Bulk,20.0,11.0,24.0,18.5
2024-03-03,AUHPT,Dry Bulk,20.0,12.0,23.0,19.25
2024-03-10,AUHPT,Dry Bulk,7.0,7.0,25.0,15.12
2024-03-17,AUHPT,Dry Bulk,19.0,9.0,26.0,18.75
2024-03-24,AUHPT,Dry Bulk,25.0,20.0,28.0,23.12
2024-03-31,AUHPT,Dry Bulk,22.0,18.0,25.0,22.0
2024-04-07,AUHPT,Dry Bulk,26.0,13.0,26.0,19.5
2024-04-14,AUHPT,Dry Bulk,27.0,18.0,27.0,21.12
2024-04-21,AUHPT,Dry Bulk,18.0,16.0,24.0,19.88
2024-04-28,AUHPT,Dry Bulk,17.0,15.0,24.0,20.38
2024-05-05,AUHPT,Dry Bulk,18.0,11.0,25.0,20.0
2024-05-12,AUHPT,Dry Bulk,17.0,17.0,25.0,21.12
2024-05-19,AUHPT,Dry Bulk,18.0,17.0,26.0,20.75
2024-05-26,AUHPT,Dry Bulk,26.0,17.0,28.0,23.25
2024-06-02,AUHPT,Dry Bulk,25.0,17.0,26.0,23.5
2024-06-09,AUHPT,Dry Bulk,25.0,21.0,26.0,23.75
2024-06-16,AUHPT,Dry Bulk,22.0,22.0,30.0,24.5
2024-06-23,AUHPT,Dry Bulk,22.0,16.0,28.0,22.38
2024-06-30,AUHPT,Dry Bulk,23.0,20.0,28.0,24.0
2024-07-07,AUHPT,Dry Bulk,14.0,11.0,17.0,14.38
2024-07-14,AUHPT,Dry Bulk,18.0,12.0,25.0,19.12
2024-07-21,AUHPT,Dry Bulk,19.0,15.0,26.0,21.5
2024-07-28,AUHPT,Dry Bulk,19.0,13.0,27.0,20.0
2024-08-04,AUHPT,Dry Bulk,22.0,17.0,30.0,21.0
2024-08-11,AUHPT,Dry Bulk,31.0,16.0,31.0,22.12
2024-08-18,AUHPT,Dry Bulk,18.0,13.0,26.0,19.5
2024-08-25,AUHPT,Dry Bulk,26.0,17.0,26.0,21.12
2024-09-01,AUHPT,Dry Bulk,23.0,13.0,29.0,21.5
2024-09-08,AUHPT,Dry Bulk,10.0,10.0,25.0,17.29
2024-09-15,AUHPT,Dry Bulk,22.0,18.0,29.0,22.29
2024-09-22,AUHPT,Dry Bulk,29.0,19.0,32.0,24.71
2024-09-29,AUHPT,Dry Bulk,28.0,17.0,28.0,22.0
2024-10-06,AUHPT,Dry Bulk,23.0,14.0,24.0,20.0
2024-10-13,AUHPT,Dry Bulk,21.0,19.0,22.0,20.43
2024-10-20,AUHPT,Dry Bulk,19.0,16.0,22.0,19.29
2024-10-27,AUHPT,Dry Bulk,22.0,15.0,22.0,18.57
2024-11-03,AUHPT,Dry Bulk,9.0,9.0,23.0,17.57
2024-11-10,AUHPT,Dry Bulk,23.0,16.0,25.0,21.0
2024-11-17,AUHPT,Dry Bulk,17.0,17.0,25.0,21.0
2024-11-24,AUHPT,Dry Bulk,24.0,20.0,24.0,22.14
2024-12-01,AUHPT,Dry Bulk,24.0,11.0,24.0,19.0
2024-12-08,AUHPT,Dry Bulk,20.0,13.0,28.0,22.43
2024-12-15,AUHPT,Dry Bulk,22.0,18.0,27.0,22.14
2024-12-22,AUHPT,Dry Bulk,17.0,17.0,26.0,22.43
2024-12-29,AUHPT,Dry Bulk,32.0,19.0,32.0,25.0
2025-01-05,AUHPT,Dry Bulk,18.0,14.0,26.0,20.88
2025-01-12,AUHPT,Dry Bulk,19.0,2.0,25.0,17.62
2025-01-19,AUHPT,Dry Bulk,13.0,12.0,21.0,17.25
2025-01-26,AUHPT,Dry Bulk,16.0,13.0,30.0,21.62
2025-02-02,AUHPT,Dry Bulk,12.0,12.0,24.0,19.25
2025-02-09,AUHPT,Dry Bulk,11.0,11.0,22.0,17.62
2025-02-16,AUHPT,Dry Bulk,25.0,13.0,26.0,20.62
2025-02-23,AUHPT,Dry Bulk,13.0,11.0,24.0,18.5
2025-03-02,AUHPT,Dry Bulk,12.0,12.0,23.0,19.25
2025-03-09,AUHPT,Dry Bulk,12.0,7.0,25.0,15.12
2025-03-16,AUHPT,Dry Bulk,26.0,9.0,26.0,18.75
2025-03-23,AUHPT,Dry Bulk,28.0,20.0,28.0,23.12
2025-03-30,AUHPT,Dry Bulk,25.0,18.0,25.0,22.0
2025-04-06,AUHPT,Dry Bulk,13.0,13.0,26.0,19.5
2025-04-13,AUHPT,Dry Bulk,18.0,18.0,27.0,21.12
2025-04-20,AUHPT,Dry Bulk,24.0,16.0,24.0,19.88
2025-04-27,AUHPT,Dry Bulk,17.0,15.0,24.0,20.38
2025-05-04,AUHPT,Dry Bulk,11.0,11.0,25.0,20.0
2025-05-11,AUHPT,Dry Bulk,19.0,17.0,25.0,21.12
2025-05-18,AUHPT,Dry Bulk,26.0,17.0,26.0,20.75
2025-05-25,AUHPT,Dry Bulk,22.0,17.0,28.0,23.25
2025-06-01,AUHPT,Dry Bulk,26.0,17.0,26.0,23.5
2025-06-08,AUHPT,Dry Bulk,26.0,21.0,26.0,23.75
2025-06-15,AUHPT,Dry Bulk,27.0,22.0,30.0,24.5
2025-06-22,AUHPT,Dry Bulk,22.0,16.0,28.0,22.38
2025-06-29,AUHPT,Dry Bulk,28.0,20.0,28.0,24.0
2025-07-06,AUHPT,Dry Bulk,16.0,11.0,17.0,14.38
2025-07-13,AUHPT,Dry Bulk,22.0,12.0,25.0,19.12
2025-07-20,AUHPT,Dry Bulk,21.0,15.0,26.0,21.5
2025-07-27,AUHPT,Dry Bulk,13.0,13.0,27.0,20.0
2025-08-03,AUHPT,Dry Bulk,17.0,17.0,30.0,21.0
2025-08-10,AUHPT,Dry Bulk,20.0,16.0,31.0,22.12
2025-08-17,AUHPT,Dry Bulk,21.0,13.0,26.0,19.5
2025-08-24,AUHPT,Dry Bulk,20.0,17.0,26.0,21.12
2025-08-31,AUHPT,Dry Bulk,20.0,13.0,29.0,21.5
2025-09-07,AUHPT,Dry Bulk,11.0,10.0,25.0,17.29
2025-09-14,AUHPT,Dry Bulk,20.0,18.0,29.0,22.29
2025-09-21,AUHPT,Dry Bulk,32.0,19.0,32.0,24.71
2025-09-28,AUHPT,Dry Bulk,24.0,17.0,28.0,22.0
2025-10-05,AUHPT,Dry Bulk,23.0,14.0,24.0,20.0
2025-10-12,AUHPT,Dry Bulk,20.0,19.0,22.0,20.43
2025-10-19,AUHPT,Dry Bulk,20.0,16.0,22.0,19.29
2025-10-26,AUHPT,Dry Bulk,17.0,15.0,22.0,18.57
2025-11-02,AUHPT,Dry Bulk,18.0,9.0,23.0,17.57
2025-11-09,AUHPT,Dry Bulk,25.0,16.0,25.0,21.0
2025-11-16,AUHPT,Dry Bulk,21.0,17.0,25.0,21.0
2025-11-23,AUHPT,Dry Bulk,21.0,20.0,24.0,22.14
2025-11-30,AUHPT,Dry Bulk,19.0,11.0,24.0,19.0
2025-12-07,AUHPT,Dry Bulk,23.0,13.0,28.0,22.43
2025-12-14,AUHPT,Dry Bulk,18.0,18.0,27.0,22.14
2025-12-21,AUHPT,Dry Bulk,26.0,17.0,26.0,22.43
2025-12-28,AUHPT,Dry Bulk,19.0,19.0,32.0,25.0
2026-01-04,AUHPT,Dry Bulk,26.0,14.0,26.0,20.88
2026-01-11,AUHPT,Dry Bulk,2.0,2.0,25.0,17.62
2026-01-18,AUHPT,Dry Bulk,15.0,12.0,21.0,17.25
2026-01-25,AUHPT,Dry Bulk,22.0,13.0,30.0,21.62
2026-02-01,AUHPT,Dry Bulk,22.0,12.0,24.0,19.25
2026-02-08,AUHPT,Dry Bulk,17.0,11.0,22.0,17.62
2026-02-15,AUHPT,Dry Bulk,16.0,13.0,26.0,20.62
2026-02-22,AUHPT,Dry Bulk,11.0,11.0,24.0,18.5
2026-03-01,AUHPT,Dry Bulk,17.0,12.0,23.0,19.25
2026-03-08,AUHPT,Dry Bulk,11.0,7.0,25.0,15.12
2026-03-15,AUHPT,Dry Bulk,17.0,9.0,26.0,18.75
2026-03-22,AUHPT,Dry Bulk,25.0,20.0,28.0,23.12
2026-03-29,AUHPT,Dry Bulk,18.0,18.0,25.0,22.0
2026-04-05,AUHPT,Dry Bulk,13.0,13.0,26.0,19.5
2026-04-12,AUHPT,Dry Bulk,19.0,18.0,27.0,21.12
2026-04-19,AUHPT,Dry Bulk,24.0,16.0,24.0,19.88
2026-04-26,AUHPT,Dry Bulk,22.0,15.0,24.0,20.38
2026-05-03,AUHPT,Dry Bulk,17.0,11.0,25.0,20.0
2026-05-10,AUHPT,Dry Bulk,25.0,17.0,25.0,21.12
2026-05-17,AUHPT,Dry Bulk,17.0,17.0,26.0,20.75
2026-05-24,AUHPT,Dry Bulk,17.0,17.0,28.0,23.25
2026-05-31,AUHPT,Dry Bulk,24.0,17.0,26.0,23.5
2026-06-07,AUHPT,Dry Bulk,24.0,21.0,26.0,23.75
2026-06-14,AUHPT,Dry Bulk,22.0,22.0,30.0,24.5
2026-06-21,AUHPT,Dry Bulk,16.0,16.0,28.0,22.38
2026-06-28,AUHPT,Dry Bulk,26.0,20.0,28.0,24.0
2026-07-05,AUHPT,Dry Bulk,17.0,11.0,17.0,14.38
2026-07-12,AUHPT,Dry Bulk,17.0,12.0,25.0,19.12
2026-07-19,AUHPT,Dry Bulk,15.0,15.0,26.0,21.5
2026-07-26,AUHPT,Dry Bulk,13.0,13.0,27.0,20.0
2026-08-02,AUHPT,Dry Bulk,21.0,17.0,30.0,21.0
2026-08-09,AUHPT,Dry Bulk,22.0,16.0,31.0,22.12
2026-08-16,AUHPT,Dry Bulk,22.0,13.0,26.0,19.5
2026-08-23,AUHPT,Dry Bulk,18.0,17.0,26.0,21.12
2026-08-30,AUHPT,Dry Bulk,13.0,13.0,29.0,21.5
2019-01-06,AUNCL,Dry Bulk,30.0,23.0,45.0,36.5
2019-01-13,AUNCL,Dry Bulk,40.0,34.0,46.0,39.12
2019-01-20,AUNCL,Dry Bulk,30.0,24.0,38.0,32.25
2019-01-27,AUNCL,Dry Bulk,36.0,29.0,43.0,37.12
2019-02-03,AUNCL,Dry Bulk,39.0,20.0,43.0,35.5
2019-02-10,AUNCL,Dry Bulk,37.0,23.0,49.0,34.38
2019-02-17,AUNCL,Dry Bulk,39.0,33.0,44.0,38.75
2019-02-24,AUNCL,Dry Bulk,27.0,27.0,49.0,36.5
2019-03-03,AUNCL,Dry Bulk,40.0,25.0,41.0,34.38
2019-03-10,AUNCL,Dry Bulk,41.0,29.0,46.0,35.75
2019-03-17,AUNCL,Dry Bulk,35.0,17.0,40.0,34.62
2019-03-24,AUNCL,Dry Bulk,31.0,30.0,45.0,36.88
2019-03-31,AUNCL,Dry Bulk,32.0,14.0,48.0,34.12
2019-04-07,AUNCL,Dry Bulk,30.0,22.0,40.0,32.25
2019-04-14,AUNCL,Dry Bulk,28.0,28.0,44.0,35.38
2019-04-21,AUNCL,Dry Bulk,38.0,24.0,41.0,35.88
2019-04-28,AUNCL,Dry Bulk,47.0,35.0,47.0,40.38
2019-05-05,AUNCL,Dry Bulk,30.0,25.0,44.0,32.12
2019-05-12,AUNCL,Dry Bulk,35.0,32.0,45.0,35.62
2019-05-19,AUNCL,Dry Bulk,29.0,27.0,40.0,33.75
2019-05-26,AUNCL,Dry Bulk,34.0,9.0,43.0,27.38
2019-06-02,AUNCL,Dry Bulk,37.0,21.0,44.0,34.88
2019-06-09,AUNCL,Dry Bulk,29.0,22.0,40.0,34.5
2019-06-16,AUNCL,Dry Bulk,39.0,29.0,48.0,38.38
2019-06-23,AUNCL,Dry Bulk,42.0,40.0,49.0,43.88
2019-06-30,AUNCL,Dry Bulk,45.0,38.0,50.0,44.0
2019-07-07,AUNCL,Dry Bulk,43.0,18.0,43.0,34.0
2019-07-14,AUNCL,Dry Bulk,43.0,13.0,48.0,37.88
2019-07-21,AUNCL,Dry Bulk,35.0,17.0,57.0,33.62
2019-07-28,AUNCL,Dry Bulk,41.0,37.0,47.0,42.88
2019-08-04,AUNCL,Dry Bulk,41.0,20.0,47.0,34.5
2019-08-11,AUNCL,Dry Bulk,37.0,22.0,48.0,36.38
2019-08-18,AUNCL,Dry Bulk,40.0,34.0,48.0,39.0
2019-08-25,AUNCL,Dry Bulk,36.0,31.0,44.0,37.88
2019-09-01,AUNCL,Dry Bulk,42.0,25.0,46.0,36.0
2019-09-08,AUNCL,Dry Bulk,31.0,31.0,48.0,39.43
2019-09-15,AUNCL,Dry Bulk,39.0,30.0,47.0,38.29
2019-09-22,AUNCL,Dry Bulk,33.0,32.0,45.0,37.86
2019-09-29,AUNCL,Dry Bulk,31.0,29.0,44.0,36.43
2019-10-06,AUNCL,Dry Bulk,43.0,19.0,48.0,33.43
2019-10-13,AUNCL,Dry Bulk,36.0,35.0,43.0,39.43
2019-10-20,AUNCL,Dry Bulk,45.0,34.0,46.0,39.71
2019-10-27,AUNCL,Dry Bulk,36.0,30.0,45.0,38.0
2019-11-03,AUNCL,Dry Bulk,32.0,26.0,41.0,34.86
2019-11-10,AUNCL,Dry Bulk,35.0,32.0,42.0,37.71
2019-11-17,AUNCL,Dry Bulk,38.0,32.0,44.0,38.71
2019-11-24,AUNCL,Dry Bulk,29.0,25.0,41.0,32.57
2019-12-01,AUNCL,Dry Bulk,33.0,29.0,44.0,36.14
2019-12-08,AUNCL,Dry Bulk,46.0,30.0,48.0,40.86
2019-12-15,AUNCL,Dry Bulk,45.0,35.0,45.0,39.86
2019-12-22,AUNCL,Dry Bulk,37.0,37.0,51.0,44.0
2019-12-29,AUNCL,Dry Bulk,54.0,37.0,54.0,45.57
2020-01-05,AUNCL,Dry Bulk,39.0,23.0,45.0,36.5
2020-01-12,AUNCL,Dry Bulk,35.0,34.0,46.0,39.12
2020-01-19,AUNCL,Dry Bulk,38.0,24.0,38.0,32.25
2020-01-26,AUNCL,Dry Bulk,38.0,29.0,43.0,37.12
2020-02-02,AUNCL,Dry Bulk,43.0,20.0,43.0,35.5
2020-02-09,AUNCL,Dry Bulk,28.0,23.0,49.0,34.38
2020-02-16,AUNCL,Dry Bulk,38.0,33.0,44.0,38.75
2020-02-23,AUNCL,Dry Bulk,34.0,27.0,49.0,36.5
2020-03-01,AUNCL,Dry Bulk,39.0,25.0,41.0,34.38
2020-03-08,AUNCL,Dry Bulk,41.0,29.0,46.0,35.75
2020-03-15,AUNCL,Dry Bulk,38.0,17.0,40.0,34.62
2020-03-22,AUNCL,Dry Bulk,37.0,30.0,45.0,36.88
2020-03-29,AUNCL,Dry Bulk,37.0,14.0,48.0,34.12
2020-04-05,AUNCL,Dry Bulk,32.0,22.0,40.0,32.25
2020-04-12,AUNCL,Dry Bulk,37.0,28.0,44.0,35.38
2020-04-19,AUNCL,Dry Bulk,41.0,24.0,41.0,35.88
2020-04-26,AUNCL,Dry Bulk,35.0,35.0,47.0,40.38
2020-05-03,AUNCL,Dry Bulk,26.0,25.0,44.0,32.12
2020-05-10,AUNCL,Dry Bulk,32.0,32.0,45.0,35.62
2020-05-17,AUNCL,Dry Bulk,39.0,27.0,40.0,33.75
2020-05-24,AUNCL,Dry Bulk,21.0,9.0,43.0,27.38
2020-05-31,AUNCL,Dry Bulk,36.0,21.0,44.0,34.88
2020-06-07,AUNCL,Dry Bulk,37.0,22.0,40.0,34.5
2020-06-14,AUNCL,Dry Bulk,34.0,29.0,48.0,38.38
2020-06-21,AUNCL,Dry Bulk,42.0,40.0,49.0,43.88
2020-06-28,AUNCL,Dry Bulk,46.0,38.0,50.0,44.0
2020-07-05,AUNCL,Dry Bulk,35.0,18.0,43.0,34.0
2020-07-12,AUNCL,Dry Bulk,34.0,13.0,48.0,37.88
2020-07-19,AUNCL,Dry Bulk,17.0,17.0,57.0,33.62
2020-07-26,AUNCL,Dry Bulk,43.0,37.0,47.0,42.88
2020-08-02,AUNCL,Dry Bulk,40.0,20.0,47.0,34.5
2020-08-09,AUNCL,Dry Bulk,37.0,22.0,48.0,36.38
2020-08-16,AUNCL,Dry Bulk,35.0,34.0,48.0,39.0
2020-08-23,AUNCL,Dry Bulk,42.0,31.0,44.0,37.88
2020-08-30,AUNCL,Dry Bulk,40.0,25.0,46.0,36.0
2020-09-06,AUNCL,Dry Bulk,35.0,31.0,48.0,39.43
2020-09-13,AUNCL,Dry Bulk,39.0,30.0,47.0,38.29
2020-09-20,AUNCL,Dry Bulk,34.0,32.0,45.0,37.86
2020-09-27,AUNCL,Dry Bulk,29.0,29.0,44.0,36.43
2020-10-04,AUNCL,Dry Bulk,48.0,19.0,48.0,33.43
2020-10-11,AUNCL,Dry Bulk,39.0,35.0,43.0,39.43
2020-10-18,AUNCL,Dry Bulk,38.0,34.0,46.0,39.71
2020-10-25,AUNCL,Dry Bulk,34.0,30.0,45.0,38.0
2020-11-01,AUNCL,Dry Bulk,28.0,26.0,41.0,34.86
2020-11-08,AUNCL,Dry Bulk,33.0,32.0,42.0,37.71
2020-11-15,AUNCL,Dry Bulk,35.0,32.0,44.0,38.71
2020-11-22,AUNCL,Dry Bulk,30.0,25.0,41.0,32.57
2020-11-29,AUNCL,Dry Bulk,33.0,29.0,44.0,36.14
2020-12-06,AUNCL,Dry Bulk,40.0,30.0,48.0,40.86
2020-12-13,AUNCL,Dry Bulk,38.0,35.0,45.0,39.86
2020-12-20,AUNCL,Dry Bulk,41.0,37.0,51.0,44.0
2020-12-27,AUNCL,Dry Bulk,41.0,37.0,54.0,45.57
2021-01-03,AUNCL,Dry Bulk,47.0,37.6,56.4,47.0
2021-01-10,AUNCL,Dry Bulk,45.0,23.0,45.0,36.5
2021-01-17,AUNCL,Dry Bulk,37.0,34.0,46.0,39.12
2021-01-24,AUNCL,Dry Bulk,38.0,24.0,38.0,32.25
2021-01-31,AUNCL,Dry Bulk,29.0,29.0,43.0,37.12
2021-02-07,AUNCL,Dry Bulk,43.0,20.0,43.0,35.5
2021-02-14,AUNCL,Dry Bulk,40.0,23.0,49.0,34.38
2021-02-21,AUNCL,Dry Bulk,42.0,33.0,44.0,38.75
2021-02-28,AUNCL,Dry Bulk,49.0,27.0,49.0,36.5
2021-03-07,AUNCL,Dry Bulk,25.0,25.0,41.0,34.38
2021-03-14,AUNCL,Dry Bulk,46.0,29.0,46.0,35.75
2021-03-21,AUNCL,Dry Bulk,17.0,17.0,40.0,34.62
2021-03-28,AUNCL,Dry Bulk,30.0,30.0,45.0,36.88
2021-04-04,AUNCL,Dry Bulk,41.0,14.0,48.0,34.12
2021-04-11,AUNCL,Dry Bulk,38.0,22.0,40.0,32.25
2021-04-18,AUNCL,Dry Bulk,38.0,28.0,44.0,35.38
2021-04-25,AUNCL,Dry Bulk,40.0,24.0,41.0,35.88
2021-05-02,AUNCL,Dry Bulk,36.0,35.0,47.0,40.38
2021-05-09,AUNCL,Dry Bulk,35.0,25.0,44.0,32.12
2021-05-16,AUNCL,Dry Bulk,34.0,32.0,45.0,35.62
2021-05-23,AUNCL,Dry Bulk,30.0,27.0,40.0,33.75
2021-05-30,AUNCL,Dry Bulk,24.0,9.0,43.0,27.38
2021-06-06,AUNCL,Dry Bulk,36.0,21.0,44.0,34.88
2021-06-13,AUNCL,Dry Bulk,38.0,22.0,40.0,34.5
2021-06-20,AUNCL,Dry Bulk,29.0,29.0,48.0,38.38
2021-06-27,AUNCL,Dry Bulk,44.0,40.0,49.0,43.88
2021-07-04,AUNCL,Dry Bulk,40.0,38.0,50.0,44.0
2021-07-11,AUNCL,Dry Bulk,37.0,18.0,43.0,34.0
2021-07-18,AUNCL,Dry Bulk,48.0,13.0,48.0,37.88
2021-07-25,AUNCL,Dry Bulk,40.0,17.0,57.0,33.62
2021-08-01,AUNCL,Dry Bulk,42.0,37.0,47.0,42.88
2021-08-08,AUNCL,Dry Bulk,47.0,20.0,47.0,34.5
2021-08-15,AUNCL,Dry Bulk,35.0,22.0,48.0,36.38
2021-08-22,AUNCL,Dry Bulk,38.0,34.0,48.0,39.0
2021-08-29,AUNCL,Dry Bulk,34.0,31.0,44.0,37.88
2021-09-05,AUNCL,Dry Bulk,46.0,25.0,46.0,36.0
2021-09-12,AUNCL,Dry Bulk,43.0,31.0,48.0,39.43
2021-09-19,AUNCL,Dry Bulk,47.0,30.0,47.0,38.29
2021-09-26,AUNCL,Dry Bulk,44.0,32.0,45.0,37.86
2021-10-03,AUNCL,Dry Bulk,42.0,29.0,44.0,36.43
2021-10-10,AUNCL,Dry Bulk,33.0,19.0,48.0,33.43
2021-10-17,AUNCL,Dry Bulk,43.0,35.0,43.0,39.43
2021-10-24,AUNCL,Dry Bulk,44.0,34.0,46.0,39.71
2021-10-31,AUNCL,Dry Bulk,45.0,30.0,45.0,38.0
2021-11-07,AUNCL,Dry Bulk,41.0,26.0,41.0,34.86
2021-11-14,AUNCL,Dry Bulk,42.0,32.0,42.0,37.71
2021-11-21,AUNCL,Dry Bulk,38.0,32.0,44.0,38.71
2021-11-28,AUNCL,Dry Bulk,29.0,25.0,41.0,32.57
2021-12-05,AUNCL,Dry Bulk,41.0,29.0,44.0,36.14
2021-12-12,AUNCL,Dry Bulk,30.0,30.0,48.0,40.86
2021-12-19,AUNCL,Dry Bulk,39.0,35.0,45.0,39.86
2021-12-26,AUNCL,Dry Bulk,46.0,37.0,51.0,44.0
2022-01-02,AUNCL,Dry Bulk,51.0,37.0,54.0,45.57
2022-01-09,AUNCL,Dry Bulk,40.0,23.0,45.0,36.5
2022-01-16,AUNCL,Dry Bulk,44.0,34.0,46.0,39.12
2022-01-23,AUNCL,Dry Bulk,37.0,24.0,38.0,32.25
2022-01-30,AUNCL,Dry Bulk,35.0,29.0,43.0,37.12
2022-02-06,AUNCL,Dry Bulk,20.0,20.0,43.0,35.5
2022-02-13,AUNCL,Dry Bulk,42.0,23.0,49.0,34.38
2022-02-20,AUNCL,Dry Bulk,42.0,33.0,44.0,38.75
2022-02-27,AUNCL,Dry Bulk,35.0,27.0,49.0,36.5
2022-03-06,AUNCL,Dry Bulk,30.0,25.0,41.0,34.38
2022-03-13,AUNCL,Dry Bulk,29.0,29.0,46.0,35.75
2022-03-20,AUNCL,Dry Bulk,37.0,17.0,40.0,34.62
2022-03-27,AUNCL,Dry Bulk,36.0,30.0,45.0,36.88
2022-04-03,AUNCL,Dry Bulk,14.0,14.0,48.0,34.12
2022-04-10,AUNCL,Dry Bulk,39.0,22.0,40.0,32.25
2022-04-17,AUNCL,Dry Bulk,42.0,28.0,44.0,35.38
2022-04-24,AUNCL,Dry Bulk,40.0,24.0,41.0,35.88
2022-05-01,AUNCL,Dry Bulk,42.0,35.0,47.0,40.38
2022-05-08,AUNCL,Dry Bulk,38.0,25.0,44.0,32.12
2022-05-15,AUNCL,Dry Bulk,35.0,32.0,45.0,35.62
2022-05-22,AUNCL,Dry Bulk,39.0,27.0,40.0,33.75
2022-05-29,AUNCL,Dry Bulk,32.0,9.0,43.0,27.38
2022-06-05,AUNCL,Dry Bulk,40.0,21.0,44.0,34.88
2022-06-12,AUNCL,Dry Bulk,22.0,22.0,40.0,34.5
2022-06-19,AUNCL,Dry Bulk,48.0,29.0,48.0,38.38
2022-06-26,AUNCL,Dry Bulk,42.0,40.0,49.0,43.88
2022-07-03,AUNCL,Dry Bulk,38.0,38.0,50.0,44.0
2022-07-10,AUNCL,Dry Bulk,18.0,18.0,43.0,34.0
2022-07-17,AUNCL,Dry Bulk,13.0,13.0,48.0,37.88
2022-07-24,AUNCL,Dry Bulk,24.0,17.0,57.0,33.62
2022-07-31,AUNCL,Dry Bulk,46.0,37.0,47.0,42.88
2022-08-07,AUNCL,Dry Bulk,33.0,20.0,47.0,34.5
2022-08-14,AUNCL,Dry Bulk,36.0,22.0,48.0,36.38
2022-08-21,AUNCL,Dry Bulk,48.0,34.0,48.0,39.0
2022-08-28,AUNCL,Dry Bulk,39.0,31.0,44.0,37.88
2022-09-04,AUNCL,Dry Bulk,26.0,25.0,46.0,36.0
2022-09-11,AUNCL,Dry Bulk,42.0,31.0,48.0,39.43
2022-09-18,AUNCL,Dry Bulk,31.0,30.0,47.0,38.29
2022-09-25,AUNCL,Dry Bulk,32.0,32.0,45.0,37.86
2022-10-02,AUNCL,Dry Bulk,31.0,29.0,44.0,36.43
2022-10-09,AUNCL,Dry Bulk,19.0,19.0,48.0,33.43
2022-10-16,AUNCL,Dry Bulk,40.0,35.0,43.0,39.43
2022-10-23,AUNCL,Dry Bulk,35.0,34.0,46.0,39.71
2022-10-30,AUNCL,Dry Bulk,30.0,30.0,45.0,38.0
2022-11-06,AUNCL,Dry Bulk,26.0,26.0,41.0,34.86
2022-11-13,AUNCL,Dry Bulk,32.0,32.0,42.0,37.71
2022-11-20,AUNCL,Dry Bulk,32.0,32.0,44.0,38.71
2022-11-27,AUNCL,Dry Bulk,38.0,25.0,41.0,32.57
2022-12-04,AUNCL,Dry Bulk,29.0,29.0,44.0,36.14
2022-12-11,AUNCL,Dry Bulk,39.0,30.0,48.0,40.86
2022-12-18,AUNCL,Dry Bulk,36.0,35.0,45.0,39.86
2022-12-25,AUNCL,Dry Bulk,49.0,37.0,51.0,44.0
2023-01-01,AUNCL,Dry Bulk,37.0,37.0,54.0,45.57
2023-01-08,AUNCL,Dry Bulk,23.0,23.0,45.0,36.5
2023-01-15,AUNCL,Dry Bulk,34.0,34.0,46.0,39.12
2023-01-22,AUNCL,Dry Bulk,24.0,24.0,38.0,32.25
2023-01-29,AUNCL,Dry Bulk,43.0,29.0,43.0,37.12
2023-02-05,AUNCL,Dry Bulk,31.0,20.0,43.0,35.5
2023-02-12,AUNCL,Dry Bulk,23.0,23.0,49.0,34.38
2023-02-19,AUNCL,Dry Bulk,44.0,33.0,44.0,38.75
2023-02-26,AUNCL,Dry Bulk,38.0,27.0,49.0,36.5
2023-03-05,AUNCL,Dry Bulk,28.0,25.0,41.0,34.38
2023-03-12,AUNCL,Dry Bulk,33.0,29.0,46.0,35.75
2023-03-19,AUNCL,Dry Bulk,39.0,17.0,40.0,34.62
2023-03-26,AUNCL,Dry Bulk,39.0,30.0,45.0,36.88
2023-04-02,AUNCL,Dry Bulk,40.0,14.0,48.0,34.12
2023-04-09,AUNCL,Dry Bulk,22.0,22.0,40.0,32.25
2023-04-16,AUNCL,Dry Bulk,35.0,28.0,44.0,35.38
2023-04-23,AUNCL,Dry Bulk,32.0,24.0,41.0,35.88
2023-04-30,AUNCL,Dry Bulk,35.0,35.0,47.0,40.38
2023-05-07,AUNCL,Dry Bulk,33.0,25.0,44.0,32.12
2023-05-14,AUNCL,Dry Bulk,35.0,32.0,45.0,35.62
2023-05-21,AUNCL,Dry Bulk,31.0,27.0,40.0,33.75
2023-05-28,AUNCL,Dry Bulk,28.0,9.0,43.0,27.38
2023-06-04,AUNCL,Dry Bulk,35.0,21.0,44.0,34.88
2023-06-11,AUNCL,Dry Bulk,40.0,22.0,40.0,34.5
2023-06-18,AUNCL,Dry Bulk,35.0,29.0,48.0,38.38
2023-06-25,AUNCL,Dry Bulk,49.0,40.0,49.0,43.88
2023-07-02,AUNCL,Dry Bulk,43.0,38.0,50.0,44.0
2023-07-09,AUNCL,Dry Bulk,36.0,18.0,43.0,34.0
2023-07-16,AUNCL,Dry Bulk,42.0,13.0,48.0,37.88
2023-07-23,AUNCL,Dry Bulk,30.0,17.0,57.0,33.62
2023-07-30,AUNCL,Dry Bulk,43.0,37.0,47.0,42.88
2023-08-06,AUNCL,Dry Bulk,33.0,20.0,47.0,34.5
2023-08-13,AUNCL,Dry Bulk,22.0,22.0,48.0,36.38
2023-08-20,AUNCL,Dry Bulk,34.0,34.0,48.0,39.0
2023-08-27,AUNCL,Dry Bulk,42.0,31.0,44.0,37.88
2023-09-03,AUNCL,Dry Bulk,31.0,25.0,46.0,36.0
2023-09-10,AUNCL,Dry Bulk,36.0,31.0,48.0,39.43
2023-09-17,AUNCL,Dry Bulk,40.0,30.0,47.0,38.29
2023-09-24,AUNCL,Dry Bulk,37.0,32.0,45.0,37.86
2023-10-01,AUNCL,Dry Bulk,44.0,29.0,44.0,36.43
2023-10-08,AUNCL,Dry Bulk,24.0,19.0,48.0,33.43
2023-10-15,AUNCL,Dry Bulk,35.0,35.0,43.0,39.43
2023-10-22,AUNCL,Dry Bulk,34.0,34.0,46.0,39.71
2023-10-29,AUNCL,Dry Bulk,36.0,30.0,45.0,38.0
2023-11-05,AUNCL,Dry Bulk,41.0,26.0,41.0,34.86
2023-11-12,AUNCL,Dry Bulk,41.0,32.0,42.0,37.71
2023-11-19,AUNCL,Dry Bulk,41.0,32.0,44.0,38.71
2023-11-26,AUNCL,Dry Bulk,25.0,25.0,41.0,32.57
2023-12-03,AUNCL,Dry Bulk,43.0,29.0,44.0,36.14
2023-12-10,AUNCL,Dry Bulk,43.0,30.0,48.0,40.86
2023-12-17,AUNCL,Dry Bulk,35.0,35.0,45.0,39.86
2023-12-24,AUNCL,Dry Bulk,40.0,37.0,51.0,44.0
2023-12-31,AUNCL,Dry Bulk,45.0,37.0,54.0,45.57
2024-01-07,AUNCL,Dry Bulk,36.0,23.0,45.0,36.5
2024-01-14,AUNCL,Dry Bulk,46.0,34.0,46.0,39.12
2024-01-21,AUNCL,Dry Bulk,32.0,24.0,38.0,32.25
2024-01-28,AUNCL,Dry Bulk,37.0,29.0,43.0,37.12
2024-02-04,AUNCL,Dry Bulk,34.0,20.0,43.0,35.5
2024-02-11,AUNCL,Dry Bulk,28.0,23.0,49.0,34.38
2024-02-18,AUNCL,Dry Bulk,38.0,33.0,44.0,38.75
2024-02-25,AUNCL,Dry Bulk,36.0,27.0,49.0,36.5
2024-03-03,AUNCL,Dry Bulk,35.0,25.0,41.0,34.38
2024-03-10,AUNCL,Dry Bulk,31.0,29.0,46.0,35.75
2024-03-17,AUNCL,Dry Bulk,40.0,17.0,40.0,34.62
2024-03-24,AUNCL,Dry Bulk,37.0,30.0,45.0,36.88
2024-03-31,AUNCL,Dry Bulk,48.0,14.0,48.0,34.12
2024-04-07,AUNCL,Dry Bulk,26.0,22.0,40.0,32.25
2024-04-14,AUNCL,Dry Bulk,28.0,28.0,44.0,35.38
2024-04-21,AUNCL,Dry Bulk,40.0,24.0,41.0,35.88
2024-04-28,AUNCL,Dry Bulk,43.0,35.0,47.0,40.38
2024-05-05,AUNCL,Dry Bulk,26.0,25.0,44.0,32.12
2024-05-12,AUNCL,Dry Bulk,34.0,32.0,45.0,35.62
2024-05-19,AUNCL,Dry Bulk,27.0,27.0,40.0,33.75
2024-05-26,AUNCL,Dry Bulk,43.0,9.0,43.0,27.38
2024-06-02,AUNCL,Dry Bulk,30.0,21.0,44.0,34.88
2024-06-09,AUNCL,Dry Bulk,40.0,22.0,40.0,34.5
2024-06-16,AUNCL,Dry Bulk,32.0,29.0,48.0,38.38
2024-06-23,AUNCL,Dry Bulk,40.0,40.0,49.0,43.88
2024-06-30,AUNCL,Dry Bulk,50.0,38.0,50.0,44.0
2024-07-07,AUNCL,Dry Bulk,36.0,18.0,43.0,34.0
2024-07-14,AUNCL,Dry Bulk,37.0,13.0,48.0,37.88
2024-07-21,AUNCL,Dry Bulk,27.0,17.0,57.0,33.62
2024-07-28,AUNCL,Dry Bulk,47.0,37.0,47.0,42.88
2024-08-04,AUNCL,Dry Bulk,20.0,20.0,47.0,34.5
2024-08-11,AUNCL,Dry Bulk,48.0,22.0,48.0,36.38
2024-08-18,AUNCL,Dry Bulk,41.0,34.0,48.0,39.0
2024-08-25,AUNCL,Dry Bulk,44.0,31.0,44.0,37.88
2024-09-01,AUNCL,Dry Bulk,42.0,25.0,46.0,36.0
2024-09-08,AUNCL,Dry Bulk,41.0,31.0,48.0,39.43
2024-09-15,AUNCL,Dry Bulk,30.0,30.0,47.0,38.29
2024-09-22,AUNCL,Dry Bulk,40.0,32.0,45.0,37.86
2024-09-29,AUNCL,Dry Bulk,35.0,29.0,44.0,36.43
2024-10-06,AUNCL,Dry Bulk,33.0,19.0,48.0,33.43
2024-10-13,AUNCL,Dry Bulk,41.0,35.0,43.0,39.43
2024-10-20,AUNCL,Dry Bulk,36.0,34.0,46.0,39.71
2024-10-27,AUNCL,Dry Bulk,41.0,30.0,45.0,38.0
2024-11-03,AUNCL,Dry Bulk,37.0,26.0,41.0,34.86
2024-11-10,AUNCL,Dry Bulk,39.0,32.0,42.0,37.71
2024-11-17,AUNCL,Dry Bulk,43.0,32.0,44.0,38.71
2024-11-24,AUNCL,Dry Bulk,36.0,25.0,41.0,32.57
2024-12-01,AUNCL,Dry Bulk,44.0,29.0,44.0,36.14
2024-12-08,AUNCL,Dry Bulk,40.0,30.0,48.0,40.86
2024-12-15,AUNCL,Dry Bulk,41.0,35.0,45.0,39.86
2024-12-22,AUNCL,Dry Bulk,51.0,37.0,51.0,44.0
2024-12-29,AUNCL,Dry Bulk,46.0,37.0,54.0,45.57
2025-01-05,AUNCL,Dry Bulk,39.0,23.0,45.0,36.5
2025-01-12,AUNCL,Dry Bulk,35.0,34.0,46.0,39.12
2025-01-19,AUNCL,Dry Bulk,25.0,24.0,38.0,32.25
2025-01-26,AUNCL,Dry Bulk,37.0,29.0,43.0,37.12
2025-02-02,AUNCL,Dry Bulk,42.0,20.0,43.0,35.5
2025-02-09,AUNCL,Dry Bulk,49.0,23.0,49.0,34.38
2025-02-16,AUNCL,Dry Bulk,33.0,33.0,44.0,38.75
2025-02-23,AUNCL,Dry Bulk,34.0,27.0,49.0,36.5
2025-03-02,AUNCL,Dry Bulk,37.0,25.0,41.0,34.38
2025-03-09,AUNCL,Dry Bulk,33.0,29.0,46.0,35.75
2025-03-16,AUNCL,Dry Bulk,37.0,17.0,40.0,34.62
2025-03-23,AUNCL,Dry Bulk,45.0,30.0,45.0,36.88
2025-03-30,AUNCL,Dry Bulk,39.0,14.0,48.0,34.12
2025-04-06,AUNCL,Dry Bulk,31.0,22.0,40.0,32.25
2025-04-13,AUNCL,Dry Bulk,44.0,28.0,44.0,35.38
2025-04-20,AUNCL,Dry Bulk,32.0,24.0,41.0,35.88
2025-04-27,AUNCL,Dry Bulk,42.0,35.0,47.0,40.38
2025-05-04,AUNCL,Dry Bulk,25.0,25.0,44.0,32.12
2025-05-11,AUNCL,Dry Bulk,45.0,32.0,45.0,35.62
2025-05-18,AUNCL,Dry Bulk,35.0,27.0,40.0,33.75
2025-05-25,AUNCL,Dry Bulk,9.0,9.0,43.0,27.38
2025-06-01,AUNCL,Dry Bulk,21.0,21.0,44.0,34.88
2025-06-08,AUNCL,Dry Bulk,34.0,22.0,40.0,34.5
2025-06-15,AUNCL,Dry Bulk,47.0,29.0,48.0,38.38
2025-06-22,AUNCL,Dry Bulk,46.0,40.0,49.0,43.88
2025-06-29,AUNCL,Dry Bulk,50.0,38.0,50.0,44.0
2025-07-06,AUNCL,Dry Bulk,30.0,18.0,43.0,34.0
2025-07-13,AUNCL,Dry Bulk,48.0,13.0,48.0,37.88
2025-07-20,AUNCL,Dry Bulk,57.0,17.0,57.0,33.62
2025-07-27,AUNCL,Dry Bulk,44.0,37.0,47.0,42.88
2025-08-03,AUNCL,Dry Bulk,27.0,20.0,47.0,34.5
2025-08-10,AUNCL,Dry Bulk,37.0,22.0,48.0,36.38
2025-08-17,AUNCL,Dry Bulk,40.0,34.0,48.0,39.0
2025-08-24,AUNCL,Dry Bulk,35.0,31.0,44.0,37.88
2025-08-31,AUNCL,Dry Bulk,36.0,25.0,46.0,36.0
2025-09-07,AUNCL,Dry Bulk,48.0,31.0,48.0,39.43
2025-09-14,AUNCL,Dry Bulk,42.0,30.0,47.0,38.29
2025-09-21,AUNCL,Dry Bulk,45.0,32.0,45.0,37.86
2025-09-28,AUNCL,Dry Bulk,43.0,29.0,44.0,36.43
2025-10-05,AUNCL,Dry Bulk,34.0,19.0,48.0,33.43
2025-10-12,AUNCL,Dry Bulk,42.0,35.0,43.0,39.43
2025-10-19,AUNCL,Dry Bulk,46.0,34.0,46.0,39.71
2025-10-26,AUNCL,Dry Bulk,44.0,30.0,45.0,38.0
2025-11-02,AUNCL,Dry Bulk,39.0,26.0,41.0,34.86
2025-11-09,AUNCL,Dry Bulk,42.0,32.0,42.0,37.71
2025-11-16,AUNCL,Dry Bulk,44.0,32.0,44.0,38.71
2025-11-23,AUNCL,Dry Bulk,41.0,25.0,41.0,32.57
2025-11-30,AUNCL,Dry Bulk,30.0,29.0,44.0,36.14
2025-12-07,AUNCL,Dry Bulk,48.0,30.0,48.0,40.86
2025-12-14,AUNCL,Dry Bulk,45.0,35.0,45.0,39.86
2025-12-21,AUNCL,Dry Bulk,44.0,37.0,51.0,44.0
2025-12-28,AUNCL,Dry Bulk,45.0,37.0,54.0,45.57
2026-01-04,AUNCL,Dry Bulk,40.0,23.0,45.0,36.5
2026-01-11,AUNCL,Dry Bulk,42.0,34.0,46.0,39.12
2026-01-18,AUNCL,Dry Bulk,34.0,24.0,38.0,32.25
2026-01-25,AUNCL,Dry Bulk,42.0,29.0,43.0,37.12
2026-02-01,AUNCL,Dry Bulk,32.0,20.0,43.0,35.5
2026-02-08,AUNCL,Dry Bulk,28.0,23.0,49.0,34.38
2026-02-15,AUNCL,Dry Bulk,34.0,33.0,44.0,38.75
2026-02-22,AUNCL,Dry Bulk,39.0,27.0,49.0,36.5
2026-03-01,AUNCL,Dry Bulk,41.0,25.0,41.0,34.38
2026-03-08,AUNCL,Dry Bulk,32.0,29.0,46.0,35.75
2026-03-15,AUNCL,Dry Bulk,34.0,17.0,40.0,34.62
2026-03-22,AUNCL,Dry Bulk,40.0,30.0,45.0,36.88
2026-03-29,AUNCL,Dry Bulk,22.0,14.0,48.0,34.12
2026-04-05,AUNCL,Dry Bulk,40.0,22.0,40.0,32.25
2026-04-12,AUNCL,Dry Bulk,31.0,28.0,44.0,35.38
2026-04-19,AUNCL,Dry Bulk,24.0,24.0,41.0,35.88
2026-04-26,AUNCL,Dry Bulk,43.0,35.0,47.0,40.38
2026-05-03,AUNCL,Dry Bulk,44.0,25.0,44.0,32.12
2026-05-10,AUNCL,Dry Bulk,35.0,32.0,45.0,35.62
2026-05-17,AUNCL,Dry Bulk,40.0,27.0,40.0,33.75
2026-05-24,AUNCL,Dry Bulk,28.0,9.0,43.0,27.38
2026-05-31,AUNCL,Dry Bulk,44.0,21.0,44.0,34.88
2026-06-07,AUNCL,Dry Bulk,36.0,22.0,40.0,34.5
2026-06-14,AUNCL,Dry Bulk,43.0,29.0,48.0,38.38
2026-06-21,AUNCL,Dry Bulk,46.0,40.0,49.0,43.88
2026-06-28,AUNCL,Dry Bulk,40.0,38.0,50.0,44.0
2026-07-05,AUNCL,Dry Bulk,37.0,18.0,43.0,34.0
2026-07-12,AUNCL,Dry Bulk,38.0,13.0,48.0,37.88
2026-07-19,AUNCL,Dry Bulk,39.0,17.0,57.0,33.62
2026-07-26,AUNCL,Dry Bulk,37.0,37.0,47.0,42.88
2026-08-02,AUNCL,Dry Bulk,35.0,20.0,47.0,34.5
2026-08-09,AUNCL,Dry Bulk,39.0,22.0,48.0,36.38
2026-08-16,AUNCL,Dry Bulk,36.0,34.0,48.0,39.0
2026-08-23,AUNCL,Dry Bulk,31.0,31.0,44.0,37.88
2026-08-30,AUNCL,Dry Bulk,25.0,25.0,46.0,36.0
2019-01-06,AUPHE,Dry Bulk,42.0,42.0,67.0,57.38
2019-01-13,AUPHE,Dry Bulk,55.0,53.0,65.0,59.25
2019-01-20,AUPHE,Dry Bulk,52.0,43.0,61.0,52.75
2019-01-27,AUPHE,Dry Bulk,51.0,39.0,69.0,55.0
2019-02-03,AUPHE,Dry Bulk,59.0,51.0,63.0,59.12
2019-02-10,AUPHE,Dry Bulk,51.0,33.0,63.0,48.88
2019-02-17,AUPHE,Dry Bulk,49.0,27.0,61.0,52.12
2019-02-24,AUPHE,Dry Bulk,54.0,54.0,65.0,58.25
2019-03-03,AUPHE,Dry Bulk,55.0,55.0,67.0,60.5
2019-03-10,AUPHE,Dry Bulk,53.0,52.0,65.0,56.5
2019-03-17,AUPHE,Dry Bulk,58.0,57.0,70.0,62.38
2019-03-24,AUPHE,Dry Bulk,24.0,24.0,66.0,57.88
2019-03-31,AUPHE,Dry Bulk,46.0,43.0,69.0,60.0
2019-04-07,AUPHE,Dry Bulk,58.0,53.0,65.0,58.62
2019-04-14,AUPHE,Dry Bulk,54.0,37.0,66.0,56.62
2019-04-21,AUPHE,Dry Bulk,59.0,52.0,65.0,59.88
2019-04-28,AUPHE,Dry Bulk,47.0,47.0,67.0,61.38
2019-05-05,AUPHE,Dry Bulk,62.0,55.0,68.0,60.75
2019-05-12,AUPHE,Dry Bulk,55.0,55.0,65.0,59.38
2019-05-19,AUPHE,Dry Bulk,53.0,53.0,64.0,60.12
2019-05-26,AUPHE,Dry Bulk,55.0,55.0,73.0,64.12
2019-06-02,AUPHE,Dry Bulk,60.0,57.0,70.0,63.38
2019-06-09,AUPHE,Dry Bulk,59.0,59.0,75.0,68.75
2019-06-16,AUPHE,Dry Bulk,64.0,63.0,72.0,66.12
2019-06-23,AUPHE,Dry Bulk,59.0,59.0,76.0,69.12
2019-06-30,AUPHE,Dry Bulk,64.0,58.0,75.0,67.25
2019-07-07,AUPHE,Dry Bulk,47.0,47.0,61.0,55.75
2019-07-14,AUPHE,Dry Bulk,56.0,52.0,58.0,56.12
2019-07-21,AUPHE,Dry Bulk,50.0,50.0,63.0,57.38
2019-07-28,AUPHE,Dry Bulk,53.0,49.0,63.0,56.38
2019-08-04,AUPHE,Dry Bulk,54.0,51.0,61.0,56.0
2019-08-11,AUPHE,Dry Bulk,60.0,51.0,61.0,56.62
2019-08-18,AUPHE,Dry Bulk,59.0,51.0,67.0,58.62
2019-08-25,AUPHE,Dry Bulk,48.0,48.0,64.0,58.12
2019-09-01,AUPHE,Dry Bulk,63.0,40.0,66.0,59.75
2019-09-08,AUPHE,Dry Bulk,56.0,53.0,65.0,58.86
2019-09-15,AUPHE,Dry Bulk,49.0,49.0,69.0,60.86
2019-09-22,AUPHE,Dry Bulk,53.0,53.0,66.0,61.71
2019-09-29,AUPHE,Dry Bulk,51.0,51.0,65.0,60.29
2019-10-06,AUPHE,Dry Bulk,52.0,52.0,63.0,58.43
2019-10-13,AUPHE,Dry Bulk,54.0,54.0,70.0,60.71
2019-10-20,AUPHE,Dry Bulk,52.0,52.0,64.0,58.29
2019-10-27,AUPHE,Dry Bulk,51.0,51.0,65.0,57.86
2019-11-03,AUPHE,Dry Bulk,50.0,50.0,62.0,57.14
2019-11-10,AUPHE,Dry Bulk,55.0,47.0,67.0,57.71
2019-11-17,AUPHE,Dry Bulk,59.0,49.0,69.0,59.43
2019-11-24,AUPHE,Dry Bulk,56.0,54.0,66.0,60.0
2019-12-01,AUPHE,Dry Bulk,58.0,50.0,70.0,59.14
2019-12-08,AUPHE,Dry Bulk,55.0,54.0,68.0,61.14
2019-12-15,AUPHE,Dry Bulk,55.0,48.0,65.0,59.57
2019-12-22,AUPHE,Dry Bulk,60.0,57.0,70.0,63.0
2019-12-29,AUPHE,Dry Bulk,60.0,60.0,70.0,65.0
2020-01-05,AUPHE,Dry Bulk,50.0,42.0,67.0,57.38
2020-01-12,AUPHE,Dry Bulk,58.0,53.0,65.0,59.25
2020-01-19,AUPHE,Dry Bulk,45.0,43.0,61.0,52.75
2020-01-26,AUPHE,Dry Bulk,50.0,39.0,69.0,55.0
2020-02-02,AUPHE,Dry Bulk,62.0,51.0,63.0,59.12
2020-02-09,AUPHE,Dry Bulk,33.0,33.0,63.0,48.88
2020-02-16,AUPHE,Dry Bulk,54.0,27.0,61.0,52.12
2020-02-23,AUPHE,Dry Bulk,57.0,54.0,65.0,58.25
2020-03-01,AUPHE,Dry Bulk,56.0,55.0,67.0,60.5
2020-03-08,AUPHE,Dry Bulk,57.0,52.0,65.0,56.5
2020-03-15,AUPHE,Dry Bulk,57.0,57.0,70.0,62.38
2020-03-22,AUPHE,Dry Bulk,59.0,24.0,66.0,57.88
2020-03-29,AUPHE,Dry Bulk,61.0,43.0,69.0,60.0
2020-04-05,AUPHE,Dry Bulk,57.0,53.0,65.0,58.62
2020-04-12,AUPHE,Dry Bulk,61.0,37.0,66.0,56.62
2020-04-19,AUPHE,Dry Bulk,52.0,52.0,65.0,59.88
2020-04-26,AUPHE,Dry Bulk,63.0,47.0,67.0,61.38
2020-05-03,AUPHE,Dry Bulk,58.0,55.0,68.0,60.75
2020-05-10,AUPHE,Dry Bulk,57.0,55.0,65.0,59.38
2020-05-17,AUPHE,Dry Bulk,56.0,53.0,64.0,60.12
2020-05-24,AUPHE,Dry Bulk,63.0,55.0,73.0,64.12
2020-05-31,AUPHE,Dry Bulk,63.0,57.0,70.0,63.38
2020-06-07,AUPHE,Dry Bulk,66.0,59.0,75.0,68.75
2020-06-14,AUPHE,Dry Bulk,63.0,63.0,72.0,66.12
2020-06-21,AUPHE,Dry Bulk,66.0,59.0,76.0,69.12
2020-06-28,AUPHE,Dry Bulk,73.0,58.0,75.0,67.25
2020-07-05,AUPHE,Dry Bulk,61.0,47.0,61.0,55.75
2020-07-12,AUPHE,Dry Bulk,55.0,52.0,58.0,56.12
2020-07-19,AUPHE,Dry Bulk,57.0,50.0,63.0,57.38
2020-07-26,AUPHE,Dry Bulk,53.0,49.0,63.0,56.38
2020-08-02,AUPHE,Dry Bulk,52.0,51.0,61.0,56.0
2020-08-09,AUPHE,Dry Bulk,61.0,51.0,61.0,56.62
2020-08-16,AUPHE,Dry Bulk,59.0,51.0,67.0,58.62
2020-08-23,AUPHE,Dry Bulk,57.0,48.0,64.0,58.12
2020-08-30,AUPHE,Dry Bulk,61.0,40.0,66.0,59.75
2020-09-06,AUPHE,Dry Bulk,53.0,53.0,65.0,58.86
2020-09-13,AUPHE,Dry Bulk,56.0,49.0,69.0,60.86
2020-09-20,AUPHE,Dry Bulk,61.0,53.0,66.0,61.71
2020-09-27,AUPHE,Dry Bulk,63.0,51.0,65.0,60.29
2020-10-04,AUPHE,Dry Bulk,58.0,52.0,63.0,58.43
2020-10-11,AUPHE,Dry Bulk,58.0,54.0,70.0,60.71
2020-10-18,AUPHE,Dry Bulk,56.0,52.0,64.0,58.29
2020-10-25,AUPHE,Dry Bulk,57.0,51.0,65.0,57.86
2020-11-01,AUPHE,Dry Bulk,60.0,50.0,62.0,57.14
2020-11-08,AUPHE,Dry Bulk,47.0,47.0,67.0,57.71
2020-11-15,AUPHE,Dry Bulk,49.0,49.0,69.0,59.43
2020-11-22,AUPHE,Dry Bulk,54.0,54.0,66.0,60.0
2020-11-29,AUPHE,Dry Bulk,53.0,50.0,70.0,59.14
2020-12-06,AUPHE,Dry Bulk,63.0,54.0,68.0,61.14
2020-12-13,AUPHE,Dry Bulk,48.0,48.0,65.0,59.57
2020-12-20,AUPHE,Dry Bulk,64.0,57.0,70.0,63.0
2020-12-27,AUPHE,Dry Bulk,67.0,60.0,70.0,65.0
2021-01-03,AUPHE,Dry Bulk,62.0,49.6,74.4,62.0
2021-01-10,AUPHE,Dry Bulk,58.0,42.0,67.0,57.38
2021-01-17,AUPHE,Dry Bulk,53.0,53.0,65.0,59.25
2021-01-24,AUPHE,Dry Bulk,48.0,43.0,61.0,52.75
2021-01-31,AUPHE,Dry Bulk,39.0,39.0,69.0,55.0
2021-02-07,AUPHE,Dry Bulk,62.0,51.0,63.0,59.12
2021-02-14,AUPHE,Dry Bulk,60.0,33.0,63.0,48.88
2021-02-21,AUPHE,Dry Bulk,49.0,27.0,61.0,52.12
2021-02-28,AUPHE,Dry Bulk,55.0,54.0,65.0,58.25
2021-03-07,AUPHE,Dry Bulk,55.0,55.0,67.0,60.5
2021-03-14,AUPHE,Dry Bulk,60.0,52.0,65.0,56.5
2021-03-21,AUPHE,Dry Bulk,59.0,57.0,70.0,62.38
2021-03-28,AUPHE,Dry Bulk,65.0,24.0,66.0,57.88
2021-04-04,AUPHE,Dry Bulk,64.0,43.0,69.0,60.0
2021-04-11,AUPHE,Dry Bulk,59.0,53.0,65.0,58.62
2021-04-18,AUPHE,Dry Bulk,58.0,37.0,66.0,56.62
2021-04-25,AUPHE,Dry Bulk,61.0,52.0,65.0,59.88
2021-05-02,AUPHE,Dry Bulk,56.0,47.0,67.0,61.38
2021-05-09,AUPHE,Dry Bulk,60.0,55.0,68.0,60.75
2021-05-16,AUPHE,Dry Bulk,55.0,55.0,65.0,59.38
2021-05-23,AUPHE,Dry Bulk,62.0,53.0,64.0,60.12
2021-05-30,AUPHE,Dry Bulk,63.0,55.0,73.0,64.12
2021-06-06,AUPHE,Dry Bulk,60.0,57.0,70.0,63.38
2021-06-13,AUPHE,Dry Bulk,65.0,59.0,75.0,68.75
2021-06-20,AUPHE,Dry Bulk,66.0,63.0,72.0,66.12
2021-06-27,AUPHE,Dry Bulk,72.0,59.0,76.0,69.12
2021-07-04,AUPHE,Dry Bulk,58.0,58.0,75.0,67.25
2021-07-11,AUPHE,Dry Bulk,53.0,47.0,61.0,55.75
2021-07-18,AUPHE,Dry Bulk,52.0,52.0,58.0,56.12
2021-07-25,AUPHE,Dry Bulk,62.0,50.0,63.0,57.38
2021-08-01,AUPHE,Dry Bulk,59.0,49.0,63.0,56.38
2021-08-08,AUPHE,Dry Bulk,60.0,51.0,61.0,56.0
2021-08-15,AUPHE,Dry Bulk,51.0,51.0,61.0,56.62
2021-08-22,AUPHE,Dry Bulk,51.0,51.0,67.0,58.62
2021-08-29,AUPHE,Dry Bulk,63.0,48.0,64.0,58.12
2021-09-05,AUPHE,Dry Bulk,59.0,40.0,66.0,59.75
2021-09-12,AUPHE,Dry Bulk,61.0,53.0,65.0,58.86
2021-09-19,AUPHE,Dry Bulk,63.0,49.0,69.0,60.86
2021-09-26,AUPHE,Dry Bulk,65.0,53.0,66.0,61.71
2021-10-03,AUPHE,Dry Bulk,54.0,51.0,65.0,60.29
2021-10-10,AUPHE,Dry Bulk,58.0,52.0,63.0,58.43
2021-10-17,AUPHE,Dry Bulk,60.0,54.0,70.0,60.71
2021-10-24,AUPHE,Dry Bulk,59.0,52.0,64.0,58.29
2021-10-31,AUPHE,Dry Bulk,65.0,51.0,65.0,57.86
2021-11-07,AUPHE,Dry Bulk,54.0,50.0,62.0,57.14
2021-11-14,AUPHE,Dry Bulk,56.0,47.0,67.0,57.71
2021-11-21,AUPHE,Dry Bulk,57.0,49.0,69.0,59.43
2021-11-28,AUPHE,Dry Bulk,62.0,54.0,66.0,60.0
2021-12-05,AUPHE,Dry Bulk,70.0,50.0,70.0,59.14
2021-12-12,AUPHE,Dry Bulk,59.0,54.0,68.0,61.14
2021-12-19,AUPHE,Dry Bulk,63.0,48.0,65.0,59.57
2021-12-26,AUPHE,Dry Bulk,70.0,57.0,70.0,63.0
2022-01-02,AUPHE,Dry Bulk,67.0,60.0,70.0,65.0
2022-01-09,AUPHE,Dry Bulk,62.0,42.0,67.0,57.38
2022-01-16,AUPHE,Dry Bulk,62.0,53.0,65.0,59.25
2022-01-23,AUPHE,Dry Bulk,61.0,43.0,61.0,52.75
2022-01-30,AUPHE,Dry Bulk,58.0,39.0,69.0,55.0
2022-02-06,AUPHE,Dry Bulk,54.0,51.0,63.0,59.12
2022-02-13,AUPHE,Dry Bulk,50.0,33.0,63.0,48.88
2022-02-20,AUPHE,Dry Bulk,60.0,27.0,61.0,52.12
2022-02-27,AUPHE,Dry Bulk,59.0,54.0,65.0,58.25
2022-03-06,AUPHE,Dry Bulk,57.0,55.0,67.0,60.5
2022-03-13,AUPHE,Dry Bulk,56.0,52.0,65.0,56.5
2022-03-20,AUPHE,Dry Bulk,58.0,57.0,70.0,62.38
2022-03-27,AUPHE,Dry Bulk,64.0,24.0,66.0,57.88
2022-04-03,AUPHE,Dry Bulk,65.0,43.0,69.0,60.0
2022-04-10,AUPHE,Dry Bulk,58.0,53.0,65.0,58.62
2022-04-17,AUPHE,Dry Bulk,60.0,37.0,66.0,56.62
2022-04-24,AUPHE,Dry Bulk,63.0,52.0,65.0,59.88
2022-05-01,AUPHE,Dry Bulk,62.0,47.0,67.0,61.38
2022-05-08,AUPHE,Dry Bulk,55.0,55.0,68.0,60.75
2022-05-15,AUPHE,Dry Bulk,64.0,55.0,65.0,59.38
2022-05-22,AUPHE,Dry Bulk,60.0,53.0,64.0,60.12
2022-05-29,AUPHE,Dry Bulk,73.0,55.0,73.0,64.12
2022-06-05,AUPHE,Dry Bulk,57.0,57.0,70.0,63.38
2022-06-12,AUPHE,Dry Bulk,72.0,59.0,75.0,68.75
2022-06-19,AUPHE,Dry Bulk,63.0,63.0,72.0,66.12
2022-06-26,AUPHE,Dry Bulk,69.0,59.0,76.0,69.12
2022-07-03,AUPHE,Dry Bulk,64.0,58.0,75.0,67.25
2022-07-10,AUPHE,Dry Bulk,58.0,47.0,61.0,55.75
2022-07-17,AUPHE,Dry Bulk,57.0,52.0,58.0,56.12
2022-07-24,AUPHE,Dry Bulk,63.0,50.0,63.0,57.38
2022-07-31,AUPHE,Dry Bulk,61.0,49.0,63.0,56.38
2022-08-07,AUPHE,Dry Bulk,57.0,51.0,61.0,56.0
2022-08-14,AUPHE,Dry Bulk,58.0,51.0,61.0,56.62
2022-08-21,AUPHE,Dry Bulk,55.0,51.0,67.0,58.62
2022-08-28,AUPHE,Dry Bulk,63.0,48.0,64.0,58.12
2022-09-04,AUPHE,Dry Bulk,60.0,40.0,66.0,59.75
2022-09-11,AUPHE,Dry Bulk,53.0,53.0,65.0,58.86
2022-09-18,AUPHE,Dry Bulk,69.0,49.0,69.0,60.86
2022-09-25,AUPHE,Dry Bulk,64.0,53.0,66.0,61.71
2022-10-02,AUPHE,Dry Bulk,63.0,51.0,65.0,60.29
2022-10-09,AUPHE,Dry Bulk,58.0,52.0,63.0,58.43
2022-10-16,AUPHE,Dry Bulk,57.0,54.0,70.0,60.71
2022-10-23,AUPHE,Dry Bulk,60.0,52.0,64.0,58.29
2022-10-30,AUPHE,Dry Bulk,62.0,51.0,65.0,57.86
2022-11-06,AUPHE,Dry Bulk,60.0,50.0,62.0,57.14
2022-11-13,AUPHE,Dry Bulk,55.0,47.0,67.0,57.71
2022-11-20,AUPHE,Dry Bulk,61.0,49.0,69.0,59.43
2022-11-27,AUPHE,Dry Bulk,66.0,54.0,66.0,60.0
2022-12-04,AUPHE,Dry Bulk,62.0,50.0,70.0,59.14
2022-12-11,AUPHE,Dry Bulk,63.0,54.0,68.0,61.14
2022-12-18,AUPHE,Dry Bulk,64.0,48.0,65.0,59.57
2022-12-25,AUPHE,Dry Bulk,65.0,57.0,70.0,63.0
2023-01-01,AUPHE,Dry Bulk,64.0,60.0,70.0,65.0
2023-01-08,AUPHE,Dry Bulk,62.0,42.0,67.0,57.38
2023-01-15,AUPHE,Dry Bulk,61.0,53.0,65.0,59.25
2023-01-22,AUPHE,Dry Bulk,60.0,43.0,61.0,52.75
2023-01-29,AUPHE,Dry Bulk,59.0,39.0,69.0,55.0
2023-02-05,AUPHE,Dry Bulk,60.0,51.0,63.0,59.12
2023-02-12,AUPHE,Dry Bulk,41.0,33.0,63.0,48.88
2023-02-19,AUPHE,Dry Bulk,58.0,27.0,61.0,52.12
2023-02-26,AUPHE,Dry Bulk,58.0,54.0,65.0,58.25
2023-03-05,AUPHE,Dry Bulk,65.0,55.0,67.0,60.5
2023-03-12,AUPHE,Dry Bulk,52.0,52.0,65.0,56.5
2023-03-19,AUPHE,Dry Bulk,67.0,57.0,70.0,62.38
2023-03-26,AUPHE,Dry Bulk,55.0,24.0,66.0,57.88
2023-04-02,AUPHE,Dry Bulk,65.0,43.0,69.0,60.0
2023-04-09,AUPHE,Dry Bulk,61.0,53.0,65.0,58.62
2023-04-16,AUPHE,Dry Bulk,37.0,37.0,66.0,56.62
2023-04-23,AUPHE,Dry Bulk,60.0,52.0,65.0,59.88
2023-04-30,AUPHE,Dry Bulk,64.0,47.0,67.0,61.38
2023-05-07,AUPHE,Dry Bulk,58.0,55.0,68.0,60.75
2023-05-14,AUPHE,Dry Bulk,55.0,55.0,65.0,59.38
2023-05-21,AUPHE,Dry Bulk,60.0,53.0,64.0,60.12
2023-05-28,AUPHE,Dry Bulk,65.0,55.0,73.0,64.12
2023-06-04,AUPHE,Dry Bulk,70.0,57.0,70.0,63.38
2023-06-11,AUPHE,Dry Bulk,72.0,59.0,75.0,68.75
2023-06-18,AUPHE,Dry Bulk,67.0,63.0,72.0,66.12
2023-06-25,AUPHE,Dry Bulk,65.0,59.0,76.0,69.12
2023-07-02,AUPHE,Dry Bulk,65.0,58.0,75.0,67.25
2023-07-09,AUPHE,Dry Bulk,56.0,47.0,61.0,55.75
2023-07-16,AUPHE,Dry Bulk,58.0,52.0,58.0,56.12
2023-07-23,AUPHE,Dry Bulk,62.0,50.0,63.0,57.38
2023-07-30,AUPHE,Dry Bulk,56.0,49.0,63.0,56.38
2023-08-06,AUPHE,Dry Bulk,57.0,51.0,61.0,56.0
2023-08-13,AUPHE,Dry Bulk,56.0,51.0,61.0,56.62
2023-08-20,AUPHE,Dry Bulk,67.0,51.0,67.0,58.62
2023-08-27,AUPHE,Dry Bulk,59.0,48.0,64.0,58.12
2023-09-03,AUPHE,Dry Bulk,66.0,40.0,66.0,59.75
2023-09-10,AUPHE,Dry Bulk,61.0,53.0,65.0,58.86
2023-09-17,AUPHE,Dry Bulk,56.0,49.0,69.0,60.86
2023-09-24,AUPHE,Dry Bulk,59.0,53.0,66.0,61.71
2023-10-01,AUPHE,Dry Bulk,61.0,51.0,65.0,60.29
2023-10-08,AUPHE,Dry Bulk,63.0,52.0,63.0,58.43
2023-10-15,AUPHE,Dry Bulk,70.0,54.0,70.0,60.71
2023-10-22,AUPHE,Dry Bulk,58.0,52.0,64.0,58.29
2023-10-29,AUPHE,Dry Bulk,51.0,51.0,65.0,57.86
2023-11-05,AUPHE,Dry Bulk,62.0,50.0,62.0,57.14
2023-11-12,AUPHE,Dry Bulk,59.0,47.0,67.0,57.71
2023-11-19,AUPHE,Dry Bulk,69.0,49.0,69.0,59.43
2023-11-26,AUPHE,Dry Bulk,58.0,54.0,66.0,60.0
2023-12-03,AUPHE,Dry Bulk,59.0,50.0,70.0,59.14
2023-12-10,AUPHE,Dry Bulk,66.0,54.0,68.0,61.14
2023-12-17,AUPHE,Dry Bulk,64.0,48.0,65.0,59.57
2023-12-24,AUPHE,Dry Bulk,61.0,57.0,70.0,63.0
2023-12-31,AUPHE,Dry Bulk,64.0,60.0,70.0,65.0
2024-01-07,AUPHE,Dry Bulk,57.0,42.0,67.0,57.38
2024-01-14,AUPHE,Dry Bulk,57.0,53.0,65.0,59.25
2024-01-21,AUPHE,Dry Bulk,55.0,43.0,61.0,52.75
2024-01-28,AUPHE,Dry Bulk,54.0,39.0,69.0,55.0
2024-02-04,AUPHE,Dry Bulk,51.0,51.0,63.0,59.12
2024-02-11,AUPHE,Dry Bulk,49.0,33.0,63.0,48.88
2024-02-18,AUPHE,Dry Bulk,59.0,27.0,61.0,52.12
2024-02-25,AUPHE,Dry Bulk,56.0,54.0,65.0,58.25
2024-03-03,AUPHE,Dry Bulk,64.0,55.0,67.0,60.5
2024-03-10,AUPHE,Dry Bulk,65.0,52.0,65.0,56.5
2024-03-17,AUPHE,Dry Bulk,64.0,57.0,70.0,62.38
2024-03-24,AUPHE,Dry Bulk,66.0,24.0,66.0,57.88
2024-03-31,AUPHE,Dry Bulk,69.0,43.0,69.0,60.0
2024-04-07,AUPHE,Dry Bulk,65.0,53.0,65.0,58.62
2024-04-14,AUPHE,Dry Bulk,66.0,37.0,66.0,56.62
2024-04-21,AUPHE,Dry Bulk,65.0,52.0,65.0,59.88
2024-04-28,AUPHE,Dry Bulk,66.0,47.0,67.0,61.38
2024-05-05,AUPHE,Dry Bulk,68.0,55.0,68.0,60.75
2024-05-12,AUPHE,Dry Bulk,64.0,55.0,65.0,59.38
2024-05-19,AUPHE,Dry Bulk,64.0,53.0,64.0,60.12
2024-05-26,AUPHE,Dry Bulk,69.0,55.0,73.0,64.12
2024-06-02,AUPHE,Dry Bulk,62.0,57.0,70.0,63.38
2024-06-09,AUPHE,Dry Bulk,73.0,59.0,75.0,68.75
2024-06-16,AUPHE,Dry Bulk,72.0,63.0,72.0,66.12
2024-06-23,AUPHE,Dry Bulk,76.0,59.0,76.0,69.12
2024-06-30,AUPHE,Dry Bulk,74.0,58.0,75.0,67.25
2024-07-07,AUPHE,Dry Bulk,57.0,47.0,61.0,55.75
2024-07-14,AUPHE,Dry Bulk,58.0,52.0,58.0,56.12
2024-07-21,AUPHE,Dry Bulk,55.0,50.0,63.0,57.38
2024-07-28,AUPHE,Dry Bulk,57.0,49.0,63.0,56.38
2024-08-04,AUPHE,Dry Bulk,61.0,51.0,61.0,56.0
2024-08-11,AUPHE,Dry Bulk,57.0,51.0,61.0,56.62
2024-08-18,AUPHE,Dry Bulk,64.0,51.0,67.0,58.62
2024-08-25,AUPHE,Dry Bulk,64.0,48.0,64.0,58.12
2024-09-01,AUPHE,Dry Bulk,65.0,40.0,66.0,59.75
2024-09-08,AUPHE,Dry Bulk,65.0,53.0,65.0,58.86
2024-09-15,AUPHE,Dry Bulk,66.0,49.0,69.0,60.86
2024-09-22,AUPHE,Dry Bulk,66.0,53.0,66.0,61.71
2024-09-29,AUPHE,Dry Bulk,65.0,51.0,65.0,60.29
2024-10-06,AUPHE,Dry Bulk,57.0,52.0,63.0,58.43
2024-10-13,AUPHE,Dry Bulk,62.0,54.0,70.0,60.71
2024-10-20,AUPHE,Dry Bulk,59.0,52.0,64.0,58.29
2024-10-27,AUPHE,Dry Bulk,62.0,51.0,65.0,57.86
2024-11-03,AUPHE,Dry Bulk,57.0,50.0,62.0,57.14
2024-11-10,AUPHE,Dry Bulk,65.0,47.0,67.0,57.71
2024-11-17,AUPHE,Dry Bulk,59.0,49.0,69.0,59.43
2024-11-24,AUPHE,Dry Bulk,59.0,54.0,66.0,60.0
2024-12-01,AUPHE,Dry Bulk,62.0,50.0,70.0,59.14
2024-12-08,AUPHE,Dry Bulk,54.0,54.0,68.0,61.14
2024-12-15,AUPHE,Dry Bulk,65.0,48.0,65.0,59.57
2024-12-22,AUPHE,Dry Bulk,57.0,57.0,70.0,63.0
2024-12-29,AUPHE,Dry Bulk,63.0,60.0,70.0,65.0
2025-01-05,AUPHE,Dry Bulk,67.0,42.0,67.0,57.38
2025-01-12,AUPHE,Dry Bulk,63.0,53.0,65.0,59.25
2025-01-19,AUPHE,Dry Bulk,43.0,43.0,61.0,52.75
2025-01-26,AUPHE,Dry Bulk,69.0,39.0,69.0,55.0
2025-02-02,AUPHE,Dry Bulk,63.0,51.0,63.0,59.12
2025-02-09,AUPHE,Dry Bulk,63.0,33.0,63.0,48.88
2025-02-16,AUPHE,Dry Bulk,27.0,27.0,61.0,52.12
2025-02-23,AUPHE,Dry Bulk,62.0,54.0,65.0,58.25
2025-03-02,AUPHE,Dry Bulk,67.0,55.0,67.0,60.5
2025-03-09,AUPHE,Dry Bulk,55.0,52.0,65.0,56.5
2025-03-16,AUPHE,Dry Bulk,66.0,57.0,70.0,62.38
2025-03-23,AUPHE,Dry Bulk,65.0,24.0,66.0,57.88
2025-03-30,AUPHE,Dry Bulk,67.0,43.0,69.0,60.0
2025-04-06,AUPHE,Dry Bulk,53.0,53.0,65.0,58.62
2025-04-13,AUPHE,Dry Bulk,57.0,37.0,66.0,56.62
2025-04-20,AUPHE,Dry Bulk,61.0,52.0,65.0,59.88
2025-04-27,AUPHE,Dry Bulk,66.0,47.0,67.0,61.38
2025-05-04,AUPHE,Dry Bulk,63.0,55.0,68.0,60.75
2025-05-11,AUPHE,Dry Bulk,65.0,55.0,65.0,59.38
2025-05-18,AUPHE,Dry Bulk,64.0,53.0,64.0,60.12
2025-05-25,AUPHE,Dry Bulk,67.0,55.0,73.0,64.12
2025-06-01,AUPHE,Dry Bulk,69.0,57.0,70.0,63.38
2025-06-08,AUPHE,Dry Bulk,75.0,59.0,75.0,68.75
2025-06-15,AUPHE,Dry Bulk,70.0,63.0,72.0,66.12
2025-06-22,AUPHE,Dry Bulk,73.0,59.0,76.0,69.12
2025-06-29,AUPHE,Dry Bulk,75.0,58.0,75.0,67.25
2025-07-06,AUPHE,Dry Bulk,59.0,47.0,61.0,55.75
2025-07-13,AUPHE,Dry Bulk,57.0,52.0,58.0,56.12
2025-07-20,AUPHE,Dry Bulk,56.0,50.0,63.0,57.38
2025-07-27,AUPHE,Dry Bulk,63.0,49.0,63.0,56.38
2025-08-03,AUPHE,Dry Bulk,56.0,51.0,61.0,56.0
2025-08-10,AUPHE,Dry Bulk,54.0,51.0,61.0,56.62
2025-08-17,AUPHE,Dry Bulk,53.0,51.0,67.0,58.62
2025-08-24,AUPHE,Dry Bulk,56.0,48.0,64.0,58.12
2025-08-31,AUPHE,Dry Bulk,64.0,40.0,66.0,59.75
2025-09-07,AUPHE,Dry Bulk,63.0,53.0,65.0,58.86
2025-09-14,AUPHE,Dry Bulk,67.0,49.0,69.0,60.86
2025-09-21,AUPHE,Dry Bulk,64.0,53.0,66.0,61.71
2025-09-28,AUPHE,Dry Bulk,65.0,51.0,65.0,60.29
2025-10-05,AUPHE,Dry Bulk,63.0,52.0,63.0,58.43
2025-10-12,AUPHE,Dry Bulk,64.0,54.0,70.0,60.71
2025-10-19,AUPHE,Dry Bulk,64.0,52.0,64.0,58.29
2025-10-26,AUPHE,Dry Bulk,57.0,51.0,65.0,57.86
2025-11-02,AUPHE,Dry Bulk,57.0,50.0,62.0,57.14
2025-11-09,AUPHE,Dry Bulk,67.0,47.0,67.0,57.71
2025-11-16,AUPHE,Dry Bulk,62.0,49.0,69.0,59.43
2025-11-23,AUPHE,Dry Bulk,65.0,54.0,66.0,60.0
2025-11-30,AUPHE,Dry Bulk,50.0,50.0,70.0,59.14
2025-12-07,AUPHE,Dry Bulk,68.0,54.0,68.0,61.14
2025-12-14,AUPHE,Dry Bulk,58.0,48.0,65.0,59.57
2025-12-21,AUPHE,Dry Bulk,64.0,57.0,70.0,63.0
2025-12-28,AUPHE,Dry Bulk,70.0,60.0,70.0,65.0
2026-01-04,AUPHE,Dry Bulk,61.0,42.0,67.0,57.38
2026-01-11,AUPHE,Dry Bulk,65.0,53.0,65.0,59.25
2026-01-18,AUPHE,Dry Bulk,58.0,43.0,61.0,52.75
2026-01-25,AUPHE,Dry Bulk,60.0,39.0,69.0,55.0
2026-02-01,AUPHE,Dry Bulk,62.0,51.0,63.0,59.12
2026-02-08,AUPHE,Dry Bulk,44.0,33.0,63.0,48.88
2026-02-15,AUPHE,Dry Bulk,61.0,27.0,61.0,52.12
2026-02-22,AUPHE,Dry Bulk,65.0,54.0,65.0,58.25
2026-03-01,AUPHE,Dry Bulk,65.0,55.0,67.0,60.5
2026-03-08,AUPHE,Dry Bulk,54.0,52.0,65.0,56.5
2026-03-15,AUPHE,Dry Bulk,70.0,57.0,70.0,62.38
2026-03-22,AUPHE,Dry Bulk,65.0,24.0,66.0,57.88
2026-03-29,AUPHE,Dry Bulk,43.0,43.0,69.0,60.0
2026-04-05,AUPHE,Dry Bulk,58.0,53.0,65.0,58.62
2026-04-12,AUPHE,Dry Bulk,60.0,37.0,66.0,56.62
2026-04-19,AUPHE,Dry Bulk,58.0,52.0,65.0,59.88
2026-04-26,AUPHE,Dry Bulk,67.0,47.0,67.0,61.38
2026-05-03,AUPHE,Dry Bulk,62.0,55.0,68.0,60.75
2026-05-10,AUPHE,Dry Bulk,60.0,55.0,65.0,59.38
2026-05-17,AUPHE,Dry Bulk,62.0,53.0,64.0,60.12
2026-05-24,AUPHE,Dry Bulk,58.0,55.0,73.0,64.12
2026-05-31,AUPHE,Dry Bulk,66.0,57.0,70.0,63.38
2026-06-07,AUPHE,Dry Bulk,68.0,59.0,75.0,68.75
2026-06-14,AUPHE,Dry Bulk,64.0,63.0,72.0,66.12
2026-06-21,AUPHE,Dry Bulk,73.0,59.0,76.0,69.12
2026-06-28,AUPHE,Dry Bulk,65.0,58.0,75.0,67.25
2026-07-05,AUPHE,Dry Bulk,55.0,47.0,61.0,55.75
2026-07-12,AUPHE,Dry Bulk,56.0,52.0,58.0,56.12
2026-07-19,AUPHE,Dry Bulk,54.0,50.0,63.0,57.38
2026-07-26,AUPHE,Dry Bulk,49.0,49.0,63.0,56.38
2026-08-02,AUPHE,Dry Bulk,51.0,51.0,61.0,56.0
2026-08-09,AUPHE,Dry Bulk,56.0,51.0,61.0,56.62
2026-08-16,AUPHE,Dry Bulk,61.0,51.0,67.0,58.62
2026-08-23,AUPHE,Dry Bulk,55.0,48.0,64.0,58.12
2026-08-30,AUPHE,Dry Bulk,40.0,40.0,66.0,59.75
2019-01-06,BRPMD,Dry Bulk,19.0,16.0,28.0,21.5
2019-01-13,BRPMD,Dry Bulk,20.0,18.0,28.0,21.75
2019-01-20,BRPMD,Dry Bulk,25.0,15.0,25.0,20.88
2019-01-27,BRPMD,Dry Bulk,25.0,15.0,27.0,23.0
2019-02-03,BRPMD,Dry Bulk,18.0,18.0,31.0,21.38
2019-02-10,BRPMD,Dry Bulk,18.0,18.0,28.0,21.25
2019-02-17,BRPMD,Dry Bulk,19.0,19.0,26.0,22.0
2019-02-24,BRPMD,Dry Bulk,29.0,17.0,29.0,25.38
2019-03-03,BRPMD,Dry Bulk,22.0,17.0,29.0,23.62
2019-03-10,BRPMD,Dry Bulk,21.0,17.0,29.0,22.62
2019-03-17,BRPMD,Dry Bulk,20.0,17.0,23.0,20.62
2019-03-24,BRPMD,Dry Bulk,19.0,19.0,30.0,24.25
2019-03-31,BRPMD,Dry Bulk,18.0,18.0,31.0,23.38
2019-04-07,BRPMD,Dry Bulk,14.0,14.0,29.0,24.0
2019-04-14,BRPMD,Dry Bulk,20.0,20.0,31.0,24.75
2019-04-21,BRPMD,Dry Bulk,21.0,21.0,31.0,24.5
2019-04-28,BRPMD,Dry Bulk,20.0,20.0,28.0,24.38
2019-05-05,BRPMD,Dry Bulk,26.0,19.0,28.0,23.38
2019-05-12,BRPMD,Dry Bulk,30.0,23.0,30.0,25.75
2019-05-19,BRPMD,Dry Bulk,28.0,22.0,33.0,27.62
2019-05-26,BRPMD,Dry Bulk,30.0,22.0,32.0,27.62
2019-06-02,BRPMD,Dry Bulk,23.0,23.0,35.0,28.0
2019-06-09,BRPMD,Dry Bulk,28.0,25.0,31.0,27.5
2019-06-16,BRPMD,Dry Bulk,31.0,28.0,31.0,29.75
2019-06-23,BRPMD,Dry Bulk,33.0,28.0,34.0,30.88
2019-06-30,BRPMD,Dry Bulk,34.0,27.0,34.0,31.0
2019-07-07,BRPMD,Dry Bulk,26.0,26.0,32.0,29.0
2019-07-14,BRPMD,Dry Bulk,31.0,23.0,33.0,29.88
2019-07-21,BRPMD,Dry Bulk,31.0,22.0,31.0,28.75
2019-07-28,BRPMD,Dry Bulk,30.0,26.0,37.0,31.25
2019-08-04,BRPMD,Dry Bulk,36.0,29.0,36.0,31.12
2019-08-11,BRPMD,Dry Bulk,35.0,26.0,35.0,29.75
2019-08-18,BRPMD,Dry Bulk,36.0,30.0,36.0,32.88
2019-08-25,BRPMD,Dry Bulk,32.0,30.0,38.0,33.12
2019-09-01,BRPMD,Dry Bulk,31.0,19.0,36.0,30.25
2019-09-08,BRPMD,Dry Bulk,34.0,26.0,34.0,30.14
2019-09-15,BRPMD,Dry Bulk,35.0,27.0,35.0,31.57
2019-09-22,BRPMD,Dry Bulk,31.0,27.0,34.0,31.29
2019-09-29,BRPMD,Dry Bulk,36.0,29.0,36.0,31.86
2019-10-06,BRPMD,Dry Bulk,29.0,26.0,32.0,29.57
2019-10-13,BRPMD,Dry Bulk,26.0,25.0,36.0,29.29
2019-10-20,BRPMD,Dry Bulk,29.0,26.0,34.0,29.57
2019-10-27,BRPMD,Dry Bulk,29.0,23.0,36.0,29.57
2019-11-03,BRPMD,Dry Bulk,31.0,21.0,34.0,29.57
2019-11-10,BRPMD,Dry Bulk,30.0,27.0,32.0,29.43
2019-11-17,BRPMD,Dry Bulk,31.0,26.0,31.0,28.57
2019-11-24,BRPMD,Dry Bulk,23.0,22.0,37.0,27.86
2019-12-01,BRPMD,Dry Bulk,28.0,27.0,35.0,30.0
2019-12-08,BRPMD,Dry Bulk,28.0,18.0,33.0,26.14
2019-12-15,BRPMD,Dry Bulk,25.0,25.0,37.0,29.0
2019-12-22,BRPMD,Dry Bulk,27.0,24.0,28.0,26.0
2019-12-29,BRPMD,Dry Bulk,29.0,22.0,35.0,28.71
2020-01-05,BRPMD,Dry Bulk,20.0,16.0,28.0,21.5
2020-01-12,BRPMD,Dry Bulk,20.0,18.0,28.0,21.75
2020-01-19,BRPMD,Dry Bulk,24.0,15.0,25.0,20.88
2020-01-26,BRPMD,Dry Bulk,27.0,15.0,27.0,23.0
2020-02-02,BRPMD,Dry Bulk,27.0,18.0,31.0,21.38
2020-02-09,BRPMD,Dry Bulk,22.0,18.0,28.0,21.25
2020-02-16,BRPMD,Dry Bulk,26.0,19.0,26.0,22.0
2020-02-23,BRPMD,Dry Bulk,27.0,17.0,29.0,25.38
2020-03-01,BRPMD,Dry Bulk,26.0,17.0,29.0,23.62
2020-03-08,BRPMD,Dry Bulk,21.0,17.0,29.0,22.62
2020-03-15,BRPMD,Dry Bulk,20.0,17.0,23.0,20.62
2020-03-22,BRPMD,Dry Bulk,26.0,19.0,30.0,24.25
2020-03-29,BRPMD,Dry Bulk,31.0,18.0,31.0,23.38
2020-04-05,BRPMD,Dry Bulk,26.0,14.0,29.0,24.0
2020-04-12,BRPMD,Dry Bulk,22.0,20.0,31.0,24.75
2020-04-19,BRPMD,Dry Bulk,25.0,21.0,31.0,24.5
2020-04-26,BRPMD,Dry Bulk,22.0,20.0,28.0,24.38
2020-05-03,BRPMD,Dry Bulk,20.0,19.0,28.0,23.38
2020-05-10,BRPMD,Dry Bulk,23.0,23.0,30.0,25.75
2020-05-17,BRPMD,Dry Bulk,22.0,22.0,33.0,27.62
2020-05-24,BRPMD,Dry Bulk,25.0,22.0,32.0,27.62
2020-05-31,BRPMD,Dry Bulk,24.0,23.0,35.0,28.0
2020-06-07,BRPMD,Dry Bulk,25.0,25.0,31.0,27.5
2020-06-14,BRPMD,Dry Bulk,30.0,28.0,31.0,29.75
2020-06-21,BRPMD,Dry Bulk,31.0,28.0,34.0,30.88
2020-06-28,BRPMD,Dry Bulk,31.0,27.0,34.0,31.0
2020-07-05,BRPMD,Dry Bulk,28.0,26.0,32.0,29.0
2020-07-12,BRPMD,Dry Bulk,23.0,23.0,33.0,29.88
2020-07-19,BRPMD,Dry Bulk,31.0,22.0,31.0,28.75
2020-07-26,BRPMD,Dry Bulk,27.0,26.0,37.0,31.25
2020-08-02,BRPMD,Dry Bulk,31.0,29.0,36.0,31.12
2020-08-09,BRPMD,Dry Bulk,29.0,26.0,35.0,29.75
2020-08-16,BRPMD,Dry Bulk,32.0,30.0,36.0,32.88
2020-08-23,BRPMD,Dry Bulk,35.0,30.0,38.0,33.12
2020-08-30,BRPMD,Dry Bulk,30.0,19.0,36.0,30.25
2020-09-06,BRPMD,Dry Bulk,31.0,26.0,34.0,30.14
2020-09-13,BRPMD,Dry Bulk,35.0,27.0,35.0,31.57
2020-09-20,BRPMD,Dry Bulk,32.0,27.0,34.0,31.29
2020-09-27,BRPMD,Dry Bulk,34.0,29.0,36.0,31.86
2020-10-04,BRPMD,Dry Bulk,29.0,26.0,32.0,29.57
2020-10-11,BRPMD,Dry Bulk,36.0,25.0,36.0,29.29
2020-10-18,BRPMD,Dry Bulk,31.0,26.0,34.0,29.57
2020-10-25,BRPMD,Dry Bulk,31.0,23.0,36.0,29.57
2020-11-01,BRPMD,Dry Bulk,34.0,21.0,34.0,29.57
2020-11-08,BRPMD,Dry Bulk,30.0,27.0,32.0,29.43
2020-11-15,BRPMD,Dry Bulk,28.0,26.0,31.0,28.57
2020-11-22,BRPMD,Dry Bulk,27.0,22.0,37.0,27.86
2020-11-29,BRPMD,Dry Bulk,32.0,27.0,35.0,30.0
2020-12-06,BRPMD,Dry Bulk,27.0,18.0,33.0,26.14
2020-12-13,BRPMD,Dry Bulk,28.0,25.0,37.0,29.0
2020-12-20,BRPMD,Dry Bulk,27.0,24.0,28.0,26.0
2020-12-27,BRPMD,Dry Bulk,31.0,22.0,35.0,28.71
2021-01-03,BRPMD,Dry Bulk,30.0,24.0,36.0,30.0
2021-01-10,BRPMD,Dry Bulk,20.0,16.0,28.0,21.5
2021-01-17,BRPMD,Dry Bulk,28.0,18.0,28.0,21.75
2021-01-24,BRPMD,Dry Bulk,19.0,15.0,25.0,20.88
2021-01-31,BRPMD,Dry Bulk,24.0,15.0,27.0,23.0
2021-02-07,BRPMD,Dry Bulk,31.0,18.0,31.0,21.38
2021-02-14,BRPMD,Dry Bulk,24.0,18.0,28.0,21.25
2021-02-21,BRPMD,Dry Bulk,23.0,19.0,26.0,22.0
2021-02-28,BRPMD,Dry Bulk,28.0,17.0,29.0,25.38
2021-03-07,BRPMD,Dry Bulk,26.0,17.0,29.0,23.62
2021-03-14,BRPMD,Dry Bulk,25.0,17.0,29.0,22.62
2021-03-21,BRPMD,Dry Bulk,22.0,17.0,23.0,20.62
2021-03-28,BRPMD,Dry Bulk,25.0,19.0,30.0,24.25
2021-04-04,BRPMD,Dry Bulk,28.0,18.0,31.0,23.38
2021-04-11,BRPMD,Dry Bulk,29.0,14.0,29.0,24.0
2021-04-18,BRPMD,Dry Bulk,28.0,20.0,31.0,24.75
2021-04-25,BRPMD,Dry Bulk,22.0,21.0,31.0,24.5
2021-05-02,BRPMD,Dry Bulk,26.0,20.0,28.0,24.38
2021-05-09,BRPMD,Dry Bulk,23.0,19.0,28.0,23.38
2021-05-16,BRPMD,Dry Bulk,28.0,23.0,30.0,25.75
2021-05-23,BRPMD,Dry Bulk,30.0,22.0,33.0,27.62
2021-05-30,BRPMD,Dry Bulk,32.0,22.0,32.0,27.62
2021-06-06,BRPMD,Dry Bulk,35.0,23.0,35.0,28.0
2021-06-13,BRPMD,Dry Bulk,27.0,25.0,31.0,27.5
2021-06-20,BRPMD,Dry Bulk,28.0,28.0,31.0,29.75
2021-06-27,BRPMD,Dry Bulk,30.0,28.0,34.0,30.88
2021-07-04,BRPMD,Dry Bulk,31.0,27.0,34.0,31.0
2021-07-11,BRPMD,Dry Bulk,29.0,26.0,32.0,29.0
2021-07-18,BRPMD,Dry Bulk,27.0,23.0,33.0,29.88
2021-07-25,BRPMD,Dry Bulk,27.0,22.0,31.0,28.75
2021-08-01,BRPMD,Dry Bulk,26.0,26.0,37.0,31.25
2021-08-08,BRPMD,Dry Bulk,29.0,29.0,36.0,31.12
2021-08-15,BRPMD,Dry Bulk,26.0,26.0,35.0,29.75
2021-08-22,BRPMD,Dry Bulk,31.0,30.0,36.0,32.88
2021-08-29,BRPMD,Dry Bulk,31.0,30.0,38.0,33.12
2021-09-05,BRPMD,Dry Bulk,28.0,19.0,36.0,30.25
2021-09-12,BRPMD,Dry Bulk,26.0,26.0,34.0,30.14
2021-09-19,BRPMD,Dry Bulk,29.0,27.0,35.0,31.57
2021-09-26,BRPMD,Dry Bulk,33.0,27.0,34.0,31.29
2021-10-03,BRPMD,Dry Bulk,31.0,29.0,36.0,31.86
2021-10-10,BRPMD,Dry Bulk,30.0,26.0,32.0,29.57
2021-10-17,BRPMD,Dry Bulk,27.0,25.0,36.0,29.29
2021-10-24,BRPMD,Dry Bulk,28.0,26.0,34.0,29.57
2021-10-31,BRPMD,Dry Bulk,23.0,23.0,36.0,29.57
2021-11-07,BRPMD,Dry Bulk,29.0,21.0,34.0,29.57
2021-11-14,BRPMD,Dry Bulk,30.0,27.0,32.0,29.43
2021-11-21,BRPMD,Dry Bulk,30.0,26.0,31.0,28.57
2021-11-28,BRPMD,Dry Bulk,31.0,22.0,37.0,27.86
2021-12-05,BRPMD,Dry Bulk,28.0,27.0,35.0,30.0
2021-12-12,BRPMD,Dry Bulk,21.0,18.0,33.0,26.14
2021-12-19,BRPMD,Dry Bulk,28.0,25.0,37.0,29.0
2021-12-26,BRPMD,Dry Bulk,24.0,24.0,28.0,26.0
2022-01-02,BRPMD,Dry Bulk,22.0,22.0,35.0,28.71
2022-01-09,BRPMD,Dry Bulk,28.0,16.0,28.0,21.5
2022-01-16,BRPMD,Dry Bulk,24.0,18.0,28.0,21.75
2022-01-23,BRPMD,Dry Bulk,24.0,15.0,25.0,20.88
2022-01-30,BRPMD,Dry Bulk,22.0,15.0,27.0,23.0
2022-02-06,BRPMD,Dry Bulk,18.0,18.0,31.0,21.38
2022-02-13,BRPMD,Dry Bulk,28.0,18.0,28.0,21.25
2022-02-20,BRPMD,Dry Bulk,23.0,19.0,26.0,22.0
2022-02-27,BRPMD,Dry Bulk,28.0,17.0,29.0,25.38
2022-03-06,BRPMD,Dry Bulk,22.0,17.0,29.0,23.62
2022-03-13,BRPMD,Dry Bulk,17.0,17.0,29.0,22.62
2022-03-20,BRPMD,Dry Bulk,23.0,17.0,23.0,20.62
2022-03-27,BRPMD,Dry Bulk,27.0,19.0,30.0,24.25
2022-04-03,BRPMD,Dry Bulk,18.0,18.0,31.0,23.38
2022-04-10,BRPMD,Dry Bulk,25.0,14.0,29.0,24.0
2022-04-17,BRPMD,Dry Bulk,31.0,20.0,31.0,24.75
2022-04-24,BRPMD,Dry Bulk,24.0,21.0,31.0,24.5
2022-05-01,BRPMD,Dry Bulk,28.0,20.0,28.0,24.38
2022-05-08,BRPMD,Dry Bulk,25.0,19.0,28.0,23.38
2022-05-15,BRPMD,Dry Bulk,26.0,23.0,30.0,25.75
2022-05-22,BRPMD,Dry Bulk,25.0,22.0,33.0,27.62
2022-05-29,BRPMD,Dry Bulk,27.0,22.0,32.0,27.62
2022-06-05,BRPMD,Dry Bulk,27.0,23.0,35.0,28.0
2022-06-12,BRPMD,Dry Bulk,27.0,25.0,31.0,27.5
2022-06-19,BRPMD,Dry Bulk,29.0,28.0,31.0,29.75
2022-06-26,BRPMD,Dry Bulk,28.0,28.0,34.0,30.88
2022-07-03,BRPMD,Dry Bulk,30.0,27.0,34.0,31.0
2022-07-10,BRPMD,Dry Bulk,28.0,26.0,32.0,29.0
2022-07-17,BRPMD,Dry Bulk,31.0,23.0,33.0,29.88
2022-07-24,BRPMD,Dry Bulk,30.0,22.0,31.0,28.75
2022-07-31,BRPMD,Dry Bulk,32.0,26.0,37.0,31.25
2022-08-07,BRPMD,Dry Bulk,34.0,29.0,36.0,31.12
2022-08-14,BRPMD,Dry Bulk,30.0,26.0,35.0,29.75
2022-08-21,BRPMD,Dry Bulk,30.0,30.0,36.0,32.88
2022-08-28,BRPMD,Dry Bulk,34.0,30.0,38.0,33.12
2022-09-04,BRPMD,Dry Bulk,36.0,19.0,36.0,30.25
2022-09-11,BRPMD,Dry Bulk,33.0,26.0,34.0,30.14
2022-09-18,BRPMD,Dry Bulk,27.0,27.0,35.0,31.57
2022-09-25,BRPMD,Dry Bulk,27.0,27.0,34.0,31.29
2022-10-02,BRPMD,Dry Bulk,31.0,29.0,36.0,31.86
2022-10-09,BRPMD,Dry Bulk,29.0,26.0,32.0,29.57
2022-10-16,BRPMD,Dry Bulk,25.0,25.0,36.0,29.29
2022-10-23,BRPMD,Dry Bulk,29.0,26.0,34.0,29.57
2022-10-30,BRPMD,Dry Bulk,29.0,23.0,36.0,29.57
2022-11-06,BRPMD,Dry Bulk,21.0,21.0,34.0,29.57
2022-11-13,BRPMD,Dry Bulk,27.0,27.0,32.0,29.43
2022-11-20,BRPMD,Dry Bulk,26.0,26.0,31.0,28.57
2022-11-27,BRPMD,Dry Bulk,22.0,22.0,37.0,27.86
2022-12-04,BRPMD,Dry Bulk,28.0,27.0,35.0,30.0
2022-12-11,BRPMD,Dry Bulk,26.0,18.0,33.0,26.14
2022-12-18,BRPMD,Dry Bulk,29.0,25.0,37.0,29.0
2022-12-25,BRPMD,Dry Bulk,26.0,24.0,28.0,26.0
2023-01-01,BRPMD,Dry Bulk,27.0,22.0,35.0,28.71
2023-01-08,BRPMD,Dry Bulk,21.0,16.0,28.0,21.5
2023-01-15,BRPMD,Dry Bulk,20.0,18.0,28.0,21.75
2023-01-22,BRPMD,Dry Bulk,24.0,15.0,25.0,20.88
2023-01-29,BRPMD,Dry Bulk,27.0,15.0,27.0,23.0
2023-02-05,BRPMD,Dry Bulk,22.0,18.0,31.0,21.38
2023-02-12,BRPMD,Dry Bulk,21.0,18.0,28.0,21.25
2023-02-19,BRPMD,Dry Bulk,19.0,19.0,26.0,22.0
2023-02-26,BRPMD,Dry Bulk,24.0,17.0,29.0,25.38
2023-03-05,BRPMD,Dry Bulk,25.0,17.0,29.0,23.62
2023-03-12,BRPMD,Dry Bulk,29.0,17.0,29.0,22.62
2023-03-19,BRPMD,Dry Bulk,23.0,17.0,23.0,20.62
2023-03-26,BRPMD,Dry Bulk,20.0,19.0,30.0,24.25
2023-04-02,BRPMD,Dry Bulk,21.0,18.0,31.0,23.38
2023-04-09,BRPMD,Dry Bulk,19.0,14.0,29.0,24.0
2023-04-16,BRPMD,Dry Bulk,20.0,20.0,31.0,24.75
2023-04-23,BRPMD,Dry Bulk,24.0,21.0,31.0,24.5
2023-04-30,BRPMD,Dry Bulk,25.0,20.0,28.0,24.38
2023-05-07,BRPMD,Dry Bulk,28.0,19.0,28.0,23.38
2023-05-14,BRPMD,Dry Bulk,25.0,23.0,30.0,25.75
2023-05-21,BRPMD,Dry Bulk,33.0,22.0,33.0,27.62
2023-05-28,BRPMD,Dry Bulk,22.0,22.0,32.0,27.62
2023-06-04,BRPMD,Dry Bulk,27.0,23.0,35.0,28.0
2023-06-11,BRPMD,Dry Bulk,29.0,25.0,31.0,27.5
2023-06-18,BRPMD,Dry Bulk,28.0,28.0,31.0,29.75
2023-06-25,BRPMD,Dry Bulk,34.0,28.0,34.0,30.88
2023-07-02,BRPMD,Dry Bulk,31.0,27.0,34.0,31.0
2023-07-09,BRPMD,Dry Bulk,28.0,26.0,32.0,29.0
2023-07-16,BRPMD,Dry Bulk,31.0,23.0,33.0,29.88
2023-07-23,BRPMD,Dry Bulk,30.0,22.0,31.0,28.75
2023-07-30,BRPMD,Dry Bulk,37.0,26.0,37.0,31.25
2023-08-06,BRPMD,Dry Bulk,29.0,29.0,36.0,31.12
2023-08-13,BRPMD,Dry Bulk,33.0,26.0,35.0,29.75
2023-08-20,BRPMD,Dry Bulk,35.0,30.0,36.0,32.88
2023-08-27,BRPMD,Dry Bulk,30.0,30.0,38.0,33.12
2023-09-03,BRPMD,Dry Bulk,31.0,19.0,36.0,30.25
2023-09-10,BRPMD,Dry Bulk,29.0,26.0,34.0,30.14
2023-09-17,BRPMD,Dry Bulk,34.0,27.0,35.0,31.57
2023-09-24,BRPMD,Dry Bulk,29.0,27.0,34.0,31.29
2023-10-01,BRPMD,Dry Bulk,29.0,29.0,36.0,31.86
2023-10-08,BRPMD,Dry Bulk,32.0,26.0,32.0,29.57
2023-10-15,BRPMD,Dry Bulk,28.0,25.0,36.0,29.29
2023-10-22,BRPMD,Dry Bulk,30.0,26.0,34.0,29.57
2023-10-29,BRPMD,Dry Bulk,36.0,23.0,36.0,29.57
2023-11-05,BRPMD,Dry Bulk,32.0,21.0,34.0,29.57
2023-11-12,BRPMD,Dry Bulk,27.0,27.0,32.0,29.43
2023-11-19,BRPMD,Dry Bulk,26.0,26.0,31.0,28.57
2023-11-26,BRPMD,Dry Bulk,27.0,22.0,37.0,27.86
2023-12-03,BRPMD,Dry Bulk,35.0,27.0,35.0,30.0
2023-12-10,BRPMD,Dry Bulk,33.0,18.0,33.0,26.14
2023-12-17,BRPMD,Dry Bulk,29.0,25.0,37.0,29.0
2023-12-24,BRPMD,Dry Bulk,28.0,24.0,28.0,26.0
2023-12-31,BRPMD,Dry Bulk,28.0,22.0,35.0,28.71
2024-01-07,BRPMD,Dry Bulk,16.0,16.0,28.0,21.5
2024-01-14,BRPMD,Dry Bulk,25.0,18.0,28.0,21.75
2024-01-21,BRPMD,Dry Bulk,19.0,15.0,25.0,20.88
2024-01-28,BRPMD,Dry Bulk,26.0,15.0,27.0,23.0
2024-02-04,BRPMD,Dry Bulk,18.0,18.0,31.0,21.38
2024-02-11,BRPMD,Dry Bulk,18.0,18.0,28.0,21.25
2024-02-18,BRPMD,Dry Bulk,25.0,19.0,26.0,22.0
2024-02-25,BRPMD,Dry Bulk,17.0,17.0,29.0,25.38
2024-03-03,BRPMD,Dry Bulk,17.0,17.0,29.0,23.62
2024-03-10,BRPMD,Dry Bulk,25.0,17.0,29.0,22.62
2024-03-17,BRPMD,Dry Bulk,18.0,17.0,23.0,20.62
2024-03-24,BRPMD,Dry Bulk,21.0,19.0,30.0,24.25
2024-03-31,BRPMD,Dry Bulk,21.0,18.0,31.0,23.38
2024-04-07,BRPMD,Dry Bulk,28.0,14.0,29.0,24.0
2024-04-14,BRPMD,Dry Bulk,20.0,20.0,31.0,24.75
2024-04-21,BRPMD,Dry Bulk,26.0,21.0,31.0,24.5
2024-04-28,BRPMD,Dry Bulk,24.0,20.0,28.0,24.38
2024-05-05,BRPMD,Dry Bulk,19.0,19.0,28.0,23.38
2024-05-12,BRPMD,Dry Bulk,23.0,23.0,30.0,25.75
2024-05-19,BRPMD,Dry Bulk,30.0,22.0,33.0,27.62
2024-05-26,BRPMD,Dry Bulk,29.0,22.0,32.0,27.62
2024-06-02,BRPMD,Dry Bulk,29.0,23.0,35.0,28.0
2024-06-09,BRPMD,Dry Bulk,27.0,25.0,31.0,27.5
2024-06-16,BRPMD,Dry Bulk,31.0,28.0,31.0,29.75
2024-06-23,BRPMD,Dry Bulk,32.0,28.0,34.0,30.88
2024-06-30,BRPMD,Dry Bulk,30.0,27.0,34.0,31.0
2024-07-07,BRPMD,Dry Bulk,32.0,26.0,32.0,29.0
2024-07-14,BRPMD,Dry Bulk,33.0,23.0,33.0,29.88
2024-07-21,BRPMD,Dry Bulk,28.0,22.0,31.0,28.75
2024-07-28,BRPMD,Dry Bulk,32.0,26.0,37.0,31.25
2024-08-04,BRPMD,Dry Bulk,31.0,29.0,36.0,31.12
2024-08-11,BRPMD,Dry Bulk,27.0,26.0,35.0,29.75
2024-08-18,BRPMD,Dry Bulk,32.0,30.0,36.0,32.88
2024-08-25,BRPMD,Dry Bulk,38.0,30.0,38.0,33.12
2024-09-01,BRPMD,Dry Bulk,34.0,19.0,36.0,30.25
2024-09-08,BRPMD,Dry Bulk,30.0,26.0,34.0,30.14
2024-09-15,BRPMD,Dry Bulk,32.0,27.0,35.0,31.57
2024-09-22,BRPMD,Dry Bulk,33.0,27.0,34.0,31.29
2024-09-29,BRPMD,Dry Bulk,30.0,29.0,36.0,31.86
2024-10-06,BRPMD,Dry Bulk,32.0,26.0,32.0,29.57
2024-10-13,BRPMD,Dry Bulk,31.0,25.0,36.0,29.29
2024-10-20,BRPMD,Dry Bulk,26.0,26.0,34.0,29.57
2024-10-27,BRPMD,Dry Bulk,29.0,23.0,36.0,29.57
2024-11-03,BRPMD,Dry Bulk,30.0,21.0,34.0,29.57
2024-11-10,BRPMD,Dry Bulk,32.0,27.0,32.0,29.43
2024-11-17,BRPMD,Dry Bulk,31.0,26.0,31.0,28.57
2024-11-24,BRPMD,Dry Bulk,37.0,22.0,37.0,27.86
2024-12-01,BRPMD,Dry Bulk,32.0,27.0,35.0,30.0
2024-12-08,BRPMD,Dry Bulk,18.0,18.0,33.0,26.14
2024-12-15,BRPMD,Dry Bulk,37.0,25.0,37.0,29.0
2024-12-22,BRPMD,Dry Bulk,26.0,24.0,28.0,26.0
2024-12-29,BRPMD,Dry Bulk,35.0,22.0,35.0,28.71
2025-01-05,BRPMD,Dry Bulk,26.0,16.0,28.0,21.5
2025-01-12,BRPMD,Dry Bulk,19.0,18.0,28.0,21.75
2025-01-19,BRPMD,Dry Bulk,15.0,15.0,25.0,20.88
2025-01-26,BRPMD,Dry Bulk,18.0,15.0,27.0,23.0
2025-02-02,BRPMD,Dry Bulk,18.0,18.0,31.0,21.38
2025-02-09,BRPMD,Dry Bulk,20.0,18.0,28.0,21.25
2025-02-16,BRPMD,Dry Bulk,19.0,19.0,26.0,22.0
2025-02-23,BRPMD,Dry Bulk,26.0,17.0,29.0,25.38
2025-03-02,BRPMD,Dry Bulk,29.0,17.0,29.0,23.62
2025-03-09,BRPMD,Dry Bulk,20.0,17.0,29.0,22.62
2025-03-16,BRPMD,Dry Bulk,17.0,17.0,23.0,20.62
2025-03-23,BRPMD,Dry Bulk,30.0,19.0,30.0,24.25
2025-03-30,BRPMD,Dry Bulk,27.0,18.0,31.0,23.38
2025-04-06,BRPMD,Dry Bulk,29.0,14.0,29.0,24.0
2025-04-13,BRPMD,Dry Bulk,28.0,20.0,31.0,24.75
2025-04-20,BRPMD,Dry Bulk,31.0,21.0,31.0,24.5
2025-04-27,BRPMD,Dry Bulk,24.0,20.0,28.0,24.38
2025-05-04,BRPMD,Dry Bulk,24.0,19.0,28.0,23.38
2025-05-11,BRPMD,Dry Bulk,24.0,23.0,30.0,25.75
2025-05-18,BRPMD,Dry Bulk,26.0,22.0,33.0,27.62
2025-05-25,BRPMD,Dry Bulk,27.0,22.0,32.0,27.62
2025-06-01,BRPMD,Dry Bulk,32.0,23.0,35.0,28.0
2025-06-08,BRPMD,Dry Bulk,31.0,25.0,31.0,27.5
2025-06-15,BRPMD,Dry Bulk,30.0,28.0,31.0,29.75
2025-06-22,BRPMD,Dry Bulk,30.0,28.0,34.0,30.88
2025-06-29,BRPMD,Dry Bulk,34.0,27.0,34.0,31.0
2025-07-06,BRPMD,Dry Bulk,30.0,26.0,32.0,29.0
2025-07-13,BRPMD,Dry Bulk,33.0,23.0,33.0,29.88
2025-07-20,BRPMD,Dry Bulk,31.0,22.0,31.0,28.75
2025-07-27,BRPMD,Dry Bulk,36.0,26.0,37.0,31.25
2025-08-03,BRPMD,Dry Bulk,30.0,29.0,36.0,31.12
2025-08-10,BRPMD,Dry Bulk,31.0,26.0,35.0,29.75
2025-08-17,BRPMD,Dry Bulk,33.0,30.0,36.0,32.88
2025-08-24,BRPMD,Dry Bulk,35.0,30.0,38.0,33.12
2025-08-31,BRPMD,Dry Bulk,33.0,19.0,36.0,30.25
2025-09-07,BRPMD,Dry Bulk,28.0,26.0,34.0,30.14
2025-09-14,BRPMD,Dry Bulk,29.0,27.0,35.0,31.57
2025-09-21,BRPMD,Dry Bulk,34.0,27.0,34.0,31.29
2025-09-28,BRPMD,Dry Bulk,32.0,29.0,36.0,31.86
2025-10-05,BRPMD,Dry Bulk,26.0,26.0,32.0,29.57
2025-10-12,BRPMD,Dry Bulk,32.0,25.0,36.0,29.29
2025-10-19,BRPMD,Dry Bulk,34.0,26.0,34.0,29.57
2025-10-26,BRPMD,Dry Bulk,30.0,23.0,36.0,29.57
2025-11-02,BRPMD,Dry Bulk,30.0,21.0,34.0,29.57
2025-11-09,BRPMD,Dry Bulk,30.0,27.0,32.0,29.43
2025-11-16,BRPMD,Dry Bulk,28.0,26.0,31.0,28.57
2025-11-23,BRPMD,Dry Bulk,28.0,22.0,37.0,27.86
2025-11-30,BRPMD,Dry Bulk,27.0,27.0,35.0,30.0
2025-12-07,BRPMD,Dry Bulk,30.0,18.0,33.0,26.14
2025-12-14,BRPMD,Dry Bulk,27.0,25.0,37.0,29.0
2025-12-21,BRPMD,Dry Bulk,24.0,24.0,28.0,26.0
2025-12-28,BRPMD,Dry Bulk,29.0,22.0,35.0,28.71
2026-01-04,BRPMD,Dry Bulk,22.0,16.0,28.0,21.5
2026-01-11,BRPMD,Dry Bulk,18.0,18.0,28.0,21.75
2026-01-18,BRPMD,Dry Bulk,17.0,15.0,25.0,20.88
2026-01-25,BRPMD,Dry Bulk,15.0,15.0,27.0,23.0
2026-02-01,BRPMD,Dry Bulk,19.0,18.0,31.0,21.38
2026-02-08,BRPMD,Dry Bulk,19.0,18.0,28.0,21.25
2026-02-15,BRPMD,Dry Bulk,22.0,19.0,26.0,22.0
2026-02-22,BRPMD,Dry Bulk,24.0,17.0,29.0,25.38
2026-03-01,BRPMD,Dry Bulk,22.0,17.0,29.0,23.62
2026-03-08,BRPMD,Dry Bulk,23.0,17.0,29.0,22.62
2026-03-15,BRPMD,Dry Bulk,22.0,17.0,23.0,20.62
2026-03-22,BRPMD,Dry Bulk,26.0,19.0,30.0,24.25
2026-03-29,BRPMD,Dry Bulk,23.0,18.0,31.0,23.38
2026-04-05,BRPMD,Dry Bulk,22.0,14.0,29.0,24.0
2026-04-12,BRPMD,Dry Bulk,29.0,20.0,31.0,24.75
2026-04-19,BRPMD,Dry Bulk,23.0,21.0,31.0,24.5
2026-04-26,BRPMD,Dry Bulk,26.0,20.0,28.0,24.38
2026-05-03,BRPMD,Dry Bulk,22.0,19.0,28.0,23.38
2026-05-10,BRPMD,Dry Bulk,27.0,23.0,30.0,25.75
2026-05-17,BRPMD,Dry Bulk,27.0,22.0,33.0,27.62
2026-05-24,BRPMD,Dry Bulk,29.0,22.0,32.0,27.62
2026-05-31,BRPMD,Dry Bulk,27.0,23.0,35.0,28.0
2026-06-07,BRPMD,Dry Bulk,26.0,25.0,31.0,27.5
2026-06-14,BRPMD,Dry Bulk,31.0,28.0,31.0,29.75
2026-06-21,BRPMD,Dry Bulk,29.0,28.0,34.0,30.88
2026-06-28,BRPMD,Dry Bulk,27.0,27.0,34.0,31.0
2026-07-05,BRPMD,Dry Bulk,31.0,26.0,32.0,29.0
2026-07-12,BRPMD,Dry Bulk,30.0,23.0,33.0,29.88
2026-07-19,BRPMD,Dry Bulk,22.0,22.0,31.0,28.75
2026-07-26,BRPMD,Dry Bulk,30.0,26.0,37.0,31.25
2026-08-02,BRPMD,Dry Bulk,29.0,29.0,36.0,31.12
2026-08-09,BRPMD,Dry Bulk,27.0,26.0,35.0,29.75
2026-08-16,BRPMD,Dry Bulk,34.0,30.0,36.0,32.88
2026-08-23,BRPMD,Dry Bulk,30.0,30.0,38.0,33.12
2026-08-30,BRPMD,Dry Bulk,19.0,19.0,36.0,30.25
2019-01-06,BRSSZ,Dry Bulk,24.0,14.0,31.0,23.25
2019-01-13,BRSSZ,Dry Bulk,23.0,16.0,28.0,22.0
2019-01-20,BRSSZ,Dry Bulk,26.0,17.0,31.0,26.0
2019-01-27,BRSSZ,Dry Bulk,27.0,15.0,31.0,23.75
2019-02-03,BRSSZ,Dry Bulk,24.0,18.0,36.0,28.0
2019-02-10,BRSSZ,Dry Bulk,25.0,25.0,40.0,30.38
2019-02-17,BRSSZ,Dry Bulk,31.0,29.0,42.0,34.5
2019-02-24,BRSSZ,Dry Bulk,24.0,24.0,45.0,35.25
2019-03-03,BRSSZ,Dry Bulk,23.0,23.0,45.0,34.25
2019-03-10,BRSSZ,Dry Bulk,27.0,27.0,46.0,36.25
2019-03-17,BRSSZ,Dry Bulk,21.0,21.0,40.0,33.62
2019-03-24,BRSSZ,Dry Bulk,30.0,27.0,47.0,38.5
2019-03-31,BRSSZ,Dry Bulk,28.0,24.0,46.0,35.38
2019-04-07,BRSSZ,Dry Bulk,32.0,28.0,45.0,33.88
2019-04-14,BRSSZ,Dry Bulk,26.0,26.0,45.0,35.0
2019-04-21,BRSSZ,Dry Bulk,27.0,26.0,43.0,33.5
2019-04-28,BRSSZ,Dry Bulk,27.0,27.0,41.0,36.62
2019-05-05,BRSSZ,Dry Bulk,24.0,24.0,45.0,35.0
2019-05-12,BRSSZ,Dry Bulk,29.0,29.0,46.0,39.75
2019-05-19,BRSSZ,Dry Bulk,19.0,19.0,48.0,37.38
2019-05-26,BRSSZ,Dry Bulk,29.0,29.0,47.0,38.12
2019-06-02,BRSSZ,Dry Bulk,22.0,22.0,45.0,36.62
2019-06-09,BRSSZ,Dry Bulk,26.0,26.0,50.0,39.5
2019-06-16,BRSSZ,Dry Bulk,29.0,29.0,52.0,39.0
2019-06-23,BRSSZ,Dry Bulk,28.0,28.0,56.0,41.0
2019-06-30,BRSSZ,Dry Bulk,31.0,31.0,43.0,37.12
2019-07-07,BRSSZ,Dry Bulk,31.0,27.0,42.0,34.25
2019-07-14,BRSSZ,Dry Bulk,33.0,31.0,54.0,40.25
2019-07-21,BRSSZ,Dry Bulk,35.0,32.0,47.0,39.25
2019-07-28,BRSSZ,Dry Bulk,34.0,32.0,45.0,39.5
2019-08-04,BRSSZ,Dry Bulk,30.0,30.0,48.0,38.25
2019-08-11,BRSSZ,Dry Bulk,35.0,30.0,48.0,36.12
2019-08-18,BRSSZ,Dry Bulk,30.0,27.0,47.0,36.25
2019-08-25,BRSSZ,Dry Bulk,22.0,22.0,46.0,36.75
2019-09-01,BRSSZ,Dry Bulk,36.0,24.0,42.0,35.12
2019-09-08,BRSSZ,Dry Bulk,23.0,23.0,45.0,32.86
2019-09-15,BRSSZ,Dry Bulk,38.0,25.0,49.0,38.29
2019-09-22,BRSSZ,Dry Bulk,30.0,25.0,48.0,36.29
2019-09-29,BRSSZ,Dry Bulk,26.0,26.0,43.0,32.0
2019-10-06,BRSSZ,Dry Bulk,33.0,23.0,45.0,34.57
2019-10-13,BRSSZ,Dry Bulk,27.0,27.0,41.0,32.86
2019-10-20,BRSSZ,Dry Bulk,42.0,23.0,43.0,36.43
2019-10-27,BRSSZ,Dry Bulk,36.0,34.0,45.0,38.71
2019-11-03,BRSSZ,Dry Bulk,35.0,23.0,42.0,32.43
2019-11-10,BRSSZ,Dry Bulk,20.0,20.0,43.0,32.29
2019-11-17,BRSSZ,Dry Bulk,29.0,29.0,50.0,37.29
2019-11-24,BRSSZ,Dry Bulk,34.0,22.0,37.0,32.43
2019-12-01,BRSSZ,Dry Bulk,28.0,24.0,50.0,35.43
2019-12-08,BRSSZ,Dry Bulk,24.0,24.0,37.0,29.86
2019-12-15,BRSSZ,Dry Bulk,21.0,21.0,38.0,28.29
2019-12-22,BRSSZ,Dry Bulk,24.0,24.0,43.0,30.57
2019-12-29,BRSSZ,Dry Bulk,18.0,18.0,42.0,27.43
2020-01-05,BRSSZ,Dry Bulk,14.0,14.0,31.0,23.25
2020-01-12,BRSSZ,Dry Bulk,18.0,16.0,28.0,22.0
2020-01-19,BRSSZ,Dry Bulk,17.0,17.0,31.0,26.0
2020-01-26,BRSSZ,Dry Bulk,25.0,15.0,31.0,23.75
2020-02-02,BRSSZ,Dry Bulk,35.0,18.0,36.0,28.0
2020-02-09,BRSSZ,Dry Bulk,29.0,25.0,40.0,30.38
2020-02-16,BRSSZ,Dry Bulk,29.0,29.0,42.0,34.5
2020-02-23,BRSSZ,Dry Bulk,29.0,24.0,45.0,35.25
2020-03-01,BRSSZ,Dry Bulk,26.0,23.0,45.0,34.25
2020-03-08,BRSSZ,Dry Bulk,32.0,27.0,46.0,36.25
2020-03-15,BRSSZ,Dry Bulk,40.0,21.0,40.0,33.62
2020-03-22,BRSSZ,Dry Bulk,27.0,27.0,47.0,38.5
2020-03-29,BRSSZ,Dry Bulk,32.0,24.0,46.0,35.38
2020-04-05,BRSSZ,Dry Bulk,33.0,28.0,45.0,33.88
2020-04-12,BRSSZ,Dry Bulk,30.0,26.0,45.0,35.0
2020-04-19,BRSSZ,Dry Bulk,36.0,26.0,43.0,33.5
2020-04-26,BRSSZ,Dry Bulk,38.0,27.0,41.0,36.62
2020-05-03,BRSSZ,Dry Bulk,33.0,24.0,45.0,35.0
2020-05-10,BRSSZ,Dry Bulk,36.0,29.0,46.0,39.75
2020-05-17,BRSSZ,Dry Bulk,35.0,19.0,48.0,37.38
2020-05-24,BRSSZ,Dry Bulk,39.0,29.0,47.0,38.12
2020-05-31,BRSSZ,Dry Bulk,36.0,22.0,45.0,36.62
2020-06-07,BRSSZ,Dry Bulk,37.0,26.0,50.0,39.5
2020-06-14,BRSSZ,Dry Bulk,40.0,29.0,52.0,39.0
2020-06-21,BRSSZ,Dry Bulk,33.0,28.0,56.0,41.0
2020-06-28,BRSSZ,Dry Bulk,43.0,31.0,43.0,37.12
2020-07-05,BRSSZ,Dry Bulk,31.0,27.0,42.0,34.25
2020-07-12,BRSSZ,Dry Bulk,31.0,31.0,54.0,40.25
2020-07-19,BRSSZ,Dry Bulk,41.0,32.0,47.0,39.25
2020-07-26,BRSSZ,Dry Bulk,43.0,32.0,45.0,39.5
2020-08-02,BRSSZ,Dry Bulk,38.0,30.0,48.0,38.25
2020-08-09,BRSSZ,Dry Bulk,48.0,30.0,48.0,36.12
2020-08-16,BRSSZ,Dry Bulk,28.0,27.0,47.0,36.25
2020-08-23,BRSSZ,Dry Bulk,32.0,22.0,46.0,36.75
2020-08-30,BRSSZ,Dry Bulk,42.0,24.0,42.0,35.12
2020-09-06,BRSSZ,Dry Bulk,27.0,23.0,45.0,32.86
2020-09-13,BRSSZ,Dry Bulk,38.0,25.0,49.0,38.29
2020-09-20,BRSSZ,Dry Bulk,25.0,25.0,48.0,36.29
2020-09-27,BRSSZ,Dry Bulk,30.0,26.0,43.0,32.0
2020-10-04,BRSSZ,Dry Bulk,33.0,23.0,45.0,34.57
2020-10-11,BRSSZ,Dry Bulk,28.0,27.0,41.0,32.86
2020-10-18,BRSSZ,Dry Bulk,38.0,23.0,43.0,36.43
2020-10-25,BRSSZ,Dry Bulk,39.0,34.0,45.0,38.71
2020-11-01,BRSSZ,Dry Bulk,23.0,23.0,42.0,32.43
2020-11-08,BRSSZ,Dry Bulk,34.0,20.0,43.0,32.29
2020-11-15,BRSSZ,Dry Bulk,31.0,29.0,50.0,37.29
2020-11-22,BRSSZ,Dry Bulk,22.0,22.0,37.0,32.43
2020-11-29,BRSSZ,Dry Bulk,24.0,24.0,50.0,35.43
2020-12-06,BRSSZ,Dry Bulk,29.0,24.0,37.0,29.86
2020-12-13,BRSSZ,Dry Bulk,29.0,21.0,38.0,28.29
2020-12-20,BRSSZ,Dry Bulk,29.0,24.0,43.0,30.57
2020-12-27,BRSSZ,Dry Bulk,23.0,18.0,42.0,27.43
2021-01-03,BRSSZ,Dry Bulk,22.0,17.6,26.4,22.0
2021-01-10,BRSSZ,Dry Bulk,23.0,14.0,31.0,23.25
2021-01-17,BRSSZ,Dry Bulk,16.0,16.0,28.0,22.0
2021-01-24,BRSSZ,Dry Bulk,29.0,17.0,31.0,26.0
2021-01-31,BRSSZ,Dry Bulk,15.0,15.0,31.0,23.75
2021-02-07,BRSSZ,Dry Bulk,25.0,18.0,36.0,28.0
2021-02-14,BRSSZ,Dry Bulk,26.0,25.0,40.0,30.38
2021-02-21,BRSSZ,Dry Bulk,42.0,29.0,42.0,34.5
2021-02-28,BRSSZ,Dry Bulk,34.0,24.0,45.0,35.25
2021-03-07,BRSSZ,Dry Bulk,33.0,23.0,45.0,34.25
2021-03-14,BRSSZ,Dry Bulk,40.0,27.0,46.0,36.25
2021-03-21,BRSSZ,Dry Bulk,34.0,21.0,40.0,33.62
2021-03-28,BRSSZ,Dry Bulk,47.0,27.0,47.0,38.5
2021-04-04,BRSSZ,Dry Bulk,37.0,24.0,46.0,35.38
2021-04-11,BRSSZ,Dry Bulk,28.0,28.0,45.0,33.88
2021-04-18,BRSSZ,Dry Bulk,35.0,26.0,45.0,35.0
2021-04-25,BRSSZ,Dry Bulk,32.0,26.0,43.0,33.5
2021-05-02,BRSSZ,Dry Bulk,41.0,27.0,41.0,36.62
2021-05-09,BRSSZ,Dry Bulk,37.0,24.0,45.0,35.0
2021-05-16,BRSSZ,Dry Bulk,39.0,29.0,46.0,39.75
2021-05-23,BRSSZ,Dry Bulk,40.0,19.0,48.0,37.38
2021-05-30,BRSSZ,Dry Bulk,36.0,29.0,47.0,38.12
2021-06-06,BRSSZ,Dry Bulk,40.0,22.0,45.0,36.62
2021-06-13,BRSSZ,Dry Bulk,30.0,26.0,50.0,39.5
2021-06-20,BRSSZ,Dry Bulk,37.0,29.0,52.0,39.0
2021-06-27,BRSSZ,Dry Bulk,40.0,28.0,56.0,41.0
2021-07-04,BRSSZ,Dry Bulk,35.0,31.0,43.0,37.12
2021-07-11,BRSSZ,Dry Bulk,31.0,27.0,42.0,34.25
2021-07-18,BRSSZ,Dry Bulk,33.0,31.0,54.0,40.25
2021-07-25,BRSSZ,Dry Bulk,32.0,32.0,47.0,39.25
2021-08-01,BRSSZ,Dry Bulk,37.0,32.0,45.0,39.5
2021-08-08,BRSSZ,Dry Bulk,31.0,30.0,48.0,38.25
2021-08-15,BRSSZ,Dry Bulk,32.0,30.0,48.0,36.12
2021-08-22,BRSSZ,Dry Bulk,27.0,27.0,47.0,36.25
2021-08-29,BRSSZ,Dry Bulk,33.0,22.0,46.0,36.75
2021-09-05,BRSSZ,Dry Bulk,30.0,24.0,42.0,35.12
2021-09-12,BRSSZ,Dry Bulk,30.0,23.0,45.0,32.86
2021-09-19,BRSSZ,Dry Bulk,25.0,25.0,49.0,38.29
2021-09-26,BRSSZ,Dry Bulk,32.0,25.0,48.0,36.29
2021-10-03,BRSSZ,Dry Bulk,31.0,26.0,43.0,32.0
2021-10-10,BRSSZ,Dry Bulk,23.0,23.0,45.0,34.57
2021-10-17,BRSSZ,Dry Bulk,34.0,27.0,41.0,32.86
2021-10-24,BRSSZ,Dry Bulk,23.0,23.0,43.0,36.43
2021-10-31,BRSSZ,Dry Bulk,34.0,34.0,45.0,38.71
2021-11-07,BRSSZ,Dry Bulk,29.0,23.0,42.0,32.43
2021-11-14,BRSSZ,Dry Bulk,29.0,20.0,43.0,32.29
2021-11-21,BRSSZ,Dry Bulk,29.0,29.0,50.0,37.29
2021-11-28,BRSSZ,Dry Bulk,37.0,22.0,37.0,32.43
2021-12-05,BRSSZ,Dry Bulk,32.0,24.0,50.0,35.43
2021-12-12,BRSSZ,Dry Bulk,31.0,24.0,37.0,29.86
2021-12-19,BRSSZ,Dry Bulk,29.0,21.0,38.0,28.29
2021-12-26,BRSSZ,Dry Bulk,29.0,24.0,43.0,30.57
2022-01-02,BRSSZ,Dry Bulk,26.0,18.0,42.0,27.43
2022-01-09,BRSSZ,Dry Bulk,23.0,14.0,31.0,23.25
2022-01-16,BRSSZ,Dry Bulk,28.0,16.0,28.0,22.0
2022-01-23,BRSSZ,Dry Bulk,31.0,17.0,31.0,26.0
2022-01-30,BRSSZ,Dry Bulk,31.0,15.0,31.0,23.75
2022-02-06,BRSSZ,Dry Bulk,28.0,18.0,36.0,28.0
2022-02-13,BRSSZ,Dry Bulk,37.0,25.0,40.0,30.38
2022-02-20,BRSSZ,Dry Bulk,38.0,29.0,42.0,34.5
2022-02-27,BRSSZ,Dry Bulk,45.0,24.0,45.0,35.25
2022-03-06,BRSSZ,Dry Bulk,45.0,23.0,45.0,34.25
2022-03-13,BRSSZ,Dry Bulk,46.0,27.0,46.0,36.25
2022-03-20,BRSSZ,Dry Bulk,34.0,21.0,40.0,33.62
2022-03-27,BRSSZ,Dry Bulk,44.0,27.0,47.0,38.5
2022-04-03,BRSSZ,Dry Bulk,24.0,24.0,46.0,35.38
2022-04-10,BRSSZ,Dry Bulk,45.0,28.0,45.0,33.88
2022-04-17,BRSSZ,Dry Bulk,35.0,26.0,45.0,35.0
2022-04-24,BRSSZ,Dry Bulk,43.0,26.0,43.0,33.5
2022-05-01,BRSSZ,Dry Bulk,37.0,27.0,41.0,36.62
2022-05-08,BRSSZ,Dry Bulk,37.0,24.0,45.0,35.0
2022-05-15,BRSSZ,Dry Bulk,43.0,29.0,46.0,39.75
2022-05-22,BRSSZ,Dry Bulk,42.0,19.0,48.0,37.38
2022-05-29,BRSSZ,Dry Bulk,45.0,29.0,47.0,38.12
2022-06-05,BRSSZ,Dry Bulk,27.0,22.0,45.0,36.62
2022-06-12,BRSSZ,Dry Bulk,44.0,26.0,50.0,39.5
2022-06-19,BRSSZ,Dry Bulk,40.0,29.0,52.0,39.0
2022-06-26,BRSSZ,Dry Bulk,45.0,28.0,56.0,41.0
2022-07-03,BRSSZ,Dry Bulk,37.0,31.0,43.0,37.12
2022-07-10,BRSSZ,Dry Bulk,42.0,27.0,42.0,34.25
2022-07-17,BRSSZ,Dry Bulk,43.0,31.0,54.0,40.25
2022-07-24,BRSSZ,Dry Bulk,34.0,32.0,47.0,39.25
2022-07-31,BRSSZ,Dry Bulk,42.0,32.0,45.0,39.5
2022-08-07,BRSSZ,Dry Bulk,39.0,30.0,48.0,38.25
2022-08-14,BRSSZ,Dry Bulk,33.0,30.0,48.0,36.12
2022-08-21,BRSSZ,Dry Bulk,44.0,27.0,47.0,36.25
2022-08-28,BRSSZ,Dry Bulk,46.0,22.0,46.0,36.75
2022-09-04,BRSSZ,Dry Bulk,36.0,24.0,42.0,35.12
2022-09-11,BRSSZ,Dry Bulk,27.0,23.0,45.0,32.86
2022-09-18,BRSSZ,Dry Bulk,33.0,25.0,49.0,38.29
2022-09-25,BRSSZ,Dry Bulk,48.0,25.0,48.0,36.29
2022-10-02,BRSSZ,Dry Bulk,26.0,26.0,43.0,32.0
2022-10-09,BRSSZ,Dry Bulk,41.0,23.0,45.0,34.57
2022-10-16,BRSSZ,Dry Bulk,41.0,27.0,41.0,32.86
2022-10-23,BRSSZ,Dry Bulk,39.0,23.0,43.0,36.43
2022-10-30,BRSSZ,Dry Bulk,36.0,34.0,45.0,38.71
2022-11-06,BRSSZ,Dry Bulk,24.0,23.0,42.0,32.43
2022-11-13,BRSSZ,Dry Bulk,37.0,20.0,43.0,32.29
2022-11-20,BRSSZ,Dry Bulk,42.0,29.0,50.0,37.29
2022-11-27,BRSSZ,Dry Bulk,29.0,22.0,37.0,32.43
2022-12-04,BRSSZ,Dry Bulk,36.0,24.0,50.0,35.43
2022-12-11,BRSSZ,Dry Bulk,28.0,24.0,37.0,29.86
2022-12-18,BRSSZ,Dry Bulk,24.0,21.0,38.0,28.29
2022-12-25,BRSSZ,Dry Bulk,27.0,24.0,43.0,30.57
2023-01-01,BRSSZ,Dry Bulk,30.0,18.0,42.0,27.43
2023-01-08,BRSSZ,Dry Bulk,19.0,14.0,31.0,23.25
2023-01-15,BRSSZ,Dry Bulk,27.0,16.0,28.0,22.0
2023-01-22,BRSSZ,Dry Bulk,24.0,17.0,31.0,26.0
2023-01-29,BRSSZ,Dry Bulk,30.0,15.0,31.0,23.75
2023-02-05,BRSSZ,Dry Bulk,25.0,18.0,36.0,28.0
2023-02-12,BRSSZ,Dry Bulk,40.0,25.0,40.0,30.38
2023-02-19,BRSSZ,Dry Bulk,31.0,29.0,42.0,34.5
2023-02-26,BRSSZ,Dry Bulk,38.0,24.0,45.0,35.25
2023-03-05,BRSSZ,Dry Bulk,31.0,23.0,45.0,34.25
2023-03-12,BRSSZ,Dry Bulk,40.0,27.0,46.0,36.25
2023-03-19,BRSSZ,Dry Bulk,39.0,21.0,40.0,33.62
2023-03-26,BRSSZ,Dry Bulk,40.0,27.0,47.0,38.5
2023-04-02,BRSSZ,Dry Bulk,38.0,24.0,46.0,35.38
2023-04-09,BRSSZ,Dry Bulk,34.0,28.0,45.0,33.88
2023-04-16,BRSSZ,Dry Bulk,42.0,26.0,45.0,35.0
2023-04-23,BRSSZ,Dry Bulk,38.0,26.0,43.0,33.5
2023-04-30,BRSSZ,Dry Bulk,39.0,27.0,41.0,36.62
2023-05-07,BRSSZ,Dry Bulk,45.0,24.0,45.0,35.0
2023-05-14,BRSSZ,Dry Bulk,43.0,29.0,46.0,39.75
2023-05-21,BRSSZ,Dry Bulk,48.0,19.0,48.0,37.38
2023-05-28,BRSSZ,Dry Bulk,47.0,29.0,47.0,38.12
2023-06-04,BRSSZ,Dry Bulk,37.0,22.0,45.0,36.62
2023-06-11,BRSSZ,Dry Bulk,50.0,26.0,50.0,39.5
2023-06-18,BRSSZ,Dry Bulk,31.0,29.0,52.0,39.0
2023-06-25,BRSSZ,Dry Bulk,56.0,28.0,56.0,41.0
2023-07-02,BRSSZ,Dry Bulk,36.0,31.0,43.0,37.12
2023-07-09,BRSSZ,Dry Bulk,35.0,27.0,42.0,34.25
2023-07-16,BRSSZ,Dry Bulk,45.0,31.0,54.0,40.25
2023-07-23,BRSSZ,Dry Bulk,39.0,32.0,47.0,39.25
2023-07-30,BRSSZ,Dry Bulk,42.0,32.0,45.0,39.5
2023-08-06,BRSSZ,Dry Bulk,48.0,30.0,48.0,38.25
2023-08-13,BRSSZ,Dry Bulk,31.0,30.0,48.0,36.12
2023-08-20,BRSSZ,Dry Bulk,45.0,27.0,47.0,36.25
2023-08-27,BRSSZ,Dry Bulk,37.0,22.0,46.0,36.75
2023-09-03,BRSSZ,Dry Bulk,40.0,24.0,42.0,35.12
2023-09-10,BRSSZ,Dry Bulk,45.0,23.0,45.0,32.86
2023-09-17,BRSSZ,Dry Bulk,46.0,25.0,49.0,38.29
2023-09-24,BRSSZ,Dry Bulk,44.0,25.0,48.0,36.29
2023-10-01,BRSSZ,Dry Bulk,36.0,26.0,43.0,32.0
2023-10-08,BRSSZ,Dry Bulk,30.0,23.0,45.0,34.57
2023-10-15,BRSSZ,Dry Bulk,28.0,27.0,41.0,32.86
2023-10-22,BRSSZ,Dry Bulk,31.0,23.0,43.0,36.43
2023-10-29,BRSSZ,Dry Bulk,43.0,34.0,45.0,38.71
2023-11-05,BRSSZ,Dry Bulk,42.0,23.0,42.0,32.43
2023-11-12,BRSSZ,Dry Bulk,43.0,20.0,43.0,32.29
2023-11-19,BRSSZ,Dry Bulk,44.0,29.0,50.0,37.29
2023-11-26,BRSSZ,Dry Bulk,35.0,22.0,37.0,32.43
2023-12-03,BRSSZ,Dry Bulk,50.0,24.0,50.0,35.43
2023-12-10,BRSSZ,Dry Bulk,37.0,24.0,37.0,29.86
2023-12-17,BRSSZ,Dry Bulk,38.0,21.0,38.0,28.29
2023-12-24,BRSSZ,Dry Bulk,43.0,24.0,43.0,30.57
2023-12-31,BRSSZ,Dry Bulk,42.0,18.0,42.0,27.43
2024-01-07,BRSSZ,Dry Bulk,31.0,14.0,31.0,23.25
2024-01-14,BRSSZ,Dry Bulk,23.0,16.0,28.0,22.0
2024-01-21,BRSSZ,Dry Bulk,31.0,17.0,31.0,26.0
2024-01-28,BRSSZ,Dry Bulk,19.0,15.0,31.0,23.75
2024-02-04,BRSSZ,Dry Bulk,36.0,18.0,36.0,28.0
2024-02-11,BRSSZ,Dry Bulk,35.0,25.0,40.0,30.38
2024-02-18,BRSSZ,Dry Bulk,39.0,29.0,42.0,34.5
2024-02-25,BRSSZ,Dry Bulk,38.0,24.0,45.0,35.25
2024-03-03,BRSSZ,Dry Bulk,41.0,23.0,45.0,34.25
2024-03-10,BRSSZ,Dry Bulk,34.0,27.0,46.0,36.25
2024-03-17,BRSSZ,Dry Bulk,40.0,21.0,40.0,33.62
2024-03-24,BRSSZ,Dry Bulk,31.0,27.0,47.0,38.5
2024-03-31,BRSSZ,Dry Bulk,42.0,24.0,46.0,35.38
2024-04-07,BRSSZ,Dry Bulk,35.0,28.0,45.0,33.88
2024-04-14,BRSSZ,Dry Bulk,28.0,26.0,45.0,35.0
2024-04-21,BRSSZ,Dry Bulk,29.0,26.0,43.0,33.5
2024-04-28,BRSSZ,Dry Bulk,36.0,27.0,41.0,36.62
2024-05-05,BRSSZ,Dry Bulk,36.0,24.0,45.0,35.0
2024-05-12,BRSSZ,Dry Bulk,42.0,29.0,46.0,39.75
2024-05-19,BRSSZ,Dry Bulk,36.0,19.0,48.0,37.38
2024-05-26,BRSSZ,Dry Bulk,42.0,29.0,47.0,38.12
2024-06-02,BRSSZ,Dry Bulk,45.0,22.0,45.0,36.62
2024-06-09,BRSSZ,Dry Bulk,45.0,26.0,50.0,39.5
2024-06-16,BRSSZ,Dry Bulk,52.0,29.0,52.0,39.0
2024-06-23,BRSSZ,Dry Bulk,36.0,28.0,56.0,41.0
2024-06-30,BRSSZ,Dry Bulk,42.0,31.0,43.0,37.12
2024-07-07,BRSSZ,Dry Bulk,40.0,27.0,42.0,34.25
2024-07-14,BRSSZ,Dry Bulk,33.0,31.0,54.0,40.25
2024-07-21,BRSSZ,Dry Bulk,44.0,32.0,47.0,39.25
2024-07-28,BRSSZ,Dry Bulk,41.0,32.0,45.0,39.5
2024-08-04,BRSSZ,Dry Bulk,36.0,30.0,48.0,38.25
2024-08-11,BRSSZ,Dry Bulk,41.0,30.0,48.0,36.12
2024-08-18,BRSSZ,Dry Bulk,41.0,27.0,47.0,36.25
2024-08-25,BRSSZ,Dry Bulk,36.0,22.0,46.0,36.75
2024-09-01,BRSSZ,Dry Bulk,42.0,24.0,42.0,35.12
2024-09-08,BRSSZ,Dry Bulk,41.0,23.0,45.0,32.86
2024-09-15,BRSSZ,Dry Bulk,39.0,25.0,49.0,38.29
2024-09-22,BRSSZ,Dry Bulk,34.0,25.0,48.0,36.29
2024-09-29,BRSSZ,Dry Bulk,43.0,26.0,43.0,32.0
2024-10-06,BRSSZ,Dry Bulk,37.0,23.0,45.0,34.57
2024-10-13,BRSSZ,Dry Bulk,38.0,27.0,41.0,32.86
2024-10-20,BRSSZ,Dry Bulk,39.0,23.0,43.0,36.43
2024-10-27,BRSSZ,Dry Bulk,38.0,34.0,45.0,38.71
2024-11-03,BRSSZ,Dry Bulk,38.0,23.0,42.0,32.43
2024-11-10,BRSSZ,Dry Bulk,24.0,20.0,43.0,32.29
2024-11-17,BRSSZ,Dry Bulk,36.0,29.0,50.0,37.29
2024-11-24,BRSSZ,Dry Bulk,35.0,22.0,37.0,32.43
2024-12-01,BRSSZ,Dry Bulk,35.0,24.0,50.0,35.43
2024-12-08,BRSSZ,Dry Bulk,26.0,24.0,37.0,29.86
2024-12-15,BRSSZ,Dry Bulk,26.0,21.0,38.0,28.29
2024-12-22,BRSSZ,Dry Bulk,25.0,24.0,43.0,30.57
2024-12-29,BRSSZ,Dry Bulk,20.0,18.0,42.0,27.43
2025-01-05,BRSSZ,Dry Bulk,22.0,14.0,31.0,23.25
2025-01-12,BRSSZ,Dry Bulk,22.0,16.0,28.0,22.0
2025-01-19,BRSSZ,Dry Bulk,24.0,17.0,31.0,26.0
2025-01-26,BRSSZ,Dry Bulk,21.0,15.0,31.0,23.75
2025-02-02,BRSSZ,Dry Bulk,18.0,18.0,36.0,28.0
2025-02-09,BRSSZ,Dry Bulk,25.0,25.0,40.0,30.38
2025-02-16,BRSSZ,Dry Bulk,32.0,29.0,42.0,34.5
2025-02-23,BRSSZ,Dry Bulk,35.0,24.0,45.0,35.25
2025-03-02,BRSSZ,Dry Bulk,44.0,23.0,45.0,34.25
2025-03-09,BRSSZ,Dry Bulk,33.0,27.0,46.0,36.25
2025-03-16,BRSSZ,Dry Bulk,35.0,21.0,40.0,33.62
2025-03-23,BRSSZ,Dry Bulk,42.0,27.0,47.0,38.5
2025-03-30,BRSSZ,Dry Bulk,36.0,24.0,46.0,35.38
2025-04-06,BRSSZ,Dry Bulk,28.0,28.0,45.0,33.88
2025-04-13,BRSSZ,Dry Bulk,45.0,26.0,45.0,35.0
2025-04-20,BRSSZ,Dry Bulk,26.0,26.0,43.0,33.5
2025-04-27,BRSSZ,Dry Bulk,36.0,27.0,41.0,36.62
2025-05-04,BRSSZ,Dry Bulk,42.0,24.0,45.0,35.0
2025-05-11,BRSSZ,Dry Bulk,40.0,29.0,46.0,39.75
2025-05-18,BRSSZ,Dry Bulk,40.0,19.0,48.0,37.38
2025-05-25,BRSSZ,Dry Bulk,36.0,29.0,47.0,38.12
2025-06-01,BRSSZ,Dry Bulk,43.0,22.0,45.0,36.62
2025-06-08,BRSSZ,Dry Bulk,41.0,26.0,50.0,39.5
2025-06-15,BRSSZ,Dry Bulk,39.0,29.0,52.0,39.0
2025-06-22,BRSSZ,Dry Bulk,51.0,28.0,56.0,41.0
2025-06-29,BRSSZ,Dry Bulk,38.0,31.0,43.0,37.12
2025-07-06,BRSSZ,Dry Bulk,27.0,27.0,42.0,34.25
2025-07-13,BRSSZ,Dry Bulk,54.0,31.0,54.0,40.25
2025-07-20,BRSSZ,Dry Bulk,47.0,32.0,47.0,39.25
2025-07-27,BRSSZ,Dry Bulk,45.0,32.0,45.0,39.5
2025-08-03,BRSSZ,Dry Bulk,41.0,30.0,48.0,38.25
2025-08-10,BRSSZ,Dry Bulk,39.0,30.0,48.0,36.12
2025-08-17,BRSSZ,Dry Bulk,47.0,27.0,47.0,36.25
2025-08-24,BRSSZ,Dry Bulk,43.0,22.0,46.0,36.75
2025-08-31,BRSSZ,Dry Bulk,31.0,24.0,42.0,35.12
2025-09-07,BRSSZ,Dry Bulk,37.0,23.0,45.0,32.86
2025-09-14,BRSSZ,Dry Bulk,49.0,25.0,49.0,38.29
2025-09-21,BRSSZ,Dry Bulk,41.0,25.0,48.0,36.29
2025-09-28,BRSSZ,Dry Bulk,32.0,26.0,43.0,32.0
2025-10-05,BRSSZ,Dry Bulk,45.0,23.0,45.0,34.57
2025-10-12,BRSSZ,Dry Bulk,34.0,27.0,41.0,32.86
2025-10-19,BRSSZ,Dry Bulk,43.0,23.0,43.0,36.43
2025-10-26,BRSSZ,Dry Bulk,45.0,34.0,45.0,38.71
2025-11-02,BRSSZ,Dry Bulk,36.0,23.0,42.0,32.43
2025-11-09,BRSSZ,Dry Bulk,39.0,20.0,43.0,32.29
2025-11-16,BRSSZ,Dry Bulk,50.0,29.0,50.0,37.29
2025-11-23,BRSSZ,Dry Bulk,35.0,22.0,37.0,32.43
2025-11-30,BRSSZ,Dry Bulk,43.0,24.0,50.0,35.43
2025-12-07,BRSSZ,Dry Bulk,34.0,24.0,37.0,29.86
2025-12-14,BRSSZ,Dry Bulk,31.0,21.0,38.0,28.29
2025-12-21,BRSSZ,Dry Bulk,37.0,24.0,43.0,30.57
2025-12-28,BRSSZ,Dry Bulk,33.0,18.0,42.0,27.43
2026-01-04,BRSSZ,Dry Bulk,30.0,14.0,31.0,23.25
2026-01-11,BRSSZ,Dry Bulk,19.0,16.0,28.0,22.0
2026-01-18,BRSSZ,Dry Bulk,26.0,17.0,31.0,26.0
2026-01-25,BRSSZ,Dry Bulk,22.0,15.0,31.0,23.75
2026-02-01,BRSSZ,Dry Bulk,33.0,18.0,36.0,28.0
2026-02-08,BRSSZ,Dry Bulk,26.0,25.0,40.0,30.38
2026-02-15,BRSSZ,Dry Bulk,34.0,29.0,42.0,34.5
2026-02-22,BRSSZ,Dry Bulk,39.0,24.0,45.0,35.25
2026-03-01,BRSSZ,Dry Bulk,31.0,23.0,45.0,34.25
2026-03-08,BRSSZ,Dry Bulk,38.0,27.0,46.0,36.25
2026-03-15,BRSSZ,Dry Bulk,26.0,21.0,40.0,33.62
2026-03-22,BRSSZ,Dry Bulk,47.0,27.0,47.0,38.5
2026-03-29,BRSSZ,Dry Bulk,46.0,24.0,46.0,35.38
2026-04-05,BRSSZ,Dry Bulk,36.0,28.0,45.0,33.88
2026-04-12,BRSSZ,Dry Bulk,39.0,26.0,45.0,35.0
2026-04-19,BRSSZ,Dry Bulk,37.0,26.0,43.0,33.5
2026-04-26,BRSSZ,Dry Bulk,39.0,27.0,41.0,36.62
2026-05-03,BRSSZ,Dry Bulk,26.0,24.0,45.0,35.0
2026-05-10,BRSSZ,Dry Bulk,46.0,29.0,46.0,39.75
2026-05-17,BRSSZ,Dry Bulk,39.0,19.0,48.0,37.38
2026-05-24,BRSSZ,Dry Bulk,31.0,29.0,47.0,38.12
2026-05-31,BRSSZ,Dry Bulk,43.0,22.0,45.0,36.62
2026-06-07,BRSSZ,Dry Bulk,43.0,26.0,50.0,39.5
2026-06-14,BRSSZ,Dry Bulk,44.0,29.0,52.0,39.0
2026-06-21,BRSSZ,Dry Bulk,39.0,28.0,56.0,41.0
2026-06-28,BRSSZ,Dry Bulk,35.0,31.0,43.0,37.12
2026-07-05,BRSSZ,Dry Bulk,37.0,27.0,42.0,34.25
2026-07-12,BRSSZ,Dry Bulk,50.0,31.0,54.0,40.25
2026-07-19,BRSSZ,Dry Bulk,42.0,32.0,47.0,39.25
2026-07-26,BRSSZ,Dry Bulk,32.0,32.0,45.0,39.5
2026-08-02,BRSSZ,Dry Bulk,43.0,30.0,48.0,38.25
2026-08-09,BRSSZ,Dry Bulk,30.0,30.0,48.0,36.12
2026-08-16,BRSSZ,Dry Bulk,28.0,27.0,47.0,36.25
2026-08-23,BRSSZ,Dry Bulk,45.0,22.0,46.0,36.75
2026-08-30,BRSSZ,Dry Bulk,24.0,24.0,42.0,35.12
2019-01-06,BRTUB,Dry Bulk,18.0,10.0,18.0,15.25
2019-01-13,BRTUB,Dry Bulk,26.0,11.0,26.0,15.0
2019-01-20,BRTUB,Dry Bulk,27.0,8.0,27.0,14.0
2019-01-27,BRTUB,Dry Bulk,22.0,11.0,22.0,15.25
2019-02-03,BRTUB,Dry Bulk,18.0,13.0,18.0,14.62
2019-02-10,BRTUB,Dry Bulk,15.0,9.0,15.0,12.38
2019-02-17,BRTUB,Dry Bulk,20.0,6.0,20.0,12.5
2019-02-24,BRTUB,Dry Bulk,22.0,13.0,22.0,16.75
2019-03-03,BRTUB,Dry Bulk,21.0,13.0,24.0,18.12
2019-03-10,BRTUB,Dry Bulk,26.0,10.0,26.0,13.88
2019-03-17,BRTUB,Dry Bulk,20.0,8.0,20.0,15.12
2019-03-24,BRTUB,Dry Bulk,16.0,11.0,21.0,15.75
2019-03-31,BRTUB,Dry Bulk,12.0,12.0,20.0,15.25
2019-04-07,BRTUB,Dry Bulk,16.0,10.0,17.0,13.5
2019-04-14,BRTUB,Dry Bulk,15.0,9.0,20.0,13.0
2019-04-21,BRTUB,Dry Bulk,17.0,13.0,20.0,16.0
2019-04-28,BRTUB,Dry Bulk,16.0,15.0,21.0,16.88
2019-05-05,BRTUB,Dry Bulk,20.0,11.0,20.0,16.62
2019-05-12,BRTUB,Dry Bulk,14.0,8.0,21.0,14.62
2019-05-19,BRTUB,Dry Bulk,12.0,12.0,19.0,15.38
2019-05-26,BRTUB,Dry Bulk,16.0,15.0,21.0,17.88
2019-06-02,BRTUB,Dry Bulk,16.0,11.0,18.0,14.88
2019-06-09,BRTUB,Dry Bulk,12.0,12.0,19.0,15.5
2019-06-16,BRTUB,Dry Bulk,13.0,12.0,19.0,15.62
2019-06-23,BRTUB,Dry Bulk,15.0,6.0,20.0,17.0
2019-06-30,BRTUB,Dry Bulk,17.0,11.0,18.0,15.88
2019-07-07,BRTUB,Dry Bulk,15.0,11.0,18.0,14.38
2019-07-14,BRTUB,Dry Bulk,20.0,8.0,20.0,14.38
2019-07-21,BRTUB,Dry Bulk,5.0,5.0,20.0,16.0
2019-07-28,BRTUB,Dry Bulk,22.0,12.0,22.0,16.12
2019-08-04,BRTUB,Dry Bulk,17.0,10.0,20.0,15.62
2019-08-11,BRTUB,Dry Bulk,17.0,12.0,20.0,15.62
2019-08-18,BRTUB,Dry Bulk,17.0,10.0,23.0,16.0
2019-08-25,BRTUB,Dry Bulk,19.0,11.0,24.0,17.25
2019-09-01,BRTUB,Dry Bulk,23.0,12.0,23.0,17.62
2019-09-08,BRTUB,Dry Bulk,19.0,14.0,21.0,17.71
2019-09-15,BRTUB,Dry Bulk,15.0,13.0,21.0,16.57
2019-09-22,BRTUB,Dry Bulk,15.0,15.0,24.0,17.57
2019-09-29,BRTUB,Dry Bulk,17.0,13.0,22.0,17.43
2019-10-06,BRTUB,Dry Bulk,24.0,12.0,24.0,16.57
2019-10-13,BRTUB,Dry Bulk,20.0,10.0,20.0,15.29
2019-10-20,BRTUB,Dry Bulk,22.0,15.0,24.0,18.43
2019-10-27,BRTUB,Dry Bulk,20.0,14.0,20.0,16.29
2019-11-03,BRTUB,Dry Bulk,17.0,12.0,20.0,16.29
2019-11-10,BRTUB,Dry Bulk,17.0,13.0,18.0,15.57
2019-11-17,BRTUB,Dry Bulk,16.0,12.0,21.0,17.57
2019-11-24,BRTUB,Dry Bulk,17.0,12.0,19.0,15.71
2019-12-01,BRTUB,Dry Bulk,19.0,8.0,19.0,13.57
2019-12-08,BRTUB,Dry Bulk,10.0,9.0,15.0,12.57
2019-12-15,BRTUB,Dry Bulk,17.0,15.0,18.0,16.43
2019-12-22,BRTUB,Dry Bulk,17.0,13.0,21.0,16.71
2019-12-29,BRTUB,Dry Bulk,17.0,15.0,22.0,18.57
2020-01-05,BRTUB,Dry Bulk,10.0,10.0,18.0,15.25
2020-01-12,BRTUB,Dry Bulk,12.0,11.0,26.0,15.0
2020-01-19,BRTUB,Dry Bulk,8.0,8.0,27.0,14.0
2020-01-26,BRTUB,Dry Bulk,12.0,11.0,22.0,15.25
2020-02-02,BRTUB,Dry Bulk,14.0,13.0,18.0,14.62
2020-02-09,BRTUB,Dry Bulk,12.0,9.0,15.0,12.38
2020-02-16,BRTUB,Dry Bulk,11.0,6.0,20.0,12.5
2020-02-23,BRTUB,Dry Bulk,13.0,13.0,22.0,16.75
2020-03-01,BRTUB,Dry Bulk,24.0,13.0,24.0,18.12
2020-03-08,BRTUB,Dry Bulk,11.0,10.0,26.0,13.88
2020-03-15,BRTUB,Dry Bulk,12.0,8.0,20.0,15.12
2020-03-22,BRTUB,Dry Bulk,13.0,11.0,21.0,15.75
2020-03-29,BRTUB,Dry Bulk,20.0,12.0,20.0,15.25
2020-04-05,BRTUB,Dry Bulk,11.0,10.0,17.0,13.5
2020-04-12,BRTUB,Dry Bulk,14.0,9.0,20.0,13.0
2020-04-19,BRTUB,Dry Bulk,15.0,13.0,20.0,16.0
2020-04-26,BRTUB,Dry Bulk,17.0,15.0,21.0,16.88
2020-05-03,BRTUB,Dry Bulk,11.0,11.0,20.0,16.62
2020-05-10,BRTUB,Dry Bulk,8.0,8.0,21.0,14.62
2020-05-17,BRTUB,Dry Bulk,12.0,12.0,19.0,15.38
2020-05-24,BRTUB,Dry Bulk,17.0,15.0,21.0,17.88
2020-05-31,BRTUB,Dry Bulk,11.0,11.0,18.0,14.88
2020-06-07,BRTUB,Dry Bulk,14.0,12.0,19.0,15.5
2020-06-14,BRTUB,Dry Bulk,14.0,12.0,19.0,15.62
2020-06-21,BRTUB,Dry Bulk,6.0,6.0,20.0,17.0
2020-06-28,BRTUB,Dry Bulk,15.0,11.0,18.0,15.88
2020-07-05,BRTUB,Dry Bulk,11.0,11.0,18.0,14.38
2020-07-12,BRTUB,Dry Bulk,8.0,8.0,20.0,14.38
2020-07-19,BRTUB,Dry Bulk,13.0,5.0,20.0,16.0
2020-07-26,BRTUB,Dry Bulk,12.0,12.0,22.0,16.12
2020-08-02,BRTUB,Dry Bulk,18.0,10.0,20.0,15.62
2020-08-09,BRTUB,Dry Bulk,13.0,12.0,20.0,15.62
2020-08-16,BRTUB,Dry Bulk,19.0,10.0,23.0,16.0
2020-08-23,BRTUB,Dry Bulk,11.0,11.0,24.0,17.25
2020-08-30,BRTUB,Dry Bulk,15.0,12.0,23.0,17.62
2020-09-06,BRTUB,Dry Bulk,20.0,14.0,21.0,17.71
2020-09-13,BRTUB,Dry Bulk,13.0,13.0,21.0,16.57
2020-09-20,BRTUB,Dry Bulk,19.0,15.0,24.0,17.57
2020-09-27,BRTUB,Dry Bulk,13.0,13.0,22.0,17.43
2020-10-04,BRTUB,Dry Bulk,18.0,12.0,24.0,16.57
2020-10-11,BRTUB,Dry Bulk,15.0,10.0,20.0,15.29
2020-10-18,BRTUB,Dry Bulk,17.0,15.0,24.0,18.43
2020-10-25,BRTUB,Dry Bulk,14.0,14.0,20.0,16.29
2020-11-01,BRTUB,Dry Bulk,15.0,12.0,20.0,16.29
2020-11-08,BRTUB,Dry Bulk,16.0,13.0,18.0,15.57
2020-11-15,BRTUB,Dry Bulk,12.0,12.0,21.0,17.57
2020-11-22,BRTUB,Dry Bulk,16.0,12.0,19.0,15.71
2020-11-29,BRTUB,Dry Bulk,11.0,8.0,19.0,13.57
2020-12-06,BRTUB,Dry Bulk,13.0,9.0,15.0,12.57
2020-12-13,BRTUB,Dry Bulk,15.0,15.0,18.0,16.43
2020-12-20,BRTUB,Dry Bulk,15.0,13.0,21.0,16.71
2020-12-27,BRTUB,Dry Bulk,21.0,15.0,22.0,18.57
2021-01-03,BRTUB,Dry Bulk,15.0,12.0,18.0,15.0
2021-01-10,BRTUB,Dry Bulk,14.0,10.0,18.0,15.25
2021-01-17,BRTUB,Dry Bulk,13.0,11.0,26.0,15.0
2021-01-24,BRTUB,Dry Bulk,12.0,8.0,27.0,14.0
2021-01-31,BRTUB,Dry Bulk,19.0,11.0,22.0,15.25
2021-02-07,BRTUB,Dry Bulk,15.0,13.0,18.0,14.62
2021-02-14,BRTUB,Dry Bulk,11.0,9.0,15.0,12.38
2021-02-21,BRTUB,Dry Bulk,13.0,6.0,20.0,12.5
2021-02-28,BRTUB,Dry Bulk,20.0,13.0,22.0,16.75
2021-03-07,BRTUB,Dry Bulk,18.0,13.0,24.0,18.12
2021-03-14,BRTUB,Dry Bulk,10.0,10.0,26.0,13.88
2021-03-21,BRTUB,Dry Bulk,17.0,8.0,20.0,15.12
2021-03-28,BRTUB,Dry Bulk,13.0,11.0,21.0,15.75
2021-04-04,BRTUB,Dry Bulk,15.0,12.0,20.0,15.25
2021-04-11,BRTUB,Dry Bulk,13.0,10.0,17.0,13.5
2021-04-18,BRTUB,Dry Bulk,20.0,9.0,20.0,13.0
2021-04-25,BRTUB,Dry Bulk,15.0,13.0,20.0,16.0
2021-05-02,BRTUB,Dry Bulk,17.0,15.0,21.0,16.88
2021-05-09,BRTUB,Dry Bulk,19.0,11.0,20.0,16.62
2021-05-16,BRTUB,Dry Bulk,15.0,8.0,21.0,14.62
2021-05-23,BRTUB,Dry Bulk,17.0,12.0,19.0,15.38
2021-05-30,BRTUB,Dry Bulk,18.0,15.0,21.0,17.88
2021-06-06,BRTUB,Dry Bulk,17.0,11.0,18.0,14.88
2021-06-13,BRTUB,Dry Bulk,15.0,12.0,19.0,15.5
2021-06-20,BRTUB,Dry Bulk,15.0,12.0,19.0,15.62
2021-06-27,BRTUB,Dry Bulk,20.0,6.0,20.0,17.0
2021-07-04,BRTUB,Dry Bulk,17.0,11.0,18.0,15.88
2021-07-11,BRTUB,Dry Bulk,12.0,11.0,18.0,14.38
2021-07-18,BRTUB,Dry Bulk,18.0,8.0,20.0,14.38
2021-07-25,BRTUB,Dry Bulk,20.0,5.0,20.0,16.0
2021-08-01,BRTUB,Dry Bulk,12.0,12.0,22.0,16.12
2021-08-08,BRTUB,Dry Bulk,20.0,10.0,20.0,15.62
2021-08-15,BRTUB,Dry Bulk,19.0,12.0,20.0,15.62
2021-08-22,BRTUB,Dry Bulk,23.0,10.0,23.0,16.0
2021-08-29,BRTUB,Dry Bulk,13.0,11.0,24.0,17.25
2021-09-05,BRTUB,Dry Bulk,15.0,12.0,23.0,17.62
2021-09-12,BRTUB,Dry Bulk,15.0,14.0,21.0,17.71
2021-09-19,BRTUB,Dry Bulk,21.0,13.0,21.0,16.57
2021-09-26,BRTUB,Dry Bulk,15.0,15.0,24.0,17.57
2021-10-03,BRTUB,Dry Bulk,22.0,13.0,22.0,17.43
2021-10-10,BRTUB,Dry Bulk,19.0,12.0,24.0,16.57
2021-10-17,BRTUB,Dry Bulk,10.0,10.0,20.0,15.29
2021-10-24,BRTUB,Dry Bulk,15.0,15.0,24.0,18.43
2021-10-31,BRTUB,Dry Bulk,17.0,14.0,20.0,16.29
2021-11-07,BRTUB,Dry Bulk,20.0,12.0,20.0,16.29
2021-11-14,BRTUB,Dry Bulk,15.0,13.0,18.0,15.57
2021-11-21,BRTUB,Dry Bulk,21.0,12.0,21.0,17.57
2021-11-28,BRTUB,Dry Bulk,19.0,12.0,19.0,15.71
2021-12-05,BRTUB,Dry Bulk,13.0,8.0,19.0,13.57
2021-12-12,BRTUB,Dry Bulk,14.0,9.0,15.0,12.57
2021-12-19,BRTUB,Dry Bulk,17.0,15.0,18.0,16.43
2021-12-26,BRTUB,Dry Bulk,21.0,13.0,21.0,16.71
2022-01-02,BRTUB,Dry Bulk,15.0,15.0,22.0,18.57
2022-01-09,BRTUB,Dry Bulk,18.0,10.0,18.0,15.25
2022-01-16,BRTUB,Dry Bulk,11.0,11.0,26.0,15.0
2022-01-23,BRTUB,Dry Bulk,11.0,8.0,27.0,14.0
2022-01-30,BRTUB,Dry Bulk,15.0,11.0,22.0,15.25
2022-02-06,BRTUB,Dry Bulk,14.0,13.0,18.0,14.62
2022-02-13,BRTUB,Dry Bulk,15.0,9.0,15.0,12.38
2022-02-20,BRTUB,Dry Bulk,12.0,6.0,20.0,12.5
2022-02-27,BRTUB,Dry Bulk,18.0,13.0,22.0,16.75
2022-03-06,BRTUB,Dry Bulk,13.0,13.0,24.0,18.12
2022-03-13,BRTUB,Dry Bulk,11.0,10.0,26.0,13.88
2022-03-20,BRTUB,Dry Bulk,16.0,8.0,20.0,15.12
2022-03-27,BRTUB,Dry Bulk,11.0,11.0,21.0,15.75
2022-04-03,BRTUB,Dry Bulk,16.0,12.0,20.0,15.25
2022-04-10,BRTUB,Dry Bulk,10.0,10.0,17.0,13.5
2022-04-17,BRTUB,Dry Bulk,12.0,9.0,20.0,13.0
2022-04-24,BRTUB,Dry Bulk,20.0,13.0,20.0,16.0
2022-05-01,BRTUB,Dry Bulk,21.0,15.0,21.0,16.88
2022-05-08,BRTUB,Dry Bulk,18.0,11.0,20.0,16.62
2022-05-15,BRTUB,Dry Bulk,18.0,8.0,21.0,14.62
2022-05-22,BRTUB,Dry Bulk,19.0,12.0,19.0,15.38
2022-05-29,BRTUB,Dry Bulk,19.0,15.0,21.0,17.88
2022-06-05,BRTUB,Dry Bulk,16.0,11.0,18.0,14.88
2022-06-12,BRTUB,Dry Bulk,15.0,12.0,19.0,15.5
2022-06-19,BRTUB,Dry Bulk,17.0,12.0,19.0,15.62
2022-06-26,BRTUB,Dry Bulk,19.0,6.0,20.0,17.0
2022-07-03,BRTUB,Dry Bulk,15.0,11.0,18.0,15.88
2022-07-10,BRTUB,Dry Bulk,17.0,11.0,18.0,14.38
2022-07-17,BRTUB,Dry Bulk,12.0,8.0,20.0,14.38
2022-07-24,BRTUB,Dry Bulk,18.0,5.0,20.0,16.0
2022-07-31,BRTUB,Dry Bulk,15.0,12.0,22.0,16.12
2022-08-07,BRTUB,Dry Bulk,10.0,10.0,20.0,15.62
2022-08-14,BRTUB,Dry Bulk,12.0,12.0,20.0,15.62
2022-08-21,BRTUB,Dry Bulk,14.0,10.0,23.0,16.0
2022-08-28,BRTUB,Dry Bulk,24.0,11.0,24.0,17.25
2022-09-04,BRTUB,Dry Bulk,15.0,12.0,23.0,17.62
2022-09-11,BRTUB,Dry Bulk,18.0,14.0,21.0,17.71
2022-09-18,BRTUB,Dry Bulk,13.0,13.0,21.0,16.57
2022-09-25,BRTUB,Dry Bulk,24.0,15.0,24.0,17.57
2022-10-02,BRTUB,Dry Bulk,18.0,13.0,22.0,17.43
2022-10-09,BRTUB,Dry Bulk,12.0,12.0,24.0,16.57
2022-10-16,BRTUB,Dry Bulk,17.0,10.0,20.0,15.29
2022-10-23,BRTUB,Dry Bulk,16.0,15.0,24.0,18.43
2022-10-30,BRTUB,Dry Bulk,14.0,14.0,20.0,16.29
2022-11-06,BRTUB,Dry Bulk,12.0,12.0,20.0,16.29
2022-11-13,BRTUB,Dry Bulk,17.0,13.0,18.0,15.57
2022-11-20,BRTUB,Dry Bulk,16.0,12.0,21.0,17.57
2022-11-27,BRTUB,Dry Bulk,14.0,12.0,19.0,15.71
2022-12-04,BRTUB,Dry Bulk,8.0,8.0,19.0,13.57
2022-12-11,BRTUB,Dry Bulk,13.0,9.0,15.0,12.57
2022-12-18,BRTUB,Dry Bulk,16.0,15.0,18.0,16.43
2022-12-25,BRTUB,Dry Bulk,13.0,13.0,21.0,16.71
2023-01-01,BRTUB,Dry Bulk,21.0,15.0,22.0,18.57
2023-01-08,BRTUB,Dry Bulk,12.0,10.0,18.0,15.25
2023-01-15,BRTUB,Dry Bulk,15.0,11.0,26.0,15.0
2023-01-22,BRTUB,Dry Bulk,13.0,8.0,27.0,14.0
2023-01-29,BRTUB,Dry Bulk,14.0,11.0,22.0,15.25
2023-02-05,BRTUB,Dry Bulk,13.0,13.0,18.0,14.62
2023-02-12,BRTUB,Dry Bulk,14.0,9.0,15.0,12.38
2023-02-19,BRTUB,Dry Bulk,14.0,6.0,20.0,12.5
2023-02-26,BRTUB,Dry Bulk,16.0,13.0,22.0,16.75
2023-03-05,BRTUB,Dry Bulk,21.0,13.0,24.0,18.12
2023-03-12,BRTUB,Dry Bulk,14.0,10.0,26.0,13.88
2023-03-19,BRTUB,Dry Bulk,15.0,8.0,20.0,15.12
2023-03-26,BRTUB,Dry Bulk,15.0,11.0,21.0,15.75
2023-04-02,BRTUB,Dry Bulk,19.0,12.0,20.0,15.25
2023-04-09,BRTUB,Dry Bulk,16.0,10.0,17.0,13.5
2023-04-16,BRTUB,Dry Bulk,12.0,9.0,20.0,13.0
2023-04-23,BRTUB,Dry Bulk,17.0,13.0,20.0,16.0
2023-04-30,BRTUB,Dry Bulk,16.0,15.0,21.0,16.88
2023-05-07,BRTUB,Dry Bulk,17.0,11.0,20.0,16.62
2023-05-14,BRTUB,Dry Bulk,12.0,8.0,21.0,14.62
2023-05-21,BRTUB,Dry Bulk,18.0,12.0,19.0,15.38
2023-05-28,BRTUB,Dry Bulk,21.0,15.0,21.0,17.88
2023-06-04,BRTUB,Dry Bulk,11.0,11.0,18.0,14.88
2023-06-11,BRTUB,Dry Bulk,18.0,12.0,19.0,15.5
2023-06-18,BRTUB,Dry Bulk,19.0,12.0,19.0,15.62
2023-06-25,BRTUB,Dry Bulk,17.0,6.0,20.0,17.0
2023-07-02,BRTUB,Dry Bulk,16.0,11.0,18.0,15.88
2023-07-09,BRTUB,Dry Bulk,15.0,11.0,18.0,14.38
2023-07-16,BRTUB,Dry Bulk,13.0,8.0,20.0,14.38
2023-07-23,BRTUB,Dry Bulk,15.0,5.0,20.0,16.0
2023-07-30,BRTUB,Dry Bulk,14.0,12.0,22.0,16.12
2023-08-06,BRTUB,Dry Bulk,16.0,10.0,20.0,15.62
2023-08-13,BRTUB,Dry Bulk,14.0,12.0,20.0,15.62
2023-08-20,BRTUB,Dry Bulk,10.0,10.0,23.0,16.0
2023-08-27,BRTUB,Dry Bulk,15.0,11.0,24.0,17.25
2023-09-03,BRTUB,Dry Bulk,19.0,12.0,23.0,17.62
2023-09-10,BRTUB,Dry Bulk,21.0,14.0,21.0,17.71
2023-09-17,BRTUB,Dry Bulk,18.0,13.0,21.0,16.57
2023-09-24,BRTUB,Dry Bulk,17.0,15.0,24.0,17.57
2023-10-01,BRTUB,Dry Bulk,15.0,13.0,22.0,17.43
2023-10-08,BRTUB,Dry Bulk,14.0,12.0,24.0,16.57
2023-10-15,BRTUB,Dry Bulk,17.0,10.0,20.0,15.29
2023-10-22,BRTUB,Dry Bulk,17.0,15.0,24.0,18.43
2023-10-29,BRTUB,Dry Bulk,16.0,14.0,20.0,16.29
2023-11-05,BRTUB,Dry Bulk,18.0,12.0,20.0,16.29
2023-11-12,BRTUB,Dry Bulk,13.0,13.0,18.0,15.57
2023-11-19,BRTUB,Dry Bulk,18.0,12.0,21.0,17.57
2023-11-26,BRTUB,Dry Bulk,14.0,12.0,19.0,15.71
2023-12-03,BRTUB,Dry Bulk,14.0,8.0,19.0,13.57
2023-12-10,BRTUB,Dry Bulk,14.0,9.0,15.0,12.57
2023-12-17,BRTUB,Dry Bulk,15.0,15.0,18.0,16.43
2023-12-24,BRTUB,Dry Bulk,15.0,13.0,21.0,16.71
2023-12-31,BRTUB,Dry Bulk,19.0,15.0,22.0,18.57
2024-01-07,BRTUB,Dry Bulk,18.0,10.0,18.0,15.25
2024-01-14,BRTUB,Dry Bulk,14.0,11.0,26.0,15.0
2024-01-21,BRTUB,Dry Bulk,11.0,8.0,27.0,14.0
2024-01-28,BRTUB,Dry Bulk,11.0,11.0,22.0,15.25
2024-02-04,BRTUB,Dry Bulk,14.0,13.0,18.0,14.62
2024-02-11,BRTUB,Dry Bulk,13.0,9.0,15.0,12.38
2024-02-18,BRTUB,Dry Bulk,14.0,6.0,20.0,12.5
2024-02-25,BRTUB,Dry Bulk,14.0,13.0,22.0,16.75
2024-03-03,BRTUB,Dry Bulk,18.0,13.0,24.0,18.12
2024-03-10,BRTUB,Dry Bulk,12.0,10.0,26.0,13.88
2024-03-17,BRTUB,Dry Bulk,15.0,8.0,20.0,15.12
2024-03-24,BRTUB,Dry Bulk,17.0,11.0,21.0,15.75
2024-03-31,BRTUB,Dry Bulk,13.0,12.0,20.0,15.25
2024-04-07,BRTUB,Dry Bulk,12.0,10.0,17.0,13.5
2024-04-14,BRTUB,Dry Bulk,11.0,9.0,20.0,13.0
2024-04-21,BRTUB,Dry Bulk,15.0,13.0,20.0,16.0
2024-04-28,BRTUB,Dry Bulk,17.0,15.0,21.0,16.88
2024-05-05,BRTUB,Dry Bulk,15.0,11.0,20.0,16.62
2024-05-12,BRTUB,Dry Bulk,21.0,8.0,21.0,14.62
2024-05-19,BRTUB,Dry Bulk,14.0,12.0,19.0,15.38
2024-05-26,BRTUB,Dry Bulk,18.0,15.0,21.0,17.88
2024-06-02,BRTUB,Dry Bulk,17.0,11.0,18.0,14.88
2024-06-09,BRTUB,Dry Bulk,13.0,12.0,19.0,15.5
2024-06-16,BRTUB,Dry Bulk,16.0,12.0,19.0,15.62
2024-06-23,BRTUB,Dry Bulk,20.0,6.0,20.0,17.0
2024-06-30,BRTUB,Dry Bulk,11.0,11.0,18.0,15.88
2024-07-07,BRTUB,Dry Bulk,16.0,11.0,18.0,14.38
2024-07-14,BRTUB,Dry Bulk,13.0,8.0,20.0,14.38
2024-07-21,BRTUB,Dry Bulk,20.0,5.0,20.0,16.0
2024-07-28,BRTUB,Dry Bulk,16.0,12.0,22.0,16.12
2024-08-04,BRTUB,Dry Bulk,17.0,10.0,20.0,15.62
2024-08-11,BRTUB,Dry Bulk,15.0,12.0,20.0,15.62
2024-08-18,BRTUB,Dry Bulk,18.0,10.0,23.0,16.0
2024-08-25,BRTUB,Dry Bulk,19.0,11.0,24.0,17.25
2024-09-01,BRTUB,Dry Bulk,21.0,12.0,23.0,17.62
2024-09-08,BRTUB,Dry Bulk,14.0,14.0,21.0,17.71
2024-09-15,BRTUB,Dry Bulk,17.0,13.0,21.0,16.57
2024-09-22,BRTUB,Dry Bulk,16.0,15.0,24.0,17.57
2024-09-29,BRTUB,Dry Bulk,17.0,13.0,22.0,17.43
2024-10-06,BRTUB,Dry Bulk,15.0,12.0,24.0,16.57
2024-10-13,BRTUB,Dry Bulk,11.0,10.0,20.0,15.29
2024-10-20,BRTUB,Dry Bulk,24.0,15.0,24.0,18.43
2024-10-27,BRTUB,Dry Bulk,15.0,14.0,20.0,16.29
2024-11-03,BRTUB,Dry Bulk,13.0,12.0,20.0,16.29
2024-11-10,BRTUB,Dry Bulk,18.0,13.0,18.0,15.57
2024-11-17,BRTUB,Dry Bulk,21.0,12.0,21.0,17.57
2024-11-24,BRTUB,Dry Bulk,12.0,12.0,19.0,15.71
2024-12-01,BRTUB,Dry Bulk,14.0,8.0,19.0,13.57
2024-12-08,BRTUB,Dry Bulk,9.0,9.0,15.0,12.57
2024-12-15,BRTUB,Dry Bulk,17.0,15.0,18.0,16.43
2024-12-22,BRTUB,Dry Bulk,17.0,13.0,21.0,16.71
2024-12-29,BRTUB,Dry Bulk,15.0,15.0,22.0,18.57
2025-01-05,BRTUB,Dry Bulk,15.0,10.0,18.0,15.25
2025-01-12,BRTUB,Dry Bulk,14.0,11.0,26.0,15.0
2025-01-19,BRTUB,Dry Bulk,15.0,8.0,27.0,14.0
2025-01-26,BRTUB,Dry Bulk,13.0,11.0,22.0,15.25
2025-02-02,BRTUB,Dry Bulk,13.0,13.0,18.0,14.62
2025-02-09,BRTUB,Dry Bulk,9.0,9.0,15.0,12.38
2025-02-16,BRTUB,Dry Bulk,6.0,6.0,20.0,12.5
2025-02-23,BRTUB,Dry Bulk,15.0,13.0,22.0,16.75
2025-03-02,BRTUB,Dry Bulk,16.0,13.0,24.0,18.12
2025-03-09,BRTUB,Dry Bulk,12.0,10.0,26.0,13.88
2025-03-16,BRTUB,Dry Bulk,18.0,8.0,20.0,15.12
2025-03-23,BRTUB,Dry Bulk,20.0,11.0,21.0,15.75
2025-03-30,BRTUB,Dry Bulk,14.0,12.0,20.0,15.25
2025-04-06,BRTUB,Dry Bulk,17.0,10.0,17.0,13.5
2025-04-13,BRTUB,Dry Bulk,9.0,9.0,20.0,13.0
2025-04-20,BRTUB,Dry Bulk,13.0,13.0,20.0,16.0
2025-04-27,BRTUB,Dry Bulk,15.0,15.0,21.0,16.88
2025-05-04,BRTUB,Dry Bulk,17.0,11.0,20.0,16.62
2025-05-11,BRTUB,Dry Bulk,16.0,8.0,21.0,14.62
2025-05-18,BRTUB,Dry Bulk,14.0,12.0,19.0,15.38
2025-05-25,BRTUB,Dry Bulk,19.0,15.0,21.0,17.88
2025-06-01,BRTUB,Dry Bulk,13.0,11.0,18.0,14.88
2025-06-08,BRTUB,Dry Bulk,19.0,12.0,19.0,15.5
2025-06-15,BRTUB,Dry Bulk,12.0,12.0,19.0,15.62
2025-06-22,BRTUB,Dry Bulk,20.0,6.0,20.0,17.0
2025-06-29,BRTUB,Dry Bulk,18.0,11.0,18.0,15.88
2025-07-06,BRTUB,Dry Bulk,18.0,11.0,18.0,14.38
2025-07-13,BRTUB,Dry Bulk,14.0,8.0,20.0,14.38
2025-07-20,BRTUB,Dry Bulk,18.0,5.0,20.0,16.0
2025-07-27,BRTUB,Dry Bulk,21.0,12.0,22.0,16.12
2025-08-03,BRTUB,Dry Bulk,14.0,10.0,20.0,15.62
2025-08-10,BRTUB,Dry Bulk,20.0,12.0,20.0,15.62
2025-08-17,BRTUB,Dry Bulk,14.0,10.0,23.0,16.0
2025-08-24,BRTUB,Dry Bulk,18.0,11.0,24.0,17.25
2025-08-31,BRTUB,Dry Bulk,21.0,12.0,23.0,17.62
2025-09-07,BRTUB,Dry Bulk,17.0,14.0,21.0,17.71
2025-09-14,BRTUB,Dry Bulk,19.0,13.0,21.0,16.57
2025-09-21,BRTUB,Dry Bulk,17.0,15.0,24.0,17.57
2025-09-28,BRTUB,Dry Bulk,20.0,13.0,22.0,17.43
2025-10-05,BRTUB,Dry Bulk,14.0,12.0,24.0,16.57
2025-10-12,BRTUB,Dry Bulk,17.0,10.0,20.0,15.29
2025-10-19,BRTUB,Dry Bulk,18.0,15.0,24.0,18.43
2025-10-26,BRTUB,Dry Bulk,18.0,14.0,20.0,16.29
2025-11-02,BRTUB,Dry Bulk,19.0,12.0,20.0,16.29
2025-11-09,BRTUB,Dry Bulk,13.0,13.0,18.0,15.57
2025-11-16,BRTUB,Dry Bulk,19.0,12.0,21.0,17.57
2025-11-23,BRTUB,Dry Bulk,18.0,12.0,19.0,15.71
2025-11-30,BRTUB,Dry Bulk,16.0,8.0,19.0,13.57
2025-12-07,BRTUB,Dry Bulk,15.0,9.0,15.0,12.57
2025-12-14,BRTUB,Dry Bulk,18.0,15.0,18.0,16.43
2025-12-21,BRTUB,Dry Bulk,19.0,13.0,21.0,16.71
2025-12-28,BRTUB,Dry Bulk,22.0,15.0,22.0,18.57
2026-01-04,BRTUB,Dry Bulk,17.0,10.0,18.0,15.25
2026-01-11,BRTUB,Dry Bulk,15.0,11.0,26.0,15.0
2026-01-18,BRTUB,Dry Bulk,15.0,8.0,27.0,14.0
2026-01-25,BRTUB,Dry Bulk,16.0,11.0,22.0,15.25
2026-02-01,BRTUB,Dry Bulk,16.0,13.0,18.0,14.62
2026-02-08,BRTUB,Dry Bulk,10.0,9.0,15.0,12.38
2026-02-15,BRTUB,Dry Bulk,10.0,6.0,20.0,12.5
2026-02-22,BRTUB,Dry Bulk,16.0,13.0,22.0,16.75
2026-03-01,BRTUB,Dry Bulk,14.0,13.0,24.0,18.12
2026-03-08,BRTUB,Dry Bulk,15.0,10.0,26.0,13.88
2026-03-15,BRTUB,Dry Bulk,8.0,8.0,20.0,15.12
2026-03-22,BRTUB,Dry Bulk,21.0,11.0,21.0,15.75
2026-03-29,BRTUB,Dry Bulk,13.0,12.0,20.0,15.25
2026-04-05,BRTUB,Dry Bulk,13.0,10.0,17.0,13.5
2026-04-12,BRTUB,Dry Bulk,11.0,9.0,20.0,13.0
2026-04-19,BRTUB,Dry Bulk,16.0,13.0,20.0,16.0
2026-04-26,BRTUB,Dry Bulk,16.0,15.0,21.0,16.88
2026-05-03,BRTUB,Dry Bulk,16.0,11.0,20.0,16.62
2026-05-10,BRTUB,Dry Bulk,13.0,8.0,21.0,14.62
2026-05-17,BRTUB,Dry Bulk,17.0,12.0,19.0,15.38
2026-05-24,BRTUB,Dry Bulk,15.0,15.0,21.0,17.88
2026-05-31,BRTUB,Dry Bulk,18.0,11.0,18.0,14.88
2026-06-07,BRTUB,Dry Bulk,18.0,12.0,19.0,15.5
2026-06-14,BRTUB,Dry Bulk,19.0,12.0,19.0,15.62
2026-06-21,BRTUB,Dry Bulk,19.0,6.0,20.0,17.0
2026-06-28,BRTUB,Dry Bulk,18.0,11.0,18.0,15.88
2026-07-05,BRTUB,Dry Bulk,11.0,11.0,18.0,14.38
2026-07-12,BRTUB,Dry Bulk,17.0,8.0,20.0,14.38
2026-07-19,BRTUB,Dry Bulk,19.0,5.0,20.0,16.0
2026-07-26,BRTUB,Dry Bulk,17.0,12.0,22.0,16.12
2026-08-02,BRTUB,Dry Bulk,13.0,10.0,20.0,15.62
2026-08-09,BRTUB,Dry Bulk,15.0,12.0,20.0,15.62
2026-08-16,BRTUB,Dry Bulk,13.0,10.0,23.0,16.0
2026-08-23,BRTUB,Dry Bulk,19.0,11.0,24.0,17.25
2026-08-30,BRTUB,Dry Bulk,12.0,12.0,23.0,17.62
2019-01-06,CNJGT,Dry Bulk,56.0,45.0,66.0,56.62
2019-01-13,CNJGT,Dry Bulk,57.0,34.0,65.0,54.25
2019-01-20,CNJGT,Dry Bulk,74.0,37.0,74.0,55.62
2019-01-27,CNJGT,Dry Bulk,72.0,36.0,72.0,58.5
2019-02-03,CNJGT,Dry Bulk,65.0,40.0,66.0,53.12
2019-02-10,CNJGT,Dry Bulk,42.0,33.0,60.0,46.75
2019-02-17,CNJGT,Dry Bulk,65.0,28.0,65.0,49.5
2019-02-24,CNJGT,Dry Bulk,70.0,38.0,70.0,51.25
2019-03-03,CNJGT,Dry Bulk,71.0,31.0,71.0,51.38
2019-03-10,CNJGT,Dry Bulk,58.0,40.0,59.0,52.0
2019-03-17,CNJGT,Dry Bulk,61.0,42.0,65.0,52.62
2019-03-24,CNJGT,Dry Bulk,52.0,44.0,71.0,53.38
2019-03-31,CNJGT,Dry Bulk,63.0,42.0,76.0,55.0
2019-04-07,CNJGT,Dry Bulk,59.0,42.0,66.0,55.38
2019-04-14,CNJGT,Dry Bulk,59.0,32.0,69.0,53.5
2019-04-21,CNJGT,Dry Bulk,48.0,48.0,59.0,54.25
2019-04-28,CNJGT,Dry Bulk,55.0,44.0,67.0,54.88
2019-05-05,CNJGT,Dry Bulk,58.0,43.0,60.0,55.12
2019-05-12,CNJGT,Dry Bulk,68.0,40.0,70.0,56.75
2019-05-19,CNJGT,Dry Bulk,46.0,34.0,69.0,49.25
2019-05-26,CNJGT,Dry Bulk,65.0,43.0,65.0,55.12
2019-06-02,CNJGT,Dry Bulk,64.0,51.0,74.0,60.12
2019-06-09,CNJGT,Dry Bulk,54.0,47.0,69.0,56.38
2019-06-16,CNJGT,Dry Bulk,56.0,52.0,70.0,58.88
2019-06-23,CNJGT,Dry Bulk,59.0,46.0,63.0,56.62
2019-06-30,CNJGT,Dry Bulk,62.0,42.0,65.0,57.38
2019-07-07,CNJGT,Dry Bulk,62.0,36.0,69.0,56.0
2019-07-14,CNJGT,Dry Bulk,66.0,47.0,66.0,54.5
2019-07-21,CNJGT,Dry Bulk,63.0,33.0,67.0,56.25
2019-07-28,CNJGT,Dry Bulk,62.0,39.0,62.0,52.75
2019-08-04,CNJGT,Dry Bulk,60.0,45.0,62.0,55.75
2019-08-11,CNJGT,Dry Bulk,41.0,40.0,68.0,52.0
2019-08-18,CNJGT,Dry Bulk,51.0,46.0,64.0,52.75
2019-08-25,CNJGT,Dry Bulk,56.0,40.0,62.0,52.38
2019-09-01,CNJGT,Dry Bulk,62.0,29.0,65.0,52.88
2019-09-08,CNJGT,Dry Bulk,62.0,50.0,70.0,58.43
2019-09-15,CNJGT,Dry Bulk,46.0,45.0,58.0,51.43
2019-09-22,CNJGT,Dry Bulk,58.0,42.0,63.0,52.86
2019-09-29,CNJGT,Dry Bulk,64.0,46.0,64.0,56.43
2019-10-06,CNJGT,Dry Bulk,52.0,50.0,63.0,53.71
2019-10-13,CNJGT,Dry Bulk,42.0,41.0,59.0,52.0
2019-10-20,CNJGT,Dry Bulk,59.0,42.0,59.0,50.57
2019-10-27,CNJGT,Dry Bulk,59.0,42.0,65.0,52.43
2019-11-03,CNJGT,Dry Bulk,56.0,33.0,59.0,49.43
2019-11-10,CNJGT,Dry Bulk,46.0,36.0,61.0,50.14
2019-11-17,CNJGT,Dry Bulk,53.0,42.0,60.0,50.14
2019-11-24,CNJGT,Dry Bulk,50.0,33.0,60.0,51.0
2019-12-01,CNJGT,Dry Bulk,60.0,36.0,66.0,53.14
2019-12-08,CNJGT,Dry Bulk,70.0,39.0,70.0,54.14
2019-12-15,CNJGT,Dry Bulk,55.0,41.0,62.0,52.29
2019-12-22,CNJGT,Dry Bulk,67.0,44.0,67.0,56.43
2019-12-29,CNJGT,Dry Bulk,65.0,45.0,65.0,55.57
2020-01-05,CNJGT,Dry Bulk,66.0,45.0,66.0,56.62
2020-01-12,CNJGT,Dry Bulk,64.0,34.0,65.0,54.25
2020-01-19,CNJGT,Dry Bulk,65.0,37.0,74.0,55.62
2020-01-26,CNJGT,Dry Bulk,61.0,36.0,72.0,58.5
2020-02-02,CNJGT,Dry Bulk,50.0,40.0,66.0,53.12
2020-02-09,CNJGT,Dry Bulk,60.0,33.0,60.0,46.75
2020-02-16,CNJGT,Dry Bulk,28.0,28.0,65.0,49.5
2020-02-23,CNJGT,Dry Bulk,38.0,38.0,70.0,51.25
2020-03-01,CNJGT,Dry Bulk,42.0,31.0,71.0,51.38
2020-03-08,CNJGT,Dry Bulk,40.0,40.0,59.0,52.0
2020-03-15,CNJGT,Dry Bulk,44.0,42.0,65.0,52.62
2020-03-22,CNJGT,Dry Bulk,45.0,44.0,71.0,53.38
2020-03-29,CNJGT,Dry Bulk,42.0,42.0,76.0,55.0
2020-04-05,CNJGT,Dry Bulk,56.0,42.0,66.0,55.38
2020-04-12,CNJGT,Dry Bulk,51.0,32.0,69.0,53.5
2020-04-19,CNJGT,Dry Bulk,50.0,48.0,59.0,54.25
2020-04-26,CNJGT,Dry Bulk,52.0,44.0,67.0,54.88
2020-05-03,CNJGT,Dry Bulk,59.0,43.0,60.0,55.12
2020-05-10,CNJGT,Dry Bulk,70.0,40.0,70.0,56.75
2020-05-17,CNJGT,Dry Bulk,69.0,34.0,69.0,49.25
2020-05-24,CNJGT,Dry Bulk,64.0,43.0,65.0,55.12
2020-05-31,CNJGT,Dry Bulk,74.0,51.0,74.0,60.12
2020-06-07,CNJGT,Dry Bulk,69.0,47.0,69.0,56.38
2020-06-14,CNJGT,Dry Bulk,70.0,52.0,70.0,58.88
2020-06-21,CNJGT,Dry Bulk,59.0,46.0,63.0,56.62
2020-06-28,CNJGT,Dry Bulk,60.0,42.0,65.0,57.38
2020-07-05,CNJGT,Dry Bulk,69.0,36.0,69.0,56.0
2020-07-12,CNJGT,Dry Bulk,57.0,47.0,66.0,54.5
2020-07-19,CNJGT,Dry Bulk,67.0,33.0,67.0,56.25
2020-07-26,CNJGT,Dry Bulk,61.0,39.0,62.0,52.75
2020-08-02,CNJGT,Dry Bulk,59.0,45.0,62.0,55.75
2020-08-09,CNJGT,Dry Bulk,68.0,40.0,68.0,52.0
2020-08-16,CNJGT,Dry Bulk,64.0,46.0,64.0,52.75
2020-08-23,CNJGT,Dry Bulk,50.0,40.0,62.0,52.38
2020-08-30,CNJGT,Dry Bulk,55.0,29.0,65.0,52.88
2020-09-06,CNJGT,Dry Bulk,70.0,50.0,70.0,58.43
2020-09-13,CNJGT,Dry Bulk,58.0,45.0,58.0,51.43
2020-09-20,CNJGT,Dry Bulk,46.0,42.0,63.0,52.86
2020-09-27,CNJGT,Dry Bulk,58.0,46.0,64.0,56.43
2020-10-04,CNJGT,Dry Bulk,63.0,50.0,63.0,53.71
2020-10-11,CNJGT,Dry Bulk,55.0,41.0,59.0,52.0
2020-10-18,CNJGT,Dry Bulk,42.0,42.0,59.0,50.57
2020-10-25,CNJGT,Dry Bulk,50.0,42.0,65.0,52.43
2020-11-01,CNJGT,Dry Bulk,50.0,33.0,59.0,49.43
2020-11-08,CNJGT,Dry Bulk,49.0,36.0,61.0,50.14
2020-11-15,CNJGT,Dry Bulk,60.0,42.0,60.0,50.14
2020-11-22,CNJGT,Dry Bulk,58.0,33.0,60.0,51.0
2020-11-29,CNJGT,Dry Bulk,66.0,36.0,66.0,53.14
2020-12-06,CNJGT,Dry Bulk,65.0,39.0,70.0,54.14
2020-12-13,CNJGT,Dry Bulk,62.0,41.0,62.0,52.29
2020-12-20,CNJGT,Dry Bulk,62.0,44.0,67.0,56.43
2020-12-27,CNJGT,Dry Bulk,61.0,45.0,65.0,55.57
2021-01-03,CNJGT,Dry Bulk,48.0,38.4,57.6,48.0
2021-01-10,CNJGT,Dry Bulk,46.0,45.0,66.0,56.62
2021-01-17,CNJGT,Dry Bulk,57.0,34.0,65.0,54.25
2021-01-24,CNJGT,Dry Bulk,61.0,37.0,74.0,55.62
2021-01-31,CNJGT,Dry Bulk,54.0,36.0,72.0,58.5
2021-02-07,CNJGT,Dry Bulk,63.0,40.0,66.0,53.12
2021-02-14,CNJGT,Dry Bulk,44.0,33.0,60.0,46.75
2021-02-21,CNJGT,Dry Bulk,61.0,28.0,65.0,49.5
2021-02-28,CNJGT,Dry Bulk,54.0,38.0,70.0,51.25
2021-03-07,CNJGT,Dry Bulk,67.0,31.0,71.0,51.38
2021-03-14,CNJGT,Dry Bulk,58.0,40.0,59.0,52.0
2021-03-21,CNJGT,Dry Bulk,65.0,42.0,65.0,52.62
2021-03-28,CNJGT,Dry Bulk,59.0,44.0,71.0,53.38
2021-04-04,CNJGT,Dry Bulk,76.0,42.0,76.0,55.0
2021-04-11,CNJGT,Dry Bulk,64.0,42.0,66.0,55.38
2021-04-18,CNJGT,Dry Bulk,56.0,32.0,69.0,53.5
2021-04-25,CNJGT,Dry Bulk,58.0,48.0,59.0,54.25
2021-05-02,CNJGT,Dry Bulk,67.0,44.0,67.0,54.88
2021-05-09,CNJGT,Dry Bulk,57.0,43.0,60.0,55.12
2021-05-16,CNJGT,Dry Bulk,50.0,40.0,70.0,56.75
2021-05-23,CNJGT,Dry Bulk,58.0,34.0,69.0,49.25
2021-05-30,CNJGT,Dry Bulk,48.0,43.0,65.0,55.12
2021-06-06,CNJGT,Dry Bulk,60.0,51.0,74.0,60.12
2021-06-13,CNJGT,Dry Bulk,64.0,47.0,69.0,56.38
2021-06-20,CNJGT,Dry Bulk,52.0,52.0,70.0,58.88
2021-06-27,CNJGT,Dry Bulk,48.0,46.0,63.0,56.62
2021-07-04,CNJGT,Dry Bulk,42.0,42.0,65.0,57.38
2021-07-11,CNJGT,Dry Bulk,66.0,36.0,69.0,56.0
2021-07-18,CNJGT,Dry Bulk,56.0,47.0,66.0,54.5
2021-07-25,CNJGT,Dry Bulk,60.0,33.0,67.0,56.25
2021-08-01,CNJGT,Dry Bulk,46.0,39.0,62.0,52.75
2021-08-08,CNJGT,Dry Bulk,54.0,45.0,62.0,55.75
2021-08-15,CNJGT,Dry Bulk,49.0,40.0,68.0,52.0
2021-08-22,CNJGT,Dry Bulk,55.0,46.0,64.0,52.75
2021-08-29,CNJGT,Dry Bulk,56.0,40.0,62.0,52.38
2021-09-05,CNJGT,Dry Bulk,54.0,29.0,65.0,52.88
2021-09-12,CNJGT,Dry Bulk,58.0,50.0,70.0,58.43
2021-09-19,CNJGT,Dry Bulk,52.0,45.0,58.0,51.43
2021-09-26,CNJGT,Dry Bulk,54.0,42.0,63.0,52.86
2021-10-03,CNJGT,Dry Bulk,46.0,46.0,64.0,56.43
2021-10-10,CNJGT,Dry Bulk,52.0,50.0,63.0,53.71
2021-10-17,CNJGT,Dry Bulk,59.0,41.0,59.0,52.0
2021-10-24,CNJGT,Dry Bulk,47.0,42.0,59.0,50.57
2021-10-31,CNJGT,Dry Bulk,48.0,42.0,65.0,52.43
2021-11-07,CNJGT,Dry Bulk,46.0,33.0,59.0,49.43
2021-11-14,CNJGT,Dry Bulk,61.0,36.0,61.0,50.14
2021-11-21,CNJGT,Dry Bulk,42.0,42.0,60.0,50.14
2021-11-28,CNJGT,Dry Bulk,53.0,33.0,60.0,51.0
2021-12-05,CNJGT,Dry Bulk,59.0,36.0,66.0,53.14
2021-12-12,CNJGT,Dry Bulk,57.0,39.0,70.0,54.14
2021-12-19,CNJGT,Dry Bulk,55.0,41.0,62.0,52.29
2021-12-26,CNJGT,Dry Bulk,53.0,44.0,67.0,56.43
2022-01-02,CNJGT,Dry Bulk,51.0,45.0,65.0,55.57
2022-01-09,CNJGT,Dry Bulk,65.0,45.0,66.0,56.62
2022-01-16,CNJGT,Dry Bulk,59.0,34.0,65.0,54.25
2022-01-23,CNJGT,Dry Bulk,59.0,37.0,74.0,55.62
2022-01-30,CNJGT,Dry Bulk,64.0,36.0,72.0,58.5
2022-02-06,CNJGT,Dry Bulk,44.0,40.0,66.0,53.12
2022-02-13,CNJGT,Dry Bulk,35.0,33.0,60.0,46.75
2022-02-20,CNJGT,Dry Bulk,53.0,28.0,65.0,49.5
2022-02-27,CNJGT,Dry Bulk,48.0,38.0,70.0,51.25
2022-03-06,CNJGT,Dry Bulk,47.0,31.0,71.0,51.38
2022-03-13,CNJGT,Dry Bulk,53.0,40.0,59.0,52.0
2022-03-20,CNJGT,Dry Bulk,42.0,42.0,65.0,52.62
2022-03-27,CNJGT,Dry Bulk,51.0,44.0,71.0,53.38
2022-04-03,CNJGT,Dry Bulk,53.0,42.0,76.0,55.0
2022-04-10,CNJGT,Dry Bulk,42.0,42.0,66.0,55.38
2022-04-17,CNJGT,Dry Bulk,63.0,32.0,69.0,53.5
2022-04-24,CNJGT,Dry Bulk,58.0,48.0,59.0,54.25
2022-05-01,CNJGT,Dry Bulk,54.0,44.0,67.0,54.88
2022-05-08,CNJGT,Dry Bulk,46.0,43.0,60.0,55.12
2022-05-15,CNJGT,Dry Bulk,40.0,40.0,70.0,56.75
2022-05-22,CNJGT,Dry Bulk,41.0,34.0,69.0,49.25
2022-05-29,CNJGT,Dry Bulk,59.0,43.0,65.0,55.12
2022-06-05,CNJGT,Dry Bulk,58.0,51.0,74.0,60.12
2022-06-12,CNJGT,Dry Bulk,56.0,47.0,69.0,56.38
2022-06-19,CNJGT,Dry Bulk,52.0,52.0,70.0,58.88
2022-06-26,CNJGT,Dry Bulk,62.0,46.0,63.0,56.62
2022-07-03,CNJGT,Dry Bulk,62.0,42.0,65.0,57.38
2022-07-10,CNJGT,Dry Bulk,52.0,36.0,69.0,56.0
2022-07-17,CNJGT,Dry Bulk,56.0,47.0,66.0,54.5
2022-07-24,CNJGT,Dry Bulk,59.0,33.0,67.0,56.25
2022-07-31,CNJGT,Dry Bulk,56.0,39.0,62.0,52.75
2022-08-07,CNJGT,Dry Bulk,62.0,45.0,62.0,55.75
2022-08-14,CNJGT,Dry Bulk,56.0,40.0,68.0,52.0
2022-08-21,CNJGT,Dry Bulk,46.0,46.0,64.0,52.75
2022-08-28,CNJGT,Dry Bulk,55.0,40.0,62.0,52.38
2022-09-04,CNJGT,Dry Bulk,65.0,29.0,65.0,52.88
2022-09-11,CNJGT,Dry Bulk,50.0,50.0,70.0,58.43
2022-09-18,CNJGT,Dry Bulk,45.0,45.0,58.0,51.43
2022-09-25,CNJGT,Dry Bulk,47.0,42.0,63.0,52.86
2022-10-02,CNJGT,Dry Bulk,58.0,46.0,64.0,56.43
2022-10-09,CNJGT,Dry Bulk,50.0,50.0,63.0,53.71
2022-10-16,CNJGT,Dry Bulk,51.0,41.0,59.0,52.0
2022-10-23,CNJGT,Dry Bulk,44.0,42.0,59.0,50.57
2022-10-30,CNJGT,Dry Bulk,42.0,42.0,65.0,52.43
2022-11-06,CNJGT,Dry Bulk,33.0,33.0,59.0,49.43
2022-11-13,CNJGT,Dry Bulk,36.0,36.0,61.0,50.14
2022-11-20,CNJGT,Dry Bulk,44.0,42.0,60.0,50.14
2022-11-27,CNJGT,Dry Bulk,33.0,33.0,60.0,51.0
2022-12-04,CNJGT,Dry Bulk,36.0,36.0,66.0,53.14
2022-12-11,CNJGT,Dry Bulk,51.0,39.0,70.0,54.14
2022-12-18,CNJGT,Dry Bulk,44.0,41.0,62.0,52.29
2022-12-25,CNJGT,Dry Bulk,48.0,44.0,67.0,56.43
2023-01-01,CNJGT,Dry Bulk,56.0,45.0,65.0,55.57
2023-01-08,CNJGT,Dry Bulk,61.0,45.0,66.0,56.62
2023-01-15,CNJGT,Dry Bulk,34.0,34.0,65.0,54.25
2023-01-22,CNJGT,Dry Bulk,48.0,37.0,74.0,55.62
2023-01-29,CNJGT,Dry Bulk,57.0,36.0,72.0,58.5
2023-02-05,CNJGT,Dry Bulk,66.0,40.0,66.0,53.12
2023-02-12,CNJGT,Dry Bulk,57.0,33.0,60.0,46.75
2023-02-19,CNJGT,Dry Bulk,62.0,28.0,65.0,49.5
2023-02-26,CNJGT,Dry Bulk,58.0,38.0,70.0,51.25
2023-03-05,CNJGT,Dry Bulk,51.0,31.0,71.0,51.38
2023-03-12,CNJGT,Dry Bulk,55.0,40.0,59.0,52.0
2023-03-19,CNJGT,Dry Bulk,55.0,42.0,65.0,52.62
2023-03-26,CNJGT,Dry Bulk,71.0,44.0,71.0,53.38
2023-04-02,CNJGT,Dry Bulk,55.0,42.0,76.0,55.0
2023-04-09,CNJGT,Dry Bulk,50.0,42.0,66.0,55.38
2023-04-16,CNJGT,Dry Bulk,69.0,32.0,69.0,53.5
2023-04-23,CNJGT,Dry Bulk,55.0,48.0,59.0,54.25
2023-04-30,CNJGT,Dry Bulk,52.0,44.0,67.0,54.88
2023-05-07,CNJGT,Dry Bulk,59.0,43.0,60.0,55.12
2023-05-14,CNJGT,Dry Bulk,65.0,40.0,70.0,56.75
2023-05-21,CNJGT,Dry Bulk,34.0,34.0,69.0,49.25
2023-05-28,CNJGT,Dry Bulk,59.0,43.0,65.0,55.12
2023-06-04,CNJGT,Dry Bulk,54.0,51.0,74.0,60.12
2023-06-11,CNJGT,Dry Bulk,53.0,47.0,69.0,56.38
2023-06-18,CNJGT,Dry Bulk,62.0,52.0,70.0,58.88
2023-06-25,CNJGT,Dry Bulk,61.0,46.0,63.0,56.62
2023-07-02,CNJGT,Dry Bulk,65.0,42.0,65.0,57.38
2023-07-09,CNJGT,Dry Bulk,58.0,36.0,69.0,56.0
2023-07-16,CNJGT,Dry Bulk,55.0,47.0,66.0,54.5
2023-07-23,CNJGT,Dry Bulk,62.0,33.0,67.0,56.25
2023-07-30,CNJGT,Dry Bulk,47.0,39.0,62.0,52.75
2023-08-06,CNJGT,Dry Bulk,59.0,45.0,62.0,55.75
2023-08-13,CNJGT,Dry Bulk,68.0,40.0,68.0,52.0
2023-08-20,CNJGT,Dry Bulk,52.0,46.0,64.0,52.75
2023-08-27,CNJGT,Dry Bulk,62.0,40.0,62.0,52.38
2023-09-03,CNJGT,Dry Bulk,60.0,29.0,65.0,52.88
2023-09-10,CNJGT,Dry Bulk,58.0,50.0,70.0,58.43
2023-09-17,CNJGT,Dry Bulk,55.0,45.0,58.0,51.43
2023-09-24,CNJGT,Dry Bulk,60.0,42.0,63.0,52.86
2023-10-01,CNJGT,Dry Bulk,63.0,46.0,64.0,56.43
2023-10-08,CNJGT,Dry Bulk,54.0,50.0,63.0,53.71
2023-10-15,CNJGT,Dry Bulk,58.0,41.0,59.0,52.0
2023-10-22,CNJGT,Dry Bulk,57.0,42.0,59.0,50.57
2023-10-29,CNJGT,Dry Bulk,65.0,42.0,65.0,52.43
2023-11-05,CNJGT,Dry Bulk,53.0,33.0,59.0,49.43
2023-11-12,CNJGT,Dry Bulk,56.0,36.0,61.0,50.14
2023-11-19,CNJGT,Dry Bulk,56.0,42.0,60.0,50.14
2023-11-26,CNJGT,Dry Bulk,60.0,33.0,60.0,51.0
2023-12-03,CNJGT,Dry Bulk,53.0,36.0,66.0,53.14
2023-12-10,CNJGT,Dry Bulk,48.0,39.0,70.0,54.14
2023-12-17,CNJGT,Dry Bulk,41.0,41.0,62.0,52.29
2023-12-24,CNJGT,Dry Bulk,67.0,44.0,67.0,56.43
2023-12-31,CNJGT,Dry Bulk,59.0,45.0,65.0,55.57
2024-01-07,CNJGT,Dry Bulk,57.0,45.0,66.0,56.62
2024-01-14,CNJGT,Dry Bulk,65.0,34.0,65.0,54.25
2024-01-21,CNJGT,Dry Bulk,49.0,37.0,74.0,55.62
2024-01-28,CNJGT,Dry Bulk,71.0,36.0,72.0,58.5
2024-02-04,CNJGT,Dry Bulk,47.0,40.0,66.0,53.12
2024-02-11,CNJGT,Dry Bulk,48.0,33.0,60.0,46.75
2024-02-18,CNJGT,Dry Bulk,37.0,28.0,65.0,49.5
2024-02-25,CNJGT,Dry Bulk,44.0,38.0,70.0,51.25
2024-03-03,CNJGT,Dry Bulk,61.0,31.0,71.0,51.38
2024-03-10,CNJGT,Dry Bulk,59.0,40.0,59.0,52.0
2024-03-17,CNJGT,Dry Bulk,57.0,42.0,65.0,52.62
2024-03-24,CNJGT,Dry Bulk,53.0,44.0,71.0,53.38
2024-03-31,CNJGT,Dry Bulk,57.0,42.0,76.0,55.0
2024-04-07,CNJGT,Dry Bulk,66.0,42.0,66.0,55.38
2024-04-14,CNJGT,Dry Bulk,51.0,32.0,69.0,53.5
2024-04-21,CNJGT,Dry Bulk,59.0,48.0,59.0,54.25
2024-04-28,CNJGT,Dry Bulk,44.0,44.0,67.0,54.88
2024-05-05,CNJGT,Dry Bulk,59.0,43.0,60.0,55.12
2024-05-12,CNJGT,Dry Bulk,51.0,40.0,70.0,56.75
2024-05-19,CNJGT,Dry Bulk,47.0,34.0,69.0,49.25
2024-05-26,CNJGT,Dry Bulk,48.0,43.0,65.0,55.12
2024-06-02,CNJGT,Dry Bulk,51.0,51.0,74.0,60.12
2024-06-09,CNJGT,Dry Bulk,47.0,47.0,69.0,56.38
2024-06-16,CNJGT,Dry Bulk,62.0,52.0,70.0,58.88
2024-06-23,CNJGT,Dry Bulk,46.0,46.0,63.0,56.62
2024-06-30,CNJGT,Dry Bulk,51.0,42.0,65.0,57.38
2024-07-07,CNJGT,Dry Bulk,36.0,36.0,69.0,56.0
2024-07-14,CNJGT,Dry Bulk,47.0,47.0,66.0,54.5
2024-07-21,CNJGT,Dry Bulk,53.0,33.0,67.0,56.25
2024-07-28,CNJGT,Dry Bulk,39.0,39.0,62.0,52.75
2024-08-04,CNJGT,Dry Bulk,45.0,45.0,62.0,55.75
2024-08-11,CNJGT,Dry Bulk,43.0,40.0,68.0,52.0
2024-08-18,CNJGT,Dry Bulk,55.0,46.0,64.0,52.75
2024-08-25,CNJGT,Dry Bulk,40.0,40.0,62.0,52.38
2024-09-01,CNJGT,Dry Bulk,45.0,29.0,65.0,52.88
2024-09-08,CNJGT,Dry Bulk,55.0,50.0,70.0,58.43
2024-09-15,CNJGT,Dry Bulk,51.0,45.0,58.0,51.43
2024-09-22,CNJGT,Dry Bulk,42.0,42.0,63.0,52.86
2024-09-29,CNJGT,Dry Bulk,55.0,46.0,64.0,56.43
2024-10-06,CNJGT,Dry Bulk,55.0,50.0,63.0,53.71
2024-10-13,CNJGT,Dry Bulk,58.0,41.0,59.0,52.0
2024-10-20,CNJGT,Dry Bulk,51.0,42.0,59.0,50.57
2024-10-27,CNJGT,Dry Bulk,52.0,42.0,65.0,52.43
2024-11-03,CNJGT,Dry Bulk,49.0,33.0,59.0,49.43
2024-11-10,CNJGT,Dry Bulk,44.0,36.0,61.0,50.14
2024-11-17,CNJGT,Dry Bulk,48.0,42.0,60.0,50.14
2024-11-24,CNJGT,Dry Bulk,47.0,33.0,60.0,51.0
2024-12-01,CNJGT,Dry Bulk,38.0,36.0,66.0,53.14
2024-12-08,CNJGT,Dry Bulk,49.0,39.0,70.0,54.14
2024-12-15,CNJGT,Dry Bulk,55.0,41.0,62.0,52.29
2024-12-22,CNJGT,Dry Bulk,44.0,44.0,67.0,56.43
2024-12-29,CNJGT,Dry Bulk,45.0,45.0,65.0,55.57
2025-01-05,CNJGT,Dry Bulk,45.0,45.0,66.0,56.62
2025-01-12,CNJGT,Dry Bulk,50.0,34.0,65.0,54.25
2025-01-19,CNJGT,Dry Bulk,52.0,37.0,74.0,55.62
2025-01-26,CNJGT,Dry Bulk,36.0,36.0,72.0,58.5
2025-02-02,CNJGT,Dry Bulk,40.0,40.0,66.0,53.12
2025-02-09,CNJGT,Dry Bulk,33.0,33.0,60.0,46.75
2025-02-16,CNJGT,Dry Bulk,40.0,28.0,65.0,49.5
2025-02-23,CNJGT,Dry Bulk,47.0,38.0,70.0,51.25
2025-03-02,CNJGT,Dry Bulk,31.0,31.0,71.0,51.38
2025-03-09,CNJGT,Dry Bulk,43.0,40.0,59.0,52.0
2025-03-16,CNJGT,Dry Bulk,46.0,42.0,65.0,52.62
2025-03-23,CNJGT,Dry Bulk,52.0,44.0,71.0,53.38
2025-03-30,CNJGT,Dry Bulk,48.0,42.0,76.0,55.0
2025-04-06,CNJGT,Dry Bulk,48.0,42.0,66.0,55.38
2025-04-13,CNJGT,Dry Bulk,32.0,32.0,69.0,53.5
2025-04-20,CNJGT,Dry Bulk,55.0,48.0,59.0,54.25
2025-04-27,CNJGT,Dry Bulk,55.0,44.0,67.0,54.88
2025-05-04,CNJGT,Dry Bulk,60.0,43.0,60.0,55.12
2025-05-11,CNJGT,Dry Bulk,53.0,40.0,70.0,56.75
2025-05-18,CNJGT,Dry Bulk,56.0,34.0,69.0,49.25
2025-05-25,CNJGT,Dry Bulk,43.0,43.0,65.0,55.12
2025-06-01,CNJGT,Dry Bulk,66.0,51.0,74.0,60.12
2025-06-08,CNJGT,Dry Bulk,56.0,47.0,69.0,56.38
2025-06-15,CNJGT,Dry Bulk,54.0,52.0,70.0,58.88
2025-06-22,CNJGT,Dry Bulk,63.0,46.0,63.0,56.62
2025-06-29,CNJGT,Dry Bulk,55.0,42.0,65.0,57.38
2025-07-06,CNJGT,Dry Bulk,53.0,36.0,69.0,56.0
2025-07-13,CNJGT,Dry Bulk,51.0,47.0,66.0,54.5
2025-07-20,CNJGT,Dry Bulk,53.0,33.0,67.0,56.25
2025-07-27,CNJGT,Dry Bulk,54.0,39.0,62.0,52.75
2025-08-03,CNJGT,Dry Bulk,52.0,45.0,62.0,55.75
2025-08-10,CNJGT,Dry Bulk,51.0,40.0,68.0,52.0
2025-08-17,CNJGT,Dry Bulk,52.0,46.0,64.0,52.75
2025-08-24,CNJGT,Dry Bulk,51.0,40.0,62.0,52.38
2025-08-31,CNJGT,Dry Bulk,53.0,29.0,65.0,52.88
2025-09-07,CNJGT,Dry Bulk,56.0,50.0,70.0,58.43
2025-09-14,CNJGT,Dry Bulk,53.0,45.0,58.0,51.43
2025-09-21,CNJGT,Dry Bulk,63.0,42.0,63.0,52.86
2025-09-28,CNJGT,Dry Bulk,51.0,46.0,64.0,56.43
2025-10-05,CNJGT,Dry Bulk,50.0,50.0,63.0,53.71
2025-10-12,CNJGT,Dry Bulk,41.0,41.0,59.0,52.0
2025-10-19,CNJGT,Dry Bulk,54.0,42.0,59.0,50.57
2025-10-26,CNJGT,Dry Bulk,51.0,42.0,65.0,52.43
2025-11-02,CNJGT,Dry Bulk,59.0,33.0,59.0,49.43
2025-11-09,CNJGT,Dry Bulk,59.0,36.0,61.0,50.14
2025-11-16,CNJGT,Dry Bulk,48.0,42.0,60.0,50.14
2025-11-23,CNJGT,Dry Bulk,56.0,33.0,60.0,51.0
2025-11-30,CNJGT,Dry Bulk,60.0,36.0,66.0,53.14
2025-12-07,CNJGT,Dry Bulk,39.0,39.0,70.0,54.14
2025-12-14,CNJGT,Dry Bulk,54.0,41.0,62.0,52.29
2025-12-21,CNJGT,Dry Bulk,54.0,44.0,67.0,56.43
2025-12-28,CNJGT,Dry Bulk,52.0,45.0,65.0,55.57
2026-01-04,CNJGT,Dry Bulk,57.0,45.0,66.0,56.62
2026-01-11,CNJGT,Dry Bulk,48.0,34.0,65.0,54.25
2026-01-18,CNJGT,Dry Bulk,37.0,37.0,74.0,55.62
2026-01-25,CNJGT,Dry Bulk,53.0,36.0,72.0,58.5
2026-02-01,CNJGT,Dry Bulk,50.0,40.0,66.0,53.12
2026-02-08,CNJGT,Dry Bulk,55.0,33.0,60.0,46.75
2026-02-15,CNJGT,Dry Bulk,50.0,28.0,65.0,49.5
2026-02-22,CNJGT,Dry Bulk,51.0,38.0,70.0,51.25
2026-03-01,CNJGT,Dry Bulk,41.0,31.0,71.0,51.38
2026-03-08,CNJGT,Dry Bulk,50.0,40.0,59.0,52.0
2026-03-15,CNJGT,Dry Bulk,51.0,42.0,65.0,52.62
2026-03-22,CNJGT,Dry Bulk,44.0,44.0,71.0,53.38
2026-03-29,CNJGT,Dry Bulk,46.0,42.0,76.0,55.0
2026-04-05,CNJGT,Dry Bulk,58.0,42.0,66.0,55.38
2026-04-12,CNJGT,Dry Bulk,47.0,32.0,69.0,53.5
2026-04-19,CNJGT,Dry Bulk,51.0,48.0,59.0,54.25
2026-04-26,CNJGT,Dry Bulk,60.0,44.0,67.0,54.88
2026-05-03,CNJGT,Dry Bulk,43.0,43.0,60.0,55.12
2026-05-10,CNJGT,Dry Bulk,57.0,40.0,70.0,56.75
2026-05-17,CNJGT,Dry Bulk,43.0,34.0,69.0,49.25
2026-05-24,CNJGT,Dry Bulk,55.0,43.0,65.0,55.12
2026-05-31,CNJGT,Dry Bulk,54.0,51.0,74.0,60.12
2026-06-07,CNJGT,Dry Bulk,52.0,47.0,69.0,56.38
2026-06-14,CNJGT,Dry Bulk,63.0,52.0,70.0,58.88
2026-06-21,CNJGT,Dry Bulk,55.0,46.0,63.0,56.62
2026-06-28,CNJGT,Dry Bulk,62.0,42.0,65.0,57.38
2026-07-05,CNJGT,Dry Bulk,52.0,36.0,69.0,56.0
2026-07-12,CNJGT,Dry Bulk,48.0,47.0,66.0,54.5
2026-07-19,CNJGT,Dry Bulk,33.0,33.0,67.0,56.25
2026-07-26,CNJGT,Dry Bulk,57.0,39.0,62.0,52.75
2026-08-02,CNJGT,Dry Bulk,55.0,45.0,62.0,55.75
2026-08-09,CNJGT,Dry Bulk,40.0,40.0,68.0,52.0
2026-08-16,CNJGT,Dry Bulk,47.0,46.0,64.0,52.75
2026-08-23,CNJGT,Dry Bulk,49.0,40.0,62.0,52.38
2026-08-30,CNJGT,Dry Bulk,29.0,29.0,65.0,52.88
2019-01-06,CNNGB,Dry Bulk,28.0,18.0,66.0,42.38
2019-01-13,CNNGB,Dry Bulk,41.0,22.0,53.0,39.62
2019-01-20,CNNGB,Dry Bulk,35.0,22.0,49.0,39.0
2019-01-27,CNNGB,Dry Bulk,49.0,30.0,49.0,40.25
2019-02-03,CNNGB,Dry Bulk,45.0,33.0,45.0,37.25
2019-02-10,CNNGB,Dry Bulk,36.0,33.0,46.0,39.38
2019-02-17,CNNGB,Dry Bulk,35.0,13.0,51.0,39.75
2019-02-24,CNNGB,Dry Bulk,36.0,28.0,51.0,41.62
2019-03-03,CNNGB,Dry Bulk,50.0,26.0,50.0,39.0
2019-03-10,CNNGB,Dry Bulk,36.0,17.0,51.0,40.0
2019-03-17,CNNGB,Dry Bulk,42.0,25.0,50.0,37.5
2019-03-24,CNNGB,Dry Bulk,36.0,36.0,56.0,42.12
2019-03-31,CNNGB,Dry Bulk,45.0,29.0,50.0,41.38
2019-04-07,CNNGB,Dry Bulk,39.0,29.0,64.0,43.12
2019-04-14,CNNGB,Dry Bulk,36.0,32.0,51.0,38.5
2019-04-21,CNNGB,Dry Bulk,35.0,18.0,57.0,40.62
2019-04-28,CNNGB,Dry Bulk,35.0,35.0,55.0,45.12
2019-05-05,CNNGB,Dry Bulk,34.0,34.0,52.0,40.0
2019-05-12,CNNGB,Dry Bulk,37.0,32.0,51.0,43.12
2019-05-19,CNNGB,Dry Bulk,32.0,32.0,53.0,41.88
2019-05-26,CNNGB,Dry Bulk,48.0,29.0,65.0,45.62
2019-06-02,CNNGB,Dry Bulk,39.0,35.0,46.0,40.75
2019-06-09,CNNGB,Dry Bulk,51.0,18.0,53.0,42.88
2019-06-16,CNNGB,Dry Bulk,42.0,29.0,49.0,39.25
2019-06-23,CNNGB,Dry Bulk,37.0,20.0,57.0,42.75
2019-06-30,CNNGB,Dry Bulk,41.0,29.0,53.0,43.62
2019-07-07,CNNGB,Dry Bulk,46.0,37.0,58.0,45.62
2019-07-14,CNNGB,Dry Bulk,36.0,17.0,57.0,40.38
2019-07-21,CNNGB,Dry Bulk,38.0,18.0,53.0,39.38
2019-07-28,CNNGB,Dry Bulk,34.0,26.0,47.0,39.0
2019-08-04,CNNGB,Dry Bulk,44.0,21.0,58.0,42.62
2019-08-11,CNNGB,Dry Bulk,24.0,20.0,50.0,37.62
2019-08-18,CNNGB,Dry Bulk,44.0,30.0,55.0,43.0
2019-08-25,CNNGB,Dry Bulk,45.0,30.0,52.0,45.5
2019-09-01,CNNGB,Dry Bulk,42.0,14.0,54.0,37.75
2019-09-08,CNNGB,Dry Bulk,32.0,25.0,50.0,40.57
2019-09-15,CNNGB,Dry Bulk,39.0,25.0,51.0,38.0
2019-09-22,CNNGB,Dry Bulk,29.0,19.0,56.0,41.43
2019-09-29,CNNGB,Dry Bulk,54.0,24.0,54.0,44.14
2019-10-06,CNNGB,Dry Bulk,35.0,19.0,53.0,40.14
2019-10-13,CNNGB,Dry Bulk,41.0,32.0,54.0,43.71
2019-10-20,CNNGB,Dry Bulk,40.0,37.0,55.0,42.57
2019-10-27,CNNGB,Dry Bulk,37.0,32.0,50.0,39.86
2019-11-03,CNNGB,Dry Bulk,51.0,25.0,51.0,40.14
2019-11-10,CNNGB,Dry Bulk,37.0,28.0,51.0,41.86
2019-11-17,CNNGB,Dry Bulk,46.0,22.0,49.0,38.0
2019-11-24,CNNGB,Dry Bulk,39.0,15.0,58.0,41.71
2019-12-01,CNNGB,Dry Bulk,30.0,22.0,58.0,38.57
2019-12-08,CNNGB,Dry Bulk,28.0,21.0,50.0,40.0
2019-12-15,CNNGB,Dry Bulk,46.0,22.0,48.0,39.43
2019-12-22,CNNGB,Dry Bulk,40.0,17.0,51.0,37.29
2019-12-29,CNNGB,Dry Bulk,37.0,28.0,53.0,42.57
2020-01-05,CNNGB,Dry Bulk,40.0,18.0,66.0,42.38
2020-01-12,CNNGB,Dry Bulk,30.0,22.0,53.0,39.62
2020-01-19,CNNGB,Dry Bulk,40.0,22.0,49.0,39.0
2020-01-26,CNNGB,Dry Bulk,31.0,30.0,49.0,40.25
2020-02-02,CNNGB,Dry Bulk,39.0,33.0,45.0,37.25
2020-02-09,CNNGB,Dry Bulk,40.0,33.0,46.0,39.38
2020-02-16,CNNGB,Dry Bulk,13.0,13.0,51.0,39.75
2020-02-23,CNNGB,Dry Bulk,42.0,28.0,51.0,41.62
2020-03-01,CNNGB,Dry Bulk,34.0,26.0,50.0,39.0
2020-03-08,CNNGB,Dry Bulk,17.0,17.0,51.0,40.0
2020-03-15,CNNGB,Dry Bulk,25.0,25.0,50.0,37.5
2020-03-22,CNNGB,Dry Bulk,39.0,36.0,56.0,42.12
2020-03-29,CNNGB,Dry Bulk,38.0,29.0,50.0,41.38
2020-04-05,CNNGB,Dry Bulk,29.0,29.0,64.0,43.12
2020-04-12,CNNGB,Dry Bulk,35.0,32.0,51.0,38.5
2020-04-19,CNNGB,Dry Bulk,37.0,18.0,57.0,40.62
2020-04-26,CNNGB,Dry Bulk,47.0,35.0,55.0,45.12
2020-05-03,CNNGB,Dry Bulk,37.0,34.0,52.0,40.0
2020-05-10,CNNGB,Dry Bulk,32.0,32.0,51.0,43.12
2020-05-17,CNNGB,Dry Bulk,36.0,32.0,53.0,41.88
2020-05-24,CNNGB,Dry Bulk,29.0,29.0,65.0,45.62
2020-05-31,CNNGB,Dry Bulk,40.0,35.0,46.0,40.75
2020-06-07,CNNGB,Dry Bulk,18.0,18.0,53.0,42.88
2020-06-14,CNNGB,Dry Bulk,29.0,29.0,49.0,39.25
2020-06-21,CNNGB,Dry Bulk,20.0,20.0,57.0,42.75
2020-06-28,CNNGB,Dry Bulk,29.0,29.0,53.0,43.62
2020-07-05,CNNGB,Dry Bulk,37.0,37.0,58.0,45.62
2020-07-12,CNNGB,Dry Bulk,32.0,17.0,57.0,40.38
2020-07-19,CNNGB,Dry Bulk,41.0,18.0,53.0,39.38
2020-07-26,CNNGB,Dry Bulk,31.0,26.0,47.0,39.0
2020-08-02,CNNGB,Dry Bulk,21.0,21.0,58.0,42.62
2020-08-09,CNNGB,Dry Bulk,28.0,20.0,50.0,37.62
2020-08-16,CNNGB,Dry Bulk,30.0,30.0,55.0,43.0
2020-08-23,CNNGB,Dry Bulk,30.0,30.0,52.0,45.5
2020-08-30,CNNGB,Dry Bulk,28.0,14.0,54.0,37.75
2020-09-06,CNNGB,Dry Bulk,25.0,25.0,50.0,40.57
2020-09-13,CNNGB,Dry Bulk,35.0,25.0,51.0,38.0
2020-09-20,CNNGB,Dry Bulk,19.0,19.0,56.0,41.43
2020-09-27,CNNGB,Dry Bulk,24.0,24.0,54.0,44.14
2020-10-04,CNNGB,Dry Bulk,19.0,19.0,53.0,40.14
2020-10-11,CNNGB,Dry Bulk,36.0,32.0,54.0,43.71
2020-10-18,CNNGB,Dry Bulk,39.0,37.0,55.0,42.57
2020-10-25,CNNGB,Dry Bulk,33.0,32.0,50.0,39.86
2020-11-01,CNNGB,Dry Bulk,25.0,25.0,51.0,40.14
2020-11-08,CNNGB,Dry Bulk,28.0,28.0,51.0,41.86
2020-11-15,CNNGB,Dry Bulk,22.0,22.0,49.0,38.0
2020-11-22,CNNGB,Dry Bulk,15.0,15.0,58.0,41.71
2020-11-29,CNNGB,Dry Bulk,22.0,22.0,58.0,38.57
2020-12-06,CNNGB,Dry Bulk,21.0,21.0,50.0,40.0
2020-12-13,CNNGB,Dry Bulk,22.0,22.0,48.0,39.43
2020-12-20,CNNGB,Dry Bulk,17.0,17.0,51.0,37.29
2020-12-27,CNNGB,Dry Bulk,28.0,28.0,53.0,42.57
2021-01-03,CNNGB,Dry Bulk,19.0,15.2,22.8,19.0
2021-01-10,CNNGB,Dry Bulk,18.0,18.0,66.0,42.38
2021-01-17,CNNGB,Dry Bulk,22.0,22.0,53.0,39.62
2021-01-24,CNNGB,Dry Bulk,22.0,22.0,49.0,39.0
2021-01-31,CNNGB,Dry Bulk,30.0,30.0,49.0,40.25
2021-02-07,CNNGB,Dry Bulk,34.0,33.0,45.0,37.25
2021-02-14,CNNGB,Dry Bulk,36.0,33.0,46.0,39.38
2021-02-21,CNNGB,Dry Bulk,51.0,13.0,51.0,39.75
2021-02-28,CNNGB,Dry Bulk,38.0,28.0,51.0,41.62
2021-03-07,CNNGB,Dry Bulk,37.0,26.0,50.0,39.0
2021-03-14,CNNGB,Dry Bulk,41.0,17.0,51.0,40.0
2021-03-21,CNNGB,Dry Bulk,41.0,25.0,50.0,37.5
2021-03-28,CNNGB,Dry Bulk,39.0,36.0,56.0,42.12
2021-04-04,CNNGB,Dry Bulk,29.0,29.0,50.0,41.38
2021-04-11,CNNGB,Dry Bulk,49.0,29.0,64.0,43.12
2021-04-18,CNNGB,Dry Bulk,32.0,32.0,51.0,38.5
2021-04-25,CNNGB,Dry Bulk,18.0,18.0,57.0,40.62
2021-05-02,CNNGB,Dry Bulk,39.0,35.0,55.0,45.12
2021-05-09,CNNGB,Dry Bulk,34.0,34.0,52.0,40.0
2021-05-16,CNNGB,Dry Bulk,42.0,32.0,51.0,43.12
2021-05-23,CNNGB,Dry Bulk,44.0,32.0,53.0,41.88
2021-05-30,CNNGB,Dry Bulk,65.0,29.0,65.0,45.62
2021-06-06,CNNGB,Dry Bulk,35.0,35.0,46.0,40.75
2021-06-13,CNNGB,Dry Bulk,40.0,18.0,53.0,42.88
2021-06-20,CNNGB,Dry Bulk,49.0,29.0,49.0,39.25
2021-06-27,CNNGB,Dry Bulk,44.0,20.0,57.0,42.75
2021-07-04,CNNGB,Dry Bulk,50.0,29.0,53.0,43.62
2021-07-11,CNNGB,Dry Bulk,45.0,37.0,58.0,45.62
2021-07-18,CNNGB,Dry Bulk,42.0,17.0,57.0,40.38
2021-07-25,CNNGB,Dry Bulk,18.0,18.0,53.0,39.38
2021-08-01,CNNGB,Dry Bulk,47.0,26.0,47.0,39.0
2021-08-08,CNNGB,Dry Bulk,58.0,21.0,58.0,42.62
2021-08-15,CNNGB,Dry Bulk,50.0,20.0,50.0,37.62
2021-08-22,CNNGB,Dry Bulk,48.0,30.0,55.0,43.0
2021-08-29,CNNGB,Dry Bulk,47.0,30.0,52.0,45.5
2021-09-05,CNNGB,Dry Bulk,53.0,14.0,54.0,37.75
2021-09-12,CNNGB,Dry Bulk,33.0,25.0,50.0,40.57
2021-09-19,CNNGB,Dry Bulk,25.0,25.0,51.0,38.0
2021-09-26,CNNGB,Dry Bulk,53.0,19.0,56.0,41.43
2021-10-03,CNNGB,Dry Bulk,47.0,24.0,54.0,44.14
2021-10-10,CNNGB,Dry Bulk,41.0,19.0,53.0,40.14
2021-10-17,CNNGB,Dry Bulk,32.0,32.0,54.0,43.71
2021-10-24,CNNGB,Dry Bulk,44.0,37.0,55.0,42.57
2021-10-31,CNNGB,Dry Bulk,42.0,32.0,50.0,39.86
2021-11-07,CNNGB,Dry Bulk,32.0,25.0,51.0,40.14
2021-11-14,CNNGB,Dry Bulk,45.0,28.0,51.0,41.86
2021-11-21,CNNGB,Dry Bulk,38.0,22.0,49.0,38.0
2021-11-28,CNNGB,Dry Bulk,43.0,15.0,58.0,41.71
2021-12-05,CNNGB,Dry Bulk,45.0,22.0,58.0,38.57
2021-12-12,CNNGB,Dry Bulk,46.0,21.0,50.0,40.0
2021-12-19,CNNGB,Dry Bulk,42.0,22.0,48.0,39.43
2021-12-26,CNNGB,Dry Bulk,36.0,17.0,51.0,37.29
2022-01-02,CNNGB,Dry Bulk,47.0,28.0,53.0,42.57
2022-01-09,CNNGB,Dry Bulk,43.0,18.0,66.0,42.38
2022-01-16,CNNGB,Dry Bulk,44.0,22.0,53.0,39.62
2022-01-23,CNNGB,Dry Bulk,45.0,22.0,49.0,39.0
2022-01-30,CNNGB,Dry Bulk,46.0,30.0,49.0,40.25
2022-02-06,CNNGB,Dry Bulk,40.0,33.0,45.0,37.25
2022-02-13,CNNGB,Dry Bulk,38.0,33.0,46.0,39.38
2022-02-20,CNNGB,Dry Bulk,39.0,13.0,51.0,39.75
2022-02-27,CNNGB,Dry Bulk,50.0,28.0,51.0,41.62
2022-03-06,CNNGB,Dry Bulk,35.0,26.0,50.0,39.0
2022-03-13,CNNGB,Dry Bulk,40.0,17.0,51.0,40.0
2022-03-20,CNNGB,Dry Bulk,33.0,25.0,50.0,37.5
2022-03-27,CNNGB,Dry Bulk,46.0,36.0,56.0,42.12
2022-04-03,CNNGB,Dry Bulk,50.0,29.0,50.0,41.38
2022-04-10,CNNGB,Dry Bulk,44.0,29.0,64.0,43.12
2022-04-17,CNNGB,Dry Bulk,32.0,32.0,51.0,38.5
2022-04-24,CNNGB,Dry Bulk,57.0,18.0,57.0,40.62
2022-05-01,CNNGB,Dry Bulk,54.0,35.0,55.0,45.12
2022-05-08,CNNGB,Dry Bulk,42.0,34.0,52.0,40.0
2022-05-15,CNNGB,Dry Bulk,45.0,32.0,51.0,43.12
2022-05-22,CNNGB,Dry Bulk,53.0,32.0,53.0,41.88
2022-05-29,CNNGB,Dry Bulk,43.0,29.0,65.0,45.62
2022-06-05,CNNGB,Dry Bulk,38.0,35.0,46.0,40.75
2022-06-12,CNNGB,Dry Bulk,53.0,18.0,53.0,42.88
2022-06-19,CNNGB,Dry Bulk,44.0,29.0,49.0,39.25
2022-06-26,CNNGB,Dry Bulk,49.0,20.0,57.0,42.75
2022-07-03,CNNGB,Dry Bulk,45.0,29.0,53.0,43.62
2022-07-10,CNNGB,Dry Bulk,48.0,37.0,58.0,45.62
2022-07-17,CNNGB,Dry Bulk,47.0,17.0,57.0,40.38
2022-07-24,CNNGB,Dry Bulk,45.0,18.0,53.0,39.38
2022-07-31,CNNGB,Dry Bulk,46.0,26.0,47.0,39.0
2022-08-07,CNNGB,Dry Bulk,50.0,21.0,58.0,42.62
2022-08-14,CNNGB,Dry Bulk,44.0,20.0,50.0,37.62
2022-08-21,CNNGB,Dry Bulk,44.0,30.0,55.0,43.0
2022-08-28,CNNGB,Dry Bulk,45.0,30.0,52.0,45.5
2022-09-04,CNNGB,Dry Bulk,25.0,14.0,54.0,37.75
2022-09-11,CNNGB,Dry Bulk,50.0,25.0,50.0,40.57
2022-09-18,CNNGB,Dry Bulk,39.0,25.0,51.0,38.0
2022-09-25,CNNGB,Dry Bulk,51.0,19.0,56.0,41.43
2022-10-02,CNNGB,Dry Bulk,47.0,24.0,54.0,44.14
2022-10-09,CNNGB,Dry Bulk,38.0,19.0,53.0,40.14
2022-10-16,CNNGB,Dry Bulk,51.0,32.0,54.0,43.71
2022-10-23,CNNGB,Dry Bulk,37.0,37.0,55.0,42.57
2022-10-30,CNNGB,Dry Bulk,50.0,32.0,50.0,39.86
2022-11-06,CNNGB,Dry Bulk,51.0,25.0,51.0,40.14
2022-11-13,CNNGB,Dry Bulk,40.0,28.0,51.0,41.86
2022-11-20,CNNGB,Dry Bulk,34.0,22.0,49.0,38.0
2022-11-27,CNNGB,Dry Bulk,49.0,15.0,58.0,41.71
2022-12-04,CNNGB,Dry Bulk,29.0,22.0,58.0,38.57
2022-12-11,CNNGB,Dry Bulk,46.0,21.0,50.0,40.0
2022-12-18,CNNGB,Dry Bulk,43.0,22.0,48.0,39.43
2022-12-25,CNNGB,Dry Bulk,35.0,17.0,51.0,37.29
2023-01-01,CNNGB,Dry Bulk,53.0,28.0,53.0,42.57
2023-01-08,CNNGB,Dry Bulk,66.0,18.0,66.0,42.38
2023-01-15,CNNGB,Dry Bulk,33.0,22.0,53.0,39.62
2023-01-22,CNNGB,Dry Bulk,49.0,22.0,49.0,39.0
2023-01-29,CNNGB,Dry Bulk,32.0,30.0,49.0,40.25
2023-02-05,CNNGB,Dry Bulk,38.0,33.0,45.0,37.25
2023-02-12,CNNGB,Dry Bulk,43.0,33.0,46.0,39.38
2023-02-19,CNNGB,Dry Bulk,46.0,13.0,51.0,39.75
2023-02-26,CNNGB,Dry Bulk,51.0,28.0,51.0,41.62
2023-03-05,CNNGB,Dry Bulk,43.0,26.0,50.0,39.0
2023-03-12,CNNGB,Dry Bulk,48.0,17.0,51.0,40.0
2023-03-19,CNNGB,Dry Bulk,33.0,25.0,50.0,37.5
2023-03-26,CNNGB,Dry Bulk,40.0,36.0,56.0,42.12
2023-04-02,CNNGB,Dry Bulk,48.0,29.0,50.0,41.38
2023-04-09,CNNGB,Dry Bulk,36.0,29.0,64.0,43.12
2023-04-16,CNNGB,Dry Bulk,51.0,32.0,51.0,38.5
2023-04-23,CNNGB,Dry Bulk,44.0,18.0,57.0,40.62
2023-04-30,CNNGB,Dry Bulk,48.0,35.0,55.0,45.12
2023-05-07,CNNGB,Dry Bulk,44.0,34.0,52.0,40.0
2023-05-14,CNNGB,Dry Bulk,51.0,32.0,51.0,43.12
2023-05-21,CNNGB,Dry Bulk,38.0,32.0,53.0,41.88
2023-05-28,CNNGB,Dry Bulk,53.0,29.0,65.0,45.62
2023-06-04,CNNGB,Dry Bulk,46.0,35.0,46.0,40.75
2023-06-11,CNNGB,Dry Bulk,43.0,18.0,53.0,42.88
2023-06-18,CNNGB,Dry Bulk,43.0,29.0,49.0,39.25
2023-06-25,CNNGB,Dry Bulk,45.0,20.0,57.0,42.75
2023-07-02,CNNGB,Dry Bulk,49.0,29.0,53.0,43.62
2023-07-09,CNNGB,Dry Bulk,58.0,37.0,58.0,45.62
2023-07-16,CNNGB,Dry Bulk,44.0,17.0,57.0,40.38
2023-07-23,CNNGB,Dry Bulk,32.0,18.0,53.0,39.38
2023-07-30,CNNGB,Dry Bulk,44.0,26.0,47.0,39.0
2023-08-06,CNNGB,Dry Bulk,34.0,21.0,58.0,42.62
2023-08-13,CNNGB,Dry Bulk,48.0,20.0,50.0,37.62
2023-08-20,CNNGB,Dry Bulk,34.0,30.0,55.0,43.0
2023-08-27,CNNGB,Dry Bulk,50.0,30.0,52.0,45.5
2023-09-03,CNNGB,Dry Bulk,45.0,14.0,54.0,37.75
2023-09-10,CNNGB,Dry Bulk,47.0,25.0,50.0,40.57
2023-09-17,CNNGB,Dry Bulk,43.0,25.0,51.0,38.0
2023-09-24,CNNGB,Dry Bulk,44.0,19.0,56.0,41.43
2023-10-01,CNNGB,Dry Bulk,39.0,24.0,54.0,44.14
2023-10-08,CNNGB,Dry Bulk,53.0,19.0,53.0,40.14
2023-10-15,CNNGB,Dry Bulk,54.0,32.0,54.0,43.71
2023-10-22,CNNGB,Dry Bulk,55.0,37.0,55.0,42.57
2023-10-29,CNNGB,Dry Bulk,46.0,32.0,50.0,39.86
2023-11-05,CNNGB,Dry Bulk,45.0,25.0,51.0,40.14
2023-11-12,CNNGB,Dry Bulk,44.0,28.0,51.0,41.86
2023-11-19,CNNGB,Dry Bulk,41.0,22.0,49.0,38.0
2023-11-26,CNNGB,Dry Bulk,49.0,15.0,58.0,41.71
2023-12-03,CNNGB,Dry Bulk,58.0,22.0,58.0,38.57
2023-12-10,CNNGB,Dry Bulk,50.0,21.0,50.0,40.0
2023-12-17,CNNGB,Dry Bulk,33.0,22.0,48.0,39.43
2023-12-24,CNNGB,Dry Bulk,40.0,17.0,51.0,37.29
2023-12-31,CNNGB,Dry Bulk,46.0,28.0,53.0,42.57
2024-01-07,CNNGB,Dry Bulk,56.0,18.0,66.0,42.38
2024-01-14,CNNGB,Dry Bulk,53.0,22.0,53.0,39.62
2024-01-21,CNNGB,Dry Bulk,31.0,22.0,49.0,39.0
2024-01-28,CNNGB,Dry Bulk,49.0,30.0,49.0,40.25
2024-02-04,CNNGB,Dry Bulk,34.0,33.0,45.0,37.25
2024-02-11,CNNGB,Dry Bulk,43.0,33.0,46.0,39.38
2024-02-18,CNNGB,Dry Bulk,42.0,13.0,51.0,39.75
2024-02-25,CNNGB,Dry Bulk,28.0,28.0,51.0,41.62
2024-03-03,CNNGB,Dry Bulk,49.0,26.0,50.0,39.0
2024-03-10,CNNGB,Dry Bulk,51.0,17.0,51.0,40.0
2024-03-17,CNNGB,Dry Bulk,36.0,25.0,50.0,37.5
2024-03-24,CNNGB,Dry Bulk,40.0,36.0,56.0,42.12
2024-03-31,CNNGB,Dry Bulk,39.0,29.0,50.0,41.38
2024-04-07,CNNGB,Dry Bulk,35.0,29.0,64.0,43.12
2024-04-14,CNNGB,Dry Bulk,41.0,32.0,51.0,38.5
2024-04-21,CNNGB,Dry Bulk,38.0,18.0,57.0,40.62
2024-04-28,CNNGB,Dry Bulk,36.0,35.0,55.0,45.12
2024-05-05,CNNGB,Dry Bulk,35.0,34.0,52.0,40.0
2024-05-12,CNNGB,Dry Bulk,43.0,32.0,51.0,43.12
2024-05-19,CNNGB,Dry Bulk,40.0,32.0,53.0,41.88
2024-05-26,CNNGB,Dry Bulk,40.0,29.0,65.0,45.62
2024-06-02,CNNGB,Dry Bulk,40.0,35.0,46.0,40.75
2024-06-09,CNNGB,Dry Bulk,47.0,18.0,53.0,42.88
2024-06-16,CNNGB,Dry Bulk,30.0,29.0,49.0,39.25
2024-06-23,CNNGB,Dry Bulk,44.0,20.0,57.0,42.75
2024-06-30,CNNGB,Dry Bulk,32.0,29.0,53.0,43.62
2024-07-07,CNNGB,Dry Bulk,42.0,37.0,58.0,45.62
2024-07-14,CNNGB,Dry Bulk,48.0,17.0,57.0,40.38
2024-07-21,CNNGB,Dry Bulk,42.0,18.0,53.0,39.38
2024-07-28,CNNGB,Dry Bulk,26.0,26.0,47.0,39.0
2024-08-04,CNNGB,Dry Bulk,49.0,21.0,58.0,42.62
2024-08-11,CNNGB,Dry Bulk,40.0,20.0,50.0,37.62
2024-08-18,CNNGB,Dry Bulk,51.0,30.0,55.0,43.0
2024-08-25,CNNGB,Dry Bulk,52.0,30.0,52.0,45.5
2024-09-01,CNNGB,Dry Bulk,41.0,14.0,54.0,37.75
2024-09-08,CNNGB,Dry Bulk,48.0,25.0,50.0,40.57
2024-09-15,CNNGB,Dry Bulk,34.0,25.0,51.0,38.0
2024-09-22,CNNGB,Dry Bulk,38.0,19.0,56.0,41.43
2024-09-29,CNNGB,Dry Bulk,49.0,24.0,54.0,44.14
2024-10-06,CNNGB,Dry Bulk,47.0,19.0,53.0,40.14
2024-10-13,CNNGB,Dry Bulk,49.0,32.0,54.0,43.71
2024-10-20,CNNGB,Dry Bulk,44.0,37.0,55.0,42.57
2024-10-27,CNNGB,Dry Bulk,32.0,32.0,50.0,39.86
2024-11-03,CNNGB,Dry Bulk,33.0,25.0,51.0,40.14
2024-11-10,CNNGB,Dry Bulk,51.0,28.0,51.0,41.86
2024-11-17,CNNGB,Dry Bulk,36.0,22.0,49.0,38.0
2024-11-24,CNNGB,Dry Bulk,58.0,15.0,58.0,41.71
2024-12-01,CNNGB,Dry Bulk,46.0,22.0,58.0,38.57
2024-12-08,CNNGB,Dry Bulk,42.0,21.0,50.0,40.0
2024-12-15,CNNGB,Dry Bulk,48.0,22.0,48.0,39.43
2024-12-22,CNNGB,Dry Bulk,51.0,17.0,51.0,37.29
2024-12-29,CNNGB,Dry Bulk,43.0,28.0,53.0,42.57
2025-01-05,CNNGB,Dry Bulk,50.0,18.0,66.0,42.38
2025-01-12,CNNGB,Dry Bulk,50.0,22.0,53.0,39.62
2025-01-19,CNNGB,Dry Bulk,44.0,22.0,49.0,39.0
2025-01-26,CNNGB,Dry Bulk,38.0,30.0,49.0,40.25
2025-02-02,CNNGB,Dry Bulk,33.0,33.0,45.0,37.25
2025-02-09,CNNGB,Dry Bulk,33.0,33.0,46.0,39.38
2025-02-16,CNNGB,Dry Bulk,50.0,13.0,51.0,39.75
2025-02-23,CNNGB,Dry Bulk,48.0,28.0,51.0,41.62
2025-03-02,CNNGB,Dry Bulk,26.0,26.0,50.0,39.0
2025-03-09,CNNGB,Dry Bulk,40.0,17.0,51.0,40.0
2025-03-16,CNNGB,Dry Bulk,40.0,25.0,50.0,37.5
2025-03-23,CNNGB,Dry Bulk,56.0,36.0,56.0,42.12
2025-03-30,CNNGB,Dry Bulk,41.0,29.0,50.0,41.38
2025-04-06,CNNGB,Dry Bulk,64.0,29.0,64.0,43.12
2025-04-13,CNNGB,Dry Bulk,40.0,32.0,51.0,38.5
2025-04-20,CNNGB,Dry Bulk,46.0,18.0,57.0,40.62
2025-04-27,CNNGB,Dry Bulk,55.0,35.0,55.0,45.12
2025-05-04,CNNGB,Dry Bulk,52.0,34.0,52.0,40.0
2025-05-11,CNNGB,Dry Bulk,47.0,32.0,51.0,43.12
2025-05-18,CNNGB,Dry Bulk,49.0,32.0,53.0,41.88
2025-05-25,CNNGB,Dry Bulk,53.0,29.0,65.0,45.62
2025-06-01,CNNGB,Dry Bulk,46.0,35.0,46.0,40.75
2025-06-08,CNNGB,Dry Bulk,46.0,18.0,53.0,42.88
2025-06-15,CNNGB,Dry Bulk,34.0,29.0,49.0,39.25
2025-06-22,CNNGB,Dry Bulk,57.0,20.0,57.0,42.75
2025-06-29,CNNGB,Dry Bulk,50.0,29.0,53.0,43.62
2025-07-06,CNNGB,Dry Bulk,48.0,37.0,58.0,45.62
2025-07-13,CNNGB,Dry Bulk,57.0,17.0,57.0,40.38
2025-07-20,CNNGB,Dry Bulk,53.0,18.0,53.0,39.38
2025-07-27,CNNGB,Dry Bulk,37.0,26.0,47.0,39.0
2025-08-03,CNNGB,Dry Bulk,40.0,21.0,58.0,42.62
2025-08-10,CNNGB,Dry Bulk,47.0,20.0,50.0,37.62
2025-08-17,CNNGB,Dry Bulk,55.0,30.0,55.0,43.0
2025-08-24,CNNGB,Dry Bulk,50.0,30.0,52.0,45.5
2025-08-31,CNNGB,Dry Bulk,54.0,14.0,54.0,37.75
2025-09-07,CNNGB,Dry Bulk,49.0,25.0,50.0,40.57
2025-09-14,CNNGB,Dry Bulk,51.0,25.0,51.0,38.0
2025-09-21,CNNGB,Dry Bulk,56.0,19.0,56.0,41.43
2025-09-28,CNNGB,Dry Bulk,49.0,24.0,54.0,44.14
2025-10-05,CNNGB,Dry Bulk,48.0,19.0,53.0,40.14
2025-10-12,CNNGB,Dry Bulk,43.0,32.0,54.0,43.71
2025-10-19,CNNGB,Dry Bulk,39.0,37.0,55.0,42.57
2025-10-26,CNNGB,Dry Bulk,39.0,32.0,50.0,39.86
2025-11-02,CNNGB,Dry Bulk,44.0,25.0,51.0,40.14
2025-11-09,CNNGB,Dry Bulk,48.0,28.0,51.0,41.86
2025-11-16,CNNGB,Dry Bulk,49.0,22.0,49.0,38.0
2025-11-23,CNNGB,Dry Bulk,39.0,15.0,58.0,41.71
2025-11-30,CNNGB,Dry Bulk,40.0,22.0,58.0,38.57
2025-12-07,CNNGB,Dry Bulk,47.0,21.0,50.0,40.0
2025-12-14,CNNGB,Dry Bulk,42.0,22.0,48.0,39.43
2025-12-21,CNNGB,Dry Bulk,42.0,17.0,51.0,37.29
2025-12-28,CNNGB,Dry Bulk,44.0,28.0,53.0,42.57
2026-01-04,CNNGB,Dry Bulk,38.0,18.0,66.0,42.38
2026-01-11,CNNGB,Dry Bulk,44.0,22.0,53.0,39.62
2026-01-18,CNNGB,Dry Bulk,46.0,22.0,49.0,39.0
2026-01-25,CNNGB,Dry Bulk,47.0,30.0,49.0,40.25
2026-02-01,CNNGB,Dry Bulk,35.0,33.0,45.0,37.25
2026-02-08,CNNGB,Dry Bulk,46.0,33.0,46.0,39.38
2026-02-15,CNNGB,Dry Bulk,42.0,13.0,51.0,39.75
2026-02-22,CNNGB,Dry Bulk,40.0,28.0,51.0,41.62
2026-03-01,CNNGB,Dry Bulk,38.0,26.0,50.0,39.0
2026-03-08,CNNGB,Dry Bulk,47.0,17.0,51.0,40.0
2026-03-15,CNNGB,Dry Bulk,50.0,25.0,50.0,37.5
2026-03-22,CNNGB,Dry Bulk,41.0,36.0,56.0,42.12
2026-03-29,CNNGB,Dry Bulk,41.0,29.0,50.0,41.38
2026-04-05,CNNGB,Dry Bulk,49.0,29.0,64.0,43.12
2026-04-12,CNNGB,Dry Bulk,41.0,32.0,51.0,38.5
2026-04-19,CNNGB,Dry Bulk,50.0,18.0,57.0,40.62
2026-04-26,CNNGB,Dry Bulk,47.0,35.0,55.0,45.12
2026-05-03,CNNGB,Dry Bulk,42.0,34.0,52.0,40.0
2026-05-10,CNNGB,Dry Bulk,48.0,32.0,51.0,43.12
2026-05-17,CNNGB,Dry Bulk,43.0,32.0,53.0,41.88
2026-05-24,CNNGB,Dry Bulk,34.0,29.0,65.0,45.62
2026-05-31,CNNGB,Dry Bulk,42.0,35.0,46.0,40.75
2026-06-07,CNNGB,Dry Bulk,45.0,18.0,53.0,42.88
2026-06-14,CNNGB,Dry Bulk,43.0,29.0,49.0,39.25
2026-06-21,CNNGB,Dry Bulk,46.0,20.0,57.0,42.75
2026-06-28,CNNGB,Dry Bulk,53.0,29.0,53.0,43.62
2026-07-05,CNNGB,Dry Bulk,41.0,37.0,58.0,45.62
2026-07-12,CNNGB,Dry Bulk,17.0,17.0,57.0,40.38
2026-07-19,CNNGB,Dry Bulk,46.0,18.0,53.0,39.38
2026-07-26,CNNGB,Dry Bulk,47.0,26.0,47.0,39.0
2026-08-02,CNNGB,Dry Bulk,45.0,21.0,58.0,42.62
2026-08-09,CNNGB,Dry Bulk,20.0,20.0,50.0,37.62
2026-08-16,CNNGB,Dry Bulk,38.0,30.0,55.0,43.0
2026-08-23,CNNGB,Dry Bulk,45.0,30.0,52.0,45.5
2026-08-30,CNNGB,Dry Bulk,14.0,14.0,54.0,37.75
2019-01-06,CNQDG,Dry Bulk,26.0,16.0,35.0,23.5
2019-01-13,CNQDG,Dry Bulk,30.0,19.0,35.0,27.12
2019-01-20,CNQDG,Dry Bulk,30.0,22.0,42.0,27.25
2019-01-27,CNQDG,Dry Bulk,22.0,14.0,31.0,22.5
2019-02-03,CNQDG,Dry Bulk,27.0,18.0,29.0,22.12
2019-02-10,CNQDG,Dry Bulk,14.0,12.0,23.0,19.25
2019-02-17,CNQDG,Dry Bulk,31.0,18.0,31.0,23.38
2019-02-24,CNQDG,Dry Bulk,26.0,15.0,26.0,21.25
2019-03-03,CNQDG,Dry Bulk,29.0,9.0,29.0,18.88
2019-03-10,CNQDG,Dry Bulk,13.0,13.0,28.0,22.38
2019-03-17,CNQDG,Dry Bulk,20.0,13.0,29.0,20.88
2019-03-24,CNQDG,Dry Bulk,22.0,13.0,26.0,21.0
2019-03-31,CNQDG,Dry Bulk,28.0,16.0,34.0,24.5
2019-04-07,CNQDG,Dry Bulk,25.0,20.0,31.0,23.75
2019-04-14,CNQDG,Dry Bulk,24.0,18.0,30.0,22.25
2019-04-21,CNQDG,Dry Bulk,18.0,15.0,31.0,21.88
2019-04-28,CNQDG,Dry Bulk,22.0,19.0,27.0,23.0
2019-05-05,CNQDG,Dry Bulk,26.0,16.0,29.0,22.75
2019-05-12,CNQDG,Dry Bulk,20.0,16.0,29.0,23.88
2019-05-19,CNQDG,Dry Bulk,18.0,18.0,30.0,22.25
2019-05-26,CNQDG,Dry Bulk,16.0,16.0,33.0,24.0
2019-06-02,CNQDG,Dry Bulk,27.0,19.0,31.0,24.12
2019-06-09,CNQDG,Dry Bulk,26.0,15.0,29.0,24.25
2019-06-16,CNQDG,Dry Bulk,31.0,16.0,31.0,23.88
2019-06-23,CNQDG,Dry Bulk,23.0,12.0,28.0,21.62
2019-06-30,CNQDG,Dry Bulk,21.0,21.0,33.0,25.5
2019-07-07,CNQDG,Dry Bulk,26.0,19.0,28.0,24.25
2019-07-14,CNQDG,Dry Bulk,25.0,15.0,27.0,20.38
2019-07-21,CNQDG,Dry Bulk,27.0,14.0,30.0,23.5
2019-07-28,CNQDG,Dry Bulk,22.0,17.0,30.0,24.75
2019-08-04,CNQDG,Dry Bulk,31.0,20.0,34.0,26.5
2019-08-11,CNQDG,Dry Bulk,13.0,13.0,29.0,22.62
2019-08-18,CNQDG,Dry Bulk,31.0,18.0,39.0,28.12
2019-08-25,CNQDG,Dry Bulk,29.0,20.0,31.0,26.0
2019-09-01,CNQDG,Dry Bulk,24.0,21.0,35.0,26.38
2019-09-08,CNQDG,Dry Bulk,28.0,20.0,32.0,25.57
2019-09-15,CNQDG,Dry Bulk,33.0,19.0,35.0,28.29
2019-09-22,CNQDG,Dry Bulk,21.0,17.0,33.0,25.86
2019-09-29,CNQDG,Dry Bulk,31.0,21.0,31.0,26.71
2019-10-06,CNQDG,Dry Bulk,26.0,16.0,27.0,23.0
2019-10-13,CNQDG,Dry Bulk,32.0,23.0,32.0,28.14
2019-10-20,CNQDG,Dry Bulk,23.0,15.0,25.0,21.14
2019-10-27,CNQDG,Dry Bulk,22.0,16.0,35.0,24.57
2019-11-03,CNQDG,Dry Bulk,24.0,19.0,31.0,25.0
2019-11-10,CNQDG,Dry Bulk,28.0,18.0,40.0,25.14
2019-11-17,CNQDG,Dry Bulk,35.0,13.0,35.0,25.86
2019-11-24,CNQDG,Dry Bulk,22.0,18.0,34.0,23.86
2019-12-01,CNQDG,Dry Bulk,29.0,20.0,32.0,24.0
2019-12-08,CNQDG,Dry Bulk,28.0,13.0,28.0,22.57
2019-12-15,CNQDG,Dry Bulk,17.0,14.0,29.0,19.71
2019-12-22,CNQDG,Dry Bulk,30.0,13.0,30.0,21.86
2019-12-29,CNQDG,Dry Bulk,39.0,17.0,39.0,25.0
2020-01-05,CNQDG,Dry Bulk,35.0,16.0,35.0,23.5
2020-01-12,CNQDG,Dry Bulk,31.0,19.0,35.0,27.12
2020-01-19,CNQDG,Dry Bulk,42.0,22.0,42.0,27.25
2020-01-26,CNQDG,Dry Bulk,19.0,14.0,31.0,22.5
2020-02-02,CNQDG,Dry Bulk,18.0,18.0,29.0,22.12
2020-02-09,CNQDG,Dry Bulk,20.0,12.0,23.0,19.25
2020-02-16,CNQDG,Dry Bulk,18.0,18.0,31.0,23.38
2020-02-23,CNQDG,Dry Bulk,25.0,15.0,26.0,21.25
2020-03-01,CNQDG,Dry Bulk,20.0,9.0,29.0,18.88
2020-03-08,CNQDG,Dry Bulk,25.0,13.0,28.0,22.38
2020-03-15,CNQDG,Dry Bulk,22.0,13.0,29.0,20.88
2020-03-22,CNQDG,Dry Bulk,22.0,13.0,26.0,21.0
2020-03-29,CNQDG,Dry Bulk,20.0,16.0,34.0,24.5
2020-04-05,CNQDG,Dry Bulk,31.0,20.0,31.0,23.75
2020-04-12,CNQDG,Dry Bulk,27.0,18.0,30.0,22.25
2020-04-19,CNQDG,Dry Bulk,18.0,15.0,31.0,21.88
2020-04-26,CNQDG,Dry Bulk,20.0,19.0,27.0,23.0
2020-05-03,CNQDG,Dry Bulk,19.0,16.0,29.0,22.75
2020-05-10,CNQDG,Dry Bulk,29.0,16.0,29.0,23.88
2020-05-17,CNQDG,Dry Bulk,22.0,18.0,30.0,22.25
2020-05-24,CNQDG,Dry Bulk,33.0,16.0,33.0,24.0
2020-05-31,CNQDG,Dry Bulk,23.0,19.0,31.0,24.12
2020-06-07,CNQDG,Dry Bulk,29.0,15.0,29.0,24.25
2020-06-14,CNQDG,Dry Bulk,30.0,16.0,31.0,23.88
2020-06-21,CNQDG,Dry Bulk,21.0,12.0,28.0,21.62
2020-06-28,CNQDG,Dry Bulk,28.0,21.0,33.0,25.5
2020-07-05,CNQDG,Dry Bulk,28.0,19.0,28.0,24.25
2020-07-12,CNQDG,Dry Bulk,20.0,15.0,27.0,20.38
2020-07-19,CNQDG,Dry Bulk,21.0,14.0,30.0,23.5
2020-07-26,CNQDG,Dry Bulk,29.0,17.0,30.0,24.75
2020-08-02,CNQDG,Dry Bulk,28.0,20.0,34.0,26.5
2020-08-09,CNQDG,Dry Bulk,22.0,13.0,29.0,22.62
2020-08-16,CNQDG,Dry Bulk,39.0,18.0,39.0,28.12
2020-08-23,CNQDG,Dry Bulk,31.0,20.0,31.0,26.0
2020-08-30,CNQDG,Dry Bulk,28.0,21.0,35.0,26.38
2020-09-06,CNQDG,Dry Bulk,26.0,20.0,32.0,25.57
2020-09-13,CNQDG,Dry Bulk,24.0,19.0,35.0,28.29
2020-09-20,CNQDG,Dry Bulk,23.0,17.0,33.0,25.86
2020-09-27,CNQDG,Dry Bulk,22.0,21.0,31.0,26.71
2020-10-04,CNQDG,Dry Bulk,27.0,16.0,27.0,23.0
2020-10-11,CNQDG,Dry Bulk,25.0,23.0,32.0,28.14
2020-10-18,CNQDG,Dry Bulk,24.0,15.0,25.0,21.14
2020-10-25,CNQDG,Dry Bulk,22.0,16.0,35.0,24.57
2020-11-01,CNQDG,Dry Bulk,31.0,19.0,31.0,25.0
2020-11-08,CNQDG,Dry Bulk,20.0,18.0,40.0,25.14
2020-11-15,CNQDG,Dry Bulk,30.0,13.0,35.0,25.86
2020-11-22,CNQDG,Dry Bulk,25.0,18.0,34.0,23.86
2020-11-29,CNQDG,Dry Bulk,32.0,20.0,32.0,24.0
2020-12-06,CNQDG,Dry Bulk,25.0,13.0,28.0,22.57
2020-12-13,CNQDG,Dry Bulk,28.0,14.0,29.0,19.71
2020-12-20,CNQDG,Dry Bulk,25.0,13.0,30.0,21.86
2020-12-27,CNQDG,Dry Bulk,22.0,17.0,39.0,25.0
2021-01-03,CNQDG,Dry Bulk,25.0,20.0,30.0,25.0
2021-01-10,CNQDG,Dry Bulk,19.0,16.0,35.0,23.5
2021-01-17,CNQDG,Dry Bulk,33.0,19.0,35.0,27.12
2021-01-24,CNQDG,Dry Bulk,30.0,22.0,42.0,27.25
2021-01-31,CNQDG,Dry Bulk,31.0,14.0,31.0,22.5
2021-02-07,CNQDG,Dry Bulk,24.0,18.0,29.0,22.12
2021-02-14,CNQDG,Dry Bulk,23.0,12.0,23.0,19.25
2021-02-21,CNQDG,Dry Bulk,24.0,18.0,31.0,23.38
2021-02-28,CNQDG,Dry Bulk,20.0,15.0,26.0,21.25
2021-03-07,CNQDG,Dry Bulk,19.0,9.0,29.0,18.88
2021-03-14,CNQDG,Dry Bulk,21.0,13.0,28.0,22.38
2021-03-21,CNQDG,Dry Bulk,21.0,13.0,29.0,20.88
2021-03-28,CNQDG,Dry Bulk,26.0,13.0,26.0,21.0
2021-04-04,CNQDG,Dry Bulk,22.0,16.0,34.0,24.5
2021-04-11,CNQDG,Dry Bulk,29.0,20.0,31.0,23.75
2021-04-18,CNQDG,Dry Bulk,21.0,18.0,30.0,22.25
2021-04-25,CNQDG,Dry Bulk,31.0,15.0,31.0,21.88
2021-05-02,CNQDG,Dry Bulk,27.0,19.0,27.0,23.0
2021-05-09,CNQDG,Dry Bulk,26.0,16.0,29.0,22.75
2021-05-16,CNQDG,Dry Bulk,26.0,16.0,29.0,23.88
2021-05-23,CNQDG,Dry Bulk,30.0,18.0,30.0,22.25
2021-05-30,CNQDG,Dry Bulk,22.0,16.0,33.0,24.0
2021-06-06,CNQDG,Dry Bulk,27.0,19.0,31.0,24.12
2021-06-13,CNQDG,Dry Bulk,23.0,15.0,29.0,24.25
2021-06-20,CNQDG,Dry Bulk,21.0,16.0,31.0,23.88
2021-06-27,CNQDG,Dry Bulk,28.0,12.0,28.0,21.62
2021-07-04,CNQDG,Dry Bulk,33.0,21.0,33.0,25.5
2021-07-11,CNQDG,Dry Bulk,28.0,19.0,28.0,24.25
2021-07-18,CNQDG,Dry Bulk,19.0,15.0,27.0,20.38
2021-07-25,CNQDG,Dry Bulk,30.0,14.0,30.0,23.5
2021-08-01,CNQDG,Dry Bulk,27.0,17.0,30.0,24.75
2021-08-08,CNQDG,Dry Bulk,34.0,20.0,34.0,26.5
2021-08-15,CNQDG,Dry Bulk,29.0,13.0,29.0,22.62
2021-08-22,CNQDG,Dry Bulk,35.0,18.0,39.0,28.12
2021-08-29,CNQDG,Dry Bulk,20.0,20.0,31.0,26.0
2021-09-05,CNQDG,Dry Bulk,33.0,21.0,35.0,26.38
2021-09-12,CNQDG,Dry Bulk,32.0,20.0,32.0,25.57
2021-09-19,CNQDG,Dry Bulk,32.0,19.0,35.0,28.29
2021-09-26,CNQDG,Dry Bulk,30.0,17.0,33.0,25.86
2021-10-03,CNQDG,Dry Bulk,30.0,21.0,31.0,26.71
2021-10-10,CNQDG,Dry Bulk,26.0,16.0,27.0,23.0
2021-10-17,CNQDG,Dry Bulk,32.0,23.0,32.0,28.14
2021-10-24,CNQDG,Dry Bulk,25.0,15.0,25.0,21.14
2021-10-31,CNQDG,Dry Bulk,35.0,16.0,35.0,24.57
2021-11-07,CNQDG,Dry Bulk,26.0,19.0,31.0,25.0
2021-11-14,CNQDG,Dry Bulk,40.0,18.0,40.0,25.14
2021-11-21,CNQDG,Dry Bulk,30.0,13.0,35.0,25.86
2021-11-28,CNQDG,Dry Bulk,34.0,18.0,34.0,23.86
2021-12-05,CNQDG,Dry Bulk,22.0,20.0,32.0,24.0
2021-12-12,CNQDG,Dry Bulk,27.0,13.0,28.0,22.57
2021-12-19,CNQDG,Dry Bulk,29.0,14.0,29.0,19.71
2021-12-26,CNQDG,Dry Bulk,25.0,13.0,30.0,21.86
2022-01-02,CNQDG,Dry Bulk,31.0,17.0,39.0,25.0
2022-01-09,CNQDG,Dry Bulk,25.0,16.0,35.0,23.5
2022-01-16,CNQDG,Dry Bulk,35.0,19.0,35.0,27.12
2022-01-23,CNQDG,Dry Bulk,22.0,22.0,42.0,27.25
2022-01-30,CNQDG,Dry Bulk,30.0,14.0,31.0,22.5
2022-02-06,CNQDG,Dry Bulk,29.0,18.0,29.0,22.12
2022-02-13,CNQDG,Dry Bulk,23.0,12.0,23.0,19.25
2022-02-20,CNQDG,Dry Bulk,23.0,18.0,31.0,23.38
2022-02-27,CNQDG,Dry Bulk,25.0,15.0,26.0,21.25
2022-03-06,CNQDG,Dry Bulk,22.0,9.0,29.0,18.88
2022-03-13,CNQDG,Dry Bulk,25.0,13.0,28.0,22.38
2022-03-20,CNQDG,Dry Bulk,29.0,13.0,29.0,20.88
2022-03-27,CNQDG,Dry Bulk,20.0,13.0,26.0,21.0
2022-04-03,CNQDG,Dry Bulk,30.0,16.0,34.0,24.5
2022-04-10,CNQDG,Dry Bulk,21.0,20.0,31.0,23.75
2022-04-17,CNQDG,Dry Bulk,30.0,18.0,30.0,22.25
2022-04-24,CNQDG,Dry Bulk,19.0,15.0,31.0,21.88
2022-05-01,CNQDG,Dry Bulk,25.0,19.0,27.0,23.0
2022-05-08,CNQDG,Dry Bulk,25.0,16.0,29.0,22.75
2022-05-15,CNQDG,Dry Bulk,29.0,16.0,29.0,23.88
2022-05-22,CNQDG,Dry Bulk,22.0,18.0,30.0,22.25
2022-05-29,CNQDG,Dry Bulk,22.0,16.0,33.0,24.0
2022-06-05,CNQDG,Dry Bulk,24.0,19.0,31.0,24.12
2022-06-12,CNQDG,Dry Bulk,28.0,15.0,29.0,24.25
2022-06-19,CNQDG,Dry Bulk,24.0,16.0,31.0,23.88
2022-06-26,CNQDG,Dry Bulk,27.0,12.0,28.0,21.62
2022-07-03,CNQDG,Dry Bulk,26.0,21.0,33.0,25.5
2022-07-10,CNQDG,Dry Bulk,28.0,19.0,28.0,24.25
2022-07-17,CNQDG,Dry Bulk,17.0,15.0,27.0,20.38
2022-07-24,CNQDG,Dry Bulk,25.0,14.0,30.0,23.5
2022-07-31,CNQDG,Dry Bulk,28.0,17.0,30.0,24.75
2022-08-07,CNQDG,Dry Bulk,28.0,20.0,34.0,26.5
2022-08-14,CNQDG,Dry Bulk,23.0,13.0,29.0,22.62
2022-08-21,CNQDG,Dry Bulk,27.0,18.0,39.0,28.12
2022-08-28,CNQDG,Dry Bulk,28.0,20.0,31.0,26.0
2022-09-04,CNQDG,Dry Bulk,35.0,21.0,35.0,26.38
2022-09-11,CNQDG,Dry Bulk,26.0,20.0,32.0,25.57
2022-09-18,CNQDG,Dry Bulk,35.0,19.0,35.0,28.29
2022-09-25,CNQDG,Dry Bulk,33.0,17.0,33.0,25.86
2022-10-02,CNQDG,Dry Bulk,29.0,21.0,31.0,26.71
2022-10-09,CNQDG,Dry Bulk,16.0,16.0,27.0,23.0
2022-10-16,CNQDG,Dry Bulk,29.0,23.0,32.0,28.14
2022-10-23,CNQDG,Dry Bulk,24.0,15.0,25.0,21.14
2022-10-30,CNQDG,Dry Bulk,23.0,16.0,35.0,24.57
2022-11-06,CNQDG,Dry Bulk,28.0,19.0,31.0,25.0
2022-11-13,CNQDG,Dry Bulk,28.0,18.0,40.0,25.14
2022-11-20,CNQDG,Dry Bulk,31.0,13.0,35.0,25.86
2022-11-27,CNQDG,Dry Bulk,27.0,18.0,34.0,23.86
2022-12-04,CNQDG,Dry Bulk,22.0,20.0,32.0,24.0
2022-12-11,CNQDG,Dry Bulk,23.0,13.0,28.0,22.57
2022-12-18,CNQDG,Dry Bulk,18.0,14.0,29.0,19.71
2022-12-25,CNQDG,Dry Bulk,23.0,13.0,30.0,21.86
2023-01-01,CNQDG,Dry Bulk,28.0,17.0,39.0,25.0
2023-01-08,CNQDG,Dry Bulk,25.0,16.0,35.0,23.5
2023-01-15,CNQDG,Dry Bulk,24.0,19.0,35.0,27.12
2023-01-22,CNQDG,Dry Bulk,22.0,22.0,42.0,27.25
2023-01-29,CNQDG,Dry Bulk,17.0,14.0,31.0,22.5
2023-02-05,CNQDG,Dry Bulk,19.0,18.0,29.0,22.12
2023-02-12,CNQDG,Dry Bulk,23.0,12.0,23.0,19.25
2023-02-19,CNQDG,Dry Bulk,20.0,18.0,31.0,23.38
2023-02-26,CNQDG,Dry Bulk,17.0,15.0,26.0,21.25
2023-03-05,CNQDG,Dry Bulk,21.0,9.0,29.0,18.88
2023-03-12,CNQDG,Dry Bulk,24.0,13.0,28.0,22.38
2023-03-19,CNQDG,Dry Bulk,21.0,13.0,29.0,20.88
2023-03-26,CNQDG,Dry Bulk,22.0,13.0,26.0,21.0
2023-04-02,CNQDG,Dry Bulk,34.0,16.0,34.0,24.5
2023-04-09,CNQDG,Dry Bulk,23.0,20.0,31.0,23.75
2023-04-16,CNQDG,Dry Bulk,20.0,18.0,30.0,22.25
2023-04-23,CNQDG,Dry Bulk,26.0,15.0,31.0,21.88
2023-04-30,CNQDG,Dry Bulk,24.0,19.0,27.0,23.0
2023-05-07,CNQDG,Dry Bulk,29.0,16.0,29.0,22.75
2023-05-14,CNQDG,Dry Bulk,26.0,16.0,29.0,23.88
2023-05-21,CNQDG,Dry Bulk,18.0,18.0,30.0,22.25
2023-05-28,CNQDG,Dry Bulk,31.0,16.0,33.0,24.0
2023-06-04,CNQDG,Dry Bulk,23.0,19.0,31.0,24.12
2023-06-11,CNQDG,Dry Bulk,27.0,15.0,29.0,24.25
2023-06-18,CNQDG,Dry Bulk,21.0,16.0,31.0,23.88
2023-06-25,CNQDG,Dry Bulk,24.0,12.0,28.0,21.62
2023-07-02,CNQDG,Dry Bulk,22.0,21.0,33.0,25.5
2023-07-09,CNQDG,Dry Bulk,25.0,19.0,28.0,24.25
2023-07-16,CNQDG,Dry Bulk,27.0,15.0,27.0,20.38
2023-07-23,CNQDG,Dry Bulk,30.0,14.0,30.0,23.5
2023-07-30,CNQDG,Dry Bulk,30.0,17.0,30.0,24.75
2023-08-06,CNQDG,Dry Bulk,26.0,20.0,34.0,26.5
2023-08-13,CNQDG,Dry Bulk,24.0,13.0,29.0,22.62
2023-08-20,CNQDG,Dry Bulk,18.0,18.0,39.0,28.12
2023-08-27,CNQDG,Dry Bulk,28.0,20.0,31.0,26.0
2023-09-03,CNQDG,Dry Bulk,21.0,21.0,35.0,26.38
2023-09-10,CNQDG,Dry Bulk,21.0,20.0,32.0,25.57
2023-09-17,CNQDG,Dry Bulk,30.0,19.0,35.0,28.29
2023-09-24,CNQDG,Dry Bulk,30.0,17.0,33.0,25.86
2023-10-01,CNQDG,Dry Bulk,28.0,21.0,31.0,26.71
2023-10-08,CNQDG,Dry Bulk,18.0,16.0,27.0,23.0
2023-10-15,CNQDG,Dry Bulk,30.0,23.0,32.0,28.14
2023-10-22,CNQDG,Dry Bulk,22.0,15.0,25.0,21.14
2023-10-29,CNQDG,Dry Bulk,30.0,16.0,35.0,24.57
2023-11-05,CNQDG,Dry Bulk,19.0,19.0,31.0,25.0
2023-11-12,CNQDG,Dry Bulk,18.0,18.0,40.0,25.14
2023-11-19,CNQDG,Dry Bulk,20.0,13.0,35.0,25.86
2023-11-26,CNQDG,Dry Bulk,19.0,18.0,34.0,23.86
2023-12-03,CNQDG,Dry Bulk,20.0,20.0,32.0,24.0
2023-12-10,CNQDG,Dry Bulk,20.0,13.0,28.0,22.57
2023-12-17,CNQDG,Dry Bulk,15.0,14.0,29.0,19.71
2023-12-24,CNQDG,Dry Bulk,22.0,13.0,30.0,21.86
2023-12-31,CNQDG,Dry Bulk,18.0,17.0,39.0,25.0
2024-01-07,CNQDG,Dry Bulk,22.0,16.0,35.0,23.5
2024-01-14,CNQDG,Dry Bulk,19.0,19.0,35.0,27.12
2024-01-21,CNQDG,Dry Bulk,23.0,22.0,42.0,27.25
2024-01-28,CNQDG,Dry Bulk,14.0,14.0,31.0,22.5
2024-02-04,CNQDG,Dry Bulk,18.0,18.0,29.0,22.12
2024-02-11,CNQDG,Dry Bulk,21.0,12.0,23.0,19.25
2024-02-18,CNQDG,Dry Bulk,25.0,18.0,31.0,23.38
2024-02-25,CNQDG,Dry Bulk,18.0,15.0,26.0,21.25
2024-03-03,CNQDG,Dry Bulk,18.0,9.0,29.0,18.88
2024-03-10,CNQDG,Dry Bulk,20.0,13.0,28.0,22.38
2024-03-17,CNQDG,Dry Bulk,16.0,13.0,29.0,20.88
2024-03-24,CNQDG,Dry Bulk,18.0,13.0,26.0,21.0
2024-03-31,CNQDG,Dry Bulk,22.0,16.0,34.0,24.5
2024-04-07,CNQDG,Dry Bulk,20.0,20.0,31.0,23.75
2024-04-14,CNQDG,Dry Bulk,18.0,18.0,30.0,22.25
2024-04-21,CNQDG,Dry Bulk,25.0,15.0,31.0,21.88
2024-04-28,CNQDG,Dry Bulk,19.0,19.0,27.0,23.0
2024-05-05,CNQDG,Dry Bulk,18.0,16.0,29.0,22.75
2024-05-12,CNQDG,Dry Bulk,24.0,16.0,29.0,23.88
2024-05-19,CNQDG,Dry Bulk,22.0,18.0,30.0,22.25
2024-05-26,CNQDG,Dry Bulk,19.0,16.0,33.0,24.0
2024-06-02,CNQDG,Dry Bulk,19.0,19.0,31.0,24.12
2024-06-09,CNQDG,Dry Bulk,20.0,15.0,29.0,24.25
2024-06-16,CNQDG,Dry Bulk,19.0,16.0,31.0,23.88
2024-06-23,CNQDG,Dry Bulk,12.0,12.0,28.0,21.62
2024-06-30,CNQDG,Dry Bulk,23.0,21.0,33.0,25.5
2024-07-07,CNQDG,Dry Bulk,19.0,19.0,28.0,24.25
2024-07-14,CNQDG,Dry Bulk,21.0,15.0,27.0,20.38
2024-07-21,CNQDG,Dry Bulk,16.0,14.0,30.0,23.5
2024-07-28,CNQDG,Dry Bulk,22.0,17.0,30.0,24.75
2024-08-04,CNQDG,Dry Bulk,22.0,20.0,34.0,26.5
2024-08-11,CNQDG,Dry Bulk,22.0,13.0,29.0,22.62
2024-08-18,CNQDG,Dry Bulk,28.0,18.0,39.0,28.12
2024-08-25,CNQDG,Dry Bulk,23.0,20.0,31.0,26.0
2024-09-01,CNQDG,Dry Bulk,23.0,21.0,35.0,26.38
2024-09-08,CNQDG,Dry Bulk,20.0,20.0,32.0,25.57
2024-09-15,CNQDG,Dry Bulk,25.0,19.0,35.0,28.29
2024-09-22,CNQDG,Dry Bulk,17.0,17.0,33.0,25.86
2024-09-29,CNQDG,Dry Bulk,26.0,21.0,31.0,26.71
2024-10-06,CNQDG,Dry Bulk,27.0,16.0,27.0,23.0
2024-10-13,CNQDG,Dry Bulk,26.0,23.0,32.0,28.14
2024-10-20,CNQDG,Dry Bulk,15.0,15.0,25.0,21.14
2024-10-27,CNQDG,Dry Bulk,16.0,16.0,35.0,24.57
2024-11-03,CNQDG,Dry Bulk,25.0,19.0,31.0,25.0
2024-11-10,CNQDG,Dry Bulk,24.0,18.0,40.0,25.14
2024-11-17,CNQDG,Dry Bulk,22.0,13.0,35.0,25.86
2024-11-24,CNQDG,Dry Bulk,22.0,18.0,34.0,23.86
2024-12-01,CNQDG,Dry Bulk,22.0,20.0,32.0,24.0
2024-12-08,CNQDG,Dry Bulk,22.0,13.0,28.0,22.57
2024-12-15,CNQDG,Dry Bulk,17.0,14.0,29.0,19.71
2024-12-22,CNQDG,Dry Bulk,13.0,13.0,30.0,21.86
2024-12-29,CNQDG,Dry Bulk,17.0,17.0,39.0,25.0
2025-01-05,CNQDG,Dry Bulk,20.0,16.0,35.0,23.5
2025-01-12,CNQDG,Dry Bulk,25.0,19.0,35.0,27.12
2025-01-19,CNQDG,Dry Bulk,25.0,22.0,42.0,27.25
2025-01-26,CNQDG,Dry Bulk,22.0,14.0,31.0,22.5
2025-02-02,CNQDG,Dry Bulk,20.0,18.0,29.0,22.12
2025-02-09,CNQDG,Dry Bulk,12.0,12.0,23.0,19.25
2025-02-16,CNQDG,Dry Bulk,21.0,18.0,31.0,23.38
2025-02-23,CNQDG,Dry Bulk,15.0,15.0,26.0,21.25
2025-03-02,CNQDG,Dry Bulk,9.0,9.0,29.0,18.88
2025-03-09,CNQDG,Dry Bulk,28.0,13.0,28.0,22.38
2025-03-16,CNQDG,Dry Bulk,25.0,13.0,29.0,20.88
2025-03-23,CNQDG,Dry Bulk,25.0,13.0,26.0,21.0
2025-03-30,CNQDG,Dry Bulk,24.0,16.0,34.0,24.5
2025-04-06,CNQDG,Dry Bulk,21.0,20.0,31.0,23.75
2025-04-13,CNQDG,Dry Bulk,18.0,18.0,30.0,22.25
2025-04-20,CNQDG,Dry Bulk,23.0,15.0,31.0,21.88
2025-04-27,CNQDG,Dry Bulk,23.0,19.0,27.0,23.0
2025-05-04,CNQDG,Dry Bulk,23.0,16.0,29.0,22.75
2025-05-11,CNQDG,Dry Bulk,21.0,16.0,29.0,23.88
2025-05-18,CNQDG,Dry Bulk,24.0,18.0,30.0,22.25
2025-05-25,CNQDG,Dry Bulk,28.0,16.0,33.0,24.0
2025-06-01,CNQDG,Dry Bulk,31.0,19.0,31.0,24.12
2025-06-08,CNQDG,Dry Bulk,26.0,15.0,29.0,24.25
2025-06-15,CNQDG,Dry Bulk,29.0,16.0,31.0,23.88
2025-06-22,CNQDG,Dry Bulk,19.0,12.0,28.0,21.62
2025-06-29,CNQDG,Dry Bulk,24.0,21.0,33.0,25.5
2025-07-06,CNQDG,Dry Bulk,19.0,19.0,28.0,24.25
2025-07-13,CNQDG,Dry Bulk,19.0,15.0,27.0,20.38
2025-07-20,CNQDG,Dry Bulk,14.0,14.0,30.0,23.5
2025-07-27,CNQDG,Dry Bulk,17.0,17.0,30.0,24.75
2025-08-03,CNQDG,Dry Bulk,20.0,20.0,34.0,26.5
2025-08-10,CNQDG,Dry Bulk,25.0,13.0,29.0,22.62
2025-08-17,CNQDG,Dry Bulk,23.0,18.0,39.0,28.12
2025-08-24,CNQDG,Dry Bulk,23.0,20.0,31.0,26.0
2025-08-31,CNQDG,Dry Bulk,26.0,21.0,35.0,26.38
2025-09-07,CNQDG,Dry Bulk,26.0,20.0,32.0,25.57
2025-09-14,CNQDG,Dry Bulk,19.0,19.0,35.0,28.29
2025-09-21,CNQDG,Dry Bulk,27.0,17.0,33.0,25.86
2025-09-28,CNQDG,Dry Bulk,21.0,21.0,31.0,26.71
2025-10-05,CNQDG,Dry Bulk,21.0,16.0,27.0,23.0
2025-10-12,CNQDG,Dry Bulk,23.0,23.0,32.0,28.14
2025-10-19,CNQDG,Dry Bulk,15.0,15.0,25.0,21.14
2025-10-26,CNQDG,Dry Bulk,24.0,16.0,35.0,24.57
2025-11-02,CNQDG,Dry Bulk,22.0,19.0,31.0,25.0
2025-11-09,CNQDG,Dry Bulk,18.0,18.0,40.0,25.14
2025-11-16,CNQDG,Dry Bulk,13.0,13.0,35.0,25.86
2025-11-23,CNQDG,Dry Bulk,18.0,18.0,34.0,23.86
2025-11-30,CNQDG,Dry Bulk,21.0,20.0,32.0,24.0
2025-12-07,CNQDG,Dry Bulk,13.0,13.0,28.0,22.57
2025-12-14,CNQDG,Dry Bulk,14.0,14.0,29.0,19.71
2025-12-21,CNQDG,Dry Bulk,15.0,13.0,30.0,21.86
2025-12-28,CNQDG,Dry Bulk,20.0,17.0,39.0,25.0
2026-01-04,CNQDG,Dry Bulk,16.0,16.0,35.0,23.5
2026-01-11,CNQDG,Dry Bulk,20.0,19.0,35.0,27.12
2026-01-18,CNQDG,Dry Bulk,24.0,22.0,42.0,27.25
2026-01-25,CNQDG,Dry Bulk,25.0,14.0,31.0,22.5
2026-02-01,CNQDG,Dry Bulk,22.0,18.0,29.0,22.12
2026-02-08,CNQDG,Dry Bulk,18.0,12.0,23.0,19.25
2026-02-15,CNQDG,Dry Bulk,25.0,18.0,31.0,23.38
2026-02-22,CNQDG,Dry Bulk,24.0,15.0,26.0,21.25
2026-03-01,CNQDG,Dry Bulk,13.0,9.0,29.0,18.88
2026-03-08,CNQDG,Dry Bulk,23.0,13.0,28.0,22.38
2026-03-15,CNQDG,Dry Bulk,13.0,13.0,29.0,20.88
2026-03-22,CNQDG,Dry Bulk,13.0,13.0,26.0,21.0
2026-03-29,CNQDG,Dry Bulk,16.0,16.0,34.0,24.5
2026-04-05,CNQDG,Dry Bulk,20.0,20.0,31.0,23.75
2026-04-12,CNQDG,Dry Bulk,20.0,18.0,30.0,22.25
2026-04-19,CNQDG,Dry Bulk,15.0,15.0,31.0,21.88
2026-04-26,CNQDG,Dry Bulk,24.0,19.0,27.0,23.0
2026-05-03,CNQDG,Dry Bulk,16.0,16.0,29.0,22.75
2026-05-10,CNQDG,Dry Bulk,16.0,16.0,29.0,23.88
2026-05-17,CNQDG,Dry Bulk,22.0,18.0,30.0,22.25
2026-05-24,CNQDG,Dry Bulk,21.0,16.0,33.0,24.0
2026-05-31,CNQDG,Dry Bulk,19.0,19.0,31.0,24.12
2026-06-07,CNQDG,Dry Bulk,15.0,15.0,29.0,24.25
2026-06-14,CNQDG,Dry Bulk,16.0,16.0,31.0,23.88
2026-06-21,CNQDG,Dry Bulk,19.0,12.0,28.0,21.62
2026-06-28,CNQDG,Dry Bulk,27.0,21.0,33.0,25.5
2026-07-05,CNQDG,Dry Bulk,21.0,19.0,28.0,24.25
2026-07-12,CNQDG,Dry Bulk,15.0,15.0,27.0,20.38
2026-07-19,CNQDG,Dry Bulk,25.0,14.0,30.0,23.5
2026-07-26,CNQDG,Dry Bulk,23.0,17.0,30.0,24.75
2026-08-02,CNQDG,Dry Bulk,23.0,20.0,34.0,26.5
2026-08-09,CNQDG,Dry Bulk,23.0,13.0,29.0,22.62
2026-08-16,CNQDG,Dry Bulk,24.0,18.0,39.0,28.12
2026-08-23,CNQDG,Dry Bulk,26.0,20.0,31.0,26.0
2026-08-30,CNQDG,Dry Bulk,21.0,21.0,35.0,26.38
2019-01-06,CNRZH,Dry Bulk,21.0,21.0,42.0,34.75
2019-01-13,CNRZH,Dry Bulk,32.0,29.0,41.0,33.62
2019-01-20,CNRZH,Dry Bulk,44.0,33.0,47.0,39.25
2019-01-27,CNRZH,Dry Bulk,37.0,25.0,41.0,34.25
2019-02-03,CNRZH,Dry Bulk,27.0,26.0,38.0,31.75
2019-02-10,CNRZH,Dry Bulk,27.0,24.0,43.0,33.5
2019-02-17,CNRZH,Dry Bulk,32.0,23.0,41.0,31.0
2019-02-24,CNRZH,Dry Bulk,35.0,22.0,43.0,30.5
2019-03-03,CNRZH,Dry Bulk,27.0,11.0,45.0,31.5
2019-03-10,CNRZH,Dry Bulk,28.0,22.0,35.0,29.38
2019-03-17,CNRZH,Dry Bulk,35.0,28.0,38.0,33.88
2019-03-24,CNRZH,Dry Bulk,19.0,15.0,42.0,31.12
2019-03-31,CNRZH,Dry Bulk,32.0,22.0,42.0,32.62
2019-04-07,CNRZH,Dry Bulk,23.0,23.0,39.0,31.62
2019-04-14,CNRZH,Dry Bulk,32.0,22.0,50.0,34.25
2019-04-21,CNRZH,Dry Bulk,25.0,20.0,46.0,30.5
2019-04-28,CNRZH,Dry Bulk,28.0,18.0,42.0,32.25
2019-05-05,CNRZH,Dry Bulk,22.0,22.0,48.0,34.12
2019-05-12,CNRZH,Dry Bulk,24.0,23.0,43.0,32.25
2019-05-19,CNRZH,Dry Bulk,28.0,24.0,40.0,31.75
2019-05-26,CNRZH,Dry Bulk,35.0,24.0,44.0,32.88
2019-06-02,CNRZH,Dry Bulk,38.0,27.0,38.0,35.38
2019-06-09,CNRZH,Dry Bulk,22.0,22.0,42.0,29.38
2019-06-16,CNRZH,Dry Bulk,33.0,32.0,40.0,35.62
2019-06-23,CNRZH,Dry Bulk,35.0,30.0,43.0,34.38
2019-06-30,CNRZH,Dry Bulk,31.0,27.0,41.0,33.0
2019-07-07,CNRZH,Dry Bulk,27.0,17.0,39.0,31.0
2019-07-14,CNRZH,Dry Bulk,41.0,25.0,41.0,31.25
2019-07-21,CNRZH,Dry Bulk,39.0,24.0,42.0,35.62
2019-07-28,CNRZH,Dry Bulk,34.0,20.0,40.0,29.5
2019-08-04,CNRZH,Dry Bulk,23.0,23.0,45.0,34.38
2019-08-11,CNRZH,Dry Bulk,20.0,20.0,37.0,30.62
2019-08-18,CNRZH,Dry Bulk,47.0,25.0,47.0,33.88
2019-08-25,CNRZH,Dry Bulk,33.0,24.0,45.0,34.88
2019-09-01,CNRZH,Dry Bulk,34.0,29.0,36.0,32.5
2019-09-08,CNRZH,Dry Bulk,23.0,23.0,44.0,33.86
2019-09-15,CNRZH,Dry Bulk,29.0,25.0,35.0,29.0
2019-09-22,CNRZH,Dry Bulk,33.0,29.0,41.0,35.29
2019-09-29,CNRZH,Dry Bulk,38.0,31.0,46.0,36.14
2019-10-06,CNRZH,Dry Bulk,31.0,20.0,38.0,30.86
2019-10-13,CNRZH,Dry Bulk,32.0,32.0,40.0,34.86
2019-10-20,CNRZH,Dry Bulk,34.0,26.0,44.0,35.29
2019-10-27,CNRZH,Dry Bulk,34.0,30.0,42.0,35.0
2019-11-03,CNRZH,Dry Bulk,24.0,19.0,36.0,29.29
2019-11-10,CNRZH,Dry Bulk,25.0,25.0,44.0,34.43
2019-11-17,CNRZH,Dry Bulk,27.0,25.0,47.0,33.43
2019-11-24,CNRZH,Dry Bulk,28.0,25.0,43.0,32.29
2019-12-01,CNRZH,Dry Bulk,30.0,25.0,42.0,32.14
2019-12-08,CNRZH,Dry Bulk,18.0,18.0,36.0,29.71
2019-12-15,CNRZH,Dry Bulk,34.0,21.0,39.0,30.29
2019-12-22,CNRZH,Dry Bulk,36.0,26.0,45.0,34.0
2019-12-29,CNRZH,Dry Bulk,31.0,31.0,43.0,37.29
2020-01-05,CNRZH,Dry Bulk,30.0,21.0,42.0,34.75
2020-01-12,CNRZH,Dry Bulk,29.0,29.0,41.0,33.62
2020-01-19,CNRZH,Dry Bulk,37.0,33.0,47.0,39.25
2020-01-26,CNRZH,Dry Bulk,27.0,25.0,41.0,34.25
2020-02-02,CNRZH,Dry Bulk,26.0,26.0,38.0,31.75
2020-02-09,CNRZH,Dry Bulk,34.0,24.0,43.0,33.5
2020-02-16,CNRZH,Dry Bulk,23.0,23.0,41.0,31.0
2020-02-23,CNRZH,Dry Bulk,35.0,22.0,43.0,30.5
2020-03-01,CNRZH,Dry Bulk,30.0,11.0,45.0,31.5
2020-03-08,CNRZH,Dry Bulk,23.0,22.0,35.0,29.38
2020-03-15,CNRZH,Dry Bulk,34.0,28.0,38.0,33.88
2020-03-22,CNRZH,Dry Bulk,31.0,15.0,42.0,31.12
2020-03-29,CNRZH,Dry Bulk,33.0,22.0,42.0,32.62
2020-04-05,CNRZH,Dry Bulk,31.0,23.0,39.0,31.62
2020-04-12,CNRZH,Dry Bulk,30.0,22.0,50.0,34.25
2020-04-19,CNRZH,Dry Bulk,33.0,20.0,46.0,30.5
2020-04-26,CNRZH,Dry Bulk,31.0,18.0,42.0,32.25
2020-05-03,CNRZH,Dry Bulk,28.0,22.0,48.0,34.12
2020-05-10,CNRZH,Dry Bulk,29.0,23.0,43.0,32.25
2020-05-17,CNRZH,Dry Bulk,29.0,24.0,40.0,31.75
2020-05-24,CNRZH,Dry Bulk,32.0,24.0,44.0,32.88
2020-05-31,CNRZH,Dry Bulk,35.0,27.0,38.0,35.38
2020-06-07,CNRZH,Dry Bulk,26.0,22.0,42.0,29.38
2020-06-14,CNRZH,Dry Bulk,36.0,32.0,40.0,35.62
2020-06-21,CNRZH,Dry Bulk,43.0,30.0,43.0,34.38
2020-06-28,CNRZH,Dry Bulk,36.0,27.0,41.0,33.0
2020-07-05,CNRZH,Dry Bulk,34.0,17.0,39.0,31.0
2020-07-12,CNRZH,Dry Bulk,31.0,25.0,41.0,31.25
2020-07-19,CNRZH,Dry Bulk,31.0,24.0,42.0,35.62
2020-07-26,CNRZH,Dry Bulk,20.0,20.0,40.0,29.5
2020-08-02,CNRZH,Dry Bulk,38.0,23.0,45.0,34.38
2020-08-09,CNRZH,Dry Bulk,34.0,20.0,37.0,30.62
2020-08-16,CNRZH,Dry Bulk,29.0,25.0,47.0,33.88
2020-08-23,CNRZH,Dry Bulk,33.0,24.0,45.0,34.88
2020-08-30,CNRZH,Dry Bulk,36.0,29.0,36.0,32.5
2020-09-06,CNRZH,Dry Bulk,41.0,23.0,44.0,33.86
2020-09-13,CNRZH,Dry Bulk,35.0,25.0,35.0,29.0
2020-09-20,CNRZH,Dry Bulk,34.0,29.0,41.0,35.29
2020-09-27,CNRZH,Dry Bulk,37.0,31.0,46.0,36.14
2020-10-04,CNRZH,Dry Bulk,38.0,20.0,38.0,30.86
2020-10-11,CNRZH,Dry Bulk,36.0,32.0,40.0,34.86
2020-10-18,CNRZH,Dry Bulk,44.0,26.0,44.0,35.29
2020-10-25,CNRZH,Dry Bulk,33.0,30.0,42.0,35.0
2020-11-01,CNRZH,Dry Bulk,33.0,19.0,36.0,29.29
2020-11-08,CNRZH,Dry Bulk,27.0,25.0,44.0,34.43
2020-11-15,CNRZH,Dry Bulk,31.0,25.0,47.0,33.43
2020-11-22,CNRZH,Dry Bulk,25.0,25.0,43.0,32.29
2020-11-29,CNRZH,Dry Bulk,42.0,25.0,42.0,32.14
2020-12-06,CNRZH,Dry Bulk,26.0,18.0,36.0,29.71
2020-12-13,CNRZH,Dry Bulk,26.0,21.0,39.0,30.29
2020-12-20,CNRZH,Dry Bulk,31.0,26.0,45.0,34.0
2020-12-27,CNRZH,Dry Bulk,35.0,31.0,43.0,37.29
2021-01-03,CNRZH,Dry Bulk,25.0,20.0,30.0,25.0
2021-01-10,CNRZH,Dry Bulk,41.0,21.0,42.0,34.75
2021-01-17,CNRZH,Dry Bulk,35.0,29.0,41.0,33.62
2021-01-24,CNRZH,Dry Bulk,41.0,33.0,47.0,39.25
2021-01-31,CNRZH,Dry Bulk,41.0,25.0,41.0,34.25
2021-02-07,CNRZH,Dry Bulk,38.0,26.0,38.0,31.75
2021-02-14,CNRZH,Dry Bulk,38.0,24.0,43.0,33.5
2021-02-21,CNRZH,Dry Bulk,29.0,23.0,41.0,31.0
2021-02-28,CNRZH,Dry Bulk,43.0,22.0,43.0,30.5
2021-03-07,CNRZH,Dry Bulk,43.0,11.0,45.0,31.5
2021-03-14,CNRZH,Dry Bulk,33.0,22.0,35.0,29.38
2021-03-21,CNRZH,Dry Bulk,37.0,28.0,38.0,33.88
2021-03-28,CNRZH,Dry Bulk,42.0,15.0,42.0,31.12
2021-04-04,CNRZH,Dry Bulk,41.0,22.0,42.0,32.62
2021-04-11,CNRZH,Dry Bulk,39.0,23.0,39.0,31.62
2021-04-18,CNRZH,Dry Bulk,36.0,22.0,50.0,34.25
2021-04-25,CNRZH,Dry Bulk,33.0,20.0,46.0,30.5
2021-05-02,CNRZH,Dry Bulk,36.0,18.0,42.0,32.25
2021-05-09,CNRZH,Dry Bulk,36.0,22.0,48.0,34.12
2021-05-16,CNRZH,Dry Bulk,32.0,23.0,43.0,32.25
2021-05-23,CNRZH,Dry Bulk,35.0,24.0,40.0,31.75
2021-05-30,CNRZH,Dry Bulk,26.0,24.0,44.0,32.88
2021-06-06,CNRZH,Dry Bulk,38.0,27.0,38.0,35.38
2021-06-13,CNRZH,Dry Bulk,28.0,22.0,42.0,29.38
2021-06-20,CNRZH,Dry Bulk,37.0,32.0,40.0,35.62
2021-06-27,CNRZH,Dry Bulk,30.0,30.0,43.0,34.38
2021-07-04,CNRZH,Dry Bulk,27.0,27.0,41.0,33.0
2021-07-11,CNRZH,Dry Bulk,34.0,17.0,39.0,31.0
2021-07-18,CNRZH,Dry Bulk,31.0,25.0,41.0,31.25
2021-07-25,CNRZH,Dry Bulk,34.0,24.0,42.0,35.62
2021-08-01,CNRZH,Dry Bulk,23.0,20.0,40.0,29.5
2021-08-08,CNRZH,Dry Bulk,45.0,23.0,45.0,34.38
2021-08-15,CNRZH,Dry Bulk,32.0,20.0,37.0,30.62
2021-08-22,CNRZH,Dry Bulk,32.0,25.0,47.0,33.88
2021-08-29,CNRZH,Dry Bulk,43.0,24.0,45.0,34.88
2021-09-05,CNRZH,Dry Bulk,32.0,29.0,36.0,32.5
2021-09-12,CNRZH,Dry Bulk,33.0,23.0,44.0,33.86
2021-09-19,CNRZH,Dry Bulk,25.0,25.0,35.0,29.0
2021-09-26,CNRZH,Dry Bulk,31.0,29.0,41.0,35.29
2021-10-03,CNRZH,Dry Bulk,31.0,31.0,46.0,36.14
2021-10-10,CNRZH,Dry Bulk,20.0,20.0,38.0,30.86
2021-10-17,CNRZH,Dry Bulk,33.0,32.0,40.0,34.86
2021-10-24,CNRZH,Dry Bulk,38.0,26.0,44.0,35.29
2021-10-31,CNRZH,Dry Bulk,37.0,30.0,42.0,35.0
2021-11-07,CNRZH,Dry Bulk,19.0,19.0,36.0,29.29
2021-11-14,CNRZH,Dry Bulk,44.0,25.0,44.0,34.43
2021-11-21,CNRZH,Dry Bulk,35.0,25.0,47.0,33.43
2021-11-28,CNRZH,Dry Bulk,33.0,25.0,43.0,32.29
2021-12-05,CNRZH,Dry Bulk,29.0,25.0,42.0,32.14
2021-12-12,CNRZH,Dry Bulk,33.0,18.0,36.0,29.71
2021-12-19,CNRZH,Dry Bulk,38.0,21.0,39.0,30.29
2021-12-26,CNRZH,Dry Bulk,26.0,26.0,45.0,34.0
2022-01-02,CNRZH,Dry Bulk,41.0,31.0,43.0,37.29
2022-01-09,CNRZH,Dry Bulk,34.0,21.0,42.0,34.75
2022-01-16,CNRZH,Dry Bulk,41.0,29.0,41.0,33.62
2022-01-23,CNRZH,Dry Bulk,38.0,33.0,47.0,39.25
2022-01-30,CNRZH,Dry Bulk,41.0,25.0,41.0,34.25
2022-02-06,CNRZH,Dry Bulk,34.0,26.0,38.0,31.75
2022-02-13,CNRZH,Dry Bulk,27.0,24.0,43.0,33.5
2022-02-20,CNRZH,Dry Bulk,31.0,23.0,41.0,31.0
2022-02-27,CNRZH,Dry Bulk,29.0,22.0,43.0,30.5
2022-03-06,CNRZH,Dry Bulk,36.0,11.0,45.0,31.5
2022-03-13,CNRZH,Dry Bulk,30.0,22.0,35.0,29.38
2022-03-20,CNRZH,Dry Bulk,36.0,28.0,38.0,33.88
2022-03-27,CNRZH,Dry Bulk,37.0,15.0,42.0,31.12
2022-04-03,CNRZH,Dry Bulk,42.0,22.0,42.0,32.62
2022-04-10,CNRZH,Dry Bulk,36.0,23.0,39.0,31.62
2022-04-17,CNRZH,Dry Bulk,50.0,22.0,50.0,34.25
2022-04-24,CNRZH,Dry Bulk,46.0,20.0,46.0,30.5
2022-05-01,CNRZH,Dry Bulk,42.0,18.0,42.0,32.25
2022-05-08,CNRZH,Dry Bulk,48.0,22.0,48.0,34.12
2022-05-15,CNRZH,Dry Bulk,43.0,23.0,43.0,32.25
2022-05-22,CNRZH,Dry Bulk,40.0,24.0,40.0,31.75
2022-05-29,CNRZH,Dry Bulk,44.0,24.0,44.0,32.88
2022-06-05,CNRZH,Dry Bulk,35.0,27.0,38.0,35.38
2022-06-12,CNRZH,Dry Bulk,42.0,22.0,42.0,29.38
2022-06-19,CNRZH,Dry Bulk,40.0,32.0,40.0,35.62
2022-06-26,CNRZH,Dry Bulk,37.0,30.0,43.0,34.38
2022-07-03,CNRZH,Dry Bulk,30.0,27.0,41.0,33.0
2022-07-10,CNRZH,Dry Bulk,39.0,17.0,39.0,31.0
2022-07-17,CNRZH,Dry Bulk,32.0,25.0,41.0,31.25
2022-07-24,CNRZH,Dry Bulk,42.0,24.0,42.0,35.62
2022-07-31,CNRZH,Dry Bulk,40.0,20.0,40.0,29.5
2022-08-07,CNRZH,Dry Bulk,37.0,23.0,45.0,34.38
2022-08-14,CNRZH,Dry Bulk,32.0,20.0,37.0,30.62
2022-08-21,CNRZH,Dry Bulk,38.0,25.0,47.0,33.88
2022-08-28,CNRZH,Dry Bulk,33.0,24.0,45.0,34.88
2022-09-04,CNRZH,Dry Bulk,29.0,29.0,36.0,32.5
2022-09-11,CNRZH,Dry Bulk,29.0,23.0,44.0,33.86
2022-09-18,CNRZH,Dry Bulk,27.0,25.0,35.0,29.0
2022-09-25,CNRZH,Dry Bulk,41.0,29.0,41.0,35.29
2022-10-02,CNRZH,Dry Bulk,35.0,31.0,46.0,36.14
2022-10-09,CNRZH,Dry Bulk,36.0,20.0,38.0,30.86
2022-10-16,CNRZH,Dry Bulk,40.0,32.0,40.0,34.86
2022-10-23,CNRZH,Dry Bulk,40.0,26.0,44.0,35.29
2022-10-30,CNRZH,Dry Bulk,42.0,30.0,42.0,35.0
2022-11-06,CNRZH,Dry Bulk,36.0,19.0,36.0,29.29
2022-11-13,CNRZH,Dry Bulk,29.0,25.0,44.0,34.43
2022-11-20,CNRZH,Dry Bulk,47.0,25.0,47.0,33.43
2022-11-27,CNRZH,Dry Bulk,36.0,25.0,43.0,32.29
2022-12-04,CNRZH,Dry Bulk,26.0,25.0,42.0,32.14
2022-12-11,CNRZH,Dry Bulk,33.0,18.0,36.0,29.71
2022-12-18,CNRZH,Dry Bulk,26.0,21.0,39.0,30.29
2022-12-25,CNRZH,Dry Bulk,33.0,26.0,45.0,34.0
2023-01-01,CNRZH,Dry Bulk,41.0,31.0,43.0,37.29
2023-01-08,CNRZH,Dry Bulk,42.0,21.0,42.0,34.75
2023-01-15,CNRZH,Dry Bulk,33.0,29.0,41.0,33.62
2023-01-22,CNRZH,Dry Bulk,47.0,33.0,47.0,39.25
2023-01-29,CNRZH,Dry Bulk,35.0,25.0,41.0,34.25
2023-02-05,CNRZH,Dry Bulk,30.0,26.0,38.0,31.75
2023-02-12,CNRZH,Dry Bulk,32.0,24.0,43.0,33.5
2023-02-19,CNRZH,Dry Bulk,41.0,23.0,41.0,31.0
2023-02-26,CNRZH,Dry Bulk,25.0,22.0,43.0,30.5
2023-03-05,CNRZH,Dry Bulk,36.0,11.0,45.0,31.5
2023-03-12,CNRZH,Dry Bulk,35.0,22.0,35.0,29.38
2023-03-19,CNRZH,Dry Bulk,38.0,28.0,38.0,33.88
2023-03-26,CNRZH,Dry Bulk,35.0,15.0,42.0,31.12
2023-04-02,CNRZH,Dry Bulk,32.0,22.0,42.0,32.62
2023-04-09,CNRZH,Dry Bulk,29.0,23.0,39.0,31.62
2023-04-16,CNRZH,Dry Bulk,35.0,22.0,50.0,34.25
2023-04-23,CNRZH,Dry Bulk,23.0,20.0,46.0,30.5
2023-04-30,CNRZH,Dry Bulk,35.0,18.0,42.0,32.25
2023-05-07,CNRZH,Dry Bulk,39.0,22.0,48.0,34.12
2023-05-14,CNRZH,Dry Bulk,33.0,23.0,43.0,32.25
2023-05-21,CNRZH,Dry Bulk,28.0,24.0,40.0,31.75
2023-05-28,CNRZH,Dry Bulk,37.0,24.0,44.0,32.88
2023-06-04,CNRZH,Dry Bulk,36.0,27.0,38.0,35.38
2023-06-11,CNRZH,Dry Bulk,33.0,22.0,42.0,29.38
2023-06-18,CNRZH,Dry Bulk,35.0,32.0,40.0,35.62
2023-06-25,CNRZH,Dry Bulk,30.0,30.0,43.0,34.38
2023-07-02,CNRZH,Dry Bulk,33.0,27.0,41.0,33.0
2023-07-09,CNRZH,Dry Bulk,35.0,17.0,39.0,31.0
2023-07-16,CNRZH,Dry Bulk,34.0,25.0,41.0,31.25
2023-07-23,CNRZH,Dry Bulk,39.0,24.0,42.0,35.62
2023-07-30,CNRZH,Dry Bulk,25.0,20.0,40.0,29.5
2023-08-06,CNRZH,Dry Bulk,35.0,23.0,45.0,34.38
2023-08-13,CNRZH,Dry Bulk,37.0,20.0,37.0,30.62
2023-08-20,CNRZH,Dry Bulk,25.0,25.0,47.0,33.88
2023-08-27,CNRZH,Dry Bulk,45.0,24.0,45.0,34.88
2023-09-03,CNRZH,Dry Bulk,33.0,29.0,36.0,32.5
2023-09-10,CNRZH,Dry Bulk,44.0,23.0,44.0,33.86
2023-09-17,CNRZH,Dry Bulk,26.0,25.0,35.0,29.0
2023-09-24,CNRZH,Dry Bulk,40.0,29.0,41.0,35.29
2023-10-01,CNRZH,Dry Bulk,34.0,31.0,46.0,36.14
2023-10-08,CNRZH,Dry Bulk,34.0,20.0,38.0,30.86
2023-10-15,CNRZH,Dry Bulk,35.0,32.0,40.0,34.86
2023-10-22,CNRZH,Dry Bulk,38.0,26.0,44.0,35.29
2023-10-29,CNRZH,Dry Bulk,38.0,30.0,42.0,35.0
2023-11-05,CNRZH,Dry Bulk,31.0,19.0,36.0,29.29
2023-11-12,CNRZH,Dry Bulk,43.0,25.0,44.0,34.43
2023-11-19,CNRZH,Dry Bulk,35.0,25.0,47.0,33.43
2023-11-26,CNRZH,Dry Bulk,43.0,25.0,43.0,32.29
2023-12-03,CNRZH,Dry Bulk,39.0,25.0,42.0,32.14
2023-12-10,CNRZH,Dry Bulk,29.0,18.0,36.0,29.71
2023-12-17,CNRZH,Dry Bulk,39.0,21.0,39.0,30.29
2023-12-24,CNRZH,Dry Bulk,45.0,26.0,45.0,34.0
2023-12-31,CNRZH,Dry Bulk,43.0,31.0,43.0,37.29
2024-01-07,CNRZH,Dry Bulk,41.0,21.0,42.0,34.75
2024-01-14,CNRZH,Dry Bulk,35.0,29.0,41.0,33.62
2024-01-21,CNRZH,Dry Bulk,39.0,33.0,47.0,39.25
2024-01-28,CNRZH,Dry Bulk,33.0,25.0,41.0,34.25
2024-02-04,CNRZH,Dry Bulk,31.0,26.0,38.0,31.75
2024-02-11,CNRZH,Dry Bulk,43.0,24.0,43.0,33.5
2024-02-18,CNRZH,Dry Bulk,32.0,23.0,41.0,31.0
2024-02-25,CNRZH,Dry Bulk,26.0,22.0,43.0,30.5
2024-03-03,CNRZH,Dry Bulk,45.0,11.0,45.0,31.5
2024-03-10,CNRZH,Dry Bulk,32.0,22.0,35.0,29.38
2024-03-17,CNRZH,Dry Bulk,28.0,28.0,38.0,33.88
2024-03-24,CNRZH,Dry Bulk,35.0,15.0,42.0,31.12
2024-03-31,CNRZH,Dry Bulk,34.0,22.0,42.0,32.62
2024-04-07,CNRZH,Dry Bulk,37.0,23.0,39.0,31.62
2024-04-14,CNRZH,Dry Bulk,30.0,22.0,50.0,34.25
2024-04-21,CNRZH,Dry Bulk,31.0,20.0,46.0,30.5
2024-04-28,CNRZH,Dry Bulk,36.0,18.0,42.0,32.25
2024-05-05,CNRZH,Dry Bulk,39.0,22.0,48.0,34.12
2024-05-12,CNRZH,Dry Bulk,38.0,23.0,43.0,32.25
2024-05-19,CNRZH,Dry Bulk,37.0,24.0,40.0,31.75
2024-05-26,CNRZH,Dry Bulk,39.0,24.0,44.0,32.88
2024-06-02,CNRZH,Dry Bulk,36.0,27.0,38.0,35.38
2024-06-09,CNRZH,Dry Bulk,33.0,22.0,42.0,29.38
2024-06-16,CNRZH,Dry Bulk,37.0,32.0,40.0,35.62
2024-06-23,CNRZH,Dry Bulk,35.0,30.0,43.0,34.38
2024-06-30,CNRZH,Dry Bulk,35.0,27.0,41.0,33.0
2024-07-07,CNRZH,Dry Bulk,31.0,17.0,39.0,31.0
2024-07-14,CNRZH,Dry Bulk,29.0,25.0,41.0,31.25
2024-07-21,CNRZH,Dry Bulk,40.0,24.0,42.0,35.62
2024-07-28,CNRZH,Dry Bulk,36.0,20.0,40.0,29.5
2024-08-04,CNRZH,Dry Bulk,35.0,23.0,45.0,34.38
2024-08-11,CNRZH,Dry Bulk,27.0,20.0,37.0,30.62
2024-08-18,CNRZH,Dry Bulk,32.0,25.0,47.0,33.88
2024-08-25,CNRZH,Dry Bulk,40.0,24.0,45.0,34.88
2024-09-01,CNRZH,Dry Bulk,36.0,29.0,36.0,32.5
2024-09-08,CNRZH,Dry Bulk,35.0,23.0,44.0,33.86
2024-09-15,CNRZH,Dry Bulk,31.0,25.0,35.0,29.0
2024-09-22,CNRZH,Dry Bulk,39.0,29.0,41.0,35.29
2024-09-29,CNRZH,Dry Bulk,46.0,31.0,46.0,36.14
2024-10-06,CNRZH,Dry Bulk,26.0,20.0,38.0,30.86
2024-10-13,CNRZH,Dry Bulk,34.0,32.0,40.0,34.86
2024-10-20,CNRZH,Dry Bulk,26.0,26.0,44.0,35.29
2024-10-27,CNRZH,Dry Bulk,31.0,30.0,42.0,35.0
2024-11-03,CNRZH,Dry Bulk,33.0,19.0,36.0,29.29
2024-11-10,CNRZH,Dry Bulk,36.0,25.0,44.0,34.43
2024-11-17,CNRZH,Dry Bulk,34.0,25.0,47.0,33.43
2024-11-24,CNRZH,Dry Bulk,31.0,25.0,43.0,32.29
2024-12-01,CNRZH,Dry Bulk,34.0,25.0,42.0,32.14
2024-12-08,CNRZH,Dry Bulk,36.0,18.0,36.0,29.71
2024-12-15,CNRZH,Dry Bulk,28.0,21.0,39.0,30.29
2024-12-22,CNRZH,Dry Bulk,28.0,26.0,45.0,34.0
2024-12-29,CNRZH,Dry Bulk,36.0,31.0,43.0,37.29
2025-01-05,CNRZH,Dry Bulk,39.0,21.0,42.0,34.75
2025-01-12,CNRZH,Dry Bulk,32.0,29.0,41.0,33.62
2025-01-19,CNRZH,Dry Bulk,33.0,33.0,47.0,39.25
2025-01-26,CNRZH,Dry Bulk,35.0,25.0,41.0,34.25
2025-02-02,CNRZH,Dry Bulk,37.0,26.0,38.0,31.75
2025-02-09,CNRZH,Dry Bulk,24.0,24.0,43.0,33.5
2025-02-16,CNRZH,Dry Bulk,34.0,23.0,41.0,31.0
2025-02-23,CNRZH,Dry Bulk,29.0,22.0,43.0,30.5
2025-03-02,CNRZH,Dry Bulk,11.0,11.0,45.0,31.5
2025-03-09,CNRZH,Dry Bulk,32.0,22.0,35.0,29.38
2025-03-16,CNRZH,Dry Bulk,33.0,28.0,38.0,33.88
2025-03-23,CNRZH,Dry Bulk,35.0,15.0,42.0,31.12
2025-03-30,CNRZH,Dry Bulk,22.0,22.0,42.0,32.62
2025-04-06,CNRZH,Dry Bulk,34.0,23.0,39.0,31.62
2025-04-13,CNRZH,Dry Bulk,39.0,22.0,50.0,34.25
2025-04-20,CNRZH,Dry Bulk,33.0,20.0,46.0,30.5
2025-04-27,CNRZH,Dry Bulk,32.0,18.0,42.0,32.25
2025-05-04,CNRZH,Dry Bulk,35.0,22.0,48.0,34.12
2025-05-11,CNRZH,Dry Bulk,36.0,23.0,43.0,32.25
2025-05-18,CNRZH,Dry Bulk,33.0,24.0,40.0,31.75
2025-05-25,CNRZH,Dry Bulk,24.0,24.0,44.0,32.88
2025-06-01,CNRZH,Dry Bulk,38.0,27.0,38.0,35.38
2025-06-08,CNRZH,Dry Bulk,22.0,22.0,42.0,29.38
2025-06-15,CNRZH,Dry Bulk,32.0,32.0,40.0,35.62
2025-06-22,CNRZH,Dry Bulk,32.0,30.0,43.0,34.38
2025-06-29,CNRZH,Dry Bulk,31.0,27.0,41.0,33.0
2025-07-06,CNRZH,Dry Bulk,31.0,17.0,39.0,31.0
2025-07-13,CNRZH,Dry Bulk,25.0,25.0,41.0,31.25
2025-07-20,CNRZH,Dry Bulk,24.0,24.0,42.0,35.62
2025-07-27,CNRZH,Dry Bulk,33.0,20.0,40.0,29.5
2025-08-03,CNRZH,Dry Bulk,33.0,23.0,45.0,34.38
2025-08-10,CNRZH,Dry Bulk,30.0,20.0,37.0,30.62
2025-08-17,CNRZH,Dry Bulk,37.0,25.0,47.0,33.88
2025-08-24,CNRZH,Dry Bulk,28.0,24.0,45.0,34.88
2025-08-31,CNRZH,Dry Bulk,30.0,29.0,36.0,32.5
2025-09-07,CNRZH,Dry Bulk,32.0,23.0,44.0,33.86
2025-09-14,CNRZH,Dry Bulk,30.0,25.0,35.0,29.0
2025-09-21,CNRZH,Dry Bulk,29.0,29.0,41.0,35.29
2025-09-28,CNRZH,Dry Bulk,32.0,31.0,46.0,36.14
2025-10-05,CNRZH,Dry Bulk,31.0,20.0,38.0,30.86
2025-10-12,CNRZH,Dry Bulk,34.0,32.0,40.0,34.86
2025-10-19,CNRZH,Dry Bulk,27.0,26.0,44.0,35.29
2025-10-26,CNRZH,Dry Bulk,30.0,30.0,42.0,35.0
2025-11-02,CNRZH,Dry Bulk,29.0,19.0,36.0,29.29
2025-11-09,CNRZH,Dry Bulk,37.0,25.0,44.0,34.43
2025-11-16,CNRZH,Dry Bulk,25.0,25.0,47.0,33.43
2025-11-23,CNRZH,Dry Bulk,30.0,25.0,43.0,32.29
2025-11-30,CNRZH,Dry Bulk,25.0,25.0,42.0,32.14
2025-12-07,CNRZH,Dry Bulk,33.0,18.0,36.0,29.71
2025-12-14,CNRZH,Dry Bulk,21.0,21.0,39.0,30.29
2025-12-21,CNRZH,Dry Bulk,39.0,26.0,45.0,34.0
2025-12-28,CNRZH,Dry Bulk,34.0,31.0,43.0,37.29
2026-01-04,CNRZH,Dry Bulk,30.0,21.0,42.0,34.75
2026-01-11,CNRZH,Dry Bulk,32.0,29.0,41.0,33.62
2026-01-18,CNRZH,Dry Bulk,35.0,33.0,47.0,39.25
2026-01-25,CNRZH,Dry Bulk,25.0,25.0,41.0,34.25
2026-02-01,CNRZH,Dry Bulk,31.0,26.0,38.0,31.75
2026-02-08,CNRZH,Dry Bulk,43.0,24.0,43.0,33.5
2026-02-15,CNRZH,Dry Bulk,26.0,23.0,41.0,31.0
2026-02-22,CNRZH,Dry Bulk,22.0,22.0,43.0,30.5
2026-03-01,CNRZH,Dry Bulk,24.0,11.0,45.0,31.5
2026-03-08,CNRZH,Dry Bulk,22.0,22.0,35.0,29.38
2026-03-15,CNRZH,Dry Bulk,30.0,28.0,38.0,33.88
2026-03-22,CNRZH,Dry Bulk,15.0,15.0,42.0,31.12
2026-03-29,CNRZH,Dry Bulk,25.0,22.0,42.0,32.62
2026-04-05,CNRZH,Dry Bulk,24.0,23.0,39.0,31.62
2026-04-12,CNRZH,Dry Bulk,22.0,22.0,50.0,34.25
2026-04-19,CNRZH,Dry Bulk,20.0,20.0,46.0,30.5
2026-04-26,CNRZH,Dry Bulk,18.0,18.0,42.0,32.25
2026-05-03,CNRZH,Dry Bulk,26.0,22.0,48.0,34.12
2026-05-10,CNRZH,Dry Bulk,23.0,23.0,43.0,32.25
2026-05-17,CNRZH,Dry Bulk,24.0,24.0,40.0,31.75
2026-05-24,CNRZH,Dry Bulk,26.0,24.0,44.0,32.88
2026-05-31,CNRZH,Dry Bulk,27.0,27.0,38.0,35.38
2026-06-07,CNRZH,Dry Bulk,29.0,22.0,42.0,29.38
2026-06-14,CNRZH,Dry Bulk,35.0,32.0,40.0,35.62
2026-06-21,CNRZH,Dry Bulk,33.0,30.0,43.0,34.38
2026-06-28,CNRZH,Dry Bulk,41.0,27.0,41.0,33.0
2026-07-05,CNRZH,Dry Bulk,17.0,17.0,39.0,31.0
2026-07-12,CNRZH,Dry Bulk,27.0,25.0,41.0,31.25
2026-07-19,CNRZH,Dry Bulk,36.0,24.0,42.0,35.62
2026-07-26,CNRZH,Dry Bulk,25.0,20.0,40.0,29.5
2026-08-02,CNRZH,Dry Bulk,29.0,23.0,45.0,34.38
2026-08-09,CNRZH,Dry Bulk,33.0,20.0,37.0,30.62
2026-08-16,CNRZH,Dry Bulk,31.0,25.0,47.0,33.88
2026-08-23,CNRZH,Dry Bulk,24.0,24.0,45.0,34.88
2026-08-30,CNRZH,Dry Bulk,30.0,29.0,36.0,32.5
2019-01-06,GNKMR,Dry Bulk,3.0,2.0,7.0,5.12
2019-01-13,GNKMR,Dry Bulk,5.0,1.0,6.0,4.5
2019-01-20,GNKMR,Dry Bulk,3.0,0.0,7.0,4.38
2019-01-27,GNKMR,Dry Bulk,5.0,0.0,6.0,4.25
2019-02-03,GNKMR,Dry Bulk,3.0,3.0,8.0,5.38
2019-02-10,GNKMR,Dry Bulk,4.0,3.0,7.0,4.88
2019-02-17,GNKMR,Dry Bulk,3.0,3.0,8.0,5.12
2019-02-24,GNKMR,Dry Bulk,4.0,4.0,6.0,5.5
2019-03-03,GNKMR,Dry Bulk,3.0,3.0,7.0,4.12
2019-03-10,GNKMR,Dry Bulk,3.0,3.0,7.0,5.38
2019-03-17,GNKMR,Dry Bulk,1.0,1.0,8.0,4.88
2019-03-24,GNKMR,Dry Bulk,4.0,3.0,9.0,5.5
2019-03-31,GNKMR,Dry Bulk,3.0,3.0,7.0,5.12
2019-04-07,GNKMR,Dry Bulk,6.0,3.0,6.0,5.0
2019-04-14,GNKMR,Dry Bulk,4.0,4.0,6.0,5.62
2019-04-21,GNKMR,Dry Bulk,4.0,3.0,7.0,5.12
2019-04-28,GNKMR,Dry Bulk,6.0,4.0,6.0,5.0
2019-05-05,GNKMR,Dry Bulk,3.0,3.0,6.0,4.0
2019-05-12,GNKMR,Dry Bulk,6.0,4.0,7.0,5.62
2019-05-19,GNKMR,Dry Bulk,4.0,2.0,7.0,5.0
2019-05-26,GNKMR,Dry Bulk,3.0,3.0,7.0,5.5
2019-06-02,GNKMR,Dry Bulk,4.0,4.0,7.0,5.0
2019-06-09,GNKMR,Dry Bulk,5.0,2.0,6.0,4.5
2019-06-16,GNKMR,Dry Bulk,6.0,5.0,6.0,5.62
2019-06-23,GNKMR,Dry Bulk,4.0,4.0,7.0,5.12
2019-06-30,GNKMR,Dry Bulk,7.0,3.0,7.0,5.12
2019-07-07,GNKMR,Dry Bulk,5.0,2.0,7.0,4.38
2019-07-14,GNKMR,Dry Bulk,5.0,3.0,7.0,4.88
2019-07-21,GNKMR,Dry Bulk,2.0,2.0,7.0,3.88
2019-07-28,GNKMR,Dry Bulk,2.0,2.0,6.0,4.5
2019-08-04,GNKMR,Dry Bulk,6.0,4.0,6.0,5.0
2019-08-11,GNKMR,Dry Bulk,2.0,2.0,5.0,3.88
2019-08-18,GNKMR,Dry Bulk,5.0,3.0,6.0,4.88
2019-08-25,GNKMR,Dry Bulk,5.0,4.0,7.0,5.12
2019-09-01,GNKMR,Dry Bulk,5.0,3.0,6.0,4.5
2019-09-08,GNKMR,Dry Bulk,2.0,2.0,7.0,4.57
2019-09-15,GNKMR,Dry Bulk,7.0,4.0,7.0,5.29
2019-09-22,GNKMR,Dry Bulk,5.0,2.0,5.0,4.29
2019-09-29,GNKMR,Dry Bulk,4.0,3.0,5.0,4.43
2019-10-06,GNKMR,Dry Bulk,4.0,3.0,5.0,4.14
2019-10-13,GNKMR,Dry Bulk,5.0,4.0,8.0,5.71
2019-10-20,GNKMR,Dry Bulk,4.0,4.0,8.0,5.29
2019-10-27,GNKMR,Dry Bulk,0.0,0.0,5.0,3.86
2019-11-03,GNKMR,Dry Bulk,3.0,3.0,7.0,4.57
2019-11-10,GNKMR,Dry Bulk,1.0,1.0,7.0,4.71
2019-11-17,GNKMR,Dry Bulk,1.0,1.0,8.0,4.86
2019-11-24,GNKMR,Dry Bulk,4.0,4.0,7.0,5.43
2019-12-01,GNKMR,Dry Bulk,4.0,4.0,9.0,5.86
2019-12-08,GNKMR,Dry Bulk,5.0,4.0,8.0,5.57
2019-12-15,GNKMR,Dry Bulk,7.0,3.0,7.0,5.71
2019-12-22,GNKMR,Dry Bulk,5.0,3.0,8.0,5.29
2019-12-29,GNKMR,Dry Bulk,1.0,1.0,7.0,4.86
2020-01-05,GNKMR,Dry Bulk,7.0,2.0,7.0,5.12
2020-01-12,GNKMR,Dry Bulk,6.0,1.0,6.0,4.5
2020-01-19,GNKMR,Dry Bulk,4.0,0.0,7.0,4.38
2020-01-26,GNKMR,Dry Bulk,3.0,0.0,6.0,4.25
2020-02-02,GNKMR,Dry Bulk,7.0,3.0,8.0,5.38
2020-02-09,GNKMR,Dry Bulk,3.0,3.0,7.0,4.88
2020-02-16,GNKMR,Dry Bulk,6.0,3.0,8.0,5.12
2020-02-23,GNKMR,Dry Bulk,6.0,4.0,6.0,5.5
2020-03-01,GNKMR,Dry Bulk,4.0,3.0,7.0,4.12
2020-03-08,GNKMR,Dry Bulk,6.0,3.0,7.0,5.38
2020-03-15,GNKMR,Dry Bulk,4.0,1.0,8.0,4.88
2020-03-22,GNKMR,Dry Bulk,8.0,3.0,9.0,5.5
2020-03-29,GNKMR,Dry Bulk,5.0,3.0,7.0,5.12
2020-04-05,GNKMR,Dry Bulk,3.0,3.0,6.0,5.0
2020-04-12,GNKMR,Dry Bulk,6.0,4.0,6.0,5.62
2020-04-19,GNKMR,Dry Bulk,6.0,3.0,7.0,5.12
2020-04-26,GNKMR,Dry Bulk,5.0,4.0,6.0,5.0
2020-05-03,GNKMR,Dry Bulk,4.0,3.0,6.0,4.0
2020-05-10,GNKMR,Dry Bulk,6.0,4.0,7.0,5.62
2020-05-17,GNKMR,Dry Bulk,5.0,2.0,7.0,5.0
2020-05-24,GNKMR,Dry Bulk,6.0,3.0,7.0,5.5
2020-05-31,GNKMR,Dry Bulk,7.0,4.0,7.0,5.0
2020-06-07,GNKMR,Dry Bulk,4.0,2.0,6.0,4.5
2020-06-14,GNKMR,Dry Bulk,6.0,5.0,6.0,5.62
2020-06-21,GNKMR,Dry Bulk,6.0,4.0,7.0,5.12
2020-06-28,GNKMR,Dry Bulk,3.0,3.0,7.0,5.12
2020-07-05,GNKMR,Dry Bulk,3.0,2.0,7.0,4.38
2020-07-12,GNKMR,Dry Bulk,3.0,3.0,7.0,4.88
2020-07-19,GNKMR,Dry Bulk,4.0,2.0,7.0,3.88
2020-07-26,GNKMR,Dry Bulk,4.0,2.0,6.0,4.5
2020-08-02,GNKMR,Dry Bulk,4.0,4.0,6.0,5.0
2020-08-09,GNKMR,Dry Bulk,5.0,2.0,5.0,3.88
2020-08-16,GNKMR,Dry Bulk,5.0,3.0,6.0,4.88
2020-08-23,GNKMR,Dry Bulk,5.0,4.0,7.0,5.12
2020-08-30,GNKMR,Dry Bulk,6.0,3.0,6.0,4.5
2020-09-06,GNKMR,Dry Bulk,4.0,2.0,7.0,4.57
2020-09-13,GNKMR,Dry Bulk,6.0,4.0,7.0,5.29
2020-09-20,GNKMR,Dry Bulk,4.0,2.0,5.0,4.29
2020-09-27,GNKMR,Dry Bulk,5.0,3.0,5.0,4.43
2020-10-04,GNKMR,Dry Bulk,5.0,3.0,5.0,4.14
2020-10-11,GNKMR,Dry Bulk,6.0,4.0,8.0,5.71
2020-10-18,GNKMR,Dry Bulk,8.0,4.0,8.0,5.29
2020-10-25,GNKMR,Dry Bulk,5.0,0.0,5.0,3.86
2020-11-01,GNKMR,Dry Bulk,7.0,3.0,7.0,4.57
2020-11-08,GNKMR,Dry Bulk,5.0,1.0,7.0,4.71
2020-11-15,GNKMR,Dry Bulk,6.0,1.0,8.0,4.86
2020-11-22,GNKMR,Dry Bulk,5.0,4.0,7.0,5.43
2020-11-29,GNKMR,Dry Bulk,6.0,4.0,9.0,5.86
2020-12-06,GNKMR,Dry Bulk,6.0,4.0,8.0,5.57
2020-12-13,GNKMR,Dry Bulk,6.0,3.0,7.0,5.71
2020-12-20,GNKMR,Dry Bulk,5.0,3.0,8.0,5.29
2020-12-27,GNKMR,Dry Bulk,4.0,1.0,7.0,4.86
2021-01-03,GNKMR,Dry Bulk,4.0,3.2,4.8,4.0
2021-01-10,GNKMR,Dry Bulk,5.0,2.0,7.0,5.12
2021-01-17,GNKMR,Dry Bulk,5.0,1.0,6.0,4.5
2021-01-24,GNKMR,Dry Bulk,6.0,0.0,7.0,4.38
2021-01-31,GNKMR,Dry Bulk,5.0,0.0,6.0,4.25
2021-02-07,GNKMR,Dry Bulk,5.0,3.0,8.0,5.38
2021-02-14,GNKMR,Dry Bulk,5.0,3.0,7.0,4.88
2021-02-21,GNKMR,Dry Bulk,3.0,3.0,8.0,5.12
2021-02-28,GNKMR,Dry Bulk,6.0,4.0,6.0,5.5
2021-03-07,GNKMR,Dry Bulk,4.0,3.0,7.0,4.12
2021-03-14,GNKMR,Dry Bulk,6.0,3.0,7.0,5.38
2021-03-21,GNKMR,Dry Bulk,5.0,1.0,8.0,4.88
2021-03-28,GNKMR,Dry Bulk,4.0,3.0,9.0,5.5
2021-04-04,GNKMR,Dry Bulk,6.0,3.0,7.0,5.12
2021-04-11,GNKMR,Dry Bulk,3.0,3.0,6.0,5.0
2021-04-18,GNKMR,Dry Bulk,6.0,4.0,6.0,5.62
2021-04-25,GNKMR,Dry Bulk,5.0,3.0,7.0,5.12
2021-05-02,GNKMR,Dry Bulk,4.0,4.0,6.0,5.0
2021-05-09,GNKMR,Dry Bulk,4.0,3.0,6.0,4.0
2021-05-16,GNKMR,Dry Bulk,5.0,4.0,7.0,5.62
2021-05-23,GNKMR,Dry Bulk,7.0,2.0,7.0,5.0
2021-05-30,GNKMR,Dry Bulk,6.0,3.0,7.0,5.5
2021-06-06,GNKMR,Dry Bulk,4.0,4.0,7.0,5.0
2021-06-13,GNKMR,Dry Bulk,6.0,2.0,6.0,4.5
2021-06-20,GNKMR,Dry Bulk,5.0,5.0,6.0,5.62
2021-06-27,GNKMR,Dry Bulk,6.0,4.0,7.0,5.12
2021-07-04,GNKMR,Dry Bulk,7.0,3.0,7.0,5.12
2021-07-11,GNKMR,Dry Bulk,6.0,2.0,7.0,4.38
2021-07-18,GNKMR,Dry Bulk,6.0,3.0,7.0,4.88
2021-07-25,GNKMR,Dry Bulk,7.0,2.0,7.0,3.88
2021-08-01,GNKMR,Dry Bulk,5.0,2.0,6.0,4.5
2021-08-08,GNKMR,Dry Bulk,4.0,4.0,6.0,5.0
2021-08-15,GNKMR,Dry Bulk,5.0,2.0,5.0,3.88
2021-08-22,GNKMR,Dry Bulk,5.0,3.0,6.0,4.88
2021-08-29,GNKMR,Dry Bulk,4.0,4.0,7.0,5.12
2021-09-05,GNKMR,Dry Bulk,6.0,3.0,6.0,4.5
2021-09-12,GNKMR,Dry Bulk,5.0,2.0,7.0,4.57
2021-09-19,GNKMR,Dry Bulk,6.0,4.0,7.0,5.29
2021-09-26,GNKMR,Dry Bulk,5.0,2.0,5.0,4.29
2021-10-03,GNKMR,Dry Bulk,5.0,3.0,5.0,4.43
2021-10-10,GNKMR,Dry Bulk,5.0,3.0,5.0,4.14
2021-10-17,GNKMR,Dry Bulk,5.0,4.0,8.0,5.71
2021-10-24,GNKMR,Dry Bulk,6.0,4.0,8.0,5.29
2021-10-31,GNKMR,Dry Bulk,5.0,0.0,5.0,3.86
2021-11-07,GNKMR,Dry Bulk,4.0,3.0,7.0,4.57
2021-11-14,GNKMR,Dry Bulk,6.0,1.0,7.0,4.71
2021-11-21,GNKMR,Dry Bulk,4.0,1.0,8.0,4.86
2021-11-28,GNKMR,Dry Bulk,6.0,4.0,7.0,5.43
2021-12-05,GNKMR,Dry Bulk,6.0,4.0,9.0,5.86
2021-12-12,GNKMR,Dry Bulk,6.0,4.0,8.0,5.57
2021-12-19,GNKMR,Dry Bulk,7.0,3.0,7.0,5.71
2021-12-26,GNKMR,Dry Bulk,6.0,3.0,8.0,5.29
2022-01-02,GNKMR,Dry Bulk,6.0,1.0,7.0,4.86
2022-01-09,GNKMR,Dry Bulk,5.0,2.0,7.0,5.12
2022-01-16,GNKMR,Dry Bulk,3.0,1.0,6.0,4.5
2022-01-23,GNKMR,Dry Bulk,6.0,0.0,7.0,4.38
2022-01-30,GNKMR,Dry Bulk,6.0,0.0,6.0,4.25
2022-02-06,GNKMR,Dry Bulk,5.0,3.0,8.0,5.38
2022-02-13,GNKMR,Dry Bulk,7.0,3.0,7.0,4.88
2022-02-20,GNKMR,Dry Bulk,6.0,3.0,8.0,5.12
2022-02-27,GNKMR,Dry Bulk,6.0,4.0,6.0,5.5
2022-03-06,GNKMR,Dry Bulk,4.0,3.0,7.0,4.12
2022-03-13,GNKMR,Dry Bulk,5.0,3.0,7.0,5.38
2022-03-20,GNKMR,Dry Bulk,6.0,1.0,8.0,4.88
2022-03-27,GNKMR,Dry Bulk,3.0,3.0,9.0,5.5
2022-04-03,GNKMR,Dry Bulk,6.0,3.0,7.0,5.12
2022-04-10,GNKMR,Dry Bulk,6.0,3.0,6.0,5.0
2022-04-17,GNKMR,Dry Bulk,6.0,4.0,6.0,5.62
2022-04-24,GNKMR,Dry Bulk,5.0,3.0,7.0,5.12
2022-05-01,GNKMR,Dry Bulk,6.0,4.0,6.0,5.0
2022-05-08,GNKMR,Dry Bulk,5.0,3.0,6.0,4.0
2022-05-15,GNKMR,Dry Bulk,7.0,4.0,7.0,5.62
2022-05-22,GNKMR,Dry Bulk,6.0,2.0,7.0,5.0
2022-05-29,GNKMR,Dry Bulk,5.0,3.0,7.0,5.5
2022-06-05,GNKMR,Dry Bulk,5.0,4.0,7.0,5.0
2022-06-12,GNKMR,Dry Bulk,6.0,2.0,6.0,4.5
2022-06-19,GNKMR,Dry Bulk,6.0,5.0,6.0,5.62
2022-06-26,GNKMR,Dry Bulk,5.0,4.0,7.0,5.12
2022-07-03,GNKMR,Dry Bulk,3.0,3.0,7.0,5.12
2022-07-10,GNKMR,Dry Bulk,7.0,2.0,7.0,4.38
2022-07-17,GNKMR,Dry Bulk,5.0,3.0,7.0,4.88
2022-07-24,GNKMR,Dry Bulk,5.0,2.0,7.0,3.88
2022-07-31,GNKMR,Dry Bulk,5.0,2.0,6.0,4.5
2022-08-07,GNKMR,Dry Bulk,5.0,4.0,6.0,5.0
2022-08-14,GNKMR,Dry Bulk,3.0,2.0,5.0,3.88
2022-08-21,GNKMR,Dry Bulk,5.0,3.0,6.0,4.88
2022-08-28,GNKMR,Dry Bulk,6.0,4.0,7.0,5.12
2022-09-04,GNKMR,Dry Bulk,4.0,3.0,6.0,4.5
2022-09-11,GNKMR,Dry Bulk,5.0,2.0,7.0,4.57
2022-09-18,GNKMR,Dry Bulk,4.0,4.0,7.0,5.29
2022-09-25,GNKMR,Dry Bulk,5.0,2.0,5.0,4.29
2022-10-02,GNKMR,Dry Bulk,4.0,3.0,5.0,4.43
2022-10-09,GNKMR,Dry Bulk,3.0,3.0,5.0,4.14
2022-10-16,GNKMR,Dry Bulk,6.0,4.0,8.0,5.71
2022-10-23,GNKMR,Dry Bulk,5.0,4.0,8.0,5.29
2022-10-30,GNKMR,Dry Bulk,4.0,0.0,5.0,3.86
2022-11-06,GNKMR,Dry Bulk,5.0,3.0,7.0,4.57
2022-11-13,GNKMR,Dry Bulk,6.0,1.0,7.0,4.71
2022-11-20,GNKMR,Dry Bulk,5.0,1.0,8.0,4.86
2022-11-27,GNKMR,Dry Bulk,6.0,4.0,7.0,5.43
2022-12-04,GNKMR,Dry Bulk,6.0,4.0,9.0,5.86
2022-12-11,GNKMR,Dry Bulk,5.0,4.0,8.0,5.57
2022-12-18,GNKMR,Dry Bulk,3.0,3.0,7.0,5.71
2022-12-25,GNKMR,Dry Bulk,3.0,3.0,8.0,5.29
2023-01-01,GNKMR,Dry Bulk,5.0,1.0,7.0,4.86
2023-01-08,GNKMR,Dry Bulk,2.0,2.0,7.0,5.12
2023-01-15,GNKMR,Dry Bulk,6.0,1.0,6.0,4.5
2023-01-22,GNKMR,Dry Bulk,3.0,0.0,7.0,4.38
2023-01-29,GNKMR,Dry Bulk,6.0,0.0,6.0,4.25
2023-02-05,GNKMR,Dry Bulk,6.0,3.0,8.0,5.38
2023-02-12,GNKMR,Dry Bulk,5.0,3.0,7.0,4.88
2023-02-19,GNKMR,Dry Bulk,5.0,3.0,8.0,5.12
2023-02-26,GNKMR,Dry Bulk,5.0,4.0,6.0,5.5
2023-03-05,GNKMR,Dry Bulk,4.0,3.0,7.0,4.12
2023-03-12,GNKMR,Dry Bulk,5.0,3.0,7.0,5.38
2023-03-19,GNKMR,Dry Bulk,4.0,1.0,8.0,4.88
2023-03-26,GNKMR,Dry Bulk,4.0,3.0,9.0,5.5
2023-04-02,GNKMR,Dry Bulk,3.0,3.0,7.0,5.12
2023-04-09,GNKMR,Dry Bulk,6.0,3.0,6.0,5.0
2023-04-16,GNKMR,Dry Bulk,5.0,4.0,6.0,5.62
2023-04-23,GNKMR,Dry Bulk,5.0,3.0,7.0,5.12
2023-04-30,GNKMR,Dry Bulk,4.0,4.0,6.0,5.0
2023-05-07,GNKMR,Dry Bulk,3.0,3.0,6.0,4.0
2023-05-14,GNKMR,Dry Bulk,4.0,4.0,7.0,5.62
2023-05-21,GNKMR,Dry Bulk,2.0,2.0,7.0,5.0
2023-05-28,GNKMR,Dry Bulk,7.0,3.0,7.0,5.5
2023-06-04,GNKMR,Dry Bulk,5.0,4.0,7.0,5.0
2023-06-11,GNKMR,Dry Bulk,4.0,2.0,6.0,4.5
2023-06-18,GNKMR,Dry Bulk,5.0,5.0,6.0,5.62
2023-06-25,GNKMR,Dry Bulk,4.0,4.0,7.0,5.12
2023-07-02,GNKMR,Dry Bulk,5.0,3.0,7.0,5.12
2023-07-09,GNKMR,Dry Bulk,3.0,2.0,7.0,4.38
2023-07-16,GNKMR,Dry Bulk,5.0,3.0,7.0,4.88
2023-07-23,GNKMR,Dry Bulk,3.0,2.0,7.0,3.88
2023-07-30,GNKMR,Dry Bulk,4.0,2.0,6.0,4.5
2023-08-06,GNKMR,Dry Bulk,5.0,4.0,6.0,5.0
2023-08-13,GNKMR,Dry Bulk,3.0,2.0,5.0,3.88
2023-08-20,GNKMR,Dry Bulk,6.0,3.0,6.0,4.88
2023-08-27,GNKMR,Dry Bulk,5.0,4.0,7.0,5.12
2023-09-03,GNKMR,Dry Bulk,3.0,3.0,6.0,4.5
2023-09-10,GNKMR,Dry Bulk,5.0,2.0,7.0,4.57
2023-09-17,GNKMR,Dry Bulk,5.0,4.0,7.0,5.29
2023-09-24,GNKMR,Dry Bulk,4.0,2.0,5.0,4.29
2023-10-01,GNKMR,Dry Bulk,5.0,3.0,5.0,4.43
2023-10-08,GNKMR,Dry Bulk,3.0,3.0,5.0,4.14
2023-10-15,GNKMR,Dry Bulk,4.0,4.0,8.0,5.71
2023-10-22,GNKMR,Dry Bulk,5.0,4.0,8.0,5.29
2023-10-29,GNKMR,Dry Bulk,5.0,0.0,5.0,3.86
2023-11-05,GNKMR,Dry Bulk,4.0,3.0,7.0,4.57
2023-11-12,GNKMR,Dry Bulk,4.0,1.0,7.0,4.71
2023-11-19,GNKMR,Dry Bulk,5.0,1.0,8.0,4.86
2023-11-26,GNKMR,Dry Bulk,4.0,4.0,7.0,5.43
2023-12-03,GNKMR,Dry Bulk,6.0,4.0,9.0,5.86
2023-12-10,GNKMR,Dry Bulk,4.0,4.0,8.0,5.57
2023-12-17,GNKMR,Dry Bulk,7.0,3.0,7.0,5.71
2023-12-24,GNKMR,Dry Bulk,5.0,3.0,8.0,5.29
2023-12-31,GNKMR,Dry Bulk,5.0,1.0,7.0,4.86
2024-01-07,GNKMR,Dry Bulk,5.0,2.0,7.0,5.12
2024-01-14,GNKMR,Dry Bulk,1.0,1.0,6.0,4.5
2024-01-21,GNKMR,Dry Bulk,0.0,0.0,7.0,4.38
2024-01-28,GNKMR,Dry Bulk,0.0,0.0,6.0,4.25
2024-02-04,GNKMR,Dry Bulk,3.0,3.0,8.0,5.38
2024-02-11,GNKMR,Dry Bulk,5.0,3.0,7.0,4.88
2024-02-18,GNKMR,Dry Bulk,4.0,3.0,8.0,5.12
2024-02-25,GNKMR,Dry Bulk,6.0,4.0,6.0,5.5
2024-03-03,GNKMR,Dry Bulk,4.0,3.0,7.0,4.12
2024-03-10,GNKMR,Dry Bulk,4.0,3.0,7.0,5.38
2024-03-17,GNKMR,Dry Bulk,7.0,1.0,8.0,4.88
2024-03-24,GNKMR,Dry Bulk,5.0,3.0,9.0,5.5
2024-03-31,GNKMR,Dry Bulk,5.0,3.0,7.0,5.12
2024-04-07,GNKMR,Dry Bulk,4.0,3.0,6.0,5.0
2024-04-14,GNKMR,Dry Bulk,6.0,4.0,6.0,5.62
2024-04-21,GNKMR,Dry Bulk,6.0,3.0,7.0,5.12
2024-04-28,GNKMR,Dry Bulk,4.0,4.0,6.0,5.0
2024-05-05,GNKMR,Dry Bulk,4.0,3.0,6.0,4.0
2024-05-12,GNKMR,Dry Bulk,6.0,4.0,7.0,5.62
2024-05-19,GNKMR,Dry Bulk,3.0,2.0,7.0,5.0
2024-05-26,GNKMR,Dry Bulk,6.0,3.0,7.0,5.5
2024-06-02,GNKMR,Dry Bulk,5.0,4.0,7.0,5.0
2024-06-09,GNKMR,Dry Bulk,4.0,2.0,6.0,4.5
2024-06-16,GNKMR,Dry Bulk,6.0,5.0,6.0,5.62
2024-06-23,GNKMR,Dry Bulk,5.0,4.0,7.0,5.12
2024-06-30,GNKMR,Dry Bulk,4.0,3.0,7.0,5.12
2024-07-07,GNKMR,Dry Bulk,4.0,2.0,7.0,4.38
2024-07-14,GNKMR,Dry Bulk,5.0,3.0,7.0,4.88
2024-07-21,GNKMR,Dry Bulk,3.0,2.0,7.0,3.88
2024-07-28,GNKMR,Dry Bulk,4.0,2.0,6.0,4.5
2024-08-04,GNKMR,Dry Bulk,5.0,4.0,6.0,5.0
2024-08-11,GNKMR,Dry Bulk,3.0,2.0,5.0,3.88
2024-08-18,GNKMR,Dry Bulk,5.0,3.0,6.0,4.88
2024-08-25,GNKMR,Dry Bulk,4.0,4.0,7.0,5.12
2024-09-01,GNKMR,Dry Bulk,3.0,3.0,6.0,4.5
2024-09-08,GNKMR,Dry Bulk,4.0,2.0,7.0,4.57
2024-09-15,GNKMR,Dry Bulk,5.0,4.0,7.0,5.29
2024-09-22,GNKMR,Dry Bulk,2.0,2.0,5.0,4.29
2024-09-29,GNKMR,Dry Bulk,3.0,3.0,5.0,4.43
2024-10-06,GNKMR,Dry Bulk,5.0,3.0,5.0,4.14
2024-10-13,GNKMR,Dry Bulk,8.0,4.0,8.0,5.71
2024-10-20,GNKMR,Dry Bulk,4.0,4.0,8.0,5.29
2024-10-27,GNKMR,Dry Bulk,4.0,0.0,5.0,3.86
2024-11-03,GNKMR,Dry Bulk,6.0,3.0,7.0,4.57
2024-11-10,GNKMR,Dry Bulk,7.0,1.0,7.0,4.71
2024-11-17,GNKMR,Dry Bulk,8.0,1.0,8.0,4.86
2024-11-24,GNKMR,Dry Bulk,7.0,4.0,7.0,5.43
2024-12-01,GNKMR,Dry Bulk,9.0,4.0,9.0,5.86
2024-12-08,GNKMR,Dry Bulk,8.0,4.0,8.0,5.57
2024-12-15,GNKMR,Dry Bulk,4.0,3.0,7.0,5.71
2024-12-22,GNKMR,Dry Bulk,5.0,3.0,8.0,5.29
2024-12-29,GNKMR,Dry Bulk,6.0,1.0,7.0,4.86
2025-01-05,GNKMR,Dry Bulk,7.0,2.0,7.0,5.12
2025-01-12,GNKMR,Dry Bulk,5.0,1.0,6.0,4.5
2025-01-19,GNKMR,Dry Bulk,7.0,0.0,7.0,4.38
2025-01-26,GNKMR,Dry Bulk,3.0,0.0,6.0,4.25
2025-02-02,GNKMR,Dry Bulk,8.0,3.0,8.0,5.38
2025-02-09,GNKMR,Dry Bulk,7.0,3.0,7.0,4.88
2025-02-16,GNKMR,Dry Bulk,6.0,3.0,8.0,5.12
2025-02-23,GNKMR,Dry Bulk,5.0,4.0,6.0,5.5
2025-03-02,GNKMR,Dry Bulk,3.0,3.0,7.0,4.12
2025-03-09,GNKMR,Dry Bulk,7.0,3.0,7.0,5.38
2025-03-16,GNKMR,Dry Bulk,8.0,1.0,8.0,4.88
2025-03-23,GNKMR,Dry Bulk,7.0,3.0,9.0,5.5
2025-03-30,GNKMR,Dry Bulk,7.0,3.0,7.0,5.12
2025-04-06,GNKMR,Dry Bulk,6.0,3.0,6.0,5.0
2025-04-13,GNKMR,Dry Bulk,6.0,4.0,6.0,5.62
2025-04-20,GNKMR,Dry Bulk,7.0,3.0,7.0,5.12
2025-04-27,GNKMR,Dry Bulk,6.0,4.0,6.0,5.0
2025-05-04,GNKMR,Dry Bulk,6.0,3.0,6.0,4.0
2025-05-11,GNKMR,Dry Bulk,5.0,4.0,7.0,5.62
2025-05-18,GNKMR,Dry Bulk,7.0,2.0,7.0,5.0
2025-05-25,GNKMR,Dry Bulk,7.0,3.0,7.0,5.5
2025-06-01,GNKMR,Dry Bulk,6.0,4.0,7.0,5.0
2025-06-08,GNKMR,Dry Bulk,2.0,2.0,6.0,4.5
2025-06-15,GNKMR,Dry Bulk,6.0,5.0,6.0,5.62
2025-06-22,GNKMR,Dry Bulk,4.0,4.0,7.0,5.12
2025-06-29,GNKMR,Dry Bulk,6.0,3.0,7.0,5.12
2025-07-06,GNKMR,Dry Bulk,5.0,2.0,7.0,4.38
2025-07-13,GNKMR,Dry Bulk,3.0,3.0,7.0,4.88
2025-07-20,GNKMR,Dry Bulk,3.0,2.0,7.0,3.88
2025-07-27,GNKMR,Dry Bulk,6.0,2.0,6.0,4.5
2025-08-03,GNKMR,Dry Bulk,5.0,4.0,6.0,5.0
2025-08-10,GNKMR,Dry Bulk,5.0,2.0,5.0,3.88
2025-08-17,GNKMR,Dry Bulk,3.0,3.0,6.0,4.88
2025-08-24,GNKMR,Dry Bulk,7.0,4.0,7.0,5.12
2025-08-31,GNKMR,Dry Bulk,5.0,3.0,6.0,4.5
2025-09-07,GNKMR,Dry Bulk,7.0,2.0,7.0,4.57
2025-09-14,GNKMR,Dry Bulk,4.0,4.0,7.0,5.29
2025-09-21,GNKMR,Dry Bulk,5.0,2.0,5.0,4.29
2025-09-28,GNKMR,Dry Bulk,5.0,3.0,5.0,4.43
2025-10-05,GNKMR,Dry Bulk,4.0,3.0,5.0,4.14
2025-10-12,GNKMR,Dry Bulk,6.0,4.0,8.0,5.71
2025-10-19,GNKMR,Dry Bulk,5.0,4.0,8.0,5.29
2025-10-26,GNKMR,Dry Bulk,4.0,0.0,5.0,3.86
2025-11-02,GNKMR,Dry Bulk,3.0,3.0,7.0,4.57
2025-11-09,GNKMR,Dry Bulk,4.0,1.0,7.0,4.71
2025-11-16,GNKMR,Dry Bulk,5.0,1.0,8.0,4.86
2025-11-23,GNKMR,Dry Bulk,6.0,4.0,7.0,5.43
2025-11-30,GNKMR,Dry Bulk,4.0,4.0,9.0,5.86
2025-12-07,GNKMR,Dry Bulk,5.0,4.0,8.0,5.57
2025-12-14,GNKMR,Dry Bulk,6.0,3.0,7.0,5.71
2025-12-21,GNKMR,Dry Bulk,8.0,3.0,8.0,5.29
2025-12-28,GNKMR,Dry Bulk,7.0,1.0,7.0,4.86
2026-01-04,GNKMR,Dry Bulk,7.0,2.0,7.0,5.12
2026-01-11,GNKMR,Dry Bulk,5.0,1.0,6.0,4.5
2026-01-18,GNKMR,Dry Bulk,6.0,0.0,7.0,4.38
2026-01-25,GNKMR,Dry Bulk,6.0,0.0,6.0,4.25
2026-02-01,GNKMR,Dry Bulk,6.0,3.0,8.0,5.38
2026-02-08,GNKMR,Dry Bulk,3.0,3.0,7.0,4.88
2026-02-15,GNKMR,Dry Bulk,8.0,3.0,8.0,5.12
2026-02-22,GNKMR,Dry Bulk,6.0,4.0,6.0,5.5
2026-03-01,GNKMR,Dry Bulk,7.0,3.0,7.0,4.12
2026-03-08,GNKMR,Dry Bulk,7.0,3.0,7.0,5.38
2026-03-15,GNKMR,Dry Bulk,4.0,1.0,8.0,4.88
2026-03-22,GNKMR,Dry Bulk,9.0,3.0,9.0,5.5
2026-03-29,GNKMR,Dry Bulk,6.0,3.0,7.0,5.12
2026-04-05,GNKMR,Dry Bulk,6.0,3.0,6.0,5.0
2026-04-12,GNKMR,Dry Bulk,6.0,4.0,6.0,5.62
2026-04-19,GNKMR,Dry Bulk,3.0,3.0,7.0,5.12
2026-04-26,GNKMR,Dry Bulk,5.0,4.0,6.0,5.0
2026-05-03,GNKMR,Dry Bulk,3.0,3.0,6.0,4.0
2026-05-10,GNKMR,Dry Bulk,6.0,4.0,7.0,5.62
2026-05-17,GNKMR,Dry Bulk,6.0,2.0,7.0,5.0
2026-05-24,GNKMR,Dry Bulk,4.0,3.0,7.0,5.5
2026-05-31,GNKMR,Dry Bulk,4.0,4.0,7.0,5.0
2026-06-07,GNKMR,Dry Bulk,5.0,2.0,6.0,4.5
2026-06-14,GNKMR,Dry Bulk,5.0,5.0,6.0,5.62
2026-06-21,GNKMR,Dry Bulk,7.0,4.0,7.0,5.12
2026-06-28,GNKMR,Dry Bulk,6.0,3.0,7.0,5.12
2026-07-05,GNKMR,Dry Bulk,2.0,2.0,7.0,4.38
2026-07-12,GNKMR,Dry Bulk,7.0,3.0,7.0,4.88
2026-07-19,GNKMR,Dry Bulk,4.0,2.0,7.0,3.88
2026-07-26,GNKMR,Dry Bulk,6.0,2.0,6.0,4.5
2026-08-02,GNKMR,Dry Bulk,6.0,4.0,6.0,5.0
2026-08-09,GNKMR,Dry Bulk,5.0,2.0,5.0,3.88
2026-08-16,GNKMR,Dry Bulk,5.0,3.0,6.0,4.88
2026-08-23,GNKMR,Dry Bulk,5.0,4.0,7.0,5.12
2026-08-30,GNKMR,Dry Bulk,4.0,3.0,6.0,4.5
2019-01-06,NLRTM,Dry Bulk,11.0,11.0,22.0,18.25
2019-01-13,NLRTM,Dry Bulk,16.0,11.0,27.0,18.88
2019-01-20,NLRTM,Dry Bulk,24.0,18.0,24.0,20.0
2019-01-27,NLRTM,Dry Bulk,24.0,10.0,26.0,18.88
2019-02-03,NLRTM,Dry Bulk,26.0,13.0,45.0,23.0
2019-02-10,NLRTM,Dry Bulk,21.0,12.0,24.0,20.0
2019-02-17,NLRTM,Dry Bulk,17.0,15.0,26.0,19.25
2019-02-24,NLRTM,Dry Bulk,28.0,16.0,28.0,21.88
2019-03-03,NLRTM,Dry Bulk,23.0,17.0,25.0,21.12
2019-03-10,NLRTM,Dry Bulk,21.0,13.0,27.0,21.0
2019-03-17,NLRTM,Dry Bulk,23.0,16.0,31.0,21.25
2019-03-24,NLRTM,Dry Bulk,17.0,14.0,24.0,18.38
2019-03-31,NLRTM,Dry Bulk,25.0,15.0,27.0,21.12
2019-04-07,NLRTM,Dry Bulk,23.0,16.0,25.0,20.62
2019-04-14,NLRTM,Dry Bulk,21.0,15.0,21.0,18.88
2019-04-21,NLRTM,Dry Bulk,15.0,14.0,22.0,18.0
2019-04-28,NLRTM,Dry Bulk,24.0,13.0,27.0,20.38
2019-05-05,NLRTM,Dry Bulk,18.0,13.0,26.0,19.38
2019-05-12,NLRTM,Dry Bulk,19.0,12.0,25.0,19.5
2019-05-19,NLRTM,Dry Bulk,23.0,14.0,26.0,19.5
2019-05-26,NLRTM,Dry Bulk,26.0,11.0,26.0,18.25
2019-06-02,NLRTM,Dry Bulk,17.0,17.0,25.0,19.88
2019-06-09,NLRTM,Dry Bulk,23.0,13.0,23.0,18.25
2019-06-16,NLRTM,Dry Bulk,16.0,15.0,27.0,19.5
2019-06-23,NLRTM,Dry Bulk,21.0,13.0,24.0,19.75
2019-06-30,NLRTM,Dry Bulk,16.0,16.0,27.0,20.0
2019-07-07,NLRTM,Dry Bulk,19.0,13.0,28.0,20.0
2019-07-14,NLRTM,Dry Bulk,21.0,12.0,25.0,19.75
2019-07-21,NLRTM,Dry Bulk,11.0,9.0,24.0,15.62
2019-07-28,NLRTM,Dry Bulk,12.0,12.0,30.0,18.12
2019-08-04,NLRTM,Dry Bulk,18.0,15.0,21.0,18.12
2019-08-11,NLRTM,Dry Bulk,17.0,15.0,30.0,18.75
2019-08-18,NLRTM,Dry Bulk,22.0,15.0,27.0,21.0
2019-08-25,NLRTM,Dry Bulk,16.0,16.0,29.0,21.25
2019-09-01,NLRTM,Dry Bulk,20.0,15.0,26.0,19.88
2019-09-08,NLRTM,Dry Bulk,22.0,15.0,24.0,19.43
2019-09-15,NLRTM,Dry Bulk,19.0,15.0,28.0,22.29
2019-09-22,NLRTM,Dry Bulk,25.0,18.0,27.0,22.29
2019-09-29,NLRTM,Dry Bulk,18.0,16.0,27.0,20.14
2019-10-06,NLRTM,Dry Bulk,21.0,13.0,29.0,22.71
2019-10-13,NLRTM,Dry Bulk,15.0,15.0,26.0,20.0
2019-10-20,NLRTM,Dry Bulk,22.0,11.0,26.0,20.57
2019-10-27,NLRTM,Dry Bulk,23.0,15.0,32.0,23.86
2019-11-03,NLRTM,Dry Bulk,15.0,15.0,25.0,21.0
2019-11-10,NLRTM,Dry Bulk,21.0,16.0,22.0,18.86
2019-11-17,NLRTM,Dry Bulk,19.0,16.0,29.0,22.14
2019-11-24,NLRTM,Dry Bulk,19.0,17.0,22.0,20.14
2019-12-01,NLRTM,Dry Bulk,21.0,18.0,23.0,20.57
2019-12-08,NLRTM,Dry Bulk,27.0,20.0,27.0,22.14
2019-12-15,NLRTM,Dry Bulk,19.0,14.0,27.0,20.86
2019-12-22,NLRTM,Dry Bulk,18.0,15.0,21.0,19.14
2019-12-29,NLRTM,Dry Bulk,16.0,11.0,20.0,16.43
2020-01-05,NLRTM,Dry Bulk,21.0,11.0,22.0,18.25
2020-01-12,NLRTM,Dry Bulk,11.0,11.0,27.0,18.88
2020-01-19,NLRTM,Dry Bulk,18.0,18.0,24.0,20.0
2020-01-26,NLRTM,Dry Bulk,16.0,10.0,26.0,18.88
2020-02-02,NLRTM,Dry Bulk,45.0,13.0,45.0,23.0
2020-02-09,NLRTM,Dry Bulk,24.0,12.0,24.0,20.0
2020-02-16,NLRTM,Dry Bulk,15.0,15.0,26.0,19.25
2020-02-23,NLRTM,Dry Bulk,16.0,16.0,28.0,21.88
2020-03-01,NLRTM,Dry Bulk,25.0,17.0,25.0,21.12
2020-03-08,NLRTM,Dry Bulk,19.0,13.0,27.0,21.0
2020-03-15,NLRTM,Dry Bulk,16.0,16.0,31.0,21.25
2020-03-22,NLRTM,Dry Bulk,19.0,14.0,24.0,18.38
2020-03-29,NLRTM,Dry Bulk,18.0,15.0,27.0,21.12
2020-04-05,NLRTM,Dry Bulk,17.0,16.0,25.0,20.62
2020-04-12,NLRTM,Dry Bulk,20.0,15.0,21.0,18.88
2020-04-19,NLRTM,Dry Bulk,14.0,14.0,22.0,18.0
2020-04-26,NLRTM,Dry Bulk,18.0,13.0,27.0,20.38
2020-05-03,NLRTM,Dry Bulk,25.0,13.0,26.0,19.38
2020-05-10,NLRTM,Dry Bulk,12.0,12.0,25.0,19.5
2020-05-17,NLRTM,Dry Bulk,17.0,14.0,26.0,19.5
2020-05-24,NLRTM,Dry Bulk,14.0,11.0,26.0,18.25
2020-05-31,NLRTM,Dry Bulk,17.0,17.0,25.0,19.88
2020-06-07,NLRTM,Dry Bulk,13.0,13.0,23.0,18.25
2020-06-14,NLRTM,Dry Bulk,15.0,15.0,27.0,19.5
2020-06-21,NLRTM,Dry Bulk,22.0,13.0,24.0,19.75
2020-06-28,NLRTM,Dry Bulk,18.0,16.0,27.0,20.0
2020-07-05,NLRTM,Dry Bulk,17.0,13.0,28.0,20.0
2020-07-12,NLRTM,Dry Bulk,12.0,12.0,25.0,19.75
2020-07-19,NLRTM,Dry Bulk,9.0,9.0,24.0,15.62
2020-07-26,NLRTM,Dry Bulk,19.0,12.0,30.0,18.12
2020-08-02,NLRTM,Dry Bulk,15.0,15.0,21.0,18.12
2020-08-09,NLRTM,Dry Bulk,15.0,15.0,30.0,18.75
2020-08-16,NLRTM,Dry Bulk,18.0,15.0,27.0,21.0
2020-08-23,NLRTM,Dry Bulk,18.0,16.0,29.0,21.25
2020-08-30,NLRTM,Dry Bulk,18.0,15.0,26.0,19.88
2020-09-06,NLRTM,Dry Bulk,24.0,15.0,24.0,19.43
2020-09-13,NLRTM,Dry Bulk,26.0,15.0,28.0,22.29
2020-09-20,NLRTM,Dry Bulk,18.0,18.0,27.0,22.29
2020-09-27,NLRTM,Dry Bulk,18.0,16.0,27.0,20.14
2020-10-04,NLRTM,Dry Bulk,22.0,13.0,29.0,22.71
2020-10-11,NLRTM,Dry Bulk,20.0,15.0,26.0,20.0
2020-10-18,NLRTM,Dry Bulk,20.0,11.0,26.0,20.57
2020-10-25,NLRTM,Dry Bulk,29.0,15.0,32.0,23.86
2020-11-01,NLRTM,Dry Bulk,16.0,15.0,25.0,21.0
2020-11-08,NLRTM,Dry Bulk,16.0,16.0,22.0,18.86
2020-11-15,NLRTM,Dry Bulk,19.0,16.0,29.0,22.14
2020-11-22,NLRTM,Dry Bulk,20.0,17.0,22.0,20.14
2020-11-29,NLRTM,Dry Bulk,18.0,18.0,23.0,20.57
2020-12-06,NLRTM,Dry Bulk,20.0,20.0,27.0,22.14
2020-12-13,NLRTM,Dry Bulk,20.0,14.0,27.0,20.86
2020-12-20,NLRTM,Dry Bulk,20.0,15.0,21.0,19.14
2020-12-27,NLRTM,Dry Bulk,11.0,11.0,20.0,16.43
2021-01-03,NLRTM,Dry Bulk,13.0,10.4,15.6,13.0
2021-01-10,NLRTM,Dry Bulk,22.0,11.0,22.0,18.25
2021-01-17,NLRTM,Dry Bulk,18.0,11.0,27.0,18.88
2021-01-24,NLRTM,Dry Bulk,19.0,18.0,24.0,20.0
2021-01-31,NLRTM,Dry Bulk,18.0,10.0,26.0,18.88
2021-02-07,NLRTM,Dry Bulk,20.0,13.0,45.0,23.0
2021-02-14,NLRTM,Dry Bulk,20.0,12.0,24.0,20.0
2021-02-21,NLRTM,Dry Bulk,22.0,15.0,26.0,19.25
2021-02-28,NLRTM,Dry Bulk,24.0,16.0,28.0,21.88
2021-03-07,NLRTM,Dry Bulk,23.0,17.0,25.0,21.12
2021-03-14,NLRTM,Dry Bulk,24.0,13.0,27.0,21.0
2021-03-21,NLRTM,Dry Bulk,21.0,16.0,31.0,21.25
2021-03-28,NLRTM,Dry Bulk,16.0,14.0,24.0,18.38
2021-04-04,NLRTM,Dry Bulk,21.0,15.0,27.0,21.12
2021-04-11,NLRTM,Dry Bulk,16.0,16.0,25.0,20.62
2021-04-18,NLRTM,Dry Bulk,21.0,15.0,21.0,18.88
2021-04-25,NLRTM,Dry Bulk,19.0,14.0,22.0,18.0
2021-05-02,NLRTM,Dry Bulk,27.0,13.0,27.0,20.38
2021-05-09,NLRTM,Dry Bulk,15.0,13.0,26.0,19.38
2021-05-16,NLRTM,Dry Bulk,21.0,12.0,25.0,19.5
2021-05-23,NLRTM,Dry Bulk,20.0,14.0,26.0,19.5
2021-05-30,NLRTM,Dry Bulk,17.0,11.0,26.0,18.25
2021-06-06,NLRTM,Dry Bulk,19.0,17.0,25.0,19.88
2021-06-13,NLRTM,Dry Bulk,22.0,13.0,23.0,18.25
2021-06-20,NLRTM,Dry Bulk,19.0,15.0,27.0,19.5
2021-06-27,NLRTM,Dry Bulk,24.0,13.0,24.0,19.75
2021-07-04,NLRTM,Dry Bulk,23.0,16.0,27.0,20.0
2021-07-11,NLRTM,Dry Bulk,17.0,13.0,28.0,20.0
2021-07-18,NLRTM,Dry Bulk,19.0,12.0,25.0,19.75
2021-07-25,NLRTM,Dry Bulk,19.0,9.0,24.0,15.62
2021-08-01,NLRTM,Dry Bulk,16.0,12.0,30.0,18.12
2021-08-08,NLRTM,Dry Bulk,20.0,15.0,21.0,18.12
2021-08-15,NLRTM,Dry Bulk,17.0,15.0,30.0,18.75
2021-08-22,NLRTM,Dry Bulk,26.0,15.0,27.0,21.0
2021-08-29,NLRTM,Dry Bulk,29.0,16.0,29.0,21.25
2021-09-05,NLRTM,Dry Bulk,26.0,15.0,26.0,19.88
2021-09-12,NLRTM,Dry Bulk,15.0,15.0,24.0,19.43
2021-09-19,NLRTM,Dry Bulk,28.0,15.0,28.0,22.29
2021-09-26,NLRTM,Dry Bulk,21.0,18.0,27.0,22.29
2021-10-03,NLRTM,Dry Bulk,19.0,16.0,27.0,20.14
2021-10-10,NLRTM,Dry Bulk,25.0,13.0,29.0,22.71
2021-10-17,NLRTM,Dry Bulk,26.0,15.0,26.0,20.0
2021-10-24,NLRTM,Dry Bulk,23.0,11.0,26.0,20.57
2021-10-31,NLRTM,Dry Bulk,21.0,15.0,32.0,23.86
2021-11-07,NLRTM,Dry Bulk,23.0,15.0,25.0,21.0
2021-11-14,NLRTM,Dry Bulk,17.0,16.0,22.0,18.86
2021-11-21,NLRTM,Dry Bulk,29.0,16.0,29.0,22.14
2021-11-28,NLRTM,Dry Bulk,22.0,17.0,22.0,20.14
2021-12-05,NLRTM,Dry Bulk,21.0,18.0,23.0,20.57
2021-12-12,NLRTM,Dry Bulk,20.0,20.0,27.0,22.14
2021-12-19,NLRTM,Dry Bulk,27.0,14.0,27.0,20.86
2021-12-26,NLRTM,Dry Bulk,15.0,15.0,21.0,19.14
2022-01-02,NLRTM,Dry Bulk,19.0,11.0,20.0,16.43
2022-01-09,NLRTM,Dry Bulk,17.0,11.0,22.0,18.25
2022-01-16,NLRTM,Dry Bulk,27.0,11.0,27.0,18.88
2022-01-23,NLRTM,Dry Bulk,19.0,18.0,24.0,20.0
2022-01-30,NLRTM,Dry Bulk,21.0,10.0,26.0,18.88
2022-02-06,NLRTM,Dry Bulk,18.0,13.0,45.0,23.0
2022-02-13,NLRTM,Dry Bulk,20.0,12.0,24.0,20.0
2022-02-20,NLRTM,Dry Bulk,21.0,15.0,26.0,19.25
2022-02-27,NLRTM,Dry Bulk,25.0,16.0,28.0,21.88
2022-03-06,NLRTM,Dry Bulk,21.0,17.0,25.0,21.12
2022-03-13,NLRTM,Dry Bulk,27.0,13.0,27.0,21.0
2022-03-20,NLRTM,Dry Bulk,31.0,16.0,31.0,21.25
2022-03-27,NLRTM,Dry Bulk,24.0,14.0,24.0,18.38
2022-04-03,NLRTM,Dry Bulk,27.0,15.0,27.0,21.12
2022-04-10,NLRTM,Dry Bulk,25.0,16.0,25.0,20.62
2022-04-17,NLRTM,Dry Bulk,21.0,15.0,21.0,18.88
2022-04-24,NLRTM,Dry Bulk,19.0,14.0,22.0,18.0
2022-05-01,NLRTM,Dry Bulk,24.0,13.0,27.0,20.38
2022-05-08,NLRTM,Dry Bulk,26.0,13.0,26.0,19.38
2022-05-15,NLRTM,Dry Bulk,25.0,12.0,25.0,19.5
2022-05-22,NLRTM,Dry Bulk,25.0,14.0,26.0,19.5
2022-05-29,NLRTM,Dry Bulk,25.0,11.0,26.0,18.25
2022-06-05,NLRTM,Dry Bulk,25.0,17.0,25.0,19.88
2022-06-12,NLRTM,Dry Bulk,21.0,13.0,23.0,18.25
2022-06-19,NLRTM,Dry Bulk,27.0,15.0,27.0,19.5
2022-06-26,NLRTM,Dry Bulk,24.0,13.0,24.0,19.75
2022-07-03,NLRTM,Dry Bulk,27.0,16.0,27.0,20.0
2022-07-10,NLRTM,Dry Bulk,25.0,13.0,28.0,20.0
2022-07-17,NLRTM,Dry Bulk,23.0,12.0,25.0,19.75
2022-07-24,NLRTM,Dry Bulk,24.0,9.0,24.0,15.62
2022-07-31,NLRTM,Dry Bulk,30.0,12.0,30.0,18.12
2022-08-07,NLRTM,Dry Bulk,20.0,15.0,21.0,18.12
2022-08-14,NLRTM,Dry Bulk,30.0,15.0,30.0,18.75
2022-08-21,NLRTM,Dry Bulk,25.0,15.0,27.0,21.0
2022-08-28,NLRTM,Dry Bulk,24.0,16.0,29.0,21.25
2022-09-04,NLRTM,Dry Bulk,25.0,15.0,26.0,19.88
2022-09-11,NLRTM,Dry Bulk,19.0,15.0,24.0,19.43
2022-09-18,NLRTM,Dry Bulk,22.0,15.0,28.0,22.29
2022-09-25,NLRTM,Dry Bulk,27.0,18.0,27.0,22.29
2022-10-02,NLRTM,Dry Bulk,27.0,16.0,27.0,20.14
2022-10-09,NLRTM,Dry Bulk,25.0,13.0,29.0,22.71
2022-10-16,NLRTM,Dry Bulk,19.0,15.0,26.0,20.0
2022-10-23,NLRTM,Dry Bulk,26.0,11.0,26.0,20.57
2022-10-30,NLRTM,Dry Bulk,32.0,15.0,32.0,23.86
2022-11-06,NLRTM,Dry Bulk,23.0,15.0,25.0,21.0
2022-11-13,NLRTM,Dry Bulk,18.0,16.0,22.0,18.86
2022-11-20,NLRTM,Dry Bulk,29.0,16.0,29.0,22.14
2022-11-27,NLRTM,Dry Bulk,21.0,17.0,22.0,20.14
2022-12-04,NLRTM,Dry Bulk,23.0,18.0,23.0,20.57
2022-12-11,NLRTM,Dry Bulk,24.0,20.0,27.0,22.14
2022-12-18,NLRTM,Dry Bulk,23.0,14.0,27.0,20.86
2022-12-25,NLRTM,Dry Bulk,20.0,15.0,21.0,19.14
2023-01-01,NLRTM,Dry Bulk,19.0,11.0,20.0,16.43
2023-01-08,NLRTM,Dry Bulk,22.0,11.0,22.0,18.25
2023-01-15,NLRTM,Dry Bulk,20.0,11.0,27.0,18.88
2023-01-22,NLRTM,Dry Bulk,19.0,18.0,24.0,20.0
2023-01-29,NLRTM,Dry Bulk,26.0,10.0,26.0,18.88
2023-02-05,NLRTM,Dry Bulk,23.0,13.0,45.0,23.0
2023-02-12,NLRTM,Dry Bulk,23.0,12.0,24.0,20.0
2023-02-19,NLRTM,Dry Bulk,26.0,15.0,26.0,19.25
2023-02-26,NLRTM,Dry Bulk,27.0,16.0,28.0,21.88
2023-03-05,NLRTM,Dry Bulk,19.0,17.0,25.0,21.12
2023-03-12,NLRTM,Dry Bulk,21.0,13.0,27.0,21.0
2023-03-19,NLRTM,Dry Bulk,24.0,16.0,31.0,21.25
2023-03-26,NLRTM,Dry Bulk,21.0,14.0,24.0,18.38
2023-04-02,NLRTM,Dry Bulk,21.0,15.0,27.0,21.12
2023-04-09,NLRTM,Dry Bulk,16.0,16.0,25.0,20.62
2023-04-16,NLRTM,Dry Bulk,19.0,15.0,21.0,18.88
2023-04-23,NLRTM,Dry Bulk,22.0,14.0,22.0,18.0
2023-04-30,NLRTM,Dry Bulk,17.0,13.0,27.0,20.38
2023-05-07,NLRTM,Dry Bulk,22.0,13.0,26.0,19.38
2023-05-14,NLRTM,Dry Bulk,21.0,12.0,25.0,19.5
2023-05-21,NLRTM,Dry Bulk,26.0,14.0,26.0,19.5
2023-05-28,NLRTM,Dry Bulk,19.0,11.0,26.0,18.25
2023-06-04,NLRTM,Dry Bulk,23.0,17.0,25.0,19.88
2023-06-11,NLRTM,Dry Bulk,17.0,13.0,23.0,18.25
2023-06-18,NLRTM,Dry Bulk,17.0,15.0,27.0,19.5
2023-06-25,NLRTM,Dry Bulk,13.0,13.0,24.0,19.75
2023-07-02,NLRTM,Dry Bulk,16.0,16.0,27.0,20.0
2023-07-09,NLRTM,Dry Bulk,21.0,13.0,28.0,20.0
2023-07-16,NLRTM,Dry Bulk,18.0,12.0,25.0,19.75
2023-07-23,NLRTM,Dry Bulk,13.0,9.0,24.0,15.62
2023-07-30,NLRTM,Dry Bulk,18.0,12.0,30.0,18.12
2023-08-06,NLRTM,Dry Bulk,15.0,15.0,21.0,18.12
2023-08-13,NLRTM,Dry Bulk,19.0,15.0,30.0,18.75
2023-08-20,NLRTM,Dry Bulk,27.0,15.0,27.0,21.0
2023-08-27,NLRTM,Dry Bulk,23.0,16.0,29.0,21.25
2023-09-03,NLRTM,Dry Bulk,19.0,15.0,26.0,19.88
2023-09-10,NLRTM,Dry Bulk,19.0,15.0,24.0,19.43
2023-09-17,NLRTM,Dry Bulk,18.0,15.0,28.0,22.29
2023-09-24,NLRTM,Dry Bulk,19.0,18.0,27.0,22.29
2023-10-01,NLRTM,Dry Bulk,26.0,16.0,27.0,20.14
2023-10-08,NLRTM,Dry Bulk,29.0,13.0,29.0,22.71
2023-10-15,NLRTM,Dry Bulk,18.0,15.0,26.0,20.0
2023-10-22,NLRTM,Dry Bulk,11.0,11.0,26.0,20.57
2023-10-29,NLRTM,Dry Bulk,22.0,15.0,32.0,23.86
2023-11-05,NLRTM,Dry Bulk,22.0,15.0,25.0,21.0
2023-11-12,NLRTM,Dry Bulk,22.0,16.0,22.0,18.86
2023-11-19,NLRTM,Dry Bulk,18.0,16.0,29.0,22.14
2023-11-26,NLRTM,Dry Bulk,20.0,17.0,22.0,20.14
2023-12-03,NLRTM,Dry Bulk,21.0,18.0,23.0,20.57
2023-12-10,NLRTM,Dry Bulk,20.0,20.0,27.0,22.14
2023-12-17,NLRTM,Dry Bulk,21.0,14.0,27.0,20.86
2023-12-24,NLRTM,Dry Bulk,21.0,15.0,21.0,19.14
2023-12-31,NLRTM,Dry Bulk,16.0,11.0,20.0,16.43
2024-01-07,NLRTM,Dry Bulk,17.0,11.0,22.0,18.25
2024-01-14,NLRTM,Dry Bulk,17.0,11.0,27.0,18.88
2024-01-21,NLRTM,Dry Bulk,19.0,18.0,24.0,20.0
2024-01-28,NLRTM,Dry Bulk,19.0,10.0,26.0,18.88
2024-02-04,NLRTM,Dry Bulk,20.0,13.0,45.0,23.0
2024-02-11,NLRTM,Dry Bulk,20.0,12.0,24.0,20.0
2024-02-18,NLRTM,Dry Bulk,16.0,15.0,26.0,19.25
2024-02-25,NLRTM,Dry Bulk,18.0,16.0,28.0,21.88
2024-03-03,NLRTM,Dry Bulk,20.0,17.0,25.0,21.12
2024-03-10,NLRTM,Dry Bulk,23.0,13.0,27.0,21.0
2024-03-17,NLRTM,Dry Bulk,21.0,16.0,31.0,21.25
2024-03-24,NLRTM,Dry Bulk,19.0,14.0,24.0,18.38
2024-03-31,NLRTM,Dry Bulk,15.0,15.0,27.0,21.12
2024-04-07,NLRTM,Dry Bulk,21.0,16.0,25.0,20.62
2024-04-14,NLRTM,Dry Bulk,16.0,15.0,21.0,18.88
2024-04-21,NLRTM,Dry Bulk,18.0,14.0,22.0,18.0
2024-04-28,NLRTM,Dry Bulk,20.0,13.0,27.0,20.38
2024-05-05,NLRTM,Dry Bulk,23.0,13.0,26.0,19.38
2024-05-12,NLRTM,Dry Bulk,22.0,12.0,25.0,19.5
2024-05-19,NLRTM,Dry Bulk,14.0,14.0,26.0,19.5
2024-05-26,NLRTM,Dry Bulk,11.0,11.0,26.0,18.25
2024-06-02,NLRTM,Dry Bulk,19.0,17.0,25.0,19.88
2024-06-09,NLRTM,Dry Bulk,17.0,13.0,23.0,18.25
2024-06-16,NLRTM,Dry Bulk,21.0,15.0,27.0,19.5
2024-06-23,NLRTM,Dry Bulk,18.0,13.0,24.0,19.75
2024-06-30,NLRTM,Dry Bulk,19.0,16.0,27.0,20.0
2024-07-07,NLRTM,Dry Bulk,28.0,13.0,28.0,20.0
2024-07-14,NLRTM,Dry Bulk,25.0,12.0,25.0,19.75
2024-07-21,NLRTM,Dry Bulk,13.0,9.0,24.0,15.62
2024-07-28,NLRTM,Dry Bulk,16.0,12.0,30.0,18.12
2024-08-04,NLRTM,Dry Bulk,16.0,15.0,21.0,18.12
2024-08-11,NLRTM,Dry Bulk,18.0,15.0,30.0,18.75
2024-08-18,NLRTM,Dry Bulk,19.0,15.0,27.0,21.0
2024-08-25,NLRTM,Dry Bulk,22.0,16.0,29.0,21.25
2024-09-01,NLRTM,Dry Bulk,16.0,15.0,26.0,19.88
2024-09-08,NLRTM,Dry Bulk,19.0,15.0,24.0,19.43
2024-09-15,NLRTM,Dry Bulk,28.0,15.0,28.0,22.29
2024-09-22,NLRTM,Dry Bulk,22.0,18.0,27.0,22.29
2024-09-29,NLRTM,Dry Bulk,17.0,16.0,27.0,20.14
2024-10-06,NLRTM,Dry Bulk,24.0,13.0,29.0,22.71
2024-10-13,NLRTM,Dry Bulk,17.0,15.0,26.0,20.0
2024-10-20,NLRTM,Dry Bulk,24.0,11.0,26.0,20.57
2024-10-27,NLRTM,Dry Bulk,25.0,15.0,32.0,23.86
2024-11-03,NLRTM,Dry Bulk,23.0,15.0,25.0,21.0
2024-11-10,NLRTM,Dry Bulk,20.0,16.0,22.0,18.86
2024-11-17,NLRTM,Dry Bulk,25.0,16.0,29.0,22.14
2024-11-24,NLRTM,Dry Bulk,17.0,17.0,22.0,20.14
2024-12-01,NLRTM,Dry Bulk,19.0,18.0,23.0,20.57
2024-12-08,NLRTM,Dry Bulk,21.0,20.0,27.0,22.14
2024-12-15,NLRTM,Dry Bulk,22.0,14.0,27.0,20.86
2024-12-22,NLRTM,Dry Bulk,21.0,15.0,21.0,19.14
2024-12-29,NLRTM,Dry Bulk,14.0,11.0,20.0,16.43
2025-01-05,NLRTM,Dry Bulk,21.0,11.0,22.0,18.25
2025-01-12,NLRTM,Dry Bulk,22.0,11.0,27.0,18.88
2025-01-19,NLRTM,Dry Bulk,23.0,18.0,24.0,20.0
2025-01-26,NLRTM,Dry Bulk,17.0,10.0,26.0,18.88
2025-02-02,NLRTM,Dry Bulk,19.0,13.0,45.0,23.0
2025-02-09,NLRTM,Dry Bulk,20.0,12.0,24.0,20.0
2025-02-16,NLRTM,Dry Bulk,19.0,15.0,26.0,19.25
2025-02-23,NLRTM,Dry Bulk,16.0,16.0,28.0,21.88
2025-03-02,NLRTM,Dry Bulk,17.0,17.0,25.0,21.12
2025-03-09,NLRTM,Dry Bulk,20.0,13.0,27.0,21.0
2025-03-16,NLRTM,Dry Bulk,16.0,16.0,31.0,21.25
2025-03-23,NLRTM,Dry Bulk,14.0,14.0,24.0,18.38
2025-03-30,NLRTM,Dry Bulk,23.0,15.0,27.0,21.12
2025-04-06,NLRTM,Dry Bulk,22.0,16.0,25.0,20.62
2025-04-13,NLRTM,Dry Bulk,15.0,15.0,21.0,18.88
2025-04-20,NLRTM,Dry Bulk,15.0,14.0,22.0,18.0
2025-04-27,NLRTM,Dry Bulk,13.0,13.0,27.0,20.38
2025-05-04,NLRTM,Dry Bulk,13.0,13.0,26.0,19.38
2025-05-11,NLRTM,Dry Bulk,18.0,12.0,25.0,19.5
2025-05-18,NLRTM,Dry Bulk,15.0,14.0,26.0,19.5
2025-05-25,NLRTM,Dry Bulk,20.0,11.0,26.0,18.25
2025-06-01,NLRTM,Dry Bulk,19.0,17.0,25.0,19.88
2025-06-08,NLRTM,Dry Bulk,20.0,13.0,23.0,18.25
2025-06-15,NLRTM,Dry Bulk,18.0,15.0,27.0,19.5
2025-06-22,NLRTM,Dry Bulk,23.0,13.0,24.0,19.75
2025-06-29,NLRTM,Dry Bulk,23.0,16.0,27.0,20.0
2025-07-06,NLRTM,Dry Bulk,20.0,13.0,28.0,20.0
2025-07-13,NLRTM,Dry Bulk,16.0,12.0,25.0,19.75
2025-07-20,NLRTM,Dry Bulk,16.0,9.0,24.0,15.62
2025-07-27,NLRTM,Dry Bulk,19.0,12.0,30.0,18.12
2025-08-03,NLRTM,Dry Bulk,20.0,15.0,21.0,18.12
2025-08-10,NLRTM,Dry Bulk,15.0,15.0,30.0,18.75
2025-08-17,NLRTM,Dry Bulk,15.0,15.0,27.0,21.0
2025-08-24,NLRTM,Dry Bulk,21.0,16.0,29.0,21.25
2025-08-31,NLRTM,Dry Bulk,20.0,15.0,26.0,19.88
2025-09-07,NLRTM,Dry Bulk,18.0,15.0,24.0,19.43
2025-09-14,NLRTM,Dry Bulk,15.0,15.0,28.0,22.29
2025-09-21,NLRTM,Dry Bulk,24.0,18.0,27.0,22.29
2025-09-28,NLRTM,Dry Bulk,16.0,16.0,27.0,20.14
2025-10-05,NLRTM,Dry Bulk,13.0,13.0,29.0,22.71
2025-10-12,NLRTM,Dry Bulk,25.0,15.0,26.0,20.0
2025-10-19,NLRTM,Dry Bulk,18.0,11.0,26.0,20.57
2025-10-26,NLRTM,Dry Bulk,15.0,15.0,32.0,23.86
2025-11-02,NLRTM,Dry Bulk,25.0,15.0,25.0,21.0
2025-11-09,NLRTM,Dry Bulk,18.0,16.0,22.0,18.86
2025-11-16,NLRTM,Dry Bulk,16.0,16.0,29.0,22.14
2025-11-23,NLRTM,Dry Bulk,22.0,17.0,22.0,20.14
2025-11-30,NLRTM,Dry Bulk,21.0,18.0,23.0,20.57
2025-12-07,NLRTM,Dry Bulk,23.0,20.0,27.0,22.14
2025-12-14,NLRTM,Dry Bulk,14.0,14.0,27.0,20.86
2025-12-21,NLRTM,Dry Bulk,19.0,15.0,21.0,19.14
2025-12-28,NLRTM,Dry Bulk,20.0,11.0,20.0,16.43
2026-01-04,NLRTM,Dry Bulk,15.0,11.0,22.0,18.25
2026-01-11,NLRTM,Dry Bulk,20.0,11.0,27.0,18.88
2026-01-18,NLRTM,Dry Bulk,19.0,18.0,24.0,20.0
2026-01-25,NLRTM,Dry Bulk,10.0,10.0,26.0,18.88
2026-02-01,NLRTM,Dry Bulk,13.0,13.0,45.0,23.0
2026-02-08,NLRTM,Dry Bulk,12.0,12.0,24.0,20.0
2026-02-15,NLRTM,Dry Bulk,18.0,15.0,26.0,19.25
2026-02-22,NLRTM,Dry Bulk,21.0,16.0,28.0,21.88
2026-03-01,NLRTM,Dry Bulk,21.0,17.0,25.0,21.12
2026-03-08,NLRTM,Dry Bulk,13.0,13.0,27.0,21.0
2026-03-15,NLRTM,Dry Bulk,18.0,16.0,31.0,21.25
2026-03-22,NLRTM,Dry Bulk,17.0,14.0,24.0,18.38
2026-03-29,NLRTM,Dry Bulk,19.0,15.0,27.0,21.12
2026-04-05,NLRTM,Dry Bulk,25.0,16.0,25.0,20.62
2026-04-12,NLRTM,Dry Bulk,18.0,15.0,21.0,18.88
2026-04-19,NLRTM,Dry Bulk,22.0,14.0,22.0,18.0
2026-04-26,NLRTM,Dry Bulk,20.0,13.0,27.0,20.38
2026-05-03,NLRTM,Dry Bulk,13.0,13.0,26.0,19.38
2026-05-10,NLRTM,Dry Bulk,18.0,12.0,25.0,19.5
2026-05-17,NLRTM,Dry Bulk,16.0,14.0,26.0,19.5
2026-05-24,NLRTM,Dry Bulk,14.0,11.0,26.0,18.25
2026-05-31,NLRTM,Dry Bulk,20.0,17.0,25.0,19.88
2026-06-07,NLRTM,Dry Bulk,13.0,13.0,23.0,18.25
2026-06-14,NLRTM,Dry Bulk,23.0,15.0,27.0,19.5
2026-06-21,NLRTM,Dry Bulk,13.0,13.0,24.0,19.75
2026-06-28,NLRTM,Dry Bulk,18.0,16.0,27.0,20.0
2026-07-05,NLRTM,Dry Bulk,13.0,13.0,28.0,20.0
2026-07-12,NLRTM,Dry Bulk,24.0,12.0,25.0,19.75
2026-07-19,NLRTM,Dry Bulk,20.0,9.0,24.0,15.62
2026-07-26,NLRTM,Dry Bulk,15.0,12.0,30.0,18.12
2026-08-02,NLRTM,Dry Bulk,21.0,15.0,21.0,18.12
2026-08-09,NLRTM,Dry Bulk,19.0,15.0,30.0,18.75
2026-08-16,NLRTM,Dry Bulk,16.0,15.0,27.0,21.0
2026-08-23,NLRTM,Dry Bulk,17.0,16.0,29.0,21.25
2026-08-30,NLRTM,Dry Bulk,15.0,15.0,26.0,19.88
2019-01-06,ZARCB,Dry Bulk,18.0,16.0,34.0,21.5
2019-01-13,ZARCB,Dry Bulk,29.0,17.0,29.0,21.38
2019-01-20,ZARCB,Dry Bulk,28.0,17.0,28.0,23.38
2019-01-27,ZARCB,Dry Bulk,32.0,16.0,32.0,23.5
2019-02-03,ZARCB,Dry Bulk,24.0,18.0,31.0,23.25
2019-02-10,ZARCB,Dry Bulk,30.0,18.0,30.0,20.62
2019-02-17,ZARCB,Dry Bulk,28.0,17.0,28.0,24.12
2019-02-24,ZARCB,Dry Bulk,38.0,19.0,38.0,25.25
2019-03-03,ZARCB,Dry Bulk,39.0,17.0,39.0,25.5
2019-03-10,ZARCB,Dry Bulk,31.0,16.0,31.0,22.62
2019-03-17,ZARCB,Dry Bulk,31.0,20.0,31.0,24.88
2019-03-24,ZARCB,Dry Bulk,26.0,20.0,29.0,24.12
2019-03-31,ZARCB,Dry Bulk,30.0,15.0,30.0,21.62
2019-04-07,ZARCB,Dry Bulk,14.0,14.0,24.0,20.12
2019-04-14,ZARCB,Dry Bulk,29.0,18.0,29.0,21.62
2019-04-21,ZARCB,Dry Bulk,29.0,16.0,29.0,21.75
2019-04-28,ZARCB,Dry Bulk,31.0,18.0,32.0,24.12
2019-05-05,ZARCB,Dry Bulk,28.0,16.0,28.0,20.88
2019-05-12,ZARCB,Dry Bulk,25.0,12.0,32.0,22.62
2019-05-19,ZARCB,Dry Bulk,26.0,20.0,28.0,23.88
2019-05-26,ZARCB,Dry Bulk,30.0,18.0,30.0,24.75
2019-06-02,ZARCB,Dry Bulk,21.0,15.0,28.0,23.12
2019-06-09,ZARCB,Dry Bulk,26.0,16.0,26.0,21.62
2019-06-16,ZARCB,Dry Bulk,18.0,16.0,31.0,20.5
2019-06-23,ZARCB,Dry Bulk,30.0,18.0,31.0,23.5
2019-06-30,ZARCB,Dry Bulk,22.0,17.0,25.0,21.25
2019-07-07,ZARCB,Dry Bulk,26.0,15.0,29.0,19.75
2019-07-14,ZARCB,Dry Bulk,21.0,10.0,23.0,18.62
2019-07-21,ZARCB,Dry Bulk,12.0,12.0,23.0,18.62
2019-07-28,ZARCB,Dry Bulk,24.0,16.0,27.0,21.62
2019-08-04,ZARCB,Dry Bulk,25.0,8.0,31.0,18.88
2019-08-11,ZARCB,Dry Bulk,24.0,16.0,24.0,20.62
2019-08-18,ZARCB,Dry Bulk,19.0,17.0,29.0,21.12
2019-08-25,ZARCB,Dry Bulk,27.0,18.0,29.0,23.12
2019-09-01,ZARCB,Dry Bulk,18.0,18.0,30.0,23.12
2019-09-08,ZARCB,Dry Bulk,28.0,18.0,28.0,22.0
2019-09-15,ZARCB,Dry Bulk,23.0,15.0,26.0,21.43
2019-09-22,ZARCB,Dry Bulk,26.0,16.0,26.0,21.0
2019-09-29,ZARCB,Dry Bulk,20.0,19.0,32.0,24.0
2019-10-06,ZARCB,Dry Bulk,31.0,16.0,31.0,21.57
2019-10-13,ZARCB,Dry Bulk,30.0,18.0,30.0,22.71
2019-10-20,ZARCB,Dry Bulk,27.0,18.0,27.0,23.29
2019-10-27,ZARCB,Dry Bulk,29.0,19.0,31.0,25.0
2019-11-03,ZARCB,Dry Bulk,30.0,16.0,30.0,22.43
2019-11-10,ZARCB,Dry Bulk,24.0,18.0,28.0,23.43
2019-11-17,ZARCB,Dry Bulk,24.0,20.0,32.0,24.14
2019-11-24,ZARCB,Dry Bulk,27.0,18.0,29.0,23.43
2019-12-01,ZARCB,Dry Bulk,32.0,18.0,32.0,24.0
2019-12-08,ZARCB,Dry Bulk,22.0,19.0,31.0,21.43
2019-12-15,ZARCB,Dry Bulk,20.0,16.0,28.0,22.43
2019-12-22,ZARCB,Dry Bulk,31.0,19.0,34.0,27.14
2019-12-29,ZARCB,Dry Bulk,20.0,13.0,30.0,21.0
2020-01-05,ZARCB,Dry Bulk,34.0,16.0,34.0,21.5
2020-01-12,ZARCB,Dry Bulk,26.0,17.0,29.0,21.38
2020-01-19,ZARCB,Dry Bulk,26.0,17.0,28.0,23.38
2020-01-26,ZARCB,Dry Bulk,29.0,16.0,32.0,23.5
2020-02-02,ZARCB,Dry Bulk,31.0,18.0,31.0,23.25
2020-02-09,ZARCB,Dry Bulk,18.0,18.0,30.0,20.62
2020-02-16,ZARCB,Dry Bulk,28.0,17.0,28.0,24.12
2020-02-23,ZARCB,Dry Bulk,23.0,19.0,38.0,25.25
2020-03-01,ZARCB,Dry Bulk,26.0,17.0,39.0,25.5
2020-03-08,ZARCB,Dry Bulk,24.0,16.0,31.0,22.62
2020-03-15,ZARCB,Dry Bulk,24.0,20.0,31.0,24.88
2020-03-22,ZARCB,Dry Bulk,28.0,20.0,29.0,24.12
2020-03-29,ZARCB,Dry Bulk,15.0,15.0,30.0,21.62
2020-04-05,ZARCB,Dry Bulk,24.0,14.0,24.0,20.12
2020-04-12,ZARCB,Dry Bulk,18.0,18.0,29.0,21.62
2020-04-19,ZARCB,Dry Bulk,16.0,16.0,29.0,21.75
2020-04-26,ZARCB,Dry Bulk,21.0,18.0,32.0,24.12
2020-05-03,ZARCB,Dry Bulk,23.0,16.0,28.0,20.88
2020-05-10,ZARCB,Dry Bulk,27.0,12.0,32.0,22.62
2020-05-17,ZARCB,Dry Bulk,22.0,20.0,28.0,23.88
2020-05-24,ZARCB,Dry Bulk,30.0,18.0,30.0,24.75
2020-05-31,ZARCB,Dry Bulk,25.0,15.0,28.0,23.12
2020-06-07,ZARCB,Dry Bulk,26.0,16.0,26.0,21.62
2020-06-14,ZARCB,Dry Bulk,31.0,16.0,31.0,20.5
2020-06-21,ZARCB,Dry Bulk,31.0,18.0,31.0,23.5
2020-06-28,ZARCB,Dry Bulk,25.0,17.0,25.0,21.25
2020-07-05,ZARCB,Dry Bulk,29.0,15.0,29.0,19.75
2020-07-12,ZARCB,Dry Bulk,19.0,10.0,23.0,18.62
2020-07-19,ZARCB,Dry Bulk,23.0,12.0,23.0,18.62
2020-07-26,ZARCB,Dry Bulk,27.0,16.0,27.0,21.62
2020-08-02,ZARCB,Dry Bulk,31.0,8.0,31.0,18.88
2020-08-09,ZARCB,Dry Bulk,22.0,16.0,24.0,20.62
2020-08-16,ZARCB,Dry Bulk,27.0,17.0,29.0,21.12
2020-08-23,ZARCB,Dry Bulk,19.0,18.0,29.0,23.12
2020-08-30,ZARCB,Dry Bulk,30.0,18.0,30.0,23.12
2020-09-06,ZARCB,Dry Bulk,24.0,18.0,28.0,22.0
2020-09-13,ZARCB,Dry Bulk,26.0,15.0,26.0,21.43
2020-09-20,ZARCB,Dry Bulk,23.0,16.0,26.0,21.0
2020-09-27,ZARCB,Dry Bulk,28.0,19.0,32.0,24.0
2020-10-04,ZARCB,Dry Bulk,25.0,16.0,31.0,21.57
2020-10-11,ZARCB,Dry Bulk,24.0,18.0,30.0,22.71
2020-10-18,ZARCB,Dry Bulk,26.0,18.0,27.0,23.29
2020-10-25,ZARCB,Dry Bulk,31.0,19.0,31.0,25.0
2020-11-01,ZARCB,Dry Bulk,27.0,16.0,30.0,22.43
2020-11-08,ZARCB,Dry Bulk,28.0,18.0,28.0,23.43
2020-11-15,ZARCB,Dry Bulk,32.0,20.0,32.0,24.14
2020-11-22,ZARCB,Dry Bulk,29.0,18.0,29.0,23.43
2020-11-29,ZARCB,Dry Bulk,30.0,18.0,32.0,24.0
2020-12-06,ZARCB,Dry Bulk,31.0,19.0,31.0,21.43
2020-12-13,ZARCB,Dry Bulk,22.0,16.0,28.0,22.43
2020-12-20,ZARCB,Dry Bulk,32.0,19.0,34.0,27.14
2020-12-27,ZARCB,Dry Bulk,22.0,13.0,30.0,21.0
2021-01-03,ZARCB,Dry Bulk,20.0,16.0,24.0,20.0
2021-01-10,ZARCB,Dry Bulk,17.0,16.0,34.0,21.5
2021-01-17,ZARCB,Dry Bulk,20.0,17.0,29.0,21.38
2021-01-24,ZARCB,Dry Bulk,24.0,17.0,28.0,23.38
2021-01-31,ZARCB,Dry Bulk,16.0,16.0,32.0,23.5
2021-02-07,ZARCB,Dry Bulk,18.0,18.0,31.0,23.25
2021-02-14,ZARCB,Dry Bulk,19.0,18.0,30.0,20.62
2021-02-21,ZARCB,Dry Bulk,24.0,17.0,28.0,24.12
2021-02-28,ZARCB,Dry Bulk,33.0,19.0,38.0,25.25
2021-03-07,ZARCB,Dry Bulk,24.0,17.0,39.0,25.5
2021-03-14,ZARCB,Dry Bulk,28.0,16.0,31.0,22.62
2021-03-21,ZARCB,Dry Bulk,29.0,20.0,31.0,24.88
2021-03-28,ZARCB,Dry Bulk,20.0,20.0,29.0,24.12
2021-04-04,ZARCB,Dry Bulk,22.0,15.0,30.0,21.62
2021-04-11,ZARCB,Dry Bulk,24.0,14.0,24.0,20.12
2021-04-18,ZARCB,Dry Bulk,21.0,18.0,29.0,21.62
2021-04-25,ZARCB,Dry Bulk,24.0,16.0,29.0,21.75
2021-05-02,ZARCB,Dry Bulk,21.0,18.0,32.0,24.12
2021-05-09,ZARCB,Dry Bulk,16.0,16.0,28.0,20.88
2021-05-16,ZARCB,Dry Bulk,32.0,12.0,32.0,22.62
2021-05-23,ZARCB,Dry Bulk,25.0,20.0,28.0,23.88
2021-05-30,ZARCB,Dry Bulk,24.0,18.0,30.0,24.75
2021-06-06,ZARCB,Dry Bulk,15.0,15.0,28.0,23.12
2021-06-13,ZARCB,Dry Bulk,21.0,16.0,26.0,21.62
2021-06-20,ZARCB,Dry Bulk,18.0,16.0,31.0,20.5
2021-06-27,ZARCB,Dry Bulk,26.0,18.0,31.0,23.5
2021-07-04,ZARCB,Dry Bulk,25.0,17.0,25.0,21.25
2021-07-11,ZARCB,Dry Bulk,19.0,15.0,29.0,19.75
2021-07-18,ZARCB,Dry Bulk,10.0,10.0,23.0,18.62
2021-07-25,ZARCB,Dry Bulk,21.0,12.0,23.0,18.62
2021-08-01,ZARCB,Dry Bulk,22.0,16.0,27.0,21.62
2021-08-08,ZARCB,Dry Bulk,17.0,8.0,31.0,18.88
2021-08-15,ZARCB,Dry Bulk,16.0,16.0,24.0,20.62
2021-08-22,ZARCB,Dry Bulk,20.0,17.0,29.0,21.12
2021-08-29,ZARCB,Dry Bulk,19.0,18.0,29.0,23.12
2021-09-05,ZARCB,Dry Bulk,24.0,18.0,30.0,23.12
2021-09-12,ZARCB,Dry Bulk,21.0,18.0,28.0,22.0
2021-09-19,ZARCB,Dry Bulk,20.0,15.0,26.0,21.43
2021-09-26,ZARCB,Dry Bulk,24.0,16.0,26.0,21.0
2021-10-03,ZARCB,Dry Bulk,32.0,19.0,32.0,24.0
2021-10-10,ZARCB,Dry Bulk,19.0,16.0,31.0,21.57
2021-10-17,ZARCB,Dry Bulk,21.0,18.0,30.0,22.71
2021-10-24,ZARCB,Dry Bulk,18.0,18.0,27.0,23.29
2021-10-31,ZARCB,Dry Bulk,20.0,19.0,31.0,25.0
2021-11-07,ZARCB,Dry Bulk,23.0,16.0,30.0,22.43
2021-11-14,ZARCB,Dry Bulk,18.0,18.0,28.0,23.43
2021-11-21,ZARCB,Dry Bulk,24.0,20.0,32.0,24.14
2021-11-28,ZARCB,Dry Bulk,18.0,18.0,29.0,23.43
2021-12-05,ZARCB,Dry Bulk,23.0,18.0,32.0,24.0
2021-12-12,ZARCB,Dry Bulk,19.0,19.0,31.0,21.43
2021-12-19,ZARCB,Dry Bulk,25.0,16.0,28.0,22.43
2021-12-26,ZARCB,Dry Bulk,21.0,19.0,34.0,27.14
2022-01-02,ZARCB,Dry Bulk,14.0,13.0,30.0,21.0
2022-01-09,ZARCB,Dry Bulk,20.0,16.0,34.0,21.5
2022-01-16,ZARCB,Dry Bulk,18.0,17.0,29.0,21.38
2022-01-23,ZARCB,Dry Bulk,27.0,17.0,28.0,23.38
2022-01-30,ZARCB,Dry Bulk,19.0,16.0,32.0,23.5
2022-02-06,ZARCB,Dry Bulk,19.0,18.0,31.0,23.25
2022-02-13,ZARCB,Dry Bulk,19.0,18.0,30.0,20.62
2022-02-20,ZARCB,Dry Bulk,27.0,17.0,28.0,24.12
2022-02-27,ZARCB,Dry Bulk,19.0,19.0,38.0,25.25
2022-03-06,ZARCB,Dry Bulk,26.0,17.0,39.0,25.5
2022-03-13,ZARCB,Dry Bulk,17.0,16.0,31.0,22.62
2022-03-20,ZARCB,Dry Bulk,21.0,20.0,31.0,24.88
2022-03-27,ZARCB,Dry Bulk,26.0,20.0,29.0,24.12
2022-04-03,ZARCB,Dry Bulk,15.0,15.0,30.0,21.62
2022-04-10,ZARCB,Dry Bulk,17.0,14.0,24.0,20.12
2022-04-17,ZARCB,Dry Bulk,20.0,18.0,29.0,21.62
2022-04-24,ZARCB,Dry Bulk,19.0,16.0,29.0,21.75
2022-05-01,ZARCB,Dry Bulk,18.0,18.0,32.0,24.12
2022-05-08,ZARCB,Dry Bulk,18.0,16.0,28.0,20.88
2022-05-15,ZARCB,Dry Bulk,21.0,12.0,32.0,22.62
2022-05-22,ZARCB,Dry Bulk,25.0,20.0,28.0,23.88
2022-05-29,ZARCB,Dry Bulk,27.0,18.0,30.0,24.75
2022-06-05,ZARCB,Dry Bulk,16.0,15.0,28.0,23.12
2022-06-12,ZARCB,Dry Bulk,21.0,16.0,26.0,21.62
2022-06-19,ZARCB,Dry Bulk,23.0,16.0,31.0,20.5
2022-06-26,ZARCB,Dry Bulk,21.0,18.0,31.0,23.5
2022-07-03,ZARCB,Dry Bulk,20.0,17.0,25.0,21.25
2022-07-10,ZARCB,Dry Bulk,21.0,15.0,29.0,19.75
2022-07-17,ZARCB,Dry Bulk,22.0,10.0,23.0,18.62
2022-07-24,ZARCB,Dry Bulk,16.0,12.0,23.0,18.62
2022-07-31,ZARCB,Dry Bulk,25.0,16.0,27.0,21.62
2022-08-07,ZARCB,Dry Bulk,17.0,8.0,31.0,18.88
2022-08-14,ZARCB,Dry Bulk,17.0,16.0,24.0,20.62
2022-08-21,ZARCB,Dry Bulk,20.0,17.0,29.0,21.12
2022-08-28,ZARCB,Dry Bulk,29.0,18.0,29.0,23.12
2022-09-04,ZARCB,Dry Bulk,22.0,18.0,30.0,23.12
2022-09-11,ZARCB,Dry Bulk,18.0,18.0,28.0,22.0
2022-09-18,ZARCB,Dry Bulk,26.0,15.0,26.0,21.43
2022-09-25,ZARCB,Dry Bulk,20.0,16.0,26.0,21.0
2022-10-02,ZARCB,Dry Bulk,19.0,19.0,32.0,24.0
2022-10-09,ZARCB,Dry Bulk,21.0,16.0,31.0,21.57
2022-10-16,ZARCB,Dry Bulk,19.0,18.0,30.0,22.71
2022-10-23,ZARCB,Dry Bulk,22.0,18.0,27.0,23.29
2022-10-30,ZARCB,Dry Bulk,27.0,19.0,31.0,25.0
2022-11-06,ZARCB,Dry Bulk,18.0,16.0,30.0,22.43
2022-11-13,ZARCB,Dry Bulk,22.0,18.0,28.0,23.43
2022-11-20,ZARCB,Dry Bulk,20.0,20.0,32.0,24.14
2022-11-27,ZARCB,Dry Bulk,21.0,18.0,29.0,23.43
2022-12-04,ZARCB,Dry Bulk,22.0,18.0,32.0,24.0
2022-12-11,ZARCB,Dry Bulk,20.0,19.0,31.0,21.43
2022-12-18,ZARCB,Dry Bulk,16.0,16.0,28.0,22.43
2022-12-25,ZARCB,Dry Bulk,19.0,19.0,34.0,27.14
2023-01-01,ZARCB,Dry Bulk,13.0,13.0,30.0,21.0
2023-01-08,ZARCB,Dry Bulk,16.0,16.0,34.0,21.5
2023-01-15,ZARCB,Dry Bulk,22.0,17.0,29.0,21.38
2023-01-22,ZARCB,Dry Bulk,25.0,17.0,28.0,23.38
2023-01-29,ZARCB,Dry Bulk,23.0,16.0,32.0,23.5
2023-02-05,ZARCB,Dry Bulk,20.0,18.0,31.0,23.25
2023-02-12,ZARCB,Dry Bulk,19.0,18.0,30.0,20.62
2023-02-19,ZARCB,Dry Bulk,19.0,17.0,28.0,24.12
2023-02-26,ZARCB,Dry Bulk,23.0,19.0,38.0,25.25
2023-03-05,ZARCB,Dry Bulk,18.0,17.0,39.0,25.5
2023-03-12,ZARCB,Dry Bulk,25.0,16.0,31.0,22.62
2023-03-19,ZARCB,Dry Bulk,23.0,20.0,31.0,24.88
2023-03-26,ZARCB,Dry Bulk,20.0,20.0,29.0,24.12
2023-04-02,ZARCB,Dry Bulk,20.0,15.0,30.0,21.62
2023-04-09,ZARCB,Dry Bulk,22.0,14.0,24.0,20.12
2023-04-16,ZARCB,Dry Bulk,23.0,18.0,29.0,21.62
2023-04-23,ZARCB,Dry Bulk,21.0,16.0,29.0,21.75
2023-04-30,ZARCB,Dry Bulk,24.0,18.0,32.0,24.12
2023-05-07,ZARCB,Dry Bulk,18.0,16.0,28.0,20.88
2023-05-14,ZARCB,Dry Bulk,12.0,12.0,32.0,22.62
2023-05-21,ZARCB,Dry Bulk,21.0,20.0,28.0,23.88
2023-05-28,ZARCB,Dry Bulk,25.0,18.0,30.0,24.75
2023-06-04,ZARCB,Dry Bulk,27.0,15.0,28.0,23.12
2023-06-11,ZARCB,Dry Bulk,21.0,16.0,26.0,21.62
2023-06-18,ZARCB,Dry Bulk,19.0,16.0,31.0,20.5
2023-06-25,ZARCB,Dry Bulk,19.0,18.0,31.0,23.5
2023-07-02,ZARCB,Dry Bulk,20.0,17.0,25.0,21.25
2023-07-09,ZARCB,Dry Bulk,15.0,15.0,29.0,19.75
2023-07-16,ZARCB,Dry Bulk,15.0,10.0,23.0,18.62
2023-07-23,ZARCB,Dry Bulk,18.0,12.0,23.0,18.62
2023-07-30,ZARCB,Dry Bulk,19.0,16.0,27.0,21.62
2023-08-06,ZARCB,Dry Bulk,18.0,8.0,31.0,18.88
2023-08-13,ZARCB,Dry Bulk,21.0,16.0,24.0,20.62
2023-08-20,ZARCB,Dry Bulk,29.0,17.0,29.0,21.12
2023-08-27,ZARCB,Dry Bulk,25.0,18.0,29.0,23.12
2023-09-03,ZARCB,Dry Bulk,21.0,18.0,30.0,23.12
2023-09-10,ZARCB,Dry Bulk,20.0,18.0,28.0,22.0
2023-09-17,ZARCB,Dry Bulk,15.0,15.0,26.0,21.43
2023-09-24,ZARCB,Dry Bulk,16.0,16.0,26.0,21.0
2023-10-01,ZARCB,Dry Bulk,21.0,19.0,32.0,24.0
2023-10-08,ZARCB,Dry Bulk,17.0,16.0,31.0,21.57
2023-10-15,ZARCB,Dry Bulk,18.0,18.0,30.0,22.71
2023-10-22,ZARCB,Dry Bulk,22.0,18.0,27.0,23.29
2023-10-29,ZARCB,Dry Bulk,24.0,19.0,31.0,25.0
2023-11-05,ZARCB,Dry Bulk,16.0,16.0,30.0,22.43
2023-11-12,ZARCB,Dry Bulk,24.0,18.0,28.0,23.43
2023-11-19,ZARCB,Dry Bulk,22.0,20.0,32.0,24.14
2023-11-26,ZARCB,Dry Bulk,20.0,18.0,29.0,23.43
2023-12-03,ZARCB,Dry Bulk,25.0,18.0,32.0,24.0
2023-12-10,ZARCB,Dry Bulk,19.0,19.0,31.0,21.43
2023-12-17,ZARCB,Dry Bulk,28.0,16.0,28.0,22.43
2023-12-24,ZARCB,Dry Bulk,34.0,19.0,34.0,27.14
2023-12-31,ZARCB,Dry Bulk,21.0,13.0,30.0,21.0
2024-01-07,ZARCB,Dry Bulk,19.0,16.0,34.0,21.5
2024-01-14,ZARCB,Dry Bulk,17.0,17.0,29.0,21.38
2024-01-21,ZARCB,Dry Bulk,17.0,17.0,28.0,23.38
2024-01-28,ZARCB,Dry Bulk,22.0,16.0,32.0,23.5
2024-02-04,ZARCB,Dry Bulk,20.0,18.0,31.0,23.25
2024-02-11,ZARCB,Dry Bulk,21.0,18.0,30.0,20.62
2024-02-18,ZARCB,Dry Bulk,26.0,17.0,28.0,24.12
2024-02-25,ZARCB,Dry Bulk,26.0,19.0,38.0,25.25
2024-03-03,ZARCB,Dry Bulk,17.0,17.0,39.0,25.5
2024-03-10,ZARCB,Dry Bulk,19.0,16.0,31.0,22.62
2024-03-17,ZARCB,Dry Bulk,20.0,20.0,31.0,24.88
2024-03-24,ZARCB,Dry Bulk,20.0,20.0,29.0,24.12
2024-03-31,ZARCB,Dry Bulk,23.0,15.0,30.0,21.62
2024-04-07,ZARCB,Dry Bulk,17.0,14.0,24.0,20.12
2024-04-14,ZARCB,Dry Bulk,18.0,18.0,29.0,21.62
2024-04-21,ZARCB,Dry Bulk,26.0,16.0,29.0,21.75
2024-04-28,ZARCB,Dry Bulk,21.0,18.0,32.0,24.12
2024-05-05,ZARCB,Dry Bulk,21.0,16.0,28.0,20.88
2024-05-12,ZARCB,Dry Bulk,19.0,12.0,32.0,22.62
2024-05-19,ZARCB,Dry Bulk,24.0,20.0,28.0,23.88
2024-05-26,ZARCB,Dry Bulk,19.0,18.0,30.0,24.75
2024-06-02,ZARCB,Dry Bulk,26.0,15.0,28.0,23.12
2024-06-09,ZARCB,Dry Bulk,16.0,16.0,26.0,21.62
2024-06-16,ZARCB,Dry Bulk,16.0,16.0,31.0,20.5
2024-06-23,ZARCB,Dry Bulk,19.0,18.0,31.0,23.5
2024-06-30,ZARCB,Dry Bulk,17.0,17.0,25.0,21.25
2024-07-07,ZARCB,Dry Bulk,17.0,15.0,29.0,19.75
2024-07-14,ZARCB,Dry Bulk,20.0,10.0,23.0,18.62
2024-07-21,ZARCB,Dry Bulk,20.0,12.0,23.0,18.62
2024-07-28,ZARCB,Dry Bulk,17.0,16.0,27.0,21.62
2024-08-04,ZARCB,Dry Bulk,13.0,8.0,31.0,18.88
2024-08-11,ZARCB,Dry Bulk,24.0,16.0,24.0,20.62
2024-08-18,ZARCB,Dry Bulk,17.0,17.0,29.0,21.12
2024-08-25,ZARCB,Dry Bulk,18.0,18.0,29.0,23.12
2024-09-01,ZARCB,Dry Bulk,26.0,18.0,30.0,23.12
2024-09-08,ZARCB,Dry Bulk,25.0,18.0,28.0,22.0
2024-09-15,ZARCB,Dry Bulk,19.0,15.0,26.0,21.43
2024-09-22,ZARCB,Dry Bulk,16.0,16.0,26.0,21.0
2024-09-29,ZARCB,Dry Bulk,24.0,19.0,32.0,24.0
2024-10-06,ZARCB,Dry Bulk,22.0,16.0,31.0,21.57
2024-10-13,ZARCB,Dry Bulk,26.0,18.0,30.0,22.71
2024-10-20,ZARCB,Dry Bulk,27.0,18.0,27.0,23.29
2024-10-27,ZARCB,Dry Bulk,19.0,19.0,31.0,25.0
2024-11-03,ZARCB,Dry Bulk,20.0,16.0,30.0,22.43
2024-11-10,ZARCB,Dry Bulk,25.0,18.0,28.0,23.43
2024-11-17,ZARCB,Dry Bulk,22.0,20.0,32.0,24.14
2024-11-24,ZARCB,Dry Bulk,28.0,18.0,29.0,23.43
2024-12-01,ZARCB,Dry Bulk,18.0,18.0,32.0,24.0
2024-12-08,ZARCB,Dry Bulk,19.0,19.0,31.0,21.43
2024-12-15,ZARCB,Dry Bulk,23.0,16.0,28.0,22.43
2024-12-22,ZARCB,Dry Bulk,30.0,19.0,34.0,27.14
2024-12-29,ZARCB,Dry Bulk,27.0,13.0,30.0,21.0
2025-01-05,ZARCB,Dry Bulk,24.0,16.0,34.0,21.5
2025-01-12,ZARCB,Dry Bulk,17.0,17.0,29.0,21.38
2025-01-19,ZARCB,Dry Bulk,23.0,17.0,28.0,23.38
2025-01-26,ZARCB,Dry Bulk,25.0,16.0,32.0,23.5
2025-02-02,ZARCB,Dry Bulk,23.0,18.0,31.0,23.25
2025-02-09,ZARCB,Dry Bulk,19.0,18.0,30.0,20.62
2025-02-16,ZARCB,Dry Bulk,17.0,17.0,28.0,24.12
2025-02-23,ZARCB,Dry Bulk,20.0,19.0,38.0,25.25
2025-03-02,ZARCB,Dry Bulk,26.0,17.0,39.0,25.5
2025-03-09,ZARCB,Dry Bulk,21.0,16.0,31.0,22.62
2025-03-16,ZARCB,Dry Bulk,24.0,20.0,31.0,24.88
2025-03-23,ZARCB,Dry Bulk,24.0,20.0,29.0,24.12
2025-03-30,ZARCB,Dry Bulk,26.0,15.0,30.0,21.62
2025-04-06,ZARCB,Dry Bulk,20.0,14.0,24.0,20.12
2025-04-13,ZARCB,Dry Bulk,26.0,18.0,29.0,21.62
2025-04-20,ZARCB,Dry Bulk,19.0,16.0,29.0,21.75
2025-04-27,ZARCB,Dry Bulk,25.0,18.0,32.0,24.12
2025-05-04,ZARCB,Dry Bulk,21.0,16.0,28.0,20.88
2025-05-11,ZARCB,Dry Bulk,23.0,12.0,32.0,22.62
2025-05-18,ZARCB,Dry Bulk,28.0,20.0,28.0,23.88
2025-05-25,ZARCB,Dry Bulk,18.0,18.0,30.0,24.75
2025-06-01,ZARCB,Dry Bulk,28.0,15.0,28.0,23.12
2025-06-08,ZARCB,Dry Bulk,23.0,16.0,26.0,21.62
2025-06-15,ZARCB,Dry Bulk,17.0,16.0,31.0,20.5
2025-06-22,ZARCB,Dry Bulk,24.0,18.0,31.0,23.5
2025-06-29,ZARCB,Dry Bulk,17.0,17.0,25.0,21.25
2025-07-06,ZARCB,Dry Bulk,15.0,15.0,29.0,19.75
2025-07-13,ZARCB,Dry Bulk,19.0,10.0,23.0,18.62
2025-07-20,ZARCB,Dry Bulk,21.0,12.0,23.0,18.62
2025-07-27,ZARCB,Dry Bulk,16.0,16.0,27.0,21.62
2025-08-03,ZARCB,Dry Bulk,22.0,8.0,31.0,18.88
2025-08-10,ZARCB,Dry Bulk,18.0,16.0,24.0,20.62
2025-08-17,ZARCB,Dry Bulk,19.0,17.0,29.0,21.12
2025-08-24,ZARCB,Dry Bulk,24.0,18.0,29.0,23.12
2025-08-31,ZARCB,Dry Bulk,26.0,18.0,30.0,23.12
2025-09-07,ZARCB,Dry Bulk,18.0,18.0,28.0,22.0
2025-09-14,ZARCB,Dry Bulk,21.0,15.0,26.0,21.43
2025-09-21,ZARCB,Dry Bulk,22.0,16.0,26.0,21.0
2025-09-28,ZARCB,Dry Bulk,24.0,19.0,32.0,24.0
2025-10-05,ZARCB,Dry Bulk,16.0,16.0,31.0,21.57
2025-10-12,ZARCB,Dry Bulk,21.0,18.0,30.0,22.71
2025-10-19,ZARCB,Dry Bulk,21.0,18.0,27.0,23.29
2025-10-26,ZARCB,Dry Bulk,25.0,19.0,31.0,25.0
2025-11-02,ZARCB,Dry Bulk,23.0,16.0,30.0,22.43
2025-11-09,ZARCB,Dry Bulk,23.0,18.0,28.0,23.43
2025-11-16,ZARCB,Dry Bulk,25.0,20.0,32.0,24.14
2025-11-23,ZARCB,Dry Bulk,21.0,18.0,29.0,23.43
2025-11-30,ZARCB,Dry Bulk,18.0,18.0,32.0,24.0
2025-12-07,ZARCB,Dry Bulk,20.0,19.0,31.0,21.43
2025-12-14,ZARCB,Dry Bulk,23.0,16.0,28.0,22.43
2025-12-21,ZARCB,Dry Bulk,23.0,19.0,34.0,27.14
2025-12-28,ZARCB,Dry Bulk,30.0,13.0,30.0,21.0
2026-01-04,ZARCB,Dry Bulk,24.0,16.0,34.0,21.5
2026-01-11,ZARCB,Dry Bulk,22.0,17.0,29.0,21.38
2026-01-18,ZARCB,Dry Bulk,17.0,17.0,28.0,23.38
2026-01-25,ZARCB,Dry Bulk,22.0,16.0,32.0,23.5
2026-02-01,ZARCB,Dry Bulk,31.0,18.0,31.0,23.25
2026-02-08,ZARCB,Dry Bulk,20.0,18.0,30.0,20.62
2026-02-15,ZARCB,Dry Bulk,24.0,17.0,28.0,24.12
2026-02-22,ZARCB,Dry Bulk,20.0,19.0,38.0,25.25
2026-03-01,ZARCB,Dry Bulk,28.0,17.0,39.0,25.5
2026-03-08,ZARCB,Dry Bulk,16.0,16.0,31.0,22.62
2026-03-15,ZARCB,Dry Bulk,27.0,20.0,31.0,24.88
2026-03-22,ZARCB,Dry Bulk,29.0,20.0,29.0,24.12
2026-03-29,ZARCB,Dry Bulk,22.0,15.0,30.0,21.62
2026-04-05,ZARCB,Dry Bulk,23.0,14.0,24.0,20.12
2026-04-12,ZARCB,Dry Bulk,18.0,18.0,29.0,21.62
2026-04-19,ZARCB,Dry Bulk,20.0,16.0,29.0,21.75
2026-04-26,ZARCB,Dry Bulk,32.0,18.0,32.0,24.12
2026-05-03,ZARCB,Dry Bulk,22.0,16.0,28.0,20.88
2026-05-10,ZARCB,Dry Bulk,22.0,12.0,32.0,22.62
2026-05-17,ZARCB,Dry Bulk,20.0,20.0,28.0,23.88
2026-05-24,ZARCB,Dry Bulk,25.0,18.0,30.0,24.75
2026-05-31,ZARCB,Dry Bulk,27.0,15.0,28.0,23.12
2026-06-07,ZARCB,Dry Bulk,19.0,16.0,26.0,21.62
2026-06-14,ZARCB,Dry Bulk,22.0,16.0,31.0,20.5
2026-06-21,ZARCB,Dry Bulk,18.0,18.0,31.0,23.5
2026-06-28,ZARCB,Dry Bulk,24.0,17.0,25.0,21.25
2026-07-05,ZARCB,Dry Bulk,16.0,15.0,29.0,19.75
2026-07-12,ZARCB,Dry Bulk,23.0,10.0,23.0,18.62
2026-07-19,ZARCB,Dry Bulk,18.0,12.0,23.0,18.62
2026-07-26,ZARCB,Dry Bulk,23.0,16.0,27.0,21.62
2026-08-02,ZARCB,Dry Bulk,8.0,8.0,31.0,18.88
2026-08-09,ZARCB,Dry Bulk,23.0,16.0,24.0,20.62
2026-08-16,ZARCB,Dry Bulk,18.0,17.0,29.0,21.12
2026-08-23,ZARCB,Dry Bulk,24.0,18.0,29.0,23.12
2026-08-30,ZARCB,Dry Bulk,18.0,18.0,30.0,23.12
2019-01-06,ZASDB,Dry Bulk,6.0,5.0,12.0,8.0
2019-01-13,ZASDB,Dry Bulk,10.0,6.0,10.0,8.75
2019-01-20,ZASDB,Dry Bulk,12.0,7.0,14.0,10.38
2019-01-27,ZASDB,Dry Bulk,11.0,7.0,12.0,9.88
2019-02-03,ZASDB,Dry Bulk,12.0,7.0,13.0,9.5
2019-02-10,ZASDB,Dry Bulk,10.0,8.0,12.0,9.25
2019-02-17,ZASDB,Dry Bulk,11.0,7.0,12.0,8.88
2019-02-24,ZASDB,Dry Bulk,11.0,7.0,12.0,9.75
2019-03-03,ZASDB,Dry Bulk,10.0,7.0,12.0,10.25
2019-03-10,ZASDB,Dry Bulk,11.0,7.0,12.0,9.75
2019-03-17,ZASDB,Dry Bulk,10.0,8.0,11.0,9.62
2019-03-24,ZASDB,Dry Bulk,9.0,8.0,12.0,9.88
2019-03-31,ZASDB,Dry Bulk,10.0,2.0,12.0,8.25
2019-04-07,ZASDB,Dry Bulk,11.0,5.0,11.0,8.88
2019-04-14,ZASDB,Dry Bulk,11.0,3.0,13.0,9.25
2019-04-21,ZASDB,Dry Bulk,13.0,4.0,13.0,9.0
2019-04-28,ZASDB,Dry Bulk,9.0,7.0,10.0,8.25
2019-05-05,ZASDB,Dry Bulk,8.0,5.0,11.0,9.25
2019-05-12,ZASDB,Dry Bulk,13.0,6.0,13.0,8.25
2019-05-19,ZASDB,Dry Bulk,11.0,3.0,11.0,9.12
2019-05-26,ZASDB,Dry Bulk,6.0,6.0,10.0,8.12
2019-06-02,ZASDB,Dry Bulk,9.0,5.0,13.0,8.88
2019-06-09,ZASDB,Dry Bulk,13.0,6.0,13.0,9.5
2019-06-16,ZASDB,Dry Bulk,8.0,6.0,12.0,9.12
2019-06-23,ZASDB,Dry Bulk,9.0,6.0,12.0,9.62
2019-06-30,ZASDB,Dry Bulk,11.0,5.0,13.0,9.38
2019-07-07,ZASDB,Dry Bulk,10.0,7.0,11.0,8.75
2019-07-14,ZASDB,Dry Bulk,11.0,3.0,15.0,8.5
2019-07-21,ZASDB,Dry Bulk,10.0,7.0,13.0,9.75
2019-07-28,ZASDB,Dry Bulk,6.0,6.0,10.0,8.5
2019-08-04,ZASDB,Dry Bulk,12.0,7.0,12.0,10.0
2019-08-11,ZASDB,Dry Bulk,11.0,6.0,11.0,9.25
2019-08-18,ZASDB,Dry Bulk,8.0,7.0,14.0,9.0
2019-08-25,ZASDB,Dry Bulk,9.0,6.0,13.0,9.62
2019-09-01,ZASDB,Dry Bulk,11.0,8.0,13.0,9.5
2019-09-08,ZASDB,Dry Bulk,9.0,8.0,11.0,9.14
2019-09-15,ZASDB,Dry Bulk,11.0,5.0,13.0,8.86
2019-09-22,ZASDB,Dry Bulk,11.0,9.0,13.0,10.86
2019-09-29,ZASDB,Dry Bulk,10.0,6.0,12.0,8.71
2019-10-06,ZASDB,Dry Bulk,8.0,4.0,11.0,7.43
2019-10-13,ZASDB,Dry Bulk,5.0,2.0,10.0,6.0
2019-10-20,ZASDB,Dry Bulk,8.0,2.0,10.0,6.71
2019-10-27,ZASDB,Dry Bulk,6.0,1.0,12.0,7.43
2019-11-03,ZASDB,Dry Bulk,9.0,5.0,9.0,8.0
2019-11-10,ZASDB,Dry Bulk,13.0,4.0,13.0,8.71
2019-11-17,ZASDB,Dry Bulk,9.0,5.0,12.0,8.86
2019-11-24,ZASDB,Dry Bulk,12.0,7.0,12.0,9.14
2019-12-01,ZASDB,Dry Bulk,9.0,7.0,12.0,9.43
2019-12-08,ZASDB,Dry Bulk,10.0,6.0,12.0,8.86
2019-12-15,ZASDB,Dry Bulk,14.0,8.0,14.0,9.71
2019-12-22,ZASDB,Dry Bulk,11.0,7.0,11.0,10.0
2019-12-29,ZASDB,Dry Bulk,9.0,8.0,11.0,9.43
2020-01-05,ZASDB,Dry Bulk,12.0,5.0,12.0,8.0
2020-01-12,ZASDB,Dry Bulk,10.0,6.0,10.0,8.75
2020-01-19,ZASDB,Dry Bulk,14.0,7.0,14.0,10.38
2020-01-26,ZASDB,Dry Bulk,7.0,7.0,12.0,9.88
2020-02-02,ZASDB,Dry Bulk,13.0,7.0,13.0,9.5
2020-02-09,ZASDB,Dry Bulk,8.0,8.0,12.0,9.25
2020-02-16,ZASDB,Dry Bulk,12.0,7.0,12.0,8.88
2020-02-23,ZASDB,Dry Bulk,10.0,7.0,12.0,9.75
2020-03-01,ZASDB,Dry Bulk,11.0,7.0,12.0,10.25
2020-03-08,ZASDB,Dry Bulk,11.0,7.0,12.0,9.75
2020-03-15,ZASDB,Dry Bulk,8.0,8.0,11.0,9.62
2020-03-22,ZASDB,Dry Bulk,10.0,8.0,12.0,9.88
2020-03-29,ZASDB,Dry Bulk,2.0,2.0,12.0,8.25
2020-04-05,ZASDB,Dry Bulk,5.0,5.0,11.0,8.88
2020-04-12,ZASDB,Dry Bulk,3.0,3.0,13.0,9.25
2020-04-19,ZASDB,Dry Bulk,4.0,4.0,13.0,9.0
2020-04-26,ZASDB,Dry Bulk,7.0,7.0,10.0,8.25
2020-05-03,ZASDB,Dry Bulk,7.0,5.0,11.0,9.25
2020-05-10,ZASDB,Dry Bulk,6.0,6.0,13.0,8.25
2020-05-17,ZASDB,Dry Bulk,11.0,3.0,11.0,9.12
2020-05-24,ZASDB,Dry Bulk,10.0,6.0,10.0,8.12
2020-05-31,ZASDB,Dry Bulk,5.0,5.0,13.0,8.88
2020-06-07,ZASDB,Dry Bulk,8.0,6.0,13.0,9.5
2020-06-14,ZASDB,Dry Bulk,6.0,6.0,12.0,9.12
2020-06-21,ZASDB,Dry Bulk,11.0,6.0,12.0,9.62
2020-06-28,ZASDB,Dry Bulk,7.0,5.0,13.0,9.38
2020-07-05,ZASDB,Dry Bulk,10.0,7.0,11.0,8.75
2020-07-12,ZASDB,Dry Bulk,7.0,3.0,15.0,8.5
2020-07-19,ZASDB,Dry Bulk,9.0,7.0,13.0,9.75
2020-07-26,ZASDB,Dry Bulk,9.0,6.0,10.0,8.5
2020-08-02,ZASDB,Dry Bulk,10.0,7.0,12.0,10.0
2020-08-09,ZASDB,Dry Bulk,11.0,6.0,11.0,9.25
2020-08-16,ZASDB,Dry Bulk,7.0,7.0,14.0,9.0
2020-08-23,ZASDB,Dry Bulk,10.0,6.0,13.0,9.62
2020-08-30,ZASDB,Dry Bulk,13.0,8.0,13.0,9.5
2020-09-06,ZASDB,Dry Bulk,9.0,8.0,11.0,9.14
2020-09-13,ZASDB,Dry Bulk,10.0,5.0,13.0,8.86
2020-09-20,ZASDB,Dry Bulk,11.0,9.0,13.0,10.86
2020-09-27,ZASDB,Dry Bulk,12.0,6.0,12.0,8.71
2020-10-04,ZASDB,Dry Bulk,9.0,4.0,11.0,7.43
2020-10-11,ZASDB,Dry Bulk,10.0,2.0,10.0,6.0
2020-10-18,ZASDB,Dry Bulk,7.0,2.0,10.0,6.71
2020-10-25,ZASDB,Dry Bulk,7.0,1.0,12.0,7.43
2020-11-01,ZASDB,Dry Bulk,5.0,5.0,9.0,8.0
2020-11-08,ZASDB,Dry Bulk,9.0,4.0,13.0,8.71
2020-11-15,ZASDB,Dry Bulk,10.0,5.0,12.0,8.86
2020-11-22,ZASDB,Dry Bulk,9.0,7.0,12.0,9.14
2020-11-29,ZASDB,Dry Bulk,12.0,7.0,12.0,9.43
2020-12-06,ZASDB,Dry Bulk,8.0,6.0,12.0,8.86
2020-12-13,ZASDB,Dry Bulk,10.0,8.0,14.0,9.71
2020-12-20,ZASDB,Dry Bulk,10.0,7.0,11.0,10.0
2020-12-27,ZASDB,Dry Bulk,9.0,8.0,11.0,9.43
2021-01-03,ZASDB,Dry Bulk,9.0,7.2,10.8,9.0
2021-01-10,ZASDB,Dry Bulk,11.0,5.0,12.0,8.0
2021-01-17,ZASDB,Dry Bulk,10.0,6.0,10.0,8.75
2021-01-24,ZASDB,Dry Bulk,7.0,7.0,14.0,10.38
2021-01-31,ZASDB,Dry Bulk,12.0,7.0,12.0,9.88
2021-02-07,ZASDB,Dry Bulk,10.0,7.0,13.0,9.5
2021-02-14,ZASDB,Dry Bulk,8.0,8.0,12.0,9.25
2021-02-21,ZASDB,Dry Bulk,8.0,7.0,12.0,8.88
2021-02-28,ZASDB,Dry Bulk,7.0,7.0,12.0,9.75
2021-03-07,ZASDB,Dry Bulk,11.0,7.0,12.0,10.25
2021-03-14,ZASDB,Dry Bulk,9.0,7.0,12.0,9.75
2021-03-21,ZASDB,Dry Bulk,10.0,8.0,11.0,9.62
2021-03-28,ZASDB,Dry Bulk,9.0,8.0,12.0,9.88
2021-04-04,ZASDB,Dry Bulk,7.0,2.0,12.0,8.25
2021-04-11,ZASDB,Dry Bulk,10.0,5.0,11.0,8.88
2021-04-18,ZASDB,Dry Bulk,10.0,3.0,13.0,9.25
2021-04-25,ZASDB,Dry Bulk,10.0,4.0,13.0,9.0
2021-05-02,ZASDB,Dry Bulk,10.0,7.0,10.0,8.25
2021-05-09,ZASDB,Dry Bulk,11.0,5.0,11.0,9.25
2021-05-16,ZASDB,Dry Bulk,8.0,6.0,13.0,8.25
2021-05-23,ZASDB,Dry Bulk,10.0,3.0,11.0,9.12
2021-05-30,ZASDB,Dry Bulk,6.0,6.0,10.0,8.12
2021-06-06,ZASDB,Dry Bulk,13.0,5.0,13.0,8.88
2021-06-13,ZASDB,Dry Bulk,6.0,6.0,13.0,9.5
2021-06-20,ZASDB,Dry Bulk,10.0,6.0,12.0,9.12
2021-06-27,ZASDB,Dry Bulk,9.0,6.0,12.0,9.62
2021-07-04,ZASDB,Dry Bulk,5.0,5.0,13.0,9.38
2021-07-11,ZASDB,Dry Bulk,11.0,7.0,11.0,8.75
2021-07-18,ZASDB,Dry Bulk,7.0,3.0,15.0,8.5
2021-07-25,ZASDB,Dry Bulk,11.0,7.0,13.0,9.75
2021-08-01,ZASDB,Dry Bulk,8.0,6.0,10.0,8.5
2021-08-08,ZASDB,Dry Bulk,11.0,7.0,12.0,10.0
2021-08-15,ZASDB,Dry Bulk,9.0,6.0,11.0,9.25
2021-08-22,ZASDB,Dry Bulk,11.0,7.0,14.0,9.0
2021-08-29,ZASDB,Dry Bulk,10.0,6.0,13.0,9.62
2021-09-05,ZASDB,Dry Bulk,10.0,8.0,13.0,9.5
2021-09-12,ZASDB,Dry Bulk,11.0,8.0,11.0,9.14
2021-09-19,ZASDB,Dry Bulk,7.0,5.0,13.0,8.86
2021-09-26,ZASDB,Dry Bulk,9.0,9.0,13.0,10.86
2021-10-03,ZASDB,Dry Bulk,6.0,6.0,12.0,8.71
2021-10-10,ZASDB,Dry Bulk,4.0,4.0,11.0,7.43
2021-10-17,ZASDB,Dry Bulk,8.0,2.0,10.0,6.0
2021-10-24,ZASDB,Dry Bulk,10.0,2.0,10.0,6.71
2021-10-31,ZASDB,Dry Bulk,12.0,1.0,12.0,7.43
2021-11-07,ZASDB,Dry Bulk,8.0,5.0,9.0,8.0
2021-11-14,ZASDB,Dry Bulk,9.0,4.0,13.0,8.71
2021-11-21,ZASDB,Dry Bulk,8.0,5.0,12.0,8.86
2021-11-28,ZASDB,Dry Bulk,11.0,7.0,12.0,9.14
2021-12-05,ZASDB,Dry Bulk,10.0,7.0,12.0,9.43
2021-12-12,ZASDB,Dry Bulk,7.0,6.0,12.0,8.86
2021-12-19,ZASDB,Dry Bulk,9.0,8.0,14.0,9.71
2021-12-26,ZASDB,Dry Bulk,11.0,7.0,11.0,10.0
2022-01-02,ZASDB,Dry Bulk,11.0,8.0,11.0,9.43
2022-01-09,ZASDB,Dry Bulk,7.0,5.0,12.0,8.0
2022-01-16,ZASDB,Dry Bulk,9.0,6.0,10.0,8.75
2022-01-23,ZASDB,Dry Bulk,11.0,7.0,14.0,10.38
2022-01-30,ZASDB,Dry Bulk,10.0,7.0,12.0,9.88
2022-02-06,ZASDB,Dry Bulk,11.0,7.0,13.0,9.5
2022-02-13,ZASDB,Dry Bulk,8.0,8.0,12.0,9.25
2022-02-20,ZASDB,Dry Bulk,9.0,7.0,12.0,8.88
2022-02-27,ZASDB,Dry Bulk,10.0,7.0,12.0,9.75
2022-03-06,ZASDB,Dry Bulk,10.0,7.0,12.0,10.25
2022-03-13,ZASDB,Dry Bulk,7.0,7.0,12.0,9.75
2022-03-20,ZASDB,Dry Bulk,8.0,8.0,11.0,9.62
2022-03-27,ZASDB,Dry Bulk,10.0,8.0,12.0,9.88
2022-04-03,ZASDB,Dry Bulk,9.0,2.0,12.0,8.25
2022-04-10,ZASDB,Dry Bulk,10.0,5.0,11.0,8.88
2022-04-17,ZASDB,Dry Bulk,8.0,3.0,13.0,9.25
2022-04-24,ZASDB,Dry Bulk,9.0,4.0,13.0,9.0
2022-05-01,ZASDB,Dry Bulk,8.0,7.0,10.0,8.25
2022-05-08,ZASDB,Dry Bulk,11.0,5.0,11.0,9.25
2022-05-15,ZASDB,Dry Bulk,10.0,6.0,13.0,8.25
2022-05-22,ZASDB,Dry Bulk,9.0,3.0,11.0,9.12
2022-05-29,ZASDB,Dry Bulk,9.0,6.0,10.0,8.12
2022-06-05,ZASDB,Dry Bulk,8.0,5.0,13.0,8.88
2022-06-12,ZASDB,Dry Bulk,12.0,6.0,13.0,9.5
2022-06-19,ZASDB,Dry Bulk,11.0,6.0,12.0,9.12
2022-06-26,ZASDB,Dry Bulk,10.0,6.0,12.0,9.62
2022-07-03,ZASDB,Dry Bulk,13.0,5.0,13.0,9.38
2022-07-10,ZASDB,Dry Bulk,7.0,7.0,11.0,8.75
2022-07-17,ZASDB,Dry Bulk,15.0,3.0,15.0,8.5
2022-07-24,ZASDB,Dry Bulk,7.0,7.0,13.0,9.75
2022-07-31,ZASDB,Dry Bulk,9.0,6.0,10.0,8.5
2022-08-07,ZASDB,Dry Bulk,11.0,7.0,12.0,10.0
2022-08-14,ZASDB,Dry Bulk,8.0,6.0,11.0,9.25
2022-08-21,ZASDB,Dry Bulk,7.0,7.0,14.0,9.0
2022-08-28,ZASDB,Dry Bulk,6.0,6.0,13.0,9.62
2022-09-04,ZASDB,Dry Bulk,8.0,8.0,13.0,9.5
2022-09-11,ZASDB,Dry Bulk,10.0,8.0,11.0,9.14
2022-09-18,ZASDB,Dry Bulk,8.0,5.0,13.0,8.86
2022-09-25,ZASDB,Dry Bulk,11.0,9.0,13.0,10.86
2022-10-02,ZASDB,Dry Bulk,9.0,6.0,12.0,8.71
2022-10-09,ZASDB,Dry Bulk,6.0,4.0,11.0,7.43
2022-10-16,ZASDB,Dry Bulk,2.0,2.0,10.0,6.0
2022-10-23,ZASDB,Dry Bulk,9.0,2.0,10.0,6.71
2022-10-30,ZASDB,Dry Bulk,9.0,1.0,12.0,7.43
2022-11-06,ZASDB,Dry Bulk,9.0,5.0,9.0,8.0
2022-11-13,ZASDB,Dry Bulk,4.0,4.0,13.0,8.71
2022-11-20,ZASDB,Dry Bulk,5.0,5.0,12.0,8.86
2022-11-27,ZASDB,Dry Bulk,7.0,7.0,12.0,9.14
2022-12-04,ZASDB,Dry Bulk,7.0,7.0,12.0,9.43
2022-12-11,ZASDB,Dry Bulk,6.0,6.0,12.0,8.86
2022-12-18,ZASDB,Dry Bulk,9.0,8.0,14.0,9.71
2022-12-25,ZASDB,Dry Bulk,10.0,7.0,11.0,10.0
2023-01-01,ZASDB,Dry Bulk,8.0,8.0,11.0,9.43
2023-01-08,ZASDB,Dry Bulk,7.0,5.0,12.0,8.0
2023-01-15,ZASDB,Dry Bulk,7.0,6.0,10.0,8.75
2023-01-22,ZASDB,Dry Bulk,10.0,7.0,14.0,10.38
2023-01-29,ZASDB,Dry Bulk,10.0,7.0,12.0,9.88
2023-02-05,ZASDB,Dry Bulk,7.0,7.0,13.0,9.5
2023-02-12,ZASDB,Dry Bulk,9.0,8.0,12.0,9.25
2023-02-19,ZASDB,Dry Bulk,9.0,7.0,12.0,8.88
2023-02-26,ZASDB,Dry Bulk,8.0,7.0,12.0,9.75
2023-03-05,ZASDB,Dry Bulk,12.0,7.0,12.0,10.25
2023-03-12,ZASDB,Dry Bulk,9.0,7.0,12.0,9.75
2023-03-19,ZASDB,Dry Bulk,10.0,8.0,11.0,9.62
2023-03-26,ZASDB,Dry Bulk,9.0,8.0,12.0,9.88
2023-04-02,ZASDB,Dry Bulk,9.0,2.0,12.0,8.25
2023-04-09,ZASDB,Dry Bulk,10.0,5.0,11.0,8.88
2023-04-16,ZASDB,Dry Bulk,13.0,3.0,13.0,9.25
2023-04-23,ZASDB,Dry Bulk,10.0,4.0,13.0,9.0
2023-04-30,ZASDB,Dry Bulk,7.0,7.0,10.0,8.25
2023-05-07,ZASDB,Dry Bulk,10.0,5.0,11.0,9.25
2023-05-14,ZASDB,Dry Bulk,7.0,6.0,13.0,8.25
2023-05-21,ZASDB,Dry Bulk,8.0,3.0,11.0,9.12
2023-05-28,ZASDB,Dry Bulk,7.0,6.0,10.0,8.12
2023-06-04,ZASDB,Dry Bulk,10.0,5.0,13.0,8.88
2023-06-11,ZASDB,Dry Bulk,12.0,6.0,13.0,9.5
2023-06-18,ZASDB,Dry Bulk,7.0,6.0,12.0,9.12
2023-06-25,ZASDB,Dry Bulk,9.0,6.0,12.0,9.62
2023-07-02,ZASDB,Dry Bulk,10.0,5.0,13.0,9.38
2023-07-09,ZASDB,Dry Bulk,8.0,7.0,11.0,8.75
2023-07-16,ZASDB,Dry Bulk,7.0,3.0,15.0,8.5
2023-07-23,ZASDB,Dry Bulk,8.0,7.0,13.0,9.75
2023-07-30,ZASDB,Dry Bulk,10.0,6.0,10.0,8.5
2023-08-06,ZASDB,Dry Bulk,7.0,7.0,12.0,10.0
2023-08-13,ZASDB,Dry Bulk,9.0,6.0,11.0,9.25
2023-08-20,ZASDB,Dry Bulk,8.0,7.0,14.0,9.0
2023-08-27,ZASDB,Dry Bulk,10.0,6.0,13.0,9.62
2023-09-03,ZASDB,Dry Bulk,9.0,8.0,13.0,9.5
2023-09-10,ZASDB,Dry Bulk,9.0,8.0,11.0,9.14
2023-09-17,ZASDB,Dry Bulk,5.0,5.0,13.0,8.86
2023-09-24,ZASDB,Dry Bulk,10.0,9.0,13.0,10.86
2023-10-01,ZASDB,Dry Bulk,6.0,6.0,12.0,8.71
2023-10-08,ZASDB,Dry Bulk,7.0,4.0,11.0,7.43
2023-10-15,ZASDB,Dry Bulk,3.0,2.0,10.0,6.0
2023-10-22,ZASDB,Dry Bulk,7.0,2.0,10.0,6.71
2023-10-29,ZASDB,Dry Bulk,10.0,1.0,12.0,7.43
2023-11-05,ZASDB,Dry Bulk,9.0,5.0,9.0,8.0
2023-11-12,ZASDB,Dry Bulk,8.0,4.0,13.0,8.71
2023-11-19,ZASDB,Dry Bulk,12.0,5.0,12.0,8.86
2023-11-26,ZASDB,Dry Bulk,8.0,7.0,12.0,9.14
2023-12-03,ZASDB,Dry Bulk,10.0,7.0,12.0,9.43
2023-12-10,ZASDB,Dry Bulk,9.0,6.0,12.0,8.86
2023-12-17,ZASDB,Dry Bulk,9.0,8.0,14.0,9.71
2023-12-24,ZASDB,Dry Bulk,11.0,7.0,11.0,10.0
2023-12-31,ZASDB,Dry Bulk,9.0,8.0,11.0,9.43
2024-01-07,ZASDB,Dry Bulk,8.0,5.0,12.0,8.0
2024-01-14,ZASDB,Dry Bulk,9.0,6.0,10.0,8.75
2024-01-21,ZASDB,Dry Bulk,7.0,7.0,14.0,10.38
2024-01-28,ZASDB,Dry Bulk,9.0,7.0,12.0,9.88
2024-02-04,ZASDB,Dry Bulk,8.0,7.0,13.0,9.5
2024-02-11,ZASDB,Dry Bulk,11.0,8.0,12.0,9.25
2024-02-18,ZASDB,Dry Bulk,7.0,7.0,12.0,8.88
2024-02-25,ZASDB,Dry Bulk,11.0,7.0,12.0,9.75
2024-03-03,ZASDB,Dry Bulk,10.0,7.0,12.0,10.25
2024-03-10,ZASDB,Dry Bulk,7.0,7.0,12.0,9.75
2024-03-17,ZASDB,Dry Bulk,10.0,8.0,11.0,9.62
2024-03-24,ZASDB,Dry Bulk,8.0,8.0,12.0,9.88
2024-03-31,ZASDB,Dry Bulk,12.0,2.0,12.0,8.25
2024-04-07,ZASDB,Dry Bulk,6.0,5.0,11.0,8.88
2024-04-14,ZASDB,Dry Bulk,9.0,3.0,13.0,9.25
2024-04-21,ZASDB,Dry Bulk,8.0,4.0,13.0,9.0
2024-04-28,ZASDB,Dry Bulk,8.0,7.0,10.0,8.25
2024-05-05,ZASDB,Dry Bulk,11.0,5.0,11.0,9.25
2024-05-12,ZASDB,Dry Bulk,6.0,6.0,13.0,8.25
2024-05-19,ZASDB,Dry Bulk,11.0,3.0,11.0,9.12
2024-05-26,ZASDB,Dry Bulk,10.0,6.0,10.0,8.12
2024-06-02,ZASDB,Dry Bulk,7.0,5.0,13.0,8.88
2024-06-09,ZASDB,Dry Bulk,9.0,6.0,13.0,9.5
2024-06-16,ZASDB,Dry Bulk,10.0,6.0,12.0,9.12
2024-06-23,ZASDB,Dry Bulk,12.0,6.0,12.0,9.62
2024-06-30,ZASDB,Dry Bulk,9.0,5.0,13.0,9.38
2024-07-07,ZASDB,Dry Bulk,7.0,7.0,11.0,8.75
2024-07-14,ZASDB,Dry Bulk,3.0,3.0,15.0,8.5
2024-07-21,ZASDB,Dry Bulk,13.0,7.0,13.0,9.75
2024-07-28,ZASDB,Dry Bulk,9.0,6.0,10.0,8.5
2024-08-04,ZASDB,Dry Bulk,11.0,7.0,12.0,10.0
2024-08-11,ZASDB,Dry Bulk,11.0,6.0,11.0,9.25
2024-08-18,ZASDB,Dry Bulk,8.0,7.0,14.0,9.0
2024-08-25,ZASDB,Dry Bulk,13.0,6.0,13.0,9.62
2024-09-01,ZASDB,Dry Bulk,8.0,8.0,13.0,9.5
2024-09-08,ZASDB,Dry Bulk,8.0,8.0,11.0,9.14
2024-09-15,ZASDB,Dry Bulk,13.0,5.0,13.0,8.86
2024-09-22,ZASDB,Dry Bulk,11.0,9.0,13.0,10.86
2024-09-29,ZASDB,Dry Bulk,9.0,6.0,12.0,8.71
2024-10-06,ZASDB,Dry Bulk,11.0,4.0,11.0,7.43
2024-10-13,ZASDB,Dry Bulk,6.0,2.0,10.0,6.0
2024-10-20,ZASDB,Dry Bulk,2.0,2.0,10.0,6.71
2024-10-27,ZASDB,Dry Bulk,7.0,1.0,12.0,7.43
2024-11-03,ZASDB,Dry Bulk,7.0,5.0,9.0,8.0
2024-11-10,ZASDB,Dry Bulk,8.0,4.0,13.0,8.71
2024-11-17,ZASDB,Dry Bulk,11.0,5.0,12.0,8.86
2024-11-24,ZASDB,Dry Bulk,10.0,7.0,12.0,9.14
2024-12-01,ZASDB,Dry Bulk,8.0,7.0,12.0,9.43
2024-12-08,ZASDB,Dry Bulk,10.0,6.0,12.0,8.86
2024-12-15,ZASDB,Dry Bulk,8.0,8.0,14.0,9.71
2024-12-22,ZASDB,Dry Bulk,10.0,7.0,11.0,10.0
2024-12-29,ZASDB,Dry Bulk,10.0,8.0,11.0,9.43
2025-01-05,ZASDB,Dry Bulk,8.0,5.0,12.0,8.0
2025-01-12,ZASDB,Dry Bulk,6.0,6.0,10.0,8.75
2025-01-19,ZASDB,Dry Bulk,8.0,7.0,14.0,10.38
2025-01-26,ZASDB,Dry Bulk,11.0,7.0,12.0,9.88
2025-02-02,ZASDB,Dry Bulk,7.0,7.0,13.0,9.5
2025-02-09,ZASDB,Dry Bulk,8.0,8.0,12.0,9.25
2025-02-16,ZASDB,Dry Bulk,7.0,7.0,12.0,8.88
2025-02-23,ZASDB,Dry Bulk,12.0,7.0,12.0,9.75
2025-03-02,ZASDB,Dry Bulk,7.0,7.0,12.0,10.25
2025-03-09,ZASDB,Dry Bulk,12.0,7.0,12.0,9.75
2025-03-16,ZASDB,Dry Bulk,11.0,8.0,11.0,9.62
2025-03-23,ZASDB,Dry Bulk,12.0,8.0,12.0,9.88
2025-03-30,ZASDB,Dry Bulk,9.0,2.0,12.0,8.25
2025-04-06,ZASDB,Dry Bulk,11.0,5.0,11.0,8.88
2025-04-13,ZASDB,Dry Bulk,10.0,3.0,13.0,9.25
2025-04-20,ZASDB,Dry Bulk,10.0,4.0,13.0,9.0
2025-04-27,ZASDB,Dry Bulk,9.0,7.0,10.0,8.25
2025-05-04,ZASDB,Dry Bulk,5.0,5.0,11.0,9.25
2025-05-11,ZASDB,Dry Bulk,10.0,6.0,13.0,8.25
2025-05-18,ZASDB,Dry Bulk,10.0,3.0,11.0,9.12
2025-05-25,ZASDB,Dry Bulk,8.0,6.0,10.0,8.12
2025-06-01,ZASDB,Dry Bulk,10.0,5.0,13.0,8.88
2025-06-08,ZASDB,Dry Bulk,9.0,6.0,13.0,9.5
2025-06-15,ZASDB,Dry Bulk,12.0,6.0,12.0,9.12
2025-06-22,ZASDB,Dry Bulk,11.0,6.0,12.0,9.62
2025-06-29,ZASDB,Dry Bulk,8.0,5.0,13.0,9.38
2025-07-06,ZASDB,Dry Bulk,8.0,7.0,11.0,8.75
2025-07-13,ZASDB,Dry Bulk,9.0,3.0,15.0,8.5
2025-07-20,ZASDB,Dry Bulk,9.0,7.0,13.0,9.75
2025-07-27,ZASDB,Dry Bulk,9.0,6.0,10.0,8.5
2025-08-03,ZASDB,Dry Bulk,10.0,7.0,12.0,10.0
2025-08-10,ZASDB,Dry Bulk,9.0,6.0,11.0,9.25
2025-08-17,ZASDB,Dry Bulk,9.0,7.0,14.0,9.0
2025-08-24,ZASDB,Dry Bulk,10.0,6.0,13.0,9.62
2025-08-31,ZASDB,Dry Bulk,9.0,8.0,13.0,9.5
2025-09-07,ZASDB,Dry Bulk,8.0,8.0,11.0,9.14
2025-09-14,ZASDB,Dry Bulk,8.0,5.0,13.0,8.86
2025-09-21,ZASDB,Dry Bulk,13.0,9.0,13.0,10.86
2025-09-28,ZASDB,Dry Bulk,9.0,6.0,12.0,8.71
2025-10-05,ZASDB,Dry Bulk,7.0,4.0,11.0,7.43
2025-10-12,ZASDB,Dry Bulk,8.0,2.0,10.0,6.0
2025-10-19,ZASDB,Dry Bulk,4.0,2.0,10.0,6.71
2025-10-26,ZASDB,Dry Bulk,1.0,1.0,12.0,7.43
2025-11-02,ZASDB,Dry Bulk,9.0,5.0,9.0,8.0
2025-11-09,ZASDB,Dry Bulk,10.0,4.0,13.0,8.71
2025-11-16,ZASDB,Dry Bulk,7.0,5.0,12.0,8.86
2025-11-23,ZASDB,Dry Bulk,7.0,7.0,12.0,9.14
2025-11-30,ZASDB,Dry Bulk,10.0,7.0,12.0,9.43
2025-12-07,ZASDB,Dry Bulk,12.0,6.0,12.0,8.86
2025-12-14,ZASDB,Dry Bulk,9.0,8.0,14.0,9.71
2025-12-21,ZASDB,Dry Bulk,7.0,7.0,11.0,10.0
2025-12-28,ZASDB,Dry Bulk,10.0,8.0,11.0,9.43
2026-01-04,ZASDB,Dry Bulk,5.0,5.0,12.0,8.0
2026-01-11,ZASDB,Dry Bulk,9.0,6.0,10.0,8.75
2026-01-18,ZASDB,Dry Bulk,14.0,7.0,14.0,10.38
2026-01-25,ZASDB,Dry Bulk,9.0,7.0,12.0,9.88
2026-02-01,ZASDB,Dry Bulk,8.0,7.0,13.0,9.5
2026-02-08,ZASDB,Dry Bulk,12.0,8.0,12.0,9.25
2026-02-15,ZASDB,Dry Bulk,8.0,7.0,12.0,8.88
2026-02-22,ZASDB,Dry Bulk,9.0,7.0,12.0,9.75
2026-03-01,ZASDB,Dry Bulk,11.0,7.0,12.0,10.25
2026-03-08,ZASDB,Dry Bulk,12.0,7.0,12.0,9.75
2026-03-15,ZASDB,Dry Bulk,10.0,8.0,11.0,9.62
2026-03-22,ZASDB,Dry Bulk,12.0,8.0,12.0,9.88
2026-03-29,ZASDB,Dry Bulk,8.0,2.0,12.0,8.25
2026-04-05,ZASDB,Dry Bulk,8.0,5.0,11.0,8.88
2026-04-12,ZASDB,Dry Bulk,10.0,3.0,13.0,9.25
2026-04-19,ZASDB,Dry Bulk,8.0,4.0,13.0,9.0
2026-04-26,ZASDB,Dry Bulk,8.0,7.0,10.0,8.25
2026-05-03,ZASDB,Dry Bulk,11.0,5.0,11.0,9.25
2026-05-10,ZASDB,Dry Bulk,6.0,6.0,13.0,8.25
2026-05-17,ZASDB,Dry Bulk,3.0,3.0,11.0,9.12
2026-05-24,ZASDB,Dry Bulk,9.0,6.0,10.0,8.12
2026-05-31,ZASDB,Dry Bulk,9.0,5.0,13.0,8.88
2026-06-07,ZASDB,Dry Bulk,7.0,6.0,13.0,9.5
2026-06-14,ZASDB,Dry Bulk,9.0,6.0,12.0,9.12
2026-06-21,ZASDB,Dry Bulk,6.0,6.0,12.0,9.62
2026-06-28,ZASDB,Dry Bulk,12.0,5.0,13.0,9.38
2026-07-05,ZASDB,Dry Bulk,9.0,7.0,11.0,8.75
2026-07-12,ZASDB,Dry Bulk,9.0,3.0,15.0,8.5
2026-07-19,ZASDB,Dry Bulk,11.0,7.0,13.0,9.75
2026-07-26,ZASDB,Dry Bulk,8.0,6.0,10.0,8.5
2026-08-02,ZASDB,Dry Bulk,8.0,7.0,12.0,10.0
2026-08-09,ZASDB,Dry Bulk,6.0,6.0,11.0,9.25
2026-08-16,ZASDB,Dry Bulk,14.0,7.0,14.0,9.0
2026-08-23,ZASDB,Dry Bulk,9.0,6.0,13.0,9.62
2026-08-30,ZASDB,Dry Bulk,8.0,8.0,13.0,9.5
2019-01-06,AUDAM,LNG,7.0,7.0,9.0,8.0
2019-01-13,AUDAM,LNG,10.0,6.0,10.0,8.12
2019-01-20,AUDAM,LNG,7.0,5.0,9.0,7.25
2019-01-27,AUDAM,LNG,5.0,5.0,10.0,7.75
2019-02-03,AUDAM,LNG,9.0,6.0,9.0,7.88
2019-02-10,AUDAM,LNG,6.0,5.0,9.0,6.5
2019-02-17,AUDAM,LNG,10.0,5.0,10.0,7.75
2019-02-24,AUDAM,LNG,8.0,5.0,11.0,8.25
2019-03-03,AUDAM,LNG,9.0,5.0,9.0,7.38
2019-03-10,AUDAM,LNG,7.0,7.0,12.0,7.88
2019-03-17,AUDAM,LNG,12.0,6.0,12.0,8.5
2019-03-24,AUDAM,LNG,5.0,5.0,9.0,7.75
2019-03-31,AUDAM,LNG,5.0,4.0,11.0,6.5
2019-04-07,AUDAM,LNG,9.0,4.0,11.0,7.88
2019-04-14,AUDAM,LNG,10.0,5.0,10.0,7.5
2019-04-21,AUDAM,LNG,10.0,5.0,10.0,7.88
2019-04-28,AUDAM,LNG,6.0,6.0,9.0,7.62
2019-05-05,AUDAM,LNG,6.0,4.0,9.0,7.12
2019-05-12,AUDAM,LNG,10.0,3.0,10.0,7.38
2019-05-19,AUDAM,LNG,9.0,4.0,10.0,7.12
2019-05-26,AUDAM,LNG,5.0,4.0,11.0,6.75
2019-06-02,AUDAM,LNG,9.0,3.0,11.0,7.25
2019-06-09,AUDAM,LNG,7.0,4.0,10.0,7.12
2019-06-16,AUDAM,LNG,6.0,6.0,10.0,7.38
2019-06-23,AUDAM,LNG,9.0,4.0,9.0,6.5
2019-06-30,AUDAM,LNG,9.0,6.0,10.0,7.88
2019-07-07,AUDAM,LNG,9.0,4.0,11.0,8.0
2019-07-14,AUDAM,LNG,10.0,6.0,10.0,7.88
2019-07-21,AUDAM,LNG,6.0,5.0,9.0,7.0
2019-07-28,AUDAM,LNG,10.0,4.0,10.0,8.0
2019-08-04,AUDAM,LNG,5.0,5.0,10.0,8.12
2019-08-11,AUDAM,LNG,9.0,5.0,9.0,7.12
2019-08-18,AUDAM,LNG,9.0,6.0,12.0,8.62
2019-08-25,AUDAM,LNG,8.0,4.0,9.0,7.62
2019-09-01,AUDAM,LNG,9.0,4.0,12.0,6.88
2019-09-08,AUDAM,LNG,7.0,4.0,9.0,7.14
2019-09-15,AUDAM,LNG,4.0,4.0,11.0,7.57
2019-09-22,AUDAM,LNG,5.0,5.0,9.0,6.86
2019-09-29,AUDAM,LNG,8.0,6.0,10.0,8.0
2019-10-06,AUDAM,LNG,5.0,5.0,11.0,7.57
2019-10-13,AUDAM,LNG,6.0,6.0,10.0,8.29
2019-10-20,AUDAM,LNG,11.0,5.0,11.0,8.0
2019-10-27,AUDAM,LNG,8.0,4.0,10.0,7.43
2019-11-03,AUDAM,LNG,10.0,5.0,10.0,7.86
2019-11-10,AUDAM,LNG,10.0,5.0,10.0,8.57
2019-11-17,AUDAM,LNG,9.0,5.0,11.0,8.0
2019-11-24,AUDAM,LNG,10.0,6.0,12.0,9.14
2019-12-01,AUDAM,LNG,9.0,7.0,10.0,8.0
2019-12-08,AUDAM,LNG,9.0,7.0,10.0,8.29
2019-12-15,AUDAM,LNG,8.0,5.0,9.0,7.14
2019-12-22,AUDAM,LNG,8.0,5.0,9.0,7.57
2019-12-29,AUDAM,LNG,10.0,4.0,10.0,7.86
2020-01-05,AUDAM,LNG,8.0,7.0,9.0,8.0
2020-01-12,AUDAM,LNG,9.0,6.0,10.0,8.12
2020-01-19,AUDAM,LNG,9.0,5.0,9.0,7.25
2020-01-26,AUDAM,LNG,7.0,5.0,10.0,7.75
2020-02-02,AUDAM,LNG,9.0,6.0,9.0,7.88
2020-02-09,AUDAM,LNG,6.0,5.0,9.0,6.5
2020-02-16,AUDAM,LNG,6.0,5.0,10.0,7.75
2020-02-23,AUDAM,LNG,8.0,5.0,11.0,8.25
2020-03-01,AUDAM,LNG,8.0,5.0,9.0,7.38
2020-03-08,AUDAM,LNG,8.0,7.0,12.0,7.88
2020-03-15,AUDAM,LNG,8.0,6.0,12.0,8.5
2020-03-22,AUDAM,LNG,9.0,5.0,9.0,7.75
2020-03-29,AUDAM,LNG,5.0,4.0,11.0,6.5
2020-04-05,AUDAM,LNG,11.0,4.0,11.0,7.88
2020-04-12,AUDAM,LNG,7.0,5.0,10.0,7.5
2020-04-19,AUDAM,LNG,10.0,5.0,10.0,7.88
2020-04-26,AUDAM,LNG,9.0,6.0,9.0,7.62
2020-05-03,AUDAM,LNG,7.0,4.0,9.0,7.12
2020-05-10,AUDAM,LNG,10.0,3.0,10.0,7.38
2020-05-17,AUDAM,LNG,8.0,4.0,10.0,7.12
2020-05-24,AUDAM,LNG,7.0,4.0,11.0,6.75
2020-05-31,AUDAM,LNG,11.0,3.0,11.0,7.25
2020-06-07,AUDAM,LNG,6.0,4.0,10.0,7.12
2020-06-14,AUDAM,LNG,10.0,6.0,10.0,7.38
2020-06-21,AUDAM,LNG,8.0,4.0,9.0,6.5
2020-06-28,AUDAM,LNG,9.0,6.0,10.0,7.88
2020-07-05,AUDAM,LNG,11.0,4.0,11.0,8.0
2020-07-12,AUDAM,LNG,6.0,6.0,10.0,7.88
2020-07-19,AUDAM,LNG,6.0,5.0,9.0,7.0
2020-07-26,AUDAM,LNG,9.0,4.0,10.0,8.0
2020-08-02,AUDAM,LNG,10.0,5.0,10.0,8.12
2020-08-09,AUDAM,LNG,9.0,5.0,9.0,7.12
2020-08-16,AUDAM,LNG,11.0,6.0,12.0,8.62
2020-08-23,AUDAM,LNG,9.0,4.0,9.0,7.62
2020-08-30,AUDAM,LNG,6.0,4.0,12.0,6.88
2020-09-06,AUDAM,LNG,9.0,4.0,9.0,7.14
2020-09-13,AUDAM,LNG,9.0,4.0,11.0,7.57
2020-09-20,AUDAM,LNG,9.0,5.0,9.0,6.86
2020-09-27,AUDAM,LNG,7.0,6.0,10.0,8.0
2020-10-04,AUDAM,LNG,7.0,5.0,11.0,7.57
2020-10-11,AUDAM,LNG,8.0,6.0,10.0,8.29
2020-10-18,AUDAM,LNG,9.0,5.0,11.0,8.0
2020-10-25,AUDAM,LNG,10.0,4.0,10.0,7.43
2020-11-01,AUDAM,LNG,8.0,5.0,10.0,7.86
2020-11-08,AUDAM,LNG,10.0,5.0,10.0,8.57
2020-11-15,AUDAM,LNG,11.0,5.0,11.0,8.0
2020-11-22,AUDAM,LNG,12.0,6.0,12.0,9.14
2020-11-29,AUDAM,LNG,7.0,7.0,10.0,8.0
2020-12-06,AUDAM,LNG,8.0,7.0,10.0,8.29
2020-12-13,AUDAM,LNG,9.0,5.0,9.0,7.14
2020-12-20,AUDAM,LNG,9.0,5.0,9.0,7.57
2020-12-27,AUDAM,LNG,10.0,4.0,10.0,7.86
2021-01-03,AUDAM,LNG,10.0,8.0,12.0,10.0
2021-01-10,AUDAM,LNG,8.0,7.0,9.0,8.0
2021-01-17,AUDAM,LNG,9.0,6.0,10.0,8.12
2021-01-24,AUDAM,LNG,7.0,5.0,9.0,7.25
2021-01-31,AUDAM,LNG,9.0,5.0,10.0,7.75
2021-02-07,AUDAM,LNG,9.0,6.0,9.0,7.88
2021-02-14,AUDAM,LNG,8.0,5.0,9.0,6.5
2021-02-21,AUDAM,LNG,8.0,5.0,10.0,7.75
2021-02-28,AUDAM,LNG,9.0,5.0,11.0,8.25
2021-03-07,AUDAM,LNG,5.0,5.0,9.0,7.38
2021-03-14,AUDAM,LNG,12.0,7.0,12.0,7.88
2021-03-21,AUDAM,LNG,9.0,6.0,12.0,8.5
2021-03-28,AUDAM,LNG,9.0,5.0,9.0,7.75
2021-04-04,AUDAM,LNG,8.0,4.0,11.0,6.5
2021-04-11,AUDAM,LNG,8.0,4.0,11.0,7.88
2021-04-18,AUDAM,LNG,7.0,5.0,10.0,7.5
2021-04-25,AUDAM,LNG,9.0,5.0,10.0,7.88
2021-05-02,AUDAM,LNG,7.0,6.0,9.0,7.62
2021-05-09,AUDAM,LNG,8.0,4.0,9.0,7.12
2021-05-16,AUDAM,LNG,10.0,3.0,10.0,7.38
2021-05-23,AUDAM,LNG,6.0,4.0,10.0,7.12
2021-05-30,AUDAM,LNG,11.0,4.0,11.0,6.75
2021-06-06,AUDAM,LNG,9.0,3.0,11.0,7.25
2021-06-13,AUDAM,LNG,7.0,4.0,10.0,7.12
2021-06-20,AUDAM,LNG,6.0,6.0,10.0,7.38
2021-06-27,AUDAM,LNG,6.0,4.0,9.0,6.5
2021-07-04,AUDAM,LNG,7.0,6.0,10.0,7.88
2021-07-11,AUDAM,LNG,8.0,4.0,11.0,8.0
2021-07-18,AUDAM,LNG,8.0,6.0,10.0,7.88
2021-07-25,AUDAM,LNG,8.0,5.0,9.0,7.0
2021-08-01,AUDAM,LNG,9.0,4.0,10.0,8.0
2021-08-08,AUDAM,LNG,9.0,5.0,10.0,8.12
2021-08-15,AUDAM,LNG,6.0,5.0,9.0,7.12
2021-08-22,AUDAM,LNG,6.0,6.0,12.0,8.62
2021-08-29,AUDAM,LNG,7.0,4.0,9.0,7.62
2021-09-05,AUDAM,LNG,8.0,4.0,12.0,6.88
2021-09-12,AUDAM,LNG,9.0,4.0,9.0,7.14
2021-09-19,AUDAM,LNG,11.0,4.0,11.0,7.57
2021-09-26,AUDAM,LNG,6.0,5.0,9.0,6.86
2021-10-03,AUDAM,LNG,8.0,6.0,10.0,8.0
2021-10-10,AUDAM,LNG,9.0,5.0,11.0,7.57
2021-10-17,AUDAM,LNG,7.0,6.0,10.0,8.29
2021-10-24,AUDAM,LNG,9.0,5.0,11.0,8.0
2021-10-31,AUDAM,LNG,8.0,4.0,10.0,7.43
2021-11-07,AUDAM,LNG,7.0,5.0,10.0,7.86
2021-11-14,AUDAM,LNG,9.0,5.0,10.0,8.57
2021-11-21,AUDAM,LNG,8.0,5.0,11.0,8.0
2021-11-28,AUDAM,LNG,7.0,6.0,12.0,9.14
2021-12-05,AUDAM,LNG,7.0,7.0,10.0,8.0
2021-12-12,AUDAM,LNG,8.0,7.0,10.0,8.29
2021-12-19,AUDAM,LNG,8.0,5.0,9.0,7.14
2021-12-26,AUDAM,LNG,5.0,5.0,9.0,7.57
2022-01-02,AUDAM,LNG,8.0,4.0,10.0,7.86
2022-01-09,AUDAM,LNG,9.0,7.0,9.0,8.0
2022-01-16,AUDAM,LNG,6.0,6.0,10.0,8.12
2022-01-23,AUDAM,LNG,8.0,5.0,9.0,7.25
2022-01-30,AUDAM,LNG,8.0,5.0,10.0,7.75
2022-02-06,AUDAM,LNG,7.0,6.0,9.0,7.88
2022-02-13,AUDAM,LNG,9.0,5.0,9.0,6.5
2022-02-20,AUDAM,LNG,6.0,5.0,10.0,7.75
2022-02-27,AUDAM,LNG,8.0,5.0,11.0,8.25
2022-03-06,AUDAM,LNG,6.0,5.0,9.0,7.38
2022-03-13,AUDAM,LNG,7.0,7.0,12.0,7.88
2022-03-20,AUDAM,LNG,10.0,6.0,12.0,8.5
2022-03-27,AUDAM,LNG,6.0,5.0,9.0,7.75
2022-04-03,AUDAM,LNG,7.0,4.0,11.0,6.5
2022-04-10,AUDAM,LNG,9.0,4.0,11.0,7.88
2022-04-17,AUDAM,LNG,8.0,5.0,10.0,7.5
2022-04-24,AUDAM,LNG,8.0,5.0,10.0,7.88
2022-05-01,AUDAM,LNG,7.0,6.0,9.0,7.62
2022-05-08,AUDAM,LNG,8.0,4.0,9.0,7.12
2022-05-15,AUDAM,LNG,7.0,3.0,10.0,7.38
2022-05-22,AUDAM,LNG,10.0,4.0,10.0,7.12
2022-05-29,AUDAM,LNG,4.0,4.0,11.0,6.75
2022-06-05,AUDAM,LNG,9.0,3.0,11.0,7.25
2022-06-12,AUDAM,LNG,10.0,4.0,10.0,7.12
2022-06-19,AUDAM,LNG,8.0,6.0,10.0,7.38
2022-06-26,AUDAM,LNG,9.0,4.0,9.0,6.5
2022-07-03,AUDAM,LNG,8.0,6.0,10.0,7.88
2022-07-10,AUDAM,LNG,10.0,4.0,11.0,8.0
2022-07-17,AUDAM,LNG,10.0,6.0,10.0,7.88
2022-07-24,AUDAM,LNG,9.0,5.0,9.0,7.0
2022-07-31,AUDAM,LNG,10.0,4.0,10.0,8.0
2022-08-07,AUDAM,LNG,9.0,5.0,10.0,8.12
2022-08-14,AUDAM,LNG,5.0,5.0,9.0,7.12
2022-08-21,AUDAM,LNG,12.0,6.0,12.0,8.62
2022-08-28,AUDAM,LNG,8.0,4.0,9.0,7.62
2022-09-04,AUDAM,LNG,12.0,4.0,12.0,6.88
2022-09-11,AUDAM,LNG,8.0,4.0,9.0,7.14
2022-09-18,AUDAM,LNG,9.0,4.0,11.0,7.57
2022-09-25,AUDAM,LNG,9.0,5.0,9.0,6.86
2022-10-02,AUDAM,LNG,6.0,6.0,10.0,8.0
2022-10-09,AUDAM,LNG,11.0,5.0,11.0,7.57
2022-10-16,AUDAM,LNG,10.0,6.0,10.0,8.29
2022-10-23,AUDAM,LNG,7.0,5.0,11.0,8.0
2022-10-30,AUDAM,LNG,9.0,4.0,10.0,7.43
2022-11-06,AUDAM,LNG,5.0,5.0,10.0,7.86
2022-11-13,AUDAM,LNG,10.0,5.0,10.0,8.57
2022-11-20,AUDAM,LNG,9.0,5.0,11.0,8.0
2022-11-27,AUDAM,LNG,10.0,6.0,12.0,9.14
2022-12-04,AUDAM,LNG,8.0,7.0,10.0,8.0
2022-12-11,AUDAM,LNG,10.0,7.0,10.0,8.29
2022-12-18,AUDAM,LNG,8.0,5.0,9.0,7.14
2022-12-25,AUDAM,LNG,9.0,5.0,9.0,7.57
2023-01-01,AUDAM,LNG,8.0,4.0,10.0,7.86
2023-01-08,AUDAM,LNG,9.0,7.0,9.0,8.0
2023-01-15,AUDAM,LNG,9.0,6.0,10.0,8.12
2023-01-22,AUDAM,LNG,7.0,5.0,9.0,7.25
2023-01-29,AUDAM,LNG,9.0,5.0,10.0,7.75
2023-02-05,AUDAM,LNG,8.0,6.0,9.0,7.88
2023-02-12,AUDAM,LNG,6.0,5.0,9.0,6.5
2023-02-19,AUDAM,LNG,10.0,5.0,10.0,7.75
2023-02-26,AUDAM,LNG,11.0,5.0,11.0,8.25
2023-03-05,AUDAM,LNG,8.0,5.0,9.0,7.38
2023-03-12,AUDAM,LNG,7.0,7.0,12.0,7.88
2023-03-19,AUDAM,LNG,8.0,6.0,12.0,8.5
2023-03-26,AUDAM,LNG,8.0,5.0,9.0,7.75
2023-04-02,AUDAM,LNG,11.0,4.0,11.0,6.5
2023-04-09,AUDAM,LNG,8.0,4.0,11.0,7.88
2023-04-16,AUDAM,LNG,8.0,5.0,10.0,7.5
2023-04-23,AUDAM,LNG,7.0,5.0,10.0,7.88
2023-04-30,AUDAM,LNG,9.0,6.0,9.0,7.62
2023-05-07,AUDAM,LNG,9.0,4.0,9.0,7.12
2023-05-14,AUDAM,LNG,7.0,3.0,10.0,7.38
2023-05-21,AUDAM,LNG,10.0,4.0,10.0,7.12
2023-05-28,AUDAM,LNG,8.0,4.0,11.0,6.75
2023-06-04,AUDAM,LNG,5.0,3.0,11.0,7.25
2023-06-11,AUDAM,LNG,4.0,4.0,10.0,7.12
2023-06-18,AUDAM,LNG,8.0,6.0,10.0,7.38
2023-06-25,AUDAM,LNG,5.0,4.0,9.0,6.5
2023-07-02,AUDAM,LNG,10.0,6.0,10.0,7.88
2023-07-09,AUDAM,LNG,6.0,4.0,11.0,8.0
2023-07-16,AUDAM,LNG,7.0,6.0,10.0,7.88
2023-07-23,AUDAM,LNG,8.0,5.0,9.0,7.0
2023-07-30,AUDAM,LNG,7.0,4.0,10.0,8.0
2023-08-06,AUDAM,LNG,10.0,5.0,10.0,8.12
2023-08-13,AUDAM,LNG,9.0,5.0,9.0,7.12
2023-08-20,AUDAM,LNG,8.0,6.0,12.0,8.62
2023-08-27,AUDAM,LNG,4.0,4.0,9.0,7.62
2023-09-03,AUDAM,LNG,6.0,4.0,12.0,6.88
2023-09-10,AUDAM,LNG,4.0,4.0,9.0,7.14
2023-09-17,AUDAM,LNG,4.0,4.0,11.0,7.57
2023-09-24,AUDAM,LNG,8.0,5.0,9.0,6.86
2023-10-01,AUDAM,LNG,10.0,6.0,10.0,8.0
2023-10-08,AUDAM,LNG,6.0,5.0,11.0,7.57
2023-10-15,AUDAM,LNG,10.0,6.0,10.0,8.29
2023-10-22,AUDAM,LNG,10.0,5.0,11.0,8.0
2023-10-29,AUDAM,LNG,4.0,4.0,10.0,7.43
2023-11-05,AUDAM,LNG,8.0,5.0,10.0,7.86
2023-11-12,AUDAM,LNG,7.0,5.0,10.0,8.57
2023-11-19,AUDAM,LNG,8.0,5.0,11.0,8.0
2023-11-26,AUDAM,LNG,11.0,6.0,12.0,9.14
2023-12-03,AUDAM,LNG,10.0,7.0,10.0,8.0
2023-12-10,AUDAM,LNG,8.0,7.0,10.0,8.29
2023-12-17,AUDAM,LNG,7.0,5.0,9.0,7.14
2023-12-24,AUDAM,LNG,7.0,5.0,9.0,7.57
2023-12-31,AUDAM,LNG,9.0,4.0,10.0,7.86
2024-01-07,AUDAM,LNG,8.0,7.0,9.0,8.0
2024-01-14,AUDAM,LNG,8.0,6.0,10.0,8.12
2024-01-21,AUDAM,LNG,8.0,5.0,9.0,7.25
2024-01-28,AUDAM,LNG,8.0,5.0,10.0,7.75
2024-02-04,AUDAM,LNG,9.0,6.0,9.0,7.88
2024-02-11,AUDAM,LNG,5.0,5.0,9.0,6.5
2024-02-18,AUDAM,LNG,8.0,5.0,10.0,7.75
2024-02-25,AUDAM,LNG,11.0,5.0,11.0,8.25
2024-03-03,AUDAM,LNG,7.0,5.0,9.0,7.38
2024-03-10,AUDAM,LNG,7.0,7.0,12.0,7.88
2024-03-17,AUDAM,LNG,6.0,6.0,12.0,8.5
2024-03-24,AUDAM,LNG,9.0,5.0,9.0,7.75
2024-03-31,AUDAM,LNG,7.0,4.0,11.0,6.5
2024-04-07,AUDAM,LNG,8.0,4.0,11.0,7.88
2024-04-14,AUDAM,LNG,7.0,5.0,10.0,7.5
2024-04-21,AUDAM,LNG,7.0,5.0,10.0,7.88
2024-04-28,AUDAM,LNG,7.0,6.0,9.0,7.62
2024-05-05,AUDAM,LNG,7.0,4.0,9.0,7.12
2024-05-12,AUDAM,LNG,7.0,3.0,10.0,7.38
2024-05-19,AUDAM,LNG,6.0,4.0,10.0,7.12
2024-05-26,AUDAM,LNG,8.0,4.0,11.0,6.75
2024-06-02,AUDAM,LNG,8.0,3.0,11.0,7.25
2024-06-09,AUDAM,LNG,9.0,4.0,10.0,7.12
2024-06-16,AUDAM,LNG,8.0,6.0,10.0,7.38
2024-06-23,AUDAM,LNG,4.0,4.0,9.0,6.5
2024-06-30,AUDAM,LNG,8.0,6.0,10.0,7.88
2024-07-07,AUDAM,LNG,7.0,4.0,11.0,8.0
2024-07-14,AUDAM,LNG,9.0,6.0,10.0,7.88
2024-07-21,AUDAM,LNG,7.0,5.0,9.0,7.0
2024-07-28,AUDAM,LNG,8.0,4.0,10.0,8.0
2024-08-04,AUDAM,LNG,8.0,5.0,10.0,8.12
2024-08-11,AUDAM,LNG,6.0,5.0,9.0,7.12
2024-08-18,AUDAM,LNG,10.0,6.0,12.0,8.62
2024-08-25,AUDAM,LNG,8.0,4.0,9.0,7.62
2024-09-01,AUDAM,LNG,4.0,4.0,12.0,6.88
2024-09-08,AUDAM,LNG,6.0,4.0,9.0,7.14
2024-09-15,AUDAM,LNG,10.0,4.0,11.0,7.57
2024-09-22,AUDAM,LNG,5.0,5.0,9.0,6.86
2024-09-29,AUDAM,LNG,10.0,6.0,10.0,8.0
2024-10-06,AUDAM,LNG,8.0,5.0,11.0,7.57
2024-10-13,AUDAM,LNG,7.0,6.0,10.0,8.29
2024-10-20,AUDAM,LNG,5.0,5.0,11.0,8.0
2024-10-27,AUDAM,LNG,7.0,4.0,10.0,7.43
2024-11-03,AUDAM,LNG,9.0,5.0,10.0,7.86
2024-11-10,AUDAM,LNG,9.0,5.0,10.0,8.57
2024-11-17,AUDAM,LNG,6.0,5.0,11.0,8.0
2024-11-24,AUDAM,LNG,6.0,6.0,12.0,9.14
2024-12-01,AUDAM,LNG,8.0,7.0,10.0,8.0
2024-12-08,AUDAM,LNG,8.0,7.0,10.0,8.29
2024-12-15,AUDAM,LNG,5.0,5.0,9.0,7.14
2024-12-22,AUDAM,LNG,7.0,5.0,9.0,7.57
2024-12-29,AUDAM,LNG,6.0,4.0,10.0,7.86
2025-01-05,AUDAM,LNG,7.0,7.0,9.0,8.0
2025-01-12,AUDAM,LNG,7.0,6.0,10.0,8.12
2025-01-19,AUDAM,LNG,5.0,5.0,9.0,7.25
2025-01-26,AUDAM,LNG,10.0,5.0,10.0,7.75
2025-02-02,AUDAM,LNG,6.0,6.0,9.0,7.88
2025-02-09,AUDAM,LNG,6.0,5.0,9.0,6.5
2025-02-16,AUDAM,LNG,5.0,5.0,10.0,7.75
2025-02-23,AUDAM,LNG,6.0,5.0,11.0,8.25
2025-03-02,AUDAM,LNG,8.0,5.0,9.0,7.38
2025-03-09,AUDAM,LNG,8.0,7.0,12.0,7.88
2025-03-16,AUDAM,LNG,7.0,6.0,12.0,8.5
2025-03-23,AUDAM,LNG,9.0,5.0,9.0,7.75
2025-03-30,AUDAM,LNG,4.0,4.0,11.0,6.5
2025-04-06,AUDAM,LNG,6.0,4.0,11.0,7.88
2025-04-13,AUDAM,LNG,8.0,5.0,10.0,7.5
2025-04-20,AUDAM,LNG,7.0,5.0,10.0,7.88
2025-04-27,AUDAM,LNG,7.0,6.0,9.0,7.62
2025-05-04,AUDAM,LNG,8.0,4.0,9.0,7.12
2025-05-11,AUDAM,LNG,5.0,3.0,10.0,7.38
2025-05-18,AUDAM,LNG,4.0,4.0,10.0,7.12
2025-05-25,AUDAM,LNG,7.0,4.0,11.0,6.75
2025-06-01,AUDAM,LNG,3.0,3.0,11.0,7.25
2025-06-08,AUDAM,LNG,8.0,4.0,10.0,7.12
2025-06-15,AUDAM,LNG,7.0,6.0,10.0,7.38
2025-06-22,AUDAM,LNG,5.0,4.0,9.0,6.5
2025-06-29,AUDAM,LNG,6.0,6.0,10.0,7.88
2025-07-06,AUDAM,LNG,9.0,4.0,11.0,8.0
2025-07-13,AUDAM,LNG,6.0,6.0,10.0,7.88
2025-07-20,AUDAM,LNG,7.0,5.0,9.0,7.0
2025-07-27,AUDAM,LNG,4.0,4.0,10.0,8.0
2025-08-03,AUDAM,LNG,7.0,5.0,10.0,8.12
2025-08-10,AUDAM,LNG,7.0,5.0,9.0,7.12
2025-08-17,AUDAM,LNG,7.0,6.0,12.0,8.62
2025-08-24,AUDAM,LNG,8.0,4.0,9.0,7.62
2025-08-31,AUDAM,LNG,6.0,4.0,12.0,6.88
2025-09-07,AUDAM,LNG,7.0,4.0,9.0,7.14
2025-09-14,AUDAM,LNG,6.0,4.0,11.0,7.57
2025-09-21,AUDAM,LNG,6.0,5.0,9.0,6.86
2025-09-28,AUDAM,LNG,7.0,6.0,10.0,8.0
2025-10-05,AUDAM,LNG,7.0,5.0,11.0,7.57
2025-10-12,AUDAM,LNG,10.0,6.0,10.0,8.29
2025-10-19,AUDAM,LNG,5.0,5.0,11.0,8.0
2025-10-26,AUDAM,LNG,6.0,4.0,10.0,7.43
2025-11-02,AUDAM,LNG,8.0,5.0,10.0,7.86
2025-11-09,AUDAM,LNG,5.0,5.0,10.0,8.57
2025-11-16,AUDAM,LNG,5.0,5.0,11.0,8.0
2025-11-23,AUDAM,LNG,8.0,6.0,12.0,9.14
2025-11-30,AUDAM,LNG,7.0,7.0,10.0,8.0
2025-12-07,AUDAM,LNG,7.0,7.0,10.0,8.29
2025-12-14,AUDAM,LNG,5.0,5.0,9.0,7.14
2025-12-21,AUDAM,LNG,8.0,5.0,9.0,7.57
2025-12-28,AUDAM,LNG,4.0,4.0,10.0,7.86
2026-01-04,AUDAM,LNG,8.0,7.0,9.0,8.0
2026-01-11,AUDAM,LNG,7.0,6.0,10.0,8.12
2026-01-18,AUDAM,LNG,7.0,5.0,9.0,7.25
2026-01-25,AUDAM,LNG,6.0,5.0,10.0,7.75
2026-02-01,AUDAM,LNG,6.0,6.0,9.0,7.88
2026-02-08,AUDAM,LNG,6.0,5.0,9.0,6.5
2026-02-15,AUDAM,LNG,9.0,5.0,10.0,7.75
2026-02-22,AUDAM,LNG,5.0,5.0,11.0,8.25
2026-03-01,AUDAM,LNG,8.0,5.0,9.0,7.38
2026-03-08,AUDAM,LNG,7.0,7.0,12.0,7.88
2026-03-15,AUDAM,LNG,8.0,6.0,12.0,8.5
2026-03-22,AUDAM,LNG,7.0,5.0,9.0,7.75
2026-03-29,AUDAM,LNG,5.0,4.0,11.0,6.5
2026-04-05,AUDAM,LNG,4.0,4.0,11.0,7.88
2026-04-12,AUDAM,LNG,5.0,5.0,10.0,7.5
2026-04-19,AUDAM,LNG,5.0,5.0,10.0,7.88
2026-04-26,AUDAM,LNG,9.0,6.0,9.0,7.62
2026-05-03,AUDAM,LNG,4.0,4.0,9.0,7.12
2026-05-10,AUDAM,LNG,3.0,3.0,10.0,7.38
2026-05-17,AUDAM,LNG,4.0,4.0,10.0,7.12
2026-05-24,AUDAM,LNG,4.0,4.0,11.0,6.75
2026-05-31,AUDAM,LNG,4.0,3.0,11.0,7.25
2026-06-07,AUDAM,LNG,6.0,4.0,10.0,7.12
2026-06-14,AUDAM,LNG,6.0,6.0,10.0,7.38
2026-06-21,AUDAM,LNG,6.0,4.0,9.0,6.5
2026-06-28,AUDAM,LNG,6.0,6.0,10.0,7.88
2026-07-05,AUDAM,LNG,4.0,4.0,11.0,8.0
2026-07-12,AUDAM,LNG,7.0,6.0,10.0,7.88
2026-07-19,AUDAM,LNG,5.0,5.0,9.0,7.0
2026-07-26,AUDAM,LNG,7.0,4.0,10.0,8.0
2026-08-02,AUDAM,LNG,7.0,5.0,10.0,8.12
2026-08-09,AUDAM,LNG,6.0,5.0,9.0,7.12
2026-08-16,AUDAM,LNG,6.0,6.0,12.0,8.62
2026-08-23,AUDAM,LNG,9.0,4.0,9.0,7.62
2026-08-30,AUDAM,LNG,4.0,4.0,12.0,6.88
2019-01-06,AUDRW,LNG,3.0,3.0,8.0,5.25
2019-01-13,AUDRW,LNG,3.0,3.0,6.0,4.38
2019-01-20,AUDRW,LNG,6.0,3.0,7.0,5.12
2019-01-27,AUDRW,LNG,3.0,3.0,7.0,4.88
2019-02-03,AUDRW,LNG,4.0,3.0,7.0,4.88
2019-02-10,AUDRW,LNG,4.0,4.0,7.0,4.88
2019-02-17,AUDRW,LNG,4.0,3.0,8.0,4.88
2019-02-24,AUDRW,LNG,4.0,2.0,8.0,4.0
2019-03-03,AUDRW,LNG,4.0,3.0,8.0,4.88
2019-03-10,AUDRW,LNG,5.0,4.0,6.0,4.75
2019-03-17,AUDRW,LNG,3.0,3.0,7.0,4.5
2019-03-24,AUDRW,LNG,4.0,2.0,6.0,4.62
2019-03-31,AUDRW,LNG,4.0,2.0,7.0,4.62
2019-04-07,AUDRW,LNG,4.0,3.0,8.0,5.0
2019-04-14,AUDRW,LNG,5.0,2.0,6.0,4.12
2019-04-21,AUDRW,LNG,6.0,3.0,7.0,5.25
2019-04-28,AUDRW,LNG,4.0,4.0,8.0,5.12
2019-05-05,AUDRW,LNG,5.0,3.0,8.0,4.88
2019-05-12,AUDRW,LNG,4.0,2.0,7.0,4.25
2019-05-19,AUDRW,LNG,5.0,1.0,7.0,4.5
2019-05-26,AUDRW,LNG,2.0,1.0,6.0,3.62
2019-06-02,AUDRW,LNG,2.0,2.0,6.0,4.12
2019-06-09,AUDRW,LNG,2.0,2.0,6.0,4.25
2019-06-16,AUDRW,LNG,7.0,3.0,7.0,5.12
2019-06-23,AUDRW,LNG,3.0,3.0,7.0,4.25
2019-06-30,AUDRW,LNG,4.0,3.0,7.0,5.12
2019-07-07,AUDRW,LNG,5.0,0.0,7.0,4.62
2019-07-14,AUDRW,LNG,4.0,1.0,8.0,4.25
2019-07-21,AUDRW,LNG,4.0,1.0,9.0,5.0
2019-07-28,AUDRW,LNG,5.0,3.0,7.0,4.88
2019-08-04,AUDRW,LNG,6.0,2.0,6.0,4.5
2019-08-11,AUDRW,LNG,4.0,3.0,8.0,4.88
2019-08-18,AUDRW,LNG,4.0,3.0,6.0,4.38
2019-08-25,AUDRW,LNG,3.0,3.0,7.0,5.38
2019-09-01,AUDRW,LNG,3.0,2.0,6.0,4.25
2019-09-08,AUDRW,LNG,6.0,2.0,7.0,4.71
2019-09-15,AUDRW,LNG,4.0,1.0,5.0,3.71
2019-09-22,AUDRW,LNG,6.0,1.0,8.0,4.43
2019-09-29,AUDRW,LNG,5.0,2.0,7.0,4.29
2019-10-06,AUDRW,LNG,4.0,1.0,5.0,3.43
2019-10-13,AUDRW,LNG,5.0,3.0,8.0,4.71
2019-10-20,AUDRW,LNG,7.0,2.0,9.0,5.57
2019-10-27,AUDRW,LNG,2.0,2.0,7.0,4.57
2019-11-03,AUDRW,LNG,4.0,3.0,6.0,4.29
2019-11-10,AUDRW,LNG,6.0,3.0,8.0,5.57
2019-11-17,AUDRW,LNG,6.0,2.0,7.0,4.57
2019-11-24,AUDRW,LNG,6.0,3.0,7.0,4.86
2019-12-01,AUDRW,LNG,5.0,3.0,7.0,5.0
2019-12-08,AUDRW,LNG,6.0,4.0,7.0,5.43
2019-12-15,AUDRW,LNG,3.0,3.0,6.0,4.14
2019-12-22,AUDRW,LNG,5.0,4.0,7.0,5.43
2019-12-29,AUDRW,LNG,4.0,2.0,5.0,3.86
2020-01-05,AUDRW,LNG,4.0,3.0,8.0,5.25
2020-01-12,AUDRW,LNG,6.0,3.0,6.0,4.38
2020-01-19,AUDRW,LNG,6.0,3.0,7.0,5.12
2020-01-26,AUDRW,LNG,5.0,3.0,7.0,4.88
2020-02-02,AUDRW,LNG,7.0,3.0,7.0,4.88
2020-02-09,AUDRW,LNG,7.0,4.0,7.0,4.88
2020-02-16,AUDRW,LNG,6.0,3.0,8.0,4.88
2020-02-23,AUDRW,LNG,2.0,2.0,8.0,4.0
2020-03-01,AUDRW,LNG,4.0,3.0,8.0,4.88
2020-03-08,AUDRW,LNG,5.0,4.0,6.0,4.75
2020-03-15,AUDRW,LNG,4.0,3.0,7.0,4.5
2020-03-22,AUDRW,LNG,5.0,2.0,6.0,4.62
2020-03-29,AUDRW,LNG,7.0,2.0,7.0,4.62
2020-04-05,AUDRW,LNG,4.0,3.0,8.0,5.0
2020-04-12,AUDRW,LNG,6.0,2.0,6.0,4.12
2020-04-19,AUDRW,LNG,4.0,3.0,7.0,5.25
2020-04-26,AUDRW,LNG,4.0,4.0,8.0,5.12
2020-05-03,AUDRW,LNG,8.0,3.0,8.0,4.88
2020-05-10,AUDRW,LNG,4.0,2.0,7.0,4.25
2020-05-17,AUDRW,LNG,6.0,1.0,7.0,4.5
2020-05-24,AUDRW,LNG,1.0,1.0,6.0,3.62
2020-05-31,AUDRW,LNG,2.0,2.0,6.0,4.12
2020-06-07,AUDRW,LNG,4.0,2.0,6.0,4.25
2020-06-14,AUDRW,LNG,3.0,3.0,7.0,5.12
2020-06-21,AUDRW,LNG,5.0,3.0,7.0,4.25
2020-06-28,AUDRW,LNG,6.0,3.0,7.0,5.12
2020-07-05,AUDRW,LNG,6.0,0.0,7.0,4.62
2020-07-12,AUDRW,LNG,5.0,1.0,8.0,4.25
2020-07-19,AUDRW,LNG,3.0,1.0,9.0,5.0
2020-07-26,AUDRW,LNG,7.0,3.0,7.0,4.88
2020-08-02,AUDRW,LNG,5.0,2.0,6.0,4.5
2020-08-09,AUDRW,LNG,4.0,3.0,8.0,4.88
2020-08-16,AUDRW,LNG,5.0,3.0,6.0,4.38
2020-08-23,AUDRW,LNG,7.0,3.0,7.0,5.38
2020-08-30,AUDRW,LNG,5.0,2.0,6.0,4.25
2020-09-06,AUDRW,LNG,5.0,2.0,7.0,4.71
2020-09-13,AUDRW,LNG,5.0,1.0,5.0,3.71
2020-09-20,AUDRW,LNG,8.0,1.0,8.0,4.43
2020-09-27,AUDRW,LNG,4.0,2.0,7.0,4.29
2020-10-04,AUDRW,LNG,5.0,1.0,5.0,3.43
2020-10-11,AUDRW,LNG,4.0,3.0,8.0,4.71
2020-10-18,AUDRW,LNG,9.0,2.0,9.0,5.57
2020-10-25,AUDRW,LNG,6.0,2.0,7.0,4.57
2020-11-01,AUDRW,LNG,6.0,3.0,6.0,4.29
2020-11-08,AUDRW,LNG,5.0,3.0,8.0,5.57
2020-11-15,AUDRW,LNG,7.0,2.0,7.0,4.57
2020-11-22,AUDRW,LNG,4.0,3.0,7.0,4.86
2020-11-29,AUDRW,LNG,7.0,3.0,7.0,5.0
2020-12-06,AUDRW,LNG,5.0,4.0,7.0,5.43
2020-12-13,AUDRW,LNG,3.0,3.0,6.0,4.14
2020-12-20,AUDRW,LNG,7.0,4.0,7.0,5.43
2020-12-27,AUDRW,LNG,4.0,2.0,5.0,3.86
2021-01-03,AUDRW,LNG,5.0,4.0,6.0,5.0
2021-01-10,AUDRW,LNG,6.0,3.0,8.0,5.25
2021-01-17,AUDRW,LNG,5.0,3.0,6.0,4.38
2021-01-24,AUDRW,LNG,3.0,3.0,7.0,5.12
2021-01-31,AUDRW,LNG,7.0,3.0,7.0,4.88
2021-02-07,AUDRW,LNG,6.0,3.0,7.0,4.88
2021-02-14,AUDRW,LNG,4.0,4.0,7.0,4.88
2021-02-21,AUDRW,LNG,4.0,3.0,8.0,4.88
2021-02-28,AUDRW,LNG,3.0,2.0,8.0,4.0
2021-03-07,AUDRW,LNG,6.0,3.0,8.0,4.88
2021-03-14,AUDRW,LNG,5.0,4.0,6.0,4.75
2021-03-21,AUDRW,LNG,4.0,3.0,7.0,4.5
2021-03-28,AUDRW,LNG,6.0,2.0,6.0,4.62
2021-04-04,AUDRW,LNG,5.0,2.0,7.0,4.62
2021-04-11,AUDRW,LNG,8.0,3.0,8.0,5.0
2021-04-18,AUDRW,LNG,5.0,2.0,6.0,4.12
2021-04-25,AUDRW,LNG,7.0,3.0,7.0,5.25
2021-05-02,AUDRW,LNG,6.0,4.0,8.0,5.12
2021-05-09,AUDRW,LNG,6.0,3.0,8.0,4.88
2021-05-16,AUDRW,LNG,2.0,2.0,7.0,4.25
2021-05-23,AUDRW,LNG,1.0,1.0,7.0,4.5
2021-05-30,AUDRW,LNG,2.0,1.0,6.0,3.62
2021-06-06,AUDRW,LNG,2.0,2.0,6.0,4.12
2021-06-13,AUDRW,LNG,5.0,2.0,6.0,4.25
2021-06-20,AUDRW,LNG,5.0,3.0,7.0,5.12
2021-06-27,AUDRW,LNG,4.0,3.0,7.0,4.25
2021-07-04,AUDRW,LNG,4.0,3.0,7.0,5.12
2021-07-11,AUDRW,LNG,5.0,0.0,7.0,4.62
2021-07-18,AUDRW,LNG,8.0,1.0,8.0,4.25
2021-07-25,AUDRW,LNG,9.0,1.0,9.0,5.0
2021-08-01,AUDRW,LNG,5.0,3.0,7.0,4.88
2021-08-08,AUDRW,LNG,5.0,2.0,6.0,4.5
2021-08-15,AUDRW,LNG,7.0,3.0,8.0,4.88
2021-08-22,AUDRW,LNG,5.0,3.0,6.0,4.38
2021-08-29,AUDRW,LNG,6.0,3.0,7.0,5.38
2021-09-05,AUDRW,LNG,6.0,2.0,6.0,4.25
2021-09-12,AUDRW,LNG,7.0,2.0,7.0,4.71
2021-09-19,AUDRW,LNG,4.0,1.0,5.0,3.71
2021-09-26,AUDRW,LNG,5.0,1.0,8.0,4.43
2021-10-03,AUDRW,LNG,5.0,2.0,7.0,4.29
2021-10-10,AUDRW,LNG,4.0,1.0,5.0,3.43
2021-10-17,AUDRW,LNG,8.0,3.0,8.0,4.71
2021-10-24,AUDRW,LNG,8.0,2.0,9.0,5.57
2021-10-31,AUDRW,LNG,5.0,2.0,7.0,4.57
2021-11-07,AUDRW,LNG,4.0,3.0,6.0,4.29
2021-11-14,AUDRW,LNG,8.0,3.0,8.0,5.57
2021-11-21,AUDRW,LNG,6.0,2.0,7.0,4.57
2021-11-28,AUDRW,LNG,5.0,3.0,7.0,4.86
2021-12-05,AUDRW,LNG,5.0,3.0,7.0,5.0
2021-12-12,AUDRW,LNG,7.0,4.0,7.0,5.43
2021-12-19,AUDRW,LNG,4.0,3.0,6.0,4.14
2021-12-26,AUDRW,LNG,6.0,4.0,7.0,5.43
2022-01-02,AUDRW,LNG,5.0,2.0,5.0,3.86
2022-01-09,AUDRW,LNG,8.0,3.0,8.0,5.25
2022-01-16,AUDRW,LNG,3.0,3.0,6.0,4.38
2022-01-23,AUDRW,LNG,7.0,3.0,7.0,5.12
2022-01-30,AUDRW,LNG,5.0,3.0,7.0,4.88
2022-02-06,AUDRW,LNG,5.0,3.0,7.0,4.88
2022-02-13,AUDRW,LNG,6.0,4.0,7.0,4.88
2022-02-20,AUDRW,LNG,8.0,3.0,8.0,4.88
2022-02-27,AUDRW,LNG,2.0,2.0,8.0,4.0
2022-03-06,AUDRW,LNG,5.0,3.0,8.0,4.88
2022-03-13,AUDRW,LNG,6.0,4.0,6.0,4.75
2022-03-20,AUDRW,LNG,5.0,3.0,7.0,4.5
2022-03-27,AUDRW,LNG,2.0,2.0,6.0,4.62
2022-04-03,AUDRW,LNG,6.0,2.0,7.0,4.62
2022-04-10,AUDRW,LNG,6.0,3.0,8.0,5.0
2022-04-17,AUDRW,LNG,2.0,2.0,6.0,4.12
2022-04-24,AUDRW,LNG,6.0,3.0,7.0,5.25
2022-05-01,AUDRW,LNG,6.0,4.0,8.0,5.12
2022-05-08,AUDRW,LNG,4.0,3.0,8.0,4.88
2022-05-15,AUDRW,LNG,5.0,2.0,7.0,4.25
2022-05-22,AUDRW,LNG,5.0,1.0,7.0,4.5
2022-05-29,AUDRW,LNG,4.0,1.0,6.0,3.62
2022-06-05,AUDRW,LNG,6.0,2.0,6.0,4.12
2022-06-12,AUDRW,LNG,4.0,2.0,6.0,4.25
2022-06-19,AUDRW,LNG,5.0,3.0,7.0,5.12
2022-06-26,AUDRW,LNG,4.0,3.0,7.0,4.25
2022-07-03,AUDRW,LNG,3.0,3.0,7.0,5.12
2022-07-10,AUDRW,LNG,0.0,0.0,7.0,4.62
2022-07-17,AUDRW,LNG,2.0,1.0,8.0,4.25
2022-07-24,AUDRW,LNG,1.0,1.0,9.0,5.0
2022-07-31,AUDRW,LNG,3.0,3.0,7.0,4.88
2022-08-07,AUDRW,LNG,2.0,2.0,6.0,4.5
2022-08-14,AUDRW,LNG,4.0,3.0,8.0,4.88
2022-08-21,AUDRW,LNG,3.0,3.0,6.0,4.38
2022-08-28,AUDRW,LNG,7.0,3.0,7.0,5.38
2022-09-04,AUDRW,LNG,5.0,2.0,6.0,4.25
2022-09-11,AUDRW,LNG,4.0,2.0,7.0,4.71
2022-09-18,AUDRW,LNG,5.0,1.0,5.0,3.71
2022-09-25,AUDRW,LNG,5.0,1.0,8.0,4.43
2022-10-02,AUDRW,LNG,7.0,2.0,7.0,4.29
2022-10-09,AUDRW,LNG,3.0,1.0,5.0,3.43
2022-10-16,AUDRW,LNG,5.0,3.0,8.0,4.71
2022-10-23,AUDRW,LNG,6.0,2.0,9.0,5.57
2022-10-30,AUDRW,LNG,5.0,2.0,7.0,4.57
2022-11-06,AUDRW,LNG,4.0,3.0,6.0,4.29
2022-11-13,AUDRW,LNG,5.0,3.0,8.0,5.57
2022-11-20,AUDRW,LNG,2.0,2.0,7.0,4.57
2022-11-27,AUDRW,LNG,7.0,3.0,7.0,4.86
2022-12-04,AUDRW,LNG,3.0,3.0,7.0,5.0
2022-12-11,AUDRW,LNG,6.0,4.0,7.0,5.43
2022-12-18,AUDRW,LNG,5.0,3.0,6.0,4.14
2022-12-25,AUDRW,LNG,6.0,4.0,7.0,5.43
2023-01-01,AUDRW,LNG,2.0,2.0,5.0,3.86
2023-01-08,AUDRW,LNG,5.0,3.0,8.0,5.25
2023-01-15,AUDRW,LNG,4.0,3.0,6.0,4.38
2023-01-22,AUDRW,LNG,4.0,3.0,7.0,5.12
2023-01-29,AUDRW,LNG,7.0,3.0,7.0,4.88
2023-02-05,AUDRW,LNG,3.0,3.0,7.0,4.88
2023-02-12,AUDRW,LNG,4.0,4.0,7.0,4.88
2023-02-19,AUDRW,LNG,5.0,3.0,8.0,4.88
2023-02-26,AUDRW,LNG,8.0,2.0,8.0,4.0
2023-03-05,AUDRW,LNG,3.0,3.0,8.0,4.88
2023-03-12,AUDRW,LNG,4.0,4.0,6.0,4.75
2023-03-19,AUDRW,LNG,6.0,3.0,7.0,4.5
2023-03-26,AUDRW,LNG,6.0,2.0,6.0,4.62
2023-04-02,AUDRW,LNG,3.0,2.0,7.0,4.62
2023-04-09,AUDRW,LNG,3.0,3.0,8.0,5.0
2023-04-16,AUDRW,LNG,3.0,2.0,6.0,4.12
2023-04-23,AUDRW,LNG,4.0,3.0,7.0,5.25
2023-04-30,AUDRW,LNG,8.0,4.0,8.0,5.12
2023-05-07,AUDRW,LNG,4.0,3.0,8.0,4.88
2023-05-14,AUDRW,LNG,3.0,2.0,7.0,4.25
2023-05-21,AUDRW,LNG,5.0,1.0,7.0,4.5
2023-05-28,AUDRW,LNG,5.0,1.0,6.0,3.62
2023-06-04,AUDRW,LNG,5.0,2.0,6.0,4.12
2023-06-11,AUDRW,LNG,6.0,2.0,6.0,4.25
2023-06-18,AUDRW,LNG,5.0,3.0,7.0,5.12
2023-06-25,AUDRW,LNG,5.0,3.0,7.0,4.25
2023-07-02,AUDRW,LNG,5.0,3.0,7.0,5.12
2023-07-09,AUDRW,LNG,3.0,0.0,7.0,4.62
2023-07-16,AUDRW,LNG,1.0,1.0,8.0,4.25
2023-07-23,AUDRW,LNG,6.0,1.0,9.0,5.0
2023-07-30,AUDRW,LNG,7.0,3.0,7.0,4.88
2023-08-06,AUDRW,LNG,3.0,2.0,6.0,4.5
2023-08-13,AUDRW,LNG,4.0,3.0,8.0,4.88
2023-08-20,AUDRW,LNG,6.0,3.0,6.0,4.38
2023-08-27,AUDRW,LNG,6.0,3.0,7.0,5.38
2023-09-03,AUDRW,LNG,6.0,2.0,6.0,4.25
2023-09-10,AUDRW,LNG,6.0,2.0,7.0,4.71
2023-09-17,AUDRW,LNG,5.0,1.0,5.0,3.71
2023-09-24,AUDRW,LNG,4.0,1.0,8.0,4.43
2023-10-01,AUDRW,LNG,5.0,2.0,7.0,4.29
2023-10-08,AUDRW,LNG,5.0,1.0,5.0,3.43
2023-10-15,AUDRW,LNG,4.0,3.0,8.0,4.71
2023-10-22,AUDRW,LNG,4.0,2.0,9.0,5.57
2023-10-29,AUDRW,LNG,7.0,2.0,7.0,4.57
2023-11-05,AUDRW,LNG,4.0,3.0,6.0,4.29
2023-11-12,AUDRW,LNG,8.0,3.0,8.0,5.57
2023-11-19,AUDRW,LNG,4.0,2.0,7.0,4.57
2023-11-26,AUDRW,LNG,5.0,3.0,7.0,4.86
2023-12-03,AUDRW,LNG,4.0,3.0,7.0,5.0
2023-12-10,AUDRW,LNG,4.0,4.0,7.0,5.43
2023-12-17,AUDRW,LNG,6.0,3.0,6.0,4.14
2023-12-24,AUDRW,LNG,4.0,4.0,7.0,5.43
2023-12-31,AUDRW,LNG,4.0,2.0,5.0,3.86
2024-01-07,AUDRW,LNG,5.0,3.0,8.0,5.25
2024-01-14,AUDRW,LNG,5.0,3.0,6.0,4.38
2024-01-21,AUDRW,LNG,4.0,3.0,7.0,5.12
2024-01-28,AUDRW,LNG,3.0,3.0,7.0,4.88
2024-02-04,AUDRW,LNG,5.0,3.0,7.0,4.88
2024-02-11,AUDRW,LNG,5.0,4.0,7.0,4.88
2024-02-18,AUDRW,LNG,4.0,3.0,8.0,4.88
2024-02-25,AUDRW,LNG,6.0,2.0,8.0,4.0
2024-03-03,AUDRW,LNG,4.0,3.0,8.0,4.88
2024-03-10,AUDRW,LNG,5.0,4.0,6.0,4.75
2024-03-17,AUDRW,LNG,3.0,3.0,7.0,4.5
2024-03-24,AUDRW,LNG,5.0,2.0,6.0,4.62
2024-03-31,AUDRW,LNG,6.0,2.0,7.0,4.62
2024-04-07,AUDRW,LNG,5.0,3.0,8.0,5.0
2024-04-14,AUDRW,LNG,3.0,2.0,6.0,4.12
2024-04-21,AUDRW,LNG,6.0,3.0,7.0,5.25
2024-04-28,AUDRW,LNG,4.0,4.0,8.0,5.12
2024-05-05,AUDRW,LNG,3.0,3.0,8.0,4.88
2024-05-12,AUDRW,LNG,4.0,2.0,7.0,4.25
2024-05-19,AUDRW,LNG,7.0,1.0,7.0,4.5
2024-05-26,AUDRW,LNG,4.0,1.0,6.0,3.62
2024-06-02,AUDRW,LNG,4.0,2.0,6.0,4.12
2024-06-09,AUDRW,LNG,3.0,2.0,6.0,4.25
2024-06-16,AUDRW,LNG,7.0,3.0,7.0,5.12
2024-06-23,AUDRW,LNG,3.0,3.0,7.0,4.25
2024-06-30,AUDRW,LNG,6.0,3.0,7.0,5.12
2024-07-07,AUDRW,LNG,5.0,0.0,7.0,4.62
2024-07-14,AUDRW,LNG,4.0,1.0,8.0,4.25
2024-07-21,AUDRW,LNG,4.0,1.0,9.0,5.0
2024-07-28,AUDRW,LNG,3.0,3.0,7.0,4.88
2024-08-04,AUDRW,LNG,5.0,2.0,6.0,4.5
2024-08-11,AUDRW,LNG,3.0,3.0,8.0,4.88
2024-08-18,AUDRW,LNG,6.0,3.0,6.0,4.38
2024-08-25,AUDRW,LNG,4.0,3.0,7.0,5.38
2024-09-01,AUDRW,LNG,2.0,2.0,6.0,4.25
2024-09-08,AUDRW,LNG,2.0,2.0,7.0,4.71
2024-09-15,AUDRW,LNG,2.0,1.0,5.0,3.71
2024-09-22,AUDRW,LNG,2.0,1.0,8.0,4.43
2024-09-29,AUDRW,LNG,2.0,2.0,7.0,4.29
2024-10-06,AUDRW,LNG,2.0,1.0,5.0,3.43
2024-10-13,AUDRW,LNG,4.0,3.0,8.0,4.71
2024-10-20,AUDRW,LNG,2.0,2.0,9.0,5.57
2024-10-27,AUDRW,LNG,4.0,2.0,7.0,4.57
2024-11-03,AUDRW,LNG,5.0,3.0,6.0,4.29
2024-11-10,AUDRW,LNG,4.0,3.0,8.0,5.57
2024-11-17,AUDRW,LNG,3.0,2.0,7.0,4.57
2024-11-24,AUDRW,LNG,3.0,3.0,7.0,4.86
2024-12-01,AUDRW,LNG,4.0,3.0,7.0,5.0
2024-12-08,AUDRW,LNG,5.0,4.0,7.0,5.43
2024-12-15,AUDRW,LNG,4.0,3.0,6.0,4.14
2024-12-22,AUDRW,LNG,4.0,4.0,7.0,5.43
2024-12-29,AUDRW,LNG,4.0,2.0,5.0,3.86
2025-01-05,AUDRW,LNG,5.0,3.0,8.0,5.25
2025-01-12,AUDRW,LNG,5.0,3.0,6.0,4.38
2025-01-19,AUDRW,LNG,5.0,3.0,7.0,5.12
2025-01-26,AUDRW,LNG,4.0,3.0,7.0,4.88
2025-02-02,AUDRW,LNG,5.0,3.0,7.0,4.88
2025-02-09,AUDRW,LNG,5.0,4.0,7.0,4.88
2025-02-16,AUDRW,LNG,3.0,3.0,8.0,4.88
2025-02-23,AUDRW,LNG,4.0,2.0,8.0,4.0
2025-03-02,AUDRW,LNG,5.0,3.0,8.0,4.88
2025-03-09,AUDRW,LNG,4.0,4.0,6.0,4.75
2025-03-16,AUDRW,LNG,4.0,3.0,7.0,4.5
2025-03-23,AUDRW,LNG,6.0,2.0,6.0,4.62
2025-03-30,AUDRW,LNG,2.0,2.0,7.0,4.62
2025-04-06,AUDRW,LNG,5.0,3.0,8.0,5.0
2025-04-13,AUDRW,LNG,4.0,2.0,6.0,4.12
2025-04-20,AUDRW,LNG,3.0,3.0,7.0,5.25
2025-04-27,AUDRW,LNG,5.0,4.0,8.0,5.12
2025-05-04,AUDRW,LNG,4.0,3.0,8.0,4.88
2025-05-11,AUDRW,LNG,7.0,2.0,7.0,4.25
2025-05-18,AUDRW,LNG,4.0,1.0,7.0,4.5
2025-05-25,AUDRW,LNG,5.0,1.0,6.0,3.62
2025-06-01,AUDRW,LNG,6.0,2.0,6.0,4.12
2025-06-08,AUDRW,LNG,6.0,2.0,6.0,4.25
2025-06-15,AUDRW,LNG,3.0,3.0,7.0,5.12
2025-06-22,AUDRW,LNG,7.0,3.0,7.0,4.25
2025-06-29,AUDRW,LNG,7.0,3.0,7.0,5.12
2025-07-06,AUDRW,LNG,6.0,0.0,7.0,4.62
2025-07-13,AUDRW,LNG,6.0,1.0,8.0,4.25
2025-07-20,AUDRW,LNG,6.0,1.0,9.0,5.0
2025-07-27,AUDRW,LNG,4.0,3.0,7.0,4.88
2025-08-03,AUDRW,LNG,5.0,2.0,6.0,4.5
2025-08-10,AUDRW,LNG,5.0,3.0,8.0,4.88
2025-08-17,AUDRW,LNG,3.0,3.0,6.0,4.38
2025-08-24,AUDRW,LNG,4.0,3.0,7.0,5.38
2025-08-31,AUDRW,LNG,3.0,2.0,6.0,4.25
2025-09-07,AUDRW,LNG,3.0,2.0,7.0,4.71
2025-09-14,AUDRW,LNG,1.0,1.0,5.0,3.71
2025-09-21,AUDRW,LNG,1.0,1.0,8.0,4.43
2025-09-28,AUDRW,LNG,2.0,2.0,7.0,4.29
2025-10-05,AUDRW,LNG,1.0,1.0,5.0,3.43
2025-10-12,AUDRW,LNG,3.0,3.0,8.0,4.71
2025-10-19,AUDRW,LNG,3.0,2.0,9.0,5.57
2025-10-26,AUDRW,LNG,3.0,2.0,7.0,4.57
2025-11-02,AUDRW,LNG,3.0,3.0,6.0,4.29
2025-11-09,AUDRW,LNG,3.0,3.0,8.0,5.57
2025-11-16,AUDRW,LNG,4.0,2.0,7.0,4.57
2025-11-23,AUDRW,LNG,4.0,3.0,7.0,4.86
2025-11-30,AUDRW,LNG,7.0,3.0,7.0,5.0
2025-12-07,AUDRW,LNG,5.0,4.0,7.0,5.43
2025-12-14,AUDRW,LNG,4.0,3.0,6.0,4.14
2025-12-21,AUDRW,LNG,6.0,4.0,7.0,5.43
2025-12-28,AUDRW,LNG,4.0,2.0,5.0,3.86
2026-01-04,AUDRW,LNG,6.0,3.0,8.0,5.25
2026-01-11,AUDRW,LNG,4.0,3.0,6.0,4.38
2026-01-18,AUDRW,LNG,6.0,3.0,7.0,5.12
2026-01-25,AUDRW,LNG,5.0,3.0,7.0,4.88
2026-02-01,AUDRW,LNG,4.0,3.0,7.0,4.88
2026-02-08,AUDRW,LNG,4.0,4.0,7.0,4.88
2026-02-15,AUDRW,LNG,5.0,3.0,8.0,4.88
2026-02-22,AUDRW,LNG,3.0,2.0,8.0,4.0
2026-03-01,AUDRW,LNG,8.0,3.0,8.0,4.88
2026-03-08,AUDRW,LNG,4.0,4.0,6.0,4.75
2026-03-15,AUDRW,LNG,7.0,3.0,7.0,4.5
2026-03-22,AUDRW,LNG,3.0,2.0,6.0,4.62
2026-03-29,AUDRW,LNG,4.0,2.0,7.0,4.62
2026-04-05,AUDRW,LNG,5.0,3.0,8.0,5.0
2026-04-12,AUDRW,LNG,5.0,2.0,6.0,4.12
2026-04-19,AUDRW,LNG,6.0,3.0,7.0,5.25
2026-04-26,AUDRW,LNG,4.0,4.0,8.0,5.12
2026-05-03,AUDRW,LNG,5.0,3.0,8.0,4.88
2026-05-10,AUDRW,LNG,5.0,2.0,7.0,4.25
2026-05-17,AUDRW,LNG,3.0,1.0,7.0,4.5
2026-05-24,AUDRW,LNG,6.0,1.0,6.0,3.62
2026-05-31,AUDRW,LNG,6.0,2.0,6.0,4.12
2026-06-07,AUDRW,LNG,4.0,2.0,6.0,4.25
2026-06-14,AUDRW,LNG,6.0,3.0,7.0,5.12
2026-06-21,AUDRW,LNG,3.0,3.0,7.0,4.25
2026-06-28,AUDRW,LNG,6.0,3.0,7.0,5.12
2026-07-05,AUDRW,LNG,7.0,0.0,7.0,4.62
2026-07-12,AUDRW,LNG,4.0,1.0,8.0,4.25
2026-07-19,AUDRW,LNG,7.0,1.0,9.0,5.0
2026-07-26,AUDRW,LNG,5.0,3.0,7.0,4.88
2026-08-02,AUDRW,LNG,5.0,2.0,6.0,4.5
2026-08-09,AUDRW,LNG,8.0,3.0,8.0,4.88
2026-08-16,AUDRW,LNG,3.0,3.0,6.0,4.38
2026-08-23,AUDRW,LNG,6.0,3.0,7.0,5.38
2026-08-30,AUDRW,LNG,4.0,2.0,6.0,4.25
2019-01-06,AUGLT,LNG,7.0,7.0,13.0,10.0
2019-01-13,AUGLT,LNG,11.0,7.0,13.0,10.38
2019-01-20,AUGLT,LNG,11.0,8.0,14.0,10.75
2019-01-27,AUGLT,LNG,7.0,7.0,13.0,10.12
2019-02-03,AUGLT,LNG,8.0,8.0,12.0,9.5
2019-02-10,AUGLT,LNG,9.0,9.0,14.0,10.5
2019-02-17,AUGLT,LNG,9.0,7.0,12.0,10.12
2019-02-24,AUGLT,LNG,13.0,8.0,13.0,10.75
2019-03-03,AUGLT,LNG,11.0,6.0,11.0,9.62
2019-03-10,AUGLT,LNG,8.0,8.0,12.0,10.25
2019-03-17,AUGLT,LNG,14.0,7.0,14.0,11.0
2019-03-24,AUGLT,LNG,7.0,6.0,14.0,9.88
2019-03-31,AUGLT,LNG,9.0,8.0,14.0,11.5
2019-04-07,AUGLT,LNG,11.0,7.0,13.0,10.25
2019-04-14,AUGLT,LNG,10.0,8.0,13.0,10.38
2019-04-21,AUGLT,LNG,8.0,8.0,14.0,9.88
2019-04-28,AUGLT,LNG,11.0,8.0,15.0,10.12
2019-05-05,AUGLT,LNG,9.0,8.0,11.0,10.25
2019-05-12,AUGLT,LNG,10.0,8.0,12.0,10.0
2019-05-19,AUGLT,LNG,9.0,7.0,12.0,9.38
2019-05-26,AUGLT,LNG,9.0,6.0,15.0,10.5
2019-06-02,AUGLT,LNG,9.0,9.0,12.0,9.75
2019-06-09,AUGLT,LNG,11.0,5.0,13.0,9.5
2019-06-16,AUGLT,LNG,10.0,9.0,12.0,10.0
2019-06-23,AUGLT,LNG,8.0,5.0,13.0,8.88
2019-06-30,AUGLT,LNG,10.0,8.0,13.0,11.12
2019-07-07,AUGLT,LNG,9.0,6.0,11.0,9.25
2019-07-14,AUGLT,LNG,9.0,7.0,11.0,9.38
2019-07-21,AUGLT,LNG,8.0,8.0,12.0,9.38
2019-07-28,AUGLT,LNG,9.0,8.0,13.0,9.62
2019-08-04,AUGLT,LNG,9.0,6.0,13.0,9.38
2019-08-11,AUGLT,LNG,10.0,8.0,13.0,10.38
2019-08-18,AUGLT,LNG,7.0,7.0,13.0,9.62
2019-08-25,AUGLT,LNG,11.0,8.0,13.0,10.25
2019-09-01,AUGLT,LNG,10.0,6.0,12.0,9.5
2019-09-08,AUGLT,LNG,9.0,8.0,13.0,10.57
2019-09-15,AUGLT,LNG,8.0,8.0,13.0,10.86
2019-09-22,AUGLT,LNG,11.0,9.0,12.0,10.14
2019-09-29,AUGLT,LNG,9.0,7.0,11.0,9.14
2019-10-06,AUGLT,LNG,11.0,11.0,15.0,11.71
2019-10-13,AUGLT,LNG,10.0,8.0,11.0,9.86
2019-10-20,AUGLT,LNG,11.0,9.0,14.0,10.57
2019-10-27,AUGLT,LNG,8.0,8.0,14.0,10.71
2019-11-03,AUGLT,LNG,7.0,7.0,12.0,9.29
2019-11-10,AUGLT,LNG,9.0,9.0,14.0,10.43
2019-11-17,AUGLT,LNG,10.0,9.0,14.0,11.14
2019-11-24,AUGLT,LNG,11.0,8.0,13.0,10.14
2019-12-01,AUGLT,LNG,9.0,8.0,14.0,10.14
2019-12-08,AUGLT,LNG,10.0,9.0,12.0,10.43
2019-12-15,AUGLT,LNG,9.0,9.0,12.0,10.43
2019-12-22,AUGLT,LNG,12.0,10.0,12.0,10.43
2019-12-29,AUGLT,LNG,9.0,8.0,11.0,9.57
2020-01-05,AUGLT,LNG,12.0,7.0,13.0,10.0
2020-01-12,AUGLT,LNG,7.0,7.0,13.0,10.38
2020-01-19,AUGLT,LNG,10.0,8.0,14.0,10.75
2020-01-26,AUGLT,LNG,11.0,7.0,13.0,10.12
2020-02-02,AUGLT,LNG,9.0,8.0,12.0,9.5
2020-02-09,AUGLT,LNG,9.0,9.0,14.0,10.5
2020-02-16,AUGLT,LNG,7.0,7.0,12.0,10.12
2020-02-23,AUGLT,LNG,12.0,8.0,13.0,10.75
2020-03-01,AUGLT,LNG,8.0,6.0,11.0,9.62
2020-03-08,AUGLT,LNG,9.0,8.0,12.0,10.25
2020-03-15,AUGLT,LNG,7.0,7.0,14.0,11.0
2020-03-22,AUGLT,LNG,10.0,6.0,14.0,9.88
2020-03-29,AUGLT,LNG,10.0,8.0,14.0,11.5
2020-04-05,AUGLT,LNG,7.0,7.0,13.0,10.25
2020-04-12,AUGLT,LNG,11.0,8.0,13.0,10.38
2020-04-19,AUGLT,LNG,8.0,8.0,14.0,9.88
2020-04-26,AUGLT,LNG,8.0,8.0,15.0,10.12
2020-05-03,AUGLT,LNG,11.0,8.0,11.0,10.25
2020-05-10,AUGLT,LNG,8.0,8.0,12.0,10.0
2020-05-17,AUGLT,LNG,8.0,7.0,12.0,9.38
2020-05-24,AUGLT,LNG,6.0,6.0,15.0,10.5
2020-05-31,AUGLT,LNG,10.0,9.0,12.0,9.75
2020-06-07,AUGLT,LNG,10.0,5.0,13.0,9.5
2020-06-14,AUGLT,LNG,9.0,9.0,12.0,10.0
2020-06-21,AUGLT,LNG,8.0,5.0,13.0,8.88
2020-06-28,AUGLT,LNG,8.0,8.0,13.0,11.12
2020-07-05,AUGLT,LNG,9.0,6.0,11.0,9.25
2020-07-12,AUGLT,LNG,10.0,7.0,11.0,9.38
2020-07-19,AUGLT,LNG,10.0,8.0,12.0,9.38
2020-07-26,AUGLT,LNG,9.0,8.0,13.0,9.62
2020-08-02,AUGLT,LNG,7.0,6.0,13.0,9.38
2020-08-09,AUGLT,LNG,12.0,8.0,13.0,10.38
2020-08-16,AUGLT,LNG,8.0,7.0,13.0,9.62
2020-08-23,AUGLT,LNG,11.0,8.0,13.0,10.25
2020-08-30,AUGLT,LNG,9.0,6.0,12.0,9.5
2020-09-06,AUGLT,LNG,11.0,8.0,13.0,10.57
2020-09-13,AUGLT,LNG,13.0,8.0,13.0,10.86
2020-09-20,AUGLT,LNG,9.0,9.0,12.0,10.14
2020-09-27,AUGLT,LNG,7.0,7.0,11.0,9.14
2020-10-04,AUGLT,LNG,11.0,11.0,15.0,11.71
2020-10-11,AUGLT,LNG,10.0,8.0,11.0,9.86
2020-10-18,AUGLT,LNG,9.0,9.0,14.0,10.57
2020-10-25,AUGLT,LNG,10.0,8.0,14.0,10.71
2020-11-01,AUGLT,LNG,7.0,7.0,12.0,9.29
2020-11-08,AUGLT,LNG,10.0,9.0,14.0,10.43
2020-11-15,AUGLT,LNG,11.0,9.0,14.0,11.14
2020-11-22,AUGLT,LNG,9.0,8.0,13.0,10.14
2020-11-29,AUGLT,LNG,8.0,8.0,14.0,10.14
2020-12-06,AUGLT,LNG,12.0,9.0,12.0,10.43
2020-12-13,AUGLT,LNG,11.0,9.0,12.0,10.43
2020-12-20,AUGLT,LNG,10.0,10.0,12.0,10.43
2020-12-27,AUGLT,LNG,9.0,8.0,11.0,9.57
2021-01-03,AUGLT,LNG,8.0,6.4,9.6,8.0
2021-01-10,AUGLT,LNG,11.0,7.0,13.0,10.0
2021-01-17,AUGLT,LNG,9.0,7.0,13.0,10.38
2021-01-24,AUGLT,LNG,10.0,8.0,14.0,10.75
2021-01-31,AUGLT,LNG,9.0,7.0,13.0,10.12
2021-02-07,AUGLT,LNG,8.0,8.0,12.0,9.5
2021-02-14,AUGLT,LNG,11.0,9.0,14.0,10.5
2021-02-21,AUGLT,LNG,12.0,7.0,12.0,10.12
2021-02-28,AUGLT,LNG,8.0,8.0,13.0,10.75
2021-03-07,AUGLT,LNG,11.0,6.0,11.0,9.62
2021-03-14,AUGLT,LNG,10.0,8.0,12.0,10.25
2021-03-21,AUGLT,LNG,12.0,7.0,14.0,11.0
2021-03-28,AUGLT,LNG,6.0,6.0,14.0,9.88
2021-04-04,AUGLT,LNG,12.0,8.0,14.0,11.5
2021-04-11,AUGLT,LNG,11.0,7.0,13.0,10.25
2021-04-18,AUGLT,LNG,10.0,8.0,13.0,10.38
2021-04-25,AUGLT,LNG,10.0,8.0,14.0,9.88
2021-05-02,AUGLT,LNG,9.0,8.0,15.0,10.12
2021-05-09,AUGLT,LNG,11.0,8.0,11.0,10.25
2021-05-16,AUGLT,LNG,11.0,8.0,12.0,10.0
2021-05-23,AUGLT,LNG,8.0,7.0,12.0,9.38
2021-05-30,AUGLT,LNG,9.0,6.0,15.0,10.5
2021-06-06,AUGLT,LNG,10.0,9.0,12.0,9.75
2021-06-13,AUGLT,LNG,5.0,5.0,13.0,9.5
2021-06-20,AUGLT,LNG,9.0,9.0,12.0,10.0
2021-06-27,AUGLT,LNG,10.0,5.0,13.0,8.88
2021-07-04,AUGLT,LNG,12.0,8.0,13.0,11.12
2021-07-11,AUGLT,LNG,9.0,6.0,11.0,9.25
2021-07-18,AUGLT,LNG,8.0,7.0,11.0,9.38
2021-07-25,AUGLT,LNG,12.0,8.0,12.0,9.38
2021-08-01,AUGLT,LNG,8.0,8.0,13.0,9.62
2021-08-08,AUGLT,LNG,6.0,6.0,13.0,9.38
2021-08-15,AUGLT,LNG,10.0,8.0,13.0,10.38
2021-08-22,AUGLT,LNG,10.0,7.0,13.0,9.62
2021-08-29,AUGLT,LNG,12.0,8.0,13.0,10.25
2021-09-05,AUGLT,LNG,6.0,6.0,12.0,9.5
2021-09-12,AUGLT,LNG,13.0,8.0,13.0,10.57
2021-09-19,AUGLT,LNG,11.0,8.0,13.0,10.86
2021-09-26,AUGLT,LNG,10.0,9.0,12.0,10.14
2021-10-03,AUGLT,LNG,8.0,7.0,11.0,9.14
2021-10-10,AUGLT,LNG,11.0,11.0,15.0,11.71
2021-10-17,AUGLT,LNG,10.0,8.0,11.0,9.86
2021-10-24,AUGLT,LNG,14.0,9.0,14.0,10.57
2021-10-31,AUGLT,LNG,14.0,8.0,14.0,10.71
2021-11-07,AUGLT,LNG,9.0,7.0,12.0,9.29
2021-11-14,AUGLT,LNG,9.0,9.0,14.0,10.43
2021-11-21,AUGLT,LNG,11.0,9.0,14.0,11.14
2021-11-28,AUGLT,LNG,13.0,8.0,13.0,10.14
2021-12-05,AUGLT,LNG,10.0,8.0,14.0,10.14
2021-12-12,AUGLT,LNG,10.0,9.0,12.0,10.43
2021-12-19,AUGLT,LNG,9.0,9.0,12.0,10.43
2021-12-26,AUGLT,LNG,10.0,10.0,12.0,10.43
2022-01-02,AUGLT,LNG,10.0,8.0,11.0,9.57
2022-01-09,AUGLT,LNG,13.0,7.0,13.0,10.0
2022-01-16,AUGLT,LNG,11.0,7.0,13.0,10.38
2022-01-23,AUGLT,LNG,12.0,8.0,14.0,10.75
2022-01-30,AUGLT,LNG,9.0,7.0,13.0,10.12
2022-02-06,AUGLT,LNG,10.0,8.0,12.0,9.5
2022-02-13,AUGLT,LNG,10.0,9.0,14.0,10.5
2022-02-20,AUGLT,LNG,11.0,7.0,12.0,10.12
2022-02-27,AUGLT,LNG,13.0,8.0,13.0,10.75
2022-03-06,AUGLT,LNG,11.0,6.0,11.0,9.62
2022-03-13,AUGLT,LNG,9.0,8.0,12.0,10.25
2022-03-20,AUGLT,LNG,11.0,7.0,14.0,11.0
2022-03-27,AUGLT,LNG,10.0,6.0,14.0,9.88
2022-04-03,AUGLT,LNG,11.0,8.0,14.0,11.5
2022-04-10,AUGLT,LNG,10.0,7.0,13.0,10.25
2022-04-17,AUGLT,LNG,8.0,8.0,13.0,10.38
2022-04-24,AUGLT,LNG,14.0,8.0,14.0,9.88
2022-05-01,AUGLT,LNG,9.0,8.0,15.0,10.12
2022-05-08,AUGLT,LNG,8.0,8.0,11.0,10.25
2022-05-15,AUGLT,LNG,9.0,8.0,12.0,10.0
2022-05-22,AUGLT,LNG,12.0,7.0,12.0,9.38
2022-05-29,AUGLT,LNG,10.0,6.0,15.0,10.5
2022-06-05,AUGLT,LNG,10.0,9.0,12.0,9.75
2022-06-12,AUGLT,LNG,13.0,5.0,13.0,9.5
2022-06-19,AUGLT,LNG,9.0,9.0,12.0,10.0
2022-06-26,AUGLT,LNG,9.0,5.0,13.0,8.88
2022-07-03,AUGLT,LNG,12.0,8.0,13.0,11.12
2022-07-10,AUGLT,LNG,6.0,6.0,11.0,9.25
2022-07-17,AUGLT,LNG,7.0,7.0,11.0,9.38
2022-07-24,AUGLT,LNG,9.0,8.0,12.0,9.38
2022-07-31,AUGLT,LNG,10.0,8.0,13.0,9.62
2022-08-07,AUGLT,LNG,13.0,6.0,13.0,9.38
2022-08-14,AUGLT,LNG,11.0,8.0,13.0,10.38
2022-08-21,AUGLT,LNG,10.0,7.0,13.0,9.62
2022-08-28,AUGLT,LNG,8.0,8.0,13.0,10.25
2022-09-04,AUGLT,LNG,12.0,6.0,12.0,9.5
2022-09-11,AUGLT,LNG,8.0,8.0,13.0,10.57
2022-09-18,AUGLT,LNG,13.0,8.0,13.0,10.86
2022-09-25,AUGLT,LNG,9.0,9.0,12.0,10.14
2022-10-02,AUGLT,LNG,9.0,7.0,11.0,9.14
2022-10-09,AUGLT,LNG,15.0,11.0,15.0,11.71
2022-10-16,AUGLT,LNG,10.0,8.0,11.0,9.86
2022-10-23,AUGLT,LNG,9.0,9.0,14.0,10.57
2022-10-30,AUGLT,LNG,10.0,8.0,14.0,10.71
2022-11-06,AUGLT,LNG,10.0,7.0,12.0,9.29
2022-11-13,AUGLT,LNG,11.0,9.0,14.0,10.43
2022-11-20,AUGLT,LNG,9.0,9.0,14.0,11.14
2022-11-27,AUGLT,LNG,10.0,8.0,13.0,10.14
2022-12-04,AUGLT,LNG,9.0,8.0,14.0,10.14
2022-12-11,AUGLT,LNG,11.0,9.0,12.0,10.43
2022-12-18,AUGLT,LNG,9.0,9.0,12.0,10.43
2022-12-25,AUGLT,LNG,10.0,10.0,12.0,10.43
2023-01-01,AUGLT,LNG,11.0,8.0,11.0,9.57
2023-01-08,AUGLT,LNG,9.0,7.0,13.0,10.0
2023-01-15,AUGLT,LNG,9.0,7.0,13.0,10.38
2023-01-22,AUGLT,LNG,8.0,8.0,14.0,10.75
2023-01-29,AUGLT,LNG,11.0,7.0,13.0,10.12
2023-02-05,AUGLT,LNG,12.0,8.0,12.0,9.5
2023-02-12,AUGLT,LNG,11.0,9.0,14.0,10.5
2023-02-19,AUGLT,LNG,11.0,7.0,12.0,10.12
2023-02-26,AUGLT,LNG,10.0,8.0,13.0,10.75
2023-03-05,AUGLT,LNG,10.0,6.0,11.0,9.62
2023-03-12,AUGLT,LNG,10.0,8.0,12.0,10.25
2023-03-19,AUGLT,LNG,11.0,7.0,14.0,11.0
2023-03-26,AUGLT,LNG,12.0,6.0,14.0,9.88
2023-04-02,AUGLT,LNG,8.0,8.0,14.0,11.5
2023-04-09,AUGLT,LNG,11.0,7.0,13.0,10.25
2023-04-16,AUGLT,LNG,10.0,8.0,13.0,10.38
2023-04-23,AUGLT,LNG,10.0,8.0,14.0,9.88
2023-04-30,AUGLT,LNG,9.0,8.0,15.0,10.12
2023-05-07,AUGLT,LNG,11.0,8.0,11.0,10.25
2023-05-14,AUGLT,LNG,12.0,8.0,12.0,10.0
2023-05-21,AUGLT,LNG,7.0,7.0,12.0,9.38
2023-05-28,AUGLT,LNG,13.0,6.0,15.0,10.5
2023-06-04,AUGLT,LNG,12.0,9.0,12.0,9.75
2023-06-11,AUGLT,LNG,8.0,5.0,13.0,9.5
2023-06-18,AUGLT,LNG,9.0,9.0,12.0,10.0
2023-06-25,AUGLT,LNG,11.0,5.0,13.0,8.88
2023-07-02,AUGLT,LNG,9.0,8.0,13.0,11.12
2023-07-09,AUGLT,LNG,9.0,6.0,11.0,9.25
2023-07-16,AUGLT,LNG,10.0,7.0,11.0,9.38
2023-07-23,AUGLT,LNG,8.0,8.0,12.0,9.38
2023-07-30,AUGLT,LNG,9.0,8.0,13.0,9.62
2023-08-06,AUGLT,LNG,10.0,6.0,13.0,9.38
2023-08-13,AUGLT,LNG,10.0,8.0,13.0,10.38
2023-08-20,AUGLT,LNG,11.0,7.0,13.0,9.62
2023-08-27,AUGLT,LNG,8.0,8.0,13.0,10.25
2023-09-03,AUGLT,LNG,11.0,6.0,12.0,9.5
2023-09-10,AUGLT,LNG,10.0,8.0,13.0,10.57
2023-09-17,AUGLT,LNG,11.0,8.0,13.0,10.86
2023-09-24,AUGLT,LNG,12.0,9.0,12.0,10.14
2023-10-01,AUGLT,LNG,9.0,7.0,11.0,9.14
2023-10-08,AUGLT,LNG,11.0,11.0,15.0,11.71
2023-10-15,AUGLT,LNG,10.0,8.0,11.0,9.86
2023-10-22,AUGLT,LNG,11.0,9.0,14.0,10.57
2023-10-29,AUGLT,LNG,11.0,8.0,14.0,10.71
2023-11-05,AUGLT,LNG,12.0,7.0,12.0,9.29
2023-11-12,AUGLT,LNG,9.0,9.0,14.0,10.43
2023-11-19,AUGLT,LNG,14.0,9.0,14.0,11.14
2023-11-26,AUGLT,LNG,8.0,8.0,13.0,10.14
2023-12-03,AUGLT,LNG,8.0,8.0,14.0,10.14
2023-12-10,AUGLT,LNG,10.0,9.0,12.0,10.43
2023-12-17,AUGLT,LNG,12.0,9.0,12.0,10.43
2023-12-24,AUGLT,LNG,11.0,10.0,12.0,10.43
2023-12-31,AUGLT,LNG,8.0,8.0,11.0,9.57
2024-01-07,AUGLT,LNG,11.0,7.0,13.0,10.0
2024-01-14,AUGLT,LNG,13.0,7.0,13.0,10.38
2024-01-21,AUGLT,LNG,11.0,8.0,14.0,10.75
2024-01-28,AUGLT,LNG,13.0,7.0,13.0,10.12
2024-02-04,AUGLT,LNG,11.0,8.0,12.0,9.5
2024-02-11,AUGLT,LNG,10.0,9.0,14.0,10.5
2024-02-18,AUGLT,LNG,10.0,7.0,12.0,10.12
2024-02-25,AUGLT,LNG,8.0,8.0,13.0,10.75
2024-03-03,AUGLT,LNG,11.0,6.0,11.0,9.62
2024-03-10,AUGLT,LNG,12.0,8.0,12.0,10.25
2024-03-17,AUGLT,LNG,12.0,7.0,14.0,11.0
2024-03-24,AUGLT,LNG,10.0,6.0,14.0,9.88
2024-03-31,AUGLT,LNG,14.0,8.0,14.0,11.5
2024-04-07,AUGLT,LNG,8.0,7.0,13.0,10.25
2024-04-14,AUGLT,LNG,11.0,8.0,13.0,10.38
2024-04-21,AUGLT,LNG,10.0,8.0,14.0,9.88
2024-04-28,AUGLT,LNG,9.0,8.0,15.0,10.12
2024-05-05,AUGLT,LNG,11.0,8.0,11.0,10.25
2024-05-12,AUGLT,LNG,10.0,8.0,12.0,10.0
2024-05-19,AUGLT,LNG,10.0,7.0,12.0,9.38
2024-05-26,AUGLT,LNG,12.0,6.0,15.0,10.5
2024-06-02,AUGLT,LNG,9.0,9.0,12.0,9.75
2024-06-09,AUGLT,LNG,10.0,5.0,13.0,9.5
2024-06-16,AUGLT,LNG,11.0,9.0,12.0,10.0
2024-06-23,AUGLT,LNG,5.0,5.0,13.0,8.88
2024-06-30,AUGLT,LNG,13.0,8.0,13.0,11.12
2024-07-07,AUGLT,LNG,10.0,6.0,11.0,9.25
2024-07-14,AUGLT,LNG,11.0,7.0,11.0,9.38
2024-07-21,AUGLT,LNG,9.0,8.0,12.0,9.38
2024-07-28,AUGLT,LNG,10.0,8.0,13.0,9.62
2024-08-04,AUGLT,LNG,7.0,6.0,13.0,9.38
2024-08-11,AUGLT,LNG,13.0,8.0,13.0,10.38
2024-08-18,AUGLT,LNG,11.0,7.0,13.0,9.62
2024-08-25,AUGLT,LNG,10.0,8.0,13.0,10.25
2024-09-01,AUGLT,LNG,9.0,6.0,12.0,9.5
2024-09-08,AUGLT,LNG,11.0,8.0,13.0,10.57
2024-09-15,AUGLT,LNG,11.0,8.0,13.0,10.86
2024-09-22,AUGLT,LNG,11.0,9.0,12.0,10.14
2024-09-29,AUGLT,LNG,11.0,7.0,11.0,9.14
2024-10-06,AUGLT,LNG,11.0,11.0,15.0,11.71
2024-10-13,AUGLT,LNG,11.0,8.0,11.0,9.86
2024-10-20,AUGLT,LNG,10.0,9.0,14.0,10.57
2024-10-27,AUGLT,LNG,11.0,8.0,14.0,10.71
2024-11-03,AUGLT,LNG,10.0,7.0,12.0,9.29
2024-11-10,AUGLT,LNG,11.0,9.0,14.0,10.43
2024-11-17,AUGLT,LNG,13.0,9.0,14.0,11.14
2024-11-24,AUGLT,LNG,10.0,8.0,13.0,10.14
2024-12-01,AUGLT,LNG,14.0,8.0,14.0,10.14
2024-12-08,AUGLT,LNG,9.0,9.0,12.0,10.43
2024-12-15,AUGLT,LNG,12.0,9.0,12.0,10.43
2024-12-22,AUGLT,LNG,10.0,10.0,12.0,10.43
2024-12-29,AUGLT,LNG,9.0,8.0,11.0,9.57
2025-01-05,AUGLT,LNG,10.0,7.0,13.0,10.0
2025-01-12,AUGLT,LNG,10.0,7.0,13.0,10.38
2025-01-19,AUGLT,LNG,14.0,8.0,14.0,10.75
2025-01-26,AUGLT,LNG,9.0,7.0,13.0,10.12
2025-02-02,AUGLT,LNG,10.0,8.0,12.0,9.5
2025-02-09,AUGLT,LNG,14.0,9.0,14.0,10.5
2025-02-16,AUGLT,LNG,10.0,7.0,12.0,10.12
2025-02-23,AUGLT,LNG,11.0,8.0,13.0,10.75
2025-03-02,AUGLT,LNG,6.0,6.0,11.0,9.62
2025-03-09,AUGLT,LNG,12.0,8.0,12.0,10.25
2025-03-16,AUGLT,LNG,11.0,7.0,14.0,11.0
2025-03-23,AUGLT,LNG,14.0,6.0,14.0,9.88
2025-03-30,AUGLT,LNG,14.0,8.0,14.0,11.5
2025-04-06,AUGLT,LNG,13.0,7.0,13.0,10.25
2025-04-13,AUGLT,LNG,10.0,8.0,13.0,10.38
2025-04-20,AUGLT,LNG,10.0,8.0,14.0,9.88
2025-04-27,AUGLT,LNG,11.0,8.0,15.0,10.12
2025-05-04,AUGLT,LNG,10.0,8.0,11.0,10.25
2025-05-11,AUGLT,LNG,9.0,8.0,12.0,10.0
2025-05-18,AUGLT,LNG,11.0,7.0,12.0,9.38
2025-05-25,AUGLT,LNG,10.0,6.0,15.0,10.5
2025-06-01,AUGLT,LNG,9.0,9.0,12.0,9.75
2025-06-08,AUGLT,LNG,9.0,5.0,13.0,9.5
2025-06-15,AUGLT,LNG,12.0,9.0,12.0,10.0
2025-06-22,AUGLT,LNG,7.0,5.0,13.0,8.88
2025-06-29,AUGLT,LNG,12.0,8.0,13.0,11.12
2025-07-06,AUGLT,LNG,11.0,6.0,11.0,9.25
2025-07-13,AUGLT,LNG,9.0,7.0,11.0,9.38
2025-07-20,AUGLT,LNG,10.0,8.0,12.0,9.38
2025-07-27,AUGLT,LNG,13.0,8.0,13.0,9.62
2025-08-03,AUGLT,LNG,12.0,6.0,13.0,9.38
2025-08-10,AUGLT,LNG,8.0,8.0,13.0,10.38
2025-08-17,AUGLT,LNG,13.0,7.0,13.0,9.62
2025-08-24,AUGLT,LNG,9.0,8.0,13.0,10.25
2025-08-31,AUGLT,LNG,12.0,6.0,12.0,9.5
2025-09-07,AUGLT,LNG,12.0,8.0,13.0,10.57
2025-09-14,AUGLT,LNG,9.0,8.0,13.0,10.86
2025-09-21,AUGLT,LNG,9.0,9.0,12.0,10.14
2025-09-28,AUGLT,LNG,11.0,7.0,11.0,9.14
2025-10-05,AUGLT,LNG,12.0,11.0,15.0,11.71
2025-10-12,AUGLT,LNG,8.0,8.0,11.0,9.86
2025-10-19,AUGLT,LNG,10.0,9.0,14.0,10.57
2025-10-26,AUGLT,LNG,11.0,8.0,14.0,10.71
2025-11-02,AUGLT,LNG,10.0,7.0,12.0,9.29
2025-11-09,AUGLT,LNG,14.0,9.0,14.0,10.43
2025-11-16,AUGLT,LNG,10.0,9.0,14.0,11.14
2025-11-23,AUGLT,LNG,10.0,8.0,13.0,10.14
2025-11-30,AUGLT,LNG,13.0,8.0,14.0,10.14
2025-12-07,AUGLT,LNG,11.0,9.0,12.0,10.43
2025-12-14,AUGLT,LNG,11.0,9.0,12.0,10.43
2025-12-21,AUGLT,LNG,10.0,10.0,12.0,10.43
2025-12-28,AUGLT,LNG,11.0,8.0,11.0,9.57
2026-01-04,AUGLT,LNG,7.0,7.0,13.0,10.0
2026-01-11,AUGLT,LNG,13.0,7.0,13.0,10.38
2026-01-18,AUGLT,LNG,10.0,8.0,14.0,10.75
2026-01-25,AUGLT,LNG,12.0,7.0,13.0,10.12
2026-02-01,AUGLT,LNG,8.0,8.0,12.0,9.5
2026-02-08,AUGLT,LNG,10.0,9.0,14.0,10.5
2026-02-15,AUGLT,LNG,11.0,7.0,12.0,10.12
2026-02-22,AUGLT,LNG,11.0,8.0,13.0,10.75
2026-03-01,AUGLT,LNG,9.0,6.0,11.0,9.62
2026-03-08,AUGLT,LNG,12.0,8.0,12.0,10.25
2026-03-15,AUGLT,LNG,10.0,7.0,14.0,11.0
2026-03-22,AUGLT,LNG,10.0,6.0,14.0,9.88
2026-03-29,AUGLT,LNG,14.0,8.0,14.0,11.5
2026-04-05,AUGLT,LNG,11.0,7.0,13.0,10.25
2026-04-12,AUGLT,LNG,13.0,8.0,13.0,10.38
2026-04-19,AUGLT,LNG,9.0,8.0,14.0,9.88
2026-04-26,AUGLT,LNG,15.0,8.0,15.0,10.12
2026-05-03,AUGLT,LNG,11.0,8.0,11.0,10.25
2026-05-10,AUGLT,LNG,11.0,8.0,12.0,10.0
2026-05-17,AUGLT,LNG,10.0,7.0,12.0,9.38
2026-05-24,AUGLT,LNG,15.0,6.0,15.0,10.5
2026-05-31,AUGLT,LNG,9.0,9.0,12.0,9.75
2026-06-07,AUGLT,LNG,10.0,5.0,13.0,9.5
2026-06-14,AUGLT,LNG,11.0,9.0,12.0,10.0
2026-06-21,AUGLT,LNG,13.0,5.0,13.0,8.88
2026-06-28,AUGLT,LNG,13.0,8.0,13.0,11.12
2026-07-05,AUGLT,LNG,11.0,6.0,11.0,9.25
2026-07-12,AUGLT,LNG,11.0,7.0,11.0,9.38
2026-07-19,AUGLT,LNG,9.0,8.0,12.0,9.38
2026-07-26,AUGLT,LNG,9.0,8.0,13.0,9.62
2026-08-02,AUGLT,LNG,11.0,6.0,13.0,9.38
2026-08-09,AUGLT,LNG,9.0,8.0,13.0,10.38
2026-08-16,AUGLT,LNG,7.0,7.0,13.0,9.62
2026-08-23,AUGLT,LNG,13.0,8.0,13.0,10.25
2026-08-30,AUGLT,LNG,7.0,6.0,12.0,9.5
2019-01-06,DZAZW,LNG,12.0,12.0,20.0,14.12
2019-01-13,DZAZW,LNG,11.0,9.0,16.0,13.12
2019-01-20,DZAZW,LNG,11.0,8.0,17.0,12.12
2019-01-27,DZAZW,LNG,6.0,2.0,19.0,12.75
2019-02-03,DZAZW,LNG,2.0,2.0,20.0,14.38
2019-02-10,DZAZW,LNG,25.0,9.0,25.0,14.75
2019-02-17,DZAZW,LNG,8.0,7.0,23.0,16.0
2019-02-24,DZAZW,LNG,11.0,9.0,28.0,15.0
2019-03-03,DZAZW,LNG,14.0,12.0,25.0,17.75
2019-03-10,DZAZW,LNG,12.0,10.0,20.0,15.12
2019-03-17,DZAZW,LNG,10.0,9.0,23.0,15.12
2019-03-24,DZAZW,LNG,17.0,12.0,26.0,18.38
2019-03-31,DZAZW,LNG,12.0,8.0,23.0,14.75
2019-04-07,DZAZW,LNG,11.0,11.0,22.0,17.62
2019-04-14,DZAZW,LNG,12.0,12.0,20.0,15.38
2019-04-21,DZAZW,LNG,11.0,9.0,22.0,15.25
2019-04-28,DZAZW,LNG,17.0,10.0,25.0,18.12
2019-05-05,DZAZW,LNG,17.0,9.0,20.0,16.5
2019-05-12,DZAZW,LNG,18.0,14.0,22.0,18.0
2019-05-19,DZAZW,LNG,15.0,12.0,22.0,17.25
2019-05-26,DZAZW,LNG,23.0,17.0,23.0,19.88
2019-06-02,DZAZW,LNG,22.0,13.0,23.0,18.62
2019-06-09,DZAZW,LNG,13.0,13.0,21.0,16.5
2019-06-16,DZAZW,LNG,10.0,10.0,26.0,17.5
2019-06-23,DZAZW,LNG,16.0,16.0,21.0,18.5
2019-06-30,DZAZW,LNG,11.0,11.0,21.0,17.62
2019-07-07,DZAZW,LNG,12.0,12.0,23.0,17.25
2019-07-14,DZAZW,LNG,10.0,10.0,23.0,18.38
2019-07-21,DZAZW,LNG,16.0,14.0,22.0,18.12
2019-07-28,DZAZW,LNG,11.0,11.0,23.0,18.75
2019-08-04,DZAZW,LNG,14.0,13.0,21.0,16.75
2019-08-11,DZAZW,LNG,13.0,13.0,24.0,17.5
2019-08-18,DZAZW,LNG,18.0,15.0,22.0,17.88
2019-08-25,DZAZW,LNG,15.0,15.0,23.0,19.25
2019-09-01,DZAZW,LNG,17.0,11.0,23.0,17.12
2019-09-08,DZAZW,LNG,18.0,14.0,23.0,18.71
2019-09-15,DZAZW,LNG,9.0,9.0,20.0,15.14
2019-09-22,DZAZW,LNG,11.0,11.0,24.0,18.71
2019-09-29,DZAZW,LNG,23.0,13.0,25.0,19.29
2019-10-06,DZAZW,LNG,13.0,11.0,23.0,17.43
2019-10-13,DZAZW,LNG,16.0,15.0,20.0,17.43
2019-10-20,DZAZW,LNG,10.0,10.0,24.0,16.86
2019-10-27,DZAZW,LNG,14.0,11.0,21.0,14.71
2019-11-03,DZAZW,LNG,9.0,7.0,25.0,15.71
2019-11-10,DZAZW,LNG,10.0,10.0,22.0,16.43
2019-11-17,DZAZW,LNG,14.0,10.0,19.0,14.14
2019-11-24,DZAZW,LNG,12.0,9.0,25.0,15.0
2019-12-01,DZAZW,LNG,13.0,11.0,20.0,15.29
2019-12-08,DZAZW,LNG,13.0,3.0,17.0,12.43
2019-12-15,DZAZW,LNG,10.0,9.0,19.0,15.0
2019-12-22,DZAZW,LNG,13.0,13.0,22.0,17.0
2019-12-29,DZAZW,LNG,22.0,10.0,22.0,16.86
2020-01-05,DZAZW,LNG,13.0,12.0,20.0,14.12
2020-01-12,DZAZW,LNG,12.0,9.0,16.0,13.12
2020-01-19,DZAZW,LNG,15.0,8.0,17.0,12.12
2020-01-26,DZAZW,LNG,15.0,2.0,19.0,12.75
2020-02-02,DZAZW,LNG,15.0,2.0,20.0,14.38
2020-02-09,DZAZW,LNG,13.0,9.0,25.0,14.75
2020-02-16,DZAZW,LNG,23.0,7.0,23.0,16.0
2020-02-23,DZAZW,LNG,20.0,9.0,28.0,15.0
2020-03-01,DZAZW,LNG,15.0,12.0,25.0,17.75
2020-03-08,DZAZW,LNG,15.0,10.0,20.0,15.12
2020-03-15,DZAZW,LNG,18.0,9.0,23.0,15.12
2020-03-22,DZAZW,LNG,12.0,12.0,26.0,18.38
2020-03-29,DZAZW,LNG,8.0,8.0,23.0,14.75
2020-04-05,DZAZW,LNG,17.0,11.0,22.0,17.62
2020-04-12,DZAZW,LNG,16.0,12.0,20.0,15.38
2020-04-19,DZAZW,LNG,15.0,9.0,22.0,15.25
2020-04-26,DZAZW,LNG,10.0,10.0,25.0,18.12
2020-05-03,DZAZW,LNG,15.0,9.0,20.0,16.5
2020-05-10,DZAZW,LNG,17.0,14.0,22.0,18.0
2020-05-17,DZAZW,LNG,15.0,12.0,22.0,17.25
2020-05-24,DZAZW,LNG,20.0,17.0,23.0,19.88
2020-05-31,DZAZW,LNG,13.0,13.0,23.0,18.62
2020-06-07,DZAZW,LNG,15.0,13.0,21.0,16.5
2020-06-14,DZAZW,LNG,15.0,10.0,26.0,17.5
2020-06-21,DZAZW,LNG,17.0,16.0,21.0,18.5
2020-06-28,DZAZW,LNG,16.0,11.0,21.0,17.62
2020-07-05,DZAZW,LNG,23.0,12.0,23.0,17.25
2020-07-12,DZAZW,LNG,17.0,10.0,23.0,18.38
2020-07-19,DZAZW,LNG,14.0,14.0,22.0,18.12
2020-07-26,DZAZW,LNG,23.0,11.0,23.0,18.75
2020-08-02,DZAZW,LNG,18.0,13.0,21.0,16.75
2020-08-09,DZAZW,LNG,18.0,13.0,24.0,17.5
2020-08-16,DZAZW,LNG,16.0,15.0,22.0,17.88
2020-08-23,DZAZW,LNG,17.0,15.0,23.0,19.25
2020-08-30,DZAZW,LNG,11.0,11.0,23.0,17.12
2020-09-06,DZAZW,LNG,14.0,14.0,23.0,18.71
2020-09-13,DZAZW,LNG,13.0,9.0,20.0,15.14
2020-09-20,DZAZW,LNG,21.0,11.0,24.0,18.71
2020-09-27,DZAZW,LNG,13.0,13.0,25.0,19.29
2020-10-04,DZAZW,LNG,11.0,11.0,23.0,17.43
2020-10-11,DZAZW,LNG,16.0,15.0,20.0,17.43
2020-10-18,DZAZW,LNG,14.0,10.0,24.0,16.86
2020-10-25,DZAZW,LNG,14.0,11.0,21.0,14.71
2020-11-01,DZAZW,LNG,17.0,7.0,25.0,15.71
2020-11-08,DZAZW,LNG,13.0,10.0,22.0,16.43
2020-11-15,DZAZW,LNG,11.0,10.0,19.0,14.14
2020-11-22,DZAZW,LNG,12.0,9.0,25.0,15.0
2020-11-29,DZAZW,LNG,13.0,11.0,20.0,15.29
2020-12-06,DZAZW,LNG,3.0,3.0,17.0,12.43
2020-12-13,DZAZW,LNG,9.0,9.0,19.0,15.0
2020-12-20,DZAZW,LNG,15.0,13.0,22.0,17.0
2020-12-27,DZAZW,LNG,16.0,10.0,22.0,16.86
2021-01-03,DZAZW,LNG,16.0,12.8,19.2,16.0
2021-01-10,DZAZW,LNG,12.0,12.0,20.0,14.12
2021-01-17,DZAZW,LNG,14.0,9.0,16.0,13.12
2021-01-24,DZAZW,LNG,8.0,8.0,17.0,12.12
2021-01-31,DZAZW,LNG,9.0,2.0,19.0,12.75
2021-02-07,DZAZW,LNG,16.0,2.0,20.0,14.38
2021-02-14,DZAZW,LNG,13.0,9.0,25.0,14.75
2021-02-21,DZAZW,LNG,16.0,7.0,23.0,16.0
2021-02-28,DZAZW,LNG,14.0,9.0,28.0,15.0
2021-03-07,DZAZW,LNG,18.0,12.0,25.0,17.75
2021-03-14,DZAZW,LNG,10.0,10.0,20.0,15.12
2021-03-21,DZAZW,LNG,14.0,9.0,23.0,15.12
2021-03-28,DZAZW,LNG,26.0,12.0,26.0,18.38
2021-04-04,DZAZW,LNG,17.0,8.0,23.0,14.75
2021-04-11,DZAZW,LNG,16.0,11.0,22.0,17.62
2021-04-18,DZAZW,LNG,13.0,12.0,20.0,15.38
2021-04-25,DZAZW,LNG,18.0,9.0,22.0,15.25
2021-05-02,DZAZW,LNG,13.0,10.0,25.0,18.12
2021-05-09,DZAZW,LNG,17.0,9.0,20.0,16.5
2021-05-16,DZAZW,LNG,17.0,14.0,22.0,18.0
2021-05-23,DZAZW,LNG,19.0,12.0,22.0,17.25
2021-05-30,DZAZW,LNG,19.0,17.0,23.0,19.88
2021-06-06,DZAZW,LNG,18.0,13.0,23.0,18.62
2021-06-13,DZAZW,LNG,13.0,13.0,21.0,16.5
2021-06-20,DZAZW,LNG,17.0,10.0,26.0,17.5
2021-06-27,DZAZW,LNG,21.0,16.0,21.0,18.5
2021-07-04,DZAZW,LNG,20.0,11.0,21.0,17.62
2021-07-11,DZAZW,LNG,21.0,12.0,23.0,17.25
2021-07-18,DZAZW,LNG,23.0,10.0,23.0,18.38
2021-07-25,DZAZW,LNG,20.0,14.0,22.0,18.12
2021-08-01,DZAZW,LNG,22.0,11.0,23.0,18.75
2021-08-08,DZAZW,LNG,13.0,13.0,21.0,16.75
2021-08-15,DZAZW,LNG,20.0,13.0,24.0,17.5
2021-08-22,DZAZW,LNG,15.0,15.0,22.0,17.88
2021-08-29,DZAZW,LNG,19.0,15.0,23.0,19.25
2021-09-05,DZAZW,LNG,14.0,11.0,23.0,17.12
2021-09-12,DZAZW,LNG,21.0,14.0,23.0,18.71
2021-09-19,DZAZW,LNG,13.0,9.0,20.0,15.14
2021-09-26,DZAZW,LNG,16.0,11.0,24.0,18.71
2021-10-03,DZAZW,LNG,16.0,13.0,25.0,19.29
2021-10-10,DZAZW,LNG,15.0,11.0,23.0,17.43
2021-10-17,DZAZW,LNG,16.0,15.0,20.0,17.43
2021-10-24,DZAZW,LNG,15.0,10.0,24.0,16.86
2021-10-31,DZAZW,LNG,11.0,11.0,21.0,14.71
2021-11-07,DZAZW,LNG,7.0,7.0,25.0,15.71
2021-11-14,DZAZW,LNG,17.0,10.0,22.0,16.43
2021-11-21,DZAZW,LNG,11.0,10.0,19.0,14.14
2021-11-28,DZAZW,LNG,9.0,9.0,25.0,15.0
2021-12-05,DZAZW,LNG,15.0,11.0,20.0,15.29
2021-12-12,DZAZW,LNG,11.0,3.0,17.0,12.43
2021-12-19,DZAZW,LNG,16.0,9.0,19.0,15.0
2021-12-26,DZAZW,LNG,14.0,13.0,22.0,17.0
2022-01-02,DZAZW,LNG,13.0,10.0,22.0,16.86
2022-01-09,DZAZW,LNG,12.0,12.0,20.0,14.12
2022-01-16,DZAZW,LNG,9.0,9.0,16.0,13.12
2022-01-23,DZAZW,LNG,9.0,8.0,17.0,12.12
2022-01-30,DZAZW,LNG,18.0,2.0,19.0,12.75
2022-02-06,DZAZW,LNG,19.0,2.0,20.0,14.38
2022-02-13,DZAZW,LNG,13.0,9.0,25.0,14.75
2022-02-20,DZAZW,LNG,14.0,7.0,23.0,16.0
2022-02-27,DZAZW,LNG,9.0,9.0,28.0,15.0
2022-03-06,DZAZW,LNG,14.0,12.0,25.0,17.75
2022-03-13,DZAZW,LNG,12.0,10.0,20.0,15.12
2022-03-20,DZAZW,LNG,9.0,9.0,23.0,15.12
2022-03-27,DZAZW,LNG,16.0,12.0,26.0,18.38
2022-04-03,DZAZW,LNG,13.0,8.0,23.0,14.75
2022-04-10,DZAZW,LNG,21.0,11.0,22.0,17.62
2022-04-17,DZAZW,LNG,15.0,12.0,20.0,15.38
2022-04-24,DZAZW,LNG,13.0,9.0,22.0,15.25
2022-05-01,DZAZW,LNG,16.0,10.0,25.0,18.12
2022-05-08,DZAZW,LNG,15.0,9.0,20.0,16.5
2022-05-15,DZAZW,LNG,17.0,14.0,22.0,18.0
2022-05-22,DZAZW,LNG,22.0,12.0,22.0,17.25
2022-05-29,DZAZW,LNG,18.0,17.0,23.0,19.88
2022-06-05,DZAZW,LNG,18.0,13.0,23.0,18.62
2022-06-12,DZAZW,LNG,17.0,13.0,21.0,16.5
2022-06-19,DZAZW,LNG,18.0,10.0,26.0,17.5
2022-06-26,DZAZW,LNG,17.0,16.0,21.0,18.5
2022-07-03,DZAZW,LNG,18.0,11.0,21.0,17.62
2022-07-10,DZAZW,LNG,14.0,12.0,23.0,17.25
2022-07-17,DZAZW,LNG,19.0,10.0,23.0,18.38
2022-07-24,DZAZW,LNG,22.0,14.0,22.0,18.12
2022-07-31,DZAZW,LNG,17.0,11.0,23.0,18.75
2022-08-07,DZAZW,LNG,19.0,13.0,21.0,16.75
2022-08-14,DZAZW,LNG,15.0,13.0,24.0,17.5
2022-08-21,DZAZW,LNG,18.0,15.0,22.0,17.88
2022-08-28,DZAZW,LNG,19.0,15.0,23.0,19.25
2022-09-04,DZAZW,LNG,18.0,11.0,23.0,17.12
2022-09-11,DZAZW,LNG,20.0,14.0,23.0,18.71
2022-09-18,DZAZW,LNG,16.0,9.0,20.0,15.14
2022-09-25,DZAZW,LNG,24.0,11.0,24.0,18.71
2022-10-02,DZAZW,LNG,15.0,13.0,25.0,19.29
2022-10-09,DZAZW,LNG,21.0,11.0,23.0,17.43
2022-10-16,DZAZW,LNG,19.0,15.0,20.0,17.43
2022-10-23,DZAZW,LNG,18.0,10.0,24.0,16.86
2022-10-30,DZAZW,LNG,21.0,11.0,21.0,14.71
2022-11-06,DZAZW,LNG,15.0,7.0,25.0,15.71
2022-11-13,DZAZW,LNG,19.0,10.0,22.0,16.43
2022-11-20,DZAZW,LNG,10.0,10.0,19.0,14.14
2022-11-27,DZAZW,LNG,25.0,9.0,25.0,15.0
2022-12-04,DZAZW,LNG,15.0,11.0,20.0,15.29
2022-12-11,DZAZW,LNG,13.0,3.0,17.0,12.43
2022-12-18,DZAZW,LNG,18.0,9.0,19.0,15.0
2022-12-25,DZAZW,LNG,22.0,13.0,22.0,17.0
2023-01-01,DZAZW,LNG,20.0,10.0,22.0,16.86
2023-01-08,DZAZW,LNG,20.0,12.0,20.0,14.12
2023-01-15,DZAZW,LNG,16.0,9.0,16.0,13.12
2023-01-22,DZAZW,LNG,12.0,8.0,17.0,12.12
2023-01-29,DZAZW,LNG,16.0,2.0,19.0,12.75
2023-02-05,DZAZW,LNG,18.0,2.0,20.0,14.38
2023-02-12,DZAZW,LNG,9.0,9.0,25.0,14.75
2023-02-19,DZAZW,LNG,22.0,7.0,23.0,16.0
2023-02-26,DZAZW,LNG,11.0,9.0,28.0,15.0
2023-03-05,DZAZW,LNG,21.0,12.0,25.0,17.75
2023-03-12,DZAZW,LNG,14.0,10.0,20.0,15.12
2023-03-19,DZAZW,LNG,19.0,9.0,23.0,15.12
2023-03-26,DZAZW,LNG,17.0,12.0,26.0,18.38
2023-04-02,DZAZW,LNG,19.0,8.0,23.0,14.75
2023-04-09,DZAZW,LNG,22.0,11.0,22.0,17.62
2023-04-16,DZAZW,LNG,17.0,12.0,20.0,15.38
2023-04-23,DZAZW,LNG,22.0,9.0,22.0,15.25
2023-04-30,DZAZW,LNG,25.0,10.0,25.0,18.12
2023-05-07,DZAZW,LNG,20.0,9.0,20.0,16.5
2023-05-14,DZAZW,LNG,19.0,14.0,22.0,18.0
2023-05-21,DZAZW,LNG,12.0,12.0,22.0,17.25
2023-05-28,DZAZW,LNG,21.0,17.0,23.0,19.88
2023-06-04,DZAZW,LNG,17.0,13.0,23.0,18.62
2023-06-11,DZAZW,LNG,21.0,13.0,21.0,16.5
2023-06-18,DZAZW,LNG,16.0,10.0,26.0,17.5
2023-06-25,DZAZW,LNG,18.0,16.0,21.0,18.5
2023-07-02,DZAZW,LNG,21.0,11.0,21.0,17.62
2023-07-09,DZAZW,LNG,16.0,12.0,23.0,17.25
2023-07-16,DZAZW,LNG,21.0,10.0,23.0,18.38
2023-07-23,DZAZW,LNG,18.0,14.0,22.0,18.12
2023-07-30,DZAZW,LNG,23.0,11.0,23.0,18.75
2023-08-06,DZAZW,LNG,16.0,13.0,21.0,16.75
2023-08-13,DZAZW,LNG,24.0,13.0,24.0,17.5
2023-08-20,DZAZW,LNG,21.0,15.0,22.0,17.88
2023-08-27,DZAZW,LNG,19.0,15.0,23.0,19.25
2023-09-03,DZAZW,LNG,20.0,11.0,23.0,17.12
2023-09-10,DZAZW,LNG,23.0,14.0,23.0,18.71
2023-09-17,DZAZW,LNG,19.0,9.0,20.0,15.14
2023-09-24,DZAZW,LNG,18.0,11.0,24.0,18.71
2023-10-01,DZAZW,LNG,25.0,13.0,25.0,19.29
2023-10-08,DZAZW,LNG,22.0,11.0,23.0,17.43
2023-10-15,DZAZW,LNG,20.0,15.0,20.0,17.43
2023-10-22,DZAZW,LNG,18.0,10.0,24.0,16.86
2023-10-29,DZAZW,LNG,15.0,11.0,21.0,14.71
2023-11-05,DZAZW,LNG,15.0,7.0,25.0,15.71
2023-11-12,DZAZW,LNG,19.0,10.0,22.0,16.43
2023-11-19,DZAZW,LNG,19.0,10.0,19.0,14.14
2023-11-26,DZAZW,LNG,17.0,9.0,25.0,15.0
2023-12-03,DZAZW,LNG,11.0,11.0,20.0,15.29
2023-12-10,DZAZW,LNG,17.0,3.0,17.0,12.43
2023-12-17,DZAZW,LNG,15.0,9.0,19.0,15.0
2023-12-24,DZAZW,LNG,20.0,13.0,22.0,17.0
2023-12-31,DZAZW,LNG,19.0,10.0,22.0,16.86
2024-01-07,DZAZW,LNG,14.0,12.0,20.0,14.12
2024-01-14,DZAZW,LNG,16.0,9.0,16.0,13.12
2024-01-21,DZAZW,LNG,14.0,8.0,17.0,12.12
2024-01-28,DZAZW,LNG,19.0,2.0,19.0,12.75
2024-02-04,DZAZW,LNG,20.0,2.0,20.0,14.38
2024-02-11,DZAZW,LNG,13.0,9.0,25.0,14.75
2024-02-18,DZAZW,LNG,19.0,7.0,23.0,16.0
2024-02-25,DZAZW,LNG,10.0,9.0,28.0,15.0
2024-03-03,DZAZW,LNG,12.0,12.0,25.0,17.75
2024-03-10,DZAZW,LNG,19.0,10.0,20.0,15.12
2024-03-17,DZAZW,LNG,23.0,9.0,23.0,15.12
2024-03-24,DZAZW,LNG,21.0,12.0,26.0,18.38
2024-03-31,DZAZW,LNG,10.0,8.0,23.0,14.75
2024-04-07,DZAZW,LNG,22.0,11.0,22.0,17.62
2024-04-14,DZAZW,LNG,16.0,12.0,20.0,15.38
2024-04-21,DZAZW,LNG,17.0,9.0,22.0,15.25
2024-04-28,DZAZW,LNG,20.0,10.0,25.0,18.12
2024-05-05,DZAZW,LNG,19.0,9.0,20.0,16.5
2024-05-12,DZAZW,LNG,20.0,14.0,22.0,18.0
2024-05-19,DZAZW,LNG,19.0,12.0,22.0,17.25
2024-05-26,DZAZW,LNG,22.0,17.0,23.0,19.88
2024-06-02,DZAZW,LNG,16.0,13.0,23.0,18.62
2024-06-09,DZAZW,LNG,18.0,13.0,21.0,16.5
2024-06-16,DZAZW,LNG,23.0,10.0,26.0,17.5
2024-06-23,DZAZW,LNG,19.0,16.0,21.0,18.5
2024-06-30,DZAZW,LNG,18.0,11.0,21.0,17.62
2024-07-07,DZAZW,LNG,21.0,12.0,23.0,17.25
2024-07-14,DZAZW,LNG,22.0,10.0,23.0,18.38
2024-07-21,DZAZW,LNG,18.0,14.0,22.0,18.12
2024-07-28,DZAZW,LNG,16.0,11.0,23.0,18.75
2024-08-04,DZAZW,LNG,21.0,13.0,21.0,16.75
2024-08-11,DZAZW,LNG,13.0,13.0,24.0,17.5
2024-08-18,DZAZW,LNG,18.0,15.0,22.0,17.88
2024-08-25,DZAZW,LNG,23.0,15.0,23.0,19.25
2024-09-01,DZAZW,LNG,23.0,11.0,23.0,17.12
2024-09-08,DZAZW,LNG,18.0,14.0,23.0,18.71
2024-09-15,DZAZW,LNG,16.0,9.0,20.0,15.14
2024-09-22,DZAZW,LNG,22.0,11.0,24.0,18.71
2024-09-29,DZAZW,LNG,22.0,13.0,25.0,19.29
2024-10-06,DZAZW,LNG,23.0,11.0,23.0,17.43
2024-10-13,DZAZW,LNG,15.0,15.0,20.0,17.43
2024-10-20,DZAZW,LNG,19.0,10.0,24.0,16.86
2024-10-27,DZAZW,LNG,14.0,11.0,21.0,14.71
2024-11-03,DZAZW,LNG,22.0,7.0,25.0,15.71
2024-11-10,DZAZW,LNG,15.0,10.0,22.0,16.43
2024-11-17,DZAZW,LNG,19.0,10.0,19.0,14.14
2024-11-24,DZAZW,LNG,16.0,9.0,25.0,15.0
2024-12-01,DZAZW,LNG,20.0,11.0,20.0,15.29
2024-12-08,DZAZW,LNG,17.0,3.0,17.0,12.43
2024-12-15,DZAZW,LNG,19.0,9.0,19.0,15.0
2024-12-22,DZAZW,LNG,18.0,13.0,22.0,17.0
2024-12-29,DZAZW,LNG,18.0,10.0,22.0,16.86
2025-01-05,DZAZW,LNG,15.0,12.0,20.0,14.12
2025-01-12,DZAZW,LNG,13.0,9.0,16.0,13.12
2025-01-19,DZAZW,LNG,11.0,8.0,17.0,12.12
2025-01-26,DZAZW,LNG,17.0,2.0,19.0,12.75
2025-02-02,DZAZW,LNG,15.0,2.0,20.0,14.38
2025-02-09,DZAZW,LNG,17.0,9.0,25.0,14.75
2025-02-16,DZAZW,LNG,19.0,7.0,23.0,16.0
2025-02-23,DZAZW,LNG,17.0,9.0,28.0,15.0
2025-03-02,DZAZW,LNG,25.0,12.0,25.0,17.75
2025-03-09,DZAZW,LNG,20.0,10.0,20.0,15.12
2025-03-16,DZAZW,LNG,12.0,9.0,23.0,15.12
2025-03-23,DZAZW,LNG,17.0,12.0,26.0,18.38
2025-03-30,DZAZW,LNG,23.0,8.0,23.0,14.75
2025-04-06,DZAZW,LNG,15.0,11.0,22.0,17.62
2025-04-13,DZAZW,LNG,20.0,12.0,20.0,15.38
2025-04-20,DZAZW,LNG,9.0,9.0,22.0,15.25
2025-04-27,DZAZW,LNG,24.0,10.0,25.0,18.12
2025-05-04,DZAZW,LNG,20.0,9.0,20.0,16.5
2025-05-11,DZAZW,LNG,22.0,14.0,22.0,18.0
2025-05-18,DZAZW,LNG,22.0,12.0,22.0,17.25
2025-05-25,DZAZW,LNG,17.0,17.0,23.0,19.88
2025-06-01,DZAZW,LNG,23.0,13.0,23.0,18.62
2025-06-08,DZAZW,LNG,16.0,13.0,21.0,16.5
2025-06-15,DZAZW,LNG,26.0,10.0,26.0,17.5
2025-06-22,DZAZW,LNG,20.0,16.0,21.0,18.5
2025-06-29,DZAZW,LNG,16.0,11.0,21.0,17.62
2025-07-06,DZAZW,LNG,14.0,12.0,23.0,17.25
2025-07-13,DZAZW,LNG,20.0,10.0,23.0,18.38
2025-07-20,DZAZW,LNG,20.0,14.0,22.0,18.12
2025-07-27,DZAZW,LNG,22.0,11.0,23.0,18.75
2025-08-03,DZAZW,LNG,16.0,13.0,21.0,16.75
2025-08-10,DZAZW,LNG,18.0,13.0,24.0,17.5
2025-08-17,DZAZW,LNG,22.0,15.0,22.0,17.88
2025-08-24,DZAZW,LNG,20.0,15.0,23.0,19.25
2025-08-31,DZAZW,LNG,19.0,11.0,23.0,17.12
2025-09-07,DZAZW,LNG,17.0,14.0,23.0,18.71
2025-09-14,DZAZW,LNG,20.0,9.0,20.0,15.14
2025-09-21,DZAZW,LNG,19.0,11.0,24.0,18.71
2025-09-28,DZAZW,LNG,21.0,13.0,25.0,19.29
2025-10-05,DZAZW,LNG,17.0,11.0,23.0,17.43
2025-10-12,DZAZW,LNG,20.0,15.0,20.0,17.43
2025-10-19,DZAZW,LNG,24.0,10.0,24.0,16.86
2025-10-26,DZAZW,LNG,14.0,11.0,21.0,14.71
2025-11-02,DZAZW,LNG,25.0,7.0,25.0,15.71
2025-11-09,DZAZW,LNG,22.0,10.0,22.0,16.43
2025-11-16,DZAZW,LNG,15.0,10.0,19.0,14.14
2025-11-23,DZAZW,LNG,14.0,9.0,25.0,15.0
2025-11-30,DZAZW,LNG,20.0,11.0,20.0,15.29
2025-12-07,DZAZW,LNG,13.0,3.0,17.0,12.43
2025-12-14,DZAZW,LNG,18.0,9.0,19.0,15.0
2025-12-21,DZAZW,LNG,17.0,13.0,22.0,17.0
2025-12-28,DZAZW,LNG,10.0,10.0,22.0,16.86
2026-01-04,DZAZW,LNG,15.0,12.0,20.0,14.12
2026-01-11,DZAZW,LNG,14.0,9.0,16.0,13.12
2026-01-18,DZAZW,LNG,17.0,8.0,17.0,12.12
2026-01-25,DZAZW,LNG,2.0,2.0,19.0,12.75
2026-02-01,DZAZW,LNG,10.0,2.0,20.0,14.38
2026-02-08,DZAZW,LNG,15.0,9.0,25.0,14.75
2026-02-15,DZAZW,LNG,7.0,7.0,23.0,16.0
2026-02-22,DZAZW,LNG,28.0,9.0,28.0,15.0
2026-03-01,DZAZW,LNG,23.0,12.0,25.0,17.75
2026-03-08,DZAZW,LNG,19.0,10.0,20.0,15.12
2026-03-15,DZAZW,LNG,16.0,9.0,23.0,15.12
2026-03-22,DZAZW,LNG,21.0,12.0,26.0,18.38
2026-03-29,DZAZW,LNG,16.0,8.0,23.0,14.75
2026-04-05,DZAZW,LNG,17.0,11.0,22.0,17.62
2026-04-12,DZAZW,LNG,14.0,12.0,20.0,15.38
2026-04-19,DZAZW,LNG,17.0,9.0,22.0,15.25
2026-04-26,DZAZW,LNG,20.0,10.0,25.0,18.12
2026-05-03,DZAZW,LNG,9.0,9.0,20.0,16.5
2026-05-10,DZAZW,LNG,14.0,14.0,22.0,18.0
2026-05-17,DZAZW,LNG,14.0,12.0,22.0,17.25
2026-05-24,DZAZW,LNG,19.0,17.0,23.0,19.88
2026-05-31,DZAZW,LNG,22.0,13.0,23.0,18.62
2026-06-07,DZAZW,LNG,19.0,13.0,21.0,16.5
2026-06-14,DZAZW,LNG,15.0,10.0,26.0,17.5
2026-06-21,DZAZW,LNG,20.0,16.0,21.0,18.5
2026-06-28,DZAZW,LNG,21.0,11.0,21.0,17.62
2026-07-05,DZAZW,LNG,17.0,12.0,23.0,17.25
2026-07-12,DZAZW,LNG,15.0,10.0,23.0,18.38
2026-07-19,DZAZW,LNG,17.0,14.0,22.0,18.12
2026-07-26,DZAZW,LNG,16.0,11.0,23.0,18.75
2026-08-02,DZAZW,LNG,17.0,13.0,21.0,16.75
2026-08-09,DZAZW,LNG,19.0,13.0,24.0,17.5
2026-08-16,DZAZW,LNG,15.0,15.0,22.0,17.88
2026-08-23,DZAZW,LNG,22.0,15.0,23.0,19.25
2026-08-30,DZAZW,LNG,15.0,11.0,23.0,17.12
2019-01-06,MYBTU,LNG,2.0,1.0,12.0,7.25
2019-01-13,MYBTU,LNG,1.0,1.0,16.0,7.88
2019-01-20,MYBTU,LNG,4.0,2.0,15.0,8.12
2019-01-27,MYBTU,LNG,2.0,2.0,16.0,8.62
2019-02-03,MYBTU,LNG,2.0,2.0,17.0,8.0
2019-02-10,MYBTU,LNG,2.0,2.0,20.0,9.0
2019-02-17,MYBTU,LNG,2.0,2.0,20.0,8.25
2019-02-24,MYBTU,LNG,4.0,3.0,24.0,9.75
2019-03-03,MYBTU,LNG,3.0,2.0,23.0,9.12
2019-03-10,MYBTU,LNG,2.0,2.0,21.0,9.25
2019-03-17,MYBTU,LNG,8.0,4.0,20.0,10.5
2019-03-24,MYBTU,LNG,3.0,1.0,21.0,8.12
2019-03-31,MYBTU,LNG,4.0,3.0,19.0,8.5
2019-04-07,MYBTU,LNG,1.0,1.0,24.0,8.38
2019-04-14,MYBTU,LNG,3.0,2.0,17.0,8.38
2019-04-21,MYBTU,LNG,4.0,4.0,20.0,8.88
2019-04-28,MYBTU,LNG,5.0,1.0,20.0,9.5
2019-05-05,MYBTU,LNG,1.0,1.0,24.0,8.38
2019-05-12,MYBTU,LNG,6.0,1.0,12.0,6.0
2019-05-19,MYBTU,LNG,4.0,2.0,13.0,8.5
2019-05-26,MYBTU,LNG,3.0,2.0,14.0,7.12
2019-06-02,MYBTU,LNG,2.0,2.0,19.0,8.0
2019-06-09,MYBTU,LNG,3.0,3.0,23.0,9.5
2019-06-16,MYBTU,LNG,5.0,2.0,22.0,9.62
2019-06-23,MYBTU,LNG,2.0,2.0,24.0,8.88
2019-06-30,MYBTU,LNG,4.0,2.0,21.0,8.75
2019-07-07,MYBTU,LNG,4.0,4.0,23.0,11.0
2019-07-14,MYBTU,LNG,6.0,2.0,23.0,10.62
2019-07-21,MYBTU,LNG,3.0,3.0,20.0,10.75
2019-07-28,MYBTU,LNG,5.0,1.0,23.0,10.62
2019-08-04,MYBTU,LNG,4.0,4.0,20.0,10.75
2019-08-11,MYBTU,LNG,4.0,3.0,20.0,10.0
2019-08-18,MYBTU,LNG,2.0,2.0,24.0,10.5
2019-08-25,MYBTU,LNG,2.0,2.0,22.0,10.25
2019-09-01,MYBTU,LNG,7.0,3.0,20.0,10.12
2019-09-08,MYBTU,LNG,1.0,1.0,24.0,9.86
2019-09-15,MYBTU,LNG,7.0,3.0,21.0,9.86
2019-09-22,MYBTU,LNG,4.0,4.0,21.0,9.14
2019-09-29,MYBTU,LNG,2.0,2.0,20.0,9.0
2019-10-06,MYBTU,LNG,2.0,2.0,19.0,9.29
2019-10-13,MYBTU,LNG,1.0,1.0,14.0,7.86
2019-10-20,MYBTU,LNG,4.0,2.0,16.0,7.86
2019-10-27,MYBTU,LNG,3.0,3.0,19.0,9.14
2019-11-03,MYBTU,LNG,3.0,3.0,18.0,8.86
2019-11-10,MYBTU,LNG,4.0,2.0,19.0,8.86
2019-11-17,MYBTU,LNG,5.0,1.0,14.0,7.86
2019-11-24,MYBTU,LNG,4.0,3.0,19.0,9.57
2019-12-01,MYBTU,LNG,4.0,4.0,12.0,8.86
2019-12-08,MYBTU,LNG,3.0,2.0,14.0,8.0
2019-12-15,MYBTU,LNG,1.0,1.0,15.0,6.57
2019-12-22,MYBTU,LNG,3.0,3.0,13.0,9.57
2019-12-29,MYBTU,LNG,2.0,0.0,18.0,8.29
2020-01-05,MYBTU,LNG,1.0,1.0,12.0,7.25
2020-01-12,MYBTU,LNG,3.0,1.0,16.0,7.88
2020-01-19,MYBTU,LNG,2.0,2.0,15.0,8.12
2020-01-26,MYBTU,LNG,4.0,2.0,16.0,8.62
2020-02-02,MYBTU,LNG,5.0,2.0,17.0,8.0
2020-02-09,MYBTU,LNG,3.0,2.0,20.0,9.0
2020-02-16,MYBTU,LNG,4.0,2.0,20.0,8.25
2020-02-23,MYBTU,LNG,4.0,3.0,24.0,9.75
2020-03-01,MYBTU,LNG,2.0,2.0,23.0,9.12
2020-03-08,MYBTU,LNG,2.0,2.0,21.0,9.25
2020-03-15,MYBTU,LNG,4.0,4.0,20.0,10.5
2020-03-22,MYBTU,LNG,1.0,1.0,21.0,8.12
2020-03-29,MYBTU,LNG,4.0,3.0,19.0,8.5
2020-04-05,MYBTU,LNG,2.0,1.0,24.0,8.38
2020-04-12,MYBTU,LNG,4.0,2.0,17.0,8.38
2020-04-19,MYBTU,LNG,4.0,4.0,20.0,8.88
2020-04-26,MYBTU,LNG,1.0,1.0,20.0,9.5
2020-05-03,MYBTU,LNG,5.0,1.0,24.0,8.38
2020-05-10,MYBTU,LNG,1.0,1.0,12.0,6.0
2020-05-17,MYBTU,LNG,2.0,2.0,13.0,8.5
2020-05-24,MYBTU,LNG,2.0,2.0,14.0,7.12
2020-05-31,MYBTU,LNG,3.0,2.0,19.0,8.0
2020-06-07,MYBTU,LNG,3.0,3.0,23.0,9.5
2020-06-14,MYBTU,LNG,2.0,2.0,22.0,9.62
2020-06-21,MYBTU,LNG,5.0,2.0,24.0,8.88
2020-06-28,MYBTU,LNG,2.0,2.0,21.0,8.75
2020-07-05,MYBTU,LNG,4.0,4.0,23.0,11.0
2020-07-12,MYBTU,LNG,2.0,2.0,23.0,10.62
2020-07-19,MYBTU,LNG,5.0,3.0,20.0,10.75
2020-07-26,MYBTU,LNG,1.0,1.0,23.0,10.62
2020-08-02,MYBTU,LNG,4.0,4.0,20.0,10.75
2020-08-09,MYBTU,LNG,3.0,3.0,20.0,10.0
2020-08-16,MYBTU,LNG,4.0,2.0,24.0,10.5
2020-08-23,MYBTU,LNG,3.0,2.0,22.0,10.25
2020-08-30,MYBTU,LNG,3.0,3.0,20.0,10.12
2020-09-06,MYBTU,LNG,3.0,1.0,24.0,9.86
2020-09-13,MYBTU,LNG,4.0,3.0,21.0,9.86
2020-09-20,MYBTU,LNG,4.0,4.0,21.0,9.14
2020-09-27,MYBTU,LNG,5.0,2.0,20.0,9.0
2020-10-04,MYBTU,LNG,3.0,2.0,19.0,9.29
2020-10-11,MYBTU,LNG,5.0,1.0,14.0,7.86
2020-10-18,MYBTU,LNG,2.0,2.0,16.0,7.86
2020-10-25,MYBTU,LNG,4.0,3.0,19.0,9.14
2020-11-01,MYBTU,LNG,3.0,3.0,18.0,8.86
2020-11-08,MYBTU,LNG,2.0,2.0,19.0,8.86
2020-11-15,MYBTU,LNG,1.0,1.0,14.0,7.86
2020-11-22,MYBTU,LNG,5.0,3.0,19.0,9.57
2020-11-29,MYBTU,LNG,6.0,4.0,12.0,8.86
2020-12-06,MYBTU,LNG,3.0,2.0,14.0,8.0
2020-12-13,MYBTU,LNG,5.0,1.0,15.0,6.57
2020-12-20,MYBTU,LNG,4.0,3.0,13.0,9.57
2020-12-27,MYBTU,LNG,0.0,0.0,18.0,8.29
2021-01-03,MYBTU,LNG,3.0,2.4,3.6,3.0
2021-01-10,MYBTU,LNG,1.0,1.0,12.0,7.25
2021-01-17,MYBTU,LNG,4.0,1.0,16.0,7.88
2021-01-24,MYBTU,LNG,3.0,2.0,15.0,8.12
2021-01-31,MYBTU,LNG,4.0,2.0,16.0,8.62
2021-02-07,MYBTU,LNG,4.0,2.0,17.0,8.0
2021-02-14,MYBTU,LNG,2.0,2.0,20.0,9.0
2021-02-21,MYBTU,LNG,2.0,2.0,20.0,8.25
2021-02-28,MYBTU,LNG,3.0,3.0,24.0,9.75
2021-03-07,MYBTU,LNG,6.0,2.0,23.0,9.12
2021-03-14,MYBTU,LNG,3.0,2.0,21.0,9.25
2021-03-21,MYBTU,LNG,6.0,4.0,20.0,10.5
2021-03-28,MYBTU,LNG,4.0,1.0,21.0,8.12
2021-04-04,MYBTU,LNG,5.0,3.0,19.0,8.5
2021-04-11,MYBTU,LNG,5.0,1.0,24.0,8.38
2021-04-18,MYBTU,LNG,2.0,2.0,17.0,8.38
2021-04-25,MYBTU,LNG,5.0,4.0,20.0,8.88
2021-05-02,MYBTU,LNG,6.0,1.0,20.0,9.5
2021-05-09,MYBTU,LNG,3.0,1.0,24.0,8.38
2021-05-16,MYBTU,LNG,6.0,1.0,12.0,6.0
2021-05-23,MYBTU,LNG,8.0,2.0,13.0,8.5
2021-05-30,MYBTU,LNG,3.0,2.0,14.0,7.12
2021-06-06,MYBTU,LNG,3.0,2.0,19.0,8.0
2021-06-13,MYBTU,LNG,9.0,3.0,23.0,9.5
2021-06-20,MYBTU,LNG,5.0,2.0,22.0,9.62
2021-06-27,MYBTU,LNG,7.0,2.0,24.0,8.88
2021-07-04,MYBTU,LNG,9.0,2.0,21.0,8.75
2021-07-11,MYBTU,LNG,5.0,4.0,23.0,11.0
2021-07-18,MYBTU,LNG,4.0,2.0,23.0,10.62
2021-07-25,MYBTU,LNG,6.0,3.0,20.0,10.75
2021-08-01,MYBTU,LNG,5.0,1.0,23.0,10.62
2021-08-08,MYBTU,LNG,7.0,4.0,20.0,10.75
2021-08-15,MYBTU,LNG,5.0,3.0,20.0,10.0
2021-08-22,MYBTU,LNG,5.0,2.0,24.0,10.5
2021-08-29,MYBTU,LNG,4.0,2.0,22.0,10.25
2021-09-05,MYBTU,LNG,5.0,3.0,20.0,10.12
2021-09-12,MYBTU,LNG,6.0,1.0,24.0,9.86
2021-09-19,MYBTU,LNG,3.0,3.0,21.0,9.86
2021-09-26,MYBTU,LNG,4.0,4.0,21.0,9.14
2021-10-03,MYBTU,LNG,5.0,2.0,20.0,9.0
2021-10-10,MYBTU,LNG,3.0,2.0,19.0,9.29
2021-10-17,MYBTU,LNG,4.0,1.0,14.0,7.86
2021-10-24,MYBTU,LNG,7.0,2.0,16.0,7.86
2021-10-31,MYBTU,LNG,6.0,3.0,19.0,9.14
2021-11-07,MYBTU,LNG,6.0,3.0,18.0,8.86
2021-11-14,MYBTU,LNG,4.0,2.0,19.0,8.86
2021-11-21,MYBTU,LNG,6.0,1.0,14.0,7.86
2021-11-28,MYBTU,LNG,3.0,3.0,19.0,9.57
2021-12-05,MYBTU,LNG,10.0,4.0,12.0,8.86
2021-12-12,MYBTU,LNG,2.0,2.0,14.0,8.0
2021-12-19,MYBTU,LNG,5.0,1.0,15.0,6.57
2021-12-26,MYBTU,LNG,12.0,3.0,13.0,9.57
2022-01-02,MYBTU,LNG,4.0,0.0,18.0,8.29
2022-01-09,MYBTU,LNG,8.0,1.0,12.0,7.25
2022-01-16,MYBTU,LNG,6.0,1.0,16.0,7.88
2022-01-23,MYBTU,LNG,6.0,2.0,15.0,8.12
2022-01-30,MYBTU,LNG,7.0,2.0,16.0,8.62
2022-02-06,MYBTU,LNG,5.0,2.0,17.0,8.0
2022-02-13,MYBTU,LNG,7.0,2.0,20.0,9.0
2022-02-20,MYBTU,LNG,8.0,2.0,20.0,8.25
2022-02-27,MYBTU,LNG,7.0,3.0,24.0,9.75
2022-03-06,MYBTU,LNG,3.0,2.0,23.0,9.12
2022-03-13,MYBTU,LNG,10.0,2.0,21.0,9.25
2022-03-20,MYBTU,LNG,6.0,4.0,20.0,10.5
2022-03-27,MYBTU,LNG,7.0,1.0,21.0,8.12
2022-04-03,MYBTU,LNG,3.0,3.0,19.0,8.5
2022-04-10,MYBTU,LNG,5.0,1.0,24.0,8.38
2022-04-17,MYBTU,LNG,9.0,2.0,17.0,8.38
2022-04-24,MYBTU,LNG,9.0,4.0,20.0,8.88
2022-05-01,MYBTU,LNG,8.0,1.0,20.0,9.5
2022-05-08,MYBTU,LNG,7.0,1.0,24.0,8.38
2022-05-15,MYBTU,LNG,3.0,1.0,12.0,6.0
2022-05-22,MYBTU,LNG,9.0,2.0,13.0,8.5
2022-05-29,MYBTU,LNG,6.0,2.0,14.0,7.12
2022-06-05,MYBTU,LNG,7.0,2.0,19.0,8.0
2022-06-12,MYBTU,LNG,5.0,3.0,23.0,9.5
2022-06-19,MYBTU,LNG,10.0,2.0,22.0,9.62
2022-06-26,MYBTU,LNG,4.0,2.0,24.0,8.88
2022-07-03,MYBTU,LNG,4.0,2.0,21.0,8.75
2022-07-10,MYBTU,LNG,7.0,4.0,23.0,11.0
2022-07-17,MYBTU,LNG,7.0,2.0,23.0,10.62
2022-07-24,MYBTU,LNG,13.0,3.0,20.0,10.75
2022-07-31,MYBTU,LNG,19.0,1.0,23.0,10.62
2022-08-07,MYBTU,LNG,15.0,4.0,20.0,10.75
2022-08-14,MYBTU,LNG,20.0,3.0,20.0,10.0
2022-08-21,MYBTU,LNG,13.0,2.0,24.0,10.5
2022-08-28,MYBTU,LNG,16.0,2.0,22.0,10.25
2022-09-04,MYBTU,LNG,20.0,3.0,20.0,10.12
2022-09-11,MYBTU,LNG,20.0,1.0,24.0,9.86
2022-09-18,MYBTU,LNG,18.0,3.0,21.0,9.86
2022-09-25,MYBTU,LNG,16.0,4.0,21.0,9.14
2022-10-02,MYBTU,LNG,14.0,2.0,20.0,9.0
2022-10-09,MYBTU,LNG,15.0,2.0,19.0,9.29
2022-10-16,MYBTU,LNG,14.0,1.0,14.0,7.86
2022-10-23,MYBTU,LNG,16.0,2.0,16.0,7.86
2022-10-30,MYBTU,LNG,19.0,3.0,19.0,9.14
2022-11-06,MYBTU,LNG,18.0,3.0,18.0,8.86
2022-11-13,MYBTU,LNG,16.0,2.0,19.0,8.86
2022-11-20,MYBTU,LNG,14.0,1.0,14.0,7.86
2022-11-27,MYBTU,LNG,19.0,3.0,19.0,9.57
2022-12-04,MYBTU,LNG,12.0,4.0,12.0,8.86
2022-12-11,MYBTU,LNG,14.0,2.0,14.0,8.0
2022-12-18,MYBTU,LNG,15.0,1.0,15.0,6.57
2022-12-25,MYBTU,LNG,13.0,3.0,13.0,9.57
2023-01-01,MYBTU,LNG,18.0,0.0,18.0,8.29
2023-01-08,MYBTU,LNG,12.0,1.0,12.0,7.25
2023-01-15,MYBTU,LNG,16.0,1.0,16.0,7.88
2023-01-22,MYBTU,LNG,15.0,2.0,15.0,8.12
2023-01-29,MYBTU,LNG,16.0,2.0,16.0,8.62
2023-02-05,MYBTU,LNG,13.0,2.0,17.0,8.0
2023-02-12,MYBTU,LNG,17.0,2.0,20.0,9.0
2023-02-19,MYBTU,LNG,13.0,2.0,20.0,8.25
2023-02-26,MYBTU,LNG,13.0,3.0,24.0,9.75
2023-03-05,MYBTU,LNG,16.0,2.0,23.0,9.12
2023-03-12,MYBTU,LNG,16.0,2.0,21.0,9.25
2023-03-19,MYBTU,LNG,15.0,4.0,20.0,10.5
2023-03-26,MYBTU,LNG,14.0,1.0,21.0,8.12
2023-04-02,MYBTU,LNG,17.0,3.0,19.0,8.5
2023-04-09,MYBTU,LNG,13.0,1.0,24.0,8.38
2023-04-16,MYBTU,LNG,14.0,2.0,17.0,8.38
2023-04-23,MYBTU,LNG,7.0,4.0,20.0,8.88
2023-04-30,MYBTU,LNG,11.0,1.0,20.0,9.5
2023-05-07,MYBTU,LNG,10.0,1.0,24.0,8.38
2023-05-14,MYBTU,LNG,12.0,1.0,12.0,6.0
2023-05-21,MYBTU,LNG,12.0,2.0,13.0,8.5
2023-05-28,MYBTU,LNG,14.0,2.0,14.0,7.12
2023-06-04,MYBTU,LNG,12.0,2.0,19.0,8.0
2023-06-11,MYBTU,LNG,6.0,3.0,23.0,9.5
2023-06-18,MYBTU,LNG,7.0,2.0,22.0,9.62
2023-06-25,MYBTU,LNG,5.0,2.0,24.0,8.88
2023-07-02,MYBTU,LNG,9.0,2.0,21.0,8.75
2023-07-09,MYBTU,LNG,8.0,4.0,23.0,11.0
2023-07-16,MYBTU,LNG,6.0,2.0,23.0,10.62
2023-07-23,MYBTU,LNG,9.0,3.0,20.0,10.75
2023-07-30,MYBTU,LNG,5.0,1.0,23.0,10.62
2023-08-06,MYBTU,LNG,8.0,4.0,20.0,10.75
2023-08-13,MYBTU,LNG,6.0,3.0,20.0,10.0
2023-08-20,MYBTU,LNG,10.0,2.0,24.0,10.5
2023-08-27,MYBTU,LNG,7.0,2.0,22.0,10.25
2023-09-03,MYBTU,LNG,6.0,3.0,20.0,10.12
2023-09-10,MYBTU,LNG,4.0,1.0,24.0,9.86
2023-09-17,MYBTU,LNG,10.0,3.0,21.0,9.86
2023-09-24,MYBTU,LNG,4.0,4.0,21.0,9.14
2023-10-01,MYBTU,LNG,11.0,2.0,20.0,9.0
2023-10-08,MYBTU,LNG,7.0,2.0,19.0,9.29
2023-10-15,MYBTU,LNG,10.0,1.0,14.0,7.86
2023-10-22,MYBTU,LNG,5.0,2.0,16.0,7.86
2023-10-29,MYBTU,LNG,12.0,3.0,19.0,9.14
2023-11-05,MYBTU,LNG,9.0,3.0,18.0,8.86
2023-11-12,MYBTU,LNG,10.0,2.0,19.0,8.86
2023-11-19,MYBTU,LNG,12.0,1.0,14.0,7.86
2023-11-26,MYBTU,LNG,8.0,3.0,19.0,9.57
2023-12-03,MYBTU,LNG,10.0,4.0,12.0,8.86
2023-12-10,MYBTU,LNG,11.0,2.0,14.0,8.0
2023-12-17,MYBTU,LNG,8.0,1.0,15.0,6.57
2023-12-24,MYBTU,LNG,12.0,3.0,13.0,9.57
2023-12-31,MYBTU,LNG,10.0,0.0,18.0,8.29
2024-01-07,MYBTU,LNG,12.0,1.0,12.0,7.25
2024-01-14,MYBTU,LNG,11.0,1.0,16.0,7.88
2024-01-21,MYBTU,LNG,14.0,2.0,15.0,8.12
2024-01-28,MYBTU,LNG,10.0,2.0,16.0,8.62
2024-02-04,MYBTU,LNG,12.0,2.0,17.0,8.0
2024-02-11,MYBTU,LNG,10.0,2.0,20.0,9.0
2024-02-18,MYBTU,LNG,7.0,2.0,20.0,8.25
2024-02-25,MYBTU,LNG,12.0,3.0,24.0,9.75
2024-03-03,MYBTU,LNG,11.0,2.0,23.0,9.12
2024-03-10,MYBTU,LNG,10.0,2.0,21.0,9.25
2024-03-17,MYBTU,LNG,12.0,4.0,20.0,10.5
2024-03-24,MYBTU,LNG,8.0,1.0,21.0,8.12
2024-03-31,MYBTU,LNG,6.0,3.0,19.0,8.5
2024-04-07,MYBTU,LNG,7.0,1.0,24.0,8.38
2024-04-14,MYBTU,LNG,9.0,2.0,17.0,8.38
2024-04-21,MYBTU,LNG,13.0,4.0,20.0,8.88
2024-04-28,MYBTU,LNG,11.0,1.0,20.0,9.5
2024-05-05,MYBTU,LNG,10.0,1.0,24.0,8.38
2024-05-12,MYBTU,LNG,6.0,1.0,12.0,6.0
2024-05-19,MYBTU,LNG,11.0,2.0,13.0,8.5
2024-05-26,MYBTU,LNG,11.0,2.0,14.0,7.12
2024-06-02,MYBTU,LNG,5.0,2.0,19.0,8.0
2024-06-09,MYBTU,LNG,9.0,3.0,23.0,9.5
2024-06-16,MYBTU,LNG,8.0,2.0,22.0,9.62
2024-06-23,MYBTU,LNG,11.0,2.0,24.0,8.88
2024-06-30,MYBTU,LNG,6.0,2.0,21.0,8.75
2024-07-07,MYBTU,LNG,23.0,4.0,23.0,11.0
2024-07-14,MYBTU,LNG,23.0,2.0,23.0,10.62
2024-07-21,MYBTU,LNG,20.0,3.0,20.0,10.75
2024-07-28,MYBTU,LNG,23.0,1.0,23.0,10.62
2024-08-04,MYBTU,LNG,15.0,4.0,20.0,10.75
2024-08-11,MYBTU,LNG,19.0,3.0,20.0,10.0
2024-08-18,MYBTU,LNG,24.0,2.0,24.0,10.5
2024-08-25,MYBTU,LNG,19.0,2.0,22.0,10.25
2024-09-01,MYBTU,LNG,17.0,3.0,20.0,10.12
2024-09-08,MYBTU,LNG,24.0,1.0,24.0,9.86
2024-09-15,MYBTU,LNG,21.0,3.0,21.0,9.86
2024-09-22,MYBTU,LNG,21.0,4.0,21.0,9.14
2024-09-29,MYBTU,LNG,20.0,2.0,20.0,9.0
2024-10-06,MYBTU,LNG,19.0,2.0,19.0,9.29
2024-10-13,MYBTU,LNG,13.0,1.0,14.0,7.86
2024-10-20,MYBTU,LNG,13.0,2.0,16.0,7.86
2024-10-27,MYBTU,LNG,8.0,3.0,19.0,9.14
2024-11-03,MYBTU,LNG,14.0,3.0,18.0,8.86
2024-11-10,MYBTU,LNG,19.0,2.0,19.0,8.86
2024-11-17,MYBTU,LNG,7.0,1.0,14.0,7.86
2024-11-24,MYBTU,LNG,14.0,3.0,19.0,9.57
2024-12-01,MYBTU,LNG,12.0,4.0,12.0,8.86
2024-12-08,MYBTU,LNG,9.0,2.0,14.0,8.0
2024-12-15,MYBTU,LNG,10.0,1.0,15.0,6.57
2024-12-22,MYBTU,LNG,11.0,3.0,13.0,9.57
2024-12-29,MYBTU,LNG,13.0,0.0,18.0,8.29
2025-01-05,MYBTU,LNG,12.0,1.0,12.0,7.25
2025-01-12,MYBTU,LNG,14.0,1.0,16.0,7.88
2025-01-19,MYBTU,LNG,10.0,2.0,15.0,8.12
2025-01-26,MYBTU,LNG,14.0,2.0,16.0,8.62
2025-02-02,MYBTU,LNG,17.0,2.0,17.0,8.0
2025-02-09,MYBTU,LNG,20.0,2.0,20.0,9.0
2025-02-16,MYBTU,LNG,20.0,2.0,20.0,8.25
2025-02-23,MYBTU,LNG,24.0,3.0,24.0,9.75
2025-03-02,MYBTU,LNG,23.0,2.0,23.0,9.12
2025-03-09,MYBTU,LNG,21.0,2.0,21.0,9.25
2025-03-16,MYBTU,LNG,20.0,4.0,20.0,10.5
2025-03-23,MYBTU,LNG,21.0,1.0,21.0,8.12
2025-03-30,MYBTU,LNG,19.0,3.0,19.0,8.5
2025-04-06,MYBTU,LNG,24.0,1.0,24.0,8.38
2025-04-13,MYBTU,LNG,17.0,2.0,17.0,8.38
2025-04-20,MYBTU,LNG,20.0,4.0,20.0,8.88
2025-04-27,MYBTU,LNG,20.0,1.0,20.0,9.5
2025-05-04,MYBTU,LNG,24.0,1.0,24.0,8.38
2025-05-11,MYBTU,LNG,9.0,1.0,12.0,6.0
2025-05-18,MYBTU,LNG,13.0,2.0,13.0,8.5
2025-05-25,MYBTU,LNG,13.0,2.0,14.0,7.12
2025-06-01,MYBTU,LNG,13.0,2.0,19.0,8.0
2025-06-08,MYBTU,LNG,23.0,3.0,23.0,9.5
2025-06-15,MYBTU,LNG,18.0,2.0,22.0,9.62
2025-06-22,MYBTU,LNG,24.0,2.0,24.0,8.88
2025-06-29,MYBTU,LNG,15.0,2.0,21.0,8.75
2025-07-06,MYBTU,LNG,23.0,4.0,23.0,11.0
2025-07-13,MYBTU,LNG,18.0,2.0,23.0,10.62
2025-07-20,MYBTU,LNG,15.0,3.0,20.0,10.75
2025-07-27,MYBTU,LNG,9.0,1.0,23.0,10.62
2025-08-03,MYBTU,LNG,13.0,4.0,20.0,10.75
2025-08-10,MYBTU,LNG,6.0,3.0,20.0,10.0
2025-08-17,MYBTU,LNG,12.0,2.0,24.0,10.5
2025-08-24,MYBTU,LNG,9.0,2.0,22.0,10.25
2025-08-31,MYBTU,LNG,11.0,3.0,20.0,10.12
2025-09-07,MYBTU,LNG,11.0,1.0,24.0,9.86
2025-09-14,MYBTU,LNG,6.0,3.0,21.0,9.86
2025-09-21,MYBTU,LNG,11.0,4.0,21.0,9.14
2025-09-28,MYBTU,LNG,6.0,2.0,20.0,9.0
2025-10-05,MYBTU,LNG,16.0,2.0,19.0,9.29
2025-10-12,MYBTU,LNG,8.0,1.0,14.0,7.86
2025-10-19,MYBTU,LNG,8.0,2.0,16.0,7.86
2025-10-26,MYBTU,LNG,12.0,3.0,19.0,9.14
2025-11-02,MYBTU,LNG,9.0,3.0,18.0,8.86
2025-11-09,MYBTU,LNG,7.0,2.0,19.0,8.86
2025-11-16,MYBTU,LNG,10.0,1.0,14.0,7.86
2025-11-23,MYBTU,LNG,14.0,3.0,19.0,9.57
2025-11-30,MYBTU,LNG,8.0,4.0,12.0,8.86
2025-12-07,MYBTU,LNG,14.0,2.0,14.0,8.0
2025-12-14,MYBTU,LNG,2.0,1.0,15.0,6.57
2025-12-21,MYBTU,LNG,12.0,3.0,13.0,9.57
2025-12-28,MYBTU,LNG,11.0,0.0,18.0,8.29
2026-01-04,MYBTU,LNG,10.0,1.0,12.0,7.25
2026-01-11,MYBTU,LNG,8.0,1.0,16.0,7.88
2026-01-18,MYBTU,LNG,11.0,2.0,15.0,8.12
2026-01-25,MYBTU,LNG,12.0,2.0,16.0,8.62
2026-02-01,MYBTU,LNG,6.0,2.0,17.0,8.0
2026-02-08,MYBTU,LNG,11.0,2.0,20.0,9.0
2026-02-15,MYBTU,LNG,10.0,2.0,20.0,8.25
2026-02-22,MYBTU,LNG,11.0,3.0,24.0,9.75
2026-03-01,MYBTU,LNG,9.0,2.0,23.0,9.12
2026-03-08,MYBTU,LNG,10.0,2.0,21.0,9.25
2026-03-15,MYBTU,LNG,13.0,4.0,20.0,10.5
2026-03-22,MYBTU,LNG,7.0,1.0,21.0,8.12
2026-03-29,MYBTU,LNG,10.0,3.0,19.0,8.5
2026-04-05,MYBTU,LNG,10.0,1.0,24.0,8.38
2026-04-12,MYBTU,LNG,9.0,2.0,17.0,8.38
2026-04-19,MYBTU,LNG,9.0,4.0,20.0,8.88
2026-04-26,MYBTU,LNG,14.0,1.0,20.0,9.5
2026-05-03,MYBTU,LNG,7.0,1.0,24.0,8.38
2026-05-10,MYBTU,LNG,5.0,1.0,12.0,6.0
2026-05-17,MYBTU,LNG,9.0,2.0,13.0,8.5
2026-05-24,MYBTU,LNG,5.0,2.0,14.0,7.12
2026-05-31,MYBTU,LNG,19.0,2.0,19.0,8.0
2026-06-07,MYBTU,LNG,18.0,3.0,23.0,9.5
2026-06-14,MYBTU,LNG,22.0,2.0,22.0,9.62
2026-06-21,MYBTU,LNG,13.0,2.0,24.0,8.88
2026-06-28,MYBTU,LNG,21.0,2.0,21.0,8.75
2026-07-05,MYBTU,LNG,14.0,4.0,23.0,11.0
2026-07-12,MYBTU,LNG,19.0,2.0,23.0,10.62
2026-07-19,MYBTU,LNG,15.0,3.0,20.0,10.75
2026-07-26,MYBTU,LNG,18.0,1.0,23.0,10.62
2026-08-02,MYBTU,LNG,20.0,4.0,20.0,10.75
2026-08-09,MYBTU,LNG,17.0,3.0,20.0,10.0
2026-08-16,MYBTU,LNG,14.0,2.0,24.0,10.5
2026-08-23,MYBTU,LNG,22.0,2.0,22.0,10.25
2026-08-30,MYBTU,LNG,12.0,3.0,20.0,10.12
2019-01-06,NGBON,LNG,8.0,3.0,8.0,6.12
2019-01-13,NGBON,LNG,6.0,5.0,10.0,6.38
2019-01-20,NGBON,LNG,7.0,5.0,8.0,6.5
2019-01-27,NGBON,LNG,6.0,4.0,9.0,6.38
2019-02-03,NGBON,LNG,7.0,3.0,9.0,6.38
2019-02-10,NGBON,LNG,5.0,5.0,7.0,6.25
2019-02-17,NGBON,LNG,7.0,5.0,8.0,6.5
2019-02-24,NGBON,LNG,7.0,3.0,9.0,6.62
2019-03-03,NGBON,LNG,7.0,4.0,8.0,6.75
2019-03-10,NGBON,LNG,6.0,5.0,8.0,6.25
2019-03-17,NGBON,LNG,8.0,4.0,8.0,5.88
2019-03-24,NGBON,LNG,9.0,4.0,10.0,6.38
2019-03-31,NGBON,LNG,8.0,6.0,9.0,7.38
2019-04-07,NGBON,LNG,8.0,4.0,9.0,6.62
2019-04-14,NGBON,LNG,7.0,5.0,8.0,6.88
2019-04-21,NGBON,LNG,8.0,3.0,8.0,6.12
2019-04-28,NGBON,LNG,7.0,5.0,8.0,6.12
2019-05-05,NGBON,LNG,5.0,5.0,9.0,6.38
2019-05-12,NGBON,LNG,7.0,5.0,9.0,6.62
2019-05-19,NGBON,LNG,4.0,4.0,8.0,5.75
2019-05-26,NGBON,LNG,5.0,3.0,9.0,5.75
2019-06-02,NGBON,LNG,5.0,5.0,9.0,6.0
2019-06-09,NGBON,LNG,3.0,3.0,9.0,6.75
2019-06-16,NGBON,LNG,7.0,5.0,9.0,7.12
2019-06-23,NGBON,LNG,7.0,6.0,9.0,7.0
2019-06-30,NGBON,LNG,4.0,4.0,7.0,5.62
2019-07-07,NGBON,LNG,7.0,5.0,9.0,6.62
2019-07-14,NGBON,LNG,9.0,5.0,9.0,7.0
2019-07-21,NGBON,LNG,4.0,4.0,7.0,5.88
2019-07-28,NGBON,LNG,8.0,4.0,9.0,7.0
2019-08-04,NGBON,LNG,6.0,5.0,10.0,6.62
2019-08-11,NGBON,LNG,7.0,5.0,9.0,7.0
2019-08-18,NGBON,LNG,10.0,4.0,10.0,6.25
2019-08-25,NGBON,LNG,9.0,3.0,10.0,6.5
2019-09-01,NGBON,LNG,8.0,4.0,8.0,6.25
2019-09-08,NGBON,LNG,8.0,2.0,12.0,6.57
2019-09-15,NGBON,LNG,7.0,4.0,10.0,6.14
2019-09-22,NGBON,LNG,7.0,4.0,8.0,5.86
2019-09-29,NGBON,LNG,9.0,5.0,11.0,7.14
2019-10-06,NGBON,LNG,7.0,3.0,8.0,5.43
2019-10-13,NGBON,LNG,9.0,3.0,9.0,6.43
2019-10-20,NGBON,LNG,7.0,4.0,8.0,6.0
2019-10-27,NGBON,LNG,7.0,5.0,10.0,6.43
2019-11-03,NGBON,LNG,9.0,3.0,10.0,6.14
2019-11-10,NGBON,LNG,9.0,4.0,9.0,6.0
2019-11-17,NGBON,LNG,7.0,5.0,9.0,6.43
2019-11-24,NGBON,LNG,8.0,4.0,8.0,5.57
2019-12-01,NGBON,LNG,9.0,5.0,9.0,6.57
2019-12-08,NGBON,LNG,8.0,4.0,10.0,6.29
2019-12-15,NGBON,LNG,8.0,4.0,9.0,6.86
2019-12-22,NGBON,LNG,8.0,5.0,8.0,6.71
2019-12-29,NGBON,LNG,8.0,5.0,8.0,6.57
2020-01-05,NGBON,LNG,6.0,3.0,8.0,6.12
2020-01-12,NGBON,LNG,10.0,5.0,10.0,6.38
2020-01-19,NGBON,LNG,8.0,5.0,8.0,6.5
2020-01-26,NGBON,LNG,8.0,4.0,9.0,6.38
2020-02-02,NGBON,LNG,9.0,3.0,9.0,6.38
2020-02-09,NGBON,LNG,7.0,5.0,7.0,6.25
2020-02-16,NGBON,LNG,8.0,5.0,8.0,6.5
2020-02-23,NGBON,LNG,9.0,3.0,9.0,6.62
2020-03-01,NGBON,LNG,8.0,4.0,8.0,6.75
2020-03-08,NGBON,LNG,7.0,5.0,8.0,6.25
2020-03-15,NGBON,LNG,8.0,4.0,8.0,5.88
2020-03-22,NGBON,LNG,5.0,4.0,10.0,6.38
2020-03-29,NGBON,LNG,9.0,6.0,9.0,7.38
2020-04-05,NGBON,LNG,7.0,4.0,9.0,6.62
2020-04-12,NGBON,LNG,8.0,5.0,8.0,6.88
2020-04-19,NGBON,LNG,8.0,3.0,8.0,6.12
2020-04-26,NGBON,LNG,7.0,5.0,8.0,6.12
2020-05-03,NGBON,LNG,6.0,5.0,9.0,6.38
2020-05-10,NGBON,LNG,8.0,5.0,9.0,6.62
2020-05-17,NGBON,LNG,7.0,4.0,8.0,5.75
2020-05-24,NGBON,LNG,9.0,3.0,9.0,5.75
2020-05-31,NGBON,LNG,8.0,5.0,9.0,6.0
2020-06-07,NGBON,LNG,8.0,3.0,9.0,6.75
2020-06-14,NGBON,LNG,9.0,5.0,9.0,7.12
2020-06-21,NGBON,LNG,8.0,6.0,9.0,7.0
2020-06-28,NGBON,LNG,7.0,4.0,7.0,5.62
2020-07-05,NGBON,LNG,6.0,5.0,9.0,6.62
2020-07-12,NGBON,LNG,9.0,5.0,9.0,7.0
2020-07-19,NGBON,LNG,7.0,4.0,7.0,5.88
2020-07-26,NGBON,LNG,9.0,4.0,9.0,7.0
2020-08-02,NGBON,LNG,7.0,5.0,10.0,6.62
2020-08-09,NGBON,LNG,9.0,5.0,9.0,7.0
2020-08-16,NGBON,LNG,8.0,4.0,10.0,6.25
2020-08-23,NGBON,LNG,10.0,3.0,10.0,6.5
2020-08-30,NGBON,LNG,7.0,4.0,8.0,6.25
2020-09-06,NGBON,LNG,12.0,2.0,12.0,6.57
2020-09-13,NGBON,LNG,7.0,4.0,10.0,6.14
2020-09-20,NGBON,LNG,8.0,4.0,8.0,5.86
2020-09-27,NGBON,LNG,11.0,5.0,11.0,7.14
2020-10-04,NGBON,LNG,8.0,3.0,8.0,5.43
2020-10-11,NGBON,LNG,7.0,3.0,9.0,6.43
2020-10-18,NGBON,LNG,8.0,4.0,8.0,6.0
2020-10-25,NGBON,LNG,5.0,5.0,10.0,6.43
2020-11-01,NGBON,LNG,5.0,3.0,10.0,6.14
2020-11-08,NGBON,LNG,6.0,4.0,9.0,6.0
2020-11-15,NGBON,LNG,9.0,5.0,9.0,6.43
2020-11-22,NGBON,LNG,4.0,4.0,8.0,5.57
2020-11-29,NGBON,LNG,8.0,5.0,9.0,6.57
2020-12-06,NGBON,LNG,10.0,4.0,10.0,6.29
2020-12-13,NGBON,LNG,6.0,4.0,9.0,6.86
2020-12-20,NGBON,LNG,6.0,5.0,8.0,6.71
2020-12-27,NGBON,LNG,7.0,5.0,8.0,6.57
2021-01-03,NGBON,LNG,7.0,5.6,8.4,7.0
2021-01-10,NGBON,LNG,7.0,3.0,8.0,6.12
2021-01-17,NGBON,LNG,6.0,5.0,10.0,6.38
2021-01-24,NGBON,LNG,8.0,5.0,8.0,6.5
2021-01-31,NGBON,LNG,6.0,4.0,9.0,6.38
2021-02-07,NGBON,LNG,7.0,3.0,9.0,6.38
2021-02-14,NGBON,LNG,7.0,5.0,7.0,6.25
2021-02-21,NGBON,LNG,7.0,5.0,8.0,6.5
2021-02-28,NGBON,LNG,7.0,3.0,9.0,6.62
2021-03-07,NGBON,LNG,7.0,4.0,8.0,6.75
2021-03-14,NGBON,LNG,8.0,5.0,8.0,6.25
2021-03-21,NGBON,LNG,4.0,4.0,8.0,5.88
2021-03-28,NGBON,LNG,4.0,4.0,10.0,6.38
2021-04-04,NGBON,LNG,6.0,6.0,9.0,7.38
2021-04-11,NGBON,LNG,4.0,4.0,9.0,6.62
2021-04-18,NGBON,LNG,7.0,5.0,8.0,6.88
2021-04-25,NGBON,LNG,7.0,3.0,8.0,6.12
2021-05-02,NGBON,LNG,6.0,5.0,8.0,6.12
2021-05-09,NGBON,LNG,6.0,5.0,9.0,6.38
2021-05-16,NGBON,LNG,6.0,5.0,9.0,6.62
2021-05-23,NGBON,LNG,5.0,4.0,8.0,5.75
2021-05-30,NGBON,LNG,6.0,3.0,9.0,5.75
2021-06-06,NGBON,LNG,6.0,5.0,9.0,6.0
2021-06-13,NGBON,LNG,8.0,3.0,9.0,6.75
2021-06-20,NGBON,LNG,8.0,5.0,9.0,7.12
2021-06-27,NGBON,LNG,9.0,6.0,9.0,7.0
2021-07-04,NGBON,LNG,6.0,4.0,7.0,5.62
2021-07-11,NGBON,LNG,6.0,5.0,9.0,6.62
2021-07-18,NGBON,LNG,7.0,5.0,9.0,7.0
2021-07-25,NGBON,LNG,7.0,4.0,7.0,5.88
2021-08-01,NGBON,LNG,4.0,4.0,9.0,7.0
2021-08-08,NGBON,LNG,8.0,5.0,10.0,6.62
2021-08-15,NGBON,LNG,8.0,5.0,9.0,7.0
2021-08-22,NGBON,LNG,7.0,4.0,10.0,6.25
2021-08-29,NGBON,LNG,8.0,3.0,10.0,6.5
2021-09-05,NGBON,LNG,7.0,4.0,8.0,6.25
2021-09-12,NGBON,LNG,6.0,2.0,12.0,6.57
2021-09-19,NGBON,LNG,10.0,4.0,10.0,6.14
2021-09-26,NGBON,LNG,4.0,4.0,8.0,5.86
2021-10-03,NGBON,LNG,9.0,5.0,11.0,7.14
2021-10-10,NGBON,LNG,3.0,3.0,8.0,5.43
2021-10-17,NGBON,LNG,5.0,3.0,9.0,6.43
2021-10-24,NGBON,LNG,5.0,4.0,8.0,6.0
2021-10-31,NGBON,LNG,7.0,5.0,10.0,6.43
2021-11-07,NGBON,LNG,6.0,3.0,10.0,6.14
2021-11-14,NGBON,LNG,7.0,4.0,9.0,6.0
2021-11-21,NGBON,LNG,6.0,5.0,9.0,6.43
2021-11-28,NGBON,LNG,6.0,4.0,8.0,5.57
2021-12-05,NGBON,LNG,7.0,5.0,9.0,6.57
2021-12-12,NGBON,LNG,5.0,4.0,10.0,6.29
2021-12-19,NGBON,LNG,9.0,4.0,9.0,6.86
2021-12-26,NGBON,LNG,7.0,5.0,8.0,6.71
2022-01-02,NGBON,LNG,6.0,5.0,8.0,6.57
2022-01-09,NGBON,LNG,7.0,3.0,8.0,6.12
2022-01-16,NGBON,LNG,6.0,5.0,10.0,6.38
2022-01-23,NGBON,LNG,6.0,5.0,8.0,6.5
2022-01-30,NGBON,LNG,6.0,4.0,9.0,6.38
2022-02-06,NGBON,LNG,7.0,3.0,9.0,6.38
2022-02-13,NGBON,LNG,7.0,5.0,7.0,6.25
2022-02-20,NGBON,LNG,6.0,5.0,8.0,6.5
2022-02-27,NGBON,LNG,9.0,3.0,9.0,6.62
2022-03-06,NGBON,LNG,6.0,4.0,8.0,6.75
2022-03-13,NGBON,LNG,5.0,5.0,8.0,6.25
2022-03-20,NGBON,LNG,6.0,4.0,8.0,5.88
2022-03-27,NGBON,LNG,8.0,4.0,10.0,6.38
2022-04-03,NGBON,LNG,6.0,6.0,9.0,7.38
2022-04-10,NGBON,LNG,5.0,4.0,9.0,6.62
2022-04-17,NGBON,LNG,5.0,5.0,8.0,6.88
2022-04-24,NGBON,LNG,7.0,3.0,8.0,6.12
2022-05-01,NGBON,LNG,5.0,5.0,8.0,6.12
2022-05-08,NGBON,LNG,6.0,5.0,9.0,6.38
2022-05-15,NGBON,LNG,5.0,5.0,9.0,6.62
2022-05-22,NGBON,LNG,6.0,4.0,8.0,5.75
2022-05-29,NGBON,LNG,7.0,3.0,9.0,5.75
2022-06-05,NGBON,LNG,5.0,5.0,9.0,6.0
2022-06-12,NGBON,LNG,7.0,3.0,9.0,6.75
2022-06-19,NGBON,LNG,6.0,5.0,9.0,7.12
2022-06-26,NGBON,LNG,7.0,6.0,9.0,7.0
2022-07-03,NGBON,LNG,6.0,4.0,7.0,5.62
2022-07-10,NGBON,LNG,6.0,5.0,9.0,6.62
2022-07-17,NGBON,LNG,5.0,5.0,9.0,7.0
2022-07-24,NGBON,LNG,6.0,4.0,7.0,5.88
2022-07-31,NGBON,LNG,7.0,4.0,9.0,7.0
2022-08-07,NGBON,LNG,5.0,5.0,10.0,6.62
2022-08-14,NGBON,LNG,6.0,5.0,9.0,7.0
2022-08-21,NGBON,LNG,5.0,4.0,10.0,6.25
2022-08-28,NGBON,LNG,3.0,3.0,10.0,6.5
2022-09-04,NGBON,LNG,6.0,4.0,8.0,6.25
2022-09-11,NGBON,LNG,5.0,2.0,12.0,6.57
2022-09-18,NGBON,LNG,6.0,4.0,10.0,6.14
2022-09-25,NGBON,LNG,6.0,4.0,8.0,5.86
2022-10-02,NGBON,LNG,6.0,5.0,11.0,7.14
2022-10-09,NGBON,LNG,5.0,3.0,8.0,5.43
2022-10-16,NGBON,LNG,5.0,3.0,9.0,6.43
2022-10-23,NGBON,LNG,6.0,4.0,8.0,6.0
2022-10-30,NGBON,LNG,5.0,5.0,10.0,6.43
2022-11-06,NGBON,LNG,5.0,3.0,10.0,6.14
2022-11-13,NGBON,LNG,5.0,4.0,9.0,6.0
2022-11-20,NGBON,LNG,6.0,5.0,9.0,6.43
2022-11-27,NGBON,LNG,6.0,4.0,8.0,5.57
2022-12-04,NGBON,LNG,5.0,5.0,9.0,6.57
2022-12-11,NGBON,LNG,4.0,4.0,10.0,6.29
2022-12-18,NGBON,LNG,7.0,4.0,9.0,6.86
2022-12-25,NGBON,LNG,5.0,5.0,8.0,6.71
2023-01-01,NGBON,LNG,5.0,5.0,8.0,6.57
2023-01-08,NGBON,LNG,4.0,3.0,8.0,6.12
2023-01-15,NGBON,LNG,5.0,5.0,10.0,6.38
2023-01-22,NGBON,LNG,5.0,5.0,8.0,6.5
2023-01-29,NGBON,LNG,4.0,4.0,9.0,6.38
2023-02-05,NGBON,LNG,5.0,3.0,9.0,6.38
2023-02-12,NGBON,LNG,7.0,5.0,7.0,6.25
2023-02-19,NGBON,LNG,5.0,5.0,8.0,6.5
2023-02-26,NGBON,LNG,5.0,3.0,9.0,6.62
2023-03-05,NGBON,LNG,8.0,4.0,8.0,6.75
2023-03-12,NGBON,LNG,5.0,5.0,8.0,6.25
2023-03-19,NGBON,LNG,6.0,4.0,8.0,5.88
2023-03-26,NGBON,LNG,10.0,4.0,10.0,6.38
2023-04-02,NGBON,LNG,9.0,6.0,9.0,7.38
2023-04-09,NGBON,LNG,7.0,4.0,9.0,6.62
2023-04-16,NGBON,LNG,6.0,5.0,8.0,6.88
2023-04-23,NGBON,LNG,4.0,3.0,8.0,6.12
2023-04-30,NGBON,LNG,6.0,5.0,8.0,6.12
2023-05-07,NGBON,LNG,9.0,5.0,9.0,6.38
2023-05-14,NGBON,LNG,6.0,5.0,9.0,6.62
2023-05-21,NGBON,LNG,5.0,4.0,8.0,5.75
2023-05-28,NGBON,LNG,5.0,3.0,9.0,5.75
2023-06-04,NGBON,LNG,5.0,5.0,9.0,6.0
2023-06-11,NGBON,LNG,7.0,3.0,9.0,6.75
2023-06-18,NGBON,LNG,7.0,5.0,9.0,7.12
2023-06-25,NGBON,LNG,6.0,6.0,9.0,7.0
2023-07-02,NGBON,LNG,6.0,4.0,7.0,5.62
2023-07-09,NGBON,LNG,6.0,5.0,9.0,6.62
2023-07-16,NGBON,LNG,6.0,5.0,9.0,7.0
2023-07-23,NGBON,LNG,6.0,4.0,7.0,5.88
2023-07-30,NGBON,LNG,6.0,4.0,9.0,7.0
2023-08-06,NGBON,LNG,5.0,5.0,10.0,6.62
2023-08-13,NGBON,LNG,5.0,5.0,9.0,7.0
2023-08-20,NGBON,LNG,5.0,4.0,10.0,6.25
2023-08-27,NGBON,LNG,5.0,3.0,10.0,6.5
2023-09-03,NGBON,LNG,5.0,4.0,8.0,6.25
2023-09-10,NGBON,LNG,6.0,2.0,12.0,6.57
2023-09-17,NGBON,LNG,5.0,4.0,10.0,6.14
2023-09-24,NGBON,LNG,7.0,4.0,8.0,5.86
2023-10-01,NGBON,LNG,5.0,5.0,11.0,7.14
2023-10-08,NGBON,LNG,6.0,3.0,8.0,5.43
2023-10-15,NGBON,LNG,8.0,3.0,9.0,6.43
2023-10-22,NGBON,LNG,5.0,4.0,8.0,6.0
2023-10-29,NGBON,LNG,5.0,5.0,10.0,6.43
2023-11-05,NGBON,LNG,3.0,3.0,10.0,6.14
2023-11-12,NGBON,LNG,4.0,4.0,9.0,6.0
2023-11-19,NGBON,LNG,5.0,5.0,9.0,6.43
2023-11-26,NGBON,LNG,5.0,4.0,8.0,5.57
2023-12-03,NGBON,LNG,5.0,5.0,9.0,6.57
2023-12-10,NGBON,LNG,5.0,4.0,10.0,6.29
2023-12-17,NGBON,LNG,4.0,4.0,9.0,6.86
2023-12-24,NGBON,LNG,6.0,5.0,8.0,6.71
2023-12-31,NGBON,LNG,6.0,5.0,8.0,6.57
2024-01-07,NGBON,LNG,3.0,3.0,8.0,6.12
2024-01-14,NGBON,LNG,6.0,5.0,10.0,6.38
2024-01-21,NGBON,LNG,6.0,5.0,8.0,6.5
2024-01-28,NGBON,LNG,6.0,4.0,9.0,6.38
2024-02-04,NGBON,LNG,6.0,3.0,9.0,6.38
2024-02-11,NGBON,LNG,6.0,5.0,7.0,6.25
2024-02-18,NGBON,LNG,5.0,5.0,8.0,6.5
2024-02-25,NGBON,LNG,5.0,3.0,9.0,6.62
2024-03-03,NGBON,LNG,6.0,4.0,8.0,6.75
2024-03-10,NGBON,LNG,5.0,5.0,8.0,6.25
2024-03-17,NGBON,LNG,4.0,4.0,8.0,5.88
2024-03-24,NGBON,LNG,4.0,4.0,10.0,6.38
2024-03-31,NGBON,LNG,6.0,6.0,9.0,7.38
2024-04-07,NGBON,LNG,6.0,4.0,9.0,6.62
2024-04-14,NGBON,LNG,6.0,5.0,8.0,6.88
2024-04-21,NGBON,LNG,6.0,3.0,8.0,6.12
2024-04-28,NGBON,LNG,5.0,5.0,8.0,6.12
2024-05-05,NGBON,LNG,5.0,5.0,9.0,6.38
2024-05-12,NGBON,LNG,5.0,5.0,9.0,6.62
2024-05-19,NGBON,LNG,5.0,4.0,8.0,5.75
2024-05-26,NGBON,LNG,3.0,3.0,9.0,5.75
2024-06-02,NGBON,LNG,5.0,5.0,9.0,6.0
2024-06-09,NGBON,LNG,6.0,3.0,9.0,6.75
2024-06-16,NGBON,LNG,7.0,5.0,9.0,7.12
2024-06-23,NGBON,LNG,7.0,6.0,9.0,7.0
2024-06-30,NGBON,LNG,4.0,4.0,7.0,5.62
2024-07-07,NGBON,LNG,5.0,5.0,9.0,6.62
2024-07-14,NGBON,LNG,6.0,5.0,9.0,7.0
2024-07-21,NGBON,LNG,6.0,4.0,7.0,5.88
2024-07-28,NGBON,LNG,7.0,4.0,9.0,7.0
2024-08-04,NGBON,LNG,6.0,5.0,10.0,6.62
2024-08-11,NGBON,LNG,5.0,5.0,9.0,7.0
2024-08-18,NGBON,LNG,5.0,4.0,10.0,6.25
2024-08-25,NGBON,LNG,5.0,3.0,10.0,6.5
2024-09-01,NGBON,LNG,7.0,4.0,8.0,6.25
2024-09-08,NGBON,LNG,7.0,2.0,12.0,6.57
2024-09-15,NGBON,LNG,4.0,4.0,10.0,6.14
2024-09-22,NGBON,LNG,4.0,4.0,8.0,5.86
2024-09-29,NGBON,LNG,5.0,5.0,11.0,7.14
2024-10-06,NGBON,LNG,5.0,3.0,8.0,5.43
2024-10-13,NGBON,LNG,3.0,3.0,9.0,6.43
2024-10-20,NGBON,LNG,7.0,4.0,8.0,6.0
2024-10-27,NGBON,LNG,6.0,5.0,10.0,6.43
2024-11-03,NGBON,LNG,5.0,3.0,10.0,6.14
2024-11-10,NGBON,LNG,6.0,4.0,9.0,6.0
2024-11-17,NGBON,LNG,5.0,5.0,9.0,6.43
2024-11-24,NGBON,LNG,4.0,4.0,8.0,5.57
2024-12-01,NGBON,LNG,7.0,5.0,9.0,6.57
2024-12-08,NGBON,LNG,6.0,4.0,10.0,6.29
2024-12-15,NGBON,LNG,6.0,4.0,9.0,6.86
2024-12-22,NGBON,LNG,7.0,5.0,8.0,6.71
2024-12-29,NGBON,LNG,7.0,5.0,8.0,6.57
2025-01-05,NGBON,LNG,6.0,3.0,8.0,6.12
2025-01-12,NGBON,LNG,6.0,5.0,10.0,6.38
2025-01-19,NGBON,LNG,5.0,5.0,8.0,6.5
2025-01-26,NGBON,LNG,6.0,4.0,9.0,6.38
2025-02-02,NGBON,LNG,3.0,3.0,9.0,6.38
2025-02-09,NGBON,LNG,5.0,5.0,7.0,6.25
2025-02-16,NGBON,LNG,6.0,5.0,8.0,6.5
2025-02-23,NGBON,LNG,3.0,3.0,9.0,6.62
2025-03-02,NGBON,LNG,4.0,4.0,8.0,6.75
2025-03-09,NGBON,LNG,8.0,5.0,8.0,6.25
2025-03-16,NGBON,LNG,4.0,4.0,8.0,5.88
2025-03-23,NGBON,LNG,5.0,4.0,10.0,6.38
2025-03-30,NGBON,LNG,6.0,6.0,9.0,7.38
2025-04-06,NGBON,LNG,7.0,4.0,9.0,6.62
2025-04-13,NGBON,LNG,8.0,5.0,8.0,6.88
2025-04-20,NGBON,LNG,3.0,3.0,8.0,6.12
2025-04-27,NGBON,LNG,5.0,5.0,8.0,6.12
2025-05-04,NGBON,LNG,7.0,5.0,9.0,6.38
2025-05-11,NGBON,LNG,7.0,5.0,9.0,6.62
2025-05-18,NGBON,LNG,6.0,4.0,8.0,5.75
2025-05-25,NGBON,LNG,5.0,3.0,9.0,5.75
2025-06-01,NGBON,LNG,5.0,5.0,9.0,6.0
2025-06-08,NGBON,LNG,6.0,3.0,9.0,6.75
2025-06-15,NGBON,LNG,5.0,5.0,9.0,7.12
2025-06-22,NGBON,LNG,6.0,6.0,9.0,7.0
2025-06-29,NGBON,LNG,6.0,4.0,7.0,5.62
2025-07-06,NGBON,LNG,8.0,5.0,9.0,6.62
2025-07-13,NGBON,LNG,5.0,5.0,9.0,7.0
2025-07-20,NGBON,LNG,7.0,4.0,7.0,5.88
2025-07-27,NGBON,LNG,6.0,4.0,9.0,7.0
2025-08-03,NGBON,LNG,6.0,5.0,10.0,6.62
2025-08-10,NGBON,LNG,8.0,5.0,9.0,7.0
2025-08-17,NGBON,LNG,4.0,4.0,10.0,6.25
2025-08-24,NGBON,LNG,4.0,3.0,10.0,6.5
2025-08-31,NGBON,LNG,4.0,4.0,8.0,6.25
2025-09-07,NGBON,LNG,2.0,2.0,12.0,6.57
2025-09-14,NGBON,LNG,4.0,4.0,10.0,6.14
2025-09-21,NGBON,LNG,5.0,4.0,8.0,5.86
2025-09-28,NGBON,LNG,5.0,5.0,11.0,7.14
2025-10-05,NGBON,LNG,4.0,3.0,8.0,5.43
2025-10-12,NGBON,LNG,8.0,3.0,9.0,6.43
2025-10-19,NGBON,LNG,4.0,4.0,8.0,6.0
2025-10-26,NGBON,LNG,10.0,5.0,10.0,6.43
2025-11-02,NGBON,LNG,10.0,3.0,10.0,6.14
2025-11-09,NGBON,LNG,5.0,4.0,9.0,6.0
2025-11-16,NGBON,LNG,7.0,5.0,9.0,6.43
2025-11-23,NGBON,LNG,6.0,4.0,8.0,5.57
2025-11-30,NGBON,LNG,5.0,5.0,9.0,6.57
2025-12-07,NGBON,LNG,6.0,4.0,10.0,6.29
2025-12-14,NGBON,LNG,8.0,4.0,9.0,6.86
2025-12-21,NGBON,LNG,8.0,5.0,8.0,6.71
2025-12-28,NGBON,LNG,7.0,5.0,8.0,6.57
2026-01-04,NGBON,LNG,8.0,3.0,8.0,6.12
2026-01-11,NGBON,LNG,6.0,5.0,10.0,6.38
2026-01-18,NGBON,LNG,7.0,5.0,8.0,6.5
2026-01-25,NGBON,LNG,9.0,4.0,9.0,6.38
2026-02-01,NGBON,LNG,7.0,3.0,9.0,6.38
2026-02-08,NGBON,LNG,6.0,5.0,7.0,6.25
2026-02-15,NGBON,LNG,8.0,5.0,8.0,6.5
2026-02-22,NGBON,LNG,8.0,3.0,9.0,6.62
2026-03-01,NGBON,LNG,8.0,4.0,8.0,6.75
2026-03-08,NGBON,LNG,6.0,5.0,8.0,6.25
2026-03-15,NGBON,LNG,7.0,4.0,8.0,5.88
2026-03-22,NGBON,LNG,6.0,4.0,10.0,6.38
2026-03-29,NGBON,LNG,9.0,6.0,9.0,7.38
2026-04-05,NGBON,LNG,9.0,4.0,9.0,6.62
2026-04-12,NGBON,LNG,8.0,5.0,8.0,6.88
2026-04-19,NGBON,LNG,6.0,3.0,8.0,6.12
2026-04-26,NGBON,LNG,8.0,5.0,8.0,6.12
2026-05-03,NGBON,LNG,7.0,5.0,9.0,6.38
2026-05-10,NGBON,LNG,9.0,5.0,9.0,6.62
2026-05-17,NGBON,LNG,8.0,4.0,8.0,5.75
2026-05-24,NGBON,LNG,6.0,3.0,9.0,5.75
2026-05-31,NGBON,LNG,9.0,5.0,9.0,6.0
2026-06-07,NGBON,LNG,9.0,3.0,9.0,6.75
2026-06-14,NGBON,LNG,8.0,5.0,9.0,7.12
2026-06-21,NGBON,LNG,6.0,6.0,9.0,7.0
2026-06-28,NGBON,LNG,6.0,4.0,7.0,5.62
2026-07-05,NGBON,LNG,9.0,5.0,9.0,6.62
2026-07-12,NGBON,LNG,9.0,5.0,9.0,7.0
2026-07-19,NGBON,LNG,4.0,4.0,7.0,5.88
2026-07-26,NGBON,LNG,9.0,4.0,9.0,7.0
2026-08-02,NGBON,LNG,10.0,5.0,10.0,6.62
2026-08-09,NGBON,LNG,8.0,5.0,9.0,7.0
2026-08-16,NGBON,LNG,6.0,4.0,10.0,6.25
2026-08-23,NGBON,LNG,8.0,3.0,10.0,6.5
2026-08-30,NGBON,LNG,6.0,4.0,8.0,6.25
2019-01-06,NOHFT,LNG,4.0,2.0,4.0,3.0
2019-01-13,NOHFT,LNG,1.0,1.0,4.0,2.0
2019-01-20,NOHFT,LNG,2.0,1.0,6.0,2.62
2019-01-27,NOHFT,LNG,2.0,0.0,4.0,1.88
2019-02-03,NOHFT,LNG,2.0,0.0,5.0,3.0
2019-02-10,NOHFT,LNG,4.0,0.0,4.0,2.0
2019-02-17,NOHFT,LNG,2.0,1.0,4.0,2.75
2019-02-24,NOHFT,LNG,5.0,0.0,5.0,2.38
2019-03-03,NOHFT,LNG,4.0,1.0,4.0,2.62
2019-03-10,NOHFT,LNG,2.0,1.0,5.0,2.62
2019-03-17,NOHFT,LNG,3.0,1.0,6.0,2.5
2019-03-24,NOHFT,LNG,3.0,1.0,7.0,3.0
2019-03-31,NOHFT,LNG,4.0,1.0,7.0,3.0
2019-04-07,NOHFT,LNG,5.0,2.0,5.0,3.0
2019-04-14,NOHFT,LNG,1.0,0.0,4.0,2.12
2019-04-21,NOHFT,LNG,3.0,0.0,3.0,1.62
2019-04-28,NOHFT,LNG,4.0,0.0,4.0,2.38
2019-05-05,NOHFT,LNG,3.0,0.0,3.0,2.0
2019-05-12,NOHFT,LNG,2.0,0.0,3.0,1.5
2019-05-19,NOHFT,LNG,5.0,0.0,5.0,1.88
2019-05-26,NOHFT,LNG,3.0,0.0,3.0,1.5
2019-06-02,NOHFT,LNG,2.0,0.0,5.0,2.0
2019-06-09,NOHFT,LNG,2.0,0.0,4.0,1.62
2019-06-16,NOHFT,LNG,3.0,0.0,4.0,2.12
2019-06-23,NOHFT,LNG,2.0,0.0,3.0,1.62
2019-06-30,NOHFT,LNG,1.0,1.0,4.0,2.25
2019-07-07,NOHFT,LNG,4.0,1.0,4.0,2.75
2019-07-14,NOHFT,LNG,3.0,1.0,3.0,1.75
2019-07-21,NOHFT,LNG,2.0,1.0,5.0,2.25
2019-07-28,NOHFT,LNG,3.0,0.0,5.0,2.75
2019-08-04,NOHFT,LNG,4.0,0.0,5.0,2.38
2019-08-11,NOHFT,LNG,5.0,1.0,5.0,2.62
2019-08-18,NOHFT,LNG,3.0,1.0,4.0,2.5
2019-08-25,NOHFT,LNG,2.0,1.0,5.0,3.0
2019-09-01,NOHFT,LNG,3.0,1.0,6.0,3.25
2019-09-08,NOHFT,LNG,3.0,0.0,5.0,2.57
2019-09-15,NOHFT,LNG,2.0,1.0,3.0,2.14
2019-09-22,NOHFT,LNG,6.0,1.0,6.0,3.57
2019-09-29,NOHFT,LNG,2.0,0.0,4.0,2.0
2019-10-06,NOHFT,LNG,3.0,1.0,5.0,2.43
2019-10-13,NOHFT,LNG,2.0,1.0,4.0,2.43
2019-10-20,NOHFT,LNG,4.0,2.0,4.0,2.71
2019-10-27,NOHFT,LNG,1.0,0.0,8.0,3.29
2019-11-03,NOHFT,LNG,3.0,0.0,5.0,2.43
2019-11-10,NOHFT,LNG,2.0,0.0,7.0,2.86
2019-11-17,NOHFT,LNG,3.0,0.0,3.0,1.71
2019-11-24,NOHFT,LNG,3.0,0.0,4.0,2.71
2019-12-01,NOHFT,LNG,2.0,1.0,7.0,3.14
2019-12-08,NOHFT,LNG,3.0,1.0,4.0,2.71
2019-12-15,NOHFT,LNG,3.0,1.0,8.0,3.14
2019-12-22,NOHFT,LNG,2.0,0.0,4.0,2.29
2019-12-29,NOHFT,LNG,3.0,0.0,4.0,2.43
2020-01-05,NOHFT,LNG,3.0,2.0,4.0,3.0
2020-01-12,NOHFT,LNG,3.0,1.0,4.0,2.0
2020-01-19,NOHFT,LNG,3.0,1.0,6.0,2.62
2020-01-26,NOHFT,LNG,2.0,0.0,4.0,1.88
2020-02-02,NOHFT,LNG,5.0,0.0,5.0,3.0
2020-02-09,NOHFT,LNG,2.0,0.0,4.0,2.0
2020-02-16,NOHFT,LNG,3.0,1.0,4.0,2.75
2020-02-23,NOHFT,LNG,0.0,0.0,5.0,2.38
2020-03-01,NOHFT,LNG,3.0,1.0,4.0,2.62
2020-03-08,NOHFT,LNG,5.0,1.0,5.0,2.62
2020-03-15,NOHFT,LNG,3.0,1.0,6.0,2.5
2020-03-22,NOHFT,LNG,1.0,1.0,7.0,3.0
2020-03-29,NOHFT,LNG,4.0,1.0,7.0,3.0
2020-04-05,NOHFT,LNG,3.0,2.0,5.0,3.0
2020-04-12,NOHFT,LNG,2.0,0.0,4.0,2.12
2020-04-19,NOHFT,LNG,1.0,0.0,3.0,1.62
2020-04-26,NOHFT,LNG,3.0,0.0,4.0,2.38
2020-05-03,NOHFT,LNG,3.0,0.0,3.0,2.0
2020-05-10,NOHFT,LNG,2.0,0.0,3.0,1.5
2020-05-17,NOHFT,LNG,2.0,0.0,5.0,1.88
2020-05-24,NOHFT,LNG,0.0,0.0,3.0,1.5
2020-05-31,NOHFT,LNG,1.0,0.0,5.0,2.0
2020-06-07,NOHFT,LNG,0.0,0.0,4.0,1.62
2020-06-14,NOHFT,LNG,1.0,0.0,4.0,2.12
2020-06-21,NOHFT,LNG,0.0,0.0,3.0,1.62
2020-06-28,NOHFT,LNG,4.0,1.0,4.0,2.25
2020-07-05,NOHFT,LNG,4.0,1.0,4.0,2.75
2020-07-12,NOHFT,LNG,2.0,1.0,3.0,1.75
2020-07-19,NOHFT,LNG,3.0,1.0,5.0,2.25
2020-07-26,NOHFT,LNG,2.0,0.0,5.0,2.75
2020-08-02,NOHFT,LNG,3.0,0.0,5.0,2.38
2020-08-09,NOHFT,LNG,3.0,1.0,5.0,2.62
2020-08-16,NOHFT,LNG,2.0,1.0,4.0,2.5
2020-08-23,NOHFT,LNG,2.0,1.0,5.0,3.0
2020-08-30,NOHFT,LNG,3.0,1.0,6.0,3.25
2020-09-06,NOHFT,LNG,2.0,0.0,5.0,2.57
2020-09-13,NOHFT,LNG,3.0,1.0,3.0,2.14
2020-09-20,NOHFT,LNG,4.0,1.0,6.0,3.57
2020-09-27,NOHFT,LNG,1.0,0.0,4.0,2.0
2020-10-04,NOHFT,LNG,1.0,1.0,5.0,2.43
2020-10-11,NOHFT,LNG,1.0,1.0,4.0,2.43
2020-10-18,NOHFT,LNG,2.0,2.0,4.0,2.71
2020-10-25,NOHFT,LNG,0.0,0.0,8.0,3.29
2020-11-01,NOHFT,LNG,1.0,0.0,5.0,2.43
2020-11-08,NOHFT,LNG,1.0,0.0,7.0,2.86
2020-11-15,NOHFT,LNG,3.0,0.0,3.0,1.71
2020-11-22,NOHFT,LNG,2.0,0.0,4.0,2.71
2020-11-29,NOHFT,LNG,2.0,1.0,7.0,3.14
2020-12-06,NOHFT,LNG,2.0,1.0,4.0,2.71
2020-12-13,NOHFT,LNG,2.0,1.0,8.0,3.14
2020-12-20,NOHFT,LNG,4.0,0.0,4.0,2.29
2020-12-27,NOHFT,LNG,1.0,0.0,4.0,2.43
2021-01-03,NOHFT,LNG,2.0,1.6,2.4,2.0
2021-01-10,NOHFT,LNG,2.0,2.0,4.0,3.0
2021-01-17,NOHFT,LNG,1.0,1.0,4.0,2.0
2021-01-24,NOHFT,LNG,3.0,1.0,6.0,2.62
2021-01-31,NOHFT,LNG,3.0,0.0,4.0,1.88
2021-02-07,NOHFT,LNG,1.0,0.0,5.0,3.0
2021-02-14,NOHFT,LNG,1.0,0.0,4.0,2.0
2021-02-21,NOHFT,LNG,2.0,1.0,4.0,2.75
2021-02-28,NOHFT,LNG,2.0,0.0,5.0,2.38
2021-03-07,NOHFT,LNG,3.0,1.0,4.0,2.62
2021-03-14,NOHFT,LNG,1.0,1.0,5.0,2.62
2021-03-21,NOHFT,LNG,6.0,1.0,6.0,2.5
2021-03-28,NOHFT,LNG,3.0,1.0,7.0,3.0
2021-04-04,NOHFT,LNG,1.0,1.0,7.0,3.0
2021-04-11,NOHFT,LNG,2.0,2.0,5.0,3.0
2021-04-18,NOHFT,LNG,0.0,0.0,4.0,2.12
2021-04-25,NOHFT,LNG,0.0,0.0,3.0,1.62
2021-05-02,NOHFT,LNG,0.0,0.0,4.0,2.38
2021-05-09,NOHFT,LNG,1.0,0.0,3.0,2.0
2021-05-16,NOHFT,LNG,1.0,0.0,3.0,1.5
2021-05-23,NOHFT,LNG,0.0,0.0,5.0,1.88
2021-05-30,NOHFT,LNG,2.0,0.0,3.0,1.5
2021-06-06,NOHFT,LNG,1.0,0.0,5.0,2.0
2021-06-13,NOHFT,LNG,1.0,0.0,4.0,1.62
2021-06-20,NOHFT,LNG,1.0,0.0,4.0,2.12
2021-06-27,NOHFT,LNG,0.0,0.0,3.0,1.62
2021-07-04,NOHFT,LNG,1.0,1.0,4.0,2.25
2021-07-11,NOHFT,LNG,1.0,1.0,4.0,2.75
2021-07-18,NOHFT,LNG,1.0,1.0,3.0,1.75
2021-07-25,NOHFT,LNG,2.0,1.0,5.0,2.25
2021-08-01,NOHFT,LNG,0.0,0.0,5.0,2.75
2021-08-08,NOHFT,LNG,0.0,0.0,5.0,2.38
2021-08-15,NOHFT,LNG,2.0,1.0,5.0,2.62
2021-08-22,NOHFT,LNG,1.0,1.0,4.0,2.5
2021-08-29,NOHFT,LNG,1.0,1.0,5.0,3.0
2021-09-05,NOHFT,LNG,1.0,1.0,6.0,3.25
2021-09-12,NOHFT,LNG,0.0,0.0,5.0,2.57
2021-09-19,NOHFT,LNG,1.0,1.0,3.0,2.14
2021-09-26,NOHFT,LNG,2.0,1.0,6.0,3.57
2021-10-03,NOHFT,LNG,0.0,0.0,4.0,2.0
2021-10-10,NOHFT,LNG,1.0,1.0,5.0,2.43
2021-10-17,NOHFT,LNG,3.0,1.0,4.0,2.43
2021-10-24,NOHFT,LNG,2.0,2.0,4.0,2.71
2021-10-31,NOHFT,LNG,1.0,0.0,8.0,3.29
2021-11-07,NOHFT,LNG,0.0,0.0,5.0,2.43
2021-11-14,NOHFT,LNG,0.0,0.0,7.0,2.86
2021-11-21,NOHFT,LNG,0.0,0.0,3.0,1.71
2021-11-28,NOHFT,LNG,0.0,0.0,4.0,2.71
2021-12-05,NOHFT,LNG,2.0,1.0,7.0,3.14
2021-12-12,NOHFT,LNG,1.0,1.0,4.0,2.71
2021-12-19,NOHFT,LNG,1.0,1.0,8.0,3.14
2021-12-26,NOHFT,LNG,0.0,0.0,4.0,2.29
2022-01-02,NOHFT,LNG,0.0,0.0,4.0,2.43
2022-01-09,NOHFT,LNG,2.0,2.0,4.0,3.0
2022-01-16,NOHFT,LNG,1.0,1.0,4.0,2.0
2022-01-23,NOHFT,LNG,2.0,1.0,6.0,2.62
2022-01-30,NOHFT,LNG,0.0,0.0,4.0,1.88
2022-02-06,NOHFT,LNG,0.0,0.0,5.0,3.0
2022-02-13,NOHFT,LNG,0.0,0.0,4.0,2.0
2022-02-20,NOHFT,LNG,1.0,1.0,4.0,2.75
2022-02-27,NOHFT,LNG,1.0,0.0,5.0,2.38
2022-03-06,NOHFT,LNG,1.0,1.0,4.0,2.62
2022-03-13,NOHFT,LNG,1.0,1.0,5.0,2.62
2022-03-20,NOHFT,LNG,1.0,1.0,6.0,2.5
2022-03-27,NOHFT,LNG,1.0,1.0,7.0,3.0
2022-04-03,NOHFT,LNG,1.0,1.0,7.0,3.0
2022-04-10,NOHFT,LNG,2.0,2.0,5.0,3.0
2022-04-17,NOHFT,LNG,1.0,0.0,4.0,2.12
2022-04-24,NOHFT,LNG,0.0,0.0,3.0,1.62
2022-05-01,NOHFT,LNG,2.0,0.0,4.0,2.38
2022-05-08,NOHFT,LNG,1.0,0.0,3.0,2.0
2022-05-15,NOHFT,LNG,0.0,0.0,3.0,1.5
2022-05-22,NOHFT,LNG,1.0,0.0,5.0,1.88
2022-05-29,NOHFT,LNG,1.0,0.0,3.0,1.5
2022-06-05,NOHFT,LNG,2.0,0.0,5.0,2.0
2022-06-12,NOHFT,LNG,2.0,0.0,4.0,1.62
2022-06-19,NOHFT,LNG,4.0,0.0,4.0,2.12
2022-06-26,NOHFT,LNG,2.0,0.0,3.0,1.62
2022-07-03,NOHFT,LNG,3.0,1.0,4.0,2.25
2022-07-10,NOHFT,LNG,2.0,1.0,4.0,2.75
2022-07-17,NOHFT,LNG,2.0,1.0,3.0,1.75
2022-07-24,NOHFT,LNG,2.0,1.0,5.0,2.25
2022-07-31,NOHFT,LNG,5.0,0.0,5.0,2.75
2022-08-07,NOHFT,LNG,2.0,0.0,5.0,2.38
2022-08-14,NOHFT,LNG,1.0,1.0,5.0,2.62
2022-08-21,NOHFT,LNG,4.0,1.0,4.0,2.5
2022-08-28,NOHFT,LNG,3.0,1.0,5.0,3.0
2022-09-04,NOHFT,LNG,6.0,1.0,6.0,3.25
2022-09-11,NOHFT,LNG,5.0,0.0,5.0,2.57
2022-09-18,NOHFT,LNG,3.0,1.0,3.0,2.14
2022-09-25,NOHFT,LNG,3.0,1.0,6.0,3.57
2022-10-02,NOHFT,LNG,4.0,0.0,4.0,2.0
2022-10-09,NOHFT,LNG,2.0,1.0,5.0,2.43
2022-10-16,NOHFT,LNG,4.0,1.0,4.0,2.43
2022-10-23,NOHFT,LNG,3.0,2.0,4.0,2.71
2022-10-30,NOHFT,LNG,4.0,0.0,8.0,3.29
2022-11-06,NOHFT,LNG,3.0,0.0,5.0,2.43
2022-11-13,NOHFT,LNG,5.0,0.0,7.0,2.86
2022-11-20,NOHFT,LNG,2.0,0.0,3.0,1.71
2022-11-27,NOHFT,LNG,3.0,0.0,4.0,2.71
2022-12-04,NOHFT,LNG,4.0,1.0,7.0,3.14
2022-12-11,NOHFT,LNG,2.0,1.0,4.0,2.71
2022-12-18,NOHFT,LNG,4.0,1.0,8.0,3.14
2022-12-25,NOHFT,LNG,2.0,0.0,4.0,2.29
2023-01-01,NOHFT,LNG,2.0,0.0,4.0,2.43
2023-01-08,NOHFT,LNG,4.0,2.0,4.0,3.0
2023-01-15,NOHFT,LNG,2.0,1.0,4.0,2.0
2023-01-22,NOHFT,LNG,2.0,1.0,6.0,2.62
2023-01-29,NOHFT,LNG,1.0,0.0,4.0,1.88
2023-02-05,NOHFT,LNG,4.0,0.0,5.0,3.0
2023-02-12,NOHFT,LNG,2.0,0.0,4.0,2.0
2023-02-19,NOHFT,LNG,4.0,1.0,4.0,2.75
2023-02-26,NOHFT,LNG,5.0,0.0,5.0,2.38
2023-03-05,NOHFT,LNG,1.0,1.0,4.0,2.62
2023-03-12,NOHFT,LNG,2.0,1.0,5.0,2.62
2023-03-19,NOHFT,LNG,2.0,1.0,6.0,2.5
2023-03-26,NOHFT,LNG,1.0,1.0,7.0,3.0
2023-04-02,NOHFT,LNG,2.0,1.0,7.0,3.0
2023-04-09,NOHFT,LNG,3.0,2.0,5.0,3.0
2023-04-16,NOHFT,LNG,4.0,0.0,4.0,2.12
2023-04-23,NOHFT,LNG,2.0,0.0,3.0,1.62
2023-04-30,NOHFT,LNG,2.0,0.0,4.0,2.38
2023-05-07,NOHFT,LNG,0.0,0.0,3.0,2.0
2023-05-14,NOHFT,LNG,3.0,0.0,3.0,1.5
2023-05-21,NOHFT,LNG,0.0,0.0,5.0,1.88
2023-05-28,NOHFT,LNG,1.0,0.0,3.0,1.5
2023-06-04,NOHFT,LNG,5.0,0.0,5.0,2.0
2023-06-11,NOHFT,LNG,2.0,0.0,4.0,1.62
2023-06-18,NOHFT,LNG,1.0,0.0,4.0,2.12
2023-06-25,NOHFT,LNG,2.0,0.0,3.0,1.62
2023-07-02,NOHFT,LNG,2.0,1.0,4.0,2.25
2023-07-09,NOHFT,LNG,3.0,1.0,4.0,2.75
2023-07-16,NOHFT,LNG,1.0,1.0,3.0,1.75
2023-07-23,NOHFT,LNG,1.0,1.0,5.0,2.25
2023-07-30,NOHFT,LNG,3.0,0.0,5.0,2.75
2023-08-06,NOHFT,LNG,1.0,0.0,5.0,2.38
2023-08-13,NOHFT,LNG,1.0,1.0,5.0,2.62
2023-08-20,NOHFT,LNG,3.0,1.0,4.0,2.5
2023-08-27,NOHFT,LNG,4.0,1.0,5.0,3.0
2023-09-03,NOHFT,LNG,2.0,1.0,6.0,3.25
2023-09-10,NOHFT,LNG,1.0,0.0,5.0,2.57
2023-09-17,NOHFT,LNG,2.0,1.0,3.0,2.14
2023-09-24,NOHFT,LNG,5.0,1.0,6.0,3.57
2023-10-01,NOHFT,LNG,2.0,0.0,4.0,2.0
2023-10-08,NOHFT,LNG,1.0,1.0,5.0,2.43
2023-10-15,NOHFT,LNG,3.0,1.0,4.0,2.43
2023-10-22,NOHFT,LNG,3.0,2.0,4.0,2.71
2023-10-29,NOHFT,LNG,8.0,0.0,8.0,3.29
2023-11-05,NOHFT,LNG,1.0,0.0,5.0,2.43
2023-11-12,NOHFT,LNG,2.0,0.0,7.0,2.86
2023-11-19,NOHFT,LNG,2.0,0.0,3.0,1.71
2023-11-26,NOHFT,LNG,3.0,0.0,4.0,2.71
2023-12-03,NOHFT,LNG,1.0,1.0,7.0,3.14
2023-12-10,NOHFT,LNG,3.0,1.0,4.0,2.71
2023-12-17,NOHFT,LNG,8.0,1.0,8.0,3.14
2023-12-24,NOHFT,LNG,2.0,0.0,4.0,2.29
2023-12-31,NOHFT,LNG,4.0,0.0,4.0,2.43
2024-01-07,NOHFT,LNG,3.0,2.0,4.0,3.0
2024-01-14,NOHFT,LNG,2.0,1.0,4.0,2.0
2024-01-21,NOHFT,LNG,1.0,1.0,6.0,2.62
2024-01-28,NOHFT,LNG,4.0,0.0,4.0,1.88
2024-02-04,NOHFT,LNG,2.0,0.0,5.0,3.0
2024-02-11,NOHFT,LNG,3.0,0.0,4.0,2.0
2024-02-18,NOHFT,LNG,3.0,1.0,4.0,2.75
2024-02-25,NOHFT,LNG,2.0,0.0,5.0,2.38
2024-03-03,NOHFT,LNG,2.0,1.0,4.0,2.62
2024-03-10,NOHFT,LNG,3.0,1.0,5.0,2.62
2024-03-17,NOHFT,LNG,3.0,1.0,6.0,2.5
2024-03-24,NOHFT,LNG,3.0,1.0,7.0,3.0
2024-03-31,NOHFT,LNG,3.0,1.0,7.0,3.0
2024-04-07,NOHFT,LNG,2.0,2.0,5.0,3.0
2024-04-14,NOHFT,LNG,3.0,0.0,4.0,2.12
2024-04-21,NOHFT,LNG,2.0,0.0,3.0,1.62
2024-04-28,NOHFT,LNG,3.0,0.0,4.0,2.38
2024-05-05,NOHFT,LNG,3.0,0.0,3.0,2.0
2024-05-12,NOHFT,LNG,3.0,0.0,3.0,1.5
2024-05-19,NOHFT,LNG,2.0,0.0,5.0,1.88
2024-05-26,NOHFT,LNG,1.0,0.0,3.0,1.5
2024-06-02,NOHFT,LNG,3.0,0.0,5.0,2.0
2024-06-09,NOHFT,LNG,1.0,0.0,4.0,1.62
2024-06-16,NOHFT,LNG,3.0,0.0,4.0,2.12
2024-06-23,NOHFT,LNG,2.0,0.0,3.0,1.62
2024-06-30,NOHFT,LNG,2.0,1.0,4.0,2.25
2024-07-07,NOHFT,LNG,2.0,1.0,4.0,2.75
2024-07-14,NOHFT,LNG,2.0,1.0,3.0,1.75
2024-07-21,NOHFT,LNG,5.0,1.0,5.0,2.25
2024-07-28,NOHFT,LNG,5.0,0.0,5.0,2.75
2024-08-04,NOHFT,LNG,1.0,0.0,5.0,2.38
2024-08-11,NOHFT,LNG,3.0,1.0,5.0,2.62
2024-08-18,NOHFT,LNG,1.0,1.0,4.0,2.5
2024-08-25,NOHFT,LNG,5.0,1.0,5.0,3.0
2024-09-01,NOHFT,LNG,4.0,1.0,6.0,3.25
2024-09-08,NOHFT,LNG,5.0,0.0,5.0,2.57
2024-09-15,NOHFT,LNG,2.0,1.0,3.0,2.14
2024-09-22,NOHFT,LNG,1.0,1.0,6.0,3.57
2024-09-29,NOHFT,LNG,3.0,0.0,4.0,2.0
2024-10-06,NOHFT,LNG,5.0,1.0,5.0,2.43
2024-10-13,NOHFT,LNG,3.0,1.0,4.0,2.43
2024-10-20,NOHFT,LNG,2.0,2.0,4.0,2.71
2024-10-27,NOHFT,LNG,4.0,0.0,8.0,3.29
2024-11-03,NOHFT,LNG,5.0,0.0,5.0,2.43
2024-11-10,NOHFT,LNG,7.0,0.0,7.0,2.86
2024-11-17,NOHFT,LNG,1.0,0.0,3.0,1.71
2024-11-24,NOHFT,LNG,4.0,0.0,4.0,2.71
2024-12-01,NOHFT,LNG,7.0,1.0,7.0,3.14
2024-12-08,NOHFT,LNG,4.0,1.0,4.0,2.71
2024-12-15,NOHFT,LNG,3.0,1.0,8.0,3.14
2024-12-22,NOHFT,LNG,3.0,0.0,4.0,2.29
2024-12-29,NOHFT,LNG,4.0,0.0,4.0,2.43
2025-01-05,NOHFT,LNG,3.0,2.0,4.0,3.0
2025-01-12,NOHFT,LNG,4.0,1.0,4.0,2.0
2025-01-19,NOHFT,LNG,2.0,1.0,6.0,2.62
2025-01-26,NOHFT,LNG,2.0,0.0,4.0,1.88
2025-02-02,NOHFT,LNG,5.0,0.0,5.0,3.0
2025-02-09,NOHFT,LNG,4.0,0.0,4.0,2.0
2025-02-16,NOHFT,LNG,4.0,1.0,4.0,2.75
2025-02-23,NOHFT,LNG,1.0,0.0,5.0,2.38
2025-03-02,NOHFT,LNG,4.0,1.0,4.0,2.62
2025-03-09,NOHFT,LNG,3.0,1.0,5.0,2.62
2025-03-16,NOHFT,LNG,1.0,1.0,6.0,2.5
2025-03-23,NOHFT,LNG,7.0,1.0,7.0,3.0
2025-03-30,NOHFT,LNG,7.0,1.0,7.0,3.0
2025-04-06,NOHFT,LNG,3.0,2.0,5.0,3.0
2025-04-13,NOHFT,LNG,4.0,0.0,4.0,2.12
2025-04-20,NOHFT,LNG,2.0,0.0,3.0,1.62
2025-04-27,NOHFT,LNG,2.0,0.0,4.0,2.38
2025-05-04,NOHFT,LNG,2.0,0.0,3.0,2.0
2025-05-11,NOHFT,LNG,0.0,0.0,3.0,1.5
2025-05-18,NOHFT,LNG,2.0,0.0,5.0,1.88
2025-05-25,NOHFT,LNG,1.0,0.0,3.0,1.5
2025-06-01,NOHFT,LNG,0.0,0.0,5.0,2.0
2025-06-08,NOHFT,LNG,1.0,0.0,4.0,1.62
2025-06-15,NOHFT,LNG,0.0,0.0,4.0,2.12
2025-06-22,NOHFT,LNG,2.0,0.0,3.0,1.62
2025-06-29,NOHFT,LNG,1.0,1.0,4.0,2.25
2025-07-06,NOHFT,LNG,3.0,1.0,4.0,2.75
2025-07-13,NOHFT,LNG,1.0,1.0,3.0,1.75
2025-07-20,NOHFT,LNG,1.0,1.0,5.0,2.25
2025-07-27,NOHFT,LNG,2.0,0.0,5.0,2.75
2025-08-03,NOHFT,LNG,3.0,0.0,5.0,2.38
2025-08-10,NOHFT,LNG,3.0,1.0,5.0,2.62
2025-08-17,NOHFT,LNG,3.0,1.0,4.0,2.5
2025-08-24,NOHFT,LNG,4.0,1.0,5.0,3.0
2025-08-31,NOHFT,LNG,3.0,1.0,6.0,3.25
2025-09-07,NOHFT,LNG,2.0,0.0,5.0,2.57
2025-09-14,NOHFT,LNG,2.0,1.0,3.0,2.14
2025-09-21,NOHFT,LNG,4.0,1.0,6.0,3.57
2025-09-28,NOHFT,LNG,2.0,0.0,4.0,2.0
2025-10-05,NOHFT,LNG,4.0,1.0,5.0,2.43
2025-10-12,NOHFT,LNG,1.0,1.0,4.0,2.43
2025-10-19,NOHFT,LNG,3.0,2.0,4.0,2.71
2025-10-26,NOHFT,LNG,5.0,0.0,8.0,3.29
2025-11-02,NOHFT,LNG,4.0,0.0,5.0,2.43
2025-11-09,NOHFT,LNG,3.0,0.0,7.0,2.86
2025-11-16,NOHFT,LNG,1.0,0.0,3.0,1.71
2025-11-23,NOHFT,LNG,4.0,0.0,4.0,2.71
2025-11-30,NOHFT,LNG,4.0,1.0,7.0,3.14
2025-12-07,NOHFT,LNG,4.0,1.0,4.0,2.71
2025-12-14,NOHFT,LNG,1.0,1.0,8.0,3.14
2025-12-21,NOHFT,LNG,3.0,0.0,4.0,2.29
2025-12-28,NOHFT,LNG,3.0,0.0,4.0,2.43
2026-01-04,NOHFT,LNG,3.0,2.0,4.0,3.0
2026-01-11,NOHFT,LNG,2.0,1.0,4.0,2.0
2026-01-18,NOHFT,LNG,6.0,1.0,6.0,2.62
2026-01-25,NOHFT,LNG,1.0,0.0,4.0,1.88
2026-02-01,NOHFT,LNG,5.0,0.0,5.0,3.0
2026-02-08,NOHFT,LNG,0.0,0.0,4.0,2.0
2026-02-15,NOHFT,LNG,3.0,1.0,4.0,2.75
2026-02-22,NOHFT,LNG,3.0,0.0,5.0,2.38
2026-03-01,NOHFT,LNG,3.0,1.0,4.0,2.62
2026-03-08,NOHFT,LNG,4.0,1.0,5.0,2.62
2026-03-15,NOHFT,LNG,1.0,1.0,6.0,2.5
2026-03-22,NOHFT,LNG,5.0,1.0,7.0,3.0
2026-03-29,NOHFT,LNG,2.0,1.0,7.0,3.0
2026-04-05,NOHFT,LNG,4.0,2.0,5.0,3.0
2026-04-12,NOHFT,LNG,2.0,0.0,4.0,2.12
2026-04-19,NOHFT,LNG,3.0,0.0,3.0,1.62
2026-04-26,NOHFT,LNG,3.0,0.0,4.0,2.38
2026-05-03,NOHFT,LNG,3.0,0.0,3.0,2.0
2026-05-10,NOHFT,LNG,1.0,0.0,3.0,1.5
2026-05-17,NOHFT,LNG,3.0,0.0,5.0,1.88
2026-05-24,NOHFT,LNG,3.0,0.0,3.0,1.5
2026-05-31,NOHFT,LNG,2.0,0.0,5.0,2.0
2026-06-07,NOHFT,LNG,4.0,0.0,4.0,1.62
2026-06-14,NOHFT,LNG,4.0,0.0,4.0,2.12
2026-06-21,NOHFT,LNG,3.0,0.0,3.0,1.62
2026-06-28,NOHFT,LNG,4.0,1.0,4.0,2.25
2026-07-05,NOHFT,LNG,3.0,1.0,4.0,2.75
2026-07-12,NOHFT,LNG,2.0,1.0,3.0,1.75
2026-07-19,NOHFT,LNG,2.0,1.0,5.0,2.25
2026-07-26,NOHFT,LNG,2.0,0.0,5.0,2.75
2026-08-02,NOHFT,LNG,5.0,0.0,5.0,2.38
2026-08-09,NOHFT,LNG,3.0,1.0,5.0,2.62
2026-08-16,NOHFT,LNG,3.0,1.0,4.0,2.5
2026-08-23,NOHFT,LNG,3.0,1.0,5.0,3.0
2026-08-30,NOHFT,LNG,4.0,1.0,6.0,3.25
2019-01-06,QARLF,LNG,22.0,16.0,26.0,22.5
2019-01-13,QARLF,LNG,22.0,21.0,35.0,25.38
2019-01-20,QARLF,LNG,15.0,15.0,28.0,23.25
2019-01-27,QARLF,LNG,32.0,19.0,37.0,28.75
2019-02-03,QARLF,LNG,32.0,21.0,42.0,29.12
2019-02-10,QARLF,LNG,19.0,18.0,37.0,27.75
2019-02-17,QARLF,LNG,30.0,21.0,33.0,28.0
2019-02-24,QARLF,LNG,28.0,24.0,46.0,30.88
2019-03-03,QARLF,LNG,18.0,18.0,37.0,27.5
2019-03-10,QARLF,LNG,24.0,9.0,38.0,27.75
2019-03-17,QARLF,LNG,24.0,7.0,42.0,31.75
2019-03-24,QARLF,LNG,16.0,7.0,39.0,27.88
2019-03-31,QARLF,LNG,14.0,3.0,50.0,29.0
2019-04-07,QARLF,LNG,27.0,6.0,49.0,32.75
2019-04-14,QARLF,LNG,27.0,3.0,40.0,30.62
2019-04-21,QARLF,LNG,30.0,6.0,38.0,29.5
2019-04-28,QARLF,LNG,33.0,3.0,45.0,32.12
2019-05-05,QARLF,LNG,29.0,5.0,40.0,28.25
2019-05-12,QARLF,LNG,36.0,5.0,36.0,27.75
2019-05-19,QARLF,LNG,33.0,7.0,40.0,31.88
2019-05-26,QARLF,LNG,38.0,6.0,41.0,30.5
2019-06-02,QARLF,LNG,37.0,2.0,43.0,32.5
2019-06-09,QARLF,LNG,42.0,4.0,42.0,30.62
2019-06-16,QARLF,LNG,39.0,6.0,39.0,32.62
2019-06-23,QARLF,LNG,31.0,5.0,42.0,32.12
2019-06-30,QARLF,LNG,39.0,6.0,39.0,32.25
2019-07-07,QARLF,LNG,33.0,9.0,42.0,33.5
2019-07-14,QARLF,LNG,39.0,11.0,42.0,33.12
2019-07-21,QARLF,LNG,36.0,4.0,42.0,33.88
2019-07-28,QARLF,LNG,35.0,7.0,37.0,32.12
2019-08-04,QARLF,LNG,30.0,7.0,42.0,32.75
2019-08-11,QARLF,LNG,35.0,7.0,41.0,32.88
2019-08-18,QARLF,LNG,31.0,7.0,38.0,31.12
2019-08-25,QARLF,LNG,32.0,8.0,40.0,31.62
2019-09-01,QARLF,LNG,34.0,6.0,43.0,31.25
2019-09-08,QARLF,LNG,36.0,28.0,37.0,34.57
2019-09-15,QARLF,LNG,38.0,30.0,39.0,35.43
2019-09-22,QARLF,LNG,34.0,34.0,40.0,36.43
2019-09-29,QARLF,LNG,34.0,28.0,37.0,33.43
2019-10-06,QARLF,LNG,34.0,31.0,39.0,34.57
2019-10-13,QARLF,LNG,30.0,29.0,42.0,35.29
2019-10-20,QARLF,LNG,31.0,31.0,39.0,34.14
2019-10-27,QARLF,LNG,32.0,18.0,32.0,27.43
2019-11-03,QARLF,LNG,25.0,16.0,30.0,24.43
2019-11-10,QARLF,LNG,26.0,16.0,30.0,23.43
2019-11-17,QARLF,LNG,9.0,9.0,31.0,22.71
2019-11-24,QARLF,LNG,16.0,16.0,33.0,26.43
2019-12-01,QARLF,LNG,22.0,16.0,40.0,23.71
2019-12-08,QARLF,LNG,22.0,20.0,31.0,26.0
2019-12-15,QARLF,LNG,22.0,13.0,34.0,21.29
2019-12-22,QARLF,LNG,22.0,13.0,36.0,24.57
2019-12-29,QARLF,LNG,21.0,16.0,30.0,22.71
2020-01-05,QARLF,LNG,25.0,16.0,26.0,22.5
2020-01-12,QARLF,LNG,21.0,21.0,35.0,25.38
2020-01-19,QARLF,LNG,24.0,15.0,28.0,23.25
2020-01-26,QARLF,LNG,19.0,19.0,37.0,28.75
2020-02-02,QARLF,LNG,23.0,21.0,42.0,29.12
2020-02-09,QARLF,LNG,24.0,18.0,37.0,27.75
2020-02-16,QARLF,LNG,24.0,21.0,33.0,28.0
2020-02-23,QARLF,LNG,30.0,24.0,46.0,30.88
2020-03-01,QARLF,LNG,25.0,18.0,37.0,27.5
2020-03-08,QARLF,LNG,23.0,9.0,38.0,27.75
2020-03-15,QARLF,LNG,33.0,7.0,42.0,31.75
2020-03-22,QARLF,LNG,29.0,7.0,39.0,27.88
2020-03-29,QARLF,LNG,26.0,3.0,50.0,29.0
2020-04-05,QARLF,LNG,37.0,6.0,49.0,32.75
2020-04-12,QARLF,LNG,32.0,3.0,40.0,30.62
2020-04-19,QARLF,LNG,28.0,6.0,38.0,29.5
2020-04-26,QARLF,LNG,37.0,3.0,45.0,32.12
2020-05-03,QARLF,LNG,29.0,5.0,40.0,28.25
2020-05-10,QARLF,LNG,31.0,5.0,36.0,27.75
2020-05-17,QARLF,LNG,34.0,7.0,40.0,31.88
2020-05-24,QARLF,LNG,37.0,6.0,41.0,30.5
2020-05-31,QARLF,LNG,38.0,2.0,43.0,32.5
2020-06-07,QARLF,LNG,34.0,4.0,42.0,30.62
2020-06-14,QARLF,LNG,37.0,6.0,39.0,32.62
2020-06-21,QARLF,LNG,35.0,5.0,42.0,32.12
2020-06-28,QARLF,LNG,37.0,6.0,39.0,32.25
2020-07-05,QARLF,LNG,37.0,9.0,42.0,33.5
2020-07-12,QARLF,LNG,33.0,11.0,42.0,33.12
2020-07-19,QARLF,LNG,39.0,4.0,42.0,33.88
2020-07-26,QARLF,LNG,34.0,7.0,37.0,32.12
2020-08-02,QARLF,LNG,37.0,7.0,42.0,32.75
2020-08-09,QARLF,LNG,35.0,7.0,41.0,32.88
2020-08-16,QARLF,LNG,33.0,7.0,38.0,31.12
2020-08-23,QARLF,LNG,32.0,8.0,40.0,31.62
2020-08-30,QARLF,LNG,30.0,6.0,43.0,31.25
2020-09-06,QARLF,LNG,36.0,28.0,37.0,34.57
2020-09-13,QARLF,LNG,32.0,30.0,39.0,35.43
2020-09-20,QARLF,LNG,34.0,34.0,40.0,36.43
2020-09-27,QARLF,LNG,33.0,28.0,37.0,33.43
2020-10-04,QARLF,LNG,31.0,31.0,39.0,34.57
2020-10-11,QARLF,LNG,29.0,29.0,42.0,35.29
2020-10-18,QARLF,LNG,34.0,31.0,39.0,34.14
2020-10-25,QARLF,LNG,30.0,18.0,32.0,27.43
2020-11-01,QARLF,LNG,30.0,16.0,30.0,24.43
2020-11-08,QARLF,LNG,28.0,16.0,30.0,23.43
2020-11-15,QARLF,LNG,25.0,9.0,31.0,22.71
2020-11-22,QARLF,LNG,24.0,16.0,33.0,26.43
2020-11-29,QARLF,LNG,20.0,16.0,40.0,23.71
2020-12-06,QARLF,LNG,20.0,20.0,31.0,26.0
2020-12-13,QARLF,LNG,21.0,13.0,34.0,21.29
2020-12-20,QARLF,LNG,27.0,13.0,36.0,24.57
2020-12-27,QARLF,LNG,16.0,16.0,30.0,22.71
2021-01-03,QARLF,LNG,12.0,9.6,14.4,12.0
2021-01-10,QARLF,LNG,16.0,16.0,26.0,22.5
2021-01-17,QARLF,LNG,24.0,21.0,35.0,25.38
2021-01-24,QARLF,LNG,23.0,15.0,28.0,23.25
2021-01-31,QARLF,LNG,35.0,19.0,37.0,28.75
2021-02-07,QARLF,LNG,29.0,21.0,42.0,29.12
2021-02-14,QARLF,LNG,35.0,18.0,37.0,27.75
2021-02-21,QARLF,LNG,33.0,21.0,33.0,28.0
2021-02-28,QARLF,LNG,24.0,24.0,46.0,30.88
2021-03-07,QARLF,LNG,32.0,18.0,37.0,27.5
2021-03-14,QARLF,LNG,34.0,9.0,38.0,27.75
2021-03-21,QARLF,LNG,33.0,7.0,42.0,31.75
2021-03-28,QARLF,LNG,32.0,7.0,39.0,27.88
2021-04-04,QARLF,LNG,27.0,3.0,50.0,29.0
2021-04-11,QARLF,LNG,38.0,6.0,49.0,32.75
2021-04-18,QARLF,LNG,39.0,3.0,40.0,30.62
2021-04-25,QARLF,LNG,36.0,6.0,38.0,29.5
2021-05-02,QARLF,LNG,41.0,3.0,45.0,32.12
2021-05-09,QARLF,LNG,40.0,5.0,40.0,28.25
2021-05-16,QARLF,LNG,34.0,5.0,36.0,27.75
2021-05-23,QARLF,LNG,40.0,7.0,40.0,31.88
2021-05-30,QARLF,LNG,32.0,6.0,41.0,30.5
2021-06-06,QARLF,LNG,36.0,2.0,43.0,32.5
2021-06-13,QARLF,LNG,34.0,4.0,42.0,30.62
2021-06-20,QARLF,LNG,37.0,6.0,39.0,32.62
2021-06-27,QARLF,LNG,34.0,5.0,42.0,32.12
2021-07-04,QARLF,LNG,36.0,6.0,39.0,32.25
2021-07-11,QARLF,LNG,39.0,9.0,42.0,33.5
2021-07-18,QARLF,LNG,29.0,11.0,42.0,33.12
2021-07-25,QARLF,LNG,42.0,4.0,42.0,33.88
2021-08-01,QARLF,LNG,37.0,7.0,37.0,32.12
2021-08-08,QARLF,LNG,37.0,7.0,42.0,32.75
2021-08-15,QARLF,LNG,31.0,7.0,41.0,32.88
2021-08-22,QARLF,LNG,36.0,7.0,38.0,31.12
2021-08-29,QARLF,LNG,30.0,8.0,40.0,31.62
2021-09-05,QARLF,LNG,28.0,6.0,43.0,31.25
2021-09-12,QARLF,LNG,28.0,28.0,37.0,34.57
2021-09-19,QARLF,LNG,38.0,30.0,39.0,35.43
2021-09-26,QARLF,LNG,34.0,34.0,40.0,36.43
2021-10-03,QARLF,LNG,35.0,28.0,37.0,33.43
2021-10-10,QARLF,LNG,39.0,31.0,39.0,34.57
2021-10-17,QARLF,LNG,35.0,29.0,42.0,35.29
2021-10-24,QARLF,LNG,35.0,31.0,39.0,34.14
2021-10-31,QARLF,LNG,30.0,18.0,32.0,27.43
2021-11-07,QARLF,LNG,29.0,16.0,30.0,24.43
2021-11-14,QARLF,LNG,19.0,16.0,30.0,23.43
2021-11-21,QARLF,LNG,26.0,9.0,31.0,22.71
2021-11-28,QARLF,LNG,33.0,16.0,33.0,26.43
2021-12-05,QARLF,LNG,40.0,16.0,40.0,23.71
2021-12-12,QARLF,LNG,31.0,20.0,31.0,26.0
2021-12-19,QARLF,LNG,34.0,13.0,34.0,21.29
2021-12-26,QARLF,LNG,36.0,13.0,36.0,24.57
2022-01-02,QARLF,LNG,27.0,16.0,30.0,22.71
2022-01-09,QARLF,LNG,22.0,16.0,26.0,22.5
2022-01-16,QARLF,LNG,35.0,21.0,35.0,25.38
2022-01-23,QARLF,LNG,26.0,15.0,28.0,23.25
2022-01-30,QARLF,LNG,36.0,19.0,37.0,28.75
2022-02-06,QARLF,LNG,36.0,21.0,42.0,29.12
2022-02-13,QARLF,LNG,28.0,18.0,37.0,27.75
2022-02-20,QARLF,LNG,31.0,21.0,33.0,28.0
2022-02-27,QARLF,LNG,28.0,24.0,46.0,30.88
2022-03-06,QARLF,LNG,34.0,18.0,37.0,27.5
2022-03-13,QARLF,LNG,28.0,9.0,38.0,27.75
2022-03-20,QARLF,LNG,35.0,7.0,42.0,31.75
2022-03-27,QARLF,LNG,33.0,7.0,39.0,27.88
2022-04-03,QARLF,LNG,50.0,3.0,50.0,29.0
2022-04-10,QARLF,LNG,33.0,6.0,49.0,32.75
2022-04-17,QARLF,LNG,31.0,3.0,40.0,30.62
2022-04-24,QARLF,LNG,38.0,6.0,38.0,29.5
2022-05-01,QARLF,LNG,33.0,3.0,45.0,32.12
2022-05-08,QARLF,LNG,36.0,5.0,40.0,28.25
2022-05-15,QARLF,LNG,28.0,5.0,36.0,27.75
2022-05-22,QARLF,LNG,38.0,7.0,40.0,31.88
2022-05-29,QARLF,LNG,28.0,6.0,41.0,30.5
2022-06-05,QARLF,LNG,37.0,2.0,43.0,32.5
2022-06-12,QARLF,LNG,31.0,4.0,42.0,30.62
2022-06-19,QARLF,LNG,34.0,6.0,39.0,32.62
2022-06-26,QARLF,LNG,41.0,5.0,42.0,32.12
2022-07-03,QARLF,LNG,38.0,6.0,39.0,32.25
2022-07-10,QARLF,LNG,39.0,9.0,42.0,33.5
2022-07-17,QARLF,LNG,40.0,11.0,42.0,33.12
2022-07-24,QARLF,LNG,36.0,4.0,42.0,33.88
2022-07-31,QARLF,LNG,37.0,7.0,37.0,32.12
2022-08-07,QARLF,LNG,35.0,7.0,42.0,32.75
2022-08-14,QARLF,LNG,41.0,7.0,41.0,32.88
2022-08-21,QARLF,LNG,37.0,7.0,38.0,31.12
2022-08-28,QARLF,LNG,37.0,8.0,40.0,31.62
2022-09-04,QARLF,LNG,41.0,6.0,43.0,31.25
2022-09-11,QARLF,LNG,36.0,28.0,37.0,34.57
2022-09-18,QARLF,LNG,34.0,30.0,39.0,35.43
2022-09-25,QARLF,LNG,39.0,34.0,40.0,36.43
2022-10-02,QARLF,LNG,37.0,28.0,37.0,33.43
2022-10-09,QARLF,LNG,35.0,31.0,39.0,34.57
2022-10-16,QARLF,LNG,42.0,29.0,42.0,35.29
2022-10-23,QARLF,LNG,39.0,31.0,39.0,34.14
2022-10-30,QARLF,LNG,31.0,18.0,32.0,27.43
2022-11-06,QARLF,LNG,24.0,16.0,30.0,24.43
2022-11-13,QARLF,LNG,30.0,16.0,30.0,23.43
2022-11-20,QARLF,LNG,31.0,9.0,31.0,22.71
2022-11-27,QARLF,LNG,32.0,16.0,33.0,26.43
2022-12-04,QARLF,LNG,29.0,16.0,40.0,23.71
2022-12-11,QARLF,LNG,26.0,20.0,31.0,26.0
2022-12-18,QARLF,LNG,23.0,13.0,34.0,21.29
2022-12-25,QARLF,LNG,23.0,13.0,36.0,24.57
2023-01-01,QARLF,LNG,20.0,16.0,30.0,22.71
2023-01-08,QARLF,LNG,23.0,16.0,26.0,22.5
2023-01-15,QARLF,LNG,21.0,21.0,35.0,25.38
2023-01-22,QARLF,LNG,21.0,15.0,28.0,23.25
2023-01-29,QARLF,LNG,26.0,19.0,37.0,28.75
2023-02-05,QARLF,LNG,42.0,21.0,42.0,29.12
2023-02-12,QARLF,LNG,36.0,18.0,37.0,27.75
2023-02-19,QARLF,LNG,29.0,21.0,33.0,28.0
2023-02-26,QARLF,LNG,46.0,24.0,46.0,30.88
2023-03-05,QARLF,LNG,37.0,18.0,37.0,27.5
2023-03-12,QARLF,LNG,35.0,9.0,38.0,27.75
2023-03-19,QARLF,LNG,42.0,7.0,42.0,31.75
2023-03-26,QARLF,LNG,34.0,7.0,39.0,27.88
2023-04-02,QARLF,LNG,37.0,3.0,50.0,29.0
2023-04-09,QARLF,LNG,49.0,6.0,49.0,32.75
2023-04-16,QARLF,LNG,40.0,3.0,40.0,30.62
2023-04-23,QARLF,LNG,37.0,6.0,38.0,29.5
2023-04-30,QARLF,LNG,45.0,3.0,45.0,32.12
2023-05-07,QARLF,LNG,34.0,5.0,40.0,28.25
2023-05-14,QARLF,LNG,31.0,5.0,36.0,27.75
2023-05-21,QARLF,LNG,33.0,7.0,40.0,31.88
2023-05-28,QARLF,LNG,41.0,6.0,41.0,30.5
2023-06-04,QARLF,LNG,38.0,2.0,43.0,32.5
2023-06-11,QARLF,LNG,36.0,4.0,42.0,30.62
2023-06-18,QARLF,LNG,39.0,6.0,39.0,32.62
2023-06-25,QARLF,LNG,40.0,5.0,42.0,32.12
2023-07-02,QARLF,LNG,39.0,6.0,39.0,32.25
2023-07-09,QARLF,LNG,40.0,9.0,42.0,33.5
2023-07-16,QARLF,LNG,42.0,11.0,42.0,33.12
2023-07-23,QARLF,LNG,41.0,4.0,42.0,33.88
2023-07-30,QARLF,LNG,37.0,7.0,37.0,32.12
2023-08-06,QARLF,LNG,42.0,7.0,42.0,32.75
2023-08-13,QARLF,LNG,38.0,7.0,41.0,32.88
2023-08-20,QARLF,LNG,38.0,7.0,38.0,31.12
2023-08-27,QARLF,LNG,40.0,8.0,40.0,31.62
2023-09-03,QARLF,LNG,33.0,6.0,43.0,31.25
2023-09-10,QARLF,LNG,37.0,28.0,37.0,34.57
2023-09-17,QARLF,LNG,39.0,30.0,39.0,35.43
2023-09-24,QARLF,LNG,35.0,34.0,40.0,36.43
2023-10-01,QARLF,LNG,31.0,28.0,37.0,33.43
2023-10-08,QARLF,LNG,35.0,31.0,39.0,34.57
2023-10-15,QARLF,LNG,39.0,29.0,42.0,35.29
2023-10-22,QARLF,LNG,36.0,31.0,39.0,34.14
2023-10-29,QARLF,LNG,19.0,18.0,32.0,27.43
2023-11-05,QARLF,LNG,16.0,16.0,30.0,24.43
2023-11-12,QARLF,LNG,16.0,16.0,30.0,23.43
2023-11-19,QARLF,LNG,23.0,9.0,31.0,22.71
2023-11-26,QARLF,LNG,21.0,16.0,33.0,26.43
2023-12-03,QARLF,LNG,19.0,16.0,40.0,23.71
2023-12-10,QARLF,LNG,22.0,20.0,31.0,26.0
2023-12-17,QARLF,LNG,18.0,13.0,34.0,21.29
2023-12-24,QARLF,LNG,25.0,13.0,36.0,24.57
2023-12-31,QARLF,LNG,29.0,16.0,30.0,22.71
2024-01-07,QARLF,LNG,24.0,16.0,26.0,22.5
2024-01-14,QARLF,LNG,28.0,21.0,35.0,25.38
2024-01-21,QARLF,LNG,26.0,15.0,28.0,23.25
2024-01-28,QARLF,LNG,37.0,19.0,37.0,28.75
2024-02-04,QARLF,LNG,24.0,21.0,42.0,29.12
2024-02-11,QARLF,LNG,18.0,18.0,37.0,27.75
2024-02-18,QARLF,LNG,21.0,21.0,33.0,28.0
2024-02-25,QARLF,LNG,28.0,24.0,46.0,30.88
2024-03-03,QARLF,LNG,22.0,18.0,37.0,27.5
2024-03-10,QARLF,LNG,38.0,9.0,38.0,27.75
2024-03-17,QARLF,LNG,40.0,7.0,42.0,31.75
2024-03-24,QARLF,LNG,39.0,7.0,39.0,27.88
2024-03-31,QARLF,LNG,36.0,3.0,50.0,29.0
2024-04-07,QARLF,LNG,43.0,6.0,49.0,32.75
2024-04-14,QARLF,LNG,38.0,3.0,40.0,30.62
2024-04-21,QARLF,LNG,37.0,6.0,38.0,29.5
2024-04-28,QARLF,LNG,38.0,3.0,45.0,32.12
2024-05-05,QARLF,LNG,36.0,5.0,40.0,28.25
2024-05-12,QARLF,LNG,34.0,5.0,36.0,27.75
2024-05-19,QARLF,LNG,38.0,7.0,40.0,31.88
2024-05-26,QARLF,LNG,35.0,6.0,41.0,30.5
2024-06-02,QARLF,LNG,43.0,2.0,43.0,32.5
2024-06-09,QARLF,LNG,33.0,4.0,42.0,30.62
2024-06-16,QARLF,LNG,39.0,6.0,39.0,32.62
2024-06-23,QARLF,LNG,42.0,5.0,42.0,32.12
2024-06-30,QARLF,LNG,36.0,6.0,39.0,32.25
2024-07-07,QARLF,LNG,42.0,9.0,42.0,33.5
2024-07-14,QARLF,LNG,42.0,11.0,42.0,33.12
2024-07-21,QARLF,LNG,39.0,4.0,42.0,33.88
2024-07-28,QARLF,LNG,34.0,7.0,37.0,32.12
2024-08-04,QARLF,LNG,37.0,7.0,42.0,32.75
2024-08-11,QARLF,LNG,41.0,7.0,41.0,32.88
2024-08-18,QARLF,LNG,32.0,7.0,38.0,31.12
2024-08-25,QARLF,LNG,34.0,8.0,40.0,31.62
2024-09-01,QARLF,LNG,43.0,6.0,43.0,31.25
2024-09-08,QARLF,LNG,34.0,28.0,37.0,34.57
2024-09-15,QARLF,LNG,37.0,30.0,39.0,35.43
2024-09-22,QARLF,LNG,39.0,34.0,40.0,36.43
2024-09-29,QARLF,LNG,36.0,28.0,37.0,33.43
2024-10-06,QARLF,LNG,35.0,31.0,39.0,34.57
2024-10-13,QARLF,LNG,41.0,29.0,42.0,35.29
2024-10-20,QARLF,LNG,32.0,31.0,39.0,34.14
2024-10-27,QARLF,LNG,18.0,18.0,32.0,27.43
2024-11-03,QARLF,LNG,25.0,16.0,30.0,24.43
2024-11-10,QARLF,LNG,24.0,16.0,30.0,23.43
2024-11-17,QARLF,LNG,29.0,9.0,31.0,22.71
2024-11-24,QARLF,LNG,32.0,16.0,33.0,26.43
2024-12-01,QARLF,LNG,16.0,16.0,40.0,23.71
2024-12-08,QARLF,LNG,31.0,20.0,31.0,26.0
2024-12-15,QARLF,LNG,13.0,13.0,34.0,21.29
2024-12-22,QARLF,LNG,26.0,13.0,36.0,24.57
2024-12-29,QARLF,LNG,30.0,16.0,30.0,22.71
2025-01-05,QARLF,LNG,22.0,16.0,26.0,22.5
2025-01-12,QARLF,LNG,30.0,21.0,35.0,25.38
2025-01-19,QARLF,LNG,23.0,15.0,28.0,23.25
2025-01-26,QARLF,LNG,23.0,19.0,37.0,28.75
2025-02-02,QARLF,LNG,21.0,21.0,42.0,29.12
2025-02-09,QARLF,LNG,25.0,18.0,37.0,27.75
2025-02-16,QARLF,LNG,25.0,21.0,33.0,28.0
2025-02-23,QARLF,LNG,30.0,24.0,46.0,30.88
2025-03-02,QARLF,LNG,21.0,18.0,37.0,27.5
2025-03-09,QARLF,LNG,31.0,9.0,38.0,27.75
2025-03-16,QARLF,LNG,40.0,7.0,42.0,31.75
2025-03-23,QARLF,LNG,33.0,7.0,39.0,27.88
2025-03-30,QARLF,LNG,39.0,3.0,50.0,29.0
2025-04-06,QARLF,LNG,29.0,6.0,49.0,32.75
2025-04-13,QARLF,LNG,35.0,3.0,40.0,30.62
2025-04-20,QARLF,LNG,24.0,6.0,38.0,29.5
2025-04-27,QARLF,LNG,27.0,3.0,45.0,32.12
2025-05-04,QARLF,LNG,17.0,5.0,40.0,28.25
2025-05-11,QARLF,LNG,23.0,5.0,36.0,27.75
2025-05-18,QARLF,LNG,32.0,7.0,40.0,31.88
2025-05-25,QARLF,LNG,27.0,6.0,41.0,30.5
2025-06-01,QARLF,LNG,29.0,2.0,43.0,32.5
2025-06-08,QARLF,LNG,31.0,4.0,42.0,30.62
2025-06-15,QARLF,LNG,30.0,6.0,39.0,32.62
2025-06-22,QARLF,LNG,29.0,5.0,42.0,32.12
2025-06-29,QARLF,LNG,27.0,6.0,39.0,32.25
2025-07-06,QARLF,LNG,29.0,9.0,42.0,33.5
2025-07-13,QARLF,LNG,29.0,11.0,42.0,33.12
2025-07-20,QARLF,LNG,34.0,4.0,42.0,33.88
2025-07-27,QARLF,LNG,36.0,7.0,37.0,32.12
2025-08-03,QARLF,LNG,37.0,7.0,42.0,32.75
2025-08-10,QARLF,LNG,35.0,7.0,41.0,32.88
2025-08-17,QARLF,LNG,35.0,7.0,38.0,31.12
2025-08-24,QARLF,LNG,40.0,8.0,40.0,31.62
2025-08-31,QARLF,LNG,35.0,6.0,43.0,31.25
2025-09-07,QARLF,LNG,35.0,28.0,37.0,34.57
2025-09-14,QARLF,LNG,30.0,30.0,39.0,35.43
2025-09-21,QARLF,LNG,40.0,34.0,40.0,36.43
2025-09-28,QARLF,LNG,28.0,28.0,37.0,33.43
2025-10-05,QARLF,LNG,33.0,31.0,39.0,34.57
2025-10-12,QARLF,LNG,31.0,29.0,42.0,35.29
2025-10-19,QARLF,LNG,32.0,31.0,39.0,34.14
2025-10-26,QARLF,LNG,32.0,18.0,32.0,27.43
2025-11-02,QARLF,LNG,22.0,16.0,30.0,24.43
2025-11-09,QARLF,LNG,21.0,16.0,30.0,23.43
2025-11-16,QARLF,LNG,16.0,9.0,31.0,22.71
2025-11-23,QARLF,LNG,27.0,16.0,33.0,26.43
2025-11-30,QARLF,LNG,20.0,16.0,40.0,23.71
2025-12-07,QARLF,LNG,30.0,20.0,31.0,26.0
2025-12-14,QARLF,LNG,18.0,13.0,34.0,21.29
2025-12-21,QARLF,LNG,13.0,13.0,36.0,24.57
2025-12-28,QARLF,LNG,16.0,16.0,30.0,22.71
2026-01-04,QARLF,LNG,26.0,16.0,26.0,22.5
2026-01-11,QARLF,LNG,22.0,21.0,35.0,25.38
2026-01-18,QARLF,LNG,28.0,15.0,28.0,23.25
2026-01-25,QARLF,LNG,22.0,19.0,37.0,28.75
2026-02-01,QARLF,LNG,26.0,21.0,42.0,29.12
2026-02-08,QARLF,LNG,37.0,18.0,37.0,27.75
2026-02-15,QARLF,LNG,31.0,21.0,33.0,28.0
2026-02-22,QARLF,LNG,33.0,24.0,46.0,30.88
2026-03-01,QARLF,LNG,31.0,18.0,37.0,27.5
2026-03-08,QARLF,LNG,9.0,9.0,38.0,27.75
2026-03-15,QARLF,LNG,7.0,7.0,42.0,31.75
2026-03-22,QARLF,LNG,7.0,7.0,39.0,27.88
2026-03-29,QARLF,LNG,3.0,3.0,50.0,29.0
2026-04-05,QARLF,LNG,6.0,6.0,49.0,32.75
2026-04-12,QARLF,LNG,3.0,3.0,40.0,30.62
2026-04-19,QARLF,LNG,6.0,6.0,38.0,29.5
2026-04-26,QARLF,LNG,3.0,3.0,45.0,32.12
2026-05-03,QARLF,LNG,5.0,5.0,40.0,28.25
2026-05-10,QARLF,LNG,5.0,5.0,36.0,27.75
2026-05-17,QARLF,LNG,7.0,7.0,40.0,31.88
2026-05-24,QARLF,LNG,6.0,6.0,41.0,30.5
2026-05-31,QARLF,LNG,2.0,2.0,43.0,32.5
2026-06-07,QARLF,LNG,4.0,4.0,42.0,30.62
2026-06-14,QARLF,LNG,6.0,6.0,39.0,32.62
2026-06-21,QARLF,LNG,5.0,5.0,42.0,32.12
2026-06-28,QARLF,LNG,6.0,6.0,39.0,32.25
2026-07-05,QARLF,LNG,9.0,9.0,42.0,33.5
2026-07-12,QARLF,LNG,11.0,11.0,42.0,33.12
2026-07-19,QARLF,LNG,4.0,4.0,42.0,33.88
2026-07-26,QARLF,LNG,7.0,7.0,37.0,32.12
2026-08-02,QARLF,LNG,7.0,7.0,42.0,32.75
2026-08-09,QARLF,LNG,7.0,7.0,41.0,32.88
2026-08-16,QARLF,LNG,7.0,7.0,38.0,31.12
2026-08-23,QARLF,LNG,8.0,8.0,40.0,31.62
2026-08-30,QARLF,LNG,6.0,6.0,43.0,31.25
2019-01-06,USCMR,LNG,15.0,8.0,15.0,12.75
2019-01-13,USCMR,LNG,11.0,8.0,15.0,11.5
2019-01-20,USCMR,LNG,10.0,10.0,16.0,13.25
2019-01-27,USCMR,LNG,12.0,11.0,17.0,12.88
2019-02-03,USCMR,LNG,8.0,8.0,16.0,12.88
2019-02-10,USCMR,LNG,13.0,9.0,14.0,12.0
2019-02-17,USCMR,LNG,10.0,4.0,19.0,11.0
2019-02-24,USCMR,LNG,9.0,8.0,17.0,10.75
2019-03-03,USCMR,LNG,10.0,6.0,14.0,11.0
2019-03-10,USCMR,LNG,10.0,7.0,17.0,12.0
2019-03-17,USCMR,LNG,12.0,10.0,17.0,11.88
2019-03-24,USCMR,LNG,11.0,10.0,19.0,12.75
2019-03-31,USCMR,LNG,9.0,7.0,15.0,11.5
2019-04-07,USCMR,LNG,16.0,9.0,16.0,11.75
2019-04-14,USCMR,LNG,5.0,5.0,16.0,10.88
2019-04-21,USCMR,LNG,13.0,9.0,16.0,12.38
2019-04-28,USCMR,LNG,10.0,7.0,13.0,11.5
2019-05-05,USCMR,LNG,10.0,9.0,16.0,11.25
2019-05-12,USCMR,LNG,12.0,8.0,15.0,11.0
2019-05-19,USCMR,LNG,10.0,8.0,17.0,11.88
2019-05-26,USCMR,LNG,14.0,8.0,14.0,12.0
2019-06-02,USCMR,LNG,15.0,8.0,15.0,11.88
2019-06-09,USCMR,LNG,12.0,7.0,17.0,12.88
2019-06-16,USCMR,LNG,12.0,8.0,16.0,12.25
2019-06-23,USCMR,LNG,12.0,11.0,17.0,14.0
2019-06-30,USCMR,LNG,13.0,10.0,14.0,12.12
2019-07-07,USCMR,LNG,12.0,10.0,16.0,13.12
2019-07-14,USCMR,LNG,13.0,9.0,16.0,12.38
2019-07-21,USCMR,LNG,16.0,9.0,16.0,13.38
2019-07-28,USCMR,LNG,12.0,9.0,14.0,12.38
2019-08-04,USCMR,LNG,12.0,9.0,14.0,12.25
2019-08-11,USCMR,LNG,7.0,7.0,16.0,12.25
2019-08-18,USCMR,LNG,15.0,9.0,15.0,12.25
2019-08-25,USCMR,LNG,12.0,9.0,15.0,12.38
2019-09-01,USCMR,LNG,13.0,0.0,19.0,11.12
2019-09-08,USCMR,LNG,11.0,2.0,13.0,10.14
2019-09-15,USCMR,LNG,14.0,0.0,14.0,10.0
2019-09-22,USCMR,LNG,12.0,0.0,15.0,10.57
2019-09-29,USCMR,LNG,13.0,0.0,14.0,10.57
2019-10-06,USCMR,LNG,13.0,4.0,13.0,9.43
2019-10-13,USCMR,LNG,8.0,2.0,16.0,10.71
2019-10-20,USCMR,LNG,13.0,1.0,13.0,9.43
2019-10-27,USCMR,LNG,18.0,9.0,18.0,12.43
2019-11-03,USCMR,LNG,11.0,8.0,13.0,10.86
2019-11-10,USCMR,LNG,13.0,8.0,18.0,13.0
2019-11-17,USCMR,LNG,8.0,8.0,20.0,14.29
2019-11-24,USCMR,LNG,12.0,9.0,19.0,13.0
2019-12-01,USCMR,LNG,13.0,12.0,16.0,13.86
2019-12-08,USCMR,LNG,14.0,11.0,18.0,15.0
2019-12-15,USCMR,LNG,8.0,8.0,16.0,12.71
2019-12-22,USCMR,LNG,12.0,12.0,16.0,13.43
2019-12-29,USCMR,LNG,16.0,9.0,17.0,14.14
2020-01-05,USCMR,LNG,8.0,8.0,15.0,12.75
2020-01-12,USCMR,LNG,11.0,8.0,15.0,11.5
2020-01-19,USCMR,LNG,13.0,10.0,16.0,13.25
2020-01-26,USCMR,LNG,12.0,11.0,17.0,12.88
2020-02-02,USCMR,LNG,16.0,8.0,16.0,12.88
2020-02-09,USCMR,LNG,13.0,9.0,14.0,12.0
2020-02-16,USCMR,LNG,10.0,4.0,19.0,11.0
2020-02-23,USCMR,LNG,9.0,8.0,17.0,10.75
2020-03-01,USCMR,LNG,14.0,6.0,14.0,11.0
2020-03-08,USCMR,LNG,13.0,7.0,17.0,12.0
2020-03-15,USCMR,LNG,17.0,10.0,17.0,11.88
2020-03-22,USCMR,LNG,17.0,10.0,19.0,12.75
2020-03-29,USCMR,LNG,15.0,7.0,15.0,11.5
2020-04-05,USCMR,LNG,13.0,9.0,16.0,11.75
2020-04-12,USCMR,LNG,9.0,5.0,16.0,10.88
2020-04-19,USCMR,LNG,12.0,9.0,16.0,12.38
2020-04-26,USCMR,LNG,12.0,7.0,13.0,11.5
2020-05-03,USCMR,LNG,9.0,9.0,16.0,11.25
2020-05-10,USCMR,LNG,8.0,8.0,15.0,11.0
2020-05-17,USCMR,LNG,10.0,8.0,17.0,11.88
2020-05-24,USCMR,LNG,8.0,8.0,14.0,12.0
2020-05-31,USCMR,LNG,12.0,8.0,15.0,11.88
2020-06-07,USCMR,LNG,13.0,7.0,17.0,12.88
2020-06-14,USCMR,LNG,16.0,8.0,16.0,12.25
2020-06-21,USCMR,LNG,12.0,11.0,17.0,14.0
2020-06-28,USCMR,LNG,12.0,10.0,14.0,12.12
2020-07-05,USCMR,LNG,15.0,10.0,16.0,13.12
2020-07-12,USCMR,LNG,9.0,9.0,16.0,12.38
2020-07-19,USCMR,LNG,14.0,9.0,16.0,13.38
2020-07-26,USCMR,LNG,9.0,9.0,14.0,12.38
2020-08-02,USCMR,LNG,9.0,9.0,14.0,12.25
2020-08-09,USCMR,LNG,12.0,7.0,16.0,12.25
2020-08-16,USCMR,LNG,9.0,9.0,15.0,12.25
2020-08-23,USCMR,LNG,15.0,9.0,15.0,12.38
2020-08-30,USCMR,LNG,0.0,0.0,19.0,11.12
2020-09-06,USCMR,LNG,2.0,2.0,13.0,10.14
2020-09-13,USCMR,LNG,0.0,0.0,14.0,10.0
2020-09-20,USCMR,LNG,0.0,0.0,15.0,10.57
2020-09-27,USCMR,LNG,0.0,0.0,14.0,10.57
2020-10-04,USCMR,LNG,4.0,4.0,13.0,9.43
2020-10-11,USCMR,LNG,2.0,2.0,16.0,10.71
2020-10-18,USCMR,LNG,1.0,1.0,13.0,9.43
2020-10-25,USCMR,LNG,11.0,9.0,18.0,12.43
2020-11-01,USCMR,LNG,9.0,8.0,13.0,10.86
2020-11-08,USCMR,LNG,15.0,8.0,18.0,13.0
2020-11-15,USCMR,LNG,20.0,8.0,20.0,14.29
2020-11-22,USCMR,LNG,15.0,9.0,19.0,13.0
2020-11-29,USCMR,LNG,16.0,12.0,16.0,13.86
2020-12-06,USCMR,LNG,18.0,11.0,18.0,15.0
2020-12-13,USCMR,LNG,16.0,8.0,16.0,12.71
2020-12-20,USCMR,LNG,12.0,12.0,16.0,13.43
2020-12-27,USCMR,LNG,16.0,9.0,17.0,14.14
2021-01-03,USCMR,LNG,14.0,11.2,16.8,14.0
2021-01-10,USCMR,LNG,11.0,8.0,15.0,12.75
2021-01-17,USCMR,LNG,8.0,8.0,15.0,11.5
2021-01-24,USCMR,LNG,14.0,10.0,16.0,13.25
2021-01-31,USCMR,LNG,17.0,11.0,17.0,12.88
2021-02-07,USCMR,LNG,11.0,8.0,16.0,12.88
2021-02-14,USCMR,LNG,14.0,9.0,14.0,12.0
2021-02-21,USCMR,LNG,4.0,4.0,19.0,11.0
2021-02-28,USCMR,LNG,17.0,8.0,17.0,10.75
2021-03-07,USCMR,LNG,9.0,6.0,14.0,11.0
2021-03-14,USCMR,LNG,10.0,7.0,17.0,12.0
2021-03-21,USCMR,LNG,10.0,10.0,17.0,11.88
2021-03-28,USCMR,LNG,19.0,10.0,19.0,12.75
2021-04-04,USCMR,LNG,7.0,7.0,15.0,11.5
2021-04-11,USCMR,LNG,11.0,9.0,16.0,11.75
2021-04-18,USCMR,LNG,10.0,5.0,16.0,10.88
2021-04-25,USCMR,LNG,14.0,9.0,16.0,12.38
2021-05-02,USCMR,LNG,12.0,7.0,13.0,11.5
2021-05-09,USCMR,LNG,10.0,9.0,16.0,11.25
2021-05-16,USCMR,LNG,11.0,8.0,15.0,11.0
2021-05-23,USCMR,LNG,17.0,8.0,17.0,11.88
2021-05-30,USCMR,LNG,14.0,8.0,14.0,12.0
2021-06-06,USCMR,LNG,8.0,8.0,15.0,11.88
2021-06-13,USCMR,LNG,15.0,7.0,17.0,12.88
2021-06-20,USCMR,LNG,8.0,8.0,16.0,12.25
2021-06-27,USCMR,LNG,11.0,11.0,17.0,14.0
2021-07-04,USCMR,LNG,13.0,10.0,14.0,12.12
2021-07-11,USCMR,LNG,13.0,10.0,16.0,13.12
2021-07-18,USCMR,LNG,16.0,9.0,16.0,12.38
2021-07-25,USCMR,LNG,14.0,9.0,16.0,13.38
2021-08-01,USCMR,LNG,11.0,9.0,14.0,12.38
2021-08-08,USCMR,LNG,13.0,9.0,14.0,12.25
2021-08-15,USCMR,LNG,15.0,7.0,16.0,12.25
2021-08-22,USCMR,LNG,10.0,9.0,15.0,12.25
2021-08-29,USCMR,LNG,9.0,9.0,15.0,12.38
2021-09-05,USCMR,LNG,19.0,0.0,19.0,11.12
2021-09-12,USCMR,LNG,11.0,2.0,13.0,10.14
2021-09-19,USCMR,LNG,11.0,0.0,14.0,10.0
2021-09-26,USCMR,LNG,13.0,0.0,15.0,10.57
2021-10-03,USCMR,LNG,13.0,0.0,14.0,10.57
2021-10-10,USCMR,LNG,11.0,4.0,13.0,9.43
2021-10-17,USCMR,LNG,15.0,2.0,16.0,10.71
2021-10-24,USCMR,LNG,9.0,1.0,13.0,9.43
2021-10-31,USCMR,LNG,11.0,9.0,18.0,12.43
2021-11-07,USCMR,LNG,13.0,8.0,13.0,10.86
2021-11-14,USCMR,LNG,8.0,8.0,18.0,13.0
2021-11-21,USCMR,LNG,13.0,8.0,20.0,14.29
2021-11-28,USCMR,LNG,19.0,9.0,19.0,13.0
2021-12-05,USCMR,LNG,14.0,12.0,16.0,13.86
2021-12-12,USCMR,LNG,13.0,11.0,18.0,15.0
2021-12-19,USCMR,LNG,16.0,8.0,16.0,12.71
2021-12-26,USCMR,LNG,16.0,12.0,16.0,13.43
2022-01-02,USCMR,LNG,17.0,9.0,17.0,14.14
2022-01-09,USCMR,LNG,14.0,8.0,15.0,12.75
2022-01-16,USCMR,LNG,10.0,8.0,15.0,11.5
2022-01-23,USCMR,LNG,16.0,10.0,16.0,13.25
2022-01-30,USCMR,LNG,15.0,11.0,17.0,12.88
2022-02-06,USCMR,LNG,13.0,8.0,16.0,12.88
2022-02-13,USCMR,LNG,14.0,9.0,14.0,12.0
2022-02-20,USCMR,LNG,19.0,4.0,19.0,11.0
2022-02-27,USCMR,LNG,11.0,8.0,17.0,10.75
2022-03-06,USCMR,LNG,14.0,6.0,14.0,11.0
2022-03-13,USCMR,LNG,17.0,7.0,17.0,12.0
2022-03-20,USCMR,LNG,12.0,10.0,17.0,11.88
2022-03-27,USCMR,LNG,13.0,10.0,19.0,12.75
2022-04-03,USCMR,LNG,15.0,7.0,15.0,11.5
2022-04-10,USCMR,LNG,14.0,9.0,16.0,11.75
2022-04-17,USCMR,LNG,13.0,5.0,16.0,10.88
2022-04-24,USCMR,LNG,11.0,9.0,16.0,12.38
2022-05-01,USCMR,LNG,13.0,7.0,13.0,11.5
2022-05-08,USCMR,LNG,16.0,9.0,16.0,11.25
2022-05-15,USCMR,LNG,9.0,8.0,15.0,11.0
2022-05-22,USCMR,LNG,11.0,8.0,17.0,11.88
2022-05-29,USCMR,LNG,11.0,8.0,14.0,12.0
2022-06-05,USCMR,LNG,15.0,8.0,15.0,11.88
2022-06-12,USCMR,LNG,14.0,7.0,17.0,12.88
2022-06-19,USCMR,LNG,14.0,8.0,16.0,12.25
2022-06-26,USCMR,LNG,15.0,11.0,17.0,14.0
2022-07-03,USCMR,LNG,10.0,10.0,14.0,12.12
2022-07-10,USCMR,LNG,16.0,10.0,16.0,13.12
2022-07-17,USCMR,LNG,12.0,9.0,16.0,12.38
2022-07-24,USCMR,LNG,16.0,9.0,16.0,13.38
2022-07-31,USCMR,LNG,13.0,9.0,14.0,12.38
2022-08-07,USCMR,LNG,13.0,9.0,14.0,12.25
2022-08-14,USCMR,LNG,12.0,7.0,16.0,12.25
2022-08-21,USCMR,LNG,11.0,9.0,15.0,12.25
2022-08-28,USCMR,LNG,13.0,9.0,15.0,12.38
2022-09-04,USCMR,LNG,13.0,0.0,19.0,11.12
2022-09-11,USCMR,LNG,13.0,2.0,13.0,10.14
2022-09-18,USCMR,LNG,12.0,0.0,14.0,10.0
2022-09-25,USCMR,LNG,10.0,0.0,15.0,10.57
2022-10-02,USCMR,LNG,10.0,0.0,14.0,10.57
2022-10-09,USCMR,LNG,10.0,4.0,13.0,9.43
2022-10-16,USCMR,LNG,16.0,2.0,16.0,10.71
2022-10-23,USCMR,LNG,9.0,1.0,13.0,9.43
2022-10-30,USCMR,LNG,13.0,9.0,18.0,12.43
2022-11-06,USCMR,LNG,8.0,8.0,13.0,10.86
2022-11-13,USCMR,LNG,12.0,8.0,18.0,13.0
2022-11-20,USCMR,LNG,17.0,8.0,20.0,14.29
2022-11-27,USCMR,LNG,9.0,9.0,19.0,13.0
2022-12-04,USCMR,LNG,15.0,12.0,16.0,13.86
2022-12-11,USCMR,LNG,16.0,11.0,18.0,15.0
2022-12-18,USCMR,LNG,11.0,8.0,16.0,12.71
2022-12-25,USCMR,LNG,13.0,12.0,16.0,13.43
2023-01-01,USCMR,LNG,9.0,9.0,17.0,14.14
2023-01-08,USCMR,LNG,14.0,8.0,15.0,12.75
2023-01-15,USCMR,LNG,15.0,8.0,15.0,11.5
2023-01-22,USCMR,LNG,11.0,10.0,16.0,13.25
2023-01-29,USCMR,LNG,12.0,11.0,17.0,12.88
2023-02-05,USCMR,LNG,14.0,8.0,16.0,12.88
2023-02-12,USCMR,LNG,9.0,9.0,14.0,12.0
2023-02-19,USCMR,LNG,13.0,4.0,19.0,11.0
2023-02-26,USCMR,LNG,11.0,8.0,17.0,10.75
2023-03-05,USCMR,LNG,6.0,6.0,14.0,11.0
2023-03-12,USCMR,LNG,13.0,7.0,17.0,12.0
2023-03-19,USCMR,LNG,11.0,10.0,17.0,11.88
2023-03-26,USCMR,LNG,11.0,10.0,19.0,12.75
2023-04-02,USCMR,LNG,13.0,7.0,15.0,11.5
2023-04-09,USCMR,LNG,10.0,9.0,16.0,11.75
2023-04-16,USCMR,LNG,10.0,5.0,16.0,10.88
2023-04-23,USCMR,LNG,11.0,9.0,16.0,12.38
2023-04-30,USCMR,LNG,12.0,7.0,13.0,11.5
2023-05-07,USCMR,LNG,11.0,9.0,16.0,11.25
2023-05-14,USCMR,LNG,13.0,8.0,15.0,11.0
2023-05-21,USCMR,LNG,8.0,8.0,17.0,11.88
2023-05-28,USCMR,LNG,13.0,8.0,14.0,12.0
2023-06-04,USCMR,LNG,13.0,8.0,15.0,11.88
2023-06-11,USCMR,LNG,13.0,7.0,17.0,12.88
2023-06-18,USCMR,LNG,13.0,8.0,16.0,12.25
2023-06-25,USCMR,LNG,14.0,11.0,17.0,14.0
2023-07-02,USCMR,LNG,14.0,10.0,14.0,12.12
2023-07-09,USCMR,LNG,13.0,10.0,16.0,13.12
2023-07-16,USCMR,LNG,9.0,9.0,16.0,12.38
2023-07-23,USCMR,LNG,15.0,9.0,16.0,13.38
2023-07-30,USCMR,LNG,14.0,9.0,14.0,12.38
2023-08-06,USCMR,LNG,14.0,9.0,14.0,12.25
2023-08-13,USCMR,LNG,9.0,7.0,16.0,12.25
2023-08-20,USCMR,LNG,12.0,9.0,15.0,12.25
2023-08-27,USCMR,LNG,15.0,9.0,15.0,12.38
2023-09-03,USCMR,LNG,10.0,0.0,19.0,11.12
2023-09-10,USCMR,LNG,12.0,2.0,13.0,10.14
2023-09-17,USCMR,LNG,11.0,0.0,14.0,10.0
2023-09-24,USCMR,LNG,15.0,0.0,15.0,10.57
2023-10-01,USCMR,LNG,14.0,0.0,14.0,10.57
2023-10-08,USCMR,LNG,8.0,4.0,13.0,9.43
2023-10-15,USCMR,LNG,12.0,2.0,16.0,10.71
2023-10-22,USCMR,LNG,11.0,1.0,13.0,9.43
2023-10-29,USCMR,LNG,14.0,9.0,18.0,12.43
2023-11-05,USCMR,LNG,11.0,8.0,13.0,10.86
2023-11-12,USCMR,LNG,18.0,8.0,18.0,13.0
2023-11-19,USCMR,LNG,15.0,8.0,20.0,14.29
2023-11-26,USCMR,LNG,13.0,9.0,19.0,13.0
2023-12-03,USCMR,LNG,13.0,12.0,16.0,13.86
2023-12-10,USCMR,LNG,17.0,11.0,18.0,15.0
2023-12-17,USCMR,LNG,11.0,8.0,16.0,12.71
2023-12-24,USCMR,LNG,14.0,12.0,16.0,13.43
2023-12-31,USCMR,LNG,13.0,9.0,17.0,14.14
2024-01-07,USCMR,LNG,14.0,8.0,15.0,12.75
2024-01-14,USCMR,LNG,13.0,8.0,15.0,11.5
2024-01-21,USCMR,LNG,11.0,10.0,16.0,13.25
2024-01-28,USCMR,LNG,11.0,11.0,17.0,12.88
2024-02-04,USCMR,LNG,15.0,8.0,16.0,12.88
2024-02-11,USCMR,LNG,9.0,9.0,14.0,12.0
2024-02-18,USCMR,LNG,14.0,4.0,19.0,11.0
2024-02-25,USCMR,LNG,10.0,8.0,17.0,10.75
2024-03-03,USCMR,LNG,9.0,6.0,14.0,11.0
2024-03-10,USCMR,LNG,14.0,7.0,17.0,12.0
2024-03-17,USCMR,LNG,12.0,10.0,17.0,11.88
2024-03-24,USCMR,LNG,11.0,10.0,19.0,12.75
2024-03-31,USCMR,LNG,9.0,7.0,15.0,11.5
2024-04-07,USCMR,LNG,10.0,9.0,16.0,11.75
2024-04-14,USCMR,LNG,11.0,5.0,16.0,10.88
2024-04-21,USCMR,LNG,16.0,9.0,16.0,12.38
2024-04-28,USCMR,LNG,13.0,7.0,13.0,11.5
2024-05-05,USCMR,LNG,9.0,9.0,16.0,11.25
2024-05-12,USCMR,LNG,15.0,8.0,15.0,11.0
2024-05-19,USCMR,LNG,13.0,8.0,17.0,11.88
2024-05-26,USCMR,LNG,11.0,8.0,14.0,12.0
2024-06-02,USCMR,LNG,10.0,8.0,15.0,11.88
2024-06-09,USCMR,LNG,12.0,7.0,17.0,12.88
2024-06-16,USCMR,LNG,12.0,8.0,16.0,12.25
2024-06-23,USCMR,LNG,15.0,11.0,17.0,14.0
2024-06-30,USCMR,LNG,12.0,10.0,14.0,12.12
2024-07-07,USCMR,LNG,10.0,10.0,16.0,13.12
2024-07-14,USCMR,LNG,13.0,9.0,16.0,12.38
2024-07-21,USCMR,LNG,9.0,9.0,16.0,13.38
2024-07-28,USCMR,LNG,14.0,9.0,14.0,12.38
2024-08-04,USCMR,LNG,13.0,9.0,14.0,12.25
2024-08-11,USCMR,LNG,15.0,7.0,16.0,12.25
2024-08-18,USCMR,LNG,13.0,9.0,15.0,12.25
2024-08-25,USCMR,LNG,13.0,9.0,15.0,12.38
2024-09-01,USCMR,LNG,13.0,0.0,19.0,11.12
2024-09-08,USCMR,LNG,11.0,2.0,13.0,10.14
2024-09-15,USCMR,LNG,9.0,0.0,14.0,10.0
2024-09-22,USCMR,LNG,13.0,0.0,15.0,10.57
2024-09-29,USCMR,LNG,12.0,0.0,14.0,10.57
2024-10-06,USCMR,LNG,8.0,4.0,13.0,9.43
2024-10-13,USCMR,LNG,13.0,2.0,16.0,10.71
2024-10-20,USCMR,LNG,11.0,1.0,13.0,9.43
2024-10-27,USCMR,LNG,11.0,9.0,18.0,12.43
2024-11-03,USCMR,LNG,12.0,8.0,13.0,10.86
2024-11-10,USCMR,LNG,14.0,8.0,18.0,13.0
2024-11-17,USCMR,LNG,13.0,8.0,20.0,14.29
2024-11-24,USCMR,LNG,10.0,9.0,19.0,13.0
2024-12-01,USCMR,LNG,14.0,12.0,16.0,13.86
2024-12-08,USCMR,LNG,11.0,11.0,18.0,15.0
2024-12-15,USCMR,LNG,14.0,8.0,16.0,12.71
2024-12-22,USCMR,LNG,15.0,12.0,16.0,13.43
2024-12-29,USCMR,LNG,17.0,9.0,17.0,14.14
2025-01-05,USCMR,LNG,13.0,8.0,15.0,12.75
2025-01-12,USCMR,LNG,13.0,8.0,15.0,11.5
2025-01-19,USCMR,LNG,15.0,10.0,16.0,13.25
2025-01-26,USCMR,LNG,13.0,11.0,17.0,12.88
2025-02-02,USCMR,LNG,16.0,8.0,16.0,12.88
2025-02-09,USCMR,LNG,11.0,9.0,14.0,12.0
2025-02-16,USCMR,LNG,10.0,4.0,19.0,11.0
2025-02-23,USCMR,LNG,8.0,8.0,17.0,10.75
2025-03-02,USCMR,LNG,12.0,6.0,14.0,11.0
2025-03-09,USCMR,LNG,7.0,7.0,17.0,12.0
2025-03-16,USCMR,LNG,11.0,10.0,17.0,11.88
2025-03-23,USCMR,LNG,10.0,10.0,19.0,12.75
2025-03-30,USCMR,LNG,13.0,7.0,15.0,11.5
2025-04-06,USCMR,LNG,9.0,9.0,16.0,11.75
2025-04-13,USCMR,LNG,13.0,5.0,16.0,10.88
2025-04-20,USCMR,LNG,13.0,9.0,16.0,12.38
2025-04-27,USCMR,LNG,7.0,7.0,13.0,11.5
2025-05-04,USCMR,LNG,9.0,9.0,16.0,11.25
2025-05-11,USCMR,LNG,10.0,8.0,15.0,11.0
2025-05-18,USCMR,LNG,12.0,8.0,17.0,11.88
2025-05-25,USCMR,LNG,13.0,8.0,14.0,12.0
2025-06-01,USCMR,LNG,11.0,8.0,15.0,11.88
2025-06-08,USCMR,LNG,7.0,7.0,17.0,12.88
2025-06-15,USCMR,LNG,10.0,8.0,16.0,12.25
2025-06-22,USCMR,LNG,16.0,11.0,17.0,14.0
2025-06-29,USCMR,LNG,10.0,10.0,14.0,12.12
2025-07-06,USCMR,LNG,10.0,10.0,16.0,13.12
2025-07-13,USCMR,LNG,12.0,9.0,16.0,12.38
2025-07-20,USCMR,LNG,14.0,9.0,16.0,13.38
2025-07-27,USCMR,LNG,12.0,9.0,14.0,12.38
2025-08-03,USCMR,LNG,13.0,9.0,14.0,12.25
2025-08-10,USCMR,LNG,12.0,7.0,16.0,12.25
2025-08-17,USCMR,LNG,14.0,9.0,15.0,12.25
2025-08-24,USCMR,LNG,10.0,9.0,15.0,12.38
2025-08-31,USCMR,LNG,10.0,0.0,19.0,11.12
2025-09-07,USCMR,LNG,11.0,2.0,13.0,10.14
2025-09-14,USCMR,LNG,13.0,0.0,14.0,10.0
2025-09-21,USCMR,LNG,11.0,0.0,15.0,10.57
2025-09-28,USCMR,LNG,12.0,0.0,14.0,10.57
2025-10-05,USCMR,LNG,12.0,4.0,13.0,9.43
2025-10-12,USCMR,LNG,9.0,2.0,16.0,10.71
2025-10-19,USCMR,LNG,12.0,1.0,13.0,9.43
2025-10-26,USCMR,LNG,9.0,9.0,18.0,12.43
2025-11-02,USCMR,LNG,12.0,8.0,13.0,10.86
2025-11-09,USCMR,LNG,11.0,8.0,18.0,13.0
2025-11-16,USCMR,LNG,14.0,8.0,20.0,14.29
2025-11-23,USCMR,LNG,13.0,9.0,19.0,13.0
2025-11-30,USCMR,LNG,12.0,12.0,16.0,13.86
2025-12-07,USCMR,LNG,16.0,11.0,18.0,15.0
2025-12-14,USCMR,LNG,13.0,8.0,16.0,12.71
2025-12-21,USCMR,LNG,12.0,12.0,16.0,13.43
2025-12-28,USCMR,LNG,11.0,9.0,17.0,14.14
2026-01-04,USCMR,LNG,13.0,8.0,15.0,12.75
2026-01-11,USCMR,LNG,11.0,8.0,15.0,11.5
2026-01-18,USCMR,LNG,16.0,10.0,16.0,13.25
2026-01-25,USCMR,LNG,11.0,11.0,17.0,12.88
2026-02-01,USCMR,LNG,10.0,8.0,16.0,12.88
2026-02-08,USCMR,LNG,13.0,9.0,14.0,12.0
2026-02-15,USCMR,LNG,8.0,4.0,19.0,11.0
2026-02-22,USCMR,LNG,11.0,8.0,17.0,10.75
2026-03-01,USCMR,LNG,14.0,6.0,14.0,11.0
2026-03-08,USCMR,LNG,12.0,7.0,17.0,12.0
2026-03-15,USCMR,LNG,10.0,10.0,17.0,11.88
2026-03-22,USCMR,LNG,10.0,10.0,19.0,12.75
2026-03-29,USCMR,LNG,11.0,7.0,15.0,11.5
2026-04-05,USCMR,LNG,11.0,9.0,16.0,11.75
2026-04-12,USCMR,LNG,16.0,5.0,16.0,10.88
2026-04-19,USCMR,LNG,9.0,9.0,16.0,12.38
2026-04-26,USCMR,LNG,13.0,7.0,13.0,11.5
2026-05-03,USCMR,LNG,16.0,9.0,16.0,11.25
2026-05-10,USCMR,LNG,10.0,8.0,15.0,11.0
2026-05-17,USCMR,LNG,14.0,8.0,17.0,11.88
2026-05-24,USCMR,LNG,12.0,8.0,14.0,12.0
2026-05-31,USCMR,LNG,11.0,8.0,15.0,11.88
2026-06-07,USCMR,LNG,17.0,7.0,17.0,12.88
2026-06-14,USCMR,LNG,13.0,8.0,16.0,12.25
2026-06-21,USCMR,LNG,17.0,11.0,17.0,14.0
2026-06-28,USCMR,LNG,13.0,10.0,14.0,12.12
2026-07-05,USCMR,LNG,16.0,10.0,16.0,13.12
2026-07-12,USCMR,LNG,15.0,9.0,16.0,12.38
2026-07-19,USCMR,LNG,9.0,9.0,16.0,13.38
2026-07-26,USCMR,LNG,14.0,9.0,14.0,12.38
2026-08-02,USCMR,LNG,11.0,9.0,14.0,12.25
2026-08-09,USCMR,LNG,16.0,7.0,16.0,12.25
2026-08-16,USCMR,LNG,14.0,9.0,15.0,12.25
2026-08-23,USCMR,LNG,12.0,9.0,15.0,12.38
2026-08-30,USCMR,LNG,11.0,0.0,19.0,11.12
2019-01-06,USCRP,LNG,25.0,25.0,37.0,29.25
2019-01-13,USCRP,LNG,25.0,25.0,33.0,29.75
2019-01-20,USCRP,LNG,30.0,25.0,30.0,27.38
2019-01-27,USCRP,LNG,25.0,20.0,38.0,27.5
2019-02-03,USCRP,LNG,20.0,20.0,39.0,28.25
2019-02-10,USCRP,LNG,23.0,21.0,31.0,26.88
2019-02-17,USCRP,LNG,21.0,10.0,34.0,24.25
2019-02-24,USCRP,LNG,27.0,15.0,36.0,28.25
2019-03-03,USCRP,LNG,21.0,21.0,35.0,28.75
2019-03-10,USCRP,LNG,26.0,24.0,30.0,26.75
2019-03-17,USCRP,LNG,26.0,25.0,37.0,31.25
2019-03-24,USCRP,LNG,27.0,23.0,32.0,27.62
2019-03-31,USCRP,LNG,24.0,23.0,33.0,28.88
2019-04-07,USCRP,LNG,29.0,22.0,36.0,28.25
2019-04-14,USCRP,LNG,21.0,21.0,38.0,29.25
2019-04-21,USCRP,LNG,18.0,18.0,33.0,28.75
2019-04-28,USCRP,LNG,23.0,23.0,33.0,28.62
2019-05-05,USCRP,LNG,18.0,18.0,32.0,25.5
2019-05-12,USCRP,LNG,25.0,24.0,32.0,27.12
2019-05-19,USCRP,LNG,23.0,23.0,38.0,27.0
2019-05-26,USCRP,LNG,29.0,21.0,32.0,25.88
2019-06-02,USCRP,LNG,24.0,24.0,32.0,28.5
2019-06-09,USCRP,LNG,21.0,21.0,31.0,26.75
2019-06-16,USCRP,LNG,33.0,22.0,37.0,28.62
2019-06-23,USCRP,LNG,25.0,20.0,31.0,26.25
2019-06-30,USCRP,LNG,27.0,24.0,32.0,27.12
2019-07-07,USCRP,LNG,21.0,21.0,33.0,27.62
2019-07-14,USCRP,LNG,25.0,20.0,37.0,27.38
2019-07-21,USCRP,LNG,21.0,21.0,33.0,26.62
2019-07-28,USCRP,LNG,29.0,19.0,30.0,25.38
2019-08-04,USCRP,LNG,23.0,23.0,35.0,29.5
2019-08-11,USCRP,LNG,27.0,23.0,35.0,27.88
2019-08-18,USCRP,LNG,26.0,23.0,33.0,28.62
2019-08-25,USCRP,LNG,27.0,26.0,35.0,30.12
2019-09-01,USCRP,LNG,32.0,21.0,39.0,29.12
2019-09-08,USCRP,LNG,29.0,24.0,39.0,30.0
2019-09-15,USCRP,LNG,29.0,22.0,33.0,28.29
2019-09-22,USCRP,LNG,23.0,20.0,30.0,25.86
2019-09-29,USCRP,LNG,29.0,23.0,30.0,27.43
2019-10-06,USCRP,LNG,28.0,27.0,34.0,29.86
2019-10-13,USCRP,LNG,33.0,21.0,35.0,29.43
2019-10-20,USCRP,LNG,28.0,28.0,35.0,30.43
2019-10-27,USCRP,LNG,29.0,27.0,34.0,29.14
2019-11-03,USCRP,LNG,24.0,22.0,32.0,24.86
2019-11-10,USCRP,LNG,29.0,25.0,29.0,27.86
2019-11-17,USCRP,LNG,24.0,20.0,31.0,26.57
2019-11-24,USCRP,LNG,27.0,27.0,33.0,30.57
2019-12-01,USCRP,LNG,35.0,24.0,39.0,30.29
2019-12-08,USCRP,LNG,33.0,25.0,36.0,29.71
2019-12-15,USCRP,LNG,33.0,23.0,33.0,28.86
2019-12-22,USCRP,LNG,31.0,25.0,34.0,29.57
2019-12-29,USCRP,LNG,32.0,26.0,34.0,29.86
2020-01-05,USCRP,LNG,33.0,25.0,37.0,29.25
2020-01-12,USCRP,LNG,29.0,25.0,33.0,29.75
2020-01-19,USCRP,LNG,25.0,25.0,30.0,27.38
2020-01-26,USCRP,LNG,30.0,20.0,38.0,27.5
2020-02-02,USCRP,LNG,39.0,20.0,39.0,28.25
2020-02-09,USCRP,LNG,31.0,21.0,31.0,26.88
2020-02-16,USCRP,LNG,20.0,10.0,34.0,24.25
2020-02-23,USCRP,LNG,32.0,15.0,36.0,28.25
2020-03-01,USCRP,LNG,31.0,21.0,35.0,28.75
2020-03-08,USCRP,LNG,26.0,24.0,30.0,26.75
2020-03-15,USCRP,LNG,33.0,25.0,37.0,31.25
2020-03-22,USCRP,LNG,28.0,23.0,32.0,27.62
2020-03-29,USCRP,LNG,32.0,23.0,33.0,28.88
2020-04-05,USCRP,LNG,27.0,22.0,36.0,28.25
2020-04-12,USCRP,LNG,25.0,21.0,38.0,29.25
2020-04-19,USCRP,LNG,29.0,18.0,33.0,28.75
2020-04-26,USCRP,LNG,25.0,23.0,33.0,28.62
2020-05-03,USCRP,LNG,22.0,18.0,32.0,25.5
2020-05-10,USCRP,LNG,24.0,24.0,32.0,27.12
2020-05-17,USCRP,LNG,23.0,23.0,38.0,27.0
2020-05-24,USCRP,LNG,22.0,21.0,32.0,25.88
2020-05-31,USCRP,LNG,30.0,24.0,32.0,28.5
2020-06-07,USCRP,LNG,21.0,21.0,31.0,26.75
2020-06-14,USCRP,LNG,22.0,22.0,37.0,28.62
2020-06-21,USCRP,LNG,22.0,20.0,31.0,26.25
2020-06-28,USCRP,LNG,24.0,24.0,32.0,27.12
2020-07-05,USCRP,LNG,24.0,21.0,33.0,27.62
2020-07-12,USCRP,LNG,26.0,20.0,37.0,27.38
2020-07-19,USCRP,LNG,24.0,21.0,33.0,26.62
2020-07-26,USCRP,LNG,21.0,19.0,30.0,25.38
2020-08-02,USCRP,LNG,34.0,23.0,35.0,29.5
2020-08-09,USCRP,LNG,27.0,23.0,35.0,27.88
2020-08-16,USCRP,LNG,23.0,23.0,33.0,28.62
2020-08-23,USCRP,LNG,26.0,26.0,35.0,30.12
2020-08-30,USCRP,LNG,39.0,21.0,39.0,29.12
2020-09-06,USCRP,LNG,27.0,24.0,39.0,30.0
2020-09-13,USCRP,LNG,22.0,22.0,33.0,28.29
2020-09-20,USCRP,LNG,20.0,20.0,30.0,25.86
2020-09-27,USCRP,LNG,30.0,23.0,30.0,27.43
2020-10-04,USCRP,LNG,27.0,27.0,34.0,29.86
2020-10-11,USCRP,LNG,26.0,21.0,35.0,29.43
2020-10-18,USCRP,LNG,29.0,28.0,35.0,30.43
2020-10-25,USCRP,LNG,27.0,27.0,34.0,29.14
2020-11-01,USCRP,LNG,23.0,22.0,32.0,24.86
2020-11-08,USCRP,LNG,25.0,25.0,29.0,27.86
2020-11-15,USCRP,LNG,20.0,20.0,31.0,26.57
2020-11-22,USCRP,LNG,31.0,27.0,33.0,30.57
2020-11-29,USCRP,LNG,24.0,24.0,39.0,30.29
2020-12-06,USCRP,LNG,28.0,25.0,36.0,29.71
2020-12-13,USCRP,LNG,24.0,23.0,33.0,28.86
2020-12-20,USCRP,LNG,34.0,25.0,34.0,29.57
2020-12-27,USCRP,LNG,27.0,26.0,34.0,29.86
2021-01-03,USCRP,LNG,24.0,19.2,28.8,24.0
2021-01-10,USCRP,LNG,26.0,25.0,37.0,29.25
2021-01-17,USCRP,LNG,25.0,25.0,33.0,29.75
2021-01-24,USCRP,LNG,25.0,25.0,30.0,27.38
2021-01-31,USCRP,LNG,26.0,20.0,38.0,27.5
2021-02-07,USCRP,LNG,24.0,20.0,39.0,28.25
2021-02-14,USCRP,LNG,21.0,21.0,31.0,26.88
2021-02-21,USCRP,LNG,10.0,10.0,34.0,24.25
2021-02-28,USCRP,LNG,15.0,15.0,36.0,28.25
2021-03-07,USCRP,LNG,22.0,21.0,35.0,28.75
2021-03-14,USCRP,LNG,28.0,24.0,30.0,26.75
2021-03-21,USCRP,LNG,25.0,25.0,37.0,31.25
2021-03-28,USCRP,LNG,28.0,23.0,32.0,27.62
2021-04-04,USCRP,LNG,23.0,23.0,33.0,28.88
2021-04-11,USCRP,LNG,29.0,22.0,36.0,28.25
2021-04-18,USCRP,LNG,25.0,21.0,38.0,29.25
2021-04-25,USCRP,LNG,30.0,18.0,33.0,28.75
2021-05-02,USCRP,LNG,28.0,23.0,33.0,28.62
2021-05-09,USCRP,LNG,25.0,18.0,32.0,25.5
2021-05-16,USCRP,LNG,25.0,24.0,32.0,27.12
2021-05-23,USCRP,LNG,23.0,23.0,38.0,27.0
2021-05-30,USCRP,LNG,27.0,21.0,32.0,25.88
2021-06-06,USCRP,LNG,31.0,24.0,32.0,28.5
2021-06-13,USCRP,LNG,28.0,21.0,31.0,26.75
2021-06-20,USCRP,LNG,28.0,22.0,37.0,28.62
2021-06-27,USCRP,LNG,29.0,20.0,31.0,26.25
2021-07-04,USCRP,LNG,25.0,24.0,32.0,27.12
2021-07-11,USCRP,LNG,30.0,21.0,33.0,27.62
2021-07-18,USCRP,LNG,20.0,20.0,37.0,27.38
2021-07-25,USCRP,LNG,29.0,21.0,33.0,26.62
2021-08-01,USCRP,LNG,27.0,19.0,30.0,25.38
2021-08-08,USCRP,LNG,29.0,23.0,35.0,29.5
2021-08-15,USCRP,LNG,23.0,23.0,35.0,27.88
2021-08-22,USCRP,LNG,32.0,23.0,33.0,28.62
2021-08-29,USCRP,LNG,33.0,26.0,35.0,30.12
2021-09-05,USCRP,LNG,24.0,21.0,39.0,29.12
2021-09-12,USCRP,LNG,31.0,24.0,39.0,30.0
2021-09-19,USCRP,LNG,27.0,22.0,33.0,28.29
2021-09-26,USCRP,LNG,27.0,20.0,30.0,25.86
2021-10-03,USCRP,LNG,28.0,23.0,30.0,27.43
2021-10-10,USCRP,LNG,29.0,27.0,34.0,29.86
2021-10-17,USCRP,LNG,33.0,21.0,35.0,29.43
2021-10-24,USCRP,LNG,30.0,28.0,35.0,30.43
2021-10-31,USCRP,LNG,30.0,27.0,34.0,29.14
2021-11-07,USCRP,LNG,25.0,22.0,32.0,24.86
2021-11-14,USCRP,LNG,29.0,25.0,29.0,27.86
2021-11-21,USCRP,LNG,31.0,20.0,31.0,26.57
2021-11-28,USCRP,LNG,33.0,27.0,33.0,30.57
2021-12-05,USCRP,LNG,31.0,24.0,39.0,30.29
2021-12-12,USCRP,LNG,30.0,25.0,36.0,29.71
2021-12-19,USCRP,LNG,31.0,23.0,33.0,28.86
2021-12-26,USCRP,LNG,25.0,25.0,34.0,29.57
2022-01-02,USCRP,LNG,34.0,26.0,34.0,29.86
2022-01-09,USCRP,LNG,27.0,25.0,37.0,29.25
2022-01-16,USCRP,LNG,32.0,25.0,33.0,29.75
2022-01-23,USCRP,LNG,25.0,25.0,30.0,27.38
2022-01-30,USCRP,LNG,28.0,20.0,38.0,27.5
2022-02-06,USCRP,LNG,29.0,20.0,39.0,28.25
2022-02-13,USCRP,LNG,27.0,21.0,31.0,26.88
2022-02-20,USCRP,LNG,29.0,10.0,34.0,24.25
2022-02-27,USCRP,LNG,26.0,15.0,36.0,28.25
2022-03-06,USCRP,LNG,33.0,21.0,35.0,28.75
2022-03-13,USCRP,LNG,26.0,24.0,30.0,26.75
2022-03-20,USCRP,LNG,37.0,25.0,37.0,31.25
2022-03-27,USCRP,LNG,30.0,23.0,32.0,27.62
2022-04-03,USCRP,LNG,31.0,23.0,33.0,28.88
2022-04-10,USCRP,LNG,35.0,22.0,36.0,28.25
2022-04-17,USCRP,LNG,34.0,21.0,38.0,29.25
2022-04-24,USCRP,LNG,31.0,18.0,33.0,28.75
2022-05-01,USCRP,LNG,33.0,23.0,33.0,28.62
2022-05-08,USCRP,LNG,29.0,18.0,32.0,25.5
2022-05-15,USCRP,LNG,29.0,24.0,32.0,27.12
2022-05-22,USCRP,LNG,30.0,23.0,38.0,27.0
2022-05-29,USCRP,LNG,32.0,21.0,32.0,25.88
2022-06-05,USCRP,LNG,28.0,24.0,32.0,28.5
2022-06-12,USCRP,LNG,29.0,21.0,31.0,26.75
2022-06-19,USCRP,LNG,37.0,22.0,37.0,28.62
2022-06-26,USCRP,LNG,31.0,20.0,31.0,26.25
2022-07-03,USCRP,LNG,32.0,24.0,32.0,27.12
2022-07-10,USCRP,LNG,33.0,21.0,33.0,27.62
2022-07-17,USCRP,LNG,28.0,20.0,37.0,27.38
2022-07-24,USCRP,LNG,33.0,21.0,33.0,26.62
2022-07-31,USCRP,LNG,26.0,19.0,30.0,25.38
2022-08-07,USCRP,LNG,35.0,23.0,35.0,29.5
2022-08-14,USCRP,LNG,28.0,23.0,35.0,27.88
2022-08-21,USCRP,LNG,29.0,23.0,33.0,28.62
2022-08-28,USCRP,LNG,27.0,26.0,35.0,30.12
2022-09-04,USCRP,LNG,28.0,21.0,39.0,29.12
2022-09-11,USCRP,LNG,28.0,24.0,39.0,30.0
2022-09-18,USCRP,LNG,28.0,22.0,33.0,28.29
2022-09-25,USCRP,LNG,30.0,20.0,30.0,25.86
2022-10-02,USCRP,LNG,26.0,23.0,30.0,27.43
2022-10-09,USCRP,LNG,31.0,27.0,34.0,29.86
2022-10-16,USCRP,LNG,35.0,21.0,35.0,29.43
2022-10-23,USCRP,LNG,34.0,28.0,35.0,30.43
2022-10-30,USCRP,LNG,34.0,27.0,34.0,29.14
2022-11-06,USCRP,LNG,32.0,22.0,32.0,24.86
2022-11-13,USCRP,LNG,29.0,25.0,29.0,27.86
2022-11-20,USCRP,LNG,29.0,20.0,31.0,26.57
2022-11-27,USCRP,LNG,33.0,27.0,33.0,30.57
2022-12-04,USCRP,LNG,29.0,24.0,39.0,30.29
2022-12-11,USCRP,LNG,27.0,25.0,36.0,29.71
2022-12-18,USCRP,LNG,29.0,23.0,33.0,28.86
2022-12-25,USCRP,LNG,28.0,25.0,34.0,29.57
2023-01-01,USCRP,LNG,27.0,26.0,34.0,29.86
2023-01-08,USCRP,LNG,37.0,25.0,37.0,29.25
2023-01-15,USCRP,LNG,33.0,25.0,33.0,29.75
2023-01-22,USCRP,LNG,28.0,25.0,30.0,27.38
2023-01-29,USCRP,LNG,38.0,20.0,38.0,27.5
2023-02-05,USCRP,LNG,30.0,20.0,39.0,28.25
2023-02-12,USCRP,LNG,27.0,21.0,31.0,26.88
2023-02-19,USCRP,LNG,34.0,10.0,34.0,24.25
2023-02-26,USCRP,LNG,36.0,15.0,36.0,28.25
2023-03-05,USCRP,LNG,35.0,21.0,35.0,28.75
2023-03-12,USCRP,LNG,30.0,24.0,30.0,26.75
2023-03-19,USCRP,LNG,35.0,25.0,37.0,31.25
2023-03-26,USCRP,LNG,29.0,23.0,32.0,27.62
2023-04-02,USCRP,LNG,32.0,23.0,33.0,28.88
2023-04-09,USCRP,LNG,22.0,22.0,36.0,28.25
2023-04-16,USCRP,LNG,34.0,21.0,38.0,29.25
2023-04-23,USCRP,LNG,32.0,18.0,33.0,28.75
2023-04-30,USCRP,LNG,28.0,23.0,33.0,28.62
2023-05-07,USCRP,LNG,23.0,18.0,32.0,25.5
2023-05-14,USCRP,LNG,25.0,24.0,32.0,27.12
2023-05-21,USCRP,LNG,25.0,23.0,38.0,27.0
2023-05-28,USCRP,LNG,27.0,21.0,32.0,25.88
2023-06-04,USCRP,LNG,28.0,24.0,32.0,28.5
2023-06-11,USCRP,LNG,26.0,21.0,31.0,26.75
2023-06-18,USCRP,LNG,35.0,22.0,37.0,28.62
2023-06-25,USCRP,LNG,28.0,20.0,31.0,26.25
2023-07-02,USCRP,LNG,27.0,24.0,32.0,27.12
2023-07-09,USCRP,LNG,33.0,21.0,33.0,27.62
2023-07-16,USCRP,LNG,25.0,20.0,37.0,27.38
2023-07-23,USCRP,LNG,25.0,21.0,33.0,26.62
2023-07-30,USCRP,LNG,26.0,19.0,30.0,25.38
2023-08-06,USCRP,LNG,30.0,23.0,35.0,29.5
2023-08-13,USCRP,LNG,25.0,23.0,35.0,27.88
2023-08-20,USCRP,LNG,32.0,23.0,33.0,28.62
2023-08-27,USCRP,LNG,34.0,26.0,35.0,30.12
2023-09-03,USCRP,LNG,28.0,21.0,39.0,29.12
2023-09-10,USCRP,LNG,39.0,24.0,39.0,30.0
2023-09-17,USCRP,LNG,30.0,22.0,33.0,28.29
2023-09-24,USCRP,LNG,25.0,20.0,30.0,25.86
2023-10-01,USCRP,LNG,27.0,23.0,30.0,27.43
2023-10-08,USCRP,LNG,33.0,27.0,34.0,29.86
2023-10-15,USCRP,LNG,34.0,21.0,35.0,29.43
2023-10-22,USCRP,LNG,35.0,28.0,35.0,30.43
2023-10-29,USCRP,LNG,28.0,27.0,34.0,29.14
2023-11-05,USCRP,LNG,22.0,22.0,32.0,24.86
2023-11-12,USCRP,LNG,27.0,25.0,29.0,27.86
2023-11-19,USCRP,LNG,24.0,20.0,31.0,26.57
2023-11-26,USCRP,LNG,30.0,27.0,33.0,30.57
2023-12-03,USCRP,LNG,30.0,24.0,39.0,30.29
2023-12-10,USCRP,LNG,36.0,25.0,36.0,29.71
2023-12-17,USCRP,LNG,29.0,23.0,33.0,28.86
2023-12-24,USCRP,LNG,28.0,25.0,34.0,29.57
2023-12-31,USCRP,LNG,34.0,26.0,34.0,29.86
2024-01-07,USCRP,LNG,25.0,25.0,37.0,29.25
2024-01-14,USCRP,LNG,31.0,25.0,33.0,29.75
2024-01-21,USCRP,LNG,29.0,25.0,30.0,27.38
2024-01-28,USCRP,LNG,25.0,20.0,38.0,27.5
2024-02-04,USCRP,LNG,29.0,20.0,39.0,28.25
2024-02-11,USCRP,LNG,29.0,21.0,31.0,26.88
2024-02-18,USCRP,LNG,29.0,10.0,34.0,24.25
2024-02-25,USCRP,LNG,32.0,15.0,36.0,28.25
2024-03-03,USCRP,LNG,26.0,21.0,35.0,28.75
2024-03-10,USCRP,LNG,24.0,24.0,30.0,26.75
2024-03-17,USCRP,LNG,34.0,25.0,37.0,31.25
2024-03-24,USCRP,LNG,24.0,23.0,32.0,27.62
2024-03-31,USCRP,LNG,26.0,23.0,33.0,28.88
2024-04-07,USCRP,LNG,25.0,22.0,36.0,28.25
2024-04-14,USCRP,LNG,32.0,21.0,38.0,29.25
2024-04-21,USCRP,LNG,26.0,18.0,33.0,28.75
2024-04-28,USCRP,LNG,28.0,23.0,33.0,28.62
2024-05-05,USCRP,LNG,32.0,18.0,32.0,25.5
2024-05-12,USCRP,LNG,32.0,24.0,32.0,27.12
2024-05-19,USCRP,LNG,28.0,23.0,38.0,27.0
2024-05-26,USCRP,LNG,21.0,21.0,32.0,25.88
2024-06-02,USCRP,LNG,29.0,24.0,32.0,28.5
2024-06-09,USCRP,LNG,31.0,21.0,31.0,26.75
2024-06-16,USCRP,LNG,26.0,22.0,37.0,28.62
2024-06-23,USCRP,LNG,20.0,20.0,31.0,26.25
2024-06-30,USCRP,LNG,26.0,24.0,32.0,27.12
2024-07-07,USCRP,LNG,26.0,21.0,33.0,27.62
2024-07-14,USCRP,LNG,37.0,20.0,37.0,27.38
2024-07-21,USCRP,LNG,29.0,21.0,33.0,26.62
2024-07-28,USCRP,LNG,30.0,19.0,30.0,25.38
2024-08-04,USCRP,LNG,27.0,23.0,35.0,29.5
2024-08-11,USCRP,LNG,28.0,23.0,35.0,27.88
2024-08-18,USCRP,LNG,27.0,23.0,33.0,28.62
2024-08-25,USCRP,LNG,31.0,26.0,35.0,30.12
2024-09-01,USCRP,LNG,32.0,21.0,39.0,29.12
2024-09-08,USCRP,LNG,32.0,24.0,39.0,30.0
2024-09-15,USCRP,LNG,29.0,22.0,33.0,28.29
2024-09-22,USCRP,LNG,27.0,20.0,30.0,25.86
2024-09-29,USCRP,LNG,23.0,23.0,30.0,27.43
2024-10-06,USCRP,LNG,34.0,27.0,34.0,29.86
2024-10-13,USCRP,LNG,21.0,21.0,35.0,29.43
2024-10-20,USCRP,LNG,28.0,28.0,35.0,30.43
2024-10-27,USCRP,LNG,28.0,27.0,34.0,29.14
2024-11-03,USCRP,LNG,24.0,22.0,32.0,24.86
2024-11-10,USCRP,LNG,29.0,25.0,29.0,27.86
2024-11-17,USCRP,LNG,29.0,20.0,31.0,26.57
2024-11-24,USCRP,LNG,32.0,27.0,33.0,30.57
2024-12-01,USCRP,LNG,39.0,24.0,39.0,30.29
2024-12-08,USCRP,LNG,25.0,25.0,36.0,29.71
2024-12-15,USCRP,LNG,33.0,23.0,33.0,28.86
2024-12-22,USCRP,LNG,29.0,25.0,34.0,29.57
2024-12-29,USCRP,LNG,29.0,26.0,34.0,29.86
2025-01-05,USCRP,LNG,32.0,25.0,37.0,29.25
2025-01-12,USCRP,LNG,30.0,25.0,33.0,29.75
2025-01-19,USCRP,LNG,28.0,25.0,30.0,27.38
2025-01-26,USCRP,LNG,20.0,20.0,38.0,27.5
2025-02-02,USCRP,LNG,26.0,20.0,39.0,28.25
2025-02-09,USCRP,LNG,29.0,21.0,31.0,26.88
2025-02-16,USCRP,LNG,27.0,10.0,34.0,24.25
2025-02-23,USCRP,LNG,28.0,15.0,36.0,28.25
2025-03-02,USCRP,LNG,29.0,21.0,35.0,28.75
2025-03-09,USCRP,LNG,25.0,24.0,30.0,26.75
2025-03-16,USCRP,LNG,28.0,25.0,37.0,31.25
2025-03-23,USCRP,LNG,23.0,23.0,32.0,27.62
2025-03-30,USCRP,LNG,30.0,23.0,33.0,28.88
2025-04-06,USCRP,LNG,23.0,22.0,36.0,28.25
2025-04-13,USCRP,LNG,25.0,21.0,38.0,29.25
2025-04-20,USCRP,LNG,31.0,18.0,33.0,28.75
2025-04-27,USCRP,LNG,32.0,23.0,33.0,28.62
2025-05-04,USCRP,LNG,26.0,18.0,32.0,25.5
2025-05-11,USCRP,LNG,26.0,24.0,32.0,27.12
2025-05-18,USCRP,LNG,26.0,23.0,38.0,27.0
2025-05-25,USCRP,LNG,22.0,21.0,32.0,25.88
2025-06-01,USCRP,LNG,26.0,24.0,32.0,28.5
2025-06-08,USCRP,LNG,28.0,21.0,31.0,26.75
2025-06-15,USCRP,LNG,25.0,22.0,37.0,28.62
2025-06-22,USCRP,LNG,27.0,20.0,31.0,26.25
2025-06-29,USCRP,LNG,28.0,24.0,32.0,27.12
2025-07-06,USCRP,LNG,26.0,21.0,33.0,27.62
2025-07-13,USCRP,LNG,26.0,20.0,37.0,27.38
2025-07-20,USCRP,LNG,25.0,21.0,33.0,26.62
2025-07-27,USCRP,LNG,19.0,19.0,30.0,25.38
2025-08-03,USCRP,LNG,29.0,23.0,35.0,29.5
2025-08-10,USCRP,LNG,30.0,23.0,35.0,27.88
2025-08-17,USCRP,LNG,33.0,23.0,33.0,28.62
2025-08-24,USCRP,LNG,28.0,26.0,35.0,30.12
2025-08-31,USCRP,LNG,29.0,21.0,39.0,29.12
2025-09-07,USCRP,LNG,24.0,24.0,39.0,30.0
2025-09-14,USCRP,LNG,33.0,22.0,33.0,28.29
2025-09-21,USCRP,LNG,29.0,20.0,30.0,25.86
2025-09-28,USCRP,LNG,29.0,23.0,30.0,27.43
2025-10-05,USCRP,LNG,27.0,27.0,34.0,29.86
2025-10-12,USCRP,LNG,24.0,21.0,35.0,29.43
2025-10-19,USCRP,LNG,29.0,28.0,35.0,30.43
2025-10-26,USCRP,LNG,28.0,27.0,34.0,29.14
2025-11-02,USCRP,LNG,24.0,22.0,32.0,24.86
2025-11-09,USCRP,LNG,27.0,25.0,29.0,27.86
2025-11-16,USCRP,LNG,29.0,20.0,31.0,26.57
2025-11-23,USCRP,LNG,28.0,27.0,33.0,30.57
2025-11-30,USCRP,LNG,24.0,24.0,39.0,30.29
2025-12-07,USCRP,LNG,29.0,25.0,36.0,29.71
2025-12-14,USCRP,LNG,23.0,23.0,33.0,28.86
2025-12-21,USCRP,LNG,32.0,25.0,34.0,29.57
2025-12-28,USCRP,LNG,26.0,26.0,34.0,29.86
2026-01-04,USCRP,LNG,29.0,25.0,37.0,29.25
2026-01-11,USCRP,LNG,33.0,25.0,33.0,29.75
2026-01-18,USCRP,LNG,29.0,25.0,30.0,27.38
2026-01-25,USCRP,LNG,28.0,20.0,38.0,27.5
2026-02-01,USCRP,LNG,29.0,20.0,39.0,28.25
2026-02-08,USCRP,LNG,28.0,21.0,31.0,26.88
2026-02-15,USCRP,LNG,24.0,10.0,34.0,24.25
2026-02-22,USCRP,LNG,30.0,15.0,36.0,28.25
2026-03-01,USCRP,LNG,33.0,21.0,35.0,28.75
2026-03-08,USCRP,LNG,29.0,24.0,30.0,26.75
2026-03-15,USCRP,LNG,32.0,25.0,37.0,31.25
2026-03-22,USCRP,LNG,32.0,23.0,32.0,27.62
2026-03-29,USCRP,LNG,33.0,23.0,33.0,28.88
2026-04-05,USCRP,LNG,36.0,22.0,36.0,28.25
2026-04-12,USCRP,LNG,38.0,21.0,38.0,29.25
2026-04-19,USCRP,LNG,33.0,18.0,33.0,28.75
2026-04-26,USCRP,LNG,32.0,23.0,33.0,28.62
2026-05-03,USCRP,LNG,29.0,18.0,32.0,25.5
2026-05-10,USCRP,LNG,31.0,24.0,32.0,27.12
2026-05-17,USCRP,LNG,38.0,23.0,38.0,27.0
2026-05-24,USCRP,LNG,27.0,21.0,32.0,25.88
2026-05-31,USCRP,LNG,32.0,24.0,32.0,28.5
2026-06-07,USCRP,LNG,30.0,21.0,31.0,26.75
2026-06-14,USCRP,LNG,23.0,22.0,37.0,28.62
2026-06-21,USCRP,LNG,28.0,20.0,31.0,26.25
2026-06-28,USCRP,LNG,28.0,24.0,32.0,27.12
2026-07-05,USCRP,LNG,28.0,21.0,33.0,27.62
2026-07-12,USCRP,LNG,32.0,20.0,37.0,27.38
2026-07-19,USCRP,LNG,27.0,21.0,33.0,26.62
2026-07-26,USCRP,LNG,25.0,19.0,30.0,25.38
2026-08-02,USCRP,LNG,29.0,23.0,35.0,29.5
2026-08-09,USCRP,LNG,35.0,23.0,35.0,27.88
2026-08-16,USCRP,LNG,27.0,23.0,33.0,28.62
2026-08-23,USCRP,LNG,35.0,26.0,35.0,30.12
2026-08-30,USCRP,LNG,21.0,21.0,39.0,29.12
2019-01-06,USCVP,LNG,2.0,1.0,2.0,1.5
2019-01-13,USCVP,LNG,0.0,0.0,2.0,1.25
2019-01-20,USCVP,LNG,1.0,0.0,3.0,1.38
2019-01-27,USCVP,LNG,2.0,0.0,3.0,1.75
2019-02-03,USCVP,LNG,1.0,0.0,4.0,1.38
2019-02-10,USCVP,LNG,0.0,0.0,3.0,1.5
2019-02-17,USCVP,LNG,1.0,0.0,2.0,0.88
2019-02-24,USCVP,LNG,0.0,0.0,3.0,1.88
2019-03-03,USCVP,LNG,1.0,0.0,1.0,0.88
2019-03-10,USCVP,LNG,1.0,0.0,2.0,1.12
2019-03-17,USCVP,LNG,1.0,1.0,2.0,1.5
2019-03-24,USCVP,LNG,2.0,1.0,2.0,1.62
2019-03-31,USCVP,LNG,1.0,0.0,3.0,1.5
2019-04-07,USCVP,LNG,1.0,1.0,2.0,1.38
2019-04-14,USCVP,LNG,1.0,1.0,2.0,1.25
2019-04-21,USCVP,LNG,2.0,1.0,2.0,1.62
2019-04-28,USCVP,LNG,1.0,0.0,3.0,1.62
2019-05-05,USCVP,LNG,0.0,0.0,2.0,0.88
2019-05-12,USCVP,LNG,2.0,1.0,2.0,1.88
2019-05-19,USCVP,LNG,1.0,0.0,2.0,0.88
2019-05-26,USCVP,LNG,1.0,1.0,2.0,1.5
2019-06-02,USCVP,LNG,2.0,0.0,2.0,1.5
2019-06-09,USCVP,LNG,0.0,0.0,3.0,1.0
2019-06-16,USCVP,LNG,0.0,0.0,3.0,0.88
2019-06-23,USCVP,LNG,1.0,0.0,3.0,1.38
2019-06-30,USCVP,LNG,1.0,1.0,2.0,1.38
2019-07-07,USCVP,LNG,0.0,0.0,2.0,1.0
2019-07-14,USCVP,LNG,0.0,0.0,2.0,1.25
2019-07-21,USCVP,LNG,2.0,1.0,2.0,1.38
2019-07-28,USCVP,LNG,0.0,0.0,3.0,1.62
2019-08-04,USCVP,LNG,1.0,0.0,2.0,1.12
2019-08-11,USCVP,LNG,1.0,0.0,2.0,1.25
2019-08-18,USCVP,LNG,0.0,0.0,2.0,1.25
2019-08-25,USCVP,LNG,1.0,0.0,2.0,1.38
2019-09-01,USCVP,LNG,2.0,0.0,2.0,1.38
2019-09-08,USCVP,LNG,1.0,1.0,2.0,1.29
2019-09-15,USCVP,LNG,1.0,1.0,2.0,1.43
2019-09-22,USCVP,LNG,0.0,0.0,2.0,1.14
2019-09-29,USCVP,LNG,0.0,0.0,1.0,0.14
2019-10-06,USCVP,LNG,0.0,0.0,0.0,0.0
2019-10-13,USCVP,LNG,0.0,0.0,0.0,0.0
2019-10-20,USCVP,LNG,0.0,0.0,2.0,0.86
2019-10-27,USCVP,LNG,2.0,0.0,2.0,1.14
2019-11-03,USCVP,LNG,1.0,1.0,3.0,1.86
2019-11-10,USCVP,LNG,1.0,0.0,2.0,0.86
2019-11-17,USCVP,LNG,1.0,1.0,3.0,1.71
2019-11-24,USCVP,LNG,1.0,1.0,3.0,1.57
2019-12-01,USCVP,LNG,1.0,1.0,1.0,1.0
2019-12-08,USCVP,LNG,0.0,0.0,3.0,1.29
2019-12-15,USCVP,LNG,0.0,0.0,3.0,1.86
2019-12-22,USCVP,LNG,2.0,1.0,2.0,1.57
2019-12-29,USCVP,LNG,1.0,1.0,2.0,1.57
2020-01-05,USCVP,LNG,2.0,1.0,2.0,1.5
2020-01-12,USCVP,LNG,1.0,0.0,2.0,1.25
2020-01-19,USCVP,LNG,1.0,0.0,3.0,1.38
2020-01-26,USCVP,LNG,3.0,0.0,3.0,1.75
2020-02-02,USCVP,LNG,0.0,0.0,4.0,1.38
2020-02-09,USCVP,LNG,2.0,0.0,3.0,1.5
2020-02-16,USCVP,LNG,0.0,0.0,2.0,0.88
2020-02-23,USCVP,LNG,2.0,0.0,3.0,1.88
2020-03-01,USCVP,LNG,1.0,0.0,1.0,0.88
2020-03-08,USCVP,LNG,1.0,0.0,2.0,1.12
2020-03-15,USCVP,LNG,1.0,1.0,2.0,1.5
2020-03-22,USCVP,LNG,1.0,1.0,2.0,1.62
2020-03-29,USCVP,LNG,1.0,0.0,3.0,1.5
2020-04-05,USCVP,LNG,2.0,1.0,2.0,1.38
2020-04-12,USCVP,LNG,1.0,1.0,2.0,1.25
2020-04-19,USCVP,LNG,2.0,1.0,2.0,1.62
2020-04-26,USCVP,LNG,0.0,0.0,3.0,1.62
2020-05-03,USCVP,LNG,0.0,0.0,2.0,0.88
2020-05-10,USCVP,LNG,2.0,1.0,2.0,1.88
2020-05-17,USCVP,LNG,1.0,0.0,2.0,0.88
2020-05-24,USCVP,LNG,1.0,1.0,2.0,1.5
2020-05-31,USCVP,LNG,2.0,0.0,2.0,1.5
2020-06-07,USCVP,LNG,0.0,0.0,3.0,1.0
2020-06-14,USCVP,LNG,1.0,0.0,3.0,0.88
2020-06-21,USCVP,LNG,0.0,0.0,3.0,1.38
2020-06-28,USCVP,LNG,2.0,1.0,2.0,1.38
2020-07-05,USCVP,LNG,0.0,0.0,2.0,1.0
2020-07-12,USCVP,LNG,1.0,0.0,2.0,1.25
2020-07-19,USCVP,LNG,1.0,1.0,2.0,1.38
2020-07-26,USCVP,LNG,1.0,0.0,3.0,1.62
2020-08-02,USCVP,LNG,1.0,0.0,2.0,1.12
2020-08-09,USCVP,LNG,1.0,0.0,2.0,1.25
2020-08-16,USCVP,LNG,0.0,0.0,2.0,1.25
2020-08-23,USCVP,LNG,2.0,0.0,2.0,1.38
2020-08-30,USCVP,LNG,1.0,0.0,2.0,1.38
2020-09-06,USCVP,LNG,2.0,1.0,2.0,1.29
2020-09-13,USCVP,LNG,1.0,1.0,2.0,1.43
2020-09-20,USCVP,LNG,2.0,0.0,2.0,1.14
2020-09-27,USCVP,LNG,0.0,0.0,1.0,0.14
2020-10-04,USCVP,LNG,0.0,0.0,0.0,0.0
2020-10-11,USCVP,LNG,0.0,0.0,0.0,0.0
2020-10-18,USCVP,LNG,0.0,0.0,2.0,0.86
2020-10-25,USCVP,LNG,2.0,0.0,2.0,1.14
2020-11-01,USCVP,LNG,1.0,1.0,3.0,1.86
2020-11-08,USCVP,LNG,0.0,0.0,2.0,0.86
2020-11-15,USCVP,LNG,1.0,1.0,3.0,1.71
2020-11-22,USCVP,LNG,1.0,1.0,3.0,1.57
2020-11-29,USCVP,LNG,1.0,1.0,1.0,1.0
2020-12-06,USCVP,LNG,1.0,0.0,3.0,1.29
2020-12-13,USCVP,LNG,0.0,0.0,3.0,1.86
2020-12-20,USCVP,LNG,1.0,1.0,2.0,1.57
2020-12-27,USCVP,LNG,2.0,1.0,2.0,1.57
2021-01-03,USCVP,LNG,1.0,0.8,1.2,1.0
2021-01-10,USCVP,LNG,1.0,1.0,2.0,1.5
2021-01-17,USCVP,LNG,1.0,0.0,2.0,1.25
2021-01-24,USCVP,LNG,0.0,0.0,3.0,1.38
2021-01-31,USCVP,LNG,0.0,0.0,3.0,1.75
2021-02-07,USCVP,LNG,1.0,0.0,4.0,1.38
2021-02-14,USCVP,LNG,1.0,0.0,3.0,1.5
2021-02-21,USCVP,LNG,1.0,0.0,2.0,0.88
2021-02-28,USCVP,LNG,0.0,0.0,3.0,1.88
2021-03-07,USCVP,LNG,0.0,0.0,1.0,0.88
2021-03-14,USCVP,LNG,2.0,0.0,2.0,1.12
2021-03-21,USCVP,LNG,1.0,1.0,2.0,1.5
2021-03-28,USCVP,LNG,1.0,1.0,2.0,1.62
2021-04-04,USCVP,LNG,2.0,0.0,3.0,1.5
2021-04-11,USCVP,LNG,1.0,1.0,2.0,1.38
2021-04-18,USCVP,LNG,1.0,1.0,2.0,1.25
2021-04-25,USCVP,LNG,1.0,1.0,2.0,1.62
2021-05-02,USCVP,LNG,1.0,0.0,3.0,1.62
2021-05-09,USCVP,LNG,1.0,0.0,2.0,0.88
2021-05-16,USCVP,LNG,1.0,1.0,2.0,1.88
2021-05-23,USCVP,LNG,0.0,0.0,2.0,0.88
2021-05-30,USCVP,LNG,2.0,1.0,2.0,1.5
2021-06-06,USCVP,LNG,0.0,0.0,2.0,1.5
2021-06-13,USCVP,LNG,2.0,0.0,3.0,1.0
2021-06-20,USCVP,LNG,0.0,0.0,3.0,0.88
2021-06-27,USCVP,LNG,1.0,0.0,3.0,1.38
2021-07-04,USCVP,LNG,1.0,1.0,2.0,1.38
2021-07-11,USCVP,LNG,0.0,0.0,2.0,1.0
2021-07-18,USCVP,LNG,2.0,0.0,2.0,1.25
2021-07-25,USCVP,LNG,1.0,1.0,2.0,1.38
2021-08-01,USCVP,LNG,2.0,0.0,3.0,1.62
2021-08-08,USCVP,LNG,2.0,0.0,2.0,1.12
2021-08-15,USCVP,LNG,0.0,0.0,2.0,1.25
2021-08-22,USCVP,LNG,2.0,0.0,2.0,1.25
2021-08-29,USCVP,LNG,1.0,0.0,2.0,1.38
2021-09-05,USCVP,LNG,2.0,0.0,2.0,1.38
2021-09-12,USCVP,LNG,1.0,1.0,2.0,1.29
2021-09-19,USCVP,LNG,2.0,1.0,2.0,1.43
2021-09-26,USCVP,LNG,0.0,0.0,2.0,1.14
2021-10-03,USCVP,LNG,0.0,0.0,1.0,0.14
2021-10-10,USCVP,LNG,0.0,0.0,0.0,0.0
2021-10-17,USCVP,LNG,0.0,0.0,0.0,0.0
2021-10-24,USCVP,LNG,1.0,0.0,2.0,0.86
2021-10-31,USCVP,LNG,1.0,0.0,2.0,1.14
2021-11-07,USCVP,LNG,2.0,1.0,3.0,1.86
2021-11-14,USCVP,LNG,1.0,0.0,2.0,0.86
2021-11-21,USCVP,LNG,3.0,1.0,3.0,1.71
2021-11-28,USCVP,LNG,2.0,1.0,3.0,1.57
2021-12-05,USCVP,LNG,1.0,1.0,1.0,1.0
2021-12-12,USCVP,LNG,0.0,0.0,3.0,1.29
2021-12-19,USCVP,LNG,3.0,0.0,3.0,1.86
2021-12-26,USCVP,LNG,1.0,1.0,2.0,1.57
2022-01-02,USCVP,LNG,2.0,1.0,2.0,1.57
2022-01-09,USCVP,LNG,1.0,1.0,2.0,1.5
2022-01-16,USCVP,LNG,2.0,0.0,2.0,1.25
2022-01-23,USCVP,LNG,2.0,0.0,3.0,1.38
2022-01-30,USCVP,LNG,1.0,0.0,3.0,1.75
2022-02-06,USCVP,LNG,1.0,0.0,4.0,1.38
2022-02-13,USCVP,LNG,3.0,0.0,3.0,1.5
2022-02-20,USCVP,LNG,1.0,0.0,2.0,0.88
2022-02-27,USCVP,LNG,2.0,0.0,3.0,1.88
2022-03-06,USCVP,LNG,1.0,0.0,1.0,0.88
2022-03-13,USCVP,LNG,1.0,0.0,2.0,1.12
2022-03-20,USCVP,LNG,2.0,1.0,2.0,1.5
2022-03-27,USCVP,LNG,2.0,1.0,2.0,1.62
2022-04-03,USCVP,LNG,0.0,0.0,3.0,1.5
2022-04-10,USCVP,LNG,2.0,1.0,2.0,1.38
2022-04-17,USCVP,LNG,1.0,1.0,2.0,1.25
2022-04-24,USCVP,LNG,1.0,1.0,2.0,1.62
2022-05-01,USCVP,LNG,3.0,0.0,3.0,1.62
2022-05-08,USCVP,LNG,1.0,0.0,2.0,0.88
2022-05-15,USCVP,LNG,2.0,1.0,2.0,1.88
2022-05-22,USCVP,LNG,1.0,0.0,2.0,0.88
2022-05-29,USCVP,LNG,1.0,1.0,2.0,1.5
2022-06-05,USCVP,LNG,2.0,0.0,2.0,1.5
2022-06-12,USCVP,LNG,1.0,0.0,3.0,1.0
2022-06-19,USCVP,LNG,1.0,0.0,3.0,0.88
2022-06-26,USCVP,LNG,2.0,0.0,3.0,1.38
2022-07-03,USCVP,LNG,2.0,1.0,2.0,1.38
2022-07-10,USCVP,LNG,2.0,0.0,2.0,1.0
2022-07-17,USCVP,LNG,2.0,0.0,2.0,1.25
2022-07-24,USCVP,LNG,2.0,1.0,2.0,1.38
2022-07-31,USCVP,LNG,2.0,0.0,3.0,1.62
2022-08-07,USCVP,LNG,1.0,0.0,2.0,1.12
2022-08-14,USCVP,LNG,2.0,0.0,2.0,1.25
2022-08-21,USCVP,LNG,2.0,0.0,2.0,1.25
2022-08-28,USCVP,LNG,2.0,0.0,2.0,1.38
2022-09-04,USCVP,LNG,0.0,0.0,2.0,1.38
2022-09-11,USCVP,LNG,2.0,1.0,2.0,1.29
2022-09-18,USCVP,LNG,2.0,1.0,2.0,1.43
2022-09-25,USCVP,LNG,1.0,0.0,2.0,1.14
2022-10-02,USCVP,LNG,1.0,0.0,1.0,0.14
2022-10-09,USCVP,LNG,0.0,0.0,0.0,0.0
2022-10-16,USCVP,LNG,0.0,0.0,0.0,0.0
2022-10-23,USCVP,LNG,0.0,0.0,2.0,0.86
2022-10-30,USCVP,LNG,0.0,0.0,2.0,1.14
2022-11-06,USCVP,LNG,3.0,1.0,3.0,1.86
2022-11-13,USCVP,LNG,0.0,0.0,2.0,0.86
2022-11-20,USCVP,LNG,2.0,1.0,3.0,1.71
2022-11-27,USCVP,LNG,1.0,1.0,3.0,1.57
2022-12-04,USCVP,LNG,1.0,1.0,1.0,1.0
2022-12-11,USCVP,LNG,2.0,0.0,3.0,1.29
2022-12-18,USCVP,LNG,3.0,0.0,3.0,1.86
2022-12-25,USCVP,LNG,1.0,1.0,2.0,1.57
2023-01-01,USCVP,LNG,2.0,1.0,2.0,1.57
2023-01-08,USCVP,LNG,1.0,1.0,2.0,1.5
2023-01-15,USCVP,LNG,1.0,0.0,2.0,1.25
2023-01-22,USCVP,LNG,2.0,0.0,3.0,1.38
2023-01-29,USCVP,LNG,2.0,0.0,3.0,1.75
2023-02-05,USCVP,LNG,1.0,0.0,4.0,1.38
2023-02-12,USCVP,LNG,1.0,0.0,3.0,1.5
2023-02-19,USCVP,LNG,2.0,0.0,2.0,0.88
2023-02-26,USCVP,LNG,2.0,0.0,3.0,1.88
2023-03-05,USCVP,LNG,1.0,0.0,1.0,0.88
2023-03-12,USCVP,LNG,2.0,0.0,2.0,1.12
2023-03-19,USCVP,LNG,1.0,1.0,2.0,1.5
2023-03-26,USCVP,LNG,2.0,1.0,2.0,1.62
2023-04-02,USCVP,LNG,1.0,0.0,3.0,1.5
2023-04-09,USCVP,LNG,1.0,1.0,2.0,1.38
2023-04-16,USCVP,LNG,2.0,1.0,2.0,1.25
2023-04-23,USCVP,LNG,2.0,1.0,2.0,1.62
2023-04-30,USCVP,LNG,2.0,0.0,3.0,1.62
2023-05-07,USCVP,LNG,2.0,0.0,2.0,0.88
2023-05-14,USCVP,LNG,2.0,1.0,2.0,1.88
2023-05-21,USCVP,LNG,0.0,0.0,2.0,0.88
2023-05-28,USCVP,LNG,2.0,1.0,2.0,1.5
2023-06-04,USCVP,LNG,1.0,0.0,2.0,1.5
2023-06-11,USCVP,LNG,3.0,0.0,3.0,1.0
2023-06-18,USCVP,LNG,1.0,0.0,3.0,0.88
2023-06-25,USCVP,LNG,1.0,0.0,3.0,1.38
2023-07-02,USCVP,LNG,2.0,1.0,2.0,1.38
2023-07-09,USCVP,LNG,1.0,0.0,2.0,1.0
2023-07-16,USCVP,LNG,2.0,0.0,2.0,1.25
2023-07-23,USCVP,LNG,1.0,1.0,2.0,1.38
2023-07-30,USCVP,LNG,1.0,0.0,3.0,1.62
2023-08-06,USCVP,LNG,2.0,0.0,2.0,1.12
2023-08-13,USCVP,LNG,2.0,0.0,2.0,1.25
2023-08-20,USCVP,LNG,1.0,0.0,2.0,1.25
2023-08-27,USCVP,LNG,2.0,0.0,2.0,1.38
2023-09-03,USCVP,LNG,1.0,0.0,2.0,1.38
2023-09-10,USCVP,LNG,1.0,1.0,2.0,1.29
2023-09-17,USCVP,LNG,2.0,1.0,2.0,1.43
2023-09-24,USCVP,LNG,1.0,0.0,2.0,1.14
2023-10-01,USCVP,LNG,0.0,0.0,1.0,0.14
2023-10-08,USCVP,LNG,0.0,0.0,0.0,0.0
2023-10-15,USCVP,LNG,0.0,0.0,0.0,0.0
2023-10-22,USCVP,LNG,2.0,0.0,2.0,0.86
2023-10-29,USCVP,LNG,0.0,0.0,2.0,1.14
2023-11-05,USCVP,LNG,2.0,1.0,3.0,1.86
2023-11-12,USCVP,LNG,1.0,0.0,2.0,0.86
2023-11-19,USCVP,LNG,2.0,1.0,3.0,1.71
2023-11-26,USCVP,LNG,1.0,1.0,3.0,1.57
2023-12-03,USCVP,LNG,1.0,1.0,1.0,1.0
2023-12-10,USCVP,LNG,2.0,0.0,3.0,1.29
2023-12-17,USCVP,LNG,2.0,0.0,3.0,1.86
2023-12-24,USCVP,LNG,2.0,1.0,2.0,1.57
2023-12-31,USCVP,LNG,1.0,1.0,2.0,1.57
2024-01-07,USCVP,LNG,2.0,1.0,2.0,1.5
2024-01-14,USCVP,LNG,1.0,0.0,2.0,1.25
2024-01-21,USCVP,LNG,3.0,0.0,3.0,1.38
2024-01-28,USCVP,LNG,2.0,0.0,3.0,1.75
2024-02-04,USCVP,LNG,1.0,0.0,4.0,1.38
2024-02-11,USCVP,LNG,1.0,0.0,3.0,1.5
2024-02-18,USCVP,LNG,1.0,0.0,2.0,0.88
2024-02-25,USCVP,LNG,3.0,0.0,3.0,1.88
2024-03-03,USCVP,LNG,1.0,0.0,1.0,0.88
2024-03-10,USCVP,LNG,1.0,0.0,2.0,1.12
2024-03-17,USCVP,LNG,2.0,1.0,2.0,1.5
2024-03-24,USCVP,LNG,2.0,1.0,2.0,1.62
2024-03-31,USCVP,LNG,2.0,0.0,3.0,1.5
2024-04-07,USCVP,LNG,2.0,1.0,2.0,1.38
2024-04-14,USCVP,LNG,1.0,1.0,2.0,1.25
2024-04-21,USCVP,LNG,2.0,1.0,2.0,1.62
2024-04-28,USCVP,LNG,2.0,0.0,3.0,1.62
2024-05-05,USCVP,LNG,1.0,0.0,2.0,0.88
2024-05-12,USCVP,LNG,2.0,1.0,2.0,1.88
2024-05-19,USCVP,LNG,1.0,0.0,2.0,0.88
2024-05-26,USCVP,LNG,2.0,1.0,2.0,1.5
2024-06-02,USCVP,LNG,2.0,0.0,2.0,1.5
2024-06-09,USCVP,LNG,0.0,0.0,3.0,1.0
2024-06-16,USCVP,LNG,1.0,0.0,3.0,0.88
2024-06-23,USCVP,LNG,2.0,0.0,3.0,1.38
2024-06-30,USCVP,LNG,1.0,1.0,2.0,1.38
2024-07-07,USCVP,LNG,2.0,0.0,2.0,1.0
2024-07-14,USCVP,LNG,1.0,0.0,2.0,1.25
2024-07-21,USCVP,LNG,1.0,1.0,2.0,1.38
2024-07-28,USCVP,LNG,2.0,0.0,3.0,1.62
2024-08-04,USCVP,LNG,1.0,0.0,2.0,1.12
2024-08-11,USCVP,LNG,1.0,0.0,2.0,1.25
2024-08-18,USCVP,LNG,2.0,0.0,2.0,1.25
2024-08-25,USCVP,LNG,0.0,0.0,2.0,1.38
2024-09-01,USCVP,LNG,2.0,0.0,2.0,1.38
2024-09-08,USCVP,LNG,1.0,1.0,2.0,1.29
2024-09-15,USCVP,LNG,1.0,1.0,2.0,1.43
2024-09-22,USCVP,LNG,2.0,0.0,2.0,1.14
2024-09-29,USCVP,LNG,0.0,0.0,1.0,0.14
2024-10-06,USCVP,LNG,0.0,0.0,0.0,0.0
2024-10-13,USCVP,LNG,0.0,0.0,0.0,0.0
2024-10-20,USCVP,LNG,2.0,0.0,2.0,0.86
2024-10-27,USCVP,LNG,1.0,0.0,2.0,1.14
2024-11-03,USCVP,LNG,1.0,1.0,3.0,1.86
2024-11-10,USCVP,LNG,2.0,0.0,2.0,0.86
2024-11-17,USCVP,LNG,2.0,1.0,3.0,1.71
2024-11-24,USCVP,LNG,2.0,1.0,3.0,1.57
2024-12-01,USCVP,LNG,1.0,1.0,1.0,1.0
2024-12-08,USCVP,LNG,3.0,0.0,3.0,1.29
2024-12-15,USCVP,LNG,2.0,0.0,3.0,1.86
2024-12-22,USCVP,LNG,2.0,1.0,2.0,1.57
2024-12-29,USCVP,LNG,1.0,1.0,2.0,1.57
2025-01-05,USCVP,LNG,2.0,1.0,2.0,1.5
2025-01-12,USCVP,LNG,2.0,0.0,2.0,1.25
2025-01-19,USCVP,LNG,1.0,0.0,3.0,1.38
2025-01-26,USCVP,LNG,2.0,0.0,3.0,1.75
2025-02-02,USCVP,LNG,2.0,0.0,4.0,1.38
2025-02-09,USCVP,LNG,3.0,0.0,3.0,1.5
2025-02-16,USCVP,LNG,0.0,0.0,2.0,0.88
2025-02-23,USCVP,LNG,3.0,0.0,3.0,1.88
2025-03-02,USCVP,LNG,1.0,0.0,1.0,0.88
2025-03-09,USCVP,LNG,0.0,0.0,2.0,1.12
2025-03-16,USCVP,LNG,2.0,1.0,2.0,1.5
2025-03-23,USCVP,LNG,2.0,1.0,2.0,1.62
2025-03-30,USCVP,LNG,2.0,0.0,3.0,1.5
2025-04-06,USCVP,LNG,1.0,1.0,2.0,1.38
2025-04-13,USCVP,LNG,1.0,1.0,2.0,1.25
2025-04-20,USCVP,LNG,2.0,1.0,2.0,1.62
2025-04-27,USCVP,LNG,2.0,0.0,3.0,1.62
2025-05-04,USCVP,LNG,1.0,0.0,2.0,0.88
2025-05-11,USCVP,LNG,2.0,1.0,2.0,1.88
2025-05-18,USCVP,LNG,1.0,0.0,2.0,0.88
2025-05-25,USCVP,LNG,2.0,1.0,2.0,1.5
2025-06-01,USCVP,LNG,2.0,0.0,2.0,1.5
2025-06-08,USCVP,LNG,1.0,0.0,3.0,1.0
2025-06-15,USCVP,LNG,0.0,0.0,3.0,0.88
2025-06-22,USCVP,LNG,3.0,0.0,3.0,1.38
2025-06-29,USCVP,LNG,1.0,1.0,2.0,1.38
2025-07-06,USCVP,LNG,1.0,0.0,2.0,1.0
2025-07-13,USCVP,LNG,1.0,0.0,2.0,1.25
2025-07-20,USCVP,LNG,1.0,1.0,2.0,1.38
2025-07-27,USCVP,LNG,3.0,0.0,3.0,1.62
2025-08-03,USCVP,LNG,1.0,0.0,2.0,1.12
2025-08-10,USCVP,LNG,1.0,0.0,2.0,1.25
2025-08-17,USCVP,LNG,1.0,0.0,2.0,1.25
2025-08-24,USCVP,LNG,2.0,0.0,2.0,1.38
2025-08-31,USCVP,LNG,2.0,0.0,2.0,1.38
2025-09-07,USCVP,LNG,1.0,1.0,2.0,1.29
2025-09-14,USCVP,LNG,1.0,1.0,2.0,1.43
2025-09-21,USCVP,LNG,2.0,0.0,2.0,1.14
2025-09-28,USCVP,LNG,0.0,0.0,1.0,0.14
2025-10-05,USCVP,LNG,0.0,0.0,0.0,0.0
2025-10-12,USCVP,LNG,0.0,0.0,0.0,0.0
2025-10-19,USCVP,LNG,1.0,0.0,2.0,0.86
2025-10-26,USCVP,LNG,2.0,0.0,2.0,1.14
2025-11-02,USCVP,LNG,3.0,1.0,3.0,1.86
2025-11-09,USCVP,LNG,1.0,0.0,2.0,0.86
2025-11-16,USCVP,LNG,1.0,1.0,3.0,1.71
2025-11-23,USCVP,LNG,3.0,1.0,3.0,1.57
2025-11-30,USCVP,LNG,1.0,1.0,1.0,1.0
2025-12-07,USCVP,LNG,1.0,0.0,3.0,1.29
2025-12-14,USCVP,LNG,3.0,0.0,3.0,1.86
2025-12-21,USCVP,LNG,2.0,1.0,2.0,1.57
2025-12-28,USCVP,LNG,2.0,1.0,2.0,1.57
2026-01-04,USCVP,LNG,1.0,1.0,2.0,1.5
2026-01-11,USCVP,LNG,2.0,0.0,2.0,1.25
2026-01-18,USCVP,LNG,1.0,0.0,3.0,1.38
2026-01-25,USCVP,LNG,2.0,0.0,3.0,1.75
2026-02-01,USCVP,LNG,4.0,0.0,4.0,1.38
2026-02-08,USCVP,LNG,1.0,0.0,3.0,1.5
2026-02-15,USCVP,LNG,1.0,0.0,2.0,0.88
2026-02-22,USCVP,LNG,3.0,0.0,3.0,1.88
2026-03-01,USCVP,LNG,1.0,0.0,1.0,0.88
2026-03-08,USCVP,LNG,1.0,0.0,2.0,1.12
2026-03-15,USCVP,LNG,2.0,1.0,2.0,1.5
2026-03-22,USCVP,LNG,1.0,1.0,2.0,1.62
2026-03-29,USCVP,LNG,3.0,0.0,3.0,1.5
2026-04-05,USCVP,LNG,1.0,1.0,2.0,1.38
2026-04-12,USCVP,LNG,2.0,1.0,2.0,1.25
2026-04-19,USCVP,LNG,1.0,1.0,2.0,1.62
2026-04-26,USCVP,LNG,2.0,0.0,3.0,1.62
2026-05-03,USCVP,LNG,1.0,0.0,2.0,0.88
2026-05-10,USCVP,LNG,2.0,1.0,2.0,1.88
2026-05-17,USCVP,LNG,2.0,0.0,2.0,0.88
2026-05-24,USCVP,LNG,1.0,1.0,2.0,1.5
2026-05-31,USCVP,LNG,1.0,0.0,2.0,1.5
2026-06-07,USCVP,LNG,1.0,0.0,3.0,1.0
2026-06-14,USCVP,LNG,3.0,0.0,3.0,0.88
2026-06-21,USCVP,LNG,1.0,0.0,3.0,1.38
2026-06-28,USCVP,LNG,1.0,1.0,2.0,1.38
2026-07-05,USCVP,LNG,2.0,0.0,2.0,1.0
2026-07-12,USCVP,LNG,1.0,0.0,2.0,1.25
2026-07-19,USCVP,LNG,2.0,1.0,2.0,1.38
2026-07-26,USCVP,LNG,2.0,0.0,3.0,1.62
2026-08-02,USCVP,LNG,0.0,0.0,2.0,1.12
2026-08-09,USCVP,LNG,2.0,0.0,2.0,1.25
2026-08-16,USCVP,LNG,2.0,0.0,2.0,1.25
2026-08-23,USCVP,LNG,1.0,0.0,2.0,1.38
2026-08-30,USCVP,LNG,1.0,0.0,2.0,1.38
2019-01-06,USSPG,LNG,9.0,9.0,17.0,11.62
2019-01-13,USSPG,LNG,9.0,9.0,15.0,10.62
2019-01-20,USSPG,LNG,5.0,5.0,16.0,10.25
2019-01-27,USSPG,LNG,10.0,9.0,17.0,12.75
2019-02-03,USSPG,LNG,4.0,4.0,12.0,10.5
2019-02-10,USSPG,LNG,8.0,5.0,13.0,9.75
2019-02-17,USSPG,LNG,6.0,6.0,16.0,10.25
2019-02-24,USSPG,LNG,8.0,7.0,14.0,8.88
2019-03-03,USSPG,LNG,9.0,8.0,16.0,11.88
2019-03-10,USSPG,LNG,9.0,6.0,13.0,10.0
2019-03-17,USSPG,LNG,10.0,3.0,14.0,9.88
2019-03-24,USSPG,LNG,9.0,8.0,17.0,11.38
2019-03-31,USSPG,LNG,8.0,8.0,17.0,12.12
2019-04-07,USSPG,LNG,7.0,7.0,14.0,11.38
2019-04-14,USSPG,LNG,12.0,10.0,18.0,14.12
2019-04-21,USSPG,LNG,8.0,8.0,18.0,11.75
2019-04-28,USSPG,LNG,11.0,9.0,13.0,10.88
2019-05-05,USSPG,LNG,15.0,7.0,15.0,11.75
2019-05-12,USSPG,LNG,7.0,7.0,13.0,10.62
2019-05-19,USSPG,LNG,12.0,7.0,15.0,10.75
2019-05-26,USSPG,LNG,9.0,6.0,12.0,9.5
2019-06-02,USSPG,LNG,9.0,6.0,14.0,11.25
2019-06-09,USSPG,LNG,9.0,8.0,12.0,9.5
2019-06-16,USSPG,LNG,9.0,5.0,14.0,9.5
2019-06-23,USSPG,LNG,7.0,6.0,12.0,9.0
2019-06-30,USSPG,LNG,9.0,8.0,15.0,10.88
2019-07-07,USSPG,LNG,11.0,3.0,11.0,9.25
2019-07-14,USSPG,LNG,8.0,7.0,16.0,11.0
2019-07-21,USSPG,LNG,14.0,4.0,14.0,9.88
2019-07-28,USSPG,LNG,9.0,4.0,12.0,9.62
2019-08-04,USSPG,LNG,8.0,7.0,12.0,9.12
2019-08-11,USSPG,LNG,9.0,4.0,13.0,9.5
2019-08-18,USSPG,LNG,7.0,7.0,15.0,10.25
2019-08-25,USSPG,LNG,10.0,10.0,14.0,11.62
2019-09-01,USSPG,LNG,10.0,0.0,14.0,9.12
2019-09-08,USSPG,LNG,8.0,3.0,16.0,11.29
2019-09-15,USSPG,LNG,8.0,8.0,12.0,10.71
2019-09-22,USSPG,LNG,10.0,7.0,17.0,13.0
2019-09-29,USSPG,LNG,10.0,7.0,13.0,9.86
2019-10-06,USSPG,LNG,8.0,6.0,14.0,11.14
2019-10-13,USSPG,LNG,17.0,10.0,17.0,14.71
2019-10-20,USSPG,LNG,11.0,10.0,19.0,13.14
2019-10-27,USSPG,LNG,13.0,7.0,13.0,11.0
2019-11-03,USSPG,LNG,11.0,11.0,14.0,12.14
2019-11-10,USSPG,LNG,13.0,10.0,19.0,12.57
2019-11-17,USSPG,LNG,10.0,9.0,13.0,10.29
2019-11-24,USSPG,LNG,9.0,9.0,16.0,12.71
2019-12-01,USSPG,LNG,11.0,8.0,13.0,10.43
2019-12-08,USSPG,LNG,8.0,8.0,14.0,11.71
2019-12-15,USSPG,LNG,8.0,7.0,16.0,12.14
2019-12-22,USSPG,LNG,11.0,11.0,16.0,13.14
2019-12-29,USSPG,LNG,14.0,8.0,15.0,10.71
2020-01-05,USSPG,LNG,10.0,9.0,17.0,11.62
2020-01-12,USSPG,LNG,10.0,9.0,15.0,10.62
2020-01-19,USSPG,LNG,6.0,5.0,16.0,10.25
2020-01-26,USSPG,LNG,14.0,9.0,17.0,12.75
2020-02-02,USSPG,LNG,12.0,4.0,12.0,10.5
2020-02-09,USSPG,LNG,11.0,5.0,13.0,9.75
2020-02-16,USSPG,LNG,9.0,6.0,16.0,10.25
2020-02-23,USSPG,LNG,7.0,7.0,14.0,8.88
2020-03-01,USSPG,LNG,12.0,8.0,16.0,11.88
2020-03-08,USSPG,LNG,6.0,6.0,13.0,10.0
2020-03-15,USSPG,LNG,3.0,3.0,14.0,9.88
2020-03-22,USSPG,LNG,8.0,8.0,17.0,11.38
2020-03-29,USSPG,LNG,10.0,8.0,17.0,12.12
2020-04-05,USSPG,LNG,12.0,7.0,14.0,11.38
2020-04-12,USSPG,LNG,10.0,10.0,18.0,14.12
2020-04-19,USSPG,LNG,8.0,8.0,18.0,11.75
2020-04-26,USSPG,LNG,10.0,9.0,13.0,10.88
2020-05-03,USSPG,LNG,7.0,7.0,15.0,11.75
2020-05-10,USSPG,LNG,10.0,7.0,13.0,10.62
2020-05-17,USSPG,LNG,8.0,7.0,15.0,10.75
2020-05-24,USSPG,LNG,6.0,6.0,12.0,9.5
2020-05-31,USSPG,LNG,6.0,6.0,14.0,11.25
2020-06-07,USSPG,LNG,8.0,8.0,12.0,9.5
2020-06-14,USSPG,LNG,5.0,5.0,14.0,9.5
2020-06-21,USSPG,LNG,6.0,6.0,12.0,9.0
2020-06-28,USSPG,LNG,8.0,8.0,15.0,10.88
2020-07-05,USSPG,LNG,3.0,3.0,11.0,9.25
2020-07-12,USSPG,LNG,7.0,7.0,16.0,11.0
2020-07-19,USSPG,LNG,4.0,4.0,14.0,9.88
2020-07-26,USSPG,LNG,4.0,4.0,12.0,9.62
2020-08-02,USSPG,LNG,8.0,7.0,12.0,9.12
2020-08-09,USSPG,LNG,4.0,4.0,13.0,9.5
2020-08-16,USSPG,LNG,8.0,7.0,15.0,10.25
2020-08-23,USSPG,LNG,10.0,10.0,14.0,11.62
2020-08-30,USSPG,LNG,0.0,0.0,14.0,9.12
2020-09-06,USSPG,LNG,3.0,3.0,16.0,11.29
2020-09-13,USSPG,LNG,10.0,8.0,12.0,10.71
2020-09-20,USSPG,LNG,7.0,7.0,17.0,13.0
2020-09-27,USSPG,LNG,13.0,7.0,13.0,9.86
2020-10-04,USSPG,LNG,6.0,6.0,14.0,11.14
2020-10-11,USSPG,LNG,17.0,10.0,17.0,14.71
2020-10-18,USSPG,LNG,11.0,10.0,19.0,13.14
2020-10-25,USSPG,LNG,13.0,7.0,13.0,11.0
2020-11-01,USSPG,LNG,12.0,11.0,14.0,12.14
2020-11-08,USSPG,LNG,10.0,10.0,19.0,12.57
2020-11-15,USSPG,LNG,9.0,9.0,13.0,10.29
2020-11-22,USSPG,LNG,12.0,9.0,16.0,12.71
2020-11-29,USSPG,LNG,11.0,8.0,13.0,10.43
2020-12-06,USSPG,LNG,9.0,8.0,14.0,11.71
2020-12-13,USSPG,LNG,12.0,7.0,16.0,12.14
2020-12-20,USSPG,LNG,11.0,11.0,16.0,13.14
2020-12-27,USSPG,LNG,10.0,8.0,15.0,10.71
2021-01-03,USSPG,LNG,15.0,12.0,18.0,15.0
2021-01-10,USSPG,LNG,10.0,9.0,17.0,11.62
2021-01-17,USSPG,LNG,10.0,9.0,15.0,10.62
2021-01-24,USSPG,LNG,7.0,5.0,16.0,10.25
2021-01-31,USSPG,LNG,14.0,9.0,17.0,12.75
2021-02-07,USSPG,LNG,10.0,4.0,12.0,10.5
2021-02-14,USSPG,LNG,10.0,5.0,13.0,9.75
2021-02-21,USSPG,LNG,6.0,6.0,16.0,10.25
2021-02-28,USSPG,LNG,7.0,7.0,14.0,8.88
2021-03-07,USSPG,LNG,14.0,8.0,16.0,11.88
2021-03-14,USSPG,LNG,9.0,6.0,13.0,10.0
2021-03-21,USSPG,LNG,8.0,3.0,14.0,9.88
2021-03-28,USSPG,LNG,11.0,8.0,17.0,11.38
2021-04-04,USSPG,LNG,17.0,8.0,17.0,12.12
2021-04-11,USSPG,LNG,14.0,7.0,14.0,11.38
2021-04-18,USSPG,LNG,13.0,10.0,18.0,14.12
2021-04-25,USSPG,LNG,10.0,8.0,18.0,11.75
2021-05-02,USSPG,LNG,10.0,9.0,13.0,10.88
2021-05-09,USSPG,LNG,10.0,7.0,15.0,11.75
2021-05-16,USSPG,LNG,9.0,7.0,13.0,10.62
2021-05-23,USSPG,LNG,7.0,7.0,15.0,10.75
2021-05-30,USSPG,LNG,12.0,6.0,12.0,9.5
2021-06-06,USSPG,LNG,14.0,6.0,14.0,11.25
2021-06-13,USSPG,LNG,12.0,8.0,12.0,9.5
2021-06-20,USSPG,LNG,11.0,5.0,14.0,9.5
2021-06-27,USSPG,LNG,8.0,6.0,12.0,9.0
2021-07-04,USSPG,LNG,15.0,8.0,15.0,10.88
2021-07-11,USSPG,LNG,10.0,3.0,11.0,9.25
2021-07-18,USSPG,LNG,12.0,7.0,16.0,11.0
2021-07-25,USSPG,LNG,9.0,4.0,14.0,9.88
2021-08-01,USSPG,LNG,9.0,4.0,12.0,9.62
2021-08-08,USSPG,LNG,7.0,7.0,12.0,9.12
2021-08-15,USSPG,LNG,9.0,4.0,13.0,9.5
2021-08-22,USSPG,LNG,11.0,7.0,15.0,10.25
2021-08-29,USSPG,LNG,14.0,10.0,14.0,11.62
2021-09-05,USSPG,LNG,10.0,0.0,14.0,9.12
2021-09-12,USSPG,LNG,12.0,3.0,16.0,11.29
2021-09-19,USSPG,LNG,11.0,8.0,12.0,10.71
2021-09-26,USSPG,LNG,12.0,7.0,17.0,13.0
2021-10-03,USSPG,LNG,10.0,7.0,13.0,9.86
2021-10-10,USSPG,LNG,12.0,6.0,14.0,11.14
2021-10-17,USSPG,LNG,12.0,10.0,17.0,14.71
2021-10-24,USSPG,LNG,13.0,10.0,19.0,13.14
2021-10-31,USSPG,LNG,7.0,7.0,13.0,11.0
2021-11-07,USSPG,LNG,11.0,11.0,14.0,12.14
2021-11-14,USSPG,LNG,11.0,10.0,19.0,12.57
2021-11-21,USSPG,LNG,10.0,9.0,13.0,10.29
2021-11-28,USSPG,LNG,11.0,9.0,16.0,12.71
2021-12-05,USSPG,LNG,10.0,8.0,13.0,10.43
2021-12-12,USSPG,LNG,12.0,8.0,14.0,11.71
2021-12-19,USSPG,LNG,7.0,7.0,16.0,12.14
2021-12-26,USSPG,LNG,15.0,11.0,16.0,13.14
2022-01-02,USSPG,LNG,9.0,8.0,15.0,10.71
2022-01-09,USSPG,LNG,17.0,9.0,17.0,11.62
2022-01-16,USSPG,LNG,10.0,9.0,15.0,10.62
2022-01-23,USSPG,LNG,12.0,5.0,16.0,10.25
2022-01-30,USSPG,LNG,14.0,9.0,17.0,12.75
2022-02-06,USSPG,LNG,10.0,4.0,12.0,10.5
2022-02-13,USSPG,LNG,12.0,5.0,13.0,9.75
2022-02-20,USSPG,LNG,13.0,6.0,16.0,10.25
2022-02-27,USSPG,LNG,7.0,7.0,14.0,8.88
2022-03-06,USSPG,LNG,11.0,8.0,16.0,11.88
2022-03-13,USSPG,LNG,12.0,6.0,13.0,10.0
2022-03-20,USSPG,LNG,12.0,3.0,14.0,9.88
2022-03-27,USSPG,LNG,12.0,8.0,17.0,11.38
2022-04-03,USSPG,LNG,16.0,8.0,17.0,12.12
2022-04-10,USSPG,LNG,12.0,7.0,14.0,11.38
2022-04-17,USSPG,LNG,15.0,10.0,18.0,14.12
2022-04-24,USSPG,LNG,12.0,8.0,18.0,11.75
2022-05-01,USSPG,LNG,12.0,9.0,13.0,10.88
2022-05-08,USSPG,LNG,11.0,7.0,15.0,11.75
2022-05-15,USSPG,LNG,11.0,7.0,13.0,10.62
2022-05-22,USSPG,LNG,12.0,7.0,15.0,10.75
2022-05-29,USSPG,LNG,12.0,6.0,12.0,9.5
2022-06-05,USSPG,LNG,11.0,6.0,14.0,11.25
2022-06-12,USSPG,LNG,10.0,8.0,12.0,9.5
2022-06-19,USSPG,LNG,11.0,5.0,14.0,9.5
2022-06-26,USSPG,LNG,12.0,6.0,12.0,9.0
2022-07-03,USSPG,LNG,12.0,8.0,15.0,10.88
2022-07-10,USSPG,LNG,10.0,3.0,11.0,9.25
2022-07-17,USSPG,LNG,14.0,7.0,16.0,11.0
2022-07-24,USSPG,LNG,11.0,4.0,14.0,9.88
2022-07-31,USSPG,LNG,11.0,4.0,12.0,9.62
2022-08-07,USSPG,LNG,10.0,7.0,12.0,9.12
2022-08-14,USSPG,LNG,11.0,4.0,13.0,9.5
2022-08-21,USSPG,LNG,9.0,7.0,15.0,10.25
2022-08-28,USSPG,LNG,12.0,10.0,14.0,11.62
2022-09-04,USSPG,LNG,9.0,0.0,14.0,9.12
2022-09-11,USSPG,LNG,15.0,3.0,16.0,11.29
2022-09-18,USSPG,LNG,11.0,8.0,12.0,10.71
2022-09-25,USSPG,LNG,17.0,7.0,17.0,13.0
2022-10-02,USSPG,LNG,7.0,7.0,13.0,9.86
2022-10-09,USSPG,LNG,14.0,6.0,14.0,11.14
2022-10-16,USSPG,LNG,10.0,10.0,17.0,14.71
2022-10-23,USSPG,LNG,10.0,10.0,19.0,13.14
2022-10-30,USSPG,LNG,13.0,7.0,13.0,11.0
2022-11-06,USSPG,LNG,13.0,11.0,14.0,12.14
2022-11-13,USSPG,LNG,13.0,10.0,19.0,12.57
2022-11-20,USSPG,LNG,11.0,9.0,13.0,10.29
2022-11-27,USSPG,LNG,15.0,9.0,16.0,12.71
2022-12-04,USSPG,LNG,8.0,8.0,13.0,10.43
2022-12-11,USSPG,LNG,14.0,8.0,14.0,11.71
2022-12-18,USSPG,LNG,16.0,7.0,16.0,12.14
2022-12-25,USSPG,LNG,11.0,11.0,16.0,13.14
2023-01-01,USSPG,LNG,8.0,8.0,15.0,10.71
2023-01-08,USSPG,LNG,13.0,9.0,17.0,11.62
2023-01-15,USSPG,LNG,15.0,9.0,15.0,10.62
2023-01-22,USSPG,LNG,16.0,5.0,16.0,10.25
2023-01-29,USSPG,LNG,17.0,9.0,17.0,12.75
2023-02-05,USSPG,LNG,12.0,4.0,12.0,10.5
2023-02-12,USSPG,LNG,13.0,5.0,13.0,9.75
2023-02-19,USSPG,LNG,16.0,6.0,16.0,10.25
2023-02-26,USSPG,LNG,8.0,7.0,14.0,8.88
2023-03-05,USSPG,LNG,16.0,8.0,16.0,11.88
2023-03-12,USSPG,LNG,12.0,6.0,13.0,10.0
2023-03-19,USSPG,LNG,9.0,3.0,14.0,9.88
2023-03-26,USSPG,LNG,9.0,8.0,17.0,11.38
2023-04-02,USSPG,LNG,10.0,8.0,17.0,12.12
2023-04-09,USSPG,LNG,13.0,7.0,14.0,11.38
2023-04-16,USSPG,LNG,14.0,10.0,18.0,14.12
2023-04-23,USSPG,LNG,18.0,8.0,18.0,11.75
2023-04-30,USSPG,LNG,9.0,9.0,13.0,10.88
2023-05-07,USSPG,LNG,12.0,7.0,15.0,11.75
2023-05-14,USSPG,LNG,12.0,7.0,13.0,10.62
2023-05-21,USSPG,LNG,11.0,7.0,15.0,10.75
2023-05-28,USSPG,LNG,9.0,6.0,12.0,9.5
2023-06-04,USSPG,LNG,12.0,6.0,14.0,11.25
2023-06-11,USSPG,LNG,10.0,8.0,12.0,9.5
2023-06-18,USSPG,LNG,9.0,5.0,14.0,9.5
2023-06-25,USSPG,LNG,10.0,6.0,12.0,9.0
2023-07-02,USSPG,LNG,8.0,8.0,15.0,10.88
2023-07-09,USSPG,LNG,10.0,3.0,11.0,9.25
2023-07-16,USSPG,LNG,12.0,7.0,16.0,11.0
2023-07-23,USSPG,LNG,10.0,4.0,14.0,9.88
2023-07-30,USSPG,LNG,12.0,4.0,12.0,9.62
2023-08-06,USSPG,LNG,12.0,7.0,12.0,9.12
2023-08-13,USSPG,LNG,10.0,4.0,13.0,9.5
2023-08-20,USSPG,LNG,12.0,7.0,15.0,10.25
2023-08-27,USSPG,LNG,11.0,10.0,14.0,11.62
2023-09-03,USSPG,LNG,11.0,0.0,14.0,9.12
2023-09-10,USSPG,LNG,16.0,3.0,16.0,11.29
2023-09-17,USSPG,LNG,12.0,8.0,12.0,10.71
2023-09-24,USSPG,LNG,14.0,7.0,17.0,13.0
2023-10-01,USSPG,LNG,9.0,7.0,13.0,9.86
2023-10-08,USSPG,LNG,14.0,6.0,14.0,11.14
2023-10-15,USSPG,LNG,13.0,10.0,17.0,14.71
2023-10-22,USSPG,LNG,17.0,10.0,19.0,13.14
2023-10-29,USSPG,LNG,12.0,7.0,13.0,11.0
2023-11-05,USSPG,LNG,11.0,11.0,14.0,12.14
2023-11-12,USSPG,LNG,12.0,10.0,19.0,12.57
2023-11-19,USSPG,LNG,9.0,9.0,13.0,10.29
2023-11-26,USSPG,LNG,14.0,9.0,16.0,12.71
2023-12-03,USSPG,LNG,9.0,8.0,13.0,10.43
2023-12-10,USSPG,LNG,14.0,8.0,14.0,11.71
2023-12-17,USSPG,LNG,13.0,7.0,16.0,12.14
2023-12-24,USSPG,LNG,14.0,11.0,16.0,13.14
2023-12-31,USSPG,LNG,9.0,8.0,15.0,10.71
2024-01-07,USSPG,LNG,11.0,9.0,17.0,11.62
2024-01-14,USSPG,LNG,10.0,9.0,15.0,10.62
2024-01-21,USSPG,LNG,11.0,5.0,16.0,10.25
2024-01-28,USSPG,LNG,9.0,9.0,17.0,12.75
2024-02-04,USSPG,LNG,12.0,4.0,12.0,10.5
2024-02-11,USSPG,LNG,8.0,5.0,13.0,9.75
2024-02-18,USSPG,LNG,13.0,6.0,16.0,10.25
2024-02-25,USSPG,LNG,11.0,7.0,14.0,8.88
2024-03-03,USSPG,LNG,15.0,8.0,16.0,11.88
2024-03-10,USSPG,LNG,13.0,6.0,13.0,10.0
2024-03-17,USSPG,LNG,14.0,3.0,14.0,9.88
2024-03-24,USSPG,LNG,17.0,8.0,17.0,11.38
2024-03-31,USSPG,LNG,12.0,8.0,17.0,12.12
2024-04-07,USSPG,LNG,10.0,7.0,14.0,11.38
2024-04-14,USSPG,LNG,16.0,10.0,18.0,14.12
2024-04-21,USSPG,LNG,10.0,8.0,18.0,11.75
2024-04-28,USSPG,LNG,11.0,9.0,13.0,10.88
2024-05-05,USSPG,LNG,13.0,7.0,15.0,11.75
2024-05-12,USSPG,LNG,12.0,7.0,13.0,10.62
2024-05-19,USSPG,LNG,7.0,7.0,15.0,10.75
2024-05-26,USSPG,LNG,11.0,6.0,12.0,9.5
2024-06-02,USSPG,LNG,12.0,6.0,14.0,11.25
2024-06-09,USSPG,LNG,9.0,8.0,12.0,9.5
2024-06-16,USSPG,LNG,11.0,5.0,14.0,9.5
2024-06-23,USSPG,LNG,11.0,6.0,12.0,9.0
2024-06-30,USSPG,LNG,15.0,8.0,15.0,10.88
2024-07-07,USSPG,LNG,10.0,3.0,11.0,9.25
2024-07-14,USSPG,LNG,10.0,7.0,16.0,11.0
2024-07-21,USSPG,LNG,11.0,4.0,14.0,9.88
2024-07-28,USSPG,LNG,12.0,4.0,12.0,9.62
2024-08-04,USSPG,LNG,9.0,7.0,12.0,9.12
2024-08-11,USSPG,LNG,13.0,4.0,13.0,9.5
2024-08-18,USSPG,LNG,15.0,7.0,15.0,10.25
2024-08-25,USSPG,LNG,12.0,10.0,14.0,11.62
2024-09-01,USSPG,LNG,9.0,0.0,14.0,9.12
2024-09-08,USSPG,LNG,13.0,3.0,16.0,11.29
2024-09-15,USSPG,LNG,11.0,8.0,12.0,10.71
2024-09-22,USSPG,LNG,15.0,7.0,17.0,13.0
2024-09-29,USSPG,LNG,11.0,7.0,13.0,9.86
2024-10-06,USSPG,LNG,11.0,6.0,14.0,11.14
2024-10-13,USSPG,LNG,17.0,10.0,17.0,14.71
2024-10-20,USSPG,LNG,19.0,10.0,19.0,13.14
2024-10-27,USSPG,LNG,10.0,7.0,13.0,11.0
2024-11-03,USSPG,LNG,13.0,11.0,14.0,12.14
2024-11-10,USSPG,LNG,10.0,10.0,19.0,12.57
2024-11-17,USSPG,LNG,10.0,9.0,13.0,10.29
2024-11-24,USSPG,LNG,16.0,9.0,16.0,12.71
2024-12-01,USSPG,LNG,11.0,8.0,13.0,10.43
2024-12-08,USSPG,LNG,13.0,8.0,14.0,11.71
2024-12-15,USSPG,LNG,13.0,7.0,16.0,12.14
2024-12-22,USSPG,LNG,14.0,11.0,16.0,13.14
2024-12-29,USSPG,LNG,15.0,8.0,15.0,10.71
2025-01-05,USSPG,LNG,10.0,9.0,17.0,11.62
2025-01-12,USSPG,LNG,11.0,9.0,15.0,10.62
2025-01-19,USSPG,LNG,12.0,5.0,16.0,10.25
2025-01-26,USSPG,LNG,14.0,9.0,17.0,12.75
2025-02-02,USSPG,LNG,12.0,4.0,12.0,10.5
2025-02-09,USSPG,LNG,5.0,5.0,13.0,9.75
2025-02-16,USSPG,LNG,9.0,6.0,16.0,10.25
2025-02-23,USSPG,LNG,14.0,7.0,14.0,8.88
2025-03-02,USSPG,LNG,8.0,8.0,16.0,11.88
2025-03-09,USSPG,LNG,10.0,6.0,13.0,10.0
2025-03-16,USSPG,LNG,12.0,3.0,14.0,9.88
2025-03-23,USSPG,LNG,12.0,8.0,17.0,11.38
2025-03-30,USSPG,LNG,9.0,8.0,17.0,12.12
2025-04-06,USSPG,LNG,12.0,7.0,14.0,11.38
2025-04-13,USSPG,LNG,18.0,10.0,18.0,14.12
2025-04-20,USSPG,LNG,14.0,8.0,18.0,11.75
2025-04-27,USSPG,LNG,11.0,9.0,13.0,10.88
2025-05-04,USSPG,LNG,12.0,7.0,15.0,11.75
2025-05-11,USSPG,LNG,13.0,7.0,13.0,10.62
2025-05-18,USSPG,LNG,14.0,7.0,15.0,10.75
2025-05-25,USSPG,LNG,10.0,6.0,12.0,9.5
2025-06-01,USSPG,LNG,12.0,6.0,14.0,11.25
2025-06-08,USSPG,LNG,8.0,8.0,12.0,9.5
2025-06-15,USSPG,LNG,6.0,5.0,14.0,9.5
2025-06-22,USSPG,LNG,8.0,6.0,12.0,9.0
2025-06-29,USSPG,LNG,11.0,8.0,15.0,10.88
2025-07-06,USSPG,LNG,9.0,3.0,11.0,9.25
2025-07-13,USSPG,LNG,16.0,7.0,16.0,11.0
2025-07-20,USSPG,LNG,9.0,4.0,14.0,9.88
2025-07-27,USSPG,LNG,12.0,4.0,12.0,9.62
2025-08-03,USSPG,LNG,7.0,7.0,12.0,9.12
2025-08-10,USSPG,LNG,11.0,4.0,13.0,9.5
2025-08-17,USSPG,LNG,9.0,7.0,15.0,10.25
2025-08-24,USSPG,LNG,10.0,10.0,14.0,11.62
2025-08-31,USSPG,LNG,14.0,0.0,14.0,9.12
2025-09-07,USSPG,LNG,12.0,3.0,16.0,11.29
2025-09-14,USSPG,LNG,12.0,8.0,12.0,10.71
2025-09-21,USSPG,LNG,16.0,7.0,17.0,13.0
2025-09-28,USSPG,LNG,9.0,7.0,13.0,9.86
2025-10-05,USSPG,LNG,13.0,6.0,14.0,11.14
2025-10-12,USSPG,LNG,17.0,10.0,17.0,14.71
2025-10-19,USSPG,LNG,11.0,10.0,19.0,13.14
2025-10-26,USSPG,LNG,9.0,7.0,13.0,11.0
2025-11-02,USSPG,LNG,14.0,11.0,14.0,12.14
2025-11-09,USSPG,LNG,19.0,10.0,19.0,12.57
2025-11-16,USSPG,LNG,13.0,9.0,13.0,10.29
2025-11-23,USSPG,LNG,12.0,9.0,16.0,12.71
2025-11-30,USSPG,LNG,13.0,8.0,13.0,10.43
2025-12-07,USSPG,LNG,12.0,8.0,14.0,11.71
2025-12-14,USSPG,LNG,16.0,7.0,16.0,12.14
2025-12-21,USSPG,LNG,16.0,11.0,16.0,13.14
2025-12-28,USSPG,LNG,10.0,8.0,15.0,10.71
2026-01-04,USSPG,LNG,13.0,9.0,17.0,11.62
2026-01-11,USSPG,LNG,10.0,9.0,15.0,10.62
2026-01-18,USSPG,LNG,13.0,5.0,16.0,10.25
2026-01-25,USSPG,LNG,10.0,9.0,17.0,12.75
2026-02-01,USSPG,LNG,12.0,4.0,12.0,10.5
2026-02-08,USSPG,LNG,11.0,5.0,13.0,9.75
2026-02-15,USSPG,LNG,10.0,6.0,16.0,10.25
2026-02-22,USSPG,LNG,9.0,7.0,14.0,8.88
2026-03-01,USSPG,LNG,10.0,8.0,16.0,11.88
2026-03-08,USSPG,LNG,9.0,6.0,13.0,10.0
2026-03-15,USSPG,LNG,11.0,3.0,14.0,9.88
2026-03-22,USSPG,LNG,13.0,8.0,17.0,11.38
2026-03-29,USSPG,LNG,15.0,8.0,17.0,12.12
2026-04-05,USSPG,LNG,11.0,7.0,14.0,11.38
2026-04-12,USSPG,LNG,15.0,10.0,18.0,14.12
2026-04-19,USSPG,LNG,14.0,8.0,18.0,11.75
2026-04-26,USSPG,LNG,13.0,9.0,13.0,10.88
2026-05-03,USSPG,LNG,14.0,7.0,15.0,11.75
2026-05-10,USSPG,LNG,11.0,7.0,13.0,10.62
2026-05-17,USSPG,LNG,15.0,7.0,15.0,10.75
2026-05-24,USSPG,LNG,7.0,6.0,12.0,9.5
2026-05-31,USSPG,LNG,14.0,6.0,14.0,11.25
2026-06-07,USSPG,LNG,10.0,8.0,12.0,9.5
2026-06-14,USSPG,LNG,14.0,5.0,14.0,9.5
2026-06-21,USSPG,LNG,10.0,6.0,12.0,9.0
2026-06-28,USSPG,LNG,9.0,8.0,15.0,10.88
2026-07-05,USSPG,LNG,11.0,3.0,11.0,9.25
2026-07-12,USSPG,LNG,9.0,7.0,16.0,11.0
2026-07-19,USSPG,LNG,11.0,4.0,14.0,9.88
2026-07-26,USSPG,LNG,8.0,4.0,12.0,9.62
2026-08-02,USSPG,LNG,12.0,7.0,12.0,9.12
2026-08-09,USSPG,LNG,9.0,4.0,13.0,9.5
2026-08-16,USSPG,LNG,11.0,7.0,15.0,10.25
2026-08-23,USSPG,LNG,14.0,10.0,14.0,11.62
2026-08-30,USSPG,LNG,10.0,0.0,14.0,9.12
2019-01-06,CNNGB,LPG,68.0,39.0,125.0,86.0
2019-01-13,CNNGB,LPG,99.0,48.0,131.0,87.88
2019-01-20,CNNGB,LPG,91.0,35.0,137.0,95.0
2019-01-27,CNNGB,LPG,98.0,59.0,112.0,92.62
2019-02-03,CNNGB,LPG,107.0,53.0,119.0,89.88
2019-02-10,CNNGB,LPG,92.0,68.0,142.0,98.25
2019-02-17,CNNGB,LPG,89.0,45.0,129.0,101.75
2019-02-24,CNNGB,LPG,78.0,72.0,119.0,97.75
2019-03-03,CNNGB,LPG,81.0,81.0,121.0,99.25
2019-03-10,CNNGB,LPG,73.0,48.0,112.0,90.38
2019-03-17,CNNGB,LPG,119.0,50.0,119.0,93.0
2019-03-24,CNNGB,LPG,83.0,83.0,120.0,99.88
2019-03-31,CNNGB,LPG,105.0,79.0,115.0,97.0
2019-04-07,CNNGB,LPG,104.0,60.0,114.0,100.25
2019-04-14,CNNGB,LPG,98.0,64.0,98.0,86.75
2019-04-21,CNNGB,LPG,92.0,48.0,120.0,97.5
2019-04-28,CNNGB,LPG,89.0,87.0,124.0,103.12
2019-05-05,CNNGB,LPG,77.0,54.0,114.0,90.0
2019-05-12,CNNGB,LPG,102.0,48.0,131.0,96.75
2019-05-19,CNNGB,LPG,82.0,61.0,118.0,92.25
2019-05-26,CNNGB,LPG,70.0,67.0,125.0,96.75
2019-06-02,CNNGB,LPG,113.0,73.0,139.0,102.62
2019-06-09,CNNGB,LPG,107.0,52.0,133.0,99.12
2019-06-16,CNNGB,LPG,97.0,63.0,132.0,100.88
2019-06-23,CNNGB,LPG,94.0,45.0,115.0,94.38
2019-06-30,CNNGB,LPG,102.0,63.0,114.0,97.12
2019-07-07,CNNGB,LPG,110.0,56.0,120.0,99.62
2019-07-14,CNNGB,LPG,104.0,35.0,122.0,90.5
2019-07-21,CNNGB,LPG,89.0,28.0,120.0,85.25
2019-07-28,CNNGB,LPG,110.0,50.0,118.0,91.0
2019-08-04,CNNGB,LPG,82.0,44.0,136.0,91.5
2019-08-11,CNNGB,LPG,81.0,39.0,148.0,90.88
2019-08-18,CNNGB,LPG,118.0,59.0,118.0,99.12
2019-08-25,CNNGB,LPG,100.0,50.0,149.0,96.62
2019-09-01,CNNGB,LPG,115.0,20.0,125.0,85.25
2019-09-08,CNNGB,LPG,93.0,47.0,129.0,94.71
2019-09-15,CNNGB,LPG,105.0,51.0,130.0,87.0
2019-09-22,CNNGB,LPG,53.0,46.0,120.0,88.71
2019-09-29,CNNGB,LPG,124.0,47.0,148.0,112.57
2019-10-06,CNNGB,LPG,95.0,47.0,104.0,86.57
2019-10-13,CNNGB,LPG,126.0,37.0,133.0,95.57
2019-10-20,CNNGB,LPG,98.0,67.0,113.0,93.29
2019-10-27,CNNGB,LPG,81.0,52.0,143.0,98.14
2019-11-03,CNNGB,LPG,96.0,44.0,127.0,94.14
2019-11-10,CNNGB,LPG,90.0,50.0,132.0,97.29
2019-11-17,CNNGB,LPG,74.0,45.0,121.0,94.0
2019-11-24,CNNGB,LPG,52.0,40.0,143.0,95.57
2019-12-01,CNNGB,LPG,44.0,43.0,109.0,80.29
2019-12-08,CNNGB,LPG,79.0,41.0,145.0,99.57
2019-12-15,CNNGB,LPG,60.0,39.0,108.0,83.71
2019-12-22,CNNGB,LPG,75.0,33.0,109.0,80.14
2019-12-29,CNNGB,LPG,68.0,40.0,144.0,102.71
2020-01-05,CNNGB,LPG,74.0,39.0,125.0,86.0
2020-01-12,CNNGB,LPG,69.0,48.0,131.0,87.88
2020-01-19,CNNGB,LPG,71.0,35.0,137.0,95.0
2020-01-26,CNNGB,LPG,70.0,59.0,112.0,92.62
2020-02-02,CNNGB,LPG,60.0,53.0,119.0,89.88
2020-02-09,CNNGB,LPG,78.0,68.0,142.0,98.25
2020-02-16,CNNGB,LPG,45.0,45.0,129.0,101.75
2020-02-23,CNNGB,LPG,106.0,72.0,119.0,97.75
2020-03-01,CNNGB,LPG,93.0,81.0,121.0,99.25
2020-03-08,CNNGB,LPG,48.0,48.0,112.0,90.38
2020-03-15,CNNGB,LPG,50.0,50.0,119.0,93.0
2020-03-22,CNNGB,LPG,87.0,83.0,120.0,99.88
2020-03-29,CNNGB,LPG,85.0,79.0,115.0,97.0
2020-04-05,CNNGB,LPG,60.0,60.0,114.0,100.25
2020-04-12,CNNGB,LPG,64.0,64.0,98.0,86.75
2020-04-19,CNNGB,LPG,108.0,48.0,120.0,97.5
2020-04-26,CNNGB,LPG,98.0,87.0,124.0,103.12
2020-05-03,CNNGB,LPG,54.0,54.0,114.0,90.0
2020-05-10,CNNGB,LPG,48.0,48.0,131.0,96.75
2020-05-17,CNNGB,LPG,61.0,61.0,118.0,92.25
2020-05-24,CNNGB,LPG,67.0,67.0,125.0,96.75
2020-05-31,CNNGB,LPG,73.0,73.0,139.0,102.62
2020-06-07,CNNGB,LPG,52.0,52.0,133.0,99.12
2020-06-14,CNNGB,LPG,63.0,63.0,132.0,100.88
2020-06-21,CNNGB,LPG,45.0,45.0,115.0,94.38
2020-06-28,CNNGB,LPG,63.0,63.0,114.0,97.12
2020-07-05,CNNGB,LPG,56.0,56.0,120.0,99.62
2020-07-12,CNNGB,LPG,59.0,35.0,122.0,90.5
2020-07-19,CNNGB,LPG,67.0,28.0,120.0,85.25
2020-07-26,CNNGB,LPG,50.0,50.0,118.0,91.0
2020-08-02,CNNGB,LPG,44.0,44.0,136.0,91.5
2020-08-09,CNNGB,LPG,53.0,39.0,148.0,90.88
2020-08-16,CNNGB,LPG,59.0,59.0,118.0,99.12
2020-08-23,CNNGB,LPG,50.0,50.0,149.0,96.62
2020-08-30,CNNGB,LPG,58.0,20.0,125.0,85.25
2020-09-06,CNNGB,LPG,47.0,47.0,129.0,94.71
2020-09-13,CNNGB,LPG,51.0,51.0,130.0,87.0
2020-09-20,CNNGB,LPG,46.0,46.0,120.0,88.71
2020-09-27,CNNGB,LPG,47.0,47.0,148.0,112.57
2020-10-04,CNNGB,LPG,47.0,47.0,104.0,86.57
2020-10-11,CNNGB,LPG,37.0,37.0,133.0,95.57
2020-10-18,CNNGB,LPG,67.0,67.0,113.0,93.29
2020-10-25,CNNGB,LPG,52.0,52.0,143.0,98.14
2020-11-01,CNNGB,LPG,44.0,44.0,127.0,94.14
2020-11-08,CNNGB,LPG,50.0,50.0,132.0,97.29
2020-11-15,CNNGB,LPG,45.0,45.0,121.0,94.0
2020-11-22,CNNGB,LPG,40.0,40.0,143.0,95.57
2020-11-29,CNNGB,LPG,43.0,43.0,109.0,80.29
2020-12-06,CNNGB,LPG,41.0,41.0,145.0,99.57
2020-12-13,CNNGB,LPG,39.0,39.0,108.0,83.71
2020-12-20,CNNGB,LPG,33.0,33.0,109.0,80.14
2020-12-27,CNNGB,LPG,40.0,40.0,144.0,102.71
2021-01-03,CNNGB,LPG,39.0,31.2,46.8,39.0
2021-01-10,CNNGB,LPG,39.0,39.0,125.0,86.0
2021-01-17,CNNGB,LPG,48.0,48.0,131.0,87.88
2021-01-24,CNNGB,LPG,35.0,35.0,137.0,95.0
2021-01-31,CNNGB,LPG,59.0,59.0,112.0,92.62
2021-02-07,CNNGB,LPG,53.0,53.0,119.0,89.88
2021-02-14,CNNGB,LPG,92.0,68.0,142.0,98.25
2021-02-21,CNNGB,LPG,104.0,45.0,129.0,101.75
2021-02-28,CNNGB,LPG,94.0,72.0,119.0,97.75
2021-03-07,CNNGB,LPG,95.0,81.0,121.0,99.25
2021-03-14,CNNGB,LPG,99.0,48.0,112.0,90.38
2021-03-21,CNNGB,LPG,89.0,50.0,119.0,93.0
2021-03-28,CNNGB,LPG,109.0,83.0,120.0,99.88
2021-04-04,CNNGB,LPG,79.0,79.0,115.0,97.0
2021-04-11,CNNGB,LPG,113.0,60.0,114.0,100.25
2021-04-18,CNNGB,LPG,93.0,64.0,98.0,86.75
2021-04-25,CNNGB,LPG,48.0,48.0,120.0,97.5
2021-05-02,CNNGB,LPG,103.0,87.0,124.0,103.12
2021-05-09,CNNGB,LPG,88.0,54.0,114.0,90.0
2021-05-16,CNNGB,LPG,88.0,48.0,131.0,96.75
2021-05-23,CNNGB,LPG,112.0,61.0,118.0,92.25
2021-05-30,CNNGB,LPG,120.0,67.0,125.0,96.75
2021-06-06,CNNGB,LPG,118.0,73.0,139.0,102.62
2021-06-13,CNNGB,LPG,108.0,52.0,133.0,99.12
2021-06-20,CNNGB,LPG,128.0,63.0,132.0,100.88
2021-06-27,CNNGB,LPG,115.0,45.0,115.0,94.38
2021-07-04,CNNGB,LPG,97.0,63.0,114.0,97.12
2021-07-11,CNNGB,LPG,120.0,56.0,120.0,99.62
2021-07-18,CNNGB,LPG,122.0,35.0,122.0,90.5
2021-07-25,CNNGB,LPG,28.0,28.0,120.0,85.25
2021-08-01,CNNGB,LPG,118.0,50.0,118.0,91.0
2021-08-08,CNNGB,LPG,97.0,44.0,136.0,91.5
2021-08-15,CNNGB,LPG,83.0,39.0,148.0,90.88
2021-08-22,CNNGB,LPG,89.0,59.0,118.0,99.12
2021-08-29,CNNGB,LPG,95.0,50.0,149.0,96.62
2021-09-05,CNNGB,LPG,103.0,20.0,125.0,85.25
2021-09-12,CNNGB,LPG,51.0,47.0,129.0,94.71
2021-09-19,CNNGB,LPG,66.0,51.0,130.0,87.0
2021-09-26,CNNGB,LPG,105.0,46.0,120.0,88.71
2021-10-03,CNNGB,LPG,114.0,47.0,148.0,112.57
2021-10-10,CNNGB,LPG,93.0,47.0,104.0,86.57
2021-10-17,CNNGB,LPG,56.0,37.0,133.0,95.57
2021-10-24,CNNGB,LPG,102.0,67.0,113.0,93.29
2021-10-31,CNNGB,LPG,116.0,52.0,143.0,98.14
2021-11-07,CNNGB,LPG,77.0,44.0,127.0,94.14
2021-11-14,CNNGB,LPG,108.0,50.0,132.0,97.29
2021-11-21,CNNGB,LPG,104.0,45.0,121.0,94.0
2021-11-28,CNNGB,LPG,112.0,40.0,143.0,95.57
2021-12-05,CNNGB,LPG,109.0,43.0,109.0,80.29
2021-12-12,CNNGB,LPG,112.0,41.0,145.0,99.57
2021-12-19,CNNGB,LPG,108.0,39.0,108.0,83.71
2021-12-26,CNNGB,LPG,70.0,33.0,109.0,80.14
2022-01-02,CNNGB,LPG,124.0,40.0,144.0,102.71
2022-01-09,CNNGB,LPG,94.0,39.0,125.0,86.0
2022-01-16,CNNGB,LPG,94.0,48.0,131.0,87.88
2022-01-23,CNNGB,LPG,114.0,35.0,137.0,95.0
2022-01-30,CNNGB,LPG,112.0,59.0,112.0,92.62
2022-02-06,CNNGB,LPG,110.0,53.0,119.0,89.88
2022-02-13,CNNGB,LPG,111.0,68.0,142.0,98.25
2022-02-20,CNNGB,LPG,98.0,45.0,129.0,101.75
2022-02-27,CNNGB,LPG,119.0,72.0,119.0,97.75
2022-03-06,CNNGB,LPG,105.0,81.0,121.0,99.25
2022-03-13,CNNGB,LPG,112.0,48.0,112.0,90.38
2022-03-20,CNNGB,LPG,99.0,50.0,119.0,93.0
2022-03-27,CNNGB,LPG,107.0,83.0,120.0,99.88
2022-04-03,CNNGB,LPG,115.0,79.0,115.0,97.0
2022-04-10,CNNGB,LPG,114.0,60.0,114.0,100.25
2022-04-17,CNNGB,LPG,91.0,64.0,98.0,86.75
2022-04-24,CNNGB,LPG,113.0,48.0,120.0,97.5
2022-05-01,CNNGB,LPG,124.0,87.0,124.0,103.12
2022-05-08,CNNGB,LPG,114.0,54.0,114.0,90.0
2022-05-15,CNNGB,LPG,119.0,48.0,131.0,96.75
2022-05-22,CNNGB,LPG,118.0,61.0,118.0,92.25
2022-05-29,CNNGB,LPG,108.0,67.0,125.0,96.75
2022-06-05,CNNGB,LPG,90.0,73.0,139.0,102.62
2022-06-12,CNNGB,LPG,113.0,52.0,133.0,99.12
2022-06-19,CNNGB,LPG,103.0,63.0,132.0,100.88
2022-06-26,CNNGB,LPG,110.0,45.0,115.0,94.38
2022-07-03,CNNGB,LPG,104.0,63.0,114.0,97.12
2022-07-10,CNNGB,LPG,113.0,56.0,120.0,99.62
2022-07-17,CNNGB,LPG,113.0,35.0,122.0,90.5
2022-07-24,CNNGB,LPG,120.0,28.0,120.0,85.25
2022-07-31,CNNGB,LPG,106.0,50.0,118.0,91.0
2022-08-07,CNNGB,LPG,122.0,44.0,136.0,91.5
2022-08-14,CNNGB,LPG,103.0,39.0,148.0,90.88
2022-08-21,CNNGB,LPG,118.0,59.0,118.0,99.12
2022-08-28,CNNGB,LPG,102.0,50.0,149.0,96.62
2022-09-04,CNNGB,LPG,56.0,20.0,125.0,85.25
2022-09-11,CNNGB,LPG,127.0,47.0,129.0,94.71
2022-09-18,CNNGB,LPG,78.0,51.0,130.0,87.0
2022-09-25,CNNGB,LPG,120.0,46.0,120.0,88.71
2022-10-02,CNNGB,LPG,120.0,47.0,148.0,112.57
2022-10-09,CNNGB,LPG,104.0,47.0,104.0,86.57
2022-10-16,CNNGB,LPG,107.0,37.0,133.0,95.57
2022-10-23,CNNGB,LPG,113.0,67.0,113.0,93.29
2022-10-30,CNNGB,LPG,135.0,52.0,143.0,98.14
2022-11-06,CNNGB,LPG,125.0,44.0,127.0,94.14
2022-11-13,CNNGB,LPG,132.0,50.0,132.0,97.29
2022-11-20,CNNGB,LPG,121.0,45.0,121.0,94.0
2022-11-27,CNNGB,LPG,132.0,40.0,143.0,95.57
2022-12-04,CNNGB,LPG,79.0,43.0,109.0,80.29
2022-12-11,CNNGB,LPG,145.0,41.0,145.0,99.57
2022-12-18,CNNGB,LPG,107.0,39.0,108.0,83.71
2022-12-25,CNNGB,LPG,91.0,33.0,109.0,80.14
2023-01-01,CNNGB,LPG,144.0,40.0,144.0,102.71
2023-01-08,CNNGB,LPG,125.0,39.0,125.0,86.0
2023-01-15,CNNGB,LPG,92.0,48.0,131.0,87.88
2023-01-22,CNNGB,LPG,137.0,35.0,137.0,95.0
2023-01-29,CNNGB,LPG,98.0,59.0,112.0,92.62
2023-02-05,CNNGB,LPG,119.0,53.0,119.0,89.88
2023-02-12,CNNGB,LPG,116.0,68.0,142.0,98.25
2023-02-19,CNNGB,LPG,118.0,45.0,129.0,101.75
2023-02-26,CNNGB,LPG,116.0,72.0,119.0,97.75
2023-03-05,CNNGB,LPG,113.0,81.0,121.0,99.25
2023-03-12,CNNGB,LPG,100.0,48.0,112.0,90.38
2023-03-19,CNNGB,LPG,114.0,50.0,119.0,93.0
2023-03-26,CNNGB,LPG,97.0,83.0,120.0,99.88
2023-04-02,CNNGB,LPG,101.0,79.0,115.0,97.0
2023-04-09,CNNGB,LPG,96.0,60.0,114.0,100.25
2023-04-16,CNNGB,LPG,98.0,64.0,98.0,86.75
2023-04-23,CNNGB,LPG,120.0,48.0,120.0,97.5
2023-04-30,CNNGB,LPG,117.0,87.0,124.0,103.12
2023-05-07,CNNGB,LPG,103.0,54.0,114.0,90.0
2023-05-14,CNNGB,LPG,131.0,48.0,131.0,96.75
2023-05-21,CNNGB,LPG,86.0,61.0,118.0,92.25
2023-05-28,CNNGB,LPG,125.0,67.0,125.0,96.75
2023-06-04,CNNGB,LPG,139.0,73.0,139.0,102.62
2023-06-11,CNNGB,LPG,133.0,52.0,133.0,99.12
2023-06-18,CNNGB,LPG,132.0,63.0,132.0,100.88
2023-06-25,CNNGB,LPG,115.0,45.0,115.0,94.38
2023-07-02,CNNGB,LPG,107.0,63.0,114.0,97.12
2023-07-09,CNNGB,LPG,117.0,56.0,120.0,99.62
2023-07-16,CNNGB,LPG,108.0,35.0,122.0,90.5
2023-07-23,CNNGB,LPG,75.0,28.0,120.0,85.25
2023-07-30,CNNGB,LPG,105.0,50.0,118.0,91.0
2023-08-06,CNNGB,LPG,88.0,44.0,136.0,91.5
2023-08-13,CNNGB,LPG,148.0,39.0,148.0,90.88
2023-08-20,CNNGB,LPG,101.0,59.0,118.0,99.12
2023-08-27,CNNGB,LPG,149.0,50.0,149.0,96.62
2023-09-03,CNNGB,LPG,125.0,20.0,125.0,85.25
2023-09-10,CNNGB,LPG,129.0,47.0,129.0,94.71
2023-09-17,CNNGB,LPG,130.0,51.0,130.0,87.0
2023-09-24,CNNGB,LPG,119.0,46.0,120.0,88.71
2023-10-01,CNNGB,LPG,127.0,47.0,148.0,112.57
2023-10-08,CNNGB,LPG,96.0,47.0,104.0,86.57
2023-10-15,CNNGB,LPG,133.0,37.0,133.0,95.57
2023-10-22,CNNGB,LPG,106.0,67.0,113.0,93.29
2023-10-29,CNNGB,LPG,143.0,52.0,143.0,98.14
2023-11-05,CNNGB,LPG,98.0,44.0,127.0,94.14
2023-11-12,CNNGB,LPG,94.0,50.0,132.0,97.29
2023-11-19,CNNGB,LPG,116.0,45.0,121.0,94.0
2023-11-26,CNNGB,LPG,143.0,40.0,143.0,95.57
2023-12-03,CNNGB,LPG,101.0,43.0,109.0,80.29
2023-12-10,CNNGB,LPG,122.0,41.0,145.0,99.57
2023-12-17,CNNGB,LPG,80.0,39.0,108.0,83.71
2023-12-24,CNNGB,LPG,79.0,33.0,109.0,80.14
2023-12-31,CNNGB,LPG,128.0,40.0,144.0,102.71
2024-01-07,CNNGB,LPG,114.0,39.0,125.0,86.0
2024-01-14,CNNGB,LPG,131.0,48.0,131.0,87.88
2024-01-21,CNNGB,LPG,104.0,35.0,137.0,95.0
2024-01-28,CNNGB,LPG,109.0,59.0,112.0,92.62
2024-02-04,CNNGB,LPG,98.0,53.0,119.0,89.88
2024-02-11,CNNGB,LPG,142.0,68.0,142.0,98.25
2024-02-18,CNNGB,LPG,112.0,45.0,129.0,101.75
2024-02-25,CNNGB,LPG,72.0,72.0,119.0,97.75
2024-03-03,CNNGB,LPG,121.0,81.0,121.0,99.25
2024-03-10,CNNGB,LPG,111.0,48.0,112.0,90.38
2024-03-17,CNNGB,LPG,102.0,50.0,119.0,93.0
2024-03-24,CNNGB,LPG,109.0,83.0,120.0,99.88
2024-03-31,CNNGB,LPG,103.0,79.0,115.0,97.0
2024-04-07,CNNGB,LPG,113.0,60.0,114.0,100.25
2024-04-14,CNNGB,LPG,84.0,64.0,98.0,86.75
2024-04-21,CNNGB,LPG,119.0,48.0,120.0,97.5
2024-04-28,CNNGB,LPG,99.0,87.0,124.0,103.12
2024-05-05,CNNGB,LPG,105.0,54.0,114.0,90.0
2024-05-12,CNNGB,LPG,107.0,48.0,131.0,96.75
2024-05-19,CNNGB,LPG,98.0,61.0,118.0,92.25
2024-05-26,CNNGB,LPG,107.0,67.0,125.0,96.75
2024-06-02,CNNGB,LPG,99.0,73.0,139.0,102.62
2024-06-09,CNNGB,LPG,99.0,52.0,133.0,99.12
2024-06-16,CNNGB,LPG,93.0,63.0,132.0,100.88
2024-06-23,CNNGB,LPG,97.0,45.0,115.0,94.38
2024-06-30,CNNGB,LPG,114.0,63.0,114.0,97.12
2024-07-07,CNNGB,LPG,104.0,56.0,120.0,99.62
2024-07-14,CNNGB,LPG,102.0,35.0,122.0,90.5
2024-07-21,CNNGB,LPG,109.0,28.0,120.0,85.25
2024-07-28,CNNGB,LPG,55.0,50.0,118.0,91.0
2024-08-04,CNNGB,LPG,136.0,44.0,136.0,91.5
2024-08-11,CNNGB,LPG,113.0,39.0,148.0,90.88
2024-08-18,CNNGB,LPG,104.0,59.0,118.0,99.12
2024-08-25,CNNGB,LPG,96.0,50.0,149.0,96.62
2024-09-01,CNNGB,LPG,110.0,20.0,125.0,85.25
2024-09-08,CNNGB,LPG,108.0,47.0,129.0,94.71
2024-09-15,CNNGB,LPG,81.0,51.0,130.0,87.0
2024-09-22,CNNGB,LPG,74.0,46.0,120.0,88.71
2024-09-29,CNNGB,LPG,148.0,47.0,148.0,112.57
2024-10-06,CNNGB,LPG,72.0,47.0,104.0,86.57
2024-10-13,CNNGB,LPG,109.0,37.0,133.0,95.57
2024-10-20,CNNGB,LPG,82.0,67.0,113.0,93.29
2024-10-27,CNNGB,LPG,85.0,52.0,143.0,98.14
2024-11-03,CNNGB,LPG,92.0,44.0,127.0,94.14
2024-11-10,CNNGB,LPG,103.0,50.0,132.0,97.29
2024-11-17,CNNGB,LPG,96.0,45.0,121.0,94.0
2024-11-24,CNNGB,LPG,104.0,40.0,143.0,95.57
2024-12-01,CNNGB,LPG,86.0,43.0,109.0,80.29
2024-12-08,CNNGB,LPG,104.0,41.0,145.0,99.57
2024-12-15,CNNGB,LPG,104.0,39.0,108.0,83.71
2024-12-22,CNNGB,LPG,104.0,33.0,109.0,80.14
2024-12-29,CNNGB,LPG,95.0,40.0,144.0,102.71
2025-01-05,CNNGB,LPG,106.0,39.0,125.0,86.0
2025-01-12,CNNGB,LPG,82.0,48.0,131.0,87.88
2025-01-19,CNNGB,LPG,102.0,35.0,137.0,95.0
2025-01-26,CNNGB,LPG,111.0,59.0,112.0,92.62
2025-02-02,CNNGB,LPG,82.0,53.0,119.0,89.88
2025-02-09,CNNGB,LPG,87.0,68.0,142.0,98.25
2025-02-16,CNNGB,LPG,119.0,45.0,129.0,101.75
2025-02-23,CNNGB,LPG,109.0,72.0,119.0,97.75
2025-03-02,CNNGB,LPG,88.0,81.0,121.0,99.25
2025-03-09,CNNGB,LPG,91.0,48.0,112.0,90.38
2025-03-16,CNNGB,LPG,84.0,50.0,119.0,93.0
2025-03-23,CNNGB,LPG,120.0,83.0,120.0,99.88
2025-03-30,CNNGB,LPG,95.0,79.0,115.0,97.0
2025-04-06,CNNGB,LPG,105.0,60.0,114.0,100.25
2025-04-13,CNNGB,LPG,90.0,64.0,98.0,86.75
2025-04-20,CNNGB,LPG,91.0,48.0,120.0,97.5
2025-04-27,CNNGB,LPG,108.0,87.0,124.0,103.12
2025-05-04,CNNGB,LPG,110.0,54.0,114.0,90.0
2025-05-11,CNNGB,LPG,104.0,48.0,131.0,96.75
2025-05-18,CNNGB,LPG,110.0,61.0,118.0,92.25
2025-05-25,CNNGB,LPG,96.0,67.0,125.0,96.75
2025-06-01,CNNGB,LPG,104.0,73.0,139.0,102.62
2025-06-08,CNNGB,LPG,110.0,52.0,133.0,99.12
2025-06-15,CNNGB,LPG,109.0,63.0,132.0,100.88
2025-06-22,CNNGB,LPG,104.0,45.0,115.0,94.38
2025-06-29,CNNGB,LPG,99.0,63.0,114.0,97.12
2025-07-06,CNNGB,LPG,107.0,56.0,120.0,99.62
2025-07-13,CNNGB,LPG,81.0,35.0,122.0,90.5
2025-07-20,CNNGB,LPG,100.0,28.0,120.0,85.25
2025-07-27,CNNGB,LPG,92.0,50.0,118.0,91.0
2025-08-03,CNNGB,LPG,81.0,44.0,136.0,91.5
2025-08-10,CNNGB,LPG,107.0,39.0,148.0,90.88
2025-08-17,CNNGB,LPG,109.0,59.0,118.0,99.12
2025-08-24,CNNGB,LPG,103.0,50.0,149.0,96.62
2025-08-31,CNNGB,LPG,95.0,20.0,125.0,85.25
2025-09-07,CNNGB,LPG,108.0,47.0,129.0,94.71
2025-09-14,CNNGB,LPG,98.0,51.0,130.0,87.0
2025-09-21,CNNGB,LPG,104.0,46.0,120.0,88.71
2025-09-28,CNNGB,LPG,108.0,47.0,148.0,112.57
2025-10-05,CNNGB,LPG,99.0,47.0,104.0,86.57
2025-10-12,CNNGB,LPG,101.0,37.0,133.0,95.57
2025-10-19,CNNGB,LPG,85.0,67.0,113.0,93.29
2025-10-26,CNNGB,LPG,75.0,52.0,143.0,98.14
2025-11-02,CNNGB,LPG,127.0,44.0,127.0,94.14
2025-11-09,CNNGB,LPG,104.0,50.0,132.0,97.29
2025-11-16,CNNGB,LPG,102.0,45.0,121.0,94.0
2025-11-23,CNNGB,LPG,86.0,40.0,143.0,95.57
2025-11-30,CNNGB,LPG,100.0,43.0,109.0,80.29
2025-12-07,CNNGB,LPG,94.0,41.0,145.0,99.57
2025-12-14,CNNGB,LPG,88.0,39.0,108.0,83.71
2025-12-21,CNNGB,LPG,109.0,33.0,109.0,80.14
2025-12-28,CNNGB,LPG,120.0,40.0,144.0,102.71
2026-01-04,CNNGB,LPG,68.0,39.0,125.0,86.0
2026-01-11,CNNGB,LPG,88.0,48.0,131.0,87.88
2026-01-18,CNNGB,LPG,106.0,35.0,137.0,95.0
2026-01-25,CNNGB,LPG,84.0,59.0,112.0,92.62
2026-02-01,CNNGB,LPG,90.0,53.0,119.0,89.88
2026-02-08,CNNGB,LPG,68.0,68.0,142.0,98.25
2026-02-15,CNNGB,LPG,129.0,45.0,129.0,101.75
2026-02-22,CNNGB,LPG,88.0,72.0,119.0,97.75
2026-03-01,CNNGB,LPG,98.0,81.0,121.0,99.25
2026-03-08,CNNGB,LPG,89.0,48.0,112.0,90.38
2026-03-15,CNNGB,LPG,87.0,50.0,119.0,93.0
2026-03-22,CNNGB,LPG,87.0,83.0,120.0,99.88
2026-03-29,CNNGB,LPG,93.0,79.0,115.0,97.0
2026-04-05,CNNGB,LPG,97.0,60.0,114.0,100.25
2026-04-12,CNNGB,LPG,76.0,64.0,98.0,86.75
2026-04-19,CNNGB,LPG,89.0,48.0,120.0,97.5
2026-04-26,CNNGB,LPG,87.0,87.0,124.0,103.12
2026-05-03,CNNGB,LPG,69.0,54.0,114.0,90.0
2026-05-10,CNNGB,LPG,75.0,48.0,131.0,96.75
2026-05-17,CNNGB,LPG,71.0,61.0,118.0,92.25
2026-05-24,CNNGB,LPG,81.0,67.0,125.0,96.75
2026-05-31,CNNGB,LPG,85.0,73.0,139.0,102.62
2026-06-07,CNNGB,LPG,71.0,52.0,133.0,99.12
2026-06-14,CNNGB,LPG,82.0,63.0,132.0,100.88
2026-06-21,CNNGB,LPG,75.0,45.0,115.0,94.38
2026-06-28,CNNGB,LPG,91.0,63.0,114.0,97.12
2026-07-05,CNNGB,LPG,70.0,56.0,120.0,99.62
2026-07-12,CNNGB,LPG,35.0,35.0,122.0,90.5
2026-07-19,CNNGB,LPG,94.0,28.0,120.0,85.25
2026-07-26,CNNGB,LPG,92.0,50.0,118.0,91.0
2026-08-02,CNNGB,LPG,82.0,44.0,136.0,91.5
2026-08-09,CNNGB,LPG,39.0,39.0,148.0,90.88
2026-08-16,CNNGB,LPG,95.0,59.0,118.0,99.12
2026-08-23,CNNGB,LPG,78.0,50.0,149.0,96.62
2026-08-30,CNNGB,LPG,20.0,20.0,125.0,85.25
2019-01-06,CNZHA,LPG,17.0,7.0,24.0,16.38
2019-01-13,CNZHA,LPG,13.0,7.0,20.0,13.25
2019-01-20,CNZHA,LPG,24.0,2.0,28.0,18.12
2019-01-27,CNZHA,LPG,13.0,0.0,26.0,14.0
2019-02-03,CNZHA,LPG,12.0,1.0,24.0,14.12
2019-02-10,CNZHA,LPG,6.0,5.0,34.0,17.5
2019-02-17,CNZHA,LPG,15.0,3.0,26.0,16.38
2019-02-24,CNZHA,LPG,16.0,8.0,31.0,19.0
2019-03-03,CNZHA,LPG,19.0,3.0,25.0,17.88
2019-03-10,CNZHA,LPG,12.0,6.0,29.0,18.62
2019-03-17,CNZHA,LPG,19.0,5.0,30.0,17.38
2019-03-24,CNZHA,LPG,17.0,2.0,25.0,16.38
2019-03-31,CNZHA,LPG,17.0,15.0,31.0,19.62
2019-04-07,CNZHA,LPG,18.0,6.0,22.0,15.75
2019-04-14,CNZHA,LPG,17.0,9.0,26.0,18.88
2019-04-21,CNZHA,LPG,16.0,11.0,27.0,20.38
2019-04-28,CNZHA,LPG,17.0,11.0,23.0,18.88
2019-05-05,CNZHA,LPG,16.0,8.0,22.0,17.0
2019-05-12,CNZHA,LPG,17.0,8.0,26.0,16.88
2019-05-19,CNZHA,LPG,17.0,9.0,22.0,17.0
2019-05-26,CNZHA,LPG,14.0,14.0,28.0,21.38
2019-06-02,CNZHA,LPG,10.0,10.0,27.0,17.12
2019-06-09,CNZHA,LPG,14.0,14.0,22.0,17.62
2019-06-16,CNZHA,LPG,11.0,11.0,25.0,18.0
2019-06-23,CNZHA,LPG,14.0,14.0,28.0,20.0
2019-06-30,CNZHA,LPG,17.0,11.0,24.0,17.88
2019-07-07,CNZHA,LPG,17.0,12.0,24.0,17.75
2019-07-14,CNZHA,LPG,14.0,13.0,27.0,19.25
2019-07-21,CNZHA,LPG,14.0,10.0,29.0,16.25
2019-07-28,CNZHA,LPG,12.0,9.0,23.0,16.0
2019-08-04,CNZHA,LPG,13.0,13.0,23.0,16.62
2019-08-11,CNZHA,LPG,7.0,7.0,23.0,15.88
2019-08-18,CNZHA,LPG,5.0,5.0,22.0,15.88
2019-08-25,CNZHA,LPG,5.0,5.0,21.0,15.62
2019-09-01,CNZHA,LPG,2.0,2.0,29.0,14.75
2019-09-08,CNZHA,LPG,5.0,5.0,19.0,13.71
2019-09-15,CNZHA,LPG,3.0,3.0,32.0,16.43
2019-09-22,CNZHA,LPG,10.0,10.0,22.0,16.71
2019-09-29,CNZHA,LPG,9.0,9.0,25.0,16.86
2019-10-06,CNZHA,LPG,9.0,9.0,19.0,13.0
2019-10-13,CNZHA,LPG,18.0,14.0,36.0,20.57
2019-10-20,CNZHA,LPG,19.0,10.0,26.0,18.14
2019-10-27,CNZHA,LPG,21.0,13.0,25.0,18.71
2019-11-03,CNZHA,LPG,13.0,8.0,25.0,16.14
2019-11-10,CNZHA,LPG,11.0,9.0,23.0,14.86
2019-11-17,CNZHA,LPG,9.0,8.0,25.0,15.43
2019-11-24,CNZHA,LPG,4.0,4.0,24.0,15.14
2019-12-01,CNZHA,LPG,2.0,2.0,23.0,13.57
2019-12-08,CNZHA,LPG,9.0,9.0,34.0,16.86
2019-12-15,CNZHA,LPG,7.0,7.0,20.0,14.14
2019-12-22,CNZHA,LPG,2.0,2.0,27.0,15.57
2019-12-29,CNZHA,LPG,3.0,3.0,25.0,15.29
2020-01-05,CNZHA,LPG,8.0,7.0,24.0,16.38
2020-01-12,CNZHA,LPG,7.0,7.0,20.0,13.25
2020-01-19,CNZHA,LPG,2.0,2.0,28.0,18.12
2020-01-26,CNZHA,LPG,0.0,0.0,26.0,14.0
2020-02-02,CNZHA,LPG,1.0,1.0,24.0,14.12
2020-02-09,CNZHA,LPG,5.0,5.0,34.0,17.5
2020-02-16,CNZHA,LPG,3.0,3.0,26.0,16.38
2020-02-23,CNZHA,LPG,8.0,8.0,31.0,19.0
2020-03-01,CNZHA,LPG,3.0,3.0,25.0,17.88
2020-03-08,CNZHA,LPG,6.0,6.0,29.0,18.62
2020-03-15,CNZHA,LPG,5.0,5.0,30.0,17.38
2020-03-22,CNZHA,LPG,2.0,2.0,25.0,16.38
2020-03-29,CNZHA,LPG,15.0,15.0,31.0,19.62
2020-04-05,CNZHA,LPG,15.0,6.0,22.0,15.75
2020-04-12,CNZHA,LPG,9.0,9.0,26.0,18.88
2020-04-19,CNZHA,LPG,23.0,11.0,27.0,20.38
2020-04-26,CNZHA,LPG,17.0,11.0,23.0,18.88
2020-05-03,CNZHA,LPG,20.0,8.0,22.0,17.0
2020-05-10,CNZHA,LPG,15.0,8.0,26.0,16.88
2020-05-17,CNZHA,LPG,20.0,9.0,22.0,17.0
2020-05-24,CNZHA,LPG,16.0,14.0,28.0,21.38
2020-05-31,CNZHA,LPG,11.0,10.0,27.0,17.12
2020-06-07,CNZHA,LPG,21.0,14.0,22.0,17.62
2020-06-14,CNZHA,LPG,20.0,11.0,25.0,18.0
2020-06-21,CNZHA,LPG,20.0,14.0,28.0,20.0
2020-06-28,CNZHA,LPG,19.0,11.0,24.0,17.88
2020-07-05,CNZHA,LPG,20.0,12.0,24.0,17.75
2020-07-12,CNZHA,LPG,19.0,13.0,27.0,19.25
2020-07-19,CNZHA,LPG,10.0,10.0,29.0,16.25
2020-07-26,CNZHA,LPG,9.0,9.0,23.0,16.0
2020-08-02,CNZHA,LPG,15.0,13.0,23.0,16.62
2020-08-09,CNZHA,LPG,14.0,7.0,23.0,15.88
2020-08-16,CNZHA,LPG,22.0,5.0,22.0,15.88
2020-08-23,CNZHA,LPG,17.0,5.0,21.0,15.62
2020-08-30,CNZHA,LPG,16.0,2.0,29.0,14.75
2020-09-06,CNZHA,LPG,15.0,5.0,19.0,13.71
2020-09-13,CNZHA,LPG,14.0,3.0,32.0,16.43
2020-09-20,CNZHA,LPG,17.0,10.0,22.0,16.71
2020-09-27,CNZHA,LPG,18.0,9.0,25.0,16.86
2020-10-04,CNZHA,LPG,16.0,9.0,19.0,13.0
2020-10-11,CNZHA,LPG,20.0,14.0,36.0,20.57
2020-10-18,CNZHA,LPG,15.0,10.0,26.0,18.14
2020-10-25,CNZHA,LPG,17.0,13.0,25.0,18.71
2020-11-01,CNZHA,LPG,25.0,8.0,25.0,16.14
2020-11-08,CNZHA,LPG,22.0,9.0,23.0,14.86
2020-11-15,CNZHA,LPG,25.0,8.0,25.0,15.43
2020-11-22,CNZHA,LPG,24.0,4.0,24.0,15.14
2020-11-29,CNZHA,LPG,18.0,2.0,23.0,13.57
2020-12-06,CNZHA,LPG,24.0,9.0,34.0,16.86
2020-12-13,CNZHA,LPG,20.0,7.0,20.0,14.14
2020-12-20,CNZHA,LPG,21.0,2.0,27.0,15.57
2020-12-27,CNZHA,LPG,17.0,3.0,25.0,15.29
2021-01-03,CNZHA,LPG,24.0,19.2,28.8,24.0
2021-01-10,CNZHA,LPG,23.0,7.0,24.0,16.38
2021-01-17,CNZHA,LPG,18.0,7.0,20.0,13.25
2021-01-24,CNZHA,LPG,23.0,2.0,28.0,18.12
2021-01-31,CNZHA,LPG,26.0,0.0,26.0,14.0
2021-02-07,CNZHA,LPG,24.0,1.0,24.0,14.12
2021-02-14,CNZHA,LPG,20.0,5.0,34.0,17.5
2021-02-21,CNZHA,LPG,26.0,3.0,26.0,16.38
2021-02-28,CNZHA,LPG,23.0,8.0,31.0,19.0
2021-03-07,CNZHA,LPG,25.0,3.0,25.0,17.88
2021-03-14,CNZHA,LPG,24.0,6.0,29.0,18.62
2021-03-21,CNZHA,LPG,19.0,5.0,30.0,17.38
2021-03-28,CNZHA,LPG,25.0,2.0,25.0,16.38
2021-04-04,CNZHA,LPG,21.0,15.0,31.0,19.62
2021-04-11,CNZHA,LPG,22.0,6.0,22.0,15.75
2021-04-18,CNZHA,LPG,23.0,9.0,26.0,18.88
2021-04-25,CNZHA,LPG,23.0,11.0,27.0,20.38
2021-05-02,CNZHA,LPG,22.0,11.0,23.0,18.88
2021-05-09,CNZHA,LPG,22.0,8.0,22.0,17.0
2021-05-16,CNZHA,LPG,15.0,8.0,26.0,16.88
2021-05-23,CNZHA,LPG,22.0,9.0,22.0,17.0
2021-05-30,CNZHA,LPG,25.0,14.0,28.0,21.38
2021-06-06,CNZHA,LPG,16.0,10.0,27.0,17.12
2021-06-13,CNZHA,LPG,22.0,14.0,22.0,17.62
2021-06-20,CNZHA,LPG,20.0,11.0,25.0,18.0
2021-06-27,CNZHA,LPG,23.0,14.0,28.0,20.0
2021-07-04,CNZHA,LPG,16.0,11.0,24.0,17.88
2021-07-11,CNZHA,LPG,18.0,12.0,24.0,17.75
2021-07-18,CNZHA,LPG,13.0,13.0,27.0,19.25
2021-07-25,CNZHA,LPG,15.0,10.0,29.0,16.25
2021-08-01,CNZHA,LPG,15.0,9.0,23.0,16.0
2021-08-08,CNZHA,LPG,16.0,13.0,23.0,16.62
2021-08-15,CNZHA,LPG,23.0,7.0,23.0,15.88
2021-08-22,CNZHA,LPG,22.0,5.0,22.0,15.88
2021-08-29,CNZHA,LPG,14.0,5.0,21.0,15.62
2021-09-05,CNZHA,LPG,17.0,2.0,29.0,14.75
2021-09-12,CNZHA,LPG,10.0,5.0,19.0,13.71
2021-09-19,CNZHA,LPG,21.0,3.0,32.0,16.43
2021-09-26,CNZHA,LPG,20.0,10.0,22.0,16.71
2021-10-03,CNZHA,LPG,20.0,9.0,25.0,16.86
2021-10-10,CNZHA,LPG,10.0,9.0,19.0,13.0
2021-10-17,CNZHA,LPG,14.0,14.0,36.0,20.57
2021-10-24,CNZHA,LPG,25.0,10.0,26.0,18.14
2021-10-31,CNZHA,LPG,25.0,13.0,25.0,18.71
2021-11-07,CNZHA,LPG,19.0,8.0,25.0,16.14
2021-11-14,CNZHA,LPG,9.0,9.0,23.0,14.86
2021-11-21,CNZHA,LPG,8.0,8.0,25.0,15.43
2021-11-28,CNZHA,LPG,9.0,4.0,24.0,15.14
2021-12-05,CNZHA,LPG,10.0,2.0,23.0,13.57
2021-12-12,CNZHA,LPG,9.0,9.0,34.0,16.86
2021-12-19,CNZHA,LPG,7.0,7.0,20.0,14.14
2021-12-26,CNZHA,LPG,16.0,2.0,27.0,15.57
2022-01-02,CNZHA,LPG,16.0,3.0,25.0,15.29
2022-01-09,CNZHA,LPG,23.0,7.0,24.0,16.38
2022-01-16,CNZHA,LPG,7.0,7.0,20.0,13.25
2022-01-23,CNZHA,LPG,7.0,2.0,28.0,18.12
2022-01-30,CNZHA,LPG,5.0,0.0,26.0,14.0
2022-02-06,CNZHA,LPG,4.0,1.0,24.0,14.12
2022-02-13,CNZHA,LPG,10.0,5.0,34.0,17.5
2022-02-20,CNZHA,LPG,5.0,3.0,26.0,16.38
2022-02-27,CNZHA,LPG,11.0,8.0,31.0,19.0
2022-03-06,CNZHA,LPG,21.0,3.0,25.0,17.88
2022-03-13,CNZHA,LPG,13.0,6.0,29.0,18.62
2022-03-20,CNZHA,LPG,17.0,5.0,30.0,17.38
2022-03-27,CNZHA,LPG,9.0,2.0,25.0,16.38
2022-04-03,CNZHA,LPG,23.0,15.0,31.0,19.62
2022-04-10,CNZHA,LPG,19.0,6.0,22.0,15.75
2022-04-17,CNZHA,LPG,22.0,9.0,26.0,18.88
2022-04-24,CNZHA,LPG,22.0,11.0,27.0,20.38
2022-05-01,CNZHA,LPG,18.0,11.0,23.0,18.88
2022-05-08,CNZHA,LPG,15.0,8.0,22.0,17.0
2022-05-15,CNZHA,LPG,18.0,8.0,26.0,16.88
2022-05-22,CNZHA,LPG,19.0,9.0,22.0,17.0
2022-05-29,CNZHA,LPG,24.0,14.0,28.0,21.38
2022-06-05,CNZHA,LPG,16.0,10.0,27.0,17.12
2022-06-12,CNZHA,LPG,15.0,14.0,22.0,17.62
2022-06-19,CNZHA,LPG,19.0,11.0,25.0,18.0
2022-06-26,CNZHA,LPG,21.0,14.0,28.0,20.0
2022-07-03,CNZHA,LPG,11.0,11.0,24.0,17.88
2022-07-10,CNZHA,LPG,19.0,12.0,24.0,17.75
2022-07-17,CNZHA,LPG,21.0,13.0,27.0,19.25
2022-07-24,CNZHA,LPG,21.0,10.0,29.0,16.25
2022-07-31,CNZHA,LPG,22.0,9.0,23.0,16.0
2022-08-07,CNZHA,LPG,13.0,13.0,23.0,16.62
2022-08-14,CNZHA,LPG,14.0,7.0,23.0,15.88
2022-08-21,CNZHA,LPG,21.0,5.0,22.0,15.88
2022-08-28,CNZHA,LPG,19.0,5.0,21.0,15.62
2022-09-04,CNZHA,LPG,21.0,2.0,29.0,14.75
2022-09-11,CNZHA,LPG,19.0,5.0,19.0,13.71
2022-09-18,CNZHA,LPG,14.0,3.0,32.0,16.43
2022-09-25,CNZHA,LPG,20.0,10.0,22.0,16.71
2022-10-02,CNZHA,LPG,25.0,9.0,25.0,16.86
2022-10-09,CNZHA,LPG,14.0,9.0,19.0,13.0
2022-10-16,CNZHA,LPG,17.0,14.0,36.0,20.57
2022-10-23,CNZHA,LPG,17.0,10.0,26.0,18.14
2022-10-30,CNZHA,LPG,17.0,13.0,25.0,18.71
2022-11-06,CNZHA,LPG,15.0,8.0,25.0,16.14
2022-11-13,CNZHA,LPG,19.0,9.0,23.0,14.86
2022-11-20,CNZHA,LPG,13.0,8.0,25.0,15.43
2022-11-27,CNZHA,LPG,18.0,4.0,24.0,15.14
2022-12-04,CNZHA,LPG,14.0,2.0,23.0,13.57
2022-12-11,CNZHA,LPG,18.0,9.0,34.0,16.86
2022-12-18,CNZHA,LPG,20.0,7.0,20.0,14.14
2022-12-25,CNZHA,LPG,21.0,2.0,27.0,15.57
2023-01-01,CNZHA,LPG,18.0,3.0,25.0,15.29
2023-01-08,CNZHA,LPG,16.0,7.0,24.0,16.38
2023-01-15,CNZHA,LPG,15.0,7.0,20.0,13.25
2023-01-22,CNZHA,LPG,14.0,2.0,28.0,18.12
2023-01-29,CNZHA,LPG,14.0,0.0,26.0,14.0
2023-02-05,CNZHA,LPG,15.0,1.0,24.0,14.12
2023-02-12,CNZHA,LPG,19.0,5.0,34.0,17.5
2023-02-19,CNZHA,LPG,19.0,3.0,26.0,16.38
2023-02-26,CNZHA,LPG,21.0,8.0,31.0,19.0
2023-03-05,CNZHA,LPG,11.0,3.0,25.0,17.88
2023-03-12,CNZHA,LPG,18.0,6.0,29.0,18.62
2023-03-19,CNZHA,LPG,14.0,5.0,30.0,17.38
2023-03-26,CNZHA,LPG,17.0,2.0,25.0,16.38
2023-04-02,CNZHA,LPG,16.0,15.0,31.0,19.62
2023-04-09,CNZHA,LPG,13.0,6.0,22.0,15.75
2023-04-16,CNZHA,LPG,17.0,9.0,26.0,18.88
2023-04-23,CNZHA,LPG,20.0,11.0,27.0,20.38
2023-04-30,CNZHA,LPG,20.0,11.0,23.0,18.88
2023-05-07,CNZHA,LPG,20.0,8.0,22.0,17.0
2023-05-14,CNZHA,LPG,26.0,8.0,26.0,16.88
2023-05-21,CNZHA,LPG,17.0,9.0,22.0,17.0
2023-05-28,CNZHA,LPG,24.0,14.0,28.0,21.38
2023-06-04,CNZHA,LPG,17.0,10.0,27.0,17.12
2023-06-11,CNZHA,LPG,17.0,14.0,22.0,17.62
2023-06-18,CNZHA,LPG,18.0,11.0,25.0,18.0
2023-06-25,CNZHA,LPG,16.0,14.0,28.0,20.0
2023-07-02,CNZHA,LPG,14.0,11.0,24.0,17.88
2023-07-09,CNZHA,LPG,15.0,12.0,24.0,17.75
2023-07-16,CNZHA,LPG,13.0,13.0,27.0,19.25
2023-07-23,CNZHA,LPG,13.0,10.0,29.0,16.25
2023-07-30,CNZHA,LPG,10.0,9.0,23.0,16.0
2023-08-06,CNZHA,LPG,13.0,13.0,23.0,16.62
2023-08-13,CNZHA,LPG,8.0,7.0,23.0,15.88
2023-08-20,CNZHA,LPG,12.0,5.0,22.0,15.88
2023-08-27,CNZHA,LPG,17.0,5.0,21.0,15.62
2023-09-03,CNZHA,LPG,11.0,2.0,29.0,14.75
2023-09-10,CNZHA,LPG,11.0,5.0,19.0,13.71
2023-09-17,CNZHA,LPG,12.0,3.0,32.0,16.43
2023-09-24,CNZHA,LPG,11.0,10.0,22.0,16.71
2023-10-01,CNZHA,LPG,14.0,9.0,25.0,16.86
2023-10-08,CNZHA,LPG,10.0,9.0,19.0,13.0
2023-10-15,CNZHA,LPG,18.0,14.0,36.0,20.57
2023-10-22,CNZHA,LPG,10.0,10.0,26.0,18.14
2023-10-29,CNZHA,LPG,13.0,13.0,25.0,18.71
2023-11-05,CNZHA,LPG,8.0,8.0,25.0,16.14
2023-11-12,CNZHA,LPG,10.0,9.0,23.0,14.86
2023-11-19,CNZHA,LPG,11.0,8.0,25.0,15.43
2023-11-26,CNZHA,LPG,12.0,4.0,24.0,15.14
2023-12-03,CNZHA,LPG,15.0,2.0,23.0,13.57
2023-12-10,CNZHA,LPG,15.0,9.0,34.0,16.86
2023-12-17,CNZHA,LPG,11.0,7.0,20.0,14.14
2023-12-24,CNZHA,LPG,10.0,2.0,27.0,15.57
2023-12-31,CNZHA,LPG,9.0,3.0,25.0,15.29
2024-01-07,CNZHA,LPG,7.0,7.0,24.0,16.38
2024-01-14,CNZHA,LPG,10.0,7.0,20.0,13.25
2024-01-21,CNZHA,LPG,25.0,2.0,28.0,18.12
2024-01-28,CNZHA,LPG,13.0,0.0,26.0,14.0
2024-02-04,CNZHA,LPG,17.0,1.0,24.0,14.12
2024-02-11,CNZHA,LPG,26.0,5.0,34.0,17.5
2024-02-18,CNZHA,LPG,20.0,3.0,26.0,16.38
2024-02-25,CNZHA,LPG,21.0,8.0,31.0,19.0
2024-03-03,CNZHA,LPG,18.0,3.0,25.0,17.88
2024-03-10,CNZHA,LPG,27.0,6.0,29.0,18.62
2024-03-17,CNZHA,LPG,14.0,5.0,30.0,17.38
2024-03-24,CNZHA,LPG,14.0,2.0,25.0,16.38
2024-03-31,CNZHA,LPG,16.0,15.0,31.0,19.62
2024-04-07,CNZHA,LPG,6.0,6.0,22.0,15.75
2024-04-14,CNZHA,LPG,17.0,9.0,26.0,18.88
2024-04-21,CNZHA,LPG,11.0,11.0,27.0,20.38
2024-04-28,CNZHA,LPG,11.0,11.0,23.0,18.88
2024-05-05,CNZHA,LPG,8.0,8.0,22.0,17.0
2024-05-12,CNZHA,LPG,8.0,8.0,26.0,16.88
2024-05-19,CNZHA,LPG,9.0,9.0,22.0,17.0
2024-05-26,CNZHA,LPG,15.0,14.0,28.0,21.38
2024-06-02,CNZHA,LPG,17.0,10.0,27.0,17.12
2024-06-09,CNZHA,LPG,14.0,14.0,22.0,17.62
2024-06-16,CNZHA,LPG,18.0,11.0,25.0,18.0
2024-06-23,CNZHA,LPG,17.0,14.0,28.0,20.0
2024-06-30,CNZHA,LPG,20.0,11.0,24.0,17.88
2024-07-07,CNZHA,LPG,17.0,12.0,24.0,17.75
2024-07-14,CNZHA,LPG,27.0,13.0,27.0,19.25
2024-07-21,CNZHA,LPG,11.0,10.0,29.0,16.25
2024-07-28,CNZHA,LPG,18.0,9.0,23.0,16.0
2024-08-04,CNZHA,LPG,17.0,13.0,23.0,16.62
2024-08-11,CNZHA,LPG,22.0,7.0,23.0,15.88
2024-08-18,CNZHA,LPG,15.0,5.0,22.0,15.88
2024-08-25,CNZHA,LPG,21.0,5.0,21.0,15.62
2024-09-01,CNZHA,LPG,11.0,2.0,29.0,14.75
2024-09-08,CNZHA,LPG,17.0,5.0,19.0,13.71
2024-09-15,CNZHA,LPG,19.0,3.0,32.0,16.43
2024-09-22,CNZHA,LPG,17.0,10.0,22.0,16.71
2024-09-29,CNZHA,LPG,19.0,9.0,25.0,16.86
2024-10-06,CNZHA,LPG,13.0,9.0,19.0,13.0
2024-10-13,CNZHA,LPG,21.0,14.0,36.0,20.57
2024-10-20,CNZHA,LPG,15.0,10.0,26.0,18.14
2024-10-27,CNZHA,LPG,17.0,13.0,25.0,18.71
2024-11-03,CNZHA,LPG,12.0,8.0,25.0,16.14
2024-11-10,CNZHA,LPG,10.0,9.0,23.0,14.86
2024-11-17,CNZHA,LPG,21.0,8.0,25.0,15.43
2024-11-24,CNZHA,LPG,17.0,4.0,24.0,15.14
2024-12-01,CNZHA,LPG,13.0,2.0,23.0,13.57
2024-12-08,CNZHA,LPG,9.0,9.0,34.0,16.86
2024-12-15,CNZHA,LPG,16.0,7.0,20.0,14.14
2024-12-22,CNZHA,LPG,12.0,2.0,27.0,15.57
2024-12-29,CNZHA,LPG,19.0,3.0,25.0,15.29
2025-01-05,CNZHA,LPG,13.0,7.0,24.0,16.38
2025-01-12,CNZHA,LPG,16.0,7.0,20.0,13.25
2025-01-19,CNZHA,LPG,22.0,2.0,28.0,18.12
2025-01-26,CNZHA,LPG,19.0,0.0,26.0,14.0
2025-02-02,CNZHA,LPG,16.0,1.0,24.0,14.12
2025-02-09,CNZHA,LPG,20.0,5.0,34.0,17.5
2025-02-16,CNZHA,LPG,19.0,3.0,26.0,16.38
2025-02-23,CNZHA,LPG,21.0,8.0,31.0,19.0
2025-03-02,CNZHA,LPG,22.0,3.0,25.0,17.88
2025-03-09,CNZHA,LPG,20.0,6.0,29.0,18.62
2025-03-16,CNZHA,LPG,21.0,5.0,30.0,17.38
2025-03-23,CNZHA,LPG,23.0,2.0,25.0,16.38
2025-03-30,CNZHA,LPG,31.0,15.0,31.0,19.62
2025-04-06,CNZHA,LPG,15.0,6.0,22.0,15.75
2025-04-13,CNZHA,LPG,20.0,9.0,26.0,18.88
2025-04-20,CNZHA,LPG,21.0,11.0,27.0,20.38
2025-04-27,CNZHA,LPG,23.0,11.0,23.0,18.88
2025-05-04,CNZHA,LPG,20.0,8.0,22.0,17.0
2025-05-11,CNZHA,LPG,23.0,8.0,26.0,16.88
2025-05-18,CNZHA,LPG,18.0,9.0,22.0,17.0
2025-05-25,CNZHA,LPG,25.0,14.0,28.0,21.38
2025-06-01,CNZHA,LPG,27.0,10.0,27.0,17.12
2025-06-08,CNZHA,LPG,19.0,14.0,22.0,17.62
2025-06-15,CNZHA,LPG,13.0,11.0,25.0,18.0
2025-06-22,CNZHA,LPG,28.0,14.0,28.0,20.0
2025-06-29,CNZHA,LPG,24.0,11.0,24.0,17.88
2025-07-06,CNZHA,LPG,24.0,12.0,24.0,17.75
2025-07-13,CNZHA,LPG,20.0,13.0,27.0,19.25
2025-07-20,CNZHA,LPG,17.0,10.0,29.0,16.25
2025-07-27,CNZHA,LPG,23.0,9.0,23.0,16.0
2025-08-03,CNZHA,LPG,23.0,13.0,23.0,16.62
2025-08-10,CNZHA,LPG,17.0,7.0,23.0,15.88
2025-08-17,CNZHA,LPG,19.0,5.0,22.0,15.88
2025-08-24,CNZHA,LPG,15.0,5.0,21.0,15.62
2025-08-31,CNZHA,LPG,29.0,2.0,29.0,14.75
2025-09-07,CNZHA,LPG,19.0,5.0,19.0,13.71
2025-09-14,CNZHA,LPG,32.0,3.0,32.0,16.43
2025-09-21,CNZHA,LPG,22.0,10.0,22.0,16.71
2025-09-28,CNZHA,LPG,13.0,9.0,25.0,16.86
2025-10-05,CNZHA,LPG,19.0,9.0,19.0,13.0
2025-10-12,CNZHA,LPG,36.0,14.0,36.0,20.57
2025-10-19,CNZHA,LPG,26.0,10.0,26.0,18.14
2025-10-26,CNZHA,LPG,21.0,13.0,25.0,18.71
2025-11-02,CNZHA,LPG,21.0,8.0,25.0,16.14
2025-11-09,CNZHA,LPG,23.0,9.0,23.0,14.86
2025-11-16,CNZHA,LPG,21.0,8.0,25.0,15.43
2025-11-23,CNZHA,LPG,22.0,4.0,24.0,15.14
2025-11-30,CNZHA,LPG,23.0,2.0,23.0,13.57
2025-12-07,CNZHA,LPG,34.0,9.0,34.0,16.86
2025-12-14,CNZHA,LPG,18.0,7.0,20.0,14.14
2025-12-21,CNZHA,LPG,27.0,2.0,27.0,15.57
2025-12-28,CNZHA,LPG,25.0,3.0,25.0,15.29
2026-01-04,CNZHA,LPG,24.0,7.0,24.0,16.38
2026-01-11,CNZHA,LPG,20.0,7.0,20.0,13.25
2026-01-18,CNZHA,LPG,28.0,2.0,28.0,18.12
2026-01-25,CNZHA,LPG,22.0,0.0,26.0,14.0
2026-02-01,CNZHA,LPG,24.0,1.0,24.0,14.12
2026-02-08,CNZHA,LPG,34.0,5.0,34.0,17.5
2026-02-15,CNZHA,LPG,24.0,3.0,26.0,16.38
2026-02-22,CNZHA,LPG,31.0,8.0,31.0,19.0
2026-03-01,CNZHA,LPG,24.0,3.0,25.0,17.88
2026-03-08,CNZHA,LPG,29.0,6.0,29.0,18.62
2026-03-15,CNZHA,LPG,30.0,5.0,30.0,17.38
2026-03-22,CNZHA,LPG,24.0,2.0,25.0,16.38
2026-03-29,CNZHA,LPG,18.0,15.0,31.0,19.62
2026-04-05,CNZHA,LPG,18.0,6.0,22.0,15.75
2026-04-12,CNZHA,LPG,26.0,9.0,26.0,18.88
2026-04-19,CNZHA,LPG,27.0,11.0,27.0,20.38
2026-04-26,CNZHA,LPG,23.0,11.0,23.0,18.88
2026-05-03,CNZHA,LPG,15.0,8.0,22.0,17.0
2026-05-10,CNZHA,LPG,13.0,8.0,26.0,16.88
2026-05-17,CNZHA,LPG,14.0,9.0,22.0,17.0
2026-05-24,CNZHA,LPG,28.0,14.0,28.0,21.38
2026-05-31,CNZHA,LPG,23.0,10.0,27.0,17.12
2026-06-07,CNZHA,LPG,19.0,14.0,22.0,17.62
2026-06-14,CNZHA,LPG,25.0,11.0,25.0,18.0
2026-06-21,CNZHA,LPG,21.0,14.0,28.0,20.0
2026-06-28,CNZHA,LPG,22.0,11.0,24.0,17.88
2026-07-05,CNZHA,LPG,12.0,12.0,24.0,17.75
2026-07-12,CNZHA,LPG,27.0,13.0,27.0,19.25
2026-07-19,CNZHA,LPG,29.0,10.0,29.0,16.25
2026-07-26,CNZHA,LPG,19.0,9.0,23.0,16.0
2026-08-02,CNZHA,LPG,23.0,13.0,23.0,16.62
2026-08-09,CNZHA,LPG,22.0,7.0,23.0,15.88
2026-08-16,CNZHA,LPG,11.0,5.0,22.0,15.88
2026-08-23,CNZHA,LPG,17.0,5.0,21.0,15.62
2026-08-30,CNZHA,LPG,11.0,2.0,29.0,14.75
2019-01-06,JPCHB,LPG,133.0,104.0,181.0,146.75
2019-01-13,JPCHB,LPG,187.0,146.0,206.0,173.38
2019-01-20,JPCHB,LPG,175.0,153.0,203.0,175.25
2019-01-27,JPCHB,LPG,187.0,167.0,205.0,185.88
2019-02-03,JPCHB,LPG,180.0,170.0,198.0,181.38
2019-02-10,JPCHB,LPG,193.0,159.0,198.0,184.38
2019-02-17,JPCHB,LPG,195.0,142.0,204.0,173.38
2019-02-24,JPCHB,LPG,184.0,157.0,200.0,177.0
2019-03-03,JPCHB,LPG,187.0,153.0,203.0,183.75
2019-03-10,JPCHB,LPG,159.0,138.0,209.0,172.88
2019-03-17,JPCHB,LPG,210.0,159.0,210.0,177.25
2019-03-24,JPCHB,LPG,182.0,178.0,199.0,187.0
2019-03-31,JPCHB,LPG,190.0,169.0,194.0,181.0
2019-04-07,JPCHB,LPG,145.0,144.0,213.0,174.62
2019-04-14,JPCHB,LPG,152.0,152.0,187.0,168.12
2019-04-21,JPCHB,LPG,186.0,139.0,210.0,177.75
2019-04-28,JPCHB,LPG,177.0,147.0,181.0,164.0
2019-05-05,JPCHB,LPG,128.0,128.0,166.0,153.88
2019-05-12,JPCHB,LPG,178.0,146.0,191.0,174.12
2019-05-19,JPCHB,LPG,163.0,155.0,206.0,175.5
2019-05-26,JPCHB,LPG,176.0,152.0,200.0,169.88
2019-06-02,JPCHB,LPG,193.0,143.0,213.0,167.12
2019-06-09,JPCHB,LPG,159.0,142.0,188.0,170.62
2019-06-16,JPCHB,LPG,141.0,141.0,209.0,176.12
2019-06-23,JPCHB,LPG,183.0,161.0,187.0,173.5
2019-06-30,JPCHB,LPG,168.0,139.0,222.0,177.75
2019-07-07,JPCHB,LPG,181.0,168.0,205.0,185.12
2019-07-14,JPCHB,LPG,184.0,149.0,201.0,182.25
2019-07-21,JPCHB,LPG,182.0,130.0,213.0,181.38
2019-07-28,JPCHB,LPG,169.0,169.0,206.0,185.62
2019-08-04,JPCHB,LPG,214.0,140.0,214.0,184.75
2019-08-11,JPCHB,LPG,168.0,114.0,194.0,162.12
2019-08-18,JPCHB,LPG,123.0,123.0,211.0,172.25
2019-08-25,JPCHB,LPG,224.0,165.0,225.0,196.12
2019-09-01,JPCHB,LPG,180.0,115.0,206.0,166.5
2019-09-08,JPCHB,LPG,174.0,165.0,199.0,177.43
2019-09-15,JPCHB,LPG,173.0,157.0,178.0,169.57
2019-09-22,JPCHB,LPG,163.0,146.0,192.0,170.57
2019-09-29,JPCHB,LPG,172.0,138.0,193.0,168.0
2019-10-06,JPCHB,LPG,189.0,178.0,203.0,190.86
2019-10-13,JPCHB,LPG,115.0,115.0,214.0,163.71
2019-10-20,JPCHB,LPG,194.0,174.0,232.0,193.71
2019-10-27,JPCHB,LPG,164.0,149.0,214.0,182.86
2019-11-03,JPCHB,LPG,202.0,154.0,205.0,181.43
2019-11-10,JPCHB,LPG,183.0,163.0,206.0,187.43
2019-11-17,JPCHB,LPG,206.0,156.0,208.0,190.0
2019-11-24,JPCHB,LPG,184.0,169.0,214.0,192.14
2019-12-01,JPCHB,LPG,191.0,172.0,213.0,187.43
2019-12-08,JPCHB,LPG,214.0,152.0,214.0,190.57
2019-12-15,JPCHB,LPG,189.0,160.0,215.0,182.86
2019-12-22,JPCHB,LPG,179.0,165.0,216.0,187.14
2019-12-29,JPCHB,LPG,179.0,142.0,208.0,168.86
2020-01-05,JPCHB,LPG,125.0,104.0,181.0,146.75
2020-01-12,JPCHB,LPG,206.0,146.0,206.0,173.38
2020-01-19,JPCHB,LPG,193.0,153.0,203.0,175.25
2020-01-26,JPCHB,LPG,205.0,167.0,205.0,185.88
2020-02-02,JPCHB,LPG,170.0,170.0,198.0,181.38
2020-02-09,JPCHB,LPG,193.0,159.0,198.0,184.38
2020-02-16,JPCHB,LPG,204.0,142.0,204.0,173.38
2020-02-23,JPCHB,LPG,175.0,157.0,200.0,177.0
2020-03-01,JPCHB,LPG,197.0,153.0,203.0,183.75
2020-03-08,JPCHB,LPG,194.0,138.0,209.0,172.88
2020-03-15,JPCHB,LPG,168.0,159.0,210.0,177.25
2020-03-22,JPCHB,LPG,187.0,178.0,199.0,187.0
2020-03-29,JPCHB,LPG,194.0,169.0,194.0,181.0
2020-04-05,JPCHB,LPG,213.0,144.0,213.0,174.62
2020-04-12,JPCHB,LPG,167.0,152.0,187.0,168.12
2020-04-19,JPCHB,LPG,173.0,139.0,210.0,177.75
2020-04-26,JPCHB,LPG,181.0,147.0,181.0,164.0
2020-05-03,JPCHB,LPG,166.0,128.0,166.0,153.88
2020-05-10,JPCHB,LPG,153.0,146.0,191.0,174.12
2020-05-17,JPCHB,LPG,195.0,155.0,206.0,175.5
2020-05-24,JPCHB,LPG,172.0,152.0,200.0,169.88
2020-05-31,JPCHB,LPG,143.0,143.0,213.0,167.12
2020-06-07,JPCHB,LPG,184.0,142.0,188.0,170.62
2020-06-14,JPCHB,LPG,192.0,141.0,209.0,176.12
2020-06-21,JPCHB,LPG,187.0,161.0,187.0,173.5
2020-06-28,JPCHB,LPG,172.0,139.0,222.0,177.75
2020-07-05,JPCHB,LPG,168.0,168.0,205.0,185.12
2020-07-12,JPCHB,LPG,187.0,149.0,201.0,182.25
2020-07-19,JPCHB,LPG,203.0,130.0,213.0,181.38
2020-07-26,JPCHB,LPG,191.0,169.0,206.0,185.62
2020-08-02,JPCHB,LPG,210.0,140.0,214.0,184.75
2020-08-09,JPCHB,LPG,194.0,114.0,194.0,162.12
2020-08-16,JPCHB,LPG,202.0,123.0,211.0,172.25
2020-08-23,JPCHB,LPG,198.0,165.0,225.0,196.12
2020-08-30,JPCHB,LPG,206.0,115.0,206.0,166.5
2020-09-06,JPCHB,LPG,165.0,165.0,199.0,177.43
2020-09-13,JPCHB,LPG,176.0,157.0,178.0,169.57
2020-09-20,JPCHB,LPG,173.0,146.0,192.0,170.57
2020-09-27,JPCHB,LPG,149.0,138.0,193.0,168.0
2020-10-04,JPCHB,LPG,200.0,178.0,203.0,190.86
2020-10-11,JPCHB,LPG,142.0,115.0,214.0,163.71
2020-10-18,JPCHB,LPG,232.0,174.0,232.0,193.71
2020-10-25,JPCHB,LPG,214.0,149.0,214.0,182.86
2020-11-01,JPCHB,LPG,205.0,154.0,205.0,181.43
2020-11-08,JPCHB,LPG,206.0,163.0,206.0,187.43
2020-11-15,JPCHB,LPG,202.0,156.0,208.0,190.0
2020-11-22,JPCHB,LPG,214.0,169.0,214.0,192.14
2020-11-29,JPCHB,LPG,213.0,172.0,213.0,187.43
2020-12-06,JPCHB,LPG,213.0,152.0,214.0,190.57
2020-12-13,JPCHB,LPG,179.0,160.0,215.0,182.86
2020-12-20,JPCHB,LPG,196.0,165.0,216.0,187.14
2020-12-27,JPCHB,LPG,208.0,142.0,208.0,168.86
2021-01-03,JPCHB,LPG,129.0,103.2,154.8,129.0
2021-01-10,JPCHB,LPG,171.0,104.0,181.0,146.75
2021-01-17,JPCHB,LPG,187.0,146.0,206.0,173.38
2021-01-24,JPCHB,LPG,164.0,153.0,203.0,175.25
2021-01-31,JPCHB,LPG,195.0,167.0,205.0,185.88
2021-02-07,JPCHB,LPG,196.0,170.0,198.0,181.38
2021-02-14,JPCHB,LPG,184.0,159.0,198.0,184.38
2021-02-21,JPCHB,LPG,142.0,142.0,204.0,173.38
2021-02-28,JPCHB,LPG,171.0,157.0,200.0,177.0
2021-03-07,JPCHB,LPG,186.0,153.0,203.0,183.75
2021-03-14,JPCHB,LPG,147.0,138.0,209.0,172.88
2021-03-21,JPCHB,LPG,176.0,159.0,210.0,177.25
2021-03-28,JPCHB,LPG,197.0,178.0,199.0,187.0
2021-04-04,JPCHB,LPG,185.0,169.0,194.0,181.0
2021-04-11,JPCHB,LPG,189.0,144.0,213.0,174.62
2021-04-18,JPCHB,LPG,167.0,152.0,187.0,168.12
2021-04-25,JPCHB,LPG,210.0,139.0,210.0,177.75
2021-05-02,JPCHB,LPG,151.0,147.0,181.0,164.0
2021-05-09,JPCHB,LPG,163.0,128.0,166.0,153.88
2021-05-16,JPCHB,LPG,180.0,146.0,191.0,174.12
2021-05-23,JPCHB,LPG,201.0,155.0,206.0,175.5
2021-05-30,JPCHB,LPG,162.0,152.0,200.0,169.88
2021-06-06,JPCHB,LPG,173.0,143.0,213.0,167.12
2021-06-13,JPCHB,LPG,169.0,142.0,188.0,170.62
2021-06-20,JPCHB,LPG,180.0,141.0,209.0,176.12
2021-06-27,JPCHB,LPG,164.0,161.0,187.0,173.5
2021-07-04,JPCHB,LPG,169.0,139.0,222.0,177.75
2021-07-11,JPCHB,LPG,205.0,168.0,205.0,185.12
2021-07-18,JPCHB,LPG,199.0,149.0,201.0,182.25
2021-07-25,JPCHB,LPG,159.0,130.0,213.0,181.38
2021-08-01,JPCHB,LPG,190.0,169.0,206.0,185.62
2021-08-08,JPCHB,LPG,151.0,140.0,214.0,184.75
2021-08-15,JPCHB,LPG,162.0,114.0,194.0,162.12
2021-08-22,JPCHB,LPG,211.0,123.0,211.0,172.25
2021-08-29,JPCHB,LPG,185.0,165.0,225.0,196.12
2021-09-05,JPCHB,LPG,184.0,115.0,206.0,166.5
2021-09-12,JPCHB,LPG,199.0,165.0,199.0,177.43
2021-09-19,JPCHB,LPG,161.0,157.0,178.0,169.57
2021-09-26,JPCHB,LPG,192.0,146.0,192.0,170.57
2021-10-03,JPCHB,LPG,146.0,138.0,193.0,168.0
2021-10-10,JPCHB,LPG,203.0,178.0,203.0,190.86
2021-10-17,JPCHB,LPG,214.0,115.0,214.0,163.71
2021-10-24,JPCHB,LPG,192.0,174.0,232.0,193.71
2021-10-31,JPCHB,LPG,191.0,149.0,214.0,182.86
2021-11-07,JPCHB,LPG,195.0,154.0,205.0,181.43
2021-11-14,JPCHB,LPG,194.0,163.0,206.0,187.43
2021-11-21,JPCHB,LPG,201.0,156.0,208.0,190.0
2021-11-28,JPCHB,LPG,194.0,169.0,214.0,192.14
2021-12-05,JPCHB,LPG,189.0,172.0,213.0,187.43
2021-12-12,JPCHB,LPG,152.0,152.0,214.0,190.57
2021-12-19,JPCHB,LPG,215.0,160.0,215.0,182.86
2021-12-26,JPCHB,LPG,216.0,165.0,216.0,187.14
2022-01-02,JPCHB,LPG,142.0,142.0,208.0,168.86
2022-01-09,JPCHB,LPG,181.0,104.0,181.0,146.75
2022-01-16,JPCHB,LPG,162.0,146.0,206.0,173.38
2022-01-23,JPCHB,LPG,187.0,153.0,203.0,175.25
2022-01-30,JPCHB,LPG,188.0,167.0,205.0,185.88
2022-02-06,JPCHB,LPG,198.0,170.0,198.0,181.38
2022-02-13,JPCHB,LPG,197.0,159.0,198.0,184.38
2022-02-20,JPCHB,LPG,164.0,142.0,204.0,173.38
2022-02-27,JPCHB,LPG,193.0,157.0,200.0,177.0
2022-03-06,JPCHB,LPG,190.0,153.0,203.0,183.75
2022-03-13,JPCHB,LPG,209.0,138.0,209.0,172.88
2022-03-20,JPCHB,LPG,185.0,159.0,210.0,177.25
2022-03-27,JPCHB,LPG,188.0,178.0,199.0,187.0
2022-04-03,JPCHB,LPG,174.0,169.0,194.0,181.0
2022-04-10,JPCHB,LPG,170.0,144.0,213.0,174.62
2022-04-17,JPCHB,LPG,166.0,152.0,187.0,168.12
2022-04-24,JPCHB,LPG,175.0,139.0,210.0,177.75
2022-05-01,JPCHB,LPG,147.0,147.0,181.0,164.0
2022-05-08,JPCHB,LPG,163.0,128.0,166.0,153.88
2022-05-15,JPCHB,LPG,191.0,146.0,191.0,174.12
2022-05-22,JPCHB,LPG,206.0,155.0,206.0,175.5
2022-05-29,JPCHB,LPG,200.0,152.0,200.0,169.88
2022-06-05,JPCHB,LPG,213.0,143.0,213.0,167.12
2022-06-12,JPCHB,LPG,188.0,142.0,188.0,170.62
2022-06-19,JPCHB,LPG,209.0,141.0,209.0,176.12
2022-06-26,JPCHB,LPG,182.0,161.0,187.0,173.5
2022-07-03,JPCHB,LPG,222.0,139.0,222.0,177.75
2022-07-10,JPCHB,LPG,195.0,168.0,205.0,185.12
2022-07-17,JPCHB,LPG,201.0,149.0,201.0,182.25
2022-07-24,JPCHB,LPG,204.0,130.0,213.0,181.38
2022-07-31,JPCHB,LPG,181.0,169.0,206.0,185.62
2022-08-07,JPCHB,LPG,187.0,140.0,214.0,184.75
2022-08-14,JPCHB,LPG,160.0,114.0,194.0,162.12
2022-08-21,JPCHB,LPG,187.0,123.0,211.0,172.25
2022-08-28,JPCHB,LPG,180.0,165.0,225.0,196.12
2022-09-04,JPCHB,LPG,173.0,115.0,206.0,166.5
2022-09-11,JPCHB,LPG,179.0,165.0,199.0,177.43
2022-09-18,JPCHB,LPG,157.0,157.0,178.0,169.57
2022-09-25,JPCHB,LPG,146.0,146.0,192.0,170.57
2022-10-02,JPCHB,LPG,191.0,138.0,193.0,168.0
2022-10-09,JPCHB,LPG,187.0,178.0,203.0,190.86
2022-10-16,JPCHB,LPG,171.0,115.0,214.0,163.71
2022-10-23,JPCHB,LPG,203.0,174.0,232.0,193.71
2022-10-30,JPCHB,LPG,195.0,149.0,214.0,182.86
2022-11-06,JPCHB,LPG,196.0,154.0,205.0,181.43
2022-11-13,JPCHB,LPG,195.0,163.0,206.0,187.43
2022-11-20,JPCHB,LPG,208.0,156.0,208.0,190.0
2022-11-27,JPCHB,LPG,169.0,169.0,214.0,192.14
2022-12-04,JPCHB,LPG,189.0,172.0,213.0,187.43
2022-12-11,JPCHB,LPG,201.0,152.0,214.0,190.57
2022-12-18,JPCHB,LPG,172.0,160.0,215.0,182.86
2022-12-25,JPCHB,LPG,169.0,165.0,216.0,187.14
2023-01-01,JPCHB,LPG,162.0,142.0,208.0,168.86
2023-01-08,JPCHB,LPG,180.0,104.0,181.0,146.75
2023-01-15,JPCHB,LPG,173.0,146.0,206.0,173.38
2023-01-22,JPCHB,LPG,203.0,153.0,203.0,175.25
2023-01-29,JPCHB,LPG,172.0,167.0,205.0,185.88
2023-02-05,JPCHB,LPG,191.0,170.0,198.0,181.38
2023-02-12,JPCHB,LPG,198.0,159.0,198.0,184.38
2023-02-19,JPCHB,LPG,165.0,142.0,204.0,173.38
2023-02-26,JPCHB,LPG,200.0,157.0,200.0,177.0
2023-03-05,JPCHB,LPG,203.0,153.0,203.0,183.75
2023-03-12,JPCHB,LPG,187.0,138.0,209.0,172.88
2023-03-19,JPCHB,LPG,182.0,159.0,210.0,177.25
2023-03-26,JPCHB,LPG,185.0,178.0,199.0,187.0
2023-04-02,JPCHB,LPG,177.0,169.0,194.0,181.0
2023-04-09,JPCHB,LPG,173.0,144.0,213.0,174.62
2023-04-16,JPCHB,LPG,187.0,152.0,187.0,168.12
2023-04-23,JPCHB,LPG,194.0,139.0,210.0,177.75
2023-04-30,JPCHB,LPG,161.0,147.0,181.0,164.0
2023-05-07,JPCHB,LPG,148.0,128.0,166.0,153.88
2023-05-14,JPCHB,LPG,186.0,146.0,191.0,174.12
2023-05-21,JPCHB,LPG,169.0,155.0,206.0,175.5
2023-05-28,JPCHB,LPG,171.0,152.0,200.0,169.88
2023-06-04,JPCHB,LPG,151.0,143.0,213.0,167.12
2023-06-11,JPCHB,LPG,172.0,142.0,188.0,170.62
2023-06-18,JPCHB,LPG,168.0,141.0,209.0,176.12
2023-06-25,JPCHB,LPG,175.0,161.0,187.0,173.5
2023-07-02,JPCHB,LPG,182.0,139.0,222.0,177.75
2023-07-09,JPCHB,LPG,173.0,168.0,205.0,185.12
2023-07-16,JPCHB,LPG,196.0,149.0,201.0,182.25
2023-07-23,JPCHB,LPG,213.0,130.0,213.0,181.38
2023-07-30,JPCHB,LPG,206.0,169.0,206.0,185.62
2023-08-06,JPCHB,LPG,189.0,140.0,214.0,184.75
2023-08-13,JPCHB,LPG,114.0,114.0,194.0,162.12
2023-08-20,JPCHB,LPG,183.0,123.0,211.0,172.25
2023-08-27,JPCHB,LPG,221.0,165.0,225.0,196.12
2023-09-03,JPCHB,LPG,174.0,115.0,206.0,166.5
2023-09-10,JPCHB,LPG,175.0,165.0,199.0,177.43
2023-09-17,JPCHB,LPG,178.0,157.0,178.0,169.57
2023-09-24,JPCHB,LPG,180.0,146.0,192.0,170.57
2023-10-01,JPCHB,LPG,193.0,138.0,193.0,168.0
2023-10-08,JPCHB,LPG,192.0,178.0,203.0,190.86
2023-10-15,JPCHB,LPG,182.0,115.0,214.0,163.71
2023-10-22,JPCHB,LPG,184.0,174.0,232.0,193.71
2023-10-29,JPCHB,LPG,185.0,149.0,214.0,182.86
2023-11-05,JPCHB,LPG,157.0,154.0,205.0,181.43
2023-11-12,JPCHB,LPG,188.0,163.0,206.0,187.43
2023-11-19,JPCHB,LPG,169.0,156.0,208.0,190.0
2023-11-26,JPCHB,LPG,205.0,169.0,214.0,192.14
2023-12-03,JPCHB,LPG,184.0,172.0,213.0,187.43
2023-12-10,JPCHB,LPG,191.0,152.0,214.0,190.57
2023-12-17,JPCHB,LPG,160.0,160.0,215.0,182.86
2023-12-24,JPCHB,LPG,197.0,165.0,216.0,187.14
2023-12-31,JPCHB,LPG,152.0,142.0,208.0,168.86
2024-01-07,JPCHB,LPG,164.0,104.0,181.0,146.75
2024-01-14,JPCHB,LPG,176.0,146.0,206.0,173.38
2024-01-21,JPCHB,LPG,153.0,153.0,203.0,175.25
2024-01-28,JPCHB,LPG,193.0,167.0,205.0,185.88
2024-02-04,JPCHB,LPG,171.0,170.0,198.0,181.38
2024-02-11,JPCHB,LPG,186.0,159.0,198.0,184.38
2024-02-18,JPCHB,LPG,198.0,142.0,204.0,173.38
2024-02-25,JPCHB,LPG,157.0,157.0,200.0,177.0
2024-03-03,JPCHB,LPG,182.0,153.0,203.0,183.75
2024-03-10,JPCHB,LPG,198.0,138.0,209.0,172.88
2024-03-17,JPCHB,LPG,170.0,159.0,210.0,177.25
2024-03-24,JPCHB,LPG,199.0,178.0,199.0,187.0
2024-03-31,JPCHB,LPG,179.0,169.0,194.0,181.0
2024-04-07,JPCHB,LPG,192.0,144.0,213.0,174.62
2024-04-14,JPCHB,LPG,186.0,152.0,187.0,168.12
2024-04-21,JPCHB,LPG,198.0,139.0,210.0,177.75
2024-04-28,JPCHB,LPG,176.0,147.0,181.0,164.0
2024-05-05,JPCHB,LPG,164.0,128.0,166.0,153.88
2024-05-12,JPCHB,LPG,171.0,146.0,191.0,174.12
2024-05-19,JPCHB,LPG,160.0,155.0,206.0,175.5
2024-05-26,JPCHB,LPG,173.0,152.0,200.0,169.88
2024-06-02,JPCHB,LPG,144.0,143.0,213.0,167.12
2024-06-09,JPCHB,LPG,187.0,142.0,188.0,170.62
2024-06-16,JPCHB,LPG,172.0,141.0,209.0,176.12
2024-06-23,JPCHB,LPG,174.0,161.0,187.0,173.5
2024-06-30,JPCHB,LPG,195.0,139.0,222.0,177.75
2024-07-07,JPCHB,LPG,201.0,168.0,205.0,185.12
2024-07-14,JPCHB,LPG,179.0,149.0,201.0,182.25
2024-07-21,JPCHB,LPG,180.0,130.0,213.0,181.38
2024-07-28,JPCHB,LPG,176.0,169.0,206.0,185.62
2024-08-04,JPCHB,LPG,183.0,140.0,214.0,184.75
2024-08-11,JPCHB,LPG,193.0,114.0,194.0,162.12
2024-08-18,JPCHB,LPG,160.0,123.0,211.0,172.25
2024-08-25,JPCHB,LPG,225.0,165.0,225.0,196.12
2024-09-01,JPCHB,LPG,115.0,115.0,206.0,166.5
2024-09-08,JPCHB,LPG,182.0,165.0,199.0,177.43
2024-09-15,JPCHB,LPG,177.0,157.0,178.0,169.57
2024-09-22,JPCHB,LPG,161.0,146.0,192.0,170.57
2024-09-29,JPCHB,LPG,187.0,138.0,193.0,168.0
2024-10-06,JPCHB,LPG,178.0,178.0,203.0,190.86
2024-10-13,JPCHB,LPG,185.0,115.0,214.0,163.71
2024-10-20,JPCHB,LPG,174.0,174.0,232.0,193.71
2024-10-27,JPCHB,LPG,182.0,149.0,214.0,182.86
2024-11-03,JPCHB,LPG,161.0,154.0,205.0,181.43
2024-11-10,JPCHB,LPG,183.0,163.0,206.0,187.43
2024-11-17,JPCHB,LPG,188.0,156.0,208.0,190.0
2024-11-24,JPCHB,LPG,191.0,169.0,214.0,192.14
2024-12-01,JPCHB,LPG,174.0,172.0,213.0,187.43
2024-12-08,JPCHB,LPG,189.0,152.0,214.0,190.57
2024-12-15,JPCHB,LPG,192.0,160.0,215.0,182.86
2024-12-22,JPCHB,LPG,165.0,165.0,216.0,187.14
2024-12-29,JPCHB,LPG,181.0,142.0,208.0,168.86
2025-01-05,JPCHB,LPG,104.0,104.0,181.0,146.75
2025-01-12,JPCHB,LPG,146.0,146.0,206.0,173.38
2025-01-19,JPCHB,LPG,167.0,153.0,203.0,175.25
2025-01-26,JPCHB,LPG,180.0,167.0,205.0,185.88
2025-02-02,JPCHB,LPG,171.0,170.0,198.0,181.38
2025-02-09,JPCHB,LPG,165.0,159.0,198.0,184.38
2025-02-16,JPCHB,LPG,166.0,142.0,204.0,173.38
2025-02-23,JPCHB,LPG,163.0,157.0,200.0,177.0
2025-03-02,JPCHB,LPG,172.0,153.0,203.0,183.75
2025-03-09,JPCHB,LPG,138.0,138.0,209.0,172.88
2025-03-16,JPCHB,LPG,159.0,159.0,210.0,177.25
2025-03-23,JPCHB,LPG,178.0,178.0,199.0,187.0
2025-03-30,JPCHB,LPG,169.0,169.0,194.0,181.0
2025-04-06,JPCHB,LPG,171.0,144.0,213.0,174.62
2025-04-13,JPCHB,LPG,161.0,152.0,187.0,168.12
2025-04-20,JPCHB,LPG,147.0,139.0,210.0,177.75
2025-04-27,JPCHB,LPG,160.0,147.0,181.0,164.0
2025-05-04,JPCHB,LPG,154.0,128.0,166.0,153.88
2025-05-11,JPCHB,LPG,146.0,146.0,191.0,174.12
2025-05-18,JPCHB,LPG,155.0,155.0,206.0,175.5
2025-05-25,JPCHB,LPG,153.0,152.0,200.0,169.88
2025-06-01,JPCHB,LPG,149.0,143.0,213.0,167.12
2025-06-08,JPCHB,LPG,164.0,142.0,188.0,170.62
2025-06-15,JPCHB,LPG,166.0,141.0,209.0,176.12
2025-06-22,JPCHB,LPG,161.0,161.0,187.0,173.5
2025-06-29,JPCHB,LPG,175.0,139.0,222.0,177.75
2025-07-06,JPCHB,LPG,168.0,168.0,205.0,185.12
2025-07-13,JPCHB,LPG,149.0,149.0,201.0,182.25
2025-07-20,JPCHB,LPG,130.0,130.0,213.0,181.38
2025-07-27,JPCHB,LPG,182.0,169.0,206.0,185.62
2025-08-03,JPCHB,LPG,140.0,140.0,214.0,184.75
2025-08-10,JPCHB,LPG,168.0,114.0,194.0,162.12
2025-08-17,JPCHB,LPG,159.0,123.0,211.0,172.25
2025-08-24,JPCHB,LPG,171.0,165.0,225.0,196.12
2025-08-31,JPCHB,LPG,165.0,115.0,206.0,166.5
2025-09-07,JPCHB,LPG,168.0,165.0,199.0,177.43
2025-09-14,JPCHB,LPG,165.0,157.0,178.0,169.57
2025-09-21,JPCHB,LPG,179.0,146.0,192.0,170.57
2025-09-28,JPCHB,LPG,138.0,138.0,193.0,168.0
2025-10-05,JPCHB,LPG,187.0,178.0,203.0,190.86
2025-10-12,JPCHB,LPG,137.0,115.0,214.0,163.71
2025-10-19,JPCHB,LPG,177.0,174.0,232.0,193.71
2025-10-26,JPCHB,LPG,149.0,149.0,214.0,182.86
2025-11-02,JPCHB,LPG,154.0,154.0,205.0,181.43
2025-11-09,JPCHB,LPG,163.0,163.0,206.0,187.43
2025-11-16,JPCHB,LPG,156.0,156.0,208.0,190.0
2025-11-23,JPCHB,LPG,188.0,169.0,214.0,192.14
2025-11-30,JPCHB,LPG,172.0,172.0,213.0,187.43
2025-12-07,JPCHB,LPG,174.0,152.0,214.0,190.57
2025-12-14,JPCHB,LPG,173.0,160.0,215.0,182.86
2025-12-21,JPCHB,LPG,188.0,165.0,216.0,187.14
2025-12-28,JPCHB,LPG,158.0,142.0,208.0,168.86
2026-01-04,JPCHB,LPG,116.0,104.0,181.0,146.75
2026-01-11,JPCHB,LPG,150.0,146.0,206.0,173.38
2026-01-18,JPCHB,LPG,160.0,153.0,203.0,175.25
2026-01-25,JPCHB,LPG,167.0,167.0,205.0,185.88
2026-02-01,JPCHB,LPG,174.0,170.0,198.0,181.38
2026-02-08,JPCHB,LPG,159.0,159.0,198.0,184.38
2026-02-15,JPCHB,LPG,153.0,142.0,204.0,173.38
2026-02-22,JPCHB,LPG,173.0,157.0,200.0,177.0
2026-03-01,JPCHB,LPG,153.0,153.0,203.0,183.75
2026-03-08,JPCHB,LPG,151.0,138.0,209.0,172.88
2026-03-15,JPCHB,LPG,168.0,159.0,210.0,177.25
2026-03-22,JPCHB,LPG,180.0,178.0,199.0,187.0
2026-03-29,JPCHB,LPG,180.0,169.0,194.0,181.0
2026-04-05,JPCHB,LPG,144.0,144.0,213.0,174.62
2026-04-12,JPCHB,LPG,159.0,152.0,187.0,168.12
2026-04-19,JPCHB,LPG,139.0,139.0,210.0,177.75
2026-04-26,JPCHB,LPG,159.0,147.0,181.0,164.0
2026-05-03,JPCHB,LPG,145.0,128.0,166.0,153.88
2026-05-10,JPCHB,LPG,188.0,146.0,191.0,174.12
2026-05-17,JPCHB,LPG,155.0,155.0,206.0,175.5
2026-05-24,JPCHB,LPG,152.0,152.0,200.0,169.88
2026-05-31,JPCHB,LPG,171.0,143.0,213.0,167.12
2026-06-07,JPCHB,LPG,142.0,142.0,188.0,170.62
2026-06-14,JPCHB,LPG,181.0,141.0,209.0,176.12
2026-06-21,JPCHB,LPG,162.0,161.0,187.0,173.5
2026-06-28,JPCHB,LPG,139.0,139.0,222.0,177.75
2026-07-05,JPCHB,LPG,190.0,168.0,205.0,185.12
2026-07-12,JPCHB,LPG,163.0,149.0,201.0,182.25
2026-07-19,JPCHB,LPG,180.0,130.0,213.0,181.38
2026-07-26,JPCHB,LPG,190.0,169.0,206.0,185.62
2026-08-02,JPCHB,LPG,204.0,140.0,214.0,184.75
2026-08-09,JPCHB,LPG,138.0,114.0,194.0,162.12
2026-08-16,JPCHB,LPG,153.0,123.0,211.0,172.25
2026-08-23,JPCHB,LPG,165.0,165.0,225.0,196.12
2026-08-30,JPCHB,LPG,135.0,115.0,206.0,166.5
2019-01-06,JPYOK,LPG,38.0,33.0,71.0,47.5
2019-01-13,JPYOK,LPG,70.0,44.0,77.0,61.5
2019-01-20,JPYOK,LPG,67.0,45.0,67.0,57.5
2019-01-27,JPYOK,LPG,72.0,58.0,72.0,66.88
2019-02-03,JPYOK,LPG,63.0,52.0,77.0,62.62
2019-02-10,JPYOK,LPG,58.0,49.0,68.0,60.25
2019-02-17,JPYOK,LPG,72.0,51.0,83.0,69.88
2019-02-24,JPYOK,LPG,65.0,46.0,72.0,62.38
2019-03-03,JPYOK,LPG,73.0,53.0,85.0,66.75
2019-03-10,JPYOK,LPG,67.0,60.0,78.0,66.75
2019-03-17,JPYOK,LPG,67.0,46.0,83.0,67.75
2019-03-24,JPYOK,LPG,74.0,53.0,81.0,69.5
2019-03-31,JPYOK,LPG,76.0,61.0,76.0,69.62
2019-04-07,JPYOK,LPG,79.0,46.0,79.0,64.25
2019-04-14,JPYOK,LPG,60.0,50.0,74.0,63.75
2019-04-21,JPYOK,LPG,69.0,44.0,80.0,64.12
2019-04-28,JPYOK,LPG,66.0,56.0,72.0,62.75
2019-05-05,JPYOK,LPG,53.0,46.0,82.0,60.25
2019-05-12,JPYOK,LPG,63.0,58.0,88.0,70.38
2019-05-19,JPYOK,LPG,76.0,51.0,95.0,74.25
2019-05-26,JPYOK,LPG,64.0,59.0,101.0,73.12
2019-06-02,JPYOK,LPG,68.0,54.0,89.0,68.12
2019-06-09,JPYOK,LPG,75.0,48.0,87.0,71.25
2019-06-16,JPYOK,LPG,74.0,63.0,87.0,74.88
2019-06-23,JPYOK,LPG,80.0,59.0,83.0,72.38
2019-06-30,JPYOK,LPG,75.0,53.0,85.0,67.5
2019-07-07,JPYOK,LPG,84.0,61.0,84.0,72.5
2019-07-14,JPYOK,LPG,76.0,51.0,89.0,70.75
2019-07-21,JPYOK,LPG,79.0,48.0,79.0,68.12
2019-07-28,JPYOK,LPG,72.0,52.0,79.0,67.5
2019-08-04,JPYOK,LPG,75.0,43.0,76.0,64.0
2019-08-11,JPYOK,LPG,65.0,38.0,73.0,59.12
2019-08-18,JPYOK,LPG,39.0,39.0,80.0,62.12
2019-08-25,JPYOK,LPG,92.0,54.0,92.0,68.25
2019-09-01,JPYOK,LPG,81.0,40.0,81.0,61.62
2019-09-08,JPYOK,LPG,75.0,55.0,75.0,63.57
2019-09-15,JPYOK,LPG,82.0,42.0,82.0,55.0
2019-09-22,JPYOK,LPG,68.0,54.0,81.0,63.43
2019-09-29,JPYOK,LPG,72.0,37.0,80.0,59.57
2019-10-06,JPYOK,LPG,77.0,49.0,77.0,66.43
2019-10-13,JPYOK,LPG,43.0,43.0,72.0,53.0
2019-10-20,JPYOK,LPG,60.0,53.0,74.0,60.86
2019-10-27,JPYOK,LPG,70.0,49.0,73.0,61.86
2019-11-03,JPYOK,LPG,77.0,50.0,77.0,64.57
2019-11-10,JPYOK,LPG,77.0,53.0,77.0,65.14
2019-11-17,JPYOK,LPG,75.0,51.0,75.0,61.14
2019-11-24,JPYOK,LPG,69.0,49.0,77.0,62.86
2019-12-01,JPYOK,LPG,69.0,51.0,77.0,63.29
2019-12-08,JPYOK,LPG,73.0,60.0,80.0,68.43
2019-12-15,JPYOK,LPG,58.0,44.0,70.0,59.86
2019-12-22,JPYOK,LPG,70.0,55.0,76.0,66.29
2019-12-29,JPYOK,LPG,69.0,36.0,69.0,51.57
2020-01-05,JPYOK,LPG,36.0,33.0,71.0,47.5
2020-01-12,JPYOK,LPG,66.0,44.0,77.0,61.5
2020-01-19,JPYOK,LPG,51.0,45.0,67.0,57.5
2020-01-26,JPYOK,LPG,70.0,58.0,72.0,66.88
2020-02-02,JPYOK,LPG,56.0,52.0,77.0,62.62
2020-02-09,JPYOK,LPG,67.0,49.0,68.0,60.25
2020-02-16,JPYOK,LPG,66.0,51.0,83.0,69.88
2020-02-23,JPYOK,LPG,72.0,46.0,72.0,62.38
2020-03-01,JPYOK,LPG,64.0,53.0,85.0,66.75
2020-03-08,JPYOK,LPG,78.0,60.0,78.0,66.75
2020-03-15,JPYOK,LPG,74.0,46.0,83.0,67.75
2020-03-22,JPYOK,LPG,78.0,53.0,81.0,69.5
2020-03-29,JPYOK,LPG,76.0,61.0,76.0,69.62
2020-04-05,JPYOK,LPG,64.0,46.0,79.0,64.25
2020-04-12,JPYOK,LPG,74.0,50.0,74.0,63.75
2020-04-19,JPYOK,LPG,56.0,44.0,80.0,64.12
2020-04-26,JPYOK,LPG,63.0,56.0,72.0,62.75
2020-05-03,JPYOK,LPG,64.0,46.0,82.0,60.25
2020-05-10,JPYOK,LPG,78.0,58.0,88.0,70.38
2020-05-17,JPYOK,LPG,77.0,51.0,95.0,74.25
2020-05-24,JPYOK,LPG,65.0,59.0,101.0,73.12
2020-05-31,JPYOK,LPG,64.0,54.0,89.0,68.12
2020-06-07,JPYOK,LPG,67.0,48.0,87.0,71.25
2020-06-14,JPYOK,LPG,81.0,63.0,87.0,74.88
2020-06-21,JPYOK,LPG,81.0,59.0,83.0,72.38
2020-06-28,JPYOK,LPG,53.0,53.0,85.0,67.5
2020-07-05,JPYOK,LPG,62.0,61.0,84.0,72.5
2020-07-12,JPYOK,LPG,71.0,51.0,89.0,70.75
2020-07-19,JPYOK,LPG,68.0,48.0,79.0,68.12
2020-07-26,JPYOK,LPG,52.0,52.0,79.0,67.5
2020-08-02,JPYOK,LPG,74.0,43.0,76.0,64.0
2020-08-09,JPYOK,LPG,61.0,38.0,73.0,59.12
2020-08-16,JPYOK,LPG,54.0,39.0,80.0,62.12
2020-08-23,JPYOK,LPG,70.0,54.0,92.0,68.25
2020-08-30,JPYOK,LPG,59.0,40.0,81.0,61.62
2020-09-06,JPYOK,LPG,55.0,55.0,75.0,63.57
2020-09-13,JPYOK,LPG,42.0,42.0,82.0,55.0
2020-09-20,JPYOK,LPG,62.0,54.0,81.0,63.43
2020-09-27,JPYOK,LPG,37.0,37.0,80.0,59.57
2020-10-04,JPYOK,LPG,69.0,49.0,77.0,66.43
2020-10-11,JPYOK,LPG,45.0,43.0,72.0,53.0
2020-10-18,JPYOK,LPG,53.0,53.0,74.0,60.86
2020-10-25,JPYOK,LPG,58.0,49.0,73.0,61.86
2020-11-01,JPYOK,LPG,50.0,50.0,77.0,64.57
2020-11-08,JPYOK,LPG,56.0,53.0,77.0,65.14
2020-11-15,JPYOK,LPG,51.0,51.0,75.0,61.14
2020-11-22,JPYOK,LPG,62.0,49.0,77.0,62.86
2020-11-29,JPYOK,LPG,57.0,51.0,77.0,63.29
2020-12-06,JPYOK,LPG,60.0,60.0,80.0,68.43
2020-12-13,JPYOK,LPG,59.0,44.0,70.0,59.86
2020-12-20,JPYOK,LPG,76.0,55.0,76.0,66.29
2020-12-27,JPYOK,LPG,65.0,36.0,69.0,51.57
2021-01-03,JPYOK,LPG,37.0,29.6,44.4,37.0
2021-01-10,JPYOK,LPG,71.0,33.0,71.0,47.5
2021-01-17,JPYOK,LPG,65.0,44.0,77.0,61.5
2021-01-24,JPYOK,LPG,61.0,45.0,67.0,57.5
2021-01-31,JPYOK,LPG,64.0,58.0,72.0,66.88
2021-02-07,JPYOK,LPG,65.0,52.0,77.0,62.62
2021-02-14,JPYOK,LPG,54.0,49.0,68.0,60.25
2021-02-21,JPYOK,LPG,69.0,51.0,83.0,69.88
2021-02-28,JPYOK,LPG,55.0,46.0,72.0,62.38
2021-03-07,JPYOK,LPG,56.0,53.0,85.0,66.75
2021-03-14,JPYOK,LPG,70.0,60.0,78.0,66.75
2021-03-21,JPYOK,LPG,83.0,46.0,83.0,67.75
2021-03-28,JPYOK,LPG,81.0,53.0,81.0,69.5
2021-04-04,JPYOK,LPG,70.0,61.0,76.0,69.62
2021-04-11,JPYOK,LPG,77.0,46.0,79.0,64.25
2021-04-18,JPYOK,LPG,66.0,50.0,74.0,63.75
2021-04-25,JPYOK,LPG,74.0,44.0,80.0,64.12
2021-05-02,JPYOK,LPG,62.0,56.0,72.0,62.75
2021-05-09,JPYOK,LPG,82.0,46.0,82.0,60.25
2021-05-16,JPYOK,LPG,83.0,58.0,88.0,70.38
2021-05-23,JPYOK,LPG,95.0,51.0,95.0,74.25
2021-05-30,JPYOK,LPG,101.0,59.0,101.0,73.12
2021-06-06,JPYOK,LPG,83.0,54.0,89.0,68.12
2021-06-13,JPYOK,LPG,84.0,48.0,87.0,71.25
2021-06-20,JPYOK,LPG,87.0,63.0,87.0,74.88
2021-06-27,JPYOK,LPG,83.0,59.0,83.0,72.38
2021-07-04,JPYOK,LPG,72.0,53.0,85.0,67.5
2021-07-11,JPYOK,LPG,77.0,61.0,84.0,72.5
2021-07-18,JPYOK,LPG,89.0,51.0,89.0,70.75
2021-07-25,JPYOK,LPG,74.0,48.0,79.0,68.12
2021-08-01,JPYOK,LPG,65.0,52.0,79.0,67.5
2021-08-08,JPYOK,LPG,58.0,43.0,76.0,64.0
2021-08-15,JPYOK,LPG,69.0,38.0,73.0,59.12
2021-08-22,JPYOK,LPG,80.0,39.0,80.0,62.12
2021-08-29,JPYOK,LPG,77.0,54.0,92.0,68.25
2021-09-05,JPYOK,LPG,75.0,40.0,81.0,61.62
2021-09-12,JPYOK,LPG,67.0,55.0,75.0,63.57
2021-09-19,JPYOK,LPG,55.0,42.0,82.0,55.0
2021-09-26,JPYOK,LPG,63.0,54.0,81.0,63.43
2021-10-03,JPYOK,LPG,53.0,37.0,80.0,59.57
2021-10-10,JPYOK,LPG,72.0,49.0,77.0,66.43
2021-10-17,JPYOK,LPG,72.0,43.0,72.0,53.0
2021-10-24,JPYOK,LPG,72.0,53.0,74.0,60.86
2021-10-31,JPYOK,LPG,68.0,49.0,73.0,61.86
2021-11-07,JPYOK,LPG,73.0,50.0,77.0,64.57
2021-11-14,JPYOK,LPG,75.0,53.0,77.0,65.14
2021-11-21,JPYOK,LPG,62.0,51.0,75.0,61.14
2021-11-28,JPYOK,LPG,60.0,49.0,77.0,62.86
2021-12-05,JPYOK,LPG,77.0,51.0,77.0,63.29
2021-12-12,JPYOK,LPG,61.0,60.0,80.0,68.43
2021-12-19,JPYOK,LPG,67.0,44.0,70.0,59.86
2021-12-26,JPYOK,LPG,75.0,55.0,76.0,66.29
2022-01-02,JPYOK,LPG,36.0,36.0,69.0,51.57
2022-01-09,JPYOK,LPG,57.0,33.0,71.0,47.5
2022-01-16,JPYOK,LPG,47.0,44.0,77.0,61.5
2022-01-23,JPYOK,LPG,58.0,45.0,67.0,57.5
2022-01-30,JPYOK,LPG,65.0,58.0,72.0,66.88
2022-02-06,JPYOK,LPG,77.0,52.0,77.0,62.62
2022-02-13,JPYOK,LPG,54.0,49.0,68.0,60.25
2022-02-20,JPYOK,LPG,73.0,51.0,83.0,69.88
2022-02-27,JPYOK,LPG,59.0,46.0,72.0,62.38
2022-03-06,JPYOK,LPG,85.0,53.0,85.0,66.75
2022-03-13,JPYOK,LPG,60.0,60.0,78.0,66.75
2022-03-20,JPYOK,LPG,76.0,46.0,83.0,67.75
2022-03-27,JPYOK,LPG,73.0,53.0,81.0,69.5
2022-04-03,JPYOK,LPG,75.0,61.0,76.0,69.62
2022-04-10,JPYOK,LPG,67.0,46.0,79.0,64.25
2022-04-17,JPYOK,LPG,64.0,50.0,74.0,63.75
2022-04-24,JPYOK,LPG,80.0,44.0,80.0,64.12
2022-05-01,JPYOK,LPG,72.0,56.0,72.0,62.75
2022-05-08,JPYOK,LPG,76.0,46.0,82.0,60.25
2022-05-15,JPYOK,LPG,88.0,58.0,88.0,70.38
2022-05-22,JPYOK,LPG,80.0,51.0,95.0,74.25
2022-05-29,JPYOK,LPG,82.0,59.0,101.0,73.12
2022-06-05,JPYOK,LPG,89.0,54.0,89.0,68.12
2022-06-12,JPYOK,LPG,68.0,48.0,87.0,71.25
2022-06-19,JPYOK,LPG,80.0,63.0,87.0,74.88
2022-06-26,JPYOK,LPG,59.0,59.0,83.0,72.38
2022-07-03,JPYOK,LPG,85.0,53.0,85.0,67.5
2022-07-10,JPYOK,LPG,80.0,61.0,84.0,72.5
2022-07-17,JPYOK,LPG,85.0,51.0,89.0,70.75
2022-07-24,JPYOK,LPG,78.0,48.0,79.0,68.12
2022-07-31,JPYOK,LPG,79.0,52.0,79.0,67.5
2022-08-07,JPYOK,LPG,62.0,43.0,76.0,64.0
2022-08-14,JPYOK,LPG,73.0,38.0,73.0,59.12
2022-08-21,JPYOK,LPG,75.0,39.0,80.0,62.12
2022-08-28,JPYOK,LPG,69.0,54.0,92.0,68.25
2022-09-04,JPYOK,LPG,67.0,40.0,81.0,61.62
2022-09-11,JPYOK,LPG,58.0,55.0,75.0,63.57
2022-09-18,JPYOK,LPG,52.0,42.0,82.0,55.0
2022-09-25,JPYOK,LPG,54.0,54.0,81.0,63.43
2022-10-02,JPYOK,LPG,80.0,37.0,80.0,59.57
2022-10-09,JPYOK,LPG,67.0,49.0,77.0,66.43
2022-10-16,JPYOK,LPG,54.0,43.0,72.0,53.0
2022-10-23,JPYOK,LPG,54.0,53.0,74.0,60.86
2022-10-30,JPYOK,LPG,65.0,49.0,73.0,61.86
2022-11-06,JPYOK,LPG,68.0,50.0,77.0,64.57
2022-11-13,JPYOK,LPG,72.0,53.0,77.0,65.14
2022-11-20,JPYOK,LPG,59.0,51.0,75.0,61.14
2022-11-27,JPYOK,LPG,66.0,49.0,77.0,62.86
2022-12-04,JPYOK,LPG,56.0,51.0,77.0,63.29
2022-12-11,JPYOK,LPG,80.0,60.0,80.0,68.43
2022-12-18,JPYOK,LPG,66.0,44.0,70.0,59.86
2022-12-25,JPYOK,LPG,57.0,55.0,76.0,66.29
2023-01-01,JPYOK,LPG,59.0,36.0,69.0,51.57
2023-01-08,JPYOK,LPG,57.0,33.0,71.0,47.5
2023-01-15,JPYOK,LPG,77.0,44.0,77.0,61.5
2023-01-22,JPYOK,LPG,57.0,45.0,67.0,57.5
2023-01-29,JPYOK,LPG,72.0,58.0,72.0,66.88
2023-02-05,JPYOK,LPG,64.0,52.0,77.0,62.62
2023-02-12,JPYOK,LPG,68.0,49.0,68.0,60.25
2023-02-19,JPYOK,LPG,83.0,51.0,83.0,69.88
2023-02-26,JPYOK,LPG,71.0,46.0,72.0,62.38
2023-03-05,JPYOK,LPG,68.0,53.0,85.0,66.75
2023-03-12,JPYOK,LPG,70.0,60.0,78.0,66.75
2023-03-19,JPYOK,LPG,82.0,46.0,83.0,67.75
2023-03-26,JPYOK,LPG,64.0,53.0,81.0,69.5
2023-04-02,JPYOK,LPG,65.0,61.0,76.0,69.62
2023-04-09,JPYOK,LPG,62.0,46.0,79.0,64.25
2023-04-16,JPYOK,LPG,67.0,50.0,74.0,63.75
2023-04-23,JPYOK,LPG,71.0,44.0,80.0,64.12
2023-04-30,JPYOK,LPG,56.0,56.0,72.0,62.75
2023-05-07,JPYOK,LPG,55.0,46.0,82.0,60.25
2023-05-14,JPYOK,LPG,72.0,58.0,88.0,70.38
2023-05-21,JPYOK,LPG,70.0,51.0,95.0,74.25
2023-05-28,JPYOK,LPG,82.0,59.0,101.0,73.12
2023-06-04,JPYOK,LPG,54.0,54.0,89.0,68.12
2023-06-11,JPYOK,LPG,87.0,48.0,87.0,71.25
2023-06-18,JPYOK,LPG,71.0,63.0,87.0,74.88
2023-06-25,JPYOK,LPG,74.0,59.0,83.0,72.38
2023-07-02,JPYOK,LPG,77.0,53.0,85.0,67.5
2023-07-09,JPYOK,LPG,71.0,61.0,84.0,72.5
2023-07-16,JPYOK,LPG,62.0,51.0,89.0,70.75
2023-07-23,JPYOK,LPG,57.0,48.0,79.0,68.12
2023-07-30,JPYOK,LPG,62.0,52.0,79.0,67.5
2023-08-06,JPYOK,LPG,56.0,43.0,76.0,64.0
2023-08-13,JPYOK,LPG,38.0,38.0,73.0,59.12
2023-08-20,JPYOK,LPG,63.0,39.0,80.0,62.12
2023-08-27,JPYOK,LPG,57.0,54.0,92.0,68.25
2023-09-03,JPYOK,LPG,67.0,40.0,81.0,61.62
2023-09-10,JPYOK,LPG,66.0,55.0,75.0,63.57
2023-09-17,JPYOK,LPG,55.0,42.0,82.0,55.0
2023-09-24,JPYOK,LPG,81.0,54.0,81.0,63.43
2023-10-01,JPYOK,LPG,79.0,37.0,80.0,59.57
2023-10-08,JPYOK,LPG,71.0,49.0,77.0,66.43
2023-10-15,JPYOK,LPG,59.0,43.0,72.0,53.0
2023-10-22,JPYOK,LPG,74.0,53.0,74.0,60.86
2023-10-29,JPYOK,LPG,73.0,49.0,73.0,61.86
2023-11-05,JPYOK,LPG,57.0,50.0,77.0,64.57
2023-11-12,JPYOK,LPG,67.0,53.0,77.0,65.14
2023-11-19,JPYOK,LPG,58.0,51.0,75.0,61.14
2023-11-26,JPYOK,LPG,77.0,49.0,77.0,62.86
2023-12-03,JPYOK,LPG,74.0,51.0,77.0,63.29
2023-12-10,JPYOK,LPG,69.0,60.0,80.0,68.43
2023-12-17,JPYOK,LPG,55.0,44.0,70.0,59.86
2023-12-24,JPYOK,LPG,73.0,55.0,76.0,66.29
2023-12-31,JPYOK,LPG,47.0,36.0,69.0,51.57
2024-01-07,JPYOK,LPG,53.0,33.0,71.0,47.5
2024-01-14,JPYOK,LPG,64.0,44.0,77.0,61.5
2024-01-21,JPYOK,LPG,60.0,45.0,67.0,57.5
2024-01-28,JPYOK,LPG,71.0,58.0,72.0,66.88
2024-02-04,JPYOK,LPG,70.0,52.0,77.0,62.62
2024-02-11,JPYOK,LPG,67.0,49.0,68.0,60.25
2024-02-18,JPYOK,LPG,71.0,51.0,83.0,69.88
2024-02-25,JPYOK,LPG,61.0,46.0,72.0,62.38
2024-03-03,JPYOK,LPG,75.0,53.0,85.0,66.75
2024-03-10,JPYOK,LPG,68.0,60.0,78.0,66.75
2024-03-17,JPYOK,LPG,58.0,46.0,83.0,67.75
2024-03-24,JPYOK,LPG,70.0,53.0,81.0,69.5
2024-03-31,JPYOK,LPG,61.0,61.0,76.0,69.62
2024-04-07,JPYOK,LPG,58.0,46.0,79.0,64.25
2024-04-14,JPYOK,LPG,62.0,50.0,74.0,63.75
2024-04-21,JPYOK,LPG,69.0,44.0,80.0,64.12
2024-04-28,JPYOK,LPG,59.0,56.0,72.0,62.75
2024-05-05,JPYOK,LPG,49.0,46.0,82.0,60.25
2024-05-12,JPYOK,LPG,63.0,58.0,88.0,70.38
2024-05-19,JPYOK,LPG,74.0,51.0,95.0,74.25
2024-05-26,JPYOK,LPG,73.0,59.0,101.0,73.12
2024-06-02,JPYOK,LPG,62.0,54.0,89.0,68.12
2024-06-09,JPYOK,LPG,76.0,48.0,87.0,71.25
2024-06-16,JPYOK,LPG,68.0,63.0,87.0,74.88
2024-06-23,JPYOK,LPG,83.0,59.0,83.0,72.38
2024-06-30,JPYOK,LPG,62.0,53.0,85.0,67.5
2024-07-07,JPYOK,LPG,75.0,61.0,84.0,72.5
2024-07-14,JPYOK,LPG,70.0,51.0,89.0,70.75
2024-07-21,JPYOK,LPG,64.0,48.0,79.0,68.12
2024-07-28,JPYOK,LPG,67.0,52.0,79.0,67.5
2024-08-04,JPYOK,LPG,68.0,43.0,76.0,64.0
2024-08-11,JPYOK,LPG,68.0,38.0,73.0,59.12
2024-08-18,JPYOK,LPG,52.0,39.0,80.0,62.12
2024-08-25,JPYOK,LPG,54.0,54.0,92.0,68.25
2024-09-01,JPYOK,LPG,40.0,40.0,81.0,61.62
2024-09-08,JPYOK,LPG,63.0,55.0,75.0,63.57
2024-09-15,JPYOK,LPG,46.0,42.0,82.0,55.0
2024-09-22,JPYOK,LPG,54.0,54.0,81.0,63.43
2024-09-29,JPYOK,LPG,51.0,37.0,80.0,59.57
2024-10-06,JPYOK,LPG,49.0,49.0,77.0,66.43
2024-10-13,JPYOK,LPG,52.0,43.0,72.0,53.0
2024-10-20,JPYOK,LPG,54.0,53.0,74.0,60.86
2024-10-27,JPYOK,LPG,49.0,49.0,73.0,61.86
2024-11-03,JPYOK,LPG,67.0,50.0,77.0,64.57
2024-11-10,JPYOK,LPG,53.0,53.0,77.0,65.14
2024-11-17,JPYOK,LPG,60.0,51.0,75.0,61.14
2024-11-24,JPYOK,LPG,49.0,49.0,77.0,62.86
2024-12-01,JPYOK,LPG,51.0,51.0,77.0,63.29
2024-12-08,JPYOK,LPG,72.0,60.0,80.0,68.43
2024-12-15,JPYOK,LPG,44.0,44.0,70.0,59.86
2024-12-22,JPYOK,LPG,58.0,55.0,76.0,66.29
2024-12-29,JPYOK,LPG,43.0,36.0,69.0,51.57
2025-01-05,JPYOK,LPG,33.0,33.0,71.0,47.5
2025-01-12,JPYOK,LPG,44.0,44.0,77.0,61.5
2025-01-19,JPYOK,LPG,45.0,45.0,67.0,57.5
2025-01-26,JPYOK,LPG,63.0,58.0,72.0,66.88
2025-02-02,JPYOK,LPG,54.0,52.0,77.0,62.62
2025-02-09,JPYOK,LPG,65.0,49.0,68.0,60.25
2025-02-16,JPYOK,LPG,74.0,51.0,83.0,69.88
2025-02-23,JPYOK,LPG,70.0,46.0,72.0,62.38
2025-03-02,JPYOK,LPG,60.0,53.0,85.0,66.75
2025-03-09,JPYOK,LPG,60.0,60.0,78.0,66.75
2025-03-16,JPYOK,LPG,56.0,46.0,83.0,67.75
2025-03-23,JPYOK,LPG,53.0,53.0,81.0,69.5
2025-03-30,JPYOK,LPG,71.0,61.0,76.0,69.62
2025-04-06,JPYOK,LPG,61.0,46.0,79.0,64.25
2025-04-13,JPYOK,LPG,67.0,50.0,74.0,63.75
2025-04-20,JPYOK,LPG,50.0,44.0,80.0,64.12
2025-04-27,JPYOK,LPG,68.0,56.0,72.0,62.75
2025-05-04,JPYOK,LPG,57.0,46.0,82.0,60.25
2025-05-11,JPYOK,LPG,58.0,58.0,88.0,70.38
2025-05-18,JPYOK,LPG,51.0,51.0,95.0,74.25
2025-05-25,JPYOK,LPG,59.0,59.0,101.0,73.12
2025-06-01,JPYOK,LPG,59.0,54.0,89.0,68.12
2025-06-08,JPYOK,LPG,65.0,48.0,87.0,71.25
2025-06-15,JPYOK,LPG,75.0,63.0,87.0,74.88
2025-06-22,JPYOK,LPG,60.0,59.0,83.0,72.38
2025-06-29,JPYOK,LPG,60.0,53.0,85.0,67.5
2025-07-06,JPYOK,LPG,61.0,61.0,84.0,72.5
2025-07-13,JPYOK,LPG,62.0,51.0,89.0,70.75
2025-07-20,JPYOK,LPG,48.0,48.0,79.0,68.12
2025-07-27,JPYOK,LPG,71.0,52.0,79.0,67.5
2025-08-03,JPYOK,LPG,43.0,43.0,76.0,64.0
2025-08-10,JPYOK,LPG,57.0,38.0,73.0,59.12
2025-08-17,JPYOK,LPG,69.0,39.0,80.0,62.12
2025-08-24,JPYOK,LPG,59.0,54.0,92.0,68.25
2025-08-31,JPYOK,LPG,63.0,40.0,81.0,61.62
2025-09-07,JPYOK,LPG,61.0,55.0,75.0,63.57
2025-09-14,JPYOK,LPG,53.0,42.0,82.0,55.0
2025-09-21,JPYOK,LPG,62.0,54.0,81.0,63.43
2025-09-28,JPYOK,LPG,45.0,37.0,80.0,59.57
2025-10-05,JPYOK,LPG,60.0,49.0,77.0,66.43
2025-10-12,JPYOK,LPG,46.0,43.0,72.0,53.0
2025-10-19,JPYOK,LPG,59.0,53.0,74.0,60.86
2025-10-26,JPYOK,LPG,50.0,49.0,73.0,61.86
2025-11-02,JPYOK,LPG,60.0,50.0,77.0,64.57
2025-11-09,JPYOK,LPG,56.0,53.0,77.0,65.14
2025-11-16,JPYOK,LPG,63.0,51.0,75.0,61.14
2025-11-23,JPYOK,LPG,57.0,49.0,77.0,62.86
2025-11-30,JPYOK,LPG,59.0,51.0,77.0,63.29
2025-12-07,JPYOK,LPG,64.0,60.0,80.0,68.43
2025-12-14,JPYOK,LPG,70.0,44.0,70.0,59.86
2025-12-21,JPYOK,LPG,55.0,55.0,76.0,66.29
2025-12-28,JPYOK,LPG,42.0,36.0,69.0,51.57
2026-01-04,JPYOK,LPG,35.0,33.0,71.0,47.5
2026-01-11,JPYOK,LPG,59.0,44.0,77.0,61.5
2026-01-18,JPYOK,LPG,61.0,45.0,67.0,57.5
2026-01-25,JPYOK,LPG,58.0,58.0,72.0,66.88
2026-02-01,JPYOK,LPG,52.0,52.0,77.0,62.62
2026-02-08,JPYOK,LPG,49.0,49.0,68.0,60.25
2026-02-15,JPYOK,LPG,51.0,51.0,83.0,69.88
2026-02-22,JPYOK,LPG,46.0,46.0,72.0,62.38
2026-03-01,JPYOK,LPG,53.0,53.0,85.0,66.75
2026-03-08,JPYOK,LPG,61.0,60.0,78.0,66.75
2026-03-15,JPYOK,LPG,46.0,46.0,83.0,67.75
2026-03-22,JPYOK,LPG,63.0,53.0,81.0,69.5
2026-03-29,JPYOK,LPG,63.0,61.0,76.0,69.62
2026-04-05,JPYOK,LPG,46.0,46.0,79.0,64.25
2026-04-12,JPYOK,LPG,50.0,50.0,74.0,63.75
2026-04-19,JPYOK,LPG,44.0,44.0,80.0,64.12
2026-04-26,JPYOK,LPG,56.0,56.0,72.0,62.75
2026-05-03,JPYOK,LPG,46.0,46.0,82.0,60.25
2026-05-10,JPYOK,LPG,58.0,58.0,88.0,70.38
2026-05-17,JPYOK,LPG,71.0,51.0,95.0,74.25
2026-05-24,JPYOK,LPG,59.0,59.0,101.0,73.12
2026-05-31,JPYOK,LPG,66.0,54.0,89.0,68.12
2026-06-07,JPYOK,LPG,48.0,48.0,87.0,71.25
2026-06-14,JPYOK,LPG,63.0,63.0,87.0,74.88
2026-06-21,JPYOK,LPG,59.0,59.0,83.0,72.38
2026-06-28,JPYOK,LPG,56.0,53.0,85.0,67.5
2026-07-05,JPYOK,LPG,70.0,61.0,84.0,72.5
2026-07-12,JPYOK,LPG,51.0,51.0,89.0,70.75
2026-07-19,JPYOK,LPG,77.0,48.0,79.0,68.12
2026-07-26,JPYOK,LPG,72.0,52.0,79.0,67.5
2026-08-02,JPYOK,LPG,76.0,43.0,76.0,64.0
2026-08-09,JPYOK,LPG,42.0,38.0,73.0,59.12
2026-08-16,JPYOK,LPG,65.0,39.0,80.0,62.12
2026-08-23,JPYOK,LPG,68.0,54.0,92.0,68.25
2026-08-30,JPYOK,LPG,41.0,40.0,81.0,61.62
2019-01-06,KRUSN,LPG,172.0,85.0,220.0,134.75
2019-01-13,KRUSN,LPG,234.0,89.0,279.0,174.25
2019-01-20,KRUSN,LPG,242.0,84.0,242.0,141.5
2019-01-27,KRUSN,LPG,210.0,74.0,251.0,139.75
2019-02-03,KRUSN,LPG,222.0,79.0,252.0,151.0
2019-02-10,KRUSN,LPG,215.0,71.0,241.0,148.0
2019-02-17,KRUSN,LPG,231.0,80.0,231.0,145.25
2019-02-24,KRUSN,LPG,235.0,81.0,235.0,146.5
2019-03-03,KRUSN,LPG,197.0,79.0,253.0,155.0
2019-03-10,KRUSN,LPG,192.0,91.0,252.0,178.62
2019-03-17,KRUSN,LPG,241.0,97.0,241.0,176.88
2019-03-24,KRUSN,LPG,223.0,101.0,227.0,172.5
2019-03-31,KRUSN,LPG,183.0,96.0,221.0,161.12
2019-04-07,KRUSN,LPG,211.0,92.0,280.0,183.88
2019-04-14,KRUSN,LPG,187.0,101.0,214.0,161.0
2019-04-21,KRUSN,LPG,225.0,94.0,240.0,174.5
2019-04-28,KRUSN,LPG,223.0,115.0,238.0,175.5
2019-05-05,KRUSN,LPG,207.0,104.0,220.0,177.12
2019-05-12,KRUSN,LPG,234.0,143.0,234.0,188.25
2019-05-19,KRUSN,LPG,205.0,140.0,238.0,196.75
2019-05-26,KRUSN,LPG,269.0,143.0,269.0,195.25
2019-06-02,KRUSN,LPG,192.0,166.0,223.0,192.62
2019-06-09,KRUSN,LPG,217.0,123.0,218.0,183.75
2019-06-16,KRUSN,LPG,211.0,133.0,223.0,178.88
2019-06-23,KRUSN,LPG,222.0,101.0,222.0,168.75
2019-06-30,KRUSN,LPG,205.0,82.0,226.0,181.0
2019-07-07,KRUSN,LPG,197.0,102.0,245.0,177.62
2019-07-14,KRUSN,LPG,194.0,73.0,259.0,174.38
2019-07-21,KRUSN,LPG,186.0,115.0,235.0,171.5
2019-07-28,KRUSN,LPG,257.0,115.0,257.0,173.5
2019-08-04,KRUSN,LPG,228.0,106.0,228.0,169.5
2019-08-11,KRUSN,LPG,225.0,104.0,225.0,162.38
2019-08-18,KRUSN,LPG,209.0,111.0,285.0,173.75
2019-08-25,KRUSN,LPG,224.0,127.0,289.0,187.12
2019-09-01,KRUSN,LPG,225.0,54.0,250.0,152.75
2019-09-08,KRUSN,LPG,225.0,121.0,225.0,167.0
2019-09-15,KRUSN,LPG,219.0,81.0,281.0,161.43
2019-09-22,KRUSN,LPG,133.0,99.0,257.0,164.86
2019-09-29,KRUSN,LPG,309.0,100.0,309.0,182.71
2019-10-06,KRUSN,LPG,235.0,83.0,256.0,161.86
2019-10-13,KRUSN,LPG,214.0,93.0,214.0,155.86
2019-10-20,KRUSN,LPG,268.0,83.0,268.0,162.29
2019-10-27,KRUSN,LPG,245.0,75.0,245.0,155.29
2019-11-03,KRUSN,LPG,233.0,81.0,236.0,160.29
2019-11-10,KRUSN,LPG,222.0,62.0,233.0,141.43
2019-11-17,KRUSN,LPG,226.0,87.0,226.0,137.14
2019-11-24,KRUSN,LPG,237.0,88.0,237.0,139.0
2019-12-01,KRUSN,LPG,226.0,77.0,226.0,123.86
2019-12-08,KRUSN,LPG,214.0,80.0,214.0,139.71
2019-12-15,KRUSN,LPG,237.0,78.0,237.0,129.29
2019-12-22,KRUSN,LPG,221.0,55.0,221.0,129.86
2019-12-29,KRUSN,LPG,213.0,87.0,230.0,135.43
2020-01-05,KRUSN,LPG,220.0,85.0,220.0,134.75
2020-01-12,KRUSN,LPG,223.0,89.0,279.0,174.25
2020-01-19,KRUSN,LPG,212.0,84.0,242.0,141.5
2020-01-26,KRUSN,LPG,195.0,74.0,251.0,139.75
2020-02-02,KRUSN,LPG,236.0,79.0,252.0,151.0
2020-02-09,KRUSN,LPG,241.0,71.0,241.0,148.0
2020-02-16,KRUSN,LPG,219.0,80.0,231.0,145.25
2020-02-23,KRUSN,LPG,222.0,81.0,235.0,146.5
2020-03-01,KRUSN,LPG,218.0,79.0,253.0,155.0
2020-03-08,KRUSN,LPG,243.0,91.0,252.0,178.62
2020-03-15,KRUSN,LPG,222.0,97.0,241.0,176.88
2020-03-22,KRUSN,LPG,227.0,101.0,227.0,172.5
2020-03-29,KRUSN,LPG,221.0,96.0,221.0,161.12
2020-04-05,KRUSN,LPG,218.0,92.0,280.0,183.88
2020-04-12,KRUSN,LPG,179.0,101.0,214.0,161.0
2020-04-19,KRUSN,LPG,240.0,94.0,240.0,174.5
2020-04-26,KRUSN,LPG,238.0,115.0,238.0,175.5
2020-05-03,KRUSN,LPG,193.0,104.0,220.0,177.12
2020-05-10,KRUSN,LPG,202.0,143.0,234.0,188.25
2020-05-17,KRUSN,LPG,235.0,140.0,238.0,196.75
2020-05-24,KRUSN,LPG,222.0,143.0,269.0,195.25
2020-05-31,KRUSN,LPG,202.0,166.0,223.0,192.62
2020-06-07,KRUSN,LPG,201.0,123.0,218.0,183.75
2020-06-14,KRUSN,LPG,215.0,133.0,223.0,178.88
2020-06-21,KRUSN,LPG,216.0,101.0,222.0,168.75
2020-06-28,KRUSN,LPG,226.0,82.0,226.0,181.0
2020-07-05,KRUSN,LPG,230.0,102.0,245.0,177.62
2020-07-12,KRUSN,LPG,219.0,73.0,259.0,174.38
2020-07-19,KRUSN,LPG,206.0,115.0,235.0,171.5
2020-07-26,KRUSN,LPG,226.0,115.0,257.0,173.5
2020-08-02,KRUSN,LPG,205.0,106.0,228.0,169.5
2020-08-09,KRUSN,LPG,200.0,104.0,225.0,162.38
2020-08-16,KRUSN,LPG,285.0,111.0,285.0,173.75
2020-08-23,KRUSN,LPG,226.0,127.0,289.0,187.12
2020-08-30,KRUSN,LPG,250.0,54.0,250.0,152.75
2020-09-06,KRUSN,LPG,157.0,121.0,225.0,167.0
2020-09-13,KRUSN,LPG,281.0,81.0,281.0,161.43
2020-09-20,KRUSN,LPG,257.0,99.0,257.0,164.86
2020-09-27,KRUSN,LPG,190.0,100.0,309.0,182.71
2020-10-04,KRUSN,LPG,256.0,83.0,256.0,161.86
2020-10-11,KRUSN,LPG,209.0,93.0,214.0,155.86
2020-10-18,KRUSN,LPG,224.0,83.0,268.0,162.29
2020-10-25,KRUSN,LPG,230.0,75.0,245.0,155.29
2020-11-01,KRUSN,LPG,236.0,81.0,236.0,160.29
2020-11-08,KRUSN,LPG,233.0,62.0,233.0,141.43
2020-11-15,KRUSN,LPG,222.0,87.0,226.0,137.14
2020-11-22,KRUSN,LPG,213.0,88.0,237.0,139.0
2020-11-29,KRUSN,LPG,194.0,77.0,226.0,123.86
2020-12-06,KRUSN,LPG,207.0,80.0,214.0,139.71
2020-12-13,KRUSN,LPG,218.0,78.0,237.0,129.29
2020-12-20,KRUSN,LPG,217.0,55.0,221.0,129.86
2020-12-27,KRUSN,LPG,230.0,87.0,230.0,135.43
2021-01-03,KRUSN,LPG,179.0,143.2,214.8,179.0
2021-01-10,KRUSN,LPG,200.0,85.0,220.0,134.75
2021-01-17,KRUSN,LPG,258.0,89.0,279.0,174.25
2021-01-24,KRUSN,LPG,186.0,84.0,242.0,141.5
2021-01-31,KRUSN,LPG,251.0,74.0,251.0,139.75
2021-02-07,KRUSN,LPG,252.0,79.0,252.0,151.0
2021-02-14,KRUSN,LPG,228.0,71.0,241.0,148.0
2021-02-21,KRUSN,LPG,190.0,80.0,231.0,145.25
2021-02-28,KRUSN,LPG,223.0,81.0,235.0,146.5
2021-03-07,KRUSN,LPG,253.0,79.0,253.0,155.0
2021-03-14,KRUSN,LPG,252.0,91.0,252.0,178.62
2021-03-21,KRUSN,LPG,222.0,97.0,241.0,176.88
2021-03-28,KRUSN,LPG,220.0,101.0,227.0,172.5
2021-04-04,KRUSN,LPG,202.0,96.0,221.0,161.12
2021-04-11,KRUSN,LPG,280.0,92.0,280.0,183.88
2021-04-18,KRUSN,LPG,214.0,101.0,214.0,161.0
2021-04-25,KRUSN,LPG,221.0,94.0,240.0,174.5
2021-05-02,KRUSN,LPG,212.0,115.0,238.0,175.5
2021-05-09,KRUSN,LPG,220.0,104.0,220.0,177.12
2021-05-16,KRUSN,LPG,196.0,143.0,234.0,188.25
2021-05-23,KRUSN,LPG,238.0,140.0,238.0,196.75
2021-05-30,KRUSN,LPG,223.0,143.0,269.0,195.25
2021-06-06,KRUSN,LPG,223.0,166.0,223.0,192.62
2021-06-13,KRUSN,LPG,211.0,123.0,218.0,183.75
2021-06-20,KRUSN,LPG,223.0,133.0,223.0,178.88
2021-06-27,KRUSN,LPG,213.0,101.0,222.0,168.75
2021-07-04,KRUSN,LPG,197.0,82.0,226.0,181.0
2021-07-11,KRUSN,LPG,245.0,102.0,245.0,177.62
2021-07-18,KRUSN,LPG,223.0,73.0,259.0,174.38
2021-07-25,KRUSN,LPG,212.0,115.0,235.0,171.5
2021-08-01,KRUSN,LPG,209.0,115.0,257.0,173.5
2021-08-08,KRUSN,LPG,211.0,106.0,228.0,169.5
2021-08-15,KRUSN,LPG,220.0,104.0,225.0,162.38
2021-08-22,KRUSN,LPG,216.0,111.0,285.0,173.75
2021-08-29,KRUSN,LPG,289.0,127.0,289.0,187.12
2021-09-05,KRUSN,LPG,220.0,54.0,250.0,152.75
2021-09-12,KRUSN,LPG,223.0,121.0,225.0,167.0
2021-09-19,KRUSN,LPG,190.0,81.0,281.0,161.43
2021-09-26,KRUSN,LPG,247.0,99.0,257.0,164.86
2021-10-03,KRUSN,LPG,224.0,100.0,309.0,182.71
2021-10-10,KRUSN,LPG,236.0,83.0,256.0,161.86
2021-10-17,KRUSN,LPG,193.0,93.0,214.0,155.86
2021-10-24,KRUSN,LPG,249.0,83.0,268.0,162.29
2021-10-31,KRUSN,LPG,219.0,75.0,245.0,155.29
2021-11-07,KRUSN,LPG,230.0,81.0,236.0,160.29
2021-11-14,KRUSN,LPG,140.0,62.0,233.0,141.43
2021-11-21,KRUSN,LPG,136.0,87.0,226.0,137.14
2021-11-28,KRUSN,LPG,100.0,88.0,237.0,139.0
2021-12-05,KRUSN,LPG,110.0,77.0,226.0,123.86
2021-12-12,KRUSN,LPG,118.0,80.0,214.0,139.71
2021-12-19,KRUSN,LPG,84.0,78.0,237.0,129.29
2021-12-26,KRUSN,LPG,81.0,55.0,221.0,129.86
2022-01-02,KRUSN,LPG,116.0,87.0,230.0,135.43
2022-01-09,KRUSN,LPG,85.0,85.0,220.0,134.75
2022-01-16,KRUSN,LPG,279.0,89.0,279.0,174.25
2022-01-23,KRUSN,LPG,89.0,84.0,242.0,141.5
2022-01-30,KRUSN,LPG,80.0,74.0,251.0,139.75
2022-02-06,KRUSN,LPG,79.0,79.0,252.0,151.0
2022-02-13,KRUSN,LPG,71.0,71.0,241.0,148.0
2022-02-20,KRUSN,LPG,80.0,80.0,231.0,145.25
2022-02-27,KRUSN,LPG,81.0,81.0,235.0,146.5
2022-03-06,KRUSN,LPG,79.0,79.0,253.0,155.0
2022-03-13,KRUSN,LPG,91.0,91.0,252.0,178.62
2022-03-20,KRUSN,LPG,175.0,97.0,241.0,176.88
2022-03-27,KRUSN,LPG,101.0,101.0,227.0,172.5
2022-04-03,KRUSN,LPG,96.0,96.0,221.0,161.12
2022-04-10,KRUSN,LPG,206.0,92.0,280.0,183.88
2022-04-17,KRUSN,LPG,143.0,101.0,214.0,161.0
2022-04-24,KRUSN,LPG,173.0,94.0,240.0,174.5
2022-05-01,KRUSN,LPG,145.0,115.0,238.0,175.5
2022-05-08,KRUSN,LPG,215.0,104.0,220.0,177.12
2022-05-15,KRUSN,LPG,163.0,143.0,234.0,188.25
2022-05-22,KRUSN,LPG,212.0,140.0,238.0,196.75
2022-05-29,KRUSN,LPG,184.0,143.0,269.0,195.25
2022-06-05,KRUSN,LPG,190.0,166.0,223.0,192.62
2022-06-12,KRUSN,LPG,164.0,123.0,218.0,183.75
2022-06-19,KRUSN,LPG,150.0,133.0,223.0,178.88
2022-06-26,KRUSN,LPG,101.0,101.0,222.0,168.75
2022-07-03,KRUSN,LPG,181.0,82.0,226.0,181.0
2022-07-10,KRUSN,LPG,102.0,102.0,245.0,177.62
2022-07-17,KRUSN,LPG,111.0,73.0,259.0,174.38
2022-07-24,KRUSN,LPG,122.0,115.0,235.0,171.5
2022-07-31,KRUSN,LPG,115.0,115.0,257.0,173.5
2022-08-07,KRUSN,LPG,106.0,106.0,228.0,169.5
2022-08-14,KRUSN,LPG,113.0,104.0,225.0,162.38
2022-08-21,KRUSN,LPG,153.0,111.0,285.0,173.75
2022-08-28,KRUSN,LPG,143.0,127.0,289.0,187.12
2022-09-04,KRUSN,LPG,54.0,54.0,250.0,152.75
2022-09-11,KRUSN,LPG,121.0,121.0,225.0,167.0
2022-09-18,KRUSN,LPG,81.0,81.0,281.0,161.43
2022-09-25,KRUSN,LPG,181.0,99.0,257.0,164.86
2022-10-02,KRUSN,LPG,194.0,100.0,309.0,182.71
2022-10-09,KRUSN,LPG,83.0,83.0,256.0,161.86
2022-10-16,KRUSN,LPG,141.0,93.0,214.0,155.86
2022-10-23,KRUSN,LPG,83.0,83.0,268.0,162.29
2022-10-30,KRUSN,LPG,75.0,75.0,245.0,155.29
2022-11-06,KRUSN,LPG,93.0,81.0,236.0,160.29
2022-11-13,KRUSN,LPG,62.0,62.0,233.0,141.43
2022-11-20,KRUSN,LPG,90.0,87.0,226.0,137.14
2022-11-27,KRUSN,LPG,90.0,88.0,237.0,139.0
2022-12-04,KRUSN,LPG,78.0,77.0,226.0,123.86
2022-12-11,KRUSN,LPG,80.0,80.0,214.0,139.71
2022-12-18,KRUSN,LPG,78.0,78.0,237.0,129.29
2022-12-25,KRUSN,LPG,55.0,55.0,221.0,129.86
2023-01-01,KRUSN,LPG,87.0,87.0,230.0,135.43
2023-01-08,KRUSN,LPG,87.0,85.0,220.0,134.75
2023-01-15,KRUSN,LPG,89.0,89.0,279.0,174.25
2023-01-22,KRUSN,LPG,95.0,84.0,242.0,141.5
2023-01-29,KRUSN,LPG,74.0,74.0,251.0,139.75
2023-02-05,KRUSN,LPG,82.0,79.0,252.0,151.0
2023-02-12,KRUSN,LPG,96.0,71.0,241.0,148.0
2023-02-19,KRUSN,LPG,109.0,80.0,231.0,145.25
2023-02-26,KRUSN,LPG,119.0,81.0,235.0,146.5
2023-03-05,KRUSN,LPG,116.0,79.0,253.0,155.0
2023-03-12,KRUSN,LPG,183.0,91.0,252.0,178.62
2023-03-19,KRUSN,LPG,97.0,97.0,241.0,176.88
2023-03-26,KRUSN,LPG,108.0,101.0,227.0,172.5
2023-04-02,KRUSN,LPG,140.0,96.0,221.0,161.12
2023-04-09,KRUSN,LPG,120.0,92.0,280.0,183.88
2023-04-16,KRUSN,LPG,132.0,101.0,214.0,161.0
2023-04-23,KRUSN,LPG,94.0,94.0,240.0,174.5
2023-04-30,KRUSN,LPG,115.0,115.0,238.0,175.5
2023-05-07,KRUSN,LPG,104.0,104.0,220.0,177.12
2023-05-14,KRUSN,LPG,194.0,143.0,234.0,188.25
2023-05-21,KRUSN,LPG,189.0,140.0,238.0,196.75
2023-05-28,KRUSN,LPG,143.0,143.0,269.0,195.25
2023-06-04,KRUSN,LPG,166.0,166.0,223.0,192.62
2023-06-11,KRUSN,LPG,123.0,123.0,218.0,183.75
2023-06-18,KRUSN,LPG,140.0,133.0,223.0,178.88
2023-06-25,KRUSN,LPG,106.0,101.0,222.0,168.75
2023-07-02,KRUSN,LPG,82.0,82.0,226.0,181.0
2023-07-09,KRUSN,LPG,134.0,102.0,245.0,177.62
2023-07-16,KRUSN,LPG,73.0,73.0,259.0,174.38
2023-07-23,KRUSN,LPG,154.0,115.0,235.0,171.5
2023-07-30,KRUSN,LPG,149.0,115.0,257.0,173.5
2023-08-06,KRUSN,LPG,108.0,106.0,228.0,169.5
2023-08-13,KRUSN,LPG,118.0,104.0,225.0,162.38
2023-08-20,KRUSN,LPG,120.0,111.0,285.0,173.75
2023-08-27,KRUSN,LPG,146.0,127.0,289.0,187.12
2023-09-03,KRUSN,LPG,105.0,54.0,250.0,152.75
2023-09-10,KRUSN,LPG,128.0,121.0,225.0,167.0
2023-09-17,KRUSN,LPG,114.0,81.0,281.0,161.43
2023-09-24,KRUSN,LPG,117.0,99.0,257.0,164.86
2023-10-01,KRUSN,LPG,106.0,100.0,309.0,182.71
2023-10-08,KRUSN,LPG,99.0,83.0,256.0,161.86
2023-10-15,KRUSN,LPG,105.0,93.0,214.0,155.86
2023-10-22,KRUSN,LPG,136.0,83.0,268.0,162.29
2023-10-29,KRUSN,LPG,106.0,75.0,245.0,155.29
2023-11-05,KRUSN,LPG,159.0,81.0,236.0,160.29
2023-11-12,KRUSN,LPG,117.0,62.0,233.0,141.43
2023-11-19,KRUSN,LPG,101.0,87.0,226.0,137.14
2023-11-26,KRUSN,LPG,157.0,88.0,237.0,139.0
2023-12-03,KRUSN,LPG,77.0,77.0,226.0,123.86
2023-12-10,KRUSN,LPG,104.0,80.0,214.0,139.71
2023-12-17,KRUSN,LPG,105.0,78.0,237.0,129.29
2023-12-24,KRUSN,LPG,104.0,55.0,221.0,129.86
2023-12-31,KRUSN,LPG,92.0,87.0,230.0,135.43
2024-01-07,KRUSN,LPG,100.0,85.0,220.0,134.75
2024-01-14,KRUSN,LPG,117.0,89.0,279.0,174.25
2024-01-21,KRUSN,LPG,84.0,84.0,242.0,141.5
2024-01-28,KRUSN,LPG,101.0,74.0,251.0,139.75
2024-02-04,KRUSN,LPG,103.0,79.0,252.0,151.0
2024-02-11,KRUSN,LPG,122.0,71.0,241.0,148.0
2024-02-18,KRUSN,LPG,124.0,80.0,231.0,145.25
2024-02-25,KRUSN,LPG,99.0,81.0,235.0,146.5
2024-03-03,KRUSN,LPG,206.0,79.0,253.0,155.0
2024-03-10,KRUSN,LPG,242.0,91.0,252.0,178.62
2024-03-17,KRUSN,LPG,232.0,97.0,241.0,176.88
2024-03-24,KRUSN,LPG,210.0,101.0,227.0,172.5
2024-03-31,KRUSN,LPG,221.0,96.0,221.0,161.12
2024-04-07,KRUSN,LPG,232.0,92.0,280.0,183.88
2024-04-14,KRUSN,LPG,207.0,101.0,214.0,161.0
2024-04-21,KRUSN,LPG,203.0,94.0,240.0,174.5
2024-04-28,KRUSN,LPG,222.0,115.0,238.0,175.5
2024-05-05,KRUSN,LPG,219.0,104.0,220.0,177.12
2024-05-12,KRUSN,LPG,226.0,143.0,234.0,188.25
2024-05-19,KRUSN,LPG,197.0,140.0,238.0,196.75
2024-05-26,KRUSN,LPG,202.0,143.0,269.0,195.25
2024-06-02,KRUSN,LPG,221.0,166.0,223.0,192.62
2024-06-09,KRUSN,LPG,218.0,123.0,218.0,183.75
2024-06-16,KRUSN,LPG,192.0,133.0,223.0,178.88
2024-06-23,KRUSN,LPG,187.0,101.0,222.0,168.75
2024-06-30,KRUSN,LPG,196.0,82.0,226.0,181.0
2024-07-07,KRUSN,LPG,174.0,102.0,245.0,177.62
2024-07-14,KRUSN,LPG,259.0,73.0,259.0,174.38
2024-07-21,KRUSN,LPG,235.0,115.0,235.0,171.5
2024-07-28,KRUSN,LPG,121.0,115.0,257.0,173.5
2024-08-04,KRUSN,LPG,143.0,106.0,228.0,169.5
2024-08-11,KRUSN,LPG,143.0,104.0,225.0,162.38
2024-08-18,KRUSN,LPG,111.0,111.0,285.0,173.75
2024-08-25,KRUSN,LPG,127.0,127.0,289.0,187.12
2024-09-01,KRUSN,LPG,118.0,54.0,250.0,152.75
2024-09-08,KRUSN,LPG,173.0,121.0,225.0,167.0
2024-09-15,KRUSN,LPG,145.0,81.0,281.0,161.43
2024-09-22,KRUSN,LPG,120.0,99.0,257.0,164.86
2024-09-29,KRUSN,LPG,156.0,100.0,309.0,182.71
2024-10-06,KRUSN,LPG,128.0,83.0,256.0,161.86
2024-10-13,KRUSN,LPG,136.0,93.0,214.0,155.86
2024-10-20,KRUSN,LPG,87.0,83.0,268.0,162.29
2024-10-27,KRUSN,LPG,119.0,75.0,245.0,155.29
2024-11-03,KRUSN,LPG,81.0,81.0,236.0,160.29
2024-11-10,KRUSN,LPG,119.0,62.0,233.0,141.43
2024-11-17,KRUSN,LPG,87.0,87.0,226.0,137.14
2024-11-24,KRUSN,LPG,88.0,88.0,237.0,139.0
2024-12-01,KRUSN,LPG,89.0,77.0,226.0,123.86
2024-12-08,KRUSN,LPG,89.0,80.0,214.0,139.71
2024-12-15,KRUSN,LPG,88.0,78.0,237.0,129.29
2024-12-22,KRUSN,LPG,119.0,55.0,221.0,129.86
2024-12-29,KRUSN,LPG,108.0,87.0,230.0,135.43
2025-01-05,KRUSN,LPG,94.0,85.0,220.0,134.75
2025-01-12,KRUSN,LPG,97.0,89.0,279.0,174.25
2025-01-19,KRUSN,LPG,105.0,84.0,242.0,141.5
2025-01-26,KRUSN,LPG,93.0,74.0,251.0,139.75
2025-02-02,KRUSN,LPG,108.0,79.0,252.0,151.0
2025-02-09,KRUSN,LPG,111.0,71.0,241.0,148.0
2025-02-16,KRUSN,LPG,88.0,80.0,231.0,145.25
2025-02-23,KRUSN,LPG,88.0,81.0,235.0,146.5
2025-03-02,KRUSN,LPG,86.0,79.0,253.0,155.0
2025-03-09,KRUSN,LPG,93.0,91.0,252.0,178.62
2025-03-16,KRUSN,LPG,118.0,97.0,241.0,176.88
2025-03-23,KRUSN,LPG,175.0,101.0,227.0,172.5
2025-03-30,KRUSN,LPG,103.0,96.0,221.0,161.12
2025-04-06,KRUSN,LPG,112.0,92.0,280.0,183.88
2025-04-13,KRUSN,LPG,125.0,101.0,214.0,161.0
2025-04-20,KRUSN,LPG,127.0,94.0,240.0,174.5
2025-04-27,KRUSN,LPG,134.0,115.0,238.0,175.5
2025-05-04,KRUSN,LPG,124.0,104.0,220.0,177.12
2025-05-11,KRUSN,LPG,143.0,143.0,234.0,188.25
2025-05-18,KRUSN,LPG,158.0,140.0,238.0,196.75
2025-05-25,KRUSN,LPG,155.0,143.0,269.0,195.25
2025-06-01,KRUSN,LPG,175.0,166.0,223.0,192.62
2025-06-08,KRUSN,LPG,175.0,123.0,218.0,183.75
2025-06-15,KRUSN,LPG,133.0,133.0,223.0,178.88
2025-06-22,KRUSN,LPG,145.0,101.0,222.0,168.75
2025-06-29,KRUSN,LPG,165.0,82.0,226.0,181.0
2025-07-06,KRUSN,LPG,166.0,102.0,245.0,177.62
2025-07-13,KRUSN,LPG,134.0,73.0,259.0,174.38
2025-07-20,KRUSN,LPG,115.0,115.0,235.0,171.5
2025-07-27,KRUSN,LPG,117.0,115.0,257.0,173.5
2025-08-03,KRUSN,LPG,170.0,106.0,228.0,169.5
2025-08-10,KRUSN,LPG,104.0,104.0,225.0,162.38
2025-08-17,KRUSN,LPG,146.0,111.0,285.0,173.75
2025-08-24,KRUSN,LPG,160.0,127.0,289.0,187.12
2025-08-31,KRUSN,LPG,136.0,54.0,250.0,152.75
2025-09-07,KRUSN,LPG,142.0,121.0,225.0,167.0
2025-09-14,KRUSN,LPG,100.0,81.0,281.0,161.43
2025-09-21,KRUSN,LPG,99.0,99.0,257.0,164.86
2025-09-28,KRUSN,LPG,100.0,100.0,309.0,182.71
2025-10-05,KRUSN,LPG,96.0,83.0,256.0,161.86
2025-10-12,KRUSN,LPG,93.0,93.0,214.0,155.86
2025-10-19,KRUSN,LPG,89.0,83.0,268.0,162.29
2025-10-26,KRUSN,LPG,93.0,75.0,245.0,155.29
2025-11-02,KRUSN,LPG,90.0,81.0,236.0,160.29
2025-11-09,KRUSN,LPG,97.0,62.0,233.0,141.43
2025-11-16,KRUSN,LPG,98.0,87.0,226.0,137.14
2025-11-23,KRUSN,LPG,88.0,88.0,237.0,139.0
2025-11-30,KRUSN,LPG,93.0,77.0,226.0,123.86
2025-12-07,KRUSN,LPG,166.0,80.0,214.0,139.71
2025-12-14,KRUSN,LPG,95.0,78.0,237.0,129.29
2025-12-21,KRUSN,LPG,112.0,55.0,221.0,129.86
2025-12-28,KRUSN,LPG,102.0,87.0,230.0,135.43
2026-01-04,KRUSN,LPG,120.0,85.0,220.0,134.75
2026-01-11,KRUSN,LPG,97.0,89.0,279.0,174.25
2026-01-18,KRUSN,LPG,119.0,84.0,242.0,141.5
2026-01-25,KRUSN,LPG,114.0,74.0,251.0,139.75
2026-02-01,KRUSN,LPG,126.0,79.0,252.0,151.0
2026-02-08,KRUSN,LPG,100.0,71.0,241.0,148.0
2026-02-15,KRUSN,LPG,121.0,80.0,231.0,145.25
2026-02-22,KRUSN,LPG,105.0,81.0,235.0,146.5
2026-03-01,KRUSN,LPG,85.0,79.0,253.0,155.0
2026-03-08,KRUSN,LPG,133.0,91.0,252.0,178.62
2026-03-15,KRUSN,LPG,108.0,97.0,241.0,176.88
2026-03-22,KRUSN,LPG,116.0,101.0,227.0,172.5
2026-03-29,KRUSN,LPG,123.0,96.0,221.0,161.12
2026-04-05,KRUSN,LPG,92.0,92.0,280.0,183.88
2026-04-12,KRUSN,LPG,101.0,101.0,214.0,161.0
2026-04-19,KRUSN,LPG,113.0,94.0,240.0,174.5
2026-04-26,KRUSN,LPG,115.0,115.0,238.0,175.5
2026-05-03,KRUSN,LPG,135.0,104.0,220.0,177.12
2026-05-10,KRUSN,LPG,148.0,143.0,234.0,188.25
2026-05-17,KRUSN,LPG,140.0,140.0,238.0,196.75
2026-05-24,KRUSN,LPG,164.0,143.0,269.0,195.25
2026-05-31,KRUSN,LPG,172.0,166.0,223.0,192.62
2026-06-07,KRUSN,LPG,161.0,123.0,218.0,183.75
2026-06-14,KRUSN,LPG,167.0,133.0,223.0,178.88
2026-06-21,KRUSN,LPG,160.0,101.0,222.0,168.75
2026-06-28,KRUSN,LPG,196.0,82.0,226.0,181.0
2026-07-05,KRUSN,LPG,173.0,102.0,245.0,177.62
2026-07-12,KRUSN,LPG,182.0,73.0,259.0,174.38
2026-07-19,KRUSN,LPG,142.0,115.0,235.0,171.5
2026-07-26,KRUSN,LPG,194.0,115.0,257.0,173.5
2026-08-02,KRUSN,LPG,185.0,106.0,228.0,169.5
2026-08-09,KRUSN,LPG,176.0,104.0,225.0,162.38
2026-08-16,KRUSN,LPG,150.0,111.0,285.0,173.75
2026-08-23,KRUSN,LPG,182.0,127.0,289.0,187.12
2026-08-30,KRUSN,LPG,114.0,54.0,250.0,152.75
2019-01-06,KWMFA,LPG,11.0,6.0,13.0,9.38
2019-01-13,KWMFA,LPG,11.0,6.0,11.0,8.38
2019-01-20,KWMFA,LPG,9.0,1.0,12.0,8.62
2019-01-27,KWMFA,LPG,12.0,3.0,12.0,8.25
2019-02-03,KWMFA,LPG,11.0,2.0,13.0,9.25
2019-02-10,KWMFA,LPG,9.0,8.0,13.0,10.0
2019-02-17,KWMFA,LPG,9.0,6.0,11.0,8.62
2019-02-24,KWMFA,LPG,9.0,9.0,11.0,9.62
2019-03-03,KWMFA,LPG,9.0,5.0,13.0,8.25
2019-03-10,KWMFA,LPG,10.0,7.0,11.0,9.12
2019-03-17,KWMFA,LPG,10.0,5.0,11.0,8.62
2019-03-24,KWMFA,LPG,9.0,3.0,9.0,6.5
2019-03-31,KWMFA,LPG,11.0,1.0,11.0,8.12
2019-04-07,KWMFA,LPG,8.0,0.0,11.0,6.75
2019-04-14,KWMFA,LPG,11.0,0.0,12.0,8.0
2019-04-21,KWMFA,LPG,13.0,0.0,13.0,8.75
2019-04-28,KWMFA,LPG,12.0,1.0,14.0,8.75
2019-05-05,KWMFA,LPG,9.0,0.0,10.0,7.75
2019-05-12,KWMFA,LPG,11.0,0.0,11.0,8.0
2019-05-19,KWMFA,LPG,10.0,0.0,15.0,8.38
2019-05-26,KWMFA,LPG,12.0,0.0,12.0,7.5
2019-06-02,KWMFA,LPG,11.0,0.0,14.0,9.38
2019-06-09,KWMFA,LPG,12.0,0.0,13.0,7.88
2019-06-16,KWMFA,LPG,12.0,0.0,14.0,9.38
2019-06-23,KWMFA,LPG,12.0,0.0,12.0,8.38
2019-06-30,KWMFA,LPG,8.0,0.0,14.0,8.62
2019-07-07,KWMFA,LPG,12.0,2.0,12.0,8.88
2019-07-14,KWMFA,LPG,10.0,1.0,12.0,8.62
2019-07-21,KWMFA,LPG,14.0,1.0,14.0,9.75
2019-07-28,KWMFA,LPG,11.0,0.0,11.0,7.25
2019-08-04,KWMFA,LPG,9.0,0.0,11.0,7.38
2019-08-11,KWMFA,LPG,9.0,0.0,15.0,8.62
2019-08-18,KWMFA,LPG,11.0,0.0,11.0,8.12
2019-08-25,KWMFA,LPG,12.0,0.0,12.0,9.0
2019-09-01,KWMFA,LPG,9.0,0.0,12.0,8.0
2019-09-08,KWMFA,LPG,10.0,6.0,11.0,8.57
2019-09-15,KWMFA,LPG,12.0,7.0,14.0,10.71
2019-09-22,KWMFA,LPG,7.0,7.0,12.0,9.43
2019-09-29,KWMFA,LPG,8.0,7.0,11.0,8.86
2019-10-06,KWMFA,LPG,10.0,6.0,12.0,8.86
2019-10-13,KWMFA,LPG,12.0,7.0,13.0,10.0
2019-10-20,KWMFA,LPG,12.0,6.0,14.0,9.0
2019-10-27,KWMFA,LPG,11.0,7.0,11.0,8.86
2019-11-03,KWMFA,LPG,12.0,7.0,12.0,9.86
2019-11-10,KWMFA,LPG,10.0,6.0,12.0,8.71
2019-11-17,KWMFA,LPG,11.0,7.0,12.0,9.57
2019-11-24,KWMFA,LPG,11.0,8.0,13.0,10.43
2019-12-01,KWMFA,LPG,13.0,7.0,13.0,8.86
2019-12-08,KWMFA,LPG,7.0,4.0,11.0,8.0
2019-12-15,KWMFA,LPG,11.0,5.0,11.0,8.43
2019-12-22,KWMFA,LPG,7.0,7.0,11.0,8.86
2019-12-29,KWMFA,LPG,8.0,7.0,9.0,8.0
2020-01-05,KWMFA,LPG,7.0,6.0,13.0,9.38
2020-01-12,KWMFA,LPG,6.0,6.0,11.0,8.38
2020-01-19,KWMFA,LPG,12.0,1.0,12.0,8.62
2020-01-26,KWMFA,LPG,9.0,3.0,12.0,8.25
2020-02-02,KWMFA,LPG,8.0,2.0,13.0,9.25
2020-02-09,KWMFA,LPG,10.0,8.0,13.0,10.0
2020-02-16,KWMFA,LPG,7.0,6.0,11.0,8.62
2020-02-23,KWMFA,LPG,10.0,9.0,11.0,9.62
2020-03-01,KWMFA,LPG,8.0,5.0,13.0,8.25
2020-03-08,KWMFA,LPG,9.0,7.0,11.0,9.12
2020-03-15,KWMFA,LPG,9.0,5.0,11.0,8.62
2020-03-22,KWMFA,LPG,7.0,3.0,9.0,6.5
2020-03-29,KWMFA,LPG,9.0,1.0,11.0,8.12
2020-04-05,KWMFA,LPG,11.0,0.0,11.0,6.75
2020-04-12,KWMFA,LPG,10.0,0.0,12.0,8.0
2020-04-19,KWMFA,LPG,13.0,0.0,13.0,8.75
2020-04-26,KWMFA,LPG,14.0,1.0,14.0,8.75
2020-05-03,KWMFA,LPG,10.0,0.0,10.0,7.75
2020-05-10,KWMFA,LPG,11.0,0.0,11.0,8.0
2020-05-17,KWMFA,LPG,15.0,0.0,15.0,8.38
2020-05-24,KWMFA,LPG,7.0,0.0,12.0,7.5
2020-05-31,KWMFA,LPG,10.0,0.0,14.0,9.38
2020-06-07,KWMFA,LPG,13.0,0.0,13.0,7.88
2020-06-14,KWMFA,LPG,14.0,0.0,14.0,9.38
2020-06-21,KWMFA,LPG,8.0,0.0,12.0,8.38
2020-06-28,KWMFA,LPG,10.0,0.0,14.0,8.62
2020-07-05,KWMFA,LPG,9.0,2.0,12.0,8.88
2020-07-12,KWMFA,LPG,12.0,1.0,12.0,8.62
2020-07-19,KWMFA,LPG,10.0,1.0,14.0,9.75
2020-07-26,KWMFA,LPG,8.0,0.0,11.0,7.25
2020-08-02,KWMFA,LPG,9.0,0.0,11.0,7.38
2020-08-09,KWMFA,LPG,13.0,0.0,15.0,8.62
2020-08-16,KWMFA,LPG,7.0,0.0,11.0,8.12
2020-08-23,KWMFA,LPG,9.0,0.0,12.0,9.0
2020-08-30,KWMFA,LPG,12.0,0.0,12.0,8.0
2020-09-06,KWMFA,LPG,11.0,6.0,11.0,8.57
2020-09-13,KWMFA,LPG,14.0,7.0,14.0,10.71
2020-09-20,KWMFA,LPG,11.0,7.0,12.0,9.43
2020-09-27,KWMFA,LPG,11.0,7.0,11.0,8.86
2020-10-04,KWMFA,LPG,11.0,6.0,12.0,8.86
2020-10-11,KWMFA,LPG,13.0,7.0,13.0,10.0
2020-10-18,KWMFA,LPG,14.0,6.0,14.0,9.0
2020-10-25,KWMFA,LPG,8.0,7.0,11.0,8.86
2020-11-01,KWMFA,LPG,11.0,7.0,12.0,9.86
2020-11-08,KWMFA,LPG,12.0,6.0,12.0,8.71
2020-11-15,KWMFA,LPG,12.0,7.0,12.0,9.57
2020-11-22,KWMFA,LPG,13.0,8.0,13.0,10.43
2020-11-29,KWMFA,LPG,7.0,7.0,13.0,8.86
2020-12-06,KWMFA,LPG,9.0,4.0,11.0,8.0
2020-12-13,KWMFA,LPG,9.0,5.0,11.0,8.43
2020-12-20,KWMFA,LPG,11.0,7.0,11.0,8.86
2020-12-27,KWMFA,LPG,9.0,7.0,9.0,8.0
2021-01-03,KWMFA,LPG,11.0,8.8,13.2,11.0
2021-01-10,KWMFA,LPG,13.0,6.0,13.0,9.38
2021-01-17,KWMFA,LPG,6.0,6.0,11.0,8.38
2021-01-24,KWMFA,LPG,1.0,1.0,12.0,8.62
2021-01-31,KWMFA,LPG,3.0,3.0,12.0,8.25
2021-02-07,KWMFA,LPG,2.0,2.0,13.0,9.25
2021-02-14,KWMFA,LPG,11.0,8.0,13.0,10.0
2021-02-21,KWMFA,LPG,8.0,6.0,11.0,8.62
2021-02-28,KWMFA,LPG,10.0,9.0,11.0,9.62
2021-03-07,KWMFA,LPG,5.0,5.0,13.0,8.25
2021-03-14,KWMFA,LPG,8.0,7.0,11.0,9.12
2021-03-21,KWMFA,LPG,11.0,5.0,11.0,8.62
2021-03-28,KWMFA,LPG,5.0,3.0,9.0,6.5
2021-04-04,KWMFA,LPG,10.0,1.0,11.0,8.12
2021-04-11,KWMFA,LPG,9.0,0.0,11.0,6.75
2021-04-18,KWMFA,LPG,12.0,0.0,12.0,8.0
2021-04-25,KWMFA,LPG,10.0,0.0,13.0,8.75
2021-05-02,KWMFA,LPG,10.0,1.0,14.0,8.75
2021-05-09,KWMFA,LPG,10.0,0.0,10.0,7.75
2021-05-16,KWMFA,LPG,8.0,0.0,11.0,8.0
2021-05-23,KWMFA,LPG,10.0,0.0,15.0,8.38
2021-05-30,KWMFA,LPG,8.0,0.0,12.0,7.5
2021-06-06,KWMFA,LPG,14.0,0.0,14.0,9.38
2021-06-13,KWMFA,LPG,6.0,0.0,13.0,7.88
2021-06-20,KWMFA,LPG,12.0,0.0,14.0,9.38
2021-06-27,KWMFA,LPG,11.0,0.0,12.0,8.38
2021-07-04,KWMFA,LPG,9.0,0.0,14.0,8.62
2021-07-11,KWMFA,LPG,8.0,2.0,12.0,8.88
2021-07-18,KWMFA,LPG,10.0,1.0,12.0,8.62
2021-07-25,KWMFA,LPG,12.0,1.0,14.0,9.75
2021-08-01,KWMFA,LPG,11.0,0.0,11.0,7.25
2021-08-08,KWMFA,LPG,8.0,0.0,11.0,7.38
2021-08-15,KWMFA,LPG,15.0,0.0,15.0,8.62
2021-08-22,KWMFA,LPG,11.0,0.0,11.0,8.12
2021-08-29,KWMFA,LPG,12.0,0.0,12.0,9.0
2021-09-05,KWMFA,LPG,9.0,0.0,12.0,8.0
2021-09-12,KWMFA,LPG,6.0,6.0,11.0,8.57
2021-09-19,KWMFA,LPG,13.0,7.0,14.0,10.71
2021-09-26,KWMFA,LPG,12.0,7.0,12.0,9.43
2021-10-03,KWMFA,LPG,8.0,7.0,11.0,8.86
2021-10-10,KWMFA,LPG,12.0,6.0,12.0,8.86
2021-10-17,KWMFA,LPG,10.0,7.0,13.0,10.0
2021-10-24,KWMFA,LPG,7.0,6.0,14.0,9.0
2021-10-31,KWMFA,LPG,9.0,7.0,11.0,8.86
2021-11-07,KWMFA,LPG,10.0,7.0,12.0,9.86
2021-11-14,KWMFA,LPG,7.0,6.0,12.0,8.71
2021-11-21,KWMFA,LPG,7.0,7.0,12.0,9.57
2021-11-28,KWMFA,LPG,9.0,8.0,13.0,10.43
2021-12-05,KWMFA,LPG,10.0,7.0,13.0,8.86
2021-12-12,KWMFA,LPG,4.0,4.0,11.0,8.0
2021-12-19,KWMFA,LPG,10.0,5.0,11.0,8.43
2021-12-26,KWMFA,LPG,11.0,7.0,11.0,8.86
2022-01-02,KWMFA,LPG,7.0,7.0,9.0,8.0
2022-01-09,KWMFA,LPG,12.0,6.0,13.0,9.38
2022-01-16,KWMFA,LPG,11.0,6.0,11.0,8.38
2022-01-23,KWMFA,LPG,10.0,1.0,12.0,8.62
2022-01-30,KWMFA,LPG,6.0,3.0,12.0,8.25
2022-02-06,KWMFA,LPG,8.0,2.0,13.0,9.25
2022-02-13,KWMFA,LPG,13.0,8.0,13.0,10.0
2022-02-20,KWMFA,LPG,6.0,6.0,11.0,8.62
2022-02-27,KWMFA,LPG,9.0,9.0,11.0,9.62
2022-03-06,KWMFA,LPG,8.0,5.0,13.0,8.25
2022-03-13,KWMFA,LPG,8.0,7.0,11.0,9.12
2022-03-20,KWMFA,LPG,5.0,5.0,11.0,8.62
2022-03-27,KWMFA,LPG,8.0,3.0,9.0,6.5
2022-04-03,KWMFA,LPG,7.0,1.0,11.0,8.12
2022-04-10,KWMFA,LPG,4.0,0.0,11.0,6.75
2022-04-17,KWMFA,LPG,10.0,0.0,12.0,8.0
2022-04-24,KWMFA,LPG,5.0,0.0,13.0,8.75
2022-05-01,KWMFA,LPG,8.0,1.0,14.0,8.75
2022-05-08,KWMFA,LPG,10.0,0.0,10.0,7.75
2022-05-15,KWMFA,LPG,8.0,0.0,11.0,8.0
2022-05-22,KWMFA,LPG,9.0,0.0,15.0,8.38
2022-05-29,KWMFA,LPG,6.0,0.0,12.0,7.5
2022-06-05,KWMFA,LPG,10.0,0.0,14.0,9.38
2022-06-12,KWMFA,LPG,9.0,0.0,13.0,7.88
2022-06-19,KWMFA,LPG,9.0,0.0,14.0,9.38
2022-06-26,KWMFA,LPG,11.0,0.0,12.0,8.38
2022-07-03,KWMFA,LPG,10.0,0.0,14.0,8.62
2022-07-10,KWMFA,LPG,9.0,2.0,12.0,8.88
2022-07-17,KWMFA,LPG,12.0,1.0,12.0,8.62
2022-07-24,KWMFA,LPG,10.0,1.0,14.0,9.75
2022-07-31,KWMFA,LPG,10.0,0.0,11.0,7.25
2022-08-07,KWMFA,LPG,8.0,0.0,11.0,7.38
2022-08-14,KWMFA,LPG,13.0,0.0,15.0,8.62
2022-08-21,KWMFA,LPG,11.0,0.0,11.0,8.12
2022-08-28,KWMFA,LPG,11.0,0.0,12.0,9.0
2022-09-04,KWMFA,LPG,9.0,0.0,12.0,8.0
2022-09-11,KWMFA,LPG,9.0,6.0,11.0,8.57
2022-09-18,KWMFA,LPG,9.0,7.0,14.0,10.71
2022-09-25,KWMFA,LPG,7.0,7.0,12.0,9.43
2022-10-02,KWMFA,LPG,7.0,7.0,11.0,8.86
2022-10-09,KWMFA,LPG,6.0,6.0,12.0,8.86
2022-10-16,KWMFA,LPG,7.0,7.0,13.0,10.0
2022-10-23,KWMFA,LPG,7.0,6.0,14.0,9.0
2022-10-30,KWMFA,LPG,7.0,7.0,11.0,8.86
2022-11-06,KWMFA,LPG,7.0,7.0,12.0,9.86
2022-11-13,KWMFA,LPG,8.0,6.0,12.0,8.71
2022-11-20,KWMFA,LPG,9.0,7.0,12.0,9.57
2022-11-27,KWMFA,LPG,10.0,8.0,13.0,10.43
2022-12-04,KWMFA,LPG,9.0,7.0,13.0,8.86
2022-12-11,KWMFA,LPG,10.0,4.0,11.0,8.0
2022-12-18,KWMFA,LPG,7.0,5.0,11.0,8.43
2022-12-25,KWMFA,LPG,8.0,7.0,11.0,8.86
2023-01-01,KWMFA,LPG,8.0,7.0,9.0,8.0
2023-01-08,KWMFA,LPG,9.0,6.0,13.0,9.38
2023-01-15,KWMFA,LPG,10.0,6.0,11.0,8.38
2023-01-22,KWMFA,LPG,8.0,1.0,12.0,8.62
2023-01-29,KWMFA,LPG,12.0,3.0,12.0,8.25
2023-02-05,KWMFA,LPG,10.0,2.0,13.0,9.25
2023-02-12,KWMFA,LPG,8.0,8.0,13.0,10.0
2023-02-19,KWMFA,LPG,9.0,6.0,11.0,8.62
2023-02-26,KWMFA,LPG,9.0,9.0,11.0,9.62
2023-03-05,KWMFA,LPG,13.0,5.0,13.0,8.25
2023-03-12,KWMFA,LPG,10.0,7.0,11.0,9.12
2023-03-19,KWMFA,LPG,8.0,5.0,11.0,8.62
2023-03-26,KWMFA,LPG,6.0,3.0,9.0,6.5
2023-04-02,KWMFA,LPG,8.0,1.0,11.0,8.12
2023-04-09,KWMFA,LPG,2.0,0.0,11.0,6.75
2023-04-16,KWMFA,LPG,4.0,0.0,12.0,8.0
2023-04-23,KWMFA,LPG,12.0,0.0,13.0,8.75
2023-04-30,KWMFA,LPG,8.0,1.0,14.0,8.75
2023-05-07,KWMFA,LPG,7.0,0.0,10.0,7.75
2023-05-14,KWMFA,LPG,10.0,0.0,11.0,8.0
2023-05-21,KWMFA,LPG,6.0,0.0,15.0,8.38
2023-05-28,KWMFA,LPG,7.0,0.0,12.0,7.5
2023-06-04,KWMFA,LPG,10.0,0.0,14.0,9.38
2023-06-11,KWMFA,LPG,9.0,0.0,13.0,7.88
2023-06-18,KWMFA,LPG,9.0,0.0,14.0,9.38
2023-06-25,KWMFA,LPG,7.0,0.0,12.0,8.38
2023-07-02,KWMFA,LPG,14.0,0.0,14.0,8.62
2023-07-09,KWMFA,LPG,10.0,2.0,12.0,8.88
2023-07-16,KWMFA,LPG,8.0,1.0,12.0,8.62
2023-07-23,KWMFA,LPG,9.0,1.0,14.0,9.75
2023-07-30,KWMFA,LPG,8.0,0.0,11.0,7.25
2023-08-06,KWMFA,LPG,9.0,0.0,11.0,7.38
2023-08-13,KWMFA,LPG,9.0,0.0,15.0,8.62
2023-08-20,KWMFA,LPG,9.0,0.0,11.0,8.12
2023-08-27,KWMFA,LPG,8.0,0.0,12.0,9.0
2023-09-03,KWMFA,LPG,9.0,0.0,12.0,8.0
2023-09-10,KWMFA,LPG,7.0,6.0,11.0,8.57
2023-09-17,KWMFA,LPG,7.0,7.0,14.0,10.71
2023-09-24,KWMFA,LPG,10.0,7.0,12.0,9.43
2023-10-01,KWMFA,LPG,10.0,7.0,11.0,8.86
2023-10-08,KWMFA,LPG,6.0,6.0,12.0,8.86
2023-10-15,KWMFA,LPG,10.0,7.0,13.0,10.0
2023-10-22,KWMFA,LPG,9.0,6.0,14.0,9.0
2023-10-29,KWMFA,LPG,10.0,7.0,11.0,8.86
2023-11-05,KWMFA,LPG,10.0,7.0,12.0,9.86
2023-11-12,KWMFA,LPG,7.0,6.0,12.0,8.71
2023-11-19,KWMFA,LPG,8.0,7.0,12.0,9.57
2023-11-26,KWMFA,LPG,8.0,8.0,13.0,10.43
2023-12-03,KWMFA,LPG,7.0,7.0,13.0,8.86
2023-12-10,KWMFA,LPG,8.0,4.0,11.0,8.0
2023-12-17,KWMFA,LPG,5.0,5.0,11.0,8.43
2023-12-24,KWMFA,LPG,9.0,7.0,11.0,8.86
2023-12-31,KWMFA,LPG,8.0,7.0,9.0,8.0
2024-01-07,KWMFA,LPG,6.0,6.0,13.0,9.38
2024-01-14,KWMFA,LPG,7.0,6.0,11.0,8.38
2024-01-21,KWMFA,LPG,12.0,1.0,12.0,8.62
2024-01-28,KWMFA,LPG,8.0,3.0,12.0,8.25
2024-02-04,KWMFA,LPG,12.0,2.0,13.0,9.25
2024-02-11,KWMFA,LPG,8.0,8.0,13.0,10.0
2024-02-18,KWMFA,LPG,11.0,6.0,11.0,8.62
2024-02-25,KWMFA,LPG,9.0,9.0,11.0,9.62
2024-03-03,KWMFA,LPG,6.0,5.0,13.0,8.25
2024-03-10,KWMFA,LPG,11.0,7.0,11.0,9.12
2024-03-17,KWMFA,LPG,9.0,5.0,11.0,8.62
2024-03-24,KWMFA,LPG,6.0,3.0,9.0,6.5
2024-03-31,KWMFA,LPG,10.0,1.0,11.0,8.12
2024-04-07,KWMFA,LPG,10.0,0.0,11.0,6.75
2024-04-14,KWMFA,LPG,8.0,0.0,12.0,8.0
2024-04-21,KWMFA,LPG,9.0,0.0,13.0,8.75
2024-04-28,KWMFA,LPG,7.0,1.0,14.0,8.75
2024-05-05,KWMFA,LPG,6.0,0.0,10.0,7.75
2024-05-12,KWMFA,LPG,5.0,0.0,11.0,8.0
2024-05-19,KWMFA,LPG,7.0,0.0,15.0,8.38
2024-05-26,KWMFA,LPG,10.0,0.0,12.0,7.5
2024-06-02,KWMFA,LPG,9.0,0.0,14.0,9.38
2024-06-09,KWMFA,LPG,6.0,0.0,13.0,7.88
2024-06-16,KWMFA,LPG,8.0,0.0,14.0,9.38
2024-06-23,KWMFA,LPG,9.0,0.0,12.0,8.38
2024-06-30,KWMFA,LPG,9.0,0.0,14.0,8.62
2024-07-07,KWMFA,LPG,11.0,2.0,12.0,8.88
2024-07-14,KWMFA,LPG,5.0,1.0,12.0,8.62
2024-07-21,KWMFA,LPG,11.0,1.0,14.0,9.75
2024-07-28,KWMFA,LPG,2.0,0.0,11.0,7.25
2024-08-04,KWMFA,LPG,5.0,0.0,11.0,7.38
2024-08-11,KWMFA,LPG,4.0,0.0,15.0,8.62
2024-08-18,KWMFA,LPG,5.0,0.0,11.0,8.12
2024-08-25,KWMFA,LPG,10.0,0.0,12.0,9.0
2024-09-01,KWMFA,LPG,10.0,0.0,12.0,8.0
2024-09-08,KWMFA,LPG,9.0,6.0,11.0,8.57
2024-09-15,KWMFA,LPG,8.0,7.0,14.0,10.71
2024-09-22,KWMFA,LPG,12.0,7.0,12.0,9.43
2024-09-29,KWMFA,LPG,9.0,7.0,11.0,8.86
2024-10-06,KWMFA,LPG,10.0,6.0,12.0,8.86
2024-10-13,KWMFA,LPG,9.0,7.0,13.0,10.0
2024-10-20,KWMFA,LPG,6.0,6.0,14.0,9.0
2024-10-27,KWMFA,LPG,10.0,7.0,11.0,8.86
2024-11-03,KWMFA,LPG,9.0,7.0,12.0,9.86
2024-11-10,KWMFA,LPG,6.0,6.0,12.0,8.71
2024-11-17,KWMFA,LPG,9.0,7.0,12.0,9.57
2024-11-24,KWMFA,LPG,12.0,8.0,13.0,10.43
2024-12-01,KWMFA,LPG,8.0,7.0,13.0,8.86
2024-12-08,KWMFA,LPG,11.0,4.0,11.0,8.0
2024-12-15,KWMFA,LPG,8.0,5.0,11.0,8.43
2024-12-22,KWMFA,LPG,8.0,7.0,11.0,8.86
2024-12-29,KWMFA,LPG,9.0,7.0,9.0,8.0
2025-01-05,KWMFA,LPG,10.0,6.0,13.0,9.38
2025-01-12,KWMFA,LPG,8.0,6.0,11.0,8.38
2025-01-19,KWMFA,LPG,10.0,1.0,12.0,8.62
2025-01-26,KWMFA,LPG,8.0,3.0,12.0,8.25
2025-02-02,KWMFA,LPG,13.0,2.0,13.0,9.25
2025-02-09,KWMFA,LPG,12.0,8.0,13.0,10.0
2025-02-16,KWMFA,LPG,11.0,6.0,11.0,8.62
2025-02-23,KWMFA,LPG,10.0,9.0,11.0,9.62
2025-03-02,KWMFA,LPG,11.0,5.0,13.0,8.25
2025-03-09,KWMFA,LPG,10.0,7.0,11.0,9.12
2025-03-16,KWMFA,LPG,10.0,5.0,11.0,8.62
2025-03-23,KWMFA,LPG,8.0,3.0,9.0,6.5
2025-03-30,KWMFA,LPG,9.0,1.0,11.0,8.12
2025-04-06,KWMFA,LPG,10.0,0.0,11.0,6.75
2025-04-13,KWMFA,LPG,9.0,0.0,12.0,8.0
2025-04-20,KWMFA,LPG,8.0,0.0,13.0,8.75
2025-04-27,KWMFA,LPG,10.0,1.0,14.0,8.75
2025-05-04,KWMFA,LPG,10.0,0.0,10.0,7.75
2025-05-11,KWMFA,LPG,11.0,0.0,11.0,8.0
2025-05-18,KWMFA,LPG,10.0,0.0,15.0,8.38
2025-05-25,KWMFA,LPG,10.0,0.0,12.0,7.5
2025-06-01,KWMFA,LPG,11.0,0.0,14.0,9.38
2025-06-08,KWMFA,LPG,8.0,0.0,13.0,7.88
2025-06-15,KWMFA,LPG,11.0,0.0,14.0,9.38
2025-06-22,KWMFA,LPG,9.0,0.0,12.0,8.38
2025-06-29,KWMFA,LPG,9.0,0.0,14.0,8.62
2025-07-06,KWMFA,LPG,10.0,2.0,12.0,8.88
2025-07-13,KWMFA,LPG,11.0,1.0,12.0,8.62
2025-07-20,KWMFA,LPG,11.0,1.0,14.0,9.75
2025-07-27,KWMFA,LPG,8.0,0.0,11.0,7.25
2025-08-03,KWMFA,LPG,11.0,0.0,11.0,7.38
2025-08-10,KWMFA,LPG,6.0,0.0,15.0,8.62
2025-08-17,KWMFA,LPG,11.0,0.0,11.0,8.12
2025-08-24,KWMFA,LPG,10.0,0.0,12.0,9.0
2025-08-31,KWMFA,LPG,6.0,0.0,12.0,8.0
2025-09-07,KWMFA,LPG,8.0,6.0,11.0,8.57
2025-09-14,KWMFA,LPG,12.0,7.0,14.0,10.71
2025-09-21,KWMFA,LPG,7.0,7.0,12.0,9.43
2025-09-28,KWMFA,LPG,9.0,7.0,11.0,8.86
2025-10-05,KWMFA,LPG,7.0,6.0,12.0,8.86
2025-10-12,KWMFA,LPG,9.0,7.0,13.0,10.0
2025-10-19,KWMFA,LPG,8.0,6.0,14.0,9.0
2025-10-26,KWMFA,LPG,7.0,7.0,11.0,8.86
2025-11-02,KWMFA,LPG,10.0,7.0,12.0,9.86
2025-11-09,KWMFA,LPG,11.0,6.0,12.0,8.71
2025-11-16,KWMFA,LPG,11.0,7.0,12.0,9.57
2025-11-23,KWMFA,LPG,10.0,8.0,13.0,10.43
2025-11-30,KWMFA,LPG,8.0,7.0,13.0,8.86
2025-12-07,KWMFA,LPG,7.0,4.0,11.0,8.0
2025-12-14,KWMFA,LPG,9.0,5.0,11.0,8.43
2025-12-21,KWMFA,LPG,8.0,7.0,11.0,8.86
2025-12-28,KWMFA,LPG,7.0,7.0,9.0,8.0
2026-01-04,KWMFA,LPG,7.0,6.0,13.0,9.38
2026-01-11,KWMFA,LPG,8.0,6.0,11.0,8.38
2026-01-18,KWMFA,LPG,7.0,1.0,12.0,8.62
2026-01-25,KWMFA,LPG,8.0,3.0,12.0,8.25
2026-02-01,KWMFA,LPG,10.0,2.0,13.0,9.25
2026-02-08,KWMFA,LPG,9.0,8.0,13.0,10.0
2026-02-15,KWMFA,LPG,8.0,6.0,11.0,8.62
2026-02-22,KWMFA,LPG,11.0,9.0,11.0,9.62
2026-03-01,KWMFA,LPG,6.0,5.0,13.0,8.25
2026-03-08,KWMFA,LPG,7.0,7.0,11.0,9.12
2026-03-15,KWMFA,LPG,7.0,5.0,11.0,8.62
2026-03-22,KWMFA,LPG,3.0,3.0,9.0,6.5
2026-03-29,KWMFA,LPG,1.0,1.0,11.0,8.12
2026-04-05,KWMFA,LPG,0.0,0.0,11.0,6.75
2026-04-12,KWMFA,LPG,0.0,0.0,12.0,8.0
2026-04-19,KWMFA,LPG,0.0,0.0,13.0,8.75
2026-04-26,KWMFA,LPG,1.0,1.0,14.0,8.75
2026-05-03,KWMFA,LPG,0.0,0.0,10.0,7.75
2026-05-10,KWMFA,LPG,0.0,0.0,11.0,8.0
2026-05-17,KWMFA,LPG,0.0,0.0,15.0,8.38
2026-05-24,KWMFA,LPG,0.0,0.0,12.0,7.5
2026-05-31,KWMFA,LPG,0.0,0.0,14.0,9.38
2026-06-07,KWMFA,LPG,0.0,0.0,13.0,7.88
2026-06-14,KWMFA,LPG,0.0,0.0,14.0,9.38
2026-06-21,KWMFA,LPG,0.0,0.0,12.0,8.38
2026-06-28,KWMFA,LPG,0.0,0.0,14.0,8.62
2026-07-05,KWMFA,LPG,2.0,2.0,12.0,8.88
2026-07-12,KWMFA,LPG,1.0,1.0,12.0,8.62
2026-07-19,KWMFA,LPG,1.0,1.0,14.0,9.75
2026-07-26,KWMFA,LPG,0.0,0.0,11.0,7.25
2026-08-02,KWMFA,LPG,0.0,0.0,11.0,7.38
2026-08-09,KWMFA,LPG,0.0,0.0,15.0,8.62
2026-08-16,KWMFA,LPG,0.0,0.0,11.0,8.12
2026-08-23,KWMFA,LPG,0.0,0.0,12.0,9.0
2026-08-30,KWMFA,LPG,0.0,0.0,12.0,8.0
2019-01-06,QARLF,LPG,22.0,16.0,26.0,22.5
2019-01-13,QARLF,LPG,22.0,21.0,35.0,25.38
2019-01-20,QARLF,LPG,15.0,15.0,28.0,23.25
2019-01-27,QARLF,LPG,32.0,19.0,37.0,28.75
2019-02-03,QARLF,LPG,32.0,21.0,42.0,29.12
2019-02-10,QARLF,LPG,19.0,18.0,37.0,27.75
2019-02-17,QARLF,LPG,30.0,21.0,33.0,28.0
2019-02-24,QARLF,LPG,28.0,24.0,46.0,30.88
2019-03-03,QARLF,LPG,18.0,18.0,37.0,27.5
2019-03-10,QARLF,LPG,24.0,9.0,38.0,27.75
2019-03-17,QARLF,LPG,24.0,7.0,42.0,31.75
2019-03-24,QARLF,LPG,16.0,7.0,39.0,27.88
2019-03-31,QARLF,LPG,14.0,3.0,50.0,29.0
2019-04-07,QARLF,LPG,27.0,6.0,49.0,32.75
2019-04-14,QARLF,LPG,27.0,3.0,40.0,30.62
2019-04-21,QARLF,LPG,30.0,6.0,38.0,29.5
2019-04-28,QARLF,LPG,33.0,3.0,45.0,32.12
2019-05-05,QARLF,LPG,29.0,5.0,40.0,28.25
2019-05-12,QARLF,LPG,36.0,5.0,36.0,27.75
2019-05-19,QARLF,LPG,33.0,7.0,40.0,31.88
2019-05-26,QARLF,LPG,38.0,6.0,41.0,30.5
2019-06-02,QARLF,LPG,37.0,2.0,43.0,32.5
2019-06-09,QARLF,LPG,42.0,4.0,42.0,30.62
2019-06-16,QARLF,LPG,39.0,6.0,39.0,32.62
2019-06-23,QARLF,LPG,31.0,5.0,42.0,32.12
2019-06-30,QARLF,LPG,39.0,6.0,39.0,32.25
2019-07-07,QARLF,LPG,33.0,9.0,42.0,33.5
2019-07-14,QARLF,LPG,39.0,11.0,42.0,33.12
2019-07-21,QARLF,LPG,36.0,4.0,42.0,33.88
2019-07-28,QARLF,LPG,35.0,7.0,37.0,32.12
2019-08-04,QARLF,LPG,30.0,7.0,42.0,32.75
2019-08-11,QARLF,LPG,35.0,7.0,41.0,32.88
2019-08-18,QARLF,LPG,31.0,7.0,38.0,31.12
2019-08-25,QARLF,LPG,32.0,8.0,40.0,31.62
2019-09-01,QARLF,LPG,34.0,6.0,43.0,31.25
2019-09-08,QARLF,LPG,36.0,28.0,37.0,34.57
2019-09-15,QARLF,LPG,38.0,30.0,39.0,35.43
2019-09-22,QARLF,LPG,34.0,34.0,40.0,36.43
2019-09-29,QARLF,LPG,34.0,28.0,37.0,33.43
2019-10-06,QARLF,LPG,34.0,31.0,39.0,34.57
2019-10-13,QARLF,LPG,30.0,29.0,42.0,35.29
2019-10-20,QARLF,LPG,31.0,31.0,39.0,34.14
2019-10-27,QARLF,LPG,32.0,18.0,32.0,27.43
2019-11-03,QARLF,LPG,25.0,16.0,30.0,24.43
2019-11-10,QARLF,LPG,26.0,16.0,30.0,23.43
2019-11-17,QARLF,LPG,9.0,9.0,31.0,22.71
2019-11-24,QARLF,LPG,16.0,16.0,33.0,26.43
2019-12-01,QARLF,LPG,22.0,16.0,40.0,23.71
2019-12-08,QARLF,LPG,22.0,20.0,31.0,26.0
2019-12-15,QARLF,LPG,22.0,13.0,34.0,21.29
2019-12-22,QARLF,LPG,22.0,13.0,36.0,24.57
2019-12-29,QARLF,LPG,21.0,16.0,30.0,22.71
2020-01-05,QARLF,LPG,25.0,16.0,26.0,22.5
2020-01-12,QARLF,LPG,21.0,21.0,35.0,25.38
2020-01-19,QARLF,LPG,24.0,15.0,28.0,23.25
2020-01-26,QARLF,LPG,19.0,19.0,37.0,28.75
2020-02-02,QARLF,LPG,23.0,21.0,42.0,29.12
2020-02-09,QARLF,LPG,24.0,18.0,37.0,27.75
2020-02-16,QARLF,LPG,24.0,21.0,33.0,28.0
2020-02-23,QARLF,LPG,30.0,24.0,46.0,30.88
2020-03-01,QARLF,LPG,25.0,18.0,37.0,27.5
2020-03-08,QARLF,LPG,23.0,9.0,38.0,27.75
2020-03-15,QARLF,LPG,33.0,7.0,42.0,31.75
2020-03-22,QARLF,LPG,29.0,7.0,39.0,27.88
2020-03-29,QARLF,LPG,26.0,3.0,50.0,29.0
2020-04-05,QARLF,LPG,37.0,6.0,49.0,32.75
2020-04-12,QARLF,LPG,32.0,3.0,40.0,30.62
2020-04-19,QARLF,LPG,28.0,6.0,38.0,29.5
2020-04-26,QARLF,LPG,37.0,3.0,45.0,32.12
2020-05-03,QARLF,LPG,29.0,5.0,40.0,28.25
2020-05-10,QARLF,LPG,31.0,5.0,36.0,27.75
2020-05-17,QARLF,LPG,34.0,7.0,40.0,31.88
2020-05-24,QARLF,LPG,37.0,6.0,41.0,30.5
2020-05-31,QARLF,LPG,38.0,2.0,43.0,32.5
2020-06-07,QARLF,LPG,34.0,4.0,42.0,30.62
2020-06-14,QARLF,LPG,37.0,6.0,39.0,32.62
2020-06-21,QARLF,LPG,35.0,5.0,42.0,32.12
2020-06-28,QARLF,LPG,37.0,6.0,39.0,32.25
2020-07-05,QARLF,LPG,37.0,9.0,42.0,33.5
2020-07-12,QARLF,LPG,33.0,11.0,42.0,33.12
2020-07-19,QARLF,LPG,39.0,4.0,42.0,33.88
2020-07-26,QARLF,LPG,34.0,7.0,37.0,32.12
2020-08-02,QARLF,LPG,37.0,7.0,42.0,32.75
2020-08-09,QARLF,LPG,35.0,7.0,41.0,32.88
2020-08-16,QARLF,LPG,33.0,7.0,38.0,31.12
2020-08-23,QARLF,LPG,32.0,8.0,40.0,31.62
2020-08-30,QARLF,LPG,30.0,6.0,43.0,31.25
2020-09-06,QARLF,LPG,36.0,28.0,37.0,34.57
2020-09-13,QARLF,LPG,32.0,30.0,39.0,35.43
2020-09-20,QARLF,LPG,34.0,34.0,40.0,36.43
2020-09-27,QARLF,LPG,33.0,28.0,37.0,33.43
2020-10-04,QARLF,LPG,31.0,31.0,39.0,34.57
2020-10-11,QARLF,LPG,29.0,29.0,42.0,35.29
2020-10-18,QARLF,LPG,34.0,31.0,39.0,34.14
2020-10-25,QARLF,LPG,30.0,18.0,32.0,27.43
2020-11-01,QARLF,LPG,30.0,16.0,30.0,24.43
2020-11-08,QARLF,LPG,28.0,16.0,30.0,23.43
2020-11-15,QARLF,LPG,25.0,9.0,31.0,22.71
2020-11-22,QARLF,LPG,24.0,16.0,33.0,26.43
2020-11-29,QARLF,LPG,20.0,16.0,40.0,23.71
2020-12-06,QARLF,LPG,20.0,20.0,31.0,26.0
2020-12-13,QARLF,LPG,21.0,13.0,34.0,21.29
2020-12-20,QARLF,LPG,27.0,13.0,36.0,24.57
2020-12-27,QARLF,LPG,16.0,16.0,30.0,22.71
2021-01-03,QARLF,LPG,12.0,9.6,14.4,12.0
2021-01-10,QARLF,LPG,16.0,16.0,26.0,22.5
2021-01-17,QARLF,LPG,24.0,21.0,35.0,25.38
2021-01-24,QARLF,LPG,23.0,15.0,28.0,23.25
2021-01-31,QARLF,LPG,35.0,19.0,37.0,28.75
2021-02-07,QARLF,LPG,29.0,21.0,42.0,29.12
2021-02-14,QARLF,LPG,35.0,18.0,37.0,27.75
2021-02-21,QARLF,LPG,33.0,21.0,33.0,28.0
2021-02-28,QARLF,LPG,24.0,24.0,46.0,30.88
2021-03-07,QARLF,LPG,32.0,18.0,37.0,27.5
2021-03-14,QARLF,LPG,34.0,9.0,38.0,27.75
2021-03-21,QARLF,LPG,33.0,7.0,42.0,31.75
2021-03-28,QARLF,LPG,32.0,7.0,39.0,27.88
2021-04-04,QARLF,LPG,27.0,3.0,50.0,29.0
2021-04-11,QARLF,LPG,38.0,6.0,49.0,32.75
2021-04-18,QARLF,LPG,39.0,3.0,40.0,30.62
2021-04-25,QARLF,LPG,36.0,6.0,38.0,29.5
2021-05-02,QARLF,LPG,41.0,3.0,45.0,32.12
2021-05-09,QARLF,LPG,40.0,5.0,40.0,28.25
2021-05-16,QARLF,LPG,34.0,5.0,36.0,27.75
2021-05-23,QARLF,LPG,40.0,7.0,40.0,31.88
2021-05-30,QARLF,LPG,32.0,6.0,41.0,30.5
2021-06-06,QARLF,LPG,36.0,2.0,43.0,32.5
2021-06-13,QARLF,LPG,34.0,4.0,42.0,30.62
2021-06-20,QARLF,LPG,37.0,6.0,39.0,32.62
2021-06-27,QARLF,LPG,34.0,5.0,42.0,32.12
2021-07-04,QARLF,LPG,36.0,6.0,39.0,32.25
2021-07-11,QARLF,LPG,39.0,9.0,42.0,33.5
2021-07-18,QARLF,LPG,29.0,11.0,42.0,33.12
2021-07-25,QARLF,LPG,42.0,4.0,42.0,33.88
2021-08-01,QARLF,LPG,37.0,7.0,37.0,32.12
2021-08-08,QARLF,LPG,37.0,7.0,42.0,32.75
2021-08-15,QARLF,LPG,31.0,7.0,41.0,32.88
2021-08-22,QARLF,LPG,36.0,7.0,38.0,31.12
2021-08-29,QARLF,LPG,30.0,8.0,40.0,31.62
2021-09-05,QARLF,LPG,28.0,6.0,43.0,31.25
2021-09-12,QARLF,LPG,28.0,28.0,37.0,34.57
2021-09-19,QARLF,LPG,38.0,30.0,39.0,35.43
2021-09-26,QARLF,LPG,34.0,34.0,40.0,36.43
2021-10-03,QARLF,LPG,35.0,28.0,37.0,33.43
2021-10-10,QARLF,LPG,39.0,31.0,39.0,34.57
2021-10-17,QARLF,LPG,35.0,29.0,42.0,35.29
2021-10-24,QARLF,LPG,35.0,31.0,39.0,34.14
2021-10-31,QARLF,LPG,30.0,18.0,32.0,27.43
2021-11-07,QARLF,LPG,29.0,16.0,30.0,24.43
2021-11-14,QARLF,LPG,19.0,16.0,30.0,23.43
2021-11-21,QARLF,LPG,26.0,9.0,31.0,22.71
2021-11-28,QARLF,LPG,33.0,16.0,33.0,26.43
2021-12-05,QARLF,LPG,40.0,16.0,40.0,23.71
2021-12-12,QARLF,LPG,31.0,20.0,31.0,26.0
2021-12-19,QARLF,LPG,34.0,13.0,34.0,21.29
2021-12-26,QARLF,LPG,36.0,13.0,36.0,24.57
2022-01-02,QARLF,LPG,27.0,16.0,30.0,22.71
2022-01-09,QARLF,LPG,22.0,16.0,26.0,22.5
2022-01-16,QARLF,LPG,35.0,21.0,35.0,25.38
2022-01-23,QARLF,LPG,26.0,15.0,28.0,23.25
2022-01-30,QARLF,LPG,36.0,19.0,37.0,28.75
2022-02-06,QARLF,LPG,36.0,21.0,42.0,29.12
2022-02-13,QARLF,LPG,28.0,18.0,37.0,27.75
2022-02-20,QARLF,LPG,31.0,21.0,33.0,28.0
2022-02-27,QARLF,LPG,28.0,24.0,46.0,30.88
2022-03-06,QARLF,LPG,34.0,18.0,37.0,27.5
2022-03-13,QARLF,LPG,28.0,9.0,38.0,27.75
2022-03-20,QARLF,LPG,35.0,7.0,42.0,31.75
2022-03-27,QARLF,LPG,33.0,7.0,39.0,27.88
2022-04-03,QARLF,LPG,50.0,3.0,50.0,29.0
2022-04-10,QARLF,LPG,33.0,6.0,49.0,32.75
2022-04-17,QARLF,LPG,31.0,3.0,40.0,30.62
2022-04-24,QARLF,LPG,38.0,6.0,38.0,29.5
2022-05-01,QARLF,LPG,33.0,3.0,45.0,32.12
2022-05-08,QARLF,LPG,36.0,5.0,40.0,28.25
2022-05-15,QARLF,LPG,28.0,5.0,36.0,27.75
2022-05-22,QARLF,LPG,38.0,7.0,40.0,31.88
2022-05-29,QARLF,LPG,28.0,6.0,41.0,30.5
2022-06-05,QARLF,LPG,37.0,2.0,43.0,32.5
2022-06-12,QARLF,LPG,31.0,4.0,42.0,30.62
2022-06-19,QARLF,LPG,34.0,6.0,39.0,32.62
2022-06-26,QARLF,LPG,41.0,5.0,42.0,32.12
2022-07-03,QARLF,LPG,38.0,6.0,39.0,32.25
2022-07-10,QARLF,LPG,39.0,9.0,42.0,33.5
2022-07-17,QARLF,LPG,40.0,11.0,42.0,33.12
2022-07-24,QARLF,LPG,36.0,4.0,42.0,33.88
2022-07-31,QARLF,LPG,37.0,7.0,37.0,32.12
2022-08-07,QARLF,LPG,35.0,7.0,42.0,32.75
2022-08-14,QARLF,LPG,41.0,7.0,41.0,32.88
2022-08-21,QARLF,LPG,37.0,7.0,38.0,31.12
2022-08-28,QARLF,LPG,37.0,8.0,40.0,31.62
2022-09-04,QARLF,LPG,41.0,6.0,43.0,31.25
2022-09-11,QARLF,LPG,36.0,28.0,37.0,34.57
2022-09-18,QARLF,LPG,34.0,30.0,39.0,35.43
2022-09-25,QARLF,LPG,39.0,34.0,40.0,36.43
2022-10-02,QARLF,LPG,37.0,28.0,37.0,33.43
2022-10-09,QARLF,LPG,35.0,31.0,39.0,34.57
2022-10-16,QARLF,LPG,42.0,29.0,42.0,35.29
2022-10-23,QARLF,LPG,39.0,31.0,39.0,34.14
2022-10-30,QARLF,LPG,31.0,18.0,32.0,27.43
2022-11-06,QARLF,LPG,24.0,16.0,30.0,24.43
2022-11-13,QARLF,LPG,30.0,16.0,30.0,23.43
2022-11-20,QARLF,LPG,31.0,9.0,31.0,22.71
2022-11-27,QARLF,LPG,32.0,16.0,33.0,26.43
2022-12-04,QARLF,LPG,29.0,16.0,40.0,23.71
2022-12-11,QARLF,LPG,26.0,20.0,31.0,26.0
2022-12-18,QARLF,LPG,23.0,13.0,34.0,21.29
2022-12-25,QARLF,LPG,23.0,13.0,36.0,24.57
2023-01-01,QARLF,LPG,20.0,16.0,30.0,22.71
2023-01-08,QARLF,LPG,23.0,16.0,26.0,22.5
2023-01-15,QARLF,LPG,21.0,21.0,35.0,25.38
2023-01-22,QARLF,LPG,21.0,15.0,28.0,23.25
2023-01-29,QARLF,LPG,26.0,19.0,37.0,28.75
2023-02-05,QARLF,LPG,42.0,21.0,42.0,29.12
2023-02-12,QARLF,LPG,36.0,18.0,37.0,27.75
2023-02-19,QARLF,LPG,29.0,21.0,33.0,28.0
2023-02-26,QARLF,LPG,46.0,24.0,46.0,30.88
2023-03-05,QARLF,LPG,37.0,18.0,37.0,27.5
2023-03-12,QARLF,LPG,35.0,9.0,38.0,27.75
2023-03-19,QARLF,LPG,42.0,7.0,42.0,31.75
2023-03-26,QARLF,LPG,34.0,7.0,39.0,27.88
2023-04-02,QARLF,LPG,37.0,3.0,50.0,29.0
2023-04-09,QARLF,LPG,49.0,6.0,49.0,32.75
2023-04-16,QARLF,LPG,40.0,3.0,40.0,30.62
2023-04-23,QARLF,LPG,37.0,6.0,38.0,29.5
2023-04-30,QARLF,LPG,45.0,3.0,45.0,32.12
2023-05-07,QARLF,LPG,34.0,5.0,40.0,28.25
2023-05-14,QARLF,LPG,31.0,5.0,36.0,27.75
2023-05-21,QARLF,LPG,33.0,7.0,40.0,31.88
2023-05-28,QARLF,LPG,41.0,6.0,41.0,30.5
2023-06-04,QARLF,LPG,38.0,2.0,43.0,32.5
2023-06-11,QARLF,LPG,36.0,4.0,42.0,30.62
2023-06-18,QARLF,LPG,39.0,6.0,39.0,32.62
2023-06-25,QARLF,LPG,40.0,5.0,42.0,32.12
2023-07-02,QARLF,LPG,39.0,6.0,39.0,32.25
2023-07-09,QARLF,LPG,40.0,9.0,42.0,33.5
2023-07-16,QARLF,LPG,42.0,11.0,42.0,33.12
2023-07-23,QARLF,LPG,41.0,4.0,42.0,33.88
2023-07-30,QARLF,LPG,37.0,7.0,37.0,32.12
2023-08-06,QARLF,LPG,42.0,7.0,42.0,32.75
2023-08-13,QARLF,LPG,38.0,7.0,41.0,32.88
2023-08-20,QARLF,LPG,38.0,7.0,38.0,31.12
2023-08-27,QARLF,LPG,40.0,8.0,40.0,31.62
2023-09-03,QARLF,LPG,33.0,6.0,43.0,31.25
2023-09-10,QARLF,LPG,37.0,28.0,37.0,34.57
2023-09-17,QARLF,LPG,39.0,30.0,39.0,35.43
2023-09-24,QARLF,LPG,35.0,34.0,40.0,36.43
2023-10-01,QARLF,LPG,31.0,28.0,37.0,33.43
2023-10-08,QARLF,LPG,35.0,31.0,39.0,34.57
2023-10-15,QARLF,LPG,39.0,29.0,42.0,35.29
2023-10-22,QARLF,LPG,36.0,31.0,39.0,34.14
2023-10-29,QARLF,LPG,19.0,18.0,32.0,27.43
2023-11-05,QARLF,LPG,16.0,16.0,30.0,24.43
2023-11-12,QARLF,LPG,16.0,16.0,30.0,23.43
2023-11-19,QARLF,LPG,23.0,9.0,31.0,22.71
2023-11-26,QARLF,LPG,21.0,16.0,33.0,26.43
2023-12-03,QARLF,LPG,19.0,16.0,40.0,23.71
2023-12-10,QARLF,LPG,22.0,20.0,31.0,26.0
2023-12-17,QARLF,LPG,18.0,13.0,34.0,21.29
2023-12-24,QARLF,LPG,25.0,13.0,36.0,24.57
2023-12-31,QARLF,LPG,29.0,16.0,30.0,22.71
2024-01-07,QARLF,LPG,24.0,16.0,26.0,22.5
2024-01-14,QARLF,LPG,28.0,21.0,35.0,25.38
2024-01-21,QARLF,LPG,26.0,15.0,28.0,23.25
2024-01-28,QARLF,LPG,37.0,19.0,37.0,28.75
2024-02-04,QARLF,LPG,24.0,21.0,42.0,29.12
2024-02-11,QARLF,LPG,18.0,18.0,37.0,27.75
2024-02-18,QARLF,LPG,21.0,21.0,33.0,28.0
2024-02-25,QARLF,LPG,28.0,24.0,46.0,30.88
2024-03-03,QARLF,LPG,22.0,18.0,37.0,27.5
2024-03-10,QARLF,LPG,38.0,9.0,38.0,27.75
2024-03-17,QARLF,LPG,40.0,7.0,42.0,31.75
2024-03-24,QARLF,LPG,39.0,7.0,39.0,27.88
2024-03-31,QARLF,LPG,36.0,3.0,50.0,29.0
2024-04-07,QARLF,LPG,43.0,6.0,49.0,32.75
2024-04-14,QARLF,LPG,38.0,3.0,40.0,30.62
2024-04-21,QARLF,LPG,37.0,6.0,38.0,29.5
2024-04-28,QARLF,LPG,38.0,3.0,45.0,32.12
2024-05-05,QARLF,LPG,36.0,5.0,40.0,28.25
2024-05-12,QARLF,LPG,34.0,5.0,36.0,27.75
2024-05-19,QARLF,LPG,38.0,7.0,40.0,31.88
2024-05-26,QARLF,LPG,35.0,6.0,41.0,30.5
2024-06-02,QARLF,LPG,43.0,2.0,43.0,32.5
2024-06-09,QARLF,LPG,33.0,4.0,42.0,30.62
2024-06-16,QARLF,LPG,39.0,6.0,39.0,32.62
2024-06-23,QARLF,LPG,42.0,5.0,42.0,32.12
2024-06-30,QARLF,LPG,36.0,6.0,39.0,32.25
2024-07-07,QARLF,LPG,42.0,9.0,42.0,33.5
2024-07-14,QARLF,LPG,42.0,11.0,42.0,33.12
2024-07-21,QARLF,LPG,39.0,4.0,42.0,33.88
2024-07-28,QARLF,LPG,34.0,7.0,37.0,32.12
2024-08-04,QARLF,LPG,37.0,7.0,42.0,32.75
2024-08-11,QARLF,LPG,41.0,7.0,41.0,32.88
2024-08-18,QARLF,LPG,32.0,7.0,38.0,31.12
2024-08-25,QARLF,LPG,34.0,8.0,40.0,31.62
2024-09-01,QARLF,LPG,43.0,6.0,43.0,31.25
2024-09-08,QARLF,LPG,34.0,28.0,37.0,34.57
2024-09-15,QARLF,LPG,37.0,30.0,39.0,35.43
2024-09-22,QARLF,LPG,39.0,34.0,40.0,36.43
2024-09-29,QARLF,LPG,36.0,28.0,37.0,33.43
2024-10-06,QARLF,LPG,35.0,31.0,39.0,34.57
2024-10-13,QARLF,LPG,41.0,29.0,42.0,35.29
2024-10-20,QARLF,LPG,32.0,31.0,39.0,34.14
2024-10-27,QARLF,LPG,18.0,18.0,32.0,27.43
2024-11-03,QARLF,LPG,25.0,16.0,30.0,24.43
2024-11-10,QARLF,LPG,24.0,16.0,30.0,23.43
2024-11-17,QARLF,LPG,29.0,9.0,31.0,22.71
2024-11-24,QARLF,LPG,32.0,16.0,33.0,26.43
2024-12-01,QARLF,LPG,16.0,16.0,40.0,23.71
2024-12-08,QARLF,LPG,31.0,20.0,31.0,26.0
2024-12-15,QARLF,LPG,13.0,13.0,34.0,21.29
2024-12-22,QARLF,LPG,26.0,13.0,36.0,24.57
2024-12-29,QARLF,LPG,30.0,16.0,30.0,22.71
2025-01-05,QARLF,LPG,22.0,16.0,26.0,22.5
2025-01-12,QARLF,LPG,30.0,21.0,35.0,25.38
2025-01-19,QARLF,LPG,23.0,15.0,28.0,23.25
2025-01-26,QARLF,LPG,23.0,19.0,37.0,28.75
2025-02-02,QARLF,LPG,21.0,21.0,42.0,29.12
2025-02-09,QARLF,LPG,25.0,18.0,37.0,27.75
2025-02-16,QARLF,LPG,25.0,21.0,33.0,28.0
2025-02-23,QARLF,LPG,30.0,24.0,46.0,30.88
2025-03-02,QARLF,LPG,21.0,18.0,37.0,27.5
2025-03-09,QARLF,LPG,31.0,9.0,38.0,27.75
2025-03-16,QARLF,LPG,40.0,7.0,42.0,31.75
2025-03-23,QARLF,LPG,33.0,7.0,39.0,27.88
2025-03-30,QARLF,LPG,39.0,3.0,50.0,29.0
2025-04-06,QARLF,LPG,29.0,6.0,49.0,32.75
2025-04-13,QARLF,LPG,35.0,3.0,40.0,30.62
2025-04-20,QARLF,LPG,24.0,6.0,38.0,29.5
2025-04-27,QARLF,LPG,27.0,3.0,45.0,32.12
2025-05-04,QARLF,LPG,17.0,5.0,40.0,28.25
2025-05-11,QARLF,LPG,23.0,5.0,36.0,27.75
2025-05-18,QARLF,LPG,32.0,7.0,40.0,31.88
2025-05-25,QARLF,LPG,27.0,6.0,41.0,30.5
2025-06-01,QARLF,LPG,29.0,2.0,43.0,32.5
2025-06-08,QARLF,LPG,31.0,4.0,42.0,30.62
2025-06-15,QARLF,LPG,30.0,6.0,39.0,32.62
2025-06-22,QARLF,LPG,29.0,5.0,42.0,32.12
2025-06-29,QARLF,LPG,27.0,6.0,39.0,32.25
2025-07-06,QARLF,LPG,29.0,9.0,42.0,33.5
2025-07-13,QARLF,LPG,29.0,11.0,42.0,33.12
2025-07-20,QARLF,LPG,34.0,4.0,42.0,33.88
2025-07-27,QARLF,LPG,36.0,7.0,37.0,32.12
2025-08-03,QARLF,LPG,37.0,7.0,42.0,32.75
2025-08-10,QARLF,LPG,35.0,7.0,41.0,32.88
2025-08-17,QARLF,LPG,35.0,7.0,38.0,31.12
2025-08-24,QARLF,LPG,40.0,8.0,40.0,31.62
2025-08-31,QARLF,LPG,35.0,6.0,43.0,31.25
2025-09-07,QARLF,LPG,35.0,28.0,37.0,34.57
2025-09-14,QARLF,LPG,30.0,30.0,39.0,35.43
2025-09-21,QARLF,LPG,40.0,34.0,40.0,36.43
2025-09-28,QARLF,LPG,28.0,28.0,37.0,33.43
2025-10-05,QARLF,LPG,33.0,31.0,39.0,34.57
2025-10-12,QARLF,LPG,31.0,29.0,42.0,35.29
2025-10-19,QARLF,LPG,32.0,31.0,39.0,34.14
2025-10-26,QARLF,LPG,32.0,18.0,32.0,27.43
2025-11-02,QARLF,LPG,22.0,16.0,30.0,24.43
2025-11-09,QARLF,LPG,21.0,16.0,30.0,23.43
2025-11-16,QARLF,LPG,16.0,9.0,31.0,22.71
2025-11-23,QARLF,LPG,27.0,16.0,33.0,26.43
2025-11-30,QARLF,LPG,20.0,16.0,40.0,23.71
2025-12-07,QARLF,LPG,30.0,20.0,31.0,26.0
2025-12-14,QARLF,LPG,18.0,13.0,34.0,21.29
2025-12-21,QARLF,LPG,13.0,13.0,36.0,24.57
2025-12-28,QARLF,LPG,16.0,16.0,30.0,22.71
2026-01-04,QARLF,LPG,26.0,16.0,26.0,22.5
2026-01-11,QARLF,LPG,22.0,21.0,35.0,25.38
2026-01-18,QARLF,LPG,28.0,15.0,28.0,23.25
2026-01-25,QARLF,LPG,22.0,19.0,37.0,28.75
2026-02-01,QARLF,LPG,26.0,21.0,42.0,29.12
2026-02-08,QARLF,LPG,37.0,18.0,37.0,27.75
2026-02-15,QARLF,LPG,31.0,21.0,33.0,28.0
2026-02-22,QARLF,LPG,33.0,24.0,46.0,30.88
2026-03-01,QARLF,LPG,31.0,18.0,37.0,27.5
2026-03-08,QARLF,LPG,9.0,9.0,38.0,27.75
2026-03-15,QARLF,LPG,7.0,7.0,42.0,31.75
2026-03-22,QARLF,LPG,7.0,7.0,39.0,27.88
2026-03-29,QARLF,LPG,3.0,3.0,50.0,29.0
2026-04-05,QARLF,LPG,6.0,6.0,49.0,32.75
2026-04-12,QARLF,LPG,3.0,3.0,40.0,30.62
2026-04-19,QARLF,LPG,6.0,6.0,38.0,29.5
2026-04-26,QARLF,LPG,3.0,3.0,45.0,32.12
2026-05-03,QARLF,LPG,5.0,5.0,40.0,28.25
2026-05-10,QARLF,LPG,5.0,5.0,36.0,27.75
2026-05-17,QARLF,LPG,7.0,7.0,40.0,31.88
2026-05-24,QARLF,LPG,6.0,6.0,41.0,30.5
2026-05-31,QARLF,LPG,2.0,2.0,43.0,32.5
2026-06-07,QARLF,LPG,4.0,4.0,42.0,30.62
2026-06-14,QARLF,LPG,6.0,6.0,39.0,32.62
2026-06-21,QARLF,LPG,5.0,5.0,42.0,32.12
2026-06-28,QARLF,LPG,6.0,6.0,39.0,32.25
2026-07-05,QARLF,LPG,9.0,9.0,42.0,33.5
2026-07-12,QARLF,LPG,11.0,11.0,42.0,33.12
2026-07-19,QARLF,LPG,4.0,4.0,42.0,33.88
2026-07-26,QARLF,LPG,7.0,7.0,37.0,32.12
2026-08-02,QARLF,LPG,7.0,7.0,42.0,32.75
2026-08-09,QARLF,LPG,7.0,7.0,41.0,32.88
2026-08-16,QARLF,LPG,7.0,7.0,38.0,31.12
2026-08-23,QARLF,LPG,8.0,8.0,40.0,31.62
2026-08-30,QARLF,LPG,6.0,6.0,43.0,31.25
2019-01-06,SAJUA,LPG,11.0,5.0,18.0,13.12
2019-01-13,SAJUA,LPG,8.0,6.0,22.0,12.75
2019-01-20,SAJUA,LPG,10.0,8.0,17.0,11.38
2019-01-27,SAJUA,LPG,18.0,12.0,18.0,15.5
2019-02-03,SAJUA,LPG,16.0,10.0,26.0,16.25
2019-02-10,SAJUA,LPG,13.0,10.0,22.0,15.38
2019-02-17,SAJUA,LPG,13.0,8.0,28.0,17.0
2019-02-24,SAJUA,LPG,19.0,9.0,26.0,18.38
2019-03-03,SAJUA,LPG,13.0,11.0,26.0,17.25
2019-03-10,SAJUA,LPG,17.0,8.0,25.0,18.75
2019-03-17,SAJUA,LPG,16.0,16.0,34.0,22.0
2019-03-24,SAJUA,LPG,11.0,0.0,21.0,14.25
2019-03-31,SAJUA,LPG,10.0,0.0,21.0,15.12
2019-04-07,SAJUA,LPG,16.0,1.0,24.0,18.5
2019-04-14,SAJUA,LPG,13.0,1.0,25.0,17.5
2019-04-21,SAJUA,LPG,23.0,0.0,23.0,18.0
2019-04-28,SAJUA,LPG,16.0,1.0,26.0,17.25
2019-05-05,SAJUA,LPG,19.0,0.0,25.0,17.75
2019-05-12,SAJUA,LPG,20.0,0.0,24.0,17.5
2019-05-19,SAJUA,LPG,21.0,0.0,23.0,16.5
2019-05-26,SAJUA,LPG,23.0,0.0,24.0,14.12
2019-06-02,SAJUA,LPG,20.0,0.0,26.0,16.12
2019-06-09,SAJUA,LPG,20.0,0.0,27.0,15.0
2019-06-16,SAJUA,LPG,18.0,0.0,24.0,15.62
2019-06-23,SAJUA,LPG,24.0,0.0,24.0,14.75
2019-06-30,SAJUA,LPG,20.0,4.0,26.0,15.62
2019-07-07,SAJUA,LPG,23.0,1.0,26.0,17.88
2019-07-14,SAJUA,LPG,19.0,6.0,24.0,17.62
2019-07-21,SAJUA,LPG,21.0,0.0,27.0,16.25
2019-07-28,SAJUA,LPG,24.0,0.0,24.0,15.88
2019-08-04,SAJUA,LPG,21.0,0.0,24.0,16.62
2019-08-11,SAJUA,LPG,23.0,0.0,30.0,17.62
2019-08-18,SAJUA,LPG,23.0,1.0,27.0,19.62
2019-08-25,SAJUA,LPG,17.0,0.0,24.0,16.38
2019-09-01,SAJUA,LPG,25.0,1.0,26.0,18.75
2019-09-08,SAJUA,LPG,24.0,14.0,26.0,20.57
2019-09-15,SAJUA,LPG,21.0,16.0,26.0,21.14
2019-09-22,SAJUA,LPG,21.0,17.0,22.0,20.14
2019-09-29,SAJUA,LPG,20.0,15.0,29.0,21.0
2019-10-06,SAJUA,LPG,20.0,16.0,23.0,19.43
2019-10-13,SAJUA,LPG,21.0,11.0,27.0,19.57
2019-10-20,SAJUA,LPG,23.0,20.0,24.0,21.57
2019-10-27,SAJUA,LPG,22.0,7.0,27.0,19.29
2019-11-03,SAJUA,LPG,18.0,7.0,24.0,17.43
2019-11-10,SAJUA,LPG,16.0,10.0,21.0,14.86
2019-11-17,SAJUA,LPG,12.0,4.0,19.0,14.14
2019-11-24,SAJUA,LPG,9.0,8.0,21.0,15.0
2019-12-01,SAJUA,LPG,16.0,7.0,25.0,16.0
2019-12-08,SAJUA,LPG,9.0,9.0,22.0,13.71
2019-12-15,SAJUA,LPG,13.0,4.0,18.0,12.57
2019-12-22,SAJUA,LPG,12.0,4.0,19.0,12.86
2019-12-29,SAJUA,LPG,11.0,8.0,22.0,12.86
2020-01-05,SAJUA,LPG,16.0,5.0,18.0,13.12
2020-01-12,SAJUA,LPG,6.0,6.0,22.0,12.75
2020-01-19,SAJUA,LPG,8.0,8.0,17.0,11.38
2020-01-26,SAJUA,LPG,13.0,12.0,18.0,15.5
2020-02-02,SAJUA,LPG,16.0,10.0,26.0,16.25
2020-02-09,SAJUA,LPG,12.0,10.0,22.0,15.38
2020-02-16,SAJUA,LPG,8.0,8.0,28.0,17.0
2020-02-23,SAJUA,LPG,24.0,9.0,26.0,18.38
2020-03-01,SAJUA,LPG,16.0,11.0,26.0,17.25
2020-03-08,SAJUA,LPG,16.0,8.0,25.0,18.75
2020-03-15,SAJUA,LPG,22.0,16.0,34.0,22.0
2020-03-22,SAJUA,LPG,21.0,0.0,21.0,14.25
2020-03-29,SAJUA,LPG,18.0,0.0,21.0,15.12
2020-04-05,SAJUA,LPG,24.0,1.0,24.0,18.5
2020-04-12,SAJUA,LPG,24.0,1.0,25.0,17.5
2020-04-19,SAJUA,LPG,23.0,0.0,23.0,18.0
2020-04-26,SAJUA,LPG,26.0,1.0,26.0,17.25
2020-05-03,SAJUA,LPG,22.0,0.0,25.0,17.75
2020-05-10,SAJUA,LPG,17.0,0.0,24.0,17.5
2020-05-17,SAJUA,LPG,21.0,0.0,23.0,16.5
2020-05-24,SAJUA,LPG,17.0,0.0,24.0,14.12
2020-05-31,SAJUA,LPG,18.0,0.0,26.0,16.12
2020-06-07,SAJUA,LPG,16.0,0.0,27.0,15.0
2020-06-14,SAJUA,LPG,17.0,0.0,24.0,15.62
2020-06-21,SAJUA,LPG,13.0,0.0,24.0,14.75
2020-06-28,SAJUA,LPG,15.0,4.0,26.0,15.62
2020-07-05,SAJUA,LPG,19.0,1.0,26.0,17.88
2020-07-12,SAJUA,LPG,22.0,6.0,24.0,17.62
2020-07-19,SAJUA,LPG,14.0,0.0,27.0,16.25
2020-07-26,SAJUA,LPG,17.0,0.0,24.0,15.88
2020-08-02,SAJUA,LPG,17.0,0.0,24.0,16.62
2020-08-09,SAJUA,LPG,17.0,0.0,30.0,17.62
2020-08-16,SAJUA,LPG,24.0,1.0,27.0,19.62
2020-08-23,SAJUA,LPG,17.0,0.0,24.0,16.38
2020-08-30,SAJUA,LPG,16.0,1.0,26.0,18.75
2020-09-06,SAJUA,LPG,14.0,14.0,26.0,20.57
2020-09-13,SAJUA,LPG,21.0,16.0,26.0,21.14
2020-09-20,SAJUA,LPG,18.0,17.0,22.0,20.14
2020-09-27,SAJUA,LPG,19.0,15.0,29.0,21.0
2020-10-04,SAJUA,LPG,16.0,16.0,23.0,19.43
2020-10-11,SAJUA,LPG,11.0,11.0,27.0,19.57
2020-10-18,SAJUA,LPG,21.0,20.0,24.0,21.57
2020-10-25,SAJUA,LPG,23.0,7.0,27.0,19.29
2020-11-01,SAJUA,LPG,24.0,7.0,24.0,17.43
2020-11-08,SAJUA,LPG,12.0,10.0,21.0,14.86
2020-11-15,SAJUA,LPG,14.0,4.0,19.0,14.14
2020-11-22,SAJUA,LPG,15.0,8.0,21.0,15.0
2020-11-29,SAJUA,LPG,7.0,7.0,25.0,16.0
2020-12-06,SAJUA,LPG,9.0,9.0,22.0,13.71
2020-12-13,SAJUA,LPG,4.0,4.0,18.0,12.57
2020-12-20,SAJUA,LPG,4.0,4.0,19.0,12.86
2020-12-27,SAJUA,LPG,9.0,8.0,22.0,12.86
2021-01-03,SAJUA,LPG,6.0,4.8,7.2,6.0
2021-01-10,SAJUA,LPG,12.0,5.0,18.0,13.12
2021-01-17,SAJUA,LPG,10.0,6.0,22.0,12.75
2021-01-24,SAJUA,LPG,9.0,8.0,17.0,11.38
2021-01-31,SAJUA,LPG,16.0,12.0,18.0,15.5
2021-02-07,SAJUA,LPG,16.0,10.0,26.0,16.25
2021-02-14,SAJUA,LPG,17.0,10.0,22.0,15.38
2021-02-21,SAJUA,LPG,16.0,8.0,28.0,17.0
2021-02-28,SAJUA,LPG,9.0,9.0,26.0,18.38
2021-03-07,SAJUA,LPG,21.0,11.0,26.0,17.25
2021-03-14,SAJUA,LPG,22.0,8.0,25.0,18.75
2021-03-21,SAJUA,LPG,27.0,16.0,34.0,22.0
2021-03-28,SAJUA,LPG,14.0,0.0,21.0,14.25
2021-04-04,SAJUA,LPG,21.0,0.0,21.0,15.12
2021-04-11,SAJUA,LPG,23.0,1.0,24.0,18.5
2021-04-18,SAJUA,LPG,22.0,1.0,25.0,17.5
2021-04-25,SAJUA,LPG,21.0,0.0,23.0,18.0
2021-05-02,SAJUA,LPG,21.0,1.0,26.0,17.25
2021-05-09,SAJUA,LPG,25.0,0.0,25.0,17.75
2021-05-16,SAJUA,LPG,22.0,0.0,24.0,17.5
2021-05-23,SAJUA,LPG,19.0,0.0,23.0,16.5
2021-05-30,SAJUA,LPG,13.0,0.0,24.0,14.12
2021-06-06,SAJUA,LPG,26.0,0.0,26.0,16.12
2021-06-13,SAJUA,LPG,18.0,0.0,27.0,15.0
2021-06-20,SAJUA,LPG,24.0,0.0,24.0,15.62
2021-06-27,SAJUA,LPG,17.0,0.0,24.0,14.75
2021-07-04,SAJUA,LPG,17.0,4.0,26.0,15.62
2021-07-11,SAJUA,LPG,24.0,1.0,26.0,17.88
2021-07-18,SAJUA,LPG,19.0,6.0,24.0,17.62
2021-07-25,SAJUA,LPG,24.0,0.0,27.0,16.25
2021-08-01,SAJUA,LPG,20.0,0.0,24.0,15.88
2021-08-08,SAJUA,LPG,21.0,0.0,24.0,16.62
2021-08-15,SAJUA,LPG,19.0,0.0,30.0,17.62
2021-08-22,SAJUA,LPG,19.0,1.0,27.0,19.62
2021-08-29,SAJUA,LPG,18.0,0.0,24.0,16.38
2021-09-05,SAJUA,LPG,24.0,1.0,26.0,18.75
2021-09-12,SAJUA,LPG,21.0,14.0,26.0,20.57
2021-09-19,SAJUA,LPG,26.0,16.0,26.0,21.14
2021-09-26,SAJUA,LPG,22.0,17.0,22.0,20.14
2021-10-03,SAJUA,LPG,29.0,15.0,29.0,21.0
2021-10-10,SAJUA,LPG,23.0,16.0,23.0,19.43
2021-10-17,SAJUA,LPG,27.0,11.0,27.0,19.57
2021-10-24,SAJUA,LPG,24.0,20.0,24.0,21.57
2021-10-31,SAJUA,LPG,25.0,7.0,27.0,19.29
2021-11-07,SAJUA,LPG,21.0,7.0,24.0,17.43
2021-11-14,SAJUA,LPG,13.0,10.0,21.0,14.86
2021-11-21,SAJUA,LPG,18.0,4.0,19.0,14.14
2021-11-28,SAJUA,LPG,21.0,8.0,21.0,15.0
2021-12-05,SAJUA,LPG,18.0,7.0,25.0,16.0
2021-12-12,SAJUA,LPG,22.0,9.0,22.0,13.71
2021-12-19,SAJUA,LPG,18.0,4.0,18.0,12.57
2021-12-26,SAJUA,LPG,18.0,4.0,19.0,12.86
2022-01-02,SAJUA,LPG,12.0,8.0,22.0,12.86
2022-01-09,SAJUA,LPG,18.0,5.0,18.0,13.12
2022-01-16,SAJUA,LPG,14.0,6.0,22.0,12.75
2022-01-23,SAJUA,LPG,13.0,8.0,17.0,11.38
2022-01-30,SAJUA,LPG,12.0,12.0,18.0,15.5
2022-02-06,SAJUA,LPG,19.0,10.0,26.0,16.25
2022-02-13,SAJUA,LPG,15.0,10.0,22.0,15.38
2022-02-20,SAJUA,LPG,28.0,8.0,28.0,17.0
2022-02-27,SAJUA,LPG,18.0,9.0,26.0,18.38
2022-03-06,SAJUA,LPG,26.0,11.0,26.0,17.25
2022-03-13,SAJUA,LPG,21.0,8.0,25.0,18.75
2022-03-20,SAJUA,LPG,16.0,16.0,34.0,22.0
2022-03-27,SAJUA,LPG,18.0,0.0,21.0,14.25
2022-04-03,SAJUA,LPG,21.0,0.0,21.0,15.12
2022-04-10,SAJUA,LPG,24.0,1.0,24.0,18.5
2022-04-17,SAJUA,LPG,20.0,1.0,25.0,17.5
2022-04-24,SAJUA,LPG,21.0,0.0,23.0,18.0
2022-05-01,SAJUA,LPG,16.0,1.0,26.0,17.25
2022-05-08,SAJUA,LPG,23.0,0.0,25.0,17.75
2022-05-15,SAJUA,LPG,21.0,0.0,24.0,17.5
2022-05-22,SAJUA,LPG,17.0,0.0,23.0,16.5
2022-05-29,SAJUA,LPG,16.0,0.0,24.0,14.12
2022-06-05,SAJUA,LPG,19.0,0.0,26.0,16.12
2022-06-12,SAJUA,LPG,27.0,0.0,27.0,15.0
2022-06-19,SAJUA,LPG,16.0,0.0,24.0,15.62
2022-06-26,SAJUA,LPG,22.0,0.0,24.0,14.75
2022-07-03,SAJUA,LPG,26.0,4.0,26.0,15.62
2022-07-10,SAJUA,LPG,26.0,1.0,26.0,17.88
2022-07-17,SAJUA,LPG,24.0,6.0,24.0,17.62
2022-07-24,SAJUA,LPG,27.0,0.0,27.0,16.25
2022-07-31,SAJUA,LPG,23.0,0.0,24.0,15.88
2022-08-07,SAJUA,LPG,24.0,0.0,24.0,16.62
2022-08-14,SAJUA,LPG,30.0,0.0,30.0,17.62
2022-08-21,SAJUA,LPG,27.0,1.0,27.0,19.62
2022-08-28,SAJUA,LPG,24.0,0.0,24.0,16.38
2022-09-04,SAJUA,LPG,26.0,1.0,26.0,18.75
2022-09-11,SAJUA,LPG,26.0,14.0,26.0,20.57
2022-09-18,SAJUA,LPG,25.0,16.0,26.0,21.14
2022-09-25,SAJUA,LPG,22.0,17.0,22.0,20.14
2022-10-02,SAJUA,LPG,24.0,15.0,29.0,21.0
2022-10-09,SAJUA,LPG,18.0,16.0,23.0,19.43
2022-10-16,SAJUA,LPG,16.0,11.0,27.0,19.57
2022-10-23,SAJUA,LPG,21.0,20.0,24.0,21.57
2022-10-30,SAJUA,LPG,27.0,7.0,27.0,19.29
2022-11-06,SAJUA,LPG,11.0,7.0,24.0,17.43
2022-11-13,SAJUA,LPG,14.0,10.0,21.0,14.86
2022-11-20,SAJUA,LPG,15.0,4.0,19.0,14.14
2022-11-27,SAJUA,LPG,18.0,8.0,21.0,15.0
2022-12-04,SAJUA,LPG,25.0,7.0,25.0,16.0
2022-12-11,SAJUA,LPG,9.0,9.0,22.0,13.71
2022-12-18,SAJUA,LPG,12.0,4.0,18.0,12.57
2022-12-25,SAJUA,LPG,9.0,4.0,19.0,12.86
2023-01-01,SAJUA,LPG,13.0,8.0,22.0,12.86
2023-01-08,SAJUA,LPG,5.0,5.0,18.0,13.12
2023-01-15,SAJUA,LPG,12.0,6.0,22.0,12.75
2023-01-22,SAJUA,LPG,9.0,8.0,17.0,11.38
2023-01-29,SAJUA,LPG,14.0,12.0,18.0,15.5
2023-02-05,SAJUA,LPG,10.0,10.0,26.0,16.25
2023-02-12,SAJUA,LPG,15.0,10.0,22.0,15.38
2023-02-19,SAJUA,LPG,18.0,8.0,28.0,17.0
2023-02-26,SAJUA,LPG,26.0,9.0,26.0,18.38
2023-03-05,SAJUA,LPG,20.0,11.0,26.0,17.25
2023-03-12,SAJUA,LPG,25.0,8.0,25.0,18.75
2023-03-19,SAJUA,LPG,19.0,16.0,34.0,22.0
2023-03-26,SAJUA,LPG,18.0,0.0,21.0,14.25
2023-04-02,SAJUA,LPG,19.0,0.0,21.0,15.12
2023-04-09,SAJUA,LPG,22.0,1.0,24.0,18.5
2023-04-16,SAJUA,LPG,25.0,1.0,25.0,17.5
2023-04-23,SAJUA,LPG,20.0,0.0,23.0,18.0
2023-04-30,SAJUA,LPG,23.0,1.0,26.0,17.25
2023-05-07,SAJUA,LPG,20.0,0.0,25.0,17.75
2023-05-14,SAJUA,LPG,24.0,0.0,24.0,17.5
2023-05-21,SAJUA,LPG,23.0,0.0,23.0,16.5
2023-05-28,SAJUA,LPG,24.0,0.0,24.0,14.12
2023-06-04,SAJUA,LPG,19.0,0.0,26.0,16.12
2023-06-11,SAJUA,LPG,13.0,0.0,27.0,15.0
2023-06-18,SAJUA,LPG,18.0,0.0,24.0,15.62
2023-06-25,SAJUA,LPG,20.0,0.0,24.0,14.75
2023-07-02,SAJUA,LPG,18.0,4.0,26.0,15.62
2023-07-09,SAJUA,LPG,18.0,1.0,26.0,17.88
2023-07-16,SAJUA,LPG,18.0,6.0,24.0,17.62
2023-07-23,SAJUA,LPG,16.0,0.0,27.0,16.25
2023-07-30,SAJUA,LPG,19.0,0.0,24.0,15.88
2023-08-06,SAJUA,LPG,15.0,0.0,24.0,16.62
2023-08-13,SAJUA,LPG,19.0,0.0,30.0,17.62
2023-08-20,SAJUA,LPG,18.0,1.0,27.0,19.62
2023-08-27,SAJUA,LPG,18.0,0.0,24.0,16.38
2023-09-03,SAJUA,LPG,21.0,1.0,26.0,18.75
2023-09-10,SAJUA,LPG,21.0,14.0,26.0,20.57
2023-09-17,SAJUA,LPG,20.0,16.0,26.0,21.14
2023-09-24,SAJUA,LPG,22.0,17.0,22.0,20.14
2023-10-01,SAJUA,LPG,22.0,15.0,29.0,21.0
2023-10-08,SAJUA,LPG,20.0,16.0,23.0,19.43
2023-10-15,SAJUA,LPG,22.0,11.0,27.0,19.57
2023-10-22,SAJUA,LPG,21.0,20.0,24.0,21.57
2023-10-29,SAJUA,LPG,7.0,7.0,27.0,19.29
2023-11-05,SAJUA,LPG,7.0,7.0,24.0,17.43
2023-11-12,SAJUA,LPG,10.0,10.0,21.0,14.86
2023-11-19,SAJUA,LPG,4.0,4.0,19.0,14.14
2023-11-26,SAJUA,LPG,8.0,8.0,21.0,15.0
2023-12-03,SAJUA,LPG,11.0,7.0,25.0,16.0
2023-12-10,SAJUA,LPG,12.0,9.0,22.0,13.71
2023-12-17,SAJUA,LPG,9.0,4.0,18.0,12.57
2023-12-24,SAJUA,LPG,12.0,4.0,19.0,12.86
2023-12-31,SAJUA,LPG,8.0,8.0,22.0,12.86
2024-01-07,SAJUA,LPG,8.0,5.0,18.0,13.12
2024-01-14,SAJUA,LPG,11.0,6.0,22.0,12.75
2024-01-21,SAJUA,LPG,9.0,8.0,17.0,11.38
2024-01-28,SAJUA,LPG,18.0,12.0,18.0,15.5
2024-02-04,SAJUA,LPG,12.0,10.0,26.0,16.25
2024-02-11,SAJUA,LPG,10.0,10.0,22.0,15.38
2024-02-18,SAJUA,LPG,12.0,8.0,28.0,17.0
2024-02-25,SAJUA,LPG,14.0,9.0,26.0,18.38
2024-03-03,SAJUA,LPG,11.0,11.0,26.0,17.25
2024-03-10,SAJUA,LPG,23.0,8.0,25.0,18.75
2024-03-17,SAJUA,LPG,22.0,16.0,34.0,22.0
2024-03-24,SAJUA,LPG,18.0,0.0,21.0,14.25
2024-03-31,SAJUA,LPG,15.0,0.0,21.0,15.12
2024-04-07,SAJUA,LPG,20.0,1.0,24.0,18.5
2024-04-14,SAJUA,LPG,18.0,1.0,25.0,17.5
2024-04-21,SAJUA,LPG,19.0,0.0,23.0,18.0
2024-04-28,SAJUA,LPG,14.0,1.0,26.0,17.25
2024-05-05,SAJUA,LPG,15.0,0.0,25.0,17.75
2024-05-12,SAJUA,LPG,23.0,0.0,24.0,17.5
2024-05-19,SAJUA,LPG,18.0,0.0,23.0,16.5
2024-05-26,SAJUA,LPG,12.0,0.0,24.0,14.12
2024-06-02,SAJUA,LPG,16.0,0.0,26.0,16.12
2024-06-09,SAJUA,LPG,13.0,0.0,27.0,15.0
2024-06-16,SAJUA,LPG,19.0,0.0,24.0,15.62
2024-06-23,SAJUA,LPG,14.0,0.0,24.0,14.75
2024-06-30,SAJUA,LPG,16.0,4.0,26.0,15.62
2024-07-07,SAJUA,LPG,17.0,1.0,26.0,17.88
2024-07-14,SAJUA,LPG,18.0,6.0,24.0,17.62
2024-07-21,SAJUA,LPG,18.0,0.0,27.0,16.25
2024-07-28,SAJUA,LPG,15.0,0.0,24.0,15.88
2024-08-04,SAJUA,LPG,17.0,0.0,24.0,16.62
2024-08-11,SAJUA,LPG,15.0,0.0,30.0,17.62
2024-08-18,SAJUA,LPG,21.0,1.0,27.0,19.62
2024-08-25,SAJUA,LPG,17.0,0.0,24.0,16.38
2024-09-01,SAJUA,LPG,13.0,1.0,26.0,18.75
2024-09-08,SAJUA,LPG,17.0,14.0,26.0,20.57
2024-09-15,SAJUA,LPG,16.0,16.0,26.0,21.14
2024-09-22,SAJUA,LPG,17.0,17.0,22.0,20.14
2024-09-29,SAJUA,LPG,15.0,15.0,29.0,21.0
2024-10-06,SAJUA,LPG,19.0,16.0,23.0,19.43
2024-10-13,SAJUA,LPG,20.0,11.0,27.0,19.57
2024-10-20,SAJUA,LPG,20.0,20.0,24.0,21.57
2024-10-27,SAJUA,LPG,14.0,7.0,27.0,19.29
2024-11-03,SAJUA,LPG,19.0,7.0,24.0,17.43
2024-11-10,SAJUA,LPG,18.0,10.0,21.0,14.86
2024-11-17,SAJUA,LPG,19.0,4.0,19.0,14.14
2024-11-24,SAJUA,LPG,16.0,8.0,21.0,15.0
2024-12-01,SAJUA,LPG,15.0,7.0,25.0,16.0
2024-12-08,SAJUA,LPG,21.0,9.0,22.0,13.71
2024-12-15,SAJUA,LPG,17.0,4.0,18.0,12.57
2024-12-22,SAJUA,LPG,19.0,4.0,19.0,12.86
2024-12-29,SAJUA,LPG,15.0,8.0,22.0,12.86
2025-01-05,SAJUA,LPG,17.0,5.0,18.0,13.12
2025-01-12,SAJUA,LPG,22.0,6.0,22.0,12.75
2025-01-19,SAJUA,LPG,16.0,8.0,17.0,11.38
2025-01-26,SAJUA,LPG,15.0,12.0,18.0,15.5
2025-02-02,SAJUA,LPG,15.0,10.0,26.0,16.25
2025-02-09,SAJUA,LPG,19.0,10.0,22.0,15.38
2025-02-16,SAJUA,LPG,19.0,8.0,28.0,17.0
2025-02-23,SAJUA,LPG,14.0,9.0,26.0,18.38
2025-03-02,SAJUA,LPG,11.0,11.0,26.0,17.25
2025-03-09,SAJUA,LPG,18.0,8.0,25.0,18.75
2025-03-16,SAJUA,LPG,20.0,16.0,34.0,22.0
2025-03-23,SAJUA,LPG,14.0,0.0,21.0,14.25
2025-03-30,SAJUA,LPG,17.0,0.0,21.0,15.12
2025-04-06,SAJUA,LPG,18.0,1.0,24.0,18.5
2025-04-13,SAJUA,LPG,17.0,1.0,25.0,17.5
2025-04-20,SAJUA,LPG,17.0,0.0,23.0,18.0
2025-04-27,SAJUA,LPG,21.0,1.0,26.0,17.25
2025-05-04,SAJUA,LPG,18.0,0.0,25.0,17.75
2025-05-11,SAJUA,LPG,13.0,0.0,24.0,17.5
2025-05-18,SAJUA,LPG,13.0,0.0,23.0,16.5
2025-05-25,SAJUA,LPG,8.0,0.0,24.0,14.12
2025-06-01,SAJUA,LPG,11.0,0.0,26.0,16.12
2025-06-08,SAJUA,LPG,13.0,0.0,27.0,15.0
2025-06-15,SAJUA,LPG,13.0,0.0,24.0,15.62
2025-06-22,SAJUA,LPG,8.0,0.0,24.0,14.75
2025-06-29,SAJUA,LPG,9.0,4.0,26.0,15.62
2025-07-06,SAJUA,LPG,15.0,1.0,26.0,17.88
2025-07-13,SAJUA,LPG,15.0,6.0,24.0,17.62
2025-07-20,SAJUA,LPG,10.0,0.0,27.0,16.25
2025-07-27,SAJUA,LPG,9.0,0.0,24.0,15.88
2025-08-03,SAJUA,LPG,18.0,0.0,24.0,16.62
2025-08-10,SAJUA,LPG,18.0,0.0,30.0,17.62
2025-08-17,SAJUA,LPG,24.0,1.0,27.0,19.62
2025-08-24,SAJUA,LPG,20.0,0.0,24.0,16.38
2025-08-31,SAJUA,LPG,24.0,1.0,26.0,18.75
2025-09-07,SAJUA,LPG,21.0,14.0,26.0,20.57
2025-09-14,SAJUA,LPG,19.0,16.0,26.0,21.14
2025-09-21,SAJUA,LPG,19.0,17.0,22.0,20.14
2025-09-28,SAJUA,LPG,18.0,15.0,29.0,21.0
2025-10-05,SAJUA,LPG,20.0,16.0,23.0,19.43
2025-10-12,SAJUA,LPG,20.0,11.0,27.0,19.57
2025-10-19,SAJUA,LPG,21.0,20.0,24.0,21.57
2025-10-26,SAJUA,LPG,17.0,7.0,27.0,19.29
2025-11-02,SAJUA,LPG,22.0,7.0,24.0,17.43
2025-11-09,SAJUA,LPG,21.0,10.0,21.0,14.86
2025-11-16,SAJUA,LPG,17.0,4.0,19.0,14.14
2025-11-23,SAJUA,LPG,18.0,8.0,21.0,15.0
2025-11-30,SAJUA,LPG,20.0,7.0,25.0,16.0
2025-12-07,SAJUA,LPG,14.0,9.0,22.0,13.71
2025-12-14,SAJUA,LPG,15.0,4.0,18.0,12.57
2025-12-21,SAJUA,LPG,16.0,4.0,19.0,12.86
2025-12-28,SAJUA,LPG,22.0,8.0,22.0,12.86
2026-01-04,SAJUA,LPG,18.0,5.0,18.0,13.12
2026-01-11,SAJUA,LPG,19.0,6.0,22.0,12.75
2026-01-18,SAJUA,LPG,17.0,8.0,17.0,11.38
2026-01-25,SAJUA,LPG,18.0,12.0,18.0,15.5
2026-02-01,SAJUA,LPG,26.0,10.0,26.0,16.25
2026-02-08,SAJUA,LPG,22.0,10.0,22.0,15.38
2026-02-15,SAJUA,LPG,22.0,8.0,28.0,17.0
2026-02-22,SAJUA,LPG,23.0,9.0,26.0,18.38
2026-03-01,SAJUA,LPG,20.0,11.0,26.0,17.25
2026-03-08,SAJUA,LPG,8.0,8.0,25.0,18.75
2026-03-15,SAJUA,LPG,34.0,16.0,34.0,22.0
2026-03-22,SAJUA,LPG,0.0,0.0,21.0,14.25
2026-03-29,SAJUA,LPG,0.0,0.0,21.0,15.12
2026-04-05,SAJUA,LPG,1.0,1.0,24.0,18.5
2026-04-12,SAJUA,LPG,1.0,1.0,25.0,17.5
2026-04-19,SAJUA,LPG,0.0,0.0,23.0,18.0
2026-04-26,SAJUA,LPG,1.0,1.0,26.0,17.25
2026-05-03,SAJUA,LPG,0.0,0.0,25.0,17.75
2026-05-10,SAJUA,LPG,0.0,0.0,24.0,17.5
2026-05-17,SAJUA,LPG,0.0,0.0,23.0,16.5
2026-05-24,SAJUA,LPG,0.0,0.0,24.0,14.12
2026-05-31,SAJUA,LPG,0.0,0.0,26.0,16.12
2026-06-07,SAJUA,LPG,0.0,0.0,27.0,15.0
2026-06-14,SAJUA,LPG,0.0,0.0,24.0,15.62
2026-06-21,SAJUA,LPG,0.0,0.0,24.0,14.75
2026-06-28,SAJUA,LPG,4.0,4.0,26.0,15.62
2026-07-05,SAJUA,LPG,1.0,1.0,26.0,17.88
2026-07-12,SAJUA,LPG,6.0,6.0,24.0,17.62
2026-07-19,SAJUA,LPG,0.0,0.0,27.0,16.25
2026-07-26,SAJUA,LPG,0.0,0.0,24.0,15.88
2026-08-02,SAJUA,LPG,0.0,0.0,24.0,16.62
2026-08-09,SAJUA,LPG,0.0,0.0,30.0,17.62
2026-08-16,SAJUA,LPG,1.0,1.0,27.0,19.62
2026-08-23,SAJUA,LPG,0.0,0.0,24.0,16.38
2026-08-30,SAJUA,LPG,1.0,1.0,26.0,18.75
2019-01-06,USBPT,LPG,18.0,16.0,27.0,20.62
2019-01-13,USBPT,LPG,27.0,16.0,27.0,23.25
2019-01-20,USBPT,LPG,24.0,13.0,35.0,21.62
2019-01-27,USBPT,LPG,27.0,14.0,28.0,21.88
2019-02-03,USBPT,LPG,11.0,11.0,31.0,18.75
2019-02-10,USBPT,LPG,20.0,10.0,31.0,18.5
2019-02-17,USBPT,LPG,19.0,11.0,28.0,19.12
2019-02-24,USBPT,LPG,21.0,11.0,27.0,19.62
2019-03-03,USBPT,LPG,23.0,16.0,30.0,22.0
2019-03-10,USBPT,LPG,23.0,18.0,32.0,23.0
2019-03-17,USBPT,LPG,27.0,4.0,32.0,22.12
2019-03-24,USBPT,LPG,32.0,18.0,32.0,23.25
2019-03-31,USBPT,LPG,24.0,15.0,29.0,22.25
2019-04-07,USBPT,LPG,22.0,13.0,28.0,21.88
2019-04-14,USBPT,LPG,27.0,16.0,28.0,23.0
2019-04-21,USBPT,LPG,26.0,14.0,32.0,21.88
2019-04-28,USBPT,LPG,28.0,16.0,36.0,23.62
2019-05-05,USBPT,LPG,22.0,14.0,29.0,20.5
2019-05-12,USBPT,LPG,28.0,14.0,41.0,24.25
2019-05-19,USBPT,LPG,24.0,13.0,33.0,23.25
2019-05-26,USBPT,LPG,25.0,15.0,32.0,21.12
2019-06-02,USBPT,LPG,25.0,14.0,33.0,22.38
2019-06-09,USBPT,LPG,22.0,12.0,34.0,22.5
2019-06-16,USBPT,LPG,29.0,15.0,31.0,22.88
2019-06-23,USBPT,LPG,24.0,13.0,36.0,22.75
2019-06-30,USBPT,LPG,21.0,13.0,33.0,22.38
2019-07-07,USBPT,LPG,30.0,15.0,30.0,22.38
2019-07-14,USBPT,LPG,18.0,14.0,25.0,20.25
2019-07-21,USBPT,LPG,29.0,18.0,29.0,22.38
2019-07-28,USBPT,LPG,23.0,11.0,34.0,20.0
2019-08-04,USBPT,LPG,24.0,16.0,32.0,20.5
2019-08-11,USBPT,LPG,27.0,16.0,28.0,21.5
2019-08-18,USBPT,LPG,20.0,18.0,30.0,22.5
2019-08-25,USBPT,LPG,20.0,12.0,31.0,21.12
2019-09-01,USBPT,LPG,23.0,1.0,23.0,17.5
2019-09-08,USBPT,LPG,21.0,16.0,31.0,19.86
2019-09-15,USBPT,LPG,19.0,12.0,31.0,20.14
2019-09-22,USBPT,LPG,15.0,12.0,28.0,18.71
2019-09-29,USBPT,LPG,21.0,13.0,28.0,21.14
2019-10-06,USBPT,LPG,19.0,11.0,26.0,17.29
2019-10-13,USBPT,LPG,26.0,13.0,32.0,21.57
2019-10-20,USBPT,LPG,21.0,19.0,27.0,22.29
2019-10-27,USBPT,LPG,20.0,13.0,31.0,20.43
2019-11-03,USBPT,LPG,17.0,14.0,25.0,18.29
2019-11-10,USBPT,LPG,22.0,11.0,26.0,19.43
2019-11-17,USBPT,LPG,20.0,10.0,32.0,21.14
2019-11-24,USBPT,LPG,20.0,9.0,25.0,20.14
2019-12-01,USBPT,LPG,13.0,11.0,30.0,21.0
2019-12-08,USBPT,LPG,22.0,14.0,29.0,21.71
2019-12-15,USBPT,LPG,15.0,15.0,31.0,22.57
2019-12-22,USBPT,LPG,23.0,16.0,31.0,22.57
2019-12-29,USBPT,LPG,16.0,15.0,28.0,19.0
2020-01-05,USBPT,LPG,22.0,16.0,27.0,20.62
2020-01-12,USBPT,LPG,19.0,16.0,27.0,23.25
2020-01-19,USBPT,LPG,15.0,13.0,35.0,21.62
2020-01-26,USBPT,LPG,28.0,14.0,28.0,21.88
2020-02-02,USBPT,LPG,24.0,11.0,31.0,18.75
2020-02-09,USBPT,LPG,18.0,10.0,31.0,18.5
2020-02-16,USBPT,LPG,16.0,11.0,28.0,19.12
2020-02-23,USBPT,LPG,22.0,11.0,27.0,19.62
2020-03-01,USBPT,LPG,16.0,16.0,30.0,22.0
2020-03-08,USBPT,LPG,26.0,18.0,32.0,23.0
2020-03-15,USBPT,LPG,4.0,4.0,32.0,22.12
2020-03-22,USBPT,LPG,21.0,18.0,32.0,23.25
2020-03-29,USBPT,LPG,20.0,15.0,29.0,22.25
2020-04-05,USBPT,LPG,20.0,13.0,28.0,21.88
2020-04-12,USBPT,LPG,16.0,16.0,28.0,23.0
2020-04-19,USBPT,LPG,16.0,14.0,32.0,21.88
2020-04-26,USBPT,LPG,23.0,16.0,36.0,23.62
2020-05-03,USBPT,LPG,16.0,14.0,29.0,20.5
2020-05-10,USBPT,LPG,14.0,14.0,41.0,24.25
2020-05-17,USBPT,LPG,15.0,13.0,33.0,23.25
2020-05-24,USBPT,LPG,15.0,15.0,32.0,21.12
2020-05-31,USBPT,LPG,16.0,14.0,33.0,22.38
2020-06-07,USBPT,LPG,12.0,12.0,34.0,22.5
2020-06-14,USBPT,LPG,18.0,15.0,31.0,22.88
2020-06-21,USBPT,LPG,13.0,13.0,36.0,22.75
2020-06-28,USBPT,LPG,17.0,13.0,33.0,22.38
2020-07-05,USBPT,LPG,17.0,15.0,30.0,22.38
2020-07-12,USBPT,LPG,14.0,14.0,25.0,20.25
2020-07-19,USBPT,LPG,19.0,18.0,29.0,22.38
2020-07-26,USBPT,LPG,12.0,11.0,34.0,20.0
2020-08-02,USBPT,LPG,17.0,16.0,32.0,20.5
2020-08-09,USBPT,LPG,16.0,16.0,28.0,21.5
2020-08-16,USBPT,LPG,18.0,18.0,30.0,22.5
2020-08-23,USBPT,LPG,14.0,12.0,31.0,21.12
2020-08-30,USBPT,LPG,1.0,1.0,23.0,17.5
2020-09-06,USBPT,LPG,17.0,16.0,31.0,19.86
2020-09-13,USBPT,LPG,15.0,12.0,31.0,20.14
2020-09-20,USBPT,LPG,12.0,12.0,28.0,18.71
2020-09-27,USBPT,LPG,17.0,13.0,28.0,21.14
2020-10-04,USBPT,LPG,11.0,11.0,26.0,17.29
2020-10-11,USBPT,LPG,13.0,13.0,32.0,21.57
2020-10-18,USBPT,LPG,21.0,19.0,27.0,22.29
2020-10-25,USBPT,LPG,13.0,13.0,31.0,20.43
2020-11-01,USBPT,LPG,14.0,14.0,25.0,18.29
2020-11-08,USBPT,LPG,11.0,11.0,26.0,19.43
2020-11-15,USBPT,LPG,10.0,10.0,32.0,21.14
2020-11-22,USBPT,LPG,9.0,9.0,25.0,20.14
2020-11-29,USBPT,LPG,11.0,11.0,30.0,21.0
2020-12-06,USBPT,LPG,14.0,14.0,29.0,21.71
2020-12-13,USBPT,LPG,16.0,15.0,31.0,22.57
2020-12-20,USBPT,LPG,16.0,16.0,31.0,22.57
2020-12-27,USBPT,LPG,15.0,15.0,28.0,19.0
2021-01-03,USBPT,LPG,15.0,12.0,18.0,15.0
2021-01-10,USBPT,LPG,18.0,16.0,27.0,20.62
2021-01-17,USBPT,LPG,22.0,16.0,27.0,23.25
2021-01-24,USBPT,LPG,13.0,13.0,35.0,21.62
2021-01-31,USBPT,LPG,20.0,14.0,28.0,21.88
2021-02-07,USBPT,LPG,14.0,11.0,31.0,18.75
2021-02-14,USBPT,LPG,16.0,10.0,31.0,18.5
2021-02-21,USBPT,LPG,11.0,11.0,28.0,19.12
2021-02-28,USBPT,LPG,11.0,11.0,27.0,19.62
2021-03-07,USBPT,LPG,18.0,16.0,30.0,22.0
2021-03-14,USBPT,LPG,18.0,18.0,32.0,23.0
2021-03-21,USBPT,LPG,21.0,4.0,32.0,22.12
2021-03-28,USBPT,LPG,18.0,18.0,32.0,23.25
2021-04-04,USBPT,LPG,15.0,15.0,29.0,22.25
2021-04-11,USBPT,LPG,13.0,13.0,28.0,21.88
2021-04-18,USBPT,LPG,18.0,16.0,28.0,23.0
2021-04-25,USBPT,LPG,14.0,14.0,32.0,21.88
2021-05-02,USBPT,LPG,16.0,16.0,36.0,23.62
2021-05-09,USBPT,LPG,16.0,14.0,29.0,20.5
2021-05-16,USBPT,LPG,21.0,14.0,41.0,24.25
2021-05-23,USBPT,LPG,13.0,13.0,33.0,23.25
2021-05-30,USBPT,LPG,18.0,15.0,32.0,21.12
2021-06-06,USBPT,LPG,17.0,14.0,33.0,22.38
2021-06-13,USBPT,LPG,21.0,12.0,34.0,22.5
2021-06-20,USBPT,LPG,17.0,15.0,31.0,22.88
2021-06-27,USBPT,LPG,20.0,13.0,36.0,22.75
2021-07-04,USBPT,LPG,13.0,13.0,33.0,22.38
2021-07-11,USBPT,LPG,15.0,15.0,30.0,22.38
2021-07-18,USBPT,LPG,19.0,14.0,25.0,20.25
2021-07-25,USBPT,LPG,21.0,18.0,29.0,22.38
2021-08-01,USBPT,LPG,14.0,11.0,34.0,20.0
2021-08-08,USBPT,LPG,19.0,16.0,32.0,20.5
2021-08-15,USBPT,LPG,19.0,16.0,28.0,21.5
2021-08-22,USBPT,LPG,21.0,18.0,30.0,22.5
2021-08-29,USBPT,LPG,12.0,12.0,31.0,21.12
2021-09-05,USBPT,LPG,15.0,1.0,23.0,17.5
2021-09-12,USBPT,LPG,17.0,16.0,31.0,19.86
2021-09-19,USBPT,LPG,12.0,12.0,31.0,20.14
2021-09-26,USBPT,LPG,16.0,12.0,28.0,18.71
2021-10-03,USBPT,LPG,13.0,13.0,28.0,21.14
2021-10-10,USBPT,LPG,15.0,11.0,26.0,17.29
2021-10-17,USBPT,LPG,15.0,13.0,32.0,21.57
2021-10-24,USBPT,LPG,19.0,19.0,27.0,22.29
2021-10-31,USBPT,LPG,21.0,13.0,31.0,20.43
2021-11-07,USBPT,LPG,16.0,14.0,25.0,18.29
2021-11-14,USBPT,LPG,18.0,11.0,26.0,19.43
2021-11-21,USBPT,LPG,17.0,10.0,32.0,21.14
2021-11-28,USBPT,LPG,16.0,9.0,25.0,20.14
2021-12-05,USBPT,LPG,30.0,11.0,30.0,21.0
2021-12-12,USBPT,LPG,23.0,14.0,29.0,21.71
2021-12-19,USBPT,LPG,18.0,15.0,31.0,22.57
2021-12-26,USBPT,LPG,28.0,16.0,31.0,22.57
2022-01-02,USBPT,LPG,16.0,15.0,28.0,19.0
2022-01-09,USBPT,LPG,17.0,16.0,27.0,20.62
2022-01-16,USBPT,LPG,16.0,16.0,27.0,23.25
2022-01-23,USBPT,LPG,22.0,13.0,35.0,21.62
2022-01-30,USBPT,LPG,14.0,14.0,28.0,21.88
2022-02-06,USBPT,LPG,18.0,11.0,31.0,18.75
2022-02-13,USBPT,LPG,18.0,10.0,31.0,18.5
2022-02-20,USBPT,LPG,14.0,11.0,28.0,19.12
2022-02-27,USBPT,LPG,20.0,11.0,27.0,19.62
2022-03-06,USBPT,LPG,26.0,16.0,30.0,22.0
2022-03-13,USBPT,LPG,21.0,18.0,32.0,23.0
2022-03-20,USBPT,LPG,15.0,4.0,32.0,22.12
2022-03-27,USBPT,LPG,19.0,18.0,32.0,23.25
2022-04-03,USBPT,LPG,18.0,15.0,29.0,22.25
2022-04-10,USBPT,LPG,18.0,13.0,28.0,21.88
2022-04-17,USBPT,LPG,20.0,16.0,28.0,23.0
2022-04-24,USBPT,LPG,20.0,14.0,32.0,21.88
2022-05-01,USBPT,LPG,23.0,16.0,36.0,23.62
2022-05-08,USBPT,LPG,14.0,14.0,29.0,20.5
2022-05-15,USBPT,LPG,25.0,14.0,41.0,24.25
2022-05-22,USBPT,LPG,23.0,13.0,33.0,23.25
2022-05-29,USBPT,LPG,19.0,15.0,32.0,21.12
2022-06-05,USBPT,LPG,14.0,14.0,33.0,22.38
2022-06-12,USBPT,LPG,17.0,12.0,34.0,22.5
2022-06-19,USBPT,LPG,15.0,15.0,31.0,22.88
2022-06-26,USBPT,LPG,23.0,13.0,36.0,22.75
2022-07-03,USBPT,LPG,23.0,13.0,33.0,22.38
2022-07-10,USBPT,LPG,18.0,15.0,30.0,22.38
2022-07-17,USBPT,LPG,16.0,14.0,25.0,20.25
2022-07-24,USBPT,LPG,18.0,18.0,29.0,22.38
2022-07-31,USBPT,LPG,11.0,11.0,34.0,20.0
2022-08-07,USBPT,LPG,16.0,16.0,32.0,20.5
2022-08-14,USBPT,LPG,17.0,16.0,28.0,21.5
2022-08-21,USBPT,LPG,21.0,18.0,30.0,22.5
2022-08-28,USBPT,LPG,16.0,12.0,31.0,21.12
2022-09-04,USBPT,LPG,20.0,1.0,23.0,17.5
2022-09-11,USBPT,LPG,19.0,16.0,31.0,19.86
2022-09-18,USBPT,LPG,21.0,12.0,31.0,20.14
2022-09-25,USBPT,LPG,18.0,12.0,28.0,18.71
2022-10-02,USBPT,LPG,24.0,13.0,28.0,21.14
2022-10-09,USBPT,LPG,18.0,11.0,26.0,17.29
2022-10-16,USBPT,LPG,23.0,13.0,32.0,21.57
2022-10-23,USBPT,LPG,23.0,19.0,27.0,22.29
2022-10-30,USBPT,LPG,18.0,13.0,31.0,20.43
2022-11-06,USBPT,LPG,20.0,14.0,25.0,18.29
2022-11-13,USBPT,LPG,20.0,11.0,26.0,19.43
2022-11-20,USBPT,LPG,19.0,10.0,32.0,21.14
2022-11-27,USBPT,LPG,24.0,9.0,25.0,20.14
2022-12-04,USBPT,LPG,18.0,11.0,30.0,21.0
2022-12-11,USBPT,LPG,23.0,14.0,29.0,21.71
2022-12-18,USBPT,LPG,28.0,15.0,31.0,22.57
2022-12-25,USBPT,LPG,16.0,16.0,31.0,22.57
2023-01-01,USBPT,LPG,15.0,15.0,28.0,19.0
2023-01-08,USBPT,LPG,16.0,16.0,27.0,20.62
2023-01-15,USBPT,LPG,24.0,16.0,27.0,23.25
2023-01-22,USBPT,LPG,18.0,13.0,35.0,21.62
2023-01-29,USBPT,LPG,19.0,14.0,28.0,21.88
2023-02-05,USBPT,LPG,16.0,11.0,31.0,18.75
2023-02-12,USBPT,LPG,21.0,10.0,31.0,18.5
2023-02-19,USBPT,LPG,18.0,11.0,28.0,19.12
2023-02-26,USBPT,LPG,13.0,11.0,27.0,19.62
2023-03-05,USBPT,LPG,30.0,16.0,30.0,22.0
2023-03-12,USBPT,LPG,25.0,18.0,32.0,23.0
2023-03-19,USBPT,LPG,28.0,4.0,32.0,22.12
2023-03-26,USBPT,LPG,24.0,18.0,32.0,23.25
2023-04-02,USBPT,LPG,22.0,15.0,29.0,22.25
2023-04-09,USBPT,LPG,25.0,13.0,28.0,21.88
2023-04-16,USBPT,LPG,28.0,16.0,28.0,23.0
2023-04-23,USBPT,LPG,32.0,14.0,32.0,21.88
2023-04-30,USBPT,LPG,28.0,16.0,36.0,23.62
2023-05-07,USBPT,LPG,20.0,14.0,29.0,20.5
2023-05-14,USBPT,LPG,24.0,14.0,41.0,24.25
2023-05-21,USBPT,LPG,29.0,13.0,33.0,23.25
2023-05-28,USBPT,LPG,22.0,15.0,32.0,21.12
2023-06-04,USBPT,LPG,28.0,14.0,33.0,22.38
2023-06-11,USBPT,LPG,22.0,12.0,34.0,22.5
2023-06-18,USBPT,LPG,26.0,15.0,31.0,22.88
2023-06-25,USBPT,LPG,17.0,13.0,36.0,22.75
2023-07-02,USBPT,LPG,24.0,13.0,33.0,22.38
2023-07-09,USBPT,LPG,22.0,15.0,30.0,22.38
2023-07-16,USBPT,LPG,24.0,14.0,25.0,20.25
2023-07-23,USBPT,LPG,20.0,18.0,29.0,22.38
2023-07-30,USBPT,LPG,22.0,11.0,34.0,20.0
2023-08-06,USBPT,LPG,16.0,16.0,32.0,20.5
2023-08-13,USBPT,LPG,22.0,16.0,28.0,21.5
2023-08-20,USBPT,LPG,30.0,18.0,30.0,22.5
2023-08-27,USBPT,LPG,22.0,12.0,31.0,21.12
2023-09-03,USBPT,LPG,22.0,1.0,23.0,17.5
2023-09-10,USBPT,LPG,18.0,16.0,31.0,19.86
2023-09-17,USBPT,LPG,23.0,12.0,31.0,20.14
2023-09-24,USBPT,LPG,21.0,12.0,28.0,18.71
2023-10-01,USBPT,LPG,28.0,13.0,28.0,21.14
2023-10-08,USBPT,LPG,16.0,11.0,26.0,17.29
2023-10-15,USBPT,LPG,24.0,13.0,32.0,21.57
2023-10-22,USBPT,LPG,25.0,19.0,27.0,22.29
2023-10-29,USBPT,LPG,31.0,13.0,31.0,20.43
2023-11-05,USBPT,LPG,17.0,14.0,25.0,18.29
2023-11-12,USBPT,LPG,26.0,11.0,26.0,19.43
2023-11-19,USBPT,LPG,23.0,10.0,32.0,21.14
2023-11-26,USBPT,LPG,23.0,9.0,25.0,20.14
2023-12-03,USBPT,LPG,23.0,11.0,30.0,21.0
2023-12-10,USBPT,LPG,29.0,14.0,29.0,21.71
2023-12-17,USBPT,LPG,28.0,15.0,31.0,22.57
2023-12-24,USBPT,LPG,31.0,16.0,31.0,22.57
2023-12-31,USBPT,LPG,28.0,15.0,28.0,19.0
2024-01-07,USBPT,LPG,27.0,16.0,27.0,20.62
2024-01-14,USBPT,LPG,25.0,16.0,27.0,23.25
2024-01-21,USBPT,LPG,24.0,13.0,35.0,21.62
2024-01-28,USBPT,LPG,19.0,14.0,28.0,21.88
2024-02-04,USBPT,LPG,31.0,11.0,31.0,18.75
2024-02-11,USBPT,LPG,14.0,10.0,31.0,18.5
2024-02-18,USBPT,LPG,28.0,11.0,28.0,19.12
2024-02-25,USBPT,LPG,21.0,11.0,27.0,19.62
2024-03-03,USBPT,LPG,21.0,16.0,30.0,22.0
2024-03-10,USBPT,LPG,18.0,18.0,32.0,23.0
2024-03-17,USBPT,LPG,24.0,4.0,32.0,22.12
2024-03-24,USBPT,LPG,23.0,18.0,32.0,23.25
2024-03-31,USBPT,LPG,29.0,15.0,29.0,22.25
2024-04-07,USBPT,LPG,22.0,13.0,28.0,21.88
2024-04-14,USBPT,LPG,27.0,16.0,28.0,23.0
2024-04-21,USBPT,LPG,25.0,14.0,32.0,21.88
2024-04-28,USBPT,LPG,16.0,16.0,36.0,23.62
2024-05-05,USBPT,LPG,27.0,14.0,29.0,20.5
2024-05-12,USBPT,LPG,18.0,14.0,41.0,24.25
2024-05-19,USBPT,LPG,23.0,13.0,33.0,23.25
2024-05-26,USBPT,LPG,20.0,15.0,32.0,21.12
2024-06-02,USBPT,LPG,24.0,14.0,33.0,22.38
2024-06-09,USBPT,LPG,27.0,12.0,34.0,22.5
2024-06-16,USBPT,LPG,27.0,15.0,31.0,22.88
2024-06-23,USBPT,LPG,24.0,13.0,36.0,22.75
2024-06-30,USBPT,LPG,27.0,13.0,33.0,22.38
2024-07-07,USBPT,LPG,25.0,15.0,30.0,22.38
2024-07-14,USBPT,LPG,24.0,14.0,25.0,20.25
2024-07-21,USBPT,LPG,23.0,18.0,29.0,22.38
2024-07-28,USBPT,LPG,24.0,11.0,34.0,20.0
2024-08-04,USBPT,LPG,21.0,16.0,32.0,20.5
2024-08-11,USBPT,LPG,21.0,16.0,28.0,21.5
2024-08-18,USBPT,LPG,25.0,18.0,30.0,22.5
2024-08-25,USBPT,LPG,24.0,12.0,31.0,21.12
2024-09-01,USBPT,LPG,16.0,1.0,23.0,17.5
2024-09-08,USBPT,LPG,16.0,16.0,31.0,19.86
2024-09-15,USBPT,LPG,20.0,12.0,31.0,20.14
2024-09-22,USBPT,LPG,21.0,12.0,28.0,18.71
2024-09-29,USBPT,LPG,18.0,13.0,28.0,21.14
2024-10-06,USBPT,LPG,16.0,11.0,26.0,17.29
2024-10-13,USBPT,LPG,18.0,13.0,32.0,21.57
2024-10-20,USBPT,LPG,20.0,19.0,27.0,22.29
2024-10-27,USBPT,LPG,18.0,13.0,31.0,20.43
2024-11-03,USBPT,LPG,19.0,14.0,25.0,18.29
2024-11-10,USBPT,LPG,20.0,11.0,26.0,19.43
2024-11-17,USBPT,LPG,27.0,10.0,32.0,21.14
2024-11-24,USBPT,LPG,24.0,9.0,25.0,20.14
2024-12-01,USBPT,LPG,22.0,11.0,30.0,21.0
2024-12-08,USBPT,LPG,21.0,14.0,29.0,21.71
2024-12-15,USBPT,LPG,22.0,15.0,31.0,22.57
2024-12-22,USBPT,LPG,20.0,16.0,31.0,22.57
2024-12-29,USBPT,LPG,26.0,15.0,28.0,19.0
2025-01-05,USBPT,LPG,21.0,16.0,27.0,20.62
2025-01-12,USBPT,LPG,27.0,16.0,27.0,23.25
2025-01-19,USBPT,LPG,22.0,13.0,35.0,21.62
2025-01-26,USBPT,LPG,22.0,14.0,28.0,21.88
2025-02-02,USBPT,LPG,15.0,11.0,31.0,18.75
2025-02-09,USBPT,LPG,10.0,10.0,31.0,18.5
2025-02-16,USBPT,LPG,26.0,11.0,28.0,19.12
2025-02-23,USBPT,LPG,27.0,11.0,27.0,19.62
2025-03-02,USBPT,LPG,20.0,16.0,30.0,22.0
2025-03-09,USBPT,LPG,21.0,18.0,32.0,23.0
2025-03-16,USBPT,LPG,26.0,4.0,32.0,22.12
2025-03-23,USBPT,LPG,21.0,18.0,32.0,23.25
2025-03-30,USBPT,LPG,21.0,15.0,29.0,22.25
2025-04-06,USBPT,LPG,27.0,13.0,28.0,21.88
2025-04-13,USBPT,LPG,25.0,16.0,28.0,23.0
2025-04-20,USBPT,LPG,20.0,14.0,32.0,21.88
2025-04-27,USBPT,LPG,19.0,16.0,36.0,23.62
2025-05-04,USBPT,LPG,20.0,14.0,29.0,20.5
2025-05-11,USBPT,LPG,23.0,14.0,41.0,24.25
2025-05-18,USBPT,LPG,26.0,13.0,33.0,23.25
2025-05-25,USBPT,LPG,18.0,15.0,32.0,21.12
2025-06-01,USBPT,LPG,22.0,14.0,33.0,22.38
2025-06-08,USBPT,LPG,25.0,12.0,34.0,22.5
2025-06-15,USBPT,LPG,20.0,15.0,31.0,22.88
2025-06-22,USBPT,LPG,25.0,13.0,36.0,22.75
2025-06-29,USBPT,LPG,21.0,13.0,33.0,22.38
2025-07-06,USBPT,LPG,26.0,15.0,30.0,22.38
2025-07-13,USBPT,LPG,25.0,14.0,25.0,20.25
2025-07-20,USBPT,LPG,20.0,18.0,29.0,22.38
2025-07-27,USBPT,LPG,20.0,11.0,34.0,20.0
2025-08-03,USBPT,LPG,19.0,16.0,32.0,20.5
2025-08-10,USBPT,LPG,22.0,16.0,28.0,21.5
2025-08-17,USBPT,LPG,23.0,18.0,30.0,22.5
2025-08-24,USBPT,LPG,30.0,12.0,31.0,21.12
2025-08-31,USBPT,LPG,23.0,1.0,23.0,17.5
2025-09-07,USBPT,LPG,31.0,16.0,31.0,19.86
2025-09-14,USBPT,LPG,31.0,12.0,31.0,20.14
2025-09-21,USBPT,LPG,28.0,12.0,28.0,18.71
2025-09-28,USBPT,LPG,27.0,13.0,28.0,21.14
2025-10-05,USBPT,LPG,26.0,11.0,26.0,17.29
2025-10-12,USBPT,LPG,32.0,13.0,32.0,21.57
2025-10-19,USBPT,LPG,27.0,19.0,27.0,22.29
2025-10-26,USBPT,LPG,22.0,13.0,31.0,20.43
2025-11-02,USBPT,LPG,25.0,14.0,25.0,18.29
2025-11-09,USBPT,LPG,19.0,11.0,26.0,19.43
2025-11-16,USBPT,LPG,32.0,10.0,32.0,21.14
2025-11-23,USBPT,LPG,25.0,9.0,25.0,20.14
2025-11-30,USBPT,LPG,30.0,11.0,30.0,21.0
2025-12-07,USBPT,LPG,20.0,14.0,29.0,21.71
2025-12-14,USBPT,LPG,31.0,15.0,31.0,22.57
2025-12-21,USBPT,LPG,24.0,16.0,31.0,22.57
2025-12-28,USBPT,LPG,17.0,15.0,28.0,19.0
2026-01-04,USBPT,LPG,26.0,16.0,27.0,20.62
2026-01-11,USBPT,LPG,26.0,16.0,27.0,23.25
2026-01-18,USBPT,LPG,35.0,13.0,35.0,21.62
2026-01-25,USBPT,LPG,26.0,14.0,28.0,21.88
2026-02-01,USBPT,LPG,21.0,11.0,31.0,18.75
2026-02-08,USBPT,LPG,31.0,10.0,31.0,18.5
2026-02-15,USBPT,LPG,21.0,11.0,28.0,19.12
2026-02-22,USBPT,LPG,22.0,11.0,27.0,19.62
2026-03-01,USBPT,LPG,22.0,16.0,30.0,22.0
2026-03-08,USBPT,LPG,32.0,18.0,32.0,23.0
2026-03-15,USBPT,LPG,32.0,4.0,32.0,22.12
2026-03-22,USBPT,LPG,28.0,18.0,32.0,23.25
2026-03-29,USBPT,LPG,29.0,15.0,29.0,22.25
2026-04-05,USBPT,LPG,28.0,13.0,28.0,21.88
2026-04-12,USBPT,LPG,23.0,16.0,28.0,23.0
2026-04-19,USBPT,LPG,22.0,14.0,32.0,21.88
2026-04-26,USBPT,LPG,36.0,16.0,36.0,23.62
2026-05-03,USBPT,LPG,29.0,14.0,29.0,20.5
2026-05-10,USBPT,LPG,41.0,14.0,41.0,24.25
2026-05-17,USBPT,LPG,33.0,13.0,33.0,23.25
2026-05-24,USBPT,LPG,32.0,15.0,32.0,21.12
2026-05-31,USBPT,LPG,33.0,14.0,33.0,22.38
2026-06-07,USBPT,LPG,34.0,12.0,34.0,22.5
2026-06-14,USBPT,LPG,31.0,15.0,31.0,22.88
2026-06-21,USBPT,LPG,36.0,13.0,36.0,22.75
2026-06-28,USBPT,LPG,33.0,13.0,33.0,22.38
2026-07-05,USBPT,LPG,26.0,15.0,30.0,22.38
2026-07-12,USBPT,LPG,22.0,14.0,25.0,20.25
2026-07-19,USBPT,LPG,29.0,18.0,29.0,22.38
2026-07-26,USBPT,LPG,34.0,11.0,34.0,20.0
2026-08-02,USBPT,LPG,32.0,16.0,32.0,20.5
2026-08-09,USBPT,LPG,28.0,16.0,28.0,21.5
2026-08-16,USBPT,LPG,22.0,18.0,30.0,22.5
2026-08-23,USBPT,LPG,31.0,12.0,31.0,21.12
2026-08-30,USBPT,LPG,20.0,1.0,23.0,17.5
2019-01-06,USHOU,LPG,93.0,78.0,117.0,95.88
2019-01-13,USHOU,LPG,117.0,79.0,117.0,99.0
2019-01-20,USHOU,LPG,101.0,43.0,106.0,88.0
2019-01-27,USHOU,LPG,106.0,78.0,115.0,92.25
2019-02-03,USHOU,LPG,82.0,80.0,133.0,103.0
2019-02-10,USHOU,LPG,88.0,76.0,106.0,88.0
2019-02-17,USHOU,LPG,112.0,20.0,120.0,93.0
2019-02-24,USHOU,LPG,99.0,58.0,108.0,88.0
2019-03-03,USHOU,LPG,71.0,71.0,125.0,100.38
2019-03-10,USHOU,LPG,110.0,81.0,110.0,98.38
2019-03-17,USHOU,LPG,114.0,92.0,114.0,105.12
2019-03-24,USHOU,LPG,85.0,79.0,110.0,97.75
2019-03-31,USHOU,LPG,65.0,65.0,129.0,99.62
2019-04-07,USHOU,LPG,66.0,66.0,122.0,97.62
2019-04-14,USHOU,LPG,131.0,74.0,131.0,99.88
2019-04-21,USHOU,LPG,108.0,84.0,120.0,99.0
2019-04-28,USHOU,LPG,95.0,86.0,114.0,96.62
2019-05-05,USHOU,LPG,109.0,86.0,113.0,97.5
2019-05-12,USHOU,LPG,82.0,79.0,124.0,97.88
2019-05-19,USHOU,LPG,125.0,67.0,125.0,98.25
2019-05-26,USHOU,LPG,105.0,77.0,114.0,99.38
2019-06-02,USHOU,LPG,101.0,85.0,114.0,100.88
2019-06-09,USHOU,LPG,118.0,85.0,119.0,99.88
2019-06-16,USHOU,LPG,103.0,84.0,126.0,98.75
2019-06-23,USHOU,LPG,96.0,82.0,104.0,91.38
2019-06-30,USHOU,LPG,86.0,85.0,110.0,96.88
2019-07-07,USHOU,LPG,104.0,78.0,104.0,93.62
2019-07-14,USHOU,LPG,93.0,76.0,100.0,89.88
2019-07-21,USHOU,LPG,99.0,90.0,102.0,96.5
2019-07-28,USHOU,LPG,106.0,70.0,126.0,100.75
2019-08-04,USHOU,LPG,100.0,77.0,107.0,93.38
2019-08-11,USHOU,LPG,94.0,84.0,120.0,98.38
2019-08-18,USHOU,LPG,92.0,88.0,117.0,101.12
2019-08-25,USHOU,LPG,100.0,87.0,110.0,99.25
2019-09-01,USHOU,LPG,96.0,70.0,113.0,93.38
2019-09-08,USHOU,LPG,94.0,87.0,111.0,95.14
2019-09-15,USHOU,LPG,87.0,85.0,103.0,93.57
2019-09-22,USHOU,LPG,91.0,86.0,109.0,97.29
2019-09-29,USHOU,LPG,110.0,87.0,110.0,99.57
2019-10-06,USHOU,LPG,101.0,95.0,110.0,100.57
2019-10-13,USHOU,LPG,114.0,94.0,114.0,101.0
2019-10-20,USHOU,LPG,105.0,91.0,108.0,99.0
2019-10-27,USHOU,LPG,94.0,86.0,107.0,94.29
2019-11-03,USHOU,LPG,97.0,76.0,102.0,93.43
2019-11-10,USHOU,LPG,102.0,88.0,108.0,99.14
2019-11-17,USHOU,LPG,82.0,77.0,110.0,93.29
2019-11-24,USHOU,LPG,94.0,89.0,111.0,98.86
2019-12-01,USHOU,LPG,86.0,79.0,109.0,93.0
2019-12-08,USHOU,LPG,99.0,82.0,100.0,92.0
2019-12-15,USHOU,LPG,95.0,83.0,116.0,99.71
2019-12-22,USHOU,LPG,98.0,80.0,98.0,91.43
2019-12-29,USHOU,LPG,80.0,72.0,103.0,90.0
2020-01-05,USHOU,LPG,101.0,78.0,117.0,95.88
2020-01-12,USHOU,LPG,99.0,79.0,117.0,99.0
2020-01-19,USHOU,LPG,63.0,43.0,106.0,88.0
2020-01-26,USHOU,LPG,86.0,78.0,115.0,92.25
2020-02-02,USHOU,LPG,133.0,80.0,133.0,103.0
2020-02-09,USHOU,LPG,87.0,76.0,106.0,88.0
2020-02-16,USHOU,LPG,89.0,20.0,120.0,93.0
2020-02-23,USHOU,LPG,93.0,58.0,108.0,88.0
2020-03-01,USHOU,LPG,103.0,71.0,125.0,100.38
2020-03-08,USHOU,LPG,97.0,81.0,110.0,98.38
2020-03-15,USHOU,LPG,95.0,92.0,114.0,105.12
2020-03-22,USHOU,LPG,108.0,79.0,110.0,97.75
2020-03-29,USHOU,LPG,105.0,65.0,129.0,99.62
2020-04-05,USHOU,LPG,122.0,66.0,122.0,97.62
2020-04-12,USHOU,LPG,103.0,74.0,131.0,99.88
2020-04-19,USHOU,LPG,84.0,84.0,120.0,99.0
2020-04-26,USHOU,LPG,88.0,86.0,114.0,96.62
2020-05-03,USHOU,LPG,86.0,86.0,113.0,97.5
2020-05-10,USHOU,LPG,79.0,79.0,124.0,97.88
2020-05-17,USHOU,LPG,67.0,67.0,125.0,98.25
2020-05-24,USHOU,LPG,77.0,77.0,114.0,99.38
2020-05-31,USHOU,LPG,92.0,85.0,114.0,100.88
2020-06-07,USHOU,LPG,86.0,85.0,119.0,99.88
2020-06-14,USHOU,LPG,84.0,84.0,126.0,98.75
2020-06-21,USHOU,LPG,84.0,82.0,104.0,91.38
2020-06-28,USHOU,LPG,96.0,85.0,110.0,96.88
2020-07-05,USHOU,LPG,89.0,78.0,104.0,93.62
2020-07-12,USHOU,LPG,93.0,76.0,100.0,89.88
2020-07-19,USHOU,LPG,90.0,90.0,102.0,96.5
2020-07-26,USHOU,LPG,70.0,70.0,126.0,100.75
2020-08-02,USHOU,LPG,99.0,77.0,107.0,93.38
2020-08-09,USHOU,LPG,84.0,84.0,120.0,98.38
2020-08-16,USHOU,LPG,95.0,88.0,117.0,101.12
2020-08-23,USHOU,LPG,87.0,87.0,110.0,99.25
2020-08-30,USHOU,LPG,77.0,70.0,113.0,93.38
2020-09-06,USHOU,LPG,88.0,87.0,111.0,95.14
2020-09-13,USHOU,LPG,88.0,85.0,103.0,93.57
2020-09-20,USHOU,LPG,86.0,86.0,109.0,97.29
2020-09-27,USHOU,LPG,96.0,87.0,110.0,99.57
2020-10-04,USHOU,LPG,98.0,95.0,110.0,100.57
2020-10-11,USHOU,LPG,94.0,94.0,114.0,101.0
2020-10-18,USHOU,LPG,106.0,91.0,108.0,99.0
2020-10-25,USHOU,LPG,107.0,86.0,107.0,94.29
2020-11-01,USHOU,LPG,76.0,76.0,102.0,93.43
2020-11-08,USHOU,LPG,102.0,88.0,108.0,99.14
2020-11-15,USHOU,LPG,83.0,77.0,110.0,93.29
2020-11-22,USHOU,LPG,105.0,89.0,111.0,98.86
2020-11-29,USHOU,LPG,79.0,79.0,109.0,93.0
2020-12-06,USHOU,LPG,86.0,82.0,100.0,92.0
2020-12-13,USHOU,LPG,87.0,83.0,116.0,99.71
2020-12-20,USHOU,LPG,80.0,80.0,98.0,91.43
2020-12-27,USHOU,LPG,101.0,72.0,103.0,90.0
2021-01-03,USHOU,LPG,98.0,78.4,117.6,98.0
2021-01-10,USHOU,LPG,87.0,78.0,117.0,95.88
2021-01-17,USHOU,LPG,97.0,79.0,117.0,99.0
2021-01-24,USHOU,LPG,43.0,43.0,106.0,88.0
2021-01-31,USHOU,LPG,115.0,78.0,115.0,92.25
2021-02-07,USHOU,LPG,109.0,80.0,133.0,103.0
2021-02-14,USHOU,LPG,76.0,76.0,106.0,88.0
2021-02-21,USHOU,LPG,20.0,20.0,120.0,93.0
2021-02-28,USHOU,LPG,58.0,58.0,108.0,88.0
2021-03-07,USHOU,LPG,107.0,71.0,125.0,100.38
2021-03-14,USHOU,LPG,81.0,81.0,110.0,98.38
2021-03-21,USHOU,LPG,92.0,92.0,114.0,105.12
2021-03-28,USHOU,LPG,79.0,79.0,110.0,97.75
2021-04-04,USHOU,LPG,86.0,65.0,129.0,99.62
2021-04-11,USHOU,LPG,82.0,66.0,122.0,97.62
2021-04-18,USHOU,LPG,74.0,74.0,131.0,99.88
2021-04-25,USHOU,LPG,88.0,84.0,120.0,99.0
2021-05-02,USHOU,LPG,97.0,86.0,114.0,96.62
2021-05-09,USHOU,LPG,86.0,86.0,113.0,97.5
2021-05-16,USHOU,LPG,93.0,79.0,124.0,97.88
2021-05-23,USHOU,LPG,86.0,67.0,125.0,98.25
2021-05-30,USHOU,LPG,100.0,77.0,114.0,99.38
2021-06-06,USHOU,LPG,102.0,85.0,114.0,100.88
2021-06-13,USHOU,LPG,97.0,85.0,119.0,99.88
2021-06-20,USHOU,LPG,90.0,84.0,126.0,98.75
2021-06-27,USHOU,LPG,96.0,82.0,104.0,91.38
2021-07-04,USHOU,LPG,97.0,85.0,110.0,96.88
2021-07-11,USHOU,LPG,97.0,78.0,104.0,93.62
2021-07-18,USHOU,LPG,86.0,76.0,100.0,89.88
2021-07-25,USHOU,LPG,99.0,90.0,102.0,96.5
2021-08-01,USHOU,LPG,93.0,70.0,126.0,100.75
2021-08-08,USHOU,LPG,88.0,77.0,107.0,93.38
2021-08-15,USHOU,LPG,98.0,84.0,120.0,98.38
2021-08-22,USHOU,LPG,88.0,88.0,117.0,101.12
2021-08-29,USHOU,LPG,88.0,87.0,110.0,99.25
2021-09-05,USHOU,LPG,95.0,70.0,113.0,93.38
2021-09-12,USHOU,LPG,87.0,87.0,111.0,95.14
2021-09-19,USHOU,LPG,85.0,85.0,103.0,93.57
2021-09-26,USHOU,LPG,93.0,86.0,109.0,97.29
2021-10-03,USHOU,LPG,97.0,87.0,110.0,99.57
2021-10-10,USHOU,LPG,97.0,95.0,110.0,100.57
2021-10-17,USHOU,LPG,98.0,94.0,114.0,101.0
2021-10-24,USHOU,LPG,95.0,91.0,108.0,99.0
2021-10-31,USHOU,LPG,94.0,86.0,107.0,94.29
2021-11-07,USHOU,LPG,96.0,76.0,102.0,93.43
2021-11-14,USHOU,LPG,88.0,88.0,108.0,99.14
2021-11-21,USHOU,LPG,97.0,77.0,110.0,93.29
2021-11-28,USHOU,LPG,89.0,89.0,111.0,98.86
2021-12-05,USHOU,LPG,102.0,79.0,109.0,93.0
2021-12-12,USHOU,LPG,94.0,82.0,100.0,92.0
2021-12-19,USHOU,LPG,83.0,83.0,116.0,99.71
2021-12-26,USHOU,LPG,92.0,80.0,98.0,91.43
2022-01-02,USHOU,LPG,94.0,72.0,103.0,90.0
2022-01-09,USHOU,LPG,78.0,78.0,117.0,95.88
2022-01-16,USHOU,LPG,93.0,79.0,117.0,99.0
2022-01-23,USHOU,LPG,99.0,43.0,106.0,88.0
2022-01-30,USHOU,LPG,98.0,78.0,115.0,92.25
2022-02-06,USHOU,LPG,80.0,80.0,133.0,103.0
2022-02-13,USHOU,LPG,83.0,76.0,106.0,88.0
2022-02-20,USHOU,LPG,104.0,20.0,120.0,93.0
2022-02-27,USHOU,LPG,93.0,58.0,108.0,88.0
2022-03-06,USHOU,LPG,83.0,71.0,125.0,100.38
2022-03-13,USHOU,LPG,99.0,81.0,110.0,98.38
2022-03-20,USHOU,LPG,110.0,92.0,114.0,105.12
2022-03-27,USHOU,LPG,99.0,79.0,110.0,97.75
2022-04-03,USHOU,LPG,97.0,65.0,129.0,99.62
2022-04-10,USHOU,LPG,106.0,66.0,122.0,97.62
2022-04-17,USHOU,LPG,92.0,74.0,131.0,99.88
2022-04-24,USHOU,LPG,100.0,84.0,120.0,99.0
2022-05-01,USHOU,LPG,93.0,86.0,114.0,96.62
2022-05-08,USHOU,LPG,93.0,86.0,113.0,97.5
2022-05-15,USHOU,LPG,103.0,79.0,124.0,97.88
2022-05-22,USHOU,LPG,91.0,67.0,125.0,98.25
2022-05-29,USHOU,LPG,92.0,77.0,114.0,99.38
2022-06-05,USHOU,LPG,100.0,85.0,114.0,100.88
2022-06-12,USHOU,LPG,97.0,85.0,119.0,99.88
2022-06-19,USHOU,LPG,100.0,84.0,126.0,98.75
2022-06-26,USHOU,LPG,86.0,82.0,104.0,91.38
2022-07-03,USHOU,LPG,85.0,85.0,110.0,96.88
2022-07-10,USHOU,LPG,102.0,78.0,104.0,93.62
2022-07-17,USHOU,LPG,100.0,76.0,100.0,89.88
2022-07-24,USHOU,LPG,102.0,90.0,102.0,96.5
2022-07-31,USHOU,LPG,106.0,70.0,126.0,100.75
2022-08-07,USHOU,LPG,93.0,77.0,107.0,93.38
2022-08-14,USHOU,LPG,92.0,84.0,120.0,98.38
2022-08-21,USHOU,LPG,105.0,88.0,117.0,101.12
2022-08-28,USHOU,LPG,99.0,87.0,110.0,99.25
2022-09-04,USHOU,LPG,100.0,70.0,113.0,93.38
2022-09-11,USHOU,LPG,95.0,87.0,111.0,95.14
2022-09-18,USHOU,LPG,98.0,85.0,103.0,93.57
2022-09-25,USHOU,LPG,103.0,86.0,109.0,97.29
2022-10-02,USHOU,LPG,87.0,87.0,110.0,99.57
2022-10-09,USHOU,LPG,110.0,95.0,110.0,100.57
2022-10-16,USHOU,LPG,94.0,94.0,114.0,101.0
2022-10-23,USHOU,LPG,91.0,91.0,108.0,99.0
2022-10-30,USHOU,LPG,87.0,86.0,107.0,94.29
2022-11-06,USHOU,LPG,101.0,76.0,102.0,93.43
2022-11-13,USHOU,LPG,91.0,88.0,108.0,99.14
2022-11-20,USHOU,LPG,77.0,77.0,110.0,93.29
2022-11-27,USHOU,LPG,94.0,89.0,111.0,98.86
2022-12-04,USHOU,LPG,87.0,79.0,109.0,93.0
2022-12-11,USHOU,LPG,82.0,82.0,100.0,92.0
2022-12-18,USHOU,LPG,105.0,83.0,116.0,99.71
2022-12-25,USHOU,LPG,80.0,80.0,98.0,91.43
2023-01-01,USHOU,LPG,72.0,72.0,103.0,90.0
2023-01-08,USHOU,LPG,102.0,78.0,117.0,95.88
2023-01-15,USHOU,LPG,109.0,79.0,117.0,99.0
2023-01-22,USHOU,LPG,103.0,43.0,106.0,88.0
2023-01-29,USHOU,LPG,86.0,78.0,115.0,92.25
2023-02-05,USHOU,LPG,90.0,80.0,133.0,103.0
2023-02-12,USHOU,LPG,92.0,76.0,106.0,88.0
2023-02-19,USHOU,LPG,90.0,20.0,120.0,93.0
2023-02-26,USHOU,LPG,67.0,58.0,108.0,88.0
2023-03-05,USHOU,LPG,125.0,71.0,125.0,100.38
2023-03-12,USHOU,LPG,108.0,81.0,110.0,98.38
2023-03-19,USHOU,LPG,107.0,92.0,114.0,105.12
2023-03-26,USHOU,LPG,101.0,79.0,110.0,97.75
2023-04-02,USHOU,LPG,103.0,65.0,129.0,99.62
2023-04-09,USHOU,LPG,87.0,66.0,122.0,97.62
2023-04-16,USHOU,LPG,85.0,74.0,131.0,99.88
2023-04-23,USHOU,LPG,104.0,84.0,120.0,99.0
2023-04-30,USHOU,LPG,86.0,86.0,114.0,96.62
2023-05-07,USHOU,LPG,97.0,86.0,113.0,97.5
2023-05-14,USHOU,LPG,100.0,79.0,124.0,97.88
2023-05-21,USHOU,LPG,102.0,67.0,125.0,98.25
2023-05-28,USHOU,LPG,99.0,77.0,114.0,99.38
2023-06-04,USHOU,LPG,85.0,85.0,114.0,100.88
2023-06-11,USHOU,LPG,85.0,85.0,119.0,99.88
2023-06-18,USHOU,LPG,88.0,84.0,126.0,98.75
2023-06-25,USHOU,LPG,104.0,82.0,104.0,91.38
2023-07-02,USHOU,LPG,92.0,85.0,110.0,96.88
2023-07-09,USHOU,LPG,78.0,78.0,104.0,93.62
2023-07-16,USHOU,LPG,92.0,76.0,100.0,89.88
2023-07-23,USHOU,LPG,100.0,90.0,102.0,96.5
2023-07-30,USHOU,LPG,108.0,70.0,126.0,100.75
2023-08-06,USHOU,LPG,99.0,77.0,107.0,93.38
2023-08-13,USHOU,LPG,97.0,84.0,120.0,98.38
2023-08-20,USHOU,LPG,107.0,88.0,117.0,101.12
2023-08-27,USHOU,LPG,103.0,87.0,110.0,99.25
2023-09-03,USHOU,LPG,113.0,70.0,113.0,93.38
2023-09-10,USHOU,LPG,96.0,87.0,111.0,95.14
2023-09-17,USHOU,LPG,103.0,85.0,103.0,93.57
2023-09-24,USHOU,LPG,101.0,86.0,109.0,97.29
2023-10-01,USHOU,LPG,110.0,87.0,110.0,99.57
2023-10-08,USHOU,LPG,100.0,95.0,110.0,100.57
2023-10-15,USHOU,LPG,102.0,94.0,114.0,101.0
2023-10-22,USHOU,LPG,94.0,91.0,108.0,99.0
2023-10-29,USHOU,LPG,90.0,86.0,107.0,94.29
2023-11-05,USHOU,LPG,87.0,76.0,102.0,93.43
2023-11-12,USHOU,LPG,108.0,88.0,108.0,99.14
2023-11-19,USHOU,LPG,108.0,77.0,110.0,93.29
2023-11-26,USHOU,LPG,111.0,89.0,111.0,98.86
2023-12-03,USHOU,LPG,98.0,79.0,109.0,93.0
2023-12-10,USHOU,LPG,98.0,82.0,100.0,92.0
2023-12-17,USHOU,LPG,116.0,83.0,116.0,99.71
2023-12-24,USHOU,LPG,97.0,80.0,98.0,91.43
2023-12-31,USHOU,LPG,101.0,72.0,103.0,90.0
2024-01-07,USHOU,LPG,89.0,78.0,117.0,95.88
2024-01-14,USHOU,LPG,79.0,79.0,117.0,99.0
2024-01-21,USHOU,LPG,95.0,43.0,106.0,88.0
2024-01-28,USHOU,LPG,78.0,78.0,115.0,92.25
2024-02-04,USHOU,LPG,110.0,80.0,133.0,103.0
2024-02-11,USHOU,LPG,106.0,76.0,106.0,88.0
2024-02-18,USHOU,LPG,120.0,20.0,120.0,93.0
2024-02-25,USHOU,LPG,101.0,58.0,108.0,88.0
2024-03-03,USHOU,LPG,104.0,71.0,125.0,100.38
2024-03-10,USHOU,LPG,98.0,81.0,110.0,98.38
2024-03-17,USHOU,LPG,107.0,92.0,114.0,105.12
2024-03-24,USHOU,LPG,110.0,79.0,110.0,97.75
2024-03-31,USHOU,LPG,118.0,65.0,129.0,99.62
2024-04-07,USHOU,LPG,102.0,66.0,122.0,97.62
2024-04-14,USHOU,LPG,98.0,74.0,131.0,99.88
2024-04-21,USHOU,LPG,87.0,84.0,120.0,99.0
2024-04-28,USHOU,LPG,105.0,86.0,114.0,96.62
2024-05-05,USHOU,LPG,92.0,86.0,113.0,97.5
2024-05-12,USHOU,LPG,124.0,79.0,124.0,97.88
2024-05-19,USHOU,LPG,95.0,67.0,125.0,98.25
2024-05-26,USHOU,LPG,107.0,77.0,114.0,99.38
2024-06-02,USHOU,LPG,114.0,85.0,114.0,100.88
2024-06-09,USHOU,LPG,119.0,85.0,119.0,99.88
2024-06-16,USHOU,LPG,126.0,84.0,126.0,98.75
2024-06-23,USHOU,LPG,82.0,82.0,104.0,91.38
2024-06-30,USHOU,LPG,110.0,85.0,110.0,96.88
2024-07-07,USHOU,LPG,84.0,78.0,104.0,93.62
2024-07-14,USHOU,LPG,76.0,76.0,100.0,89.88
2024-07-21,USHOU,LPG,93.0,90.0,102.0,96.5
2024-07-28,USHOU,LPG,126.0,70.0,126.0,100.75
2024-08-04,USHOU,LPG,107.0,77.0,107.0,93.38
2024-08-11,USHOU,LPG,120.0,84.0,120.0,98.38
2024-08-18,USHOU,LPG,117.0,88.0,117.0,101.12
2024-08-25,USHOU,LPG,109.0,87.0,110.0,99.25
2024-09-01,USHOU,LPG,92.0,70.0,113.0,93.38
2024-09-08,USHOU,LPG,111.0,87.0,111.0,95.14
2024-09-15,USHOU,LPG,95.0,85.0,103.0,93.57
2024-09-22,USHOU,LPG,109.0,86.0,109.0,97.29
2024-09-29,USHOU,LPG,94.0,87.0,110.0,99.57
2024-10-06,USHOU,LPG,95.0,95.0,110.0,100.57
2024-10-13,USHOU,LPG,99.0,94.0,114.0,101.0
2024-10-20,USHOU,LPG,108.0,91.0,108.0,99.0
2024-10-27,USHOU,LPG,102.0,86.0,107.0,94.29
2024-11-03,USHOU,LPG,102.0,76.0,102.0,93.43
2024-11-10,USHOU,LPG,98.0,88.0,108.0,99.14
2024-11-17,USHOU,LPG,110.0,77.0,110.0,93.29
2024-11-24,USHOU,LPG,98.0,89.0,111.0,98.86
2024-12-01,USHOU,LPG,109.0,79.0,109.0,93.0
2024-12-08,USHOU,LPG,100.0,82.0,100.0,92.0
2024-12-15,USHOU,LPG,104.0,83.0,116.0,99.71
2024-12-22,USHOU,LPG,96.0,80.0,98.0,91.43
2024-12-29,USHOU,LPG,103.0,72.0,103.0,90.0
2025-01-05,USHOU,LPG,117.0,78.0,117.0,95.88
2025-01-12,USHOU,LPG,95.0,79.0,117.0,99.0
2025-01-19,USHOU,LPG,106.0,43.0,106.0,88.0
2025-01-26,USHOU,LPG,85.0,78.0,115.0,92.25
2025-02-02,USHOU,LPG,105.0,80.0,133.0,103.0
2025-02-09,USHOU,LPG,81.0,76.0,106.0,88.0
2025-02-16,USHOU,LPG,115.0,20.0,120.0,93.0
2025-02-23,USHOU,LPG,108.0,58.0,108.0,88.0
2025-03-02,USHOU,LPG,89.0,71.0,125.0,100.38
2025-03-09,USHOU,LPG,89.0,81.0,110.0,98.38
2025-03-16,USHOU,LPG,113.0,92.0,114.0,105.12
2025-03-23,USHOU,LPG,94.0,79.0,110.0,97.75
2025-03-30,USHOU,LPG,94.0,65.0,129.0,99.62
2025-04-06,USHOU,LPG,108.0,66.0,122.0,97.62
2025-04-13,USHOU,LPG,110.0,74.0,131.0,99.88
2025-04-20,USHOU,LPG,101.0,84.0,120.0,99.0
2025-04-27,USHOU,LPG,95.0,86.0,114.0,96.62
2025-05-04,USHOU,LPG,104.0,86.0,113.0,97.5
2025-05-11,USHOU,LPG,91.0,79.0,124.0,97.88
2025-05-18,USHOU,LPG,108.0,67.0,125.0,98.25
2025-05-25,USHOU,LPG,101.0,77.0,114.0,99.38
2025-06-01,USHOU,LPG,99.0,85.0,114.0,100.88
2025-06-08,USHOU,LPG,86.0,85.0,119.0,99.88
2025-06-15,USHOU,LPG,93.0,84.0,126.0,98.75
2025-06-22,USHOU,LPG,99.0,82.0,104.0,91.38
2025-06-29,USHOU,LPG,101.0,85.0,110.0,96.88
2025-07-06,USHOU,LPG,94.0,78.0,104.0,93.62
2025-07-13,USHOU,LPG,96.0,76.0,100.0,89.88
2025-07-20,USHOU,LPG,91.0,90.0,102.0,96.5
2025-07-27,USHOU,LPG,99.0,70.0,126.0,100.75
2025-08-03,USHOU,LPG,84.0,77.0,107.0,93.38
2025-08-10,USHOU,LPG,93.0,84.0,120.0,98.38
2025-08-17,USHOU,LPG,97.0,88.0,117.0,101.12
2025-08-24,USHOU,LPG,98.0,87.0,110.0,99.25
2025-08-31,USHOU,LPG,104.0,70.0,113.0,93.38
2025-09-07,USHOU,LPG,95.0,87.0,111.0,95.14
2025-09-14,USHOU,LPG,99.0,85.0,103.0,93.57
2025-09-21,USHOU,LPG,98.0,86.0,109.0,97.29
2025-09-28,USHOU,LPG,103.0,87.0,110.0,99.57
2025-10-05,USHOU,LPG,103.0,95.0,110.0,100.57
2025-10-12,USHOU,LPG,106.0,94.0,114.0,101.0
2025-10-19,USHOU,LPG,94.0,91.0,108.0,99.0
2025-10-26,USHOU,LPG,86.0,86.0,107.0,94.29
2025-11-02,USHOU,LPG,95.0,76.0,102.0,93.43
2025-11-09,USHOU,LPG,105.0,88.0,108.0,99.14
2025-11-16,USHOU,LPG,96.0,77.0,110.0,93.29
2025-11-23,USHOU,LPG,101.0,89.0,111.0,98.86
2025-11-30,USHOU,LPG,90.0,79.0,109.0,93.0
2025-12-07,USHOU,LPG,85.0,82.0,100.0,92.0
2025-12-14,USHOU,LPG,108.0,83.0,116.0,99.71
2025-12-21,USHOU,LPG,97.0,80.0,98.0,91.43
2025-12-28,USHOU,LPG,79.0,72.0,103.0,90.0
2026-01-04,USHOU,LPG,100.0,78.0,117.0,95.88
2026-01-11,USHOU,LPG,103.0,79.0,117.0,99.0
2026-01-18,USHOU,LPG,94.0,43.0,106.0,88.0
2026-01-25,USHOU,LPG,84.0,78.0,115.0,92.25
2026-02-01,USHOU,LPG,115.0,80.0,133.0,103.0
2026-02-08,USHOU,LPG,91.0,76.0,106.0,88.0
2026-02-15,USHOU,LPG,94.0,20.0,120.0,93.0
2026-02-22,USHOU,LPG,85.0,58.0,108.0,88.0
2026-03-01,USHOU,LPG,121.0,71.0,125.0,100.38
2026-03-08,USHOU,LPG,105.0,81.0,110.0,98.38
2026-03-15,USHOU,LPG,103.0,92.0,114.0,105.12
2026-03-22,USHOU,LPG,106.0,79.0,110.0,97.75
2026-03-29,USHOU,LPG,129.0,65.0,129.0,99.62
2026-04-05,USHOU,LPG,108.0,66.0,122.0,97.62
2026-04-12,USHOU,LPG,106.0,74.0,131.0,99.88
2026-04-19,USHOU,LPG,120.0,84.0,120.0,99.0
2026-04-26,USHOU,LPG,114.0,86.0,114.0,96.62
2026-05-03,USHOU,LPG,113.0,86.0,113.0,97.5
2026-05-10,USHOU,LPG,111.0,79.0,124.0,97.88
2026-05-17,USHOU,LPG,112.0,67.0,125.0,98.25
2026-05-24,USHOU,LPG,114.0,77.0,114.0,99.38
2026-05-31,USHOU,LPG,114.0,85.0,114.0,100.88
2026-06-07,USHOU,LPG,111.0,85.0,119.0,99.88
2026-06-14,USHOU,LPG,106.0,84.0,126.0,98.75
2026-06-21,USHOU,LPG,84.0,82.0,104.0,91.38
2026-06-28,USHOU,LPG,108.0,85.0,110.0,96.88
2026-07-05,USHOU,LPG,101.0,78.0,104.0,93.62
2026-07-12,USHOU,LPG,83.0,76.0,100.0,89.88
2026-07-19,USHOU,LPG,98.0,90.0,102.0,96.5
2026-07-26,USHOU,LPG,98.0,70.0,126.0,100.75
2026-08-02,USHOU,LPG,77.0,77.0,107.0,93.38
2026-08-09,USHOU,LPG,109.0,84.0,120.0,98.38
2026-08-16,USHOU,LPG,108.0,88.0,117.0,101.12
2026-08-23,USHOU,LPG,110.0,87.0,110.0,99.25
2026-08-30,USHOU,LPG,70.0,70.0,113.0,93.38
2019-01-06,USPOA,LPG,16.0,13.0,24.0,19.12
2019-01-13,USPOA,LPG,21.0,12.0,27.0,17.62
2019-01-20,USPOA,LPG,18.0,11.0,21.0,16.25
2019-01-27,USPOA,LPG,24.0,13.0,24.0,17.38
2019-02-03,USPOA,LPG,8.0,8.0,23.0,16.62
2019-02-10,USPOA,LPG,16.0,7.0,22.0,15.25
2019-02-17,USPOA,LPG,13.0,4.0,20.0,13.75
2019-02-24,USPOA,LPG,21.0,8.0,21.0,15.5
2019-03-03,USPOA,LPG,15.0,14.0,24.0,18.5
2019-03-10,USPOA,LPG,16.0,9.0,21.0,14.75
2019-03-17,USPOA,LPG,17.0,7.0,24.0,16.25
2019-03-24,USPOA,LPG,20.0,14.0,24.0,18.88
2019-03-31,USPOA,LPG,20.0,12.0,25.0,17.88
2019-04-07,USPOA,LPG,14.0,13.0,25.0,17.75
2019-04-14,USPOA,LPG,23.0,15.0,26.0,18.75
2019-04-21,USPOA,LPG,19.0,7.0,23.0,17.38
2019-04-28,USPOA,LPG,16.0,11.0,20.0,15.75
2019-05-05,USPOA,LPG,21.0,11.0,22.0,16.62
2019-05-12,USPOA,LPG,12.0,12.0,22.0,17.0
2019-05-19,USPOA,LPG,20.0,10.0,22.0,16.38
2019-05-26,USPOA,LPG,14.0,12.0,22.0,17.88
2019-06-02,USPOA,LPG,19.0,12.0,22.0,18.25
2019-06-09,USPOA,LPG,17.0,15.0,24.0,19.0
2019-06-16,USPOA,LPG,20.0,15.0,22.0,18.0
2019-06-23,USPOA,LPG,17.0,11.0,22.0,16.5
2019-06-30,USPOA,LPG,16.0,12.0,27.0,19.0
2019-07-07,USPOA,LPG,22.0,14.0,22.0,18.5
2019-07-14,USPOA,LPG,8.0,8.0,22.0,16.25
2019-07-21,USPOA,LPG,21.0,14.0,22.0,19.38
2019-07-28,USPOA,LPG,15.0,14.0,26.0,17.25
2019-08-04,USPOA,LPG,18.0,16.0,23.0,19.12
2019-08-11,USPOA,LPG,17.0,14.0,21.0,16.5
2019-08-18,USPOA,LPG,14.0,14.0,25.0,20.5
2019-08-25,USPOA,LPG,13.0,13.0,20.0,17.25
2019-09-01,USPOA,LPG,13.0,1.0,21.0,13.75
2019-09-08,USPOA,LPG,8.0,8.0,21.0,16.14
2019-09-15,USPOA,LPG,10.0,10.0,21.0,16.57
2019-09-22,USPOA,LPG,12.0,12.0,26.0,19.43
2019-09-29,USPOA,LPG,12.0,11.0,22.0,15.0
2019-10-06,USPOA,LPG,7.0,7.0,23.0,16.57
2019-10-13,USPOA,LPG,19.0,10.0,21.0,17.29
2019-10-20,USPOA,LPG,14.0,14.0,23.0,19.57
2019-10-27,USPOA,LPG,11.0,11.0,21.0,15.29
2019-11-03,USPOA,LPG,13.0,13.0,21.0,17.0
2019-11-10,USPOA,LPG,18.0,14.0,25.0,19.14
2019-11-17,USPOA,LPG,13.0,13.0,19.0,16.14
2019-11-24,USPOA,LPG,12.0,12.0,23.0,18.14
2019-12-01,USPOA,LPG,11.0,11.0,19.0,15.71
2019-12-08,USPOA,LPG,16.0,14.0,32.0,19.43
2019-12-15,USPOA,LPG,12.0,12.0,25.0,18.86
2019-12-22,USPOA,LPG,17.0,16.0,22.0,19.86
2019-12-29,USPOA,LPG,20.0,15.0,21.0,17.71
2020-01-05,USPOA,LPG,13.0,13.0,24.0,19.12
2020-01-12,USPOA,LPG,12.0,12.0,27.0,17.62
2020-01-19,USPOA,LPG,11.0,11.0,21.0,16.25
2020-01-26,USPOA,LPG,16.0,13.0,24.0,17.38
2020-02-02,USPOA,LPG,19.0,8.0,23.0,16.62
2020-02-09,USPOA,LPG,14.0,7.0,22.0,15.25
2020-02-16,USPOA,LPG,14.0,4.0,20.0,13.75
2020-02-23,USPOA,LPG,13.0,8.0,21.0,15.5
2020-03-01,USPOA,LPG,20.0,14.0,24.0,18.5
2020-03-08,USPOA,LPG,10.0,9.0,21.0,14.75
2020-03-15,USPOA,LPG,7.0,7.0,24.0,16.25
2020-03-22,USPOA,LPG,14.0,14.0,24.0,18.88
2020-03-29,USPOA,LPG,12.0,12.0,25.0,17.88
2020-04-05,USPOA,LPG,16.0,13.0,25.0,17.75
2020-04-12,USPOA,LPG,15.0,15.0,26.0,18.75
2020-04-19,USPOA,LPG,7.0,7.0,23.0,17.38
2020-04-26,USPOA,LPG,16.0,11.0,20.0,15.75
2020-05-03,USPOA,LPG,11.0,11.0,22.0,16.62
2020-05-10,USPOA,LPG,12.0,12.0,22.0,17.0
2020-05-17,USPOA,LPG,11.0,10.0,22.0,16.38
2020-05-24,USPOA,LPG,12.0,12.0,22.0,17.88
2020-05-31,USPOA,LPG,12.0,12.0,22.0,18.25
2020-06-07,USPOA,LPG,18.0,15.0,24.0,19.0
2020-06-14,USPOA,LPG,16.0,15.0,22.0,18.0
2020-06-21,USPOA,LPG,11.0,11.0,22.0,16.5
2020-06-28,USPOA,LPG,12.0,12.0,27.0,19.0
2020-07-05,USPOA,LPG,18.0,14.0,22.0,18.5
2020-07-12,USPOA,LPG,14.0,8.0,22.0,16.25
2020-07-19,USPOA,LPG,14.0,14.0,22.0,19.38
2020-07-26,USPOA,LPG,15.0,14.0,26.0,17.25
2020-08-02,USPOA,LPG,23.0,16.0,23.0,19.12
2020-08-09,USPOA,LPG,15.0,14.0,21.0,16.5
2020-08-16,USPOA,LPG,22.0,14.0,25.0,20.5
2020-08-23,USPOA,LPG,19.0,13.0,20.0,17.25
2020-08-30,USPOA,LPG,1.0,1.0,21.0,13.75
2020-09-06,USPOA,LPG,10.0,8.0,21.0,16.14
2020-09-13,USPOA,LPG,13.0,10.0,21.0,16.57
2020-09-20,USPOA,LPG,13.0,12.0,26.0,19.43
2020-09-27,USPOA,LPG,16.0,11.0,22.0,15.0
2020-10-04,USPOA,LPG,18.0,7.0,23.0,16.57
2020-10-11,USPOA,LPG,15.0,10.0,21.0,17.29
2020-10-18,USPOA,LPG,23.0,14.0,23.0,19.57
2020-10-25,USPOA,LPG,15.0,11.0,21.0,15.29
2020-11-01,USPOA,LPG,18.0,13.0,21.0,17.0
2020-11-08,USPOA,LPG,16.0,14.0,25.0,19.14
2020-11-15,USPOA,LPG,14.0,13.0,19.0,16.14
2020-11-22,USPOA,LPG,16.0,12.0,23.0,18.14
2020-11-29,USPOA,LPG,13.0,11.0,19.0,15.71
2020-12-06,USPOA,LPG,14.0,14.0,32.0,19.43
2020-12-13,USPOA,LPG,21.0,12.0,25.0,18.86
2020-12-20,USPOA,LPG,21.0,16.0,22.0,19.86
2020-12-27,USPOA,LPG,20.0,15.0,21.0,17.71
2021-01-03,USPOA,LPG,15.0,12.0,18.0,15.0
2021-01-10,USPOA,LPG,23.0,13.0,24.0,19.12
2021-01-17,USPOA,LPG,19.0,12.0,27.0,17.62
2021-01-24,USPOA,LPG,15.0,11.0,21.0,16.25
2021-01-31,USPOA,LPG,22.0,13.0,24.0,17.38
2021-02-07,USPOA,LPG,14.0,8.0,23.0,16.62
2021-02-14,USPOA,LPG,16.0,7.0,22.0,15.25
2021-02-21,USPOA,LPG,4.0,4.0,20.0,13.75
2021-02-28,USPOA,LPG,8.0,8.0,21.0,15.5
2021-03-07,USPOA,LPG,17.0,14.0,24.0,18.5
2021-03-14,USPOA,LPG,9.0,9.0,21.0,14.75
2021-03-21,USPOA,LPG,15.0,7.0,24.0,16.25
2021-03-28,USPOA,LPG,20.0,14.0,24.0,18.88
2021-04-04,USPOA,LPG,21.0,12.0,25.0,17.88
2021-04-11,USPOA,LPG,21.0,13.0,25.0,17.75
2021-04-18,USPOA,LPG,18.0,15.0,26.0,18.75
2021-04-25,USPOA,LPG,22.0,7.0,23.0,17.38
2021-05-02,USPOA,LPG,18.0,11.0,20.0,15.75
2021-05-09,USPOA,LPG,19.0,11.0,22.0,16.62
2021-05-16,USPOA,LPG,16.0,12.0,22.0,17.0
2021-05-23,USPOA,LPG,10.0,10.0,22.0,16.38
2021-05-30,USPOA,LPG,20.0,12.0,22.0,17.88
2021-06-06,USPOA,LPG,21.0,12.0,22.0,18.25
2021-06-13,USPOA,LPG,24.0,15.0,24.0,19.0
2021-06-20,USPOA,LPG,19.0,15.0,22.0,18.0
2021-06-27,USPOA,LPG,22.0,11.0,22.0,16.5
2021-07-04,USPOA,LPG,24.0,12.0,27.0,19.0
2021-07-11,USPOA,LPG,22.0,14.0,22.0,18.5
2021-07-18,USPOA,LPG,21.0,8.0,22.0,16.25
2021-07-25,USPOA,LPG,21.0,14.0,22.0,19.38
2021-08-01,USPOA,LPG,18.0,14.0,26.0,17.25
2021-08-08,USPOA,LPG,17.0,16.0,23.0,19.12
2021-08-15,USPOA,LPG,20.0,14.0,21.0,16.5
2021-08-22,USPOA,LPG,23.0,14.0,25.0,20.5
2021-08-29,USPOA,LPG,20.0,13.0,20.0,17.25
2021-09-05,USPOA,LPG,21.0,1.0,21.0,13.75
2021-09-12,USPOA,LPG,18.0,8.0,21.0,16.14
2021-09-19,USPOA,LPG,21.0,10.0,21.0,16.57
2021-09-26,USPOA,LPG,26.0,12.0,26.0,19.43
2021-10-03,USPOA,LPG,13.0,11.0,22.0,15.0
2021-10-10,USPOA,LPG,23.0,7.0,23.0,16.57
2021-10-17,USPOA,LPG,16.0,10.0,21.0,17.29
2021-10-24,USPOA,LPG,21.0,14.0,23.0,19.57
2021-10-31,USPOA,LPG,16.0,11.0,21.0,15.29
2021-11-07,USPOA,LPG,17.0,13.0,21.0,17.0
2021-11-14,USPOA,LPG,25.0,14.0,25.0,19.14
2021-11-21,USPOA,LPG,19.0,13.0,19.0,16.14
2021-11-28,USPOA,LPG,18.0,12.0,23.0,18.14
2021-12-05,USPOA,LPG,16.0,11.0,19.0,15.71
2021-12-12,USPOA,LPG,32.0,14.0,32.0,19.43
2021-12-19,USPOA,LPG,18.0,12.0,25.0,18.86
2021-12-26,USPOA,LPG,22.0,16.0,22.0,19.86
2022-01-02,USPOA,LPG,15.0,15.0,21.0,17.71
2022-01-09,USPOA,LPG,24.0,13.0,24.0,19.12
2022-01-16,USPOA,LPG,17.0,12.0,27.0,17.62
2022-01-23,USPOA,LPG,12.0,11.0,21.0,16.25
2022-01-30,USPOA,LPG,13.0,13.0,24.0,17.38
2022-02-06,USPOA,LPG,17.0,8.0,23.0,16.62
2022-02-13,USPOA,LPG,20.0,7.0,22.0,15.25
2022-02-20,USPOA,LPG,20.0,4.0,20.0,13.75
2022-02-27,USPOA,LPG,19.0,8.0,21.0,15.5
2022-03-06,USPOA,LPG,24.0,14.0,24.0,18.5
2022-03-13,USPOA,LPG,21.0,9.0,21.0,14.75
2022-03-20,USPOA,LPG,24.0,7.0,24.0,16.25
2022-03-27,USPOA,LPG,24.0,14.0,24.0,18.88
2022-04-03,USPOA,LPG,25.0,12.0,25.0,17.88
2022-04-10,USPOA,LPG,25.0,13.0,25.0,17.75
2022-04-17,USPOA,LPG,17.0,15.0,26.0,18.75
2022-04-24,USPOA,LPG,23.0,7.0,23.0,17.38
2022-05-01,USPOA,LPG,20.0,11.0,20.0,15.75
2022-05-08,USPOA,LPG,22.0,11.0,22.0,16.62
2022-05-15,USPOA,LPG,20.0,12.0,22.0,17.0
2022-05-22,USPOA,LPG,19.0,10.0,22.0,16.38
2022-05-29,USPOA,LPG,22.0,12.0,22.0,17.88
2022-06-05,USPOA,LPG,20.0,12.0,22.0,18.25
2022-06-12,USPOA,LPG,19.0,15.0,24.0,19.0
2022-06-19,USPOA,LPG,18.0,15.0,22.0,18.0
2022-06-26,USPOA,LPG,19.0,11.0,22.0,16.5
2022-07-03,USPOA,LPG,27.0,12.0,27.0,19.0
2022-07-10,USPOA,LPG,21.0,14.0,22.0,18.5
2022-07-17,USPOA,LPG,21.0,8.0,22.0,16.25
2022-07-24,USPOA,LPG,22.0,14.0,22.0,19.38
2022-07-31,USPOA,LPG,18.0,14.0,26.0,17.25
2022-08-07,USPOA,LPG,18.0,16.0,23.0,19.12
2022-08-14,USPOA,LPG,15.0,14.0,21.0,16.5
2022-08-21,USPOA,LPG,21.0,14.0,25.0,20.5
2022-08-28,USPOA,LPG,19.0,13.0,20.0,17.25
2022-09-04,USPOA,LPG,16.0,1.0,21.0,13.75
2022-09-11,USPOA,LPG,19.0,8.0,21.0,16.14
2022-09-18,USPOA,LPG,21.0,10.0,21.0,16.57
2022-09-25,USPOA,LPG,26.0,12.0,26.0,19.43
2022-10-02,USPOA,LPG,11.0,11.0,22.0,15.0
2022-10-09,USPOA,LPG,18.0,7.0,23.0,16.57
2022-10-16,USPOA,LPG,10.0,10.0,21.0,17.29
2022-10-23,USPOA,LPG,16.0,14.0,23.0,19.57
2022-10-30,USPOA,LPG,15.0,11.0,21.0,15.29
2022-11-06,USPOA,LPG,19.0,13.0,21.0,17.0
2022-11-13,USPOA,LPG,19.0,14.0,25.0,19.14
2022-11-20,USPOA,LPG,16.0,13.0,19.0,16.14
2022-11-27,USPOA,LPG,18.0,12.0,23.0,18.14
2022-12-04,USPOA,LPG,16.0,11.0,19.0,15.71
2022-12-11,USPOA,LPG,26.0,14.0,32.0,19.43
2022-12-18,USPOA,LPG,25.0,12.0,25.0,18.86
2022-12-25,USPOA,LPG,20.0,16.0,22.0,19.86
2023-01-01,USPOA,LPG,15.0,15.0,21.0,17.71
2023-01-08,USPOA,LPG,18.0,13.0,24.0,19.12
2023-01-15,USPOA,LPG,27.0,12.0,27.0,17.62
2023-01-22,USPOA,LPG,21.0,11.0,21.0,16.25
2023-01-29,USPOA,LPG,20.0,13.0,24.0,17.38
2023-02-05,USPOA,LPG,23.0,8.0,23.0,16.62
2023-02-12,USPOA,LPG,22.0,7.0,22.0,15.25
2023-02-19,USPOA,LPG,19.0,4.0,20.0,13.75
2023-02-26,USPOA,LPG,14.0,8.0,21.0,15.5
2023-03-05,USPOA,LPG,21.0,14.0,24.0,18.5
2023-03-12,USPOA,LPG,18.0,9.0,21.0,14.75
2023-03-19,USPOA,LPG,17.0,7.0,24.0,16.25
2023-03-26,USPOA,LPG,15.0,14.0,24.0,18.88
2023-04-02,USPOA,LPG,18.0,12.0,25.0,17.88
2023-04-09,USPOA,LPG,18.0,13.0,25.0,17.75
2023-04-16,USPOA,LPG,26.0,15.0,26.0,18.75
2023-04-23,USPOA,LPG,21.0,7.0,23.0,17.38
2023-04-30,USPOA,LPG,18.0,11.0,20.0,15.75
2023-05-07,USPOA,LPG,12.0,11.0,22.0,16.62
2023-05-14,USPOA,LPG,20.0,12.0,22.0,17.0
2023-05-21,USPOA,LPG,22.0,10.0,22.0,16.38
2023-05-28,USPOA,LPG,21.0,12.0,22.0,17.88
2023-06-04,USPOA,LPG,22.0,12.0,22.0,18.25
2023-06-11,USPOA,LPG,19.0,15.0,24.0,19.0
2023-06-18,USPOA,LPG,15.0,15.0,22.0,18.0
2023-06-25,USPOA,LPG,19.0,11.0,22.0,16.5
2023-07-02,USPOA,LPG,18.0,12.0,27.0,19.0
2023-07-09,USPOA,LPG,19.0,14.0,22.0,18.5
2023-07-16,USPOA,LPG,18.0,8.0,22.0,16.25
2023-07-23,USPOA,LPG,17.0,14.0,22.0,19.38
2023-07-30,USPOA,LPG,16.0,14.0,26.0,17.25
2023-08-06,USPOA,LPG,18.0,16.0,23.0,19.12
2023-08-13,USPOA,LPG,21.0,14.0,21.0,16.5
2023-08-20,USPOA,LPG,23.0,14.0,25.0,20.5
2023-08-27,USPOA,LPG,20.0,13.0,20.0,17.25
2023-09-03,USPOA,LPG,19.0,1.0,21.0,13.75
2023-09-10,USPOA,LPG,21.0,8.0,21.0,16.14
2023-09-17,USPOA,LPG,18.0,10.0,21.0,16.57
2023-09-24,USPOA,LPG,20.0,12.0,26.0,19.43
2023-10-01,USPOA,LPG,15.0,11.0,22.0,15.0
2023-10-08,USPOA,LPG,16.0,7.0,23.0,16.57
2023-10-15,USPOA,LPG,20.0,10.0,21.0,17.29
2023-10-22,USPOA,LPG,18.0,14.0,23.0,19.57
2023-10-29,USPOA,LPG,21.0,11.0,21.0,15.29
2023-11-05,USPOA,LPG,14.0,13.0,21.0,17.0
2023-11-12,USPOA,LPG,14.0,14.0,25.0,19.14
2023-11-19,USPOA,LPG,15.0,13.0,19.0,16.14
2023-11-26,USPOA,LPG,19.0,12.0,23.0,18.14
2023-12-03,USPOA,LPG,16.0,11.0,19.0,15.71
2023-12-10,USPOA,LPG,16.0,14.0,32.0,19.43
2023-12-17,USPOA,LPG,19.0,12.0,25.0,18.86
2023-12-24,USPOA,LPG,22.0,16.0,22.0,19.86
2023-12-31,USPOA,LPG,16.0,15.0,21.0,17.71
2024-01-07,USPOA,LPG,24.0,13.0,24.0,19.12
2024-01-14,USPOA,LPG,15.0,12.0,27.0,17.62
2024-01-21,USPOA,LPG,16.0,11.0,21.0,16.25
2024-01-28,USPOA,LPG,14.0,13.0,24.0,17.38
2024-02-04,USPOA,LPG,12.0,8.0,23.0,16.62
2024-02-11,USPOA,LPG,11.0,7.0,22.0,15.25
2024-02-18,USPOA,LPG,13.0,4.0,20.0,13.75
2024-02-25,USPOA,LPG,12.0,8.0,21.0,15.5
2024-03-03,USPOA,LPG,19.0,14.0,24.0,18.5
2024-03-10,USPOA,LPG,14.0,9.0,21.0,14.75
2024-03-17,USPOA,LPG,18.0,7.0,24.0,16.25
2024-03-24,USPOA,LPG,23.0,14.0,24.0,18.88
2024-03-31,USPOA,LPG,18.0,12.0,25.0,17.88
2024-04-07,USPOA,LPG,18.0,13.0,25.0,17.75
2024-04-14,USPOA,LPG,18.0,15.0,26.0,18.75
2024-04-21,USPOA,LPG,15.0,7.0,23.0,17.38
2024-04-28,USPOA,LPG,11.0,11.0,20.0,15.75
2024-05-05,USPOA,LPG,17.0,11.0,22.0,16.62
2024-05-12,USPOA,LPG,16.0,12.0,22.0,17.0
2024-05-19,USPOA,LPG,17.0,10.0,22.0,16.38
2024-05-26,USPOA,LPG,19.0,12.0,22.0,17.88
2024-06-02,USPOA,LPG,18.0,12.0,22.0,18.25
2024-06-09,USPOA,LPG,19.0,15.0,24.0,19.0
2024-06-16,USPOA,LPG,19.0,15.0,22.0,18.0
2024-06-23,USPOA,LPG,14.0,11.0,22.0,16.5
2024-06-30,USPOA,LPG,22.0,12.0,27.0,19.0
2024-07-07,USPOA,LPG,14.0,14.0,22.0,18.5
2024-07-14,USPOA,LPG,15.0,8.0,22.0,16.25
2024-07-21,USPOA,LPG,20.0,14.0,22.0,19.38
2024-07-28,USPOA,LPG,26.0,14.0,26.0,17.25
2024-08-04,USPOA,LPG,21.0,16.0,23.0,19.12
2024-08-11,USPOA,LPG,16.0,14.0,21.0,16.5
2024-08-18,USPOA,LPG,25.0,14.0,25.0,20.5
2024-08-25,USPOA,LPG,16.0,13.0,20.0,17.25
2024-09-01,USPOA,LPG,13.0,1.0,21.0,13.75
2024-09-08,USPOA,LPG,20.0,8.0,21.0,16.14
2024-09-15,USPOA,LPG,15.0,10.0,21.0,16.57
2024-09-22,USPOA,LPG,21.0,12.0,26.0,19.43
2024-09-29,USPOA,LPG,22.0,11.0,22.0,15.0
2024-10-06,USPOA,LPG,12.0,7.0,23.0,16.57
2024-10-13,USPOA,LPG,20.0,10.0,21.0,17.29
2024-10-20,USPOA,LPG,22.0,14.0,23.0,19.57
2024-10-27,USPOA,LPG,17.0,11.0,21.0,15.29
2024-11-03,USPOA,LPG,17.0,13.0,21.0,17.0
2024-11-10,USPOA,LPG,18.0,14.0,25.0,19.14
2024-11-17,USPOA,LPG,17.0,13.0,19.0,16.14
2024-11-24,USPOA,LPG,23.0,12.0,23.0,18.14
2024-12-01,USPOA,LPG,19.0,11.0,19.0,15.71
2024-12-08,USPOA,LPG,17.0,14.0,32.0,19.43
2024-12-15,USPOA,LPG,20.0,12.0,25.0,18.86
2024-12-22,USPOA,LPG,16.0,16.0,22.0,19.86
2024-12-29,USPOA,LPG,21.0,15.0,21.0,17.71
2025-01-05,USPOA,LPG,13.0,13.0,24.0,19.12
2025-01-12,USPOA,LPG,16.0,12.0,27.0,17.62
2025-01-19,USPOA,LPG,20.0,11.0,21.0,16.25
2025-01-26,USPOA,LPG,17.0,13.0,24.0,17.38
2025-02-02,USPOA,LPG,20.0,8.0,23.0,16.62
2025-02-09,USPOA,LPG,7.0,7.0,22.0,15.25
2025-02-16,USPOA,LPG,18.0,4.0,20.0,13.75
2025-02-23,USPOA,LPG,18.0,8.0,21.0,15.5
2025-03-02,USPOA,LPG,14.0,14.0,24.0,18.5
2025-03-09,USPOA,LPG,15.0,9.0,21.0,14.75
2025-03-16,USPOA,LPG,14.0,7.0,24.0,16.25
2025-03-23,USPOA,LPG,18.0,14.0,24.0,18.88
2025-03-30,USPOA,LPG,13.0,12.0,25.0,17.88
2025-04-06,USPOA,LPG,13.0,13.0,25.0,17.75
2025-04-13,USPOA,LPG,16.0,15.0,26.0,18.75
2025-04-20,USPOA,LPG,19.0,7.0,23.0,17.38
2025-04-27,USPOA,LPG,13.0,11.0,20.0,15.75
2025-05-04,USPOA,LPG,16.0,11.0,22.0,16.62
2025-05-11,USPOA,LPG,22.0,12.0,22.0,17.0
2025-05-18,USPOA,LPG,16.0,10.0,22.0,16.38
2025-05-25,USPOA,LPG,17.0,12.0,22.0,17.88
2025-06-01,USPOA,LPG,17.0,12.0,22.0,18.25
2025-06-08,USPOA,LPG,15.0,15.0,24.0,19.0
2025-06-15,USPOA,LPG,15.0,15.0,22.0,18.0
2025-06-22,USPOA,LPG,16.0,11.0,22.0,16.5
2025-06-29,USPOA,LPG,21.0,12.0,27.0,19.0
2025-07-06,USPOA,LPG,16.0,14.0,22.0,18.5
2025-07-13,USPOA,LPG,22.0,8.0,22.0,16.25
2025-07-20,USPOA,LPG,20.0,14.0,22.0,19.38
2025-07-27,USPOA,LPG,16.0,14.0,26.0,17.25
2025-08-03,USPOA,LPG,22.0,16.0,23.0,19.12
2025-08-10,USPOA,LPG,14.0,14.0,21.0,16.5
2025-08-17,USPOA,LPG,21.0,14.0,25.0,20.5
2025-08-24,USPOA,LPG,14.0,13.0,20.0,17.25
2025-08-31,USPOA,LPG,14.0,1.0,21.0,13.75
2025-09-07,USPOA,LPG,17.0,8.0,21.0,16.14
2025-09-14,USPOA,LPG,18.0,10.0,21.0,16.57
2025-09-21,USPOA,LPG,18.0,12.0,26.0,19.43
2025-09-28,USPOA,LPG,16.0,11.0,22.0,15.0
2025-10-05,USPOA,LPG,22.0,7.0,23.0,16.57
2025-10-12,USPOA,LPG,21.0,10.0,21.0,17.29
2025-10-19,USPOA,LPG,23.0,14.0,23.0,19.57
2025-10-26,USPOA,LPG,12.0,11.0,21.0,15.29
2025-11-02,USPOA,LPG,21.0,13.0,21.0,17.0
2025-11-09,USPOA,LPG,24.0,14.0,25.0,19.14
2025-11-16,USPOA,LPG,19.0,13.0,19.0,16.14
2025-11-23,USPOA,LPG,21.0,12.0,23.0,18.14
2025-11-30,USPOA,LPG,19.0,11.0,19.0,15.71
2025-12-07,USPOA,LPG,15.0,14.0,32.0,19.43
2025-12-14,USPOA,LPG,17.0,12.0,25.0,18.86
2025-12-21,USPOA,LPG,21.0,16.0,22.0,19.86
2025-12-28,USPOA,LPG,17.0,15.0,21.0,17.71
2026-01-04,USPOA,LPG,22.0,13.0,24.0,19.12
2026-01-11,USPOA,LPG,14.0,12.0,27.0,17.62
2026-01-18,USPOA,LPG,17.0,11.0,21.0,16.25
2026-01-25,USPOA,LPG,13.0,13.0,24.0,17.38
2026-02-01,USPOA,LPG,20.0,8.0,23.0,16.62
2026-02-08,USPOA,LPG,16.0,7.0,22.0,15.25
2026-02-15,USPOA,LPG,9.0,4.0,20.0,13.75
2026-02-22,USPOA,LPG,19.0,8.0,21.0,15.5
2026-03-01,USPOA,LPG,18.0,14.0,24.0,18.5
2026-03-08,USPOA,LPG,15.0,9.0,21.0,14.75
2026-03-15,USPOA,LPG,18.0,7.0,24.0,16.25
2026-03-22,USPOA,LPG,17.0,14.0,24.0,18.88
2026-03-29,USPOA,LPG,16.0,12.0,25.0,17.88
2026-04-05,USPOA,LPG,17.0,13.0,25.0,17.75
2026-04-12,USPOA,LPG,17.0,15.0,26.0,18.75
2026-04-19,USPOA,LPG,13.0,7.0,23.0,17.38
2026-04-26,USPOA,LPG,14.0,11.0,20.0,15.75
2026-05-03,USPOA,LPG,15.0,11.0,22.0,16.62
2026-05-10,USPOA,LPG,18.0,12.0,22.0,17.0
2026-05-17,USPOA,LPG,16.0,10.0,22.0,16.38
2026-05-24,USPOA,LPG,18.0,12.0,22.0,17.88
2026-05-31,USPOA,LPG,17.0,12.0,22.0,18.25
2026-06-07,USPOA,LPG,21.0,15.0,24.0,19.0
2026-06-14,USPOA,LPG,22.0,15.0,22.0,18.0
2026-06-21,USPOA,LPG,14.0,11.0,22.0,16.5
2026-06-28,USPOA,LPG,12.0,12.0,27.0,19.0
2026-07-05,USPOA,LPG,16.0,14.0,22.0,18.5
2026-07-12,USPOA,LPG,11.0,8.0,22.0,16.25
2026-07-19,USPOA,LPG,20.0,14.0,22.0,19.38
2026-07-26,USPOA,LPG,14.0,14.0,26.0,17.25
2026-08-02,USPOA,LPG,16.0,16.0,23.0,19.12
2026-08-09,USPOA,LPG,14.0,14.0,21.0,16.5
2026-08-16,USPOA,LPG,15.0,14.0,25.0,20.5
2026-08-23,USPOA,LPG,17.0,13.0,20.0,17.25
2026-08-30,USPOA,LPG,13.0,1.0,21.0,13.75
2019-01-06,AEFJR,Tankers,38.0,38.0,67.0,57.75
2019-01-13,AEFJR,Tankers,53.0,51.0,67.0,57.12
2019-01-20,AEFJR,Tankers,45.0,45.0,72.0,59.25
2019-01-27,AEFJR,Tankers,53.0,52.0,72.0,58.12
2019-02-03,AEFJR,Tankers,43.0,43.0,69.0,56.75
2019-02-10,AEFJR,Tankers,55.0,52.0,70.0,60.5
2019-02-17,AEFJR,Tankers,53.0,52.0,72.0,59.88
2019-02-24,AEFJR,Tankers,51.0,51.0,70.0,60.38
2019-03-03,AEFJR,Tankers,54.0,54.0,69.0,60.75
2019-03-10,AEFJR,Tankers,59.0,4.0,78.0,58.62
2019-03-17,AEFJR,Tankers,55.0,1.0,77.0,53.25
2019-03-24,AEFJR,Tankers,52.0,4.0,73.0,53.5
2019-03-31,AEFJR,Tankers,58.0,6.0,67.0,54.12
2019-04-07,AEFJR,Tankers,60.0,10.0,69.0,56.38
2019-04-14,AEFJR,Tankers,49.0,15.0,68.0,54.0
2019-04-21,AEFJR,Tankers,60.0,18.0,67.0,52.5
2019-04-28,AEFJR,Tankers,64.0,18.0,65.0,56.0
2019-05-05,AEFJR,Tankers,49.0,20.0,72.0,56.75
2019-05-12,AEFJR,Tankers,55.0,4.0,72.0,54.12
2019-05-19,AEFJR,Tankers,53.0,3.0,64.0,50.88
2019-05-26,AEFJR,Tankers,59.0,9.0,68.0,54.62
2019-06-02,AEFJR,Tankers,49.0,11.0,74.0,53.88
2019-06-09,AEFJR,Tankers,54.0,7.0,68.0,53.88
2019-06-16,AEFJR,Tankers,48.0,16.0,65.0,51.62
2019-06-23,AEFJR,Tankers,55.0,1.0,71.0,52.0
2019-06-30,AEFJR,Tankers,59.0,21.0,74.0,57.12
2019-07-07,AEFJR,Tankers,48.0,25.0,66.0,52.25
2019-07-14,AEFJR,Tankers,50.0,23.0,73.0,55.88
2019-07-21,AEFJR,Tankers,56.0,22.0,77.0,57.5
2019-07-28,AEFJR,Tankers,43.0,36.0,65.0,50.75
2019-08-04,AEFJR,Tankers,46.0,26.0,64.0,52.88
2019-08-11,AEFJR,Tankers,63.0,27.0,69.0,58.0
2019-08-18,AEFJR,Tankers,52.0,26.0,70.0,56.5
2019-08-25,AEFJR,Tankers,48.0,33.0,72.0,61.25
2019-09-01,AEFJR,Tankers,55.0,29.0,71.0,59.12
2019-09-08,AEFJR,Tankers,44.0,44.0,71.0,61.29
2019-09-15,AEFJR,Tankers,52.0,51.0,80.0,62.29
2019-09-22,AEFJR,Tankers,61.0,59.0,67.0,63.71
2019-09-29,AEFJR,Tankers,61.0,51.0,70.0,58.57
2019-10-06,AEFJR,Tankers,61.0,54.0,75.0,64.29
2019-10-13,AEFJR,Tankers,60.0,60.0,76.0,67.57
2019-10-20,AEFJR,Tankers,65.0,56.0,69.0,62.29
2019-10-27,AEFJR,Tankers,63.0,54.0,76.0,62.86
2019-11-03,AEFJR,Tankers,49.0,49.0,82.0,64.57
2019-11-10,AEFJR,Tankers,57.0,48.0,70.0,60.86
2019-11-17,AEFJR,Tankers,54.0,54.0,69.0,61.0
2019-11-24,AEFJR,Tankers,59.0,56.0,70.0,63.29
2019-12-01,AEFJR,Tankers,62.0,48.0,67.0,59.14
2019-12-08,AEFJR,Tankers,56.0,48.0,76.0,62.0
2019-12-15,AEFJR,Tankers,61.0,55.0,74.0,63.71
2019-12-22,AEFJR,Tankers,57.0,54.0,66.0,58.57
2019-12-29,AEFJR,Tankers,76.0,44.0,76.0,59.57
2020-01-05,AEFJR,Tankers,62.0,38.0,67.0,57.75
2020-01-12,AEFJR,Tankers,51.0,51.0,67.0,57.12
2020-01-19,AEFJR,Tankers,61.0,45.0,72.0,59.25
2020-01-26,AEFJR,Tankers,60.0,52.0,72.0,58.12
2020-02-02,AEFJR,Tankers,66.0,43.0,69.0,56.75
2020-02-09,AEFJR,Tankers,53.0,52.0,70.0,60.5
2020-02-16,AEFJR,Tankers,72.0,52.0,72.0,59.88
2020-02-23,AEFJR,Tankers,53.0,51.0,70.0,60.38
2020-03-01,AEFJR,Tankers,55.0,54.0,69.0,60.75
2020-03-08,AEFJR,Tankers,59.0,4.0,78.0,58.62
2020-03-15,AEFJR,Tankers,58.0,1.0,77.0,53.25
2020-03-22,AEFJR,Tankers,53.0,4.0,73.0,53.5
2020-03-29,AEFJR,Tankers,63.0,6.0,67.0,54.12
2020-04-05,AEFJR,Tankers,62.0,10.0,69.0,56.38
2020-04-12,AEFJR,Tankers,59.0,15.0,68.0,54.0
2020-04-19,AEFJR,Tankers,50.0,18.0,67.0,52.5
2020-04-26,AEFJR,Tankers,55.0,18.0,65.0,56.0
2020-05-03,AEFJR,Tankers,50.0,20.0,72.0,56.75
2020-05-10,AEFJR,Tankers,54.0,4.0,72.0,54.12
2020-05-17,AEFJR,Tankers,50.0,3.0,64.0,50.88
2020-05-24,AEFJR,Tankers,50.0,9.0,68.0,54.62
2020-05-31,AEFJR,Tankers,43.0,11.0,74.0,53.88
2020-06-07,AEFJR,Tankers,46.0,7.0,68.0,53.88
2020-06-14,AEFJR,Tankers,41.0,16.0,65.0,51.62
2020-06-21,AEFJR,Tankers,44.0,1.0,71.0,52.0
2020-06-28,AEFJR,Tankers,44.0,21.0,74.0,57.12
2020-07-05,AEFJR,Tankers,42.0,25.0,66.0,52.25
2020-07-12,AEFJR,Tankers,52.0,23.0,73.0,55.88
2020-07-19,AEFJR,Tankers,54.0,22.0,77.0,57.5
2020-07-26,AEFJR,Tankers,44.0,36.0,65.0,50.75
2020-08-02,AEFJR,Tankers,45.0,26.0,64.0,52.88
2020-08-09,AEFJR,Tankers,54.0,27.0,69.0,58.0
2020-08-16,AEFJR,Tankers,47.0,26.0,70.0,56.5
2020-08-23,AEFJR,Tankers,67.0,33.0,72.0,61.25
2020-08-30,AEFJR,Tankers,54.0,29.0,71.0,59.12
2020-09-06,AEFJR,Tankers,57.0,44.0,71.0,61.29
2020-09-13,AEFJR,Tankers,51.0,51.0,80.0,62.29
2020-09-20,AEFJR,Tankers,62.0,59.0,67.0,63.71
2020-09-27,AEFJR,Tankers,53.0,51.0,70.0,58.57
2020-10-04,AEFJR,Tankers,54.0,54.0,75.0,64.29
2020-10-11,AEFJR,Tankers,63.0,60.0,76.0,67.57
2020-10-18,AEFJR,Tankers,56.0,56.0,69.0,62.29
2020-10-25,AEFJR,Tankers,58.0,54.0,76.0,62.86
2020-11-01,AEFJR,Tankers,55.0,49.0,82.0,64.57
2020-11-08,AEFJR,Tankers,59.0,48.0,70.0,60.86
2020-11-15,AEFJR,Tankers,55.0,54.0,69.0,61.0
2020-11-22,AEFJR,Tankers,59.0,56.0,70.0,63.29
2020-11-29,AEFJR,Tankers,48.0,48.0,67.0,59.14
2020-12-06,AEFJR,Tankers,48.0,48.0,76.0,62.0
2020-12-13,AEFJR,Tankers,55.0,55.0,74.0,63.71
2020-12-20,AEFJR,Tankers,57.0,54.0,66.0,58.57
2020-12-27,AEFJR,Tankers,55.0,44.0,76.0,59.57
2021-01-03,AEFJR,Tankers,49.0,39.2,58.8,49.0
2021-01-10,AEFJR,Tankers,60.0,38.0,67.0,57.75
2021-01-17,AEFJR,Tankers,56.0,51.0,67.0,57.12
2021-01-24,AEFJR,Tankers,51.0,45.0,72.0,59.25
2021-01-31,AEFJR,Tankers,61.0,52.0,72.0,58.12
2021-02-07,AEFJR,Tankers,58.0,43.0,69.0,56.75
2021-02-14,AEFJR,Tankers,59.0,52.0,70.0,60.5
2021-02-21,AEFJR,Tankers,52.0,52.0,72.0,59.88
2021-02-28,AEFJR,Tankers,58.0,51.0,70.0,60.38
2021-03-07,AEFJR,Tankers,56.0,54.0,69.0,60.75
2021-03-14,AEFJR,Tankers,70.0,4.0,78.0,58.62
2021-03-21,AEFJR,Tankers,51.0,1.0,77.0,53.25
2021-03-28,AEFJR,Tankers,59.0,4.0,73.0,53.5
2021-04-04,AEFJR,Tankers,67.0,6.0,67.0,54.12
2021-04-11,AEFJR,Tankers,63.0,10.0,69.0,56.38
2021-04-18,AEFJR,Tankers,59.0,15.0,68.0,54.0
2021-04-25,AEFJR,Tankers,56.0,18.0,67.0,52.5
2021-05-02,AEFJR,Tankers,60.0,18.0,65.0,56.0
2021-05-09,AEFJR,Tankers,63.0,20.0,72.0,56.75
2021-05-16,AEFJR,Tankers,53.0,4.0,72.0,54.12
2021-05-23,AEFJR,Tankers,56.0,3.0,64.0,50.88
2021-05-30,AEFJR,Tankers,57.0,9.0,68.0,54.62
2021-06-06,AEFJR,Tankers,64.0,11.0,74.0,53.88
2021-06-13,AEFJR,Tankers,59.0,7.0,68.0,53.88
2021-06-20,AEFJR,Tankers,56.0,16.0,65.0,51.62
2021-06-27,AEFJR,Tankers,52.0,1.0,71.0,52.0
2021-07-04,AEFJR,Tankers,56.0,21.0,74.0,57.12
2021-07-11,AEFJR,Tankers,61.0,25.0,66.0,52.25
2021-07-18,AEFJR,Tankers,56.0,23.0,73.0,55.88
2021-07-25,AEFJR,Tankers,77.0,22.0,77.0,57.5
2021-08-01,AEFJR,Tankers,61.0,36.0,65.0,50.75
2021-08-08,AEFJR,Tankers,60.0,26.0,64.0,52.88
2021-08-15,AEFJR,Tankers,66.0,27.0,69.0,58.0
2021-08-22,AEFJR,Tankers,58.0,26.0,70.0,56.5
2021-08-29,AEFJR,Tankers,71.0,33.0,72.0,61.25
2021-09-05,AEFJR,Tankers,63.0,29.0,71.0,59.12
2021-09-12,AEFJR,Tankers,59.0,44.0,71.0,61.29
2021-09-19,AEFJR,Tankers,60.0,51.0,80.0,62.29
2021-09-26,AEFJR,Tankers,65.0,59.0,67.0,63.71
2021-10-03,AEFJR,Tankers,52.0,51.0,70.0,58.57
2021-10-10,AEFJR,Tankers,69.0,54.0,75.0,64.29
2021-10-17,AEFJR,Tankers,73.0,60.0,76.0,67.57
2021-10-24,AEFJR,Tankers,64.0,56.0,69.0,62.29
2021-10-31,AEFJR,Tankers,54.0,54.0,76.0,62.86
2021-11-07,AEFJR,Tankers,82.0,49.0,82.0,64.57
2021-11-14,AEFJR,Tankers,62.0,48.0,70.0,60.86
2021-11-21,AEFJR,Tankers,65.0,54.0,69.0,61.0
2021-11-28,AEFJR,Tankers,63.0,56.0,70.0,63.29
2021-12-05,AEFJR,Tankers,58.0,48.0,67.0,59.14
2021-12-12,AEFJR,Tankers,58.0,48.0,76.0,62.0
2021-12-19,AEFJR,Tankers,65.0,55.0,74.0,63.71
2021-12-26,AEFJR,Tankers,54.0,54.0,66.0,58.57
2022-01-02,AEFJR,Tankers,44.0,44.0,76.0,59.57
2022-01-09,AEFJR,Tankers,58.0,38.0,67.0,57.75
2022-01-16,AEFJR,Tankers,56.0,51.0,67.0,57.12
2022-01-23,AEFJR,Tankers,56.0,45.0,72.0,59.25
2022-01-30,AEFJR,Tankers,55.0,52.0,72.0,58.12
2022-02-06,AEFJR,Tankers,54.0,43.0,69.0,56.75
2022-02-13,AEFJR,Tankers,65.0,52.0,70.0,60.5
2022-02-20,AEFJR,Tankers,60.0,52.0,72.0,59.88
2022-02-27,AEFJR,Tankers,70.0,51.0,70.0,60.38
2022-03-06,AEFJR,Tankers,66.0,54.0,69.0,60.75
2022-03-13,AEFJR,Tankers,63.0,4.0,78.0,58.62
2022-03-20,AEFJR,Tankers,51.0,1.0,77.0,53.25
2022-03-27,AEFJR,Tankers,61.0,4.0,73.0,53.5
2022-04-03,AEFJR,Tankers,63.0,6.0,67.0,54.12
2022-04-10,AEFJR,Tankers,62.0,10.0,69.0,56.38
2022-04-17,AEFJR,Tankers,58.0,15.0,68.0,54.0
2022-04-24,AEFJR,Tankers,63.0,18.0,67.0,52.5
2022-05-01,AEFJR,Tankers,65.0,18.0,65.0,56.0
2022-05-08,AEFJR,Tankers,72.0,20.0,72.0,56.75
2022-05-15,AEFJR,Tankers,62.0,4.0,72.0,54.12
2022-05-22,AEFJR,Tankers,61.0,3.0,64.0,50.88
2022-05-29,AEFJR,Tankers,65.0,9.0,68.0,54.62
2022-06-05,AEFJR,Tankers,74.0,11.0,74.0,53.88
2022-06-12,AEFJR,Tankers,68.0,7.0,68.0,53.88
2022-06-19,AEFJR,Tankers,64.0,16.0,65.0,51.62
2022-06-26,AEFJR,Tankers,62.0,1.0,71.0,52.0
2022-07-03,AEFJR,Tankers,73.0,21.0,74.0,57.12
2022-07-10,AEFJR,Tankers,61.0,25.0,66.0,52.25
2022-07-17,AEFJR,Tankers,61.0,23.0,73.0,55.88
2022-07-24,AEFJR,Tankers,61.0,22.0,77.0,57.5
2022-07-31,AEFJR,Tankers,39.0,36.0,65.0,50.75
2022-08-07,AEFJR,Tankers,60.0,26.0,64.0,52.88
2022-08-14,AEFJR,Tankers,69.0,27.0,69.0,58.0
2022-08-21,AEFJR,Tankers,67.0,26.0,70.0,56.5
2022-08-28,AEFJR,Tankers,66.0,33.0,72.0,61.25
2022-09-04,AEFJR,Tankers,62.0,29.0,71.0,59.12
2022-09-11,AEFJR,Tankers,71.0,44.0,71.0,61.29
2022-09-18,AEFJR,Tankers,62.0,51.0,80.0,62.29
2022-09-25,AEFJR,Tankers,65.0,59.0,67.0,63.71
2022-10-02,AEFJR,Tankers,55.0,51.0,70.0,58.57
2022-10-09,AEFJR,Tankers,67.0,54.0,75.0,64.29
2022-10-16,AEFJR,Tankers,61.0,60.0,76.0,67.57
2022-10-23,AEFJR,Tankers,60.0,56.0,69.0,62.29
2022-10-30,AEFJR,Tankers,59.0,54.0,76.0,62.86
2022-11-06,AEFJR,Tankers,63.0,49.0,82.0,64.57
2022-11-13,AEFJR,Tankers,48.0,48.0,70.0,60.86
2022-11-20,AEFJR,Tankers,56.0,54.0,69.0,61.0
2022-11-27,AEFJR,Tankers,66.0,56.0,70.0,63.29
2022-12-04,AEFJR,Tankers,61.0,48.0,67.0,59.14
2022-12-11,AEFJR,Tankers,65.0,48.0,76.0,62.0
2022-12-18,AEFJR,Tankers,61.0,55.0,74.0,63.71
2022-12-25,AEFJR,Tankers,57.0,54.0,66.0,58.57
2023-01-01,AEFJR,Tankers,69.0,44.0,76.0,59.57
2023-01-08,AEFJR,Tankers,61.0,38.0,67.0,57.75
2023-01-15,AEFJR,Tankers,53.0,51.0,67.0,57.12
2023-01-22,AEFJR,Tankers,61.0,45.0,72.0,59.25
2023-01-29,AEFJR,Tankers,55.0,52.0,72.0,58.12
2023-02-05,AEFJR,Tankers,48.0,43.0,69.0,56.75
2023-02-12,AEFJR,Tankers,52.0,52.0,70.0,60.5
2023-02-19,AEFJR,Tankers,67.0,52.0,72.0,59.88
2023-02-26,AEFJR,Tankers,62.0,51.0,70.0,60.38
2023-03-05,AEFJR,Tankers,67.0,54.0,69.0,60.75
2023-03-12,AEFJR,Tankers,71.0,4.0,78.0,58.62
2023-03-19,AEFJR,Tankers,65.0,1.0,77.0,53.25
2023-03-26,AEFJR,Tankers,69.0,4.0,73.0,53.5
2023-04-02,AEFJR,Tankers,61.0,6.0,67.0,54.12
2023-04-09,AEFJR,Tankers,69.0,10.0,69.0,56.38
2023-04-16,AEFJR,Tankers,68.0,15.0,68.0,54.0
2023-04-23,AEFJR,Tankers,67.0,18.0,67.0,52.5
2023-04-30,AEFJR,Tankers,56.0,18.0,65.0,56.0
2023-05-07,AEFJR,Tankers,62.0,20.0,72.0,56.75
2023-05-14,AEFJR,Tankers,72.0,4.0,72.0,54.12
2023-05-21,AEFJR,Tankers,58.0,3.0,64.0,50.88
2023-05-28,AEFJR,Tankers,68.0,9.0,68.0,54.62
2023-06-04,AEFJR,Tankers,68.0,11.0,74.0,53.88
2023-06-11,AEFJR,Tankers,67.0,7.0,68.0,53.88
2023-06-18,AEFJR,Tankers,58.0,16.0,65.0,51.62
2023-06-25,AEFJR,Tankers,65.0,1.0,71.0,52.0
2023-07-02,AEFJR,Tankers,74.0,21.0,74.0,57.12
2023-07-09,AEFJR,Tankers,66.0,25.0,66.0,52.25
2023-07-16,AEFJR,Tankers,60.0,23.0,73.0,55.88
2023-07-23,AEFJR,Tankers,63.0,22.0,77.0,57.5
2023-07-30,AEFJR,Tankers,65.0,36.0,65.0,50.75
2023-08-06,AEFJR,Tankers,61.0,26.0,64.0,52.88
2023-08-13,AEFJR,Tankers,64.0,27.0,69.0,58.0
2023-08-20,AEFJR,Tankers,67.0,26.0,70.0,56.5
2023-08-27,AEFJR,Tankers,65.0,33.0,72.0,61.25
2023-09-03,AEFJR,Tankers,70.0,29.0,71.0,59.12
2023-09-10,AEFJR,Tankers,67.0,44.0,71.0,61.29
2023-09-17,AEFJR,Tankers,60.0,51.0,80.0,62.29
2023-09-24,AEFJR,Tankers,67.0,59.0,67.0,63.71
2023-10-01,AEFJR,Tankers,51.0,51.0,70.0,58.57
2023-10-08,AEFJR,Tankers,58.0,54.0,75.0,64.29
2023-10-15,AEFJR,Tankers,74.0,60.0,76.0,67.57
2023-10-22,AEFJR,Tankers,63.0,56.0,69.0,62.29
2023-10-29,AEFJR,Tankers,71.0,54.0,76.0,62.86
2023-11-05,AEFJR,Tankers,70.0,49.0,82.0,64.57
2023-11-12,AEFJR,Tankers,70.0,48.0,70.0,60.86
2023-11-19,AEFJR,Tankers,69.0,54.0,69.0,61.0
2023-11-26,AEFJR,Tankers,70.0,56.0,70.0,63.29
2023-12-03,AEFJR,Tankers,62.0,48.0,67.0,59.14
2023-12-10,AEFJR,Tankers,60.0,48.0,76.0,62.0
2023-12-17,AEFJR,Tankers,64.0,55.0,74.0,63.71
2023-12-24,AEFJR,Tankers,66.0,54.0,66.0,58.57
2023-12-31,AEFJR,Tankers,58.0,44.0,76.0,59.57
2024-01-07,AEFJR,Tankers,53.0,38.0,67.0,57.75
2024-01-14,AEFJR,Tankers,59.0,51.0,67.0,57.12
2024-01-21,AEFJR,Tankers,64.0,45.0,72.0,59.25
2024-01-28,AEFJR,Tankers,52.0,52.0,72.0,58.12
2024-02-04,AEFJR,Tankers,51.0,43.0,69.0,56.75
2024-02-11,AEFJR,Tankers,66.0,52.0,70.0,60.5
2024-02-18,AEFJR,Tankers,53.0,52.0,72.0,59.88
2024-02-25,AEFJR,Tankers,63.0,51.0,70.0,60.38
2024-03-03,AEFJR,Tankers,59.0,54.0,69.0,60.75
2024-03-10,AEFJR,Tankers,65.0,4.0,78.0,58.62
2024-03-17,AEFJR,Tankers,77.0,1.0,77.0,53.25
2024-03-24,AEFJR,Tankers,57.0,4.0,73.0,53.5
2024-03-31,AEFJR,Tankers,50.0,6.0,67.0,54.12
2024-04-07,AEFJR,Tankers,60.0,10.0,69.0,56.38
2024-04-14,AEFJR,Tankers,57.0,15.0,68.0,54.0
2024-04-21,AEFJR,Tankers,53.0,18.0,67.0,52.5
2024-04-28,AEFJR,Tankers,65.0,18.0,65.0,56.0
2024-05-05,AEFJR,Tankers,66.0,20.0,72.0,56.75
2024-05-12,AEFJR,Tankers,63.0,4.0,72.0,54.12
2024-05-19,AEFJR,Tankers,64.0,3.0,64.0,50.88
2024-05-26,AEFJR,Tankers,64.0,9.0,68.0,54.62
2024-06-02,AEFJR,Tankers,57.0,11.0,74.0,53.88
2024-06-09,AEFJR,Tankers,66.0,7.0,68.0,53.88
2024-06-16,AEFJR,Tankers,65.0,16.0,65.0,51.62
2024-06-23,AEFJR,Tankers,71.0,1.0,71.0,52.0
2024-06-30,AEFJR,Tankers,65.0,21.0,74.0,57.12
2024-07-07,AEFJR,Tankers,50.0,25.0,66.0,52.25
2024-07-14,AEFJR,Tankers,73.0,23.0,73.0,55.88
2024-07-21,AEFJR,Tankers,64.0,22.0,77.0,57.5
2024-07-28,AEFJR,Tankers,53.0,36.0,65.0,50.75
2024-08-04,AEFJR,Tankers,64.0,26.0,64.0,52.88
2024-08-11,AEFJR,Tankers,57.0,27.0,69.0,58.0
2024-08-18,AEFJR,Tankers,65.0,26.0,70.0,56.5
2024-08-25,AEFJR,Tankers,72.0,33.0,72.0,61.25
2024-09-01,AEFJR,Tankers,69.0,29.0,71.0,59.12
2024-09-08,AEFJR,Tankers,69.0,44.0,71.0,61.29
2024-09-15,AEFJR,Tankers,71.0,51.0,80.0,62.29
2024-09-22,AEFJR,Tankers,59.0,59.0,67.0,63.71
2024-09-29,AEFJR,Tankers,70.0,51.0,70.0,58.57
2024-10-06,AEFJR,Tankers,66.0,54.0,75.0,64.29
2024-10-13,AEFJR,Tankers,66.0,60.0,76.0,67.57
2024-10-20,AEFJR,Tankers,59.0,56.0,69.0,62.29
2024-10-27,AEFJR,Tankers,59.0,54.0,76.0,62.86
2024-11-03,AEFJR,Tankers,70.0,49.0,82.0,64.57
2024-11-10,AEFJR,Tankers,62.0,48.0,70.0,60.86
2024-11-17,AEFJR,Tankers,60.0,54.0,69.0,61.0
2024-11-24,AEFJR,Tankers,70.0,56.0,70.0,63.29
2024-12-01,AEFJR,Tankers,67.0,48.0,67.0,59.14
2024-12-08,AEFJR,Tankers,76.0,48.0,76.0,62.0
2024-12-15,AEFJR,Tankers,74.0,55.0,74.0,63.71
2024-12-22,AEFJR,Tankers,63.0,54.0,66.0,58.57
2024-12-29,AEFJR,Tankers,59.0,44.0,76.0,59.57
2025-01-05,AEFJR,Tankers,67.0,38.0,67.0,57.75
2025-01-12,AEFJR,Tankers,67.0,51.0,67.0,57.12
2025-01-19,AEFJR,Tankers,72.0,45.0,72.0,59.25
2025-01-26,AEFJR,Tankers,72.0,52.0,72.0,58.12
2025-02-02,AEFJR,Tankers,65.0,43.0,69.0,56.75
2025-02-09,AEFJR,Tankers,70.0,52.0,70.0,60.5
2025-02-16,AEFJR,Tankers,66.0,52.0,72.0,59.88
2025-02-23,AEFJR,Tankers,62.0,51.0,70.0,60.38
2025-03-02,AEFJR,Tankers,69.0,54.0,69.0,60.75
2025-03-09,AEFJR,Tankers,78.0,4.0,78.0,58.62
2025-03-16,AEFJR,Tankers,68.0,1.0,77.0,53.25
2025-03-23,AEFJR,Tankers,73.0,4.0,73.0,53.5
2025-03-30,AEFJR,Tankers,65.0,6.0,67.0,54.12
2025-04-06,AEFJR,Tankers,65.0,10.0,69.0,56.38
2025-04-13,AEFJR,Tankers,67.0,15.0,68.0,54.0
2025-04-20,AEFJR,Tankers,53.0,18.0,67.0,52.5
2025-04-27,AEFJR,Tankers,65.0,18.0,65.0,56.0
2025-05-04,AEFJR,Tankers,72.0,20.0,72.0,56.75
2025-05-11,AEFJR,Tankers,70.0,4.0,72.0,54.12
2025-05-18,AEFJR,Tankers,62.0,3.0,64.0,50.88
2025-05-25,AEFJR,Tankers,65.0,9.0,68.0,54.62
2025-06-01,AEFJR,Tankers,65.0,11.0,74.0,53.88
2025-06-08,AEFJR,Tankers,64.0,7.0,68.0,53.88
2025-06-15,AEFJR,Tankers,65.0,16.0,65.0,51.62
2025-06-22,AEFJR,Tankers,66.0,1.0,71.0,52.0
2025-06-29,AEFJR,Tankers,65.0,21.0,74.0,57.12
2025-07-06,AEFJR,Tankers,65.0,25.0,66.0,52.25
2025-07-13,AEFJR,Tankers,72.0,23.0,73.0,55.88
2025-07-20,AEFJR,Tankers,63.0,22.0,77.0,57.5
2025-07-27,AEFJR,Tankers,65.0,36.0,65.0,50.75
2025-08-03,AEFJR,Tankers,61.0,26.0,64.0,52.88
2025-08-10,AEFJR,Tankers,64.0,27.0,69.0,58.0
2025-08-17,AEFJR,Tankers,70.0,26.0,70.0,56.5
2025-08-24,AEFJR,Tankers,68.0,33.0,72.0,61.25
2025-08-31,AEFJR,Tankers,71.0,29.0,71.0,59.12
2025-09-07,AEFJR,Tankers,62.0,44.0,71.0,61.29
2025-09-14,AEFJR,Tankers,80.0,51.0,80.0,62.29
2025-09-21,AEFJR,Tankers,67.0,59.0,67.0,63.71
2025-09-28,AEFJR,Tankers,68.0,51.0,70.0,58.57
2025-10-05,AEFJR,Tankers,75.0,54.0,75.0,64.29
2025-10-12,AEFJR,Tankers,76.0,60.0,76.0,67.57
2025-10-19,AEFJR,Tankers,69.0,56.0,69.0,62.29
2025-10-26,AEFJR,Tankers,76.0,54.0,76.0,62.86
2025-11-02,AEFJR,Tankers,63.0,49.0,82.0,64.57
2025-11-09,AEFJR,Tankers,68.0,48.0,70.0,60.86
2025-11-16,AEFJR,Tankers,68.0,54.0,69.0,61.0
2025-11-23,AEFJR,Tankers,56.0,56.0,70.0,63.29
2025-11-30,AEFJR,Tankers,56.0,48.0,67.0,59.14
2025-12-07,AEFJR,Tankers,71.0,48.0,76.0,62.0
2025-12-14,AEFJR,Tankers,66.0,55.0,74.0,63.71
2025-12-21,AEFJR,Tankers,56.0,54.0,66.0,58.57
2025-12-28,AEFJR,Tankers,56.0,44.0,76.0,59.57
2026-01-04,AEFJR,Tankers,63.0,38.0,67.0,57.75
2026-01-11,AEFJR,Tankers,62.0,51.0,67.0,57.12
2026-01-18,AEFJR,Tankers,64.0,45.0,72.0,59.25
2026-01-25,AEFJR,Tankers,57.0,52.0,72.0,58.12
2026-02-01,AEFJR,Tankers,69.0,43.0,69.0,56.75
2026-02-08,AEFJR,Tankers,64.0,52.0,70.0,60.5
2026-02-15,AEFJR,Tankers,56.0,52.0,72.0,59.88
2026-02-22,AEFJR,Tankers,64.0,51.0,70.0,60.38
2026-03-01,AEFJR,Tankers,60.0,54.0,69.0,60.75
2026-03-08,AEFJR,Tankers,4.0,4.0,78.0,58.62
2026-03-15,AEFJR,Tankers,1.0,1.0,77.0,53.25
2026-03-22,AEFJR,Tankers,4.0,4.0,73.0,53.5
2026-03-29,AEFJR,Tankers,6.0,6.0,67.0,54.12
2026-04-05,AEFJR,Tankers,10.0,10.0,69.0,56.38
2026-04-12,AEFJR,Tankers,15.0,15.0,68.0,54.0
2026-04-19,AEFJR,Tankers,18.0,18.0,67.0,52.5
2026-04-26,AEFJR,Tankers,18.0,18.0,65.0,56.0
2026-05-03,AEFJR,Tankers,20.0,20.0,72.0,56.75
2026-05-10,AEFJR,Tankers,4.0,4.0,72.0,54.12
2026-05-17,AEFJR,Tankers,3.0,3.0,64.0,50.88
2026-05-24,AEFJR,Tankers,9.0,9.0,68.0,54.62
2026-05-31,AEFJR,Tankers,11.0,11.0,74.0,53.88
2026-06-07,AEFJR,Tankers,7.0,7.0,68.0,53.88
2026-06-14,AEFJR,Tankers,16.0,16.0,65.0,51.62
2026-06-21,AEFJR,Tankers,1.0,1.0,71.0,52.0
2026-06-28,AEFJR,Tankers,21.0,21.0,74.0,57.12
2026-07-05,AEFJR,Tankers,25.0,25.0,66.0,52.25
2026-07-12,AEFJR,Tankers,23.0,23.0,73.0,55.88
2026-07-19,AEFJR,Tankers,22.0,22.0,77.0,57.5
2026-07-26,AEFJR,Tankers,36.0,36.0,65.0,50.75
2026-08-02,AEFJR,Tankers,26.0,26.0,64.0,52.88
2026-08-09,AEFJR,Tankers,27.0,27.0,69.0,58.0
2026-08-16,AEFJR,Tankers,26.0,26.0,70.0,56.5
2026-08-23,AEFJR,Tankers,33.0,33.0,72.0,61.25
2026-08-30,AEFJR,Tankers,29.0,29.0,71.0,59.12
2019-01-06,CNQDG,Tankers,16.0,16.0,31.0,25.12
2019-01-13,CNQDG,Tankers,19.0,18.0,40.0,25.62
2019-01-20,CNQDG,Tankers,32.0,20.0,45.0,29.62
2019-01-27,CNQDG,Tankers,39.0,22.0,39.0,29.5
2019-02-03,CNQDG,Tankers,32.0,14.0,32.0,26.25
2019-02-10,CNQDG,Tankers,26.0,15.0,30.0,25.0
2019-02-17,CNQDG,Tankers,30.0,13.0,39.0,24.38
2019-02-24,CNQDG,Tankers,27.0,19.0,32.0,26.88
2019-03-03,CNQDG,Tankers,34.0,10.0,34.0,26.25
2019-03-10,CNQDG,Tankers,33.0,25.0,33.0,29.12
2019-03-17,CNQDG,Tankers,29.0,18.0,40.0,29.0
2019-03-24,CNQDG,Tankers,34.0,22.0,34.0,28.62
2019-03-31,CNQDG,Tankers,22.0,21.0,36.0,26.5
2019-04-07,CNQDG,Tankers,28.0,16.0,31.0,25.38
2019-04-14,CNQDG,Tankers,38.0,15.0,39.0,26.0
2019-04-21,CNQDG,Tankers,20.0,20.0,38.0,27.75
2019-04-28,CNQDG,Tankers,12.0,12.0,33.0,24.5
2019-05-05,CNQDG,Tankers,16.0,16.0,35.0,23.88
2019-05-12,CNQDG,Tankers,31.0,21.0,38.0,28.38
2019-05-19,CNQDG,Tankers,29.0,18.0,37.0,27.88
2019-05-26,CNQDG,Tankers,24.0,17.0,36.0,24.88
2019-06-02,CNQDG,Tankers,28.0,25.0,34.0,29.5
2019-06-09,CNQDG,Tankers,21.0,18.0,33.0,24.12
2019-06-16,CNQDG,Tankers,17.0,17.0,36.0,26.5
2019-06-23,CNQDG,Tankers,28.0,17.0,37.0,28.25
2019-06-30,CNQDG,Tankers,28.0,19.0,41.0,25.88
2019-07-07,CNQDG,Tankers,30.0,16.0,38.0,27.25
2019-07-14,CNQDG,Tankers,25.0,12.0,38.0,24.5
2019-07-21,CNQDG,Tankers,27.0,20.0,40.0,27.62
2019-07-28,CNQDG,Tankers,19.0,14.0,36.0,24.25
2019-08-04,CNQDG,Tankers,25.0,20.0,34.0,27.75
2019-08-11,CNQDG,Tankers,18.0,18.0,36.0,26.88
2019-08-18,CNQDG,Tankers,26.0,19.0,35.0,26.62
2019-08-25,CNQDG,Tankers,38.0,14.0,38.0,26.25
2019-09-01,CNQDG,Tankers,32.0,11.0,32.0,21.5
2019-09-08,CNQDG,Tankers,26.0,20.0,31.0,25.71
2019-09-15,CNQDG,Tankers,37.0,19.0,37.0,27.57
2019-09-22,CNQDG,Tankers,28.0,23.0,30.0,26.0
2019-09-29,CNQDG,Tankers,40.0,17.0,40.0,28.57
2019-10-06,CNQDG,Tankers,26.0,17.0,27.0,24.29
2019-10-13,CNQDG,Tankers,29.0,13.0,34.0,26.0
2019-10-20,CNQDG,Tankers,31.0,12.0,39.0,26.0
2019-10-27,CNQDG,Tankers,38.0,25.0,38.0,31.57
2019-11-03,CNQDG,Tankers,32.0,23.0,34.0,28.86
2019-11-10,CNQDG,Tankers,24.0,24.0,43.0,30.43
2019-11-17,CNQDG,Tankers,33.0,19.0,41.0,30.86
2019-11-24,CNQDG,Tankers,25.0,23.0,33.0,27.14
2019-12-01,CNQDG,Tankers,30.0,24.0,34.0,28.71
2019-12-08,CNQDG,Tankers,21.0,21.0,37.0,27.57
2019-12-15,CNQDG,Tankers,34.0,15.0,35.0,26.43
2019-12-22,CNQDG,Tankers,37.0,25.0,37.0,30.0
2019-12-29,CNQDG,Tankers,32.0,18.0,42.0,29.0
2020-01-05,CNQDG,Tankers,26.0,16.0,31.0,25.12
2020-01-12,CNQDG,Tankers,35.0,18.0,40.0,25.62
2020-01-19,CNQDG,Tankers,31.0,20.0,45.0,29.62
2020-01-26,CNQDG,Tankers,31.0,22.0,39.0,29.5
2020-02-02,CNQDG,Tankers,14.0,14.0,32.0,26.25
2020-02-09,CNQDG,Tankers,30.0,15.0,30.0,25.0
2020-02-16,CNQDG,Tankers,17.0,13.0,39.0,24.38
2020-02-23,CNQDG,Tankers,32.0,19.0,32.0,26.88
2020-03-01,CNQDG,Tankers,30.0,10.0,34.0,26.25
2020-03-08,CNQDG,Tankers,29.0,25.0,33.0,29.12
2020-03-15,CNQDG,Tankers,33.0,18.0,40.0,29.0
2020-03-22,CNQDG,Tankers,30.0,22.0,34.0,28.62
2020-03-29,CNQDG,Tankers,35.0,21.0,36.0,26.5
2020-04-05,CNQDG,Tankers,31.0,16.0,31.0,25.38
2020-04-12,CNQDG,Tankers,30.0,15.0,39.0,26.0
2020-04-19,CNQDG,Tankers,33.0,20.0,38.0,27.75
2020-04-26,CNQDG,Tankers,30.0,12.0,33.0,24.5
2020-05-03,CNQDG,Tankers,27.0,16.0,35.0,23.88
2020-05-10,CNQDG,Tankers,33.0,21.0,38.0,28.38
2020-05-17,CNQDG,Tankers,32.0,18.0,37.0,27.88
2020-05-24,CNQDG,Tankers,36.0,17.0,36.0,24.88
2020-05-31,CNQDG,Tankers,30.0,25.0,34.0,29.5
2020-06-07,CNQDG,Tankers,33.0,18.0,33.0,24.12
2020-06-14,CNQDG,Tankers,36.0,17.0,36.0,26.5
2020-06-21,CNQDG,Tankers,35.0,17.0,37.0,28.25
2020-06-28,CNQDG,Tankers,41.0,19.0,41.0,25.88
2020-07-05,CNQDG,Tankers,32.0,16.0,38.0,27.25
2020-07-12,CNQDG,Tankers,31.0,12.0,38.0,24.5
2020-07-19,CNQDG,Tankers,24.0,20.0,40.0,27.62
2020-07-26,CNQDG,Tankers,29.0,14.0,36.0,24.25
2020-08-02,CNQDG,Tankers,34.0,20.0,34.0,27.75
2020-08-09,CNQDG,Tankers,22.0,18.0,36.0,26.88
2020-08-16,CNQDG,Tankers,24.0,19.0,35.0,26.62
2020-08-23,CNQDG,Tankers,14.0,14.0,38.0,26.25
2020-08-30,CNQDG,Tankers,13.0,11.0,32.0,21.5
2020-09-06,CNQDG,Tankers,20.0,20.0,31.0,25.71
2020-09-13,CNQDG,Tankers,19.0,19.0,37.0,27.57
2020-09-20,CNQDG,Tankers,26.0,23.0,30.0,26.0
2020-09-27,CNQDG,Tankers,23.0,17.0,40.0,28.57
2020-10-04,CNQDG,Tankers,17.0,17.0,27.0,24.29
2020-10-11,CNQDG,Tankers,13.0,13.0,34.0,26.0
2020-10-18,CNQDG,Tankers,12.0,12.0,39.0,26.0
2020-10-25,CNQDG,Tankers,32.0,25.0,38.0,31.57
2020-11-01,CNQDG,Tankers,26.0,23.0,34.0,28.86
2020-11-08,CNQDG,Tankers,31.0,24.0,43.0,30.43
2020-11-15,CNQDG,Tankers,27.0,19.0,41.0,30.86
2020-11-22,CNQDG,Tankers,23.0,23.0,33.0,27.14
2020-11-29,CNQDG,Tankers,29.0,24.0,34.0,28.71
2020-12-06,CNQDG,Tankers,25.0,21.0,37.0,27.57
2020-12-13,CNQDG,Tankers,15.0,15.0,35.0,26.43
2020-12-20,CNQDG,Tankers,33.0,25.0,37.0,30.0
2020-12-27,CNQDG,Tankers,31.0,18.0,42.0,29.0
2021-01-03,CNQDG,Tankers,18.0,14.4,21.6,18.0
2021-01-10,CNQDG,Tankers,25.0,16.0,31.0,25.12
2021-01-17,CNQDG,Tankers,26.0,18.0,40.0,25.62
2021-01-24,CNQDG,Tankers,23.0,20.0,45.0,29.62
2021-01-31,CNQDG,Tankers,33.0,22.0,39.0,29.5
2021-02-07,CNQDG,Tankers,30.0,14.0,32.0,26.25
2021-02-14,CNQDG,Tankers,28.0,15.0,30.0,25.0
2021-02-21,CNQDG,Tankers,27.0,13.0,39.0,24.38
2021-02-28,CNQDG,Tankers,25.0,19.0,32.0,26.88
2021-03-07,CNQDG,Tankers,32.0,10.0,34.0,26.25
2021-03-14,CNQDG,Tankers,29.0,25.0,33.0,29.12
2021-03-21,CNQDG,Tankers,27.0,18.0,40.0,29.0
2021-03-28,CNQDG,Tankers,26.0,22.0,34.0,28.62
2021-04-04,CNQDG,Tankers,23.0,21.0,36.0,26.5
2021-04-11,CNQDG,Tankers,27.0,16.0,31.0,25.38
2021-04-18,CNQDG,Tankers,24.0,15.0,39.0,26.0
2021-04-25,CNQDG,Tankers,26.0,20.0,38.0,27.75
2021-05-02,CNQDG,Tankers,19.0,12.0,33.0,24.5
2021-05-09,CNQDG,Tankers,19.0,16.0,35.0,23.88
2021-05-16,CNQDG,Tankers,26.0,21.0,38.0,28.38
2021-05-23,CNQDG,Tankers,37.0,18.0,37.0,27.88
2021-05-30,CNQDG,Tankers,30.0,17.0,36.0,24.88
2021-06-06,CNQDG,Tankers,34.0,25.0,34.0,29.5
2021-06-13,CNQDG,Tankers,19.0,18.0,33.0,24.12
2021-06-20,CNQDG,Tankers,36.0,17.0,36.0,26.5
2021-06-27,CNQDG,Tankers,32.0,17.0,37.0,28.25
2021-07-04,CNQDG,Tankers,25.0,19.0,41.0,25.88
2021-07-11,CNQDG,Tankers,31.0,16.0,38.0,27.25
2021-07-18,CNQDG,Tankers,12.0,12.0,38.0,24.5
2021-07-25,CNQDG,Tankers,26.0,20.0,40.0,27.62
2021-08-01,CNQDG,Tankers,26.0,14.0,36.0,24.25
2021-08-08,CNQDG,Tankers,28.0,20.0,34.0,27.75
2021-08-15,CNQDG,Tankers,27.0,18.0,36.0,26.88
2021-08-22,CNQDG,Tankers,32.0,19.0,35.0,26.62
2021-08-29,CNQDG,Tankers,22.0,14.0,38.0,26.25
2021-09-05,CNQDG,Tankers,20.0,11.0,32.0,21.5
2021-09-12,CNQDG,Tankers,21.0,20.0,31.0,25.71
2021-09-19,CNQDG,Tankers,29.0,19.0,37.0,27.57
2021-09-26,CNQDG,Tankers,25.0,23.0,30.0,26.0
2021-10-03,CNQDG,Tankers,17.0,17.0,40.0,28.57
2021-10-10,CNQDG,Tankers,25.0,17.0,27.0,24.29
2021-10-17,CNQDG,Tankers,27.0,13.0,34.0,26.0
2021-10-24,CNQDG,Tankers,25.0,12.0,39.0,26.0
2021-10-31,CNQDG,Tankers,29.0,25.0,38.0,31.57
2021-11-07,CNQDG,Tankers,29.0,23.0,34.0,28.86
2021-11-14,CNQDG,Tankers,43.0,24.0,43.0,30.43
2021-11-21,CNQDG,Tankers,37.0,19.0,41.0,30.86
2021-11-28,CNQDG,Tankers,33.0,23.0,33.0,27.14
2021-12-05,CNQDG,Tankers,34.0,24.0,34.0,28.71
2021-12-12,CNQDG,Tankers,37.0,21.0,37.0,27.57
2021-12-19,CNQDG,Tankers,35.0,15.0,35.0,26.43
2021-12-26,CNQDG,Tankers,29.0,25.0,37.0,30.0
2022-01-02,CNQDG,Tankers,42.0,18.0,42.0,29.0
2022-01-09,CNQDG,Tankers,31.0,16.0,31.0,25.12
2022-01-16,CNQDG,Tankers,40.0,18.0,40.0,25.62
2022-01-23,CNQDG,Tankers,39.0,20.0,45.0,29.62
2022-01-30,CNQDG,Tankers,39.0,22.0,39.0,29.5
2022-02-06,CNQDG,Tankers,29.0,14.0,32.0,26.25
2022-02-13,CNQDG,Tankers,29.0,15.0,30.0,25.0
2022-02-20,CNQDG,Tankers,39.0,13.0,39.0,24.38
2022-02-27,CNQDG,Tankers,30.0,19.0,32.0,26.88
2022-03-06,CNQDG,Tankers,31.0,10.0,34.0,26.25
2022-03-13,CNQDG,Tankers,30.0,25.0,33.0,29.12
2022-03-20,CNQDG,Tankers,40.0,18.0,40.0,29.0
2022-03-27,CNQDG,Tankers,34.0,22.0,34.0,28.62
2022-04-03,CNQDG,Tankers,36.0,21.0,36.0,26.5
2022-04-10,CNQDG,Tankers,22.0,16.0,31.0,25.38
2022-04-17,CNQDG,Tankers,39.0,15.0,39.0,26.0
2022-04-24,CNQDG,Tankers,23.0,20.0,38.0,27.75
2022-05-01,CNQDG,Tankers,33.0,12.0,33.0,24.5
2022-05-08,CNQDG,Tankers,26.0,16.0,35.0,23.88
2022-05-15,CNQDG,Tankers,38.0,21.0,38.0,28.38
2022-05-22,CNQDG,Tankers,37.0,18.0,37.0,27.88
2022-05-29,CNQDG,Tankers,30.0,17.0,36.0,24.88
2022-06-05,CNQDG,Tankers,33.0,25.0,34.0,29.5
2022-06-12,CNQDG,Tankers,32.0,18.0,33.0,24.12
2022-06-19,CNQDG,Tankers,32.0,17.0,36.0,26.5
2022-06-26,CNQDG,Tankers,37.0,17.0,37.0,28.25
2022-07-03,CNQDG,Tankers,27.0,19.0,41.0,25.88
2022-07-10,CNQDG,Tankers,38.0,16.0,38.0,27.25
2022-07-17,CNQDG,Tankers,38.0,12.0,38.0,24.5
2022-07-24,CNQDG,Tankers,40.0,20.0,40.0,27.62
2022-07-31,CNQDG,Tankers,36.0,14.0,36.0,24.25
2022-08-07,CNQDG,Tankers,32.0,20.0,34.0,27.75
2022-08-14,CNQDG,Tankers,36.0,18.0,36.0,26.88
2022-08-21,CNQDG,Tankers,35.0,19.0,35.0,26.62
2022-08-28,CNQDG,Tankers,35.0,14.0,38.0,26.25
2022-09-04,CNQDG,Tankers,27.0,11.0,32.0,21.5
2022-09-11,CNQDG,Tankers,31.0,20.0,31.0,25.71
2022-09-18,CNQDG,Tankers,31.0,19.0,37.0,27.57
2022-09-25,CNQDG,Tankers,30.0,23.0,30.0,26.0
2022-10-02,CNQDG,Tankers,30.0,17.0,40.0,28.57
2022-10-09,CNQDG,Tankers,27.0,17.0,27.0,24.29
2022-10-16,CNQDG,Tankers,34.0,13.0,34.0,26.0
2022-10-23,CNQDG,Tankers,39.0,12.0,39.0,26.0
2022-10-30,CNQDG,Tankers,38.0,25.0,38.0,31.57
2022-11-06,CNQDG,Tankers,34.0,23.0,34.0,28.86
2022-11-13,CNQDG,Tankers,27.0,24.0,43.0,30.43
2022-11-20,CNQDG,Tankers,41.0,19.0,41.0,30.86
2022-11-27,CNQDG,Tankers,29.0,23.0,33.0,27.14
2022-12-04,CNQDG,Tankers,33.0,24.0,34.0,28.71
2022-12-11,CNQDG,Tankers,28.0,21.0,37.0,27.57
2022-12-18,CNQDG,Tankers,29.0,15.0,35.0,26.43
2022-12-25,CNQDG,Tankers,26.0,25.0,37.0,30.0
2023-01-01,CNQDG,Tankers,31.0,18.0,42.0,29.0
2023-01-08,CNQDG,Tankers,25.0,16.0,31.0,25.12
2023-01-15,CNQDG,Tankers,19.0,18.0,40.0,25.62
2023-01-22,CNQDG,Tankers,45.0,20.0,45.0,29.62
2023-01-29,CNQDG,Tankers,22.0,22.0,39.0,29.5
2023-02-05,CNQDG,Tankers,32.0,14.0,32.0,26.25
2023-02-12,CNQDG,Tankers,29.0,15.0,30.0,25.0
2023-02-19,CNQDG,Tankers,29.0,13.0,39.0,24.38
2023-02-26,CNQDG,Tankers,32.0,19.0,32.0,26.88
2023-03-05,CNQDG,Tankers,29.0,10.0,34.0,26.25
2023-03-12,CNQDG,Tankers,27.0,25.0,33.0,29.12
2023-03-19,CNQDG,Tankers,36.0,18.0,40.0,29.0
2023-03-26,CNQDG,Tankers,29.0,22.0,34.0,28.62
2023-04-02,CNQDG,Tankers,23.0,21.0,36.0,26.5
2023-04-09,CNQDG,Tankers,27.0,16.0,31.0,25.38
2023-04-16,CNQDG,Tankers,27.0,15.0,39.0,26.0
2023-04-23,CNQDG,Tankers,26.0,20.0,38.0,27.75
2023-04-30,CNQDG,Tankers,25.0,12.0,33.0,24.5
2023-05-07,CNQDG,Tankers,19.0,16.0,35.0,23.88
2023-05-14,CNQDG,Tankers,23.0,21.0,38.0,28.38
2023-05-21,CNQDG,Tankers,18.0,18.0,37.0,27.88
2023-05-28,CNQDG,Tankers,18.0,17.0,36.0,24.88
2023-06-04,CNQDG,Tankers,25.0,25.0,34.0,29.5
2023-06-11,CNQDG,Tankers,18.0,18.0,33.0,24.12
2023-06-18,CNQDG,Tankers,18.0,17.0,36.0,26.5
2023-06-25,CNQDG,Tankers,17.0,17.0,37.0,28.25
2023-07-02,CNQDG,Tankers,19.0,19.0,41.0,25.88
2023-07-09,CNQDG,Tankers,16.0,16.0,38.0,27.25
2023-07-16,CNQDG,Tankers,22.0,12.0,38.0,24.5
2023-07-23,CNQDG,Tankers,24.0,20.0,40.0,27.62
2023-07-30,CNQDG,Tankers,26.0,14.0,36.0,24.25
2023-08-06,CNQDG,Tankers,26.0,20.0,34.0,27.75
2023-08-13,CNQDG,Tankers,30.0,18.0,36.0,26.88
2023-08-20,CNQDG,Tankers,26.0,19.0,35.0,26.62
2023-08-27,CNQDG,Tankers,35.0,14.0,38.0,26.25
2023-09-03,CNQDG,Tankers,31.0,11.0,32.0,21.5
2023-09-10,CNQDG,Tankers,28.0,20.0,31.0,25.71
2023-09-17,CNQDG,Tankers,24.0,19.0,37.0,27.57
2023-09-24,CNQDG,Tankers,23.0,23.0,30.0,26.0
2023-10-01,CNQDG,Tankers,28.0,17.0,40.0,28.57
2023-10-08,CNQDG,Tankers,27.0,17.0,27.0,24.29
2023-10-15,CNQDG,Tankers,21.0,13.0,34.0,26.0
2023-10-22,CNQDG,Tankers,30.0,12.0,39.0,26.0
2023-10-29,CNQDG,Tankers,25.0,25.0,38.0,31.57
2023-11-05,CNQDG,Tankers,23.0,23.0,34.0,28.86
2023-11-12,CNQDG,Tankers,26.0,24.0,43.0,30.43
2023-11-19,CNQDG,Tankers,19.0,19.0,41.0,30.86
2023-11-26,CNQDG,Tankers,26.0,23.0,33.0,27.14
2023-12-03,CNQDG,Tankers,24.0,24.0,34.0,28.71
2023-12-10,CNQDG,Tankers,21.0,21.0,37.0,27.57
2023-12-17,CNQDG,Tankers,19.0,15.0,35.0,26.43
2023-12-24,CNQDG,Tankers,28.0,25.0,37.0,30.0
2023-12-31,CNQDG,Tankers,23.0,18.0,42.0,29.0
2024-01-07,CNQDG,Tankers,28.0,16.0,31.0,25.12
2024-01-14,CNQDG,Tankers,18.0,18.0,40.0,25.62
2024-01-21,CNQDG,Tankers,25.0,20.0,45.0,29.62
2024-01-28,CNQDG,Tankers,24.0,22.0,39.0,29.5
2024-02-04,CNQDG,Tankers,26.0,14.0,32.0,26.25
2024-02-11,CNQDG,Tankers,22.0,15.0,30.0,25.0
2024-02-18,CNQDG,Tankers,13.0,13.0,39.0,24.38
2024-02-25,CNQDG,Tankers,29.0,19.0,32.0,26.88
2024-03-03,CNQDG,Tankers,21.0,10.0,34.0,26.25
2024-03-10,CNQDG,Tankers,28.0,25.0,33.0,29.12
2024-03-17,CNQDG,Tankers,18.0,18.0,40.0,29.0
2024-03-24,CNQDG,Tankers,22.0,22.0,34.0,28.62
2024-03-31,CNQDG,Tankers,25.0,21.0,36.0,26.5
2024-04-07,CNQDG,Tankers,29.0,16.0,31.0,25.38
2024-04-14,CNQDG,Tankers,18.0,15.0,39.0,26.0
2024-04-21,CNQDG,Tankers,34.0,20.0,38.0,27.75
2024-04-28,CNQDG,Tankers,27.0,12.0,33.0,24.5
2024-05-05,CNQDG,Tankers,26.0,16.0,35.0,23.88
2024-05-12,CNQDG,Tankers,29.0,21.0,38.0,28.38
2024-05-19,CNQDG,Tankers,28.0,18.0,37.0,27.88
2024-05-26,CNQDG,Tankers,17.0,17.0,36.0,24.88
2024-06-02,CNQDG,Tankers,32.0,25.0,34.0,29.5
2024-06-09,CNQDG,Tankers,28.0,18.0,33.0,24.12
2024-06-16,CNQDG,Tankers,26.0,17.0,36.0,26.5
2024-06-23,CNQDG,Tankers,26.0,17.0,37.0,28.25
2024-06-30,CNQDG,Tankers,24.0,19.0,41.0,25.88
2024-07-07,CNQDG,Tankers,19.0,16.0,38.0,27.25
2024-07-14,CNQDG,Tankers,26.0,12.0,38.0,24.5
2024-07-21,CNQDG,Tankers,28.0,20.0,40.0,27.62
2024-07-28,CNQDG,Tankers,23.0,14.0,36.0,24.25
2024-08-04,CNQDG,Tankers,26.0,20.0,34.0,27.75
2024-08-11,CNQDG,Tankers,29.0,18.0,36.0,26.88
2024-08-18,CNQDG,Tankers,26.0,19.0,35.0,26.62
2024-08-25,CNQDG,Tankers,23.0,14.0,38.0,26.25
2024-09-01,CNQDG,Tankers,18.0,11.0,32.0,21.5
2024-09-08,CNQDG,Tankers,27.0,20.0,31.0,25.71
2024-09-15,CNQDG,Tankers,29.0,19.0,37.0,27.57
2024-09-22,CNQDG,Tankers,27.0,23.0,30.0,26.0
2024-09-29,CNQDG,Tankers,34.0,17.0,40.0,28.57
2024-10-06,CNQDG,Tankers,24.0,17.0,27.0,24.29
2024-10-13,CNQDG,Tankers,28.0,13.0,34.0,26.0
2024-10-20,CNQDG,Tankers,23.0,12.0,39.0,26.0
2024-10-27,CNQDG,Tankers,30.0,25.0,38.0,31.57
2024-11-03,CNQDG,Tankers,26.0,23.0,34.0,28.86
2024-11-10,CNQDG,Tankers,32.0,24.0,43.0,30.43
2024-11-17,CNQDG,Tankers,31.0,19.0,41.0,30.86
2024-11-24,CNQDG,Tankers,27.0,23.0,33.0,27.14
2024-12-01,CNQDG,Tankers,26.0,24.0,34.0,28.71
2024-12-08,CNQDG,Tankers,30.0,21.0,37.0,27.57
2024-12-15,CNQDG,Tankers,25.0,15.0,35.0,26.43
2024-12-22,CNQDG,Tankers,25.0,25.0,37.0,30.0
2024-12-29,CNQDG,Tankers,18.0,18.0,42.0,29.0
2025-01-05,CNQDG,Tankers,24.0,16.0,31.0,25.12
2025-01-12,CNQDG,Tankers,21.0,18.0,40.0,25.62
2025-01-19,CNQDG,Tankers,22.0,20.0,45.0,29.62
2025-01-26,CNQDG,Tankers,22.0,22.0,39.0,29.5
2025-02-02,CNQDG,Tankers,26.0,14.0,32.0,26.25
2025-02-09,CNQDG,Tankers,15.0,15.0,30.0,25.0
2025-02-16,CNQDG,Tankers,23.0,13.0,39.0,24.38
2025-02-23,CNQDG,Tankers,19.0,19.0,32.0,26.88
2025-03-02,CNQDG,Tankers,10.0,10.0,34.0,26.25
2025-03-09,CNQDG,Tankers,32.0,25.0,33.0,29.12
2025-03-16,CNQDG,Tankers,26.0,18.0,40.0,29.0
2025-03-23,CNQDG,Tankers,27.0,22.0,34.0,28.62
2025-03-30,CNQDG,Tankers,27.0,21.0,36.0,26.5
2025-04-06,CNQDG,Tankers,23.0,16.0,31.0,25.38
2025-04-13,CNQDG,Tankers,15.0,15.0,39.0,26.0
2025-04-20,CNQDG,Tankers,38.0,20.0,38.0,27.75
2025-04-27,CNQDG,Tankers,24.0,12.0,33.0,24.5
2025-05-04,CNQDG,Tankers,35.0,16.0,35.0,23.88
2025-05-11,CNQDG,Tankers,26.0,21.0,38.0,28.38
2025-05-18,CNQDG,Tankers,23.0,18.0,37.0,27.88
2025-05-25,CNQDG,Tankers,22.0,17.0,36.0,24.88
2025-06-01,CNQDG,Tankers,28.0,25.0,34.0,29.5
2025-06-08,CNQDG,Tankers,24.0,18.0,33.0,24.12
2025-06-15,CNQDG,Tankers,27.0,17.0,36.0,26.5
2025-06-22,CNQDG,Tankers,28.0,17.0,37.0,28.25
2025-06-29,CNQDG,Tankers,22.0,19.0,41.0,25.88
2025-07-06,CNQDG,Tankers,27.0,16.0,38.0,27.25
2025-07-13,CNQDG,Tankers,24.0,12.0,38.0,24.5
2025-07-20,CNQDG,Tankers,32.0,20.0,40.0,27.62
2025-07-27,CNQDG,Tankers,14.0,14.0,36.0,24.25
2025-08-03,CNQDG,Tankers,31.0,20.0,34.0,27.75
2025-08-10,CNQDG,Tankers,29.0,18.0,36.0,26.88
2025-08-17,CNQDG,Tankers,25.0,19.0,35.0,26.62
2025-08-24,CNQDG,Tankers,22.0,14.0,38.0,26.25
2025-08-31,CNQDG,Tankers,20.0,11.0,32.0,21.5
2025-09-07,CNQDG,Tankers,27.0,20.0,31.0,25.71
2025-09-14,CNQDG,Tankers,24.0,19.0,37.0,27.57
2025-09-21,CNQDG,Tankers,23.0,23.0,30.0,26.0
2025-09-28,CNQDG,Tankers,28.0,17.0,40.0,28.57
2025-10-05,CNQDG,Tankers,24.0,17.0,27.0,24.29
2025-10-12,CNQDG,Tankers,30.0,13.0,34.0,26.0
2025-10-19,CNQDG,Tankers,22.0,12.0,39.0,26.0
2025-10-26,CNQDG,Tankers,29.0,25.0,38.0,31.57
2025-11-02,CNQDG,Tankers,32.0,23.0,34.0,28.86
2025-11-09,CNQDG,Tankers,30.0,24.0,43.0,30.43
2025-11-16,CNQDG,Tankers,28.0,19.0,41.0,30.86
2025-11-23,CNQDG,Tankers,27.0,23.0,33.0,27.14
2025-11-30,CNQDG,Tankers,25.0,24.0,34.0,28.71
2025-12-07,CNQDG,Tankers,31.0,21.0,37.0,27.57
2025-12-14,CNQDG,Tankers,28.0,15.0,35.0,26.43
2025-12-21,CNQDG,Tankers,32.0,25.0,37.0,30.0
2025-12-28,CNQDG,Tankers,26.0,18.0,42.0,29.0
2026-01-04,CNQDG,Tankers,26.0,16.0,31.0,25.12
2026-01-11,CNQDG,Tankers,27.0,18.0,40.0,25.62
2026-01-18,CNQDG,Tankers,20.0,20.0,45.0,29.62
2026-01-25,CNQDG,Tankers,26.0,22.0,39.0,29.5
2026-02-01,CNQDG,Tankers,21.0,14.0,32.0,26.25
2026-02-08,CNQDG,Tankers,21.0,15.0,30.0,25.0
2026-02-15,CNQDG,Tankers,17.0,13.0,39.0,24.38
2026-02-22,CNQDG,Tankers,21.0,19.0,32.0,26.88
2026-03-01,CNQDG,Tankers,23.0,10.0,34.0,26.25
2026-03-08,CNQDG,Tankers,25.0,25.0,33.0,29.12
2026-03-15,CNQDG,Tankers,23.0,18.0,40.0,29.0
2026-03-22,CNQDG,Tankers,27.0,22.0,34.0,28.62
2026-03-29,CNQDG,Tankers,21.0,21.0,36.0,26.5
2026-04-05,CNQDG,Tankers,16.0,16.0,31.0,25.38
2026-04-12,CNQDG,Tankers,17.0,15.0,39.0,26.0
2026-04-19,CNQDG,Tankers,22.0,20.0,38.0,27.75
2026-04-26,CNQDG,Tankers,26.0,12.0,33.0,24.5
2026-05-03,CNQDG,Tankers,23.0,16.0,35.0,23.88
2026-05-10,CNQDG,Tankers,21.0,21.0,38.0,28.38
2026-05-17,CNQDG,Tankers,19.0,18.0,37.0,27.88
2026-05-24,CNQDG,Tankers,22.0,17.0,36.0,24.88
2026-05-31,CNQDG,Tankers,26.0,25.0,34.0,29.5
2026-06-07,CNQDG,Tankers,18.0,18.0,33.0,24.12
2026-06-14,CNQDG,Tankers,20.0,17.0,36.0,26.5
2026-06-21,CNQDG,Tankers,23.0,17.0,37.0,28.25
2026-06-28,CNQDG,Tankers,21.0,19.0,41.0,25.88
2026-07-05,CNQDG,Tankers,25.0,16.0,38.0,27.25
2026-07-12,CNQDG,Tankers,18.0,12.0,38.0,24.5
2026-07-19,CNQDG,Tankers,20.0,20.0,40.0,27.62
2026-07-26,CNQDG,Tankers,21.0,14.0,36.0,24.25
2026-08-02,CNQDG,Tankers,20.0,20.0,34.0,27.75
2026-08-09,CNQDG,Tankers,24.0,18.0,36.0,26.88
2026-08-16,CNQDG,Tankers,19.0,19.0,35.0,26.62
2026-08-23,CNQDG,Tankers,21.0,14.0,38.0,26.25
2026-08-30,CNQDG,Tankers,11.0,11.0,32.0,21.5
2019-01-06,INSIK,Tankers,5.0,5.0,11.0,7.75
2019-01-13,INSIK,Tankers,7.0,6.0,13.0,9.0
2019-01-20,INSIK,Tankers,6.0,4.0,13.0,8.25
2019-01-27,INSIK,Tankers,5.0,5.0,13.0,8.88
2019-02-03,INSIK,Tankers,8.0,5.0,14.0,7.62
2019-02-10,INSIK,Tankers,12.0,6.0,15.0,9.75
2019-02-17,INSIK,Tankers,4.0,4.0,18.0,9.75
2019-02-24,INSIK,Tankers,6.0,6.0,17.0,9.0
2019-03-03,INSIK,Tankers,8.0,5.0,20.0,10.75
2019-03-10,INSIK,Tankers,5.0,4.0,13.0,8.75
2019-03-17,INSIK,Tankers,5.0,3.0,15.0,8.62
2019-03-24,INSIK,Tankers,6.0,4.0,21.0,10.5
2019-03-31,INSIK,Tankers,10.0,8.0,17.0,11.75
2019-04-07,INSIK,Tankers,9.0,5.0,15.0,10.62
2019-04-14,INSIK,Tankers,4.0,4.0,17.0,9.25
2019-04-21,INSIK,Tankers,12.0,5.0,17.0,11.62
2019-04-28,INSIK,Tankers,19.0,5.0,19.0,11.38
2019-05-05,INSIK,Tankers,21.0,9.0,21.0,14.88
2019-05-12,INSIK,Tankers,16.0,7.0,16.0,12.88
2019-05-19,INSIK,Tankers,3.0,3.0,16.0,10.0
2019-05-26,INSIK,Tankers,12.0,7.0,15.0,11.12
2019-06-02,INSIK,Tankers,11.0,6.0,16.0,10.38
2019-06-09,INSIK,Tankers,7.0,3.0,13.0,8.62
2019-06-16,INSIK,Tankers,10.0,4.0,17.0,9.75
2019-06-23,INSIK,Tankers,5.0,5.0,14.0,9.5
2019-06-30,INSIK,Tankers,9.0,5.0,13.0,9.25
2019-07-07,INSIK,Tankers,7.0,4.0,21.0,9.5
2019-07-14,INSIK,Tankers,3.0,3.0,15.0,9.25
2019-07-21,INSIK,Tankers,4.0,4.0,17.0,9.12
2019-07-28,INSIK,Tankers,8.0,5.0,12.0,7.88
2019-08-04,INSIK,Tankers,10.0,5.0,20.0,10.38
2019-08-11,INSIK,Tankers,2.0,2.0,16.0,10.0
2019-08-18,INSIK,Tankers,10.0,3.0,15.0,9.25
2019-08-25,INSIK,Tankers,10.0,4.0,11.0,7.88
2019-09-01,INSIK,Tankers,6.0,6.0,12.0,8.5
2019-09-08,INSIK,Tankers,5.0,4.0,10.0,6.86
2019-09-15,INSIK,Tankers,5.0,4.0,12.0,7.0
2019-09-22,INSIK,Tankers,8.0,4.0,10.0,7.0
2019-09-29,INSIK,Tankers,3.0,3.0,12.0,7.86
2019-10-06,INSIK,Tankers,9.0,2.0,13.0,7.86
2019-10-13,INSIK,Tankers,10.0,3.0,14.0,7.0
2019-10-20,INSIK,Tankers,8.0,3.0,12.0,7.14
2019-10-27,INSIK,Tankers,9.0,7.0,10.0,8.43
2019-11-03,INSIK,Tankers,10.0,5.0,10.0,7.57
2019-11-10,INSIK,Tankers,12.0,5.0,20.0,9.71
2019-11-17,INSIK,Tankers,7.0,4.0,11.0,6.14
2019-11-24,INSIK,Tankers,4.0,4.0,10.0,7.29
2019-12-01,INSIK,Tankers,3.0,3.0,14.0,7.71
2019-12-08,INSIK,Tankers,11.0,5.0,15.0,8.14
2019-12-15,INSIK,Tankers,8.0,2.0,11.0,7.57
2019-12-22,INSIK,Tankers,11.0,4.0,11.0,7.0
2019-12-29,INSIK,Tankers,9.0,6.0,9.0,8.0
2020-01-05,INSIK,Tankers,10.0,5.0,11.0,7.75
2020-01-12,INSIK,Tankers,8.0,6.0,13.0,9.0
2020-01-19,INSIK,Tankers,9.0,4.0,13.0,8.25
2020-01-26,INSIK,Tankers,9.0,5.0,13.0,8.88
2020-02-02,INSIK,Tankers,5.0,5.0,14.0,7.62
2020-02-09,INSIK,Tankers,7.0,6.0,15.0,9.75
2020-02-16,INSIK,Tankers,10.0,4.0,18.0,9.75
2020-02-23,INSIK,Tankers,13.0,6.0,17.0,9.0
2020-03-01,INSIK,Tankers,13.0,5.0,20.0,10.75
2020-03-08,INSIK,Tankers,4.0,4.0,13.0,8.75
2020-03-15,INSIK,Tankers,7.0,3.0,15.0,8.62
2020-03-22,INSIK,Tankers,14.0,4.0,21.0,10.5
2020-03-29,INSIK,Tankers,14.0,8.0,17.0,11.75
2020-04-05,INSIK,Tankers,15.0,5.0,15.0,10.62
2020-04-12,INSIK,Tankers,17.0,4.0,17.0,9.25
2020-04-19,INSIK,Tankers,17.0,5.0,17.0,11.62
2020-04-26,INSIK,Tankers,15.0,5.0,19.0,11.38
2020-05-03,INSIK,Tankers,21.0,9.0,21.0,14.88
2020-05-10,INSIK,Tankers,15.0,7.0,16.0,12.88
2020-05-17,INSIK,Tankers,9.0,3.0,16.0,10.0
2020-05-24,INSIK,Tankers,12.0,7.0,15.0,11.12
2020-05-31,INSIK,Tankers,8.0,6.0,16.0,10.38
2020-06-07,INSIK,Tankers,9.0,3.0,13.0,8.62
2020-06-14,INSIK,Tankers,8.0,4.0,17.0,9.75
2020-06-21,INSIK,Tankers,11.0,5.0,14.0,9.5
2020-06-28,INSIK,Tankers,6.0,5.0,13.0,9.25
2020-07-05,INSIK,Tankers,5.0,4.0,21.0,9.5
2020-07-12,INSIK,Tankers,9.0,3.0,15.0,9.25
2020-07-19,INSIK,Tankers,5.0,4.0,17.0,9.12
2020-07-26,INSIK,Tankers,5.0,5.0,12.0,7.88
2020-08-02,INSIK,Tankers,7.0,5.0,20.0,10.38
2020-08-09,INSIK,Tankers,10.0,2.0,16.0,10.0
2020-08-16,INSIK,Tankers,11.0,3.0,15.0,9.25
2020-08-23,INSIK,Tankers,9.0,4.0,11.0,7.88
2020-08-30,INSIK,Tankers,7.0,6.0,12.0,8.5
2020-09-06,INSIK,Tankers,9.0,4.0,10.0,6.86
2020-09-13,INSIK,Tankers,8.0,4.0,12.0,7.0
2020-09-20,INSIK,Tankers,8.0,4.0,10.0,7.0
2020-09-27,INSIK,Tankers,8.0,3.0,12.0,7.86
2020-10-04,INSIK,Tankers,8.0,2.0,13.0,7.86
2020-10-11,INSIK,Tankers,6.0,3.0,14.0,7.0
2020-10-18,INSIK,Tankers,7.0,3.0,12.0,7.14
2020-10-25,INSIK,Tankers,7.0,7.0,10.0,8.43
2020-11-01,INSIK,Tankers,8.0,5.0,10.0,7.57
2020-11-08,INSIK,Tankers,20.0,5.0,20.0,9.71
2020-11-15,INSIK,Tankers,11.0,4.0,11.0,6.14
2020-11-22,INSIK,Tankers,7.0,4.0,10.0,7.29
2020-11-29,INSIK,Tankers,10.0,3.0,14.0,7.71
2020-12-06,INSIK,Tankers,15.0,5.0,15.0,8.14
2020-12-13,INSIK,Tankers,9.0,2.0,11.0,7.57
2020-12-20,INSIK,Tankers,9.0,4.0,11.0,7.0
2020-12-27,INSIK,Tankers,8.0,6.0,9.0,8.0
2021-01-03,INSIK,Tankers,10.0,8.0,12.0,10.0
2021-01-10,INSIK,Tankers,8.0,5.0,11.0,7.75
2021-01-17,INSIK,Tankers,13.0,6.0,13.0,9.0
2021-01-24,INSIK,Tankers,13.0,4.0,13.0,8.25
2021-01-31,INSIK,Tankers,13.0,5.0,13.0,8.88
2021-02-07,INSIK,Tankers,8.0,5.0,14.0,7.62
2021-02-14,INSIK,Tankers,15.0,6.0,15.0,9.75
2021-02-21,INSIK,Tankers,13.0,4.0,18.0,9.75
2021-02-28,INSIK,Tankers,17.0,6.0,17.0,9.0
2021-03-07,INSIK,Tankers,20.0,5.0,20.0,10.75
2021-03-14,INSIK,Tankers,13.0,4.0,13.0,8.75
2021-03-21,INSIK,Tankers,15.0,3.0,15.0,8.62
2021-03-28,INSIK,Tankers,21.0,4.0,21.0,10.5
2021-04-04,INSIK,Tankers,17.0,8.0,17.0,11.75
2021-04-11,INSIK,Tankers,5.0,5.0,15.0,10.62
2021-04-18,INSIK,Tankers,7.0,4.0,17.0,9.25
2021-04-25,INSIK,Tankers,5.0,5.0,17.0,11.62
2021-05-02,INSIK,Tankers,5.0,5.0,19.0,11.38
2021-05-09,INSIK,Tankers,10.0,9.0,21.0,14.88
2021-05-16,INSIK,Tankers,14.0,7.0,16.0,12.88
2021-05-23,INSIK,Tankers,10.0,3.0,16.0,10.0
2021-05-30,INSIK,Tankers,13.0,7.0,15.0,11.12
2021-06-06,INSIK,Tankers,8.0,6.0,16.0,10.38
2021-06-13,INSIK,Tankers,3.0,3.0,13.0,8.62
2021-06-20,INSIK,Tankers,11.0,4.0,17.0,9.75
2021-06-27,INSIK,Tankers,11.0,5.0,14.0,9.5
2021-07-04,INSIK,Tankers,10.0,5.0,13.0,9.25
2021-07-11,INSIK,Tankers,10.0,4.0,21.0,9.5
2021-07-18,INSIK,Tankers,6.0,3.0,15.0,9.25
2021-07-25,INSIK,Tankers,6.0,4.0,17.0,9.12
2021-08-01,INSIK,Tankers,10.0,5.0,12.0,7.88
2021-08-08,INSIK,Tankers,6.0,5.0,20.0,10.38
2021-08-15,INSIK,Tankers,12.0,2.0,16.0,10.0
2021-08-22,INSIK,Tankers,9.0,3.0,15.0,9.25
2021-08-29,INSIK,Tankers,7.0,4.0,11.0,7.88
2021-09-05,INSIK,Tankers,9.0,6.0,12.0,8.5
2021-09-12,INSIK,Tankers,8.0,4.0,10.0,6.86
2021-09-19,INSIK,Tankers,8.0,4.0,12.0,7.0
2021-09-26,INSIK,Tankers,10.0,4.0,10.0,7.0
2021-10-03,INSIK,Tankers,11.0,3.0,12.0,7.86
2021-10-10,INSIK,Tankers,6.0,2.0,13.0,7.86
2021-10-17,INSIK,Tankers,5.0,3.0,14.0,7.0
2021-10-24,INSIK,Tankers,9.0,3.0,12.0,7.14
2021-10-31,INSIK,Tankers,10.0,7.0,10.0,8.43
2021-11-07,INSIK,Tankers,5.0,5.0,10.0,7.57
2021-11-14,INSIK,Tankers,9.0,5.0,20.0,9.71
2021-11-21,INSIK,Tankers,5.0,4.0,11.0,6.14
2021-11-28,INSIK,Tankers,6.0,4.0,10.0,7.29
2021-12-05,INSIK,Tankers,14.0,3.0,14.0,7.71
2021-12-12,INSIK,Tankers,5.0,5.0,15.0,8.14
2021-12-19,INSIK,Tankers,6.0,2.0,11.0,7.57
2021-12-26,INSIK,Tankers,4.0,4.0,11.0,7.0
2022-01-02,INSIK,Tankers,9.0,6.0,9.0,8.0
2022-01-09,INSIK,Tankers,6.0,5.0,11.0,7.75
2022-01-16,INSIK,Tankers,12.0,6.0,13.0,9.0
2022-01-23,INSIK,Tankers,7.0,4.0,13.0,8.25
2022-01-30,INSIK,Tankers,11.0,5.0,13.0,8.88
2022-02-06,INSIK,Tankers,7.0,5.0,14.0,7.62
2022-02-13,INSIK,Tankers,7.0,6.0,15.0,9.75
2022-02-20,INSIK,Tankers,9.0,4.0,18.0,9.75
2022-02-27,INSIK,Tankers,7.0,6.0,17.0,9.0
2022-03-06,INSIK,Tankers,9.0,5.0,20.0,10.75
2022-03-13,INSIK,Tankers,10.0,4.0,13.0,8.75
2022-03-20,INSIK,Tankers,14.0,3.0,15.0,8.62
2022-03-27,INSIK,Tankers,10.0,4.0,21.0,10.5
2022-04-03,INSIK,Tankers,14.0,8.0,17.0,11.75
2022-04-10,INSIK,Tankers,12.0,5.0,15.0,10.62
2022-04-17,INSIK,Tankers,13.0,4.0,17.0,9.25
2022-04-24,INSIK,Tankers,15.0,5.0,17.0,11.62
2022-05-01,INSIK,Tankers,10.0,5.0,19.0,11.38
2022-05-08,INSIK,Tankers,12.0,9.0,21.0,14.88
2022-05-15,INSIK,Tankers,13.0,7.0,16.0,12.88
2022-05-22,INSIK,Tankers,12.0,3.0,16.0,10.0
2022-05-29,INSIK,Tankers,12.0,7.0,15.0,11.12
2022-06-05,INSIK,Tankers,14.0,6.0,16.0,10.38
2022-06-12,INSIK,Tankers,7.0,3.0,13.0,8.62
2022-06-19,INSIK,Tankers,9.0,4.0,17.0,9.75
2022-06-26,INSIK,Tankers,13.0,5.0,14.0,9.5
2022-07-03,INSIK,Tankers,13.0,5.0,13.0,9.25
2022-07-10,INSIK,Tankers,13.0,4.0,21.0,9.5
2022-07-17,INSIK,Tankers,15.0,3.0,15.0,9.25
2022-07-24,INSIK,Tankers,11.0,4.0,17.0,9.12
2022-07-31,INSIK,Tankers,12.0,5.0,12.0,7.88
2022-08-07,INSIK,Tankers,11.0,5.0,20.0,10.38
2022-08-14,INSIK,Tankers,16.0,2.0,16.0,10.0
2022-08-21,INSIK,Tankers,13.0,3.0,15.0,9.25
2022-08-28,INSIK,Tankers,10.0,4.0,11.0,7.88
2022-09-04,INSIK,Tankers,12.0,6.0,12.0,8.5
2022-09-11,INSIK,Tankers,10.0,4.0,10.0,6.86
2022-09-18,INSIK,Tankers,12.0,4.0,12.0,7.0
2022-09-25,INSIK,Tankers,8.0,4.0,10.0,7.0
2022-10-02,INSIK,Tankers,11.0,3.0,12.0,7.86
2022-10-09,INSIK,Tankers,13.0,2.0,13.0,7.86
2022-10-16,INSIK,Tankers,14.0,3.0,14.0,7.0
2022-10-23,INSIK,Tankers,12.0,3.0,12.0,7.14
2022-10-30,INSIK,Tankers,9.0,7.0,10.0,8.43
2022-11-06,INSIK,Tankers,10.0,5.0,10.0,7.57
2022-11-13,INSIK,Tankers,5.0,5.0,20.0,9.71
2022-11-20,INSIK,Tankers,4.0,4.0,11.0,6.14
2022-11-27,INSIK,Tankers,10.0,4.0,10.0,7.29
2022-12-04,INSIK,Tankers,9.0,3.0,14.0,7.71
2022-12-11,INSIK,Tankers,7.0,5.0,15.0,8.14
2022-12-18,INSIK,Tankers,8.0,2.0,11.0,7.57
2022-12-25,INSIK,Tankers,9.0,4.0,11.0,7.0
2023-01-01,INSIK,Tankers,7.0,6.0,9.0,8.0
2023-01-08,INSIK,Tankers,11.0,5.0,11.0,7.75
2023-01-15,INSIK,Tankers,12.0,6.0,13.0,9.0
2023-01-22,INSIK,Tankers,8.0,4.0,13.0,8.25
2023-01-29,INSIK,Tankers,9.0,5.0,13.0,8.88
2023-02-05,INSIK,Tankers,14.0,5.0,14.0,7.62
2023-02-12,INSIK,Tankers,15.0,6.0,15.0,9.75
2023-02-19,INSIK,Tankers,18.0,4.0,18.0,9.75
2023-02-26,INSIK,Tankers,9.0,6.0,17.0,9.0
2023-03-05,INSIK,Tankers,12.0,5.0,20.0,10.75
2023-03-12,INSIK,Tankers,10.0,4.0,13.0,8.75
2023-03-19,INSIK,Tankers,8.0,3.0,15.0,8.62
2023-03-26,INSIK,Tankers,6.0,4.0,21.0,10.5
2023-04-02,INSIK,Tankers,8.0,8.0,17.0,11.75
2023-04-09,INSIK,Tankers,8.0,5.0,15.0,10.62
2023-04-16,INSIK,Tankers,10.0,4.0,17.0,9.25
2023-04-23,INSIK,Tankers,16.0,5.0,17.0,11.62
2023-04-30,INSIK,Tankers,17.0,5.0,19.0,11.38
2023-05-07,INSIK,Tankers,19.0,9.0,21.0,14.88
2023-05-14,INSIK,Tankers,15.0,7.0,16.0,12.88
2023-05-21,INSIK,Tankers,8.0,3.0,16.0,10.0
2023-05-28,INSIK,Tankers,8.0,7.0,15.0,11.12
2023-06-04,INSIK,Tankers,6.0,6.0,16.0,10.38
2023-06-11,INSIK,Tankers,10.0,3.0,13.0,8.62
2023-06-18,INSIK,Tankers,4.0,4.0,17.0,9.75
2023-06-25,INSIK,Tankers,6.0,5.0,14.0,9.5
2023-07-02,INSIK,Tankers,11.0,5.0,13.0,9.25
2023-07-09,INSIK,Tankers,8.0,4.0,21.0,9.5
2023-07-16,INSIK,Tankers,6.0,3.0,15.0,9.25
2023-07-23,INSIK,Tankers,11.0,4.0,17.0,9.12
2023-07-30,INSIK,Tankers,8.0,5.0,12.0,7.88
2023-08-06,INSIK,Tankers,14.0,5.0,20.0,10.38
2023-08-13,INSIK,Tankers,6.0,2.0,16.0,10.0
2023-08-20,INSIK,Tankers,6.0,3.0,15.0,9.25
2023-08-27,INSIK,Tankers,7.0,4.0,11.0,7.88
2023-09-03,INSIK,Tankers,7.0,6.0,12.0,8.5
2023-09-10,INSIK,Tankers,4.0,4.0,10.0,6.86
2023-09-17,INSIK,Tankers,4.0,4.0,12.0,7.0
2023-09-24,INSIK,Tankers,5.0,4.0,10.0,7.0
2023-10-01,INSIK,Tankers,7.0,3.0,12.0,7.86
2023-10-08,INSIK,Tankers,2.0,2.0,13.0,7.86
2023-10-15,INSIK,Tankers,5.0,3.0,14.0,7.0
2023-10-22,INSIK,Tankers,3.0,3.0,12.0,7.14
2023-10-29,INSIK,Tankers,8.0,7.0,10.0,8.43
2023-11-05,INSIK,Tankers,6.0,5.0,10.0,7.57
2023-11-12,INSIK,Tankers,10.0,5.0,20.0,9.71
2023-11-19,INSIK,Tankers,4.0,4.0,11.0,6.14
2023-11-26,INSIK,Tankers,8.0,4.0,10.0,7.29
2023-12-03,INSIK,Tankers,4.0,3.0,14.0,7.71
2023-12-10,INSIK,Tankers,5.0,5.0,15.0,8.14
2023-12-17,INSIK,Tankers,11.0,2.0,11.0,7.57
2023-12-24,INSIK,Tankers,4.0,4.0,11.0,7.0
2023-12-31,INSIK,Tankers,9.0,6.0,9.0,8.0
2024-01-07,INSIK,Tankers,8.0,5.0,11.0,7.75
2024-01-14,INSIK,Tankers,6.0,6.0,13.0,9.0
2024-01-21,INSIK,Tankers,10.0,4.0,13.0,8.25
2024-01-28,INSIK,Tankers,9.0,5.0,13.0,8.88
2024-02-04,INSIK,Tankers,6.0,5.0,14.0,7.62
2024-02-11,INSIK,Tankers,8.0,6.0,15.0,9.75
2024-02-18,INSIK,Tankers,5.0,4.0,18.0,9.75
2024-02-25,INSIK,Tankers,6.0,6.0,17.0,9.0
2024-03-03,INSIK,Tankers,5.0,5.0,20.0,10.75
2024-03-10,INSIK,Tankers,11.0,4.0,13.0,8.75
2024-03-17,INSIK,Tankers,9.0,3.0,15.0,8.62
2024-03-24,INSIK,Tankers,4.0,4.0,21.0,10.5
2024-03-31,INSIK,Tankers,10.0,8.0,17.0,11.75
2024-04-07,INSIK,Tankers,15.0,5.0,15.0,10.62
2024-04-14,INSIK,Tankers,7.0,4.0,17.0,9.25
2024-04-21,INSIK,Tankers,13.0,5.0,17.0,11.62
2024-04-28,INSIK,Tankers,10.0,5.0,19.0,11.38
2024-05-05,INSIK,Tankers,10.0,9.0,21.0,14.88
2024-05-12,INSIK,Tankers,9.0,7.0,16.0,12.88
2024-05-19,INSIK,Tankers,16.0,3.0,16.0,10.0
2024-05-26,INSIK,Tankers,7.0,7.0,15.0,11.12
2024-06-02,INSIK,Tankers,12.0,6.0,16.0,10.38
2024-06-09,INSIK,Tankers,8.0,3.0,13.0,8.62
2024-06-16,INSIK,Tankers,9.0,4.0,17.0,9.75
2024-06-23,INSIK,Tankers,8.0,5.0,14.0,9.5
2024-06-30,INSIK,Tankers,9.0,5.0,13.0,9.25
2024-07-07,INSIK,Tankers,4.0,4.0,21.0,9.5
2024-07-14,INSIK,Tankers,10.0,3.0,15.0,9.25
2024-07-21,INSIK,Tankers,9.0,4.0,17.0,9.12
2024-07-28,INSIK,Tankers,6.0,5.0,12.0,7.88
2024-08-04,INSIK,Tankers,5.0,5.0,20.0,10.38
2024-08-11,INSIK,Tankers,10.0,2.0,16.0,10.0
2024-08-18,INSIK,Tankers,3.0,3.0,15.0,9.25
2024-08-25,INSIK,Tankers,5.0,4.0,11.0,7.88
2024-09-01,INSIK,Tankers,10.0,6.0,12.0,8.5
2024-09-08,INSIK,Tankers,5.0,4.0,10.0,6.86
2024-09-15,INSIK,Tankers,4.0,4.0,12.0,7.0
2024-09-22,INSIK,Tankers,6.0,4.0,10.0,7.0
2024-09-29,INSIK,Tankers,12.0,3.0,12.0,7.86
2024-10-06,INSIK,Tankers,12.0,2.0,13.0,7.86
2024-10-13,INSIK,Tankers,6.0,3.0,14.0,7.0
2024-10-20,INSIK,Tankers,6.0,3.0,12.0,7.14
2024-10-27,INSIK,Tankers,7.0,7.0,10.0,8.43
2024-11-03,INSIK,Tankers,5.0,5.0,10.0,7.57
2024-11-10,INSIK,Tankers,6.0,5.0,20.0,9.71
2024-11-17,INSIK,Tankers,6.0,4.0,11.0,6.14
2024-11-24,INSIK,Tankers,7.0,4.0,10.0,7.29
2024-12-01,INSIK,Tankers,8.0,3.0,14.0,7.71
2024-12-08,INSIK,Tankers,5.0,5.0,15.0,8.14
2024-12-15,INSIK,Tankers,9.0,2.0,11.0,7.57
2024-12-22,INSIK,Tankers,5.0,4.0,11.0,7.0
2024-12-29,INSIK,Tankers,8.0,6.0,9.0,8.0
2025-01-05,INSIK,Tankers,7.0,5.0,11.0,7.75
2025-01-12,INSIK,Tankers,8.0,6.0,13.0,9.0
2025-01-19,INSIK,Tankers,4.0,4.0,13.0,8.25
2025-01-26,INSIK,Tankers,9.0,5.0,13.0,8.88
2025-02-02,INSIK,Tankers,6.0,5.0,14.0,7.62
2025-02-09,INSIK,Tankers,6.0,6.0,15.0,9.75
2025-02-16,INSIK,Tankers,8.0,4.0,18.0,9.75
2025-02-23,INSIK,Tankers,7.0,6.0,17.0,9.0
2025-03-02,INSIK,Tankers,7.0,5.0,20.0,10.75
2025-03-09,INSIK,Tankers,7.0,4.0,13.0,8.75
2025-03-16,INSIK,Tankers,8.0,3.0,15.0,8.62
2025-03-23,INSIK,Tankers,10.0,4.0,21.0,10.5
2025-03-30,INSIK,Tankers,12.0,8.0,17.0,11.75
2025-04-06,INSIK,Tankers,9.0,5.0,15.0,10.62
2025-04-13,INSIK,Tankers,6.0,4.0,17.0,9.25
2025-04-20,INSIK,Tankers,9.0,5.0,17.0,11.62
2025-04-27,INSIK,Tankers,6.0,5.0,19.0,11.38
2025-05-04,INSIK,Tankers,9.0,9.0,21.0,14.88
2025-05-11,INSIK,Tankers,7.0,7.0,16.0,12.88
2025-05-18,INSIK,Tankers,7.0,3.0,16.0,10.0
2025-05-25,INSIK,Tankers,10.0,7.0,15.0,11.12
2025-06-01,INSIK,Tankers,8.0,6.0,16.0,10.38
2025-06-08,INSIK,Tankers,12.0,3.0,13.0,8.62
2025-06-15,INSIK,Tankers,10.0,4.0,17.0,9.75
2025-06-22,INSIK,Tankers,8.0,5.0,14.0,9.5
2025-06-29,INSIK,Tankers,5.0,5.0,13.0,9.25
2025-07-06,INSIK,Tankers,8.0,4.0,21.0,9.5
2025-07-13,INSIK,Tankers,12.0,3.0,15.0,9.25
2025-07-20,INSIK,Tankers,10.0,4.0,17.0,9.12
2025-07-27,INSIK,Tankers,5.0,5.0,12.0,7.88
2025-08-03,INSIK,Tankers,10.0,5.0,20.0,10.38
2025-08-10,INSIK,Tankers,8.0,2.0,16.0,10.0
2025-08-17,INSIK,Tankers,7.0,3.0,15.0,9.25
2025-08-24,INSIK,Tankers,4.0,4.0,11.0,7.88
2025-08-31,INSIK,Tankers,10.0,6.0,12.0,8.5
2025-09-07,INSIK,Tankers,7.0,4.0,10.0,6.86
2025-09-14,INSIK,Tankers,8.0,4.0,12.0,7.0
2025-09-21,INSIK,Tankers,4.0,4.0,10.0,7.0
2025-09-28,INSIK,Tankers,3.0,3.0,12.0,7.86
2025-10-05,INSIK,Tankers,5.0,2.0,13.0,7.86
2025-10-12,INSIK,Tankers,3.0,3.0,14.0,7.0
2025-10-19,INSIK,Tankers,5.0,3.0,12.0,7.14
2025-10-26,INSIK,Tankers,9.0,7.0,10.0,8.43
2025-11-02,INSIK,Tankers,9.0,5.0,10.0,7.57
2025-11-09,INSIK,Tankers,6.0,5.0,20.0,9.71
2025-11-16,INSIK,Tankers,6.0,4.0,11.0,6.14
2025-11-23,INSIK,Tankers,9.0,4.0,10.0,7.29
2025-11-30,INSIK,Tankers,6.0,3.0,14.0,7.71
2025-12-07,INSIK,Tankers,9.0,5.0,15.0,8.14
2025-12-14,INSIK,Tankers,2.0,2.0,11.0,7.57
2025-12-21,INSIK,Tankers,7.0,4.0,11.0,7.0
2025-12-28,INSIK,Tankers,6.0,6.0,9.0,8.0
2026-01-04,INSIK,Tankers,7.0,5.0,11.0,7.75
2026-01-11,INSIK,Tankers,6.0,6.0,13.0,9.0
2026-01-18,INSIK,Tankers,9.0,4.0,13.0,8.25
2026-01-25,INSIK,Tankers,6.0,5.0,13.0,8.88
2026-02-01,INSIK,Tankers,7.0,5.0,14.0,7.62
2026-02-08,INSIK,Tankers,8.0,6.0,15.0,9.75
2026-02-15,INSIK,Tankers,11.0,4.0,18.0,9.75
2026-02-22,INSIK,Tankers,7.0,6.0,17.0,9.0
2026-03-01,INSIK,Tankers,12.0,5.0,20.0,10.75
2026-03-08,INSIK,Tankers,10.0,4.0,13.0,8.75
2026-03-15,INSIK,Tankers,3.0,3.0,15.0,8.62
2026-03-22,INSIK,Tankers,13.0,4.0,21.0,10.5
2026-03-29,INSIK,Tankers,9.0,8.0,17.0,11.75
2026-04-05,INSIK,Tankers,12.0,5.0,15.0,10.62
2026-04-12,INSIK,Tankers,10.0,4.0,17.0,9.25
2026-04-19,INSIK,Tankers,6.0,5.0,17.0,11.62
2026-04-26,INSIK,Tankers,9.0,5.0,19.0,11.38
2026-05-03,INSIK,Tankers,17.0,9.0,21.0,14.88
2026-05-10,INSIK,Tankers,14.0,7.0,16.0,12.88
2026-05-17,INSIK,Tankers,15.0,3.0,16.0,10.0
2026-05-24,INSIK,Tankers,15.0,7.0,15.0,11.12
2026-05-31,INSIK,Tankers,16.0,6.0,16.0,10.38
2026-06-07,INSIK,Tankers,13.0,3.0,13.0,8.62
2026-06-14,INSIK,Tankers,17.0,4.0,17.0,9.75
2026-06-21,INSIK,Tankers,14.0,5.0,14.0,9.5
2026-06-28,INSIK,Tankers,11.0,5.0,13.0,9.25
2026-07-05,INSIK,Tankers,21.0,4.0,21.0,9.5
2026-07-12,INSIK,Tankers,13.0,3.0,15.0,9.25
2026-07-19,INSIK,Tankers,17.0,4.0,17.0,9.12
2026-07-26,INSIK,Tankers,9.0,5.0,12.0,7.88
2026-08-02,INSIK,Tankers,20.0,5.0,20.0,10.38
2026-08-09,INSIK,Tankers,16.0,2.0,16.0,10.0
2026-08-16,INSIK,Tankers,15.0,3.0,15.0,9.25
2026-08-23,INSIK,Tankers,11.0,4.0,11.0,7.88
2026-08-30,INSIK,Tankers,7.0,6.0,12.0,8.5
2019-01-06,NGBON,Tankers,8.0,3.0,8.0,6.12
2019-01-13,NGBON,Tankers,6.0,5.0,10.0,6.38
2019-01-20,NGBON,Tankers,7.0,5.0,8.0,6.5
2019-01-27,NGBON,Tankers,6.0,4.0,9.0,6.38
2019-02-03,NGBON,Tankers,7.0,3.0,9.0,6.38
2019-02-10,NGBON,Tankers,5.0,5.0,7.0,6.25
2019-02-17,NGBON,Tankers,7.0,5.0,8.0,6.5
2019-02-24,NGBON,Tankers,7.0,3.0,9.0,6.62
2019-03-03,NGBON,Tankers,7.0,4.0,8.0,6.75
2019-03-10,NGBON,Tankers,6.0,5.0,8.0,6.25
2019-03-17,NGBON,Tankers,8.0,4.0,8.0,5.88
2019-03-24,NGBON,Tankers,9.0,4.0,10.0,6.38
2019-03-31,NGBON,Tankers,8.0,6.0,9.0,7.38
2019-04-07,NGBON,Tankers,8.0,4.0,9.0,6.62
2019-04-14,NGBON,Tankers,7.0,5.0,8.0,6.88
2019-04-21,NGBON,Tankers,8.0,3.0,8.0,6.12
2019-04-28,NGBON,Tankers,7.0,5.0,8.0,6.12
2019-05-05,NGBON,Tankers,5.0,5.0,9.0,6.38
2019-05-12,NGBON,Tankers,7.0,5.0,9.0,6.62
2019-05-19,NGBON,Tankers,4.0,4.0,8.0,5.75
2019-05-26,NGBON,Tankers,5.0,3.0,9.0,5.75
2019-06-02,NGBON,Tankers,5.0,5.0,9.0,6.0
2019-06-09,NGBON,Tankers,3.0,3.0,9.0,6.75
2019-06-16,NGBON,Tankers,7.0,5.0,9.0,7.12
2019-06-23,NGBON,Tankers,7.0,6.0,9.0,7.0
2019-06-30,NGBON,Tankers,4.0,4.0,7.0,5.62
2019-07-07,NGBON,Tankers,7.0,5.0,9.0,6.62
2019-07-14,NGBON,Tankers,9.0,5.0,9.0,7.0
2019-07-21,NGBON,Tankers,4.0,4.0,7.0,5.88
2019-07-28,NGBON,Tankers,8.0,4.0,9.0,7.0
2019-08-04,NGBON,Tankers,6.0,5.0,10.0,6.62
2019-08-11,NGBON,Tankers,7.0,5.0,9.0,7.0
2019-08-18,NGBON,Tankers,10.0,4.0,10.0,6.25
2019-08-25,NGBON,Tankers,9.0,3.0,10.0,6.5
2019-09-01,NGBON,Tankers,8.0,4.0,8.0,6.25
2019-09-08,NGBON,Tankers,8.0,2.0,12.0,6.57
2019-09-15,NGBON,Tankers,7.0,4.0,10.0,6.14
2019-09-22,NGBON,Tankers,7.0,4.0,8.0,5.86
2019-09-29,NGBON,Tankers,9.0,5.0,11.0,7.14
2019-10-06,NGBON,Tankers,7.0,3.0,8.0,5.43
2019-10-13,NGBON,Tankers,9.0,3.0,9.0,6.43
2019-10-20,NGBON,Tankers,7.0,4.0,8.0,6.0
2019-10-27,NGBON,Tankers,7.0,5.0,10.0,6.43
2019-11-03,NGBON,Tankers,9.0,3.0,10.0,6.14
2019-11-10,NGBON,Tankers,9.0,4.0,9.0,6.0
2019-11-17,NGBON,Tankers,7.0,5.0,9.0,6.43
2019-11-24,NGBON,Tankers,8.0,4.0,8.0,5.57
2019-12-01,NGBON,Tankers,9.0,5.0,9.0,6.57
2019-12-08,NGBON,Tankers,8.0,4.0,10.0,6.29
2019-12-15,NGBON,Tankers,8.0,4.0,9.0,6.86
2019-12-22,NGBON,Tankers,8.0,5.0,8.0,6.71
2019-12-29,NGBON,Tankers,8.0,5.0,8.0,6.57
2020-01-05,NGBON,Tankers,6.0,3.0,8.0,6.12
2020-01-12,NGBON,Tankers,10.0,5.0,10.0,6.38
2020-01-19,NGBON,Tankers,8.0,5.0,8.0,6.5
2020-01-26,NGBON,Tankers,8.0,4.0,9.0,6.38
2020-02-02,NGBON,Tankers,9.0,3.0,9.0,6.38
2020-02-09,NGBON,Tankers,7.0,5.0,7.0,6.25
2020-02-16,NGBON,Tankers,8.0,5.0,8.0,6.5
2020-02-23,NGBON,Tankers,9.0,3.0,9.0,6.62
2020-03-01,NGBON,Tankers,8.0,4.0,8.0,6.75
2020-03-08,NGBON,Tankers,7.0,5.0,8.0,6.25
2020-03-15,NGBON,Tankers,8.0,4.0,8.0,5.88
2020-03-22,NGBON,Tankers,5.0,4.0,10.0,6.38
2020-03-29,NGBON,Tankers,9.0,6.0,9.0,7.38
2020-04-05,NGBON,Tankers,7.0,4.0,9.0,6.62
2020-04-12,NGBON,Tankers,8.0,5.0,8.0,6.88
2020-04-19,NGBON,Tankers,8.0,3.0,8.0,6.12
2020-04-26,NGBON,Tankers,7.0,5.0,8.0,6.12
2020-05-03,NGBON,Tankers,6.0,5.0,9.0,6.38
2020-05-10,NGBON,Tankers,8.0,5.0,9.0,6.62
2020-05-17,NGBON,Tankers,7.0,4.0,8.0,5.75
2020-05-24,NGBON,Tankers,9.0,3.0,9.0,5.75
2020-05-31,NGBON,Tankers,8.0,5.0,9.0,6.0
2020-06-07,NGBON,Tankers,8.0,3.0,9.0,6.75
2020-06-14,NGBON,Tankers,9.0,5.0,9.0,7.12
2020-06-21,NGBON,Tankers,8.0,6.0,9.0,7.0
2020-06-28,NGBON,Tankers,7.0,4.0,7.0,5.62
2020-07-05,NGBON,Tankers,6.0,5.0,9.0,6.62
2020-07-12,NGBON,Tankers,9.0,5.0,9.0,7.0
2020-07-19,NGBON,Tankers,7.0,4.0,7.0,5.88
2020-07-26,NGBON,Tankers,9.0,4.0,9.0,7.0
2020-08-02,NGBON,Tankers,7.0,5.0,10.0,6.62
2020-08-09,NGBON,Tankers,9.0,5.0,9.0,7.0
2020-08-16,NGBON,Tankers,8.0,4.0,10.0,6.25
2020-08-23,NGBON,Tankers,10.0,3.0,10.0,6.5
2020-08-30,NGBON,Tankers,7.0,4.0,8.0,6.25
2020-09-06,NGBON,Tankers,12.0,2.0,12.0,6.57
2020-09-13,NGBON,Tankers,7.0,4.0,10.0,6.14
2020-09-20,NGBON,Tankers,8.0,4.0,8.0,5.86
2020-09-27,NGBON,Tankers,11.0,5.0,11.0,7.14
2020-10-04,NGBON,Tankers,8.0,3.0,8.0,5.43
2020-10-11,NGBON,Tankers,7.0,3.0,9.0,6.43
2020-10-18,NGBON,Tankers,8.0,4.0,8.0,6.0
2020-10-25,NGBON,Tankers,5.0,5.0,10.0,6.43
2020-11-01,NGBON,Tankers,5.0,3.0,10.0,6.14
2020-11-08,NGBON,Tankers,6.0,4.0,9.0,6.0
2020-11-15,NGBON,Tankers,9.0,5.0,9.0,6.43
2020-11-22,NGBON,Tankers,4.0,4.0,8.0,5.57
2020-11-29,NGBON,Tankers,8.0,5.0,9.0,6.57
2020-12-06,NGBON,Tankers,10.0,4.0,10.0,6.29
2020-12-13,NGBON,Tankers,6.0,4.0,9.0,6.86
2020-12-20,NGBON,Tankers,6.0,5.0,8.0,6.71
2020-12-27,NGBON,Tankers,7.0,5.0,8.0,6.57
2021-01-03,NGBON,Tankers,7.0,5.6,8.4,7.0
2021-01-10,NGBON,Tankers,7.0,3.0,8.0,6.12
2021-01-17,NGBON,Tankers,6.0,5.0,10.0,6.38
2021-01-24,NGBON,Tankers,8.0,5.0,8.0,6.5
2021-01-31,NGBON,Tankers,6.0,4.0,9.0,6.38
2021-02-07,NGBON,Tankers,7.0,3.0,9.0,6.38
2021-02-14,NGBON,Tankers,7.0,5.0,7.0,6.25
2021-02-21,NGBON,Tankers,7.0,5.0,8.0,6.5
2021-02-28,NGBON,Tankers,7.0,3.0,9.0,6.62
2021-03-07,NGBON,Tankers,7.0,4.0,8.0,6.75
2021-03-14,NGBON,Tankers,8.0,5.0,8.0,6.25
2021-03-21,NGBON,Tankers,4.0,4.0,8.0,5.88
2021-03-28,NGBON,Tankers,4.0,4.0,10.0,6.38
2021-04-04,NGBON,Tankers,6.0,6.0,9.0,7.38
2021-04-11,NGBON,Tankers,4.0,4.0,9.0,6.62
2021-04-18,NGBON,Tankers,7.0,5.0,8.0,6.88
2021-04-25,NGBON,Tankers,7.0,3.0,8.0,6.12
2021-05-02,NGBON,Tankers,6.0,5.0,8.0,6.12
2021-05-09,NGBON,Tankers,6.0,5.0,9.0,6.38
2021-05-16,NGBON,Tankers,6.0,5.0,9.0,6.62
2021-05-23,NGBON,Tankers,5.0,4.0,8.0,5.75
2021-05-30,NGBON,Tankers,6.0,3.0,9.0,5.75
2021-06-06,NGBON,Tankers,6.0,5.0,9.0,6.0
2021-06-13,NGBON,Tankers,8.0,3.0,9.0,6.75
2021-06-20,NGBON,Tankers,8.0,5.0,9.0,7.12
2021-06-27,NGBON,Tankers,9.0,6.0,9.0,7.0
2021-07-04,NGBON,Tankers,6.0,4.0,7.0,5.62
2021-07-11,NGBON,Tankers,6.0,5.0,9.0,6.62
2021-07-18,NGBON,Tankers,7.0,5.0,9.0,7.0
2021-07-25,NGBON,Tankers,7.0,4.0,7.0,5.88
2021-08-01,NGBON,Tankers,4.0,4.0,9.0,7.0
2021-08-08,NGBON,Tankers,8.0,5.0,10.0,6.62
2021-08-15,NGBON,Tankers,8.0,5.0,9.0,7.0
2021-08-22,NGBON,Tankers,7.0,4.0,10.0,6.25
2021-08-29,NGBON,Tankers,8.0,3.0,10.0,6.5
2021-09-05,NGBON,Tankers,7.0,4.0,8.0,6.25
2021-09-12,NGBON,Tankers,6.0,2.0,12.0,6.57
2021-09-19,NGBON,Tankers,10.0,4.0,10.0,6.14
2021-09-26,NGBON,Tankers,4.0,4.0,8.0,5.86
2021-10-03,NGBON,Tankers,9.0,5.0,11.0,7.14
2021-10-10,NGBON,Tankers,3.0,3.0,8.0,5.43
2021-10-17,NGBON,Tankers,5.0,3.0,9.0,6.43
2021-10-24,NGBON,Tankers,5.0,4.0,8.0,6.0
2021-10-31,NGBON,Tankers,7.0,5.0,10.0,6.43
2021-11-07,NGBON,Tankers,6.0,3.0,10.0,6.14
2021-11-14,NGBON,Tankers,7.0,4.0,9.0,6.0
2021-11-21,NGBON,Tankers,6.0,5.0,9.0,6.43
2021-11-28,NGBON,Tankers,6.0,4.0,8.0,5.57
2021-12-05,NGBON,Tankers,7.0,5.0,9.0,6.57
2021-12-12,NGBON,Tankers,5.0,4.0,10.0,6.29
2021-12-19,NGBON,Tankers,9.0,4.0,9.0,6.86
2021-12-26,NGBON,Tankers,7.0,5.0,8.0,6.71
2022-01-02,NGBON,Tankers,6.0,5.0,8.0,6.57
2022-01-09,NGBON,Tankers,7.0,3.0,8.0,6.12
2022-01-16,NGBON,Tankers,6.0,5.0,10.0,6.38
2022-01-23,NGBON,Tankers,6.0,5.0,8.0,6.5
2022-01-30,NGBON,Tankers,6.0,4.0,9.0,6.38
2022-02-06,NGBON,Tankers,7.0,3.0,9.0,6.38
2022-02-13,NGBON,Tankers,7.0,5.0,7.0,6.25
2022-02-20,NGBON,Tankers,6.0,5.0,8.0,6.5
2022-02-27,NGBON,Tankers,9.0,3.0,9.0,6.62
2022-03-06,NGBON,Tankers,6.0,4.0,8.0,6.75
2022-03-13,NGBON,Tankers,5.0,5.0,8.0,6.25
2022-03-20,NGBON,Tankers,6.0,4.0,8.0,5.88
2022-03-27,NGBON,Tankers,8.0,4.0,10.0,6.38
2022-04-03,NGBON,Tankers,6.0,6.0,9.0,7.38
2022-04-10,NGBON,Tankers,5.0,4.0,9.0,6.62
2022-04-17,NGBON,Tankers,5.0,5.0,8.0,6.88
2022-04-24,NGBON,Tankers,7.0,3.0,8.0,6.12
2022-05-01,NGBON,Tankers,5.0,5.0,8.0,6.12
2022-05-08,NGBON,Tankers,6.0,5.0,9.0,6.38
2022-05-15,NGBON,Tankers,5.0,5.0,9.0,6.62
2022-05-22,NGBON,Tankers,6.0,4.0,8.0,5.75
2022-05-29,NGBON,Tankers,7.0,3.0,9.0,5.75
2022-06-05,NGBON,Tankers,5.0,5.0,9.0,6.0
2022-06-12,NGBON,Tankers,7.0,3.0,9.0,6.75
2022-06-19,NGBON,Tankers,6.0,5.0,9.0,7.12
2022-06-26,NGBON,Tankers,7.0,6.0,9.0,7.0
2022-07-03,NGBON,Tankers,6.0,4.0,7.0,5.62
2022-07-10,NGBON,Tankers,6.0,5.0,9.0,6.62
2022-07-17,NGBON,Tankers,5.0,5.0,9.0,7.0
2022-07-24,NGBON,Tankers,6.0,4.0,7.0,5.88
2022-07-31,NGBON,Tankers,7.0,4.0,9.0,7.0
2022-08-07,NGBON,Tankers,5.0,5.0,10.0,6.62
2022-08-14,NGBON,Tankers,6.0,5.0,9.0,7.0
2022-08-21,NGBON,Tankers,5.0,4.0,10.0,6.25
2022-08-28,NGBON,Tankers,3.0,3.0,10.0,6.5
2022-09-04,NGBON,Tankers,6.0,4.0,8.0,6.25
2022-09-11,NGBON,Tankers,5.0,2.0,12.0,6.57
2022-09-18,NGBON,Tankers,6.0,4.0,10.0,6.14
2022-09-25,NGBON,Tankers,6.0,4.0,8.0,5.86
2022-10-02,NGBON,Tankers,6.0,5.0,11.0,7.14
2022-10-09,NGBON,Tankers,5.0,3.0,8.0,5.43
2022-10-16,NGBON,Tankers,5.0,3.0,9.0,6.43
2022-10-23,NGBON,Tankers,6.0,4.0,8.0,6.0
2022-10-30,NGBON,Tankers,5.0,5.0,10.0,6.43
2022-11-06,NGBON,Tankers,5.0,3.0,10.0,6.14
2022-11-13,NGBON,Tankers,5.0,4.0,9.0,6.0
2022-11-20,NGBON,Tankers,6.0,5.0,9.0,6.43
2022-11-27,NGBON,Tankers,6.0,4.0,8.0,5.57
2022-12-04,NGBON,Tankers,5.0,5.0,9.0,6.57
2022-12-11,NGBON,Tankers,4.0,4.0,10.0,6.29
2022-12-18,NGBON,Tankers,7.0,4.0,9.0,6.86
2022-12-25,NGBON,Tankers,5.0,5.0,8.0,6.71
2023-01-01,NGBON,Tankers,5.0,5.0,8.0,6.57
2023-01-08,NGBON,Tankers,4.0,3.0,8.0,6.12
2023-01-15,NGBON,Tankers,5.0,5.0,10.0,6.38
2023-01-22,NGBON,Tankers,5.0,5.0,8.0,6.5
2023-01-29,NGBON,Tankers,4.0,4.0,9.0,6.38
2023-02-05,NGBON,Tankers,5.0,3.0,9.0,6.38
2023-02-12,NGBON,Tankers,7.0,5.0,7.0,6.25
2023-02-19,NGBON,Tankers,5.0,5.0,8.0,6.5
2023-02-26,NGBON,Tankers,5.0,3.0,9.0,6.62
2023-03-05,NGBON,Tankers,8.0,4.0,8.0,6.75
2023-03-12,NGBON,Tankers,5.0,5.0,8.0,6.25
2023-03-19,NGBON,Tankers,6.0,4.0,8.0,5.88
2023-03-26,NGBON,Tankers,10.0,4.0,10.0,6.38
2023-04-02,NGBON,Tankers,9.0,6.0,9.0,7.38
2023-04-09,NGBON,Tankers,7.0,4.0,9.0,6.62
2023-04-16,NGBON,Tankers,6.0,5.0,8.0,6.88
2023-04-23,NGBON,Tankers,4.0,3.0,8.0,6.12
2023-04-30,NGBON,Tankers,6.0,5.0,8.0,6.12
2023-05-07,NGBON,Tankers,9.0,5.0,9.0,6.38
2023-05-14,NGBON,Tankers,6.0,5.0,9.0,6.62
2023-05-21,NGBON,Tankers,5.0,4.0,8.0,5.75
2023-05-28,NGBON,Tankers,5.0,3.0,9.0,5.75
2023-06-04,NGBON,Tankers,5.0,5.0,9.0,6.0
2023-06-11,NGBON,Tankers,7.0,3.0,9.0,6.75
2023-06-18,NGBON,Tankers,7.0,5.0,9.0,7.12
2023-06-25,NGBON,Tankers,6.0,6.0,9.0,7.0
2023-07-02,NGBON,Tankers,6.0,4.0,7.0,5.62
2023-07-09,NGBON,Tankers,6.0,5.0,9.0,6.62
2023-07-16,NGBON,Tankers,6.0,5.0,9.0,7.0
2023-07-23,NGBON,Tankers,6.0,4.0,7.0,5.88
2023-07-30,NGBON,Tankers,6.0,4.0,9.0,7.0
2023-08-06,NGBON,Tankers,5.0,5.0,10.0,6.62
2023-08-13,NGBON,Tankers,5.0,5.0,9.0,7.0
2023-08-20,NGBON,Tankers,5.0,4.0,10.0,6.25
2023-08-27,NGBON,Tankers,5.0,3.0,10.0,6.5
2023-09-03,NGBON,Tankers,5.0,4.0,8.0,6.25
2023-09-10,NGBON,Tankers,6.0,2.0,12.0,6.57
2023-09-17,NGBON,Tankers,5.0,4.0,10.0,6.14
2023-09-24,NGBON,Tankers,7.0,4.0,8.0,5.86
2023-10-01,NGBON,Tankers,5.0,5.0,11.0,7.14
2023-10-08,NGBON,Tankers,6.0,3.0,8.0,5.43
2023-10-15,NGBON,Tankers,8.0,3.0,9.0,6.43
2023-10-22,NGBON,Tankers,5.0,4.0,8.0,6.0
2023-10-29,NGBON,Tankers,5.0,5.0,10.0,6.43
2023-11-05,NGBON,Tankers,3.0,3.0,10.0,6.14
2023-11-12,NGBON,Tankers,4.0,4.0,9.0,6.0
2023-11-19,NGBON,Tankers,5.0,5.0,9.0,6.43
2023-11-26,NGBON,Tankers,5.0,4.0,8.0,5.57
2023-12-03,NGBON,Tankers,5.0,5.0,9.0,6.57
2023-12-10,NGBON,Tankers,5.0,4.0,10.0,6.29
2023-12-17,NGBON,Tankers,4.0,4.0,9.0,6.86
2023-12-24,NGBON,Tankers,6.0,5.0,8.0,6.71
2023-12-31,NGBON,Tankers,6.0,5.0,8.0,6.57
2024-01-07,NGBON,Tankers,3.0,3.0,8.0,6.12
2024-01-14,NGBON,Tankers,6.0,5.0,10.0,6.38
2024-01-21,NGBON,Tankers,6.0,5.0,8.0,6.5
2024-01-28,NGBON,Tankers,6.0,4.0,9.0,6.38
2024-02-04,NGBON,Tankers,6.0,3.0,9.0,6.38
2024-02-11,NGBON,Tankers,6.0,5.0,7.0,6.25
2024-02-18,NGBON,Tankers,5.0,5.0,8.0,6.5
2024-02-25,NGBON,Tankers,5.0,3.0,9.0,6.62
2024-03-03,NGBON,Tankers,6.0,4.0,8.0,6.75
2024-03-10,NGBON,Tankers,5.0,5.0,8.0,6.25
2024-03-17,NGBON,Tankers,4.0,4.0,8.0,5.88
2024-03-24,NGBON,Tankers,4.0,4.0,10.0,6.38
2024-03-31,NGBON,Tankers,6.0,6.0,9.0,7.38
2024-04-07,NGBON,Tankers,6.0,4.0,9.0,6.62
2024-04-14,NGBON,Tankers,6.0,5.0,8.0,6.88
2024-04-21,NGBON,Tankers,6.0,3.0,8.0,6.12
2024-04-28,NGBON,Tankers,5.0,5.0,8.0,6.12
2024-05-05,NGBON,Tankers,5.0,5.0,9.0,6.38
2024-05-12,NGBON,Tankers,5.0,5.0,9.0,6.62
2024-05-19,NGBON,Tankers,5.0,4.0,8.0,5.75
2024-05-26,NGBON,Tankers,3.0,3.0,9.0,5.75
2024-06-02,NGBON,Tankers,5.0,5.0,9.0,6.0
2024-06-09,NGBON,Tankers,6.0,3.0,9.0,6.75
2024-06-16,NGBON,Tankers,7.0,5.0,9.0,7.12
2024-06-23,NGBON,Tankers,7.0,6.0,9.0,7.0
2024-06-30,NGBON,Tankers,4.0,4.0,7.0,5.62
2024-07-07,NGBON,Tankers,5.0,5.0,9.0,6.62
2024-07-14,NGBON,Tankers,6.0,5.0,9.0,7.0
2024-07-21,NGBON,Tankers,6.0,4.0,7.0,5.88
2024-07-28,NGBON,Tankers,7.0,4.0,9.0,7.0
2024-08-04,NGBON,Tankers,6.0,5.0,10.0,6.62
2024-08-11,NGBON,Tankers,5.0,5.0,9.0,7.0
2024-08-18,NGBON,Tankers,5.0,4.0,10.0,6.25
2024-08-25,NGBON,Tankers,5.0,3.0,10.0,6.5
2024-09-01,NGBON,Tankers,7.0,4.0,8.0,6.25
2024-09-08,NGBON,Tankers,7.0,2.0,12.0,6.57
2024-09-15,NGBON,Tankers,4.0,4.0,10.0,6.14
2024-09-22,NGBON,Tankers,4.0,4.0,8.0,5.86
2024-09-29,NGBON,Tankers,5.0,5.0,11.0,7.14
2024-10-06,NGBON,Tankers,5.0,3.0,8.0,5.43
2024-10-13,NGBON,Tankers,3.0,3.0,9.0,6.43
2024-10-20,NGBON,Tankers,7.0,4.0,8.0,6.0
2024-10-27,NGBON,Tankers,6.0,5.0,10.0,6.43
2024-11-03,NGBON,Tankers,5.0,3.0,10.0,6.14
2024-11-10,NGBON,Tankers,6.0,4.0,9.0,6.0
2024-11-17,NGBON,Tankers,5.0,5.0,9.0,6.43
2024-11-24,NGBON,Tankers,4.0,4.0,8.0,5.57
2024-12-01,NGBON,Tankers,7.0,5.0,9.0,6.57
2024-12-08,NGBON,Tankers,6.0,4.0,10.0,6.29
2024-12-15,NGBON,Tankers,6.0,4.0,9.0,6.86
2024-12-22,NGBON,Tankers,7.0,5.0,8.0,6.71
2024-12-29,NGBON,Tankers,7.0,5.0,8.0,6.57
2025-01-05,NGBON,Tankers,6.0,3.0,8.0,6.12
2025-01-12,NGBON,Tankers,6.0,5.0,10.0,6.38
2025-01-19,NGBON,Tankers,5.0,5.0,8.0,6.5
2025-01-26,NGBON,Tankers,6.0,4.0,9.0,6.38
2025-02-02,NGBON,Tankers,3.0,3.0,9.0,6.38
2025-02-09,NGBON,Tankers,5.0,5.0,7.0,6.25
2025-02-16,NGBON,Tankers,6.0,5.0,8.0,6.5
2025-02-23,NGBON,Tankers,3.0,3.0,9.0,6.62
2025-03-02,NGBON,Tankers,4.0,4.0,8.0,6.75
2025-03-09,NGBON,Tankers,8.0,5.0,8.0,6.25
2025-03-16,NGBON,Tankers,4.0,4.0,8.0,5.88
2025-03-23,NGBON,Tankers,5.0,4.0,10.0,6.38
2025-03-30,NGBON,Tankers,6.0,6.0,9.0,7.38
2025-04-06,NGBON,Tankers,7.0,4.0,9.0,6.62
2025-04-13,NGBON,Tankers,8.0,5.0,8.0,6.88
2025-04-20,NGBON,Tankers,3.0,3.0,8.0,6.12
2025-04-27,NGBON,Tankers,5.0,5.0,8.0,6.12
2025-05-04,NGBON,Tankers,7.0,5.0,9.0,6.38
2025-05-11,NGBON,Tankers,7.0,5.0,9.0,6.62
2025-05-18,NGBON,Tankers,6.0,4.0,8.0,5.75
2025-05-25,NGBON,Tankers,5.0,3.0,9.0,5.75
2025-06-01,NGBON,Tankers,5.0,5.0,9.0,6.0
2025-06-08,NGBON,Tankers,6.0,3.0,9.0,6.75
2025-06-15,NGBON,Tankers,5.0,5.0,9.0,7.12
2025-06-22,NGBON,Tankers,6.0,6.0,9.0,7.0
2025-06-29,NGBON,Tankers,6.0,4.0,7.0,5.62
2025-07-06,NGBON,Tankers,8.0,5.0,9.0,6.62
2025-07-13,NGBON,Tankers,5.0,5.0,9.0,7.0
2025-07-20,NGBON,Tankers,7.0,4.0,7.0,5.88
2025-07-27,NGBON,Tankers,6.0,4.0,9.0,7.0
2025-08-03,NGBON,Tankers,6.0,5.0,10.0,6.62
2025-08-10,NGBON,Tankers,8.0,5.0,9.0,7.0
2025-08-17,NGBON,Tankers,4.0,4.0,10.0,6.25
2025-08-24,NGBON,Tankers,4.0,3.0,10.0,6.5
2025-08-31,NGBON,Tankers,4.0,4.0,8.0,6.25
2025-09-07,NGBON,Tankers,2.0,2.0,12.0,6.57
2025-09-14,NGBON,Tankers,4.0,4.0,10.0,6.14
2025-09-21,NGBON,Tankers,5.0,4.0,8.0,5.86
2025-09-28,NGBON,Tankers,5.0,5.0,11.0,7.14
2025-10-05,NGBON,Tankers,4.0,3.0,8.0,5.43
2025-10-12,NGBON,Tankers,8.0,3.0,9.0,6.43
2025-10-19,NGBON,Tankers,4.0,4.0,8.0,6.0
2025-10-26,NGBON,Tankers,10.0,5.0,10.0,6.43
2025-11-02,NGBON,Tankers,10.0,3.0,10.0,6.14
2025-11-09,NGBON,Tankers,5.0,4.0,9.0,6.0
2025-11-16,NGBON,Tankers,7.0,5.0,9.0,6.43
2025-11-23,NGBON,Tankers,6.0,4.0,8.0,5.57
2025-11-30,NGBON,Tankers,5.0,5.0,9.0,6.57
2025-12-07,NGBON,Tankers,6.0,4.0,10.0,6.29
2025-12-14,NGBON,Tankers,8.0,4.0,9.0,6.86
2025-12-21,NGBON,Tankers,8.0,5.0,8.0,6.71
2025-12-28,NGBON,Tankers,7.0,5.0,8.0,6.57
2026-01-04,NGBON,Tankers,8.0,3.0,8.0,6.12
2026-01-11,NGBON,Tankers,6.0,5.0,10.0,6.38
2026-01-18,NGBON,Tankers,7.0,5.0,8.0,6.5
2026-01-25,NGBON,Tankers,9.0,4.0,9.0,6.38
2026-02-01,NGBON,Tankers,7.0,3.0,9.0,6.38
2026-02-08,NGBON,Tankers,6.0,5.0,7.0,6.25
2026-02-15,NGBON,Tankers,8.0,5.0,8.0,6.5
2026-02-22,NGBON,Tankers,8.0,3.0,9.0,6.62
2026-03-01,NGBON,Tankers,8.0,4.0,8.0,6.75
2026-03-08,NGBON,Tankers,6.0,5.0,8.0,6.25
2026-03-15,NGBON,Tankers,7.0,4.0,8.0,5.88
2026-03-22,NGBON,Tankers,6.0,4.0,10.0,6.38
2026-03-29,NGBON,Tankers,9.0,6.0,9.0,7.38
2026-04-05,NGBON,Tankers,9.0,4.0,9.0,6.62
2026-04-12,NGBON,Tankers,8.0,5.0,8.0,6.88
2026-04-19,NGBON,Tankers,6.0,3.0,8.0,6.12
2026-04-26,NGBON,Tankers,8.0,5.0,8.0,6.12
2026-05-03,NGBON,Tankers,7.0,5.0,9.0,6.38
2026-05-10,NGBON,Tankers,9.0,5.0,9.0,6.62
2026-05-17,NGBON,Tankers,8.0,4.0,8.0,5.75
2026-05-24,NGBON,Tankers,6.0,3.0,9.0,5.75
2026-05-31,NGBON,Tankers,9.0,5.0,9.0,6.0
2026-06-07,NGBON,Tankers,9.0,3.0,9.0,6.75
2026-06-14,NGBON,Tankers,8.0,5.0,9.0,7.12
2026-06-21,NGBON,Tankers,6.0,6.0,9.0,7.0
2026-06-28,NGBON,Tankers,6.0,4.0,7.0,5.62
2026-07-05,NGBON,Tankers,9.0,5.0,9.0,6.62
2026-07-12,NGBON,Tankers,9.0,5.0,9.0,7.0
2026-07-19,NGBON,Tankers,4.0,4.0,7.0,5.88
2026-07-26,NGBON,Tankers,9.0,4.0,9.0,7.0
2026-08-02,NGBON,Tankers,10.0,5.0,10.0,6.62
2026-08-09,NGBON,Tankers,8.0,5.0,9.0,7.0
2026-08-16,NGBON,Tankers,6.0,4.0,10.0,6.25
2026-08-23,NGBON,Tankers,8.0,3.0,10.0,6.5
2026-08-30,NGBON,Tankers,6.0,4.0,8.0,6.25
2019-01-06,NLRTM,Tankers,285.0,257.0,368.0,303.75
2019-01-13,NLRTM,Tankers,368.0,295.0,368.0,328.12
2019-01-20,NLRTM,Tankers,361.0,289.0,361.0,324.38
2019-01-27,NLRTM,Tankers,351.0,280.0,356.0,327.75
2019-02-03,NLRTM,Tankers,387.0,282.0,404.0,330.12
2019-02-10,NLRTM,Tankers,338.0,293.0,338.0,318.0
2019-02-17,NLRTM,Tankers,396.0,282.0,396.0,332.38
2019-02-24,NLRTM,Tankers,366.0,293.0,366.0,326.25
2019-03-03,NLRTM,Tankers,365.0,291.0,367.0,333.62
2019-03-10,NLRTM,Tankers,367.0,299.0,367.0,332.75
2019-03-17,NLRTM,Tankers,330.0,297.0,347.0,318.75
2019-03-24,NLRTM,Tankers,383.0,298.0,383.0,325.0
2019-03-31,NLRTM,Tankers,367.0,296.0,367.0,331.38
2019-04-07,NLRTM,Tankers,393.0,294.0,393.0,323.38
2019-04-14,NLRTM,Tankers,385.0,288.0,385.0,329.75
2019-04-21,NLRTM,Tankers,335.0,293.0,358.0,326.5
2019-04-28,NLRTM,Tankers,363.0,301.0,371.0,330.5
2019-05-05,NLRTM,Tankers,340.0,299.0,364.0,325.88
2019-05-12,NLRTM,Tankers,357.0,305.0,365.0,331.12
2019-05-19,NLRTM,Tankers,347.0,298.0,365.0,334.5
2019-05-26,NLRTM,Tankers,353.0,294.0,353.0,321.75
2019-06-02,NLRTM,Tankers,360.0,283.0,380.0,328.38
2019-06-09,NLRTM,Tankers,306.0,283.0,331.0,306.88
2019-06-16,NLRTM,Tankers,353.0,295.0,361.0,327.25
2019-06-23,NLRTM,Tankers,343.0,291.0,355.0,322.5
2019-06-30,NLRTM,Tankers,361.0,282.0,361.0,321.12
2019-07-07,NLRTM,Tankers,327.0,265.0,347.0,315.88
2019-07-14,NLRTM,Tankers,380.0,291.0,380.0,328.12
2019-07-21,NLRTM,Tankers,370.0,301.0,370.0,325.0
2019-07-28,NLRTM,Tankers,348.0,287.0,371.0,331.88
2019-08-04,NLRTM,Tankers,322.0,283.0,366.0,321.25
2019-08-11,NLRTM,Tankers,355.0,294.0,358.0,324.0
2019-08-18,NLRTM,Tankers,345.0,279.0,364.0,322.12
2019-08-25,NLRTM,Tankers,339.0,292.0,342.0,311.5
2019-09-01,NLRTM,Tankers,345.0,213.0,357.0,310.88
2019-09-08,NLRTM,Tankers,363.0,287.0,363.0,320.0
2019-09-15,NLRTM,Tankers,328.0,282.0,358.0,320.43
2019-09-22,NLRTM,Tankers,355.0,259.0,355.0,310.71
2019-09-29,NLRTM,Tankers,357.0,278.0,362.0,326.0
2019-10-06,NLRTM,Tankers,364.0,272.0,364.0,321.29
2019-10-13,NLRTM,Tankers,326.0,275.0,343.0,311.71
2019-10-20,NLRTM,Tankers,359.0,295.0,359.0,324.29
2019-10-27,NLRTM,Tankers,366.0,279.0,366.0,324.14
2019-11-03,NLRTM,Tankers,354.0,289.0,359.0,323.71
2019-11-10,NLRTM,Tankers,334.0,295.0,374.0,323.71
2019-11-17,NLRTM,Tankers,340.0,296.0,341.0,315.71
2019-11-24,NLRTM,Tankers,337.0,286.0,351.0,319.71
2019-12-01,NLRTM,Tankers,346.0,286.0,346.0,321.86
2019-12-08,NLRTM,Tankers,335.0,282.0,350.0,313.29
2019-12-15,NLRTM,Tankers,357.0,282.0,371.0,330.43
2019-12-22,NLRTM,Tankers,349.0,260.0,356.0,313.29
2019-12-29,NLRTM,Tankers,363.0,264.0,363.0,313.57
2020-01-05,NLRTM,Tankers,319.0,257.0,368.0,303.75
2020-01-12,NLRTM,Tankers,349.0,295.0,368.0,328.12
2020-01-19,NLRTM,Tankers,347.0,289.0,361.0,324.38
2020-01-26,NLRTM,Tankers,352.0,280.0,356.0,327.75
2020-02-02,NLRTM,Tankers,404.0,282.0,404.0,330.12
2020-02-09,NLRTM,Tankers,320.0,293.0,338.0,318.0
2020-02-16,NLRTM,Tankers,330.0,282.0,396.0,332.38
2020-02-23,NLRTM,Tankers,334.0,293.0,366.0,326.25
2020-03-01,NLRTM,Tankers,367.0,291.0,367.0,333.62
2020-03-08,NLRTM,Tankers,363.0,299.0,367.0,332.75
2020-03-15,NLRTM,Tankers,336.0,297.0,347.0,318.75
2020-03-22,NLRTM,Tankers,342.0,298.0,383.0,325.0
2020-03-29,NLRTM,Tankers,365.0,296.0,367.0,331.38
2020-04-05,NLRTM,Tankers,333.0,294.0,393.0,323.38
2020-04-12,NLRTM,Tankers,338.0,288.0,385.0,329.75
2020-04-19,NLRTM,Tankers,358.0,293.0,358.0,326.5
2020-04-26,NLRTM,Tankers,371.0,301.0,371.0,330.5
2020-05-03,NLRTM,Tankers,364.0,299.0,364.0,325.88
2020-05-10,NLRTM,Tankers,365.0,305.0,365.0,331.12
2020-05-17,NLRTM,Tankers,348.0,298.0,365.0,334.5
2020-05-24,NLRTM,Tankers,338.0,294.0,353.0,321.75
2020-05-31,NLRTM,Tankers,380.0,283.0,380.0,328.38
2020-06-07,NLRTM,Tankers,327.0,283.0,331.0,306.88
2020-06-14,NLRTM,Tankers,361.0,295.0,361.0,327.25
2020-06-21,NLRTM,Tankers,355.0,291.0,355.0,322.5
2020-06-28,NLRTM,Tankers,352.0,282.0,361.0,321.12
2020-07-05,NLRTM,Tankers,326.0,265.0,347.0,315.88
2020-07-12,NLRTM,Tankers,356.0,291.0,380.0,328.12
2020-07-19,NLRTM,Tankers,350.0,301.0,370.0,325.0
2020-07-26,NLRTM,Tankers,371.0,287.0,371.0,331.88
2020-08-02,NLRTM,Tankers,366.0,283.0,366.0,321.25
2020-08-09,NLRTM,Tankers,342.0,294.0,358.0,324.0
2020-08-16,NLRTM,Tankers,364.0,279.0,364.0,322.12
2020-08-23,NLRTM,Tankers,342.0,292.0,342.0,311.5
2020-08-30,NLRTM,Tankers,357.0,213.0,357.0,310.88
2020-09-06,NLRTM,Tankers,350.0,287.0,363.0,320.0
2020-09-13,NLRTM,Tankers,358.0,282.0,358.0,320.43
2020-09-20,NLRTM,Tankers,336.0,259.0,355.0,310.71
2020-09-27,NLRTM,Tankers,351.0,278.0,362.0,326.0
2020-10-04,NLRTM,Tankers,340.0,272.0,364.0,321.29
2020-10-11,NLRTM,Tankers,343.0,275.0,343.0,311.71
2020-10-18,NLRTM,Tankers,338.0,295.0,359.0,324.29
2020-10-25,NLRTM,Tankers,353.0,279.0,366.0,324.14
2020-11-01,NLRTM,Tankers,345.0,289.0,359.0,323.71
2020-11-08,NLRTM,Tankers,341.0,295.0,374.0,323.71
2020-11-15,NLRTM,Tankers,341.0,296.0,341.0,315.71
2020-11-22,NLRTM,Tankers,351.0,286.0,351.0,319.71
2020-11-29,NLRTM,Tankers,345.0,286.0,346.0,321.86
2020-12-06,NLRTM,Tankers,350.0,282.0,350.0,313.29
2020-12-13,NLRTM,Tankers,371.0,282.0,371.0,330.43
2020-12-20,NLRTM,Tankers,356.0,260.0,356.0,313.29
2020-12-27,NLRTM,Tankers,337.0,264.0,363.0,313.57
2021-01-03,NLRTM,Tankers,333.0,266.4,399.6,333.0
2021-01-10,NLRTM,Tankers,327.0,257.0,368.0,303.75
2021-01-17,NLRTM,Tankers,355.0,295.0,368.0,328.12
2021-01-24,NLRTM,Tankers,318.0,289.0,361.0,324.38
2021-01-31,NLRTM,Tankers,332.0,280.0,356.0,327.75
2021-02-07,NLRTM,Tankers,335.0,282.0,404.0,330.12
2021-02-14,NLRTM,Tankers,324.0,293.0,338.0,318.0
2021-02-21,NLRTM,Tankers,357.0,282.0,396.0,332.38
2021-02-28,NLRTM,Tankers,362.0,293.0,366.0,326.25
2021-03-07,NLRTM,Tankers,346.0,291.0,367.0,333.62
2021-03-14,NLRTM,Tankers,341.0,299.0,367.0,332.75
2021-03-21,NLRTM,Tankers,299.0,297.0,347.0,318.75
2021-03-28,NLRTM,Tankers,329.0,298.0,383.0,325.0
2021-04-04,NLRTM,Tankers,346.0,296.0,367.0,331.38
2021-04-11,NLRTM,Tankers,325.0,294.0,393.0,323.38
2021-04-18,NLRTM,Tankers,356.0,288.0,385.0,329.75
2021-04-25,NLRTM,Tankers,349.0,293.0,358.0,326.5
2021-05-02,NLRTM,Tankers,344.0,301.0,371.0,330.5
2021-05-09,NLRTM,Tankers,339.0,299.0,364.0,325.88
2021-05-16,NLRTM,Tankers,356.0,305.0,365.0,331.12
2021-05-23,NLRTM,Tankers,365.0,298.0,365.0,334.5
2021-05-30,NLRTM,Tankers,342.0,294.0,353.0,321.75
2021-06-06,NLRTM,Tankers,320.0,283.0,380.0,328.38
2021-06-13,NLRTM,Tankers,331.0,283.0,331.0,306.88
2021-06-20,NLRTM,Tankers,333.0,295.0,361.0,327.25
2021-06-27,NLRTM,Tankers,352.0,291.0,355.0,322.5
2021-07-04,NLRTM,Tankers,339.0,282.0,361.0,321.12
2021-07-11,NLRTM,Tankers,342.0,265.0,347.0,315.88
2021-07-18,NLRTM,Tankers,332.0,291.0,380.0,328.12
2021-07-25,NLRTM,Tankers,323.0,301.0,370.0,325.0
2021-08-01,NLRTM,Tankers,361.0,287.0,371.0,331.88
2021-08-08,NLRTM,Tankers,323.0,283.0,366.0,321.25
2021-08-15,NLRTM,Tankers,328.0,294.0,358.0,324.0
2021-08-22,NLRTM,Tankers,352.0,279.0,364.0,322.12
2021-08-29,NLRTM,Tankers,298.0,292.0,342.0,311.5
2021-09-05,NLRTM,Tankers,351.0,213.0,357.0,310.88
2021-09-12,NLRTM,Tankers,298.0,287.0,363.0,320.0
2021-09-19,NLRTM,Tankers,328.0,282.0,358.0,320.43
2021-09-26,NLRTM,Tankers,333.0,259.0,355.0,310.71
2021-10-03,NLRTM,Tankers,362.0,278.0,362.0,326.0
2021-10-10,NLRTM,Tankers,343.0,272.0,364.0,321.29
2021-10-17,NLRTM,Tankers,319.0,275.0,343.0,311.71
2021-10-24,NLRTM,Tankers,342.0,295.0,359.0,324.29
2021-10-31,NLRTM,Tankers,332.0,279.0,366.0,324.14
2021-11-07,NLRTM,Tankers,359.0,289.0,359.0,323.71
2021-11-14,NLRTM,Tankers,374.0,295.0,374.0,323.71
2021-11-21,NLRTM,Tankers,321.0,296.0,341.0,315.71
2021-11-28,NLRTM,Tankers,337.0,286.0,351.0,319.71
2021-12-05,NLRTM,Tankers,330.0,286.0,346.0,321.86
2021-12-12,NLRTM,Tankers,321.0,282.0,350.0,313.29
2021-12-19,NLRTM,Tankers,335.0,282.0,371.0,330.43
2021-12-26,NLRTM,Tankers,338.0,260.0,356.0,313.29
2022-01-02,NLRTM,Tankers,329.0,264.0,363.0,313.57
2022-01-09,NLRTM,Tankers,368.0,257.0,368.0,303.75
2022-01-16,NLRTM,Tankers,332.0,295.0,368.0,328.12
2022-01-23,NLRTM,Tankers,358.0,289.0,361.0,324.38
2022-01-30,NLRTM,Tankers,356.0,280.0,356.0,327.75
2022-02-06,NLRTM,Tankers,311.0,282.0,404.0,330.12
2022-02-13,NLRTM,Tankers,323.0,293.0,338.0,318.0
2022-02-20,NLRTM,Tankers,313.0,282.0,396.0,332.38
2022-02-27,NLRTM,Tankers,337.0,293.0,366.0,326.25
2022-03-06,NLRTM,Tankers,354.0,291.0,367.0,333.62
2022-03-13,NLRTM,Tankers,337.0,299.0,367.0,332.75
2022-03-20,NLRTM,Tankers,347.0,297.0,347.0,318.75
2022-03-27,NLRTM,Tankers,326.0,298.0,383.0,325.0
2022-04-03,NLRTM,Tankers,336.0,296.0,367.0,331.38
2022-04-10,NLRTM,Tankers,339.0,294.0,393.0,323.38
2022-04-17,NLRTM,Tankers,331.0,288.0,385.0,329.75
2022-04-24,NLRTM,Tankers,343.0,293.0,358.0,326.5
2022-05-01,NLRTM,Tankers,337.0,301.0,371.0,330.5
2022-05-08,NLRTM,Tankers,317.0,299.0,364.0,325.88
2022-05-15,NLRTM,Tankers,325.0,305.0,365.0,331.12
2022-05-22,NLRTM,Tankers,352.0,298.0,365.0,334.5
2022-05-29,NLRTM,Tankers,323.0,294.0,353.0,321.75
2022-06-05,NLRTM,Tankers,340.0,283.0,380.0,328.38
2022-06-12,NLRTM,Tankers,315.0,283.0,331.0,306.88
2022-06-19,NLRTM,Tankers,331.0,295.0,361.0,327.25
2022-06-26,NLRTM,Tankers,312.0,291.0,355.0,322.5
2022-07-03,NLRTM,Tankers,310.0,282.0,361.0,321.12
2022-07-10,NLRTM,Tankers,347.0,265.0,347.0,315.88
2022-07-17,NLRTM,Tankers,338.0,291.0,380.0,328.12
2022-07-24,NLRTM,Tankers,306.0,301.0,370.0,325.0
2022-07-31,NLRTM,Tankers,364.0,287.0,371.0,331.88
2022-08-07,NLRTM,Tankers,324.0,283.0,366.0,321.25
2022-08-14,NLRTM,Tankers,358.0,294.0,358.0,324.0
2022-08-21,NLRTM,Tankers,313.0,279.0,364.0,322.12
2022-08-28,NLRTM,Tankers,332.0,292.0,342.0,311.5
2022-09-04,NLRTM,Tankers,319.0,213.0,357.0,310.88
2022-09-11,NLRTM,Tankers,347.0,287.0,363.0,320.0
2022-09-18,NLRTM,Tankers,318.0,282.0,358.0,320.43
2022-09-25,NLRTM,Tankers,309.0,259.0,355.0,310.71
2022-10-02,NLRTM,Tankers,311.0,278.0,362.0,326.0
2022-10-09,NLRTM,Tankers,344.0,272.0,364.0,321.29
2022-10-16,NLRTM,Tankers,333.0,275.0,343.0,311.71
2022-10-23,NLRTM,Tankers,313.0,295.0,359.0,324.29
2022-10-30,NLRTM,Tankers,331.0,279.0,366.0,324.14
2022-11-06,NLRTM,Tankers,313.0,289.0,359.0,323.71
2022-11-13,NLRTM,Tankers,305.0,295.0,374.0,323.71
2022-11-20,NLRTM,Tankers,314.0,296.0,341.0,315.71
2022-11-27,NLRTM,Tankers,314.0,286.0,351.0,319.71
2022-12-04,NLRTM,Tankers,321.0,286.0,346.0,321.86
2022-12-11,NLRTM,Tankers,311.0,282.0,350.0,313.29
2022-12-18,NLRTM,Tankers,348.0,282.0,371.0,330.43
2022-12-25,NLRTM,Tankers,314.0,260.0,356.0,313.29
2023-01-01,NLRTM,Tankers,306.0,264.0,363.0,313.57
2023-01-08,NLRTM,Tankers,319.0,257.0,368.0,303.75
2023-01-15,NLRTM,Tankers,306.0,295.0,368.0,328.12
2023-01-22,NLRTM,Tankers,326.0,289.0,361.0,324.38
2023-01-29,NLRTM,Tankers,319.0,280.0,356.0,327.75
2023-02-05,NLRTM,Tankers,305.0,282.0,404.0,330.12
2023-02-12,NLRTM,Tankers,309.0,293.0,338.0,318.0
2023-02-19,NLRTM,Tankers,345.0,282.0,396.0,332.38
2023-02-26,NLRTM,Tankers,306.0,293.0,366.0,326.25
2023-03-05,NLRTM,Tankers,315.0,291.0,367.0,333.62
2023-03-12,NLRTM,Tankers,317.0,299.0,367.0,332.75
2023-03-19,NLRTM,Tankers,311.0,297.0,347.0,318.75
2023-03-26,NLRTM,Tankers,298.0,298.0,383.0,325.0
2023-04-02,NLRTM,Tankers,305.0,296.0,367.0,331.38
2023-04-09,NLRTM,Tankers,302.0,294.0,393.0,323.38
2023-04-16,NLRTM,Tankers,309.0,288.0,385.0,329.75
2023-04-23,NLRTM,Tankers,329.0,293.0,358.0,326.5
2023-04-30,NLRTM,Tankers,321.0,301.0,371.0,330.5
2023-05-07,NLRTM,Tankers,317.0,299.0,364.0,325.88
2023-05-14,NLRTM,Tankers,305.0,305.0,365.0,331.12
2023-05-21,NLRTM,Tankers,317.0,298.0,365.0,334.5
2023-05-28,NLRTM,Tankers,294.0,294.0,353.0,321.75
2023-06-04,NLRTM,Tankers,334.0,283.0,380.0,328.38
2023-06-11,NLRTM,Tankers,283.0,283.0,331.0,306.88
2023-06-18,NLRTM,Tankers,295.0,295.0,361.0,327.25
2023-06-25,NLRTM,Tankers,318.0,291.0,355.0,322.5
2023-07-02,NLRTM,Tankers,302.0,282.0,361.0,321.12
2023-07-09,NLRTM,Tankers,287.0,265.0,347.0,315.88
2023-07-16,NLRTM,Tankers,306.0,291.0,380.0,328.12
2023-07-23,NLRTM,Tankers,301.0,301.0,370.0,325.0
2023-07-30,NLRTM,Tankers,296.0,287.0,371.0,331.88
2023-08-06,NLRTM,Tankers,308.0,283.0,366.0,321.25
2023-08-13,NLRTM,Tankers,307.0,294.0,358.0,324.0
2023-08-20,NLRTM,Tankers,279.0,279.0,364.0,322.12
2023-08-27,NLRTM,Tankers,292.0,292.0,342.0,311.5
2023-09-03,NLRTM,Tankers,316.0,213.0,357.0,310.88
2023-09-10,NLRTM,Tankers,296.0,287.0,363.0,320.0
2023-09-17,NLRTM,Tankers,334.0,282.0,358.0,320.43
2023-09-24,NLRTM,Tankers,306.0,259.0,355.0,310.71
2023-10-01,NLRTM,Tankers,315.0,278.0,362.0,326.0
2023-10-08,NLRTM,Tankers,303.0,272.0,364.0,321.29
2023-10-15,NLRTM,Tankers,301.0,275.0,343.0,311.71
2023-10-22,NLRTM,Tankers,295.0,295.0,359.0,324.29
2023-10-29,NLRTM,Tankers,303.0,279.0,366.0,324.14
2023-11-05,NLRTM,Tankers,289.0,289.0,359.0,323.71
2023-11-12,NLRTM,Tankers,295.0,295.0,374.0,323.71
2023-11-19,NLRTM,Tankers,301.0,296.0,341.0,315.71
2023-11-26,NLRTM,Tankers,312.0,286.0,351.0,319.71
2023-12-03,NLRTM,Tankers,307.0,286.0,346.0,321.86
2023-12-10,NLRTM,Tankers,288.0,282.0,350.0,313.29
2023-12-17,NLRTM,Tankers,318.0,282.0,371.0,330.43
2023-12-24,NLRTM,Tankers,285.0,260.0,356.0,313.29
2023-12-31,NLRTM,Tankers,305.0,264.0,363.0,313.57
2024-01-07,NLRTM,Tankers,291.0,257.0,368.0,303.75
2024-01-14,NLRTM,Tankers,304.0,295.0,368.0,328.12
2024-01-21,NLRTM,Tankers,296.0,289.0,361.0,324.38
2024-01-28,NLRTM,Tankers,325.0,280.0,356.0,327.75
2024-02-04,NLRTM,Tankers,332.0,282.0,404.0,330.12
2024-02-11,NLRTM,Tankers,319.0,293.0,338.0,318.0
2024-02-18,NLRTM,Tankers,304.0,282.0,396.0,332.38
2024-02-25,NLRTM,Tankers,293.0,293.0,366.0,326.25
2024-03-03,NLRTM,Tankers,305.0,291.0,367.0,333.62
2024-03-10,NLRTM,Tankers,313.0,299.0,367.0,332.75
2024-03-17,NLRTM,Tankers,319.0,297.0,347.0,318.75
2024-03-24,NLRTM,Tankers,303.0,298.0,383.0,325.0
2024-03-31,NLRTM,Tankers,308.0,296.0,367.0,331.38
2024-04-07,NLRTM,Tankers,305.0,294.0,393.0,323.38
2024-04-14,NLRTM,Tankers,318.0,288.0,385.0,329.75
2024-04-21,NLRTM,Tankers,293.0,293.0,358.0,326.5
2024-04-28,NLRTM,Tankers,301.0,301.0,371.0,330.5
2024-05-05,NLRTM,Tankers,322.0,299.0,364.0,325.88
2024-05-12,NLRTM,Tankers,306.0,305.0,365.0,331.12
2024-05-19,NLRTM,Tankers,298.0,298.0,365.0,334.5
2024-05-26,NLRTM,Tankers,300.0,294.0,353.0,321.75
2024-06-02,NLRTM,Tankers,299.0,283.0,380.0,328.38
2024-06-09,NLRTM,Tankers,297.0,283.0,331.0,306.88
2024-06-16,NLRTM,Tankers,339.0,295.0,361.0,327.25
2024-06-23,NLRTM,Tankers,311.0,291.0,355.0,322.5
2024-06-30,NLRTM,Tankers,319.0,282.0,361.0,321.12
2024-07-07,NLRTM,Tankers,309.0,265.0,347.0,315.88
2024-07-14,NLRTM,Tankers,323.0,291.0,380.0,328.12
2024-07-21,NLRTM,Tankers,311.0,301.0,370.0,325.0
2024-07-28,NLRTM,Tankers,301.0,287.0,371.0,331.88
2024-08-04,NLRTM,Tankers,308.0,283.0,366.0,321.25
2024-08-11,NLRTM,Tankers,309.0,294.0,358.0,324.0
2024-08-18,NLRTM,Tankers,317.0,279.0,364.0,322.12
2024-08-25,NLRTM,Tankers,293.0,292.0,342.0,311.5
2024-09-01,NLRTM,Tankers,289.0,213.0,357.0,310.88
2024-09-08,NLRTM,Tankers,287.0,287.0,363.0,320.0
2024-09-15,NLRTM,Tankers,295.0,282.0,358.0,320.43
2024-09-22,NLRTM,Tankers,277.0,259.0,355.0,310.71
2024-09-29,NLRTM,Tankers,278.0,278.0,362.0,326.0
2024-10-06,NLRTM,Tankers,283.0,272.0,364.0,321.29
2024-10-13,NLRTM,Tankers,275.0,275.0,343.0,311.71
2024-10-20,NLRTM,Tankers,301.0,295.0,359.0,324.29
2024-10-27,NLRTM,Tankers,305.0,279.0,366.0,324.14
2024-11-03,NLRTM,Tankers,292.0,289.0,359.0,323.71
2024-11-10,NLRTM,Tankers,298.0,295.0,374.0,323.71
2024-11-17,NLRTM,Tankers,297.0,296.0,341.0,315.71
2024-11-24,NLRTM,Tankers,301.0,286.0,351.0,319.71
2024-12-01,NLRTM,Tankers,318.0,286.0,346.0,321.86
2024-12-08,NLRTM,Tankers,306.0,282.0,350.0,313.29
2024-12-15,NLRTM,Tankers,282.0,282.0,371.0,330.43
2024-12-22,NLRTM,Tankers,291.0,260.0,356.0,313.29
2024-12-29,NLRTM,Tankers,264.0,264.0,363.0,313.57
2025-01-05,NLRTM,Tankers,257.0,257.0,368.0,303.75
2025-01-12,NLRTM,Tankers,295.0,295.0,368.0,328.12
2025-01-19,NLRTM,Tankers,289.0,289.0,361.0,324.38
2025-01-26,NLRTM,Tankers,280.0,280.0,356.0,327.75
2025-02-02,NLRTM,Tankers,285.0,282.0,404.0,330.12
2025-02-09,NLRTM,Tankers,318.0,293.0,338.0,318.0
2025-02-16,NLRTM,Tankers,332.0,282.0,396.0,332.38
2025-02-23,NLRTM,Tankers,306.0,293.0,366.0,326.25
2025-03-02,NLRTM,Tankers,326.0,291.0,367.0,333.62
2025-03-09,NLRTM,Tankers,325.0,299.0,367.0,332.75
2025-03-16,NLRTM,Tankers,297.0,297.0,347.0,318.75
2025-03-23,NLRTM,Tankers,308.0,298.0,383.0,325.0
2025-03-30,NLRTM,Tankers,296.0,296.0,367.0,331.38
2025-04-06,NLRTM,Tankers,296.0,294.0,393.0,323.38
2025-04-13,NLRTM,Tankers,313.0,288.0,385.0,329.75
2025-04-20,NLRTM,Tankers,307.0,293.0,358.0,326.5
2025-04-27,NLRTM,Tankers,304.0,301.0,371.0,330.5
2025-05-04,NLRTM,Tankers,299.0,299.0,364.0,325.88
2025-05-11,NLRTM,Tankers,326.0,305.0,365.0,331.12
2025-05-18,NLRTM,Tankers,328.0,298.0,365.0,334.5
2025-05-25,NLRTM,Tankers,301.0,294.0,353.0,321.75
2025-06-01,NLRTM,Tankers,311.0,283.0,380.0,328.38
2025-06-08,NLRTM,Tankers,297.0,283.0,331.0,306.88
2025-06-15,NLRTM,Tankers,302.0,295.0,361.0,327.25
2025-06-22,NLRTM,Tankers,291.0,291.0,355.0,322.5
2025-06-29,NLRTM,Tankers,304.0,282.0,361.0,321.12
2025-07-06,NLRTM,Tankers,265.0,265.0,347.0,315.88
2025-07-13,NLRTM,Tankers,299.0,291.0,380.0,328.12
2025-07-20,NLRTM,Tankers,313.0,301.0,370.0,325.0
2025-07-27,NLRTM,Tankers,287.0,287.0,371.0,331.88
2025-08-03,NLRTM,Tankers,283.0,283.0,366.0,321.25
2025-08-10,NLRTM,Tankers,299.0,294.0,358.0,324.0
2025-08-17,NLRTM,Tankers,287.0,279.0,364.0,322.12
2025-08-24,NLRTM,Tankers,296.0,292.0,342.0,311.5
2025-08-31,NLRTM,Tankers,297.0,213.0,357.0,310.88
2025-09-07,NLRTM,Tankers,299.0,287.0,363.0,320.0
2025-09-14,NLRTM,Tankers,282.0,282.0,358.0,320.43
2025-09-21,NLRTM,Tankers,259.0,259.0,355.0,310.71
2025-09-28,NLRTM,Tankers,308.0,278.0,362.0,326.0
2025-10-05,NLRTM,Tankers,272.0,272.0,364.0,321.29
2025-10-12,NLRTM,Tankers,285.0,275.0,343.0,311.71
2025-10-19,NLRTM,Tankers,322.0,295.0,359.0,324.29
2025-10-26,NLRTM,Tankers,279.0,279.0,366.0,324.14
2025-11-02,NLRTM,Tankers,314.0,289.0,359.0,323.71
2025-11-09,NLRTM,Tankers,319.0,295.0,374.0,323.71
2025-11-16,NLRTM,Tankers,296.0,296.0,341.0,315.71
2025-11-23,NLRTM,Tankers,286.0,286.0,351.0,319.71
2025-11-30,NLRTM,Tankers,286.0,286.0,346.0,321.86
2025-12-07,NLRTM,Tankers,282.0,282.0,350.0,313.29
2025-12-14,NLRTM,Tankers,302.0,282.0,371.0,330.43
2025-12-21,NLRTM,Tankers,260.0,260.0,356.0,313.29
2025-12-28,NLRTM,Tankers,291.0,264.0,363.0,313.57
2026-01-04,NLRTM,Tankers,264.0,257.0,368.0,303.75
2026-01-11,NLRTM,Tankers,316.0,295.0,368.0,328.12
2026-01-18,NLRTM,Tankers,300.0,289.0,361.0,324.38
2026-01-25,NLRTM,Tankers,307.0,280.0,356.0,327.75
2026-02-01,NLRTM,Tankers,282.0,282.0,404.0,330.12
2026-02-08,NLRTM,Tankers,293.0,293.0,338.0,318.0
2026-02-15,NLRTM,Tankers,282.0,282.0,396.0,332.38
2026-02-22,NLRTM,Tankers,306.0,293.0,366.0,326.25
2026-03-01,NLRTM,Tankers,291.0,291.0,367.0,333.62
2026-03-08,NLRTM,Tankers,299.0,299.0,367.0,332.75
2026-03-15,NLRTM,Tankers,311.0,297.0,347.0,318.75
2026-03-22,NLRTM,Tankers,311.0,298.0,383.0,325.0
2026-03-29,NLRTM,Tankers,328.0,296.0,367.0,331.38
2026-04-05,NLRTM,Tankers,294.0,294.0,393.0,323.38
2026-04-12,NLRTM,Tankers,288.0,288.0,385.0,329.75
2026-04-19,NLRTM,Tankers,298.0,293.0,358.0,326.5
2026-04-26,NLRTM,Tankers,303.0,301.0,371.0,330.5
2026-05-03,NLRTM,Tankers,309.0,299.0,364.0,325.88
2026-05-10,NLRTM,Tankers,309.0,305.0,365.0,331.12
2026-05-17,NLRTM,Tankers,321.0,298.0,365.0,334.5
2026-05-24,NLRTM,Tankers,323.0,294.0,353.0,321.75
2026-05-31,NLRTM,Tankers,283.0,283.0,380.0,328.38
2026-06-07,NLRTM,Tankers,299.0,283.0,331.0,306.88
2026-06-14,NLRTM,Tankers,304.0,295.0,361.0,327.25
2026-06-21,NLRTM,Tankers,298.0,291.0,355.0,322.5
2026-06-28,NLRTM,Tankers,282.0,282.0,361.0,321.12
2026-07-05,NLRTM,Tankers,324.0,265.0,347.0,315.88
2026-07-12,NLRTM,Tankers,291.0,291.0,380.0,328.12
2026-07-19,NLRTM,Tankers,326.0,301.0,370.0,325.0
2026-07-26,NLRTM,Tankers,327.0,287.0,371.0,331.88
2026-08-02,NLRTM,Tankers,336.0,283.0,366.0,321.25
2026-08-09,NLRTM,Tankers,294.0,294.0,358.0,324.0
2026-08-16,NLRTM,Tankers,320.0,279.0,364.0,322.12
2026-08-23,NLRTM,Tankers,300.0,292.0,342.0,311.5
2026-08-30,NLRTM,Tankers,213.0,213.0,357.0,310.88
2019-01-06,RUPRI,Tankers,15.0,15.0,29.0,19.62
2019-01-13,RUPRI,Tankers,19.0,18.0,27.0,21.5
2019-01-20,RUPRI,Tankers,22.0,16.0,26.0,21.0
2019-01-27,RUPRI,Tankers,21.0,7.0,24.0,19.88
2019-02-03,RUPRI,Tankers,18.0,4.0,25.0,19.62
2019-02-10,RUPRI,Tankers,23.0,4.0,23.0,18.62
2019-02-17,RUPRI,Tankers,12.0,3.0,26.0,18.25
2019-02-24,RUPRI,Tankers,21.0,4.0,25.0,19.88
2019-03-03,RUPRI,Tankers,18.0,5.0,25.0,17.38
2019-03-10,RUPRI,Tankers,19.0,3.0,25.0,18.62
2019-03-17,RUPRI,Tankers,16.0,5.0,26.0,16.88
2019-03-24,RUPRI,Tankers,16.0,7.0,22.0,16.75
2019-03-31,RUPRI,Tankers,19.0,1.0,27.0,19.38
2019-04-07,RUPRI,Tankers,17.0,2.0,24.0,17.0
2019-04-14,RUPRI,Tankers,15.0,4.0,23.0,17.75
2019-04-21,RUPRI,Tankers,19.0,1.0,26.0,18.75
2019-04-28,RUPRI,Tankers,20.0,3.0,23.0,18.88
2019-05-05,RUPRI,Tankers,16.0,16.0,22.0,18.0
2019-05-12,RUPRI,Tankers,20.0,8.0,20.0,16.38
2019-05-19,RUPRI,Tankers,16.0,13.0,23.0,16.25
2019-05-26,RUPRI,Tankers,22.0,16.0,26.0,21.0
2019-06-02,RUPRI,Tankers,18.0,14.0,20.0,17.0
2019-06-09,RUPRI,Tankers,18.0,12.0,23.0,17.12
2019-06-16,RUPRI,Tankers,19.0,9.0,23.0,16.25
2019-06-23,RUPRI,Tankers,26.0,10.0,26.0,16.38
2019-06-30,RUPRI,Tankers,23.0,5.0,25.0,18.38
2019-07-07,RUPRI,Tankers,21.0,3.0,21.0,14.0
2019-07-14,RUPRI,Tankers,16.0,10.0,20.0,15.12
2019-07-21,RUPRI,Tankers,19.0,12.0,24.0,17.38
2019-07-28,RUPRI,Tankers,20.0,9.0,24.0,17.25
2019-08-04,RUPRI,Tankers,17.0,8.0,21.0,14.62
2019-08-11,RUPRI,Tankers,19.0,7.0,19.0,15.75
2019-08-18,RUPRI,Tankers,22.0,2.0,22.0,14.5
2019-08-25,RUPRI,Tankers,20.0,11.0,21.0,16.38
2019-09-01,RUPRI,Tankers,21.0,3.0,27.0,17.12
2019-09-08,RUPRI,Tankers,14.0,9.0,21.0,15.43
2019-09-15,RUPRI,Tankers,19.0,9.0,19.0,13.71
2019-09-22,RUPRI,Tankers,23.0,10.0,25.0,18.0
2019-09-29,RUPRI,Tankers,17.0,13.0,20.0,17.29
2019-10-06,RUPRI,Tankers,22.0,12.0,22.0,17.43
2019-10-13,RUPRI,Tankers,13.0,10.0,17.0,14.29
2019-10-20,RUPRI,Tankers,17.0,10.0,20.0,15.57
2019-10-27,RUPRI,Tankers,20.0,16.0,23.0,18.43
2019-11-03,RUPRI,Tankers,18.0,11.0,19.0,16.0
2019-11-10,RUPRI,Tankers,20.0,12.0,20.0,16.71
2019-11-17,RUPRI,Tankers,13.0,13.0,24.0,17.86
2019-11-24,RUPRI,Tankers,21.0,15.0,24.0,19.14
2019-12-01,RUPRI,Tankers,20.0,15.0,26.0,20.43
2019-12-08,RUPRI,Tankers,18.0,11.0,21.0,15.86
2019-12-15,RUPRI,Tankers,19.0,12.0,19.0,15.43
2019-12-22,RUPRI,Tankers,12.0,12.0,22.0,17.86
2019-12-29,RUPRI,Tankers,19.0,18.0,26.0,21.71
2020-01-05,RUPRI,Tankers,17.0,15.0,29.0,19.62
2020-01-12,RUPRI,Tankers,21.0,18.0,27.0,21.5
2020-01-19,RUPRI,Tankers,24.0,16.0,26.0,21.0
2020-01-26,RUPRI,Tankers,24.0,7.0,24.0,19.88
2020-02-02,RUPRI,Tankers,25.0,4.0,25.0,19.62
2020-02-09,RUPRI,Tankers,22.0,4.0,23.0,18.62
2020-02-16,RUPRI,Tankers,19.0,3.0,26.0,18.25
2020-02-23,RUPRI,Tankers,22.0,4.0,25.0,19.88
2020-03-01,RUPRI,Tankers,25.0,5.0,25.0,17.38
2020-03-08,RUPRI,Tankers,23.0,3.0,25.0,18.62
2020-03-15,RUPRI,Tankers,24.0,5.0,26.0,16.88
2020-03-22,RUPRI,Tankers,15.0,7.0,22.0,16.75
2020-03-29,RUPRI,Tankers,26.0,1.0,27.0,19.38
2020-04-05,RUPRI,Tankers,23.0,2.0,24.0,17.0
2020-04-12,RUPRI,Tankers,22.0,4.0,23.0,17.75
2020-04-19,RUPRI,Tankers,26.0,1.0,26.0,18.75
2020-04-26,RUPRI,Tankers,21.0,3.0,23.0,18.88
2020-05-03,RUPRI,Tankers,22.0,16.0,22.0,18.0
2020-05-10,RUPRI,Tankers,15.0,8.0,20.0,16.38
2020-05-17,RUPRI,Tankers,16.0,13.0,23.0,16.25
2020-05-24,RUPRI,Tankers,21.0,16.0,26.0,21.0
2020-05-31,RUPRI,Tankers,14.0,14.0,20.0,17.0
2020-06-07,RUPRI,Tankers,14.0,12.0,23.0,17.12
2020-06-14,RUPRI,Tankers,18.0,9.0,23.0,16.25
2020-06-21,RUPRI,Tankers,14.0,10.0,26.0,16.38
2020-06-28,RUPRI,Tankers,20.0,5.0,25.0,18.38
2020-07-05,RUPRI,Tankers,11.0,3.0,21.0,14.0
2020-07-12,RUPRI,Tankers,10.0,10.0,20.0,15.12
2020-07-19,RUPRI,Tankers,12.0,12.0,24.0,17.38
2020-07-26,RUPRI,Tankers,14.0,9.0,24.0,17.25
2020-08-02,RUPRI,Tankers,8.0,8.0,21.0,14.62
2020-08-09,RUPRI,Tankers,13.0,7.0,19.0,15.75
2020-08-16,RUPRI,Tankers,13.0,2.0,22.0,14.5
2020-08-23,RUPRI,Tankers,14.0,11.0,21.0,16.38
2020-08-30,RUPRI,Tankers,18.0,3.0,27.0,17.12
2020-09-06,RUPRI,Tankers,15.0,9.0,21.0,15.43
2020-09-13,RUPRI,Tankers,10.0,9.0,19.0,13.71
2020-09-20,RUPRI,Tankers,21.0,10.0,25.0,18.0
2020-09-27,RUPRI,Tankers,18.0,13.0,20.0,17.29
2020-10-04,RUPRI,Tankers,14.0,12.0,22.0,17.43
2020-10-11,RUPRI,Tankers,12.0,10.0,17.0,14.29
2020-10-18,RUPRI,Tankers,10.0,10.0,20.0,15.57
2020-10-25,RUPRI,Tankers,16.0,16.0,23.0,18.43
2020-11-01,RUPRI,Tankers,15.0,11.0,19.0,16.0
2020-11-08,RUPRI,Tankers,12.0,12.0,20.0,16.71
2020-11-15,RUPRI,Tankers,18.0,13.0,24.0,17.86
2020-11-22,RUPRI,Tankers,19.0,15.0,24.0,19.14
2020-11-29,RUPRI,Tankers,22.0,15.0,26.0,20.43
2020-12-06,RUPRI,Tankers,12.0,11.0,21.0,15.86
2020-12-13,RUPRI,Tankers,12.0,12.0,19.0,15.43
2020-12-20,RUPRI,Tankers,18.0,12.0,22.0,17.86
2020-12-27,RUPRI,Tankers,19.0,18.0,26.0,21.71
2021-01-03,RUPRI,Tankers,18.0,14.4,21.6,18.0
2021-01-10,RUPRI,Tankers,20.0,15.0,29.0,19.62
2021-01-17,RUPRI,Tankers,21.0,18.0,27.0,21.5
2021-01-24,RUPRI,Tankers,18.0,16.0,26.0,21.0
2021-01-31,RUPRI,Tankers,22.0,7.0,24.0,19.88
2021-02-07,RUPRI,Tankers,18.0,4.0,25.0,19.62
2021-02-14,RUPRI,Tankers,19.0,4.0,23.0,18.62
2021-02-21,RUPRI,Tankers,19.0,3.0,26.0,18.25
2021-02-28,RUPRI,Tankers,20.0,4.0,25.0,19.88
2021-03-07,RUPRI,Tankers,19.0,5.0,25.0,17.38
2021-03-14,RUPRI,Tankers,17.0,3.0,25.0,18.62
2021-03-21,RUPRI,Tankers,14.0,5.0,26.0,16.88
2021-03-28,RUPRI,Tankers,22.0,7.0,22.0,16.75
2021-04-04,RUPRI,Tankers,17.0,1.0,27.0,19.38
2021-04-11,RUPRI,Tankers,17.0,2.0,24.0,17.0
2021-04-18,RUPRI,Tankers,20.0,4.0,23.0,17.75
2021-04-25,RUPRI,Tankers,18.0,1.0,26.0,18.75
2021-05-02,RUPRI,Tankers,22.0,3.0,23.0,18.88
2021-05-09,RUPRI,Tankers,19.0,16.0,22.0,18.0
2021-05-16,RUPRI,Tankers,20.0,8.0,20.0,16.38
2021-05-23,RUPRI,Tankers,23.0,13.0,23.0,16.25
2021-05-30,RUPRI,Tankers,20.0,16.0,26.0,21.0
2021-06-06,RUPRI,Tankers,16.0,14.0,20.0,17.0
2021-06-13,RUPRI,Tankers,23.0,12.0,23.0,17.12
2021-06-20,RUPRI,Tankers,15.0,9.0,23.0,16.25
2021-06-27,RUPRI,Tankers,21.0,10.0,26.0,16.38
2021-07-04,RUPRI,Tankers,18.0,5.0,25.0,18.38
2021-07-11,RUPRI,Tankers,18.0,3.0,21.0,14.0
2021-07-18,RUPRI,Tankers,13.0,10.0,20.0,15.12
2021-07-25,RUPRI,Tankers,18.0,12.0,24.0,17.38
2021-08-01,RUPRI,Tankers,16.0,9.0,24.0,17.25
2021-08-08,RUPRI,Tankers,14.0,8.0,21.0,14.62
2021-08-15,RUPRI,Tankers,19.0,7.0,19.0,15.75
2021-08-22,RUPRI,Tankers,16.0,2.0,22.0,14.5
2021-08-29,RUPRI,Tankers,18.0,11.0,21.0,16.38
2021-09-05,RUPRI,Tankers,17.0,3.0,27.0,17.12
2021-09-12,RUPRI,Tankers,9.0,9.0,21.0,15.43
2021-09-19,RUPRI,Tankers,12.0,9.0,19.0,13.71
2021-09-26,RUPRI,Tankers,20.0,10.0,25.0,18.0
2021-10-03,RUPRI,Tankers,16.0,13.0,20.0,17.29
2021-10-10,RUPRI,Tankers,17.0,12.0,22.0,17.43
2021-10-17,RUPRI,Tankers,16.0,10.0,17.0,14.29
2021-10-24,RUPRI,Tankers,15.0,10.0,20.0,15.57
2021-10-31,RUPRI,Tankers,17.0,16.0,23.0,18.43
2021-11-07,RUPRI,Tankers,17.0,11.0,19.0,16.0
2021-11-14,RUPRI,Tankers,17.0,12.0,20.0,16.71
2021-11-21,RUPRI,Tankers,20.0,13.0,24.0,17.86
2021-11-28,RUPRI,Tankers,19.0,15.0,24.0,19.14
2021-12-05,RUPRI,Tankers,22.0,15.0,26.0,20.43
2021-12-12,RUPRI,Tankers,11.0,11.0,21.0,15.86
2021-12-19,RUPRI,Tankers,18.0,12.0,19.0,15.43
2021-12-26,RUPRI,Tankers,19.0,12.0,22.0,17.86
2022-01-02,RUPRI,Tankers,23.0,18.0,26.0,21.71
2022-01-09,RUPRI,Tankers,15.0,15.0,29.0,19.62
2022-01-16,RUPRI,Tankers,21.0,18.0,27.0,21.5
2022-01-23,RUPRI,Tankers,16.0,16.0,26.0,21.0
2022-01-30,RUPRI,Tankers,21.0,7.0,24.0,19.88
2022-02-06,RUPRI,Tankers,18.0,4.0,25.0,19.62
2022-02-13,RUPRI,Tankers,20.0,4.0,23.0,18.62
2022-02-20,RUPRI,Tankers,21.0,3.0,26.0,18.25
2022-02-27,RUPRI,Tankers,24.0,4.0,25.0,19.88
2022-03-06,RUPRI,Tankers,22.0,5.0,25.0,17.38
2022-03-13,RUPRI,Tankers,22.0,3.0,25.0,18.62
2022-03-20,RUPRI,Tankers,16.0,5.0,26.0,16.88
2022-03-27,RUPRI,Tankers,19.0,7.0,22.0,16.75
2022-04-03,RUPRI,Tankers,22.0,1.0,27.0,19.38
2022-04-10,RUPRI,Tankers,16.0,2.0,24.0,17.0
2022-04-17,RUPRI,Tankers,21.0,4.0,23.0,17.75
2022-04-24,RUPRI,Tankers,21.0,1.0,26.0,18.75
2022-05-01,RUPRI,Tankers,22.0,3.0,23.0,18.88
2022-05-08,RUPRI,Tankers,18.0,16.0,22.0,18.0
2022-05-15,RUPRI,Tankers,15.0,8.0,20.0,16.38
2022-05-22,RUPRI,Tankers,15.0,13.0,23.0,16.25
2022-05-29,RUPRI,Tankers,21.0,16.0,26.0,21.0
2022-06-05,RUPRI,Tankers,19.0,14.0,20.0,17.0
2022-06-12,RUPRI,Tankers,20.0,12.0,23.0,17.12
2022-06-19,RUPRI,Tankers,14.0,9.0,23.0,16.25
2022-06-26,RUPRI,Tankers,16.0,10.0,26.0,16.38
2022-07-03,RUPRI,Tankers,16.0,5.0,25.0,18.38
2022-07-10,RUPRI,Tankers,14.0,3.0,21.0,14.0
2022-07-17,RUPRI,Tankers,20.0,10.0,20.0,15.12
2022-07-24,RUPRI,Tankers,19.0,12.0,24.0,17.38
2022-07-31,RUPRI,Tankers,22.0,9.0,24.0,17.25
2022-08-07,RUPRI,Tankers,18.0,8.0,21.0,14.62
2022-08-14,RUPRI,Tankers,18.0,7.0,19.0,15.75
2022-08-21,RUPRI,Tankers,12.0,2.0,22.0,14.5
2022-08-28,RUPRI,Tankers,18.0,11.0,21.0,16.38
2022-09-04,RUPRI,Tankers,13.0,3.0,27.0,17.12
2022-09-11,RUPRI,Tankers,14.0,9.0,21.0,15.43
2022-09-18,RUPRI,Tankers,9.0,9.0,19.0,13.71
2022-09-25,RUPRI,Tankers,11.0,10.0,25.0,18.0
2022-10-02,RUPRI,Tankers,19.0,13.0,20.0,17.29
2022-10-09,RUPRI,Tankers,12.0,12.0,22.0,17.43
2022-10-16,RUPRI,Tankers,10.0,10.0,17.0,14.29
2022-10-23,RUPRI,Tankers,19.0,10.0,20.0,15.57
2022-10-30,RUPRI,Tankers,16.0,16.0,23.0,18.43
2022-11-06,RUPRI,Tankers,15.0,11.0,19.0,16.0
2022-11-13,RUPRI,Tankers,18.0,12.0,20.0,16.71
2022-11-20,RUPRI,Tankers,15.0,13.0,24.0,17.86
2022-11-27,RUPRI,Tankers,19.0,15.0,24.0,19.14
2022-12-04,RUPRI,Tankers,26.0,15.0,26.0,20.43
2022-12-11,RUPRI,Tankers,20.0,11.0,21.0,15.86
2022-12-18,RUPRI,Tankers,14.0,12.0,19.0,15.43
2022-12-25,RUPRI,Tankers,18.0,12.0,22.0,17.86
2023-01-01,RUPRI,Tankers,23.0,18.0,26.0,21.71
2023-01-08,RUPRI,Tankers,21.0,15.0,29.0,19.62
2023-01-15,RUPRI,Tankers,27.0,18.0,27.0,21.5
2023-01-22,RUPRI,Tankers,22.0,16.0,26.0,21.0
2023-01-29,RUPRI,Tankers,21.0,7.0,24.0,19.88
2023-02-05,RUPRI,Tankers,25.0,4.0,25.0,19.62
2023-02-12,RUPRI,Tankers,21.0,4.0,23.0,18.62
2023-02-19,RUPRI,Tankers,25.0,3.0,26.0,18.25
2023-02-26,RUPRI,Tankers,25.0,4.0,25.0,19.88
2023-03-05,RUPRI,Tankers,15.0,5.0,25.0,17.38
2023-03-12,RUPRI,Tankers,25.0,3.0,25.0,18.62
2023-03-19,RUPRI,Tankers,18.0,5.0,26.0,16.88
2023-03-26,RUPRI,Tankers,22.0,7.0,22.0,16.75
2023-04-02,RUPRI,Tankers,23.0,1.0,27.0,19.38
2023-04-09,RUPRI,Tankers,24.0,2.0,24.0,17.0
2023-04-16,RUPRI,Tankers,23.0,4.0,23.0,17.75
2023-04-23,RUPRI,Tankers,24.0,1.0,26.0,18.75
2023-04-30,RUPRI,Tankers,21.0,3.0,23.0,18.88
2023-05-07,RUPRI,Tankers,17.0,16.0,22.0,18.0
2023-05-14,RUPRI,Tankers,20.0,8.0,20.0,16.38
2023-05-21,RUPRI,Tankers,16.0,13.0,23.0,16.25
2023-05-28,RUPRI,Tankers,26.0,16.0,26.0,21.0
2023-06-04,RUPRI,Tankers,20.0,14.0,20.0,17.0
2023-06-11,RUPRI,Tankers,17.0,12.0,23.0,17.12
2023-06-18,RUPRI,Tankers,23.0,9.0,23.0,16.25
2023-06-25,RUPRI,Tankers,18.0,10.0,26.0,16.38
2023-07-02,RUPRI,Tankers,22.0,5.0,25.0,18.38
2023-07-09,RUPRI,Tankers,18.0,3.0,21.0,14.0
2023-07-16,RUPRI,Tankers,20.0,10.0,20.0,15.12
2023-07-23,RUPRI,Tankers,24.0,12.0,24.0,17.38
2023-07-30,RUPRI,Tankers,24.0,9.0,24.0,17.25
2023-08-06,RUPRI,Tankers,13.0,8.0,21.0,14.62
2023-08-13,RUPRI,Tankers,15.0,7.0,19.0,15.75
2023-08-20,RUPRI,Tankers,19.0,2.0,22.0,14.5
2023-08-27,RUPRI,Tankers,21.0,11.0,21.0,16.38
2023-09-03,RUPRI,Tankers,22.0,3.0,27.0,17.12
2023-09-10,RUPRI,Tankers,21.0,9.0,21.0,15.43
2023-09-17,RUPRI,Tankers,18.0,9.0,19.0,13.71
2023-09-24,RUPRI,Tankers,10.0,10.0,25.0,18.0
2023-10-01,RUPRI,Tankers,13.0,13.0,20.0,17.29
2023-10-08,RUPRI,Tankers,19.0,12.0,22.0,17.43
2023-10-15,RUPRI,Tankers,17.0,10.0,17.0,14.29
2023-10-22,RUPRI,Tankers,20.0,10.0,20.0,15.57
2023-10-29,RUPRI,Tankers,19.0,16.0,23.0,18.43
2023-11-05,RUPRI,Tankers,19.0,11.0,19.0,16.0
2023-11-12,RUPRI,Tankers,17.0,12.0,20.0,16.71
2023-11-19,RUPRI,Tankers,24.0,13.0,24.0,17.86
2023-11-26,RUPRI,Tankers,24.0,15.0,24.0,19.14
2023-12-03,RUPRI,Tankers,18.0,15.0,26.0,20.43
2023-12-10,RUPRI,Tankers,21.0,11.0,21.0,15.86
2023-12-17,RUPRI,Tankers,18.0,12.0,19.0,15.43
2023-12-24,RUPRI,Tankers,22.0,12.0,22.0,17.86
2023-12-31,RUPRI,Tankers,26.0,18.0,26.0,21.71
2024-01-07,RUPRI,Tankers,29.0,15.0,29.0,19.62
2024-01-14,RUPRI,Tankers,22.0,18.0,27.0,21.5
2024-01-21,RUPRI,Tankers,26.0,16.0,26.0,21.0
2024-01-28,RUPRI,Tankers,24.0,7.0,24.0,19.88
2024-02-04,RUPRI,Tankers,24.0,4.0,25.0,19.62
2024-02-11,RUPRI,Tankers,20.0,4.0,23.0,18.62
2024-02-18,RUPRI,Tankers,26.0,3.0,26.0,18.25
2024-02-25,RUPRI,Tankers,25.0,4.0,25.0,19.88
2024-03-03,RUPRI,Tankers,17.0,5.0,25.0,17.38
2024-03-10,RUPRI,Tankers,19.0,3.0,25.0,18.62
2024-03-17,RUPRI,Tankers,16.0,5.0,26.0,16.88
2024-03-24,RUPRI,Tankers,19.0,7.0,22.0,16.75
2024-03-31,RUPRI,Tankers,27.0,1.0,27.0,19.38
2024-04-07,RUPRI,Tankers,22.0,2.0,24.0,17.0
2024-04-14,RUPRI,Tankers,19.0,4.0,23.0,17.75
2024-04-21,RUPRI,Tankers,26.0,1.0,26.0,18.75
2024-04-28,RUPRI,Tankers,19.0,3.0,23.0,18.88
2024-05-05,RUPRI,Tankers,17.0,16.0,22.0,18.0
2024-05-12,RUPRI,Tankers,18.0,8.0,20.0,16.38
2024-05-19,RUPRI,Tankers,17.0,13.0,23.0,16.25
2024-05-26,RUPRI,Tankers,21.0,16.0,26.0,21.0
2024-06-02,RUPRI,Tankers,19.0,14.0,20.0,17.0
2024-06-09,RUPRI,Tankers,15.0,12.0,23.0,17.12
2024-06-16,RUPRI,Tankers,17.0,9.0,23.0,16.25
2024-06-23,RUPRI,Tankers,12.0,10.0,26.0,16.38
2024-06-30,RUPRI,Tankers,25.0,5.0,25.0,18.38
2024-07-07,RUPRI,Tankers,15.0,3.0,21.0,14.0
2024-07-14,RUPRI,Tankers,16.0,10.0,20.0,15.12
2024-07-21,RUPRI,Tankers,15.0,12.0,24.0,17.38
2024-07-28,RUPRI,Tankers,19.0,9.0,24.0,17.25
2024-08-04,RUPRI,Tankers,21.0,8.0,21.0,14.62
2024-08-11,RUPRI,Tankers,16.0,7.0,19.0,15.75
2024-08-18,RUPRI,Tankers,13.0,2.0,22.0,14.5
2024-08-25,RUPRI,Tankers,14.0,11.0,21.0,16.38
2024-09-01,RUPRI,Tankers,16.0,3.0,27.0,17.12
2024-09-08,RUPRI,Tankers,17.0,9.0,21.0,15.43
2024-09-15,RUPRI,Tankers,12.0,9.0,19.0,13.71
2024-09-22,RUPRI,Tankers,16.0,10.0,25.0,18.0
2024-09-29,RUPRI,Tankers,20.0,13.0,20.0,17.29
2024-10-06,RUPRI,Tankers,16.0,12.0,22.0,17.43
2024-10-13,RUPRI,Tankers,16.0,10.0,17.0,14.29
2024-10-20,RUPRI,Tankers,16.0,10.0,20.0,15.57
2024-10-27,RUPRI,Tankers,23.0,16.0,23.0,18.43
2024-11-03,RUPRI,Tankers,17.0,11.0,19.0,16.0
2024-11-10,RUPRI,Tankers,13.0,12.0,20.0,16.71
2024-11-17,RUPRI,Tankers,17.0,13.0,24.0,17.86
2024-11-24,RUPRI,Tankers,17.0,15.0,24.0,19.14
2024-12-01,RUPRI,Tankers,20.0,15.0,26.0,20.43
2024-12-08,RUPRI,Tankers,13.0,11.0,21.0,15.86
2024-12-15,RUPRI,Tankers,15.0,12.0,19.0,15.43
2024-12-22,RUPRI,Tankers,21.0,12.0,22.0,17.86
2024-12-29,RUPRI,Tankers,24.0,18.0,26.0,21.71
2025-01-05,RUPRI,Tankers,19.0,15.0,29.0,19.62
2025-01-12,RUPRI,Tankers,23.0,18.0,27.0,21.5
2025-01-19,RUPRI,Tankers,22.0,16.0,26.0,21.0
2025-01-26,RUPRI,Tankers,19.0,7.0,24.0,19.88
2025-02-02,RUPRI,Tankers,25.0,4.0,25.0,19.62
2025-02-09,RUPRI,Tankers,20.0,4.0,23.0,18.62
2025-02-16,RUPRI,Tankers,21.0,3.0,26.0,18.25
2025-02-23,RUPRI,Tankers,18.0,4.0,25.0,19.88
2025-03-02,RUPRI,Tankers,18.0,5.0,25.0,17.38
2025-03-09,RUPRI,Tankers,21.0,3.0,25.0,18.62
2025-03-16,RUPRI,Tankers,26.0,5.0,26.0,16.88
2025-03-23,RUPRI,Tankers,14.0,7.0,22.0,16.75
2025-03-30,RUPRI,Tankers,20.0,1.0,27.0,19.38
2025-04-06,RUPRI,Tankers,15.0,2.0,24.0,17.0
2025-04-13,RUPRI,Tankers,18.0,4.0,23.0,17.75
2025-04-20,RUPRI,Tankers,15.0,1.0,26.0,18.75
2025-04-27,RUPRI,Tankers,23.0,3.0,23.0,18.88
2025-05-04,RUPRI,Tankers,18.0,16.0,22.0,18.0
2025-05-11,RUPRI,Tankers,15.0,8.0,20.0,16.38
2025-05-18,RUPRI,Tankers,14.0,13.0,23.0,16.25
2025-05-25,RUPRI,Tankers,21.0,16.0,26.0,21.0
2025-06-01,RUPRI,Tankers,16.0,14.0,20.0,17.0
2025-06-08,RUPRI,Tankers,18.0,12.0,23.0,17.12
2025-06-15,RUPRI,Tankers,15.0,9.0,23.0,16.25
2025-06-22,RUPRI,Tankers,14.0,10.0,26.0,16.38
2025-06-29,RUPRI,Tankers,18.0,5.0,25.0,18.38
2025-07-06,RUPRI,Tankers,12.0,3.0,21.0,14.0
2025-07-13,RUPRI,Tankers,15.0,10.0,20.0,15.12
2025-07-20,RUPRI,Tankers,15.0,12.0,24.0,17.38
2025-07-27,RUPRI,Tankers,14.0,9.0,24.0,17.25
2025-08-03,RUPRI,Tankers,17.0,8.0,21.0,14.62
2025-08-10,RUPRI,Tankers,19.0,7.0,19.0,15.75
2025-08-17,RUPRI,Tankers,19.0,2.0,22.0,14.5
2025-08-24,RUPRI,Tankers,15.0,11.0,21.0,16.38
2025-08-31,RUPRI,Tankers,27.0,3.0,27.0,17.12
2025-09-07,RUPRI,Tankers,18.0,9.0,21.0,15.43
2025-09-14,RUPRI,Tankers,16.0,9.0,19.0,13.71
2025-09-21,RUPRI,Tankers,25.0,10.0,25.0,18.0
2025-09-28,RUPRI,Tankers,18.0,13.0,20.0,17.29
2025-10-05,RUPRI,Tankers,22.0,12.0,22.0,17.43
2025-10-12,RUPRI,Tankers,16.0,10.0,17.0,14.29
2025-10-19,RUPRI,Tankers,12.0,10.0,20.0,15.57
2025-10-26,RUPRI,Tankers,18.0,16.0,23.0,18.43
2025-11-02,RUPRI,Tankers,11.0,11.0,19.0,16.0
2025-11-09,RUPRI,Tankers,20.0,12.0,20.0,16.71
2025-11-16,RUPRI,Tankers,18.0,13.0,24.0,17.86
2025-11-23,RUPRI,Tankers,15.0,15.0,24.0,19.14
2025-11-30,RUPRI,Tankers,15.0,15.0,26.0,20.43
2025-12-07,RUPRI,Tankers,16.0,11.0,21.0,15.86
2025-12-14,RUPRI,Tankers,12.0,12.0,19.0,15.43
2025-12-21,RUPRI,Tankers,15.0,12.0,22.0,17.86
2025-12-28,RUPRI,Tankers,18.0,18.0,26.0,21.71
2026-01-04,RUPRI,Tankers,21.0,15.0,29.0,19.62
2026-01-11,RUPRI,Tankers,18.0,18.0,27.0,21.5
2026-01-18,RUPRI,Tankers,18.0,16.0,26.0,21.0
2026-01-25,RUPRI,Tankers,7.0,7.0,24.0,19.88
2026-02-01,RUPRI,Tankers,4.0,4.0,25.0,19.62
2026-02-08,RUPRI,Tankers,4.0,4.0,23.0,18.62
2026-02-15,RUPRI,Tankers,3.0,3.0,26.0,18.25
2026-02-22,RUPRI,Tankers,4.0,4.0,25.0,19.88
2026-03-01,RUPRI,Tankers,5.0,5.0,25.0,17.38
2026-03-08,RUPRI,Tankers,3.0,3.0,25.0,18.62
2026-03-15,RUPRI,Tankers,5.0,5.0,26.0,16.88
2026-03-22,RUPRI,Tankers,7.0,7.0,22.0,16.75
2026-03-29,RUPRI,Tankers,1.0,1.0,27.0,19.38
2026-04-05,RUPRI,Tankers,2.0,2.0,24.0,17.0
2026-04-12,RUPRI,Tankers,4.0,4.0,23.0,17.75
2026-04-19,RUPRI,Tankers,1.0,1.0,26.0,18.75
2026-04-26,RUPRI,Tankers,3.0,3.0,23.0,18.88
2026-05-03,RUPRI,Tankers,17.0,16.0,22.0,18.0
2026-05-10,RUPRI,Tankers,8.0,8.0,20.0,16.38
2026-05-17,RUPRI,Tankers,13.0,13.0,23.0,16.25
2026-05-24,RUPRI,Tankers,16.0,16.0,26.0,21.0
2026-05-31,RUPRI,Tankers,14.0,14.0,20.0,17.0
2026-06-07,RUPRI,Tankers,12.0,12.0,23.0,17.12
2026-06-14,RUPRI,Tankers,9.0,9.0,23.0,16.25
2026-06-21,RUPRI,Tankers,10.0,10.0,26.0,16.38
2026-06-28,RUPRI,Tankers,5.0,5.0,25.0,18.38
2026-07-05,RUPRI,Tankers,3.0,3.0,21.0,14.0
2026-07-12,RUPRI,Tankers,11.0,10.0,20.0,15.12
2026-07-19,RUPRI,Tankers,17.0,12.0,24.0,17.38
2026-07-26,RUPRI,Tankers,9.0,9.0,24.0,17.25
2026-08-02,RUPRI,Tankers,9.0,8.0,21.0,14.62
2026-08-09,RUPRI,Tankers,7.0,7.0,19.0,15.75
2026-08-16,RUPRI,Tankers,2.0,2.0,22.0,14.5
2026-08-23,RUPRI,Tankers,11.0,11.0,21.0,16.38
2026-08-30,RUPRI,Tankers,3.0,3.0,27.0,17.12
2019-01-06,SARRT,Tankers,9.0,5.0,14.0,9.5
2019-01-13,SARRT,Tankers,11.0,6.0,19.0,11.75
2019-01-20,SARRT,Tankers,9.0,7.0,14.0,10.12
2019-01-27,SARRT,Tankers,15.0,6.0,15.0,9.88
2019-02-03,SARRT,Tankers,7.0,7.0,18.0,11.88
2019-02-10,SARRT,Tankers,12.0,9.0,16.0,13.12
2019-02-17,SARRT,Tankers,3.0,3.0,18.0,10.0
2019-02-24,SARRT,Tankers,8.0,8.0,18.0,11.0
2019-03-03,SARRT,Tankers,10.0,10.0,19.0,13.12
2019-03-10,SARRT,Tankers,15.0,7.0,19.0,12.88
2019-03-17,SARRT,Tankers,11.0,7.0,16.0,12.25
2019-03-24,SARRT,Tankers,8.0,6.0,18.0,10.25
2019-03-31,SARRT,Tankers,2.0,2.0,16.0,9.88
2019-04-07,SARRT,Tankers,12.0,6.0,20.0,14.25
2019-04-14,SARRT,Tankers,14.0,7.0,21.0,13.0
2019-04-21,SARRT,Tankers,14.0,7.0,21.0,13.0
2019-04-28,SARRT,Tankers,14.0,2.0,15.0,10.0
2019-05-05,SARRT,Tankers,15.0,4.0,16.0,12.62
2019-05-12,SARRT,Tankers,14.0,5.0,18.0,12.75
2019-05-19,SARRT,Tankers,18.0,6.0,19.0,13.12
2019-05-26,SARRT,Tankers,14.0,6.0,16.0,12.38
2019-06-02,SARRT,Tankers,18.0,4.0,19.0,12.62
2019-06-09,SARRT,Tankers,20.0,6.0,20.0,13.38
2019-06-16,SARRT,Tankers,12.0,3.0,19.0,12.12
2019-06-23,SARRT,Tankers,14.0,7.0,17.0,13.12
2019-06-30,SARRT,Tankers,16.0,4.0,18.0,13.0
2019-07-07,SARRT,Tankers,15.0,7.0,21.0,14.12
2019-07-14,SARRT,Tankers,13.0,6.0,18.0,12.75
2019-07-21,SARRT,Tankers,16.0,8.0,22.0,14.38
2019-07-28,SARRT,Tankers,19.0,4.0,19.0,11.88
2019-08-04,SARRT,Tankers,22.0,7.0,22.0,12.88
2019-08-11,SARRT,Tankers,18.0,5.0,20.0,14.75
2019-08-18,SARRT,Tankers,14.0,9.0,19.0,12.38
2019-08-25,SARRT,Tankers,16.0,4.0,19.0,12.88
2019-09-01,SARRT,Tankers,17.0,3.0,24.0,14.75
2019-09-08,SARRT,Tankers,13.0,10.0,17.0,13.71
2019-09-15,SARRT,Tankers,13.0,9.0,18.0,13.29
2019-09-22,SARRT,Tankers,13.0,8.0,19.0,13.57
2019-09-29,SARRT,Tankers,17.0,8.0,24.0,15.43
2019-10-06,SARRT,Tankers,17.0,12.0,19.0,15.29
2019-10-13,SARRT,Tankers,15.0,12.0,20.0,14.57
2019-10-20,SARRT,Tankers,13.0,10.0,20.0,14.0
2019-10-27,SARRT,Tankers,16.0,5.0,19.0,13.29
2019-11-03,SARRT,Tankers,13.0,7.0,18.0,13.29
2019-11-10,SARRT,Tankers,8.0,8.0,19.0,11.43
2019-11-17,SARRT,Tankers,12.0,4.0,12.0,10.0
2019-11-24,SARRT,Tankers,6.0,6.0,15.0,11.14
2019-12-01,SARRT,Tankers,6.0,6.0,17.0,11.71
2019-12-08,SARRT,Tankers,7.0,7.0,13.0,9.57
2019-12-15,SARRT,Tankers,6.0,2.0,17.0,9.43
2019-12-22,SARRT,Tankers,4.0,4.0,16.0,10.14
2019-12-29,SARRT,Tankers,10.0,7.0,14.0,11.0
2020-01-05,SARRT,Tankers,10.0,5.0,14.0,9.5
2020-01-12,SARRT,Tankers,10.0,6.0,19.0,11.75
2020-01-19,SARRT,Tankers,11.0,7.0,14.0,10.12
2020-01-26,SARRT,Tankers,7.0,6.0,15.0,9.88
2020-02-02,SARRT,Tankers,7.0,7.0,18.0,11.88
2020-02-09,SARRT,Tankers,14.0,9.0,16.0,13.12
2020-02-16,SARRT,Tankers,6.0,3.0,18.0,10.0
2020-02-23,SARRT,Tankers,9.0,8.0,18.0,11.0
2020-03-01,SARRT,Tankers,12.0,10.0,19.0,13.12
2020-03-08,SARRT,Tankers,7.0,7.0,19.0,12.88
2020-03-15,SARRT,Tankers,12.0,7.0,16.0,12.25
2020-03-22,SARRT,Tankers,7.0,6.0,18.0,10.25
2020-03-29,SARRT,Tankers,7.0,2.0,16.0,9.88
2020-04-05,SARRT,Tankers,20.0,6.0,20.0,14.25
2020-04-12,SARRT,Tankers,15.0,7.0,21.0,13.0
2020-04-19,SARRT,Tankers,13.0,7.0,21.0,13.0
2020-04-26,SARRT,Tankers,14.0,2.0,15.0,10.0
2020-05-03,SARRT,Tankers,15.0,4.0,16.0,12.62
2020-05-10,SARRT,Tankers,10.0,5.0,18.0,12.75
2020-05-17,SARRT,Tankers,15.0,6.0,19.0,13.12
2020-05-24,SARRT,Tankers,14.0,6.0,16.0,12.38
2020-05-31,SARRT,Tankers,15.0,4.0,19.0,12.62
2020-06-07,SARRT,Tankers,15.0,6.0,20.0,13.38
2020-06-14,SARRT,Tankers,13.0,3.0,19.0,12.12
2020-06-21,SARRT,Tankers,14.0,7.0,17.0,13.12
2020-06-28,SARRT,Tankers,17.0,4.0,18.0,13.0
2020-07-05,SARRT,Tankers,16.0,7.0,21.0,14.12
2020-07-12,SARRT,Tankers,17.0,6.0,18.0,12.75
2020-07-19,SARRT,Tankers,16.0,8.0,22.0,14.38
2020-07-26,SARRT,Tankers,15.0,4.0,19.0,11.88
2020-08-02,SARRT,Tankers,10.0,7.0,22.0,12.88
2020-08-09,SARRT,Tankers,20.0,5.0,20.0,14.75
2020-08-16,SARRT,Tankers,14.0,9.0,19.0,12.38
2020-08-23,SARRT,Tankers,8.0,4.0,19.0,12.88
2020-08-30,SARRT,Tankers,21.0,3.0,24.0,14.75
2020-09-06,SARRT,Tankers,17.0,10.0,17.0,13.71
2020-09-13,SARRT,Tankers,15.0,9.0,18.0,13.29
2020-09-20,SARRT,Tankers,16.0,8.0,19.0,13.57
2020-09-27,SARRT,Tankers,18.0,8.0,24.0,15.43
2020-10-04,SARRT,Tankers,12.0,12.0,19.0,15.29
2020-10-11,SARRT,Tankers,12.0,12.0,20.0,14.57
2020-10-18,SARRT,Tankers,20.0,10.0,20.0,14.0
2020-10-25,SARRT,Tankers,15.0,5.0,19.0,13.29
2020-11-01,SARRT,Tankers,18.0,7.0,18.0,13.29
2020-11-08,SARRT,Tankers,9.0,8.0,19.0,11.43
2020-11-15,SARRT,Tankers,10.0,4.0,12.0,10.0
2020-11-22,SARRT,Tankers,10.0,6.0,15.0,11.14
2020-11-29,SARRT,Tankers,12.0,6.0,17.0,11.71
2020-12-06,SARRT,Tankers,8.0,7.0,13.0,9.57
2020-12-13,SARRT,Tankers,4.0,2.0,17.0,9.43
2020-12-20,SARRT,Tankers,7.0,4.0,16.0,10.14
2020-12-27,SARRT,Tankers,11.0,7.0,14.0,11.0
2021-01-03,SARRT,Tankers,7.0,5.6,8.4,7.0
2021-01-10,SARRT,Tankers,14.0,5.0,14.0,9.5
2021-01-17,SARRT,Tankers,14.0,6.0,19.0,11.75
2021-01-24,SARRT,Tankers,10.0,7.0,14.0,10.12
2021-01-31,SARRT,Tankers,10.0,6.0,15.0,9.88
2021-02-07,SARRT,Tankers,12.0,7.0,18.0,11.88
2021-02-14,SARRT,Tankers,16.0,9.0,16.0,13.12
2021-02-21,SARRT,Tankers,9.0,3.0,18.0,10.0
2021-02-28,SARRT,Tankers,10.0,8.0,18.0,11.0
2021-03-07,SARRT,Tankers,17.0,10.0,19.0,13.12
2021-03-14,SARRT,Tankers,16.0,7.0,19.0,12.88
2021-03-21,SARRT,Tankers,14.0,7.0,16.0,12.25
2021-03-28,SARRT,Tankers,11.0,6.0,18.0,10.25
2021-04-04,SARRT,Tankers,14.0,2.0,16.0,9.88
2021-04-11,SARRT,Tankers,16.0,6.0,20.0,14.25
2021-04-18,SARRT,Tankers,15.0,7.0,21.0,13.0
2021-04-25,SARRT,Tankers,11.0,7.0,21.0,13.0
2021-05-02,SARRT,Tankers,10.0,2.0,15.0,10.0
2021-05-09,SARRT,Tankers,16.0,4.0,16.0,12.62
2021-05-16,SARRT,Tankers,16.0,5.0,18.0,12.75
2021-05-23,SARRT,Tankers,15.0,6.0,19.0,13.12
2021-05-30,SARRT,Tankers,16.0,6.0,16.0,12.38
2021-06-06,SARRT,Tankers,15.0,4.0,19.0,12.62
2021-06-13,SARRT,Tankers,18.0,6.0,20.0,13.38
2021-06-20,SARRT,Tankers,19.0,3.0,19.0,12.12
2021-06-27,SARRT,Tankers,17.0,7.0,17.0,13.12
2021-07-04,SARRT,Tankers,18.0,4.0,18.0,13.0
2021-07-11,SARRT,Tankers,21.0,7.0,21.0,14.12
2021-07-18,SARRT,Tankers,18.0,6.0,18.0,12.75
2021-07-25,SARRT,Tankers,22.0,8.0,22.0,14.38
2021-08-01,SARRT,Tankers,18.0,4.0,19.0,11.88
2021-08-08,SARRT,Tankers,20.0,7.0,22.0,12.88
2021-08-15,SARRT,Tankers,20.0,5.0,20.0,14.75
2021-08-22,SARRT,Tankers,19.0,9.0,19.0,12.38
2021-08-29,SARRT,Tankers,19.0,4.0,19.0,12.88
2021-09-05,SARRT,Tankers,24.0,3.0,24.0,14.75
2021-09-12,SARRT,Tankers,17.0,10.0,17.0,13.71
2021-09-19,SARRT,Tankers,18.0,9.0,18.0,13.29
2021-09-26,SARRT,Tankers,15.0,8.0,19.0,13.57
2021-10-03,SARRT,Tankers,24.0,8.0,24.0,15.43
2021-10-10,SARRT,Tankers,19.0,12.0,19.0,15.29
2021-10-17,SARRT,Tankers,20.0,12.0,20.0,14.57
2021-10-24,SARRT,Tankers,14.0,10.0,20.0,14.0
2021-10-31,SARRT,Tankers,19.0,5.0,19.0,13.29
2021-11-07,SARRT,Tankers,17.0,7.0,18.0,13.29
2021-11-14,SARRT,Tankers,10.0,8.0,19.0,11.43
2021-11-21,SARRT,Tankers,11.0,4.0,12.0,10.0
2021-11-28,SARRT,Tankers,15.0,6.0,15.0,11.14
2021-12-05,SARRT,Tankers,14.0,6.0,17.0,11.71
2021-12-12,SARRT,Tankers,13.0,7.0,13.0,9.57
2021-12-19,SARRT,Tankers,17.0,2.0,17.0,9.43
2021-12-26,SARRT,Tankers,16.0,4.0,16.0,10.14
2022-01-02,SARRT,Tankers,14.0,7.0,14.0,11.0
2022-01-09,SARRT,Tankers,9.0,5.0,14.0,9.5
2022-01-16,SARRT,Tankers,19.0,6.0,19.0,11.75
2022-01-23,SARRT,Tankers,7.0,7.0,14.0,10.12
2022-01-30,SARRT,Tankers,13.0,6.0,15.0,9.88
2022-02-06,SARRT,Tankers,15.0,7.0,18.0,11.88
2022-02-13,SARRT,Tankers,15.0,9.0,16.0,13.12
2022-02-20,SARRT,Tankers,18.0,3.0,18.0,10.0
2022-02-27,SARRT,Tankers,15.0,8.0,18.0,11.0
2022-03-06,SARRT,Tankers,19.0,10.0,19.0,13.12
2022-03-13,SARRT,Tankers,11.0,7.0,19.0,12.88
2022-03-20,SARRT,Tankers,11.0,7.0,16.0,12.25
2022-03-27,SARRT,Tankers,18.0,6.0,18.0,10.25
2022-04-03,SARRT,Tankers,14.0,2.0,16.0,9.88
2022-04-10,SARRT,Tankers,18.0,6.0,20.0,14.25
2022-04-17,SARRT,Tankers,21.0,7.0,21.0,13.0
2022-04-24,SARRT,Tankers,21.0,7.0,21.0,13.0
2022-05-01,SARRT,Tankers,15.0,2.0,15.0,10.0
2022-05-08,SARRT,Tankers,14.0,4.0,16.0,12.62
2022-05-15,SARRT,Tankers,18.0,5.0,18.0,12.75
2022-05-22,SARRT,Tankers,19.0,6.0,19.0,13.12
2022-05-29,SARRT,Tankers,15.0,6.0,16.0,12.38
2022-06-05,SARRT,Tankers,19.0,4.0,19.0,12.62
2022-06-12,SARRT,Tankers,17.0,6.0,20.0,13.38
2022-06-19,SARRT,Tankers,19.0,3.0,19.0,12.12
2022-06-26,SARRT,Tankers,17.0,7.0,17.0,13.12
2022-07-03,SARRT,Tankers,12.0,4.0,18.0,13.0
2022-07-10,SARRT,Tankers,18.0,7.0,21.0,14.12
2022-07-17,SARRT,Tankers,16.0,6.0,18.0,12.75
2022-07-24,SARRT,Tankers,16.0,8.0,22.0,14.38
2022-07-31,SARRT,Tankers,13.0,4.0,19.0,11.88
2022-08-07,SARRT,Tankers,16.0,7.0,22.0,12.88
2022-08-14,SARRT,Tankers,18.0,5.0,20.0,14.75
2022-08-21,SARRT,Tankers,15.0,9.0,19.0,12.38
2022-08-28,SARRT,Tankers,16.0,4.0,19.0,12.88
2022-09-04,SARRT,Tankers,16.0,3.0,24.0,14.75
2022-09-11,SARRT,Tankers,15.0,10.0,17.0,13.71
2022-09-18,SARRT,Tankers,14.0,9.0,18.0,13.29
2022-09-25,SARRT,Tankers,19.0,8.0,19.0,13.57
2022-10-02,SARRT,Tankers,20.0,8.0,24.0,15.43
2022-10-09,SARRT,Tankers,16.0,12.0,19.0,15.29
2022-10-16,SARRT,Tankers,16.0,12.0,20.0,14.57
2022-10-23,SARRT,Tankers,16.0,10.0,20.0,14.0
2022-10-30,SARRT,Tankers,15.0,5.0,19.0,13.29
2022-11-06,SARRT,Tankers,10.0,7.0,18.0,13.29
2022-11-13,SARRT,Tankers,19.0,8.0,19.0,11.43
2022-11-20,SARRT,Tankers,9.0,4.0,12.0,10.0
2022-11-27,SARRT,Tankers,13.0,6.0,15.0,11.14
2022-12-04,SARRT,Tankers,16.0,6.0,17.0,11.71
2022-12-11,SARRT,Tankers,9.0,7.0,13.0,9.57
2022-12-18,SARRT,Tankers,12.0,2.0,17.0,9.43
2022-12-25,SARRT,Tankers,16.0,4.0,16.0,10.14
2023-01-01,SARRT,Tankers,7.0,7.0,14.0,11.0
2023-01-08,SARRT,Tankers,11.0,5.0,14.0,9.5
2023-01-15,SARRT,Tankers,11.0,6.0,19.0,11.75
2023-01-22,SARRT,Tankers,11.0,7.0,14.0,10.12
2023-01-29,SARRT,Tankers,9.0,6.0,15.0,9.88
2023-02-05,SARRT,Tankers,18.0,7.0,18.0,11.88
2023-02-12,SARRT,Tankers,14.0,9.0,16.0,13.12
2023-02-19,SARRT,Tankers,9.0,3.0,18.0,10.0
2023-02-26,SARRT,Tankers,18.0,8.0,18.0,11.0
2023-03-05,SARRT,Tankers,13.0,10.0,19.0,13.12
2023-03-12,SARRT,Tankers,19.0,7.0,19.0,12.88
2023-03-19,SARRT,Tankers,16.0,7.0,16.0,12.25
2023-03-26,SARRT,Tankers,13.0,6.0,18.0,10.25
2023-04-02,SARRT,Tankers,9.0,2.0,16.0,9.88
2023-04-09,SARRT,Tankers,18.0,6.0,20.0,14.25
2023-04-16,SARRT,Tankers,17.0,7.0,21.0,13.0
2023-04-23,SARRT,Tankers,17.0,7.0,21.0,13.0
2023-04-30,SARRT,Tankers,8.0,2.0,15.0,10.0
2023-05-07,SARRT,Tankers,16.0,4.0,16.0,12.62
2023-05-14,SARRT,Tankers,16.0,5.0,18.0,12.75
2023-05-21,SARRT,Tankers,10.0,6.0,19.0,13.12
2023-05-28,SARRT,Tankers,12.0,6.0,16.0,12.38
2023-06-04,SARRT,Tankers,10.0,4.0,19.0,12.62
2023-06-11,SARRT,Tankers,10.0,6.0,20.0,13.38
2023-06-18,SARRT,Tankers,15.0,3.0,19.0,12.12
2023-06-25,SARRT,Tankers,12.0,7.0,17.0,13.12
2023-07-02,SARRT,Tankers,14.0,4.0,18.0,13.0
2023-07-09,SARRT,Tankers,15.0,7.0,21.0,14.12
2023-07-16,SARRT,Tankers,11.0,6.0,18.0,12.75
2023-07-23,SARRT,Tankers,11.0,8.0,22.0,14.38
2023-07-30,SARRT,Tankers,14.0,4.0,19.0,11.88
2023-08-06,SARRT,Tankers,9.0,7.0,22.0,12.88
2023-08-13,SARRT,Tankers,12.0,5.0,20.0,14.75
2023-08-20,SARRT,Tankers,9.0,9.0,19.0,12.38
2023-08-27,SARRT,Tankers,13.0,4.0,19.0,12.88
2023-09-03,SARRT,Tankers,12.0,3.0,24.0,14.75
2023-09-10,SARRT,Tankers,13.0,10.0,17.0,13.71
2023-09-17,SARRT,Tankers,13.0,9.0,18.0,13.29
2023-09-24,SARRT,Tankers,15.0,8.0,19.0,13.57
2023-10-01,SARRT,Tankers,12.0,8.0,24.0,15.43
2023-10-08,SARRT,Tankers,16.0,12.0,19.0,15.29
2023-10-15,SARRT,Tankers,15.0,12.0,20.0,14.57
2023-10-22,SARRT,Tankers,10.0,10.0,20.0,14.0
2023-10-29,SARRT,Tankers,10.0,5.0,19.0,13.29
2023-11-05,SARRT,Tankers,7.0,7.0,18.0,13.29
2023-11-12,SARRT,Tankers,9.0,8.0,19.0,11.43
2023-11-19,SARRT,Tankers,4.0,4.0,12.0,10.0
2023-11-26,SARRT,Tankers,8.0,6.0,15.0,11.14
2023-12-03,SARRT,Tankers,7.0,6.0,17.0,11.71
2023-12-10,SARRT,Tankers,7.0,7.0,13.0,9.57
2023-12-17,SARRT,Tankers,2.0,2.0,17.0,9.43
2023-12-24,SARRT,Tankers,8.0,4.0,16.0,10.14
2023-12-31,SARRT,Tankers,11.0,7.0,14.0,11.0
2024-01-07,SARRT,Tankers,5.0,5.0,14.0,9.5
2024-01-14,SARRT,Tankers,6.0,6.0,19.0,11.75
2024-01-21,SARRT,Tankers,14.0,7.0,14.0,10.12
2024-01-28,SARRT,Tankers,11.0,6.0,15.0,9.88
2024-02-04,SARRT,Tankers,11.0,7.0,18.0,11.88
2024-02-11,SARRT,Tankers,13.0,9.0,16.0,13.12
2024-02-18,SARRT,Tankers,9.0,3.0,18.0,10.0
2024-02-25,SARRT,Tankers,10.0,8.0,18.0,11.0
2024-03-03,SARRT,Tankers,11.0,10.0,19.0,13.12
2024-03-10,SARRT,Tankers,17.0,7.0,19.0,12.88
2024-03-17,SARRT,Tankers,16.0,7.0,16.0,12.25
2024-03-24,SARRT,Tankers,11.0,6.0,18.0,10.25
2024-03-31,SARRT,Tankers,16.0,2.0,16.0,9.88
2024-04-07,SARRT,Tankers,15.0,6.0,20.0,14.25
2024-04-14,SARRT,Tankers,7.0,7.0,21.0,13.0
2024-04-21,SARRT,Tankers,11.0,7.0,21.0,13.0
2024-04-28,SARRT,Tankers,11.0,2.0,15.0,10.0
2024-05-05,SARRT,Tankers,11.0,4.0,16.0,12.62
2024-05-12,SARRT,Tankers,14.0,5.0,18.0,12.75
2024-05-19,SARRT,Tankers,12.0,6.0,19.0,13.12
2024-05-26,SARRT,Tankers,13.0,6.0,16.0,12.38
2024-06-02,SARRT,Tankers,12.0,4.0,19.0,12.62
2024-06-09,SARRT,Tankers,11.0,6.0,20.0,13.38
2024-06-16,SARRT,Tankers,11.0,3.0,19.0,12.12
2024-06-23,SARRT,Tankers,16.0,7.0,17.0,13.12
2024-06-30,SARRT,Tankers,13.0,4.0,18.0,13.0
2024-07-07,SARRT,Tankers,10.0,7.0,21.0,14.12
2024-07-14,SARRT,Tankers,14.0,6.0,18.0,12.75
2024-07-21,SARRT,Tankers,17.0,8.0,22.0,14.38
2024-07-28,SARRT,Tankers,5.0,4.0,19.0,11.88
2024-08-04,SARRT,Tankers,11.0,7.0,22.0,12.88
2024-08-11,SARRT,Tankers,10.0,5.0,20.0,14.75
2024-08-18,SARRT,Tankers,9.0,9.0,19.0,12.38
2024-08-25,SARRT,Tankers,13.0,4.0,19.0,12.88
2024-09-01,SARRT,Tankers,12.0,3.0,24.0,14.75
2024-09-08,SARRT,Tankers,10.0,10.0,17.0,13.71
2024-09-15,SARRT,Tankers,9.0,9.0,18.0,13.29
2024-09-22,SARRT,Tankers,9.0,8.0,19.0,13.57
2024-09-29,SARRT,Tankers,8.0,8.0,24.0,15.43
2024-10-06,SARRT,Tankers,14.0,12.0,19.0,15.29
2024-10-13,SARRT,Tankers,12.0,12.0,20.0,14.57
2024-10-20,SARRT,Tankers,14.0,10.0,20.0,14.0
2024-10-27,SARRT,Tankers,5.0,5.0,19.0,13.29
2024-11-03,SARRT,Tankers,12.0,7.0,18.0,13.29
2024-11-10,SARRT,Tankers,11.0,8.0,19.0,11.43
2024-11-17,SARRT,Tankers,12.0,4.0,12.0,10.0
2024-11-24,SARRT,Tankers,15.0,6.0,15.0,11.14
2024-12-01,SARRT,Tankers,10.0,6.0,17.0,11.71
2024-12-08,SARRT,Tankers,13.0,7.0,13.0,9.57
2024-12-15,SARRT,Tankers,10.0,2.0,17.0,9.43
2024-12-22,SARRT,Tankers,9.0,4.0,16.0,10.14
2024-12-29,SARRT,Tankers,10.0,7.0,14.0,11.0
2025-01-05,SARRT,Tankers,7.0,5.0,14.0,9.5
2025-01-12,SARRT,Tankers,14.0,6.0,19.0,11.75
2025-01-19,SARRT,Tankers,10.0,7.0,14.0,10.12
2025-01-26,SARRT,Tankers,8.0,6.0,15.0,9.88
2025-02-02,SARRT,Tankers,13.0,7.0,18.0,11.88
2025-02-09,SARRT,Tankers,12.0,9.0,16.0,13.12
2025-02-16,SARRT,Tankers,13.0,3.0,18.0,10.0
2025-02-23,SARRT,Tankers,10.0,8.0,18.0,11.0
2025-03-02,SARRT,Tankers,10.0,10.0,19.0,13.12
2025-03-09,SARRT,Tankers,11.0,7.0,19.0,12.88
2025-03-16,SARRT,Tankers,11.0,7.0,16.0,12.25
2025-03-23,SARRT,Tankers,8.0,6.0,18.0,10.25
2025-03-30,SARRT,Tankers,13.0,2.0,16.0,9.88
2025-04-06,SARRT,Tankers,9.0,6.0,20.0,14.25
2025-04-13,SARRT,Tankers,8.0,7.0,21.0,13.0
2025-04-20,SARRT,Tankers,7.0,7.0,21.0,13.0
2025-04-27,SARRT,Tankers,6.0,2.0,15.0,10.0
2025-05-04,SARRT,Tankers,10.0,4.0,16.0,12.62
2025-05-11,SARRT,Tankers,9.0,5.0,18.0,12.75
2025-05-18,SARRT,Tankers,10.0,6.0,19.0,13.12
2025-05-25,SARRT,Tankers,9.0,6.0,16.0,12.38
2025-06-01,SARRT,Tankers,8.0,4.0,19.0,12.62
2025-06-08,SARRT,Tankers,10.0,6.0,20.0,13.38
2025-06-15,SARRT,Tankers,3.0,3.0,19.0,12.12
2025-06-22,SARRT,Tankers,8.0,7.0,17.0,13.12
2025-06-29,SARRT,Tankers,10.0,4.0,18.0,13.0
2025-07-06,SARRT,Tankers,11.0,7.0,21.0,14.12
2025-07-13,SARRT,Tankers,7.0,6.0,18.0,12.75
2025-07-20,SARRT,Tankers,9.0,8.0,22.0,14.38
2025-07-27,SARRT,Tankers,7.0,4.0,19.0,11.88
2025-08-03,SARRT,Tankers,8.0,7.0,22.0,12.88
2025-08-10,SARRT,Tankers,15.0,5.0,20.0,14.75
2025-08-17,SARRT,Tankers,10.0,9.0,19.0,12.38
2025-08-24,SARRT,Tankers,14.0,4.0,19.0,12.88
2025-08-31,SARRT,Tankers,13.0,3.0,24.0,14.75
2025-09-07,SARRT,Tankers,11.0,10.0,17.0,13.71
2025-09-14,SARRT,Tankers,11.0,9.0,18.0,13.29
2025-09-21,SARRT,Tankers,8.0,8.0,19.0,13.57
2025-09-28,SARRT,Tankers,9.0,8.0,24.0,15.43
2025-10-05,SARRT,Tankers,13.0,12.0,19.0,15.29
2025-10-12,SARRT,Tankers,12.0,12.0,20.0,14.57
2025-10-19,SARRT,Tankers,11.0,10.0,20.0,14.0
2025-10-26,SARRT,Tankers,13.0,5.0,19.0,13.29
2025-11-02,SARRT,Tankers,16.0,7.0,18.0,13.29
2025-11-09,SARRT,Tankers,14.0,8.0,19.0,11.43
2025-11-16,SARRT,Tankers,12.0,4.0,12.0,10.0
2025-11-23,SARRT,Tankers,11.0,6.0,15.0,11.14
2025-11-30,SARRT,Tankers,17.0,6.0,17.0,11.71
2025-12-07,SARRT,Tankers,10.0,7.0,13.0,9.57
2025-12-14,SARRT,Tankers,15.0,2.0,17.0,9.43
2025-12-21,SARRT,Tankers,11.0,4.0,16.0,10.14
2025-12-28,SARRT,Tankers,14.0,7.0,14.0,11.0
2026-01-04,SARRT,Tankers,11.0,5.0,14.0,9.5
2026-01-11,SARRT,Tankers,9.0,6.0,19.0,11.75
2026-01-18,SARRT,Tankers,9.0,7.0,14.0,10.12
2026-01-25,SARRT,Tankers,6.0,6.0,15.0,9.88
2026-02-01,SARRT,Tankers,12.0,7.0,18.0,11.88
2026-02-08,SARRT,Tankers,9.0,9.0,16.0,13.12
2026-02-15,SARRT,Tankers,13.0,3.0,18.0,10.0
2026-02-22,SARRT,Tankers,8.0,8.0,18.0,11.0
2026-03-01,SARRT,Tankers,13.0,10.0,19.0,13.12
2026-03-08,SARRT,Tankers,7.0,7.0,19.0,12.88
2026-03-15,SARRT,Tankers,7.0,7.0,16.0,12.25
2026-03-22,SARRT,Tankers,6.0,6.0,18.0,10.25
2026-03-29,SARRT,Tankers,4.0,2.0,16.0,9.88
2026-04-05,SARRT,Tankers,6.0,6.0,20.0,14.25
2026-04-12,SARRT,Tankers,7.0,7.0,21.0,13.0
2026-04-19,SARRT,Tankers,10.0,7.0,21.0,13.0
2026-04-26,SARRT,Tankers,2.0,2.0,15.0,10.0
2026-05-03,SARRT,Tankers,4.0,4.0,16.0,12.62
2026-05-10,SARRT,Tankers,5.0,5.0,18.0,12.75
2026-05-17,SARRT,Tankers,6.0,6.0,19.0,13.12
2026-05-24,SARRT,Tankers,6.0,6.0,16.0,12.38
2026-05-31,SARRT,Tankers,4.0,4.0,19.0,12.62
2026-06-07,SARRT,Tankers,6.0,6.0,20.0,13.38
2026-06-14,SARRT,Tankers,5.0,3.0,19.0,12.12
2026-06-21,SARRT,Tankers,7.0,7.0,17.0,13.12
2026-06-28,SARRT,Tankers,4.0,4.0,18.0,13.0
2026-07-05,SARRT,Tankers,7.0,7.0,21.0,14.12
2026-07-12,SARRT,Tankers,6.0,6.0,18.0,12.75
2026-07-19,SARRT,Tankers,8.0,8.0,22.0,14.38
2026-07-26,SARRT,Tankers,4.0,4.0,19.0,11.88
2026-08-02,SARRT,Tankers,7.0,7.0,22.0,12.88
2026-08-09,SARRT,Tankers,5.0,5.0,20.0,14.75
2026-08-16,SARRT,Tankers,9.0,9.0,19.0,12.38
2026-08-23,SARRT,Tankers,4.0,4.0,19.0,12.88
2026-08-30,SARRT,Tankers,3.0,3.0,24.0,14.75
2019-01-06,SAYNB,Tankers,18.0,17.0,26.0,19.88
2019-01-13,SAYNB,Tankers,25.0,13.0,30.0,22.12
2019-01-20,SAYNB,Tankers,23.0,18.0,25.0,21.12
2019-01-27,SAYNB,Tankers,16.0,16.0,30.0,22.75
2019-02-03,SAYNB,Tankers,30.0,17.0,30.0,21.88
2019-02-10,SAYNB,Tankers,28.0,15.0,28.0,22.12
2019-02-17,SAYNB,Tankers,24.0,14.0,30.0,22.62
2019-02-24,SAYNB,Tankers,21.0,17.0,27.0,22.38
2019-03-03,SAYNB,Tankers,27.0,18.0,27.0,23.38
2019-03-10,SAYNB,Tankers,26.0,21.0,26.0,23.88
2019-03-17,SAYNB,Tankers,25.0,15.0,29.0,23.25
2019-03-24,SAYNB,Tankers,25.0,15.0,31.0,22.38
2019-03-31,SAYNB,Tankers,22.0,17.0,37.0,25.5
2019-04-07,SAYNB,Tankers,27.0,17.0,32.0,25.25
2019-04-14,SAYNB,Tankers,27.0,20.0,36.0,26.5
2019-04-21,SAYNB,Tankers,25.0,23.0,34.0,27.25
2019-04-28,SAYNB,Tankers,32.0,16.0,36.0,28.0
2019-05-05,SAYNB,Tankers,22.0,22.0,42.0,28.5
2019-05-12,SAYNB,Tankers,32.0,19.0,37.0,28.75
2019-05-19,SAYNB,Tankers,29.0,23.0,45.0,29.88
2019-05-26,SAYNB,Tankers,30.0,23.0,45.0,29.38
2019-06-02,SAYNB,Tankers,36.0,20.0,49.0,28.5
2019-06-09,SAYNB,Tankers,31.0,26.0,46.0,30.88
2019-06-16,SAYNB,Tankers,28.0,21.0,41.0,28.62
2019-06-23,SAYNB,Tankers,25.0,22.0,49.0,31.0
2019-06-30,SAYNB,Tankers,35.0,23.0,45.0,31.12
2019-07-07,SAYNB,Tankers,29.0,21.0,39.0,27.38
2019-07-14,SAYNB,Tankers,32.0,19.0,44.0,29.62
2019-07-21,SAYNB,Tankers,30.0,25.0,51.0,30.75
2019-07-28,SAYNB,Tankers,34.0,18.0,34.0,24.75
2019-08-04,SAYNB,Tankers,32.0,0.0,32.0,24.75
2019-08-11,SAYNB,Tankers,45.0,1.0,45.0,24.88
2019-08-18,SAYNB,Tankers,28.0,2.0,40.0,26.25
2019-08-25,SAYNB,Tankers,43.0,1.0,43.0,26.38
2019-09-01,SAYNB,Tankers,31.0,0.0,32.0,24.12
2019-09-08,SAYNB,Tankers,33.0,25.0,34.0,29.86
2019-09-15,SAYNB,Tankers,36.0,16.0,40.0,27.71
2019-09-22,SAYNB,Tankers,31.0,25.0,32.0,29.29
2019-09-29,SAYNB,Tankers,28.0,21.0,39.0,27.57
2019-10-06,SAYNB,Tankers,38.0,21.0,38.0,27.57
2019-10-13,SAYNB,Tankers,34.0,18.0,34.0,24.14
2019-10-20,SAYNB,Tankers,36.0,22.0,36.0,28.0
2019-10-27,SAYNB,Tankers,27.0,23.0,32.0,27.86
2019-11-03,SAYNB,Tankers,27.0,16.0,33.0,24.71
2019-11-10,SAYNB,Tankers,27.0,13.0,27.0,22.0
2019-11-17,SAYNB,Tankers,24.0,15.0,27.0,21.43
2019-11-24,SAYNB,Tankers,28.0,19.0,28.0,22.43
2019-12-01,SAYNB,Tankers,30.0,17.0,30.0,22.71
2019-12-08,SAYNB,Tankers,15.0,15.0,25.0,18.71
2019-12-15,SAYNB,Tankers,29.0,7.0,30.0,22.71
2019-12-22,SAYNB,Tankers,22.0,19.0,28.0,23.0
2019-12-29,SAYNB,Tankers,30.0,17.0,33.0,23.29
2020-01-05,SAYNB,Tankers,18.0,17.0,26.0,19.88
2020-01-12,SAYNB,Tankers,20.0,13.0,30.0,22.12
2020-01-19,SAYNB,Tankers,25.0,18.0,25.0,21.12
2020-01-26,SAYNB,Tankers,22.0,16.0,30.0,22.75
2020-02-02,SAYNB,Tankers,23.0,17.0,30.0,21.88
2020-02-09,SAYNB,Tankers,16.0,15.0,28.0,22.12
2020-02-16,SAYNB,Tankers,25.0,14.0,30.0,22.62
2020-02-23,SAYNB,Tankers,23.0,17.0,27.0,22.38
2020-03-01,SAYNB,Tankers,21.0,18.0,27.0,23.38
2020-03-08,SAYNB,Tankers,22.0,21.0,26.0,23.88
2020-03-15,SAYNB,Tankers,22.0,15.0,29.0,23.25
2020-03-22,SAYNB,Tankers,15.0,15.0,31.0,22.38
2020-03-29,SAYNB,Tankers,22.0,17.0,37.0,25.5
2020-04-05,SAYNB,Tankers,32.0,17.0,32.0,25.25
2020-04-12,SAYNB,Tankers,23.0,20.0,36.0,26.5
2020-04-19,SAYNB,Tankers,24.0,23.0,34.0,27.25
2020-04-26,SAYNB,Tankers,36.0,16.0,36.0,28.0
2020-05-03,SAYNB,Tankers,36.0,22.0,42.0,28.5
2020-05-10,SAYNB,Tankers,23.0,19.0,37.0,28.75
2020-05-17,SAYNB,Tankers,27.0,23.0,45.0,29.88
2020-05-24,SAYNB,Tankers,27.0,23.0,45.0,29.38
2020-05-31,SAYNB,Tankers,20.0,20.0,49.0,28.5
2020-06-07,SAYNB,Tankers,29.0,26.0,46.0,30.88
2020-06-14,SAYNB,Tankers,27.0,21.0,41.0,28.62
2020-06-21,SAYNB,Tankers,28.0,22.0,49.0,31.0
2020-06-28,SAYNB,Tankers,29.0,23.0,45.0,31.12
2020-07-05,SAYNB,Tankers,22.0,21.0,39.0,27.38
2020-07-12,SAYNB,Tankers,27.0,19.0,44.0,29.62
2020-07-19,SAYNB,Tankers,26.0,25.0,51.0,30.75
2020-07-26,SAYNB,Tankers,27.0,18.0,34.0,24.75
2020-08-02,SAYNB,Tankers,30.0,0.0,32.0,24.75
2020-08-09,SAYNB,Tankers,19.0,1.0,45.0,24.88
2020-08-16,SAYNB,Tankers,32.0,2.0,40.0,26.25
2020-08-23,SAYNB,Tankers,31.0,1.0,43.0,26.38
2020-08-30,SAYNB,Tankers,24.0,0.0,32.0,24.12
2020-09-06,SAYNB,Tankers,34.0,25.0,34.0,29.86
2020-09-13,SAYNB,Tankers,24.0,16.0,40.0,27.71
2020-09-20,SAYNB,Tankers,28.0,25.0,32.0,29.29
2020-09-27,SAYNB,Tankers,21.0,21.0,39.0,27.57
2020-10-04,SAYNB,Tankers,26.0,21.0,38.0,27.57
2020-10-11,SAYNB,Tankers,19.0,18.0,34.0,24.14
2020-10-18,SAYNB,Tankers,22.0,22.0,36.0,28.0
2020-10-25,SAYNB,Tankers,28.0,23.0,32.0,27.86
2020-11-01,SAYNB,Tankers,25.0,16.0,33.0,24.71
2020-11-08,SAYNB,Tankers,13.0,13.0,27.0,22.0
2020-11-15,SAYNB,Tankers,15.0,15.0,27.0,21.43
2020-11-22,SAYNB,Tankers,19.0,19.0,28.0,22.43
2020-11-29,SAYNB,Tankers,17.0,17.0,30.0,22.71
2020-12-06,SAYNB,Tankers,19.0,15.0,25.0,18.71
2020-12-13,SAYNB,Tankers,30.0,7.0,30.0,22.71
2020-12-20,SAYNB,Tankers,20.0,19.0,28.0,23.0
2020-12-27,SAYNB,Tankers,20.0,17.0,33.0,23.29
2021-01-03,SAYNB,Tankers,21.0,16.8,25.2,21.0
2021-01-10,SAYNB,Tankers,17.0,17.0,26.0,19.88
2021-01-17,SAYNB,Tankers,20.0,13.0,30.0,22.12
2021-01-24,SAYNB,Tankers,19.0,18.0,25.0,21.12
2021-01-31,SAYNB,Tankers,19.0,16.0,30.0,22.75
2021-02-07,SAYNB,Tankers,17.0,17.0,30.0,21.88
2021-02-14,SAYNB,Tankers,17.0,15.0,28.0,22.12
2021-02-21,SAYNB,Tankers,19.0,14.0,30.0,22.62
2021-02-28,SAYNB,Tankers,19.0,17.0,27.0,22.38
2021-03-07,SAYNB,Tankers,18.0,18.0,27.0,23.38
2021-03-14,SAYNB,Tankers,21.0,21.0,26.0,23.88
2021-03-21,SAYNB,Tankers,23.0,15.0,29.0,23.25
2021-03-28,SAYNB,Tankers,20.0,15.0,31.0,22.38
2021-04-04,SAYNB,Tankers,22.0,17.0,37.0,25.5
2021-04-11,SAYNB,Tankers,17.0,17.0,32.0,25.25
2021-04-18,SAYNB,Tankers,21.0,20.0,36.0,26.5
2021-04-25,SAYNB,Tankers,23.0,23.0,34.0,27.25
2021-05-02,SAYNB,Tankers,27.0,16.0,36.0,28.0
2021-05-09,SAYNB,Tankers,31.0,22.0,42.0,28.5
2021-05-16,SAYNB,Tankers,28.0,19.0,37.0,28.75
2021-05-23,SAYNB,Tankers,28.0,23.0,45.0,29.88
2021-05-30,SAYNB,Tankers,23.0,23.0,45.0,29.38
2021-06-06,SAYNB,Tankers,24.0,20.0,49.0,28.5
2021-06-13,SAYNB,Tankers,28.0,26.0,46.0,30.88
2021-06-20,SAYNB,Tankers,30.0,21.0,41.0,28.62
2021-06-27,SAYNB,Tankers,30.0,22.0,49.0,31.0
2021-07-04,SAYNB,Tankers,34.0,23.0,45.0,31.12
2021-07-11,SAYNB,Tankers,32.0,21.0,39.0,27.38
2021-07-18,SAYNB,Tankers,29.0,19.0,44.0,29.62
2021-07-25,SAYNB,Tankers,25.0,25.0,51.0,30.75
2021-08-01,SAYNB,Tankers,26.0,18.0,34.0,24.75
2021-08-08,SAYNB,Tankers,32.0,0.0,32.0,24.75
2021-08-15,SAYNB,Tankers,34.0,1.0,45.0,24.88
2021-08-22,SAYNB,Tankers,40.0,2.0,40.0,26.25
2021-08-29,SAYNB,Tankers,29.0,1.0,43.0,26.38
2021-09-05,SAYNB,Tankers,29.0,0.0,32.0,24.12
2021-09-12,SAYNB,Tankers,29.0,25.0,34.0,29.86
2021-09-19,SAYNB,Tankers,40.0,16.0,40.0,27.71
2021-09-26,SAYNB,Tankers,32.0,25.0,32.0,29.29
2021-10-03,SAYNB,Tankers,39.0,21.0,39.0,27.57
2021-10-10,SAYNB,Tankers,28.0,21.0,38.0,27.57
2021-10-17,SAYNB,Tankers,31.0,18.0,34.0,24.14
2021-10-24,SAYNB,Tankers,32.0,22.0,36.0,28.0
2021-10-31,SAYNB,Tankers,31.0,23.0,32.0,27.86
2021-11-07,SAYNB,Tankers,33.0,16.0,33.0,24.71
2021-11-14,SAYNB,Tankers,25.0,13.0,27.0,22.0
2021-11-21,SAYNB,Tankers,19.0,15.0,27.0,21.43
2021-11-28,SAYNB,Tankers,21.0,19.0,28.0,22.43
2021-12-05,SAYNB,Tankers,25.0,17.0,30.0,22.71
2021-12-12,SAYNB,Tankers,18.0,15.0,25.0,18.71
2021-12-19,SAYNB,Tankers,26.0,7.0,30.0,22.71
2021-12-26,SAYNB,Tankers,25.0,19.0,28.0,23.0
2022-01-02,SAYNB,Tankers,18.0,17.0,33.0,23.29
2022-01-09,SAYNB,Tankers,26.0,17.0,26.0,19.88
2022-01-16,SAYNB,Tankers,21.0,13.0,30.0,22.12
2022-01-23,SAYNB,Tankers,21.0,18.0,25.0,21.12
2022-01-30,SAYNB,Tankers,27.0,16.0,30.0,22.75
2022-02-06,SAYNB,Tankers,23.0,17.0,30.0,21.88
2022-02-13,SAYNB,Tankers,26.0,15.0,28.0,22.12
2022-02-20,SAYNB,Tankers,30.0,14.0,30.0,22.62
2022-02-27,SAYNB,Tankers,21.0,17.0,27.0,22.38
2022-03-06,SAYNB,Tankers,24.0,18.0,27.0,23.38
2022-03-13,SAYNB,Tankers,26.0,21.0,26.0,23.88
2022-03-20,SAYNB,Tankers,24.0,15.0,29.0,23.25
2022-03-27,SAYNB,Tankers,22.0,15.0,31.0,22.38
2022-04-03,SAYNB,Tankers,29.0,17.0,37.0,25.5
2022-04-10,SAYNB,Tankers,26.0,17.0,32.0,25.25
2022-04-17,SAYNB,Tankers,30.0,20.0,36.0,26.5
2022-04-24,SAYNB,Tankers,34.0,23.0,34.0,27.25
2022-05-01,SAYNB,Tankers,27.0,16.0,36.0,28.0
2022-05-08,SAYNB,Tankers,25.0,22.0,42.0,28.5
2022-05-15,SAYNB,Tankers,37.0,19.0,37.0,28.75
2022-05-22,SAYNB,Tankers,29.0,23.0,45.0,29.88
2022-05-29,SAYNB,Tankers,33.0,23.0,45.0,29.38
2022-06-05,SAYNB,Tankers,26.0,20.0,49.0,28.5
2022-06-12,SAYNB,Tankers,32.0,26.0,46.0,30.88
2022-06-19,SAYNB,Tankers,27.0,21.0,41.0,28.62
2022-06-26,SAYNB,Tankers,34.0,22.0,49.0,31.0
2022-07-03,SAYNB,Tankers,23.0,23.0,45.0,31.12
2022-07-10,SAYNB,Tankers,25.0,21.0,39.0,27.38
2022-07-17,SAYNB,Tankers,34.0,19.0,44.0,29.62
2022-07-24,SAYNB,Tankers,30.0,25.0,51.0,30.75
2022-07-31,SAYNB,Tankers,23.0,18.0,34.0,24.75
2022-08-07,SAYNB,Tankers,21.0,0.0,32.0,24.75
2022-08-14,SAYNB,Tankers,28.0,1.0,45.0,24.88
2022-08-21,SAYNB,Tankers,25.0,2.0,40.0,26.25
2022-08-28,SAYNB,Tankers,27.0,1.0,43.0,26.38
2022-09-04,SAYNB,Tankers,29.0,0.0,32.0,24.12
2022-09-11,SAYNB,Tankers,27.0,25.0,34.0,29.86
2022-09-18,SAYNB,Tankers,27.0,16.0,40.0,27.71
2022-09-25,SAYNB,Tankers,30.0,25.0,32.0,29.29
2022-10-02,SAYNB,Tankers,30.0,21.0,39.0,27.57
2022-10-09,SAYNB,Tankers,29.0,21.0,38.0,27.57
2022-10-16,SAYNB,Tankers,18.0,18.0,34.0,24.14
2022-10-23,SAYNB,Tankers,34.0,22.0,36.0,28.0
2022-10-30,SAYNB,Tankers,30.0,23.0,32.0,27.86
2022-11-06,SAYNB,Tankers,23.0,16.0,33.0,24.71
2022-11-13,SAYNB,Tankers,21.0,13.0,27.0,22.0
2022-11-20,SAYNB,Tankers,25.0,15.0,27.0,21.43
2022-11-27,SAYNB,Tankers,26.0,19.0,28.0,22.43
2022-12-04,SAYNB,Tankers,22.0,17.0,30.0,22.71
2022-12-11,SAYNB,Tankers,25.0,15.0,25.0,18.71
2022-12-18,SAYNB,Tankers,20.0,7.0,30.0,22.71
2022-12-25,SAYNB,Tankers,27.0,19.0,28.0,23.0
2023-01-01,SAYNB,Tankers,26.0,17.0,33.0,23.29
2023-01-08,SAYNB,Tankers,21.0,17.0,26.0,19.88
2023-01-15,SAYNB,Tankers,30.0,13.0,30.0,22.12
2023-01-22,SAYNB,Tankers,18.0,18.0,25.0,21.12
2023-01-29,SAYNB,Tankers,23.0,16.0,30.0,22.75
2023-02-05,SAYNB,Tankers,20.0,17.0,30.0,21.88
2023-02-12,SAYNB,Tankers,25.0,15.0,28.0,22.12
2023-02-19,SAYNB,Tankers,18.0,14.0,30.0,22.62
2023-02-26,SAYNB,Tankers,25.0,17.0,27.0,22.38
2023-03-05,SAYNB,Tankers,25.0,18.0,27.0,23.38
2023-03-12,SAYNB,Tankers,21.0,21.0,26.0,23.88
2023-03-19,SAYNB,Tankers,15.0,15.0,29.0,23.25
2023-03-26,SAYNB,Tankers,19.0,15.0,31.0,22.38
2023-04-02,SAYNB,Tankers,26.0,17.0,37.0,25.5
2023-04-09,SAYNB,Tankers,21.0,17.0,32.0,25.25
2023-04-16,SAYNB,Tankers,23.0,20.0,36.0,26.5
2023-04-23,SAYNB,Tankers,24.0,23.0,34.0,27.25
2023-04-30,SAYNB,Tankers,26.0,16.0,36.0,28.0
2023-05-07,SAYNB,Tankers,24.0,22.0,42.0,28.5
2023-05-14,SAYNB,Tankers,19.0,19.0,37.0,28.75
2023-05-21,SAYNB,Tankers,23.0,23.0,45.0,29.88
2023-05-28,SAYNB,Tankers,26.0,23.0,45.0,29.38
2023-06-04,SAYNB,Tankers,23.0,20.0,49.0,28.5
2023-06-11,SAYNB,Tankers,26.0,26.0,46.0,30.88
2023-06-18,SAYNB,Tankers,22.0,21.0,41.0,28.62
2023-06-25,SAYNB,Tankers,22.0,22.0,49.0,31.0
2023-07-02,SAYNB,Tankers,25.0,23.0,45.0,31.12
2023-07-09,SAYNB,Tankers,21.0,21.0,39.0,27.38
2023-07-16,SAYNB,Tankers,19.0,19.0,44.0,29.62
2023-07-23,SAYNB,Tankers,26.0,25.0,51.0,30.75
2023-07-30,SAYNB,Tankers,18.0,18.0,34.0,24.75
2023-08-06,SAYNB,Tankers,27.0,0.0,32.0,24.75
2023-08-13,SAYNB,Tankers,18.0,1.0,45.0,24.88
2023-08-20,SAYNB,Tankers,24.0,2.0,40.0,26.25
2023-08-27,SAYNB,Tankers,19.0,1.0,43.0,26.38
2023-09-03,SAYNB,Tankers,24.0,0.0,32.0,24.12
2023-09-10,SAYNB,Tankers,32.0,25.0,34.0,29.86
2023-09-17,SAYNB,Tankers,22.0,16.0,40.0,27.71
2023-09-24,SAYNB,Tankers,30.0,25.0,32.0,29.29
2023-10-01,SAYNB,Tankers,23.0,21.0,39.0,27.57
2023-10-08,SAYNB,Tankers,21.0,21.0,38.0,27.57
2023-10-15,SAYNB,Tankers,19.0,18.0,34.0,24.14
2023-10-22,SAYNB,Tankers,22.0,22.0,36.0,28.0
2023-10-29,SAYNB,Tankers,24.0,23.0,32.0,27.86
2023-11-05,SAYNB,Tankers,16.0,16.0,33.0,24.71
2023-11-12,SAYNB,Tankers,21.0,13.0,27.0,22.0
2023-11-19,SAYNB,Tankers,27.0,15.0,27.0,21.43
2023-11-26,SAYNB,Tankers,21.0,19.0,28.0,22.43
2023-12-03,SAYNB,Tankers,25.0,17.0,30.0,22.71
2023-12-10,SAYNB,Tankers,22.0,15.0,25.0,18.71
2023-12-17,SAYNB,Tankers,22.0,7.0,30.0,22.71
2023-12-24,SAYNB,Tankers,20.0,19.0,28.0,23.0
2023-12-31,SAYNB,Tankers,33.0,17.0,33.0,23.29
2024-01-07,SAYNB,Tankers,20.0,17.0,26.0,19.88
2024-01-14,SAYNB,Tankers,22.0,13.0,30.0,22.12
2024-01-21,SAYNB,Tankers,25.0,18.0,25.0,21.12
2024-01-28,SAYNB,Tankers,28.0,16.0,30.0,22.75
2024-02-04,SAYNB,Tankers,18.0,17.0,30.0,21.88
2024-02-11,SAYNB,Tankers,26.0,15.0,28.0,22.12
2024-02-18,SAYNB,Tankers,24.0,14.0,30.0,22.62
2024-02-25,SAYNB,Tankers,17.0,17.0,27.0,22.38
2024-03-03,SAYNB,Tankers,26.0,18.0,27.0,23.38
2024-03-10,SAYNB,Tankers,25.0,21.0,26.0,23.88
2024-03-17,SAYNB,Tankers,29.0,15.0,29.0,23.25
2024-03-24,SAYNB,Tankers,24.0,15.0,31.0,22.38
2024-03-31,SAYNB,Tankers,29.0,17.0,37.0,25.5
2024-04-07,SAYNB,Tankers,27.0,17.0,32.0,25.25
2024-04-14,SAYNB,Tankers,32.0,20.0,36.0,26.5
2024-04-21,SAYNB,Tankers,28.0,23.0,34.0,27.25
2024-04-28,SAYNB,Tankers,25.0,16.0,36.0,28.0
2024-05-05,SAYNB,Tankers,24.0,22.0,42.0,28.5
2024-05-12,SAYNB,Tankers,31.0,19.0,37.0,28.75
2024-05-19,SAYNB,Tankers,34.0,23.0,45.0,29.88
2024-05-26,SAYNB,Tankers,24.0,23.0,45.0,29.38
2024-06-02,SAYNB,Tankers,27.0,20.0,49.0,28.5
2024-06-09,SAYNB,Tankers,29.0,26.0,46.0,30.88
2024-06-16,SAYNB,Tankers,33.0,21.0,41.0,28.62
2024-06-23,SAYNB,Tankers,34.0,22.0,49.0,31.0
2024-06-30,SAYNB,Tankers,35.0,23.0,45.0,31.12
2024-07-07,SAYNB,Tankers,28.0,21.0,39.0,27.38
2024-07-14,SAYNB,Tankers,28.0,19.0,44.0,29.62
2024-07-21,SAYNB,Tankers,28.0,25.0,51.0,30.75
2024-07-28,SAYNB,Tankers,28.0,18.0,34.0,24.75
2024-08-04,SAYNB,Tankers,27.0,0.0,32.0,24.75
2024-08-11,SAYNB,Tankers,36.0,1.0,45.0,24.88
2024-08-18,SAYNB,Tankers,30.0,2.0,40.0,26.25
2024-08-25,SAYNB,Tankers,34.0,1.0,43.0,26.38
2024-09-01,SAYNB,Tankers,32.0,0.0,32.0,24.12
2024-09-08,SAYNB,Tankers,29.0,25.0,34.0,29.86
2024-09-15,SAYNB,Tankers,29.0,16.0,40.0,27.71
2024-09-22,SAYNB,Tankers,29.0,25.0,32.0,29.29
2024-09-29,SAYNB,Tankers,28.0,21.0,39.0,27.57
2024-10-06,SAYNB,Tankers,29.0,21.0,38.0,27.57
2024-10-13,SAYNB,Tankers,22.0,18.0,34.0,24.14
2024-10-20,SAYNB,Tankers,24.0,22.0,36.0,28.0
2024-10-27,SAYNB,Tankers,32.0,23.0,32.0,27.86
2024-11-03,SAYNB,Tankers,25.0,16.0,33.0,24.71
2024-11-10,SAYNB,Tankers,21.0,13.0,27.0,22.0
2024-11-17,SAYNB,Tankers,20.0,15.0,27.0,21.43
2024-11-24,SAYNB,Tankers,22.0,19.0,28.0,22.43
2024-12-01,SAYNB,Tankers,22.0,17.0,30.0,22.71
2024-12-08,SAYNB,Tankers,15.0,15.0,25.0,18.71
2024-12-15,SAYNB,Tankers,25.0,7.0,30.0,22.71
2024-12-22,SAYNB,Tankers,28.0,19.0,28.0,23.0
2024-12-29,SAYNB,Tankers,19.0,17.0,33.0,23.29
2025-01-05,SAYNB,Tankers,20.0,17.0,26.0,19.88
2025-01-12,SAYNB,Tankers,26.0,13.0,30.0,22.12
2025-01-19,SAYNB,Tankers,19.0,18.0,25.0,21.12
2025-01-26,SAYNB,Tankers,30.0,16.0,30.0,22.75
2025-02-02,SAYNB,Tankers,25.0,17.0,30.0,21.88
2025-02-09,SAYNB,Tankers,24.0,15.0,28.0,22.12
2025-02-16,SAYNB,Tankers,27.0,14.0,30.0,22.62
2025-02-23,SAYNB,Tankers,26.0,17.0,27.0,22.38
2025-03-02,SAYNB,Tankers,21.0,18.0,27.0,23.38
2025-03-09,SAYNB,Tankers,24.0,21.0,26.0,23.88
2025-03-16,SAYNB,Tankers,19.0,15.0,29.0,23.25
2025-03-23,SAYNB,Tankers,23.0,15.0,31.0,22.38
2025-03-30,SAYNB,Tankers,17.0,17.0,37.0,25.5
2025-04-06,SAYNB,Tankers,21.0,17.0,32.0,25.25
2025-04-13,SAYNB,Tankers,20.0,20.0,36.0,26.5
2025-04-20,SAYNB,Tankers,29.0,23.0,34.0,27.25
2025-04-27,SAYNB,Tankers,16.0,16.0,36.0,28.0
2025-05-04,SAYNB,Tankers,24.0,22.0,42.0,28.5
2025-05-11,SAYNB,Tankers,23.0,19.0,37.0,28.75
2025-05-18,SAYNB,Tankers,24.0,23.0,45.0,29.88
2025-05-25,SAYNB,Tankers,27.0,23.0,45.0,29.38
2025-06-01,SAYNB,Tankers,23.0,20.0,49.0,28.5
2025-06-08,SAYNB,Tankers,26.0,26.0,46.0,30.88
2025-06-15,SAYNB,Tankers,21.0,21.0,41.0,28.62
2025-06-22,SAYNB,Tankers,26.0,22.0,49.0,31.0
2025-06-29,SAYNB,Tankers,23.0,23.0,45.0,31.12
2025-07-06,SAYNB,Tankers,23.0,21.0,39.0,27.38
2025-07-13,SAYNB,Tankers,24.0,19.0,44.0,29.62
2025-07-20,SAYNB,Tankers,30.0,25.0,51.0,30.75
2025-07-27,SAYNB,Tankers,24.0,18.0,34.0,24.75
2025-08-03,SAYNB,Tankers,29.0,0.0,32.0,24.75
2025-08-10,SAYNB,Tankers,18.0,1.0,45.0,24.88
2025-08-17,SAYNB,Tankers,29.0,2.0,40.0,26.25
2025-08-24,SAYNB,Tankers,27.0,1.0,43.0,26.38
2025-08-31,SAYNB,Tankers,24.0,0.0,32.0,24.12
2025-09-07,SAYNB,Tankers,25.0,25.0,34.0,29.86
2025-09-14,SAYNB,Tankers,16.0,16.0,40.0,27.71
2025-09-21,SAYNB,Tankers,25.0,25.0,32.0,29.29
2025-09-28,SAYNB,Tankers,24.0,21.0,39.0,27.57
2025-10-05,SAYNB,Tankers,22.0,21.0,38.0,27.57
2025-10-12,SAYNB,Tankers,26.0,18.0,34.0,24.14
2025-10-19,SAYNB,Tankers,26.0,22.0,36.0,28.0
2025-10-26,SAYNB,Tankers,23.0,23.0,32.0,27.86
2025-11-02,SAYNB,Tankers,24.0,16.0,33.0,24.71
2025-11-09,SAYNB,Tankers,26.0,13.0,27.0,22.0
2025-11-16,SAYNB,Tankers,20.0,15.0,27.0,21.43
2025-11-23,SAYNB,Tankers,20.0,19.0,28.0,22.43
2025-11-30,SAYNB,Tankers,18.0,17.0,30.0,22.71
2025-12-07,SAYNB,Tankers,17.0,15.0,25.0,18.71
2025-12-14,SAYNB,Tankers,7.0,7.0,30.0,22.71
2025-12-21,SAYNB,Tankers,19.0,19.0,28.0,23.0
2025-12-28,SAYNB,Tankers,17.0,17.0,33.0,23.29
2026-01-04,SAYNB,Tankers,19.0,17.0,26.0,19.88
2026-01-11,SAYNB,Tankers,13.0,13.0,30.0,22.12
2026-01-18,SAYNB,Tankers,19.0,18.0,25.0,21.12
2026-01-25,SAYNB,Tankers,17.0,16.0,30.0,22.75
2026-02-01,SAYNB,Tankers,19.0,17.0,30.0,21.88
2026-02-08,SAYNB,Tankers,15.0,15.0,28.0,22.12
2026-02-15,SAYNB,Tankers,14.0,14.0,30.0,22.62
2026-02-22,SAYNB,Tankers,27.0,17.0,27.0,22.38
2026-03-01,SAYNB,Tankers,25.0,18.0,27.0,23.38
2026-03-08,SAYNB,Tankers,26.0,21.0,26.0,23.88
2026-03-15,SAYNB,Tankers,29.0,15.0,29.0,23.25
2026-03-22,SAYNB,Tankers,31.0,15.0,31.0,22.38
2026-03-29,SAYNB,Tankers,37.0,17.0,37.0,25.5
2026-04-05,SAYNB,Tankers,31.0,17.0,32.0,25.25
2026-04-12,SAYNB,Tankers,36.0,20.0,36.0,26.5
2026-04-19,SAYNB,Tankers,31.0,23.0,34.0,27.25
2026-04-26,SAYNB,Tankers,35.0,16.0,36.0,28.0
2026-05-03,SAYNB,Tankers,42.0,22.0,42.0,28.5
2026-05-10,SAYNB,Tankers,37.0,19.0,37.0,28.75
2026-05-17,SAYNB,Tankers,45.0,23.0,45.0,29.88
2026-05-24,SAYNB,Tankers,45.0,23.0,45.0,29.38
2026-05-31,SAYNB,Tankers,49.0,20.0,49.0,28.5
2026-06-07,SAYNB,Tankers,46.0,26.0,46.0,30.88
2026-06-14,SAYNB,Tankers,41.0,21.0,41.0,28.62
2026-06-21,SAYNB,Tankers,49.0,22.0,49.0,31.0
2026-06-28,SAYNB,Tankers,45.0,23.0,45.0,31.12
2026-07-05,SAYNB,Tankers,39.0,21.0,39.0,27.38
2026-07-12,SAYNB,Tankers,44.0,19.0,44.0,29.62
2026-07-19,SAYNB,Tankers,51.0,25.0,51.0,30.75
2026-07-26,SAYNB,Tankers,18.0,18.0,34.0,24.75
2026-08-02,SAYNB,Tankers,0.0,0.0,32.0,24.75
2026-08-09,SAYNB,Tankers,1.0,1.0,45.0,24.88
2026-08-16,SAYNB,Tankers,2.0,2.0,40.0,26.25
2026-08-23,SAYNB,Tankers,1.0,1.0,43.0,26.38
2026-08-30,SAYNB,Tankers,0.0,0.0,32.0,24.12
2019-01-06,SGSIN,Tankers,396.0,396.0,529.0,493.88
2019-01-13,SGSIN,Tankers,476.0,476.0,546.0,505.5
2019-01-20,SGSIN,Tankers,474.0,468.0,542.0,508.38
2019-01-27,SGSIN,Tankers,468.0,468.0,544.0,513.0
2019-02-03,SGSIN,Tankers,483.0,483.0,550.0,515.5
2019-02-10,SGSIN,Tankers,486.0,479.0,541.0,508.25
2019-02-17,SGSIN,Tankers,472.0,466.0,539.0,505.62
2019-02-24,SGSIN,Tankers,495.0,491.0,548.0,511.12
2019-03-03,SGSIN,Tankers,478.0,478.0,531.0,503.12
2019-03-10,SGSIN,Tankers,474.0,467.0,560.0,508.88
2019-03-17,SGSIN,Tankers,467.0,467.0,554.0,502.88
2019-03-24,SGSIN,Tankers,457.0,456.0,542.0,501.5
2019-03-31,SGSIN,Tankers,465.0,465.0,529.0,502.12
2019-04-07,SGSIN,Tankers,472.0,472.0,554.0,518.12
2019-04-14,SGSIN,Tankers,498.0,467.0,526.0,502.62
2019-04-21,SGSIN,Tankers,476.0,468.0,561.0,494.88
2019-04-28,SGSIN,Tankers,464.0,464.0,531.0,493.0
2019-05-05,SGSIN,Tankers,490.0,459.0,531.0,500.62
2019-05-12,SGSIN,Tankers,478.0,478.0,532.0,509.75
2019-05-19,SGSIN,Tankers,477.0,464.0,549.0,512.62
2019-05-26,SGSIN,Tankers,498.0,476.0,526.0,507.38
2019-06-02,SGSIN,Tankers,491.0,485.0,517.0,501.38
2019-06-09,SGSIN,Tankers,517.0,470.0,537.0,510.38
2019-06-16,SGSIN,Tankers,497.0,465.0,541.0,504.12
2019-06-23,SGSIN,Tankers,484.0,482.0,521.0,497.38
2019-06-30,SGSIN,Tankers,504.0,460.0,551.0,512.5
2019-07-07,SGSIN,Tankers,494.0,478.0,528.0,498.25
2019-07-14,SGSIN,Tankers,480.0,480.0,543.0,506.5
2019-07-21,SGSIN,Tankers,485.0,471.0,531.0,499.88
2019-07-28,SGSIN,Tankers,509.0,462.0,526.0,491.38
2019-08-04,SGSIN,Tankers,476.0,476.0,531.0,491.5
2019-08-11,SGSIN,Tankers,468.0,451.0,532.0,495.5
2019-08-18,SGSIN,Tankers,484.0,472.0,542.0,500.75
2019-08-25,SGSIN,Tankers,507.0,464.0,548.0,499.0
2019-09-01,SGSIN,Tankers,474.0,312.0,514.0,470.75
2019-09-08,SGSIN,Tankers,498.0,485.0,533.0,503.14
2019-09-15,SGSIN,Tankers,529.0,478.0,529.0,492.43
2019-09-22,SGSIN,Tankers,500.0,456.0,526.0,494.71
2019-09-29,SGSIN,Tankers,487.0,472.0,535.0,496.14
2019-10-06,SGSIN,Tankers,502.0,482.0,555.0,511.57
2019-10-13,SGSIN,Tankers,543.0,478.0,548.0,513.0
2019-10-20,SGSIN,Tankers,527.0,455.0,528.0,500.71
2019-10-27,SGSIN,Tankers,522.0,471.0,536.0,495.43
2019-11-03,SGSIN,Tankers,530.0,478.0,530.0,512.43
2019-11-10,SGSIN,Tankers,535.0,481.0,553.0,519.14
2019-11-17,SGSIN,Tankers,521.0,477.0,553.0,512.57
2019-11-24,SGSIN,Tankers,514.0,474.0,539.0,505.86
2019-12-01,SGSIN,Tankers,500.0,475.0,511.0,497.71
2019-12-08,SGSIN,Tankers,519.0,485.0,523.0,503.14
2019-12-15,SGSIN,Tankers,526.0,453.0,544.0,511.86
2019-12-22,SGSIN,Tankers,514.0,479.0,514.0,495.86
2019-12-29,SGSIN,Tankers,523.0,481.0,529.0,503.43
2020-01-05,SGSIN,Tankers,515.0,396.0,529.0,493.88
2020-01-12,SGSIN,Tankers,546.0,476.0,546.0,505.5
2020-01-19,SGSIN,Tankers,503.0,468.0,542.0,508.38
2020-01-26,SGSIN,Tankers,542.0,468.0,544.0,513.0
2020-02-02,SGSIN,Tankers,541.0,483.0,550.0,515.5
2020-02-09,SGSIN,Tankers,509.0,479.0,541.0,508.25
2020-02-16,SGSIN,Tankers,524.0,466.0,539.0,505.62
2020-02-23,SGSIN,Tankers,520.0,491.0,548.0,511.12
2020-03-01,SGSIN,Tankers,514.0,478.0,531.0,503.12
2020-03-08,SGSIN,Tankers,560.0,467.0,560.0,508.88
2020-03-15,SGSIN,Tankers,554.0,467.0,554.0,502.88
2020-03-22,SGSIN,Tankers,542.0,456.0,542.0,501.5
2020-03-29,SGSIN,Tankers,521.0,465.0,529.0,502.12
2020-04-05,SGSIN,Tankers,537.0,472.0,554.0,518.12
2020-04-12,SGSIN,Tankers,467.0,467.0,526.0,502.62
2020-04-19,SGSIN,Tankers,468.0,468.0,561.0,494.88
2020-04-26,SGSIN,Tankers,475.0,464.0,531.0,493.0
2020-05-03,SGSIN,Tankers,459.0,459.0,531.0,500.62
2020-05-10,SGSIN,Tankers,487.0,478.0,532.0,509.75
2020-05-17,SGSIN,Tankers,464.0,464.0,549.0,512.62
2020-05-24,SGSIN,Tankers,510.0,476.0,526.0,507.38
2020-05-31,SGSIN,Tankers,490.0,485.0,517.0,501.38
2020-06-07,SGSIN,Tankers,470.0,470.0,537.0,510.38
2020-06-14,SGSIN,Tankers,509.0,465.0,541.0,504.12
2020-06-21,SGSIN,Tankers,496.0,482.0,521.0,497.38
2020-06-28,SGSIN,Tankers,460.0,460.0,551.0,512.5
2020-07-05,SGSIN,Tankers,505.0,478.0,528.0,498.25
2020-07-12,SGSIN,Tankers,483.0,480.0,543.0,506.5
2020-07-19,SGSIN,Tankers,496.0,471.0,531.0,499.88
2020-07-26,SGSIN,Tankers,490.0,462.0,526.0,491.38
2020-08-02,SGSIN,Tankers,483.0,476.0,531.0,491.5
2020-08-09,SGSIN,Tankers,505.0,451.0,532.0,495.5
2020-08-16,SGSIN,Tankers,488.0,472.0,542.0,500.75
2020-08-23,SGSIN,Tankers,506.0,464.0,548.0,499.0
2020-08-30,SGSIN,Tankers,495.0,312.0,514.0,470.75
2020-09-06,SGSIN,Tankers,497.0,485.0,533.0,503.14
2020-09-13,SGSIN,Tankers,506.0,478.0,529.0,492.43
2020-09-20,SGSIN,Tankers,456.0,456.0,526.0,494.71
2020-09-27,SGSIN,Tankers,502.0,472.0,535.0,496.14
2020-10-04,SGSIN,Tankers,482.0,482.0,555.0,511.57
2020-10-11,SGSIN,Tankers,490.0,478.0,548.0,513.0
2020-10-18,SGSIN,Tankers,496.0,455.0,528.0,500.71
2020-10-25,SGSIN,Tankers,493.0,471.0,536.0,495.43
2020-11-01,SGSIN,Tankers,507.0,478.0,530.0,512.43
2020-11-08,SGSIN,Tankers,506.0,481.0,553.0,519.14
2020-11-15,SGSIN,Tankers,505.0,477.0,553.0,512.57
2020-11-22,SGSIN,Tankers,474.0,474.0,539.0,505.86
2020-11-29,SGSIN,Tankers,503.0,475.0,511.0,497.71
2020-12-06,SGSIN,Tankers,486.0,485.0,523.0,503.14
2020-12-13,SGSIN,Tankers,495.0,453.0,544.0,511.86
2020-12-20,SGSIN,Tankers,491.0,479.0,514.0,495.86
2020-12-27,SGSIN,Tankers,496.0,481.0,529.0,503.43
2021-01-03,SGSIN,Tankers,477.0,381.6,572.4,477.0
2021-01-10,SGSIN,Tankers,511.0,396.0,529.0,493.88
2021-01-17,SGSIN,Tankers,506.0,476.0,546.0,505.5
2021-01-24,SGSIN,Tankers,525.0,468.0,542.0,508.38
2021-01-31,SGSIN,Tankers,485.0,468.0,544.0,513.0
2021-02-07,SGSIN,Tankers,507.0,483.0,550.0,515.5
2021-02-14,SGSIN,Tankers,513.0,479.0,541.0,508.25
2021-02-21,SGSIN,Tankers,537.0,466.0,539.0,505.62
2021-02-28,SGSIN,Tankers,506.0,491.0,548.0,511.12
2021-03-07,SGSIN,Tankers,513.0,478.0,531.0,503.12
2021-03-14,SGSIN,Tankers,490.0,467.0,560.0,508.88
2021-03-21,SGSIN,Tankers,505.0,467.0,554.0,502.88
2021-03-28,SGSIN,Tankers,494.0,456.0,542.0,501.5
2021-04-04,SGSIN,Tankers,488.0,465.0,529.0,502.12
2021-04-11,SGSIN,Tankers,541.0,472.0,554.0,518.12
2021-04-18,SGSIN,Tankers,514.0,467.0,526.0,502.62
2021-04-25,SGSIN,Tankers,490.0,468.0,561.0,494.88
2021-05-02,SGSIN,Tankers,496.0,464.0,531.0,493.0
2021-05-09,SGSIN,Tankers,505.0,459.0,531.0,500.62
2021-05-16,SGSIN,Tankers,519.0,478.0,532.0,509.75
2021-05-23,SGSIN,Tankers,530.0,464.0,549.0,512.62
2021-05-30,SGSIN,Tankers,501.0,476.0,526.0,507.38
2021-06-06,SGSIN,Tankers,485.0,485.0,517.0,501.38
2021-06-13,SGSIN,Tankers,502.0,470.0,537.0,510.38
2021-06-20,SGSIN,Tankers,490.0,465.0,541.0,504.12
2021-06-27,SGSIN,Tankers,482.0,482.0,521.0,497.38
2021-07-04,SGSIN,Tankers,507.0,460.0,551.0,512.5
2021-07-11,SGSIN,Tankers,509.0,478.0,528.0,498.25
2021-07-18,SGSIN,Tankers,500.0,480.0,543.0,506.5
2021-07-25,SGSIN,Tankers,493.0,471.0,531.0,499.88
2021-08-01,SGSIN,Tankers,462.0,462.0,526.0,491.38
2021-08-08,SGSIN,Tankers,480.0,476.0,531.0,491.5
2021-08-15,SGSIN,Tankers,488.0,451.0,532.0,495.5
2021-08-22,SGSIN,Tankers,472.0,472.0,542.0,500.75
2021-08-29,SGSIN,Tankers,486.0,464.0,548.0,499.0
2021-09-05,SGSIN,Tankers,472.0,312.0,514.0,470.75
2021-09-12,SGSIN,Tankers,492.0,485.0,533.0,503.14
2021-09-19,SGSIN,Tankers,482.0,478.0,529.0,492.43
2021-09-26,SGSIN,Tankers,503.0,456.0,526.0,494.71
2021-10-03,SGSIN,Tankers,498.0,472.0,535.0,496.14
2021-10-10,SGSIN,Tankers,492.0,482.0,555.0,511.57
2021-10-17,SGSIN,Tankers,509.0,478.0,548.0,513.0
2021-10-24,SGSIN,Tankers,455.0,455.0,528.0,500.71
2021-10-31,SGSIN,Tankers,473.0,471.0,536.0,495.43
2021-11-07,SGSIN,Tankers,518.0,478.0,530.0,512.43
2021-11-14,SGSIN,Tankers,481.0,481.0,553.0,519.14
2021-11-21,SGSIN,Tankers,477.0,477.0,553.0,512.57
2021-11-28,SGSIN,Tankers,478.0,474.0,539.0,505.86
2021-12-05,SGSIN,Tankers,503.0,475.0,511.0,497.71
2021-12-12,SGSIN,Tankers,491.0,485.0,523.0,503.14
2021-12-19,SGSIN,Tankers,453.0,453.0,544.0,511.86
2021-12-26,SGSIN,Tankers,492.0,479.0,514.0,495.86
2022-01-02,SGSIN,Tankers,492.0,481.0,529.0,503.43
2022-01-09,SGSIN,Tankers,473.0,396.0,529.0,493.88
2022-01-16,SGSIN,Tankers,494.0,476.0,546.0,505.5
2022-01-23,SGSIN,Tankers,468.0,468.0,542.0,508.38
2022-01-30,SGSIN,Tankers,530.0,468.0,544.0,513.0
2022-02-06,SGSIN,Tankers,491.0,483.0,550.0,515.5
2022-02-13,SGSIN,Tankers,479.0,479.0,541.0,508.25
2022-02-20,SGSIN,Tankers,466.0,466.0,539.0,505.62
2022-02-27,SGSIN,Tankers,497.0,491.0,548.0,511.12
2022-03-06,SGSIN,Tankers,490.0,478.0,531.0,503.12
2022-03-13,SGSIN,Tankers,491.0,467.0,560.0,508.88
2022-03-20,SGSIN,Tankers,499.0,467.0,554.0,502.88
2022-03-27,SGSIN,Tankers,456.0,456.0,542.0,501.5
2022-04-03,SGSIN,Tankers,471.0,465.0,529.0,502.12
2022-04-10,SGSIN,Tankers,506.0,472.0,554.0,518.12
2022-04-17,SGSIN,Tankers,489.0,467.0,526.0,502.62
2022-04-24,SGSIN,Tankers,473.0,468.0,561.0,494.88
2022-05-01,SGSIN,Tankers,472.0,464.0,531.0,493.0
2022-05-08,SGSIN,Tankers,497.0,459.0,531.0,500.62
2022-05-15,SGSIN,Tankers,504.0,478.0,532.0,509.75
2022-05-22,SGSIN,Tankers,508.0,464.0,549.0,512.62
2022-05-29,SGSIN,Tankers,476.0,476.0,526.0,507.38
2022-06-05,SGSIN,Tankers,486.0,485.0,517.0,501.38
2022-06-12,SGSIN,Tankers,515.0,470.0,537.0,510.38
2022-06-19,SGSIN,Tankers,465.0,465.0,541.0,504.12
2022-06-26,SGSIN,Tankers,502.0,482.0,521.0,497.38
2022-07-03,SGSIN,Tankers,485.0,460.0,551.0,512.5
2022-07-10,SGSIN,Tankers,478.0,478.0,528.0,498.25
2022-07-17,SGSIN,Tankers,505.0,480.0,543.0,506.5
2022-07-24,SGSIN,Tankers,520.0,471.0,531.0,499.88
2022-07-31,SGSIN,Tankers,488.0,462.0,526.0,491.38
2022-08-07,SGSIN,Tankers,499.0,476.0,531.0,491.5
2022-08-14,SGSIN,Tankers,451.0,451.0,532.0,495.5
2022-08-21,SGSIN,Tankers,495.0,472.0,542.0,500.75
2022-08-28,SGSIN,Tankers,475.0,464.0,548.0,499.0
2022-09-04,SGSIN,Tankers,511.0,312.0,514.0,470.75
2022-09-11,SGSIN,Tankers,485.0,485.0,533.0,503.14
2022-09-18,SGSIN,Tankers,480.0,478.0,529.0,492.43
2022-09-25,SGSIN,Tankers,507.0,456.0,526.0,494.71
2022-10-02,SGSIN,Tankers,472.0,472.0,535.0,496.14
2022-10-09,SGSIN,Tankers,508.0,482.0,555.0,511.57
2022-10-16,SGSIN,Tankers,510.0,478.0,548.0,513.0
2022-10-23,SGSIN,Tankers,459.0,455.0,528.0,500.71
2022-10-30,SGSIN,Tankers,471.0,471.0,536.0,495.43
2022-11-06,SGSIN,Tankers,516.0,478.0,530.0,512.43
2022-11-13,SGSIN,Tankers,492.0,481.0,553.0,519.14
2022-11-20,SGSIN,Tankers,498.0,477.0,553.0,512.57
2022-11-27,SGSIN,Tankers,539.0,474.0,539.0,505.86
2022-12-04,SGSIN,Tankers,497.0,475.0,511.0,497.71
2022-12-11,SGSIN,Tankers,485.0,485.0,523.0,503.14
2022-12-18,SGSIN,Tankers,533.0,453.0,544.0,511.86
2022-12-25,SGSIN,Tankers,479.0,479.0,514.0,495.86
2023-01-01,SGSIN,Tankers,481.0,481.0,529.0,503.43
2023-01-08,SGSIN,Tankers,499.0,396.0,529.0,493.88
2023-01-15,SGSIN,Tankers,516.0,476.0,546.0,505.5
2023-01-22,SGSIN,Tankers,489.0,468.0,542.0,508.38
2023-01-29,SGSIN,Tankers,508.0,468.0,544.0,513.0
2023-02-05,SGSIN,Tankers,550.0,483.0,550.0,515.5
2023-02-12,SGSIN,Tankers,513.0,479.0,541.0,508.25
2023-02-19,SGSIN,Tankers,484.0,466.0,539.0,505.62
2023-02-26,SGSIN,Tankers,505.0,491.0,548.0,511.12
2023-03-05,SGSIN,Tankers,504.0,478.0,531.0,503.12
2023-03-12,SGSIN,Tankers,467.0,467.0,560.0,508.88
2023-03-19,SGSIN,Tankers,483.0,467.0,554.0,502.88
2023-03-26,SGSIN,Tankers,474.0,456.0,542.0,501.5
2023-04-02,SGSIN,Tankers,519.0,465.0,529.0,502.12
2023-04-09,SGSIN,Tankers,524.0,472.0,554.0,518.12
2023-04-16,SGSIN,Tankers,517.0,467.0,526.0,502.62
2023-04-23,SGSIN,Tankers,495.0,468.0,561.0,494.88
2023-04-30,SGSIN,Tankers,528.0,464.0,531.0,493.0
2023-05-07,SGSIN,Tankers,512.0,459.0,531.0,500.62
2023-05-14,SGSIN,Tankers,514.0,478.0,532.0,509.75
2023-05-21,SGSIN,Tankers,508.0,464.0,549.0,512.62
2023-05-28,SGSIN,Tankers,516.0,476.0,526.0,507.38
2023-06-04,SGSIN,Tankers,517.0,485.0,517.0,501.38
2023-06-11,SGSIN,Tankers,520.0,470.0,537.0,510.38
2023-06-18,SGSIN,Tankers,517.0,465.0,541.0,504.12
2023-06-25,SGSIN,Tankers,502.0,482.0,521.0,497.38
2023-07-02,SGSIN,Tankers,546.0,460.0,551.0,512.5
2023-07-09,SGSIN,Tankers,504.0,478.0,528.0,498.25
2023-07-16,SGSIN,Tankers,499.0,480.0,543.0,506.5
2023-07-23,SGSIN,Tankers,487.0,471.0,531.0,499.88
2023-07-30,SGSIN,Tankers,495.0,462.0,526.0,491.38
2023-08-06,SGSIN,Tankers,531.0,476.0,531.0,491.5
2023-08-13,SGSIN,Tankers,464.0,451.0,532.0,495.5
2023-08-20,SGSIN,Tankers,508.0,472.0,542.0,500.75
2023-08-27,SGSIN,Tankers,523.0,464.0,548.0,499.0
2023-09-03,SGSIN,Tankers,514.0,312.0,514.0,470.75
2023-09-10,SGSIN,Tankers,496.0,485.0,533.0,503.14
2023-09-17,SGSIN,Tankers,478.0,478.0,529.0,492.43
2023-09-24,SGSIN,Tankers,497.0,456.0,526.0,494.71
2023-10-01,SGSIN,Tankers,481.0,472.0,535.0,496.14
2023-10-08,SGSIN,Tankers,501.0,482.0,555.0,511.57
2023-10-15,SGSIN,Tankers,513.0,478.0,548.0,513.0
2023-10-22,SGSIN,Tankers,517.0,455.0,528.0,500.71
2023-10-29,SGSIN,Tankers,496.0,471.0,536.0,495.43
2023-11-05,SGSIN,Tankers,478.0,478.0,530.0,512.43
2023-11-12,SGSIN,Tankers,516.0,481.0,553.0,519.14
2023-11-19,SGSIN,Tankers,509.0,477.0,553.0,512.57
2023-11-26,SGSIN,Tankers,482.0,474.0,539.0,505.86
2023-12-03,SGSIN,Tankers,475.0,475.0,511.0,497.71
2023-12-10,SGSIN,Tankers,509.0,485.0,523.0,503.14
2023-12-17,SGSIN,Tankers,518.0,453.0,544.0,511.86
2023-12-24,SGSIN,Tankers,479.0,479.0,514.0,495.86
2023-12-31,SGSIN,Tankers,493.0,481.0,529.0,503.43
2024-01-07,SGSIN,Tankers,529.0,396.0,529.0,493.88
2024-01-14,SGSIN,Tankers,486.0,476.0,546.0,505.5
2024-01-21,SGSIN,Tankers,541.0,468.0,542.0,508.38
2024-01-28,SGSIN,Tankers,489.0,468.0,544.0,513.0
2024-02-04,SGSIN,Tankers,529.0,483.0,550.0,515.5
2024-02-11,SGSIN,Tankers,517.0,479.0,541.0,508.25
2024-02-18,SGSIN,Tankers,527.0,466.0,539.0,505.62
2024-02-25,SGSIN,Tankers,548.0,491.0,548.0,511.12
2024-03-03,SGSIN,Tankers,504.0,478.0,531.0,503.12
2024-03-10,SGSIN,Tankers,498.0,467.0,560.0,508.88
2024-03-17,SGSIN,Tankers,507.0,467.0,554.0,502.88
2024-03-24,SGSIN,Tankers,523.0,456.0,542.0,501.5
2024-03-31,SGSIN,Tankers,529.0,465.0,529.0,502.12
2024-04-07,SGSIN,Tankers,554.0,472.0,554.0,518.12
2024-04-14,SGSIN,Tankers,517.0,467.0,526.0,502.62
2024-04-21,SGSIN,Tankers,516.0,468.0,561.0,494.88
2024-04-28,SGSIN,Tankers,531.0,464.0,531.0,493.0
2024-05-05,SGSIN,Tankers,506.0,459.0,531.0,500.62
2024-05-12,SGSIN,Tankers,525.0,478.0,532.0,509.75
2024-05-19,SGSIN,Tankers,549.0,464.0,549.0,512.62
2024-05-26,SGSIN,Tankers,523.0,476.0,526.0,507.38
2024-06-02,SGSIN,Tankers,517.0,485.0,517.0,501.38
2024-06-09,SGSIN,Tankers,502.0,470.0,537.0,510.38
2024-06-16,SGSIN,Tankers,519.0,465.0,541.0,504.12
2024-06-23,SGSIN,Tankers,502.0,482.0,521.0,497.38
2024-06-30,SGSIN,Tankers,551.0,460.0,551.0,512.5
2024-07-07,SGSIN,Tankers,480.0,478.0,528.0,498.25
2024-07-14,SGSIN,Tankers,515.0,480.0,543.0,506.5
2024-07-21,SGSIN,Tankers,471.0,471.0,531.0,499.88
2024-07-28,SGSIN,Tankers,464.0,462.0,526.0,491.38
2024-08-04,SGSIN,Tankers,477.0,476.0,531.0,491.5
2024-08-11,SGSIN,Tankers,527.0,451.0,532.0,495.5
2024-08-18,SGSIN,Tankers,535.0,472.0,542.0,500.75
2024-08-25,SGSIN,Tankers,483.0,464.0,548.0,499.0
2024-09-01,SGSIN,Tankers,494.0,312.0,514.0,470.75
2024-09-08,SGSIN,Tankers,521.0,485.0,533.0,503.14
2024-09-15,SGSIN,Tankers,478.0,478.0,529.0,492.43
2024-09-22,SGSIN,Tankers,474.0,456.0,526.0,494.71
2024-09-29,SGSIN,Tankers,498.0,472.0,535.0,496.14
2024-10-06,SGSIN,Tankers,541.0,482.0,555.0,511.57
2024-10-13,SGSIN,Tankers,478.0,478.0,548.0,513.0
2024-10-20,SGSIN,Tankers,523.0,455.0,528.0,500.71
2024-10-27,SGSIN,Tankers,477.0,471.0,536.0,495.43
2024-11-03,SGSIN,Tankers,512.0,478.0,530.0,512.43
2024-11-10,SGSIN,Tankers,551.0,481.0,553.0,519.14
2024-11-17,SGSIN,Tankers,525.0,477.0,553.0,512.57
2024-11-24,SGSIN,Tankers,521.0,474.0,539.0,505.86
2024-12-01,SGSIN,Tankers,495.0,475.0,511.0,497.71
2024-12-08,SGSIN,Tankers,509.0,485.0,523.0,503.14
2024-12-15,SGSIN,Tankers,544.0,453.0,544.0,511.86
2024-12-22,SGSIN,Tankers,508.0,479.0,514.0,495.86
2024-12-29,SGSIN,Tankers,529.0,481.0,529.0,503.43
2025-01-05,SGSIN,Tankers,505.0,396.0,529.0,493.88
2025-01-12,SGSIN,Tankers,507.0,476.0,546.0,505.5
2025-01-19,SGSIN,Tankers,542.0,468.0,542.0,508.38
2025-01-26,SGSIN,Tankers,538.0,468.0,544.0,513.0
2025-02-02,SGSIN,Tankers,494.0,483.0,550.0,515.5
2025-02-09,SGSIN,Tankers,508.0,479.0,541.0,508.25
2025-02-16,SGSIN,Tankers,496.0,466.0,539.0,505.62
2025-02-23,SGSIN,Tankers,491.0,491.0,548.0,511.12
2025-03-02,SGSIN,Tankers,531.0,478.0,531.0,503.12
2025-03-09,SGSIN,Tankers,547.0,467.0,560.0,508.88
2025-03-16,SGSIN,Tankers,496.0,467.0,554.0,502.88
2025-03-23,SGSIN,Tankers,530.0,456.0,542.0,501.5
2025-03-30,SGSIN,Tankers,521.0,465.0,529.0,502.12
2025-04-06,SGSIN,Tankers,517.0,472.0,554.0,518.12
2025-04-13,SGSIN,Tankers,493.0,467.0,526.0,502.62
2025-04-20,SGSIN,Tankers,561.0,468.0,561.0,494.88
2025-04-27,SGSIN,Tankers,501.0,464.0,531.0,493.0
2025-05-04,SGSIN,Tankers,531.0,459.0,531.0,500.62
2025-05-11,SGSIN,Tankers,519.0,478.0,532.0,509.75
2025-05-18,SGSIN,Tankers,524.0,464.0,549.0,512.62
2025-05-25,SGSIN,Tankers,526.0,476.0,526.0,507.38
2025-06-01,SGSIN,Tankers,516.0,485.0,517.0,501.38
2025-06-08,SGSIN,Tankers,537.0,470.0,537.0,510.38
2025-06-15,SGSIN,Tankers,541.0,465.0,541.0,504.12
2025-06-22,SGSIN,Tankers,521.0,482.0,521.0,497.38
2025-06-29,SGSIN,Tankers,530.0,460.0,551.0,512.5
2025-07-06,SGSIN,Tankers,528.0,478.0,528.0,498.25
2025-07-13,SGSIN,Tankers,543.0,480.0,543.0,506.5
2025-07-20,SGSIN,Tankers,531.0,471.0,531.0,499.88
2025-07-27,SGSIN,Tankers,526.0,462.0,526.0,491.38
2025-08-03,SGSIN,Tankers,501.0,476.0,531.0,491.5
2025-08-10,SGSIN,Tankers,532.0,451.0,532.0,495.5
2025-08-17,SGSIN,Tankers,542.0,472.0,542.0,500.75
2025-08-24,SGSIN,Tankers,548.0,464.0,548.0,499.0
2025-08-31,SGSIN,Tankers,494.0,312.0,514.0,470.75
2025-09-07,SGSIN,Tankers,533.0,485.0,533.0,503.14
2025-09-14,SGSIN,Tankers,494.0,478.0,529.0,492.43
2025-09-21,SGSIN,Tankers,526.0,456.0,526.0,494.71
2025-09-28,SGSIN,Tankers,535.0,472.0,535.0,496.14
2025-10-05,SGSIN,Tankers,555.0,482.0,555.0,511.57
2025-10-12,SGSIN,Tankers,548.0,478.0,548.0,513.0
2025-10-19,SGSIN,Tankers,528.0,455.0,528.0,500.71
2025-10-26,SGSIN,Tankers,536.0,471.0,536.0,495.43
2025-11-02,SGSIN,Tankers,526.0,478.0,530.0,512.43
2025-11-09,SGSIN,Tankers,553.0,481.0,553.0,519.14
2025-11-16,SGSIN,Tankers,553.0,477.0,553.0,512.57
2025-11-23,SGSIN,Tankers,533.0,474.0,539.0,505.86
2025-11-30,SGSIN,Tankers,511.0,475.0,511.0,497.71
2025-12-07,SGSIN,Tankers,523.0,485.0,523.0,503.14
2025-12-14,SGSIN,Tankers,514.0,453.0,544.0,511.86
2025-12-21,SGSIN,Tankers,508.0,479.0,514.0,495.86
2025-12-28,SGSIN,Tankers,510.0,481.0,529.0,503.43
2026-01-04,SGSIN,Tankers,523.0,396.0,529.0,493.88
2026-01-11,SGSIN,Tankers,513.0,476.0,546.0,505.5
2026-01-18,SGSIN,Tankers,525.0,468.0,542.0,508.38
2026-01-25,SGSIN,Tankers,544.0,468.0,544.0,513.0
2026-02-01,SGSIN,Tankers,529.0,483.0,550.0,515.5
2026-02-08,SGSIN,Tankers,541.0,479.0,541.0,508.25
2026-02-15,SGSIN,Tankers,539.0,466.0,539.0,505.62
2026-02-22,SGSIN,Tankers,527.0,491.0,548.0,511.12
2026-03-01,SGSIN,Tankers,491.0,478.0,531.0,503.12
2026-03-08,SGSIN,Tankers,544.0,467.0,560.0,508.88
2026-03-15,SGSIN,Tankers,512.0,467.0,554.0,502.88
2026-03-22,SGSIN,Tankers,536.0,456.0,542.0,501.5
2026-03-29,SGSIN,Tankers,503.0,465.0,529.0,502.12
2026-04-05,SGSIN,Tankers,494.0,472.0,554.0,518.12
2026-04-12,SGSIN,Tankers,526.0,467.0,526.0,502.62
2026-04-19,SGSIN,Tankers,480.0,468.0,561.0,494.88
2026-04-26,SGSIN,Tankers,477.0,464.0,531.0,493.0
2026-05-03,SGSIN,Tankers,505.0,459.0,531.0,500.62
2026-05-10,SGSIN,Tankers,532.0,478.0,532.0,509.75
2026-05-17,SGSIN,Tankers,541.0,464.0,549.0,512.62
2026-05-24,SGSIN,Tankers,509.0,476.0,526.0,507.38
2026-05-31,SGSIN,Tankers,509.0,485.0,517.0,501.38
2026-06-07,SGSIN,Tankers,520.0,470.0,537.0,510.38
2026-06-14,SGSIN,Tankers,495.0,465.0,541.0,504.12
2026-06-21,SGSIN,Tankers,490.0,482.0,521.0,497.38
2026-06-28,SGSIN,Tankers,517.0,460.0,551.0,512.5
2026-07-05,SGSIN,Tankers,488.0,478.0,528.0,498.25
2026-07-12,SGSIN,Tankers,527.0,480.0,543.0,506.5
2026-07-19,SGSIN,Tankers,516.0,471.0,531.0,499.88
2026-07-26,SGSIN,Tankers,497.0,462.0,526.0,491.38
2026-08-02,SGSIN,Tankers,485.0,476.0,531.0,491.5
2026-08-09,SGSIN,Tankers,529.0,451.0,532.0,495.5
2026-08-16,SGSIN,Tankers,482.0,472.0,542.0,500.75
2026-08-23,SGSIN,Tankers,464.0,464.0,548.0,499.0
2026-08-30,SGSIN,Tankers,312.0,312.0,514.0,470.75
2019-01-06,USCRP,Tankers,25.0,25.0,37.0,29.25
2019-01-13,USCRP,Tankers,25.0,25.0,33.0,29.75
2019-01-20,USCRP,Tankers,30.0,25.0,30.0,27.38
2019-01-27,USCRP,Tankers,25.0,20.0,38.0,27.5
2019-02-03,USCRP,Tankers,20.0,20.0,39.0,28.25
2019-02-10,USCRP,Tankers,23.0,21.0,31.0,26.88
2019-02-17,USCRP,Tankers,21.0,10.0,34.0,24.25
2019-02-24,USCRP,Tankers,27.0,15.0,36.0,28.25
2019-03-03,USCRP,Tankers,21.0,21.0,35.0,28.75
2019-03-10,USCRP,Tankers,26.0,24.0,30.0,26.75
2019-03-17,USCRP,Tankers,26.0,25.0,37.0,31.25
2019-03-24,USCRP,Tankers,27.0,23.0,32.0,27.62
2019-03-31,USCRP,Tankers,24.0,23.0,33.0,28.88
2019-04-07,USCRP,Tankers,29.0,22.0,36.0,28.25
2019-04-14,USCRP,Tankers,21.0,21.0,38.0,29.25
2019-04-21,USCRP,Tankers,18.0,18.0,33.0,28.75
2019-04-28,USCRP,Tankers,23.0,23.0,33.0,28.62
2019-05-05,USCRP,Tankers,18.0,18.0,32.0,25.5
2019-05-12,USCRP,Tankers,25.0,24.0,32.0,27.12
2019-05-19,USCRP,Tankers,23.0,23.0,38.0,27.0
2019-05-26,USCRP,Tankers,29.0,21.0,32.0,25.88
2019-06-02,USCRP,Tankers,24.0,24.0,32.0,28.5
2019-06-09,USCRP,Tankers,21.0,21.0,31.0,26.75
2019-06-16,USCRP,Tankers,33.0,22.0,37.0,28.62
2019-06-23,USCRP,Tankers,25.0,20.0,31.0,26.25
2019-06-30,USCRP,Tankers,27.0,24.0,32.0,27.12
2019-07-07,USCRP,Tankers,21.0,21.0,33.0,27.62
2019-07-14,USCRP,Tankers,25.0,20.0,37.0,27.38
2019-07-21,USCRP,Tankers,21.0,21.0,33.0,26.62
2019-07-28,USCRP,Tankers,29.0,19.0,30.0,25.38
2019-08-04,USCRP,Tankers,23.0,23.0,35.0,29.5
2019-08-11,USCRP,Tankers,27.0,23.0,35.0,27.88
2019-08-18,USCRP,Tankers,26.0,23.0,33.0,28.62
2019-08-25,USCRP,Tankers,27.0,26.0,35.0,30.12
2019-09-01,USCRP,Tankers,32.0,21.0,39.0,29.12
2019-09-08,USCRP,Tankers,29.0,24.0,39.0,30.0
2019-09-15,USCRP,Tankers,29.0,22.0,33.0,28.29
2019-09-22,USCRP,Tankers,23.0,20.0,30.0,25.86
2019-09-29,USCRP,Tankers,29.0,23.0,30.0,27.43
2019-10-06,USCRP,Tankers,28.0,27.0,34.0,29.86
2019-10-13,USCRP,Tankers,33.0,21.0,35.0,29.43
2019-10-20,USCRP,Tankers,28.0,28.0,35.0,30.43
2019-10-27,USCRP,Tankers,29.0,27.0,34.0,29.14
2019-11-03,USCRP,Tankers,24.0,22.0,32.0,24.86
2019-11-10,USCRP,Tankers,29.0,25.0,29.0,27.86
2019-11-17,USCRP,Tankers,24.0,20.0,31.0,26.57
2019-11-24,USCRP,Tankers,27.0,27.0,33.0,30.57
2019-12-01,USCRP,Tankers,35.0,24.0,39.0,30.29
2019-12-08,USCRP,Tankers,33.0,25.0,36.0,29.71
2019-12-15,USCRP,Tankers,33.0,23.0,33.0,28.86
2019-12-22,USCRP,Tankers,31.0,25.0,34.0,29.57
2019-12-29,USCRP,Tankers,32.0,26.0,34.0,29.86
2020-01-05,USCRP,Tankers,33.0,25.0,37.0,29.25
2020-01-12,USCRP,Tankers,29.0,25.0,33.0,29.75
2020-01-19,USCRP,Tankers,25.0,25.0,30.0,27.38
2020-01-26,USCRP,Tankers,30.0,20.0,38.0,27.5
2020-02-02,USCRP,Tankers,39.0,20.0,39.0,28.25
2020-02-09,USCRP,Tankers,31.0,21.0,31.0,26.88
2020-02-16,USCRP,Tankers,20.0,10.0,34.0,24.25
2020-02-23,USCRP,Tankers,32.0,15.0,36.0,28.25
2020-03-01,USCRP,Tankers,31.0,21.0,35.0,28.75
2020-03-08,USCRP,Tankers,26.0,24.0,30.0,26.75
2020-03-15,USCRP,Tankers,33.0,25.0,37.0,31.25
2020-03-22,USCRP,Tankers,28.0,23.0,32.0,27.62
2020-03-29,USCRP,Tankers,32.0,23.0,33.0,28.88
2020-04-05,USCRP,Tankers,27.0,22.0,36.0,28.25
2020-04-12,USCRP,Tankers,25.0,21.0,38.0,29.25
2020-04-19,USCRP,Tankers,29.0,18.0,33.0,28.75
2020-04-26,USCRP,Tankers,25.0,23.0,33.0,28.62
2020-05-03,USCRP,Tankers,22.0,18.0,32.0,25.5
2020-05-10,USCRP,Tankers,24.0,24.0,32.0,27.12
2020-05-17,USCRP,Tankers,23.0,23.0,38.0,27.0
2020-05-24,USCRP,Tankers,22.0,21.0,32.0,25.88
2020-05-31,USCRP,Tankers,30.0,24.0,32.0,28.5
2020-06-07,USCRP,Tankers,21.0,21.0,31.0,26.75
2020-06-14,USCRP,Tankers,22.0,22.0,37.0,28.62
2020-06-21,USCRP,Tankers,22.0,20.0,31.0,26.25
2020-06-28,USCRP,Tankers,24.0,24.0,32.0,27.12
2020-07-05,USCRP,Tankers,24.0,21.0,33.0,27.62
2020-07-12,USCRP,Tankers,26.0,20.0,37.0,27.38
2020-07-19,USCRP,Tankers,24.0,21.0,33.0,26.62
2020-07-26,USCRP,Tankers,21.0,19.0,30.0,25.38
2020-08-02,USCRP,Tankers,34.0,23.0,35.0,29.5
2020-08-09,USCRP,Tankers,27.0,23.0,35.0,27.88
2020-08-16,USCRP,Tankers,23.0,23.0,33.0,28.62
2020-08-23,USCRP,Tankers,26.0,26.0,35.0,30.12
2020-08-30,USCRP,Tankers,39.0,21.0,39.0,29.12
2020-09-06,USCRP,Tankers,27.0,24.0,39.0,30.0
2020-09-13,USCRP,Tankers,22.0,22.0,33.0,28.29
2020-09-20,USCRP,Tankers,20.0,20.0,30.0,25.86
2020-09-27,USCRP,Tankers,30.0,23.0,30.0,27.43
2020-10-04,USCRP,Tankers,27.0,27.0,34.0,29.86
2020-10-11,USCRP,Tankers,26.0,21.0,35.0,29.43
2020-10-18,USCRP,Tankers,29.0,28.0,35.0,30.43
2020-10-25,USCRP,Tankers,27.0,27.0,34.0,29.14
2020-11-01,USCRP,Tankers,23.0,22.0,32.0,24.86
2020-11-08,USCRP,Tankers,25.0,25.0,29.0,27.86
2020-11-15,USCRP,Tankers,20.0,20.0,31.0,26.57
2020-11-22,USCRP,Tankers,31.0,27.0,33.0,30.57
2020-11-29,USCRP,Tankers,24.0,24.0,39.0,30.29
2020-12-06,USCRP,Tankers,28.0,25.0,36.0,29.71
2020-12-13,USCRP,Tankers,24.0,23.0,33.0,28.86
2020-12-20,USCRP,Tankers,34.0,25.0,34.0,29.57
2020-12-27,USCRP,Tankers,27.0,26.0,34.0,29.86
2021-01-03,USCRP,Tankers,24.0,19.2,28.8,24.0
2021-01-10,USCRP,Tankers,26.0,25.0,37.0,29.25
2021-01-17,USCRP,Tankers,25.0,25.0,33.0,29.75
2021-01-24,USCRP,Tankers,25.0,25.0,30.0,27.38
2021-01-31,USCRP,Tankers,26.0,20.0,38.0,27.5
2021-02-07,USCRP,Tankers,24.0,20.0,39.0,28.25
2021-02-14,USCRP,Tankers,21.0,21.0,31.0,26.88
2021-02-21,USCRP,Tankers,10.0,10.0,34.0,24.25
2021-02-28,USCRP,Tankers,15.0,15.0,36.0,28.25
2021-03-07,USCRP,Tankers,22.0,21.0,35.0,28.75
2021-03-14,USCRP,Tankers,28.0,24.0,30.0,26.75
2021-03-21,USCRP,Tankers,25.0,25.0,37.0,31.25
2021-03-28,USCRP,Tankers,28.0,23.0,32.0,27.62
2021-04-04,USCRP,Tankers,23.0,23.0,33.0,28.88
2021-04-11,USCRP,Tankers,29.0,22.0,36.0,28.25
2021-04-18,USCRP,Tankers,25.0,21.0,38.0,29.25
2021-04-25,USCRP,Tankers,30.0,18.0,33.0,28.75
2021-05-02,USCRP,Tankers,28.0,23.0,33.0,28.62
2021-05-09,USCRP,Tankers,25.0,18.0,32.0,25.5
2021-05-16,USCRP,Tankers,25.0,24.0,32.0,27.12
2021-05-23,USCRP,Tankers,23.0,23.0,38.0,27.0
2021-05-30,USCRP,Tankers,27.0,21.0,32.0,25.88
2021-06-06,USCRP,Tankers,31.0,24.0,32.0,28.5
2021-06-13,USCRP,Tankers,28.0,21.0,31.0,26.75
2021-06-20,USCRP,Tankers,28.0,22.0,37.0,28.62
2021-06-27,USCRP,Tankers,29.0,20.0,31.0,26.25
2021-07-04,USCRP,Tankers,25.0,24.0,32.0,27.12
2021-07-11,USCRP,Tankers,30.0,21.0,33.0,27.62
2021-07-18,USCRP,Tankers,20.0,20.0,37.0,27.38
2021-07-25,USCRP,Tankers,29.0,21.0,33.0,26.62
2021-08-01,USCRP,Tankers,27.0,19.0,30.0,25.38
2021-08-08,USCRP,Tankers,29.0,23.0,35.0,29.5
2021-08-15,USCRP,Tankers,23.0,23.0,35.0,27.88
2021-08-22,USCRP,Tankers,32.0,23.0,33.0,28.62
2021-08-29,USCRP,Tankers,33.0,26.0,35.0,30.12
2021-09-05,USCRP,Tankers,24.0,21.0,39.0,29.12
2021-09-12,USCRP,Tankers,31.0,24.0,39.0,30.0
2021-09-19,USCRP,Tankers,27.0,22.0,33.0,28.29
2021-09-26,USCRP,Tankers,27.0,20.0,30.0,25.86
2021-10-03,USCRP,Tankers,28.0,23.0,30.0,27.43
2021-10-10,USCRP,Tankers,29.0,27.0,34.0,29.86
2021-10-17,USCRP,Tankers,33.0,21.0,35.0,29.43
2021-10-24,USCRP,Tankers,30.0,28.0,35.0,30.43
2021-10-31,USCRP,Tankers,30.0,27.0,34.0,29.14
2021-11-07,USCRP,Tankers,25.0,22.0,32.0,24.86
2021-11-14,USCRP,Tankers,29.0,25.0,29.0,27.86
2021-11-21,USCRP,Tankers,31.0,20.0,31.0,26.57
2021-11-28,USCRP,Tankers,33.0,27.0,33.0,30.57
2021-12-05,USCRP,Tankers,31.0,24.0,39.0,30.29
2021-12-12,USCRP,Tankers,30.0,25.0,36.0,29.71
2021-12-19,USCRP,Tankers,31.0,23.0,33.0,28.86
2021-12-26,USCRP,Tankers,25.0,25.0,34.0,29.57
2022-01-02,USCRP,Tankers,34.0,26.0,34.0,29.86
2022-01-09,USCRP,Tankers,27.0,25.0,37.0,29.25
2022-01-16,USCRP,Tankers,32.0,25.0,33.0,29.75
2022-01-23,USCRP,Tankers,25.0,25.0,30.0,27.38
2022-01-30,USCRP,Tankers,28.0,20.0,38.0,27.5
2022-02-06,USCRP,Tankers,29.0,20.0,39.0,28.25
2022-02-13,USCRP,Tankers,27.0,21.0,31.0,26.88
2022-02-20,USCRP,Tankers,29.0,10.0,34.0,24.25
2022-02-27,USCRP,Tankers,26.0,15.0,36.0,28.25
2022-03-06,USCRP,Tankers,33.0,21.0,35.0,28.75
2022-03-13,USCRP,Tankers,26.0,24.0,30.0,26.75
2022-03-20,USCRP,Tankers,37.0,25.0,37.0,31.25
2022-03-27,USCRP,Tankers,30.0,23.0,32.0,27.62
2022-04-03,USCRP,Tankers,31.0,23.0,33.0,28.88
2022-04-10,USCRP,Tankers,35.0,22.0,36.0,28.25
2022-04-17,USCRP,Tankers,34.0,21.0,38.0,29.25
2022-04-24,USCRP,Tankers,31.0,18.0,33.0,28.75
2022-05-01,USCRP,Tankers,33.0,23.0,33.0,28.62
2022-05-08,USCRP,Tankers,29.0,18.0,32.0,25.5
2022-05-15,USCRP,Tankers,29.0,24.0,32.0,27.12
2022-05-22,USCRP,Tankers,30.0,23.0,38.0,27.0
2022-05-29,USCRP,Tankers,32.0,21.0,32.0,25.88
2022-06-05,USCRP,Tankers,28.0,24.0,32.0,28.5
2022-06-12,USCRP,Tankers,29.0,21.0,31.0,26.75
2022-06-19,USCRP,Tankers,37.0,22.0,37.0,28.62
2022-06-26,USCRP,Tankers,31.0,20.0,31.0,26.25
2022-07-03,USCRP,Tankers,32.0,24.0,32.0,27.12
2022-07-10,USCRP,Tankers,33.0,21.0,33.0,27.62
2022-07-17,USCRP,Tankers,28.0,20.0,37.0,27.38
2022-07-24,USCRP,Tankers,33.0,21.0,33.0,26.62
2022-07-31,USCRP,Tankers,26.0,19.0,30.0,25.38
2022-08-07,USCRP,Tankers,35.0,23.0,35.0,29.5
2022-08-14,USCRP,Tankers,28.0,23.0,35.0,27.88
2022-08-21,USCRP,Tankers,29.0,23.0,33.0,28.62
2022-08-28,USCRP,Tankers,27.0,26.0,35.0,30.12
2022-09-04,USCRP,Tankers,28.0,21.0,39.0,29.12
2022-09-11,USCRP,Tankers,28.0,24.0,39.0,30.0
2022-09-18,USCRP,Tankers,28.0,22.0,33.0,28.29
2022-09-25,USCRP,Tankers,30.0,20.0,30.0,25.86
2022-10-02,USCRP,Tankers,26.0,23.0,30.0,27.43
2022-10-09,USCRP,Tankers,31.0,27.0,34.0,29.86
2022-10-16,USCRP,Tankers,35.0,21.0,35.0,29.43
2022-10-23,USCRP,Tankers,34.0,28.0,35.0,30.43
2022-10-30,USCRP,Tankers,34.0,27.0,34.0,29.14
2022-11-06,USCRP,Tankers,32.0,22.0,32.0,24.86
2022-11-13,USCRP,Tankers,29.0,25.0,29.0,27.86
2022-11-20,USCRP,Tankers,29.0,20.0,31.0,26.57
2022-11-27,USCRP,Tankers,33.0,27.0,33.0,30.57
2022-12-04,USCRP,Tankers,29.0,24.0,39.0,30.29
2022-12-11,USCRP,Tankers,27.0,25.0,36.0,29.71
2022-12-18,USCRP,Tankers,29.0,23.0,33.0,28.86
2022-12-25,USCRP,Tankers,28.0,25.0,34.0,29.57
2023-01-01,USCRP,Tankers,27.0,26.0,34.0,29.86
2023-01-08,USCRP,Tankers,37.0,25.0,37.0,29.25
2023-01-15,USCRP,Tankers,33.0,25.0,33.0,29.75
2023-01-22,USCRP,Tankers,28.0,25.0,30.0,27.38
2023-01-29,USCRP,Tankers,38.0,20.0,38.0,27.5
2023-02-05,USCRP,Tankers,30.0,20.0,39.0,28.25
2023-02-12,USCRP,Tankers,27.0,21.0,31.0,26.88
2023-02-19,USCRP,Tankers,34.0,10.0,34.0,24.25
2023-02-26,USCRP,Tankers,36.0,15.0,36.0,28.25
2023-03-05,USCRP,Tankers,35.0,21.0,35.0,28.75
2023-03-12,USCRP,Tankers,30.0,24.0,30.0,26.75
2023-03-19,USCRP,Tankers,35.0,25.0,37.0,31.25
2023-03-26,USCRP,Tankers,29.0,23.0,32.0,27.62
2023-04-02,USCRP,Tankers,32.0,23.0,33.0,28.88
2023-04-09,USCRP,Tankers,22.0,22.0,36.0,28.25
2023-04-16,USCRP,Tankers,34.0,21.0,38.0,29.25
2023-04-23,USCRP,Tankers,32.0,18.0,33.0,28.75
2023-04-30,USCRP,Tankers,28.0,23.0,33.0,28.62
2023-05-07,USCRP,Tankers,23.0,18.0,32.0,25.5
2023-05-14,USCRP,Tankers,25.0,24.0,32.0,27.12
2023-05-21,USCRP,Tankers,25.0,23.0,38.0,27.0
2023-05-28,USCRP,Tankers,27.0,21.0,32.0,25.88
2023-06-04,USCRP,Tankers,28.0,24.0,32.0,28.5
2023-06-11,USCRP,Tankers,26.0,21.0,31.0,26.75
2023-06-18,USCRP,Tankers,35.0,22.0,37.0,28.62
2023-06-25,USCRP,Tankers,28.0,20.0,31.0,26.25
2023-07-02,USCRP,Tankers,27.0,24.0,32.0,27.12
2023-07-09,USCRP,Tankers,33.0,21.0,33.0,27.62
2023-07-16,USCRP,Tankers,25.0,20.0,37.0,27.38
2023-07-23,USCRP,Tankers,25.0,21.0,33.0,26.62
2023-07-30,USCRP,Tankers,26.0,19.0,30.0,25.38
2023-08-06,USCRP,Tankers,30.0,23.0,35.0,29.5
2023-08-13,USCRP,Tankers,25.0,23.0,35.0,27.88
2023-08-20,USCRP,Tankers,32.0,23.0,33.0,28.62
2023-08-27,USCRP,Tankers,34.0,26.0,35.0,30.12
2023-09-03,USCRP,Tankers,28.0,21.0,39.0,29.12
2023-09-10,USCRP,Tankers,39.0,24.0,39.0,30.0
2023-09-17,USCRP,Tankers,30.0,22.0,33.0,28.29
2023-09-24,USCRP,Tankers,25.0,20.0,30.0,25.86
2023-10-01,USCRP,Tankers,27.0,23.0,30.0,27.43
2023-10-08,USCRP,Tankers,33.0,27.0,34.0,29.86
2023-10-15,USCRP,Tankers,34.0,21.0,35.0,29.43
2023-10-22,USCRP,Tankers,35.0,28.0,35.0,30.43
2023-10-29,USCRP,Tankers,28.0,27.0,34.0,29.14
2023-11-05,USCRP,Tankers,22.0,22.0,32.0,24.86
2023-11-12,USCRP,Tankers,27.0,25.0,29.0,27.86
2023-11-19,USCRP,Tankers,24.0,20.0,31.0,26.57
2023-11-26,USCRP,Tankers,30.0,27.0,33.0,30.57
2023-12-03,USCRP,Tankers,30.0,24.0,39.0,30.29
2023-12-10,USCRP,Tankers,36.0,25.0,36.0,29.71
2023-12-17,USCRP,Tankers,29.0,23.0,33.0,28.86
2023-12-24,USCRP,Tankers,28.0,25.0,34.0,29.57
2023-12-31,USCRP,Tankers,34.0,26.0,34.0,29.86
2024-01-07,USCRP,Tankers,25.0,25.0,37.0,29.25
2024-01-14,USCRP,Tankers,31.0,25.0,33.0,29.75
2024-01-21,USCRP,Tankers,29.0,25.0,30.0,27.38
2024-01-28,USCRP,Tankers,25.0,20.0,38.0,27.5
2024-02-04,USCRP,Tankers,29.0,20.0,39.0,28.25
2024-02-11,USCRP,Tankers,29.0,21.0,31.0,26.88
2024-02-18,USCRP,Tankers,29.0,10.0,34.0,24.25
2024-02-25,USCRP,Tankers,32.0,15.0,36.0,28.25
2024-03-03,USCRP,Tankers,26.0,21.0,35.0,28.75
2024-03-10,USCRP,Tankers,24.0,24.0,30.0,26.75
2024-03-17,USCRP,Tankers,34.0,25.0,37.0,31.25
2024-03-24,USCRP,Tankers,24.0,23.0,32.0,27.62
2024-03-31,USCRP,Tankers,26.0,23.0,33.0,28.88
2024-04-07,USCRP,Tankers,25.0,22.0,36.0,28.25
2024-04-14,USCRP,Tankers,32.0,21.0,38.0,29.25
2024-04-21,USCRP,Tankers,26.0,18.0,33.0,28.75
2024-04-28,USCRP,Tankers,28.0,23.0,33.0,28.62
2024-05-05,USCRP,Tankers,32.0,18.0,32.0,25.5
2024-05-12,USCRP,Tankers,32.0,24.0,32.0,27.12
2024-05-19,USCRP,Tankers,28.0,23.0,38.0,27.0
2024-05-26,USCRP,Tankers,21.0,21.0,32.0,25.88
2024-06-02,USCRP,Tankers,29.0,24.0,32.0,28.5
2024-06-09,USCRP,Tankers,31.0,21.0,31.0,26.75
2024-06-16,USCRP,Tankers,26.0,22.0,37.0,28.62
2024-06-23,USCRP,Tankers,20.0,20.0,31.0,26.25
2024-06-30,USCRP,Tankers,26.0,24.0,32.0,27.12
2024-07-07,USCRP,Tankers,26.0,21.0,33.0,27.62
2024-07-14,USCRP,Tankers,37.0,20.0,37.0,27.38
2024-07-21,USCRP,Tankers,29.0,21.0,33.0,26.62
2024-07-28,USCRP,Tankers,30.0,19.0,30.0,25.38
2024-08-04,USCRP,Tankers,27.0,23.0,35.0,29.5
2024-08-11,USCRP,Tankers,28.0,23.0,35.0,27.88
2024-08-18,USCRP,Tankers,27.0,23.0,33.0,28.62
2024-08-25,USCRP,Tankers,31.0,26.0,35.0,30.12
2024-09-01,USCRP,Tankers,32.0,21.0,39.0,29.12
2024-09-08,USCRP,Tankers,32.0,24.0,39.0,30.0
2024-09-15,USCRP,Tankers,29.0,22.0,33.0,28.29
2024-09-22,USCRP,Tankers,27.0,20.0,30.0,25.86
2024-09-29,USCRP,Tankers,23.0,23.0,30.0,27.43
2024-10-06,USCRP,Tankers,34.0,27.0,34.0,29.86
2024-10-13,USCRP,Tankers,21.0,21.0,35.0,29.43
2024-10-20,USCRP,Tankers,28.0,28.0,35.0,30.43
2024-10-27,USCRP,Tankers,28.0,27.0,34.0,29.14
2024-11-03,USCRP,Tankers,24.0,22.0,32.0,24.86
2024-11-10,USCRP,Tankers,29.0,25.0,29.0,27.86
2024-11-17,USCRP,Tankers,29.0,20.0,31.0,26.57
2024-11-24,USCRP,Tankers,32.0,27.0,33.0,30.57
2024-12-01,USCRP,Tankers,39.0,24.0,39.0,30.29
2024-12-08,USCRP,Tankers,25.0,25.0,36.0,29.71
2024-12-15,USCRP,Tankers,33.0,23.0,33.0,28.86
2024-12-22,USCRP,Tankers,29.0,25.0,34.0,29.57
2024-12-29,USCRP,Tankers,29.0,26.0,34.0,29.86
2025-01-05,USCRP,Tankers,32.0,25.0,37.0,29.25
2025-01-12,USCRP,Tankers,30.0,25.0,33.0,29.75
2025-01-19,USCRP,Tankers,28.0,25.0,30.0,27.38
2025-01-26,USCRP,Tankers,20.0,20.0,38.0,27.5
2025-02-02,USCRP,Tankers,26.0,20.0,39.0,28.25
2025-02-09,USCRP,Tankers,29.0,21.0,31.0,26.88
2025-02-16,USCRP,Tankers,27.0,10.0,34.0,24.25
2025-02-23,USCRP,Tankers,28.0,15.0,36.0,28.25
2025-03-02,USCRP,Tankers,29.0,21.0,35.0,28.75
2025-03-09,USCRP,Tankers,25.0,24.0,30.0,26.75
2025-03-16,USCRP,Tankers,28.0,25.0,37.0,31.25
2025-03-23,USCRP,Tankers,23.0,23.0,32.0,27.62
2025-03-30,USCRP,Tankers,30.0,23.0,33.0,28.88
2025-04-06,USCRP,Tankers,23.0,22.0,36.0,28.25
2025-04-13,USCRP,Tankers,25.0,21.0,38.0,29.25
2025-04-20,USCRP,Tankers,31.0,18.0,33.0,28.75
2025-04-27,USCRP,Tankers,32.0,23.0,33.0,28.62
2025-05-04,USCRP,Tankers,26.0,18.0,32.0,25.5
2025-05-11,USCRP,Tankers,26.0,24.0,32.0,27.12
2025-05-18,USCRP,Tankers,26.0,23.0,38.0,27.0
2025-05-25,USCRP,Tankers,22.0,21.0,32.0,25.88
2025-06-01,USCRP,Tankers,26.0,24.0,32.0,28.5
2025-06-08,USCRP,Tankers,28.0,21.0,31.0,26.75
2025-06-15,USCRP,Tankers,25.0,22.0,37.0,28.62
2025-06-22,USCRP,Tankers,27.0,20.0,31.0,26.25
2025-06-29,USCRP,Tankers,28.0,24.0,32.0,27.12
2025-07-06,USCRP,Tankers,26.0,21.0,33.0,27.62
2025-07-13,USCRP,Tankers,26.0,20.0,37.0,27.38
2025-07-20,USCRP,Tankers,25.0,21.0,33.0,26.62
2025-07-27,USCRP,Tankers,19.0,19.0,30.0,25.38
2025-08-03,USCRP,Tankers,29.0,23.0,35.0,29.5
2025-08-10,USCRP,Tankers,30.0,23.0,35.0,27.88
2025-08-17,USCRP,Tankers,33.0,23.0,33.0,28.62
2025-08-24,USCRP,Tankers,28.0,26.0,35.0,30.12
2025-08-31,USCRP,Tankers,29.0,21.0,39.0,29.12
2025-09-07,USCRP,Tankers,24.0,24.0,39.0,30.0
2025-09-14,USCRP,Tankers,33.0,22.0,33.0,28.29
2025-09-21,USCRP,Tankers,29.0,20.0,30.0,25.86
2025-09-28,USCRP,Tankers,29.0,23.0,30.0,27.43
2025-10-05,USCRP,Tankers,27.0,27.0,34.0,29.86
2025-10-12,USCRP,Tankers,24.0,21.0,35.0,29.43
2025-10-19,USCRP,Tankers,29.0,28.0,35.0,30.43
2025-10-26,USCRP,Tankers,28.0,27.0,34.0,29.14
2025-11-02,USCRP,Tankers,24.0,22.0,32.0,24.86
2025-11-09,USCRP,Tankers,27.0,25.0,29.0,27.86
2025-11-16,USCRP,Tankers,29.0,20.0,31.0,26.57
2025-11-23,USCRP,Tankers,28.0,27.0,33.0,30.57
2025-11-30,USCRP,Tankers,24.0,24.0,39.0,30.29
2025-12-07,USCRP,Tankers,29.0,25.0,36.0,29.71
2025-12-14,USCRP,Tankers,23.0,23.0,33.0,28.86
2025-12-21,USCRP,Tankers,32.0,25.0,34.0,29.57
2025-12-28,USCRP,Tankers,26.0,26.0,34.0,29.86
2026-01-04,USCRP,Tankers,29.0,25.0,37.0,29.25
2026-01-11,USCRP,Tankers,33.0,25.0,33.0,29.75
2026-01-18,USCRP,Tankers,29.0,25.0,30.0,27.38
2026-01-25,USCRP,Tankers,28.0,20.0,38.0,27.5
2026-02-01,USCRP,Tankers,29.0,20.0,39.0,28.25
2026-02-08,USCRP,Tankers,28.0,21.0,31.0,26.88
2026-02-15,USCRP,Tankers,24.0,10.0,34.0,24.25
2026-02-22,USCRP,Tankers,30.0,15.0,36.0,28.25
2026-03-01,USCRP,Tankers,33.0,21.0,35.0,28.75
2026-03-08,USCRP,Tankers,29.0,24.0,30.0,26.75
2026-03-15,USCRP,Tankers,32.0,25.0,37.0,31.25
2026-03-22,USCRP,Tankers,32.0,23.0,32.0,27.62
2026-03-29,USCRP,Tankers,33.0,23.0,33.0,28.88
2026-04-05,USCRP,Tankers,36.0,22.0,36.0,28.25
2026-04-12,USCRP,Tankers,38.0,21.0,38.0,29.25
2026-04-19,USCRP,Tankers,33.0,18.0,33.0,28.75
2026-04-26,USCRP,Tankers,32.0,23.0,33.0,28.62
2026-05-03,USCRP,Tankers,29.0,18.0,32.0,25.5
2026-05-10,USCRP,Tankers,31.0,24.0,32.0,27.12
2026-05-17,USCRP,Tankers,38.0,23.0,38.0,27.0
2026-05-24,USCRP,Tankers,27.0,21.0,32.0,25.88
2026-05-31,USCRP,Tankers,32.0,24.0,32.0,28.5
2026-06-07,USCRP,Tankers,30.0,21.0,31.0,26.75
2026-06-14,USCRP,Tankers,23.0,22.0,37.0,28.62
2026-06-21,USCRP,Tankers,28.0,20.0,31.0,26.25
2026-06-28,USCRP,Tankers,28.0,24.0,32.0,27.12
2026-07-05,USCRP,Tankers,28.0,21.0,33.0,27.62
2026-07-12,USCRP,Tankers,32.0,20.0,37.0,27.38
2026-07-19,USCRP,Tankers,27.0,21.0,33.0,26.62
2026-07-26,USCRP,Tankers,25.0,19.0,30.0,25.38
2026-08-02,USCRP,Tankers,29.0,23.0,35.0,29.5
2026-08-09,USCRP,Tankers,35.0,23.0,35.0,27.88
2026-08-16,USCRP,Tankers,27.0,23.0,33.0,28.62
2026-08-23,USCRP,Tankers,35.0,26.0,35.0,30.12
2026-08-30,USCRP,Tankers,21.0,21.0,39.0,29.12
2019-01-06,USHOU,Tankers,93.0,78.0,117.0,95.88
2019-01-13,USHOU,Tankers,117.0,79.0,117.0,99.0
2019-01-20,USHOU,Tankers,101.0,43.0,106.0,88.0
2019-01-27,USHOU,Tankers,106.0,78.0,115.0,92.25
2019-02-03,USHOU,Tankers,82.0,80.0,133.0,103.0
2019-02-10,USHOU,Tankers,88.0,76.0,106.0,88.0
2019-02-17,USHOU,Tankers,112.0,20.0,120.0,93.0
2019-02-24,USHOU,Tankers,99.0,58.0,108.0,88.0
2019-03-03,USHOU,Tankers,71.0,71.0,125.0,100.38
2019-03-10,USHOU,Tankers,110.0,81.0,110.0,98.38
2019-03-17,USHOU,Tankers,114.0,92.0,114.0,105.12
2019-03-24,USHOU,Tankers,85.0,79.0,110.0,97.75
2019-03-31,USHOU,Tankers,65.0,65.0,129.0,99.62
2019-04-07,USHOU,Tankers,66.0,66.0,122.0,97.62
2019-04-14,USHOU,Tankers,131.0,74.0,131.0,99.88
2019-04-21,USHOU,Tankers,108.0,84.0,120.0,99.0
2019-04-28,USHOU,Tankers,95.0,86.0,114.0,96.62
2019-05-05,USHOU,Tankers,109.0,86.0,113.0,97.5
2019-05-12,USHOU,Tankers,82.0,79.0,124.0,97.88
2019-05-19,USHOU,Tankers,125.0,67.0,125.0,98.25
2019-05-26,USHOU,Tankers,105.0,77.0,114.0,99.38
2019-06-02,USHOU,Tankers,101.0,85.0,114.0,100.88
2019-06-09,USHOU,Tankers,118.0,85.0,119.0,99.88
2019-06-16,USHOU,Tankers,103.0,84.0,126.0,98.75
2019-06-23,USHOU,Tankers,96.0,82.0,104.0,91.38
2019-06-30,USHOU,Tankers,86.0,85.0,110.0,96.88
2019-07-07,USHOU,Tankers,104.0,78.0,104.0,93.62
2019-07-14,USHOU,Tankers,93.0,76.0,100.0,89.88
2019-07-21,USHOU,Tankers,99.0,90.0,102.0,96.5
2019-07-28,USHOU,Tankers,106.0,70.0,126.0,100.75
2019-08-04,USHOU,Tankers,100.0,77.0,107.0,93.38
2019-08-11,USHOU,Tankers,94.0,84.0,120.0,98.38
2019-08-18,USHOU,Tankers,92.0,88.0,117.0,101.12
2019-08-25,USHOU,Tankers,100.0,87.0,110.0,99.25
2019-09-01,USHOU,Tankers,96.0,70.0,113.0,93.38
2019-09-08,USHOU,Tankers,94.0,87.0,111.0,95.14
2019-09-15,USHOU,Tankers,87.0,85.0,103.0,93.57
2019-09-22,USHOU,Tankers,91.0,86.0,109.0,97.29
2019-09-29,USHOU,Tankers,110.0,87.0,110.0,99.57
2019-10-06,USHOU,Tankers,101.0,95.0,110.0,100.57
2019-10-13,USHOU,Tankers,114.0,94.0,114.0,101.0
2019-10-20,USHOU,Tankers,105.0,91.0,108.0,99.0
2019-10-27,USHOU,Tankers,94.0,86.0,107.0,94.29
2019-11-03,USHOU,Tankers,97.0,76.0,102.0,93.43
2019-11-10,USHOU,Tankers,102.0,88.0,108.0,99.14
2019-11-17,USHOU,Tankers,82.0,77.0,110.0,93.29
2019-11-24,USHOU,Tankers,94.0,89.0,111.0,98.86
2019-12-01,USHOU,Tankers,86.0,79.0,109.0,93.0
2019-12-08,USHOU,Tankers,99.0,82.0,100.0,92.0
2019-12-15,USHOU,Tankers,95.0,83.0,116.0,99.71
2019-12-22,USHOU,Tankers,98.0,80.0,98.0,91.43
2019-12-29,USHOU,Tankers,80.0,72.0,103.0,90.0
2020-01-05,USHOU,Tankers,101.0,78.0,117.0,95.88
2020-01-12,USHOU,Tankers,99.0,79.0,117.0,99.0
2020-01-19,USHOU,Tankers,63.0,43.0,106.0,88.0
2020-01-26,USHOU,Tankers,86.0,78.0,115.0,92.25
2020-02-02,USHOU,Tankers,133.0,80.0,133.0,103.0
2020-02-09,USHOU,Tankers,87.0,76.0,106.0,88.0
2020-02-16,USHOU,Tankers,89.0,20.0,120.0,93.0
2020-02-23,USHOU,Tankers,93.0,58.0,108.0,88.0
2020-03-01,USHOU,Tankers,103.0,71.0,125.0,100.38
2020-03-08,USHOU,Tankers,97.0,81.0,110.0,98.38
2020-03-15,USHOU,Tankers,95.0,92.0,114.0,105.12
2020-03-22,USHOU,Tankers,108.0,79.0,110.0,97.75
2020-03-29,USHOU,Tankers,105.0,65.0,129.0,99.62
2020-04-05,USHOU,Tankers,122.0,66.0,122.0,97.62
2020-04-12,USHOU,Tankers,103.0,74.0,131.0,99.88
2020-04-19,USHOU,Tankers,84.0,84.0,120.0,99.0
2020-04-26,USHOU,Tankers,88.0,86.0,114.0,96.62
2020-05-03,USHOU,Tankers,86.0,86.0,113.0,97.5
2020-05-10,USHOU,Tankers,79.0,79.0,124.0,97.88
2020-05-17,USHOU,Tankers,67.0,67.0,125.0,98.25
2020-05-24,USHOU,Tankers,77.0,77.0,114.0,99.38
2020-05-31,USHOU,Tankers,92.0,85.0,114.0,100.88
2020-06-07,USHOU,Tankers,86.0,85.0,119.0,99.88
2020-06-14,USHOU,Tankers,84.0,84.0,126.0,98.75
2020-06-21,USHOU,Tankers,84.0,82.0,104.0,91.38
2020-06-28,USHOU,Tankers,96.0,85.0,110.0,96.88
2020-07-05,USHOU,Tankers,89.0,78.0,104.0,93.62
2020-07-12,USHOU,Tankers,93.0,76.0,100.0,89.88
2020-07-19,USHOU,Tankers,90.0,90.0,102.0,96.5
2020-07-26,USHOU,Tankers,70.0,70.0,126.0,100.75
2020-08-02,USHOU,Tankers,99.0,77.0,107.0,93.38
2020-08-09,USHOU,Tankers,84.0,84.0,120.0,98.38
2020-08-16,USHOU,Tankers,95.0,88.0,117.0,101.12
2020-08-23,USHOU,Tankers,87.0,87.0,110.0,99.25
2020-08-30,USHOU,Tankers,77.0,70.0,113.0,93.38
2020-09-06,USHOU,Tankers,88.0,87.0,111.0,95.14
2020-09-13,USHOU,Tankers,88.0,85.0,103.0,93.57
2020-09-20,USHOU,Tankers,86.0,86.0,109.0,97.29
2020-09-27,USHOU,Tankers,96.0,87.0,110.0,99.57
2020-10-04,USHOU,Tankers,98.0,95.0,110.0,100.57
2020-10-11,USHOU,Tankers,94.0,94.0,114.0,101.0
2020-10-18,USHOU,Tankers,106.0,91.0,108.0,99.0
2020-10-25,USHOU,Tankers,107.0,86.0,107.0,94.29
2020-11-01,USHOU,Tankers,76.0,76.0,102.0,93.43
2020-11-08,USHOU,Tankers,102.0,88.0,108.0,99.14
2020-11-15,USHOU,Tankers,83.0,77.0,110.0,93.29
2020-11-22,USHOU,Tankers,105.0,89.0,111.0,98.86
2020-11-29,USHOU,Tankers,79.0,79.0,109.0,93.0
2020-12-06,USHOU,Tankers,86.0,82.0,100.0,92.0
2020-12-13,USHOU,Tankers,87.0,83.0,116.0,99.71
2020-12-20,USHOU,Tankers,80.0,80.0,98.0,91.43
2020-12-27,USHOU,Tankers,101.0,72.0,103.0,90.0
2021-01-03,USHOU,Tankers,98.0,78.4,117.6,98.0
2021-01-10,USHOU,Tankers,87.0,78.0,117.0,95.88
2021-01-17,USHOU,Tankers,97.0,79.0,117.0,99.0
2021-01-24,USHOU,Tankers,43.0,43.0,106.0,88.0
2021-01-31,USHOU,Tankers,115.0,78.0,115.0,92.25
2021-02-07,USHOU,Tankers,109.0,80.0,133.0,103.0
2021-02-14,USHOU,Tankers,76.0,76.0,106.0,88.0
2021-02-21,USHOU,Tankers,20.0,20.0,120.0,93.0
2021-02-28,USHOU,Tankers,58.0,58.0,108.0,88.0
2021-03-07,USHOU,Tankers,107.0,71.0,125.0,100.38
2021-03-14,USHOU,Tankers,81.0,81.0,110.0,98.38
2021-03-21,USHOU,Tankers,92.0,92.0,114.0,105.12
2021-03-28,USHOU,Tankers,79.0,79.0,110.0,97.75
2021-04-04,USHOU,Tankers,86.0,65.0,129.0,99.62
2021-04-11,USHOU,Tankers,82.0,66.0,122.0,97.62
2021-04-18,USHOU,Tankers,74.0,74.0,131.0,99.88
2021-04-25,USHOU,Tankers,88.0,84.0,120.0,99.0
2021-05-02,USHOU,Tankers,97.0,86.0,114.0,96.62
2021-05-09,USHOU,Tankers,86.0,86.0,113.0,97.5
2021-05-16,USHOU,Tankers,93.0,79.0,124.0,97.88
2021-05-23,USHOU,Tankers,86.0,67.0,125.0,98.25
2021-05-30,USHOU,Tankers,100.0,77.0,114.0,99.38
2021-06-06,USHOU,Tankers,102.0,85.0,114.0,100.88
2021-06-13,USHOU,Tankers,97.0,85.0,119.0,99.88
2021-06-20,USHOU,Tankers,90.0,84.0,126.0,98.75
2021-06-27,USHOU,Tankers,96.0,82.0,104.0,91.38
2021-07-04,USHOU,Tankers,97.0,85.0,110.0,96.88
2021-07-11,USHOU,Tankers,97.0,78.0,104.0,93.62
2021-07-18,USHOU,Tankers,86.0,76.0,100.0,89.88
2021-07-25,USHOU,Tankers,99.0,90.0,102.0,96.5
2021-08-01,USHOU,Tankers,93.0,70.0,126.0,100.75
2021-08-08,USHOU,Tankers,88.0,77.0,107.0,93.38
2021-08-15,USHOU,Tankers,98.0,84.0,120.0,98.38
2021-08-22,USHOU,Tankers,88.0,88.0,117.0,101.12
2021-08-29,USHOU,Tankers,88.0,87.0,110.0,99.25
2021-09-05,USHOU,Tankers,95.0,70.0,113.0,93.38
2021-09-12,USHOU,Tankers,87.0,87.0,111.0,95.14
2021-09-19,USHOU,Tankers,85.0,85.0,103.0,93.57
2021-09-26,USHOU,Tankers,93.0,86.0,109.0,97.29
2021-10-03,USHOU,Tankers,97.0,87.0,110.0,99.57
2021-10-10,USHOU,Tankers,97.0,95.0,110.0,100.57
2021-10-17,USHOU,Tankers,98.0,94.0,114.0,101.0
2021-10-24,USHOU,Tankers,95.0,91.0,108.0,99.0
2021-10-31,USHOU,Tankers,94.0,86.0,107.0,94.29
2021-11-07,USHOU,Tankers,96.0,76.0,102.0,93.43
2021-11-14,USHOU,Tankers,88.0,88.0,108.0,99.14
2021-11-21,USHOU,Tankers,97.0,77.0,110.0,93.29
2021-11-28,USHOU,Tankers,89.0,89.0,111.0,98.86
2021-12-05,USHOU,Tankers,102.0,79.0,109.0,93.0
2021-12-12,USHOU,Tankers,94.0,82.0,100.0,92.0
2021-12-19,USHOU,Tankers,83.0,83.0,116.0,99.71
2021-12-26,USHOU,Tankers,92.0,80.0,98.0,91.43
2022-01-02,USHOU,Tankers,94.0,72.0,103.0,90.0
2022-01-09,USHOU,Tankers,78.0,78.0,117.0,95.88
2022-01-16,USHOU,Tankers,93.0,79.0,117.0,99.0
2022-01-23,USHOU,Tankers,99.0,43.0,106.0,88.0
2022-01-30,USHOU,Tankers,98.0,78.0,115.0,92.25
2022-02-06,USHOU,Tankers,80.0,80.0,133.0,103.0
2022-02-13,USHOU,Tankers,83.0,76.0,106.0,88.0
2022-02-20,USHOU,Tankers,104.0,20.0,120.0,93.0
2022-02-27,USHOU,Tankers,93.0,58.0,108.0,88.0
2022-03-06,USHOU,Tankers,83.0,71.0,125.0,100.38
2022-03-13,USHOU,Tankers,99.0,81.0,110.0,98.38
2022-03-20,USHOU,Tankers,110.0,92.0,114.0,105.12
2022-03-27,USHOU,Tankers,99.0,79.0,110.0,97.75
2022-04-03,USHOU,Tankers,97.0,65.0,129.0,99.62
2022-04-10,USHOU,Tankers,106.0,66.0,122.0,97.62
2022-04-17,USHOU,Tankers,92.0,74.0,131.0,99.88
2022-04-24,USHOU,Tankers,100.0,84.0,120.0,99.0
2022-05-01,USHOU,Tankers,93.0,86.0,114.0,96.62
2022-05-08,USHOU,Tankers,93.0,86.0,113.0,97.5
2022-05-15,USHOU,Tankers,103.0,79.0,124.0,97.88
2022-05-22,USHOU,Tankers,91.0,67.0,125.0,98.25
2022-05-29,USHOU,Tankers,92.0,77.0,114.0,99.38
2022-06-05,USHOU,Tankers,100.0,85.0,114.0,100.88
2022-06-12,USHOU,Tankers,97.0,85.0,119.0,99.88
2022-06-19,USHOU,Tankers,100.0,84.0,126.0,98.75
2022-06-26,USHOU,Tankers,86.0,82.0,104.0,91.38
2022-07-03,USHOU,Tankers,85.0,85.0,110.0,96.88
2022-07-10,USHOU,Tankers,102.0,78.0,104.0,93.62
2022-07-17,USHOU,Tankers,100.0,76.0,100.0,89.88
2022-07-24,USHOU,Tankers,102.0,90.0,102.0,96.5
2022-07-31,USHOU,Tankers,106.0,70.0,126.0,100.75
2022-08-07,USHOU,Tankers,93.0,77.0,107.0,93.38
2022-08-14,USHOU,Tankers,92.0,84.0,120.0,98.38
2022-08-21,USHOU,Tankers,105.0,88.0,117.0,101.12
2022-08-28,USHOU,Tankers,99.0,87.0,110.0,99.25
2022-09-04,USHOU,Tankers,100.0,70.0,113.0,93.38
2022-09-11,USHOU,Tankers,95.0,87.0,111.0,95.14
2022-09-18,USHOU,Tankers,98.0,85.0,103.0,93.57
2022-09-25,USHOU,Tankers,103.0,86.0,109.0,97.29
2022-10-02,USHOU,Tankers,87.0,87.0,110.0,99.57
2022-10-09,USHOU,Tankers,110.0,95.0,110.0,100.57
2022-10-16,USHOU,Tankers,94.0,94.0,114.0,101.0
2022-10-23,USHOU,Tankers,91.0,91.0,108.0,99.0
2022-10-30,USHOU,Tankers,87.0,86.0,107.0,94.29
2022-11-06,USHOU,Tankers,101.0,76.0,102.0,93.43
2022-11-13,USHOU,Tankers,91.0,88.0,108.0,99.14
2022-11-20,USHOU,Tankers,77.0,77.0,110.0,93.29
2022-11-27,USHOU,Tankers,94.0,89.0,111.0,98.86
2022-12-04,USHOU,Tankers,87.0,79.0,109.0,93.0
2022-12-11,USHOU,Tankers,82.0,82.0,100.0,92.0
2022-12-18,USHOU,Tankers,105.0,83.0,116.0,99.71
2022-12-25,USHOU,Tankers,80.0,80.0,98.0,91.43
2023-01-01,USHOU,Tankers,72.0,72.0,103.0,90.0
2023-01-08,USHOU,Tankers,102.0,78.0,117.0,95.88
2023-01-15,USHOU,Tankers,109.0,79.0,117.0,99.0
2023-01-22,USHOU,Tankers,103.0,43.0,106.0,88.0
2023-01-29,USHOU,Tankers,86.0,78.0,115.0,92.25
2023-02-05,USHOU,Tankers,90.0,80.0,133.0,103.0
2023-02-12,USHOU,Tankers,92.0,76.0,106.0,88.0
2023-02-19,USHOU,Tankers,90.0,20.0,120.0,93.0
2023-02-26,USHOU,Tankers,67.0,58.0,108.0,88.0
2023-03-05,USHOU,Tankers,125.0,71.0,125.0,100.38
2023-03-12,USHOU,Tankers,108.0,81.0,110.0,98.38
2023-03-19,USHOU,Tankers,107.0,92.0,114.0,105.12
2023-03-26,USHOU,Tankers,101.0,79.0,110.0,97.75
2023-04-02,USHOU,Tankers,103.0,65.0,129.0,99.62
2023-04-09,USHOU,Tankers,87.0,66.0,122.0,97.62
2023-04-16,USHOU,Tankers,85.0,74.0,131.0,99.88
2023-04-23,USHOU,Tankers,104.0,84.0,120.0,99.0
2023-04-30,USHOU,Tankers,86.0,86.0,114.0,96.62
2023-05-07,USHOU,Tankers,97.0,86.0,113.0,97.5
2023-05-14,USHOU,Tankers,100.0,79.0,124.0,97.88
2023-05-21,USHOU,Tankers,102.0,67.0,125.0,98.25
2023-05-28,USHOU,Tankers,99.0,77.0,114.0,99.38
2023-06-04,USHOU,Tankers,85.0,85.0,114.0,100.88
2023-06-11,USHOU,Tankers,85.0,85.0,119.0,99.88
2023-06-18,USHOU,Tankers,88.0,84.0,126.0,98.75
2023-06-25,USHOU,Tankers,104.0,82.0,104.0,91.38
2023-07-02,USHOU,Tankers,92.0,85.0,110.0,96.88
2023-07-09,USHOU,Tankers,78.0,78.0,104.0,93.62
2023-07-16,USHOU,Tankers,92.0,76.0,100.0,89.88
2023-07-23,USHOU,Tankers,100.0,90.0,102.0,96.5
2023-07-30,USHOU,Tankers,108.0,70.0,126.0,100.75
2023-08-06,USHOU,Tankers,99.0,77.0,107.0,93.38
2023-08-13,USHOU,Tankers,97.0,84.0,120.0,98.38
2023-08-20,USHOU,Tankers,107.0,88.0,117.0,101.12
2023-08-27,USHOU,Tankers,103.0,87.0,110.0,99.25
2023-09-03,USHOU,Tankers,113.0,70.0,113.0,93.38
2023-09-10,USHOU,Tankers,96.0,87.0,111.0,95.14
2023-09-17,USHOU,Tankers,103.0,85.0,103.0,93.57
2023-09-24,USHOU,Tankers,101.0,86.0,109.0,97.29
2023-10-01,USHOU,Tankers,110.0,87.0,110.0,99.57
2023-10-08,USHOU,Tankers,100.0,95.0,110.0,100.57
2023-10-15,USHOU,Tankers,102.0,94.0,114.0,101.0
2023-10-22,USHOU,Tankers,94.0,91.0,108.0,99.0
2023-10-29,USHOU,Tankers,90.0,86.0,107.0,94.29
2023-11-05,USHOU,Tankers,87.0,76.0,102.0,93.43
2023-11-12,USHOU,Tankers,108.0,88.0,108.0,99.14
2023-11-19,USHOU,Tankers,108.0,77.0,110.0,93.29
2023-11-26,USHOU,Tankers,111.0,89.0,111.0,98.86
2023-12-03,USHOU,Tankers,98.0,79.0,109.0,93.0
2023-12-10,USHOU,Tankers,98.0,82.0,100.0,92.0
2023-12-17,USHOU,Tankers,116.0,83.0,116.0,99.71
2023-12-24,USHOU,Tankers,97.0,80.0,98.0,91.43
2023-12-31,USHOU,Tankers,101.0,72.0,103.0,90.0
2024-01-07,USHOU,Tankers,89.0,78.0,117.0,95.88
2024-01-14,USHOU,Tankers,79.0,79.0,117.0,99.0
2024-01-21,USHOU,Tankers,95.0,43.0,106.0,88.0
2024-01-28,USHOU,Tankers,78.0,78.0,115.0,92.25
2024-02-04,USHOU,Tankers,110.0,80.0,133.0,103.0
2024-02-11,USHOU,Tankers,106.0,76.0,106.0,88.0
2024-02-18,USHOU,Tankers,120.0,20.0,120.0,93.0
2024-02-25,USHOU,Tankers,101.0,58.0,108.0,88.0
2024-03-03,USHOU,Tankers,104.0,71.0,125.0,100.38
2024-03-10,USHOU,Tankers,98.0,81.0,110.0,98.38
2024-03-17,USHOU,Tankers,107.0,92.0,114.0,105.12
2024-03-24,USHOU,Tankers,110.0,79.0,110.0,97.75
2024-03-31,USHOU,Tankers,118.0,65.0,129.0,99.62
2024-04-07,USHOU,Tankers,102.0,66.0,122.0,97.62
2024-04-14,USHOU,Tankers,98.0,74.0,131.0,99.88
2024-04-21,USHOU,Tankers,87.0,84.0,120.0,99.0
2024-04-28,USHOU,Tankers,105.0,86.0,114.0,96.62
2024-05-05,USHOU,Tankers,92.0,86.0,113.0,97.5
2024-05-12,USHOU,Tankers,124.0,79.0,124.0,97.88
2024-05-19,USHOU,Tankers,95.0,67.0,125.0,98.25
2024-05-26,USHOU,Tankers,107.0,77.0,114.0,99.38
2024-06-02,USHOU,Tankers,114.0,85.0,114.0,100.88
2024-06-09,USHOU,Tankers,119.0,85.0,119.0,99.88
2024-06-16,USHOU,Tankers,126.0,84.0,126.0,98.75
2024-06-23,USHOU,Tankers,82.0,82.0,104.0,91.38
2024-06-30,USHOU,Tankers,110.0,85.0,110.0,96.88
2024-07-07,USHOU,Tankers,84.0,78.0,104.0,93.62
2024-07-14,USHOU,Tankers,76.0,76.0,100.0,89.88
2024-07-21,USHOU,Tankers,93.0,90.0,102.0,96.5
2024-07-28,USHOU,Tankers,126.0,70.0,126.0,100.75
2024-08-04,USHOU,Tankers,107.0,77.0,107.0,93.38
2024-08-11,USHOU,Tankers,120.0,84.0,120.0,98.38
2024-08-18,USHOU,Tankers,117.0,88.0,117.0,101.12
2024-08-25,USHOU,Tankers,109.0,87.0,110.0,99.25
2024-09-01,USHOU,Tankers,92.0,70.0,113.0,93.38
2024-09-08,USHOU,Tankers,111.0,87.0,111.0,95.14
2024-09-15,USHOU,Tankers,95.0,85.0,103.0,93.57
2024-09-22,USHOU,Tankers,109.0,86.0,109.0,97.29
2024-09-29,USHOU,Tankers,94.0,87.0,110.0,99.57
2024-10-06,USHOU,Tankers,95.0,95.0,110.0,100.57
2024-10-13,USHOU,Tankers,99.0,94.0,114.0,101.0
2024-10-20,USHOU,Tankers,108.0,91.0,108.0,99.0
2024-10-27,USHOU,Tankers,102.0,86.0,107.0,94.29
2024-11-03,USHOU,Tankers,102.0,76.0,102.0,93.43
2024-11-10,USHOU,Tankers,98.0,88.0,108.0,99.14
2024-11-17,USHOU,Tankers,110.0,77.0,110.0,93.29
2024-11-24,USHOU,Tankers,98.0,89.0,111.0,98.86
2024-12-01,USHOU,Tankers,109.0,79.0,109.0,93.0
2024-12-08,USHOU,Tankers,100.0,82.0,100.0,92.0
2024-12-15,USHOU,Tankers,104.0,83.0,116.0,99.71
2024-12-22,USHOU,Tankers,96.0,80.0,98.0,91.43
2024-12-29,USHOU,Tankers,103.0,72.0,103.0,90.0
2025-01-05,USHOU,Tankers,117.0,78.0,117.0,95.88
2025-01-12,USHOU,Tankers,95.0,79.0,117.0,99.0
2025-01-19,USHOU,Tankers,106.0,43.0,106.0,88.0
2025-01-26,USHOU,Tankers,85.0,78.0,115.0,92.25
2025-02-02,USHOU,Tankers,105.0,80.0,133.0,103.0
2025-02-09,USHOU,Tankers,81.0,76.0,106.0,88.0
2025-02-16,USHOU,Tankers,115.0,20.0,120.0,93.0
2025-02-23,USHOU,Tankers,108.0,58.0,108.0,88.0
2025-03-02,USHOU,Tankers,89.0,71.0,125.0,100.38
2025-03-09,USHOU,Tankers,89.0,81.0,110.0,98.38
2025-03-16,USHOU,Tankers,113.0,92.0,114.0,105.12
2025-03-23,USHOU,Tankers,94.0,79.0,110.0,97.75
2025-03-30,USHOU,Tankers,94.0,65.0,129.0,99.62
2025-04-06,USHOU,Tankers,108.0,66.0,122.0,97.62
2025-04-13,USHOU,Tankers,110.0,74.0,131.0,99.88
2025-04-20,USHOU,Tankers,101.0,84.0,120.0,99.0
2025-04-27,USHOU,Tankers,95.0,86.0,114.0,96.62
2025-05-04,USHOU,Tankers,104.0,86.0,113.0,97.5
2025-05-11,USHOU,Tankers,91.0,79.0,124.0,97.88
2025-05-18,USHOU,Tankers,108.0,67.0,125.0,98.25
2025-05-25,USHOU,Tankers,101.0,77.0,114.0,99.38
2025-06-01,USHOU,Tankers,99.0,85.0,114.0,100.88
2025-06-08,USHOU,Tankers,86.0,85.0,119.0,99.88
2025-06-15,USHOU,Tankers,93.0,84.0,126.0,98.75
2025-06-22,USHOU,Tankers,99.0,82.0,104.0,91.38
2025-06-29,USHOU,Tankers,101.0,85.0,110.0,96.88
2025-07-06,USHOU,Tankers,94.0,78.0,104.0,93.62
2025-07-13,USHOU,Tankers,96.0,76.0,100.0,89.88
2025-07-20,USHOU,Tankers,91.0,90.0,102.0,96.5
2025-07-27,USHOU,Tankers,99.0,70.0,126.0,100.75
2025-08-03,USHOU,Tankers,84.0,77.0,107.0,93.38
2025-08-10,USHOU,Tankers,93.0,84.0,120.0,98.38
2025-08-17,USHOU,Tankers,97.0,88.0,117.0,101.12
2025-08-24,USHOU,Tankers,98.0,87.0,110.0,99.25
2025-08-31,USHOU,Tankers,104.0,70.0,113.0,93.38
2025-09-07,USHOU,Tankers,95.0,87.0,111.0,95.14
2025-09-14,USHOU,Tankers,99.0,85.0,103.0,93.57
2025-09-21,USHOU,Tankers,98.0,86.0,109.0,97.29
2025-09-28,USHOU,Tankers,103.0,87.0,110.0,99.57
2025-10-05,USHOU,Tankers,103.0,95.0,110.0,100.57
2025-10-12,USHOU,Tankers,106.0,94.0,114.0,101.0
2025-10-19,USHOU,Tankers,94.0,91.0,108.0,99.0
2025-10-26,USHOU,Tankers,86.0,86.0,107.0,94.29
2025-11-02,USHOU,Tankers,95.0,76.0,102.0,93.43
2025-11-09,USHOU,Tankers,105.0,88.0,108.0,99.14
2025-11-16,USHOU,Tankers,96.0,77.0,110.0,93.29
2025-11-23,USHOU,Tankers,101.0,89.0,111.0,98.86
2025-11-30,USHOU,Tankers,90.0,79.0,109.0,93.0
2025-12-07,USHOU,Tankers,85.0,82.0,100.0,92.0
2025-12-14,USHOU,Tankers,108.0,83.0,116.0,99.71
2025-12-21,USHOU,Tankers,97.0,80.0,98.0,91.43
2025-12-28,USHOU,Tankers,79.0,72.0,103.0,90.0
2026-01-04,USHOU,Tankers,100.0,78.0,117.0,95.88
2026-01-11,USHOU,Tankers,103.0,79.0,117.0,99.0
2026-01-18,USHOU,Tankers,94.0,43.0,106.0,88.0
2026-01-25,USHOU,Tankers,84.0,78.0,115.0,92.25
2026-02-01,USHOU,Tankers,115.0,80.0,133.0,103.0
2026-02-08,USHOU,Tankers,91.0,76.0,106.0,88.0
2026-02-15,USHOU,Tankers,94.0,20.0,120.0,93.0
2026-02-22,USHOU,Tankers,85.0,58.0,108.0,88.0
2026-03-01,USHOU,Tankers,121.0,71.0,125.0,100.38
2026-03-08,USHOU,Tankers,105.0,81.0,110.0,98.38
2026-03-15,USHOU,Tankers,103.0,92.0,114.0,105.12
2026-03-22,USHOU,Tankers,106.0,79.0,110.0,97.75
2026-03-29,USHOU,Tankers,129.0,65.0,129.0,99.62
2026-04-05,USHOU,Tankers,108.0,66.0,122.0,97.62
2026-04-12,USHOU,Tankers,106.0,74.0,131.0,99.88
2026-04-19,USHOU,Tankers,120.0,84.0,120.0,99.0
2026-04-26,USHOU,Tankers,114.0,86.0,114.0,96.62
2026-05-03,USHOU,Tankers,113.0,86.0,113.0,97.5
2026-05-10,USHOU,Tankers,111.0,79.0,124.0,97.88
2026-05-17,USHOU,Tankers,112.0,67.0,125.0,98.25
2026-05-24,USHOU,Tankers,114.0,77.0,114.0,99.38
2026-05-31,USHOU,Tankers,114.0,85.0,114.0,100.88
2026-06-07,USHOU,Tankers,111.0,85.0,119.0,99.88
2026-06-14,USHOU,Tankers,106.0,84.0,126.0,98.75
2026-06-21,USHOU,Tankers,84.0,82.0,104.0,91.38
2026-06-28,USHOU,Tankers,108.0,85.0,110.0,96.88
2026-07-05,USHOU,Tankers,101.0,78.0,104.0,93.62
2026-07-12,USHOU,Tankers,83.0,76.0,100.0,89.88
2026-07-19,USHOU,Tankers,98.0,90.0,102.0,96.5
2026-07-26,USHOU,Tankers,98.0,70.0,126.0,100.75
2026-08-02,USHOU,Tankers,77.0,77.0,107.0,93.38
2026-08-09,USHOU,Tankers,109.0,84.0,120.0,98.38
2026-08-16,USHOU,Tankers,108.0,88.0,117.0,101.12
2026-08-23,USHOU,Tankers,110.0,87.0,110.0,99.25
2026-08-30,USHOU,Tankers,70.0,70.0,113.0,93.38
